v -2.9633451324221531 -0.20739453269295272 -0.10098693658954816
v -2.9844936208204262 -0.17102457051253561 -0.022689013799959801
v -2.9703523833777052 -0.21703013102256438 0.073590217679073658
v -2.9888892495997581 -0.13192560578549012 0.043629628391100558
v -2.9802845741554438 -0.024548102783107123 -0.099542440806208832
v -2.9906676273246631 -0.057001901691487958 0.063308050778869029
v -2.9853079311876218 0.069598896181405037 -0.078024455946526711
v -2.9851897917975325 0.032695553329059643 0.083191715332579769
v -2.9849817746595542 0.15897406316586554 -0.054903124714624399
v -2.9811726938027681 0.19316408396359139 0.039491513783880494
v -2.9750417841846395 0.23297988239259335 -0.038482692679013317
v -2.8879966702130102 -0.45549432798500056 -0.14325729744685961
v -2.8839106784989021 -0.38916875790760314 -0.1872506053501555
v -2.8815087714308474 -0.52644064832893034 -0.075479848648362324
v -2.9202474442043034 -0.44210246866641623 -0.052967214486721252
v -2.8624585920214631 -0.56047321967770025 0.091279264665833193
v -2.9292067879689094 -0.41569563607324517 0.040767678809704846
v -2.890818872708949 -0.47272602516078382 0.11262391237910752
v -2.9065394623344791 -0.31772532436018075 -0.18203858340854057
v -2.9449064722565774 -0.2934278917208788 -0.1071580578102008
v -2.9482553083211824 -0.35431707049369954 -0.034528144560428721
v -2.9534480392870712 -0.32242669218105691 0.057886130366810389
v -2.9148663589659782 -0.3814939950617568 0.13091474052598348
v -2.8201223476271373 -0.38522507783356219 0.27666397606729193
v -2.8808814803935143 -0.26044640952233034 -0.2448560362665114
v -2.9287783367987754 -0.23571599054814077 -0.1748616280928838
v -2.9331528116225516 -0.29035126450346699 0.14733843471067726
v -2.8979744873600288 -0.26530934899663672 0.21549370051759514
v -2.9024778687741422 -0.17112690947447887 -0.23338187462320822
v -2.9459136994691031 -0.15999622913043476 -0.16618459525622709
v -2.9673916026413121 -0.127980140947696 0.12177175355857847
v -2.8820488051311757 -0.19930332145391641 0.25700925954383641
v -2.8605362910476044 -0.10608261574762143 -0.2911900480951205
v -2.9734352373575978 -0.11885960999771984 -0.10457795221026316
v -2.9628033388479698 -0.037245991262951417 0.15372004162035829
v -2.8366427423955489 -0.014051017087868954 0.32060000676376299
v -2.9123882606092097 0.033229360560482424 -0.23494433433836096
v -2.9554500538658099 0.043785122266147211 -0.1655670007582824
v -2.9465554221204258 0.07075086923871364 0.17736651345080451
v -2.8806829002298278 0.068923729469103967 0.27332365607965614
v -2.8741309345028396 0.17742161227451117 -0.26898811121954075
v -2.9613058103133301 0.13515553927596638 -0.13958767925556473
v -2.9548598804480672 0.17782637098251752 0.14311238491682088
v -2.8447002242078061 0.1475295091461665 0.30415872814577344
v -2.8811267807646597 0.27215572293540446 -0.24006983758309625
v -2.9583146718951507 0.2198341399758505 -0.11097639464621878
v -2.9138994676928069 0.2511310451161452 0.1949793757882764
v -2.8613645924528526 0.23097504405254765 0.2733017087898551
v -2.8845435827665691 0.36418812822442437 -0.19872124109383699
v -2.9237016259147985 0.37220411300682538 -0.11173542907915938
v -2.9430758432420108 0.37100645797103016 -0.021879659962179804
v -2.9398242806182107 0.3610908037552546 0.070897962064182182
v -2.9128383104604447 0.34313433522039877 0.16236206013301452
v -2.867290827233735 0.31926770336901183 0.24405537830064228
v -2.8875317050766607 0.45355043831368397 -0.14693662647296746
v -2.9166524204797288 0.45045244724485889 -0.056201201243017189
v -2.9204221652603404 0.44400164257863367 0.034269727083856477
v -2.8416212782049466 0.51118881141346018 0.18522827054104773
v -2.860051365239856 0.40965344407410043 0.21440734954270269
v -2.8782355616284314 0.53266642594226521 -0.078183267421761793
v -2.8818159309911477 0.519396002212412 0.083295919933043597
v -2.7847199079330993 -0.69754699692609468 -0.11727694753359826
v -2.7903841734283361 -0.61909092771106145 -0.18954968932144739
v -2.8186750028971743 -0.67533775338722613 -0.020004370446196396
v -2.7882029760996097 -0.72433002496116428 0.059570436398637551
v -2.8288608978283167 -0.64345884991178848 0.071326979026712867
v -2.7870684259624428 -0.68239634947160943 0.13648408004321236
v -2.7852337237143048 -0.54025207200344338 -0.25402688839136267
v -2.8420416389734244 -0.53567565286020535 -0.16927010010808888
v -2.8401047542922448 -0.52560877101124848 0.1785748329899654
v -2.7809914665115625 -0.5796078970827292 0.23377283971878887
v -2.7511387398787113 -0.46425884548456142 -0.32006186275562076
v -2.8340403094861273 -0.44570332628746628 -0.23684405071959735
v -2.7978348258958405 -0.48618480891407734 0.26348710500885736
v -2.7932889217590255 -0.37542741434515198 -0.30775712035258174
v -2.8578528552181277 -0.34744912601493511 -0.24816863461047703
v -2.7519543995455868 -0.31618133062954873 -0.36311032991623199
v -2.7987832386775851 -0.20603066652620089 0.34235828673711644
v -2.7732381219213411 -0.22857591425251539 -0.36207672006306368
v -2.7826439688220028 -0.093649435896372146 0.36813636548246098
v -2.7423987110258485 -0.008356680387323373 -0.40115200488998504
v -2.8076353886318079 -0.051908760856159281 -0.35056473110060538
v -2.7605873303950159 0.0027343265148672413 0.38751054036310945
v -2.8096158042729731 0.04198995363309245 -0.34862794259458241
v -2.8126089436812247 0.073520008667789433 0.34360603299098214
v -2.8104663768481202 0.14373163832512759 -0.33997698501312723
v -2.7912283153370394 0.1419076788333142 0.35844351134276281
v -2.7603121476081678 0.32651015520210286 -0.35490536426194219
v -2.7486035787537504 0.2692539715668904 0.37442232533435743
v -2.828576492752652 0.3473530247061013 -0.2800055380956965
v -2.8128796745120823 0.37816154909785271 0.28652940591332632
v -2.7592383407754388 0.35418786504983413 0.34946203791539465
v -2.771992028854847 0.42338236928243117 -0.31364351509178773
v -2.8350034228444034 0.44549931016428529 -0.23544788244609213
v -2.802013435276391 0.46357766716198301 0.26857337471462256
v -2.7635217138600652 0.42396322278858539 0.32192021225118456
v -2.7680854108485824 0.5344066468468891 -0.27388694121811302
v -2.8373638972150821 0.53980204464524573 -0.17396759242208201
v -2.7974887081896682 0.58920284897722575 0.20091424985419665
v -2.7782452663115169 0.54690761509183061 0.25850103459631435
v -2.7824871425906319 0.6328430735318793 -0.19151985014781805
v -2.806627291449455 0.69675590707206059 -0.01599807075310954
v -2.8028350551755614 0.68278406694062521 0.086753839142732561
v -2.7768584783521328 0.66105341716341093 0.17850575008569033
v -2.7812650682308662 0.70701051905953527 -0.11146417398480221
v -2.7602578299814216 0.77551533134661044 -0.045971203704471303
v -2.6681122784066802 -0.888628256115502 -0.092243545380081421
v -2.6392559849872042 -0.86134591194017351 -0.19425329836188227
v -2.7198112925831968 -0.83618513744394773 -0.036617752330953643
v -2.6743244905323342 -0.89920252468875028 0.015370279300715852
v -2.730632106540785 -0.81248680898272085 0.065439265554739862
v -2.6519330933842915 -0.89028895985731005 0.135246829803469
v -2.6652656998712323 -0.77153549184861336 -0.24683913695691284
v -2.7691859272248394 -0.76212318548148383 -0.031945961938996077
v -2.7527846813323178 -0.74651145100878935 0.12816618048626285
v -2.700393291862317 -0.79137759540363939 0.17494464413172867
v -2.672248477099223 -0.68063348422832304 -0.29619983526509069
v -2.675395020593522 -0.59650453389096159 -0.33723995789263161
v -2.7335939819450528 -0.61546379802587714 -0.2696122035912043
v -2.6724852433895587 -0.73644262539418248 0.26341650574986769
v -2.7237003838616252 -0.6487789722879328 0.2628482145436043
v -2.6432338126530071 -0.65710522158355966 0.33786470238570676
v -2.6815436644589821 -0.51459657100710476 -0.36489600278955603
v -2.6501665909460024 -0.46691169020058693 0.40259141412572563
v -2.6851691240576394 -0.43373778198291069 -0.38614480012546465
v -2.7422039630883948 -0.4305243741374693 0.34105091257322695
v -2.6832293722552021 -0.35309516147671766 -0.40773275710017609
v -2.7352767568712277 -0.38930563439098953 -0.35967211241325353
v -2.7700124198148646 -0.32325442510557811 0.34647569482157264
v -2.6827447985571431 -0.36266704302675368 0.40573072898987617
v -2.6949582187632664 -0.26180902570354853 -0.41605227267659711
v -2.7077841201310378 -0.25983756884672515 0.406802494811423
v -2.7214210033294988 -0.16514634786249921 -0.40886825480569761
v -2.6585655097110141 -0.1298872885817498 0.45775701110488537
v -2.6736024257265534 -0.079864469980643379 -0.45082633150720036
v -2.7045566833011061 -0.06986585342908902 0.42832347550078936
v -2.6711037248927707 0.032646998971674029 -0.45446591249326823
v -2.6738249452868414 0.028911853226513049 0.45250058665310583
v -2.6623565333589436 0.13677244686440823 -0.45522238397194886
v -2.6718859077553962 0.13836255078859461 0.44840990888031718
v -2.6815263137099583 0.3164731746724645 -0.41587667353490637
v -2.6749848595015475 0.2387119275857483 0.43445014250941805
v -2.7057907447592675 0.40389856508777178 -0.37813838882302858
v -2.7066560256661329 0.41976728803119778 0.37352224740702283
v -2.6899712230045689 0.33389211745811059 0.40627693979163959
v -2.7210030022436058 0.47995691686167813 -0.34365673731692759
v -2.7295887375302539 0.50137942953698211 0.32614495508223629
v -2.6324808838895275 0.40684504037825608 0.43115397696165259
v -2.6881483833899606 0.55538441747484668 -0.3450832309150858
v -2.6680065573960108 0.57585662579048402 0.35439288465030461
v -2.6180614471294468 0.70529990735309578 -0.33399119137616518
v -2.7320981075517334 0.7241892270174487 -0.19040247266400628
v -2.7484331999305209 0.62376094466613607 0.24967399216578381
v -2.6832659675316282 0.64640047348598673 0.30447188027457411
v -2.6659169910573839 0.76120226277161607 -0.25499615890732225
v -2.6931799371896887 0.80816646737612985 -0.16897580416818045
v -2.763573027446435 0.77051305190558794 0.050564016992054622
v -2.7098873874076532 0.70718559335910314 0.23859673233117873
v -2.7424604895242553 0.7509804692531914 0.15131797398274585
v -2.6562920780657748 0.88602437227025455 -0.13224952946117013
v -2.6154058690429283 0.95739171450379812 -0.089788724390587715
v -2.7096541800567411 0.83437598970400539 -0.084594683564301262
v -2.715109884976548 0.84323724885392115 0.0061201978208739113
v -2.6990625032312172 0.83926869719608654 0.10658429905671157
v -2.6700879763540488 0.90464199968309189 -0.044195389855428764
v -2.6608506448919642 0.91650227711589172 0.047518408247224669
v -2.5518130409548747 -1.0256509074987572 -0.10074391378586242
v -2.6020209612269509 -0.94856675919731237 -0.14831238529856033
v -2.6195125052707584 -0.96858016225951404 -0.044686988265290023
v -2.557489188018204 -1.0394396227407157 0.003697807100995161
v -2.6133851996032824 -0.97141535102239629 0.061118183859442433
v -2.5454126073718077 -1.0311962355700581 0.10465957578279562
v -2.5880145529910927 -0.9672172330089529 0.14490645799493207
v -2.5263130890864001 -1.0005026136132791 0.19298149982468046
v -2.5646112202361988 -0.91570128356227043 -0.24030447906506519
v -2.5893731867232632 -0.82933296828629632 -0.28328453718224494
v -2.5754626834986412 -0.92216677987245765 0.21795931896271215
v -2.6250221068472861 -0.83290125838484586 0.24360300478860311
v -2.5392991372180109 -0.87016189779127018 0.30196972345244094
v -2.6032274441336289 -0.74114319410765506 -0.32736720291345967
v -2.6105513810150995 -0.65229150972280814 -0.36722520833967459
v -2.5756368188803815 -0.76394416882346228 0.34010021115886485
v -2.5481963201128175 -0.66460616221033875 0.4063733022711295
v -2.6154803125306083 -0.56386429410309113 -0.39682563032475682
v -2.6048202235805431 -0.56966630598308943 0.40234882900035984
v -2.5528806340713266 -0.52435545970393782 -0.45426684551857638
v -2.5545423700120473 -0.49075882818728106 0.4617985385693823
v -2.5941601146569861 -0.3151261347419369 -0.47439648155591879
v -2.6308847737374625 -0.4023894962382758 -0.43342060921758341
v -2.6232079970435023 -0.29701469294283761 0.46032997689135219
v -2.5343886184391846 -0.32422887095668862 0.50664640322024923
v -2.6456467684400558 -0.2048348727814005 0.45880780745481065
v -2.5789495185575952 -0.116527536890255 -0.50442534913365777
v -2.5925894850905662 -0.14522304056389282 0.49510970439759261
v -2.5970075518454627 -0.020421707053644086 -0.49729294310881689
v -2.5821916177892636 0.011348092074107474 0.50585326056350954
v -2.5392635456331929 0.022485937360696061 -0.52984516825091976
v -2.579342613189354 0.16650058028524195 -0.50095030418260988
v -2.5755191554667345 0.19433805683012648 0.5003703672058385
v -2.5561629821543099 0.26396930501584942 -0.50358846938074997
v -2.6395416305461521 0.23671738997856961 -0.45914696874046046
v -2.6100711096869769 0.31245236588819353 0.46560452753331899
v -2.5416121791998312 0.37665838109170224 -0.49361273601070954
v -2.6116582647581423 0.31836565013665064 -0.4638005119660436
v -2.5513939630818321 0.39397874858940257 0.48471433813227999
v -2.5817334271373134 0.47691947647024657 -0.44888793255606574
v -2.5747216540392484 0.48276606263657335 0.45209615712440415
v -2.6142021317385722 0.55731319698444526 -0.40020542231627476
v -2.5902682930952583 0.56903394854816758 0.41309569061116125
v -2.5721798455447402 0.641889440379531 -0.39873937856608427
v -2.6421236779237827 0.62347442845583356 -0.35522939938074122
v -2.6088541191484729 0.65320054229412783 0.36811012136243787
v -2.5169824075174829 0.64839124368961831 0.43463275651039696
v -2.6306958357873391 0.73160266810237662 0.30648146593518821
v -2.5825872969166164 0.8045349726635832 -0.30635109481860229
v -2.6269455399442672 0.85249829787373155 -0.22122767304852231
v -2.5658610271278355 0.90883309928481781 0.24629534347214832
v -2.5638510566150257 0.82017097407464534 0.3135284171630352
v -2.5490419784146168 0.90143867776066167 -0.26949098921928066
v -2.5897450678824021 0.93692119641783456 -0.18074687247589455
v -2.6246458305832188 0.96264831967622677 -0.01120812082995384
v -2.4865756959604468 0.98474395030318629 0.26275551934064589
v -2.5456413948017866 0.99220252574350365 0.17651174061275185
v -2.5502524911285609 1.0141743765983446 -0.13377010166554346
v -2.5730105009104403 1.0221937195271202 -0.039458266150948634
v -2.5860063722103916 1.0007646500569101 0.066839326519286937
v -2.4829697804222657 -1.0775403245823298 -0.15476661792763127
v -2.4075591692740623 -1.1171864379187286 -0.2012574883807314
v -2.4962914876139286 -1.1015428768391338 -0.055006323434836468
v -2.4845236840670561 -1.1126362937325491 0.057187770163701475
v -2.4769961961882303 -1.0785157058431172 0.16172211346354193
v -2.4545314329128347 -1.0362243715942441 0.24690293359872403
v -2.4529747925067125 -1.0412507327029166 -0.24269550275437957
v -2.4894844338188697 -0.95980161848766732 -0.28084752005874236
v -2.4995776855766367 -0.95710451537276175 0.27354188215648334
v -2.422385503609807 -0.98774393288477291 0.31775156487926187
v -2.4467066746551258 -0.91603555724976682 -0.35225969233930088
v -2.4720682679100348 -0.84467736886266742 -0.374940579161752
v -2.4585681450968346 -0.9103442833753409 0.34598461846360118
v -2.4846038865228519 -0.82619798228135144 0.37554940416121585
v -2.454342124392046 -0.76913520912777777 -0.42452908804118927
v -2.5316403429784562 -0.79701444664268084 -0.3574769661086038
v -2.4851926871798939 -0.74361682659621431 0.4155586594723949
v -2.4697089773518961 -0.66874611525873473 -0.45805086186188854
v -2.4597823766454852 -0.66809104197677627 0.46357432455399311
v -2.4755869232920675 -0.57481432045159364 -0.48368586432515792
v -2.5445744862403434 -0.6158843176163703 -0.42766168800810073
v -2.5089870224780091 -0.58451918715217233 0.46221879365612778
v -2.4584653065506026 -0.51150196536842185 0.50962707468163604
v -2.48323289557205 -0.47963241420243097 -0.50419651675448229
v -2.4929252387331329 -0.38156647100201518 -0.51967941828792386
v -2.4989812350783884 -0.41854448887923035 0.50891937229844986
v -2.4740881171461577 -0.21331381580162281 -0.5548087157623135
v -2.4788267157962571 -0.25537472930948146 0.54784224815784577
v -2.4974012980738314 -0.14186403452116866 -0.54853402324975886
v -2.5115151920649255 -0.16331080877066592 0.53903084945723401
v -2.4609374788187632 0.016976134435632048 -0.57013656010598923
v -2.4996948505116756 0.0016581647722303736 0.55182777665176275
v -2.4650936847374378 0.071444026082622666 0.567416900159735
v -2.4965251785842253 0.18931520576701336 -0.54475819502465506
v -2.481741916239403 0.15139977404859264 0.55655666996598463
v -2.4143596112929369 0.20936064259479076 0.58180862276318779
v -2.4441453506662723 0.4018851530692788 -0.54203557248758916
v -2.4678726393408592 0.38377254614463019 0.53300353991273919
v -2.4933902168986859 0.48168665195805127 -0.49804000102300183
v -2.4933591434143043 0.46967789489159795 0.50105945333649371
v -2.4463816650296693 0.57475785405192548 -0.49929759639710614
v -2.5355461444613794 0.56550828613816295 -0.45282238160337585
v -2.5131552924389249 0.55356201990132359 0.46909056151482853
v -2.4370105545287744 0.53874808950525677 0.51425807805906898
v -2.4911044384919347 0.65355549827689352 -0.45066697286346635
v -2.4567815604953318 0.60443248090050594 0.48484859742751174
v -2.4486500768341779 0.72351232774300678 -0.44900626274093997
v -2.5464002443726317 0.73613578684504466 0.3763263663130193
v -2.462652595709697 0.73756970862905014 0.43352114601961667
v -2.3915413795364979 0.9042159593543585 -0.39600399486689969
v -2.4944983438763724 0.85431486061878492 -0.35461981405255433
v -2.48009403334353 0.81469226941937878 0.38443410307784243
v -2.4609837846853559 0.95249135838805943 -0.31222707701426544
v -2.4861380599829173 0.90064871156648274 0.32832783278315492
v -2.4283642782196146 1.0437876233617691 -0.26573402316193551
v -2.4735914703145663 1.0709531954050719 -0.17678512878300395
v -2.5036938737952856 1.0839455822660391 -0.082836699673743408
v -2.5169826845149954 1.0822795044690896 0.015611686108473015
v -2.504440240373869 1.0707631520471141 0.11701514227972207
v -2.4765808200019817 1.0500302337134146 0.20014457065009206
v -2.4280346242411048 1.1434510322127964 -0.12417097769217765
v -2.4522151483095573 1.1467908611841617 -0.031517462926172669
v -2.4513680694855005 1.143121323951338 0.062855154759466403
v -2.4183744877290692 1.1295102836963065 0.16989177582988615
v -2.3572652181286893 -1.1917029543906859 -0.16117991090610048
v -2.4276274798619566 -1.1486849557724361 -0.11086340624756386
v -2.3692125543398825 -1.2158517952722987 -0.067866066223606816
v -2.4314316109602574 -1.1665005583084282 -0.016252391083157819
v -2.3708862200670744 -1.2202130852627282 0.02090171832277175
v -2.416704464483574 -1.1763636375185058 0.060188203479306555
v -2.3599115966870872 -1.2123662090744982 0.10209193881859627
v -2.4174357899925822 -1.150389743581266 0.13335307942494704
v -2.4001788925501106 -1.1113434606864856 0.21913195104033403
v -2.3763583075717514 -1.0778711623409329 -0.28211984499949416
v -2.3753514347319271 -1.0619731265782417 0.29758804252847154
v -2.2874646327617913 -1.0743984704466425 0.35922718265699077
v -2.3358222305915706 -1.0325160625670025 -0.35537058124999882
v -2.3692111414588575 -0.94596581016134818 -0.38728080049865848
v -2.413133699897867 -0.99685553010078121 -0.31838239272097929
v -2.3806870786861798 -0.94420751741954301 0.38074494402211223
v -2.404467053949495 -0.85968582187039921 -0.41243508092629572
v -2.4075541798726317 -0.86594576872578288 0.40685577687138447
v -2.357746711316981 -0.79125498488206558 -0.47284665662657543
v -2.3980258559806487 -0.71146282197844379 -0.48133101257465571
v -2.429086750252444 -0.79813581084243457 0.42686570327692885
v -2.4054968407373938 -0.73969865317048722 0.46746394645384293
v -2.3837839051299392 -0.67492833806758312 0.50171378906383512
v -2.3177586266073744 -0.58401400653615787 -0.56248903619143908
v -2.3636554445184248 -0.53692544954963806 0.55361242051529469
v -2.4095001433424139 -0.43551958538184687 -0.55378612993113352
v -2.4049094710371204 -0.44367930275995532 0.55460254501833472
v -2.337607680298285 -0.30063662215610115 -0.60564055166572961
v -2.4438689281475887 -0.34940948774118208 0.55247183760679797
v -2.347784573653104 -0.37265042246715097 0.59150776269615613
v -2.4136974929551434 -0.25448614301255768 -0.57826073544153345
v -2.3865397907290555 -0.27736204303269912 0.58747133781727701
v -2.3563986715081073 -0.12198155749570032 -0.61329897737446182
v -2.3655389526526802 -0.1051749383466051 0.61010617046261506
v -2.3732331505666271 -0.028380154415126337 -0.60910692408525813
v -2.3037071949586623 -0.030130509263300444 0.63871983110346531
v -2.388123019705251 0.05248066286573274 -0.60241622475252177
v -2.3221763319197213 0.069368883821504038 0.6300673537874214
v -2.3593060409214965 0.12445418185965945 -0.61195762734989034
v -2.4015191273398311 0.11398431589713398 0.59389974692751124
v -2.382121704257349 0.26841447996890544 -0.59055337718767631
v -2.3526336520129072 0.28228091435906877 0.60153506422487135
v -2.3818514105888826 0.34379228984928717 -0.58125128147194693
v -2.3825557466993095 0.3730168934419073 0.57647343692212893
v -2.3719418358135456 0.4196090942598385 -0.57339211314385352
v -2.4116702369170713 0.45869302021611669 0.54778668144092901
v -2.3401215461522771 0.58745875325596031 -0.55141237164639134
v -2.3566559784360357 0.53191890775931994 0.55796055996711635
v -2.3223928993537761 0.69872864046336991 -0.52498456465296117
v -2.3876807678081149 0.60587572467693118 0.52126938039443316
v -2.3809022421022905 0.74951035826539791 -0.47714696894267933
v -2.3825696557000726 0.74481967684309081 0.47789942018833625
v -2.3507148108302447 0.82904085640126235 -0.46132639048989521
v -2.3432784785308916 0.81846911563477043 0.46935587886060576
v -2.3952533266798239 0.88325360430299993 0.40532068815440486
v -2.3706840775726494 1.0063854205097944 -0.34806072995941284
v -2.4075952087521038 0.97830174347826782 0.33876698481375245
v -2.336838366613748 1.0941712764902185 -0.30094028020962893
v -2.4125988370582441 1.060290888090605 0.26599502803134645
v -2.3225031681044275 1.0591393504008573 0.34514211867127126
v -2.3448924763600756 1.202006851916902 -0.16153367909889418
v -2.4027102313674038 1.192030673502076 0.011785506724095347
v -2.3771966887331617 1.2020232608398747 0.088563402182966044
v -2.3280039348633044 1.2056284268394655 0.17768111973870063
v -2.3803157429631496 1.2065615759231241 -0.066630978986583766
v -2.3389336139315846 1.2474319719707376 0.0073281050096695791
v -2.2901383213180724 -1.266426749225944 -0.1172696782129307
v -2.2048114781058321 -1.3279740379528464 -0.12775227865717528
v -2.3109192906673872 -1.2706291203143778 -0.015166632476878644
v -2.2588257387323569 -1.3105859240490276 0.05222878953530273
v -2.3195491085812594 -1.2602724663270912 0.061521747775708902
v -2.279819749720184 -1.2665134645245297 0.14335753646490923
v -2.2873476703313589 -1.2195224803464657 -0.20878971082457509
v -2.2734533641716279 -1.1799228034402096 -0.27480379206342065
v -2.3367984604705194 -1.1535348779816992 -0.24357383318404507
v -2.2292356958368824 -1.1643483587603973 0.32643434025466816
v -2.3181795979259312 -1.1394588890371538 0.27532114203493019
v -2.2993995773725873 -1.1141029655396248 -0.31456186719384666
v -2.2530990462760587 -1.0685682402832604 -0.38464602874766712
v -2.3022190341757574 -0.98411868439101935 0.40708765143120212
v -2.2181589247317897 -1.0303203933537501 0.43040086580771131
v -2.2874394560725517 -0.9788851983497896 -0.41980108843957437
v -2.237439873489631 -0.94161567013711434 0.46925688907569085
v -2.2512904054937919 -0.81789240923787354 -0.51612631281091592
v -2.3196267310068137 -0.88778221127128165 -0.45168800377423768
v -2.3269791627858623 -0.9001581939015858 0.4400291265747438
v -2.3589610447714122 -0.81512778238158956 0.4626768783056121
v -2.2661899455453067 -0.84436618109264194 0.49825258448826781
v -2.3079092924684481 -0.69872346827501586 -0.53238910732694178
v -2.3091979922451245 -0.73720769012434817 0.51826096090492968
v -2.3276773921465277 -0.63146366069905102 0.54457124479418073
v -2.2393642675394108 -0.53197647100422707 -0.60728831476210354
v -2.2470769609858663 -0.43681277325721962 -0.62323301496457173
v -2.305188570293812 -0.46745660632487041 0.59331150956727752
v -2.2597019738853472 -0.34552976435445182 -0.63296975979196624
v -2.249881919902109 -0.39239559008340735 0.62949311778692307
v -2.2649235864150699 -0.25794243997649713 -0.64179085171599015
v -2.2374126313601783 -0.22319876445137377 0.65612004102776755
v -2.2722415829242566 -0.16476984594859809 -0.64679954471022605
v -2.2726850306193276 -0.12768038836043089 0.64871655383535698
v -2.2894077240127997 -0.068304661328276006 -0.64406869605536488
v -2.2413200196698964 0.037160460815826774 0.66354697725813139
v -2.3031983571164059 0.036002077778402336 -0.63893655833257457
v -2.2244415693929018 0.1856256834836916 0.6633970690829365
v -2.2502460316648438 0.22952427842003614 -0.65036449251736705
v -2.2624015230911096 0.27066733419849148 0.64122774721837283
v -2.2316910517693271 0.32757047487329044 -0.64662652813548993
v -2.2943696518462278 0.3610416825587503 0.61619335270974418
v -2.2276571334790862 0.43189409258871564 -0.63196457665282535
v -2.3252599903286657 0.44836820000458666 0.58848193711514063
v -2.2357795247298284 0.54001634499209406 -0.60707379178890564
v -2.2681129885263065 0.52418961373588213 0.59719813480945849
v -2.2314279477525027 0.65660476718195837 -0.58034538843370387
v -2.3040148847671946 0.60550213433657141 0.5629708202103012
v -2.251600369772762 0.75575936168500879 -0.54073717394558352
v -2.3000801720544324 0.75385383634767988 0.51709502893533954
v -2.2715864363559692 0.83222519550093221 -0.50047069432862801
v -2.3157347912194797 0.77327426940942945 -0.50151170197657513
v -2.2992181330124413 0.89268660192505944 0.4604835793314046
v -2.2608389483598499 0.8265337968696298 0.50800158124591832
v -2.2998190361765825 0.90428347117981545 -0.45495785988287024
v -2.2421130268721896 0.97696940040961966 -0.44910661842310429
v -2.2462914803248855 0.95960042619162222 0.45683607329081044
v -2.2706862634234586 1.0528870934225503 -0.3841966379531358
v -2.2636963533375942 1.0185381235724484 0.40993635582858884
v -2.2485476787461476 1.1436200916694661 -0.32992724507212168
v -2.339935887576531 1.1377330220510196 0.25837005114393147
v -2.257926402624582 1.1461013840885743 0.32001080386106656
v -2.2757257677248699 1.2012426867960027 0.25105961003633886
v -2.3025554563383914 1.1770936727300061 -0.25284225166860302
v -2.2554871582577198 1.2501704937322113 -0.20257056092507575
v -2.28779966511618 1.2756299833711395 -0.093335733090326362
v -2.2611375859445597 1.3093774800354825 0.0090762796899700876
v -2.2979493820461734 1.266773322087309 0.096181716775015066
v -2.1606706062780474 -1.3817096262794861 -0.055265813687275706
v -2.1839559933777006 -1.3671577189108124 0.034088206288848621
v -2.1234022700300836 -1.3932494625535212 0.10183583797340091
v -2.1608061077269198 -1.3131328034081133 -0.2169288925739003
v -2.1453313940593612 -1.2523509579878511 -0.30582095811786847
v -2.2221916683567193 -1.2381290075909399 -0.25839326937092483
v -2.1959536329625764 -1.3362582461004213 0.12248111252773712
v -2.1902588989384673 -1.2945705125026592 0.21170092959171857
v -2.2581265433507203 -1.2203189264026766 0.24412199680571051
v -2.1670312114679402 -1.2433197721901748 0.297974508153317
v -2.118101895838636 -1.1879440189920403 -0.38193863518118759
v -2.1416230750214336 -1.1853240247781975 0.37018294298493759
v -2.1901787605358942 -1.1102193229753601 0.39446219512694924
v -2.1665639549461808 -1.1006813702608986 -0.41530766279043874
v -2.1480302554317583 -1.0710096429052169 0.44651830006421606
v -2.1558582058578968 -0.95530867460596314 -0.50262698644335091
v -2.1355189149296683 -0.99621117605657639 0.49188176906738396
v -2.1814515291582968 -0.8821309127288488 -0.52339710936028505
v -2.165345434835158 -0.88854199183407867 0.52824462016797702
v -2.1963807078725135 -0.72637085529359013 -0.57427545120410306
v -2.1941928194591473 -0.78175229469658081 0.55800653761104957
v -2.2253580142356624 -0.67103626133881056 0.57860913851518647
v -2.1346683761365646 -0.65190864203942822 -0.62025552673520135
v -2.1527358098467206 -0.59341562070562048 0.62785255784803706
v -2.1677527105220045 -0.57426735915324056 -0.62679971741796614
v -2.1490169389399023 -0.4856151132567581 -0.65333472718934327
v -2.2012045399363509 -0.48799687453656343 0.63199728638300234
v -2.1993813883053566 -0.30345648856759294 -0.66191278463774894
v -2.1980551547084084 -0.31534634776831205 0.66110200034454258
v -2.1748484294359587 -0.21790738101176788 -0.67840947289526032
v -2.1803966018373648 -0.14684632724443811 0.68138106169705326
v -2.2000518329201277 -0.10682022842202157 -0.67594683373720654
v -2.2135183882733616 -0.053283587357609373 0.67315625000107604
v -2.2057580539366946 0.058780846610842229 -0.67566987733578865
v -2.1562026964262064 0.02042621329105658 0.6930242254497222
v -2.1875915424536494 0.1058874870543294 0.68033135847275938
v -2.18115300100999 0.15453690789170887 -0.68073433883830148
v -2.1387000250757491 0.18112956635731692 0.69313563027983538
v -2.1544615663401192 0.25358597570334551 -0.68266844241063507
v -2.2054423790394888 0.3502035865403062 0.65449129288186192
v -2.1414256188041234 0.49163924254052055 -0.65503188030802906
v -2.1446395942687979 0.42574620239279026 0.66491773563944101
v -2.1486309513808557 0.59341033335768512 -0.62945021353285735
v -2.176570145008252 0.51397122918758664 0.63662219746807958
v -2.1414665026455495 0.67293421348496085 -0.61167339480424199
v -2.2103620103259609 0.60214550512925946 0.60254425250744514
v -2.1678682886637186 0.74251048935978725 -0.58111295311146305
v -2.2538075332434997 0.68399430313652243 0.56323916487654979
v -2.1912568148086811 0.82490394322566107 -0.54267145466185529
v -2.1311537071062054 0.8975789745084678 -0.54013411757134655
v -2.1294646698096891 0.88555370088317931 0.54633370810776727
v -2.1586143836051028 0.97422108523964779 -0.49209892909397895
v -2.1684310568614311 0.95586101398911749 0.49651110325261527
v -2.182914635507498 1.0453556689308556 -0.44254199532019889
v -2.195949271339261 1.0217622787270317 0.44932225341151111
v -2.1860354457607309 1.1153779249929343 -0.39344768193580004
v -2.1705807441392682 1.1602698967959832 0.37199742376826728
v -2.1696336839087222 1.1877321364619773 -0.35153799864979463
v -2.1476000077247228 1.244710670070911 -0.31169676873952745
v -2.2168973142434574 1.2163724767358 -0.28446371839242651
v -2.2350755564489386 1.2727484240055587 0.1923859086644864
v -2.1435930125818734 1.3006349415388279 0.25572165914000206
v -2.1714592355656546 1.2848590322745705 -0.25044512152071685
v -2.1960115632643533 1.3213017412245007 -0.16123164874264415
v -2.1245013213081818 1.3863304839077051 -0.12348781025152905
v -2.1330069368855651 1.4015122905932054 -0.023404383348038679
v -2.1448090331294134 1.3874413358193209 0.072215167644666928
v -2.1540073395390986 1.3498803456473161 0.16514603265432054
v -2.0510405870436803 -1.4230187073879159 -0.15790869734247875
v -2.0910402908786683 -1.3689170706421347 -0.20701282293252055
v -2.1278904906877383 -1.3790176591612624 -0.14117463497844643
v -2.080447932124498 -1.4307293236480021 -0.070883112589084696
v -2.1065518113839912 -1.4191490409275882 0.01831196404324572
v -2.0714391547756734 -1.4109500180398959 0.15632315710659922
v -2.1240713736434773 -1.3606617572719704 0.18255153230914858
v -2.0466969572968914 -1.3872920371531654 0.22525662552750236
v -2.0621797315078276 -1.2705284893293893 -0.35134259582451277
v -2.0833575734196161 -1.3263649405911533 -0.27469727951507172
v -2.1039909154457574 -1.3193889480247807 0.26620644988608744
v -2.0698517152053899 -1.2616939261140292 0.35474838366737599
v -2.0300824865122991 -1.2060099107681159 -0.418605411117417
v -2.0735407881246455 -1.1906436147573556 0.40590791785702879
v -1.9943165860531118 -1.1417782351969705 -0.479236484584391
v -2.0380059159236117 -1.0611655476877708 -0.50415598277200668
v -2.0798354021478724 -1.1248258063851841 -0.44930001875400521
v -2.1120319975733182 -1.1320892694404801 0.42552504057197943
v -2.0777993739237175 -1.0805489086403643 0.47565154617655198
v -2.0754513196115232 -0.97923903016817415 -0.52839938649338636
v -2.0321064554176287 -1.0245998681017001 0.52508877936623077
v -2.0617506527269565 -0.8330940560182265 -0.59264826033972073
v -2.0882697721111954 -0.8302994945697233 0.58343264954313112
v -2.0037826311503086 -0.76845814306837523 -0.63566320227731843
v -2.0291690588459419 -0.66726398807896536 -0.65622921625007624
v -2.0419462945818654 -0.61891158344562347 0.66296432667193039
v -2.0859478361382946 -0.57526232769439611 -0.6581070783557682
v -2.0818026129394536 -0.4999076735519325 0.67364882095244683
v -2.0818989118129481 -0.40397446935442666 -0.68894154403496666
v -2.0708794912314721 -0.40340241732770726 0.69269640594689474
v -2.1067465335538524 -0.32757336338655491 0.69064623323047558
v -2.0639567598767301 -0.23804606107679974 -0.71387744031334954
v -2.0533803580862267 -0.25450497337673639 0.71598868727437337
v -2.1010439153128422 -0.13845369832000184 -0.70826946268459534
v -2.0881384954637676 -0.16250012537262648 0.71132014783987851
v -2.050086680009183 0.011948390520090696 -0.72806892313320792
v -2.0663389529873291 0.0092929304499956011 0.72290947139411399
v -2.0125218612941689 0.093070000023699792 0.7384740856392924
v -2.0842879551376963 0.17196207473809924 -0.711927807755797
v -2.052505212942155 0.1779278696807246 0.72180700856690239
v -2.0493536008056021 0.26644048935106801 -0.71598821763605203
v -2.0459869950626439 0.32259577869802264 0.7110403432196587
v -2.1176983170372585 0.33839283026829525 0.68583641014153462
v -2.0401377536934029 0.45711101371786811 -0.6946941407982663
v -2.085646343712551 0.50001144427789801 0.67234904687463493
v -2.0625562261294523 0.5544705910835076 -0.67019152660644998
v -2.0041399516745222 0.69832407349150705 -0.65644006436453683
v -2.0420929436611561 0.65784803035552963 0.65418891324711015
v -2.0826813707541514 0.72807027773868582 -0.61845292735467139
v -2.1304213059250601 0.79507455850534847 0.57878203174808618
v -2.0402327107316713 0.89148056758085414 -0.57978508509045501
v -2.0455059594778544 0.92091365395140234 0.56679462261032065
v -2.0734010427117822 0.97343491073710531 -0.53225824209546657
v -2.1015156335346772 0.95604349099791897 0.52765618615113974
v -2.1046874016436981 1.0441284496301753 -0.48231117181403754
v -2.1430125037351089 1.0879912610595555 0.43777045940615394
v -2.0576821277377078 1.0783293745139875 0.48597089498910001
v -2.130240828214117 1.0969714958759134 -0.43904669202382007
v -2.1136516660788889 1.1575090605331042 -0.40710412756755088
v -1.990900614762156 1.1453941393529925 0.47876594676122586
v -2.0799395751714775 1.1593584192006468 0.42549807984627208
v -2.0967917024035563 1.2275443135008459 -0.36466936047004644
v -2.1002137134087491 1.2457119416211333 0.34755150387950695
v -2.0850062089329153 1.2979074800173847 -0.30424392307075487
v -2.0310217073671755 1.3677878724172756 -0.26871232296285785
v -2.1107677855697666 1.3485833120734698 -0.21769985850937457
v -2.0788221391060064 1.4124039374527331 0.13881548131567234
v -2.0692620704866997 1.3187172899722077 0.29389188477340594
v -2.0789637071894558 1.3661505969321204 0.22594349956246026
v -2.0437412537220419 1.4120659743565778 -0.18518635050469623
v -2.0679115458267474 1.444820471144153 0.040051616263344879
v -2.0057907804618216 1.4246055861569533 0.20540922236539563
v -1.9959891862727677 -1.478003776811746 -0.090851618302663695
v -2.0248868854905582 -1.471638299058345 0.0064919828995463336
v -2.0518937950279663 -1.4431053484134098 0.092102981837719922
v -2.0026838949428281 -1.4462404753770794 0.17100026125127843
v -1.9601109372068573 -1.4217583040358768 0.25791827758249936
v -1.9440820257586315 -1.4163575056216051 -0.27549881341827109
v -2.0028613157180741 -1.3441512344625657 -0.31552418918190772
v -2.0122577619057664 -1.3459552499890421 0.30660950851882302
v -1.9752312961921885 -1.2853440197037338 -0.38815785310953416
v -1.9682717760120627 -1.2970658413358671 0.38246068442002606
v -1.9435406430852569 -1.2215030162890308 -0.45433781925254013
v -1.909592649363774 -1.1533501138777487 -0.50919138272004227
v -2.0056242678932259 -1.2210918361742071 0.42088186629566693
v -2.03893406349294 -1.1520600532976586 0.45355300468333054
v -1.9604772962375021 -1.1743573019636901 0.47551574357537935
v -1.9568709818251155 -1.0798010007976862 -0.52968143231928799
v -1.9972209657716193 -1.1029834750410783 0.4992827672396839
v -1.9443816493113899 -0.94248790424215745 -0.59568892473172663
v -1.9938064061992091 -1.0019290756394192 -0.55344641969444663
v -1.9696807883563123 -0.97347141489132683 0.57459041534443445
v -1.9748322520962123 -0.85778724007530849 -0.61660919922096891
v -1.99168309568643 -0.87986294148262134 0.60212303378293752
v -1.9169067262781139 -0.79993848153395331 -0.65636842008555241
v -1.9322117530695142 -0.74230504672508968 0.6677021081241219
v -1.9911738389858478 -0.57720964585884538 -0.68801869602656307
v -2.0068796997551308 -0.70254755237798161 0.65419349484464506
v -1.9477647324419873 -0.65418846747937254 0.68495577224473958
v -1.9556588914600845 -0.54802077438665586 0.70505611474914898
v -1.9835233969721806 -0.41944702669272055 -0.71813914914411869
v -1.9260008033533871 -0.34921575600535287 -0.74558546736278686
v -1.930554571244528 -0.36434722258665775 0.74220474204975639
v -1.9637976798946859 -0.25975695627628564 -0.74377128075781107
v -1.9625685604727536 -0.2717256504302612 0.74285960747967417
v -1.9357525011740888 -0.10023072662063977 -0.76149139322906734
v -1.9322367059796275 -0.09658496232631239 0.76253310265069241
v -1.9665756433594626 -0.0083519239284115185 -0.75453081847696823
v -1.9181333550758746 0.1504561761182216 -0.76457134481929667
v -1.9627697940365341 0.18049830263873007 0.75000088561675882
v -1.9343706136265286 0.25705167624902259 -0.75293596169874788
v -1.9153931877432855 0.27164329730027437 0.75709592439217122
v -1.8890160150310074 0.35436581616578888 -0.75615815833300581
v -1.9710152170949602 0.34777849735404015 0.73214275922641359
v -1.9379026599603977 0.44186931076739505 -0.72891406777629364
v -2.0090694043395696 0.49142296651229012 0.69842997441952692
v -1.9103136897458157 0.58475652902206676 -0.71112880367967424
v -2.0244637603600735 0.56714955718085802 0.6796062003070128
v -1.9261147408916828 0.66794214865108836 -0.68813161409307932
v -1.9653328172348015 0.71662447405254892 0.66413335892494818
v -1.9015762719052076 0.80982526544852307 -0.65819527168783654
v -1.9751687099090094 0.80148062082635085 0.6352534582992152
v -1.9444525013192062 0.89073647404560474 -0.6150707816452764
v -1.9763159753492276 0.88096225895957458 0.60740231577989567
v -1.9835070832322916 0.97497459220400284 -0.56884354116454294
v -2.0435597820482836 0.99899585743443897 0.53280041730845928
v -1.9712969504250268 0.96273389988587488 0.57846610104052754
v -2.02009624389395 1.0527072797036421 -0.51637294535356171
v -1.9646804220544645 1.0564013945155546 0.53904366326198749
v -1.966067937320781 1.1441561099253283 -0.49040296331202599
v -2.0629772471468568 1.1165868817404341 -0.46257587961048818
v -2.0067812661728537 1.2273319696497069 0.41555898936702673
v -2.0369917330329348 1.1937155851223491 -0.42398768506250006
v -2.0237424902821042 1.2687865663583899 -0.37466012056933945
v -1.9223374222463334 1.2108566670794798 0.46971962685773233
v -1.9293415358117176 1.2893044720451692 0.40931331263001153
v -2.0104959750071196 1.3261652760060776 -0.32935367433269891
v -2.0069127571509382 1.3697802217236579 0.28424639708040228
v -1.934109662416172 1.3628401238513494 0.34488699452025273
v -1.9711702287243107 1.4238144699782804 -0.24526095538641857
v -1.9164276075296547 1.4669805710156727 -0.22729424092626421
v -1.9708273749561491 1.468275491166831 -0.16738148862269905
v -2.0422027698623868 1.4534137890590324 -0.077559051057105713
v -1.9807782777101959 1.4977767332985596 0.012479288925969945
v -1.9990583671686717 1.4700236181749107 0.11395681119989842
v -1.9317251579573429 1.4265694348480529 0.27228046962535946
v -1.8553620850421821 -1.4347001088435254 -0.31603815002854396
v -1.9697513337262726 -1.4575001558367426 -0.18788755513192956
v -1.8127043773869584 -1.5555695559015426 -0.1675653876769985
v -1.8334758058475169 -1.5771200902934177 -0.05839238178898315
v -1.8926695105525759 -1.5352492099769237 0.097221916739851921
v -1.9041843569171817 -1.4941074535308938 0.18935476741227952
v -1.8632475583141312 -1.4500225183839992 0.29290502338335833
v -1.8279250589479534 -1.3746713032160853 -0.39165616887637056
v -1.8867428496508287 -1.2985647646118268 -0.42427196483784901
v -1.9177344610582574 -1.3627545052872381 -0.35576111674071231
v -1.9188438328479367 -1.3751090642865686 0.34138220480185816
v -1.8780033935421463 -1.3197854940708464 0.4116426128764224
v -1.7956758274496127 -1.3093613054624271 -0.46013696412838778
v -1.8536238746788698 -1.2296636206449192 -0.48711310826899801
v -1.8480315785765939 -1.2683790683214169 0.46583311781925174
v -1.9227382589202027 -1.2470460439626661 0.44615958458442562
v -1.8693475954269729 -1.1902318473548148 0.50446800112737233
v -1.8348691242865427 -1.0559098721643874 -0.58704853727557205
v -1.8874165916069372 -1.0936930076149645 -0.55136601555079356
v -1.8660330825904206 -1.1035260557308872 0.554927458758533
v -1.946277128680816 -1.0588564467325643 0.54558641657791207
v -1.8611401615457852 -0.97057055413304383 -0.61384957403555096
v -1.8294495163695486 -0.87683423642762637 0.65952782208612803
v -1.8900507010237617 -0.88563161955519631 -0.63612647625720631
v -1.8543553699676232 -0.74674906241927597 -0.68984411658496714
v -1.9183325390291146 -0.83255655784629212 0.64499405312460578
v -1.8645130475456477 -0.69533337641996362 0.69979584449107379
v -1.8718439026813058 -0.66373047139986863 -0.70555192905663289
v -1.8016398950170167 -0.63899610218946545 0.7312164368291576
v -1.9026619049278355 -0.58408063661014675 -0.71358131890352416
v -1.8447398409126745 -0.5493423297022737 0.73789178832575064
v -1.8506185801022816 -0.51889109215722651 -0.74164986954747847
v -1.7962500205954983 -0.4685693076510381 0.76509552425680116
v -1.8304800456062003 -0.36873606356634875 -0.76945541892426128
v -1.8389840711097707 -0.38223444938025974 0.76564211432162976
v -1.9015289156418342 -0.19125029085781015 -0.76643653270209822
v -1.8707403371067319 -0.29141185877890685 0.76708599204169936
v -1.8389532355961602 -0.12437975947913542 -0.7858680194645995
v -1.9010137127235855 -0.19607199080580454 0.76627113278099745
v -1.8719162924923762 -0.03597756303488997 -0.77989098678757585
v -1.9699747687681131 0.0022328640892716883 0.75350127590815075
v -1.8568381718790985 -0.0021359863760912895 0.78370537004930507
v -1.899719152172862 0.055032535019675907 -0.77241263714747677
v -1.9162012150253525 0.094606116465533949 0.7668265294745531
v -1.821917353623939 0.107162058108056 0.79066504312550112
v -1.8385699990456605 0.20165076646856844 -0.78198237166651041
v -1.869262013605046 0.1869173436540838 0.77522221882870579
v -1.8427237220288992 0.28144596555130719 -0.77505296869596529
v -1.8282218664958096 0.44619450264442995 -0.76033765881709892
v -1.8624949291213782 0.37850775428178723 0.76023023670603707
v -1.8603923646492906 0.49452256977469955 0.74320888153092712
v -1.8959865574051225 0.51005647280600563 -0.72983187252417436
v -1.8661777890398328 0.59323121975515336 0.72258379905856274
v -1.8646542521789107 0.72995396396045742 -0.69110035342501819
v -1.8789926412900244 0.68657980493332138 0.6976836268865132
v -1.8953497936176329 0.7757974713167276 0.66979532536777686
v -1.847753485350073 0.89432867144025296 -0.64735978021629681
v -1.9158511850175259 0.84561478293463921 0.64151438043256781
v -1.8896627758263147 0.97781937036366795 -0.60093325312114321
v -1.8938605162658844 0.99957529688811808 0.59039130098869963
v -1.8794390535267393 1.1291160166129037 -0.53525165445801048
v -1.9304916768574667 1.058744452125912 -0.55230738242887478
v -1.8833655456804745 1.0694671721630375 0.56459314814488315
v -1.8769683155255281 1.2086718006171717 -0.49018639179501283
v -1.905667713110017 1.132294797943558 0.52242900179098883
v -1.8778678682059395 1.2952121286163201 -0.43167999956900083
v -1.9567658958784946 1.2393671091892824 -0.43395975504758688
v -1.8513519204718722 1.2696492610722969 0.46367935577306835
v -1.8831351046989144 1.370955106766639 -0.36690147800493206
v -1.9583282717500679 1.3738941285812514 -0.31501428389730279
v -1.7860224583297508 1.312639607665433 0.46186741534437853
v -1.8440602315822012 1.3528640052530099 0.40199669587797821
v -1.8976368178634331 1.42901181779636 -0.29341911402953003
v -1.9248686971244862 1.483555602254774 0.18730601833618274
v -1.8372801043081834 1.4855671420556444 0.26700454198630591
v -1.8916863062655163 1.5109355217292564 -0.17099452633932977
v -1.8553260534681248 1.556092870136139 -0.096409843296776349
v -1.8360794545827508 1.5749806521495222 0.061742836894097819
v -1.8419647908218189 1.5433204226224855 0.16127209914036955
v -1.7168397575314263 -1.5862962174614348 -0.20041328229071595
v -1.7537991223468332 -1.6185447747166892 0.0026231702875713289
v -1.8223057426066274 -1.5590381958937745 0.15140549342863749
v -1.7734529373943462 -1.5109379612958407 -0.27784246254528533
v -1.6982123939966312 -1.4798679268811632 -0.36158454831986064
v -1.8035009804580096 -1.5193112011493326 0.24475319976634111
v -1.764587161095684 -1.4729659391774517 0.33110357785233957
v -1.7251182151910702 -1.3913307838272975 -0.42730036320650994
v -1.821187139744969 -1.3953180390369644 0.37695923463459374
v -1.7894784343704786 -1.3283783865298282 0.44918215969642472
v -1.7066419589654416 -1.3085438747228109 -0.49492551242033272
v -1.7640606295210841 -1.2381819258104025 -0.51774706460714026
v -1.7796319051485512 -1.2478353657778427 0.50580684900137107
v -1.7185148411064144 -1.1782004305976796 -0.5683777163169299
v -1.8178976930367405 -1.1502474713745869 -0.5484848359759702
v -1.7806106182554007 -1.1592850638667587 0.55795008427410231
v -1.7751694788482126 -1.0019478703125884 -0.62943258652659828
v -1.789154502246038 -1.0631354918373688 0.59917067679069347
v -1.7210221653783153 -0.94256954828212935 -0.66863730860184334
v -1.8096510785491438 -0.96870569923347782 0.63178962457591736
v -1.7564735453242104 -0.85055702794914489 -0.68835977223248002
v -1.8071713860233585 -0.91395133115749594 -0.65352864926456899
v -1.7874150276803475 -0.78086163487936511 -0.69961014707689473
v -1.7578564656744013 -0.82845658311249581 0.69430101605956629
v -1.7753531377508562 -0.69945534090848793 -0.72423961331031184
v -1.7746005483758984 -0.73442834496112397 0.71571138783285504
v -1.8131389688633397 -0.60315516300423788 -0.73561118841275697
v -1.7339480470568225 -0.5642580770072696 0.76497923918113808
v -1.7961576607817693 -0.4536832801395384 -0.76741761305872036
v -1.701382354559851 -0.46095359484496967 0.78908164015392623
v -1.7688045990262806 -0.30362418445567474 -0.79145354142433555
v -1.7785140238640482 -0.3141035213920752 0.78804374737710603
v -1.7402549165549348 -0.14424352033459256 -0.80954099765481402
v -1.7418184381308686 -0.14740782711963524 0.80907294825124154
v -1.7329428642839679 -0.0035999492197593547 -0.81419678162318776
v -1.7586898133824453 -0.049781905032258225 0.80811764086382498
v -1.807939908540614 0.022616527211046962 -0.79592993588392624
v -1.7478333013152634 0.12501733692648986 0.80835247504012864
v -1.7470460424181782 0.16096380454794584 -0.80711975809260605
v -1.7622367422767888 0.25263658383386706 -0.79780003726166993
v -1.7231165208742829 0.26806658260291549 0.80559019381932995
v -1.7883115426903731 0.34324480583736527 -0.78286237225377897
v -1.7539256537934287 0.35781423450199218 0.78976825781767457
v -1.768919871035501 0.45575806943428493 0.77392981761816826
v -1.8278917188980059 0.55151183243063406 -0.74231812627130589
v -1.7757997449537692 0.5588810585003906 0.755766846209173
v -1.8421602855263286 0.64327135931424717 -0.71872305587118668
v -1.7910182185379511 0.65684160962126259 0.73041730876437672
v -1.6898627094221599 0.80045977086550346 -0.7206476268013754
v -1.8080904935337614 0.75113145853564878 0.70196705367983447
v -1.7487570845175948 0.89639520376876647 -0.67599503639593617
v -1.8312460172210216 0.85279735755689368 0.66653394358597962
v -1.7410645264227949 0.9102129309082454 0.67362939374573216
v -1.7940681245133168 0.98203967063820552 -0.6314281211692232
v -1.8225186251548189 0.95388342449974661 0.63343836788407137
v -1.73938984788477 1.0704613726638228 -0.61187736768432477
v -1.8209700113359859 1.0388458582307925 0.59879158073142214
v -1.7871302254105808 1.1660627700095025 -0.55187107835756355
v -1.7633418192755266 1.1717992151036811 0.55746612723291222
v -1.7942536590930083 1.2703307192162676 -0.48607571253103316
v -1.69452571039416 1.2300606593167578 0.54888857172905403
v -1.774872135786318 1.247999148602744 0.50761248705132367
v -1.8025210229614927 1.3549470776292163 -0.42107380388266463
v -1.7096659501267133 1.3083747088756799 0.49389307356004297
v -1.7433929626682161 1.3761987234270923 0.43191117419248187
v -1.8047895911534999 1.4385164785555031 -0.3453007146236915
v -1.7879273749373195 1.4345600666037246 0.3592523429175033
v -1.7553790630757522 1.5181979939971002 -0.28036120067366177
v -1.7089839225008707 1.5852066917726351 -0.21001173341939555
v -1.8052705007636571 1.5491392101017416 -0.18705616267492636
v -1.760715903982522 1.5971314268799071 0.12309340987365514
v -1.7545448122433565 1.557389751003295 0.22158253392518046
v -1.7565546966198395 1.6172435313099918 0.018993874499422657
v -1.6547722703922361 -1.5590287936115756 -0.29222718557576527
v -1.6620005286911066 -1.6400682401001063 -0.13729007276824656
v -1.6755168629382229 -1.6555113972151996 -0.041892760514858851
v -1.6747966332256874 -1.653699434141042 0.059113336703136884
v -1.6605391234415134 -1.6325600808862855 0.16071795745786818
v -1.6339226302668584 -1.5869454988174938 0.26791256860147689
v -1.6176061514832638 -1.5107260608914179 -0.36935631456146456
v -1.6273802234816737 -1.4449078496351782 -0.42548319217669062
v -1.6643748079859872 -1.507028070678877 0.3515376965934896
v -1.7059694070148521 -1.4103885884267917 0.41966727693183337
v -1.6335126171391652 -1.3668353476914106 -0.48376598937730619
v -1.6062911383610183 -1.3751607000084518 0.48761699076538506
v -1.6972621740028226 -1.3131674046436774 0.49546369229098108
v -1.6891369861310779 -1.2466747273246654 -0.5409558712014737
v -1.6917242602376719 -1.2224721348286378 0.55450001203659915
v -1.662219961399805 -1.1233121216110091 -0.61186598487941146
v -1.682069952949258 -1.1176160056177478 0.6083099796897703
v -1.6903170726616159 -1.0381084992400396 -0.64121720625763434
v -1.7156623354392782 -1.010566771803588 0.64471386181503987
v -1.5765011359163048 -0.9075178040482933 -0.71747047988500201
v -1.6527939837099583 -0.94924307698965538 0.68468282366657274
v -1.670927016675589 -0.87786350576762628 -0.70295341794890731
v -1.6850238628548488 -0.87187950912856971 0.70107293456626418
v -1.625316753193937 -0.80224665894236702 -0.7368979023096851
v -1.6694756649228264 -0.78396317411188987 0.73086220613556119
v -1.6678648185018452 -0.70710088010436745 -0.75145486021463193
v -1.706150633790338 -0.67367927569587516 0.7494791683023998
v -1.6807999483499598 -0.54794716540300192 -0.78034862955379125
v -1.6328306116348836 -0.53809454315242278 0.79274424996272919
v -1.7079791158435722 -0.47386172586951114 -0.7855071760449075
v -1.599463266901642 -0.36211400683933798 -0.82476769151710838
v -1.6764781607663557 -0.3528388049131162 0.80865463300323137
v -1.6745037979688331 -0.33017297405818163 -0.81124572363974112
v -1.618007444201317 -0.25744622847494103 0.8307274503657035
v -1.6329912170770831 -0.1603576475774518 -0.83361953986449855
v -1.6545962730056811 -0.17016516052969627 0.82820544676529484
v -1.6843924899731779 -0.068389441098678616 -0.82510117724051779
v -1.6171177571355659 -0.032450868800125141 0.84085619706751735
v -1.7369452491253414 0.07084351264116423 -0.81261619714944322
v -1.6808495035130782 0.0056653663096640355 0.82649660291631444
v -1.665535833997503 0.21714021560861663 -0.82283849226912409
v -1.6108856261136908 0.16035757845725451 0.83853189773193137
v -1.6898129745963346 0.31456327375073279 -0.80909446633984883
v -1.6314310608141334 0.25384958972433325 0.82808160933461383
v -1.638398032616226 0.47645175042827315 -0.80113873166335703
v -1.6062647816202071 0.43104347227499989 0.81464006062241401
v -1.6547598691939998 0.57676867503474338 -0.78116533852592163
v -1.66993912292277 0.52080683728762889 0.78715366738101589
v -1.6712481530704903 0.68252440628771249 -0.75668601537249469
v -1.6989810633518514 0.62975877880782138 0.76095395096831953
v -1.6454188905141143 0.69615217671637808 0.75961962624587975
v -1.6479627094986171 0.77660561515644155 0.73847256083780854
v -1.6540489506056422 0.90719203287797268 -0.69788050895118603
v -1.654190853358789 0.87074245177380216 0.70956040694021938
v -1.6992685725043899 0.98562771103059221 -0.65973749657759628
v -1.7451886185439334 1.0033843994074738 0.63841120563232545
v -1.6621827077467024 0.9665821604878384 0.67647560180255939
v -1.6427524802981039 1.0661283882860659 -0.64384333853532927
v -1.6710558791065064 1.0588288936747861 0.63864741765865396
v -1.5996823917340937 1.2330847524413526 -0.57710532140244297
v -1.6815720890932573 1.146018575103545 0.59544887025974302
v -1.6214982810765761 1.2918319357905501 0.53694992024898258
v -1.6400305557589672 1.4141877082453205 -0.44674094599179681
v -1.7163353082031039 1.3379311693082734 -0.4721618390055542
v -1.6338177321182334 1.386299465328338 0.47003262170556576
v -1.6994140534905173 1.4742841785622525 -0.366251862052282
v -1.6497515157584384 1.5157773186017289 0.34926679134328703
v -1.6528439542620139 1.5496356366588093 -0.30511133762166953
v -1.6068027299132981 1.6189257220804449 -0.23575235820574075
v -1.6900076167393889 1.6094986626205927 0.17934985827599095
v -1.6512951541906036 1.5771886708303424 0.27062684359249661
v -1.6560248748465354 1.6421584457676284 -0.13955263471072935
v -1.6022028740271144 1.6792922902527734 -0.083544407885927471
v -1.6659606650400487 1.651577558335019 0.084212557430476676
v -1.5832877277171795 -1.6603558718861915 -0.17379428276857542
v -1.597153371659894 -1.6813594036898529 -0.083736068875620309
v -1.5303416641796033 -1.7162025823445672 -0.034076699176365979
v -1.6008115720384 -1.6876482392265597 0.011029271274133771
v -1.5254338342884635 -1.7166430369338475 0.056812834985842289
v -1.5911735301433858 -1.6783569203460684 0.10712745244938482
v -1.5092331499643465 -1.702202447144894 0.14518648212908875
v -1.5692398148708495 -1.6210354939815514 -0.26078979898777571
v -1.5564360753480222 -1.5644408845004572 -0.34339387309054781
v -1.473685407037584 -1.6798064409022178 0.22556544919344262
v -1.5185649524729496 -1.620222494065054 0.2901592131424679
v -1.5461302462551281 -1.4963241901397406 -0.41408273962029352
v -1.5899774911896118 -1.4640656933901783 0.42534351546531518
v -1.5384828716178582 -1.4142926996809226 -0.48373033708025215
v -1.5693794096546694 -1.339836016579538 -0.52427842201948538
v -1.4558617179256168 -1.3156520477101836 0.57402988062071281
v -1.5515470203147772 -1.27738527856796 -0.56834114373725886
v -1.6295159399105648 -1.2924723231436557 -0.53368294532849037
v -1.6066573163281053 -1.2872166196061376 0.54522666323497382
v -1.5979773857186128 -1.1987136512383829 0.59479605897147769
v -1.5868628367498798 -1.1442083555798115 -0.62461658124368824
v -1.5816124400818374 -1.1225025668057378 0.63612074085196613
v -1.5138156753040937 -1.1104632228615685 -0.66016654006042363
v -1.6050747988121057 -1.0726700071032471 -0.65200885405478759
v -1.5048032703168728 -1.0739858924696188 0.6766427305685041
v -1.6159814816699378 -1.0419724249429374 0.66128415207221836
v -1.5551169758977481 -0.97161209807612325 0.70170319742300458
v -1.5416279852920509 -0.82166981035729092 -0.75222131470011422
v -1.6028786316203183 -0.8786733975273372 0.72004284973873445
v -1.5736053104903531 -0.73058270223604549 -0.76804652212706603
v -1.552355112343851 -0.79809592501336357 0.75640263264318863
v -1.6051393576609059 -0.69968234055446388 0.76779841020701134
v -1.5982723130344243 -0.61500296916351849 -0.78654919863445982
v -1.5645383077424659 -0.6144606501295401 0.7941317977138479
v -1.5652846822774433 -0.43428177483214042 -0.82333679649867564
v -1.521214668655096 -0.445221723335395 0.83115055577375774
v -1.5522309187496237 -0.35150616153702247 0.8363398699789133
v -1.5882999375066225 -0.27215963200799537 -0.83594973693885621
v -1.5238854982311367 -0.24350459368663063 0.85208841731753204
v -1.5179237150040599 -0.17791045583260751 -0.85743008910571616
v -1.5010403086534092 -0.13628081999417205 0.86257464633944192
v -1.5642670162151715 -0.060315814138936205 -0.8522749204995822
v -1.5389370665805953 -0.03467376845658833 0.85785857970367785
v -1.5572276779142835 0.060913481131661465 -0.85372277221874449
v -1.5909596065342491 0.055372336384140165 0.84651701673964397
v -1.5525879193522514 0.17753891559641713 -0.8502316011312715
v -1.5891565365673581 0.28466569313486506 -0.83458693836138209
v -1.5440458860508859 0.23114280723837324 0.848660948174767
v -1.5209937286555146 0.35560076433627968 -0.84239920481522668
v -1.5548199161740461 0.33504768155645748 0.83734347801366993
v -1.5465879429717579 0.44519325318660863 -0.82586801572638491
v -1.5581165174979019 0.52289629408209692 0.8116173855193155
v -1.5600328793703957 0.53877113421730249 -0.80873769969142006
v -1.5708293238320479 0.64234760943873814 -0.78752052062782874
v -1.5927579796006164 0.62373222084103541 0.7861378713746604
v -1.5062163941813786 0.81329551910864051 -0.76236160768645556
v -1.5865952129001888 0.7505107920693862 -0.76080060749605927
v -1.5707065353952838 0.72974052996239869 0.76887491955527498
v -1.5192753154628624 0.90112048846784143 -0.73332409127493081
v -1.5677385395860743 0.82903762721448926 0.74386637832282165
v -1.536143422529199 0.9760873268972976 -0.7046224141222398
v -1.5750483552015682 0.92836051682234078 0.71113999667486427
v -1.5536241206323516 1.0527239511353192 -0.67309012020314807
v -1.6116450424976698 0.98562831367800885 -0.68250836683757032
v -1.5971014911218948 1.1174570217452513 0.63384393388170912
v -1.5732245169545354 1.1405604183425524 -0.63032953612049702
v -1.5239006535564885 1.1782284139471679 0.62621408136697243
v -1.5251153283198928 1.3064907541064952 -0.5599178144857978
v -1.5371508951268258 1.2636335230303628 0.57978893498344364
v -1.5455098557045013 1.3873584177772207 -0.50024200638396232
v -1.5384861601222501 1.3475718218444324 0.52963062830806806
v -1.5532611959384011 1.4541731810472078 -0.44997350138489234
v -1.5255365379895016 1.433267282570817 0.47476357360011145
v -1.5959459138803784 1.4773008648844648 0.41031920808593214
v -1.5344691967444037 1.5814841956943886 -0.33297458637476962
v -1.5698325725885314 1.5537004946954489 0.34922219495645263
v -1.5065218949793751 1.6555550791630071 -0.24834690449981531
v -1.4724592476708631 1.7045660401567966 -0.17397310024973001
v -1.5623488998589601 1.6748310453455766 -0.1622519207334914
v -1.5885203609852492 1.692789660843564 0.0024852947348810162
v -1.5566566763292211 1.6934887848710625 0.10318033618474881
v -1.5419077612044565 1.6224018922220418 0.27428512186009169
v -1.5045037933789809 1.6824043595360161 0.19436288347879049
v -1.4955256059615833 1.7298559385084964 0.025177151491152173
v -1.5006227755260173 -1.6747136712391579 -0.21393977765375014
v -1.4277488230515156 -1.7290542347107594 -0.15714450502785132
v -1.4674362244416377 -1.735542597889586 -0.073152384001996501
v -1.3779974092246827 -1.7733465745889987 0.047679367813946279
v -1.4482435653097423 -1.7372276710833834 0.09615604377743614
v -1.4694804476278034 -1.6257118561147119 -0.31010923310133892
v -1.471503223203134 -1.5519672531309157 -0.39301196100439789
v -1.415899391565558 -1.6527210748493857 0.30205874767187657
v -1.454839313835774 -1.5836351138544265 0.368870557027621
v -1.4621584259181926 -1.4844891098422488 -0.45898690985790602
v -1.4869853204946009 -1.5064092072202999 0.42927175517415561
v -1.5089015888591009 -1.4239924184306034 0.48680096154172803
v -1.4021690203292394 -1.4662318920769708 0.49134319380953889
v -1.4930013252949959 -1.3442927385862382 -0.54692364403497906
v -1.4395113311166159 -1.3830897449458235 0.53800436037235
v -1.4619064033082387 -1.2694649567102148 -0.59748074759094216
v -1.415027430324751 -1.2489453627260163 0.62017929798040661
v -1.4135992741563841 -1.1466960021489052 0.66898300893921692
v -1.4773015762620505 -1.0423746321278895 -0.69495833993682554
v -1.4518463638110817 -0.98745751160089501 0.72042918593343708
v -1.4956537124731168 -0.96677788699440692 -0.71758762124376774
v -1.437415301399519 -0.92131940542607749 -0.74588982110507263
v -1.4623404840024723 -0.84002629527045725 -0.76478770075766256
v -1.501583381323532 -0.89493547894778591 0.73952449532050368
v -1.4897959026665744 -0.75786636518022676 -0.77963983190080999
v -1.4864753100465464 -0.70703203670830417 0.79146071287085518
v -1.4814294855588963 -0.61152778760361404 -0.81199604739236941
v -1.4447892571532208 -0.50146754559955464 0.83829967882633727
v -1.4731519690103452 -0.44474666970977123 -0.84122299990295057
v -1.4223175604728195 -0.36675656055773648 -0.86070897440176197
v -1.3966731142898532 -0.36296895364887383 0.86556219302819759
v -1.470474911949853 -0.27722541392259659 -0.86014171005121509
v -1.4558978028748562 -0.31234866584516163 0.85980622886449931
v -1.4299548289491519 -0.21987313649352919 0.87108949055600549
v -1.441636247415927 -0.098915621514015908 -0.87432924384452904
v -1.3916785995939494 -0.12691109240503165 0.88218624705444126
v -1.458034023698334 0.0063225946312366541 -0.87283979837312753
v -1.4600674391409623 0.10997834806024892 -0.87083630780897947
v -1.4844994267343039 0.050698633037676674 0.8680150555917715
v -1.4540856741309252 0.19270779599625842 -0.86842791277443632
v -1.5204891386061097 0.14075547891981766 0.85884871508174798
v -1.4900719841805969 0.26655632415950842 -0.85725369526826911
v -1.4843496462141881 0.28419579748244911 0.85679214838724527
v -1.4586458805399491 0.42499585397813427 -0.84663061218814717
v -1.4507815643212689 0.36081631692236232 0.85618222691819534
v -1.4867752644293712 0.5007066849976255 -0.82994727299470805
v -1.5073656155213877 0.43920122615300944 0.83478833732441182
v -1.463970417697098 0.59518580366023199 -0.81868808564533146
v -1.4345297588493697 0.61444436809546077 0.82080167736745091
v -1.4881171344278632 0.71230760620404587 -0.78996463529755401
v -1.4984724761257362 0.67349734877197576 0.7962970162570957
v -1.4736228657319026 0.77868725656947368 0.77780399174822157
v -1.4373199971468043 0.87933478605618587 -0.75917726874416258
v -1.4609458449276822 0.96176540805167143 -0.72758283028621684
v -1.4858302140280946 0.88859895974649983 0.74531198775316398
v -1.495996199475667 0.98900562854681229 0.70956759759349208
v -1.4858085171439521 1.0278482823313404 -0.69812085989228323
v -1.5092113629881987 1.0863895831812374 0.6707203062005288
v -1.4671110849621321 1.1139692144185189 -0.66990932679208881
v -1.391545544699585 1.2048163150640534 -0.64833171808457923
v -1.4345918237462496 1.1507372091871853 0.6627303808684939
v -1.4242246727308354 1.2932330913934968 -0.59437567886126896
v -1.4531806505440512 1.2388820183016971 0.61531939458015505
v -1.4522425004986272 1.3749590025759952 -0.53973507177904867
v -1.4713267250304758 1.3106185598795914 0.57262319838354225
v -1.3830932692908149 1.4397202023317226 -0.51591532610358104
v -1.4745436382477761 1.4471445301602728 -0.4820471335347345
v -1.4421030588666244 1.471724148509864 0.47480007838434918
v -1.4079048069804581 1.5079689953498003 -0.45825589939675987
v -1.4274611225864398 1.5721068241735674 -0.39104592108322117
v -1.4988865696260074 1.5139905526101949 0.4172053900663763
v -1.4297111279277843 1.6349036569792297 -0.31865366375537479
v -1.4122239678309898 1.6918516659595892 -0.24827485101783076
v -1.439063182255248 1.6630691184083419 0.27625050182824384
v -1.4682052430298502 1.593308834099548 0.35390012047415353
v -1.4344372743951663 1.7373601728072263 -0.11706936398488769
v -1.4276839188770072 1.7554941806130504 -0.042219752335496526
v -1.4042467325257459 1.7640724971860609 0.048316502300726587
v -1.4082192658153356 1.717883980578528 0.19607095068698327
v -1.3929289319121587 -1.7668152387693179 -0.056453866397344461
v -1.2905725547960722 -1.7900742338384097 0.1031066009005068
v -1.3481071196033889 -1.7219294083294703 -0.23336557243480174
v -1.3682662171967097 -1.6640184697772469 -0.31169423744079772
v -1.3732225011798729 -1.7531659845502823 0.14511764463402338
v -1.3852723354719279 -1.7113499209229757 0.22780343994434915
v -1.3164627870486636 -1.6908834059626523 0.29897012927021949
v -1.3870855780613442 -1.5963338745404068 -0.38252047136503026
v -1.3135168838804137 -1.5360006431328275 0.46548352897381545
v -1.4037334712796803 -1.5345573045015553 -0.43587915688567375
v -1.3731871411002703 -1.4819407749063414 -0.48857811633652354
v -1.2961852038756225 -1.4577019447501995 0.528867256545135
v -1.337977199698535 -1.4141838226971717 -0.54725669874452409
v -1.4342876637159989 -1.4142331690309948 -0.51782910448181096
v -1.2932301502953958 -1.3785527601053378 0.58019706587754027
v -1.3637797490436225 -1.2627639942618807 -0.62655067928202368
v -1.308419351365717 -1.294297057548037 0.62280042843202288
v -1.3199434080228247 -1.1692513554833595 -0.67996816749520683
v -1.4341885203388491 -1.1857025033180602 -0.64683303768072953
v -1.3197459562475538 -1.2026803498815684 0.66568219962737951
v -1.3188190926880921 -1.0514141974122913 -0.72643774298132868
v -1.3409513158195991 -1.0043591075000582 0.73867616555776749
v -1.3516883320088404 -0.95218106629215027 -0.75483078788767588
v -1.4004603764554244 -0.91118798667284928 0.75735855410459951
v -1.3783524877785185 -0.86443845209013426 -0.77483276727150352
v -1.3566205440142121 -0.84335549587093939 0.7844146136660628
v -1.347796247482101 -0.71396322266451084 -0.81699306601443566
v -1.3732280402599251 -0.75757279624838125 0.80272840258830747
v -1.3824377780921058 -0.62290888620982476 -0.82934357647936452
v -1.3217677007131556 -0.60896805484082794 0.84317293264413617
v -1.3466722679748309 -0.52323793136540386 0.8537407470620334
v -1.3163426692636153 -0.53892069119000929 -0.85676649338451938
v -1.3775770814385067 -0.45216710947970301 -0.85895183571265932
v -1.3749606804659666 -0.43663215153422069 0.86113015960309003
v -1.3653225907707194 -0.28936592694330449 -0.87737643203790006
v -1.3690938617990329 -0.292891832282271 0.87643078197080837
v -1.3082165363458398 -0.21281365710191349 -0.89183867483277246
v -1.3422188586479731 -0.12771023277426602 -0.89044823226955871
v -1.2961487316741076 -0.11878217875604963 0.8980902047658702
v -1.3592300275422253 -0.035429426454769236 -0.88986263306561375
v -1.3442181375590387 -0.040088388949509661 0.8922719487419275
v -1.3655889914494461 0.063878113706519565 -0.8884464781173389
v -1.3850041746685675 0.0480896733039088 0.88546224141530927
v -1.3735302330559707 0.16198638092320622 -0.88405782071120298
v -1.389395215335643 0.20571013022867959 0.87888662782490601
v -1.3960661590228653 0.25230663136542741 -0.87514493070470267
v -1.4085334833941425 0.28146326823490941 0.87056643758794616
v -1.3670935082322293 0.41374497921923309 -0.86503293691305572
v -1.3392329892557033 0.36906803858932324 0.87451116354219005
v -1.4059867186273114 0.50237366182459997 -0.84570303621287857
v -1.4084629776754212 0.45562372262619477 0.85252621939771911
v -1.3502119468819012 0.58692462057355521 -0.84217030989989294
v -1.3107294155644054 0.48428813419753997 0.86545739278040901
v -1.3762443066530112 0.55078000196639554 0.84392279233850365
v -1.3866072994705856 0.68596136374288785 -0.81579188082458909
v -1.3506031336521891 0.64045703466965365 0.83206235131223905
v -1.3853140105847492 0.7748755665754764 0.79605275276263165
v -1.3454759036650392 0.85951540732235887 -0.78235781413490402
v -1.3981676952714364 0.8528434162523777 0.77406146276543952
v -1.3745543687890742 0.9494732557200084 -0.75080946536053483
v -1.4051373362105819 0.95108735810097267 0.74349443175552488
v -1.4090106733888681 1.032365006359756 -0.71390983726417712
v -1.312696031521859 1.0126909827168793 0.74153095132748426
v -1.3512924434367273 1.1136012297436224 -0.69563455381074568
v -1.2693111028651136 1.1901539107205106 0.68145786552135235
v -1.3195425821874869 1.284992985776704 -0.62516231914736509
v -1.3613590145039707 1.2178941042920557 0.64957678779661887
v -1.3534391231023664 1.3669012706616597 -0.57249901534022984
v -1.4362855339175435 1.3899958819958638 0.53417364578814452
v -1.3249978011509844 1.3832170511331667 0.56982846164607226
v -1.3171402847962959 1.5000999480074964 -0.49136229005322557
v -1.3568179446891937 1.4638776246817431 0.50702815546913405
v -1.386254472050328 1.5460322530687396 0.43191878119313121
v -1.2819787595773986 1.5988697812124972 0.41859117176839161
v -1.3471112481782421 1.621617171145139 -0.3723237165076676
v -1.3403716419844263 1.6754805296291848 -0.30927919984763497
v -1.361236770405218 1.6353023351016929 0.35353766952470583
v -1.3243625419551202 1.7245980233770859 -0.24484362709347962
v -1.3012582141639293 1.7645540197300567 -0.17662359380372086
v -1.2596904289113482 1.8016228080982069 -0.095419328152141908
v -1.337365424938693 1.7867435336335957 -0.020044011955792113
v -1.3803786347708669 1.7550431711234127 0.12600783833445103
v -1.3360520145313299 1.704072138733228 0.27085424090913851
v -1.1504819497262222 -1.8010750043108159 -0.1968868838181414
v -1.2865693637008233 -1.8030484421790849 -0.020058048704024126
v -1.2025362379468718 -1.8260209365664362 0.061833337997744847
v -1.2863468083638114 -1.7533522915759028 0.21119661476471685
v -1.2112112216511581 -1.7041823251546753 -0.32890241260716713
v -1.2815967800329606 -1.6365134454599741 -0.38108544457862864
v -1.2440252352513506 -1.7573895877559207 -0.2321495505536828
v -1.2393532944650483 -1.6703553916360832 0.3616210737647545
v -1.2100641209067056 -1.5695762895049561 -0.46882411415649156
v -1.3230895380285554 -1.5536471637352931 -0.44821764274037618
v -1.2278989214912139 -1.6015240834238966 0.43450105161214092
v -1.2771010854726546 -1.4871806950275965 -0.51261860959275785
v -1.2402906210955813 -1.4130435159851225 -0.57240853676371961
v -1.3019215572177116 -1.3395094406733787 -0.59987467134883443
v -1.2158180626112238 -1.3395545995953919 0.61971201081921257
v -1.2643535276446201 -1.2652230117566321 -0.64915730894633483
v -1.2309744112040262 -1.1151880898756381 -0.71933626459384881
v -1.2285349344222447 -1.1585309299747477 0.70277338251334753
v -1.231383215771928 -1.0420870200009986 -0.74731528020053306
v -1.2414899759490465 -1.0609579280396673 0.73863800631607146
v -1.2636471407289651 -0.97464014438351465 -0.7642834888141895
v -1.2547293150919561 -0.98035031976558162 0.76399954214266597
v -1.2301201233385424 -0.82852949950492305 -0.81050999233389998
v -1.2743244200374093 -0.81332068114170641 0.80678233973307145
v -1.2562301108446701 -0.7390919524969719 -0.82794009559282122
v -1.1892101459477935 -0.67537000740209341 -0.85304926523180513
v -1.2367394100653433 -0.63956234683476443 0.85242929353222641
v -1.2988722769997088 -0.45145094111917705 -0.87183515288242786
v -1.2806911083049477 -0.45914356527113004 0.87377065691368139
v -1.2565433348971224 -0.30496285187569122 -0.89348080713010203
v -1.2760265898608829 -0.28557036335208619 0.89204500355892402
v -1.1814090295452366 -0.27305050616055704 0.9072711774733091
v -1.2655208925580184 -0.14852685358174975 -0.90217954291588687
v -1.2389235124540332 -0.1948516349979405 0.90366504100424316
v -1.271646970968404 -0.073255917977053997 -0.90328720446867139
v -1.2622929886515475 -0.042517763137770323 0.90541631493726915
v -1.2764728225135722 0.017866501456394804 -0.9031446536257679
v -1.285991183016604 0.038859500195471477 0.90161701552034301
v -1.2666602547171091 0.12441201829557288 -0.9026665388581796
v -1.2172978703411415 0.11365211747449196 0.91032817319706705
v -1.234165818035194 0.31169643342900827 -0.89623486301724087
v -1.3221913955792517 0.25606362564898938 0.88709473201765388
v -1.2712740393903701 0.40335507821015248 -0.88160848442690465
v -1.23691305459968 0.31970680200180407 0.89516033429328767
v -1.3095122453290493 0.49446566570954242 -0.86423919504645352
v -1.2185601145679079 0.52521514466327734 0.87402166311567531
v -1.2498814041416002 0.57613722849181381 -0.86173724728775025
v -1.2882261755832238 0.58097132716721067 0.85447842778695482
v -1.2856367740689576 0.66965669463722988 -0.83790835727555435
v -1.2671715857728507 0.66943924635654151 0.84128991641819639
v -1.2201406664718575 0.74700284447874954 -0.83222449536727605
v -1.236153745804375 0.76337390158138851 0.82579328807047814
v -1.2486956406001661 0.84024517523129338 -0.80448515385870345
v -1.3218167187830592 0.90702168116278492 0.77326847188764158
v -1.2784476896501873 0.93374779295723465 -0.77358227209444341
v -1.2531475363801006 0.944175974523908 0.77508578028249664
v -1.2435946905342681 1.1041268720300594 -0.72127788030361328
v -1.162552799089039 1.1877250005854503 -0.70293985058799324
v -1.2806804839074861 1.1967393846378527 -0.6762894568020017
v -1.2121805335450071 1.2793602697445423 -0.6531256126142484
v -1.2492844435223407 1.3627915982141379 -0.5996883296982547
v -1.2787288293885457 1.2903617603078483 0.63207976602422156
v -1.2867459924541131 1.4366711684903837 -0.54631568322655322
v -1.2377685451446379 1.4947095955847596 -0.51778227432560986
v -1.2224702576208832 1.3790484899870026 0.5961990493681113
v -1.2604094014840566 1.4550461097923095 0.54101230923672805
v -1.3358097306555496 1.5632347457453322 -0.43463588171288342
v -1.2850644534158047 1.5262962383761702 0.48098142356441748
v -1.2630361877861982 1.6124864114773207 -0.41181491465039033
v -1.1973196484300594 1.6656029982095493 -0.38061522784687324
v -1.2792862131619946 1.6601452407936379 -0.35828802061503584
v -1.2440143876402932 1.6803283989065965 0.34811628990788546
v -1.2210687763346344 1.5694949873436952 0.46595458110471943
v -1.2521036036041231 1.753045728835263 -0.235994671858232
v -1.2135229391286597 1.7880042545167847 -0.18488731191363847
v -1.2366930069048332 1.7484209215554907 0.2549058298154897
v -1.2164892593947831 1.7979453769918976 0.16054223950055213
v -1.2561909236741176 1.8126406491271103 -0.0025117732807832596
v -1.1485537358793938 -1.7566757019536123 -0.28190077338365077
v -1.1320714291132841 -1.8352895128843432 -0.11079507495607122
v -1.1176131436846677 -1.852614237817034 0.03051257291179027
v -1.1220276418609203 -1.8354463848316018 0.12236489116851899
v -1.1975953465514213 -1.7704540948340988 0.23499356625117421
v -1.1225242505516593 -1.7117329141879014 -0.35551458427278559
v -1.1723858167015506 -1.6505481289751824 -0.40398137432407616
v -1.1701213630035669 -1.7087918202285723 0.3406344539847424
v -1.1494600291575552 -1.6624208808951577 0.39941288123936025
v -1.124727366773526 -1.6100864527659011 -0.45835270032008052
v -1.1123704101652212 -1.5931742464726246 0.47490305474784289
v -1.1764751900437405 -1.4862288441155769 -0.54048773262106953
v -1.1919138269855063 -1.4308709564000333 0.57275959521281605
v -1.2058161726405989 -1.337600080207324 -0.62299335103677711
v -1.1379628574665754 -1.3728557331610418 0.61815288895551634
v -1.1054361982519474 -1.324308969254121 -0.65145899408642127
v -1.1818562483019703 -1.2735095894708179 -0.66210948906640021
v -1.1372021140684478 -1.3041596223087513 0.65590238897846875
v -1.1427917977650024 -1.1525865572454352 -0.72114189840360499
v -1.1260691726799799 -1.1059183284851479 0.74239566884411878
v -1.1797858031750317 -0.99508854871979602 -0.77188443091396131
v -1.1723012879596053 -1.0017620624606765 0.77104637707250723
v -1.1183704061288224 -0.94216964239410028 -0.79751228074300506
v -1.1284291267849511 -0.92437157038731255 0.80098123950578337
v -1.1407204054261657 -0.85720111545760347 -0.81795182249515375
v -1.1711696121041948 -0.83272747130957836 0.81928558458846079
v -1.1641992925030671 -0.76806597460346948 -0.8366126786985093
v -1.1015045875094864 -0.76305745084362109 0.84747904416369768
v -1.0945613518896276 -0.70714032922936121 -0.86068108610067517
v -1.1489435903766803 -0.66220406809674448 0.86203345016834343
v -1.1851166007122909 -0.58703033645450353 0.86951651498719973
v -1.2135977106979738 -0.57970391799493948 -0.8665181610288778
v -1.1728021620478959 -0.49648350229675392 0.88479112492880529
v -1.1642486168505508 -0.43107191032530601 -0.89449121724425718
v -1.1853661339152286 -0.35821470942595451 -0.89945794074201058
v -1.1275341235726393 -0.33378898909472277 0.90977033887851932
v -1.1545453728285764 -0.28674161054812375 -0.91002275941400379
v -1.1412262987909625 -0.18310955285620306 0.91853931348287854
v -1.213845739299289 -0.2101089232013266 -0.90653263953438756
v -1.1944411980149778 -0.026663874987716295 -0.91546843206861284
v -1.2015517529637258 -0.10170177479240698 0.91299288529044575
v -1.1352473858106191 0.095088735742858033 0.92267390958542383
v -1.2020050828917612 0.054313330223516552 -0.91424207098357635
v -1.1962168817681773 0.21759685658933836 -0.90872832583225527
v -1.1466966518353616 0.27570507734897426 0.91200834620436955
v -1.1737301070996633 0.39421589651551181 -0.89718166466769922
v -1.2120824452695416 0.48493537786420365 -0.8805757298819713
v -1.1397063655506632 0.47589148353596633 0.8922837171875726
v -1.1525044068663495 0.56545654502679177 -0.87783109221776268
v -1.1336446956771988 0.57097523298131458 0.87947250623868356
v -1.1883250326257233 0.65579324152516894 -0.85745506368437885
v -1.1965146649464387 0.69031388108161384 0.84856287303130251
v -1.126901003917484 0.73034584363886768 -0.85092600309202526
v -1.1515642121202478 0.8192545842120289 -0.82578176261717373
v -1.1601215822430184 0.83388877082292634 0.82081583997347052
v -1.1071428789231106 0.99302000135349588 -0.78388143263718024
v -1.1786227659625048 0.92471348831599631 0.7929803995980711
v -1.2102929495216705 1.0102531984194127 -0.76206095349172476
v -1.1406152161832501 1.0860374355425639 -0.74766623426940404
v -1.2096715421882951 1.0100187546020343 0.76223778507355133
v -1.1513594543834167 1.0823046667528018 0.74725670105265452
v -1.1107223201205856 1.2770225118777623 -0.67321997027716085
v -1.2063918169996688 1.2383837870192198 0.67287865299054328
v -1.1260195038127896 1.2331022133278282 0.68988617029382515
v -1.1445810438422022 1.3567001043773137 -0.62593984586704743
v -1.1732033979089502 1.3063853297498651 0.64714862414160024
v -1.1753068006088563 1.4460857916580057 -0.56757472495158767
v -1.1677995194190416 1.4503589199210882 0.56675035150697062
v -1.1605967363864498 1.5334469287207586 -0.5092857695818005
v -1.1467940671583647 1.5718171966690058 0.4835740228813028
v -1.1705427866811835 1.6063906706600786 -0.44875317597930242
v -1.0942107378631469 1.6303437275836081 0.44837176244642352
v -1.1869649171945387 1.6243178686926809 0.4253519344422485
v -1.1739809409302313 1.7654952189766471 -0.25858927112423014
v -1.1611529534548912 1.7326444828181693 0.31081198592439996
v -1.1303834965079209 1.6864805002291292 0.37994383783956787
v -1.1557524798928107 1.8248366722745428 -0.12888935119186326
v -1.1768256421052137 1.8361562881104894 -0.036429492791404804
v -1.1017674066502712 1.8569180182461293 0.024567386474404287
v -1.1000904341739495 1.8388870019889492 0.1336942566889753
v -1.0020848342238382 -1.8266168628561796 -0.22685364898796173
v -1.0800436730672176 -1.7548911222634747 -0.31234043501630682
v -1.0699030204484754 -1.8339822067915754 -0.17208835723949956
v -0.97969345018726917 -1.8840493613828755 -0.064784595512827503
v -1.0452500898723593 -1.8717206949084682 -0.010324431071251878
v -1.0400526390557707 -1.866660725177143 0.079808316203178478
v -1.1239873153005928 -1.8011021092051409 0.21301706328823894
v -1.0370151439094637 -1.7864105334077847 0.28278319260423451
v -1.0809021430363264 -1.6645844050404586 -0.41819760007554596
v -1.0922020316693273 -1.7225517938373589 0.35320107826355546
v -1.0525662995473095 -1.6706394353370504 0.4203291194404008
v -1.0478419587918835 -1.609487126239378 -0.47734272567427455
v -1.0346615401512296 -1.5570516502256988 0.52178984263381956
v -1.0185106226552816 -1.5474550288160964 -0.53257640146789886
v -1.0777069113243307 -1.4806505918065871 -0.56688007551328934
v -1.1054549729045104 -1.5061020953106183 0.54327349237943534
v -0.99988347676296785 -1.4942287846437101 0.57312213455178929
v -1.0621999809807408 -1.3577434960999775 0.64215600297053177
v -1.0344909163207519 -1.2668499474097219 -0.69083866564546315
v -1.0303948756074011 -1.1886202867369711 0.72516667415436098
v -1.0555255290498609 -1.1853939684204775 -0.7225603893943725
v -1.0121639186113449 -1.0546829449475625 -0.77844962972840537
v -1.0765748158976027 -1.1045855694489177 -0.75156112457035429
v -1.0734766231905846 -1.0099398331897658 0.78373744092525954
v -1.0324105413779483 -0.97361983278140529 -0.80096982134052341
v -1.0413767371624161 -0.92434753424651606 0.81402059637044133
v -1.0511043576827963 -0.88942258745212877 -0.82249217925075424
v -1.0928490412055558 -0.85702974785373198 0.82530834504093709
v -1.0713774930343187 -0.80028585833813204 -0.84277469283488726
v -0.99892900987622857 -0.75339684453127664 0.86391242678477875
v -1.0220483030489447 -0.644503905006096 -0.88189677153521606
v -1.055127152668309 -0.67138916901023216 0.87292032137163855
v -1.0485211256305849 -0.547850401198823 -0.89452340706952649
v -1.0608656390112883 -0.50330386578317443 0.89918320720796807
v -1.0774872416678487 -0.4547937422306812 -0.90366346968628164
v -1.1096703477794596 -0.36795358371123343 -0.90894872779417135
v -1.0485217298617722 -0.34245117103700368 0.91962937927314714
v -1.0584014810333544 -0.2927855863964679 -0.92254845562632992
v -1.0907501884124973 -0.26437386217154957 0.92055028200806244
v -1.0160758323658634 -0.12227843013491005 -0.93755267560110289
v -1.0432077861092128 -0.18475421969995495 0.93154430563356394
v -1.1060598161824327 -0.07178713872872261 -0.92728492019273079
v -0.9901360100709945 -0.020148527982582626 0.94274882778771862
v -1.0089230211619802 -0.006607973765739926 -0.94042944370241177
v -1.072959931488225 0.036943619306486215 0.93237113537963867
v -1.0476244364044964 0.10996487568394495 -0.93399982939281079
v -1.0595998031551195 0.13617238032993878 0.93179340281306122
v -1.0896877603237052 0.21039115262936514 -0.92402272983054023
v -1.060436997204562 0.23302352991429653 0.9267356141901314
v -1.07612763181876 0.38694626439075264 -0.91139361358987525
v -1.0592343120629204 0.32999786684085153 0.91934461361033915
v -1.115102698489296 0.47591770333705924 -0.89562131428526093
v -1.0534109885582086 0.52843075029263897 0.8966168940253082
v -1.0561911243631523 0.55541853864636914 -0.89252536344470468
v -1.0541099491954189 0.62215581289249156 0.88166322563483224
v -1.034131642734152 0.72065972506864284 -0.86593197373486819
v -1.0600425061567937 0.713701463327584 0.86408609704592076
v -1.1428939171620429 0.74455106651857961 0.8453752488413917
v -1.0625788481319278 0.88833507658982525 -0.82117696262498296
v -0.99997950840060379 0.86862415590497832 0.83544241163480593
v -1.0897699698547372 0.90048691156284744 0.8136050598867246
v -1.0465827810440527 1.0689886189016087 -0.76893675411093187
v -1.060439168824882 1.0688709459869212 0.76705270587246266
v -1.0713057776545141 1.147441253663273 -0.73564495371906358
v -1.0181890668014142 1.1347193453616484 0.74924390698961385
v -1.0207204425259886 1.2695590871048186 -0.69176664027825774
v -1.02163564857339 1.2214500545276405 0.71248712717010754
v -1.0467389380126462 1.3457299927767032 -0.65155599041981704
v -1.0764358111270143 1.3088120808399417 0.66444706086105831
v -1.0013633176111782 1.4721604542713425 -0.5866407964329986
v -1.0793970794392262 1.4488005340493626 0.58578182099845599
v -1.0743825888150513 1.5028248468867214 -0.55332690036367049
v -1.0581866672083047 1.5911763349924124 -0.48969253457930878
v -1.0294398555762723 1.5075597357603656 0.55931688661993428
v -1.0598096516565143 1.5695795412964342 0.50660930632537804
v -1.0937539143443429 1.6668576571583382 -0.411985480930043
v -1.0010795407864208 1.6267570276069632 0.47391845302586461
v -1.1327571765118551 1.7244473010601691 -0.33399330994724841
v -1.0628444592409427 1.7888851895984195 -0.2694218915794056
v -1.0575018089208328 1.7508540199689453 0.32712841341226051
v -1.0617710697316884 1.8372325531046791 -0.16974460347305251
v -1.01215291842638 1.8794627233168844 -0.0072447735117677978
v -1.0345304987432342 1.8700408092450114 0.070395164216609019
v -1.0118517343966038 1.8218480469942322 0.23215742902580683
v -0.99171618636626946 -1.8634422656791405 -0.14799855359919115
v -0.9647584184230158 -1.8905491560662093 0.024704206725920844
v -0.9475057413397262 -1.8785710715225812 0.12522723570691405
v -0.92051804177644292 -1.8566237989507297 -0.20248193203380405
v -0.92599682852876308 -1.7850461085183607 0.32470331226206695
v -1.0126399862853221 -1.7802805057478104 -0.3010060702512854
v -0.97858130491666528 -1.6753238380219226 -0.43590332898512507
v -0.9975831404324591 -1.7328972555561364 0.36945328521174697
v -0.9582908592438063 -1.6837334828292139 0.43256806349894589
v -0.97240819020215596 -1.6053460583723536 -0.49741863965449995
v -0.95120527901378249 -1.5693561322378979 0.53073587903543251
v -0.92408239158690986 -1.5567328911325951 -0.54581286567885079
v -0.97752603047735276 -1.4791657897435571 -0.58667677419505437
v -0.93098586865848854 -1.4583147009753119 0.60753361317504229
v -1.011714498039596 -1.338666418182288 -0.66111060870441563
v -0.97378127574284146 -1.3412213872492025 0.66594551946251557
v -0.95052303636180668 -1.2605388170673477 0.70687850193692625
v -0.98993323580179104 -1.1358306358934405 -0.75329238110603247
v -1.0031871490733597 -1.0935971115609104 0.76650475586633748
v -0.92628815482658966 -1.0843338398632298 -0.77990681298044762
v -0.89411294456669921 -1.076927736860984 0.78647456216995582
v -0.96368268628717635 -0.92585610303702237 -0.82438715179745004
v -0.94926418129142986 -0.91079963502974337 0.83048085664189919
v -0.9012320307866134 -0.77993772401032491 -0.86947134759729749
v -0.97718584497981897 -0.83732037077264343 -0.84674784129533209
v -0.9296361607548459 -0.82158440731799465 0.85686984665078092
v -0.92200376151081787 -0.67999560625501398 -0.88721773281465666
v -0.96045604443239996 -0.67423619597755857 0.88405452393489414
v -0.94830014894420567 -0.57827492908542677 -0.90190019011947131
v -0.96015395042700347 -0.5109356720156436 0.91055998059232368
v -0.9826643311899822 -0.47902375664684077 -0.91221313170675888
v -0.96286897032516805 -0.3108990398231678 -0.9328331382985724
v -0.95692278087399829 -0.34942664837830917 0.93032359950897403
v -0.95320537829516971 -0.1973694984743837 0.94187596911942462
v -0.94561184843977109 -0.16484273981821645 -0.94452673680647825
v -0.93101374720664531 -0.087647914029166066 -0.94866325955716213
v -0.90802054003466226 -0.067314181972528156 0.95178288624451113
v -0.90420554433369627 0.022734071917795334 0.95267369497427068
v -0.87092635399422391 0.16459452816779294 -0.95283891461434034
v -0.98032196956162798 0.080253904229400666 0.94313408067924798
v -0.9729425509310704 0.2065080642684281 -0.93901047910545654
v -0.90362853416158073 0.28776781846889971 0.94138341830280448
v -0.94901499120214283 0.30405113160754238 -0.93498353587007743
v -0.98904578883345284 0.2844941662673704 0.931801838439545
v -1.0194190536233505 0.46716854556334936 -0.909322068748186
v -0.96848015196690851 0.48817301547251196 0.91269353455172098
v -0.96096655622344851 0.54397734638685924 -0.90587053744861223
v -0.97276162780317699 0.58365813665599364 0.89812250764859958
v -0.99561589213065849 0.63315488780645746 -0.88705153500901823
v -0.97665435572905368 0.67778379136878475 0.88136492220182805
v -0.98344428836102127 0.80590816417883937 -0.85373166469639405
v -0.98587023715231725 0.773386161537575 0.86119863142028275
v -0.9408980132933592 0.90284393323541012 -0.83376416877131432
v -0.91086319014123762 0.83706796168568121 0.85534557938556022
v -0.90194130038868103 0.9960317793849901 -0.81128605678642252
v -1.0112080570740893 0.9750293591548298 0.80347413383547539
v -0.95596628860177912 1.0695618898516408 -0.78127490407503264
v -0.97025293050419559 1.0713425269873889 0.77872896633698052
v -0.99931851525607251 1.1279849967496323 -0.75488486958645218
v -0.94304843086762735 1.15718577012815 0.75208223742832203
v -0.93323392081845258 1.2481262888508093 -0.71466803053592198
v -0.97606355644516851 1.3166625125613793 0.67698558736085757
v -0.9536734425468073 1.3304778188426634 -0.67403131614191947
v -0.93058352941330913 1.4072646095660559 0.63737988970463821
v -0.90599706555182336 1.4819725535058612 -0.59717607934752448
v -1.0035429719352076 1.4489973348006542 0.60006205933563495
v -0.97837929308126914 1.5395452413892692 -0.54742681527668868
v -0.94904712340668695 1.6083469216368893 -0.49997487863765855
v -0.94468925268762027 1.4924463050914958 0.58418128675053682
v -0.97026974312071246 1.5621353127573461 0.53228638396408801
v -0.98126852842277956 1.6696263063612373 -0.44121050540068274
v -0.93963220104916922 1.6828999824279063 0.43811832222399444
v -1.022616564702622 1.7324732165932137 -0.36295009764591818
v -0.94825066118770773 1.7886901209604589 -0.3118193493792713
v -0.97427398295681933 1.7302818556320443 0.37870691359655029
v -0.94832534831957382 1.7820148048645057 0.32180742781257893
v -0.96772235770432302 1.8777091075990291 -0.10820201485603717
v -0.93595265846579567 1.858367648502095 0.19084096219855556
v -0.9929863936956731 1.8654755011989355 0.13743765228299876
v -0.9217535260307127 1.8997235768932921 -0.015098538553947563
v -0.9590580974575027 1.8894698205631311 0.061905821646525264
v -0.82750537912495126 -1.8865610304771161 -0.17766852889801601
v -0.89747122603292728 -1.9048356400507205 -0.038082959952122727
v -0.83029452924291003 -1.8888885940435438 0.17090094315310178
v -0.7684939312175485 -1.7483876407600121 -0.40881969916602862
v -0.85916416701878839 -1.8468456797245971 -0.25428150928937077
v -0.83514063943022387 -1.8315507946735432 0.28436333794526419
v -0.79300890606080765 -1.6717689940407434 -0.47873248220337938
v -0.86874559459718548 -1.6996578937185958 0.43803469309063275
v -0.81696832083072413 -1.6519401067493324 0.49059125689056021
v -0.80978722658042634 -1.5776202858995441 -0.55132375254822175
v -0.85816211142236876 -1.5854914154133837 0.53642686940969353
v -0.87170184233437731 -1.4859592009210068 -0.60040029524929983
v -0.85391992761560076 -1.4627455724108216 0.61770685554906435
v -0.81863667906266546 -1.4129779001957041 -0.65196514560831742
v -0.90824738923982762 -1.401294497116214 0.64458514532929301
v -0.88018137226114856 -1.3291436366997476 0.68514962503479604
v -0.87836969496384298 -1.2472248305438918 -0.72289211636097361
v -0.84903891731831083 -1.2493238846206967 0.72603109409856914
v -0.81263892264597148 -1.1948447714403236 -0.75400150700728008
v -0.90225436223590516 -1.1658446430622948 -0.75435724424279205
v -0.92164030857688239 -1.1722239783330586 0.74885382250661092
v -0.86749989271092642 -1.0313420351161191 -0.80455677783016399
v -0.7923985307523459 -1.048905333436446 0.80753664890775234
v -0.89502071584814169 -0.96373511766901854 -0.82224383664023093
v -0.78108159872116889 -0.9550310196009083 0.83798715449886563
v -0.85527582527083501 -0.88808377203763966 0.84857226492607196
v -0.82703881581539873 -0.72110219192582059 -0.88938697656988008
v -0.8316661963383718 -0.78687939049006206 0.87532595069793229
v -0.83382386800224662 -0.61438951837311417 -0.90829497508873347
v -0.86531771540570845 -0.68578310205196313 0.89239083597692859
v -0.85924893533729896 -0.51721571407451705 0.92090630964758369
v -0.82222016669740816 -0.42281819742924942 -0.93680111161818069
v -0.86769683187298197 -0.32717967685637017 -0.94209150813591513
v -0.86246917866122352 -0.35359901292154483 0.94046897883772951
v -0.81809830232855385 -0.24564305509044146 -0.95370615581905394
v -0.868958673207613 -0.2006478543927625 0.95105458324479875
v -0.8700745691361248 -0.15994337686461063 -0.95319195467097262
v -0.83960041964278298 -0.12299247224930887 0.95760411453415417
v -0.84382686564329479 -0.074018802630255634 -0.95854706748031182
v -0.8171827910135534 -0.02796907698035183 0.96160816268431715
v -0.8254005832502912 -0.00064451671762384699 -0.96087769226327369
v -0.83566616281461281 0.057149346771399004 0.95979908889534193
v -0.84909843954673614 0.071939202228443661 -0.95808418488372593
v -0.80333030970526798 0.12669816895106492 0.96093466639501435
v -0.79683794270111052 0.21780794023095923 -0.95735233969420486
v -0.85465375415507583 0.20326986035981057 0.95244980719776584
v -0.87735086454643341 0.26240195594928717 -0.94641698124778861
v -0.8503205347105105 0.37453185537722533 0.93939091574612388
v -0.84939162114554101 0.45307531307791016 -0.93075560944011904
v -0.88173066836888536 0.45933322896869921 0.92644757335321537
v -0.8699752706780508 0.52796986213782082 -0.91822086293426353
v -0.89330430585710774 0.54749628385926963 0.91291674489750041
v -0.8970467977781611 0.6181188599355637 -0.90095435177400895
v -0.89383845843642595 0.63769085422582084 0.89804883487471432
v -0.82280158500205003 0.69372028326816426 -0.89512972851882922
v -0.89625652810664869 0.73602871933049197 0.87918320898377678
v -0.85647001384567456 0.81263669765599211 -0.86715234490725135
v -0.83556444954640974 0.9261161733201374 -0.84006580492363891
v -0.80886200999941815 1.0121968365199141 -0.81717877872227163
v -0.83634809320250558 0.91879353106939543 0.84203822653931615
v -0.86465004921334043 1.0793709482185128 -0.78931757018497517
v -0.87921726929891764 1.0901716795137186 0.78378391629155097
v -0.82763237910296183 1.14813028124031 -0.76987884878526724
v -0.85072557068679711 1.1773088066159161 0.75668052075223868
v -0.84069122813270458 1.2232511588862252 -0.73826514343691174
v -0.82110282997198225 1.2603823207287528 0.72483920400099966
v -0.78591058267523572 1.3728244552957307 -0.6768547786887088
v -0.82268788103669543 1.3970752245501852 0.66005926093621692
v -0.88171033239177499 1.3947656890983393 -0.65281645948106193
v -0.80414678354067881 1.4551300554655706 -0.62952303955600464
v -0.85342338750326796 1.4738754006438779 0.61090347824467928
v -0.87971977502365106 1.5710516218448696 -0.54367658814788156
v -0.87865269109190047 1.5494494059136013 0.55956044233600755
v -0.84897888844763592 1.6671957126037282 -0.47266955233385077
v -0.82992990696887747 1.6814985916726863 0.46389859072145995
v -0.86448460470023247 1.7871694216073617 -0.34202241723807564
v -0.84876597787489527 1.7974532593976522 0.33147250354216118
v -0.86382402913574763 1.8339777980503815 -0.27203004442837442
v -0.7738231330133577 1.9119914173160233 -0.13074512089526422
v -0.80756177094709314 1.8483708202015252 0.2673048162408857
v -0.85833093539716077 1.8734528730742057 0.19510015549783483
v -0.8480592810615396 1.914991919049976 -0.0078511985951623953
v -0.87712742532302135 1.9079996511300328 0.055819798588223814
v -0.7638542692973973 -1.9195167069874162 -0.10386120714811381
v -0.77540902873827222 -1.8569588366147813 -0.26394953005324506
v -0.76766790611309843 -1.9260939913113337 0.069229207217770691
v -0.73771452492503309 -1.8714200882027074 0.25243191129688203
v -0.72794906615035082 -1.8143996800101274 -0.3407531912297796
v -0.74633644871351679 -1.8144876113395625 0.33585419505258401
v -0.74375435309165572 -1.7650427184692026 0.3962374352256538
v -0.70241947439179209 -1.707248775578692 -0.46345376056652665
v -0.71125624333359316 -1.6325648303906506 -0.52385541366050314
v -0.77948322364225253 -1.7159075519028544 0.44088772859349101
v -0.72368407686218084 -1.6693517476227961 0.49235840727808872
v -0.7036952557066205 -1.553069861454901 -0.58259109861749414
v -0.70692257577476503 -1.5417786494448265 0.58922974981866083
v -0.68691368326403712 -1.4847211025181113 -0.62748446197332264
v -0.76006700080017531 -1.4679750985702877 0.62842174284853847
v -0.72276382565898611 -1.4215360573212827 -0.65996504313963489
v -0.76410199150420577 -1.348615323971315 -0.6911922235592004
v -0.81717881714066898 -1.3975845596025285 0.66050415707938182
v -0.717163425490845 -1.3956018728947952 0.67355440203822747
v -0.79242930569794046 -1.2743525798530824 -0.72207423549425498
v -0.75853478750019498 -1.2488785168421541 0.7377145539170703
v -0.74486409427566325 -1.1392789264179306 -0.78194142721821425
v -0.68832149453414038 -1.2031628775892675 0.76418018132600007
v -0.77955543634667201 -1.0519175534241425 -0.80802234065111656
v -0.76941108025823723 -0.90222126553044479 -0.85413662210484242
v -0.69769693904396812 -0.92664181530087575 0.8544049301372193
v -0.71380663002972133 -0.83950529813654151 -0.87473139594838345
v -0.8757545385077008 -0.88511103500759869 -0.84689448074609364
v -0.76344382629498997 -0.86846229980559131 0.86366008156118079
v -0.73996669011970806 -0.75706980485691333 -0.89077559427907471
v -0.76143866372317526 -0.70239912470711385 0.89950271145176175
v -0.72338064081791054 -0.61419192771731712 -0.91881371798466061
v -0.75506012626215158 -0.52019207378203214 0.93076030805905863
v -0.77458398673798334 -0.52160091465233593 -0.92866741037654044
v -0.7692641093208501 -0.34109845158894214 -0.95076584176874634
v -0.76636650224351843 -0.35480552913031244 0.94987448606659508
v -0.71941867420137218 -0.25701780125244805 -0.96196164007760954
v -0.67401044238437657 -0.18003317958150175 0.96945493624288082
v -0.76955765872836857 -0.15107074158724287 -0.96332736549927878
v -0.75082633159641676 -0.10759677581074319 0.96600422787787199
v -0.76423313975978202 -0.047034636261127534 -0.96631479835131906
v -0.76790267698148795 0.042641881910386072 -0.96598861726494512
v -0.76039852309897715 0.050270397698851624 0.96665565316561275
v -0.78705512244092279 0.1301762407335427 -0.96229439791283866
v -0.71461413250063222 0.12738087430456496 0.96832612978964305
v -0.73305176663093496 0.17851105521739608 -0.96493893946413156
v -0.76009996826038118 0.20769185908467619 0.9613481034697593
v -0.70388133494378313 0.35110605547005314 -0.95572653863525314
v -0.74785755351801964 0.38285135876351517 0.94846634926471141
v -0.78528134715323072 0.40665307871218381 -0.94224551439357607
v -0.73595895177849091 0.48729204479389487 0.93698047531217177
v -0.7853236617211482 0.49832082995340471 -0.93084004683330168
v -0.81587974273344654 0.51999675788158894 0.92481161674329593
v -0.80022106338942434 0.59147519406625937 -0.91543282465719167
v -0.79662394576613471 0.68521407689776836 0.89936915894131131
v -0.73169340572978969 0.76567852063640118 -0.88959157576445802
v -0.74626634036371364 0.87497951295814003 -0.86358769765870003
v -0.73236532904570706 0.87357823281165792 0.86513933966107404
v -0.75674123357773593 0.95662033492506904 -0.84023305396879855
v -0.73987596824707413 0.97123007663794725 0.8374001765283039
v -0.77289567835108319 1.0922773360608906 -0.79516015432979026
v -0.73781201352467685 1.0505254216068782 0.81282104349019046
v -0.73878152135223518 1.186744456847346 -0.76543125316357252
v -0.75531147839092205 1.1974534179105849 0.75980831360831891
v -0.76333161757539747 1.2857605487359225 -0.72047262303643389
v -0.73100024694410792 1.28512275241882 0.7244524801268134
v -0.71942775608419685 1.378140372825315 0.6820335597848175
v -0.71960401296417764 1.5180868061025257 -0.60239326190156395
v -0.75784655716455662 1.4591323412994719 0.63404766561602466
v -0.7156445625506852 1.5907141704513676 0.55647035440772563
v -0.72125945964720262 1.6654149134005409 -0.49601929138158496
v -0.74803458166393388 1.6474215092672038 0.50624899570787429
v -0.75362797894575528 1.7201117184766526 -0.44205675102388536
v -0.7188004164924735 1.776838591971424 -0.38798385994985718
v -0.72329790562274965 1.7058187408640642 0.46142153410470016
v -0.78870051742438263 1.7525502443703398 0.39990658033964782
v -0.78346075973119245 1.8130329551595987 -0.32745265416404179
v -0.75722420225923937 1.874713044404152 -0.23702404357737039
v -0.7501828035702045 1.8121598272522867 0.33834866807250413
v -0.7827118746041668 1.9272206734747475 -0.039320142273086833
v -0.79582563803950146 1.9247666358728137 0.043645871341479098
v -0.7229121619671901 1.9246392324063515 0.11207068507851492
v -0.57854141567930728 -1.8764807927461546 -0.28282755854342639
v -0.66684501465522283 -1.9343450254412975 -0.10957594940516249
v -0.66506480860567496 -1.9432867909590581 0.06848716790100344
v -0.70985303879898098 -1.915193798110655 0.15930437264786021
v -0.6420225182582967 -1.8954916733296368 0.231667502640414
v -0.658457370952515 -1.8464653430746765 0.31067106205461736
v -0.63114320568431337 -1.8265587844604354 -0.34667077797583334
v -0.67531013505523008 -1.7693304005384991 -0.40488701892469525
v -0.67114182773834941 -1.7909193368806844 0.38140996974024138
v -0.60286020199405388 -1.7572373261720111 0.43043493129451998
v -0.63178875603797746 -1.7321735431172967 -0.45224377511616676
v -0.63047376674073896 -1.6752014417409069 -0.50130572907825421
v -0.69186677491664295 -1.7331452351311829 0.44021776258410761
v -0.6291408472844785 -1.6902583667273816 0.48868506543391876
v -0.62610814790676061 -1.6030134343526419 -0.55931338947073861
v -0.61903363663197797 -1.5228423897580363 -0.61176288534634604
v -0.66268200540184341 -1.6180982768458387 0.54298464906351374
v -0.59198399531576262 -1.5545986990488263 0.59492070774140404
v -0.65813028453752787 -1.4737681546576362 0.63806123570251894
v -0.62264734425790969 -1.4322173120546671 -0.66521008335230436
v -0.67870020014080978 -1.3536043188608411 -0.69846858344735274
v -0.67230783002199224 -1.3066783115497478 0.72096592161689554
v -0.72608956642562561 -1.2269508207137778 -0.75073238523314312
v -0.63622187619709147 -1.175836762155019 -0.7792101627803818
v -0.60749725129223409 -1.15002271381902 0.79092185440479235
v -0.68418446832621727 -1.0721655132668211 -0.81091107106732641
v -0.6177276139146447 -1.0592750817864602 0.82122222960933799
v -0.67937235642492033 -0.91819604586791492 -0.85856185943375807
v -0.62247790577174855 -0.97214336377144273 0.84805503383427228
v -0.63979027222603702 -0.86037340434031129 -0.87623375682086235
v -0.68987322077088564 -0.85874066308148389 0.8725208895988491
v -0.65349709118059118 -0.78674737393675698 -0.89162943103671621
v -0.65685950446058938 -0.72629361416172789 0.9039419560452846
v -0.68113168670276836 -0.7001329166192205 -0.90693116234897897
v -0.66838012606712638 -0.53544673130257081 -0.93613246984003529
v -0.6558942645794279 -0.51105269865087255 0.94059126620743372
v -0.71912387093632979 -0.43791368651650647 -0.9448314706016856
v -0.62154893756995833 -0.43316113705029485 0.95335962812964614
v -0.66793906624945798 -0.35381073286647907 -0.9585996214122825
v -0.66995001350180805 -0.35580324069298991 0.95820444608876332
v -0.62082958756781892 -0.27039625648474175 -0.96822922857337679
v -0.66821383653565669 -0.17769694237258943 -0.97002259522489354
v -0.67616221103673479 -0.0045039966410237477 -0.97323873038737863
v -0.63119666827093202 -0.033802340255862456 0.97645417273255519
v -0.67058704938601266 0.046435038371358581 0.97367235407132369
v -0.65800873216233613 0.1838825474032097 -0.97050704531350962
v -0.66844957423040685 0.20804581733473423 0.96848681632275013
v -0.7190344345547911 0.25399316391108578 -0.9622183731840569
v -0.62508514925546632 0.2888111486729576 0.96656440754675077
v -0.66701511214433773 0.35419870606079856 0.9586363611652079
v -0.69966616816190474 0.45277656113061227 -0.94486156995840187
v -0.65744826715229532 0.43626458695814857 0.95034469433641966
v -0.7075761664707011 0.55284246090321632 -0.93032908415074778
v -0.64014576804745671 0.55223607771146932 0.93603790774768192
v -0.62367711327342978 0.60701938713877202 -0.92821946424798774
v -0.68124119586707843 0.66662818697587523 0.91343650713580016
v -0.62289149058308091 0.71331273081011481 -0.90898579362488818
v -0.71285041423502638 0.77001901817091167 0.89025542742917596
v -0.62244558998695865 0.84024816324761553 -0.88204047794494278
v -0.63772015681015271 0.84018465659188224 0.88092314114079495
v -0.67300851868930911 0.94538250892534126 -0.85153437314537461
v -0.65134240676583521 0.93425521466548678 0.85669780706796561
v -0.67677247645590644 1.102775320326173 -0.80110956021139901
v -0.5896982629819244 1.0760725313424528 0.81782547865697131
v -0.62470438599321598 1.181658035541719 -0.77798697611069234
v -0.66233206620807938 1.2662789975519984 -0.74083116417453942
v -0.65724338117049241 1.2251704082335864 0.75894884057806855
v -0.69000009604697965 1.3509623873285159 -0.6984396505263577
v -0.71156737179388485 1.4320967142582921 -0.65582261652307405
v -0.64537167889816949 1.475573540086156 -0.63837946725058325
v -0.61510519422304577 1.4034170717483503 0.68032850350878316
v -0.67655957440068371 1.4496820768217464 0.65010253617128877
v -0.61102663763451659 1.5377933032433222 -0.60330823097331576
v -0.59971276535524387 1.5785407510417406 0.57856133196150794
v -0.66801921493161776 1.6018377561368222 -0.55516283303720659
v -0.61492770069048985 1.6727933157245767 -0.50542544499883457
v -0.66050083767509526 1.6523614766482684 0.51591338197906411
v -0.66477960559433924 1.7311086872466532 -0.44764854430186812
v -0.59843736493675637 1.8066252646297916 -0.3762631051331139
v -0.62238986554651676 1.7207489116682444 0.46366823313258004
v -0.6878843862271532 1.7685783496546241 0.4032880828856249
v -0.678592436644327 1.8401296815841548 -0.31495435207400407
v -0.65216752414812862 1.8267896115178064 0.3416524666200399
v -0.61592022353950959 1.8760460763077687 0.27520945782415934
v -0.65004063561817671 1.8884015109238548 -0.24583393256751895
v -0.67633371837370349 1.9183023950469245 -0.16495674620071696
v -0.63146561198918216 1.9519869871766617 -0.0068628842147248625
v -0.65577819408810267 1.9455867469402872 0.064697803561881345
v -0.6251158041109699 1.9353607175763243 0.13371303635879431
v -0.49928730678151095 -1.876412112973834 -0.29846431650192445
v -0.53924365715289957 -1.833251518029257 -0.35572107973372891
v -0.56451967137386794 -1.9480474086905162 -0.11384867539111712
v -0.51591045367255717 -1.9672778842062932 -0.019541385786451475
v -0.56676787320881816 -1.9571849045297951 0.068946768931242339
v -0.51925188838131253 -1.9437111794189217 0.15605284857212035
v -0.56964926796725601 -1.8746959811093944 0.2876295431265305
v -0.58760196658304553 -1.7777197569896113 -0.41058770095393515
v -0.58415698298917995 -1.8199671019011561 0.36363360186075805
v -0.50996824467748048 -1.7845471287584593 0.41457954717385093
v -0.56010092468349038 -1.7203906123750816 -0.47227797964683887
v -0.54926886384357376 -1.6500881064330637 -0.53251075220426314
v -0.5613545736962211 -1.6417423530266579 0.53771563120930099
v -0.46332330492900092 -1.622274854632229 -0.56285164275175459
v -0.54120985445239633 -1.5719879594382948 -0.58916452199924807
v -0.50719486571238515 -1.5294682510477655 0.61915268381201316
v -0.5353157108862322 -1.4881827436146715 -0.64235234399715546
v -0.55893921319998985 -1.4752559086880435 0.64818159417420129
v -0.59238078279420858 -1.3432422271022879 -0.71185179347262961
v -0.55762666618953505 -1.329871758356709 0.72136942697161721
v -0.56112125442948568 -1.2622622606324116 -0.7524137329162176
v -0.589568955786544 -1.2420920679941521 0.75825216645825255
v -0.5850928073779128 -1.0814035258155856 -0.81637673727383298
v -0.54111364798912132 -1.013288219306544 0.84177703924523828
v -0.54702251111570332 -1.0022336971467474 -0.84482123970305101
v -0.54930370487226354 -0.92831484826367161 0.86587392119112527
v -0.59437616935669046 -0.92354027269038352 -0.86380604735329591
v -0.55902626572010672 -0.84611473707957308 0.88543452259464495
v -0.58731312882541542 -0.72950899957525839 -0.90847195334704844
v -0.5693079720057117 -0.76409126870796462 0.90290035213755016
v -0.56501446985820492 -0.66839559836194407 0.92200686721017144
v -0.55930986273624028 -0.55408524194553099 -0.94176892421970793
v -0.58155017678162657 -0.5678661535325753 0.93786551699656151
v -0.56595457971046315 -0.36220762513644544 -0.96478490299162867
v -0.53520562646419856 -0.440329982368657 0.95870765689110216
v -0.52517894042250801 -0.27774705176406916 -0.97371711079119183
v -0.57470939212888172 -0.36119516024699838 0.96430249531934553
v -0.56632806059174778 -0.20036762817741371 0.97581087021946855
v -0.53187906844999588 -0.11267478882840361 -0.9812580305169164
v -0.57282235794740355 -0.022143125086794675 -0.98034579342079042
v -0.54249497462329743 -0.049548575339467278 0.98222250140981682
v -0.51984025413699309 0.036454211848462703 -0.98348109699238928
v -0.57551028973353935 0.037890511207199176 0.98016659796838135
v -0.49901160626046415 0.11679245473552463 -0.98298105899087906
v -0.51954281685042802 0.12177774907945653 0.98171580382172718
v -0.52766859046028414 0.29602073149062613 -0.97220827092071249
v -0.53409965798956538 0.29785448886903215 0.97171345758792749
v -0.47892454116964978 0.38645058906431973 -0.96731115345282992
v -0.59694408254239117 0.39388906727112583 -0.95954577329233659
v -0.59077177111376711 0.37221801605143529 0.96212938447324281
v -0.55134162670295384 0.55982915898199137 -0.94139066265152838
v -0.52071016044194041 0.56364724445967984 0.94264514632259355
v -0.52160824779775739 0.64645285906558714 -0.92878877306384244
v -0.57377837241927443 0.65577741441447301 0.92378932939493796
v -0.51836117538978888 0.76130420618405148 -0.9068343462728613
v -0.51858248514254013 0.74326749351755328 0.91043139176795085
v -0.55216598748212076 0.89934422927168411 0.8729398918274025
v -0.56845635943118145 0.94790975367637254 -0.85963366302720678
v -0.49548786494087294 0.97803170356277747 0.8559631575712936
v -0.52786111588097351 1.0349108269780027 -0.83594028907763995
v -0.52483091540420801 1.0409084277544205 0.83427646942367362
v -0.5278186724213213 1.1728845243633614 -0.78896561777892538
v -0.57868872217764389 1.1649955439414112 0.78807004911210543
v -0.56185236552980322 1.2528167434172583 -0.7563921820941103
v -0.59343134353317861 1.333291690035427 -0.71637163227853196
v -0.55743765536562118 1.2586609022168884 0.75430799119561942
v -0.53736495212921132 1.3491443798129283 0.71406237146909612
v -0.56087272187721615 1.4734878253839483 -0.64907181194179131
v -0.60051622896568913 1.4854398215411644 0.63719698022258975
v -0.50811949022110958 1.5432018583529405 -0.61048356586584129
v -0.50263921170012471 1.5216836126704809 0.62443990261376614
v -0.56215785144798336 1.6106271235608383 -0.56134318516069392
v -0.55381294511740886 1.6653214099998457 0.51981921143152232
v -0.55905091665033091 1.7438941884172912 -0.45191356271619715
v -0.50431590927205538 1.7953566841340474 -0.40320384396040104
v -0.51963144460297583 1.7381319331325065 0.46179547410370558
v -0.58816830333804626 1.783841664813121 0.40360616519331993
v -0.57779773289319425 1.8770044766012899 -0.2821636552808206
v -0.55483220417411105 1.8412882803352095 0.34150774370736714
v -0.48580533288176003 1.9604751754823988 -0.099542984049547922
v -0.53580857426967587 1.9649506186393788 -0.012817775566575432
v -0.57911488716896919 1.9559377040154469 0.066639628734295936
v -0.53655295025748917 1.9451671127227608 0.14406316139353414
v -0.52151607649836162 1.8892691532213279 0.27399089727360498
v -0.41518123163792697 -1.9777162137533963 -0.011655819738939366
v -0.46952835762346656 -1.9676914488817885 0.074308449434831253
v -0.42160581690055104 -1.8969125288813247 -0.27917079915802301
v -0.44904082701390691 -1.8451554151426606 -0.354704460013467
v -0.45970867507359425 -1.9614721684088934 -0.10930541087545674
v -0.42427688335685476 -1.9507697353600235 0.16398913676387508
v -0.47743548400196623 -1.9092166015264516 0.24959313894988885
v -0.39802083559864798 -1.8744466503424582 0.31823584481521411
v -0.48603283369809352 -1.7773745807329164 -0.42597302633861256
v -0.38512239827213968 -1.6703792368442563 -0.53278798095718194
v -0.4617406501156997 -1.6690020275850392 0.52698820431763893
v -0.45457086537707958 -1.5394530656280252 -0.61778476732299037
v -0.49052914343634096 -1.5935811126047101 0.5794617449823839
v -0.4282260204120929 -1.5433363268981846 0.61730966959750311
v -0.44842087757718452 -1.4530289884894509 -0.66959947601011405
v -0.42454961330979696 -1.415623981155564 0.68981761550355836
v -0.51801662189063091 -1.3295867393892655 -0.72467828628790643
v -0.46377087970705694 -1.3467373942862575 0.72102069986220574
v -0.36967358365246239 -1.3139676540625929 -0.74235608892446237
v -0.49412422483560797 -1.269751876876638 0.7543549801572631
v -0.50831853074695355 -1.1671992480653861 -0.79245177289583069
v -0.44867339165268572 -1.1360896519816108 0.80738063512031344
v -0.5055787962440853 -1.0722360821400529 -0.82546009197467918
v -0.45754869132211218 -1.0523056717239028 0.83538720735557814
v -0.46231063414354195 -1.0109267434329354 -0.84798743197279514
v -0.46670057317063957 -0.96497144826283443 0.861659410808713
v -0.45829373257682593 -0.85398932311471987 -0.88994552046190811
v -0.4784716860510152 -0.8789560667150822 0.88258596341909046
v -0.410581655274605 -0.79456641592878907 -0.90555303795063657
v -0.43336569372562289 -0.74546976308251056 0.91500198992371229
v -0.40358592072432387 -0.70147887619986626 -0.92502637955836475
v -0.46611051625565769 -0.67430653216192626 0.92707947801221668
v -0.44634436432320684 -0.58317169589084561 -0.94388030429852798
v -0.42547714102397888 -0.54726227462959742 0.95066531909038421
v -0.4897912272187106 -0.45947648195714236 -0.95924665304239576
v -0.44638189159667963 -0.46039037268084132 0.96148827085908284
v -0.42137877574080751 -0.28498056161763363 -0.97857275471443961
v -0.47889495063557158 -0.37333716655203236 0.96862413962261851
v -0.46798829684423593 -0.21128601524604701 0.98084796557463405
v -0.44558270955145096 -0.12324136715450851 -0.98568852216430503
v -0.42318864587464156 -0.1357649617596732 0.9863707240181453
v -0.48442767432765926 -0.038974446903280634 -0.9854484625373523
v -0.46735201021626016 -0.071480757011728124 0.98587271788087416
v -0.43914269664707367 0.038338250998797931 -0.98779315287629166
v -0.40200728724684098 0.12467717046403465 0.9875893125173274
v -0.40242055884630007 0.12950458299613515 -0.98745025957738231
v -0.46535356324928362 0.21115244731777111 -0.98100101805965623
v -0.37836549422296989 0.23054245371372972 0.98401774423773702
v -0.4278767102952607 0.30340432309533294 -0.97690217551230307
v -0.43773287965233471 0.30988224739618309 0.9759782792183137
v -0.40998958564040461 0.46691604897231542 -0.9622899971429274
v -0.46266087025855335 0.47966058992498706 0.95811801810613073
v -0.4686682669019599 0.5544037686265092 -0.94736619411095591
v -0.41756730030964134 0.56500666231536423 0.94832889947535826
v -0.46697253806992928 0.65592763322900094 0.93058221871116409
v -0.44407971164684429 0.70301464843544192 -0.92272806380033512
v -0.49609263776427476 0.86903083901397193 -0.88397955727564836
v -0.40940755064268408 0.84463164296466764 0.89448541241831392
v -0.46761052803605646 0.96626160974894504 -0.861244862564706
v -0.40892458172216495 0.97728395826148928 0.86124246771549506
v -0.42825036778306175 1.0565262139359162 -0.83573768417728034
v -0.45176291047743961 1.0470534994117364 0.83739165509417657
v -0.43722528136643696 1.1524484079888826 -0.80239331886982768
v -0.41151073423568574 1.1254929939301601 0.81308782840422178
v -0.46446357908009156 1.2374287564821365 -0.76916118999419247
v -0.45498723456926005 1.2918917260420091 0.74718187481193976
v -0.43413238683385469 1.3787247320502962 -0.70765880999117281
v -0.4401012110407192 1.3833819273781678 0.70495123936172177
v -0.45052343301661374 1.4660790898236877 -0.66288976457463911
v -0.4230284838327536 1.4684590396573998 0.66336050250872891
v -0.40436215949931814 1.5494242245570413 -0.61527242696166384
v -0.45864939696098261 1.616642225583738 -0.56703949804038001
v -0.40574805335824321 1.6856109704958726 -0.5180076157900988
v -0.47687026118833392 1.6071252050794884 0.5716970613184581
v -0.44450446670023142 1.6869587070628185 0.51341702518890697
v -0.45624202297640332 1.7471335443469815 -0.4611873736410208
v -0.39886902235217947 1.8747162601238543 -0.31768330536451694
v -0.45755871657663155 1.8556464911512656 0.3379840362976308
v -0.46951582541879089 1.9057900510112828 -0.25746248523202275
v -0.43134320106652119 1.9438722726895228 -0.17880031778194436
v -0.37390526495549303 1.9729497223800927 -0.092682381452650967
v -0.4849142213173257 1.9659131011630584 0.074207899046655659
v -0.44486349674604264 1.9493257326982838 0.16284384011013237
v -0.41777325798623022 1.9103155525612496 0.25851713150396682
v -0.31317436361129736 -1.9858865800241179 0.001892299677651782
v -0.35618077468843429 -1.9737700688523736 -0.096458200321050097
v -0.3725382940987565 -1.974945819036517 0.083309440773522855
v -0.32974996913873938 -1.9180327561485651 -0.25845777289787886
v -0.34629400311593039 -1.8606712564423653 -0.34677395374818737
v -0.37353539717217532 -1.9229449814073813 0.24134881322021853
v -0.32281872772667736 -1.8942972634242923 0.29680910764598428
v -0.31621813706592938 -1.7934723202382881 -0.42656942909539947
v -0.33605409695006322 -1.7722230358025073 0.4488218774286416
v -0.23336695530868889 -1.6505084961562635 -0.55864544753983469
v -0.35972571854366253 -1.6948053723837959 0.51428324839110451
v -0.37546064258033041 -1.5914819007544201 -0.59005117681433505
v -0.39368508945198799 -1.6166281172916019 0.57193707342868361
v -0.33327560155974545 -1.5552512966580065 0.6165209972649065
v -0.36453639953243588 -1.5054314017814512 -0.64571799749025083
v -0.36317724415109842 -1.4110078916240272 -0.69602231862860942
v -0.37875531476669677 -1.4830678856294908 0.65834532988501704
v -0.3364922320561694 -1.412359788527876 0.69677013092113771
v -0.44821522869360314 -1.3646193374484439 -0.7138173586025911
v -0.30958213907959864 -1.3241012540359087 0.74076886296598954
v -0.38284193118689674 -1.202048324208544 -0.78710113982050378
v -0.40530535912982335 -1.2921835620608948 0.75020779668859294
v -0.34543942766510777 -1.2328431534472661 0.77751855230344002
v -0.37899867741769244 -1.1662157848479737 0.80075185617900679
v -0.37493680814154862 -1.0245700509471996 -0.84868584953578274
v -0.29450586897873599 -1.0488265751724137 0.84475421727227329
v -0.32747403862594782 -0.94991758532383075 -0.87227589865945176
v -0.37994265814849576 -1.0025730749071635 0.85528180177013025
v -0.37119626669942396 -0.86667720787128377 -0.89124861527710098
v -0.32510567341603724 -0.8480182263731143 0.89754491028788463
v -0.33313241556335371 -0.78904967940738879 -0.91035174508962691
v -0.34917757690178686 -0.76284980577232986 0.91557967399599427
v -0.33454259574634582 -0.59546616464146052 0.94711782267365296
v -0.37069554901748852 -0.50705700454763392 -0.95895464818233533
v -0.39468944099553349 -0.39720237160655275 -0.97025063616883622
v -0.35211428572297759 -0.48981980155729732 0.96198347397933059
v -0.3161837308614871 -0.33449010959653719 -0.97911985591428197
v -0.41823492488527769 -0.29796152384268482 0.97773890925225093
v -0.33422488770764486 -0.23388773459024439 -0.98559772419650671
v -0.35746678775200508 -0.14120128388797559 -0.98915578743705501
v -0.3307081146721581 -0.12658172963054148 0.99045691466522623
v -0.39340628098365477 -0.050166636527032724 -0.98982588246133252
v -0.39243493084167347 -0.057792049857553277 0.98968687859494142
v -0.35388480269713951 0.021948197441576757 0.99158239260739989
v -0.30490205180727464 0.14758929435892912 -0.99079192764251267
v -0.32246603152623182 0.17085971214299361 0.98914108719158311
v -0.33523231094783745 0.31765496505871871 -0.97974753908507328
v -0.39306071275698445 0.37716570590014409 -0.97232669066119037
v -0.24482066538735039 0.31503975393837541 0.98287179491402743
v -0.3119260430371939 0.50747328884892295 -0.96111639615740352
v -0.39940798493822549 0.402753829378381 0.96948577732753372
v -0.38756276195811595 0.55058179785762063 -0.95207658921320137
v -0.37580831650995195 0.48545686657701836 0.96149156245924861
v -0.35788706321810865 0.69111380766907482 -0.9292985432544737
v -0.36079697989566145 0.64925716237039643 0.93709062207922222
v -0.32022021781870302 0.94812002793404249 -0.87299394803679675
v -0.33219461708779541 0.82541696264498754 0.90230485986925513
v -0.38902505621391026 0.9816314807597214 -0.86101751519478886
v -0.32226547443521503 0.97372389494515466 0.86612478839037388
v -0.33277716772635785 1.0314118400833652 -0.84860168453978335
v -0.36276180876122571 1.0484719174098731 0.84189290512065962
v -0.35804035723177596 1.2198944999341768 -0.78178668914312044
v -0.35958303223746341 1.2242609139282299 0.78006357972836793
v -0.40552229056363465 1.30273776309207 -0.74529385849974983
v -0.35101095345918026 1.360266211697825 -0.72200518908107214
v -0.35670894528733715 1.3326730365353927 0.7344945987043211
v -0.29509768464333341 1.4163122883567854 -0.69676504993110389
v -0.34980448138145193 1.4178018674294737 0.69341517483580173
v -0.34371343203045979 1.4855217670903766 -0.65909972845859099
v -0.30505123099638581 1.5588110878608039 -0.61586414835001158
v -0.32922225335926203 1.4936058899075217 0.65527456249509752
v -0.39766227166086199 1.5493412611394164 0.61582056708571331
v -0.35961397318903154 1.6202445252416973 -0.57204992118513531
v -0.30075535164847655 1.6814615393625347 -0.5296944279190402
v -0.36405120581213163 1.6324973137938927 0.56355271158566445
v -0.34190778359684637 1.7590264074170696 -0.46102079460946094
v -0.30906471930553681 1.7943086451633985 0.42622468170134942
v -0.30834707087119506 1.8872498031384219 -0.30957554830477679
v -0.35297527449612276 1.8624558868843559 0.34335464459851334
v -0.34386286215500855 1.9486918443415251 0.18625654978986667
v -0.36671408400795225 1.9207737614244917 -0.24802130804940811
v -0.3238843285862848 1.9562267131538886 -0.17169099195529053
v -0.38086709215826742 1.9728866680435369 0.089903507711974071
v -0.30580042759907272 1.9863781757582661 0.0043775036389358743
v -0.19351754779310232 -1.9620064837600766 -0.17641362774600561
v -0.25178289256783254 -1.9831957093970158 -0.084340742882002495
v -0.2784222089289029 -1.9786035675194025 0.098504164589425278
v -0.25624234863032092 -1.9593833653102755 0.17546760640986675
v -0.25391664340603243 -1.9332607416350314 -0.23789645517595265
v -0.25929521626170715 -1.8942353271893264 -0.30396534129189889
v -0.28681578045609096 -1.9305596092100015 0.2388284551770552
v -0.2465046741258809 -1.892292884116461 0.30823906312053273
v -0.24582185080059676 -1.8429697340830047 -0.37656499010540817
v -0.21924356611228829 -1.780229555262862 -0.4486242626496415
v -0.3121609332545201 -1.8438771118224393 0.3702021388808468
v -0.25605914450882378 -1.7968136251089699 0.42782371049564122
v -0.24526731516742495 -1.7256090720847235 0.49570694004040927
v -0.27289896641172057 -1.5668154241518488 -0.61259938931884217
v -0.28974412404014405 -1.6356895362889852 0.56574747247028323
v -0.22982590441273418 -1.5628099214508513 0.61712370386805504
v -0.27276364154908267 -1.463211046551709 -0.67437919669527302
v -0.28217027151452034 -1.4844492840741339 0.66260489962281344
v -0.23781049718752262 -1.4020440424751015 0.70639356663432207
v -0.27689897713066819 -1.3629419118686383 -0.72429204144598081
v -0.20218317400210814 -1.3165169823948619 0.74860528776297275
v -0.28707240216178204 -1.2638685979490265 -0.76827714703241534
v -0.25404184054943657 -1.24258911130316 0.77767205090396618
v -0.2437202567570671 -1.1206245467751679 -0.82243554902163951
v -0.29381874568187494 -1.1512608951437486 0.80993915883929757
v -0.28487007839654621 -1.0357374816053775 -0.84924605028623001
v -0.21161873005114071 -1.0928802814026382 0.83286434931861109
v -0.23691367740680955 -0.95895872965868345 -0.87317696453300986
v -0.21248082020158046 -1.0047610165960243 0.86107508830682655
v -0.23896706037602908 -0.79164590110671607 -0.91309502759363737
v -0.25056901166182627 -0.86304929678719988 0.89681715400384321
v -0.2620485747159042 -0.78390677425668809 0.91412734774709536
v -0.24865254194858441 -0.63412811902385469 -0.94380746547185412
v -0.28886493809575686 -0.69226671241963045 0.93168446714618425
v -0.26509558195721039 -0.54566322057870664 -0.95771563788990821
v -0.2550152427451719 -0.52144521674410615 0.96126693184690637
v -0.29156636459317425 -0.44015227143611013 -0.96985034970440542
v -0.27630371566728779 -0.42244727358822176 0.97212960445339058
v -0.2367102708355836 -0.27744411926879209 -0.98587169850428547
v -0.29744408253812338 -0.30947348008352421 0.9816207580718701
v -0.26078123575642415 -0.2009357085506597 0.98969344723019337
v -0.22192637460340833 -0.090970024139946093 -0.9946332777723178
v -0.22770728543405855 -0.097823407750588759 0.99433347849692622
v -0.23328483124495678 -0.012549164410753884 -0.99539249196560031
v -0.25483147366163861 0.0048268152865858921 0.99488805301038086
v -0.23354667068576015 0.079564209544758763 -0.99466019433536756
v -0.21173219384608949 0.1679206174290914 -0.99252591364240339
v -0.24538085442537425 0.16491614688856421 0.99192838915655668
v -0.28947049947021264 0.23948907480096793 0.98680947012721842
v -0.23850332643897715 0.3382913319103617 -0.98126831187609231
v -0.2047693571920178 0.45004743588942148 -0.97122344577985475
v -0.28082488522548549 0.42757008312987937 0.97146661784728494
v -0.23260110454086014 0.56685343341549288 -0.95541624486109278
v -0.21324240461544275 0.53180196362847165 0.96092829033613147
v -0.26148483747505813 0.6660652333675704 -0.93779327698485138
v -0.25535444483059416 0.63244703742398001 0.94388723835492772
v -0.29242246887225593 0.76213759786225055 -0.91783998345858708
v -0.29693620637293305 0.73167346779158393 0.92372310662840895
v -0.31317922480351756 0.85796499229195233 -0.89577623818045848
v -0.27780768981299231 0.8988878021626443 0.88687283885022816
v -0.25225469098196979 0.99747007696042178 -0.86211827843324995
v -0.2446038496831088 0.96737545087875354 0.87066680645096906
v -0.26349839105076561 1.081299808009488 -0.83525163065132935
v -0.27199453026880122 1.039753584042187 0.84852749944671646
v -0.26597713144364465 1.1672278887332124 -0.80543520558043791
v -0.24172617983820577 1.1987695583378948 0.79446754867492186
v -0.26153604402525132 1.2559752863683751 -0.77233997677635147
v -0.26342248042026389 1.2936356937839786 0.75711166635244909
v -0.32906020252471035 1.2963802034102532 -0.75271182392575287
v -0.26972022120547862 1.3388410645042177 -0.73582356609970889
v -0.27257441105307284 1.3798811747327244 0.71605314358076577
v -0.23213825901059348 1.4904591934127305 -0.66144417904851971
v -0.27831057144816074 1.4458987032589019 0.68277122882267294
v -0.20829573875353427 1.5756815399204909 -0.60945864860646681
v -0.23693417017868235 1.5033671921668019 0.65401214056814316
v -0.29120244763124925 1.5693016127669703 0.60992507017434283
v -0.27206911476763157 1.6197425201063984 -0.57736076155159188
v -0.22346242868777386 1.7373643673548642 -0.48668404512655206
v -0.23877119783383338 1.6589450324033461 0.55227400838235152
v -0.33605955032528106 1.712895568618688 0.5006218898061896
v -0.24255157537589372 1.7379399735887524 0.48534637330827501
v -0.24826945111679194 1.8056112072897053 -0.41845735495252595
v -0.25763004132282546 1.8574876846404469 -0.35943448545489604
v -0.22702737212327603 1.8659216682734205 0.35120581794886346
v -0.29920639299558655 1.9117696863947917 0.27176803069059252
v -0.27024746184440451 1.9309477386000127 -0.24066803431105946
v -0.22771407826710727 1.9644075573528514 -0.16691146346605365
v -0.27514202078195948 1.9754134260236109 0.11554826811736506
v -0.24242678997425976 1.9478296935219401 0.20464914431922904
v -0.20754457934260007 1.9919289951268611 -0.032716411810786605
v -0.10231847268508135 -1.9754526328875643 -0.15080414331097497
v -0.091246969394020799 -1.9957584848552172 0.013900709393153569
v -0.12841709101459176 -1.9871309148690526 0.089512886922477025
v -0.10879219226984989 -1.9670821515707146 0.17139934735136261
v -0.10935675353231558 -1.943120329226617 -0.22827731090401318
v -0.19043109464763169 -1.8804332851376273 -0.33117035998355632
v -0.08345468556442194 -1.9258159130677566 0.26471795287995137
v -0.15625376621866202 -1.8877019773783146 0.32219325122683645
v -0.1271620265214628 -1.7643880431007777 -0.46745275806116848
v -0.17647081180207547 -1.7919081639343157 0.43786209202260118
v -0.18975049840353087 -1.7123156727674593 -0.50947374353847896
v -0.17184321981299447 -1.5977020653604019 -0.59612839160728681
v -0.1211662647324807 -1.5656412940071949 0.6188165106977076
v -0.17930595127056678 -1.5128726980123166 -0.65020557789277489
v -0.17723151358073166 -1.482477870998667 0.66746295876811279
v -0.18915920476240089 -1.3083173950688396 -0.75282569836242619
v -0.11538616205798377 -1.2876450035818228 0.76336507447168866
v -0.10865862927673392 -1.2380013681019753 -0.78285671138678792
v -0.17742305148781432 -1.2469592224001655 0.77818262266130345
v -0.14810468833304008 -1.1372750734296286 -0.81932055095175105
v -0.12199837886963735 -1.1218555913531973 0.8249835855469605
v -0.095945717712947326 -1.0554824153061897 -0.84800109341356356
v -0.15101819152823098 -1.0483771186023105 0.84945660316386906
v -0.14371501374640069 -0.96702955697618109 -0.87315767246223508
v -0.129913416014311 -0.97590677128234604 0.87086216969486929
v -0.14192846950589114 -0.79589381321191899 -0.91442870761632089
v -0.18244887756596526 -0.8232525550390688 0.9074668374064494
v -0.18354779536109037 -0.71420459711321715 0.9304678287155157
v -0.15527393686645732 -0.59802229463398127 -0.9521307474400954
v -0.14690289317805505 -0.62766153449168904 0.94734062510627637
v -0.083709862015234948 -0.50527712479407549 -0.96636900403154768
v -0.16336699532557095 -0.54927097050159479 0.95985300690565489
v -0.1882731467006771 -0.4794462799872356 -0.96802762318939195
v -0.18200450310233823 -0.45822129443805382 0.97082004957411383
v -0.14262066483787095 -0.320419446324751 -0.98464060147862353
v -0.19641074629011324 -0.36538262676819655 0.97987567360090844
v -0.15588710531380562 -0.22741144586404993 -0.99079237418803956
v -0.18754567508604764 -0.27429540408304909 0.9872003987154282
v -0.15899920287171579 -0.13884077847158283 -0.99483489050806451
v -0.12559038597957295 -0.10447429913988876 0.99614841769412033
v -0.15314765519113757 -0.056696403594152733 -0.9970185342729021
v -0.15392523614635706 -0.021211055784491922 0.99715603852334689
v -0.1537276255419531 0.029474091905661064 -0.99716042987011155
v -0.18516689799392849 0.083884556830834622 0.99562729171303399
v -0.11828697209323102 0.17122005050364769 -0.99406830047849548
v -0.1712451220819505 0.16713889245260127 0.99346471259709768
v -0.15727275879559199 0.29676509991723898 0.98618790300098513
v -0.080560323742998111 0.43932166130377898 -0.97426783700648445
v -0.16235037576575961 0.44089021508782372 0.97308181189170928
v -0.12762457457965901 0.53917912712490768 -0.96164331248947776
v -0.10980920737900174 0.51984755529228466 0.96425770749300754
v -0.063474446783350721 0.61839594089113248 -0.9499148715260568
v -0.15172229874530802 0.6138750836779252 0.94957631070119497
v -0.19641780939934145 0.73683119327615443 -0.9257504346705433
v -0.19126843115052478 0.71235802256023828 0.93063625189613974
v -0.17277659185504179 0.88236222366630845 -0.89390972277312264
v -0.16847389573918026 0.90628998198905431 0.88803402260270425
v -0.17380531782327754 0.95928277523643346 -0.87465418423940033
v -0.18623604966823976 1.0465660169336826 -0.84905120082013352
v -0.18186021567586869 1.0150461457371884 0.85897417229911344
v -0.16843522330277563 1.200043458250956 -0.79602569611128571
v -0.14126764671644593 1.1746595292816457 0.80615699792441553
v -0.16511868354594303 1.2656459040786778 0.77142254123485865
v -0.18177759008246483 1.3043230277025128 -0.75491456304218696
v -0.18397344778960523 1.3532380723007578 0.73213429685309261
v -0.12379549779911594 1.4525184997272298 -0.68433586729493689
v -0.13892116025406992 1.4970448676279009 0.66067550764359839
v -0.14364120629328497 1.5258085268258323 -0.64329578756456274
v -0.18112243423654814 1.5742542792328398 0.61141657441738184
v -0.18154034767948765 1.6560046584501893 -0.55690084333015111
v -0.14619626606494526 1.7227840478840426 0.50239317089442703
v -0.14667995311093354 1.7916496551415098 -0.43967365105278722
v -0.18297410873597719 1.7943106695979392 0.4347979788769189
v -0.10882855392752797 1.9027210518048354 -0.30034504364390591
v -0.17492948143728432 1.9392533527238323 -0.23251765466328819
v -0.12994857091439838 1.9747296251329693 -0.15134917116958163
v -0.15071747696511842 1.9430854673152111 0.22606228997511285
v -0.096493038137803633 1.9896106409481895 0.080661373513101403
v -0.13188413173711752 1.9922769049382303 -0.063397709829640311
v -0.14068362168588772 1.9946598925820647 0.0062950483092514345
v -0.033496916581518793 -1.9908685732836391 -0.079481488239493359
v -0.024830101155318363 -1.9633190079414227 -0.1835749880134197
v -0.045752902843005636 -1.9860792174456567 0.10342826742940514
v -0.010607829922831406 -1.9577822773611731 0.19672472314151285
v -0.049550797612541345 -1.8009047262976843 -0.43193322107447663
v -0.028125079201561192 -1.9209947998370089 -0.27357173901601911
v -0.067069656391453292 -1.8694949057491548 0.3542586389338907
v -0.054659270003763069 -1.7427690504879028 -0.48744007414917218
v -0.083010754376646914 -1.8024194103147122 0.42932626533666479
v -0.093003241801944109 -1.6351227576227154 -0.57301770873442748
v -0.051901651833014123 -1.6535412016763165 0.561499886587007
v -0.092315763932224237 -1.5584386335311089 -0.62385244202859935
v -0.019669159351576072 -1.5583995983896815 0.62465111146286512
v -0.0080125818384045866 -1.5278122467296438 -0.64376820625038866
v -0.069239469891697686 -1.3569859777119393 -0.73273058321651019
v -0.029432416690788145 -1.3225217886822294 0.74902918557374287
v 0.0046103023801245882 -1.260766664493614 -0.77512741383397443
v -0.045287586214380678 -1.2368030964397152 0.78411375185418652
v -0.034075701089154503 -1.1506814601937845 -0.8160676560269613
v -0.062140253614090903 -1.1700129221383844 0.80899846717400437
v -0.0032659171672282418 -1.0533706672840089 -0.84929213504838263
v -0.079588424236311059 -1.0427898364375547 0.85219470894163185
v -0.050748598066096925 -0.97309145761534299 -0.87262154470049635
v -0.031999513123733059 -0.95715664479998652 0.87698312960933122
v -0.043494942362976116 -0.8049679727677479 -0.91354091190022113
v -0.097362844406581189 -0.7804396935240866 0.91841314933829976
v -0.085049434813653513 -0.67947812001742869 0.93883169314331871
v 0.0047503058510847962 -0.50820225850255685 -0.96637230466810065
v -0.080800722449215129 -0.58465501085102234 0.95532445522822496
v -0.027185377458427803 -0.42738694502346791 -0.97579525611493723
v -0.093083706428976537 -0.49202825448055332 0.96792095899391861
v -0.064417110206908268 -0.35420374165786744 -0.98295899801036546
v -0.12635525896097713 -0.32829912877294537 0.9842303520269744
v -0.064317338355414269 -0.27399564213757494 -0.98899242375357788
v -0.075329342431345578 -0.18099384673128271 -0.99405691766335691
v -0.039340420255995927 -0.16490424246687846 0.99513722334242483
v -0.059723379228537231 -0.02287002198579206 -0.99822950454055837
v -0.052773735888208585 -0.05537027410794966 0.99818509220982288
v -0.07696170351856442 0.042209519770046819 0.99803796760400254
v -0.0071946528705347235 0.15533823691455886 -0.9956155236200408
v -0.028038444255211372 0.1960431442402126 0.99358027825375816
v -0.069875788742970513 0.25549231603694017 -0.99031841265126375
v -0.066165146098024041 0.28260985757910351 0.98832582639832323
v -0.023068184984216797 0.34529232438324092 -0.98379864245015702
v -0.020146139602897364 0.35293719215895775 0.98322527736697829
v -0.022854746635727348 0.52229187213682216 -0.96461110296381758
v -0.06547172069030581 0.43312843019326869 0.97505481126256532
v 0.034743997481159444 0.59974282419418656 -0.95318384031231695
v -0.051569842554132363 0.59366089497507046 0.95418434960131682
v -0.043282772268685855 0.79577145098648228 -0.91558458340716908
v -0.021124707554409951 0.75872957246912753 0.9238161119665812
v -0.13775408373206816 0.81007255978673587 -0.91132941067097673
v -0.036386013113363397 0.87073100785584212 0.8985895388453673
v -0.014115833255929119 0.9755130989063292 -0.87195187332412416
v -0.081842849971132142 0.9842540354128736 0.86913694899247806
v -0.10399851499633204 1.010981920653691 -0.86143900969687837
v -0.01438491246107463 1.0614902858738504 0.84672712219943858
v -0.060714635178019449 1.1711107740069124 -0.808606572979363
v -0.045623299967256919 1.1515647569442824 0.81576402276897753
v -0.086641693561980385 1.2673029158696152 -0.77202827633388416
v 0.0042938397948793228 1.3007616948291647 0.75893754520180223
v -0.024309745816783808 1.3226673790318551 -0.74896159005427387
v -0.088935642564508741 1.328390363294415 0.74569448082031609
v -0.032258637514328316 1.4821947262675539 0.67003437082868944
v -0.052661826510670709 1.5099074025765837 -0.65491879354965077
v -0.069599051197350909 1.5659492128602959 0.61956681617982934
v 0.0067396581040738562 1.7097167668091735 -0.51562683126495235
v -0.033775009732399955 1.7103243584516046 0.51511037836888596
v -0.039302295541617099 1.7801701595288635 -0.45511677786061105
v -0.068852939986234665 1.7834743633839429 0.45103271575573611
v 0.00033470237524918858 1.8875661379590021 -0.32650045365619668
v -0.027413998051270257 1.8932129721686699 0.31755963282422256
v -0.017157066653988404 1.9362033647390782 -0.24797464061898808
v -0.034185892970248863 1.9690553605865952 -0.16995115048113496
v -0.063106912147915722 1.9361179920697644 0.24747729728400417
v -0.084842798929120958 1.9667468944133326 0.17352610495240745
v -0.051998998591378458 1.9887161767260824 -0.090077476795462824
v -0.010711204993173691 1.9800031400648106 0.13380865433363567
v 0.062226401801836161 -1.9801924293676325 -0.13155983545321637
v 0.061317476718869057 -1.9964235846924427 -0.0454922073856147
v 0.011612252200654191 -1.9966638608305276 0.024620745398127995
v 0.054593156607230214 -1.9826080126491543 0.12033005740056384
v 0.090334783668760507 -1.950013531045738 0.21296273268713187
v 0.044384823119532228 -1.8262864088392516 -0.40337882821521348
v 0.058705344037036963 -1.890790560568913 -0.32109140328191194
v 0.02940037841457302 -1.9056520017458678 0.29786450266032594
v 0.026106573662041731 -1.824594387929223 0.40528235173899574
v 0.12035107995112918 -1.7799569131561819 -0.45355934337405363
v 0.023188088581126587 -1.7588646927293363 -0.47385109423281391
v 0.065393775916620586 -1.7608896561759899 0.47179901473845676
v 0.067444926179919984 -1.6342891319724049 -0.57404676130911658
v 0.12512972673100659 -1.6536443882976675 0.5600750200450324
v 0.050573089246049453 -1.5721351331469315 -0.61579520195080006
v 0.11733077170280007 -1.5879031279995643 0.60404695200354952
v 0.080371995327963838 -1.513933719577971 -0.65188919414938951
v 0.068229969006676966 -1.538681915936845 0.6366464237643763
v 0.060973040104692455 -1.3562519448055497 -0.73320259737998483
v 0.067887103006948113 -1.3472386740663502 0.73727758319299008
v 0.12606630663190177 -1.2645930392258056 -0.77258159965001616
v 0.042697074871532084 -1.2553990983352987 0.77714025114334273
v 0.058833079590066395 -1.1139021574230412 -0.82859487428377898
v 0.048256892583274293 -1.0939717898902834 0.83556160519378964
v 0.068930253794798557 -1.0440204072616686 -0.8519581857041173
v -0.0077695021589084604 -1.0414911903645128 0.85300447158572501
v 0.037019148630046184 -0.97836654137445955 -0.87115925041631026
v 0.059419078754546224 -1.0031612141821742 0.86416179157158091
v 0.051579004126962626 -0.82015394800685337 -0.91015299204928524
v 0.072663564234566949 -0.80331652070941995 0.91363433934862093
v 0.091072768435413787 -0.65717426859731654 -0.94309419099819525
v 0.0031865072767861026 -0.6343357858265336 0.94741834670692582
v 0.084531870767883793 -0.55282162339214003 -0.96041680827620457
v 0.067809227383595683 -0.44823989629111421 -0.97351769235618868
v 0.074766521080682283 -0.46199938427467779 0.97187809205130082
v 0.028563191521056241 -0.33868399033459007 -0.98429426750380589
v 0.047207525760934343 -0.36409804912602833 0.9821241457046811
v 0.021426806706559963 -0.22134284271077131 -0.99231529333023016
v 0.012001703695628953 -0.26917988834100426 0.9895070751533247
v 0.051466872722640861 -0.09187738719879851 0.99728693508439126
v 0.051754076094300043 -0.042225967342002665 -0.99831805235316107
v 0.026600861252987881 0.007577981584323875 0.9983319304152638
v 0.013008061796599565 0.050131826818662961 -0.9983319304152638
v 0.071705604928394229 0.099382951953106202 -0.99687442116324743
v 0.075048906193977874 0.16869182375735903 0.99467513477024605
v 0.036946838812919061 0.25398916973545499 -0.99064637904874098
v 0.041686708144715902 0.27124797747314472 0.98935196846841422
v 0.055951100340395771 0.35129541592357072 0.98328789891979507
v 0.073262377049709615 0.50864487916589696 -0.9660641179013536
v 0.079085157959970939 0.48090252176926873 0.96946721501026256
v 0.044782113185761682 0.57051525215009946 0.95805510231966473
v -0.0039771190641875384 0.69710722975484551 -0.93583028457472972
v 0.0099205265222306049 0.66311512920008742 0.94243985968259925
v 0.053122818710614028 0.77684261902180285 -0.91975867238443665
v 0.071390120745322055 0.72783794551846681 0.92959702724735549
v 0.014540502758734711 0.87538308040630075 -0.89742652070775275
v 0.07546259311871284 0.87827435465380832 0.89639558433583044
v 0.074178614230393181 0.94601724510206509 -0.8794757133149802
v 0.025530433266458773 0.96691627564846716 0.87433987978464145
v 0.052281961072336673 1.0406107958116879 -0.85325491557004829
v 0.085738398852538172 1.0474281416975035 0.85065982223378356
v 0.030959211743230089 1.1349380452366715 -0.82147945491846885
v 0.093401145181281869 1.1938678089579207 0.79961870556713399
v 0.018813431503904236 1.2372937204469165 -0.78392976785148616
v 0.089997336307625284 1.2672702657005697 0.77199493431581379
v 0.061042077065193379 1.3278827710240408 -0.74637290366805831
v 0.088102707999811236 1.3556712800415152 0.73304156208558624
v 0.055768330929009534 1.4910956714551107 -0.66518246320164165
v 0.091246926815429161 1.4605633011435584 0.68083011057064069
v 0.11454983639709111 1.555844791229855 -0.62506185138420045
v 0.043273540927200801 1.5544904165358975 0.62709435012148007
v 0.062083872259960426 1.6362166422852047 -0.57286103321021231
v 0.076527551810700686 1.698163646466903 0.52486870574909006
v 0.16533789545774802 1.7562311955954961 -0.47323055371001599
v 0.04320749258833663 1.7705289700737505 0.46379384837021259
v 0.066962714323258551 1.767425088685505 -0.46620903180744366
v 0.100650458041248 1.8742141873594707 -0.34578380478929943
v 0.079828307685068545 1.9243509029856238 -0.26717186246848956
v 0.054914637994556467 1.961266305281318 -0.18820517974841838
v 0.11634123097196553 1.9400607003402293 0.23515590298475858
v -0.014894475700007064 1.9569029028084852 0.19881323770414622
v 0.032290931220362272 1.9842853772665938 -0.11239746832471964
v 0.017428247521279014 1.9966638608305276 -0.032414231357530077
v 0.00081286820603257187 1.9964436744422625 0.051605982446376188
v 0.054887407975232907 1.9635675713595584 0.18274118559144872
v 0.16612780640684471 -1.9652169004846642 -0.17183219262358279
v 0.21860424850538163 -1.9823493196983522 -0.095945723389198392
v 0.12580830032545176 -1.9949904552789632 0.033742107059002172
v 0.15732620680437279 -1.9756464203656912 0.14307756265272834
v 0.15618167088386392 -1.8512445614741753 -0.37223581928571536
v 0.15653164329757133 -1.9165640771832884 -0.27647434304830115
v 0.1261694176852545 -1.9141506362048506 0.28160594746396617
v 0.21610783896300662 -1.8379546423940574 0.38385774669089562
v 0.21926482711440165 -1.7924590154158317 -0.43486493881076649
v 0.18973073445446983 -1.7254546049533395 -0.49830652957821708
v 0.13635846613736133 -1.7268280968512957 0.49917434704843044
v 0.21163365207214005 -1.6807734044241012 0.53531208702283972
v 0.16260045619933836 -1.6534753496230774 -0.55928852667712003
v 0.12921004580886708 -1.5797577402400811 -0.60925722395235182
v 0.26267036184196946 -1.5351741639375465 0.63299171853284841
v 0.17621644358539867 -1.5129205606507765 -0.65029008995429927
v 0.15734118610900369 -1.5284290880052596 0.64129634396798429
v 0.17157389419914948 -1.3644288329162864 -0.72730392071494776
v 0.16826137864592794 -1.3643967308123461 0.72742513099082973
v 0.23830087222431995 -1.2989040026843071 -0.7556361490342316
v 0.13748236882149145 -1.274793154499595 0.76827924640073941
v 0.21264750338568864 -1.1191182641032131 -0.82381646572821787
v 0.21458972499449386 -1.1360226102751381 0.81795164613137383
v 0.20571909901525087 -1.0281175964946321 -0.85427513639214192
v 0.14675869609135506 -1.0604752061809131 0.84573511045440131
v 0.12075959788302423 -0.99375304193764447 -0.86601788239100608
v 0.13971843024483932 -0.95794468183407244 0.87568472060093572
v 0.14052549360022315 -0.83575562211031551 -0.90558784855131513
v 0.14856909064876869 -0.86582624166209166 0.89860506323153688
v 0.1653158929311741 -0.76840065832492677 0.92007918444501902
v 0.16417907244796043 -0.69842881218505282 -0.93401358252347677
v 0.18388060729361452 -0.66706388176644016 0.93962586134325254
v 0.10545952734299489 -0.57828255403561624 0.95608210167407937
v 0.17107106616068879 -0.48653179620565007 -0.96752420211853429
v 0.17194757733528326 -0.48612007260302986 0.96755618954275968
v 0.14396194452751332 -0.37618005985185032 -0.97987753469851591
v 0.14488850887637406 -0.39221944702052164 0.97826330082221702
v 0.12096190566977932 -0.26937381170282554 -0.98870967695491341
v 0.11845875457743532 -0.29416791833699601 0.98687793174726546
v 0.12198392730165281 -0.14541565926226777 -0.99516495545414885
v 0.15803896247842095 -0.12201023270609473 0.99527699282760829
v 0.1354583628213108 -0.04464139611205465 -0.99738800472286093
v 0.13092680057799325 -0.025283924004151963 0.99743835541445325
v 0.15017990007108933 0.092471456811989067 -0.99617527192907873
v 0.10429955559611451 0.072088458199307481 0.99719462849967333
v 0.14755135454694579 0.23273780846540787 0.99066725277536616
v 0.1408134912586137 0.25445258461781167 -0.98960819581308024
v 0.12450636111267868 0.31730957266579995 0.98507511204443587
v 0.12141977580989016 0.42650360245498792 -0.97509564897950918
v 0.15063795497821975 0.49740792286560687 -0.96660900879523981
v 0.17022634576332007 0.45239226211693506 0.9717565856332967
v 0.1288299441207609 0.57870706174098774 -0.95572282672592779
v 0.13958875787715141 0.54425675879781343 0.96087567316039246
v 0.14994906597364463 0.76151654418254122 -0.92196908102448205
v 0.16686992751057725 0.70568934677488082 0.9325353710430444
v 0.14702084775943866 0.92136696095987347 -0.88473899751683616
v 0.17202151322217324 0.87221750705347034 0.89646454584319302
v 0.18408086440039487 1.0337763687085149 0.85310783214793839
v 0.13966381518002474 1.0053538027347526 -0.86256206343752551
v 0.23422146241007313 1.0965320837646308 0.83098118858003911
v 0.17240262613099616 1.1725227704532379 -0.80623574840131285
v 0.14962188542017535 1.1292187400947951 0.82206884335383446
v 0.11898261437450552 1.2504946959474781 -0.77802832476281081
v 0.25238329570128587 1.2619312306343249 0.77048589056756378
v 0.15891447257660535 1.3281744651531453 -0.74456649462283342
v 0.17287534306028307 1.3102204879774695 0.75245906750253422
v 0.15584773041609246 1.475703810877788 -0.67177076980634998
v 0.18173325131170248 1.3974765915533975 0.71045752212297786
v 0.18095471984085063 1.6195638880489267 -0.58121638018427546
v 0.2129098581472148 1.4808344980693899 0.66721069126382915
v 0.15533115817275095 1.5501329801161619 0.62780585687779078
v 0.21498049316852913 1.6923677522082041 -0.52530814291317962
v 0.18183937861317195 1.6855467324432629 0.53257894813806206
v 0.15164161716900343 1.7552908295926513 0.47463858829193389
v 0.22075926176693025 1.80353713463335 -0.42231903054369563
v 0.19413568561320571 1.8574919220079078 -0.3630989823114138
v 0.20452797536675876 1.8668357231768458 0.3515013575756899
v 0.17902937482679132 1.907915942847429 -0.2885007237816174
v 0.10580441168361054 1.9793795359834105 -0.13078230127635176
v 0.13608244288431173 1.9705958944133899 0.16142571747631954
v 0.087503258442283849 1.9958416784319224 0.024190201138578463
v 0.27077596244128899 -1.9686632487286688 -0.1504960771302235
v 0.2938232960487418 -1.9838068299042528 -0.067354156958561145
v 0.23316560944000306 -1.9852222256343324 0.078345335723826515
v 0.25500452444212091 -1.9611921515171504 0.17137804319990474
v 0.24986369755171139 -1.9352300193862839 -0.23374704732725077
v 0.32535527683917498 -1.8617657769771383 -0.34745869808788954
v 0.27574456842359341 -1.9233922967051815 0.25597243376269652
v 0.29318061895349934 -1.873015561127972 0.33379825947884451
v 0.31257403924517535 -1.8047764242619126 -0.41415598688721772
v 0.23411715004803713 -1.7631320463759581 0.46430797478705488
v 0.30388339170924739 -1.7002387451415562 0.51352526700282075
v 0.25950730462765104 -1.6734199133398648 -0.53927967983969805
v 0.32541732938811657 -1.6296760083450244 -0.56777464635803643
v 0.23877357726878162 -1.5889600477847148 -0.59947750119641929
v 0.28263128659937975 -1.6247319376733986 0.57344769584960564
v 0.27265328728574395 -1.5062148060992728 -0.6505367102126709
v 0.29550133277584761 -1.4430680879456816 -0.68336792879701214
v 0.3059602521728515 -1.4510933882621944 0.67885723485794613
v 0.26883065260069794 -1.3799174417365858 -0.71621328429085296
v 0.26782801960364117 -1.3731873887732073 0.71962605520097345
v 0.31149050281448543 -1.24259370460494 -0.77527663415475501
v 0.23292416076723782 -1.2890440331158459 0.76003356583513981
v 0.29552162668461868 -1.1585333168341334 -0.80736831050811353
v 0.29844450634970993 -1.1019019137674591 0.82671356865957057
v 0.2913206381562452 -1.0721481127157766 -0.83723826561248094
v 0.29346149949697764 -1.0194768849894089 0.85396951084953554
v 0.28762783268576758 -0.97614822423743797 -0.86673423920731185
v 0.21653951169704805 -0.99284849291693533 0.86428390805730271
v 0.21362935406139952 -0.84014536752243396 -0.90294299076828366
v 0.24729022114659727 -0.84142102504743232 0.90182837879766165
v 0.26788011081690377 -0.79113693359704818 -0.91230466285290435
v 0.24128969170758535 -0.70529420378850727 -0.93077467935960445
v 0.27430841195427014 -0.65108908641529428 0.94007823140735014
v 0.27889307321438861 -0.52717069473949407 -0.95975531941517567
v 0.21858219275566174 -0.57453360531706377 0.95448236218083593
v 0.26057678444550308 -0.40655351383128102 -0.97424321146981074
v 0.26411968709319833 -0.49308655009531022 0.96450828369973829
v 0.23203672314908202 -0.32868812449770474 0.98213225472737264
v 0.27257801227789658 -0.24742506775029102 -0.98697575338616272
v 0.24142439604115221 -0.16387794673846673 -0.99206822046148879
v 0.25643318335425752 -0.14733471018840788 0.99241392119520955
v 0.27837357254053541 -0.0091604655268418891 -0.99410331638108429
v 0.23191009174584079 -0.05741145032382608 0.99525038173677782
v 0.24161342509743092 0.079331479016408551 -0.99448675138942799
v 0.20966740395010969 0.039257336482104416 0.99591732368326347
v 0.19566702750518852 0.16678815010140782 -0.99293954070525203
v 0.25785505587032792 0.21393756978522899 0.98914089349800138
v 0.24514032942124842 0.25074196481658367 -0.98764244326024742
v 0.19994805372521665 0.28866629855758774 0.98584697321563397
v 0.301006401652537 0.35223969532742277 -0.97829454795809723
v 0.27621601373385352 0.31609224223899146 0.98183195320368566
v 0.30320177337143317 0.47558373523748909 -0.96539339934769142
v 0.26511707256781231 0.4154562108489408 0.9732015988306344
v 0.21603007176448757 0.53795408434536152 -0.96009732708765261
v 0.29983059687493685 0.58144776418784472 0.95073985233708558
v 0.2917664119737724 0.67582038311162984 -0.93477490251614681
v 0.26522018813006609 0.67885646106265207 0.935167747501363
v 0.34260337376280375 0.7427177634849631 -0.9198842281180345
v 0.23301527940918784 0.78495334365858138 0.91472922013684854
v 0.30500009425395386 0.85878475736698234 -0.89589147395873769
v 0.25208098984221705 0.87080758191289631 0.8948402499278415
v 0.22159140985449463 0.94886202246176277 -0.87607946892612443
v 0.29127846959907122 1.0237381220834125 0.85272883383673881
v 0.31905832615219737 0.98472181577009621 -0.86318859365318723
v 0.31202860264387827 1.1212094012969869 0.8195106158090385
v 0.26924706800677567 1.1751838416553275 -0.80231547587784757
v 0.23970357832829636 1.1736887369965974 0.80392904005318366
v 0.29123024174760209 1.2534072173594992 -0.77206574441624864
v 0.32594320251181125 1.2074676903649506 0.78784669367402904
v 0.25377425658426311 1.3246114173631864 -0.7431895196352456
v 0.35420174944999616 1.3000896128717487 0.74978180387116167
v 0.26173110260264926 1.3491460839813454 0.73141952699022483
v 0.23837323341272809 1.4618235494331813 -0.6764859485132122
v 0.26526419706641313 1.4231848609990498 0.69474940587553924
v 0.21316401172267135 1.5314255649821136 -0.63735603379768513
v 0.28279637811582897 1.5761902715039577 -0.605799634878319
v 0.32569738405586518 1.488285658573596 0.65847697935327565
v 0.25853342138643087 1.5545355314429865 0.62112069386725621
v 0.26642692501522836 1.6409274050435172 -0.56355095991309045
v 0.30694581277243399 1.6874182448576873 -0.52421853083989678
v 0.2926840641029525 1.6120748654287369 0.58132725637362592
v 0.27910090008280675 1.6703906231595567 0.54054833679594971
v 0.26276926193315236 1.7474512164963414 -0.47613560833632629
v 0.25623291664084552 1.7382341166432744 0.48440589956425351
v 0.27004400278950647 1.8398890920462685 -0.37819840533445659
v 0.27125893023214814 1.8847310876598209 -0.3176844189946782
v 0.30107257185498576 1.8458287383159073 0.36893058919232286
v 0.28395160752915044 1.8974917203278379 0.29606978645954024
v 0.22742722972603288 1.8042822489591823 0.42111033426273964
v 0.26508114230961805 1.9713062224957891 -0.13943791191392069
v 0.22287042002043295 1.9723776204550121 0.14485618149144361
v 0.26271132034113887 1.9892507829087951 -0.041318559669483987
v 0.25062982402897754 1.98878328309116 0.056659111864360158
v 0.3818589896081937 -1.980678190822706 -0.037594227652327124
v 0.35832207972298302 -1.9681784565167268 -0.12308494257775757
v 0.31041301308973601 -1.9860706700588886 0.020560659484769074
v 0.32892190359137541 -1.9726168765646996 0.11160438780878233
v 0.38997987073640678 -1.9218218523114474 -0.24036191736434295
v 0.40294378573755901 -1.8850735215832395 -0.30068063940413825
v 0.34870540824071677 -1.9430050331359767 0.19895563538875932
v 0.36781311165730768 -1.900931839996455 0.28077617955806583
v 0.38535898220552234 -1.8488345392175063 0.35764120596353033
v 0.32868794416251068 -1.758634329901466 0.46223538312667972
v 0.35464975436052387 -1.6917254977862304 -0.51735233861531427
v 0.37434131543788518 -1.6479541905074502 0.55187196500966229
v 0.34582686805146468 -1.5618006412325798 -0.61173036432292505
v 0.44242397982703052 -1.5922940404604566 0.58454950314018495
v 0.36263339203393574 -1.4816167279480332 -0.66014634992756049
v 0.35701651276955559 -1.4030010151638579 -0.70041691440672837
v 0.34666175648098424 -1.5077592888882743 0.64545982684758707
v 0.39664510090523281 -1.4545081476322341 0.67214724733852904
v 0.33379173324689415 -1.3248088528818651 -0.73928749711287667
v 0.36525291454042519 -1.3823850496655092 0.71020195101172057
v 0.40260786640955587 -1.270217310559594 -0.76020244217857347
v 0.33204316736678063 -1.3000624151753561 0.7508601796613803
v 0.35916062645677294 -1.1152042112311802 -0.81953293677804706
v 0.38331353040878036 -1.1394062542963219 0.80987165647707071
v 0.38836389673610627 -1.0302344339528824 -0.84616978048014257
v 0.37008236629258473 -1.0530375669468872 0.84005944199971172
v 0.36180487746218415 -0.96979914678746271 0.86564848098963731
v 0.35240164616773023 -0.82197197198141803 -0.90232200486560632
v 0.34829908952896288 -0.87868887614198776 0.88931177777331927
v 0.42165153321688775 -0.75869271534869653 -0.91297831077375435
v 0.39262706527560681 -0.72702744739545522 0.92059977987273922
v 0.40195535394655757 -0.66524823883718687 -0.93215174752840502
v 0.35759544936899601 -0.64889421397747282 0.93730921375096454
v 0.3832379409085202 -0.56545657118789294 -0.949949191670733
v 0.40181240356010878 -0.57552425530508733 0.9473539869029739
v 0.36399527624103639 -0.46222073945513598 -0.96492110236143569
v 0.35513524391571877 -0.49374066208636669 0.96137489124699038
v 0.29252085358025698 -0.32069965187010302 -0.98094290281980556
v 0.34610223017419872 -0.32643475344824191 0.97872672431498042
v 0.35555620990086095 -0.27655186109325403 -0.98213035462443232
v 0.40623599002479838 -0.12457246574037341 -0.98740398778973193
v 0.34813487959723882 -0.16041040996312689 0.98880792403154283
v 0.30868473518432149 -0.098862376275622055 -0.99188401114869373
v 0.32216015167246165 -0.0002262275836419636 0.99264376374335339
v 0.33832580178468058 0.062130801645675041 -0.99181426496109715
v 0.29485191060735627 0.15521622240387781 -0.99084373237583478
v 0.34634824738627418 0.16565379860392115 0.98860530900653532
v 0.39374121730204797 0.41515456796709244 -0.96849755980804819
v 0.33665156741784164 0.48173546053517297 0.96350944055060073
v 0.39906702528543003 0.52906807985930016 -0.95449649383260693
v 0.39814719719661945 0.55603441524965269 0.95078329142399021
v 0.3609625059449702 0.6502401734272234 0.93691861277719257
v 0.41151972018542488 0.81052102755058986 -0.90196124450822057
v 0.33091953487230685 0.74154164583389404 0.92054565243502007
v 0.4097583439374301 0.87347964199749439 0.88764370663502934
v 0.40569882942522573 0.91459440596849473 -0.8775654854947339
v 0.38871913110048839 0.97688276501642546 0.86235171031426838
v 0.41931193490491153 1.0171370137979714 -0.84854338882472979
v 0.38764031558002604 1.0678666367739416 0.83422302304643081
v 0.37513801461249496 1.2042279537167848 -0.78671177412015814
v 0.3973904787988724 1.1552063873692073 0.8036583080449281
v 0.34785478496576416 1.3061721649406608 -0.74727057595610868
v 0.30954784541293739 1.4017845474988369 -0.70334081746628752
v 0.45742070618044467 1.281321390238344 0.75189639805323005
v 0.34455043795446388 1.3964253415368588 0.70435363032625142
v 0.3049984681017075 1.4963436215088495 -0.6549092460919097
v 0.38335835036472998 1.5445029073515364 -0.61990408792877771
v 0.42316774660787282 1.4486989407622621 0.6733678732685856
v 0.35008494834547482 1.5719587570967815 0.6048823905814561
v 0.34948102454776397 1.6235018035910569 -0.57055391090736762
v 0.39844983936305434 1.6777186514933276 -0.52536481707516791
v 0.36085681066696745 1.6419736453845331 0.55747177905450906
v 0.35708795087252976 1.7388723147628415 -0.47706081560634972
v 0.32701950303579636 1.7882199690248677 0.43157821037967503
v 0.35330481316792184 1.8504462910969299 -0.35938315553759437
v 0.36505841695063518 1.9053067805833219 -0.27425729321503328
v 0.37543968892326557 1.8764986114764834 0.31833226141602666
v 0.36103709790247962 1.950195529111757 -0.17940616226003653
v 0.3329858122675739 1.9676495800295541 0.13457438684225548
v 0.35926682917068969 1.9260713210383282 0.23709454948593817
v 0.35431754571431617 1.9769410631374114 -0.081431330662135884
v 0.34631331464508097 1.9836773166218655 0.020274826031813173
v 0.44641028489214829 -1.9650296289713716 -0.098891560009676721
v 0.40260690489358425 -1.9785288954642273 0.052030231615048196
v 0.46412299692065873 -1.9151277247051828 -0.23925213447854393
v 0.49497237006910161 -1.8680257378305949 -0.31248671192817978
v 0.41683379200202464 -1.9453819912217674 -0.17843904939330696
v 0.51123124452347968 -1.9403625434821794 0.16623381554905889
v 0.4410705633175116 -1.9236824761917275 0.22458944840843292
v 0.46054090904064321 -1.8775034557195949 0.30391161599537098
v 0.45970641825767394 -1.7719129171348658 -0.43577384447536666
v 0.49962426649130426 -1.7458267140788357 0.45747793008951132
v 0.44902487304884264 -1.7120614712888589 -0.49167786169911842
v 0.46922660973169283 -1.6658484787839916 0.52879603811372977
v 0.42830041827442183 -1.627978611351113 -0.56180597895771844
v 0.44656660905759005 -1.5317883176733675 -0.62316861324112527
v 0.50635048192319343 -1.5362019512098906 0.61502230489486942
v 0.45686545948429819 -1.4351689788006223 -0.67795649144869841
v 0.48731969472311726 -1.4701761989262243 0.65783838807917427
v 0.4239011901287924 -1.3499038070617584 -0.72222842382714636
v 0.53196110769129512 -1.3367852025300098 0.72022943746457169
v 0.49168493814511138 -1.297025993682327 -0.74188559153640721
v 0.43302500304010649 -1.3177711756631356 0.73656785583928064
v 0.44104134133313766 -1.1233724565685392 -0.81217617383908736
v 0.48082496966535149 -1.1677552835180074 0.79415253467620894
v 0.4534682717149453 -1.0797878152960665 0.82646800925528818
v 0.46780694054005689 -0.95137165287207881 -0.86514038450397457
v 0.42888616144214525 -1.0075126408397272 0.85101910389989033
v 0.44463510545220508 -0.85285573789922842 -0.89091820342991668
v 0.4501223610404832 -0.92279808800293095 0.87332081033845765
v 0.47966010451115765 -0.69995434184058092 -0.92125600957127463
v 0.48219272680094494 -0.74541897258323819 0.9122593299954006
v 0.44411659411051707 -0.65855081147870709 0.93137198851902503
v 0.55449956167313974 -0.51312325325221231 -0.94780137095175765
v 0.49389837131261788 -0.58331004556706112 0.94102306151638315
v 0.45854836826813972 -0.4996319926493577 -0.95559807031974675
v 0.44897117173135903 -0.4978848193513718 0.95636309994285962
v 0.44156985500971441 -0.3163707311601292 -0.97532111069791205
v 0.44909735552985891 -0.32781861575679588 0.97412796377448907
v 0.49117781307020519 -0.24036027758026787 0.9781059460009246
v 0.50577117424823737 -0.15302375018598197 -0.98166203008297059
v 0.43805451067516554 -0.1633615232151579 0.98472394558701259
v 0.37505387748591462 -0.030225701241628333 -0.99064154483900979
v 0.43596570548946195 -0.0039247259567520044 0.98793435248329664
v 0.43945657071856586 0.044397324500288105 -0.98777920291755872
v 0.45231589047419518 0.21331514997347797 -0.98159242514691736
v 0.43603957377875358 0.17092636484932108 0.98443525625625605
v 0.35088713508942015 0.2366147485835679 -0.98490596525078145
v 0.36056143041575961 0.25039451122521572 0.98381643308692768
v 0.48170100875554911 0.37342427462404826 -0.9684595366976404
v 0.49586555094636053 0.3681223110705647 0.96820281404238806
v 0.4632680200379678 0.45427410588718897 -0.96139860850008085
v 0.44063830386858732 0.45932136011694658 0.96187716799526257
v 0.46509216826719252 0.61271055756302273 -0.93790113686553933
v 0.45488241306941041 0.62825781490552157 0.93594015911078843
v 0.49867493952465747 0.77286360025892931 -0.90548079177876084
v 0.46634262871176113 0.78603518315766707 0.90454959501193599
v 0.49024115189868189 0.86170121619598372 -0.88617316581135475
v 0.49502143552830069 0.95281160563290235 -0.86310048921572902
v 0.47832906501837691 0.94922238132785675 0.86502818853334351
v 0.51148980709177494 1.039725879458385 -0.83557248162121489
v 0.45404892784424372 1.0236472203878839 0.84457911632430815
v 0.48795504221206615 1.1997496174587323 -0.78165951552158197
v 0.47404288800832645 1.1985530621291458 0.78307434558988098
v 0.44193948965208729 1.2818731899542779 -0.75266877862556891
v 0.41457495683027035 1.3650626999446689 -0.71573156763151558
v 0.43743269977609556 1.364505479836267 0.71455889241931492
v 0.40168388707175656 1.4545445134211952 -0.67180914151284066
v 0.46001389594738551 1.6072283502583673 -0.57318907242521944
v 0.42432683705255347 1.5265804307323074 0.62807093309817941
v 0.48526082557167471 1.6782206959558339 -0.51653898337402193
v 0.4372019748414101 1.6021703386098283 0.57835211955805721
v 0.43655184480029419 1.6666403372148915 0.53139322281149515
v 0.51110879184455515 1.7370982275088578 -0.46362108530140916
v 0.53136197324582934 1.7847545816714765 0.41137481145665827
v 0.47349493516228425 1.8632581985130297 -0.32361532366504953
v 0.4686527429863705 1.846219372564184 0.3500702648431166
v 0.45161822120151779 1.9026059725086408 0.26570989796277783
v 0.4483580423585824 1.9606128669049228 -0.11900550984022629
v 0.5127011341383847 1.9654184833660109 -0.06112015979315423
v 0.44054934165870624 1.9442001810448784 0.1759757264174894
v 0.43513710699536201 1.9708933761065768 0.075749960802511215
v 0.49383011390359743 -1.9634989146351907 0.080722011394986679
v 0.50330671221157963 -1.9427053390701328 -0.16287093500319791
v 0.53673684341512684 -1.9588112124481729 -0.079151524832472356
v 0.60301576160679515 -1.9219924305407481 0.18173045648119115
v 0.53374381158836548 -1.9038214319997966 0.24676546446836162
v 0.55337572108737143 -1.8531487654202803 0.32398673516989818
v 0.5193321822749648 -1.8089104999363108 -0.38587020771022851
v 0.5726718573793006 -1.7949943700670756 0.39364211277574529
v 0.53508477972594348 -1.7459458712397473 -0.45315937320946842
v 0.53618238292371267 -1.6699315245609103 -0.51792682824281366
v 0.56779806725241089 -1.6753162443082612 0.50956490682778
v 0.53830014942021753 -1.5839283989912161 -0.58147364609657648
v 0.53484983682880238 -1.6061206074067218 0.56699831387433342
v 0.59356875571652989 -1.5472419690438599 0.59934257950553382
v 0.55910070190955996 -1.4116388149184171 -0.68155139309646262
v 0.56142622882704341 -1.492163477732469 0.63733802845176268
v 0.50023118515067766 -1.3660876325913311 -0.7090554402941075
v 0.57328398686608628 -1.4207407529435727 0.6756496350404062
v 0.56877776370497457 -1.3347586835795624 -0.71803848811667914
v 0.58626976754240734 -1.2819699846816939 0.74088162176331496
v 0.57984767533276638 -1.2452292510258498 -0.75788582952584738
v 0.54309358237216654 -1.1428168183839553 -0.7985927704097211
v 0.5922956356692417 -1.1971972468510286 0.77486050106336579
v 0.50291480858109694 -1.0476570259109756 -0.83368948436246626
v 0.54837718075913433 -1.0984830348601775 0.81346559194136914
v 0.53552133229434906 -0.88175443947605392 -0.87836478712740718
v 0.50792648544803753 -1.0115184022532 0.84463477113976126
v 0.59136052647396475 -0.83132998995683072 -0.88632489152904259
v 0.56187907639135082 -0.93477577493352326 0.86340436386401753
v 0.52141951158524458 -0.78242598132432872 -0.9019518322790061
v 0.53655698494111548 -0.67029827504247075 0.92351031389128002
v 0.56172492227070014 -0.6891509666181459 -0.91821477135202145
v 0.54415437817837053 -0.5050315779633503 0.94956380631562853
v 0.59085823206473242 -0.42763834590891786 -0.95624665718277879
v 0.58417607790145076 -0.43038732033870669 0.95643618996193425
v 0.52305550232975306 -0.36598267055119282 -0.96690622523969239
v 0.56235496289670917 -0.3294516133780705 0.96769838511778439
v 0.64260926905160187 -0.25541760020043136 -0.96790064902911455
v 0.58287334477724484 -0.21682976937528853 0.97388474421387494
v 0.60268243879605277 -0.17611029610094142 -0.97460011160967175
v 0.51668746501878882 -0.16384383511871797 0.98051456523796976
v 0.55344116099481711 0.030658654757276277 -0.98161437994473244
v 0.53564038149113924 -0.014831811442666657 0.98260331213938112
v 0.5442033919841216 0.19582629305643806 -0.97738677973189869
v 0.55758411652717366 0.1751496058626788 0.97765470093951024
v 0.51028051056885504 0.28379788490981489 -0.97409098885268608
v 0.56947218715823 0.29349642966014289 0.96992054227919422
v 0.56795588080125126 0.34880237946829734 -0.96587368313404787
v 0.57666654218781987 0.375852552220105 0.96270627945143894
v 0.5398581607171743 0.43513643416488695 -0.95899752433022634
v 0.53769044468915783 0.44847750965986977 0.95764899223992062
v 0.55924425764887986 0.59077608807593551 -0.9356994848787975
v 0.54914978569547179 0.61108506015515196 0.932983311283624
v 0.58049761218109797 0.74950529679123579 -0.90508863752870605
v 0.55923380093622665 0.77500637830156038 0.90122100712189801
v 0.58039878681723855 0.89810249006881437 -0.87120085467827724
v 0.61252663093966397 0.85097050843464417 0.88039247227725448
v 0.56659088358183218 0.98271075744414105 -0.8494099751607137
v 0.57063484822793875 0.93684806500187756 0.86223771565532981
v 0.54447479939298171 1.1214263444972947 -0.80584982795959292
v 0.53211989522009329 1.0186501337262015 0.84072600715361112
v 0.58558836132128211 1.1997223206677792 -0.77447253791108095
v 0.558187974182074 1.1668734667411431 0.78907422372850344
v 0.53397528452529852 1.2743094986319998 -0.74907615897007596
v 0.54644394659452233 1.2507570700076016 0.75846999134475213
v 0.56777297045421105 1.3474663231099089 -0.71223420721575748
v 0.53160395260295978 1.335411740861195 0.72089546173845265
v 0.59077641177924145 1.4300464371709034 -0.66933084769691642
v 0.58836539526874332 1.484690711277793 0.63901526677019083
v 0.56289743598744835 1.5763691579324082 -0.58409965285304
v 0.51613578115192471 1.5545697504870222 0.60263638412177967
v 0.53863531885453253 1.635182387608483 -0.54561683226270985
v 0.56960627884000714 1.6827203319255997 -0.50303033747469628
v 0.53412256914034084 1.6444613811367896 0.53869505407497487
v 0.64869082551262658 1.7911933312161965 -0.38524845346076314
v 0.59035920538264608 1.7219939234137442 0.46688072783742135
v 0.5954431307310436 1.8459801250790009 -0.32547211703760048
v 0.57716931871704358 1.8406099821242874 0.33758817858389301
v 0.52832099665342813 1.8810505230500045 0.28574355797911394
v 0.56556025156520973 1.8991141033897019 -0.24855165347878794
v 0.55865360977876699 1.9428530470723611 -0.14243260080742043
v 0.59425424885252576 1.9572096346344379 -0.037903070004298059
v 0.52034315563366595 1.9667594395324794 0.02257192742461156
v 0.52691330393908453 1.9514304733575907 0.11966755744387211
v 0.56875550525975715 -1.9061052344586589 -0.23088263262516595
v 0.59533744324962212 -1.8476250554636722 -0.32302820756757616
v 0.65796338567677781 -1.9212380871738399 -0.16512849567031926
v 0.6298802539263364 -1.9467199925835659 -0.076580180197486358
v 0.65410382014796686 -1.9384743990414763 0.099597705374657897
v 0.62880944936705196 -1.8802232594481691 0.26573131211240464
v 0.69320049411164197 -1.8206649244161861 -0.3403642136677642
v 0.61407651637651706 -1.7838767037396046 -0.39924871089461417
v 0.64147454527971137 -1.8274689978690031 0.34300960461955982
v 0.6495086140956734 -1.7785368620673769 0.39935068315601074
v 0.71014824877902694 -1.7560069448906304 -0.4123724649358978
v 0.62945271205803965 -1.712036955090217 -0.47013168335570044
v 0.60964041522723222 -1.7370369509378178 0.45076779444198739
v 0.66374954497887717 -1.6778391120646763 0.49446729690656011
v 0.63562799437526496 -1.6290438964133056 -0.53797127374277698
v 0.63545106862951872 -1.5416579871798495 -0.59817897784687502
v 0.62739069012204252 -1.6148210877446154 0.55044782791149216
v 0.63867408602978137 -1.4578931677596867 -0.64989248956972057
v 0.64139898773217463 -1.4870180949672787 0.63166803057943666
v 0.72412580840050011 -1.4159194365129546 -0.66262202212807508
v 0.64128778535957576 -1.3774466645766843 -0.69082012698637529
v 0.63087162787281004 -1.3437489871818369 0.70795071723773406
v 0.63932267836277845 -1.3086033195905427 -0.72346348666798077
v 0.66681099154469314 -1.2691157786958474 0.73901642884416041
v 0.65234411978131024 -1.1604352410938066 -0.78360530911332793
v 0.65043426448201114 -1.1083974425655643 0.80165245696568632
v 0.66630081529648422 -0.98085357485054336 -0.8415459732070637
v 0.6882750541317848 -1.035450003973853 0.82234820477481985
v 0.70850346443082335 -0.90091783708586282 -0.86036657504072278
v 0.66347387377659905 -0.95258068259691908 0.85043686616675696
v 0.66359081496712213 -0.82995114901697364 -0.88119417853591941
v 0.62438994410832016 -0.85550013324751584 0.87850712504708617
v 0.69901921358743024 -0.75900704890817616 -0.89389782065463785
v 0.57919177325158244 -0.7605723960137607 0.90295019042175306
v 0.65549245807428669 -0.6849058624664105 -0.91209446487755619
v 0.67020169193770529 -0.60678521919525474 0.92464388103662698
v 0.66540610083564999 -0.50397375208441686 -0.94076073147984485
v 0.74434971704377295 -0.57136119916188521 0.92414003035400993
v 0.67620744491677043 -0.40122204820118718 -0.9526171462433497
v 0.66425975196063392 -0.39171504943999913 0.95470599611425888
v 0.66563164424037435 -0.2818974370350415 0.96427910305754816
v 0.67916750648054247 -0.19020695792959885 -0.9685451423402186
v 0.67347943233136054 -0.17703146068068881 0.96964632296982267
v 0.65824872120046829 -0.016784711643619082 -0.97463200181908816
v 0.68623031214274699 -0.077031739869379209 0.97179248862280276
v 0.64766352505473201 0.083474029892842291 -0.97453215779560709
v 0.67373035037197238 0.12163901874283269 0.97164952589980436
v 0.63187914767817199 0.1774034256441159 -0.97258900787370506
v 0.69940838593335786 0.25689416646005708 -0.96352726844121772
v 0.66449373602811934 0.23396036477205748 0.96749876525550627
v 0.63362577254588537 0.4143553392526631 -0.9545545808496847
v 0.62655024020258909 0.43161468133367459 0.95316098968092755
v 0.66270559558320108 0.48985031577983873 -0.94295569685260583
v 0.68335512275457155 0.50089253203921824 0.93963752866596872
v 0.64566836403424499 0.56408124629298195 -0.93374683951778137
v 0.6452834671971277 0.5952630591454926 0.92857838158585304
v 0.6273425652278789 0.66319066743957145 -0.91840204115843482
v 0.69452045388990535 0.67558534866823294 0.91054724660722697
v 0.65248290648841567 0.74274754643147323 -0.90107040052033993
v 0.6522115106517794 0.76282727542167594 0.89704023667183141
v 0.68591922259774307 0.8817272326644765 -0.86711595074892822
v 0.7153611054988952 0.83894008346917026 0.87472266182157421
v 0.64754606242641077 0.97213195742864877 -0.84596958526184007
v 0.66248124399602237 0.92692889873740247 0.8577479360503576
v 0.63633649516156465 1.1248918565702295 -0.79715731626161979
v 0.67284124014545188 1.0796053918868074 0.80945642664261397
v 0.63040197824657807 1.1418058209395343 0.79183768408592015
v 0.62795078419485018 1.2764499978669608 -0.73947485215087505
v 0.63095709413970924 1.2127866695208613 0.76579267935630624
v 0.6664275581387582 1.3584180221070981 -0.69759727668642157
v 0.67474821983755173 1.4400728983029611 0.65594269552839357
v 0.69418427579376785 1.4459397869284625 -0.65000085509511951
v 0.69395507746522511 1.5111155845404367 0.61007513738699315
v 0.64382632870978218 1.5702889474758577 -0.57916102729937013
v 0.61491877991846877 1.6260810316461132 -0.54310279415077045
v 0.66074514987013211 1.6780279379312701 -0.49477414527020458
v 0.7259853497902341 1.5904597512486134 0.55524828263643311
v 0.65547580944749728 1.6549698203028096 0.51458415928820944
v 0.60666191876828024 1.7388940999716866 -0.44929098966999359
v 0.703982310234604 1.7339257555431802 -0.43703266111231254
v 0.69903525516335185 1.7259168767978041 0.4465040221542404
v 0.63715841443667143 1.7856682036106242 0.3933862905296911
v 0.69288831497042469 1.8359653565461937 -0.31749450080566116
v 0.64701554701801056 1.8760929498367784 -0.26822516951911546
v 0.67988780275057636 1.8412126870172281 0.31299400826721829
v 0.66840127574284836 1.9358025023902694 -0.10144250860717006
v 0.6884991089349799 1.9432353045089632 -0.001879818357397485
v 0.61899167290854429 1.9279143882411192 0.16234050317556034
v 0.610450604774321 1.8885685519545128 0.25659767555352275
v 0.67740283414572611 -1.8786321191592961 -0.25668034030119036
v 0.75597890623503872 -1.8973331234051882 -0.18378563773709916
v 0.72622070498635427 -1.9284543692835476 -0.091375473674704707
v 0.75887138013972966 -1.9248085403245152 0.083154233603709146
v 0.83261012988700056 -1.8949551986602384 0.15546360134663401
v 0.80726590060186887 -1.8603908197345791 0.24778109708054186
v 0.77073879978493209 -1.7936216316174622 -0.35863817020205369
v 0.7200978659325934 -1.7929159961838876 0.36964449837525687
v 0.80799978702087094 -1.7393358462820634 -0.40965815173144399
v 0.74361694832807845 -1.6738273859398813 -0.48545344581387112
v 0.70077182576056629 -1.7362078947394426 0.43523214908623548
v 0.75522521811359278 -1.6792811836968953 0.47901198686488483
v 0.72925373996325316 -1.5817675433253131 -0.56067061986420674
v 0.77607325368733249 -1.5633950808852761 0.56641295717764739
v 0.80515733351885499 -1.4554411686284583 -0.62919184576977538
v 0.74023753310811125 -1.489227784824759 0.61775543462595439
v 0.81749478193795244 -1.3669564229903175 -0.6757781028715466
v 0.71673819382706927 -1.3327028819337046 -0.70394637827774831
v 0.68819165134642013 -1.4155248420090076 0.66681200349716852
v 0.73091982550095846 -1.3340501472825959 0.70174512537025147
v 0.78833254218667603 -1.2733383777167782 -0.72306533899547731
v 0.74992190897396382 -1.2602118518306737 0.73382961955068982
v 0.76031251823655821 -1.1816816058353894 -0.76519852036456937
v 0.70494922079345979 -1.1904358053337689 0.76733624892437824
v 0.76046948694795258 -0.97200471580248549 -0.83511576345218641
v 0.76224213360779114 -1.1003624399608474 0.79356462705787933
v 0.7596012970649052 -0.98925438575470759 0.82982170713467784
v 0.79386197528234925 -0.8937828730246169 -0.85379315388331634
v 0.74101303017626696 -0.87262103940546554 0.86463130581615411
v 0.7702969043558372 -0.75988043038938591 -0.88738688424944401
v 0.766895893983779 -0.7754909457897089 0.88425378308611868
v 0.74298043444379103 -0.69163787964379664 -0.90323802158571687
v 0.73577071178112174 -0.68000266208580895 0.90612348745209936
v 0.77063614789674695 -0.53480129397246068 -0.92722393436886741
v 0.82031199950457045 -0.54335066615159144 0.92113026461728953
v 0.75045151064514426 -0.44433280289305682 -0.9414109085603195
v 0.76571327743177198 -0.46000474199096164 0.93809855379493745
v 0.77566093518690404 -0.31037169368580209 -0.95269461965661995
v 0.75615847541232828 -0.33940740211753739 0.95218364884327378
v 0.7268240354295612 -0.24426183795438358 -0.96213577942072237
v 0.75397276568701188 -0.23697179422759515 0.96038871369814893
v 0.75104539864637054 -0.15941411291896435 -0.96449428186674147
v 0.76450430477271258 -0.14082443124462909 0.96403271027612469
v 0.75389785103156148 -0.059488066622501778 -0.96696804965151129
v 0.78657358835792124 -0.030745414471904136 0.96432898069815109
v 0.74122286900369128 0.045964727437480396 -0.96817845698994864
v 0.75536668722260125 0.069985901885281684 0.96659136095508313
v 0.82059483509204734 0.11544220855297793 -0.95968144092614172
v 0.7804838718059921 0.17373514553637176 0.9612340366097869
v 0.79951477940116045 0.21684949950963708 -0.95714120746760667
v 0.75170384062536744 0.30169939875570956 0.95571095089513869
v 0.77819095889585799 0.39395386750618949 -0.94435682312089619
v 0.71839001413801995 0.40684738007371812 0.94834670215197281
v 0.72122355514761627 0.44422928043363197 -0.94394828375312834
v 0.77726362958926332 0.57101204501097069 -0.92111075036889156
v 0.75319521274962864 0.5780419028935283 0.92226215417724233
v 0.78534946775799708 0.64529610294589412 -0.90793147274578856
v 0.78514238888884769 0.68307242782581001 0.90091957163145509
v 0.8067702416524869 0.73866832204464683 -0.88797317464311198
v 0.80271896897373118 0.77928790888506516 0.8798719320288837
v 0.78743461971365758 0.84972911657440531 -0.86572789567916109
v 0.76213221168622447 0.96573174322351141 -0.83689132018997447
v 0.73970208994882547 0.92291741635106606 0.85136858322610331
v 0.78385572440691242 1.0753782469030855 -0.79975143333269372
v 0.78026912921877833 1.0756297638582855 0.80006348495580293
v 0.68116193656849511 1.1982303252851709 -0.76672595657558507
v 0.70640050428809731 1.1585021507235969 0.77907295955637712
v 0.83414635644391422 1.2727041201552951 -0.71754218851318319
v 0.7179795198399811 1.2512187500558747 0.74123296037382402
v 0.78500360898227539 1.3702261236009603 -0.6782691157986922
v 0.8337837472720272 1.3789881349668847 0.6676938068408409
v 0.79232377141570842 1.4719097752402552 -0.62118378909787808
v 0.76316298789557269 1.4466265394497353 0.64055509732747973
v 0.7125149826959587 1.6082496099239805 -0.5431117861330268
v 0.79460177008775812 1.5243778814962252 0.58805374140314881
v 0.75545660436857098 1.6731608893424637 -0.48417824364871076
v 0.76310337816195217 1.6626829929015492 0.49157293777656841
v 0.74826032052172964 1.7855731021387242 -0.37242922133928902
v 0.80244067341477399 1.7275184099809331 0.42344953638052779
v 0.74160321134695262 1.7864400320614473 0.37274836307132131
v 0.82494395745765681 1.8713735196067269 -0.21487727684509841
v 0.72164983148938988 1.8912971643433232 0.21147123624344738
v 0.7479854385191389 1.9090734440309411 -0.15901094702934077
v 0.76535852497655021 1.927630697348613 -0.063982636773181806
v 0.78259817863671888 1.9272419499131004 0.032043787543423047
v 0.80469608369971835 1.9070473541560808 0.12678679807267126
v 0.85666179272404197 -1.8743262028577974 -0.19376783844985696
v 0.88698070027656495 -1.9070441717889022 -0.032795444788759634
v 0.86054829295157675 -1.9110546357973675 0.057887753789828189
v 0.89967491716487324 -1.8536132704766617 0.21967718340624201
v 0.85260975412786166 -1.7909443220433261 -0.34009701290610472
v 0.89498660043821598 -1.8303599267580302 -0.26706932759941199
v 0.86754025299471715 -1.8236372057881094 0.28630219153545933
v 0.88378129267127059 -1.7787526574323564 0.34821533417690437
v 0.86340752094105933 -1.6763340535251978 -0.4622297242772106
v 0.84689510702016357 -1.666924995775682 0.47327011166924043
v 0.89330204837978056 -1.546055912992973 -0.55923981586342009
v 0.8730844229691479 -1.584663098045515 0.53411447759826569
v 0.86804370526315111 -1.4886337964544605 -0.59933836255276196
v 0.89378346072056125 -1.4476772530882833 0.61993919243213025
v 0.88972213847794435 -1.4266923070669724 -0.63285729798499768
v 0.91211180537183989 -1.3613909862669002 -0.6656161508628049
v 0.80669502161532403 -1.4110137812588446 0.65488001609146207
v 0.88511021738871087 -1.2931362989129072 -0.70116319684617734
v 0.90436236633142408 -1.2185352411046808 0.73147441592526685
v 0.86063618560345734 -1.2081831523785747 -0.7421576226261648
v 0.80542933756590818 -1.2016067249333606 0.75201902980614521
v 0.87005338246858932 -1.1332251126960731 0.77012978448890779
v 0.9168796473724492 -1.0598946603228407 -0.78946161312037322
v 0.85360986902579228 -1.0376885885373703 0.80424062188055279
v 0.83279286231596505 -0.95362160800759566 -0.83263785555450742
v 0.84748516260587692 -0.93278927394844102 0.8368644716986543
v 0.8373246590601382 -0.80945891030445472 -0.86974941911233727
v 0.84371782425711161 -0.82647898738853742 0.86533575603716084
v 0.93580825668938739 -0.83151528933181984 -0.8536156141555068
v 0.83386023995837477 -0.72513706938092426 0.887928696161711
v 0.88826278534144743 -0.65024230956399787 -0.89657644488446031
v 0.90931701362557837 -0.6699911913112927 0.89057267437429566
v 0.8624184079642454 -0.55920779061198722 -0.91462046219615123
v 0.89582117137766115 -0.57484892564727397 0.9083021881998905
v 0.83621896101599469 -0.46888714516436664 -0.92990136238290544
v 0.87379108827110663 -0.48152695011185243 0.92424728764975295
v 0.81052621615455456 -0.38449447799695463 -0.94221426074452019
v 0.85007266981653018 -0.38291167348124833 0.93848430532903304
v 0.81487311263839846 -0.22809318844824422 -0.9549996856636358
v 0.91464530627400364 -0.21700955529680838 0.94506930729830829
v 0.85833600924113729 -0.11665580596343317 -0.95592970443978864
v 0.85947215264794974 -0.12318224602340853 0.95562526084162147
v 0.84113713369564436 0.0090247959759438279 -0.95946587979960718
v 0.8479705671374469 0.066682794931197817 0.95834159100339411
v 0.87182822531842696 0.28246756885601065 -0.94535847341978463
v 0.86298495811388731 0.26709145248349503 0.94762240169577638
v 0.85315694392775987 0.37573519579458103 -0.93897707207335612
v 0.83005802194036482 0.39210376787048334 0.93943971685380101
v 0.81845738209037922 0.48401444925993603 -0.92955457794253216
v 0.84316222617291092 0.50735403825015024 0.92387298375981419
v 0.84622137258861307 0.58779201032271478 -0.91150344819971452
v 0.85439824956927568 0.60899591836568656 0.90716187073767218
v 0.85315304487698018 0.66295544905863779 -0.89811410456575025
v 0.87585661192090214 0.70792878616281374 0.88691374223146391
v 0.88635651425017725 0.8090927652797002 -0.8646452847081515
v 0.90239791162150629 0.81816270412133985 0.86084736525763939
v 0.80719928132113072 0.87671588105845377 0.85711132248060173
v 0.87029341378307068 0.91136224774362984 -0.8401939677546636
v 0.88206304904184907 0.92609859657471794 0.83457816523857276
v 0.86733832189275273 1.0128365091926301 -0.8103599510335262
v 0.87490105153392572 1.0169907108158687 0.80811642182111743
v 0.87654157057119275 1.1108665196474627 -0.77700452733654202
v 0.8882729465338387 1.111549986322679 0.7753031636716059
v 0.78828806089540915 1.1811259823812952 -0.76229848553109347
v 0.91299352604398676 1.2681738266395883 -0.70876958630803588
v 0.80551560761288232 1.1844428360122632 0.75914049356198343
v 0.91284185257976647 1.3182460155443823 0.68554345195427013
v 0.88202073584564888 1.5062261754231372 -0.58601362060025619
v 0.92762423286226703 1.3963353800546989 0.64424848967810344
v 0.86198760085228554 1.4589811605832848 0.61864455637142524
v 0.88964617721921313 1.5892212378407566 -0.52715561491205931
v 0.8944496183234909 1.5340832896717524 0.5665314437818979
v 0.85000708262866498 1.6647591869453502 -0.47446243508077895
v 0.86538998715837101 1.6681614122299593 0.46877997613470107
v 0.84936329143687683 1.7792449563186228 -0.35733982065726022
v 0.8419816462952735 1.7842871926124089 0.35323177603991379
v 0.89463376830750352 1.8241578841205648 -0.27649000226584708
v 0.84524776755532194 1.9008751762054574 -0.12005870213315097
v 0.88243440736863121 1.8240429513507401 0.28072885506687506
v 0.83910695184745754 1.8695948793822357 0.21280688320502061
v 0.85434643548397338 1.9138153755323275 -0.027349613364973914
v 0.87197948415065529 1.9086582580409304 0.057839356933825713
v 1.018995714632505 -1.8613647282489625 -0.12703688507250882
v 0.97911256061325702 -1.8871914619866208 -0.041869500633811972
v 0.94546154484529699 -1.8794729696897929 0.12298741590708759
v 0.94456773237301295 -1.7830187366500907 -0.32155406878305565
v 0.97377795655707999 -1.8169773721329596 -0.26035411501735489
v 0.9429577332377016 -1.8069748929066058 0.28615650077672006
v 0.97268628010124947 -1.7535270167019101 0.35444995853080957
v 0.96608031745091116 -1.6751345831869675 -0.43957690876552979
v 1.0044876630195385 -1.7314069818737727 -0.36911877805840299
v 0.93993914401888978 -1.6441756118143129 0.47313352237327905
v 0.98545718837771357 -1.5466798677863101 -0.54050297985747586
v 0.97760775005721101 -1.5726754008147146 0.52239970795504331
v 1.0408683645834469 -1.4764168767708479 -0.5766647829314987
v 0.94483030425007875 -1.4815402659108587 -0.59097405264469183
v 0.93075090471800626 -1.5088077825499431 0.57627842133394291
v 0.97421020862782026 -1.4372210070124651 0.61236357708381683
v 0.97652913388674545 -1.3124639147448616 -0.67886103516589535
v 0.95039380853724587 -1.2955098643730474 0.69073495700417853
v 0.95528924596376708 -1.2311717423021724 -0.71878350403600721
v 1.0067673620677027 -1.2178810660288466 0.71637673914668398
v 1.0078110723871194 -1.0858171907237888 -0.76853689208274245
v 1.0211091765047848 -1.1256762050620908 0.7523330597734289
v 0.98678948380793863 -1.0000160236043094 -0.79905726970420066
v 0.94261646640589991 -1.0795644716311574 0.77950524436280866
v 0.96306330190961542 -0.91621027676961642 -0.8271860660431527
v 1.0134555570334802 -0.95282100736990594 0.80989037373906225
v 1.0235496932325605 -0.85195438531188439 -0.83664991429208568
v 0.947858599541195 -0.87984824465024469 0.83936163290491261
v 0.99893260696345365 -0.76650383959302892 -0.86111539804856019
v 0.92453103201273779 -0.76908331452846146 0.86929466067925332
v 0.97598018040908352 -0.67648672786862074 -0.88170036051451062
v 0.98264631736727548 -0.61195963140553433 0.89218525981205898
v 0.95180965642542326 -0.58377742351017958 -0.90059316243965493
v 0.96703188370501991 -0.51298884074885187 0.90942569070307977
v 0.92542434918549121 -0.49055278734732027 -0.91725667015433965
v 0.94496861739560989 -0.41436371533153593 0.92455074093279876
v 0.95563791738424364 -0.32114960171965895 -0.93282278267383423
v 0.8614659691774269 -0.31142023863066209 -0.94409711273200814
v 0.9832578671928045 -0.27232099837006712 0.93353082732489423
v 0.98132147381238444 -0.13129468866977362 -0.9415928855249468
v 0.9604661325871906 -0.12067484586181179 0.944462614643093
v 0.94994290718103447 -0.01896194523040463 -0.94759176576901094
v 0.92159969701610323 0.090248687001435096 -0.94963702144021478
v 0.95567812232747018 0.059988098679248397 0.94669110163679038
v 0.9863892046014211 0.17128415563662347 -0.9393072822182913
v 0.90454251165186017 0.15804449792704786 0.94946767655464437
v 0.95864926216441138 0.25910609951698171 -0.93765848065959423
v 0.96966948972884193 0.23885316098704912 0.93761761091766016
v 0.93733978975359677 0.34612320920895123 -0.93277477400868736
v 1.0167015407480409 0.40036885949515938 0.91743039292296458
v 0.92460821113815173 0.43747765222594936 -0.92424479308424812
v 0.92744405888584758 0.44667485198824308 0.92290778780536042
v 0.99922984509148094 0.58821313852655122 -0.89409565952346903
v 0.99382375555464697 0.57459630242436155 0.89703255066850485
v 0.91978955724975364 0.62764663246722252 -0.89683941641077769
v 0.94115470518286493 0.63366457849214863 0.89346252008072213
v 0.98095163618930636 0.76994067452071657 -0.86257152988859842
v 0.96933510542814705 0.72309409108445422 0.87345819729426344
v 0.96411080214708278 0.8672379964731376 -0.84081403373244468
v 0.96807378561502466 0.89763202680946408 0.8317152983298054
v 0.95265373870875836 0.96075614868337889 -0.81597063659066638
v 0.95684781028479338 1.050648341812763 -0.78735506729072957
v 0.95913676751851018 1.0414674003808826 0.7899379918339775
v 0.96800707467710911 1.1415733063861975 -0.75451667501954178
v 0.98916047842447308 1.1262105024390077 0.75719437915000698
v 0.97101942348313219 1.3030278113199933 -0.68411664039150688
v 0.99570068111568388 1.2802439603048508 0.69077719699257678
v 0.96420499517343905 1.3789626232294891 -0.64820045159691986
v 0.98222865247845459 1.3460891821167051 0.66234461839536329
v 0.97313229895031328 1.4606856782106103 -0.59887546512147427
v 0.95826496124466942 1.4677766793727924 0.59733718473188491
v 0.95413626421966025 1.5343807271019991 -0.55639777107196553
v 0.991269595914685 1.5858138980175491 -0.5088529444466704
v 0.99277532580069516 1.5395606240479318 0.54421615990059702
v 0.94699388453975786 1.6521714278149944 -0.46532592146856017
v 0.96493012382224219 1.671377752501841 0.4438880395986628
v 1.0038408228050959 1.7028703916867689 -0.39961858296943953
v 0.95502695636574786 1.7680885602246426 -0.34046292542364914
v 0.99542777303639018 1.7294111018132714 0.37375603672911584
v 0.93299514580747667 1.7786354239430442 0.33198656669880378
v 0.94164350046352419 1.8637339494139127 -0.1759213641481015
v 0.93267322115790585 1.8930850853301027 -0.071118190303006618
v 0.9573763617020159 1.812711134476422 0.2727459289338906
v 0.99705634336369919 1.8619303533862224 0.14886865114240133
v 0.95875698281591515 1.8880037164244188 0.069170930946995585
v 1.0792380225047267 -1.8630371102362773 -0.041560107854687889
v 1.0582064528224475 -1.8501086131972724 0.13412191592739969
v 1.0409322741366143 -1.8230771017416796 -0.21323620043293359
v 1.0333592046045705 -1.7798098252231633 -0.29403830647557139
v 1.0328208774840073 -1.7829126524424048 0.28958344606173225
v 1.0608401763691484 -1.7257235754572693 0.35949741822984932
v 1.1058635096892351 -1.727921026366902 -0.34002887817192523
v 1.0686766907239975 -1.6698219449983434 -0.4164984100951431
v 1.0824931570767988 -1.6630062942662487 0.41928956767072284
v 1.1241614240413118 -1.6034146864523222 -0.46382845492770725
v 1.0823691356640956 -1.5423104169834698 -0.52176045578356489
v 1.0275962528567244 -1.6251769729635928 0.46928989405827126
v 1.0643403617243912 -1.5628973349178454 0.51072730096248864
v 1.141551396164735 -1.4733925962154275 -0.55841096473471874
v 1.0227810611719748 -1.5022521271254969 0.56386725209159705
v 1.0685213992001119 -1.3300737071798883 -0.65585610899830082
v 1.0896122117415399 -1.3348297303636447 0.64898365314495665
v 1.0464460079513849 -1.2512347744432784 -0.69578409492404136
v 1.0919358394398599 -1.2564605743256883 0.68582656015350774
v 1.1000121071872637 -1.1081483040427711 -0.74606925337378061
v 1.0955418469588369 -1.1754316744841387 0.71992361115371561
v 1.0781273451347957 -1.0205973866701088 -0.77969642849895349
v 1.1059493452854889 -1.0841301611587386 0.7544682917436113
v 1.0509708097892045 -0.93479755512887353 -0.80974901791022424
v 1.1066993198194901 -0.97437662658409852 0.7897752532267811
v 1.0878932180113292 -0.81981050416497558 0.83537029561779974
v 1.0625930780316668 -0.70382124636808885 -0.86566783384762092
v 1.0799151336576291 -0.74500624506497526 0.85489743712531985
v 1.0149339011476566 -0.80155004341895519 0.85044763755488806
v 1.0409709021873679 -0.61036962033401387 -0.88524969563014044
v 1.0700976859423563 -0.65168287001295222 0.87465107422826582
v 1.0580547171979782 -0.55200293416141322 0.89276967976701915
v 1.0836915083752314 -0.43967671740118597 -0.90450748125388658
v 1.0479683266987538 -0.4425448618564663 0.9088840734074225
v 1.0542260579031855 -0.33700258210393297 -0.91937919032109905
v 1.0942375607981636 -0.35490955483947012 0.91249387491318523
v 1.1193481623942574 -0.25055421918925697 -0.91776349251824907
v 1.0575766207917479 -0.2772483605634346 0.92394505904347846
v 1.0873399187310213 -0.14838435924791166 -0.92769942791862403
v 1.0607420349378449 -0.12083550099838791 0.93207673227401122
v 1.0597587782615219 -0.041154097005139702 -0.93415342430740655
v 1.0365264199163791 0.078506392021596164 -0.93624380165356946
v 1.0566329927975533 0.054805995707472632 0.93441985304733532
v 1.0636899813341776 0.1712473583354619 -0.92972794764791533
v 1.066371678990923 0.218250361777799 0.92675248851563474
v 1.0417846052636546 0.24348655950232584 -0.92845709920572328
v 0.99494902400372109 0.39808548417245182 -0.92036959718651468
v 1.0886044051980035 0.36223587411996799 0.91244483587710212
v 1.0064642413258571 0.49615933060403106 0.90689493036876945
v 1.0835321088698024 0.56589307010986878 -0.88712494640715134
v 1.0688668134510901 0.55890862101878114 0.89028060458413283
v 1.0784397533695416 0.72121206104795776 -0.86013426891028077
v 1.0604433522115566 0.72482006830334744 0.86187465891115655
v 1.0560791099498421 0.82811684637865812 -0.83809132448132551
v 1.060640714693841 0.88723693059348152 0.82178191990616234
v 1.0965817542080889 0.98161496475068566 -0.78905901174035342
v 1.0551753270123232 1.0766672581887422 -0.76510381269371985
v 1.049449482700163 1.0477720676882492 0.77543072830404947
v 1.0505213641880575 1.1785871133063617 -0.72627192489753367
v 1.0860589942786847 1.1276762634754027 0.7408338128346813
v 1.0450322809874655 1.2642157985354834 -0.69038843085029389
v 1.0714449889797619 1.2624758815507371 0.6868263388834247
v 1.036514875483497 1.3413447922113209 -0.65582465230553799
v 1.056965711356975 1.3299786705064571 0.65796147356702295
v 1.0676039879641894 1.4528160008099473 -0.58584176179969649
v 1.0549453865954352 1.4710887996397783 0.5773879752102713
v 1.0319951539628132 1.5209604560970036 -0.54945076849443364
v 1.0816099071651684 1.574879991862554 -0.49705769250257897
v 1.0888814936196569 1.5417213302824717 0.520610361086843
v 1.041833117588584 1.6389378513630324 -0.45511744362052853
v 1.1024324318844101 1.6794711122403128 -0.39593191565709135
v 1.1272771210640722 1.6082850355641818 0.45917056081043345
v 1.0656652870034105 1.6724191932060202 0.41465898501133258
v 1.0720873476506816 1.7506973440066493 -0.32152308679058283
v 1.0156446943358288 1.7784614214015393 0.30262184193717084
v 1.0026570786730693 1.8109841753617626 -0.25864793902008032
v 1.0561878395223052 1.834499236956278 -0.17906108209692562
v 1.0255551370824674 1.8670056180966892 -0.094364633591112856
v 1.0535073041482856 1.8655731991111952 0.069752555619371576
v 1.1067576089774216 1.8277932539528103 0.16349125258125397
v 1.0187653826365091 1.8216834931188242 0.22868675955663909
v 1.128264073929699 -1.7825770208324343 -0.25208493740904203
v 1.1358988128709033 -1.8275395067549858 -0.1409921890566454
v 1.1852379067513426 -1.8336637652523771 -0.029775052781132086
v 1.2238647676969128 -1.8183767310761594 0.067794223037270257
v 1.1890427519533724 -1.7747450162271863 0.23104072284876015
v 1.1234645753710972 -1.7527367831369087 0.29770241821069438
v 1.185276968496902 -1.6569029707027383 -0.39332948199807
v 1.1456661543370443 -1.6925376902442539 0.36883837244515449
v 1.157904037235411 -1.6265984900000348 0.43265515855513847
v 1.2070451105631921 -1.589147817037263 -0.45382858830811529
v 1.1773461042414486 -1.5362799233086937 -0.50271717944017658
v 1.0961003505852074 -1.6092280854152878 0.46603710926882663
v 1.1450135313800298 -1.5620396003163914 0.49165049377553394
v 1.2034629831847159 -1.3989857556163081 -0.58879281651460913
v 1.1551572508870396 -1.4444293911282422 0.57289902685196237
v 1.1606771471475044 -1.3342184826089731 -0.63483855513307785
v 1.1606111895530098 -1.3758766074475042 0.61177716315969521
v 1.1329967143060984 -1.2671090162838397 -0.67393348472290049
v 1.1668615501385782 -1.2933945127725903 0.65559461617548465
v 1.1909056572769627 -1.1317359325404841 -0.72046747000924272
v 1.1856047444552456 -1.1448460721054516 0.71632675571761828
v 1.1752594341661611 -1.04008988915455 -0.75857590686291254
v 1.1445086136826377 -0.94833366089257898 -0.79178531327514168
v 1.2113246653078955 -0.93995979409713026 0.78324205953956205
v 1.148858195489757 -0.80937074128265019 -0.82866614255695459
v 1.1394624762728158 -0.8757545685810868 0.81296912064758287
v 1.1448951777240826 -0.73496095784067816 -0.84716733697325997
v 1.2349789420825148 -0.7494927491109209 0.82920678279387894
v 1.1308593452555682 -0.6406945595742517 -0.86823087593786008
v 1.1559625406241043 -0.69533463243638127 0.85414474854572431
v 1.1077810716749512 -0.54116526660565323 -0.88755344771965738
v 1.1475686126020133 -0.59457716225348922 0.87364794906155618
v 1.1762659472847223 -0.46976377547469661 -0.88798904473011686
v 1.1970133103979741 -0.44221558475391787 0.88839900252294124
v 1.162263044389533 -0.35658686593292682 -0.90306149217096865
v 1.1774934592716235 -0.36149781567363598 0.90025947332835787
v 1.213671688515932 -0.2596387119438936 -0.90360917381052086
v 1.1798877979768487 -0.21443253022974285 0.91132324526576292
v 1.1855828570807516 -0.16591727243621429 -0.91317482490556601
v 1.1553566519733183 -0.13471196590956278 0.91884237630561183
v 1.1615883629559742 -0.065430815319125882 -0.91992057097251634
v 1.1218172493932053 -0.031649190109536054 0.92573619097278959
v 1.1416381853290234 0.038945531890308423 -0.92304445893212284
v 1.1369427730300579 0.058265112865682388 0.92346655022813773
v 1.1311652786142494 0.13811005808318577 -0.92203323309029217
v 1.1597873312707527 0.2028659460847172 0.9149211020408291
v 1.1839684645169406 0.28740279846747641 -0.90569597756303577
v 1.1651955696142726 0.37701501912910551 -0.9003572491899503
v 1.1674002640162977 0.36398849520987375 0.90147801934363891
v 1.1374421555643768 0.48109334344511256 -0.89186872195141542
v 1.1608605193710921 0.54334029426818853 0.88004304048680448
v 1.1564450676123785 0.56670172982724909 -0.87708840995834914
v 1.1809250339647965 0.70255151661420545 -0.84848416208882182
v 1.1330588202608365 0.72737210574306832 0.85063573075983023
v 1.1505761109893935 0.79599000866241942 -0.8317488663995678
v 1.1857243182157815 0.77521020987257239 0.83123911559578112
v 1.1650929741445901 0.87533553101276662 0.80912291539259018
v 1.1858664374562602 0.95506452974675737 -0.78323689061337698
v 1.1989806740495701 0.96889163296481817 0.77687182194163551
v 1.1562453682936877 1.0447956256023476 -0.76019978085002027
v 1.2403918248316559 1.0500439299584581 0.74275760110911127
v 1.1437089112582874 1.0494069053001569 0.76067404799152993
v 1.1355308104584105 1.1349139151175898 -0.72935251353117148
v 1.2134102384287349 1.2096713016688001 0.68384716167804394
v 1.112866702329848 1.3078739715354284 -0.65852166235194454
v 1.1509192310558998 1.2907957462945308 0.65980674603939993
v 1.1782432687840501 1.3553509971687914 -0.61950558298410419
v 1.1533242660037129 1.4336735687441455 -0.57954664238558529
v 1.1482399399238636 1.4764001458526486 0.55509140697929304
v 1.1810918097109264 1.5669689416040549 -0.47863594212942057
v 1.2094690168837152 1.5970022289299441 0.44516620764192633
v 1.1204409311245314 1.6221032280127603 -0.44859748074295952
v 1.1922761275188354 1.6404966391799829 -0.4074027605135141
v 1.1862762618275535 1.6725614304753731 0.37696950171050714
v 1.1804537912283792 1.7085541611138797 -0.33637894740841834
v 1.16423126880484 1.7658424844209308 -0.26243049935611296
v 1.0976803747547668 1.7839538112192728 0.26262654912397476
v 1.1479993528016479 1.8061394251271599 -0.18700907954638535
v 1.1922736367023037 1.8315791045261662 -0.034863778937696016
v 1.156959294334448 1.8398236760304414 0.05997283886165139
v 1.1877389327809051 1.7768244060514118 0.22723130852589701
v 1.2314991336100642 -1.7745793886574202 -0.20310913044293921
v 1.2852472763459235 -1.8034728158979416 -0.0087085134787625793
v 1.2559505673726716 -1.7863224524006449 0.16038628117894532
v 1.2966942229304517 -1.6650777505486494 -0.3449139289686205
v 1.2808542715290818 -1.5999852203253178 -0.41788179778412998
v 1.3198898159002392 -1.7216531702008968 -0.25372957900417009
v 1.2798901355660897 -1.7391680006485544 0.2460013855614647
v 1.2296785518011897 -1.6524158900225323 0.3830160349101801
v 1.2670959786670115 -1.5364522455334564 -0.47855531090165998
v 1.2410830311826644 -1.5702065324679528 0.46004821037917193
v 1.3403162320179491 -1.4740093435274484 -0.50423496977145066
v 1.2882501199010892 -1.4795359741892917 0.51513131805327217
v 1.2518389469575686 -1.321885338238536 -0.62127821975498831
v 1.2277895713134637 -1.4216789864058128 0.57014919008100973
v 1.2439639585976818 -1.3354007125195602 0.61570738943274173
v 1.2041031565654283 -1.2773013400909226 -0.6560358388387546
v 1.2507856663079064 -1.2305932102410502 0.66776150031295178
v 1.2730046649944482 -1.2448251592867989 -0.65726516680752467
v 1.2763295191892023 -1.1625582943706614 -0.69183631360441211
v 1.2737265656016676 -1.0688486518041596 -0.72922158104657864
v 1.2009778641911948 -1.0431080507633566 0.75274212189602108
v 1.2590294926610932 -0.95411415985893622 -0.7713103396101878
v 1.2820419934540086 -0.84154391254046912 -0.79833308112760593
v 1.3072315485783796 -0.80717038510211492 0.80237834886751636
v 1.2869955466040475 -0.75565998761651432 -0.8188498030063891
v 1.199536683937932 -0.57075286551072613 -0.87009311818514179
v 1.2293249818537064 -0.68012418803046626 -0.84532348223502984
v 1.2485492238564069 -0.63918571518369793 0.85053160966829078
v 1.2923408048931202 -0.59047156154093716 -0.85195421466092769
v 1.3104231949591905 -0.54889864530440269 0.85627623202577774
v 1.3231168137866123 -0.44197027031412184 -0.86899746225299268
v 1.276670017421272 -0.45944178506956501 0.87437459776251336
v 1.2460063782156681 -0.33053505080264883 -0.89291082117233034
v 1.24548722565618 -0.38546899259292572 0.88752285865072467
v 1.29808307451037 -0.27222429402720622 -0.88961724636756123
v 1.2530658878630354 -0.28460046991262766 0.89569284963207374
v 1.2772097729182079 -0.18435097114498628 -0.89839632929407343
v 1.2430006896559491 -0.16639213066390249 0.90464209832622078
v 1.2570435301623069 -0.088880191552369536 -0.90512803635102745
v 1.2221673152004011 -0.070332600097493481 0.91081009388579703
v 1.2388140345610446 0.011258948053919481 -0.90889467850623262
v 1.2823422784485479 0.081501713469808806 0.90134162376372595
v 1.2014591822120566 0.20248920935785281 -0.90879100246454092
v 1.2641056198068683 0.18919778320661085 0.90023019764185253
v 1.2855756308545179 0.27528434250944861 0.8913696098276962
v 1.2543413833352126 0.34546424108794777 -0.8904319064086228
v 1.2583383993648667 0.35116615003904478 0.88936459680645286
v 1.2368290428633448 0.44176533214286373 -0.88255040355892944
v 1.3056498347965693 0.50475993065618063 0.86342932907450975
v 1.2881412637326994 0.58899204495467883 -0.85298987450814923
v 1.2703717541426858 0.67609710803313439 -0.83925570099855484
v 1.2601929039155497 0.65775116662964805 0.84507292698948488
v 1.2106603243259122 0.61116442671264193 0.86170991126067709
v 1.2451984241679477 0.76873932304032111 -0.82294448631181627
v 1.2642805398766708 0.73101885456853211 0.82834137151974485
v 1.2158398036685065 0.86322049080086249 -0.80407246553153555
v 1.3282416411091142 0.87444409254455779 0.78127086326653594
v 1.2428383828375391 1.0170656449580138 -0.75406954898910172
v 1.2926721821155007 0.96526440527816892 0.76197277481204118
v 1.2873476899405474 1.0685205416983079 -0.72653977324839447
v 1.2765531400697054 1.1339962657511851 0.7030446141692237
v 1.2860715277762342 1.1406201475667068 -0.69847826313558814
v 1.2799917529037907 1.2292195841222482 -0.66251149040469004
v 1.1953502114277632 1.271405400569954 -0.66051615522260265
v 1.3049130885399949 1.218588331233456 0.66192524381305096
v 1.2439778953998104 1.2772097208270838 0.64722441286569343
v 1.267775602182809 1.3199590645097943 -0.618684780945845
v 1.2221593520002076 1.350578419230023 0.61233159976401308
v 1.2439925385587605 1.408000753131222 -0.57452750010334408
v 1.30149374143172 1.4661263838413505 -0.52136257570537914
v 1.2847770725504724 1.4067059089470293 0.56580939591773882
v 1.2360092620302017 1.4784386288843969 0.53045464151473176
v 1.2621991770260927 1.5290187705121103 -0.48553555796170894
v 1.2670808380534586 1.543454112060294 0.47330828496155802
v 1.2743050125972757 1.5894279090696444 -0.4308041192096223
v 1.2914174550234585 1.6646600836547314 -0.34801148418980388
v 1.2539399213442022 1.7309960122477319 -0.27192582269509491
v 1.2323941058198804 1.7749761760884983 -0.20161971058313549
v 1.285058925565602 1.7572789413004433 0.20378262167655237
v 1.2225347625947174 1.8035457916026632 0.13630679080426233
v 1.3013388816458495 1.6685100448656169 0.33794760453681905
v 1.2912374720103115 1.8001222371736827 -0.056930149915654524
v 1.2611921481184702 1.811158804847302 0.039773354692442336
v 1.3334969121429274 -1.763384568008538 -0.15582517461600542
v 1.3350708549771397 -1.7826855545554754 -0.07208033518994672
v 1.3815710556730108 -1.772111240014268 0.0025429417553548481
v 1.3481160456053796 -1.7477827753540249 0.17842072095063
v 1.4017021733624504 -1.6595671686896283 -0.30029214310131269
v 1.3646336069040033 -1.7009439474880401 0.26148740279862193
v 1.382637113786265 -1.6411156404839891 0.33477976715574276
v 1.3752707739005992 -1.6025437964778628 -0.380905195490086
v 1.3541826466541929 -1.5428003270470418 -0.44715848513190926
v 1.3904113359634207 -1.5830965503666663 0.39446444524351859
v 1.3453929598192151 -1.5398439729790774 0.45310412064992361
v 1.3952484741651834 -1.4517302894954671 0.50372664579471182
v 1.3224596011905529 -1.3856248385866052 -0.56903496710352219
v 1.3179616446010594 -1.3912339035200936 0.56684585396016174
v 1.3450396689400586 -1.2859000579040596 -0.61853280086016915
v 1.4270901944064691 -1.262391541101799 0.61032882551206968
v 1.3560984533026401 -1.2000032723172707 -0.65932820966737815
v 1.3607595714541649 -1.2034914476145491 0.6568714593658489
v 1.3604315381145493 -1.1114499266049653 -0.6945938636816994
v 1.3817847283638667 -1.0366014262028209 0.71844704018292405
v 1.3630463026395074 -0.89636411472611854 -0.76882168202942869
v 1.3759825844008915 -0.94776234306412754 0.75104202032428335
v 1.2950041166610964 -0.99729952191995386 0.75067861420241644
v 1.3728056348754263 -0.78802767832733278 -0.79519690899036932
v 1.3801745363749165 -0.85799251937985888 0.77627285676900348
v 1.3844074217659563 -0.76996318459952273 0.79745712941582991
v 1.3354951793452126 -0.68320406412334878 -0.82594265813669754
v 1.3503442238567724 -0.63411502291716937 0.83329822611778015
v 1.3958942252654221 -0.58706888543052194 -0.83344704523067237
v 1.4009397809884192 -0.55744313492136921 0.83802079317166689
v 1.3987864053707535 -0.48008918199663847 -0.8505850470969949
v 1.3643489363260493 -0.46891628465979196 0.85897797259162634
v 1.3909793210912327 -0.38797623253688346 -0.86376771888978532
v 1.3219928595067598 -0.37973566037346507 0.87609280663699252
v 1.3793158003097743 -0.29793840111069336 -0.87424347976411421
v 1.3732410741278971 -0.29252567320142725 0.87574449309663061
v 1.4342016756338944 -0.14248553695444516 -0.87440395613104127
v 1.3353707578602407 -0.19428240948039038 0.88851010365511363
v 1.347524951293773 -0.11446442357766637 -0.88996457629791603
v 1.3627032321096884 -0.043522023608687239 0.88930520517207023
v 1.4129456817228956 0.050939599872169193 -0.88062077431856112
v 1.2926739635653826 -0.012011764252214528 0.90054447049399577
v 1.3183539638966184 0.0864477373534277 -0.89542458099134248
v 1.3530758707517161 0.23610709139425579 0.88334494888719295
v 1.3489795264435107 0.2921397695165327 -0.8797890570504775
v 1.4110366525389677 0.37860955419222053 0.86134176166550969
v 1.4058833870339802 0.48627853374648228 -0.84823799222934326
v 1.3939907779298972 0.46997711398817177 0.85309754083681766
v 1.3076087930489289 0.50365489067751101 -0.86326840614215627
v 1.3582754445879224 0.56135829421560057 -0.84550808678397782
v 1.3703439081207507 0.56129738193934919 0.84324731935784225
v 1.355906844577536 0.64087700209988085 -0.83102599294643953
v 1.3441949115903256 0.66338559112532924 0.8287071641163134
v 1.339649045649002 0.73738370711986223 -0.81334085759302599
v 1.438833530150216 0.71578989394295989 0.79911178943339511
v 1.373498139380638 0.90965595574024694 -0.76305924544727499
v 1.3896163221745617 0.94481308161320954 0.74896027771396123
v 1.329611037856214 1.001444042080702 -0.74205731770791861
v 1.3694025016390539 1.1458773273250005 0.67912613619531637
v 1.3654170979800191 1.1772831200707012 -0.66711425721512085
v 1.4270718123039747 1.3113898865310767 -0.58380260086500668
v 1.3965201354586911 1.2275657609616362 0.635667286420464
v 1.3510943668597704 1.3757342887506756 -0.56791089980966958
v 1.3983260322041229 1.4556252339171698 -0.50004272219851664
v 1.3301266933431541 1.4753485940598547 0.50617417637819784
v 1.3420492406794933 1.5283228100632231 -0.46299922292295137
v 1.3593594810408172 1.5490588964610814 0.43942166388885523
v 1.3724954573785346 1.5918677259557132 -0.39266055577081638
v 1.3718827905128044 1.6156780660525167 0.3690884750106857
v 1.3777512560019787 1.6624373707651432 0.30888420118753723
v 1.3456822909230801 1.7073776517354435 -0.26153463107849084
v 1.3726488745134744 1.7367433167318782 -0.18366072126256139
v 1.3943361500022675 1.7583123892639108 -0.090401970877377669
v 1.3825156200417281 1.7322716053244762 0.18548897259242686
v 1.3263353094145269 1.7761206913809868 0.11424022973225338
v 1.3372515095089457 1.7082012699447227 0.26442710374066908
v 1.5062488193740857 -1.6455796398852582 -0.26319198154823126
v 1.510057952699918 -1.7109887736797988 -0.10646992312979062
v 1.4334853930938056 -1.7399835055633213 0.10740090401804653
v 1.4476943607644626 -1.6633866023073725 0.27135176406920308
v 1.4736441194909671 -1.5967027247676375 -0.34647492386234696
v 1.4706388374146173 -1.5917712947506364 0.35442366216274573
v 1.4422176522681989 -1.5405744885395105 -0.41527197646566694
v 1.4153836798329269 -1.490512277443854 -0.46902167738322931
v 1.433760695114223 -1.5259990356222535 0.43222528024658591
v 1.4777966609004969 -1.467734287367892 0.46639557146908928
v 1.5217822461683965 -1.3363589149610609 -0.54248698910021087
v 1.4859688040779868 -1.3978313958481401 0.51275793894315691
v 1.4352374303575874 -1.2368643654637352 -0.62098016697340419
v 1.50268206134814 -1.310058633958431 0.56421667594704172
v 1.4409246350376987 -1.151774421988184 -0.66091561301285884
v 1.4948810570420947 -1.1363901718509188 0.65414311853998774
v 1.4400950811789262 -1.1894223839970302 0.64344176675307629
v 1.5160853709556912 -1.0924329260809638 -0.66670946721194757
v 1.4358520482148456 -1.0751251441084617 -0.69215507083893946
v 1.4697297997366512 -1.0529524436511359 0.69298335404171363
v 1.4511082404406177 -0.92856631062721229 -0.74051758337652718
v 1.4546076524733198 -0.90510082509447265 0.74728241375081528
v 1.4331873270532938 -0.85286518316490079 -0.76724664819083632
v 1.4577965496451533 -0.8122637196461886 0.77261188745543063
v 1.4719798813091896 -0.78644061473333071 -0.77620794062865572
v 1.452639702809368 -0.72340318125689418 0.79476184926085913
v 1.4976975719731769 -0.61820291712991526 -0.8073552759365461
v 1.4331438978715152 -0.64082614730559362 0.81612456673346712
v 1.4799528066536378 -0.52118842769513896 -0.82816834606816592
v 1.4556538496077396 -0.47888868971449466 0.83971506541444363
v 1.4723145873256847 -0.42449607562700747 -0.84392877868093363
v 1.5120723220471135 -0.39709450795473167 0.83907111323967043
v 1.4172231791647723 -0.38679475938426749 0.85936301821501959
v 1.5378830055278443 -0.26802683319861786 -0.84715520559850943
v 1.4737432386308316 -0.30240432434050152 0.85729476724083542
v 1.4933553140326201 -0.11869442054766841 0.86448630458717612
v 1.5052930952225032 -0.080693783521153445 -0.86333117761756406
v 1.4418730269143247 -0.027743709974487107 0.87563305707653638
v 1.494828029417627 0.0083750261483329994 -0.86610772868372909
v 1.4694596387938206 0.087942040345966074 0.86976566241477882
v 1.4990976320130394 0.099602757368572076 -0.86395323634577714
v 1.4399299531588352 0.19982185129241878 0.87047935530254161
v 1.4100237565332256 0.17120396053258194 -0.87723821037881089
v 1.4998932182762714 0.26440761099059518 0.85540904669125584
v 1.4262006646974883 0.38065024227046956 -0.85848260562097267
v 1.4789841815565214 0.33902230367856406 0.85276996856837339
v 1.4819513063697491 0.44117163923545349 -0.83983668342903106
v 1.506124637770089 0.43439720651638658 0.83564737681051027
v 1.4313494630566836 0.58589178966654032 -0.82677367667145141
v 1.4478717264934879 0.52605382875325735 0.83385870304518583
v 1.4443040117329369 0.69442614057809038 -0.80272140572976469
v 1.4428331025756564 0.6121900902449704 0.81960981540652877
v 1.5078217445891844 0.78011633600066288 -0.7703219554618238
v 1.5325361875868746 0.75512750903907455 0.77134381214426417
v 1.4401459283601039 0.83623379728638059 0.77005143329525338
v 1.4369198336937505 0.99738175740841273 -0.72020181912349246
v 1.4891636854263286 0.9357647518690464 0.72935787090467064
v 1.5293866224077071 1.0445486763912701 -0.68178069409379516
v 1.4410163147931789 1.0847651156763776 0.68722032435635882
v 1.5400847188771096 1.1351420085164363 -0.64215862066967722
v 1.4601398696704473 1.2193672534205418 -0.62327253502500035
v 1.5297262215118563 1.1226737902045909 0.65075058110851003
v 1.4461169892952079 1.1611172586343563 0.65601230637261687
v 1.5130491503916046 1.301157758867326 -0.56615823633153906
v 1.4391966585101332 1.3057310176620582 0.58372434285635044
v 1.4577427740069939 1.3793535704966478 -0.53494767803198895
v 1.4432650125209419 1.4739072557390138 0.47280125127003247
v 1.4990290384730667 1.4495699492414753 -0.47218754010279579
v 1.4385114241369161 1.5224849593300904 -0.43367222103944147
v 1.4534026911863795 1.5615680685783979 0.39124075782213963
v 1.4762045706294313 1.5839347635946821 -0.35994113781252735
v 1.4076037590262007 1.6484948153114745 -0.31199519948357302
v 1.4493935243905467 1.6282469066465064 0.31732364381090694
v 1.4251944550139453 1.6849194133437018 0.25278690492757544
v 1.4451878155671927 1.7226199200364858 -0.15725376286515622
v 1.4301754801352524 1.743943790030438 0.09571844852388231
v 1.4800513042295227 1.7009870990327913 0.17525163633935859
v 1.6010325519996098 -1.6702050169560405 -0.12424589189038332
v 1.5339678570740629 -1.6758664789437336 -0.18370249332482255
v 1.5816975118768868 -1.6956436630849705 -0.027322800080999781
v 1.5577838150092902 -1.6963497540024475 0.089142652909580247
v 1.500216935935603 -1.6860055481341343 0.19028273891060413
v 1.5727223163047452 -1.5815530937771733 -0.31136929470686031
v 1.6114917764305778 -1.62537574853664 -0.21868426394465756
v 1.5366076114552703 -1.6272603354469328 0.27075172519867358
v 1.5709263312247084 -1.5598387297992484 0.34090124781082037
v 1.4977075658192178 -1.4761043065095667 -0.45321499737187732
v 1.5924190982650652 -1.4633561541077438 -0.42487920363724391
v 1.6045604965955689 -1.4874295414204186 0.39699487040450199
v 1.5508775224221538 -1.4420700869291749 0.46015461573837679
v 1.5530625594015073 -1.404676324236332 -0.4856019039635826
v 1.5753360952779021 -1.3603085810413311 0.50885332245328141
v 1.5855520845627322 -1.2658042674872285 -0.56479990469070152
v 1.6035772656795328 -1.2600494617527009 0.56246893002219422
v 1.5353054543773199 -1.1879802455175563 -0.61817016535376945
v 1.5814636622314355 -1.1591816032041709 0.61935359816206259
v 1.5597919728216776 -1.0686465145818083 0.66564779509471428
v 1.5410544222996814 -0.93732844406247007 -0.71650031820598625
v 1.6202033319020801 -0.90317961063308971 0.70776592878794586
v 1.5871095151501211 -0.86207434683329709 -0.72938311386694821
v 1.5388750413417076 -0.85707487082430878 0.74276104598342896
v 1.5444323843178469 -0.80136452114729784 -0.75735511184920845
v 1.6330038021918145 -0.79337053760157672 0.73748167056632286
v 1.633309000251461 -0.68592349648580841 -0.76454823677135086
v 1.5162196400520629 -0.66009663034385535 0.7955310975952623
v 1.5741280026593865 -0.63376013825624189 -0.7883976317351381
v 1.5474022073924361 -0.49066875757526229 0.81888508603714705
v 1.5539019025101231 -0.46332201866384415 -0.8218039108425379
v 1.6057827255873385 -0.40782199509825179 0.81764986883236723
v 1.5487472588903937 -0.3668493018713137 -0.83521115215774766
v 1.5694922217035521 -0.31305799835760345 0.83629500749426278
v 1.5324274415806554 -0.21698994854400616 0.85196601110779624
v 1.5210295944138736 -0.17276390486191195 -0.85710469033100667
v 1.5716857325436757 -0.023076733657600823 -0.8509522025323818
v 1.5562899433121073 -0.014674706465003712 0.85424339705127961
v 1.5573799058604636 0.048959122431080394 -0.85401632152037199
v 1.5270746195565972 0.19540021866345797 -0.85443054048034273
v 1.5298807940784531 0.18126457255014775 0.85472939867037123
v 1.5677255356748037 0.28788272891325806 -0.83904778589994766
v 1.5710124528208267 0.24804633054619246 0.84191205590256479
v 1.5552240078448143 0.32639808413152072 0.83807019200751431
v 1.5580227185158346 0.44914437873583996 -0.82299188012771485
v 1.6121895261382571 0.4908101024572058 0.80471935170949604
v 1.5906257594143454 0.53666483428181111 -0.8023464980227708
v 1.5261617311779043 0.55206476419335471 0.81371705921443083
v 1.6257876644614038 0.64125647400195773 -0.77551214393792367
v 1.6173543871505764 0.69513626997926614 0.76607841214763139
v 1.602676037458121 0.75112816979719366 -0.75702293697451695
v 1.5724887333695403 0.84858303545971181 -0.73707557754584596
v 1.5982690027365589 0.95121107009195105 0.69789786867058712
v 1.5437687467620569 0.94764304846845526 -0.71253864191778249
v 1.5976608687682865 1.0743263873954501 -0.65344639976717778
v 1.5702791058229504 1.2186354170133193 -0.59304207383087237
v 1.6094373750067141 1.2943553579141458 -0.53959801802681873
v 1.542078258275738 1.2961545434461561 0.56080467027241343
v 1.5564973099876731 1.3721765306610334 -0.50720684260423632
v 1.6134774482284457 1.4420549158377565 0.4341585204730915
v 1.6025938470282348 1.4399304578367813 -0.44085457731292743
v 1.5350186483212147 1.4355648397131555 0.46999458015657014
v 1.5379654337223652 1.5125700699017568 -0.40225423256538806
v 1.5487423966693883 1.5822467001266298 0.32402835828456777
v 1.5172009207978423 1.6353701337412121 -0.27072015561598384
v 1.5148626198580182 1.6850173369401436 -0.18017795109582185
v 1.5896624205037566 1.6211774519164404 0.24648472912000902
v 1.5129614334536519 1.6512775769680563 0.2515356268278196
v 1.565674143129012 1.7023462487049963 -0.026990664076984982
v 1.5437093745947317 1.7039946415312124 0.080109281603260252
v 1.5727060294162143 1.6631458558087464 0.17762026896876768
v 1.670006151553215 -1.657415882961202 -0.053296229026055443
v 1.6516120847281079 -1.6663815818716827 0.041052268906959843
v 1.6693938477109826 -1.5615460953304747 -0.28031491331068753
v 1.6851845792333855 -1.6281612022795473 -0.1416445883567955
v 1.6404151503344737 -1.6535842309797626 0.12160011521696974
v 1.6796759943281208 -1.6118626161965768 0.18437959451244296
v 1.6274437272760633 -1.592277345860494 0.26464278913128164
v 1.6322494213620173 -1.5164954935805322 -0.35743935146930772
v 1.6838351784346142 -1.4489941572040124 -0.39633967885909993
v 1.6574485087605912 -1.5279359616677073 0.3295073064725017
v 1.6886613581473062 -1.4618876820390807 0.38277881531964381
v 1.6465125844205939 -1.3987870180022348 -0.45677760957077651
v 1.6366676323471683 -1.4144055605413055 0.44804495786027609
v 1.6488339979868822 -1.1900257953932176 -0.58407136103679524
v 1.681001303097166 -1.2680126641525908 -0.5309572692856579
v 1.7099233511013092 -1.250246975963639 0.53095989525155773
v 1.6693925498049582 -1.3324336118157452 0.49346918232610798
v 1.672264398332288 -1.1761786779045154 0.58394891724055176
v 1.5794006654973098 -1.01857897297345 -0.67892932235913117
v 1.6806999441009562 -1.0237345839415106 -0.65023395217889546
v 1.7171993282800078 -1.0240458495348723 0.63861371131047862
v 1.6499292557586549 -1.090210390164511 0.63067930235273051
v 1.6354901571604157 -0.93779162021506213 -0.69275827167416315
v 1.700555852331485 -0.93707195736861648 0.67592704729699804
v 1.6767743074665831 -0.85015851688511768 -0.70997977608537144
v 1.6905298268096611 -0.85990506742299877 0.70343612595207361
v 1.6165455325244531 -0.77803718663687871 -0.74604250599556654
v 1.7162887006798802 -0.75038226744998093 -0.72756775152066355
v 1.7144383279415742 -0.64016360590591881 -0.75503593631250121
v 1.6069396421867936 -0.68280240174748108 0.77109083359306374
v 1.6322483610488245 -0.50308428250375981 -0.79834399220820695
v 1.6406935367417557 -0.50274861785403957 0.79651973410018551
v 1.7003023432685715 -0.41714944002107851 0.79501241655726895
v 1.6947593486691319 -0.37392518097578886 -0.80172421155168683
v 1.6632552977044579 -0.32329220472585185 0.81449931153592714
v 1.6372731529453808 -0.30644317875184973 -0.82185271766745138
v 1.6712241759624584 -0.13339957253541687 -0.8261787958856508
v 1.6861120479030873 -0.15087512512176612 0.8221174928813455
v 1.6517017868861765 -0.047309283529203564 -0.83317085712293726
v 1.6603952177508858 -0.055500271465833154 0.83108288294242172
v 1.6931265585876902 0.12230297088590567 -0.82135416878957379
v 1.6553263173718458 0.11994327446388783 0.83019546140518585
v 1.6566616225681721 0.29604379793190833 -0.81851911081425621
v 1.6519298529097721 0.28080774100707134 0.82099899551949296
v 1.6470541377424501 0.45436401796864084 -0.80266069105021054
v 1.6861944161109226 0.44264936845437181 0.7951559638597745
v 1.6882750937306983 0.54183853139948812 -0.77953813873527711
v 1.7145311178948091 0.53028699395713741 0.77514372742189608
v 1.7042879567280618 0.64142364061663049 0.75750491793210595
v 1.6680118040840066 0.81734437145253314 -0.72171973124870969
v 1.6573656710293494 0.8491595306166394 0.71535481698423253
v 1.6139289784333435 0.77971721527154259 0.74622701948816661
v 1.7110896937979854 0.93110810206576711 0.67500153562957255
v 1.6956141064781363 0.96949969590869756 -0.66648362773138892
v 1.6715226180158658 1.02468969800609 0.65272514619729383
v 1.6691560076427883 1.0509964806251884 -0.64250903077900867
v 1.727240818031567 1.0962417759389977 0.60388604409995195
v 1.5897157199608627 1.0477948692554508 0.66587537731529212
v 1.7102254363431906 1.1616834251845525 -0.57924584644895272
v 1.6891993934632334 1.1868658699055241 0.57327393388400893
v 1.748627045511558 1.2129085628431922 -0.53874154745773184
v 1.7000664434914066 1.2844909457775997 -0.51304399985824434
v 1.6516709562397722 1.2869912417476874 0.52936830909659605
v 1.6561236623254136 1.3612128876635541 -0.47954105486527687
v 1.6747424347633821 1.3748381172472213 0.46332509846414555
v 1.6350954209431643 1.5031727035337823 -0.36866457843540335
v 1.6036052641732639 1.6013384771941133 -0.26668777733996635
v 1.6341863663140854 1.5133346112425126 0.35954181423805942
v 1.6489798419306907 1.5735030817257629 0.27691299929336605
v 1.6714002830347088 1.6345770897131822 -0.14201804255309117
v 1.5854326631055748 1.6783306735481158 -0.11744498718568146
v 1.6545573159272793 1.6650002425672308 -0.050794441146554042
v 1.6245031085744119 1.6777380540088815 0.028112224217760585
v 1.6425752801905302 1.6560599406477854 0.10785704568966734
v 1.7646877990622816 -1.5843648820040344 -0.15908613620415363
v 1.8069862270260153 -1.5923367125251517 -0.0026165905134168943
v 1.7775861076431902 -1.6018536221752862 0.071237650670162675
v 1.7788211244107128 -1.5749178085297018 0.16401301161630322
v 1.716375386714182 -1.5554674852439418 0.25833220691683934
v 1.7289755806917093 -1.4957421985163755 -0.32505535985896489
v 1.7605289122280683 -1.5428864632422543 -0.24312454849157031
v 1.810542847400834 -1.4992777320669222 0.26769114241044145
v 1.7729639757183797 -1.4431528952264598 0.35921531748207974
v 1.7049809380887848 -1.3374404411665608 -0.47677024100752119
v 1.7758925470069096 -1.4231269929982109 -0.37527369628753282
v 1.7871467288922955 -1.3497431074156787 -0.43298917671576259
v 1.8129279078120291 -1.3695520762329589 0.40363406805456853
v 1.7246541351542819 -1.3905020171137299 0.42824468298714291
v 1.7720765944935419 -1.2771668296765009 -0.49050306657166792
v 1.7626251964155166 -1.3132322328481192 0.47072885660218733
v 1.8001462317279471 -1.2325163636479619 0.50679251964754124
v 1.7509591020704087 -1.1982280316694316 -0.54666886701753337
v 1.7508159263185219 -1.183095515230798 0.55576131384100336
v 1.8314658182985757 -1.1395613752324298 0.54893493874942245
v 1.7191278731963273 -1.1117545922516368 -0.59933007851590114
v 1.8050773086071092 -1.0443754221372303 0.60178516334669852
v 1.7452519601031402 -0.93057515080780762 -0.66595445207062098
v 1.8468414662719668 -0.88996831342339489 0.64929892083198726
v 1.7839524587291002 -0.95816542909836033 0.64468800496816403
v 1.757130559837691 -0.83576044762709822 -0.69241007697958579
v 1.7639009406590676 -0.87338205223358156 0.67930568344645115
v 1.7993268949427197 -0.70968670894589669 0.71483212638899862
v 1.7888857689037301 -0.5831566001799442 -0.74682608043499399
v 1.7034520022708752 -0.69859723892874703 0.74397787965022744
v 1.8388626143219977 -0.52205388138249431 0.74444393312304746
v 1.7796079988024249 -0.48802128329390482 -0.76621665851087162
v 1.7978221229937983 -0.42315778376646629 0.77081718455234716
v 1.7663444002132211 -0.39605594235326763 -0.78205584032048081
v 1.7566328713433939 -0.32998480868752506 0.79187177737424652
v 1.8028725785849253 -0.21721052030910978 -0.78993424216666042
v 1.8062688360855439 -0.24472921221054036 0.78736525954766623
v 1.7429006787746504 -0.151025807075159 -0.8087043573367384
v 1.7693938735152606 -0.1660794354028266 0.80149961124071922
v 1.7964623290532369 -0.019267610743280986 -0.79879933075577048
v 1.8026243192986575 -0.022034168392752445 0.79725883319441537
v 1.7847247979315504 0.073710678181626965 -0.80100853767129898
v 1.7837606287124319 0.051312517575126927 0.80194952249503193
v 1.7868271422068644 0.16937215470298123 -0.79693549911155848
v 1.806076392637042 0.13997700247269618 0.79359981636083032
v 1.7929245634209461 0.26570582472599802 -0.78897839655032631
v 1.7749999995177552 0.26780079581605498 0.79326313398643122
v 1.7784880002963894 0.35925415807415073 -0.78363866843823882
v 1.7953637918374414 0.36109328079814179 0.7791898302124769
v 1.7409795952976006 0.45067845570034376 -0.7812169384238401
v 1.7647491608464332 0.43650972301704632 0.77737577147688897
v 1.7880690130492485 0.53758586350181314 -0.75618282239395462
v 1.7929034309979042 0.59941875175238502 0.74219343021399264
v 1.7771421475860649 0.69574114664539244 -0.72465701620888312
v 1.7744401068171405 0.68080840234079432 0.72916221393329683
v 1.7718164820392086 0.7877760457121995 -0.702091328450696
v 1.7596719572294155 0.83816679735898203 0.6910367745854078
v 1.8063237976203206 0.86842161968469034 -0.66883922568185117
v 1.8118061999373938 0.91883283701174068 0.65015314659788204
v 1.7819871654645212 0.94469062766973166 -0.65039615325875955
v 1.7491206314265542 1.0235444748285916 -0.628773318299368
v 1.7680892056240491 1.0081119841763393 0.62922429682475656
v 1.7922482919962215 1.0709102251258076 -0.59457599411676454
v 1.820961114279487 1.081035896442387 0.58036412066891041
v 1.7834162285002368 1.1381910056950884 -0.56668299085450569
v 1.7477384370545341 1.2493033720532207 0.51724035845992378
v 1.7886684471439254 1.2752183139198123 -0.48513286075336237
v 1.799786769074283 1.3045722780239932 0.46160545531350139
v 1.7381975353437258 1.3399263629519194 -0.46260589955072717
v 1.8159865915232918 1.343894992303283 -0.4233208389290859
v 1.7585554934480561 1.3737660889428769 0.42687964538680129
v 1.7885601399914155 1.4811183738269724 -0.30504547848332442
v 1.7974120894696095 1.432646689523253 0.35618419059677076
v 1.7036806551788362 1.4432750358207169 0.39197243494026723
v 1.7340336351213796 1.5443718575227658 -0.26108358516377733
v 1.6697314654731303 1.5958787580850289 -0.22573936576525153
v 1.748558458048284 1.583597361895438 -0.17585444293456592
v 1.7369439963419757 1.511323754590292 0.30056126417195717
v 1.7182437217351669 1.5739566551782658 0.22376644066463255
v 1.7523470027083023 1.6143854138696314 -0.069885386543839259
v 1.7049417564500269 1.6416163086124034 0.029619814706835262
v 1.8485607213165125 -1.5646778831447317 0.077746708817777552
v 1.8416077830981499 -1.4692098321257669 -0.28456606020534159
v 1.8430397053134344 -1.5314975686840877 -0.18236503578325008
v 1.881670796480837 -1.5183678690651106 0.16763080207954256
v 1.8809794171915573 -1.370803399391092 -0.36817194592075209
v 1.8595610291543196 -1.4202218034270762 0.33013021027297629
v 1.8997198332240293 -1.3495301597023033 0.37601361777431436
v 1.8583373102282947 -1.2906909699667273 -0.44537374772503596
v 1.8533270750685078 -1.2941282557136395 0.44508607063556332
v 1.8330407668614912 -1.119728943858262 -0.55860325640929964
v 1.8424168011556779 -1.2144817221730719 -0.50070507676138298
v 1.9364826190938988 -1.1269636982154978 0.51235036855933846
v 1.9342224962457149 -1.0739161908634696 -0.54248077169440956
v 1.8945497573343451 -1.0561779539419145 0.56656434980330739
v 1.8465122171224817 -0.9581697657232312 -0.62383312593604379
v 1.9316360761939517 -0.90586147871491884 0.61390838780872492
v 1.8310898269611571 -0.86805250492981434 -0.66188186132710802
v 1.9127819060980558 -0.81902627455586074 0.65145714803049259
v 1.9011386802479997 -0.80472768102650916 -0.65978369646693491
v 1.883809377331586 -0.71218403830358412 -0.68982990211871464
v 1.8928172777273584 -0.72599647908367571 0.68366012355036354
v 1.8697734989107395 -0.61898550802599561 -0.71602042922433162
v 1.8710606674579102 -0.62527573068766862 0.71428433067942954
v 1.9376702088201656 -0.56088723420443087 -0.70799327380071286
v 1.8597285773751131 -0.5244367703547268 -0.73805671350568725
v 1.9001042895751137 -0.42431076025734404 0.7428219406637675
v 1.8314207869785046 -0.32789492895237882 -0.77352411213971362
v 1.8526817435174905 -0.32920050165423587 0.76808647556416798
v 1.9012715409992669 -0.2266505845795185 0.7642919326529467
v 1.8878994299917453 -0.15012825624190199 -0.77255998921263236
v 1.8908261649671827 -0.12960002514251423 0.7724291635937478
v 1.8738555612217547 -0.055391993923986235 -0.77922651833548151
v 1.8777485052029101 -0.046439953871134823 0.77835193065562935
v 1.8627695047684245 0.036389454214328924 -0.78222253682697362
v 1.8567038953859087 0.042468279482192201 0.78373893917260262
v 1.848769695396683 0.11779613980543517 -0.78361964262927186
v 1.8803495577694791 0.20745912714815692 -0.77101247765026737
v 1.8795716171775234 0.22268891984290168 0.77026590548527862
v 1.8629575742907432 0.32236876037341988 -0.76615799361593129
v 1.8655079868284454 0.32084014932765409 0.76566369776704635
v 1.847528091390382 0.4349435386734527 -0.75682343244898076
v 1.8523684868676356 0.41341205622595611 0.75839880952645156
v 1.8859663802145703 0.54017172555754644 -0.72747610701886745
v 1.8848129004885879 0.57269593656594764 0.72140393056927643
v 1.9206773481434023 0.63490309507845311 -0.69725756318260501
v 1.8557695309333877 0.66473684262545218 0.7099431255432046
v 1.8546871692304217 0.71540719549289711 -0.69758478352719078
v 1.8586149480660112 0.83225603475878041 0.66458319842972935
v 1.8720597344881056 0.81071037757211817 -0.66684419538149098
v 1.8789205042473853 0.91239415632682075 -0.63000670531509062
v 1.9378367324371626 0.83126256920670882 0.63856279610163524
v 1.9286258190154228 0.99327899823925248 -0.58078252260644492
v 1.8650315447915211 0.99508977408482191 0.60233610464039811
v 1.8746586345756491 1.0878323594917594 -0.55923931341536115
v 1.8710013551275686 1.1490521966381324 0.52784933921267341
v 1.9468693382182929 1.1430380337538308 -0.49912398038295575
v 1.9201475610338861 1.2109077330185176 0.47061359536178737
v 1.8785742017112863 1.2720315975352225 -0.45014139394457064
v 1.8825455482656306 1.2870668074194003 0.43582929745443899
v 1.8487104772743539 1.4099095391123464 -0.34939488656013806
v 1.8422785203193408 1.3591375762674649 0.39779027506016362
v 1.8172029415108071 1.5263673866180598 -0.21782089095967966
v 1.8849084812020962 1.4075025173290006 0.32747027555868624
v 1.8433999475289558 1.4769868835932145 0.27364996958382831
v 1.8296782437450219 1.5618234829904705 -0.12621566453923813
v 1.9025519597899063 1.5363825136659461 -0.072109079516098309
v 1.8446917151704036 1.5578731008844313 0.11100265458612224
v 1.8928502991721166 1.5031259449737231 0.1844088235767655
v 1.7985783128572979 1.5424337654528866 0.20632105929788866
v 1.9143886639049137 -1.5205261398279826 -0.10658188383233519
v 1.9280818303652654 -1.4762202392503587 -0.19766818332641675
v 1.9759622737503872 -1.5006306615710387 -0.026005432468663537
v 1.9372126623587367 -1.5169400028521078 0.071845900756016379
v 1.9788377115737765 -1.4678704012550126 0.15924065818777297
v 1.9163626296658003 -1.453984064330611 0.25039847866645321
v 1.9498008534306868 -1.413129180037517 -0.27524083305270541
v 1.9886194991301713 -1.3383890397348144 -0.33231606057245533
v 2.0134291358589911 -1.3957955691478112 0.24733969057898342
v 1.9853790285623536 -1.3340948822391379 0.33936841309485871
v 1.93569098342058 -1.3920142660664996 0.30980406713711578
v 1.9123428549567383 -1.2348203881046924 -0.45956132265376731
v 1.9434199197147921 -1.2864177740802887 -0.4042284965554096
v 1.9436974924631731 -1.2752068134491845 0.41319090533986969
v 1.985638149021858 -1.2122012250673175 -0.43865322399881651
v 1.9229837024883292 -1.1632979023907555 -0.4979820117910132
v 1.8934327965682571 -1.2117318311669292 0.48139870369156151
v 1.8661628100704342 -1.0339012157323215 -0.58578758219430227
v 1.9714666052701895 -1.0561597419349911 0.5362598869595584
v 1.9315729324465762 -0.98373947837241771 -0.58372037523259068
v 2.0160795648336207 -0.92263995315124248 0.57704592509343011
v 1.9876903439412412 -0.82935854603396664 -0.62132317432918327
v 1.9987447596604042 -0.83690334515864906 0.61471401324348807
v 1.9691990841127478 -0.73787923845013448 -0.65765365083061555
v 1.982725566631061 -0.747338539021694 0.65007543230469944
v 1.949734824763415 -0.64875189973013281 -0.68552659622105083
v 2.0044871454337603 -0.59270467185883413 -0.68047188682087911
v 1.9679759206571514 -0.64923235927763345 0.67992235771514198
v 2.0488468650659635 -0.5842559369296505 0.6681998793431001
v 1.9313670868682493 -0.46608539328971788 -0.72701353259971135
v 2.0019981653262691 -0.41415889452788335 0.71302959076954342
v 1.9215082218971473 -0.36396752254491865 -0.74498724900175461
v 1.9512899679551121 -0.32455669569601742 0.74060061862715576
v 1.9063607202988344 -0.2552637472611437 -0.76107505415412924
v 1.9427374732838762 -0.087359039799907598 -0.76005037691324351
v 1.9649236438810536 -0.1490062485806623 0.75151114061061342
v 1.9422960532026605 0.00023606969515833215 -0.76131854993347303
v 1.9522785414336634 0.010848241237400039 0.75868428220584727
v 1.9389936690627154 -0.077549408855336524 0.76134487621640101
v 1.9255792627831199 0.10171235980249779 -0.76412969676752873
v 1.9869942096242681 0.18401390569740228 -0.74216943561900861
v 1.9141278157378874 0.12026137122828701 0.76657194979740928
v 1.9507712582708456 0.28881502477323939 -0.74458651962286715
v 1.9373157224722701 0.28199543940431515 0.74937520821672698
v 1.922699463309016 0.37453442912817053 -0.74311842763548852
v 1.9485440013439599 0.37450650433100796 0.73532803240549682
v 2.0028138887470694 0.45794097278551499 0.70639477983660981
v 1.9824061614860693 0.54891600664238249 -0.69662788165137557
v 1.9737988849444845 0.54621019368085433 0.69984353128072285
v 1.9479137514963398 0.63893523892408122 0.68817937896638604
v 1.9584993988097104 0.73487740429940163 -0.66163099858667518
v 2.0164919999480109 0.69763349525881768 0.65206665032185329
v 1.9200876344812008 0.74420818689119173 0.67088280329177019
v 1.9597686940610657 0.83997907932523186 -0.62794049141668018
v 1.995564234479438 0.8810688280506983 0.60023336750768352
v 1.9686013270056828 0.91843084236647776 -0.59618858448711454
v 1.970262677681017 0.98379483397299416 0.57007377581682417
v 1.9811959525559832 1.0594295989703091 -0.5303008040926579
v 1.9857207262795336 1.0650999178784644 0.52522994123115962
v 1.9124124433292649 1.069341860251277 0.5542053425402832
v 1.9556869101680425 1.1329180813421642 0.50096697938614465
v 1.9304261309700983 1.2126137299786879 -0.4652501565459512
v 1.9665407354950117 1.2613705697638646 -0.41229821648571052
v 2.0070694194258785 1.189709261932627 0.44361593501426727
v 1.9680998988205709 1.2679932181031599 0.4061729037587769
v 2.0078867286888897 1.3157280677359564 -0.34259342500920398
v 1.9499306385516282 1.3900538042546624 -0.30207077452907688
v 2.0457579476902681 1.3654681379774416 -0.26050294623666959
v 2.0086715988785113 1.3240098384482104 0.33304012141195011
v 1.9254640396190865 1.3401662262459451 0.37003459366576963
v 1.9037017814636847 1.5069917961424792 -0.16570601021647036
v 1.9791473125693408 1.4854518546768005 -0.10034771231632392
v 1.9580322276340651 1.3817593325295663 0.30604653996515951
v 1.935395004532793 1.4412848753868239 0.2525299710362911
v 1.9631734872470739 1.5080159133522648 -0.0053133480899365607
v 1.9852435278339344 1.4615594585384035 0.16357022639550947
v 1.9984130916771004 -1.4680926405843495 -0.1226319227013275
v 2.0282421594345488 -1.4673215106529403 0.059236842705339549
v 2.041149295480178 -1.3752400792283732 -0.25251162058112614
v 2.0846095150545025 -1.4046240121864915 -0.15202824702475587
v 2.0635455370290572 -1.4475925402220515 -0.042847820428861143
v 2.1151557885206942 -1.413413056169786 0.044502260720453241
v 2.0703131586801664 -1.4168872813273867 0.14293429741168975
v 2.1091419909549849 -1.3546478687334087 0.20974171432088556
v 2.0282100127524005 -1.2658990035183244 -0.3745243084489504
v 2.0730561336998603 -1.3051503229799111 -0.30569201282039432
v 2.0722946920705159 -1.3151930920396311 0.29540457871741005
v 2.0353882435742991 -1.2588334354228381 0.37604012481415316
v 2.0253987877864672 -1.1186179216009013 -0.47816034518073786
v 2.0707737991677497 -1.1945414967735821 -0.40459858323638132
v 2.0862418966102614 -1.1777564505944669 0.40816431102925288
v 1.990855520892052 -1.1940437876928995 0.44937276210174426
v 2.1293392880886355 -1.121266913727573 -0.42286949065733459
v 2.1076553388562647 -1.0371889746047234 -0.484395871960899
v 2.040222139817645 -1.0985859023693785 0.48258979929977402
v 2.1161858459022787 -1.020898820858654 0.4885600455457938
v 2.0934506535785582 -0.94553938728315978 -0.53614669013563698
v 2.0999833154698857 -0.9386171254075798 0.53621313243036195
v 2.0333376869164659 -1.004973965668438 0.53435451658337874
v 2.0772190565064061 -0.85216212504836586 -0.58044260656322377
v 2.0837498589752892 -0.85446824545638622 0.57713414324487355
v 2.0570012381675453 -0.75818472770643663 -0.61937707887306204
v 2.0673809788693425 -0.76810639455915997 0.61222550818074783
v 2.0334431830204034 -0.66627521207142626 -0.65493460029877104
v 2.0546809649829654 -0.67918822287413594 0.64330246030999494
v 2.0922024883808725 -0.57387913955125858 -0.65627741426223518
v 2.1269829604344439 -0.535776625366851 0.65145318158519661
v 2.0916009405394216 -0.45639522600973004 -0.67815279167070797
v 2.1323571191252766 -0.46148147087182262 0.6636591407976683
v 2.0870246470009364 -0.3476940651587625 -0.69506440593918728
v 2.0948632524907946 -0.39839723305753799 0.68541684518476387
v 2.0836603206292361 -0.23689375086687819 -0.7074990423922759
v 2.0913829307273817 -0.2278170714729999 0.7055731732686471
v 2.0886111856255449 -0.12634097031291835 -0.71284630334251864
v 2.0455148528650238 -0.15224041398276794 0.72586098876029015
v 2.1018402974895367 -0.021850034498476143 -0.71114502509527866
v 2.0505670540043037 0.0070047696244477271 0.7279164234522173
v 2.0866684354884106 0.16833943052702918 -0.71139307460634971
v 2.0766276590043788 0.19180334949916217 0.71306400588873164
v 2.0450117808528945 0.27234864945346637 -0.71673355602276578
v 2.0020004936578757 0.36941067545901191 -0.71942145434077709
v 2.0467613044713557 0.37699452793032917 0.70412826563424591
v 2.1551677460416556 0.46629774185696804 -0.65496719902472855
v 2.0739498545870707 0.4472027342645078 0.68541576336119991
v 2.0783197634195782 0.55859993262025498 -0.66422028249218001
v 2.0554072845476621 0.51974765486909746 0.67866155619451207
v 2.0145502287433921 0.64013812707876527 -0.66711294536593146
v 2.044490587277934 0.70947772280350341 -0.63824223679542258
v 2.0970828880658816 0.65727406349467088 0.63350123311016959
v 2.1146768620304357 0.81731571724964014 -0.57749115145900953
v 2.0882643522579394 0.7444208274155194 0.61151285755856633
v 2.0819490138163617 0.83688299200016891 0.58369622306986213
v 2.1227271519484434 0.90379228829786551 -0.54127051877307297
v 2.0344851005969762 0.97041282646374261 -0.55112512454994389
v 2.0695625569710474 0.93392987789265836 0.55249331413962277
v 2.0615162187305245 1.04251418247824 -0.50306061626111842
v 2.0540546095007746 1.025711970188256 0.51477799317488793
v 2.0369742526957957 1.1124983318765942 -0.47638146845829404
v 2.0072153229090386 1.1894299920194613 -0.443744329958497
v 2.0971389552349367 1.1587774300155413 -0.41586453820734748
v 2.120033014842182 1.0731766193414873 0.45999727286231751
v 2.0965619836858629 1.1586166559097881 0.41631163714201258
v 2.0372911611997635 1.1084899848807335 0.47844521108203164
v 2.0577408644150572 1.2392901037055817 -0.37827950091278545
v 2.0598987676988383 1.2448333022305309 0.37292326686141747
v 2.1019718633379987 1.290481979957782 -0.29909270582025949
v 2.0733624131803454 1.3939621233849286 -0.18380817128067442
v 2.1006182993054376 1.302540314648198 0.28708228193096752
v 2.0309308074015022 1.3878425081088195 0.24181124568331738
v 2.056092529271754 1.4334797359105371 -0.11646210505602356
v 2.1064279554630647 1.4187616334054143 -0.052149973981486422
v 2.0410751395958471 1.4618594592272642 -0.030175811103023389
v 2.1007562136665139 1.4230127727392394 0.032259555624997258
v 2.020450478409427 1.4704019175690595 0.065000163492384702
v 2.0746905252766066 1.4165952776389736 0.13378622293243073
v 2.1242908250480066 -1.332473417172733 -0.22810155833179119
v 2.1496517106633708 -1.3893419391156876 -0.054263475194815218
v 2.1984070314499382 -1.356559435552805 0.034743248501581975
v 2.1524716998697611 -1.3674543128556425 0.1242901922900623
v 2.1504136687529205 -1.2635078189108628 -0.29063775385392704
v 2.2381938591639159 -1.2027976326409544 -0.28068582218171323
v 2.1763328395452297 -1.3447025103137973 -0.14299919329888933
v 2.175888078506063 -1.3224251458239777 0.18400148652862569
v 2.156016611092693 -1.2923130278536969 0.25507426679047823
v 2.1531293581531044 -1.1951940596149719 -0.35606841836388203
v 2.1248035652508768 -1.2412044338875556 0.33293357129142936
v 2.1796243206160977 -1.1652069132044636 0.36288374037671361
v 2.1951703546629813 -1.0481802778908553 -0.43328700856962571
v 2.1997178411422005 -1.025924593070529 0.44441779206725168
v 2.1429064503631237 -1.0975423268060438 0.43126596617243457
v 2.1816932020056941 -0.96520406457150276 -0.48561563461247492
v 2.1827173352377751 -0.95101631358632277 0.49177984044667677
v 2.1697029275591611 -0.87300852633783299 -0.53320118303675268
v 2.1677630862012007 -0.8691231981879155 0.53585484000459693
v 2.2431505439995192 -0.79445436223509813 -0.52948101945367065
v 2.2199560386809645 -0.69980673699205798 -0.57241855463860702
v 2.2127173563988545 -0.71254094050486816 0.57165350472897081
v 2.1961920738460528 -0.60157843454699733 -0.60845895723741772
v 2.1870372350908003 -0.64649153164728645 0.60096043208485583
v 2.1794063470197278 -0.49862129178643944 -0.63866461138493935
v 2.1953289758065107 -0.57220816557771359 0.6161531570143669
v 2.1712009983109612 -0.39432159732902816 -0.66055316358687632
v 2.1950658471810582 -0.48552155575214556 0.63501392669672707
v 2.2451992836856762 -0.3360114570555201 -0.64006805161901337
v 2.1433399873713861 -0.30927425261995023 0.68040903430200528
v 2.1669764997487535 -0.28973421343895817 -0.67462377246941763
v 2.189920413058267 -0.20106233419788652 0.67434945814877922
v 2.1675351600969823 -0.18457508435763686 -0.68327781017749667
v 2.1688243712098929 -0.093742582664731205 0.68727280294469517
v 2.1708396372151451 -0.082809147892804802 -0.68699152742289415
v 2.13617072528936 -0.0047136386332313103 0.69970154916200422
v 2.2191776998380273 0.064128255418491209 -0.67079267289695499
v 2.1836578329339495 0.069223256237025452 0.68301447162787565
v 2.182610269605636 0.15833232293863733 -0.67995435031742213
v 2.1511958188968618 0.14285578584017816 0.69139494407848712
v 2.2384898933372286 0.24365845491602434 -0.6539761823132112
v 2.1684557596093863 0.22198744518837601 0.68029863218545206
v 2.1989015903878744 0.34846441841648507 -0.6572580549187742
v 2.1962916661771659 0.31817425004269217 0.66141483220700725
v 2.1323841608351684 0.48555313877920209 0.65935161476805348
v 2.1685342438811581 0.58004833581599913 -0.62505054361260559
v 2.1938744658201443 0.54484799876730305 0.62313962866005279
v 2.179629586823753 0.67507399410872726 -0.59606156651399811
v 2.1625845046964063 0.62104649405132051 0.61711479151451198
v 2.1820979683125663 0.76126648545167197 -0.56976267264129266
v 2.2340585839545959 0.73485513188819607 0.55645062471945772
v 2.1920722839050253 0.8389061952717185 -0.53667188006299715
v 2.2235175388467328 0.81018095557448366 0.5327887401926118
v 2.1678845592263438 0.88125483044561315 0.53033891807689981
v 2.2198112836475499 0.92293560378756923 -0.48628134063355938
v 2.1411950635034915 0.98327344419320428 0.49570176566461926
v 2.2123572561850344 1.0244190750633821 -0.4376346538510974
v 2.1237580595116228 1.0766778533063373 -0.4563332400025778
v 2.202624662020698 1.0325023768492809 0.43853028666867194
v 2.1560489711323703 1.2091036089082607 -0.34073241391845166
v 2.1829527076143243 1.1136968428191516 0.3964873214641908
v 2.1677759708252862 1.2082624075747495 0.33245261549080601
v 2.2245776748723123 1.3117385242329462 -0.13220032837323192
v 2.1325105685545021 1.3817901987231285 -0.12069056482279936
v 2.1820257614524476 1.3685058173982905 -0.019049348534327173
v 2.2038048932957923 1.3211272375106153 0.15199003612817064
v 2.1585950108355716 1.3717441179617329 0.094988148831854774
v 2.1297568321731046 1.3503188336529988 0.19272574823874492
v 2.1943591782407967 1.2781890169979711 0.23330940730621219
v 2.2410657806621295 -1.2976494240847136 -0.13768564525765786
v 2.282095546135622 -1.2429250306728714 -0.18039693291840844
v 2.2880220586722331 -1.2886337813703967 0.030445806758638568
v 2.2257004183443589 -1.3142192124203782 0.12139360772129695
v 2.2262501118508391 -1.2719488751639396 0.20447183004090577
v 2.2089088415448836 -1.2228739359348064 0.28447138509596182
v 2.2184185645084007 -1.1237918460260348 -0.36787342754641172
v 2.2837051148656613 -1.2089967430931401 0.22923269313295494
v 2.2727107425334454 -1.143978589631055 0.30991019959545951
v 2.3054190498731164 -1.113412686549029 -0.31006692413847908
v 2.2784517456532956 -1.0455154524381751 -0.38389932795774706
v 2.3069848544880669 -1.0605226503485996 0.35629034306373875
v 2.2517249021638297 -0.98444400036885427 -0.4385610696592469
v 2.2601979031480406 -0.96277626897543267 0.44692545673422868
v 2.3728717354202198 -0.87184971377794185 -0.4266323919056762
v 2.3357054683157279 -0.79965460804390553 -0.48075233156248004
v 2.3218553338372412 -0.80819669442463282 0.4844144546325268
v 2.290950354502324 -0.62150878376211915 -0.56453368000376658
v 2.2668695904921994 -0.62220483639046753 0.57450781295774977
v 2.2692591910288629 -0.52674955317679351 -0.59619784270267173
v 2.2671625160250959 -0.5203254789940448 0.59839039241820502
v 2.2534041452902245 -0.43126099032997123 -0.62158057036548575
v 2.3182023951925115 -0.37123624118690363 -0.60434327632793128
v 2.2507185202650852 -0.31026244451725221 0.64103810032061193
v 2.2454549736824023 -0.23692117215107794 -0.65169999721781202
v 2.2496056809913569 -0.13307279052039356 -0.65770472385961309
v 2.2571322939245286 -0.10959717345273841 0.65580632125809557
v 2.2441055858438963 -0.030355297359289404 -0.66257423986403619
v 2.3063611363943641 -0.023974495049117906 0.63758944864011091
v 2.2201849554690458 -0.016622502967478137 0.67092747586795232
v 2.3080408867372308 0.042521350017169599 -0.63687399942000111
v 2.2660354379611634 0.063507022792366752 0.65409953737253768
v 2.2753615344782547 0.14322733121397802 -0.64692955442669287
v 2.3063967473877276 0.14745934936718275 0.63353451854220044
v 2.2223926276227668 0.14646360852529289 0.66672945137704098
v 2.2953274685448455 0.32736838550656755 -0.62030731958634933
v 2.2551593011718851 0.23334778413459561 0.64804416464939618
v 2.2577167761686061 0.42942191263324042 -0.62013008554967441
v 2.2233221434902051 0.43096011267801926 0.63388634700378199
v 2.3306163963011626 0.42081896313678258 0.59079204441963706
v 2.3117961450609994 0.50566227112047135 -0.58253765866735485
v 2.2863534244498092 0.52231776596281987 0.58990447824292802
v 2.3636376065704021 0.58041691504714354 -0.5415056033397726
v 2.2433996027736907 0.63117828827715117 0.58182629683436005
v 2.3038218522118128 0.76326748650836551 -0.51160325062980827
v 2.2915475334012108 0.78200063221410299 0.51038353307293194
v 2.2678718985367383 0.83773844680609699 -0.50008139007374175
v 2.262617380446359 0.86269468390091064 0.49246232948091578
v 2.3035890950082534 0.88998644860019083 -0.45946460108529169
v 2.3161039350312929 0.91544170337351838 0.43838021467331245
v 2.2306451869555763 0.94705389144127206 0.47013153623880222
v 2.2943448826589137 1.0621302009221032 -0.36326590274306114
v 2.3233933319431297 1.0586903925558033 0.3447579624943663
v 2.2682491812830774 1.1660425277094419 -0.29295140538650144
v 2.2560051945506538 1.131731618625708 0.33474851766967229
v 2.2009630177273465 1.2635462076836526 -0.24903261306952965
v 2.3168484163803731 1.2523382481555443 -0.092226171248171646
v 2.2663906284194675 1.2017300185761735 0.25877829092715621
v 2.280074404045656 1.2598410566456366 0.15760546440755024
v 2.2732464456111545 1.300252212153467 -0.022454681698605282
v 2.2978679613172885 -1.2703738671777107 -0.084688020427248739
v 2.3338334368704849 -1.1703078519660675 -0.22321317392851145
v 2.3564699287945881 -1.206848249234292 -0.12744119184226804
v 2.3647963000040053 -1.2254007949460832 -0.024631868306090196
v 2.3620857411620255 -1.2176221498298605 0.080767969561000186
v 2.3511735000550815 -1.1879199289179581 0.17463831109813549
v 2.3345680360628633 -1.1541745683680713 0.24554424564589988
v 2.3654821142483673 -1.0294802882631062 -0.3332463089227079
v 2.39192457275922 -1.0928129855748983 -0.25458649353505386
v 2.3955795047624 -1.1208364189415163 0.21221165048994806
v 2.355521515179765 -1.0918521672513684 0.28715085564085663
v 2.4304970246744118 -0.93506211529082373 -0.35239835156914279
v 2.3823874083515713 -1.0140711807736524 0.33136605409029396
v 2.4020621228135628 -0.92756763311835555 0.37585484952327469
v 2.4103367173968948 -0.79517369083378353 -0.44084678518495368
v 2.4596342494813239 -0.83350246138129858 -0.388817378521577
v 2.4175144885095583 -0.82240029851660534 0.42244830060176747
v 2.3309364117762437 -0.8990673405150329 0.43811448919415857
v 2.4014225163984624 -0.72158203286689093 -0.475977736540865
v 2.3911288553891024 -0.7230268530896361 0.48096200200122957
v 2.3825180213444654 -0.63283743797512959 -0.51593433118558685
v 2.3628966284178095 -0.62909375198697759 0.52728127442470307
v 2.3580382179364281 -0.54445067715194095 -0.55460214053440615
v 2.3340634589644211 -0.5527116356405386 0.56325148143347625
v 2.4166542310620458 -0.46901304032862501 -0.54254854620214876
v 2.3432776202546841 -0.46425549197826149 0.57775529451726437
v 2.3690944639145251 -0.32389432072717511 -0.58932230187816903
v 2.3401040614930944 -0.36005998015433399 0.59687749900162979
v 2.3876228013012204 -0.25173819251305729 -0.590160186932984
v 2.3687177328842814 -0.21090611797450293 0.60187215612885336
v 2.4113484168646533 -0.15784769782860664 -0.58743967679516274
v 2.4437211491299631 -0.062807854896527099 -0.57727564534025555
v 2.4470917892236224 -0.071899909429724129 0.57539874747085706
v 2.400946372526426 0.026458377276350725 -0.5967992740136947
v 2.4505275728527618 0.043654397862528269 0.57476318497976764
v 2.4263693171256424 0.20545204030810862 -0.57679669258365351
v 2.3965196120962271 0.14629516021417049 0.59477546852256991
v 2.3918573102953657 0.30826487710145734 -0.58124514152921092
v 2.3816873753901349 0.32719357343351513 0.58339902555669521
v 2.3508222747340595 0.40875891585781304 -0.58419584481878717
v 2.4222308981449276 0.41136159811545459 0.55182799148973782
v 2.4001829700526747 0.48597357167776323 -0.54709308590319572
v 2.3433235416221003 0.59911492605640582 0.54627894434390389
v 2.4180840105499075 0.64749315824642617 -0.49256908752796219
v 2.3986918147010901 0.66360191342778463 0.49772715258315087
v 2.3837221014568746 0.73971172435347154 -0.47907256582274188
v 2.3709969441216843 0.75117696586454352 0.48178558343673078
v 2.3448479937410704 0.8229823513254495 -0.46674838792135398
v 2.4268641502693153 0.80655452335462108 -0.42413808034292128
v 2.4215642259272179 0.80555538950434746 0.42817093016278979
v 2.3854516686891154 0.87855764481417253 0.41449660402734279
v 2.3428149548079831 0.83371809024943311 0.46349320113978287
v 2.3751625946697934 0.89287677588191228 -0.41330147548128693
v 2.3847254880597224 0.96245017624322082 0.36761278697764449
v 2.3682341332309336 1.0924355448232317 -0.27578682563787527
v 2.4156241442154665 1.047335999093099 0.27410160694507063
v 2.3470177486804515 1.1625329108184341 -0.21802896500389324
v 2.3719090989886071 1.1905050842908169 -0.13701502951019948
v 2.393593851620067 1.1187404651514221 0.21774112447443802
v 2.4122257424168083 1.149287757857931 0.15027700036618241
v 2.335308397637105 1.1254409680779816 0.2735797031602083
v 2.3830964509395969 1.2094651449934599 -0.049719201698729808
v 2.334987924773702 1.2507931145867119 -0.015739504031360936
v 2.3762451871165582 1.2155551572806054 0.029126351576399902
v 2.3156440295005054 1.2651198030733204 0.056335998964963233
v 2.3606926408930611 1.2086879207139574 0.11113080204050721
v 2.4118759662472402 -1.1381275717902157 -0.16670770000986557
v 2.4259707887629163 -1.1642424850827153 -0.071841462708431739
v 2.4295754056225314 -1.1681505186086292 0.028445225212885228
v 2.4197700891394556 -1.1507302151991916 0.12619198475065505
v 2.4651789166403746 -1.06599275811026 -0.19482246829562586
v 2.4772748789324908 -1.1001905071535683 -0.11154925307413457
v 2.4879344911192711 -1.1116211139597201 -0.020081394521649615
v 2.4869175676820836 -1.1029249407351296 0.077244314198196037
v 2.469165131060874 -1.0786445139778067 0.17211135141708322
v 2.4333643507548257 -1.0477013706966503 0.2580280581293472
v 2.5288358127041084 -0.98747069059192016 -0.20576762079900654
v 2.5006906108679918 -0.94321873669162615 -0.28292572978645086
v 2.5445342151309576 -0.90329587895878538 0.27227194321296494
v 2.4621063255177611 -0.96217239056132997 0.30375378623061622
v 2.5426938293916819 -0.77961711608419226 -0.35849959915644136
v 2.4845726464159195 -0.87245909928072374 0.35091949900395375
v 2.4776626267612367 -0.74272294700924035 -0.42117894041576343
v 2.4791025403912785 -0.72286269715206997 0.42886785970741326
v 2.454711613861309 -0.63100452097889892 0.47798095694213955
v 2.4435885014320404 -0.55090707185689958 -0.5077100941227497
v 2.5076103653492821 -0.44218501517486863 0.49939730577771463
v 2.4973390370030892 -0.47179716351972223 -0.49831858418569336
v 2.4243988515018411 -0.40275072189712241 0.55239392494305062
v 2.4343789045462505 -0.3174728401464102 -0.56119565981486541
v 2.4676638283950707 -0.39251073920462159 -0.53136726713849469
v 2.4710082108367359 -0.23155740366509378 -0.55462697367432467
v 2.5084653746968457 -0.23368229013871594 0.53368804430269567
v 2.5001243242134308 -0.13643928732279456 -0.54729246830990053
v 2.4374547118125056 -0.17510770980674847 0.57439854470904961
v 2.5306549317673999 -0.028769020664016418 0.53462773150969356
v 2.4901177254251161 0.019201760025218614 -0.55688292734246869
v 2.5111560879035322 0.17902466680486409 -0.53765896596569951
v 2.4899264458026056 0.152279154642564 0.55212776279355535
v 2.4442671076476725 0.39405257644418257 -0.54353715075586173
v 2.5011522620731683 0.40271222702959047 0.5108796985601668
v 2.4685775546591628 0.32632938993583516 0.54275591813809365
v 2.4743671858201925 0.4701932616115217 -0.51147324834374641
v 2.5429475780838131 0.46624046512443634 0.47436968040633481
v 2.4495448360789593 0.55298881788358611 -0.50401294580438805
v 2.5131186901544971 0.55201635775112645 0.46949731165483782
v 2.4788222986550199 0.63694108415337836 0.4632504044574266
v 2.4696027656105279 0.71367607001534883 -0.43934116631255699
v 2.5148525235456107 0.78217659643292903 -0.37655409915295551
v 2.5142856006098273 0.77080860260874307 0.38263179254823171
v 2.459884258251388 0.87137695106914836 0.36891401788407036
v 2.465877457694059 0.87967886508277326 -0.36024872495629251
v 2.399526350662931 0.98557078623622774 -0.33988176748360582
v 2.5045421645913688 0.9443493895806504 -0.27851148667211112
v 2.5063811060478183 1.011042766857658 0.20748961804501453
v 2.4596573250536902 1.0379192716970016 -0.23794978561580249
v 2.5403445373317464 0.98947572950960294 -0.18727698239129445
v 2.4544152915390964 1.0843227917861695 0.18397017212628758
v 2.5114720051338169 1.0557222869182423 0.13762389807342176
v 2.4186954588868406 1.1195112680840058 -0.18321246075310424
v 2.4460901112235174 1.1428105099206196 -0.077784448709231152
v 2.4227548690723624 1.174213217764335 -0.0018099300363344298
v 2.4741051837018544 1.1255641601976918 0.017836419778936574
v 2.4231529896928845 1.1675646102618384 0.069389218024481295
v 2.4711905417810303 1.1092963752875313 0.10301383746352236
v 2.5201773505703877 -1.0447396333431178 -0.14089901690964785
v 2.5379354895295863 -1.054931855218515 -0.066090298445602685
v 2.5471564148078651 -1.0509204818633149 0.02558328716112063
v 2.5419391749531837 -1.0275757022784608 0.12335933239685638
v 2.5745493788809339 -0.99474802738550316 -0.1148446198299445
v 2.5948210639578884 -0.99711249444327554 -0.027515854477959227
v 2.6051572369968765 -0.98003093195142743 0.063348901288704726
v 2.6032308908929664 -0.92988634434146633 0.1691815589354374
v 2.5702104736063207 -0.90150244543061686 -0.24850143117133935
v 2.5978067558791667 -0.81445650282622861 -0.28508096607956784
v 2.5595952129039619 -0.81047526666262293 0.32393281813314623
v 2.5604686214636287 -0.68175005523116061 -0.39035041758090122
v 2.6252291994999033 -0.7204889321258201 -0.31822864686496954
v 2.5579814287496587 -0.72398168260245799 0.3736012977684377
v 2.5009712868980585 -0.79129450179928851 0.38163489414168733
v 2.4827096743396924 -0.63805246988210385 -0.46075733558065773
v 2.5407391350244946 -0.637091602073518 0.42237239468101001
v 2.5185386011805178 -0.54433255444454209 -0.46840720080036158
v 2.5999243063449375 -0.55534891395697361 0.41124087613595739
v 2.5208426423455257 -0.54392185102917778 0.46722985378475368
v 2.5850714877600565 -0.47593121641667763 -0.44678594226193591
v 2.5871159375876012 -0.4682557141327191 0.44770798962800185
v 2.5468456588559896 -0.39290275717166445 -0.48745637209685139
v 2.5789994146108639 -0.37597427156320218 0.47290683071354045
v 2.5971261279524134 -0.31466204730255076 -0.47275239810113551
v 2.5773973963104697 -0.28401975198941087 0.4887475651245628
v 2.5692749141853009 -0.21203346458866357 -0.50206984936411458
v 2.587060649563917 -0.18957805677362588 0.49418324662846858
v 2.5190602720616253 -0.054501959738870696 -0.54086936366232197
v 2.5775017366272128 0.0062684123171196995 -0.50856296967936132
v 2.5994517208836956 -0.091351905319845217 0.49383841381265364
v 2.6233079208412877 0.093408643059777932 0.47995199472793693
v 2.5485182564337148 0.072247194828820804 0.52361655503444138
v 2.5825796563329364 0.15472859678485273 -0.50025721093857911
v 2.5795993949045184 0.16640994572215387 0.50081100487015717
v 2.5923054173520845 0.2965486340206579 -0.4782547095513871
v 2.6041449344832071 0.26050908295667735 0.4768200323130023
v 2.5628463071479541 0.39618235814624453 0.47791120285084382
v 2.5313052660887774 0.51513178389785041 -0.46861480182133441
v 2.5053518427637691 0.61586990842285172 -0.45483312156061301
v 2.5913285458861686 0.57609175720881212 -0.40968327423665118
v 2.5991634938836969 0.52570059876600794 0.42105545029958563
v 2.558054420652029 0.68142033660449242 -0.39217119782145732
v 2.5537530453309447 0.61681498100006393 0.42093868987074279
v 2.6018966138676105 0.7514722856010122 -0.32262343979850094
v 2.5810397680768626 0.68753536282501904 0.37338709946275106
v 2.5537582341255995 0.84863268418146576 -0.30389914976721655
v 2.5503486190379605 0.85074868292727568 0.3056455349437498
v 2.5860169242151967 0.90476631798972584 -0.22230620711570209
v 2.5833791964658857 0.91933218284818774 0.20972966034338114
v 2.5679714351434333 0.99695585846086843 0.12759710807903324
v 2.4972726878658698 1.0694773400459237 -0.14046099336077172
v 2.5626264121000033 1.0153250339989448 -0.096521455465592348
v 2.5207903923457331 1.0784333349430919 -0.044464746469961236
v 2.5712843617893983 1.0241116518838338 -0.01935329414949994
v 2.5381356484647108 1.0599929502783316 0.052881563754049302
v 2.6097157542886076 -0.92598470478252293 -0.16420387853443336
v 2.6370350672371932 -0.93647998677759159 -0.074355761435564091
v 2.6426461098227714 -0.93987600115534975 0.0039956024146635856
v 2.6431919085735229 -0.84466406072895883 -0.20559493328436981
v 2.6773926209500702 -0.86501418761954596 -0.11849588279481088
v 2.6956982422840592 -0.87082484019189932 -0.017745942086994461
v 2.6647067712729737 -0.90049844808409363 0.075373745170346743
v 2.6840971223871684 -0.83444659427436818 0.15631989947372274
v 2.6255803513409299 -0.82946981123156371 0.24622809878439891
v 2.6760058222414886 -0.75995003309538556 -0.24291108561977054
v 2.7118362488323564 -0.78740596904076054 -0.16175183503954838
v 2.6990008210619281 -0.74367132024799498 0.22300157082198663
v 2.6470297432701901 -0.62132340667082486 -0.35214523299924178
v 2.7088718701478411 -0.63332594686659294 0.28540324096805803
v 2.6221485241870766 -0.64067440786704566 0.3632059070224915
v 2.6571674366927049 -0.51998204491010847 -0.38095076190638161
v 2.6749384564685212 -0.55172547708550634 0.35819631395792473
v 2.666765088331863 -0.42436827069603045 -0.40201235506274446
v 2.6560750545180039 -0.40034285613447695 0.41573928867980886
v 2.6691109345880406 -0.33559706499470876 -0.42138979115815628
v 2.6955207071692087 -0.30708193793031391 0.407141735329622
v 2.6605788502035379 -0.24465320332506746 -0.44411182309056541
v 2.7323080043146168 -0.27403536569156628 -0.38574749476533104
v 2.7206274467005929 -0.21444423707874133 0.40330118612534666
v 2.6329587829578718 -0.32294258499922202 0.44987239344576541
v 2.7246753837439495 -0.090586002030769414 -0.41193944088105183
v 2.6650450678510742 -0.15174879650482992 0.45249927230876336
v 2.6551154927217326 -0.046695841283826249 -0.46371946615808296
v 2.67836126402625 -0.053128252037408272 0.44901614004391177
v 2.6566331377129835 0.046222629953076938 -0.46284260460758259
v 2.6872354818918214 0.048348376863915771 0.44252442674050552
v 2.6504199340236867 0.13155915786319719 -0.46237975026015793
v 2.6850791236422022 0.174063327310014 0.43501004214023054
v 2.6735746280904564 0.28064103624921549 -0.42847026790730269
v 2.6734961675111033 0.29554564899092062 0.42573231899221042
v 2.6390766115704549 0.37010269836782411 -0.43557598136136833
v 2.7064127671614693 0.34409233274552598 -0.392033241307574
v 2.6686009118015508 0.38146294429745986 0.41141281415650172
v 2.612656452564134 0.34974514321466749 0.45851685727199049
v 2.6921553427721014 0.42661413468867293 -0.38268604791317778
v 2.6689021683273721 0.46331178477864376 0.39018513423909357
v 2.6746850990879576 0.52713056164319982 -0.36606520536405274
v 2.6682596882326362 0.53669656247056829 0.36771640461212096
v 2.6542517767658955 0.64183146045600625 -0.3349366553330087
v 2.6558568359366905 0.67432999268614136 0.31566141533972825
v 2.6283361672823027 0.60612988313775862 0.37169125044942153
v 2.6801238322756262 0.72539956802547745 -0.26237830897251246
v 2.6802484914991771 0.73913737023770154 0.25423993179183085
v 2.6916788903692939 0.78556795151497749 0.19382589025992542
v 2.654473666520758 0.86684383095394191 -0.166087043922926
v 2.701349893058393 0.78272638278486273 -0.18216095495639203
v 2.7037140966085778 0.82967380211523412 -0.11181930908633454
v 2.6684630009389942 0.8537102812428744 0.16004602379810734
v 2.6356356386251161 0.92524610351123693 0.10367479255308493
v 2.633728108670002 0.8208753226882316 0.2430536045190721
v 2.6092244055716756 0.94481707672601745 -0.13593922052976815
v 2.6644041849292419 0.8980453236197451 -0.081767413541467049
v 2.6186038164022141 0.96963020272983236 -0.048725805995309818
v 2.660990059033967 0.91632327624220944 0.008162927317220757
v 2.6040786723788512 0.98641481360127403 0.038224616508873613
v 2.8012309390287116 -0.70634942248671628 -0.016025809212227606
v 2.7710308744843162 -0.75540697343270002 0.057860436788423675
v 2.7469285097443739 -0.75281119390022577 0.13471014519008023
v 2.7147431758493927 -0.65830061454068955 -0.26690002159820564
v 2.770140346541762 -0.71863739660144943 -0.12487878007077459
v 2.7802438725919636 -0.64725188994731508 -0.18420276894528093
v 2.7997077531012424 -0.683694276158757 0.094890357242214812
v 2.8297891083085216 -0.59568644344265986 0.14009782279198943
v 2.7680718802023265 -0.66537311819974754 0.18790590890360501
v 2.7822200385119942 -0.57298681454871159 -0.23682753961863004
v 2.7912268556649287 -0.56598299969550803 0.22806979629841262
v 2.7319460658890176 -0.45881964843820433 -0.34152086884796357
v 2.7889959678076912 -0.48823585949833626 -0.27179872380127496
v 2.7649134588623041 -0.43795941110827452 0.31586307114238243
v 2.706730588497388 -0.46336212067621541 0.36201657548915456
v 2.7360566660154295 -0.36560423502047873 -0.36501253039773013
v 2.7982947078395335 -0.39577454858633071 -0.29578355670721745
v 2.8152475721511294 -0.36162956782617434 0.28958446878561478
v 2.737944434278369 -0.3765237325594698 0.36086682981577789
v 2.7925974194965395 -0.2137628569194498 -0.34748451193339969
v 2.771665988061764 -0.28372163343113399 0.35441283175380156
v 2.7894481056668976 -0.12987610028560864 -0.36058009252321577
v 2.7402058340005389 -0.11526469387399474 0.39874918494840839
v 2.7916096494498541 -0.040670183668305868 -0.36385958241442323
v 2.7504475898085348 -0.014819047599102898 0.39511534580297047
v 2.7239587402505516 0.0032965390759941496 -0.41498198297145772
v 2.7593295378238283 0.083292141399648564 0.38640469161058777
v 2.7811735357154532 0.15607662201246733 -0.36509324463810572
v 2.7856951938908026 0.17556985718718141 0.35913974499377277
v 2.7593428857283966 0.26921380844105675 -0.36637537568946671
v 2.7453082552688262 0.26580726614143468 0.37754007521532379
v 2.7466151803852652 0.47191637314414098 -0.32139478572424213
v 2.7601856632597648 0.37550408677440639 -0.34140930818954474
v 2.7718189152490575 0.34405995512477117 0.33946781688258182
v 2.7176462110049129 0.33911724757914824 0.38454098689368732
v 2.7743913569709258 0.41565831690482169 0.31381887110157869
v 2.7245583352798342 0.40680086944437077 0.36333711984345363
v 2.7959048801708426 0.51387298955771754 -0.25395178827030157
v 2.8092280652300472 0.4630909480912494 0.26129433585696987
v 2.719898068738301 0.64873561196898577 -0.26667220982640172
v 2.7738193232857355 0.60475665085004815 -0.22584802749502769
v 2.7999659039088196 0.6265749051629288 0.16903179215179495
v 2.7302336127062277 0.65468684647436748 0.25336104860578462
v 2.8046526221021981 0.64288537338958496 -0.1475018294023861
v 2.76584380721948 0.74504933714118038 -0.09154750209309212
v 2.8221756424745288 0.6570551869624206 -0.071608663063357808
v 2.7846326700662165 0.7089167803600589 0.097651233221128772
v 2.7394290076188876 0.71907477792179064 0.18388126552197565
v 2.7160488363966926 0.84182882172370388 -0.031064147636082857
v 2.7016578231111539 0.85528139773147449 0.066772938346124688
v 2.8314040860895915 -0.57106433052790884 -0.16176088418019216
v 2.8638466771458551 -0.56292965349377955 -0.083276126888050514
v 2.8472628129964774 -0.61917320042930335 0.046490788974691201
v 2.8486085731673847 -0.43263731613889633 -0.2207153122897042
v 2.8776213614004473 -0.48587530884052266 -0.13858300895266967
v 2.9047716721551939 -0.4358202726828222 0.10911578707299979
v 2.8705617224215523 -0.40260408666971342 0.20158258374003496
v 2.8123964472591165 -0.46693696841637555 0.25640609787653951
v 2.868792291193627 -0.32632868462332854 -0.23907189972599674
v 2.883299175141381 -0.30485858642603819 0.22430629505605759
v 2.8920381217527775 -0.22407786859455417 0.2369637272664995
v 2.8921316385588276 -0.14833154170599777 -0.25440954537321137
v 2.8651698250591608 -0.16043191665771328 0.28111272954171129
v 2.8470947793722421 -0.08744220034794821 -0.30668276148621032
v 2.8983084983690612 -0.070750001539662072 0.25424026873904426
v 2.821097031166123 -0.073021368167578149 0.33484512527054949
v 2.7902544653274921 0.055305369108417837 -0.36461359459688331
v 2.913343332508652 0.057861937393293421 -0.2324859965282286
v 2.8642146438076748 0.014345664992821999 0.29200692381785481
v 2.8080963898574045 0.020960788947940848 0.350203631618135
v 2.8502120124607968 0.10987521391291072 -0.301580657523221
v 2.8897855496046043 0.20811202923356126 0.2445843311232484
v 2.8883710212773988 0.27173754735422201 -0.22855537704440479
v 2.8114721525920245 0.41812676227062961 -0.27466732055060877
v 2.8690640922594768 0.36663340641568892 -0.2218975707858315
v 2.8822343421319236 0.30165026600899297 0.22722497950546466
v 2.8513108719852469 0.45904605921257496 -0.20274478923057779
v 2.8773199421496267 0.40816196791835696 0.1882908568720415
v 2.8269340945512402 0.36691955432407636 0.27570178338990281
v 2.8786266597342016 0.49422324669690104 -0.12502049181607064
v 2.8301706022918047 0.55128771242302621 -0.17797861994162265
v 2.8900108033968435 0.52450413777567917 -0.041521835271347105
v 2.8872677166312624 0.48457001329665728 0.10926154123736616
v 2.8377582086839515 0.51977416005903943 0.18587164689244171
v 2.852679743643308 0.60793808501365465 -0.01627538999167466
v 2.8365058983893667 0.62832917244298037 0.070237049039990396
v 2.8974958616862874 -0.50093388601580713 -0.055849344050015653
v 2.9113300340063697 -0.46954789887112264 0.016278201669764486
v 2.9049239768337385 -0.38554170669425319 -0.15520937252848269
v 2.9455977723513826 -0.36288024195194152 0.026417197699234223
v 2.9247379654740326 -0.33775161811753029 0.13890267375646814
v 2.9550934166462128 -0.23615973164377552 -0.11319319905883513
v 2.9703292392344984 -0.25974149518556788 -0.016487001170339799
v 2.9601983087049817 -0.26275531583668182 0.080888794500712596
v 2.9303431845340513 -0.24354678094051246 0.170382786921291
v 2.9554273689846244 -0.12695765936068401 -0.15604697251546024
v 2.985621614409018 -0.16350461325525631 -0.044194848793649773
v 2.9811888848480796 -0.19305614366151183 0.037891290146819842
v 2.9636275384055764 -0.17019262608648561 0.11867791505730836
v 2.9638360206875882 0.00036744804112257695 -0.15205627643430628
v 2.9939224192448703 -0.052306504652530561 -0.053632593637915893
v 2.9937258967048348 0.022860839129814334 0.054738032308239301
v 2.959766062221608 -0.058203065078573799 0.15765117991891733
v 2.9598652610196088 0.11579476464634492 -0.14906964285940452
v 2.991556554278314 0.062320012122295147 -0.059015433325663766
v 2.9750401166307228 0.1328702505851132 0.095904014405567881
v 2.955113305926568 0.062824712135772412 0.16456958140099889
v 2.9459490321169026 0.23813371133030251 -0.1416714482544586
v 2.9825532384640705 0.16885475483201504 -0.05805789953316242
v 2.9796833766834752 0.20306739740009735 0.033216416589241654
v 2.937316747844859 0.16330794551386663 0.17920731044387347
v 2.9125287398470019 0.32505939806068818 -0.16963891422289742
v 2.9676890818558985 0.27108439355288522 -0.035821858397358117
v 2.9550322450499364 0.22614761696817975 0.11839636487352254
v 2.9014732024957142 0.40530353786508461 -0.15026092412683945
v 2.9181663246513883 0.43433230324397165 -0.067443209579669108
v 2.9251643571235024 0.39058093734584248 0.088645359734319681
v 2.9277123044245292 0.31302695312491075 0.14786219143822013
v 2.9147116701930882 0.46083079225647033 0.021793391180662633
v 2.989899716002542 0.11845272041504293 0.013624280592016633
v -2.9925403865972275 -0.083243779152566533 -0.02196266585188323
v -2.9949957912457914 0.0057409559080003891 -0.0071522429627345289
v -2.9915669163466938 0.096223382493015763 0.012606272808994491
v -2.9199175447104846 -0.37661210944982909 -0.11952058318339018
v -2.8979098762287752 -0.50414208336447808 0.019589750201775363
v -2.9696618580462162 -0.26260876251300225 -0.0228675876432336
v -2.8830907640031689 -0.34190664185151776 0.21074904777195608
v -2.9345244105339803 -0.20367575475830677 0.1736141238002899
v -2.8401876710856375 -0.19921688714677932 -0.30055598672903927
v -2.7954773913441984 -0.14035728670355549 -0.35523557395641564
v -2.9229526522557783 -0.11725997830069261 0.20957955959998947
v -2.8679349188368781 -0.010649334184564093 -0.28814886082460678
v -2.9316712846342985 -0.064620555048866421 -0.20211280200774021
v -2.9076109448832956 -0.023211755323674792 0.24264112078566674
v -2.8681193994144136 0.083252624136290365 -0.28522858316381816
v -2.9190082997609457 0.11270105880581735 -0.21650421466741263
v -2.9056620097829731 0.15848229730583135 0.23141302270669808
v -2.9238899162038487 0.20161528413355506 -0.19126259343280083
v -2.9281252692257742 0.2894521724180622 -0.15786388206197069
v -2.9546974555378003 0.29725433983696875 -0.072739497816970866
v -2.963492649219869 0.28911351154471676 0.013999700390555606
v -2.9505744732035639 0.27051319432486998 0.1060805222502509
v -2.8017974803488097 0.2113906615628954 0.33833907397936003
v -2.8995953336640179 0.43381176829091617 0.12780360438091865
v -2.8952136783795845 0.51109228226461267 -0.00020007032734152552
v -2.8362858175223327 -0.61060984363423176 -0.097500738283885752
v -2.8613258827991435 -0.59000535194970027 -0.0018977594282352829
v -2.8177410159220391 -0.60920046634146918 0.15441244702510373
v -2.7369323652138204 -0.71009692926111656 0.19548184670766688
v -2.7712818061830315 -0.64709586175820522 0.19789989496796623
v -2.7265123034295224 -0.54672344911391157 -0.31032804769258049
v -2.7102805108831101 -0.55027696598731968 0.32507920820840586
v -2.8178016278025431 -0.28823836204716968 -0.30595813778276415
v -2.845245912629899 -0.28759674964478416 0.27765780106239918
v -2.7177091216510214 -0.1608803305076561 0.41218541823391114
v -2.7486498745521666 -0.089163830118675125 -0.39404745851939493
v -2.7393564475676118 0.093750353359794536 -0.40073087105524102
v -2.8174254186024763 0.24761263997303978 -0.31609532679608898
v -2.7425019396842036 0.094619937034239571 0.39831740298814444
v -2.732313219857021 0.21488460622262029 -0.39448181011504069
v -2.8100402203931059 0.29422250944163797 0.31251096787726718
v -2.7393889023057145 0.1825109117419953 0.39322176008859894
v -2.7039556177916251 0.65045000833535649 -0.2817574625898922
v -2.8316546837117724 0.62199977402649986 -0.094823814550561408
v -2.8568400219340928 0.59930935966980547 0.015898810158158701
v -2.833141761450376 0.59704785967697527 0.12762522199919232
v -2.7221155029902522 0.57915098845323865 0.29924708733232419
v -2.7194958944156484 -0.79348326840459038 -0.13685498308641067
v -2.7321657049393524 -0.69889277297939323 -0.21243547386587686
v -2.6225093735257388 -0.47853779433856863 -0.418932913608352
v -2.5929173317866461 -0.39412663130435305 0.46123489550819147
v -2.6316506107970996 0.39564726187456767 -0.43455306326543941
v -2.6581467828341467 0.47860987415433798 -0.3931722597209632
v -2.651551997491127 0.49312410250164779 0.39339946388794295
v -2.5643588531287675 -0.43084948979151738 -0.47013747319911525
v -2.63692335545467 -0.19193207704963919 -0.46513828119732115
v -2.4899077170951327 -0.2864444384773206 -0.53702567994996109
v -2.5458724409125062 -0.21098967061268648 -0.51517560280215391
v -2.5198568480597876 -0.053916020459859659 -0.54045611840507113
v -2.6272276828338188 -0.06338538015905619 0.47918840649951078
v -2.5650211867931567 -0.23180184650005164 0.50245619305750022
v -2.5460852904625328 -0.07446001103901749 0.52485756198569911
v -2.5954507194984391 0.072569770791433466 -0.49708921022833347
v -2.5196849607251068 0.096995757074238242 -0.5383976245380635
v -2.6085293779238983 0.09195343781336475 0.48856346867586048
v -2.5361793755478779 0.087079398242161765 0.52972987868923904
v -2.4878327394681827 0.2314459484952463 0.54537425359407754
v -2.4611347242864889 0.29248783776799031 -0.55180166049536317
v -2.5227095136537825 0.30253120090027991 0.51638944527615627
v -2.4259214927695409 0.67067211124889581 0.48073008837592129
v -2.522060707128627 0.74197507430585041 -0.39067413446836452
v -2.6538952282952701 0.81465639619867325 0.22014224710546501
v -2.5122289041485573 0.98976012972659677 -0.22597097265225946
v -2.5267486820435727 -0.99720079855939159 -0.1965037784237445
v -2.5171150243087288 -0.8782325011023514 -0.31645761625550228
v -2.3556807031742304 -1.0124449455708675 0.35522767188921706
v -2.5367924868194018 -0.70807032877586085 -0.39527705807469687
v -2.3958146378786833 -0.62850922274155885 -0.51014126693740858
v -2.4174873314020338 -0.60147374498484962 0.506693140385301
v -2.4021355455331208 -0.53171665001529667 -0.53461594272924107
v -2.4210596623889442 -0.17137051633352127 -0.5819966661311794
v -2.4225686583197183 -0.18217534870938482 0.58042559857506903
v -2.4387715929259719 -0.083468305387974048 -0.57861459599377463
v -2.4591469816669118 -0.086654485714732526 0.56942611015085298
v -2.4030210905799256 0.0049273900218433329 0.59587717710102817
v -2.4403851293419092 0.11346727460988923 -0.57664751164688932
v -2.4127496571383293 0.19964993793278984 -0.58333338333151352
v -2.4033034915371601 0.49085645731025512 -0.54420808637001372
v -2.4056735351887286 0.66504874230443389 -0.49349717821624978
v -2.4138382973870534 0.80057295690106811 0.43581276549120601
v -2.3885730840269379 1.1249107556998159 -0.21595133176123543
v -2.3418790782733696 -1.1867044126213815 0.1883377911529652
v -2.3252823188130911 -0.48545704088405639 -0.58100297059071715
v -2.4136932773099407 -0.34192700779122631 -0.56733250096428989
v -2.3325412790928093 -0.39113151325494538 -0.59492009524794542
v -2.2921484622455641 -0.29757698814850547 0.62538526545765283
v -2.3446414677691889 -0.21192946824919023 -0.61204158245128004
v -2.3299396230711813 -0.20228488431297148 0.61910719459511632
v -2.3327532782690592 0.2087085820476135 -0.61737347775517026
v -2.4391849667306502 0.29740131927504071 0.56156857228627566
v -2.3202690583494432 0.17809352514194582 0.62524208542603454
v -2.3149896580859135 0.2936071574625439 -0.61615283680584176
v -2.3078408927332621 0.38228456991806553 -0.60691512073501053
v -2.3151079842889661 0.47566919166776106 -0.58737561869697996
v -2.3429706674227226 0.67785831304849076 0.52177165334626274
v -2.3156753107881261 0.96960678061788907 -0.40756052567595064
v -2.3236049257074196 0.96633465735997681 0.4045394598470417
v -2.2351791628968982 -1.2757545030950104 -0.18737440004106554
v -2.2389598500323475 -1.3260581702942407 -0.038891720559660323
v -2.2049911536763869 -1.012525808538087 -0.44956945251802483
v -2.2343785073591196 -0.92328202005017812 -0.47900369950084026
v -2.1509037068864942 -0.81746846662515271 -0.56335201755648279
v -2.2279742154937021 -0.62830502117704701 -0.58882903064938152
v -2.2634105424256692 -0.56515698374336465 0.59017901792440808
v -2.2362268066514064 0.43747557665949111 0.62754298097823247
v -2.1907888248289042 0.833679107483979 0.53939018405975236
v -2.2161800952348316 0.90208609706284792 -0.49743886632812401
v -2.2160908445729386 0.89254587335705848 0.50177560065265481
v -2.2266308778744448 1.0834181928148059 0.39061167818321574
v -2.1990305687284186 1.2234322757842857 0.29196200828212082
v -2.2040521874400967 1.3482137713950424 -0.063829188819614066
v -2.1951823236924097 1.3589848567721428 0.017518118439160998
v -2.2180443025316463 1.3285931391969059 0.093393295461991224
v -2.2137414074679564 -1.1661638726098882 -0.33724380211319127
v -2.1210412528183848 -1.0399746300853161 -0.47675628437161305
v -2.1098506524398295 -0.89844389262473034 -0.54968632993000377
v -2.0652850139468102 -0.93369247598180272 0.55450127523250203
v -2.0965717340335241 -0.7444610621636828 -0.60827047395540235
v -2.1029782499659593 -0.71209195452383856 0.61522004082107662
v -2.17692583849121 -0.38171181292302991 -0.66036360404869743
v -2.1521971262129536 -0.40477283953210369 0.66539475301910622
v -2.1202771013174035 -0.31270226027387399 -0.68772937645231713
v -2.1443801882852274 -0.23842000651380507 0.68715006824645053
v -2.1328261687077044 -0.027471327907568541 -0.70081640135588952
v -2.122740775585656 -0.069457061152232838 0.70350134154012534
v -2.1103119032116671 0.077005992259206374 -0.70737469431572964
v -2.1026108910094305 0.097986708565142272 0.70919238708650145
v -2.0894648494827339 0.25732177651799437 0.70393375032343219
v -2.1210235734581424 0.36973607673532094 -0.68079118909882164
v -2.173547613479847 0.26403001830236583 0.67515836750205827
v -2.0727459620786703 0.64375012643215346 -0.64637609443731237
v -2.114667868434291 0.58944911513807552 0.64364838367809052
v -2.1033284809462782 0.81393047170783839 -0.58303282595011585
v -2.1456548025393043 0.6924928559070499 0.60434000747245031
v -2.1188104362162576 1.0169944922073226 0.48928740105826929
v -2.0258709192954596 -1.3927920575967472 -0.23877163197504692
v -2.0272218439156542 -0.91938057256871109 -0.57414142278149671
v -2.0072226232245849 -0.78371235125905325 0.62930439507513825
v -2.0393101821992272 -0.49440665199906714 -0.68829692650017138
v -2.0235497128827893 -0.33063735024797963 -0.71730169299164104
v -2.0197361859376981 -0.34318523962495545 0.71716791974731153
v -2.0000648873860052 -0.16673163754117934 -0.73925446183279053
v -1.994961249010873 -0.17759539372793059 0.74009868190679462
v -2.0314292198789019 -0.07157967581057828 -0.73323926115968718
v -2.0294346598182553 -0.082469939833464789 0.73348351682891622
v -2.004580477945749 0.092296708843736808 -0.74102277726029731
v -1.9984501355907258 0.18770356462620075 -0.73826908665855229
v -2.0064959512289922 0.25971519063841098 0.73031438839545881
v -1.9957614622781965 0.35794557307828984 -0.72303997099188955
v -2.0463382899125993 0.41002348976646252 0.69954413285091155
v -1.9735351119944584 0.52692619262047935 -0.70337084034309982
v -1.9918480713570792 0.61288909392885038 -0.68015905798894893
v -2.0520747084295823 0.75088009602169903 0.62335761084691221
v -2.0029431907795829 0.79650800651445774 -0.62662415163630047
v -2.0519309502368395 0.83954529017715296 0.59413477580160323
v -2.0098255568841181 1.3052653915986028 0.35249182179116811
v -1.9063136579906956 -1.5202932444484383 -0.12450247621341994
v -1.9260885222714554 -1.5288933751163165 -0.0038900651170851938
v -1.9704604992306427 -1.4924383292949852 0.093452462139682668
v -1.928032056019938 -1.1262031279605644 0.51633669771966872
v -1.9135212886375323 -1.0245921845588293 -0.57304991862476784
v -1.9374548960175109 -0.71459643357141334 -0.673047996079018
v -1.9466789465216789 -0.64153685941610161 -0.68799429036124771
v -1.8830394212558346 -0.61730601308622335 0.7123794872740159
v -1.9428098506863059 -0.50501328259961542 -0.71661113153178413
v -1.893587688900513 -0.45848967771102223 0.73976369707030376
v -1.8886832361652439 -0.43604858560393644 -0.7445895531505643
v -1.9436689190823722 0.53614319652644105 0.71079313421111656
v -1.9403667654658023 0.74092566226223422 -0.66558750605682826
v -1.9537397184718355 0.62646891564063367 0.68909369629641981
v -1.9021162620178238 0.91622202765530381 0.62040978324027374
v -1.952714816553472 1.313898880989083 -0.37699445719382202
v -1.9422233000990374 1.5104864741899047 -0.085468620231976697
v -1.8951063856199104 1.5463351705645936 -0.0070681121919950948
v -1.9158144819427818 1.5242941459105372 0.089441800720588882
v -1.8804315678986137 -1.0157916801996709 0.58835947496033314
v -1.8357360333842236 -0.82996193872274293 -0.67177548720625069
v -1.8464923988300526 -0.78530240146780528 0.68146210772313887
v -1.7584771839289706 -0.39581798595898232 0.78394312204799232
v -1.8659501870468482 -0.28120653252823047 -0.76926879928739156
v -1.8029970345201562 -0.2137551122854166 -0.79011909118433354
v -1.8070316655963097 -0.21860451005277554 0.78880734605483516
v -1.7796408644334609 -0.059014360056314719 -0.8027387809872375
v -1.8332112502652762 -0.11846974166738648 0.7874882038539377
v -1.7582315073917267 0.047087593856245523 0.80822585200052244
v -1.8249048643299739 0.11028523756178492 -0.78982056609106333
v -1.7794687361018691 0.19104643081014525 0.79742045838110975
v -1.8175277343793297 0.27575185885847148 0.78188578811081111
v -1.7709077375556053 0.71284525103486351 -0.72216225012021817
v -1.8042677773475322 0.80765739371647882 -0.68713914464709525
v -1.8372945954580242 1.0648236625273977 -0.58235023415376808
v -1.8285337699339275 1.1165953026643554 0.5615418409323617
v -1.8413644438478145 1.1920306875906606 0.51459664043397513
v -1.8478269754459768 1.4903197650223172 -0.25403251585276898
v -1.7446134379533729 -1.6100978889561541 -0.10164333073483761
v -1.8334854746001428 -1.5790870887380881 0.050111587524903481
v -1.7481733609601675 -1.6073889959871908 0.10575460359785667
v -1.7331433471802293 -1.5768904794443095 0.20382692365665256
v -1.7209540245824186 -1.5347476568123386 0.28134914639115693
v -1.7501542609845013 -1.0917405863373315 -0.59873559803405119
v -1.7421531724042272 -0.91811029753475093 0.67079719285888939
v -1.7141116532944038 -0.78657068433073363 -0.71807257143308501
v -1.7165125376947541 -0.6183425443642222 -0.75895511903997559
v -1.7612773568605824 -0.53625971703496877 -0.76317318301851067
v -1.7382573594760196 -0.3909266481277896 -0.78932866449494932
v -1.7015628367939253 -0.23746535151873138 -0.81307750162376957
v -1.7129971097101926 -0.24351050993029194 0.80999992034003943
v -1.6749533190587409 -0.083449925340484954 0.82685923024053676
v -1.6809563256953128 0.096090046935936868 0.82504684987371046
v -1.6957811578127815 0.18244507356319128 0.81788138764431639
v -1.7165349608033436 0.41212295843891888 -0.79180802539266226
v -1.7364961608259581 0.51280299299743048 -0.77268941187977347
v -1.7510678369515684 0.61367122391458861 -0.75082872208572438
v -1.7209061614914063 0.72085845468955556 0.73370272322194541
v -1.7341444908464512 0.81397237452993243 0.70483783076688844
v -1.6742202580363639 1.1551442318799312 -0.59358074290329177
v -1.752020253583731 1.0895824083039873 0.59913732085142823
v -1.6912269832136249 1.4512489243553532 0.39087618312269923
v -1.7331934938410161 1.4050074063854379 -0.41151999243899606
v -1.7298860509942151 1.5059835009716276 0.31168047271054466
v -1.8226338059599012 1.5845129230582089 -0.024373594256698487
v -1.7575731177247242 1.6049020438042683 -0.097947316218717856
v -1.6747515695075796 1.6558727857796702 -0.036440198055543875
v -1.6383278050305869 -1.6157034629018834 -0.21417458756971805
v -1.5662536216148149 -1.6540870768722029 0.20147330044309908
v -1.6241875824948868 -1.2096467452886206 -0.58156352771635167
v -1.6356477326821377 -0.97756779993769494 -0.67929120042813496
v -1.6487307133303597 -0.61821267771840038 0.77473440043687825
v -1.6218725849950586 -0.5016337529665672 -0.80087636546034147
v -1.6513868522930333 -0.41558962417648387 -0.80654466481854492
v -1.6043947009922908 -0.44560129950054927 0.81323590569209059
v -1.578791954405069 -0.18280940108152446 0.84426058586427488
v -1.5943942818522912 -0.10666213731895005 0.84415094927864398
v -1.6549141214866039 0.019367393178237338 -0.83245700498950903
v -1.6526097773257384 0.11783261223635365 -0.83086509516559803
v -1.6171231770947032 0.38154171638365691 -0.81841480333672167
v -1.6603636800493395 0.34482830428599437 0.81312288390330112
v -1.5901026565090015 0.84983771985327583 -0.73224371898528196
v -1.5823725416104761 0.92414296832722442 -0.71063552642857186
v -1.5855243163971984 1.0250627967775456 0.67505845807356979
v -1.6096682067048691 1.2051736386207097 0.58810211832142345
v -1.6216603170849844 1.3224697954628268 -0.51697769865901322
v -1.5977786729414507 1.499575377441321 -0.38862229298118084
v -1.6040071514165601 1.6447038310260069 0.18668109897838328
v -1.5192800490216611 -1.7033048016926098 -0.12375664353910538
v -1.4583193844770246 -1.7442811997398415 0.0062375363960295582
v -1.5598974736149738 -1.5487510144893206 0.35919624705929348
v -1.5289780815918523 -1.1998770228437337 -0.61397938024219967
v -1.5179347703879249 -1.2624407680005454 0.5857650941093292
v -1.5508955281060093 -1.0132326124586721 -0.68784383461774645
v -1.502867496984496 -0.89167275885496411 -0.7402674849548716
v -1.5162416715402909 -0.68195430738459351 -0.7907451408492201
v -1.4708878970042254 -0.59768559708950075 0.81678762239598868
v -1.5279054596552641 -0.523421870464571 -0.8178292345934367
v -1.5399562415760057 -0.52389486621684322 0.8152447494403231
v -1.5200525185221265 -0.35966252874353194 -0.84208756970877607
v -1.4578199497311235 -0.40181120999712333 0.84968929034304519
v -1.4657619066775085 0.52941812021168189 0.82983889410748302
v -1.5100500689942846 0.59290562789225054 0.8095250807892107
v -1.4971952830023605 1.2160483215158868 -0.61472228606987078
v -1.4998903226815918 1.5118992727726497 -0.41874773447424818
v -1.5139410256511476 1.7157758812928889 -0.079652927522108063
v -1.4599414378293154 1.7281071416822755 0.11672160314614125
v -1.4245523556916528 -1.6875319420466783 -0.24786551821891709
v -1.4389128129763356 -1.7193833405635228 0.16901205181586906
v -1.362755518159285 -1.4059760328456437 0.54584397075193269
v -1.399311655602155 -1.3418281990362062 -0.57451225925482952
v -1.3794694889255119 -1.3384803492059425 0.58146994334757451
v -1.4135624933985886 -1.0947841379175505 -0.6893851291032671
v -1.4075658203557271 -1.0643136428943543 0.70268827472904771
v -1.415879230980942 -1.0050335659424288 -0.72214471985307904
v -1.405899775824738 -0.77900319411966223 -0.79101805819103188
v -1.445398875363036 -0.81904524142306179 0.77332716589940187
v -1.437407075468137 -0.69468961978854948 -0.80400484059285449
v -1.3913385953073905 -0.65864937418356018 0.82084640435020206
v -1.3952228954859414 -0.57812318087086412 0.83525490118161838
v -1.4266636065590932 -0.53244318901852983 -0.83698416660209163
v -1.4077896385124355 -0.19737232486406509 -0.87617055621584028
v -1.3337738454455543 -0.20652710346820147 0.88808613746308607
v -1.4410807549941156 -0.03987435566848848 0.87576999296397995
v -1.4277653854116628 0.13380013806661442 0.87575766243485431
v -1.4277057371260642 0.33963576438380605 -0.86240500670829234
v -1.4625975223876329 0.21289932061551314 0.86583497775739238
v -1.4117347409351206 0.70160341649532709 0.80748429038911107
v -1.4136357690200338 0.78610608188275799 -0.78773811535117255
v -1.3399155363794406 1.1208241650722166 0.69514458781649202
v -1.3879861695471076 1.3058871679063995 0.59691655490885753
v -1.3852714089403131 1.7343168733904817 -0.17899938658659881
v -1.3589904283026981 1.7674522924337455 -0.10602340112339123
v -1.3226168576033634 -1.7717317888184054 -0.13936138832443842
v -1.2914578735823643 -1.6992429255772967 -0.29916687926287644
v -1.3393750552292227 -1.6138698674345211 0.38286464544987586
v -1.3254840988023626 -1.1065754459483643 0.7037202145913708
v -1.2914333670398146 -0.88967283717321288 -0.78363371721335029
v -1.3070559273780629 -0.9119631142359228 0.77454383672839044
v -1.3184272031728101 -0.80261682921276767 -0.80149530020474757
v -1.2845012436085785 -0.64525292741930751 -0.84309818490177546
v -1.3002303950555878 -0.70130978068310712 0.8283492853582104
v -1.3274256813336336 -0.37775837964031778 -0.87544057012895515
v -1.3180236480925864 -0.36894119607898773 0.87792922548927077
v -1.3231074404097758 0.14451432243759735 0.89304871665664587
v -1.2999105408804281 0.23203135982947726 -0.89210408568186272
v -1.3328382989174563 0.32553691552930608 -0.87959652893013784
v -1.231968323478098 0.42519319401227468 0.88511185881569809
v -1.3282435405187087 0.72754734186988523 0.81755188980665039
v -1.3168970990541393 0.76500464215888087 -0.81117461576742378
v -1.3190185938647598 0.81519536827287764 0.79824388656478484
v -1.3114752244528429 1.0244201724317319 -0.73759386757054812
v -1.3151610718487914 1.7567300432618749 0.18320859102620696
v -1.3024703406525937 1.7913062255590684 0.080376947475900157
v -1.2211981240606078 -1.8067240018102482 -0.12378702958227708
v -1.1796286526454274 -1.8353257664689444 -0.03461174930738746
v -1.225871658347834 -1.726643418826924 0.29056678026184785
v -1.2083455407912278 -1.5221941956670388 0.50501495875814317
v -1.2103941435467309 -1.2019741710247298 -0.687720426217313
v -1.2242142514313841 -1.2536439076052677 0.66294385189524374
v -1.1600989625813132 -1.0727848677232357 -0.74947067622416086
v -1.2041097429449887 -0.91471465986367873 -0.79154474060320479
v -1.2181381100356117 -0.91097850518579881 0.79025747292458803
v -1.2056634337161658 -0.73560672575045982 0.83713026846503802
v -1.2298153358727171 -0.48695441324674021 -0.8776682133968895
v -1.2575438043711844 -0.55264561973023318 0.86443651345959416
v -1.2437980021316628 -0.40179714680987971 -0.88595887463025091
v -1.2089883007538127 -0.37580372556446323 0.89400402534312673
v -1.1929180695712673 -0.11976623635541894 -0.91377015889776347
v -1.1807032124189556 0.0086586261939339132 0.91750368919394942
v -1.2316550685635979 0.2147638579866917 0.90363561289604366
v -1.1449305858568168 0.37615646354564725 0.90324886930823733
v -1.2060987436518675 0.61618547288907066 0.86154885996076047
v -1.2449882964719687 0.86499819929751798 0.79871440288294082
v -1.176621548574025 0.91443880126500332 -0.7962036915625762
v -1.2444068106495449 1.0975471339948861 0.72370808784309293
v -1.1820436117537203 1.1660026475164087 0.70853689472907178
v -1.2480920702085843 1.5534226003325475 -0.4709945807477165
v -1.1994480766175513 1.5146551397938046 0.51304190777604919
v -1.2434111201264126 1.7114737819816446 -0.30426178277995852
v -1.1941629267899894 1.8287008038024368 0.060938350311585454
v -1.0784575069973334 -1.7966245716401081 -0.25091529455044365
v -1.0551595190239289 -1.8602095435266508 -0.092053211443551566
v -1.107120020661857 -1.8554642218479209 -0.043873498400618591
v -1.1417492738653587 -1.7548470477478544 0.28726355506974821
v -1.1094552625034209 -1.551316334110769 -0.50838496471069983
v -1.1412854265502617 -1.4083630822221866 -0.59676344904169032
v -1.0818967873882874 -1.4299025833520211 0.59629642580450382
v -1.1218791521065241 -1.2344278426805901 -0.69004096198024334
v -1.1325487689431535 -1.215337013376359 0.69635979699629602
v -1.0966899663863794 -1.0240788771061398 -0.77577250671314635
v -1.1184338056107239 -0.61233664612335548 -0.87464461381045733
v -1.1056674505059938 -0.58518418434451169 0.8809037266520181
v -1.1421205197792574 -0.51889105807568803 -0.88598370595193809
v -1.1044901487254788 -0.41290735413577007 0.90465734823581267
v -1.1060650844976625 -0.18893649198329363 -0.92299057436132781
v -1.0877258349504146 -0.079892716281124404 0.92954956518111709
v -1.1188587799558602 0.030657049371911674 -0.92613795842724378
v -1.1419436468646611 0.17811023450565244 0.91871963575160442
v -1.0924131120866314 0.64365385900810523 -0.87295875275886348
v -1.1324000046972307 0.65988709415885449 0.86473063266211769
v -1.0718654592528398 0.79313796825299887 -0.84448711496167417
v -1.0732539823978324 0.8060127274673623 0.84105628967759838
v -1.1170012704322592 0.99388171052240981 0.78210600537466357
v -1.073791775929235 1.2155298538458914 -0.7065363085911488
v -1.0934663742800033 1.1515195946191019 0.73017343782164856
v -1.0700822857432843 1.4225780921821634 -0.60297570339608797
v -1.1255258687967342 1.3805477992932003 0.61619931103339154
v -1.1140969100537179 1.5114103963945171 0.53717979304114938
v -1.1340834161757816 1.8027553516421562 -0.20312742838122766
v -1.0807973251319165 1.8578581066937327 -0.07190475212437876
v -1.1320916791065958 1.7871968767373247 0.23935116957049013
v -1.0357827335211964 -1.8400804411137959 0.17783954274312663
v -1.0372667337559238 -1.7259447432671318 -0.36581710915118537
v -1.0034179867016848 -1.619483760264107 0.47921741225231296
v -1.0409812705343122 -1.4047438149076992 -0.61894359434743185
v -0.99296165326364971 -1.4141972638899052 0.62232160415793447
v -1.0479807394445615 -1.2784948694253293 0.6832908529439613
v -0.9495814496243894 -1.0057627404189613 -0.80229011280884299
v -0.97272226997711619 -0.99988826333703329 0.80105097448644969
v -1.0190557927750941 -0.83860949067063084 0.84061029079371385
v -0.99825037648871495 -0.7418369832938454 -0.86624395948063904
v -1.0090436977633883 -0.59055049466889753 0.89249451341679309
v -1.0189818323215132 -0.38508359475651288 -0.91884723819349656
v -1.0069288457961783 -0.42524556092874882 0.91587282053551167
v -1.0006341928832878 -0.26881227704209526 0.93167799537500495
v -1.0000409609535825 -0.21957549348186756 -0.93493902809699236
v -0.98233355062981487 -0.11504685831247601 0.94191926639074453
v -0.94177065119518155 0.091120838083864578 -0.94737157789024973
v -0.96279863341420013 0.19132642741692465 0.9411062388708944
v -1.0026493087287576 0.98674917474338064 -0.80100040651201598
v -1.0029004806240809 1.1944416394795894 -0.72703599837313093
v -0.97678128551012444 1.4085584053098243 -0.62860730272844922
v -1.0321778078741763 1.3859491021946988 0.63153744762633701
v -1.0332745803899044 1.6861675321688363 0.40918932743368513
v -0.91050152747402047 -1.8870676379097271 -0.12187275923367646
v -0.87105398350508445 -1.9092927579958536 0.055750982793511643
v -0.93653987684755247 -1.8406542393668832 0.23040252356190427
v -0.93045427961783278 -1.812877009875494 -0.28147114319667726
v -0.94566966409015563 -1.7551613205109675 -0.35983128475049553
v -0.91653523140391158 -1.7345506590606925 0.38901372071297352
v -0.89165278594638064 -1.6352116428894967 -0.48996196912763385
v -0.90970982697690217 -1.6359356419523272 0.48577136167126506
v -0.90038466033490705 -1.5174915995267408 0.57591207645396081
v -0.93184240168239607 -1.3942344821231736 -0.64477098533480515
v -0.94643978906138404 -1.2994229146759424 -0.68948304357438628
v -0.96793590193626156 -1.217045583276259 -0.72289852701389468
v -0.8742635117320483 -0.98024281948928538 0.81967983033590941
v -0.91727710207290802 -0.74451868873949378 0.87519676226910881
v -0.91022185126299016 -0.5976585044278302 0.90290051619365019
v -0.88074960832919558 -0.50359172566059796 -0.92040956659486173
v -0.92263022461126165 -0.40486563893763289 -0.92808812639704885
v -0.90959741478471645 -0.43208232314509221 0.92651214035472518
v -0.91020671439707079 -0.27419580519128089 0.94178351049421827
v -0.91081877722721982 -0.23806618699939341 -0.94432466432002959
v -0.91049322728837667 -0.14069821659697523 0.94946969781008606
v -0.90009547944810697 -0.00097633402238429118 -0.95313036885044722
v -0.89024961179377682 0.11359811804696601 0.95247176893587515
v -0.95823074944232922 0.37928219309357553 0.92697511762071449
v -0.93171568341194022 0.71426256556390366 -0.87947561051558121
v -0.93330255316526112 0.92008325381704381 0.82986504237374203
v -0.91807082001195917 1.1567007257136892 -0.75584102071338422
v -0.90768125237016883 1.0000792434383312 0.80930373027206748
v -0.91511338790169394 1.243629112093209 0.71918403956300192
v -0.85988392810538927 1.309630460813257 -0.69710894871863227
v -0.87688141407265963 1.3263463883482225 0.68691977008207394
v -0.90522551310229604 1.6186462281067728 0.50049975552262982
v -0.88867572405158868 1.7396051070348419 0.39060824657852017
v -0.91361417897109021 1.7347410842295958 -0.38954165707921906
v -0.96266602054765571 1.8391873230547788 -0.22046945447232613
v -0.86072580540844945 1.9062241215811777 -0.080655183859856372
v -0.90835174562160981 1.8862189425803986 0.12805384390039765
v -0.84237544613849935 -1.9069906044116234 -0.093563592746595481
v -0.81030667056426964 -1.9220567350494651 -0.022146392578460457
v -0.84031704180393685 -1.7964547922850322 -0.33547359267656035
v -0.83150233038647703 -1.7668001351335936 0.37525455741211411
v -0.76286345501767039 -1.6009152235146529 0.54102980628951336
v -0.76906743699144142 -1.4899643713428083 -0.61334504941145152
v -0.80722467842703272 -1.5301392955904505 0.58258279709955052
v -0.85546497946950806 -1.3300273148140185 -0.68822072140251012
v -0.78249418426730766 -1.3215611924712731 0.7014175537857309
v -0.83893621574326449 -1.111518885006761 -0.78120803439162712
v -0.80103029360034195 -1.1587585302258663 0.769181175474551
v -0.81902229039056673 -0.97019574422327348 -0.82917520002151091
v -0.8046362685172731 -0.81438425251003999 -0.87188338163878643
v -0.76113909965333759 -0.68151604555372802 -0.90359289675082999
v -0.80586538916970551 -0.6065023165755381 0.91237083996438284
v -0.81110405598704227 -0.43561212067861421 0.93647745206804056
v -0.81828963079053407 -0.27496779421627748 0.95143470307131428
v -0.77901098546818959 -0.19323326187371648 0.96039005402294653
v -0.79383156721329873 0.31027402146423166 -0.95090812868482288
v -0.80498512805733302 0.29093888945634039 0.95141780342927951
v -0.88045366766996325 0.3680551021976296 -0.93686447013941576
v -0.80641621996615698 0.44488563835452216 0.93591005736537281
v -0.8298566437822722 0.59516110553082779 0.91189153517676624
v -0.81435979958462545 0.80376558866808567 0.87328273596738348
v -0.81479382314498427 1.0237446917863868 0.81291098360199154
v -0.78672725169653901 1.1103823857096415 0.78739970203020371
v -0.79428282848087672 1.3296512882076099 0.69616446721435943
v -0.8173014208864221 1.5245814952495962 -0.58456357157786021
v -0.78438254585858369 1.5331251708077061 0.58410064472853607
v -0.77620567826374143 1.5931637380150911 -0.54485904388986117
v -0.81053299259670086 1.6044453702000261 0.52973110448272054
v -0.81420121667594514 1.7516182161119778 -0.39523003830825454
v -0.82226568365326591 1.904604538741675 0.12277274911016767
v -0.76643294648299687 1.8900210895515066 0.19659419199276251
v -0.72179995444885203 -1.9005834032657138 -0.18935803765186809
v -0.71582199400876656 -1.9387613818068228 -0.020215029653211352
v -0.67617700522199131 -1.8686842751280197 -0.27274868471955316
v -0.72250091273809991 -1.2962665904033728 -0.72022292581560543
v -0.70159677993175029 -1.1055975996139611 0.79772592775718132
v -0.72776985870516853 -0.9855467706724238 -0.83410319251465959
v -0.70222749273573848 -1.0114738816977522 0.82848425589960573
v -0.72355384524812505 -0.79283288257075912 0.8842606919194359
v -0.68319627585102127 -0.61486991422203829 0.92217344313224692
v -0.71338641562204419 -0.43519575687459155 0.94562929225572545
v -0.72160597149415073 -0.27264868905686129 0.96061920036950688
v -0.70002573512523947 -0.096227313456879099 -0.97023962194003244
v -0.67511052868818811 -0.092894513917143123 0.9722607913180743
v -0.71759614673106387 -0.027597666565758426 0.97001609094448626
v -0.70372050371547457 0.10310460240649373 -0.96978031882594051
v -0.75004455309988971 0.58458685104230146 0.92144360871476994
v -0.71825746068567342 0.6542443121925029 -0.91258106453417487
v -0.71882263349863762 1.0228742852770576 -0.82330821331801318
v -0.66357191940609239 1.0246766436746115 0.82811657352221957
v -0.68137741650537254 1.1216368639103855 0.79417820209951673
v -0.6891846829995375 1.5164799851679132 0.60734077146259469
v -0.71124547035124441 1.8630870436463303 0.27205270764931766
v -0.69745521732758387 1.9374052783242623 -0.071231812799242886
v -0.71494499697658975 1.9389049836600447 0.01729339680091458
v -0.67076143435424374 1.9040331666721841 0.20101316293162608
v -0.61957492602154818 -1.9125336483298336 -0.19867534276052889
v -0.61665905049707281 -1.9540651010702912 -0.021263954016852198
v -0.611882162263652 -1.9333354821010638 0.15183524213982216
v -0.56427044886706956 -1.9129498809855239 0.21612161592142393
v -0.61316521438040761 -1.3989441154554294 0.6827497416402567
v -0.65297339594132442 -1.2769592706636783 -0.73685529818606821
v -0.6363792805219386 -0.99745370284197277 -0.8389871049788824
v -0.62606961654953197 -0.89107592985980977 0.86957447030591395
v -0.63748594023706628 -0.81329737871041319 0.88691544115690568
v -0.62292054163699073 -0.6324781506098246 -0.92403237934625226
v -0.61184128641475977 -0.45064314862601923 -0.95213626766976556
v -0.58089818921808967 -0.49420787778511188 0.94848608950259217
v -0.6213641821840159 -0.27625615665792996 0.96775409641930776
v -0.57570406961600828 -0.18970819582662618 -0.9757187745687238
v -0.62085296081340968 -0.10051059209858376 -0.975893614689885
v -0.60020802433964604 -0.11465055841542118 0.97691644463021499
v -0.59907690475561248 0.087218158075443447 -0.97767766261098332
v -0.62067857333555487 0.12523162498462878 0.97528721469959079
v -0.56297261336359328 0.19597613528060681 -0.97625414134618571
v -0.7123312691532282 0.28882886613437508 0.9601270528263206
v -0.57394480170227413 0.2096446042628935 0.97483923867449274
v -0.62815301099644472 0.27921684388483281 -0.96707945628979475
v -0.61685531650267578 0.5077737242165089 -0.94393845325492887
v -0.56179627723768422 0.46566957752989774 0.9538646987588093
v -0.61438197019575957 0.74829640898375194 0.90281374660129732
v -0.56148268915115096 0.81197484947789955 0.89283920699271713
v -0.6242414661821768 1.0266424457163659 -0.83087710735894815
v -0.57959169936147925 0.99250204038033674 0.84526679792818193
v -0.58024740080640413 1.1041825221612014 -0.80895024116098657
v -0.62140341710644265 1.4110588128856905 -0.67590780218931334
v -0.63634714433632678 1.3169955070252273 0.71985049812344393
v -0.55648788980448649 1.9245337345278357 -0.19120415011262751
v -0.59788195271159017 1.9479425934022729 -0.092105027118458555
v -0.57877720668042998 1.9145392288476495 0.20751132881108877
v -0.506194386080833 -1.9213977887605231 -0.21267423535817248
v -0.49240153679373816 -1.8494279373071572 0.34085949294951468
v -0.47287232451829841 -1.6988250929249153 -0.50040174606734455
v -0.5335325088726186 -1.7158743888663766 0.47916982403328884
v -0.46879602432883716 -1.4771243393142788 0.65542307692169699
v -0.52757567770657576 -1.4022589196976758 -0.68879959891903841
v -0.51453528306170804 -1.4076227291984136 0.68715264612461147
v -0.46485207517299937 -1.2742944546274009 -0.75456911268271121
v -0.51715909269068361 -1.1857920679072764 0.78486553754236277
v -0.53166582681277652 -1.0996749369798768 0.81421638627844173
v -0.50635820284508537 -0.92760780957637468 -0.86870163777820741
v -0.56128132837810962 -0.8350628476122034 -0.88772345635346761
v -0.4926662583871963 -0.79828591683685157 0.90020229433783117
v -0.48983668175268691 -0.76274488391971496 -0.90827496687710296
v -0.50531500937428686 -0.73018160268743304 0.91379485052616893
v -0.51829549027972754 -0.66080332209486092 -0.92648380749907999
v -0.49462694493407056 -0.59939431990769432 0.93829737544594105
v -0.51072291594128039 -0.51831790282205126 0.94978215392704912
v -0.47944815516483508 -0.35640936673946899 -0.9702861860189157
v -0.5212953023204514 -0.28678603677763004 0.97325494458751127
v -0.48516346629486284 -0.19752606928580013 -0.98058178679205599
v -0.5112951402476501 -0.13053783091649196 0.98195500603151131
v -0.46479687768053468 0.018218537248007378 0.98653906235108146
v -0.47433241500335716 0.21578014345354096 0.98027080815541923
v -0.49779339253570287 0.3880925080471162 0.96609869203421395
v -0.5205223633790903 0.47834657651348828 -0.95472882286263283
v -0.48416922722288003 0.82701589853389001 0.89434236205727424
v -0.4529509604932922 0.90548198295880711 0.87751015267589316
v -0.50030836644497878 1.1043259910435621 -0.81479518785848026
v -0.50585130751913909 1.1086893183353335 0.81291036763845059
v -0.47808064176563447 1.1960839550773195 0.78371986116783621
v -0.49772826324398101 1.3175345582953375 -0.73188412898998012
v -0.52641958901933394 1.3971100733745569 -0.69146577515101393
v -0.51994477765838354 1.436173802602891 0.67244778445438258
v -0.50959023270664594 1.680402474867474 -0.51198120383968648
v -0.4906485289818539 1.8001220289586446 0.3997410782952574
v -0.50007749709338178 1.9232190034285703 0.21004798635140787
v -0.39562051033894957 -1.9423292253958944 -0.19040343082154965
v -0.39810450670080044 -1.8053070283137034 -0.40519348634194435
v -0.41409021498949583 -1.81305683031017 0.39469876928606434
v -0.39213032266681364 -1.7457145946459915 -0.46813000021284706
v -0.43613252262199342 -1.7440099018541566 0.46566768242322382
v -0.38798492665713236 -1.3585706452464765 0.72048493235069611
v -0.43165882230603203 -1.2140791354660461 0.77987753609232191
v -0.42798094462824782 -1.0982948601730056 -0.82152217519476811
v -0.37561326476840307 -1.0930927417958101 0.82621971893469826
v -0.41681695831924376 -0.93922856033053537 -0.87085790350205006
v -0.39231028909557808 -0.91035940442301921 0.87928539836651742
v -0.41187789740150216 -0.82411687018707325 0.89892225838080064
v -0.38191757535215076 -0.68179209920788841 0.92992440572024548
v -0.42055734899755126 -0.6197201010973461 0.93906233628636571
v -0.40878506405655707 -0.19619118323075979 -0.98438332688039276
v -0.36642772553246183 -0.21371889956520243 0.98538948944251936
v -0.3298249012532104 0.037113656135239918 -0.99238827209066172
v -0.36841431403343106 0.22562928582917288 -0.9847056773070556
v -0.33847284922316295 0.32095789053191792 0.97939180173207252
v -0.41796961809789557 0.62437467371446009 -0.9384143633637434
v -0.40282355278096071 0.79277155462981752 -0.90633501218960022
v -0.4099247061645529 0.75413164117264142 0.91447531548327676
v -0.39819126117019921 0.90279229853873932 -0.88088675646353209
v -0.3672844406375716 0.90438502674450238 0.88201483715444329
v -0.37491416626710861 1.4215449591118878 -0.69000858348048788
v -0.42161559907414781 1.8145825401220035 -0.39214619196056805
v -0.41786786547422788 1.7609483781923467 0.45248051463309114
v -0.40571351959270197 1.8156148260886673 0.39275176796823175
v -0.42840984639925994 1.9765403368857224 -0.0062634552223818779
v -0.2971121698093882 -1.9565051688334159 -0.17549168617922978
v -0.33228952567142794 -1.95706480078616 0.16829966764778898
v -0.29266866763166344 -1.7144548477856587 -0.50218922802717247
v -0.29179793069794197 -1.1815301579298552 -0.79899598799610105
v -0.3343979844524983 -1.1107565734829516 -0.82217171779475384
v -0.28296422514269232 -0.87275414099610926 -0.89321527135187317
v -0.2929494179385661 -0.9422705532068687 0.87546634634378051
v -0.29266661336805599 -0.7060576545290228 -0.92886209228149497
v -0.33788426718431497 -0.61309786849369485 -0.9440554397561336
v -0.3782637056018851 -0.39232090905195105 0.97146881510845839
v -0.25245764700440182 -0.16894799404870425 -0.99156953474123799
v -0.29808618742937643 -0.071132972817667145 -0.99293053116030749
v -0.3119388090563503 -0.051094903439653769 0.99296972884052537
v -0.29397814615666695 0.095200089094145221 0.99246578796248575
v -0.27242458117138213 0.24228021425774562 -0.98723811043100707
v -0.32826686421985624 0.60119377463705781 -0.94639565550870119
v -0.31731932257061246 0.54880507565977465 0.95534505651333756
v -0.3476659178124249 1.1184081723032055 -0.81898865014362809
v -0.30966795950912851 1.1241872443524834 0.81858534238932612
v -0.32964480375244698 1.8354021797667583 -0.37827944823532678
v -0.27240837109503024 1.9798353932081345 -0.094349648757056453
v -0.14585335895070869 -1.9893947951799564 -0.076256122263944501
v -0.20075796179966524 -1.9922306225732136 0.025425904885804113
v -0.19399580640979294 -1.9759211340765008 0.13355519418636455
v -0.19047331563522835 -1.9384368406723995 0.23272977809678036
v -0.18734693351110418 -1.9215420493545858 -0.26630993968718908
v -0.21436896414880119 -1.8441836752818632 0.37694668884845905
v -0.15892875462448017 -1.6609939947337395 -0.55418339154956353
v -0.17891802120146022 -1.4129050896468254 -0.70283264546071611
v -0.21144140715815626 -1.2085873544527987 -0.79162711881738979
v -0.19639053023351202 -1.1775239996568392 0.80369395678044819
v -0.19224824751910444 -1.0462954532111393 -0.84896874648757081
v -0.19002661466962495 -0.87895480339406262 -0.89433565135193505
v -0.19626682019894659 -0.91554634947677804 0.88503368568238405
v -0.19448870601237481 -0.70552355246488641 -0.93188566367735071
v -0.22873301727628367 -0.61687032334223002 0.94717560486749042
v -0.21575067932696723 -0.3771288637082682 -0.97827127361719346
v -0.15519055797562975 -0.18366343025183005 0.99299525379838771
v -0.15979701931770388 0.10611302860869715 -0.99563535500028144
v -0.20500415270194655 0.23363423195544197 0.98938974494151122
v -0.17373259423439757 0.25406743989292591 -0.98902445338194633
v -0.19133104641835941 0.36860168874169219 0.97966664962293115
v -0.16370011306457574 0.64068007516857528 -0.94481306361770956
v -0.2257141778590824 0.82715627029630578 -0.90553106610748046
v -0.23167860232335452 0.81141230478966464 0.90888245536909751
v -0.24300820540107038 0.91219781858855353 -0.88471671012784459
v -0.20181088570692679 1.1202883325458617 -0.82371527185880067
v -0.20996283200782495 1.1061384897580768 0.8283528373642991
v -0.20116252478726632 1.394329382042647 -0.71141432454579556
v -0.20341989630436622 1.4327236216190185 0.69214554216976543
v -0.17610027022730318 1.8521448735776267 -0.37011637931691926
v -0.21609533959116617 1.8968440557351141 -0.30328558468986655
v -0.20999076846258094 1.9166223880335891 0.27242208233791682
v -0.17524063337577789 1.9746444273069115 0.14410654426409225
v -0.19398554616292771 1.9822205343513781 -0.10206047286683664
v -0.2004733616875492 1.9915981236718652 0.053730789481151189
v -0.11613472909547898 -1.896774324595242 -0.30949009597880101
v -0.14118637532252765 -1.835205424314585 -0.39082601011608908
v -0.13948319237178131 -1.8403255072397955 0.38511322746274812
v -0.10606284685703088 -1.7006180918584488 -0.52212608727635756
v -0.12541544781878647 -1.7295001785580879 0.49714625578251426
v -0.17733733904652879 -1.6478194060054738 0.56251334527970043
v -0.08540562049669341 -1.470103862751408 -0.67595764183945573
v -0.12025646988308078 -1.3876098033438495 0.71684639053291332
v -0.11977876121247896 -1.2069680637523703 0.79433975424100434
v -0.095373931018432737 -0.88609309585188401 -0.89419508004989534
v -0.10946717582572579 -0.88300544234038525 0.89479300275113682
v -0.089520781396240173 -0.70631301300343385 -0.93355859547526732
v -0.12033594027757834 -0.4107140809890662 -0.97668664374312697
v -0.11111102112824053 -0.40262057138897184 0.9775984938047958
v -0.090694276813523739 -0.26032581858811099 0.98972458342580871
v -0.090347563190306276 -0.10381759082953378 -0.99655642232175989
v -0.080959691314527904 0.081582149576729213 -0.9972166180405887
v -0.097079547421723325 0.13516652257450459 0.99569789920334217
v -0.12080766324578766 0.21859046273880806 0.99167177218726466
v -0.11046473599346426 0.36255030050478643 0.98161270183915628
v -0.10144430057053308 0.7166465514209136 -0.93140209239811178
v -0.088175414252159537 0.68919914014939732 0.93690290244557783
v -0.12286962914650135 0.79169892438127443 0.91559619945966642
v -0.090178966456161427 0.90156619616562372 -0.89039094033642674
v -0.12621028201333653 1.1041886667994358 -0.83099809220754239
v -0.11250824698963602 1.0825556818260937 0.83862473683412453
v -0.069639760178350635 1.2397236211972524 0.78275279521353647
v -0.10482322942083333 1.3597525706217675 -0.73088127207140519
v -0.1093592074535094 1.4145403745009386 0.70355407737388576
v -0.10511664130733792 1.5826611553942489 -0.60776778800700915
v -0.11114958491143262 1.6464949227611057 0.56510022191791776
v -0.073894738521983888 1.8429516211617141 -0.38398075079641725
v -0.10434817249144729 1.8485356871277654 0.37685274786323558
v -0.093065043781945661 1.9464054795029959 -0.22138017398374465
v -0.13048671267699083 1.9025311830028226 0.29984351521933506
v -0.067199944144290147 1.9962928631941002 -0.007928250297797694
v -0.038695875987255927 -1.866251872886316 -0.35841768116226608
v -0.012398906805346957 -1.6846849744840431 -0.53690385474131308
v 0.050594568655083563 -1.6940050101315511 0.52897983514870839
v -0.014622729664073242 -1.602672775013166 -0.59543803401666229
v 0.048294245885858386 -1.6151452008292231 0.58712308347262421
v 0.016378884333316954 -1.4447896795027433 -0.68936361784041933
v 0.01296774683842819 -1.4894785707819518 0.6661323112674048
v 0.057757274592695064 -1.1910000459287038 -0.80118917046126525
v 0.010492814507440017 -1.1732198312770248 0.80795747629019532
v -0.03546035599912175 -1.1073936393556121 0.83094784444008296
v -0.0019391498511344696 -0.89532440712109107 -0.892441189029055
v -0.0185283670189271 -0.84495382333160418 0.90465516733047524
v 0.01664503398779496 -0.72471941647909799 -0.9304612482672362
v -0.0063419588856810302 -0.74018874520833267 0.92745332323655161
v -0.018793296340692066 -0.60775297808078721 -0.95184881466455018
v -0.0019263430136602366 -0.53041650898255055 0.9635955233581015
v -0.021974657660937813 -0.43216041662086702 0.97531790895519732
v -0.0050393169656186634 -0.11947001441957286 -0.99660780631740065
v 0.00064543079830310657 0.1036486437901224 0.997003340583137
v 0.024898936429339588 0.4308464730372964 -0.97544930331355439
v 0.024073287158892075 0.41973478246300111 0.97656047237098376
v -0.01315343633457234 0.50306028226765254 0.96701505169746371
v 0.043059650452080829 0.80639574081753274 0.91322363011137997
v -0.036974449452903756 1.073335818786497 -0.84265522026071638
v 0.04794343147505796 1.1333660309040627 0.82201983484530305
v 0.020063288439613008 1.2146429344313487 0.79242381260732386
v -0.011981324329824142 1.4107389177353189 -0.70638899872413152
v -0.0078201644659097319 1.3908401790012195 0.71633836809118123
v 0.0036866274126083993 1.5717607736288992 -0.61604603493950683
v 0.0029204102447740049 1.6349183366835802 0.57394099290305278
v 0.11621502972927183 1.6981770193856538 -0.5239753948144058
v 0.03019537908274891 1.8295474378954018 -0.39971017052704449
v 0.0097758909072978087 1.836934271929805 0.39139998223834088
v 0.026588016683961727 1.9341305692716408 0.25277343741118519
v 0.14262662791247474 -1.9903083087074842 -0.07204708029722097
v 0.065178975654190424 -1.9440640826205855 -0.22849021758656682
v 0.12253494287516041 -1.8677344903047703 0.3547489062228909
v 0.13350344668382313 -1.7989346076702075 0.43184409352542219
v 0.091839445052894458 -1.7069813474524385 -0.51703339561711403
v 0.19282944277595049 -1.6024450363038529 0.59218914346117291
v 0.12042667253503045 -1.4395317835818007 -0.69088269878454167
v 0.096568194782437944 -1.4483478971630228 0.68685334799000353
v 0.13449692299302257 -1.163014020879471 -0.81061810140472279
v 0.11416867823804426 -1.1731098592652467 0.80711449874276509
v 0.13358284885318922 -1.0772932570355465 -0.84014099255221475
v 0.08978832889877908 -0.908019717932535 -0.8887823825805925
v 0.061645159939304139 -0.90558763227537242 0.88973785052524701
v 0.10887932093876371 -0.75125189145227278 -0.92458148590598666
v 0.087370622108293799 -0.69878811016408116 0.93504831620375795
v 0.081989532180019392 -0.1936214221554983 0.99335153678382748
v 0.10165177945451609 0.027793226302349656 -0.99776363342693641
v 0.098027139876658648 0.17043284817651619 -0.99433276984170293
v 0.10761782787350138 0.39761579065472169 0.97813778513660676
v 0.094344346321237227 0.67788853782146907 -0.93902602657639
v 0.10576145261941029 0.63704804248811997 0.94628412612611368
v 0.10569936754424818 0.85543726616670979 -0.90164410204564693
v 0.12698211446022792 0.7960585970945312 0.91457661187753869
v 0.12748239980051312 0.95780106579214963 0.87587168671566751
v 0.11879067033557497 1.1010011473787691 -0.83219685217058781
v 0.091997033129110756 1.1794894163652307 -0.8050301043456729
v 0.16634616370314184 1.2229754936587613 0.78748421226668197
v 0.10396735793814052 1.4061165964803206 -0.70785155129713717
v 0.11226269489125613 1.6246824125060033 0.57962128227354481
v 0.12970865681832769 1.8159410949345027 -0.41281720618268725
v 0.12170957071254457 1.822525391959446 0.40563206886589775
v 0.092213025486206024 1.8903940760546036 0.32047814519071083
v 0.09955133645445105 1.9938203565500725 -0.059272984579614413
v 0.071252801622216089 1.9849930151739215 0.10655397310839651
v 0.2209384594720053 -1.9913337115655541 -0.017208453897875051
v 0.18475319854094499 -1.9397698080465344 0.2301995491492411
v 0.24414454077893361 -1.8878116675540184 -0.31550914737010011
v 0.20317165740181906 -1.8945294814671205 0.30790763707265961
v 0.25159657465660989 -1.8412405219498136 -0.37818953576324749
v 0.21756289768271181 -1.441474315914175 -0.68732121085144593
v 0.20982658888390598 -1.4509765218955304 0.68281570496549227
v 0.21977560692841291 -1.2080597254042673 -0.79159347416141523
v 0.23399096011100495 -1.0624600527656065 0.84269985207759446
v 0.19117521903215132 -0.92327263133319326 -0.88322783376560854
v 0.20622168535310095 -0.9190177790421864 0.8839200291514232
v 0.18941288187874983 -0.77047391042388702 -0.9190234743749397
v 0.2537925013973496 -0.73711625585390983 0.92426270172649683
v 0.19080220004415346 -0.60888571017526238 -0.94944293711709926
v 0.22336060511392425 -0.4224079601284107 0.97357425451324675
v 0.214221963594357 -0.30787096331500163 -0.98408942536173594
v 0.19424492596032591 -0.22682464597275348 -0.98996931816823719
v 0.19043624681369001 -0.22045984389898632 0.9903721955862953
v 0.21230035892319804 -0.075071141374756525 -0.99524466130100786
v 0.18660878610351556 0.011789117855314425 -0.99642973741318785
v 0.18003753028554942 0.13903539005749976 0.99436250683144245
v 0.18379560724978333 0.34411267827089703 -0.98204743799214533
v 0.2127040260040288 0.43906235300687335 -0.97214562809450933
v 0.19062191045863247 0.36465766290761936 0.98007681078322129
v 0.23559108316307953 0.51435483952780126 0.96261254354765668
v 0.20359494518049182 0.65357048579184729 -0.94167960426405517
v 0.20216558293885833 0.61042063391192058 0.94890653913889822
v 0.19609322502481893 0.85065938271735364 -0.90103953378759971
v 0.22338518172521762 0.946680155757748 0.87658064493865329
v 0.22608005439026893 1.0695531147885262 -0.84048135938834745
v 0.21079443973640258 1.2512327671840084 -0.775653060360457
v 0.20342411046478714 1.400013878992421 -0.70850027970019358
v 0.21333598685080671 1.6170529243583023 0.58169104979247122
v 0.16172430229654855 1.9561776551650789 -0.19378967849207557
v 0.19187533973371013 1.9170838172818592 0.27303336963770169
v 0.18650328814129324 1.9494884207214036 0.20692338964638837
v 0.17835026831742151 1.9841855230633594 -0.095710035494819518
v 0.1730217023785422 1.9934633452141524 -0.0055678774730701652
v 0.15699210821029283 1.9878983954811715 0.081891931207343449
v 0.32484298256301947 -1.9082243123654514 -0.27453302961844411
v 0.33525578682439822 -1.9431339944804491 -0.20089095576502394
v 0.28596844002536526 -1.7428926462533927 -0.47846378117001842
v 0.30959633606393816 -1.8124809972514875 0.40573648420571584
v 0.35481958718192141 -1.5722799107384393 0.60438147055820424
v 0.29472581535711223 -1.2022500953929345 0.79110401625331417
v 0.28043827439908831 -0.87889067542592558 -0.89177469147566368
v 0.27896252156812312 -0.93707957507942408 0.87728212407454698
v 0.3307087313297431 -0.78508724719993084 0.91132205166289937
v 0.33162283454786007 -0.72944718392997432 -0.92287130522465066
v 0.32181921618932618 -0.70990590850647539 0.92703409464435071
v 0.30466971307735685 -0.63375957172282293 -0.94184199122190704
v 0.31195737198721474 -0.57294234402842359 0.95170828254468243
v 0.30354032950642273 -0.41278979840385804 0.97218746484385576
v 0.33590131044446103 -0.1886491908710845 -0.98780377062457092
v 0.29476598214691618 -0.23760963635966609 0.98672692596006006
v 0.30996580956253666 -0.089910246074870276 0.99206511192443869
v 0.28401900304943306 0.10736632327380674 0.99249360354490213
v 0.29743742775507431 0.58588275105034127 -0.95008932375333111
v 0.32125573039117006 0.83014700577538658 0.90165888312533782
v 0.31444488995829206 0.92049837742941731 0.88011326169482007
v 0.34253475241833192 1.0944834558203649 -0.8274265699926916
v 0.31511509844433172 1.7962573386956644 -0.42352820321598406
v 0.26746273731462944 1.9337973255145675 -0.23436438614395488
v 0.26311472033627226 1.9414841118543282 0.21683293808341547
v 0.47411506755822153 -1.9720427702713088 -0.010664865886150808
v 0.42152692601319597 -1.9585990250611933 0.14049619919589085
v 0.41372654214389049 -1.8253156833325079 -0.3809479677298902
v 0.39979671637324748 -1.7857556203547233 0.42700079699885812
v 0.37954707392630543 -1.761117579810084 -0.45615597382252465
v 0.39601522253762694 -1.7182410021224157 0.49113722942492533
v 0.42242805930117638 -1.5226691114581716 0.63065615784831985
v 0.46463758693536084 -1.3974364166870057 0.69620593699351763
v 0.38052829461101989 -1.1872766102346841 -0.79276906792602786
v 0.40470921646619579 -1.2312302632302665 0.7749430635051745
v 0.37026069909889026 -0.91885732210662341 -0.87824978758742822
v 0.42069494365165599 -0.81655961839583668 0.90016623797637652
v 0.49230558862143881 -0.60484411133497251 -0.93753237047427318
v 0.35962321091230459 -0.36526646904531335 -0.9750027255397703
v 0.40021995026699458 -0.41268384003162678 0.96845668891426384
v 0.43040374177577484 -0.22009221493587783 -0.98222744517428284
v 0.39459089893579391 -0.24271596783071397 0.98268793943354016
v 0.38988979681639202 -0.084585314736495817 0.98913016404075804
v 0.39507988165400326 0.13895778706492168 -0.98754018179532022
v 0.38622710421847284 0.086435416858115427 0.98924669782540287
v 0.41502590471120704 0.31248780059436537 -0.97679206161472254
v 0.37759211341380056 0.36600027541763797 0.9741307270135825
v 0.4358598580159399 0.71091756175450227 -0.92159730490834024
v 0.41824937143340662 0.71599758747806552 0.9214791757871551
v 0.38933095558812481 0.78955778036355406 0.90771548534471247
v 0.44688140346715238 1.1131606224190005 -0.81536204393165723
v 0.40184038501203778 1.2288204728565364 0.77600611442055434
v 0.43570412474867548 1.725211992781027 -0.4816839849463459
v 0.42731287417700026 1.789150580667981 -0.42012411577935949
v 0.367115343705186 1.7169821378918027 0.49477614213938537
v 0.37999430691362601 1.8292240339954995 0.38029909937072071
v 0.43666237881966147 1.9758067784483535 -0.024051727502583439
v 0.47883493293531315 -1.8199028185802359 0.37912846719965348
v 0.47320518477516144 -1.2113962068480408 -0.77831634015593176
v 0.50501439117151858 -1.2564003659781393 0.75923080781573127
v 0.51980325104305647 -0.83948810282253916 0.88937113000423018
v 0.51411185779425761 -0.44313028295492485 -0.95968833314018009
v 0.44351712777954028 -0.40883632634042461 -0.96691712128282647
v 0.4982211048750802 -0.41732071423528322 0.96315210961876518
v 0.5368304625809579 -0.26088047388180097 -0.97433479734578143
v 0.4765573730438763 -0.052395205060459735 -0.98583844763367712
v 0.48378493987388227 -0.089926408774717081 0.98449863605026489
v 0.49330744197662141 0.1239122260191175 -0.98311996272455815
v 0.49112993258945181 0.078839807823955804 0.98436774592316889
v 0.46624626849730572 0.27075889209646381 0.97751526009544021
v 0.50283196175981648 0.52066880360931889 -0.94994273586594491
v 0.49512007925370116 0.53730540795827408 0.94810813850304154
v 0.52783516173868672 0.68347501063421556 -0.92148655500785004
v 0.50822833102402609 0.70060520356566469 0.91936598235233125
v 0.55530588072679055 0.81930652552627337 -0.89166440460810825
v 0.51619653516394237 0.86215138902081767 0.88445843845296968
v 0.48387484699983818 1.1028895713671518 0.81643017375038107
v 0.49066097468664938 1.3353615878882992 -0.72416818973906794
v 0.49463715990863527 1.4068699980310126 -0.68910822783157177
v 0.5138299180151964 1.4195033514988378 0.68126831632729701
v 0.5017498551495243 1.5054464827984109 -0.63467045661256927
v 0.49330603216900903 1.4877600402739179 0.64650631865153607
v 0.54406188857556881 1.7964552922309112 -0.39644763494816376
v 0.48133356486693069 1.7213633900695902 0.48030405567785589
v 0.46250080711071195 1.9248380676396102 -0.21664067828981884
v 0.57992005170150718 -1.9394918098118048 -0.1442208498465698
v 0.57939168907963112 -1.959295607935897 0.018596616087299213
v 0.56879716388514145 -1.9482286212395827 0.11013625410886882
v 0.5459978654234956 -1.4947866020844418 -0.63723584407046918
v 0.61049701788332777 -1.0631616829806552 -0.82053035320622236
v 0.56757498824735886 -0.9712768295564671 -0.8529010689034846
v 0.60346218801301976 -1.0237993613962406 0.83349717772308374
v 0.62221641181186904 -0.89959142223654109 -0.86773101978489142
v 0.61549221940099064 -0.76295880213739731 -0.89973095601284081
v 0.63166375329667146 -0.68037563181716521 0.91474043230214019
v 0.58804623728762961 -0.59250804998255502 0.93327734458778688
v 0.65164870824486198 -0.5084155561229442 0.94127202165739166
v 0.61102019277188691 -0.33868019885808948 -0.9637618925484378
v 0.57806606232851465 -0.080410338588288888 -0.97924858092663536
v 0.58541622024930451 -0.10915191549889408 0.9780400309758176
v 0.61781070263521498 -0.024442769751925705 0.977346570441603
v 0.57413761914651029 0.12227282617206991 -0.9784639149491744
v 0.59380622833092966 0.059352698536156101 0.97872567752777762
v 0.59941727131729805 0.26488792064216815 -0.97006984151160447
v 0.64224269714153714 0.32838003834051599 -0.96245290429594577
v 0.59069935674342811 0.50256266057745125 -0.94659969059437188
v 0.58958220981222442 0.52088605276734734 0.94413752663697537
v 0.60149287036924637 0.68687024426324195 0.91571247121002708
v 0.62783079431942035 0.81334735868970742 -0.88761953048873998
v 0.59960710744105128 1.0491772910008597 -0.82588783143597089
v 0.62249179263420129 1.0083111665986357 0.83675143821223674
v 0.58337412175334435 1.0865868415668767 0.81473819628637401
v 0.62605162957648208 1.3004028873886089 0.72853473959852588
v 0.6092174597062805 1.3902947280578106 0.68745041197469725
v 0.61737371698844956 1.5097633511643691 -0.62012171998333543
v 0.65276391705385395 1.9093134012396651 -0.19526043258891063
v 0.61006331955824999 1.9526577299989687 0.061587217053046636
v 0.52981519492717144 1.9188238740264503 0.21222594706094622
v 0.69105469621910531 -1.9428168457723813 0.0032010703447379329
v 0.71580255177316576 -1.9006945508730884 0.1914263853471202
v 0.71960882406411164 -1.8480564596446794 0.29243030676327325
v 0.71714242298089326 -1.6195164981574537 0.53337845150192498
v 0.72349011090313786 -1.4976367176641117 -0.61467081373904076
v 0.68280209240232703 -1.5543954376435365 0.58447098652052398
v 0.73140373626818322 -1.0721164974925657 -0.80633715807870232
v 0.74549559155232048 -0.82565599407735824 -0.87507046684229817
v 0.67990636414279393 -0.77097710331302638 0.89288953629445456
v 0.706833943358392 -0.60701716929228899 -0.92143947256434588
v 0.74185734163956329 -0.37223350076190864 -0.95016464809389223
v 0.67056706732519422 -0.11375409006868634 -0.97209268224251855
v 0.68564416306884346 0.019796377210018506 0.97250124522932568
v 0.72347339647788733 0.14938101058595299 -0.96708707251771087
v 0.7102063118113443 0.35846386786886952 -0.95442988148691554
v 0.72295966286972591 0.52753604206503502 -0.9325144265845301
v 0.76572630913236617 0.47717796394555961 0.93571209699748081
v 0.71241228817612168 0.61170718213987929 -0.92017572457463515
v 0.71613420021904217 0.69837657580661605 -0.90424776448706035
v 0.73005956497893998 0.74809853362554068 0.89337617943808079
v 0.71282624741596756 0.78759077926556476 -0.88635268012090018
v 0.69105550644223024 1.052627151053199 -0.81671002456011976
v 0.71299232647544908 0.99759442089616768 0.83177500634207358
v 0.71619343896022059 1.1266413084809361 -0.78907303320639077
v 0.73065295347065695 1.2768015577847311 -0.72835448008492865
v 0.70992887467228061 1.5273807940338744 -0.59783870403786499
v 0.72668731349093485 1.8764995314515576 -0.24465659358301198
v 0.82399166251595768 -1.9076674721568982 -0.10668961195435463
v 0.79217225462779017 -1.925450309961555 -0.014606773299662798
v 0.78663675498203467 -1.844491256662391 -0.27932416627997492
v 0.80074873814382153 -1.8098679466388374 0.32707780297107208
v 0.80275832459066854 -1.741699378594517 0.40831166807839614
v 0.82748230317644866 -1.6043454317233936 -0.52679784449429357
v 0.79377040038141433 -1.6231549755997734 0.51774343655675137
v 0.80795411943990647 -1.5297002473062011 -0.58274913694196573
v 0.83695532160419117 -1.5015303375812463 0.59605885612535359
v 0.83744666523334133 -1.3002530723975092 0.70433251671318042
v 0.83915160914254827 -1.1163061784233512 -0.77953846967975404
v 0.82503987981346916 -0.71324454818030369 -0.89111227752058786
v 0.79942894501314188 -0.6261456213738904 -0.90973265401962677
v 0.82331535141440892 -0.62758273669359088 0.90713398355016872
v 0.69575895283312705 -0.3204302174215431 -0.95898479272910553
v 0.83735529785796203 -0.2826334541076263 0.94891286923420282
v 0.82605481084469445 -0.20015909281215563 0.95544721461069793
v 0.65131805811863952 0.34069770106485708 0.96092405552648008
v 0.78545869498773124 0.31412551040256165 -0.95141412161656136
v 0.79963195594585923 0.96962826617520348 0.83150701851650022
v 0.79836587733302244 1.555146431500056 -0.5682657521329374
v 0.8013057003966817 1.6185906383861948 -0.5200552974360112
v 0.82904806416714749 1.5985958771443265 0.53111913064808969
v 0.80173370536395772 1.7269622239252846 -0.42419758807594637
v 0.78988404630658693 1.8309863249224454 -0.29861940349743255
v 0.7850050735984605 1.8359614335653498 0.29260236207622475
v 0.92046545644934197 -1.8858474084942529 -0.11770491998185664
v 0.93963043290039328 -1.8959600175523068 0.029997231125788129
v 0.90687881486972011 -1.7342406869693727 -0.39175717019354839
v 0.9516796975634314 -1.8517792267799151 -0.1978013915246431
v 0.92698295808463316 -1.6105561939173634 -0.50262029387769003
v 0.90796750595870923 -1.7136711007273058 0.41334018280349727
v 0.91195828332196216 -1.37685416901256 0.65798668326029575
v 0.94923919928701905 -1.1556923545759741 0.75178454090676383
v 0.90131507998128557 -0.97585977901719223 -0.81766808445228389
v 0.93793335752219309 -0.98654438699598046 0.80975185976629904
v 0.87746775729629412 -0.89698375179488898 -0.84334112680109408
v 0.91032699888880864 -0.74143338022033245 -0.87656891705717899
v 0.92316643650502039 -0.31937382579908336 0.93657870632046258
v 0.9150940443056923 -0.2241539239149011 -0.94462253814933783
v 0.90350651593692011 -0.029899225081752741 0.95275136479613465
v 0.89318898838280103 0.18927583776016169 -0.9489941047049224
v 0.94021647722826851 0.34212068116976446 0.93278868607032273
v 0.92152643155845559 0.53530923433782474 -0.91147359891977353
v 0.92784346165236531 0.54470947182663854 0.90946611814700384
v 0.90638418801274512 0.7142958484246924 -0.88228374944811605
v 0.93960413468464299 0.9706775755278928 0.81450139120477016
v 0.89244713469003467 1.2006286790108174 -0.74085083277140684
v 0.92027400408675508 1.2164621634045323 0.73008978668885471
v 0.89173944217667545 1.3363527907130945 -0.68015136496923811
v 0.8816567101246594 1.4216741411202718 -0.63712879951278723
v 0.92938356721990301 1.6041139140598373 0.50729399593665692
v 0.90146553458053102 1.7169659847518677 -0.41146486137194482
v 0.90078951286456987 1.7276971086237174 0.40023204768709497
v 0.93328514157701703 1.8482409489403506 0.21495979465686937
v 0.92377068466964207 1.8992989119166752 0.0042250690572448873
v 0.90174616639686112 1.8851412730434647 0.13977835342558267
v 1.022246759313346 -1.8771015909456643 0.043353178959469316
v 0.99652842519720852 -1.8338196687814456 0.21373422955979643
v 0.99889441217606489 -1.6887350685337341 0.41601136677204775
v 1.0259871248301051 -1.6092909622272733 -0.48235628665324215
v 0.99072775240386368 -1.3996698835606571 -0.63120959469440063
v 1.0057015017615256 -1.3613642757104265 0.65068694572907271
v 1.0290099723922195 -1.2935705960237838 0.67930264131727291
v 1.027046578017188 -1.1697525135514883 -0.73378433847039537
v 1.0214303625687127 -1.0341619843951302 0.78357542379585043
v 1.0518431557620955 -0.88426516731880211 0.82384009281890536
v 0.99701620336480878 -0.70838933627110245 0.87290003567628416
v 1.0164699301689164 -0.51393144364100485 -0.9031913111083183
v 0.98877805652772777 -0.41701866474948901 -0.91902775829227523
v 1.0086332079524607 -0.34687679078108147 0.92418508650550013
v 1.0189599640532403 -0.23549217409512913 -0.93171908866790276
v 1.0131922733467635 -0.20221477277871022 0.93427989376652809
v 1.0099242308349319 -0.031386692069410964 0.94030583756994857
v 1.0095912277009997 0.14356069611509742 0.9377620700232413
v 1.0180129666303901 0.32534511003990896 -0.92482139833542143
v 1.0338175709476418 0.30830629663791675 0.92429011373407488
v 1.019384797929435 0.48613913449006846 -0.90669149382860026
v 1.0561812739284331 0.63758474992632563 -0.87883601702635217
v 1.0260003475245336 0.64315644977341446 0.88163344068194827
v 0.99025683239704321 0.67662881701081234 -0.87991018244205244
v 1.0106617910774363 0.80890776747873927 0.84920155516080598
v 1.0356857517614924 0.92142670903281365 -0.81563249310081221
v 1.0194484780256332 0.99835155401546494 -0.79504144503159013
v 1.0137363800416754 0.96894828997870064 0.80502331198529542
v 0.97342526580046285 1.2262853558358342 -0.71806729689087012
v 1.0309200122949074 1.2032827923581191 0.71879938814410604
v 1.0275747805503566 1.4035922048764418 -0.6220980501960276
v 1.0171613942723254 1.4009685510225884 0.62555691981041073
v 1.0285180107243783 1.6075400618034685 0.48319458790466957
v 0.99883936260790862 1.8825770053796849 -0.0070447209728409371
v 1.1231591697699046 -1.8503609161066894 0.053866521875200746
v 1.1590444151169965 -1.8200935868244692 0.1462097593320783
v 1.0941083390288151 -1.8059150432236053 0.22044733613500289
v 1.110275712869889 -1.5000021705560596 0.54667003284270632
v 1.101111790577326 -1.4025401401814837 -0.60834368367103153
v 1.0742358547711863 -1.4228397877258636 0.60197695026769038
v 1.1162943531252851 -1.1905462435109733 -0.70982248525600977
v 1.1073572444851114 -0.86743665245458357 -0.82021350052572772
v 1.0811493993257431 -0.78920108397973021 -0.84405295629663113
v 1.153909380026378 -0.78853230645393224 0.83310404251548364
v 1.1333090782883579 -0.49698333741859468 0.89022306044319965
v 1.1300568914428817 -0.41967506880169875 0.9004333531508153
v 1.1441368496038899 -0.28299846899367048 0.91174819103084459
v 1.101896200314141 -0.20544077897712809 0.92263981429400044
v 1.1038118834692634 0.1319663296939072 0.92591855081215291
v 1.1206610243996755 0.22532528360067741 -0.91898681014897765
v 1.1006132067207277 0.30914628048546183 -0.91547982490918034
v 1.1209910823223874 0.2889195042877557 0.91439802376987489
v 1.1046012484617929 0.45408351689444065 0.9000671314218931
v 1.1274940726343865 0.63534970091562015 -0.8695786980455702
v 1.1223558611627065 0.64309724066216922 0.86898522322594129
v 1.1027157422095888 0.79999948922175246 0.83805849704553803
v 1.1235565150532156 0.89111754778099839 -0.81107836015615775
v 1.105410618379167 0.96654448952767313 0.79241968099918558
v 1.1244347855140631 1.2237530286396898 -0.69416966057740814
v 1.1223052939860678 1.2042830573574579 0.70288574996515751
v 1.096150489722947 1.3828064185006859 -0.62086565667738902
v 1.1221356562219915 1.3921590135500759 0.61011670157469877
v 1.1214603657391231 1.5072792922381175 -0.53847816532423887
v 1.0879141773352323 1.7325430462188212 0.34079370767407807
v 1.0895079842676541 1.7969177922490556 -0.24350247873733794
v 1.1230940463246426 1.838529565955866 -0.10718719287589151
v 1.0930272605174962 1.8592918850970064 -0.019200658877476851
v 1.2121532456800643 -1.7243634854276302 -0.29989375820763409
v 1.211820063542929 -1.7174897883199605 0.30977957672667056
v 1.242613101169312 -1.4689556345827397 -0.53580586347054504
v 1.1949183545577244 -1.497207954247517 0.5273352228183853
v 1.1990254548440573 -1.2125429127228349 -0.68535643000434854
v 1.1582586896840357 -1.2204084893617759 0.68969727350810628
v 1.1929019746149339 -0.86748251815120569 -0.8066967418481803
v 1.2142839906270853 -0.78168895295998975 -0.82485948442204293
v 1.2245293669030699 -0.84376811833373999 0.80763213036594117
v 1.2617893121966954 -0.50042101303409547 -0.87106096693398205
v 1.2190702074893263 -0.53036695164282099 0.87323056504682484
v 1.2470540015676772 -0.40927305529805158 -0.8846458478447482
v 1.2082683089427959 0.023281102525483058 0.91341997119041751
v 1.2209566837811234 0.11101257336349092 -0.90985944743126423
v 1.1926519400207458 0.11453708200872094 0.91395483978524883
v 1.2094675739240255 0.2786214872212503 0.9026501076621346
v 1.2224896992091201 0.45315433070562733 0.88340930648221117
v 1.2226625757655674 0.53336819752637055 -0.87228152263318504
v 1.2375910872527451 0.54060888279042574 0.86906424057063247
v 1.2078523889168475 0.61738369908601176 -0.86108935629608818
v 1.1961692231819472 0.69109951042053641 0.84844859024082853
v 1.2560803463263295 0.82224075497213633 0.80775547463579878
v 1.2483043880331155 0.90138264983470562 0.78792859424249906
v 1.2192319771930029 1.0985486079410673 -0.72810985802262507
v 1.180579914422994 1.129558742707748 0.72328960274904974
v 1.206922029945499 1.1834164460229832 -0.69633509190401044
v 1.2109918501308137 1.4862775078876764 -0.53124679210210868
v 1.1797138875869149 1.541535680507286 0.49814395264910777
v 1.2441276584807437 1.7234864004696195 0.28692544509784679
v 1.216226772812484 1.808315478803723 -0.12325385144247003
v 1.2524476896326693 -1.8021293397487055 -0.10279692142980282
v 1.3232289643761608 -1.7834747595804088 0.085633865668050604
v 1.2983074832962627 -1.6798939413888909 0.32327997996383351
v 1.3151237926173405 -1.6125984578353969 0.39289345543662418
v 1.3357019722069918 -1.2966178567758297 0.61497529049962441
v 1.2978081715219454 -1.1117068011308244 0.70741523068469669
v 1.2992180799613238 -0.89927232976528715 0.77952828675544561
v 1.3190746615697402 -0.71648532433958123 0.82162719817385699
v 1.3345946228515695 -0.52018912324826705 -0.85639780925536935
v 1.3142317998247992 -0.35673721565060568 -0.87989379155515579
v 1.3643587930409198 -0.20785746124007104 -0.88309461452336124
v 1.3089355805952589 -0.10029191622139608 0.89655161284893192
v 1.3327387841400447 -0.017137476386380749 -0.89411431410546982
v 1.3633028048139095 0.13870358621506618 0.88675901812883062
v 1.2929951208116834 0.18788971767500595 -0.89566628136814419
v 1.256488003758566 0.26314076055450725 -0.89697417861257944
v 1.3420359693871249 0.3241786465864146 0.87823354867407399
v 1.3301628781019463 0.40845477822302678 -0.8715905559902829
v 1.3223838532966679 0.41373090867237311 0.87225280473626432
v 1.2882622867919629 0.58998689000525617 0.85278148967546552
v 1.310250626387073 0.83631148582721448 -0.7945479624152274
v 1.345517726633946 0.77413594525426477 0.80372417668055729
v 1.2765427825093487 0.93082601404060195 -0.7747479639818422
v 1.3497359179073891 1.0479128655657455 0.72130855629397028
v 1.3591196604983486 1.0830032139500858 -0.70604006284390386
v 1.3589799348620943 1.2729960022667091 -0.62216650771954018
v 1.3257961818185535 1.3121930122983971 0.60892347524063561
v 1.2829908037497715 1.6089085618896184 0.40818693069569162
v 1.3022245794679903 1.7467850420168738 -0.21368474094685713
v 1.3032997415366803 1.7763140556461787 -0.146643688584667
v 1.3643725119344445 1.7780564156275995 0.016708597129825749
v 1.4333341606268755 -1.7088789267436812 -0.19567288301039021
v 1.4148243025812319 -1.7509266546356106 -0.089920883480374997
v 1.4198626945071278 -1.7103582371193513 0.20300715544411752
v 1.4404038879341585 -1.4139568527293058 -0.51611970058067702
v 1.4115868137988272 -1.3534079700506452 0.56505743486731563
v 1.4077394735835158 -1.1221770153603658 0.67991764593979631
v 1.3756977679317552 -1.0070101501360156 -0.73036801093772852
v 1.4426739410312259 -0.98228083487688223 0.72431631522245721
v 1.4357210609324322 -0.69655015361666406 -0.80392568497767469
v 1.3880055321573268 -0.69705340178595276 0.81309361892469112
v 1.4633478767116994 -0.33027158010009106 -0.85682987646965469
v 1.4502372864625919 -0.23663568484622241 -0.86665262792915032
v 1.4344014798368288 -0.20672973235990216 0.87105112273099128
v 1.3962437523667923 -0.11523820710629212 0.88172145511743338
v 1.4214414869009824 -0.049258211953747272 -0.87916443436279323
v 1.3688978186758047 0.037490830214921209 0.88824605603134243
v 1.4209568812456981 0.29041737498703002 0.86767300807561776
v 1.4085783822276556 0.80696082996810747 -0.78350780909502005
v 1.4489876352406819 1.1102728743170138 -0.67542801463221924
v 1.3863454752771847 1.394329440991577 0.54667706162370144
v 1.435070142117767 1.6924154300889587 -0.22930760557542693
v 1.4826557552384085 -1.7349029387920947 -0.0040826770543831506
v 1.5358140385993302 -1.5306041999332114 -0.38624365029549729
v 1.5185257329442488 -1.5134353555191349 0.40954290262331133
v 1.508481553717772 -1.2199161839254768 0.60965327966635019
v 1.4833925601666973 -1.0101347784735524 -0.70502233912179191
v 1.5051384190901289 -0.86186670943609267 -0.74930730510007248
v 1.5310479640134504 -0.96737428338135156 0.70894741978644626
v 1.5393524290184719 -0.71457185040929661 -0.77879531217127862
v 1.4889755139685892 -0.56902205607596634 0.81839378280178388
v 1.5628250360068368 -0.55574809680550241 -0.80549733307369442
v 1.4668786272684622 0.28299788335568715 -0.86032664957649285
v 1.5182931614241533 0.36912664701800424 -0.84127108765321135
v 1.4985839033562616 0.51872199335179592 -0.82467224795459992
v 1.5221738324981513 0.61232932179986865 -0.80335735411822684
v 1.529438505286502 0.65427885046597944 0.79397834399575795
v 1.5407176953660937 0.69601877649137578 -0.78256936660173593
v 1.4743415925483441 0.88239841301607891 -0.75004040669740657
v 1.5142985736408661 1.0252489522067318 0.69226584529466395
v 1.4908203489111964 1.2200430447806607 0.61449573946280722
v 1.4891043256389469 1.3804746504846366 0.52386248684395631
v 1.5721434357651127 1.5678290993309465 -0.33001099428827824
v 1.4972903839067579 1.7182826528254045 -0.096750218082900713
v 1.4683117698622405 1.7405280310964739 -0.0036254593562888154
v 1.5921855520408645 -1.6489257625554152 0.18874532425351892
v 1.6157872802799038 -1.3357490336088418 -0.51043438472813218
v 1.6137491944695315 -1.1048705907966954 -0.63468006188938619
v 1.6302503357967664 -0.99905390324813093 0.67298835956593084
v 1.6378629732990977 -0.59381139768904279 -0.78172469378266329
v 1.6282996577031843 -0.41104996876452582 -0.8122426094316727
v 1.6096827568691314 -0.20146588909514537 -0.83622993259363188
v 1.6274073767821009 -0.22944147198459816 0.83054265423793683
v 1.588616837193964 -0.10981433307073862 -0.84533631975213996
v 1.5929429981188914 -0.13108078708670401 0.84371037396971271
v 1.6299916948894424 0.039450480847150207 -0.83799532201110039
v 1.6507658428571133 0.040844733421980382 0.83337884468495127
v 1.5889520047206218 0.11912680453606031 -0.84497082334625806
v 1.5799294321861073 0.10023758631845528 0.84756612753433935
v 1.6249842928248845 0.20823006215345652 -0.83240683045398689
v 1.6157034946459294 0.18532467953647677 0.8359008164628714
v 1.6071266974925229 0.37175975194991701 -0.82185898880253472
v 1.6215602273441179 0.38995281486871936 0.81637740485955224
v 1.6175466133456962 0.59417913525102273 0.78617048964610348
v 1.5556822486229394 0.85176430747420206 0.74027663377840414
v 1.6364835554633193 0.91127700186430916 -0.70102853594013603
v 1.612246209146782 1.0000407789565191 -0.67720838056531207
v 1.6390008581129134 1.1372057775506379 -0.6123777935476421
v 1.6331911987470746 1.1142587072042065 0.62461658134259757
v 1.6636754707394821 1.2194500690511596 -0.56496175079964661
v 1.5899414047188796 1.2053349006799563 0.59386646565801937
v 1.5388355028751295 1.5032892498161128 0.41059247258202741
v 1.5948832109692044 1.6411995654769898 -0.20179979936295692
v 1.653647816520244 1.6183779549363633 0.19520781550995195
v 1.6990411806052061 -1.5901718806669822 -0.20947172297660682
v 1.7502318119857672 -1.6145870707374748 -0.073074119326143619
v 1.7297007815023149 -1.6299245467821561 0.013956861140042867
v 1.7111354407861787 -1.6262736344911486 0.10017656546622675
v 1.7201429549485074 -1.3924629621660802 -0.4286591356079521
v 1.729866531902374 -1.4988472898796983 0.32061302637402272
v 1.7380787232674033 -1.109983327274416 0.59417589994141817
v 1.7359848610469584 -0.78977596221517943 0.71125448359636345
v 1.7094464258114981 -0.54360261889702666 -0.77426371332248678
v 1.6733601533456255 -0.59955702827331392 0.77266616072278738
v 1.7373071886603404 -0.51309985837512428 0.77245153398139066
v 1.7020206407489094 -0.45276585769289496 -0.79015465522098993
v 1.7391646162167336 -0.30681258770920899 -0.79816862221809182
v 1.7007266217490238 -0.21945686130639977 -0.81440047192541976
v 1.7183929574268129 -0.24080340184159896 0.80889509499582513
v 1.7308865547223455 -0.074396489413351419 -0.81393569169268642
v 1.7447911156754423 -0.082267858382208292 0.81040669007626176
v 1.7146717991941787 0.015754132368792341 -0.8185107831027213
v 1.7275696538081375 0.0037734210788383255 0.81546545631886991
v 1.721590346313975 0.089560312660567173 0.81565676031263168
v 1.7140315040089096 0.22784845035716883 -0.81073456707616254
v 1.7045063885423837 0.18062765654623875 0.8159348522856088
v 1.7273123997990201 0.30450193139648979 -0.80118368623492497
v 1.6931077209947856 0.37285168336710423 -0.80224836639810415
v 1.7160280372119086 0.36324237069982446 0.79803778915247126
v 1.7343739873707227 0.62752824414164832 -0.75236405017793184
v 1.6969882756112968 0.72046571417624394 -0.74025494104808054
v 1.7060202787579444 0.74825944114192644 0.73086930210835832
v 1.7269615276099692 0.88346205082689033 -0.68603346202296189
v 1.7239899803542416 1.0972730609773953 -0.60443678365206666
v 1.7828507628376793 1.166893173761131 0.55308462113574686
v 1.7269117272913956 1.3186018615653816 0.48073035293841232
v 1.7256026624472454 1.4252678069003728 -0.39737670125770852
v 1.6547617842417446 1.5543914891855222 -0.29803003012343832
v 1.8307791376250098 -1.5704277786049912 -0.090554964987704101
v 1.7822320419814677 -1.0302110301381098 -0.61530208222154603
v 1.8693055401695788 -0.97418075452904562 0.60961207411664287
v 1.8148792887041658 -0.77565356752156944 -0.69325123460088811
v 1.8256049577152369 -0.80162899654644204 0.68276520659061846
v 1.7983058142600936 -0.6803383067049894 -0.72246096428711848
v 1.7710964754561416 -0.6117948524288136 0.74577196736669016
v 1.848905135283482 -0.42804143857703086 -0.75741600563615541
v 1.8379002085492566 -0.17410688873616445 0.78387131164888668
v 1.8059771310175412 -0.11126015306873288 -0.79452203330957927
v 1.8206617720089227 -0.10343560413565725 0.79109539021589259
v 1.8270876287402142 0.62542861548418638 -0.72685297434508955
v 1.8127432878246792 0.75169536456168984 0.70049670737591907
v 1.8345200231210503 1.005757709944241 -0.60806163858913054
v 1.8507333703765685 1.1924956832221876 -0.51057007244355745
v 1.8344442758055957 1.2286148410082183 0.495414215600328
v 1.8359086044626671 1.5778755238068258 -0.044863588627258713
v 1.7403558025216577 1.6047564074735994 0.13105145692496328
v 1.8887322448598545 -1.5499235757332177 -0.012903181960495905
v 1.9533334815549228 -0.98733898371135209 0.57456409184028312
v 1.9174450555377762 -0.89466193456255727 -0.6231013537634037
v 1.9561093437745549 -0.5298727820450887 0.70816097696927116
v 1.8211496882616147 0.50555167081087271 0.75245159245666082
v 1.9479407387709271 0.45504044568111335 -0.72398744171790053
v 1.9142103388366334 0.47855194884783475 0.7299616193072016
v 1.906878583361 0.90743721267163058 0.62202845727544098
v 1.9124072804464614 1.3339490126892983 -0.38197714702165281
v 1.8858546320196841 1.4641085638227505 -0.26076407814804603
v 1.8825324135748869 1.5534138511232736 0.018289519639902038
v 1.934084373896763 1.5137043815784363 0.090583645063117502
v 2.0017015754741894 -1.4296088412894714 -0.20119708698085764
v 2.0171129928734346 -1.0145547836050131 -0.53677508274532726
v 2.0110267177019163 -0.50974012772707122 -0.69453768345265043
v 2.0605565554791583 -0.48751984746989419 0.68278183261691061
v 2.0073832888129237 -0.40708348911791636 -0.71233079995933091
v 1.9997649581635037 -0.29750203560739902 -0.72840262105846043
v 2.0476565137747933 -0.31807870822426915 0.71099430911576733
v 1.9899408059478985 -0.17314112106433438 -0.74201063568847214
v 2.0007022878541845 -0.23315891667390404 0.7343073068254754
v 2.016147233438041 -0.057473079394979365 -0.73859449244146969
v 2.0070768279234499 -0.073222170714135171 0.74091151870851302
v 2.0279678227631108 0.063904323590869311 -0.73461223710905477
v 2.0122011791226608 0.1028494339570421 0.73822662400564376
v 1.9731549548485789 0.20143753997011771 0.74531830452831904
v 2.0151586227547127 0.28771223334324647 0.7245646507959026
v 2.0444916789570464 0.460438097654292 -0.6927178201703672
v 2.0344550394799183 0.6058632869572691 0.66813856642798963
v 2.03825436681268 0.78524702547573266 -0.61729959863695072
v 2.0071326941098029 0.78963167933962286 0.6273645927944973
v 2.0403090242195954 0.87306117804171057 -0.58666409191284719
v 1.9875766966208814 1.4386888756379772 -0.2010013367079812
v 2.0967867104599658 -1.2471312572291922 -0.34879763500939037
v 2.1494289664561852 -0.77720682676451303 -0.5773460743440384
v 2.1505265155750899 -0.7846058263225365 0.57445291650067865
v 2.1251735536505065 -0.67982228736138706 -0.6160005200883566
v 2.1330708146474597 -0.70211363270793758 0.60642772064124195
v 2.1246913983526294 -0.62024922172808261 0.63205031761790165
v 2.117132794373926 -0.15067767968278675 0.70246993223461074
v 2.0878160909222006 -0.077951201884452287 0.71483954092560253
v 2.1738633217558956 0.0002307849152031749 -0.68710328446619517
v 2.1323634912533924 0.072207761806617254 -0.7001955303417946
v 2.102051046111062 0.084865395882296121 0.70984762036272564
v 2.1421830045563515 0.25916819371395722 -0.68616320155170663
v 2.1059839458235179 0.29849188478339106 0.69401630184806895
v 2.1302527913735436 0.39308602163930845 0.6743790767121659
v 2.0998119843971415 0.64997577919157479 -0.63429400590138485
v 2.1132585623280433 0.57277335544620522 0.64836538708682101
v 2.1101115931754491 0.73328453460883514 -0.60626479371481756
v 2.1646609755957229 0.69594697214881995 0.59594126737999342
v 2.1608730795172217 0.78460780782567097 0.57042859224436038
v 2.1297545830942659 0.99078436225366873 -0.49728519749202554
v 2.1323684559994334 1.3379905790978024 -0.20971226742688917
v 2.204387432577998 -1.2836727082514405 -0.21214165371830029
v 2.2295616986640439 -1.3302174457445011 -0.059960664192002952
v 2.2285599077814653 -1.0874149938477315 0.3866850258632335
v 2.2643111339471091 -1.0241612342403421 0.40604621239978522
v 2.2706067362780917 -0.89439248742429811 -0.47429241059987787
v 2.2504177376391503 -0.88187362060725716 0.48979607777991735
v 2.2347023541559525 -0.79620007515654179 0.5329129604308368
v 2.231702561595859 0.51812047952255003 -0.61329641540890001
v 2.2635073155939511 0.6075325148766002 -0.57954570903550273
v 2.2513073520845683 0.71211999898465439 -0.5560544292448536
v 2.2398407275941317 0.78298281274425208 -0.53568777171486537
v 2.1936103509916016 1.1180613671961619 -0.3869737066688822
v 2.2509446375376463 1.0681620450033802 0.38624187112050323
v 2.2393277798149813 1.3195219654473846 0.070848332344228188
v 2.3252736005397381 -0.9820985156728862 0.39362095059193652
v 2.3131628494925787 -0.71225504172707643 -0.52496790525083148
v 2.2993872922558425 -0.71592759592683308 0.53072335164635975
v 2.3350265137272954 -0.45576471404240254 -0.58303856677482646
v 2.3908841011336701 -0.38858167862426107 -0.57017781519868738
v 2.2634437984007296 -0.42336538632863091 0.61880627532068844
v 2.3152969211900962 -0.2850928431672804 -0.61708625477059786
v 2.3347290591849124 -0.27407305578484464 0.61018707682523987
v 2.3253446133741509 -0.18960812821498502 -0.6221207246964614
v 2.2936541477168264 -0.20393262291622805 0.63442480773281096
v 2.3567135885210617 -0.11687476374820942 0.61337762912694149
v 2.3411858117304751 -0.072153032942943424 -0.62185471728426245
v 2.382907168299536 -0.022065557869634229 0.60481669811453465
v 2.3669723478990656 0.12516085702024651 -0.60866290365367903
v 2.3519770110305611 0.059175291684145995 0.6177992049496388
v 2.3329271989239091 0.2256386327204182 -0.61588856288314864
v 2.3442359868209386 0.23700634995347067 0.61012454715758535
v 2.2891945828419109 0.32812978036523399 0.62282430025063618
v 2.3810690508580241 0.50289673648430588 0.55305638493870679
v 2.3315145522850798 0.67562734068710217 -0.52840784140976638
v 2.314437161380281 0.69416740582188952 0.53064726285282149
v 2.302405652676109 0.96450319797033057 -0.41922810195779708
v 2.2855631082043097 0.99818926036709532 0.40893482748346843
v 2.2917286944693278 1.2286593972851549 -0.18948636012913661
v 2.3435883353144122 1.1797982666255955 0.19651295948308983
v 2.2945406752217687 -1.2544797656246005 0.14281029069076964
v 2.4499177956389784 -1.0115882318162823 -0.27340816729929579
v 2.5188146168418641 -0.86935235703067459 -0.32154402751931982
v 2.4222348219744956 -0.52424634410964133 0.52576390510358817
v 2.4179413368314537 -0.28510685177446576 0.57254699401237918
v 2.4563508835283585 0.10800363681932075 -0.56977927247196347
v 2.4345841824056391 0.23934253945676004 0.57032143308571159
v 2.4656715524141868 0.48514457616326806 0.51237309085567961
v 2.4306533374688937 0.5735713206179669 0.50804199779304071
v 2.4518600985100143 0.72045860877251655 0.44820225033997191
v 2.5126694717601668 -0.99469360352941938 0.21919223093816262
v 2.5150551420770149 -0.31037565337835399 -0.51946520605820501
v 2.5034701572277291 -0.33758750556677714 0.52181953092398903
v 2.562936354925788 0.22628907489200639 -0.50416571014462097
v 2.4974446469710543 0.28759018375123113 -0.53266663489447375
v 2.5211632117607672 0.24602590839535532 0.52539932855263094
v 2.5432464185689998 0.40098825415466821 -0.48783885063746713
v 2.6316221532509529 -0.73197226729824671 0.30537385699485831
v 2.5765416959272183 -0.58093266226306739 -0.41854732647832488
v 2.6453361740211117 -0.48796104194759965 0.39950212615053865
v 2.6486401153124026 -0.24542915596435527 0.45263724865425248
v 2.5800041910736855 -0.098318169555431378 -0.50472645115776904
v 2.5196022254586343 -0.13187551164455252 0.53669960084647728
v 2.6552739294292826 -0.14620754741421063 -0.45884280010381828
v 2.6120385316172858 0.0067968035971321533 0.4886083770184303
v 2.5371106065224862 0.092269215000100602 -0.5289530373098934
v 2.6011436410982678 0.086229818018493637 -0.49311696427596852
v 2.6289542302182962 0.21371429433045022 -0.46756444293914468
v 2.6138312771873333 0.47009940784141174 -0.42783742341089537
v 2.5165703705986737 0.68689046813823418 0.41858638336805309
v 2.6050413985829297 0.75888915278848157 0.31515917313073877
v 2.6340560998097255 0.81644642175587068 -0.24700874047183233
v 2.4871194066902005 0.94688646012201072 0.29274086700791363
v 2.7325644411125483 -0.71543338314534222 -0.19736433571087733
v 2.7227909267389903 -0.55439309805129833 -0.3108537373258683
v 2.6145677397375469 -0.38921662154729542 -0.44849835244582303
v 2.7267040663004627 -0.18332062883799247 -0.40263417245553801
v 2.7186180490463703 0.097309619388785545 -0.4160622158193602
v 2.7031686455707726 0.19160465325657228 -0.41925023495048297
v 2.6105584289684538 0.43097193740382761 0.44095513681492421
v 2.7295905781850425 0.56900375307909612 -0.29684562982460505
v 2.7446157138159482 0.6937468703866041 -0.19826312531967347
v 2.739276829482582 -0.79491098097818313 -0.074656752738422941
v 2.7493437487257761 -0.79188645323007911 0.0033779221663683343
v 2.7235680023809095 -0.82109735435513342 0.069410487289541106
v 2.7449689114729674 -0.520672323514628 0.30272607531550361
v 2.7993633811686345 -0.30153711323745691 -0.32175459464257949
v 2.7334502184016416 0.49173875597284744 0.32630042152923799
v 2.6999954167458422 0.58825852182571314 0.31681340689049714
v 2.7742042826958637 0.55994351843287904 0.25676204263689273
v 2.7593913129641821 0.77681510687246991 0.028417629087499553
v 2.8098786835010925 0.69097565453581677 0.0028810585557705951
v 2.7288378203740842 0.78612666516141649 0.12354241169745138
v 2.8204112778293529 -0.6408688799863117 -0.10149964057836992
v 2.8475172678864347 -0.61864544213902228 -0.031796514949659051
v 2.8276416018698369 -0.51088794210661781 -0.20716247704577265
v 2.8534514336061938 -0.50160867297369971 0.17281339310840182
v 2.8792399097003867 -0.55226910819321207 -0.0040530030836398948
v 2.8774912411626987 -0.53159207810808429 0.081841865885656701
v 2.8400946086928851 -0.2536458020582722 0.29148763093074537
v 2.8529799166339402 -0.2306265285369028 -0.28205501407689026
v 2.9227503501044874 -0.30248611777179846 -0.16163574447194803
v 2.8358567094253866 -0.16213234588211037 -0.31122811125415206
v 2.8530372577000773 0.0074702297203244217 -0.30359828718869647
v 2.8289448441912608 0.094664705464780202 0.32490304106230644
v 2.8381824577162158 0.21601410766575069 -0.29983593050712992
v 2.8241207735514 0.26222850107623397 0.30590741484149869
v 2.8240393231937309 0.3202508510679633 -0.29148629438114915
v 2.9213134470048239 0.2429766883584735 0.18507322053055583
v 2.8502666550581166 0.58139536085668875 -0.097826523449984132
v 2.8806314274366343 0.54868208469532986 0.044431253218852579
v 2.8526255295425167 0.56345590089670261 0.11739699277182919
v 2.9214345913138025 -0.42480776551373134 -0.066436665842130843
v 2.9439041462698858 -0.33039483529975017 -0.082662567194275005
v 2.9119583987420654 -0.22921156564441192 -0.20358652341018205
v 2.9222156464740356 -0.15501017525763891 0.20561130521647858
v 2.9101470728996905 -0.049694204695590563 -0.23855513675925288
v 2.9179424038993877 0.010411079914166538 0.22599599237085166
v 2.9051241477577876 0.16900602136235274 -0.22964864717758926
v 2.8977349662925609 0.10373816627674057 0.25189828015483356
v 2.9370387508079365 0.34154683272192193 -0.096420398949483788
v 2.9440465923634198 0.36787848857982158 -0.0050646135917923052
v 2.9588123820963359 0.29737927842039663 0.05938658607967464
v 2.9910454787096334 -0.10317588432048946 0.046897804711984112
v -2.7388228844887066 0.7720590300503416 -0.12172248957573362
v -1.8682180582940942 1.4145350987438645 0.33099334631020688
v -1.5231202974950648 -1.3424341477116812 0.53809207070341813
v -1.699779212573935 1.2490145331178273 -0.53553159106938619
v -0.90269096157120687 1.834223817028203 0.25870537181648906
v 0.68965301291955639 -1.2510143813315466 -0.74446793662778965
v 1.2029026079016121 1.421481647028098 0.57579474103175476
v 1.5016010385637319 -1.2705097211025693 -0.585939287850747
v 1.5346527098706506 -0.75528229041707917 0.77086901157537224
v 1.7086773399711161 1.5037068377225971 -0.32787993463822823
v 2.0047380067384801 -0.92068788781229771 -0.58197852666780869
v 2.5455431171683625 0.33038226442365431 0.49952645046177241
v -2.2149644076126647 0.76533234198022848 0.55490971645585851
v -2.8625602063052868 -0.43381097327178747 0.19842594328652202
v -2.8584411246251706 -0.10919001112857911 0.29310386365886099
v -2.4324477130036875 0.80121869225209341 -0.42308362073793709
v -2.2599109789377096 0.11531712114909581 0.65443593324685889
v -2.2730249429602414 0.13545706265176871 -0.64824853052260534
v -1.9001958788916935 -0.92489207721105182 0.61783420501606223
v -1.9923954882573331 -0.43640584813531758 0.71289992345068343
v -1.9492089010211222 0.44326033046840452 0.72530553194354985
v -1.8796530435951073 -1.4874082073970727 -0.22781001797538381
v -1.5056361023604501 -1.176388222783695 0.6322076633920527
v -1.4000604316595582 -1.542928910506332 0.42945918055290982
v -1.2055130903346887 -1.8015922717640127 0.15965417230335602
v -1.4165382508488993 1.0522601115844374 0.7051316475499585
v -1.1536564249603503 0.12459461283285143 -0.91935430891752845
v -1.1340645895279153 0.30342861823136597 -0.91141351638246537
v -1.0338915507091215 0.29884141075421194 -0.92506972092049722
v -0.9810410678143211 0.38058716978179002 -0.92403088596935368
v -0.92697892015081906 0.45691948479540434 -0.92175523206818044
v -0.31204798468625028 -1.6403175425734511 -0.56142303157807771
v -0.072167559053300009 -1.4840826054433616 0.66867915764247099
v -0.10615845520139058 1.7218572470939244 -0.50407068069632877
v 0.080809048651460227 0.34260906843401134 -0.9836631755558336
v -0.13176786402089924 0.34718261464575462 -0.98275395053029235
v -0.0074071825515106826 -1.4136180487330059 0.70494943322528802
v -0.048492276618068569 -0.34285667929501096 0.98398131583177428
v 0.19879477901424444 -1.2152611074886521 0.78947575665516456
v 0.37202256581874638 0.64304721570733847 -0.93757126326760432
v 0.24820630328053284 0.75744085307982001 -0.92046427257585051
v 0.60611328771742434 -0.60065639603057686 -0.93058098688127999
v 0.72063057143834486 1.3569784539035705 0.69224309060477196
v 0.93477686630272794 -1.1460477109088181 -0.75763158087400928
v 0.89642631281128116 -0.39900448556494239 -0.93165091141623457
v 1.1613947645145541 1.7399514555034961 0.30036192566995418
v 1.4282703515603632 -1.3226306986632481 -0.57740309522694278
v 1.4369062423847709 1.0079208802120174 0.71644086698451792
v 1.5791576241422571 -0.58433567679487086 0.79654702459628512
v 1.5849121677688049 1.3704420598967333 0.49852145060970815
v 2.1809111004322221 -0.39842066230594259 0.65658494679237211
v 2.7968179583411277 -0.18392236281797181 0.34808107251888804
v 2.8467827121834199 0.16907414858985137 0.29874047460934566
v -2.9774539005429355 0.11455165738305616 0.092705914544507328
v -2.2268054502773409 -0.021574976477684034 -0.66861555704600795
v -1.7778503553514959 -1.4416064937371111 -0.35812522896870197
v -1.6920254943218733 0.42213280609288523 0.79634375179959693
v -0.86551351718414593 1.8795858153504579 -0.17695728909761549
v -0.019729334619531521 -1.7462191648707708 0.48459979291259453
v 0.42614957394053443 1.7832952829079498 0.42684058134122438
v 0.61925433232256732 1.5748410085375093 0.57885654174573731
v 0.8304041807877488 -1.0251622277545365 -0.81073351942941541
v 0.81865686081337108 1.2849229346022777 0.71383608760001038
v 1.0727169480067675 0.39623629406784905 -0.91082456735330797
v 2.3296910130340964 -0.96144253988116835 -0.40370869970147572
v 1.796393196893914 1.5976332275912024 0.029735288955347609
v -2.6260851458544692 0.91788372341858593 0.14783046021008514
v -1.0541292982669923 0.42977517269351245 0.9095423139850054
v 0.70529072068864263 1.930098951522117 0.099842584717498531
v 2.098430472228606 0.36287281803899057 -0.68930268837004771
v -0.87011679944611531 -1.7159899823257483 -0.42033904773330061
v -0.31560612546161276 0.40967058311612303 -0.97209719317412291
v -0.053403955638985201 1.6483763241146874 -0.56491531785390847
v -0.49551392440062741 1.8491993364184962 -0.34062602620715637
f 2 4 3
f 3 4378 2
f 4 2 4373
f 2 34 4373
f 6 4373 4374
f 4374 5 7
f 8 4374 4375
f 4375 7 9
f 10 9 11
f 15 17 4377
f 12 15 14
f 13 19 4376
f 20 4376 19
f 15 12 4376
f 12 13 4376
f 17 15 21
f 16 4377 18
f 4379 5814 23
f 26 20 19
f 25 26 19
f 22 21 4378
f 21 20 4378
f 3 27 22
f 22 4378 3
f 28 4406 4379
f 27 28 4379
f 25 4381 29
f 30 34 1
f 4 31 3
f 31 4380 3
f 28 27 4380
f 27 3 4380
f 5 4373 34
f 2 1 34
f 31 6 35
f 4 6 31
f 32 4380 4383
f 4383 31 35
f 34 30 4385
f 33 4384 4385
f 5 38 7
f 34 4385 5
f 35 8 39
f 6 8 35
f 36 5815 4386
f 4386 35 39
f 38 37 4388
f 37 4387 4388
f 7 42 9
f 38 42 7
f 8 4375 5854
f 4386 39 40
f 4389 39 43
f 45 4391 4390
f 4390 46 42
f 42 46 9
f 44 4389 48
f 50 4392 4391
f 49 50 4391
f 11 46 4392
f 46 4391 4392
f 10 11 4393
f 11 4392 4393
f 47 43 4394
f 10 4393 4394
f 54 48 47
f 53 54 47
f 94 55 49
f 55 56 50
f 52 4393 51
f 53 52 4396
f 4396 52 57
f 59 54 53
f 53 4396 59
f 60 56 55
f 57 56 4397
f 61 57 4397
f 65 66 67
f 68 69 63
f 64 62 4398
f 62 63 4398
f 66 64 4399
f 64 4398 4399
f 67 66 4400
f 4399 16 66
f 67 4400 4402
f 72 73 68
f 12 73 13
f 18 70 16
f 18 5814 70
f 70 5814 74
f 71 70 74
f 72 75 73
f 76 73 75
f 13 76 19
f 73 76 13
f 75 77 4405
f 76 25 19
f 24 4379 4406
f 79 4382 4381
f 77 79 4405
f 32 5815 78
f 82 4382 4408
f 4382 82 33
f 79 133 4382
f 32 4383 5815
f 84 82 81
f 84 4387 4384
f 82 84 4384
f 36 40 85
f 4387 86 41
f 84 86 4387
f 40 4389 44
f 87 4411 85
f 41 86 4410
f 86 4412 4410
f 4395 87 44
f 4413 89 4395
f 49 45 90
f 91 4413 54
f 92 89 4413
f 93 94 90
f 50 49 55
f 91 59 95
f 54 59 91
f 96 92 91
f 95 96 91
f 97 94 93
f 98 60 55
f 61 4418 58
f 58 95 59
f 100 147 95
f 60 98 4416
f 4416 98 101
f 61 4397 4417
f 60 4416 4417
f 99 58 4418
f 61 4417 4418
f 102 4416 105
f 106 102 105
f 108 4420 107
f 109 111 110
f 107 109 110
f 110 111 112
f 113 4421 4420
f 108 113 4420
f 4420 62 114
f 111 109 114
f 112 111 116
f 119 117 118
f 119 4421 117
f 113 117 4421
f 4421 119 63
f 114 62 64
f 65 114 64
f 115 65 67
f 67 4402 4401
f 4401 120 116
f 4401 116 115
f 122 120 121
f 118 123 4403
f 63 119 68
f 121 4401 4402
f 121 4404 122
f 4422 125 123
f 123 72 4403
f 4404 74 126
f 128 72 125
f 72 128 75
f 126 24 129
f 74 24 126
f 130 124 126
f 129 130 126
f 128 125 127
f 75 128 77
f 24 4406 129
f 129 78 132
f 77 131 79
f 131 133 79
f 78 80 4407
f 80 136 4407
f 4408 4382 133
f 133 135 4408
f 80 83 136
f 83 138 136
f 81 135 137
f 83 4411 138
f 84 81 4409
f 137 139 4409
f 83 85 4411
f 87 4414 4411
f 86 4409 4412
f 139 201 4412
f 87 4395 4414
f 4414 89 142
f 143 88 141
f 143 93 88
f 144 145 92
f 90 88 93
f 146 93 143
f 144 96 147
f 92 96 144
f 148 145 144
f 147 4426 144
f 4415 97 149
f 147 100 4419
f 96 95 147
f 150 4426 147
f 149 211 4415
f 97 4415 101
f 100 99 153
f 100 153 4419
f 212 150 154
f 152 4415 155
f 156 152 155
f 105 101 152
f 5801 106 105
f 106 157 102
f 157 159 103
f 104 159 158
f 104 158 153
f 154 153 158
f 155 216 156
f 161 165 160
f 164 159 157
f 104 103 159
f 162 160 165
f 163 162 165
f 166 163 165
f 164 163 166
f 168 169 167
f 169 171 170
f 167 169 170
f 171 173 172
f 170 171 172
f 172 173 174
f 169 168 107
f 110 169 107
f 171 169 110
f 112 171 110
f 235 174 177
f 177 173 112
f 113 108 176
f 117 113 180
f 120 178 116
f 118 117 181
f 176 180 113
f 179 178 182
f 118 181 184
f 122 4404 185
f 186 4427 4422
f 72 123 125
f 187 185 124
f 189 4422 4427
f 125 189 127
f 125 4422 189
f 4423 130 190
f 124 130 4423
f 191 252 4423
f 127 188 131
f 189 188 127
f 190 132 192
f 130 132 190
f 192 4433 190
f 133 131 4428
f 193 135 4428
f 188 4428 131
f 132 4407 192
f 194 4433 192
f 134 194 192
f 196 4434 4432
f 136 138 4432
f 137 195 4435
f 139 137 4435
f 198 139 4435
f 199 4438 4437
f 140 199 4437
f 201 139 198
f 200 201 198
f 141 4412 201
f 202 199 142
f 204 201 200
f 203 204 200
f 204 4424 141
f 201 204 141
f 202 145 148
f 142 145 202
f 205 4441 202
f 148 205 202
f 206 4424 203
f 206 4425 4424
f 204 203 4424
f 207 205 148
f 206 208 4425
f 208 149 4425
f 207 148 4426
f 148 144 4426
f 211 149 208
f 151 4415 211
f 4419 154 150
f 212 213 209
f 211 210 151
f 159 4444 158
f 214 274 212
f 216 155 215
f 218 214 4444
f 217 218 4444
f 216 215 219
f 160 220 161
f 165 221 166
f 161 221 165
f 223 222 217
f 217 5867 223
f 166 226 5867
f 222 280 217
f 161 220 224
f 225 161 224
f 221 161 225
f 226 221 225
f 166 221 226
f 223 5867 226
f 228 233 227
f 167 170 229
f 227 167 229
f 229 170 230
f 232 299 231
f 234 4446 233
f 4446 227 233
f 234 175 4446
f 172 230 170
f 231 230 172
f 174 235 232
f 172 174 231
f 232 235 236
f 238 4447 237
f 234 237 4447
f 238 242 4447
f 234 4447 175
f 168 4446 175
f 173 177 174
f 235 179 239
f 235 239 236
f 241 242 238
f 176 242 180
f 176 4447 242
f 240 179 182
f 240 239 179
f 182 243 240
f 244 4449 241
f 244 247 4449
f 242 4449 180
f 183 245 243
f 246 247 244
f 181 247 184
f 181 4449 247
f 183 185 248
f 248 249 4451
f 186 247 246
f 186 246 250
f 184 247 186
f 185 187 248
f 248 187 249
f 187 252 249
f 186 250 4427
f 250 251 4427
f 187 4423 252
f 188 251 4429
f 251 4466 4429
f 4433 254 191
f 255 193 4430
f 193 4428 4430
f 254 4433 256
f 319 191 254
f 257 197 4431
f 255 4455 4431
f 194 4432 4434
f 258 4456 4434
f 195 4431 197
f 196 4438 258
f 257 4458 4436
f 4436 260 198
f 197 257 4436
f 4438 199 261
f 196 4437 4438
f 261 199 4439
f 200 260 4440
f 260 4459 4440
f 199 202 4441
f 4441 205 264
f 203 4440 263
f 205 207 266
f 268 206 265
f 206 203 265
f 206 268 208
f 207 209 269
f 270 266 269
f 207 269 266
f 271 268 267
f 268 271 210
f 269 213 272
f 209 213 269
f 272 270 269
f 4443 271 273
f 4443 210 271
f 213 212 274
f 213 274 275
f 4442 213 275
f 275 342 4442
f 277 215 4443
f 277 4443 5816
f 151 4443 215
f 274 218 278
f 214 218 274
f 278 275 274
f 277 276 279
f 219 215 277
f 218 280 278
f 281 4445 279
f 4445 281 282
f 219 279 4445
f 219 4445 220
f 224 283 225
f 282 283 224
f 225 284 226
f 283 284 225
f 226 285 223
f 284 285 226
f 223 285 286
f 223 286 222
f 283 282 287
f 288 283 287
f 284 283 288
f 289 284 288
f 285 284 289
f 290 285 289
f 286 285 290
f 292 294 293
f 291 292 293
f 294 296 295
f 293 294 295
f 296 298 297
f 295 296 297
f 299 4464 298
f 233 228 300
f 292 228 227
f 229 292 227
f 294 292 229
f 230 294 229
f 296 294 230
f 298 296 230
f 232 301 299
f 298 231 299
f 305 303 304
f 300 303 305
f 233 300 305
f 233 305 234
f 4448 236 306
f 306 370 4448
f 232 236 301
f 237 305 304
f 237 304 307
f 234 305 237
f 236 239 306
f 240 308 239
f 306 239 308
f 310 241 309
f 311 243 312
f 308 240 311
f 243 245 312
f 312 245 313
f 244 310 4450
f 310 379 4450
f 245 248 4451
f 249 315 4451
f 316 250 4452
f 250 246 4452
f 315 249 317
f 316 4467 4466
f 316 251 250
f 317 252 319
f 249 252 317
f 319 320 317
f 4466 321 4429
f 253 4429 321
f 322 320 319
f 254 322 319
f 253 321 4453
f 321 4469 4453
f 254 256 4454
f 256 4456 4454
f 255 4453 4455
f 323 325 4455
f 256 4434 4456
f 258 4457 4456
f 257 325 327
f 325 393 327
f 258 259 4457
f 257 327 4458
f 327 329 4458
f 259 261 330
f 260 4458 4459
f 332 4473 262
f 4459 331 4440
f 263 4440 333
f 334 332 4472
f 264 334 4472
f 335 4460 263
f 333 335 263
f 264 266 336
f 336 334 264
f 335 4476 4460
f 337 267 4460
f 266 270 336
f 267 337 4461
f 337 339 4461
f 270 272 340
f 341 273 4461
f 271 4461 273
f 342 4477 4442
f 343 5816 341
f 342 4462 344
f 342 275 4462
f 275 278 4462
f 280 222 347
f 280 347 345
f 281 346 348
f 281 279 346
f 276 346 279
f 222 286 349
f 350 347 349
f 222 349 347
f 350 4479 347
f 348 420 4463
f 281 348 4463
f 281 4463 282
f 288 352 289
f 287 355 288
f 289 353 290
f 352 353 289
f 290 353 354
f 354 417 290
f 287 351 355
f 356 352 355
f 352 288 355
f 353 352 356
f 359 361 360
f 360 4481 359
f 360 361 362
f 365 363 364
f 357 363 291
f 291 365 228
f 359 4481 357
f 295 359 293
f 361 359 295
f 297 361 295
f 297 362 361
f 366 433 367
f 299 367 4464
f 4464 367 433
f 365 300 228
f 299 301 367
f 302 370 371
f 303 368 369
f 303 369 372
f 300 368 303
f 302 4448 370
f 306 376 370
f 372 4483 375
f 307 304 375
f 376 308 377
f 373 370 376
f 376 377 378
f 309 375 374
f 307 375 309
f 308 311 377
f 312 377 311
f 380 313 381
f 377 312 380
f 379 4485 314
f 314 4450 379
f 313 4451 381
f 314 382 4465
f 4465 382 383
f 317 384 315
f 316 4465 4467
f 383 385 4467
f 317 320 384
f 384 320 386
f 385 387 318
f 320 322 4468
f 322 4470 4468
f 321 318 4469
f 387 389 4469
f 322 4454 4470
f 4470 324 390
f 323 389 391
f 325 391 393
f 330 4473 328
f 329 393 5818
f 330 262 4473
f 4473 332 396
f 331 4471 4474
f 395 397 4474
f 332 334 398
f 333 4474 4475
f 397 399 4475
f 334 336 400
f 337 4460 4476
f 335 4475 4476
f 338 402 400
f 337 403 339
f 338 340 404
f 404 402 338
f 404 340 4477
f 340 4442 4477
f 408 343 341
f 341 339 408
f 344 345 409
f 344 409 410
f 344 410 406
f 411 343 407
f 408 407 343
f 412 4478 411
f 413 4490 409
f 346 276 4478
f 350 415 4479
f 4479 415 413
f 346 4478 414
f 414 416 348
f 348 346 414
f 349 290 417
f 417 419 418
f 418 4491 350
f 348 416 420
f 422 351 421
f 420 421 351
f 351 4463 420
f 355 422 356
f 355 351 422
f 423 424 356
f 422 423 356
f 424 354 353
f 353 356 424
f 424 485 354
f 430 428 429
f 430 363 4480
f 357 358 4480
f 425 495 358
f 428 4480 358
f 425 358 4481
f 426 425 4481
f 426 431 427
f 426 360 431
f 360 362 431
f 431 362 432
f 433 432 362
f 432 433 434
f 4496 429 435
f 435 438 4496
f 430 364 363
f 357 4480 363
f 362 4464 433
f 436 366 437
f 366 436 434
f 438 369 4496
f 364 4496 368
f 366 302 437
f 437 302 371
f 437 371 439
f 440 4483 4482
f 372 369 4482
f 439 371 441
f 372 4482 4483
f 4483 440 442
f 378 443 373
f 376 378 373
f 441 373 443
f 444 374 4484
f 445 378 380
f 443 378 445
f 447 4485 444
f 446 445 380
f 446 380 381
f 381 4486 446
f 379 444 4485
f 447 449 4485
f 381 315 4486
f 315 384 4486
f 385 383 4502
f 450 4502 383
f 453 4503 386
f 454 387 452
f 452 387 385
f 386 4468 453
f 455 4505 388
f 389 387 454
f 457 455 390
f 388 390 455
f 389 456 391
f 390 326 457
f 392 459 457
f 391 5855 393
f 456 5855 391
f 328 5817 392
f 461 5818 458
f 393 458 5818
f 460 392 5817
f 462 4509 460
f 394 462 460
f 463 395 461
f 395 5818 461
f 396 4512 394
f 395 463 397
f 396 398 464
f 464 4512 396
f 463 4511 397
f 398 400 4487
f 399 465 401
f 465 467 401
f 400 402 4487
f 469 403 467
f 472 470 404
f 403 471 405
f 404 4477 472
f 473 405 471
f 474 4489 473
f 406 410 5813
f 4488 5813 410
f 407 4489 411
f 412 411 4489
f 407 473 4489
f 413 477 4490
f 4490 477 475
f 412 476 478
f 413 415 479
f 477 413 479
f 480 414 478
f 481 4491 418
f 481 548 4491
f 482 416 480
f 484 482 483
f 416 482 484
f 414 480 416
f 420 484 421
f 419 354 485
f 486 4492 485
f 419 485 4492
f 486 555 4492
f 419 4492 418
f 484 483 487
f 421 484 487
f 421 487 488
f 490 4493 489
f 490 4494 4493
f 491 4495 4494
f 490 491 4494
f 491 492 4495
f 492 485 4495
f 424 4495 485
f 495 493 494
f 426 497 425
f 425 497 496
f 427 499 498
f 498 567 427
f 498 499 500
f 429 428 502
f 494 428 495
f 502 428 494
f 428 358 495
f 427 431 499
f 499 503 500
f 431 432 499
f 434 504 503
f 435 501 505
f 429 501 435
f 509 507 508
f 509 505 507
f 438 435 509
f 506 436 510
f 510 439 511
f 508 4497 509
f 438 509 4497
f 4497 508 512
f 439 441 511
f 4499 513 441
f 442 440 4498
f 511 441 513
f 515 586 4499
f 514 4484 4498
f 446 4501 445
f 443 445 515
f 515 445 4501
f 444 4484 4500
f 516 517 4500
f 446 448 4501
f 4501 448 518
f 449 447 519
f 519 4521 450
f 450 449 519
f 520 448 451
f 451 4503 520
f 450 521 4502
f 451 386 4503
f 4503 453 523
f 452 4502 4504
f 521 4522 4504
f 453 388 4505
f 455 527 4505
f 524 526 454
f 457 4507 455
f 527 455 4507
f 456 526 4506
f 526 4526 4506
f 457 459 4507
f 458 4506 4508
f 528 4528 4508
f 459 460 4509
f 4509 462 532
f 462 4512 4510
f 463 531 533
f 462 394 4512
f 4512 464 535
f 465 399 4511
f 463 533 4511
f 537 4532 466
f 538 465 536
f 465 538 467
f 466 468 537
f 538 4534 4513
f 539 541 4513
f 537 468 4514
f 468 470 4514
f 469 4513 541
f 470 472 4516
f 472 406 5813
f 471 4515 473
f 474 473 4515
f 4515 471 541
f 544 4537 475
f 474 543 545
f 475 477 546
f 544 475 546
f 549 4517 548
f 479 548 4517
f 549 618 4517
f 478 547 550
f 551 480 550
f 552 549 553
f 479 4491 548
f 548 553 549
f 482 480 551
f 482 554 483
f 555 481 4492
f 481 555 553
f 483 554 556
f 558 556 557
f 488 487 558
f 488 558 489
f 492 491 559
f 561 492 559
f 561 560 486
f 558 557 562
f 489 558 562
f 562 635 489
f 490 563 491
f 561 559 564
f 568 4541 567
f 571 502 4518
f 4518 493 640
f 4518 494 493
f 496 565 493
f 566 565 496
f 497 566 496
f 567 566 497
f 497 427 567
f 568 567 498
f 498 500 568
f 569 500 572
f 501 571 573
f 494 4518 502
f 500 503 572
f 503 504 572
f 574 572 504
f 501 573 505
f 577 506 578
f 574 504 577
f 577 578 579
f 507 575 576
f 657 580 576
f 505 575 507
f 506 510 578
f 578 510 511
f 578 511 581
f 580 4543 583
f 512 508 583
f 584 659 513
f 582 4519 583
f 512 583 4519
f 4519 582 585
f 586 584 4499
f 515 4520 586
f 515 4501 4520
f 517 516 4544
f 587 4544 516
f 588 4520 590
f 518 591 590
f 518 448 520
f 520 592 518
f 591 518 592
f 519 589 4521
f 589 4547 4521
f 522 5820 520
f 594 4522 593
f 523 4523 522
f 594 596 4522
f 4505 525 523
f 4523 525 597
f 524 596 4524
f 596 674 4524
f 525 527 4525
f 527 4527 4525
f 526 4524 4526
f 598 600 4526
f 527 4507 4527
f 528 600 4528
f 530 532 602
f 531 4528 4529
f 601 603 4529
f 532 4510 4530
f 533 603 4531
f 603 605 4531
f 535 4532 534
f 605 607 4531
f 535 466 4532
f 4532 537 608
f 536 607 4533
f 607 690 4533
f 539 4513 4534
f 538 4533 4534
f 612 4552 540
f 539 4551 4536
f 540 4516 4535
f 540 4535 612
f 541 539 4536
f 613 615 4536
f 542 475 4537
f 619 544 618
f 546 618 544
f 544 619 616
f 545 617 620
f 546 4517 618
f 619 618 621
f 623 550 547
f 623 547 620
f 550 623 551
f 552 553 624
f 623 622 625
f 625 551 623
f 626 554 625
f 624 628 627
f 553 555 624
f 552 624 627
f 629 556 626
f 557 556 629
f 554 626 556
f 560 561 630
f 631 4538 630
f 631 628 4538
f 628 624 4538
f 629 708 557
f 634 632 633
f 563 490 635
f 634 635 562
f 636 637 563
f 635 636 563
f 559 637 564
f 559 563 637
f 561 564 630
f 634 4555 635
f 565 4539 640
f 4539 565 4540
f 4539 642 641
f 566 4541 4540
f 643 4578 4540
f 568 644 4541
f 4541 644 643
f 569 645 644
f 648 646 647
f 646 648 639
f 640 5822 570
f 570 648 571
f 570 4518 640
f 647 651 652
f 652 575 647
f 648 573 571
f 653 650 654
f 574 654 650
f 572 574 649
f 575 652 576
f 573 647 575
f 574 577 654
f 654 577 579
f 654 579 655
f 576 732 657
f 507 576 580
f 658 4542 659
f 658 655 4542
f 655 579 4542
f 656 4543 657
f 580 657 4543
f 656 660 4543
f 581 513 659
f 584 5819 4558
f 739 662 660
f 584 586 5819
f 586 664 5819
f 662 4559 587
f 587 585 662
f 665 4560 588
f 587 663 4544
f 4544 663 666
f 588 590 591
f 588 591 665
f 591 4546 665
f 589 517 4545
f 666 668 4545
f 4546 592 669
f 4545 668 589
f 668 670 4547
f 5820 595 4548
f 672 594 4549
f 594 593 4549
f 671 4548 673
f 596 594 4562
f 672 4562 594
f 597 675 595
f 673 595 675
f 598 4524 674
f 4563 676 674
f 677 675 597
f 597 4525 677
f 678 598 676
f 676 4565 678
f 598 678 600
f 599 4527 679
f 680 4566 599
f 679 680 599
f 681 4528 600
f 678 681 600
f 679 530 682
f 529 530 679
f 679 682 680
f 683 680 682
f 681 4568 601
f 601 4528 681
f 530 602 682
f 685 683 682
f 602 685 682
f 603 601 684
f 686 603 684
f 604 685 602
f 686 759 605
f 603 686 605
f 604 606 688
f 688 4570 604
f 608 4550 5821
f 607 687 690
f 537 610 608
f 610 4552 4550
f 690 762 609
f 762 764 609
f 610 540 4552
f 4552 612 693
f 611 4551 539
f 613 4536 4551
f 611 692 4551
f 694 693 612
f 695 615 613
f 614 616 696
f 694 614 696
f 695 697 615
f 616 619 4553
f 4553 619 698
f 700 620 617
f 700 617 697
f 621 701 698
f 702 622 699
f 621 703 701
f 621 552 703
f 705 625 622
f 705 622 702
f 625 705 626
f 627 628 706
f 706 4575 627
f 4554 704 707
f 4554 705 704
f 4554 626 705
f 631 5802 710
f 628 710 706
f 708 707 711
f 632 557 708
f 632 711 633
f 638 564 712
f 638 712 713
f 638 713 5802
f 711 4576 633
f 636 635 4555
f 634 714 4555
f 636 4555 4556
f 637 636 4557
f 636 4556 4557
f 712 564 637
f 637 4557 712
f 719 4577 642
f 642 4540 4578
f 719 642 4578
f 4579 4578 720
f 719 4578 4579
f 722 5856 721
f 718 791 721
f 642 4577 641
f 720 643 644
f 724 723 645
f 646 639 5856
f 725 651 646
f 639 721 5856
f 645 726 724
f 649 726 645
f 726 649 650
f 727 726 650
f 651 728 729
f 652 651 729
f 647 646 651
f 728 651 725
f 653 727 650
f 730 727 653
f 576 652 732
f 733 730 655
f 730 653 655
f 732 4582 656
f 656 657 732
f 656 734 660
f 736 739 734
f 658 659 4558
f 4558 5819 737
f 582 660 662
f 738 4559 739
f 662 739 4559
f 4559 738 740
f 664 588 4560
f 4560 661 664
f 665 743 4560
f 663 740 742
f 740 4584 742
f 665 667 743
f 668 666 744
f 745 817 667
f 744 4586 670
f 744 670 668
f 672 4549 746
f 746 4587 672
f 671 673 4561
f 673 749 4561
f 672 748 4562
f 673 675 749
f 675 4564 749
f 674 4562 4563
f 748 4588 4563
f 675 677 4564
f 677 4566 4564
f 4565 676 750
f 677 599 4566
f 4566 680 753
f 678 4565 754
f 680 683 4567
f 683 755 4567
f 681 754 4568
f 754 829 4568
f 685 4569 683
f 755 683 4569
f 684 756 757
f 756 831 757
f 685 4570 4569
f 757 759 686
f 685 604 4570
f 688 760 4570
f 688 689 761
f 688 761 760
f 689 691 763
f 763 761 689
f 692 611 764
f 693 765 691
f 692 764 4571
f 693 694 767
f 692 4572 613
f 695 613 4572
f 692 4571 4572
f 770 4597 769
f 695 768 771
f 696 4553 769
f 772 769 4553
f 772 770 769
f 697 771 4573
f 771 773 4573
f 698 701 774
f 701 4574 774
f 703 4575 4574
f 701 703 4574
f 776 4599 4574
f 775 702 699
f 775 777 702
f 777 704 702
f 776 779 778
f 776 4574 4575
f 703 627 4575
f 704 777 780
f 780 707 704
f 710 782 709
f 779 706 709
f 781 779 709
f 707 780 783
f 711 707 783
f 713 784 5802
f 784 782 710
f 785 4576 783
f 787 785 786
f 787 714 4576
f 714 633 4576
f 787 715 714
f 716 788 717
f 789 717 788
f 789 4602 713
f 787 4604 715
f 716 4556 4603
f 790 716 4603
f 790 788 716
f 792 4606 718
f 4577 793 792
f 719 794 793
f 4579 795 794
f 720 723 4580
f 4580 796 795
f 722 797 798
f 791 722 721
f 723 4581 4580
f 4581 724 799
f 4581 799 796
f 799 724 800
f 798 801 725
f 802 800 803
f 727 803 800
f 726 800 724
f 728 725 801
f 801 882 728
f 803 727 730
f 803 730 805
f 804 4608 731
f 806 4582 731
f 804 731 729
f 733 805 730
f 733 807 805
f 732 731 4582
f 806 808 4582
f 733 735 807
f 807 735 809
f 808 4609 736
f 809 735 737
f 737 4583 809
f 736 4609 812
f 737 661 4583
f 661 741 4583
f 814 4584 812
f 816 742 4584
f 741 743 815
f 816 897 4585
f 816 4585 742
f 743 667 817
f 819 4610 745
f 744 4585 4586
f 818 820 4586
f 745 671 747
f 746 820 4587
f 820 4612 4587
f 747 4561 822
f 748 4587 823
f 824 822 4589
f 748 823 4588
f 823 902 4588
f 749 4564 4589
f 4589 751 826
f 751 753 4590
f 753 830 4590
f 827 4616 752
f 829 752 4616
f 753 4567 830
f 755 4592 4591
f 755 4569 4592
f 4592 758 834
f 757 831 833
f 760 4619 758
f 759 833 4593
f 833 4618 4593
f 4594 687 4593
f 835 837 4594
f 840 838 763
f 839 4571 4595
f 762 4594 4595
f 762 4595 764
f 763 765 840
f 839 766 4571
f 840 4596 841
f 840 765 4596
f 765 767 4596
f 767 769 4597
f 4597 770 844
f 843 845 768
f 847 770 846
f 772 846 770
f 848 773 845
f 772 774 846
f 774 4599 846
f 847 846 849
f 774 4574 4599
f 4599 776 851
f 850 4624 5804
f 4598 5804 775
f 779 781 778
f 851 776 778
f 852 4623 778
f 854 780 777
f 777 5804 854
f 781 709 782
f 781 782 855
f 781 855 852
f 4601 853 856
f 853 4601 854
f 784 4602 4600
f 858 785 856
f 785 858 786
f 789 860 861
f 4602 789 861
f 4602 861 857
f 786 858 859
f 786 859 862
f 790 4603 4604
f 787 786 4604
f 790 4604 4605
f 790 864 788
f 860 789 788
f 866 868 867
f 867 4627 866
f 794 870 868
f 867 868 869
f 869 868 870
f 791 872 873
f 865 792 866
f 865 872 4606
f 872 791 4606
f 793 866 792
f 868 866 793
f 794 868 793
f 870 794 795
f 870 4607 871
f 870 795 4607
f 795 796 4607
f 874 4607 875
f 797 873 876
f 798 797 876
f 873 797 791
f 799 4629 796
f 877 4629 799
f 801 878 879
f 876 878 798
f 801 798 878
f 802 877 800
f 5803 960 802
f 882 879 881
f 804 728 882
f 883 805 884
f 5803 802 883
f 881 4608 882
f 804 882 4608
f 881 4630 4608
f 805 807 884
f 884 807 886
f 807 890 886
f 888 885 887
f 808 806 888
f 887 4632 888
f 808 888 4609
f 4609 888 4632
f 890 809 811
f 890 811 891
f 811 813 893
f 814 892 894
f 893 815 895
f 816 814 894
f 815 817 896
f 817 4610 896
f 816 894 897
f 817 745 4610
f 4610 819 898
f 818 897 4611
f 897 4636 4611
f 820 4611 4612
f 899 821 4612
f 819 747 4613
f 4613 822 901
f 825 4588 902
f 902 904 825
f 824 826 4614
f 826 4615 4614
f 904 906 825
f 826 4590 4615
f 4615 828 907
f 827 906 4616
f 906 908 4616
f 830 909 828
f 829 4616 4617
f 908 910 4617
f 830 4591 909
f 910 911 831
f 913 4618 911
f 913 915 4618
f 834 758 4619
f 916 995 836
f 835 915 917
f 836 838 916
f 838 919 916
f 917 918 837
f 838 840 919
f 840 841 919
f 921 839 918
f 839 921 766
f 841 842 922
f 841 922 919
f 920 4620 921
f 920 923 4620
f 923 4621 4620
f 844 924 842
f 843 4620 4621
f 923 925 4621
f 844 770 847
f 928 848 845
f 845 843 928
f 849 929 4622
f 927 848 928
f 927 930 848
f 850 4598 930
f 849 851 929
f 933 4623 852
f 4623 933 931
f 932 934 4624
f 934 853 4624
f 852 935 933
f 853 934 936
f 936 4625 853
f 855 938 937
f 857 938 4600
f 937 935 855
f 856 853 4625
f 858 856 4625
f 939 859 858
f 861 940 857
f 940 938 857
f 943 941 942
f 862 859 943
f 941 943 859
f 943 863 862
f 864 4605 944
f 944 945 864
f 947 4626 945
f 947 946 4626
f 946 861 4626
f 946 940 861
f 943 4644 863
f 863 4644 944
f 945 944 948
f 948 4645 945
f 867 951 4627
f 4627 951 950
f 952 1028 4628
f 870 871 869
f 952 4628 953
f 874 4647 871
f 873 954 955
f 949 954 872
f 865 949 872
f 874 875 956
f 956 875 957
f 955 958 876
f 877 960 959
f 4629 877 959
f 4629 959 957
f 959 960 961
f 958 1041 878
f 876 958 878
f 877 802 960
f 960 5803 963
f 4649 964 962
f 962 881 879
f 880 5803 4631
f 881 964 4630
f 964 1046 4630
f 883 884 4631
f 4631 884 5823
f 886 889 5823
f 887 967 4632
f 967 969 4632
f 889 891 968
f 971 4633 970
f 971 892 4633
f 892 810 4633
f 972 968 891
f 894 892 973
f 971 973 892
f 893 895 972
f 894 973 4634
f 973 4656 4634
f 895 896 974
f 898 4635 974
f 897 4634 975
f 898 4637 4635
f 897 975 4636
f 975 4659 4636
f 898 819 4637
f 4637 900 976
f 899 977 4638
f 977 978 4638
f 900 901 4639
f 901 981 4639
f 821 4638 902
f 981 903 982
f 979 4639 981
f 980 4660 904
f 980 904 902
f 903 905 982
f 905 984 982
f 906 904 983
f 985 906 983
f 907 4662 905
f 908 906 985
f 987 4662 907
f 909 987 907
f 910 908 986
f 988 910 986
f 989 987 909
f 832 989 909
f 990 910 988
f 910 990 911
f 991 4665 912
f 832 912 989
f 990 4664 913
f 912 914 991
f 913 992 915
f 992 994 915
f 914 836 995
f 915 994 917
f 916 4641 4640
f 916 919 4641
f 4641 919 999
f 918 996 998
f 1000 999 922
f 920 1001 923
f 922 924 1000
f 925 923 1002
f 1000 924 1003
f 926 1003 924
f 924 844 926
f 1002 1005 925
f 929 931 1006
f 927 1005 1007
f 1007 930 927
f 1008 4642 1007
f 1009 1006 931
f 4622 929 1006
f 930 1007 4642
f 1008 1010 4642
f 931 933 1011
f 933 1013 1011
f 1012 934 932
f 935 1013 933
f 1015 936 934
f 1015 934 1012
f 937 1016 1096
f 1015 1014 1017
f 4643 1017 1018
f 4643 1015 1017
f 4643 936 1015
f 938 1019 937
f 1016 937 1019
f 939 1018 1020
f 941 1020 1021
f 941 939 1020
f 946 947 1022
f 946 1022 1023
f 1019 940 1023
f 1021 4670 942
f 948 944 4644
f 943 942 4644
f 947 945 4645
f 1031 954 4646
f 4646 950 1030
f 1028 4672 950
f 951 4628 1028
f 1029 1112 952
f 1029 952 1032
f 952 953 1032
f 874 1033 4647
f 4647 1033 1032
f 956 1033 874
f 954 1031 1035
f 955 954 1035
f 949 4646 954
f 957 4674 956
f 957 5824 4674
f 958 1037 1038
f 1035 1037 955
f 958 955 1037
f 959 5824 957
f 5824 959 961
f 1041 1038 1040
f 962 878 1041
f 1039 961 4648
f 1040 4649 1041
f 962 1041 4649
f 1040 1124 4649
f 963 880 4650
f 4650 965 1044
f 1046 1043 1045
f 887 4630 1046
f 1047 1044 965
f 1045 4651 1046
f 887 1046 4651
f 1045 1048 4651
f 968 4652 889
f 966 889 4652
f 967 4651 4653
f 970 1050 1052
f 971 970 1052
f 969 4653 970
f 972 1051 968
f 972 4655 1051
f 971 1052 4654
f 1052 4678 4654
f 972 895 4655
f 4655 974 1055
f 973 4654 4656
f 1054 1056 4656
f 974 4635 4657
f 4658 4657 4635
f 4658 976 1058
f 1060 4659 1059
f 1060 977 4659
f 977 4636 4659
f 976 4639 1061
f 1058 976 1061
f 1060 4681 978
f 1060 978 977
f 979 1061 4639
f 1063 4682 979
f 982 1063 981
f 979 981 1063
f 982 4661 1063
f 980 1062 4660
f 1064 1065 4660
f 982 984 4661
f 983 1065 1067
f 1065 1145 1067
f 1067 1069 985
f 984 905 4662
f 4662 987 1070
f 986 1069 1071
f 1069 1149 1071
f 987 989 4663
f 989 4665 4663
f 988 1071 1073
f 989 912 4665
f 4665 991 1074
f 992 913 4664
f 990 1073 4664
f 993 1076 1074
f 1077 992 1075
f 992 1077 994
f 993 995 1078
f 1078 1076 993
f 1077 1079 996
f 1078 1081 1080
f 1078 995 4640
f 999 4666 997
f 998 996 1082
f 999 1000 4666
f 4666 1000 1084
f 998 1082 4667
f 1082 4688 4667
f 1000 1003 1086
f 1087 1002 1001
f 1003 1088 1086
f 1002 1087 1089
f 1087 4690 1089
f 1006 1009 5826
f 1005 1089 1007
f 1089 1091 1007
f 1009 1094 4668
f 1091 1169 1008
f 1093 1010 1008
f 1011 1094 1009
f 1012 932 1010
f 1097 4669 1096
f 1013 1096 4669
f 1097 1172 4669
f 1095 1012 1010
f 1095 1173 1014
f 1096 1099 1097
f 1014 1098 1017
f 1019 1023 1100
f 1019 1100 1016
f 1099 1016 1100
f 1017 1177 1018
f 1020 1018 1102
f 1103 1021 1020
f 1022 1104 1023
f 1023 1104 1100
f 1101 1100 1104
f 1021 1103 1105
f 1024 942 4670
f 1021 1105 4670
f 1107 1108 4671
f 1025 1024 4671
f 1025 1108 1026
f 1025 4671 1108
f 1108 4692 1026
f 1022 1027 1110
f 1109 4691 1027
f 1022 1110 1104
f 1028 1112 4672
f 1029 1113 1112
f 1029 1032 1114
f 1114 1193 5825
f 4673 1031 1030
f 1030 4672 1117
f 1117 4673 1030
f 1118 4695 1034
f 4695 1114 1034
f 1116 1120 1035
f 1116 1035 1031
f 4674 1036 1121
f 1122 1038 1120
f 1035 1120 1037
f 1036 961 1039
f 1040 1123 1124
f 1040 1122 1123
f 1039 4648 1042
f 1043 4649 1124
f 1124 1126 1043
f 1126 4697 1045
f 1126 1045 1043
f 1128 4698 1047
f 1045 1127 1048
f 1127 1129 1048
f 1047 966 4675
f 4675 1049 1130
f 1048 1129 1131
f 1050 4653 1048
f 1130 1049 1132
f 1050 1048 1131
f 1050 1131 4676
f 1131 4700 4676
f 1051 1053 4677
f 1053 1134 4677
f 1052 4676 4678
f 1133 1135 4678
f 1053 1055 1134
f 1055 4680 1134
f 1054 1135 4679
f 1135 1136 4679
f 1055 4657 4680
f 4680 1057 1137
f 979 4682 1061
f 1058 1061 1139
f 1060 1138 4681
f 1138 4705 4681
f 4682 1063 1141
f 1142 1141 1144
f 1140 1227 1064
f 1143 1064 1227
f 1144 1141 4661
f 1065 1143 1145
f 1067 1145 1147
f 1145 1228 1147
f 1068 1070 1148
f 1069 1147 1149
f 1070 4663 4683
f 1072 1152 4683
f 1071 1149 4684
f 1149 1232 4684
f 1074 1152 1072
f 1073 4684 4685
f 1151 1153 4685
f 1074 1076 1152
f 1152 1076 1154
f 1075 1153 1155
f 1153 1235 1155
f 1078 1080 1076
f 4686 1076 1080
f 1077 1155 1079
f 1080 1081 1158
f 1158 1156 1080
f 1159 1082 1079
f 1081 1083 1158
f 1161 4688 1159
f 1083 4666 4687
f 1084 4689 4687
f 1082 1159 4688
f 1161 1163 4688
f 1084 1086 4689
f 1086 1164 4689
f 1087 1001 1085
f 1088 1090 1164
f 1165 1087 1085
f 1165 1246 4690
f 1167 1091 4690
f 1166 1164 1090
f 1089 4690 1091
f 1168 1169 1167
f 1093 1008 1169
f 1170 1093 1169
f 1170 1171 1093
f 1094 4669 1172
f 1097 1175 1172
f 1095 1171 1173
f 1098 1014 1173
f 1174 1098 1173
f 1097 1176 1175
f 1099 1176 1097
f 1177 1017 1098
f 1174 4716 1098
f 1100 1101 1178
f 1176 1099 1178
f 1179 1102 1177
f 1102 1181 1103
f 1101 1104 1182
f 1182 1261 1101
f 1101 1183 1178
f 1181 4718 1103
f 1105 1103 4718
f 1106 1184 1185
f 1106 4670 1105
f 1187 1186 4691
f 1186 1110 4691
f 1107 1106 1185
f 1185 1265 1107
f 1108 1107 1188
f 1109 1026 4692
f 1108 1188 4692
f 1271 4720 1111
f 1112 4694 4693
f 1191 4722 4694
f 1113 5825 1192
f 1113 1192 1191
f 1115 1194 1195
f 1116 1115 1195
f 1194 1115 1189
f 1111 1189 1117
f 1193 1114 4695
f 1033 1034 1114
f 1197 1196 1118
f 1195 1119 1116
f 1198 1119 1195
f 1199 1197 1121
f 1200 1122 1119
f 1122 1120 1119
f 1201 1284 4696
f 1199 1121 4696
f 1200 4725 1123
f 1123 1122 1200
f 1039 1042 1201
f 1201 1042 1125
f 1201 1125 1203
f 1205 1202 1204
f 1124 1202 1126
f 1206 1203 1125
f 1204 4727 1205
f 1126 1205 4697
f 4697 1205 4727
f 1044 1047 4698
f 1125 1044 4698
f 1208 4728 1128
f 1127 1207 4699
f 1207 1291 4699
f 1128 4675 1130
f 1211 4700 1209
f 1209 1131 1129
f 1210 1130 1132
f 1131 1209 4700
f 1211 1213 4700
f 1132 4677 4701
f 4701 1134 1214
f 1133 1213 1215
f 1295 1297 1213
f 1134 4702 1214
f 1136 1135 1215
f 1218 1137 1219
f 1218 1216 4702
f 1216 1214 4702
f 1136 1215 1217
f 1217 4730 1136
f 1137 4704 1219
f 1059 1220 4703
f 1220 4732 4703
f 1137 1057 4704
f 4704 1139 1221
f 1138 4703 4705
f 1222 1223 4705
f 1139 4682 4706
f 1141 1142 4706
f 1304 1225 1223
f 1142 1144 1226
f 1144 1229 1226
f 1143 1227 4707
f 1227 4734 4707
f 1144 1066 1229
f 1145 4707 1228
f 1146 1148 4708
f 1148 1150 4708
f 1147 1228 1231
f 1228 4736 1231
f 1148 4683 1150
f 1231 5827 1149
f 1150 4683 4709
f 1152 1154 4709
f 1232 5828 1151
f 5828 1318 1234
f 1233 4709 1154
f 1154 4710 1233
f 1153 1234 1235
f 1154 4686 4710
f 4710 4686 1236
f 1155 1235 1157
f 1235 1320 1237
f 1158 4711 1156
f 1159 1079 1157
f 1240 4711 1160
f 1158 1160 4711
f 1240 4739 4711
f 1239 1159 1157
f 1239 1241 1161
f 1241 1242 1161
f 1160 1162 1240
f 1241 4740 1242
f 1162 4689 4712
f 1164 1166 4712
f 1163 1242 4713
f 1242 1327 4713
f 1245 4712 1166
f 1166 1248 1245
f 1165 4713 1246
f 1167 4690 1246
f 1247 1167 1246
f 1090 1248 1166
f 1167 1247 1168
f 1090 4668 4714
f 1092 4715 4714
f 1170 1169 1168
f 1252 4715 1251
f 4715 1092 1251
f 1252 4744 4715
f 1250 1253 1170
f 1253 1171 1170
f 1251 1254 1252
f 1092 1172 1251
f 1255 1173 1171
f 1255 1171 1253
f 1173 1255 1174
f 1175 1176 1256
f 1256 4746 1175
f 4716 1174 1257
f 1257 1259 4716
f 1256 1176 4717
f 1176 1178 4717
f 1259 1179 4716
f 1177 4716 1179
f 1258 4717 1183
f 1183 1261 1258
f 1180 1346 4718
f 1262 1184 4718
f 1184 1105 4718
f 1184 1262 1185
f 1187 4750 1186
f 1264 1182 1263
f 1264 1261 1182
f 1262 4748 1185
f 1188 1107 1266
f 1266 1107 1265
f 1267 4719 1266
f 1187 4692 4719
f 1188 1266 4719
f 1189 4720 1270
f 4720 1271 1269
f 1190 4722 4721
f 1272 1353 4721
f 1191 1273 4722
f 1272 4721 1273
f 1191 1274 1273
f 1192 5825 1275
f 1275 4751 1192
f 1193 4723 1275
f 1270 4752 1194
f 1195 1194 1277
f 1270 1194 1189
f 4723 1278 1276
f 1196 1278 4723
f 1279 1278 1197
f 1196 1197 1278
f 1198 1277 1280
f 1198 1195 1277
f 1197 1199 1279
f 1200 4724 1283
f 1200 1119 4724
f 1282 1283 4724
f 1199 1284 1281
f 1199 4696 1284
f 1201 4726 1284
f 1200 1283 4725
f 1283 4754 4725
f 1201 1203 4726
f 4726 1203 1286
f 1206 1286 1203
f 1206 4728 4756
f 1204 1287 4727
f 1287 1289 4727
f 1206 4698 4728
f 4728 1208 1288
f 1289 1370 1291
f 1291 4729 4699
f 1292 1371 1208
f 1290 4729 1291
f 1209 4699 4729
f 4729 1290 1293
f 1132 4701 1210
f 1211 1293 1295
f 1293 1374 1295
f 1212 1214 1296
f 1298 4759 1216
f 1297 4760 1217
f 1297 1217 1215
f 1218 1300 1216
f 1298 1216 1300
f 1217 1299 4730
f 1299 1301 4730
f 1218 1219 4731
f 1220 4730 4732
f 1222 1303 1304
f 1303 4762 1304
f 1221 4706 4733
f 4733 1224 1305
f 1224 1142 1307
f 1225 1306 4734
f 1306 4765 4734
f 1307 1226 1309
f 1310 4707 4734
f 1226 1229 4735
f 4708 1313 4735
f 1228 1310 4736
f 1310 1312 4736
f 1314 5827 4736
f 1150 4737 1230
f 1315 1230 4737
f 1231 4736 5827
f 1314 1393 1316
f 1150 4709 4737
f 4737 1233 1317
f 1316 5829 5828
f 1234 1318 1320
f 1233 4710 1319
f 1398 5868 1321
f 1322 1237 1320
f 1237 1322 4738
f 1322 1401 4738
f 1238 4711 4739
f 1240 1326 4739
f 1324 1241 4738
f 1239 4738 1241
f 1162 1326 1240
f 1325 4739 1326
f 1403 4740 1324
f 1241 1324 4740
f 4741 1326 1243
f 1243 1329 4741
f 4740 1327 1242
f 1243 1245 1329
f 1245 4742 1329
f 1247 1246 1244
f 1248 1249 4742
f 1331 1408 4742
f 1330 1332 1247
f 1332 1168 1247
f 1331 4742 1249
f 1168 1332 4743
f 1332 4770 4743
f 1249 4715 4744
f 4744 1252 1335
f 1250 1334 1336
f 1336 1253 1250
f 1254 1337 1252
f 1337 1335 1252
f 1253 1336 4745
f 1336 4771 4745
f 1254 1175 4746
f 4746 1256 1339
f 1255 4745 1340
f 1340 1257 1255
f 1341 1257 1340
f 4747 1343 1342
f 1258 1343 4747
f 1256 4747 1339
f 1259 1257 1341
f 1341 1344 1259
f 1180 1259 1344
f 1343 1258 1260
f 1345 1343 1260
f 1180 1344 1346
f 1262 4718 1346
f 1263 1348 1264
f 1260 1261 1264
f 1348 4773 1264
f 1265 1185 4748
f 1262 1347 4748
f 1266 1265 4749
f 1265 1349 4749
f 1266 4749 1267
f 1268 1267 1351
f 1263 1186 4750
f 1268 1352 4750
f 1263 4750 1348
f 1272 4774 1353
f 1272 1273 1354
f 1356 1269 1353
f 1271 4721 1353
f 1355 1354 1274
f 1355 1274 4751
f 1274 1192 4751
f 1270 1358 4752
f 1277 1194 4752
f 1270 4720 1358
f 1276 1360 1357
f 1278 1360 1276
f 1361 4779 1360
f 1277 1359 1280
f 1199 4753 1279
f 1361 1279 4753
f 1363 4781 4753
f 1282 1364 1365
f 1283 1282 1365
f 1362 1282 1280
f 1364 1282 1362
f 1281 1285 1363
f 1284 1285 1281
f 1366 4782 1285
f 1204 4725 4754
f 1368 1448 4755
f 1366 1285 4755
f 4754 1367 1204
f 1204 1367 1287
f 1286 1206 4756
f 4756 1288 1369
f 1290 1370 1372
f 1290 1291 1370
f 1288 1208 1371
f 1292 4758 1371
f 1290 1372 4757
f 1372 1455 4757
f 1212 1294 1292
f 4758 1294 1375
f 1293 4757 1374
f 1294 1296 4759
f 1297 1295 1377
f 1375 4759 1378
f 1376 4760 1377
f 1297 1377 4760
f 4760 1376 1379
f 1298 1300 1380
f 1379 1381 1299
f 1462 1381 1379
f 1300 4731 4761
f 1381 1383 1301
f 1303 1383 4762
f 1383 4790 4762
f 1302 4733 4763
f 4763 1305 1385
f 1384 1306 4762
f 1305 1307 4764
f 1307 1309 4764
f 1306 1384 4765
f 1384 4793 4765
f 1386 4764 1309
f 1309 4766 1386
f 1308 1387 1388
f 1309 4735 4766
f 4766 1311 1389
f 1310 1308 1312
f 1313 1392 1311
f 1390 1311 1392
f 1312 4795 4767
f 1313 1315 1392
f 1314 4767 1393
f 1315 1317 4768
f 1317 1396 4768
f 1316 1393 5829
f 1393 1480 1395
f 1317 1319 1396
f 1395 4831 5830
f 1236 1321 5868
f 1321 1400 1398
f 1320 1318 1397
f 5831 1484 1399
f 1238 1323 1321
f 1322 1399 1401
f 1325 1402 1323
f 1326 4741 1325
f 1325 1404 1402
f 1405 1327 1403
f 1404 1325 4741
f 1407 4769 1405
f 1328 1329 1408
f 1244 1327 4769
f 1407 1409 4769
f 1329 4742 1408
f 1408 1331 1410
f 1330 1409 1411
f 1411 1332 1330
f 1412 1410 1333
f 1331 1333 1410
f 1332 1411 4770
f 1411 4800 4770
f 1413 1415 1334
f 1337 4772 1414
f 1415 1502 4771
f 1417 1338 4771
f 1416 1414 4772
f 1337 4746 4772
f 1340 1338 1419
f 1419 1341 1340
f 1420 1341 1419
f 1342 1422 1421
f 1343 1422 1342
f 1418 1339 1342
f 1421 1418 1342
f 1423 1344 1341
f 1260 4773 1345
f 1343 1345 1422
f 1344 1423 1425
f 1346 1344 1425
f 1425 1347 1346
f 1426 1347 1425
f 1424 1345 4773
f 1427 1424 4773
f 1347 4808 1349
f 1350 4749 1429
f 1352 1268 1431
f 1431 1430 1352
f 1430 5805 1352
f 1428 1427 1348
f 1348 1352 1428
f 4809 1432 1429
f 1351 1350 1433
f 1351 1433 1431
f 1272 1435 4774
f 1435 4811 4774
f 1354 4775 1435
f 4776 1436 1355
f 1436 1519 4775
f 1356 4777 1269
f 4777 4813 4778
f 4777 1356 1438
f 1353 4774 1356
f 1438 1356 1434
f 4776 1439 1436
f 1276 1357 4776
f 1357 4814 1439
f 1359 4752 4778
f 1269 4777 1358
f 4779 1361 1441
f 1441 4814 4779
f 1360 4779 1357
f 1361 4781 1441
f 4778 5871 1359
f 1440 1443 4780
f 1361 4753 4781
f 4781 1363 1444
f 1364 1443 1445
f 1365 1364 1445
f 1362 4780 1364
f 1285 4782 1363
f 1444 1363 4782
f 1446 4817 4782
f 1367 4754 4783
f 1447 4818 4783
f 1366 1448 1446
f 1366 4755 1448
f 1367 4783 4784
f 4784 4783 4818
f 1451 1449 1369
f 1453 1450 1452
f 1453 1370 4785
f 1370 1289 4785
f 1451 1369 1454
f 1454 1371 1373
f 1457 4757 1455
f 1373 4758 4786
f 1457 1544 1374
f 1376 1377 1544
f 1374 1544 1377
f 1459 1375 1378
f 1462 1379 1460
f 1460 4824 1462
f 1378 1298 4787
f 4787 1380 1463
f 1380 4761 4788
f 1381 1462 4789
f 1462 1550 4789
f 1383 4789 4790
f 1465 1466 4790
f 1382 4763 4791
f 4791 1385 1467
f 1385 4764 4792
f 1386 1469 4792
f 1384 1466 4793
f 1468 1470 4793
f 1386 4794 1469
f 1387 1470 1388
f 1470 1472 1388
f 1386 4766 4794
f 1473 1471 1389
f 1472 1474 4795
f 1476 4767 4795
f 1390 1392 4796
f 1392 4768 4796
f 1476 1560 1391
f 1479 4796 4768
f 1393 1391 1480
f 1396 4797 1394
f 1481 1394 4797
f 1480 4831 1395
f 1396 1319 4797
f 4797 1398 1483
f 5831 1482 1484
f 1483 1398 1485
f 1399 1484 1486
f 1484 1570 1486
f 1400 1402 1487
f 1401 1486 4798
f 1486 1488 4798
f 1402 1404 1489
f 1404 1406 1489
f 1403 4798 1490
f 1405 1403 1490
f 1491 1405 1490
f 1405 1491 1407
f 1491 1492 1407
f 1406 1328 4799
f 1408 4801 4799
f 1408 1410 4801
f 4801 1410 1495
f 1409 4800 1411
f 1409 1494 4800
f 4802 1497 1412
f 1496 1498 4800
f 1498 1413 4800
f 1495 1412 1497
f 1412 1335 4802
f 1413 1498 4803
f 1498 1581 4803
f 1414 1416 4804
f 1415 4803 1502
f 1417 4771 1502
f 1500 1503 1502
f 1416 1504 1501
f 1418 1421 1416
f 1419 1338 1417
f 1505 1420 1419
f 1422 1506 1421
f 1504 1416 1421
f 1506 1504 1421
f 1424 1508 4805
f 1508 4841 4805
f 1423 1420 1507
f 1507 4842 4807
f 4807 1423 1507
f 1510 4806 1428
f 1427 1428 4806
f 1510 1592 4806
f 1424 4806 1508
f 1509 1511 1426
f 1429 1349 4808
f 1512 4809 5858
f 1513 5805 1514
f 1431 4810 1430
f 1428 1352 5805
f 1430 1514 5805
f 1350 1429 1432
f 4808 5858 1429
f 1433 1432 1516
f 1432 1515 1516
f 1431 1433 4810
f 1433 1516 4810
f 1435 4812 4811
f 1435 4775 4812
f 1519 4846 4812
f 1520 1602 1436
f 1438 1518 4813
f 4813 1518 1521
f 1439 1520 1436
f 1522 1439 4814
f 1440 1524 1525
f 4778 4813 5871
f 1524 1440 1437
f 4814 1526 1523
f 1441 1526 4814
f 1526 1441 1442
f 1527 1526 1442
f 1443 1440 1525
f 1529 1615 4815
f 1527 1442 4815
f 4816 1528 1530
f 1444 4782 4817
f 4817 1446 1531
f 1447 1532 1533
f 1445 4816 1447
f 1447 4816 1532
f 1446 1534 1531
f 1448 1534 1446
f 1534 1448 1449
f 1449 4819 1534
f 1447 1533 4818
f 1533 1536 4818
f 1449 1451 4819
f 4819 1451 1537
f 1538 4820 1452
f 1536 1452 1450
f 1536 1621 1452
f 1454 4821 1451
f 1453 1452 4820
f 1538 1540 4820
f 1454 1373 4821
f 1455 1540 4822
f 1540 4850 4822
f 1542 4851 1458
f 1543 4823 1541
f 1542 1458 1545
f 1544 1541 4823
f 4823 1376 1544
f 4823 1543 1546
f 1459 1378 1461
f 1460 1546 4824
f 1546 1632 4824
f 1461 1463 1547
f 1548 1462 4824
f 1463 4788 4825
f 1464 1549 4825
f 1462 1548 1550
f 1464 4826 1549
f 1550 1635 1465
f 1464 4791 4826
f 4826 1467 1552
f 1553 1468 1551
f 1467 4792 4827
f 1469 4828 4827
f 1472 1470 1555
f 1554 4855 4828
f 1554 4828 1556
f 1468 1555 1470
f 1557 1472 1555
f 1473 1556 1471
f 1474 1472 1557
f 1558 1474 1557
f 1559 4858 1473
f 1475 1559 1473
f 1560 1476 1558
f 1474 1558 1476
f 1475 1477 1559
f 1561 1559 1477
f 1562 1478 1560
f 1562 1646 1478
f 1561 1477 1563
f 4829 1478 1646
f 1479 1394 4830
f 4830 1481 1565
f 1480 4829 4831
f 4831 4829 1566
f 1481 1483 4832
f 1483 1569 4832
f 1482 1566 1568
f 1566 1649 1568
f 1483 1485 1569
f 1484 1568 1570
f 1485 1487 4833
f 1487 1571 4833
f 1486 1570 1488
f 1570 4861 1488
f 1487 1489 1571
f 1489 4834 1571
f 1488 1572 1490
f 1406 1493 4834
f 1574 1656 4834
f 1573 1575 1491
f 1575 1492 1491
f 1574 4834 1493
f 1575 4862 1492
f 1577 1492 4862
f 1493 4801 4835
f 1495 4836 4835
f 1495 1497 4836
f 1499 1580 1497
f 1579 1498 1496
f 1664 1581 1579
f 1499 1582 1580
f 4836 1497 1580
f 1499 4804 4837
f 4837 1501 1583
f 1417 1502 1503
f 1500 1667 1503
f 1501 1585 1583
f 1504 1585 1501
f 1505 1417 4838
f 4838 1503 1584
f 1506 4841 4839
f 1586 4865 4839
f 1584 1673 4840
f 1587 1507 4840
f 1588 1586 4841
f 1506 4805 4841
f 1507 1587 1589
f 1509 4807 4842
f 1590 1593 4842
f 1591 1588 1508
f 1509 4842 1593
f 1509 1593 1511
f 1512 5858 1594
f 1514 4844 1513
f 1510 1513 1595
f 1510 1595 1592
f 1594 1684 1512
f 1515 4809 1596
f 1515 1596 1597
f 1514 4810 4843
f 1516 1597 4843
f 1598 4869 4844
f 1518 1434 4845
f 1519 1601 4846
f 1601 4871 4846
f 1520 1603 1602
f 1603 1520 1604
f 1521 1605 1606
f 1437 1521 1606
f 1599 1605 4847
f 1605 1521 4847
f 1522 1607 1604
f 1520 1439 1522
f 1607 1522 1523
f 1523 1611 1607
f 1524 1609 1610
f 1525 1524 1610
f 1606 1524 1437
f 1609 1524 1606
f 1608 1607 1611
f 1526 1611 1523
f 1611 1526 1527
f 1612 1611 1527
f 1528 1613 1614
f 1528 1443 1525
f 1613 1528 1525
f 1527 1615 1612
f 1527 4815 1615
f 1616 1615 1529
f 1528 1614 1530
f 1614 1618 1530
f 1529 1531 1617
f 1532 1618 1619
f 1533 1532 1619
f 1618 1532 1530
f 1531 1535 1617
f 1534 1535 1531
f 1620 4874 1535
f 1533 1619 4848
f 1619 4875 4848
f 1535 4819 1620
f 1538 1621 1622
f 1538 1452 1621
f 1539 1620 1537
f 1623 1709 1539
f 1538 1622 1624
f 1539 4821 4849
f 1456 4851 4849
f 1540 1624 4850
f 1624 4876 4850
f 4851 1542 1627
f 1543 1626 1628
f 1626 1543 1541
f 1545 1629 1542
f 1629 4877 1542
f 1543 1628 1630
f 1545 1461 4852
f 1547 1631 4852
f 1546 1630 1632
f 1547 4853 1631
f 1632 4879 1548
f 1633 1548 4879
f 1547 4825 4853
f 4853 1549 1634
f 1548 1633 1550
f 1633 1635 1550
f 1636 1634 4854
f 1638 1636 4854
f 1640 1553 1639
f 1552 4827 4855
f 1551 1637 1553
f 1556 4857 1554
f 1555 1640 4856
f 1640 4884 4856
f 1556 4858 4857
f 1557 4856 1641
f 1556 1473 4858
f 4858 1559 1643
f 1558 1641 4859
f 1641 4886 4859
f 1560 4859 1562
f 1563 4889 1645
f 4889 1565 1648
f 1648 1647 4889
f 1567 1650 1565
f 1565 4832 1567
f 1569 4860 1567
f 1653 4861 1651
f 1651 4892 1653
f 1569 4833 4860
f 4860 1571 1654
f 1570 1651 4861
f 1653 1655 4861
f 1571 4834 1656
f 1656 1574 1658
f 1573 1657 1659
f 1659 1575 1573
f 1576 1660 1574
f 1660 1658 1574
f 1575 1659 4862
f 1659 4896 4862
f 1576 1578 4863
f 1578 4864 4863
f 1577 4862 1661
f 1578 4836 4864
f 1580 1665 4864
f 1498 1579 1581
f 1582 1665 1580
f 1665 1750 4864
f 1581 1664 1666
f 1667 1500 1666
f 1581 1666 1500
f 1584 1503 1667
f 1668 1584 1667
f 1583 1670 1669
f 1585 1670 1583
f 1585 4839 4865
f 4865 1586 1672
f 1584 1671 1673
f 1587 4840 1673
f 1674 1587 1673
f 1586 1588 1675
f 1675 1672 1586
f 1587 1674 1676
f 1589 1587 1676
f 1676 1590 1589
f 1677 1590 1676
f 1591 1679 1678
f 1592 1679 1591
f 1675 1588 1591
f 1678 1675 1591
f 1590 1677 1680
f 1593 1590 1680
f 1594 1511 1593
f 1682 1681 4866
f 1681 1595 4866
f 1679 1592 1595
f 1681 1679 1595
f 1594 1680 1683
f 1594 1683 1684
f 1596 1512 4867
f 4868 1598 1597
f 1596 4867 4868
f 4869 4866 4844
f 4869 1598 1687
f 1599 1688 1689
f 1600 1690 4870
f 1690 4904 4870
f 1601 1692 4871
f 4871 1692 1691
f 1602 1603 4872
f 1603 1694 4873
f 1694 1778 4873
f 1694 1603 1604
f 1605 1689 1695
f 1606 1605 1695
f 1689 1605 1599
f 1604 1696 1694
f 1607 1696 1604
f 1696 1607 1608
f 1697 1696 1608
f 1699 1610 1698
f 1609 1698 1610
f 1695 1609 1606
f 1698 1609 1695
f 1608 1611 1612
f 1700 4907 1612
f 1613 1699 1702
f 1614 1613 1702
f 1699 1613 1610
f 1701 1702 1699
f 1615 1700 1612
f 1700 1615 1616
f 1703 1784 1616
f 1702 1704 1614
f 1618 1614 1704
f 1616 1617 1705
f 1704 4909 1618
f 1619 1618 1706
f 1535 4874 1617
f 1705 1617 4874
f 1707 4910 4874
f 1619 1706 4875
f 1706 1708 4875
f 1621 4875 1622
f 1620 1709 1707
f 1620 1539 1709
f 1622 1710 1624
f 1710 1712 4876
f 1713 1711 1627
f 1626 4876 1714
f 1628 1626 1714
f 1713 1627 4877
f 1715 1713 4877
f 1714 4915 1628
f 1630 1628 4915
f 1629 4852 4878
f 4878 1631 1717
f 1632 1716 4879
f 1716 4919 4879
f 1631 4853 1718
f 1718 4853 1720
f 1633 1719 4880
f 1719 1806 4880
f 1634 1636 4881
f 4881 1636 1722
f 1635 4880 1637
f 1638 1724 1636
f 1722 1636 1724
f 1723 1639 1721
f 1638 4855 4882
f 1554 1725 4882
f 1639 1723 4883
f 1723 4924 4883
f 1554 4885 1725
f 1640 4883 4884
f 1726 1727 4884
f 1554 4857 4885
f 4885 1642 1728
f 1729 4886 1727
f 1727 1813 1729
f 1642 1643 1730
f 1643 4887 1730
f 1641 1727 4886
f 1729 1731 4886
f 1643 1561 4887
f 1645 4890 4887
f 1644 4886 4888
f 1731 1818 4888
f 1645 1647 4890
f 1647 1734 4890
f 1646 1644 4891
f 1735 1736 1733
f 1648 1737 1647
f 1734 1647 1737
f 1564 4891 1736
f 1736 1649 1564
f 1649 1736 4892
f 1736 4929 4892
f 1650 1652 4893
f 1738 1653 4892
f 1740 1653 1738
f 1652 1654 1741
f 1654 1656 4894
f 1656 1658 4894
f 4895 4894 1658
f 4895 1658 1744
f 1742 1828 1657
f 1744 1658 1660
f 1660 4897 1744
f 1659 1745 4896
f 1745 1747 4896
f 1660 4863 4897
f 4897 1662 1748
f 1661 4896 4898
f 1747 4932 4898
f 1663 1749 1751
f 1664 1663 1751
f 1752 1664 1751
f 1662 4864 1750
f 1753 1750 1665
f 1664 1752 1666
f 1665 1582 4900
f 1583 1669 4900
f 1667 1666 4899
f 1667 4899 1668
f 1670 1756 1669
f 1754 4900 1669
f 1756 4937 1669
f 1670 4865 1756
f 1756 1672 1758
f 1671 1757 1759
f 1673 1671 1759
f 1759 1674 1673
f 1675 1678 1760
f 1675 1760 1672
f 1760 1845 1672
f 1759 4938 1674
f 1676 1674 1761
f 1761 1677 1676
f 1762 1677 1761
f 1678 1764 1763
f 1679 1764 1678
f 1762 5874 1677
f 1765 1683 1680
f 1682 1766 1681
f 1764 1679 1681
f 1766 1764 1681
f 1684 1683 4901
f 1683 1765 4901
f 1685 4867 4902
f 1684 4901 4902
f 1768 1769 1685
f 1687 1598 1686
f 1682 4869 4903
f 1687 1770 4903
f 1771 1766 1682
f 1688 1774 1775
f 1780 1689 1775
f 1690 1776 4904
f 1776 4941 4904
f 1772 1776 1691
f 1776 1690 1691
f 1692 1773 1691
f 1773 1772 1691
f 1773 1692 1693
f 1692 4872 1693
f 1693 4873 1778
f 1693 1778 1777
f 1694 4905 1778
f 1688 1775 1689
f 1695 1689 1780
f 1696 4905 1694
f 1779 1778 4905
f 1697 4943 4905
f 1698 1780 4906
f 1699 1698 4906
f 1695 1780 1698
f 1608 4907 1697
f 1782 4945 4907
f 1781 1867 1701
f 1702 1701 1783
f 1699 4906 1701
f 1700 1784 1782
f 1700 1616 1784
f 1785 1784 1703
f 1704 1702 1783
f 1787 1872 4908
f 1785 1703 4908
f 1704 1786 4909
f 1786 1874 4909
f 1705 4874 4910
f 4910 1707 1789
f 1788 1874 4911
f 1708 1706 1788
f 1708 1788 4911
f 1707 1709 1791
f 1623 4912 1709
f 1791 1709 4912
f 1623 4913 4912
f 1622 1708 1792
f 1623 1625 4913
f 4913 1711 1795
f 1712 1794 1796
f 1795 1711 1797
f 1712 1796 4914
f 1796 4950 4914
f 1713 1715 1799
f 1714 4914 4915
f 1800 4917 1798
f 1715 1717 4916
f 1717 4918 4916
f 1716 4915 4917
f 1717 1718 4918
f 4918 1718 1803
f 1716 4917 4919
f 1802 1804 4919
f 1718 1720 4920
f 1720 4921 4920
f 1721 4880 1806
f 1807 1805 4921
f 1805 4920 4921
f 1721 1806 4922
f 1806 1890 4922
f 1724 1809 1722
f 1807 1722 1809
f 1724 4923 1809
f 1723 4922 1808
f 1724 4882 4923
f 4923 1725 1810
f 1723 1808 4924
f 1808 4955 4924
f 1812 1810 4925
f 1726 1811 1813
f 1811 1897 1813
f 1725 4885 4925
f 4925 1728 1814
f 1728 1730 4926
f 1730 1732 4926
f 1817 1731 1815
f 1815 4957 1817
f 1816 4926 1732
f 1732 4927 1816
f 1731 1817 1818
f 1732 4890 4927
f 1734 1821 4927
f 1733 1818 1820
f 1734 4928 1821
f 1822 4929 1735
f 1820 1903 1735
f 1737 4893 4928
f 1823 1906 4928
f 1822 1824 4929
f 1824 1738 4929
f 1823 4928 4893
f 1738 1824 1740
f 1824 4960 1740
f 1739 1741 1826
f 1741 1743 1826
f 1741 4894 1743
f 1827 4961 1742
f 1743 4895 4930
f 1744 4931 4930
f 1745 1657 1828
f 1746 1831 4931
f 1831 4964 4931
f 1832 1747 1830
f 1746 1833 1831
f 1747 1832 4932
f 1748 1662 4933
f 1750 4934 4933
f 1836 1751 1749
f 1836 1749 1834
f 1749 4932 1834
f 1836 4935 1751
f 1753 1837 4934
f 1837 1918 4934
f 1836 1919 4935
f 1838 4936 4935
f 1753 1754 1837
f 1755 4899 4936
f 1752 4935 4936
f 1756 1758 4937
f 4937 1841 1839
f 1840 1842 1757
f 1842 1843 1757
f 1759 1757 1843
f 1844 4938 1843
f 1760 1846 1845
f 1678 1763 1760
f 1758 1672 1845
f 1759 1843 4938
f 1761 1674 4938
f 1847 1762 1761
f 1764 4939 1763
f 1846 1760 1763
f 1680 1677 1765
f 1849 4968 4939
f 1765 5874 1850
f 1850 1851 4901
f 1852 4969 1767
f 1768 1853 1769
f 1853 1854 1770
f 1854 4940 1770
f 1771 4903 4940
f 1849 1766 1771
f 1855 1849 1771
f 1768 1767 4969
f 1772 1856 1857
f 1773 1858 1772
f 1856 1772 1858
f 1774 1859 1860
f 1775 1774 1860
f 1776 1857 4941
f 1857 4970 4941
f 1857 1776 1772
f 1777 1858 1773
f 1778 1861 1777
f 1861 4971 1777
f 1861 1778 1779
f 1862 1861 1779
f 1775 1860 4942
f 4943 1950 1779
f 1864 1950 4943
f 1780 4942 4944
f 1781 4906 4944
f 1864 4943 4945
f 1866 1864 4945
f 1781 5832 1867
f 1783 1701 1867
f 1782 1868 1866
f 1784 1868 1782
f 1868 1784 1785
f 1869 1868 1785
f 1786 1870 1871
f 1786 1704 1783
f 1870 1786 1783
f 1785 1872 1869
f 1785 4908 1872
f 1873 1872 1787
f 1786 1871 1874
f 1787 1789 4946
f 1789 1877 4946
f 1876 4911 1790
f 1790 4911 1874
f 1875 4946 1877
f 1791 1877 1789
f 1791 4947 1877
f 1791 4912 4947
f 4947 1793 1879
f 1792 1876 4948
f 1876 4974 4948
f 1793 1795 4949
f 1795 1883 4949
f 1794 4948 1796
f 1882 4950 1880
f 1881 4949 1883
f 1797 1883 1795
f 1796 1880 4950
f 1882 1884 4950
f 1797 1799 4951
f 1799 4952 4951
f 1799 4916 4952
f 4952 1801 1887
f 1886 1802 1800
f 1801 1803 4953
f 1803 4954 4953
f 1803 4920 4954
f 4954 1805 1888
f 1806 1889 1890
f 1889 1806 1804
f 1807 1891 1805
f 1888 1805 1891
f 1808 4922 1890
f 1890 1892 1808
f 1809 4923 1893
f 1810 4956 1893
f 1894 1895 4955
f 1810 1812 4956
f 4956 1812 1896
f 1811 1895 1897
f 1895 4981 1897
f 1812 1814 1898
f 1814 4926 1898
f 1898 4926 1899
f 1815 1897 4957
f 1897 4981 4957
f 1816 1819 1901
f 1817 1900 4958
f 1900 4984 4958
f 1816 4927 1819
f 1818 4958 1820
f 1902 1903 1820
f 1819 1821 4959
f 1821 1906 4959
f 1822 1735 1903
f 1903 5872 1822
f 1821 4928 1906
f 1907 1824 1822
f 1825 1908 1823
f 1908 1906 1823
f 1824 1907 4960
f 1907 4985 4960
f 1826 1910 1825
f 1909 1827 4960
f 1743 4962 1826
f 1910 1826 4962
f 1827 1909 4961
f 1909 1996 4961
f 1743 4930 4962
f 4962 1829 1912
f 1828 4961 4963
f 1829 4931 4964
f 4964 1831 1914
f 1913 1832 1830
f 1915 1832 1913
f 1831 1916 1914
f 1833 1916 1831
f 1915 4987 1832
f 1833 4933 1835
f 1835 4934 1918
f 1836 1917 1919
f 1838 4935 1919
f 1920 1838 1919
f 1921 1918 1837
f 1838 1920 4965
f 1920 1922 4965
f 1839 1841 1923
f 1840 4965 1924
f 1924 1842 1840
f 1925 1842 1924
f 1841 1927 1926
f 1758 1927 1841
f 1842 1925 1928
f 1843 1842 1928
f 1928 1844 1843
f 1929 1844 1928
f 1846 1930 1845
f 1927 1758 1845
f 1930 1927 1845
f 1844 1929 1931
f 1847 1844 1931
f 4967 2019 1846
f 1932 2019 4967
f 1847 1931 4966
f 1848 5874 4966
f 1849 1855 1934
f 1932 4967 4968
f 1934 1932 4968
f 1848 1933 1936
f 1850 1848 1936
f 1850 1936 1851
f 1937 1851 1936
f 1937 1852 1851
f 1853 1938 1854
f 1855 1854 1935
f 1854 1938 1935
f 1935 2024 1855
f 1937 4990 1852
f 1853 1768 4969
f 1852 1939 4969
f 1853 4969 1938
f 1857 1856 1941
f 1942 4992 1856
f 1858 4971 1942
f 1859 1944 1945
f 1860 1859 1945
f 1940 1944 4970
f 1944 1859 4970
f 1943 1942 4971
f 1858 1777 4971
f 1863 1948 1949
f 4942 1860 1863
f 1948 1860 1945
f 1862 1950 1947
f 1864 1951 1950
f 1863 1949 4972
f 1949 2040 4972
f 1864 1866 1952
f 1867 5832 1953
f 1866 1954 1952
f 1868 1954 1866
f 1870 1953 1956
f 1871 1870 1956
f 1867 1953 1870
f 1869 1957 1955
f 1872 1957 1869
f 1957 1872 1873
f 1958 1957 1873
f 1871 1956 1959
f 1956 4998 1959
f 1873 4946 1875
f 1876 1790 1961
f 1874 1871 1790
f 1961 1790 1959
f 1875 1962 1960
f 1877 1878 1875
f 1962 1875 1878
f 1876 1961 4973
f 1961 4999 4973
f 1878 1879 1964
f 1876 4973 4974
f 1963 1965 4974
f 1879 4949 1964
f 1964 1881 1966
f 1965 1882 1880
f 1967 1882 1965
f 1881 1968 1966
f 1883 4976 1881
f 1882 1967 4975
f 1967 5002 4975
f 1883 4951 4976
f 4976 1885 1970
f 1887 1971 1885
f 1973 1971 1887
f 1886 1969 4977
f 1969 5004 4977
f 1887 4953 1973
f 1802 4977 4978
f 1972 1974 4978
f 1889 1974 1976
f 1890 1889 1976
f 1975 1888 1891
f 1977 1975 1891
f 1890 1976 1892
f 1976 5006 1892
f 1891 1807 4979
f 4979 1893 1979
f 1894 1978 4980
f 1978 2066 4980
f 1980 1979 4956
f 1980 1896 1982
f 1895 4980 4981
f 1981 1983 4981
f 1896 1898 4982
f 1898 1899 4982
f 1985 4957 1983
f 2070 2072 1983
f 1984 4982 1899
f 1899 4983 1984
f 1899 1816 4983
f 4983 1901 1987
f 1900 1986 4984
f 1901 1819 1988
f 1989 1902 4984
f 1819 4959 1988
f 1989 5872 1902
f 1904 4959 1991
f 1992 4985 1905
f 1991 1906 1908
f 1908 4986 1991
f 1907 1905 4985
f 1992 1994 4985
f 1908 1825 4986
f 4986 1910 1995
f 1909 1994 1996
f 1994 2083 1996
f 1910 4962 1997
f 1999 5014 1912
f 1998 5015 1911
f 1912 4964 1999
f 1999 1914 2001
f 1913 1911 1915
f 2002 1915 2000
f 1914 2003 2001
f 1916 2003 1914
f 1915 2002 4987
f 2002 2004 4987
f 1916 1835 4988
f 1918 2005 4988
f 1917 4987 2004
f 2005 1918 2007
f 1917 2006 2008
f 1919 1917 2008
f 2008 1920 1919
f 2009 1920 2008
f 1921 2010 2007
f 2007 1918 1921
f 1920 2009 1922
f 2009 5018 1922
f 2012 2010 1923
f 1924 1922 2011
f 2011 1925 1924
f 2013 1925 2011
f 1926 2015 2014
f 1927 2015 1926
f 2012 1923 1926
f 2014 2012 1926
f 1925 2013 2016
f 1928 1925 2016
f 1928 2016 1929
f 2016 2099 1929
f 1930 2019 2018
f 1932 2020 2019
f 1931 2017 2021
f 1931 2021 4989
f 4989 2021 2022
f 1934 2024 2023
f 1934 1855 2024
f 1932 1934 2023
f 2022 5021 1933
f 1936 1933 2025
f 2028 1935 2027
f 2028 5022 2024
f 1937 2026 4990
f 2026 5024 4990
f 2027 1938 1939
f 1941 4992 4991
f 2031 2110 4991
f 1942 4993 4992
f 4992 2032 2031
f 1943 4994 4993
f 2112 2032 2033
f 1944 1940 4995
f 2034 4995 1940
f 1946 1947 4994
f 2036 4994 2037
f 1948 5027 1949
f 2035 5027 1948
f 2035 1948 1945
f 1950 4996 1947
f 1951 2039 4996
f 2039 5028 4996
f 1949 2038 2040
f 2038 5029 2040
f 1951 1864 1952
f 1865 2040 4997
f 4997 2041 1865
f 1955 5031 1954
f 2042 5031 1955
f 1956 1953 2043
f 2043 1953 2041
f 1955 2044 2042
f 1957 2044 1955
f 2044 1957 1958
f 1956 2043 4998
f 2043 5032 4998
f 1958 1875 1960
f 2045 1961 1959
f 2047 4999 2045
f 1960 2048 2046
f 1962 2048 1960
f 1961 2045 4999
f 2047 2049 4999
f 1962 1964 5000
f 1964 1966 5000
f 1963 2049 5001
f 2049 2051 5001
f 2050 5000 1966
f 2050 1966 2052
f 1967 5001 2053
f 1965 5001 1967
f 1968 2052 1966
f 2054 2052 1968
f 1967 2053 5002
f 2053 5035 5002
f 1968 4976 5003
f 2057 2056 1971
f 2055 5037 5004
f 1971 1973 2057
f 1973 5005 2057
f 1973 1888 5005
f 5005 1975 2061
f 1974 2058 2062
f 1976 1974 2062
f 2063 2061 1975
f 1976 2062 5006
f 2062 5038 5006
f 1977 1979 2065
f 2064 2066 1978
f 1980 2067 1979
f 2065 1979 2067
f 1980 1982 5007
f 1981 2068 2070
f 2068 5041 2070
f 1982 1984 2071
f 1985 2072 5008
f 2072 5042 5008
f 1984 4983 2073
f 2073 1987 2075
f 1987 1988 5009
f 1988 1904 5009
f 1986 2074 5010
f 2076 5009 1904
f 1904 5011 2076
f 5010 5836 1989
f 5011 1991 2078
f 1992 1905 1990
f 2078 1991 1993
f 2080 2078 1993
f 1992 2079 5012
f 2079 2081 5012
f 1993 1995 2082
f 1995 2084 2082
f 1994 5012 2083
f 1995 1997 2084
f 1996 2083 5013
f 2083 2161 5013
f 1997 1912 5014
f 1998 5013 5015
f 2085 2087 5015
f 1999 2001 2086
f 2000 2087 2088
f 2088 2002 2000
f 2003 2089 2001
f 2089 2086 2001
f 2002 2088 5016
f 2088 5050 5016
f 2003 4988 5017
f 2090 2006 2004
f 2005 2007 2092
f 2006 2009 2008
f 2093 2009 2006
f 2007 2094 2092
f 2010 2094 2007
f 2009 2093 5018
f 2093 5053 5018
f 2010 2012 5019
f 2012 2014 5019
f 2097 2013 2011
f 2014 2098 2096
f 2015 2098 2014
f 2096 5019 2014
f 2017 1929 2099
f 2019 2020 2018
f 2098 2018 5056
f 2100 2018 2020
f 2100 2020 2102
f 2021 2017 2101
f 2022 2021 5020
f 2021 2101 5020
f 2024 5022 2023
f 2023 2102 1932
f 2022 5020 5021
f 2025 2104 2026
f 2107 2185 5023
f 2027 5025 5023
f 2106 5060 5022
f 2029 4990 5024
f 2026 2105 5024
f 2109 5025 2029
f 2029 2108 2109
f 2027 1939 5025
f 2033 2113 2112
f 2035 4995 5026
f 5026 2034 2115
f 2111 2034 2030
f 2115 2034 2111
f 2113 2033 2036
f 2037 2116 2036
f 2038 2114 2117
f 2114 2038 5027
f 2118 2116 5028
f 2037 4996 5028
f 2038 2117 5029
f 2117 5063 5029
f 2039 1952 5030
f 1952 5031 5030
f 2040 5029 4997
f 2120 5030 5031
f 5031 2042 2120
f 2121 2043 2041
f 2123 5032 2121
f 2044 5033 5833
f 2043 2121 5032
f 2123 5067 5032
f 2044 1958 5033
f 5033 2046 2125
f 2124 2047 2045
f 2126 2047 2124
f 2046 2127 2125
f 2048 5034 2046
f 2047 2126 2128
f 2126 5069 2128
f 2048 5000 5034
f 5034 2050 2129
f 2050 2052 2131
f 2051 2130 2132
f 2053 2051 2132
f 2131 2052 2054
f 2133 2131 2054
f 2053 2132 5035
f 2132 5072 5035
f 2054 5003 5036
f 2056 2135 5036
f 2056 2057 2135
f 2134 5074 5037
f 2057 2059 2136
f 2136 2059 2138
f 2060 2137 2139
f 2061 2063 2140
f 2062 2060 5038
f 2063 2065 5039
f 2065 2142 5039
f 2064 2141 2143
f 2141 2223 2143
f 2065 2067 2142
f 2067 5040 2142
f 2143 2144 2066
f 2067 5007 5040
f 5040 5007 2145
f 2068 2144 5041
f 2144 5079 5041
f 2069 2071 2147
f 2070 5041 2146
f 2073 2148 2071
f 2147 2071 2148
f 2072 2146 5042
f 2146 2230 5042
f 2073 2075 5043
f 2075 5044 5043
f 2151 2074 2149
f 2075 5009 5044
f 5044 2076 2152
f 2154 2152 5045
f 2153 5081 2077
f 2076 5011 5045
f 5045 2078 2156
f 2079 2077 2155
f 2158 5083 2080
f 2080 2082 2158
f 2081 2239 5046
f 2082 2084 5047
f 2084 5048 5047
f 2083 5046 2161
f 2084 5014 5048
f 5048 2086 2162
f 2085 2161 5049
f 2161 2159 5049
f 2087 5049 2165
f 2088 2087 2165
f 2164 2086 2089
f 2089 5051 2164
f 2088 2165 5050
f 2165 5085 5050
f 2089 5017 5051
f 5051 2091 2168
f 2167 2169 2090
f 2091 2092 5052
f 2092 2172 5052
f 2006 2090 2093
f 2171 5053 2169
f 2170 5052 2172
f 2094 2172 2092
f 2093 2169 5053
f 2171 5088 5053
f 2094 5019 5054
f 5054 2096 2173
f 2095 2097 2011
f 2174 2097 2095
f 2096 2175 2173
f 2098 2175 2096
f 2097 2174 5055
f 2099 2013 5055
f 2175 2098 5056
f 2177 5091 5056
f 2176 2178 5834
f 2100 2102 2179
f 2178 5093 5057
f 2103 5020 5057
f 2181 5094 5058
f 2179 2102 5058
f 2103 2180 2182
f 2183 2105 5059
f 2106 2185 2184
f 2106 5023 2185
f 2023 5022 5060
f 5060 2106 2184
f 2105 2183 2186
f 2105 2186 2108
f 2109 5061 2107
f 2187 2185 2107
f 2111 2110 2188
f 2110 2190 2189
f 2191 2113 2192
f 2115 2194 5062
f 5062 2194 2193
f 2188 5097 2111
f 2115 2111 5097
f 2113 2195 2192
f 2036 2195 2113
f 5098 2195 2196
f 2117 2114 2198
f 2114 2193 2198
f 2116 2118 2196
f 2118 5859 2196
f 2117 2198 5063
f 2198 5100 5063
f 2118 5030 5859
f 2120 5066 5064
f 2119 5063 5065
f 2121 2119 5065
f 2201 5064 5066
f 2203 2201 5066
f 2121 5065 2123
f 2204 2123 2202
f 2203 5066 2205
f 2122 5833 5068
f 2123 2204 5067
f 2204 5102 5067
f 5033 5837 5833
f 5837 2125 2207
f 2206 2126 2124
f 2208 2126 2206
f 2125 2209 2207
f 2127 2209 2125
f 2126 2208 5069
f 2208 5104 5069
f 2127 2129 5070
f 2129 5071 5070
f 2128 5069 2210
f 2129 2050 5071
f 5071 2131 2213
f 2130 2212 2214
f 2132 2130 2214
f 2213 2131 2133
f 2215 2213 2133
f 2132 2214 5072
f 2214 5107 5072
f 2133 5036 5073
f 2135 5075 5073
f 2217 5073 5075
f 2216 5109 5074
f 2057 2136 2135
f 5075 2136 2219
f 5076 2060 2058
f 2220 2137 5076
f 2220 2221 2137
f 2138 2140 5077
f 2140 5078 5077
f 2221 2223 2139
f 2140 5039 5078
f 5078 5039 5838
f 2143 2223 2225
f 2226 2224 5838
f 2227 5111 2145
f 2144 2225 5079
f 2225 2312 5079
f 2145 2147 2227
f 2147 2229 2227
f 2146 2228 2230
f 2228 5112 2230
f 2147 2148 2229
f 2148 5080 2229
f 2148 5043 5080
f 5080 2150 2232
f 2231 5113 2149
f 2150 2152 2234
f 2151 2149 2233
f 2152 2154 2234
f 2234 2154 2235
f 2233 2319 5835
f 5081 5835 2321
f 2154 2156 5082
f 2156 5083 5082
f 5081 2236 2155
f 2156 2080 5083
f 5083 2158 2238
f 2239 2081 2157
f 2158 5047 2240
f 2240 2160 2242
f 2159 2241 2243
f 5117 2243 2241
f 2160 2162 5084
f 2162 2164 2246
f 2163 2245 2247
f 2247 5085 2163
f 2246 2164 2166
f 2248 2246 2166
f 2165 2163 5085
f 2247 2249 5085
f 2166 2168 5086
f 2168 5087 5086
f 2167 2249 2251
f 2249 5121 2251
f 2168 5052 5087
f 5087 2170 2252
f 2169 2251 2171
f 2253 2171 2251
f 2170 2254 2252
f 2172 5089 2170
f 2171 2253 5088
f 2253 5123 5088
f 2172 5054 5089
f 5089 2173 2256
f 2095 5088 2174
f 2257 5090 2255
f 2173 2258 2256
f 2175 2258 2173
f 2174 2255 5090
f 5873 5055 5090
f 2258 2175 5091
f 2260 5124 5091
f 2176 2259 5092
f 2259 2341 5092
f 2180 5057 5093
f 2264 2180 5093
f 2181 5127 5094
f 2262 2177 2179
f 2179 5094 2262
f 2265 2266 2182
f 2183 2182 2266
f 2268 2272 5095
f 2185 2268 2184
f 2181 2184 5095
f 2184 2268 5095
f 2183 2266 2269
f 2186 2183 2269
f 2186 2269 2270
f 2270 2271 5061
f 2268 2185 2187
f 2272 2268 2187
f 2273 5097 2188
f 2189 2275 5096
f 2274 2273 5096
f 2191 2276 2275
f 2276 2356 2275
f 2276 2191 2192
f 2277 2193 2194
f 2194 2115 5097
f 2278 2194 5097
f 2279 5131 2192
f 2195 2279 2192
f 2280 5133 5098
f 5098 2279 2195
f 2197 2281 2282
f 2282 5100 2197
f 2277 2197 2193
f 2196 2199 5099
f 2283 5099 2199
f 2199 5064 2283
f 2198 2197 5100
f 2282 2285 5100
f 2201 2283 5064
f 2200 2285 2286
f 2202 2200 2286
f 2286 2204 2202
f 2288 2204 2286
f 2287 5101 2289
f 2205 2289 2203
f 2204 2288 5102
f 2288 5135 5102
f 2205 5068 5103
f 5103 2207 2291
f 2290 2208 2206
f 2292 2208 2290
f 2207 2293 2291
f 2209 2293 2207
f 2292 5137 2208
f 5104 2208 5137
f 2209 5070 5105
f 2210 5104 5106
f 2294 2296 5106
f 2213 2215 2211
f 2212 5106 2298
f 2214 2212 2298
f 2297 2211 2215
f 2299 2297 2215
f 2214 2298 5107
f 2298 5139 5107
f 2215 2133 5108
f 5108 2217 2301
f 2216 5107 2300
f 2217 5110 2302
f 2216 2300 5109
f 2300 5141 5109
f 2217 5075 5110
f 2219 2305 5110
f 2304 5110 2305
f 2220 2306 2221
f 2219 5077 2305
f 2221 2306 2308
f 2222 2224 2309
f 2308 2310 2223
f 2226 2311 2224
f 2309 2224 2311
f 2225 2310 2312
f 2310 5146 2312
f 2226 2145 5111
f 2227 2229 2315
f 2228 2314 5112
f 2314 5149 5112
f 2316 2231 5112
f 2315 2229 2317
f 2318 5150 2232
f 2231 2316 5113
f 2316 2399 5113
f 2320 2318 2234
f 2234 2235 2320
f 2319 5151 5835
f 2321 5835 5151
f 2235 5114 2320
f 2235 5082 5114
f 5114 2237 2323
f 2324 2157 2236
f 2325 2323 2237
f 2324 5115 2157
f 2324 5155 5115
f 2238 2240 5116
f 2240 2242 5116
f 2239 5115 2241
f 2327 5116 2242
f 2242 5118 2327
f 2326 5157 5117
f 2242 5084 5118
f 5118 2244 2329
f 2243 5117 2245
f 2244 2246 5119
f 2246 2248 5119
f 2245 2328 2331
f 2247 2245 2331
f 2330 5119 2248
f 2248 2334 2330
f 2247 2331 5120
f 2331 5159 5120
f 2248 5086 2334
f 2249 5120 5121
f 2333 2335 5121
f 2250 2252 5122
f 2252 2338 5122
f 2335 2253 2251
f 2337 2253 2335
f 2336 5122 2338
f 2254 2338 2252
f 2253 2337 5123
f 2337 5161 5123
f 2254 2256 2340
f 2339 2257 2255
f 2339 2428 2257
f 2256 2343 2342
f 2258 2343 2256
f 2342 2340 2256
f 2344 5092 2341
f 2257 2341 2259
f 2343 2258 5124
f 2345 5162 5124
f 2344 2436 2261
f 2347 5125 2261
f 2264 5093 5125
f 2263 2261 5125
f 2262 5094 5126
f 2349 2442 5126
f 2346 2260 2262
f 2438 2439 2348
f 2350 5163 2265
f 2266 2265 5163
f 2352 5165 2267
f 2267 5095 2272
f 2349 5126 5127
f 2181 5095 5127
f 2269 2266 2351
f 2269 2351 5128
f 2271 2270 2353
f 2270 5128 2353
f 2272 2187 5129
f 2271 2353 5129
f 2352 2267 2272
f 2355 2354 2274
f 2273 2274 2354
f 2275 2356 5130
f 2356 2449 5130
f 2276 2357 2356
f 2278 2358 5132
f 2278 5097 2273
f 2358 2278 2273
f 2279 5133 5131
f 2360 5131 5133
f 2361 2360 5133
f 2362 5171 2281
f 2277 5132 5134
f 2359 2362 5134
f 2363 2283 2284
f 2364 2363 2284
f 2201 5101 2284
f 2368 2284 5101
f 2285 2365 2367
f 2366 2367 2365
f 2287 2368 5101
f 2370 5135 2369
f 2367 2288 2286
f 2369 2288 2367
f 2289 5136 2287
f 2288 2369 5135
f 2462 2372 2370
f 2289 5103 5136
f 5136 2291 2373
f 2372 2292 2290
f 2372 2465 2292
f 2291 2375 2373
f 2293 2375 2291
f 2292 2374 5137
f 2374 2376 5137
f 2295 5839 5105
f 2294 2376 2378
f 2295 2297 5138
f 2297 2381 5138
f 2380 5139 2296
f 2380 2296 2378
f 2379 5138 2381
f 2381 2297 2299
f 2298 2296 5139
f 2380 5175 5139
f 2299 2301 5140
f 2301 2383 5140
f 2384 5141 2382
f 2301 2302 2383
f 2302 5142 2383
f 2300 2382 5141
f 2384 2385 5141
f 2302 2304 5142
f 2303 2385 5143
f 2385 5180 5143
f 2304 2305 2388
f 2220 5143 2306
f 2388 2305 2307
f 2390 2388 2307
f 2306 2389 2308
f 2307 2309 5144
f 2309 2391 5144
f 2389 2484 5145
f 2309 2311 2391
f 2311 5147 2391
f 2310 5145 5146
f 2392 2393 5146
f 2311 5111 5147
f 5147 2313 2394
f 2312 2393 5148
f 2393 2489 5148
f 2313 2315 2396
f 2314 5148 5149
f 2395 2397 5149
f 2317 2398 2315
f 2396 2315 2398
f 2316 2397 2399
f 2397 2492 2399
f 2317 2232 5150
f 2318 2320 2402
f 2319 2401 5151
f 2320 5153 2402
f 2321 5151 5152
f 2403 2405 5152
f 2320 5114 5153
f 5153 2323 2406
f 2322 5152 2407
f 2324 2322 2407
f 2406 2323 5154
f 2408 2495 5154
f 2324 2407 5155
f 2407 5187 5155
f 2325 5116 5156
f 5156 2327 2410
f 2411 2413 5841
f 2327 5118 2412
f 2412 2329 2414
f 2329 5119 5158
f 5158 2330 2416
f 2331 2328 2415
f 2417 5159 2415
f 2332 2418 2416
f 2416 2330 2332
f 2331 2415 5159
f 2417 5190 5159
f 2332 2334 2420
f 2333 2419 5160
f 2419 2421 5160
f 2334 5122 2420
f 2335 5160 2337
f 2337 5160 2423
f 2336 2425 2424
f 2340 2425 2338
f 2424 2422 2336
f 2337 2423 5161
f 2423 2509 5161
f 2339 2426 2428
f 2341 2257 2428
f 2429 2341 2428
f 2342 2431 2430
f 2343 2431 2342
f 2427 2340 2342
f 2430 2427 2342
f 2341 2429 2432
f 2433 2344 2432
f 2434 5162 2435
f 2431 2343 5162
f 2434 2431 5162
f 2345 2346 2437
f 2347 2261 2436
f 2349 2441 2440
f 2346 5126 2442
f 2349 2440 2442
f 2442 2437 2346
f 2351 2266 5163
f 2443 5166 5163
f 2444 5193 5165
f 2352 2444 5165
f 2441 2349 5164
f 5166 5167 5128
f 2351 5163 5166
f 2353 5128 5167
f 2352 5129 5168
f 2353 5167 5168
f 2448 2354 2355
f 2450 2449 2356
f 2358 5170 5169
f 2359 5132 5169
f 2354 2448 5170
f 2448 2533 5170
f 2357 5131 2360
f 2454 2453 2360
f 2361 2455 2454
f 2456 5197 5172
f 5172 2455 2361
f 2363 2364 2456
f 2362 5198 5171
f 5171 2457 2365
f 2457 2366 2365
f 2457 2541 2366
f 2368 2458 2364
f 2458 2368 5173
f 2460 2458 5173
f 2462 2370 2461
f 2369 2461 2370
f 2459 2369 2367
f 2461 2369 2459
f 2463 5200 5173
f 2463 2287 2371
f 2464 2463 2371
f 2371 2373 2466
f 2374 2292 2465
f 2467 2374 2465
f 2375 2468 2373
f 2466 2373 2468
f 2469 2376 5202
f 2375 2293 5839
f 5174 2377 2470
f 2376 2469 2378
f 2469 2471 2378
f 2379 2472 2377
f 2470 2377 2472
f 2471 2380 2378
f 2379 2473 2472
f 2381 5176 2379
f 2471 5204 2380
f 5175 2380 5204
f 2381 5140 5176
f 5176 2383 2475
f 2382 5175 2384
f 2476 5178 2474
f 2383 5142 5177
f 2384 2474 5178
f 2476 2478 5178
f 5179 5177 5142
f 5179 2386 2479
f 2385 5178 5180
f 2478 2480 5180
f 2386 2388 5181
f 2388 2390 5181
f 2387 2480 2482
f 2389 2387 2482
f 2390 2483 5181
f 2481 5181 2483
f 2482 5207 2389
f 2484 2389 5207
f 2390 5144 5182
f 2391 2485 5182
f 2391 5184 2485
f 2392 2486 5183
f 2486 5209 5183
f 2391 5147 5184
f 5184 2394 2488
f 2393 5183 2489
f 2394 2396 5185
f 2396 2490 5185
f 2489 2569 2395
f 2491 2395 2569
f 2396 2398 2490
f 2398 5186 2490
f 2397 2491 2492
f 2398 5150 5186
f 5186 2400 2493
f 2399 2492 2401
f 2492 2574 2401
f 2401 2574 2403
f 2404 2406 5215
f 2405 2494 2496
f 2496 5187 2405
f 2406 5154 2495
f 2497 2495 2408
f 2407 2405 5187
f 2580 5840 2496
f 2408 2410 2498
f 2410 2500 2498
f 2409 5840 2411
f 2410 2412 2500
f 2412 2414 5188
f 2414 5189 5188
f 2499 2502 2413
f 2414 5158 5189
f 5189 2416 2503
f 2415 2413 2417
f 2504 2417 2502
f 2416 2505 2503
f 2418 2505 2416
f 2417 2504 5190
f 2504 5219 5190
f 2418 2420 2422
f 2420 2336 2422
f 2419 5190 2506
f 2421 2506 2508
f 2508 2423 2421
f 2511 2593 2424
f 2425 2511 2424
f 2510 5220 2424
f 2423 2508 2509
f 2425 2427 2511
f 2427 2430 2511
f 2426 2509 2512
f 2428 2426 2512
f 2512 2429 2428
f 2512 2513 2429
f 2515 2596 2430
f 2431 2515 2430
f 2430 2514 2511
f 2429 2513 2516
f 2516 2433 2432
f 2517 2433 2516
f 2435 2518 2434
f 2515 2431 2434
f 2518 2515 2434
f 2519 2436 2433
f 2436 2344 2433
f 2520 5223 2437
f 2437 5223 2435
f 2519 5191 2436
f 2519 5222 5191
f 5191 2521 2438
f 2521 2439 2438
f 2522 2439 2521
f 2441 2523 2440
f 2520 2442 2440
f 2437 2442 2520
f 2443 5163 5192
f 2444 2525 5193
f 2525 2526 5193
f 2526 2523 2441
f 2446 5167 2445
f 2525 2444 2446
f 2444 5168 2446
f 2448 2447 2529
f 5194 2447 2530
f 2530 2609 5194
f 2530 2449 2450
f 2532 2452 2531
f 2451 2531 2452
f 2448 2529 2533
f 2450 5195 2530
f 2453 2535 5195
f 2535 2534 5195
f 2535 2453 2454
f 2536 2535 2454
f 2452 2532 5196
f 2455 2536 2454
f 5197 5226 2455
f 2538 5226 5197
f 2362 5196 5198
f 2457 5171 5198
f 2538 5197 5199
f 2540 2538 5199
f 2459 2541 2542
f 2539 2541 2457
f 2459 2366 2541
f 2458 2460 2540
f 2544 2462 2461
f 2542 2461 2459
f 2542 2544 2461
f 2545 2543 5200
f 2463 2464 5200
f 2545 5200 2464
f 2544 2546 2462
f 2464 2466 5201
f 2548 5227 2467
f 2546 2467 2465
f 2548 2467 2546
f 2547 5201 2549
f 2549 2466 2468
f 2374 2467 5202
f 5202 2467 5227
f 2468 5174 5203
f 2469 2550 2471
f 2550 2632 2471
f 2470 2472 2552
f 2472 2554 2552
f 2473 2554 2472
f 2471 2553 5204
f 2553 2555 5204
f 2473 2475 2556
f 2475 5205 2556
f 2474 2555 2476
f 2555 2638 2476
f 2475 5177 5205
f 5205 2477 2558
f 2477 2479 2559
f 2478 2557 5206
f 2479 2481 2559
f 2559 2481 2561
f 2482 2480 2562
f 2480 5206 2562
f 2481 2563 2561
f 2563 2481 2483
f 2562 5231 2482
f 5207 2482 5231
f 2483 5182 5208
f 2564 2486 5207
f 2486 2564 5209
f 2564 5233 5209
f 2485 5184 5210
f 5210 2488 2568
f 2567 5234 2487
f 2569 2487 5234
f 2488 5185 5211
f 2490 2570 5211
f 2490 5213 2570
f 2491 2571 5212
f 2571 5236 5212
f 2490 5186 5213
f 5213 2493 2573
f 2492 5212 2574
f 2493 2400 2575
f 5214 2403 2574
f 2574 2572 5214
f 2400 2404 2575
f 2404 5215 2575
f 2494 2403 5214
f 2576 2578 2494
f 5215 2495 2579
f 2496 2494 2578
f 2578 5239 2496
f 2581 5240 2497
f 2579 2495 2497
f 2497 2498 2581
f 2498 5217 2581
f 5840 2580 5216
f 2580 5241 5216
f 2498 2500 5217
f 2500 5218 5217
f 2499 2582 2584
f 2582 5243 2584
f 2500 5188 5218
f 2501 2503 2586
f 2585 2504 2502
f 2587 2504 2585
f 2503 2588 2586
f 2505 2588 2503
f 2504 2587 5219
f 2587 2668 5219
f 2505 2418 2507
f 2506 5219 2589
f 2507 2422 5220
f 2422 2424 5220
f 2592 2508 2591
f 2592 2509 2508
f 2593 2675 2510
f 2510 2424 2593
f 2593 2511 2514
f 2512 2509 2594
f 2514 2430 2596
f 2597 2517 2595
f 2513 2595 2516
f 2516 2595 2517
f 2518 2599 2598
f 2518 2598 2515
f 2596 2515 2598
f 2517 2597 5221
f 2433 2517 2519
f 2599 2518 5223
f 5860 5252 5223
f 2519 5221 5222
f 2521 5191 5222
f 2602 2522 2521
f 2523 2604 2603
f 5223 2520 5860
f 2601 5860 2603
f 2602 5253 2522
f 2605 2527 2524
f 2606 5225 2605
f 2525 2608 2607
f 2525 2607 2526
f 2604 2523 2526
f 2443 2524 2527
f 2528 2527 5225
f 2527 2605 5225
f 2446 2528 2525
f 2609 5255 5194
f 2529 2611 2610
f 2611 5254 2610
f 2529 5194 2611
f 2530 5195 2609
f 2612 5256 2534
f 2535 2613 2534
f 2613 2612 2534
f 2613 2535 2536
f 2614 2613 2536
f 2537 5196 2615
f 2614 2536 5226
f 2616 2614 5226
f 2537 2615 2617
f 2539 2537 2617
f 2541 2618 2620
f 2542 2541 2620
f 2618 2541 2539
f 2540 2621 2619
f 2460 2621 2540
f 2621 2460 2543
f 2622 2621 2543
f 2620 5257 2542
f 2624 2622 2543
f 2624 2545 2626
f 2545 5201 2626
f 2546 2625 2548
f 2549 5228 2547
f 2628 2714 2547
f 2630 5227 2629
f 2548 2629 5227
f 5227 2630 2550
f 2627 2629 2548
f 2628 2547 5228
f 2549 5203 5228
f 2550 2630 2632
f 2630 5258 2632
f 2551 2552 2633
f 2552 2635 2633
f 2471 2632 2553
f 2635 2552 2554
f 2636 2638 2634
f 2635 2554 2556
f 2555 2634 2638
f 2556 5205 5229
f 2639 2726 2558
f 2557 2638 2640
f 2638 5262 2640
f 2558 2559 2639
f 2640 5842 5206
f 2562 2560 5230
f 2563 5232 2641
f 2644 5231 5230
f 2562 5230 5231
f 5231 2644 2564
f 2643 2641 5232
f 2563 5208 5232
f 2564 2644 5233
f 2644 5266 5233
f 2566 2568 2649
f 2648 5267 2567
f 5234 2567 5267
f 2568 5211 5235
f 2570 2651 5235
f 2650 2571 5234
f 2570 5237 2651
f 2571 2650 5236
f 2650 5270 5236
f 2570 5213 5237
f 5237 2573 2653
f 2572 2652 2654
f 2652 5272 2654
f 2573 2575 5238
f 2575 5215 5238
f 2657 2577 2659
f 2579 2659 2577
f 2578 2658 5239
f 2658 5274 5239
f 2579 2497 5240
f 2581 2661 5240
f 2580 5239 2660
f 2581 5242 2661
f 2580 2660 5241
f 2660 2749 5241
f 2581 5217 5242
f 5242 2583 2663
f 2582 2662 5243
f 2662 5277 5243
f 2583 2501 5244
f 2501 2586 5244
f 2666 2585 2664
f 2585 2584 2664
f 2665 5244 2667
f 2666 2587 2585
f 2588 2669 2586
f 2589 5219 2668
f 2668 2670 2589
f 2588 2505 5245
f 5245 2590 2671
f 2672 2591 2589
f 2671 2590 2673
f 2510 2673 2590
f 2591 2672 5246
f 2672 2674 5246
f 2593 5248 2675
f 2676 5249 5247
f 2594 2592 5247
f 2677 5282 5248
f 2595 2513 5249
f 2676 5283 5249
f 2514 2596 5250
f 2596 2679 5250
f 2595 2678 2680
f 2597 2595 2680
f 2681 2597 2680
f 2599 2682 2598
f 2679 2596 2598
f 2682 2679 2598
f 2597 2681 2600
f 2600 2771 5251
f 2682 2599 5252
f 2684 2682 5252
f 2602 5222 5251
f 2603 2687 2686
f 2604 2687 2603
f 2686 2774 2601
f 2602 2685 2688
f 2688 5253 2602
f 2605 2524 5253
f 2524 2522 5253
f 2606 2605 2689
f 2605 5253 2689
f 2691 2692 2608
f 2604 2526 2607
f 2608 5225 2691
f 2532 2693 2694
f 2610 5254 2693
f 2611 2696 5254
f 2696 2695 5254
f 2609 5256 5255
f 2697 5287 5255
f 2612 2697 5256
f 2613 2698 2612
f 2698 5288 2612
f 2698 2613 2614
f 2615 2694 2700
f 2694 2615 2532
f 2699 2700 2694
f 2614 2701 2698
f 2701 2614 2616
f 2702 2701 2616
f 2617 2700 2704
f 2618 2617 2704
f 2700 2617 2615
f 2703 2704 2700
f 2616 2705 2702
f 2538 2705 2616
f 2705 2538 2619
f 2706 2705 2619
f 2708 2620 2707
f 2618 2707 2620
f 2707 2618 2704
f 2619 2709 2706
f 2621 2709 2619
f 2709 2621 2622
f 2620 2708 5257
f 2708 2710 5257
f 2622 2624 2711
f 2623 2710 2713
f 2713 2627 2623
f 2712 2713 2710
f 2624 2626 2711
f 2716 2714 2628
f 2715 5806 2629
f 2630 2629 2717
f 2715 2629 2627
f 2716 2628 2631
f 2718 2805 2631
f 2630 2717 5258
f 2717 5293 5258
f 2632 5258 5259
f 2721 5261 2719
f 2633 2635 5260
f 2635 2637 5260
f 2634 5259 5261
f 2636 2634 5261
f 2722 5260 2637
f 2724 2722 2637
f 2725 5262 2723
f 2726 2724 5229
f 2639 5263 2726
f 2638 2636 5262
f 2639 5264 5263
f 2640 2727 5842
f 2729 5842 5296
f 2639 2561 5264
f 2641 5265 5264
f 2641 2643 5265
f 5265 2643 2732
f 2731 5266 2642
f 2643 2645 2732
f 2644 2642 5266
f 2731 5328 5266
f 2645 2566 2647
f 2649 5268 2647
f 2646 2734 2648
f 5267 2648 5298
f 2649 5235 5268
f 2651 5269 5268
f 2650 2736 2738
f 2651 5271 5269
f 2650 2738 5270
f 2738 2740 5270
f 2651 5237 5271
f 5271 2653 2739
f 2652 2740 5272
f 2740 2741 5272
f 2653 5238 2655
f 5273 2656 5272
f 2741 5301 5273
f 2744 5331 2657
f 2658 2656 2743
f 2659 5275 2744
f 2744 2657 2659
f 2658 2743 5274
f 2745 2747 5274
f 2659 5240 5275
f 5275 2661 2748
f 2660 2747 2749
f 2747 5304 2749
f 2750 2748 5276
f 2661 5242 5276
f 2663 2752 5276
f 2662 2751 5277
f 2751 5307 5277
f 2663 2665 2752
f 2752 2665 2754
f 2664 2753 2755
f 2666 2664 2755
f 2754 2665 2756
f 2666 2755 5278
f 2755 5308 5278
f 2667 2669 5279
f 2669 5280 5279
f 2668 5278 2757
f 2669 5245 5280
f 5280 2671 2759
f 2757 2847 2670
f 2672 2670 2760
f 2673 2761 2671
f 2761 2759 2671
f 2672 2760 2674
f 2760 2762 2674
f 2673 2675 5281
f 2675 5282 5281
f 2676 2674 2762
f 2764 2676 2762
f 2677 2765 2763
f 2763 5843 5282
f 2676 2764 5283
f 2764 5312 5283
f 2679 5861 2677
f 2678 2766 2767
f 2680 2678 2767
f 2767 2681 2680
f 2768 2681 2767
f 2679 2682 5861
f 2770 5861 2682
f 2765 2677 5861
f 2681 2768 2771
f 2600 2681 2771
f 2683 5251 2771
f 2772 2683 2771
f 2684 2774 2773
f 2770 2682 2684
f 2773 2770 2684
f 2772 2859 2683
f 2685 2683 2775
f 2776 2685 2775
f 2687 2781 2686
f 2684 2601 2774
f 2777 2774 2686
f 2688 2685 2776
f 2689 2688 5284
f 2688 2776 5284
f 2691 2606 2690
f 2692 2691 5285
f 2691 2690 5285
f 2687 2604 5286
f 2692 2780 5286
f 2777 2686 2781
f 2693 2782 2694
f 2782 2693 2695
f 2696 2784 2695
f 2695 2784 2783
f 2785 5315 5287
f 2697 5288 2785
f 2787 2786 5288
f 2786 2785 5288
f 2699 2788 2703
f 2700 2699 2703
f 2782 5316 2699
f 2698 2701 5289
f 2701 2789 5289
f 2789 2701 2702
f 2703 2790 2791
f 2704 2703 2791
f 2702 2792 2789
f 2705 2792 2702
f 2792 2705 2706
f 2793 2792 2706
f 2708 2707 2794
f 2791 2707 2704
f 5319 2794 2791
f 2795 5320 5290
f 2622 5292 2709
f 5290 2709 5292
f 2708 2794 5291
f 2794 5321 5291
f 5292 2711 2797
f 2712 2798 2799
f 2713 2712 2799
f 2710 5291 2712
f 2798 2712 2796
f 2711 2800 2797
f 2626 2800 2711
f 2800 2626 2714
f 2801 2800 2714
f 2717 2629 5806
f 2715 2799 5806
f 2803 2716 2805
f 2716 2631 2805
f 2717 2804 5293
f 2804 5324 5293
f 2718 2720 2807
f 2719 5293 2806
f 2720 2722 2808
f 2809 5294 2721
f 2809 2721 2806
f 2810 2808 2722
f 2810 2722 2724
f 2723 2721 5294
f 2809 2894 5294
f 2724 2726 5295
f 2726 5263 5295
f 2811 2813 2725
f 2814 5295 5263
f 2727 2813 5296
f 2813 5326 5296
f 2815 2817 2729
f 2730 5265 2818
f 2731 2817 5297
f 2646 5266 5328
f 2731 5297 5328
f 2820 2732 2733
f 2821 2823 2734
f 2822 2733 2735
f 2734 2823 5298
f 2823 2825 5298
f 2735 5268 2737
f 2825 2827 2736
f 2737 5269 5299
f 5299 2739 2828
f 2738 2827 5300
f 2827 2829 5300
f 2740 5300 2741
f 2739 2742 2830
f 2831 5332 2741
f 5301 2741 5332
f 2834 2832 5331
f 2832 2742 5331
f 2743 5301 2835
f 2744 2746 2834
f 2746 5303 2834
f 2745 2835 5302
f 2835 2916 5302
f 2748 2837 2746
f 5303 2746 2837
f 2747 5302 5304
f 2836 2838 5304
f 2748 2750 2837
f 2837 2750 2839
f 2749 5304 5305
f 2750 2752 5306
f 2751 5305 5307
f 2840 2842 5307
f 2842 2843 2753
f 2755 2753 2843
f 2756 2844 2754
f 2755 2843 5308
f 2843 2845 5308
f 2756 5279 5309
f 2757 5308 5310
f 2761 2848 2759
f 2760 2670 2847
f 2847 2931 5311
f 2761 2850 2848
f 2758 2759 2848
f 2760 2847 5311
f 2849 2851 5311
f 2761 5281 2850
f 2850 5281 5843
f 2762 2851 2764
f 2765 2854 2763
f 2852 5843 2854
f 2764 2853 5312
f 2853 5334 5312
f 2855 2768 2767
f 2857 2768 2855
f 2858 5336 2769
f 2770 2858 2769
f 2856 2765 2769
f 2768 2857 2772
f 2771 2768 2772
f 2773 2861 2860
f 2774 2861 2773
f 2858 2770 2773
f 2860 2858 2773
f 2775 2683 2859
f 2776 2775 5313
f 2863 5339 2777
f 2861 2774 2777
f 2779 2778 2865
f 2778 2864 2865
f 2780 5285 5869
f 2863 2781 2780
f 2777 2781 2863
f 2868 5316 2783
f 2784 5315 5314
f 2869 5340 5314
f 2785 2870 5315
f 5315 2870 2869
f 2871 2952 2786
f 2872 2790 2788
f 2782 2783 5316
f 5316 2873 2872
f 2873 5316 2868
f 2787 2874 2871
f 5317 2875 2874
f 2789 5318 5317
f 2791 2790 2876
f 2877 5345 5318
f 2792 2793 5318
f 2877 5318 2793
f 2707 2791 2794
f 2791 2876 5319
f 2706 5290 2793
f 2879 2877 5320
f 2878 2880 5321
f 5321 2880 2796
f 2879 2795 5322
f 5322 2795 2797
f 2798 2882 2883
f 2880 2882 2796
f 2798 2796 2882
f 2881 5322 2884
f 2800 2884 2797
f 2884 2800 2801
f 2883 2885 2798
f 2801 2803 5323
f 2803 2888 5323
f 2885 2887 2802
f 2804 5806 2802
f 2886 5323 2888
f 2805 2888 2803
f 2805 2807 2888
f 2887 5844 5324
f 2804 2887 5324
f 5324 2890 5862
f 2892 5862 5348
f 2806 2892 2809
f 2808 2810 2893
f 2895 2893 2810
f 2895 2810 2812
f 2810 5295 2812
f 2811 2894 5325
f 2894 5351 5325
f 5327 2897 2814
f 2813 5325 5326
f 2898 2900 5326
f 2814 2730 5327
f 5327 2816 2901
f 2815 2900 2902
f 2900 2984 2902
f 2816 2818 2903
f 2817 2902 2904
f 2820 2905 2818
f 2903 2818 2905
f 2904 2987 2819
f 2906 2819 2987
f 2822 5330 5329
f 2821 2906 2823
f 2909 2907 5330
f 2824 2909 5330
f 2823 2908 2825
f 2824 2826 2909
f 2910 2829 2827
f 2825 2910 2827
f 2826 2828 2911
f 2911 5354 2826
f 2911 2828 2830
f 2831 2912 5332
f 2912 2914 5332
f 2832 2834 2915
f 2833 2914 2916
f 2998 3000 2914
f 2917 2915 5303
f 2917 2837 2919
f 2836 2918 2838
f 3004 2920 2918
f 2920 2840 2838
f 2922 2842 2840
f 2924 2923 2841
f 2842 2922 2925
f 2754 2844 2924
f 2844 5333 2924
f 2925 2927 2843
f 2845 2843 2927
f 2844 5309 5333
f 5333 2846 2928
f 2927 2929 2845
f 2848 2933 2846
f 2930 2846 2933
f 2847 5310 2931
f 2849 5311 2931
f 2931 5361 2849
f 2850 2933 2848
f 2932 5363 2849
f 2850 5843 5863
f 2853 2764 2851
f 2851 5364 2853
f 2936 2852 2937
f 2854 2937 2852
f 2934 2852 2936
f 2938 5335 5334
f 2855 5312 5334
f 2856 2937 2854
f 2857 2855 5335
f 2938 2940 5335
f 2856 2769 5336
f 2858 2941 5336
f 2940 5337 2857
f 5337 2859 2772
f 2942 2859 5337
f 2943 5367 2860
f 2941 2858 2860
f 2942 5338 2859
f 2862 5313 5338
f 2775 2859 5338
f 2944 3030 2862
f 2946 5339 2947
f 2861 2777 5339
f 2863 2947 5339
f 2943 2860 2861
f 2862 2945 2864
f 2865 2948 2866
f 2949 2866 2948
f 2867 2866 2949
f 2947 2863 2867
f 2869 2951 5340
f 5340 2951 2950
f 2870 2952 5341
f 2952 5371 5341
f 2953 2872 2873
f 5343 2873 2868
f 2954 2873 5343
f 2955 5372 2871
f 2874 2955 2871
f 2875 2956 2955
f 2957 5344 2876
f 5342 2957 2876
f 5342 2958 2957
f 2958 5342 2953
f 2959 5373 5345
f 5345 2956 2875
f 2957 5374 5344
f 5344 2960 2878
f 2878 2960 2963
f 2880 2878 2963
f 2962 2963 2960
f 2879 2964 2961
f 2879 5322 2964
f 2965 2964 2881
f 2882 5375 2883
f 2963 2882 2880
f 2963 5375 2882
f 2967 5376 5346
f 2884 5323 5346
f 2967 5346 5323
f 2967 2886 2969
f 2885 2968 2887
f 2889 2886 2888
f 2889 2973 5347
f 2971 2969 5347
f 2972 2890 2970
f 2890 5324 5844
f 2974 5348 2972
f 2890 2972 5348
f 2808 2893 2891
f 2893 2977 5349
f 2892 5348 5350
f 2976 2896 2974
f 2893 2895 2977
f 2895 2979 2977
f 2978 5351 2896
f 2894 5350 2896
f 2978 2896 2976
f 2979 2895 2897
f 2894 2896 5351
f 2978 2980 5351
f 2898 2980 2982
f 2983 2981 2901
f 2900 2982 2984
f 2901 2816 2903
f 2902 2984 5845
f 2986 5845 5383
f 2903 2905 2985
f 2905 5352 2985
f 2904 5845 2987
f 2905 5329 5352
f 5352 2907 2988
f 2906 2987 5353
f 2987 2986 5353
f 2909 2990 2907
f 2989 2991 2908
f 2909 5354 2990
f 2910 2991 2992
f 2991 3076 2992
f 2909 2826 5354
f 5354 2911 2993
f 2994 5355 2992
f 2911 2830 2995
f 2995 2913 2997
f 2912 2996 2998
f 2996 5389 2998
f 2913 2915 5356
f 2915 3001 5356
f 2915 2917 3001
f 2916 3000 5357
f 3000 5391 5357
f 2917 2919 5358
f 2919 3005 5358
f 2918 5357 3004
f 2839 2921 2919
f 2920 3004 5359
f 3004 5394 5359
f 2841 2923 2921
f 3007 2921 2923
f 2840 5359 2922
f 3008 2922 3006
f 3009 5395 2923
f 2924 2926 2923
f 3010 2925 3008
f 3009 2923 2926
f 2926 5360 3009
f 2922 3008 2925
f 2926 2928 5360
f 2930 3014 3012
f 2930 3012 2928
f 3012 5360 2928
f 2929 5361 2931
f 2929 3013 5361
f 3013 5399 5361
f 2930 2933 5362
f 2933 5863 5362
f 2932 3015 5363
f 3015 3017 5363
f 2935 2853 5364
f 3019 2935 5364
f 3020 5402 2936
f 2937 3020 2936
f 3018 2934 2936
f 2935 3019 3021
f 2938 2935 3021
f 3022 2938 3021
f 3020 2937 2939
f 3023 3020 2939
f 3024 2940 2938
f 3025 5403 5365
f 5365 3023 2939
f 3026 3027 5366
f 5366 3024 3026
f 2942 5366 3027
f 5367 3029 3028
f 5367 2943 3029
f 2941 2860 5367
f 3027 3110 2944
f 2942 3027 2944
f 2945 2862 3030
f 3033 3115 5368
f 2947 5370 5368
f 3029 2943 2946
f 2865 2945 2948
f 2945 3030 3031
f 2948 3031 5369
f 2947 2867 5370
f 2949 3034 5370
f 2951 5341 5371
f 3035 2951 5371
f 2954 3037 3038
f 2953 2954 3038
f 2952 5372 3036
f 2952 2871 5372
f 2955 3039 5372
f 3039 2955 2956
f 3040 3039 2956
f 2958 3041 3042
f 2957 2958 3042
f 3038 2958 2953
f 3038 3041 2958
f 3040 2956 5373
f 3043 3040 5373
f 2957 3042 5374
f 2960 5344 5374
f 3044 5374 3042
f 3043 5373 3046
f 2959 2961 3046
f 3045 2962 2960
f 3048 2962 3045
f 2961 3049 3047
f 2964 3049 2961
f 3049 2964 2965
f 2966 2883 5375
f 2963 2962 5375
f 2967 5377 5376
f 3051 5410 5376
f 2966 3050 3052
f 2966 3052 2968
f 3051 5376 5377
f 5377 2967 2969
f 2968 3052 5378
f 3052 5411 5378
f 2969 2971 3055
f 2972 2970 3056
f 3056 2970 3054
f 3057 3055 2971
f 2973 5379 2971
f 3056 3058 2972
f 2973 5349 5379
f 5379 2975 3059
f 2974 3058 2976
f 3058 5412 2976
f 2975 2977 5380
f 2977 3063 5380
f 3063 2977 2979
f 3062 3060 3063
f 3061 3064 2980
f 2979 5381 3063
f 3062 3063 5381
f 2979 2899 5381
f 2980 3064 2982
f 3066 2981 2983
f 3064 3146 5382
f 2983 2985 3068
f 2984 5382 5383
f 3067 3069 5383
f 3070 3068 5384
f 5385 3069 3071
f 3069 3150 3071
f 2985 5352 5384
f 5384 2988 3072
f 5385 5353 2986
f 3071 3073 5385
f 2988 2907 5386
f 2990 3074 5386
f 2989 3073 3075
f 3073 3156 3075
f 2990 5387 3074
f 2991 3075 3076
f 2990 5354 5387
f 5387 2993 3077
f 2992 3076 2994
f 3160 3078 3076
f 2993 2995 5388
f 2995 2997 5388
f 3078 3080 2994
f 3079 5388 2997
f 2997 5390 3079
f 2996 3080 5389
f 3080 5421 5389
f 2997 5356 5390
f 5390 2999 3082
f 2998 5389 3081
f 2999 3001 3083
f 3000 3081 5391
f 3081 5389 5864
f 3001 5358 3083
f 3083 3003 3085
f 3002 3084 5392
f 3084 5424 5392
f 3003 3005 5393
f 3005 3007 5393
f 3086 3006 5394
f 3006 5359 5394
f 3086 3088 3006
f 3007 2923 5395
f 3009 3089 5395
f 3008 3088 5396
f 3088 5427 5396
f 3009 5398 3089
f 3010 5396 5397
f 3090 3091 5397
f 3009 5360 5398
f 5398 3012 3092
f 3013 3011 3091
f 3093 3013 3091
f 3014 3094 3092
f 3092 3012 3014
f 3013 3093 5399
f 3093 3095 5399
f 3014 5362 5400
f 5400 3016 3096
f 3097 3017 3015
f 3098 3096 3016
f 3017 3097 5401
f 3097 5431 5401
f 3018 2936 5402
f 3020 3100 5402
f 3019 3099 3101
f 3021 3019 3101
f 3101 3022 3021
f 3102 3022 3101
f 3023 3103 3100
f 3102 3104 3022
f 3105 3026 3104
f 3106 5403 3107
f 3103 3023 5403
f 3106 3103 5403
f 3024 3104 3026
f 3108 3027 3026
f 3109 5434 3028
f 3029 3109 3028
f 3027 3108 3110
f 3030 2944 3110
f 3031 3030 3112
f 3111 3112 3030
f 3030 3110 3111
f 3113 3114 3033
f 3033 3114 3115
f 3109 3029 3032
f 3115 3109 3032
f 3034 5369 5404
f 3113 3034 5404
f 3038 3037 3116
f 3037 3117 3116
f 3117 3197 3116
f 3035 3118 3117
f 3036 5406 5405
f 3119 3118 5405
f 3036 5407 5406
f 3120 3199 5406
f 3039 3121 5407
f 5407 3121 3120
f 3121 3039 3040
f 3044 3042 3122
f 3041 3122 3042
f 3040 3123 3121
f 3123 3040 3043
f 3124 3123 3043
f 3044 3125 3126
f 3045 3044 3126
f 3043 3127 3124
f 3046 3127 3043
f 3127 3046 3047
f 3128 3127 3047
f 3129 5409 3048
f 3126 3048 3045
f 3126 5440 3048
f 3130 5441 5408
f 3049 5410 5408
f 2962 3048 5409
f 3129 3131 5409
f 3049 2965 5410
f 5410 3051 3132
f 3052 3050 3133
f 3133 3050 3131
f 3134 3051 3053
f 3052 3133 5411
f 3133 5442 5411
f 3135 3137 3054
f 3057 3136 3055
f 3138 3056 3137
f 3056 3138 3058
f 3058 3138 5412
f 3138 5444 5412
f 3059 5380 3141
f 2976 5412 5413
f 3140 3142 5413
f 3060 3062 5414
f 3062 3145 5414
f 3064 3061 3144
f 3143 5414 3145
f 3145 3062 3065
f 3064 3144 3146
f 3144 3222 3146
f 3066 3068 5415
f 3068 5416 5415
f 3067 3148 3150
f 3148 5449 3150
f 3068 3070 5416
f 5416 3070 3151
f 3152 3071 3150
f 3070 3072 5417
f 3072 5418 5417
f 3071 3152 3154
f 3152 3233 3154
f 3072 5386 5418
f 5418 3074 3155
f 3073 3154 3156
f 3075 3156 3158
f 3156 3237 3158
f 3074 5387 3157
f 3157 3077 3159
f 3076 3158 3160
f 3077 5388 5419
f 3079 3161 5419
f 3078 3160 5420
f 3160 3239 5420
f 3079 5422 3161
f 3080 5420 5421
f 3162 3163 5421
f 3079 5390 5422
f 5422 3082 3164
f 3165 5864 3163
f 3242 3244 3163
f 3082 2999 5423
f 3083 3085 5423
f 3166 5423 3085
f 3085 5425 3166
f 3084 3167 5424
f 3167 5457 5424
f 3085 5393 5425
f 5425 3087 3169
f 3170 3086 3168
f 3087 5426 3169
f 3086 3170 3088
f 3087 5395 5426
f 5426 3089 3172
f 3170 3252 5427
f 3174 3172 5428
f 3175 3091 3090
f 3177 3176 3174
f 3177 3174 5428
f 3091 3175 3178
f 3092 3094 3177
f 3094 5430 5462
f 3093 3178 5429
f 3178 5463 5429
f 3094 5400 5430
f 5430 3096 3181
f 3097 3095 3180
f 3182 5431 3180
f 3098 3181 3096
f 3097 3180 5431
f 3182 3183 5431
f 3098 5402 5432
f 5432 3100 3184
f 3183 5433 3099
f 5433 3102 3101
f 3185 3102 5433
f 3103 3106 5465
f 3184 3100 3103
f 3102 3185 3187
f 3104 3102 3187
f 3187 3105 3104
f 3188 3105 3187
f 3107 3189 3106
f 3186 5465 3106
f 3189 3186 3106
f 3105 3188 3190
f 3108 3105 3190
f 3191 3108 3190
f 5466 3189 5846
f 3109 3192 5434
f 3191 5435 3108
f 3110 3108 5435
f 3112 3111 5436
f 3111 3193 5436
f 3113 5404 5437
f 3112 5436 5437
f 3113 3195 3114
f 3192 3109 3115
f 3198 5468 3118
f 3118 3119 3198
f 3119 5406 3199
f 5469 3119 3199
f 3121 5439 3120
f 3122 3200 3201
f 3201 3125 3122
f 3116 3197 5438
f 3202 3200 5438
f 3202 5438 3197
f 3199 3120 3203
f 3121 3123 5439
f 3123 3204 5439
f 3204 3123 3124
f 3125 3201 3205
f 3126 3125 3205
f 3124 3127 3128
f 3206 3124 3128
f 3129 3048 5440
f 3126 3205 5440
f 3130 3210 5441
f 3208 3206 5441
f 3129 5440 3292
f 3129 3209 3131
f 3207 3292 5440
f 3208 5441 3210
f 3210 3130 3132
f 3209 3212 3131
f 3132 3051 3134
f 3213 3211 3134
f 3215 5442 3214
f 3212 3214 5442
f 3215 3135 5442
f 3213 3134 5443
f 3134 3053 5443
f 3215 3216 3135
f 3136 3057 3217
f 3057 3059 3217
f 3138 3137 3218
f 3056 3054 3137
f 3218 3137 3216
f 3138 3218 5444
f 3218 3219 5444
f 3141 5446 3139
f 3140 5444 5445
f 3219 3221 5445
f 3141 5414 5446
f 5446 3143 3220
f 3144 3223 3222
f 3144 3061 3142
f 3224 3143 3145
f 3225 5447 3222
f 3223 3225 3222
f 3145 3147 3224
f 5447 3148 3222
f 3225 5476 5447
f 3147 5415 5448
f 5448 3149 3228
f 3148 5447 5449
f 3227 5477 5449
f 3149 3151 3230
f 3151 3232 3230
f 3231 3152 3229
f 3229 5477 3231
f 3151 5417 3232
f 3152 3231 3233
f 3153 3155 3234
f 3155 3236 3234
f 3154 3233 3235
f 3233 3318 3235
f 3155 3157 3236
f 3156 3235 3237
f 3157 3159 5450
f 3159 5452 5450
f 3158 3237 5451
f 3237 3322 5451
f 3159 5419 5452
f 5452 3161 3240
f 3160 5451 3239
f 3241 3240 5453
f 3239 5483 3162
f 3242 3162 5483
f 3161 5422 5453
f 5453 3164 3243
f 3164 5423 5454
f 3166 5456 5454
f 3165 3244 5455
f 3244 3328 5455
f 3166 3249 5456
f 3246 3247 5457
f 3168 5424 5457
f 3168 5457 3247
f 3248 5487 3249
f 3249 5487 5456
f 3249 5425 5458
f 3169 3171 5458
f 3171 3251 5458
f 3170 3250 3252
f 3250 5488 3252
f 3171 3172 5459
f 3172 5460 5459
f 3172 3174 5460
f 5460 3174 3255
f 3175 3173 3254
f 3256 5461 3254
f 3257 5491 3176
f 3177 5462 3176
f 3255 3174 3176
f 3175 3254 5461
f 3256 3258 5461
f 3177 3094 5462
f 3180 5429 3260
f 3259 3260 5463
f 5463 3260 5429
f 3262 3261 3179
f 3260 3182 3180
f 3259 3263 3260
f 3181 3264 3262
f 3265 3183 3182
f 3266 5464 3265
f 3267 5807 3268
f 3264 5432 5807
f 3181 5432 3264
f 3183 3265 5464
f 3266 3269 5464
f 3184 3103 5465
f 3186 3270 5465
f 3185 3269 3271
f 3271 3188 3185
f 3189 5495 3186
f 3188 3271 3272
f 3190 3188 3272
f 3191 3190 3273
f 3190 3272 3273
f 3191 3273 3274
f 5466 3196 3275
f 5846 3196 5466
f 3275 3355 5466
f 3194 5436 5467
f 3193 3274 5467
f 3276 3275 3196
f 3197 5468 3280
f 3281 3280 5468
f 3197 3117 5468
f 3119 5469 3198
f 3198 3282 3281
f 3283 3358 5469
f 3282 3198 5469
f 3284 3200 3202
f 3280 3202 3197
f 3199 3203 3283
f 3203 3285 3283
f 5470 3286 3285
f 5470 3285 3203
f 3201 3288 3205
f 3287 3288 3201
f 3201 3200 3287
f 3284 3287 3200
f 3206 3290 5471
f 3286 5470 5471
f 3124 3206 3204
f 3288 3363 3207
f 3289 5471 3290
f 3290 3206 3208
f 3209 3129 3292
f 3208 3293 3291
f 3210 3293 3208
f 3293 3210 3211
f 3292 3294 3209
f 3211 3213 5472
f 3213 3297 5472
f 3215 3214 3296
f 3212 3209 3214
f 3296 3214 3294
f 3295 5472 3297
f 3136 5473 3213
f 3370 3298 3296
f 3136 3217 5473
f 3217 3302 5473
f 3298 5505 3216
f 3302 3217 3139
f 3301 3299 3302
f 3300 3303 3219
f 3139 5474 3302
f 3301 3302 5474
f 3219 3303 3221
f 3220 3143 5475
f 5475 3224 3307
f 3223 3306 3225
f 3225 3308 5476
f 3310 3227 5476
f 3310 5476 3308
f 3226 3311 3309
f 3311 3226 3228
f 3310 3312 3227
f 3230 3313 3228
f 3311 3228 3313
f 3229 5449 5477
f 3312 3314 5477
f 3315 3313 3232
f 3232 3317 3315
f 3231 3314 5478
f 3314 5510 5478
f 3232 3234 3317
f 3233 5478 3318
f 3234 3236 5479
f 3236 3321 5479
f 3235 3318 5480
f 3318 5513 5480
f 3236 5450 3321
f 3237 5480 3322
f 3323 5481 3240
f 3238 3240 5481
f 3239 5451 5482
f 3322 3398 5482
f 3240 3241 3323
f 3239 5482 5483
f 3241 3243 5484
f 3243 5486 5484
f 3242 3324 5485
f 3324 3400 5485
f 3243 5454 5486
f 5486 3245 3327
f 3246 5455 3328
f 3328 3329 3246
f 3245 3330 3327
f 3329 3331 3246
f 3404 3331 3329
f 3245 5456 5487
f 3248 3332 5487
f 3331 3333 3247
f 3248 3251 3332
f 3251 5489 3332
f 3250 3333 5488
f 3333 5516 5488
f 3251 5459 5489
f 3335 3337 5490
f 3254 3173 5490
f 3336 3410 3253
f 3254 5490 3337
f 3255 3336 3253
f 3255 3176 5491
f 3256 3337 5492
f 3337 3411 5492
f 3179 3261 3257
f 3259 3258 3339
f 3339 3416 5493
f 3261 3341 3338
f 3262 5494 3261
f 3338 3257 3261
f 3259 3339 5493
f 3340 3342 5493
f 3262 3264 5494
f 5494 3264 3267
f 3265 3263 3342
f 3342 3266 3265
f 3343 3266 3342
f 3344 5518 3267
f 3268 3344 3267
f 3264 5807 3267
f 3345 3269 3266
f 3270 3346 3344
f 3270 3344 3268
f 3271 3347 3272
f 3345 3424 3347
f 3271 3269 3345
f 3277 3349 3348
f 5495 3277 3348
f 5495 3189 3277
f 3273 3272 3350
f 3350 5496 3273
f 3274 3273 5496
f 3276 3354 3275
f 3353 3429 3355
f 3277 5466 3355
f 3351 3352 5497
f 5497 3352 3278
f 3279 3278 5498
f 3278 3352 5498
f 3353 3275 3354
f 3354 3276 3279
f 3280 5500 5499
f 3357 3434 5499
f 3281 3282 5500
f 3282 5520 5500
f 5520 3282 3358
f 3282 5469 3358
f 3283 5501 3358
f 3285 3359 5501
f 3359 3437 5501
f 3359 3285 3286
f 3287 3284 3360
f 3360 3362 3287
f 3356 3360 3284
f 3286 3361 3359
f 3361 3286 3289
f 3288 3362 3363
f 3363 5502 3207
f 3288 3287 3362
f 3289 3364 3361
f 3290 3364 3289
f 3364 3290 3291
f 3365 3364 3291
f 3292 3207 5502
f 3293 5503 3291
f 5808 3368 5847
f 3367 3291 5503
f 3293 5472 5503
f 3294 3368 3296
f 3372 3295 3297
f 3371 5523 3372
f 3370 3373 3374
f 3370 3374 3298
f 3297 5504 3372
f 3371 3372 5504
f 3297 5473 5504
f 3298 3374 5505
f 3374 5524 5505
f 3299 3301 5506
f 3303 3300 3378
f 3378 3300 3376
f 3377 5506 3301
f 3379 3377 3304
f 3380 3303 3378
f 3303 3380 5507
f 3380 5527 5507
f 3305 5475 5508
f 5508 3307 3383
f 3306 5507 3308
f 3382 3384 3308
f 3307 3226 3309
f 3311 3388 3385
f 3309 3311 3385
f 3310 3386 3312
f 3387 3385 3388
f 3311 3313 3388
f 3386 3465 5509
f 3389 5510 5509
f 3388 3313 3315
f 3314 5509 5510
f 3389 3468 5510
f 3315 3317 5511
f 3317 5512 5511
f 3317 5479 5512
f 5512 3319 3393
f 3318 3316 5513
f 3392 3394 5513
f 3319 3321 5514
f 3321 3238 5514
f 3394 3396 3320
f 5481 3323 3397
f 3322 3320 3398
f 3398 5530 3324
f 3401 3399 5515
f 3399 3397 5515
f 3326 5485 3400
f 5531 3402 3400
f 3401 3325 3403
f 3327 3403 3325
f 3326 3329 3328
f 3402 5532 3326
f 3404 3326 5532
f 3330 3405 3327
f 3330 3332 3407
f 3409 5534 3334
f 3333 3406 5516
f 3334 5489 3410
f 3414 5848 5491
f 3339 5517 3416
f 3415 3416 5517
f 3339 5492 5517
f 3418 3417 3414
f 3340 5493 3416
f 3415 3488 3416
f 3338 3341 3418
f 3420 5538 3341
f 3342 3340 3421
f 3419 3421 3340
f 3421 3343 3342
f 3344 3422 5518
f 3343 3421 3423
f 3423 3424 3343
f 3345 3343 3424
f 3346 3425 3422
f 3346 3422 3344
f 3426 3347 3424
f 3426 3427 3347
f 3349 3429 3428
f 3425 3346 3348
f 3428 3425 3348
f 3350 3272 3427
f 3351 3350 5519
f 3350 3427 5519
f 3351 3430 3352
f 3353 3354 3431
f 3352 5542 5498
f 5498 3431 3354
f 3431 3432 3353
f 3429 3349 3355
f 3356 5499 3434
f 3357 5500 5520
f 3357 3435 3433
f 3358 3436 5520
f 5520 3436 3435
f 3358 3437 3436
f 3438 3360 3356
f 3356 3439 3438
f 3439 3356 3434
f 3359 3440 3437
f 3361 3441 3440
f 3361 3440 3359
f 3362 3442 3363
f 3362 5521 3442
f 3443 3442 5521
f 3438 3511 5521
f 3445 3444 5522
f 3441 3361 5522
f 3445 5522 3365
f 3442 3443 3446
f 3366 5502 3446
f 3445 3365 3367
f 3448 3450 5808
f 3446 5544 3366
f 3367 3369 3447
f 3449 3447 3369
f 3369 3295 5523
f 5523 3371 3451
f 3370 3450 3373
f 3371 3452 3451
f 3452 3371 3375
f 3374 3373 5524
f 3373 3522 5524
f 3375 5506 5526
f 3377 3456 5526
f 3378 3376 5525
f 3376 3453 5525
f 3301 3304 3377
f 3379 5809 3456
f 3457 3380 5525
f 5809 3379 3381
f 3380 3457 5527
f 3457 3530 5527
f 3381 3383 3460
f 3383 5528 3460
f 3382 5527 3461
f 3383 3309 5528
f 5528 3385 3462
f 3384 3382 5529
f 3461 5547 5529
f 3386 3384 3463
f 3388 3390 3387
f 3389 5509 3465
f 3467 3466 3390
f 3316 5510 3468
f 3390 5511 3467
f 3468 5551 3392
f 3316 3468 3392
f 3391 3393 3470
f 3470 5552 3391
f 3469 3471 3394
f 3392 3469 3394
f 3393 3395 3470
f 3471 5555 3396
f 3394 3471 3396
f 3395 3397 3473
f 3473 5556 3395
f 3396 3472 3398
f 3474 5530 3472
f 3475 3473 3399
f 3473 3397 3399
f 3398 3472 5530
f 3401 3476 3399
f 3400 5530 5531
f 3474 5559 5531
f 3479 5532 3477
f 3402 3477 5532
f 3403 3405 3480
f 3404 5532 5533
f 3479 3481 5533
f 5534 3480 3407
f 3407 3334 5534
f 3406 5533 5535
f 3481 3483 5535
f 3483 3484 3408
f 3484 5536 3408
f 3410 3412 5562
f 3335 5516 5536
f 3484 3486 5536
f 3410 3336 3412
f 3486 5564 3413
f 3487 3413 5564
f 5848 3414 5537
f 3414 3417 5537
f 3415 3413 3487
f 3487 5565 3415
f 3418 3341 5538
f 5538 3420 3490
f 3491 3419 3489
f 3420 5539 3490
f 3491 3421 3419
f 3492 5850 3494
f 5539 3494 5850
f 3421 3491 3423
f 3423 3491 3493
f 3496 3571 5569
f 5569 3425 3496
f 3425 5569 3422
f 3424 3495 3426
f 5540 3570 3497
f 3495 3569 5540
f 3498 5519 3497
f 3500 3428 3429
f 3425 3428 3496
f 3352 3430 5541
f 3430 3498 5541
f 3431 5498 5542
f 3352 5541 5542
f 3432 3431 3502
f 3433 3435 3504
f 3435 3436 3505
f 3504 3435 3505
f 3438 3439 3506
f 3433 3439 3434
f 3433 3504 3507
f 3508 5575 3505
f 3436 3508 3505
f 3436 5543 3508
f 3437 5543 3436
f 3437 3440 5543
f 3440 3510 5543
f 3510 3440 3441
f 3443 5521 3511
f 3441 3513 3510
f 3513 3441 3444
f 3514 3513 3444
f 3446 3443 3515
f 3515 3443 3512
f 3444 3516 3514
f 3445 3516 3444
f 3516 3445 3447
f 3448 3518 3517
f 3448 3366 5544
f 3446 3515 5544
f 3520 3447 3449
f 3519 3593 3520
f 3518 3595 3517
f 3519 3520 3449
f 3373 5545 3522
f 3373 3450 5545
f 3450 3517 5545
f 3525 3451 3452
f 3524 5578 3525
f 3522 3523 3526
f 3522 3526 3453
f 3452 5546 3525
f 3524 3525 5546
f 3452 5526 5546
f 3453 3526 3455
f 3526 3528 3455
f 3456 3458 3454
f 3527 3454 3529
f 3457 3455 3530
f 3529 3454 3458
f 3530 3531 3459
f 3532 3459 3531
f 3533 3607 3458
f 3458 5809 3533
f 3459 3532 5547
f 3532 5580 5547
f 3460 5528 5849
f 3534 5529 5547
f 3387 3464 3462
f 3535 3464 3536
f 3463 3534 5548
f 3534 5583 5548
f 3466 3538 3464
f 3536 3464 3538
f 3465 5548 3539
f 3467 5550 3466
f 3538 3466 5550
f 3389 3539 5549
f 3539 5585 5549
f 3467 5552 5550
f 3468 5549 5551
f 3540 3542 5551
f 3467 3391 5552
f 5552 3470 3543
f 3469 3542 5553
f 3542 5589 5553
f 3470 5556 5554
f 3471 5553 5555
f 3470 3395 5556
f 3473 5558 5556
f 3472 5555 5557
f 3544 5592 5557
f 3473 3475 5558
f 3475 3547 5558
f 3474 5557 3546
f 3475 3476 3547
f 3476 5560 3547
f 3474 3546 5559
f 3546 5595 5559
f 3476 3403 5560
f 5560 3478 3549
f 3479 3477 3548
f 3480 5561 3478
f 3551 3478 5561
f 3479 3550 3481
f 3550 5597 3481
f 3480 5534 5561
f 5561 3482 3552
f 3553 3484 3483
f 3554 5599 3555
f 3555 5599 3482
f 3409 5562 3555
f 3409 3410 5562
f 3556 3554 3485
f 3484 3553 5563
f 3559 3487 5564
f 3561 5566 3558
f 3561 3558 3485
f 3487 3559 5565
f 3559 5601 5565
f 3417 5566 3561
f 3417 5568 5566
f 3489 5567 3565
f 3564 3565 5567
f 3489 3488 5567
f 3566 3563 5568
f 3563 5566 5568
f 3565 3567 3489
f 3564 3644 3565
f 3490 5539 5850
f 3567 3493 3491
f 3567 5604 3493
f 3495 3493 3569
f 3569 5605 5540
f 3496 3572 3571
f 3498 5570 3574
f 3498 3497 5570
f 3497 3570 5570
f 3573 3575 3574
f 3501 3574 3575
f 3575 3576 3501
f 3503 3502 3577
f 3503 3499 3500
f 3503 3577 5571
f 3577 5623 5571
f 3572 3496 3499
f 3501 5541 3574
f 3576 3502 3501
f 3576 3577 3502
f 3578 3584 5572
f 3506 3439 5572
f 3504 5574 5573
f 3579 5606 5573
f 5574 3505 5575
f 5574 3580 3579
f 5575 3581 3580
f 3582 3581 3509
f 3581 5575 3509
f 3511 3583 3512
f 3506 3583 3511
f 3506 3584 3583
f 3584 3506 5572
f 3582 3585 3581
f 5577 3586 3585
f 5577 3585 3582
f 3513 3582 3510
f 3515 5576 3587
f 3589 3587 5576
f 5576 3588 3589
f 3512 3583 3588
f 3590 3586 3591
f 3586 5577 3514
f 3587 3589 3592
f 3587 3592 3518
f 3591 3593 3590
f 3516 3520 3591
f 3593 3591 3520
f 3595 3598 3517
f 3595 3518 3592
f 3519 3596 3594
f 3596 3519 3521
f 3521 5578 3596
f 3521 3525 5578
f 5578 3524 3599
f 3523 3600 3526
f 3601 5608 3602
f 3524 3527 3602
f 3600 3603 3528
f 3527 3604 3602
f 3528 3603 3531
f 3603 5609 3531
f 5579 3458 3607
f 3607 3605 5579
f 3532 3606 5580
f 3606 3609 5580
f 3533 5581 3607
f 5849 3535 5581
f 3609 5583 5580
f 3535 3536 5582
f 3534 5580 5583
f 3609 3611 5583
f 3536 3538 3612
f 3537 3611 5584
f 3614 3612 5586
f 3539 5584 5585
f 3613 3615 5585
f 3538 5550 5586
f 5586 3541 3616
f 3540 3615 5587
f 3615 5615 5587
f 3541 3543 5588
f 3543 5590 5588
f 3542 5587 5589
f 3617 3619 5589
f 3543 5554 5590
f 5590 5554 5591
f 3545 5593 5591
f 3621 3623 5592
f 3545 5558 5593
f 5593 3547 3624
f 3546 5592 5594
f 3547 5596 3624
f 3546 5594 5595
f 3625 3627 5595
f 3547 5560 5596
f 5596 3549 3628
f 3629 3550 3627
f 5597 5598 3481
f 3631 5598 5597
f 3552 3632 3630
f 3483 3481 5598
f 3631 3633 5598
f 3552 3482 5599
f 3554 3634 5599
f 3553 3633 5600
f 3554 3556 3634
f 3634 3556 3636
f 3637 3638 3557
f 3637 3557 5600
f 3557 5563 5600
f 3639 3636 3556
f 3557 3638 3559
f 3637 5619 3638
f 3640 5601 3638
f 3558 3560 3639
f 3559 3638 5601
f 3640 3642 5601
f 5566 3563 3560
f 5602 3563 3643
f 3562 3642 3564
f 3566 5603 3643
f 3643 3563 3566
f 3567 3565 3646
f 3644 3646 3565
f 3644 3647 3646
f 3648 3645 5603
f 3645 3643 5603
f 5604 3649 5810
f 3647 3718 5604
f 3647 5604 3646
f 3648 3651 3650
f 3648 3568 3651
f 3492 3651 3568
f 3570 5605 3653
f 3652 3653 5605
f 5810 3649 3652
f 3652 3654 3653
f 3572 3656 3655
f 3492 3571 3651
f 3654 3573 3653
f 3573 3657 3575
f 3577 3576 3658
f 3576 3575 3658
f 3656 3572 5571
f 3578 5573 5606
f 3659 3580 3581
f 3583 3584 3660
f 3578 5606 3661
f 3662 3659 3581
f 3589 3588 3663
f 3660 3588 3583
f 3663 3588 3660
f 3586 3664 3585
f 3664 3586 3590
f 3665 3664 3590
f 3592 3589 3666
f 3590 3667 3665
f 3593 3667 3590
f 3667 3593 3594
f 3595 3669 3668
f 3595 3592 3669
f 3592 3666 3669
f 3597 3594 3596
f 3670 3744 3597
f 3594 3597 3744
f 3669 3743 3668
f 3672 3670 3597
f 3672 3597 3599
f 3598 3668 5607
f 5607 3668 3745
f 3599 3602 5608
f 3600 3675 3603
f 3600 3673 3675
f 3676 3674 3601
f 3678 5609 3677
f 3675 3677 5609
f 3678 5611 5609
f 3604 5610 3601
f 3676 3601 5610
f 3604 5579 5610
f 3531 5609 5611
f 3678 3680 5611
f 3607 5612 3605
f 5612 3681 3605
f 3608 3681 5612
f 3606 3683 3609
f 3684 5627 3608
f 3608 3610 3684
f 3682 3757 3683
f 3685 3611 5613
f 3686 3684 3610
f 3686 3610 3612
f 3613 5584 3685
f 3614 3616 5614
f 3616 5616 5614
f 3615 3613 5615
f 3688 3690 5615
f 3616 5588 5616
f 5616 3618 3691
f 3690 3692 3617
f 3692 3694 3619
f 3694 3695 3621
f 3695 3697 3623
f 3624 3626 3698
f 3699 3627 3625
f 3627 3699 3629
f 5617 3629 3701
f 3702 5630 5628
f 3628 3551 5628
f 3699 3701 3629
f 3701 3703 5617
f 3632 3704 3630
f 3631 5617 3705
f 3633 3631 3705
f 3632 5599 5618
f 3707 3708 3635
f 3707 3635 3633
f 3635 5600 3633
f 3706 5618 3634
f 3635 3708 3637
f 3707 3781 3708
f 3710 5619 3708
f 3639 3711 3636
f 3637 3708 5619
f 3710 3712 5619
f 3639 3560 3641
f 3714 5620 3712
f 3642 5620 3564
f 3642 3712 5620
f 3714 3789 5620
f 3713 5602 5621
f 3643 3645 5621
f 3645 3717 5621
f 3716 3647 3644
f 3716 5632 3647
f 3717 3645 3719
f 3648 3719 3645
f 3649 5604 3718
f 3718 5633 3649
f 3650 3722 3721
f 3651 3655 3650
f 3719 3648 3650
f 3721 3719 3650
f 3652 3649 3720
f 3652 3720 3654
f 3724 5622 3723
f 3725 3726 3727
f 3727 3655 3656
f 3726 3722 3727
f 3722 3650 3655
f 3654 3723 3657
f 5622 5866 3657
f 3725 5623 5866
f 3656 5571 5623
f 3727 3656 5623
f 3729 3660 3661
f 3579 5624 5606
f 5606 5624 3728
f 3659 3731 5624
f 5624 3731 3730
f 3662 3732 3731
f 3734 3735 3663
f 3729 3734 3660
f 3733 3736 3732
f 3738 3737 3736
f 3738 3736 3733
f 3664 3733 3585
f 3664 3665 3738
f 3666 3740 3739
f 3663 3740 3666
f 3663 3735 3740
f 3667 3741 3665
f 3665 3737 3738
f 3739 3742 3743
f 3739 3743 3669
f 3740 3742 3739
f 3667 3744 3741
f 3667 3594 3744
f 3671 3668 3743
f 3745 3671 3747
f 3745 3747 3673
f 3746 3670 3672
f 3746 3672 5625
f 3672 5608 5625
f 3673 3747 5626
f 3747 5637 5811
f 3674 3676 3750
f 3676 3752 3750
f 3677 3751 3678
f 3675 5626 3677
f 3676 3679 3752
f 3754 3682 3753
f 3680 3753 3682
f 3681 3608 5627
f 5627 3684 3758
f 3757 3759 5613
f 3686 3687 3760
f 3685 3761 3613
f 3761 3685 3759
f 3761 5643 3688
f 3613 3761 3688
f 3687 3689 3763
f 3763 5644 3687
f 3762 3764 3690
f 3688 3762 3690
f 3765 5646 3766
f 3689 3691 3766
f 3763 3689 3766
f 3764 3767 3692
f 3690 3764 3692
f 3691 3693 3765
f 3766 3691 3765
f 3768 3695 3767
f 3692 3767 3694
f 3764 5647 3767
f 3693 3622 3769
f 3765 3693 3769
f 3768 3770 3695
f 3694 3767 3695
f 3771 5649 3696
f 3622 3696 3769
f 3695 3770 3697
f 3698 3773 3771
f 3771 3696 3698
f 3697 3770 3772
f 3698 3700 3773
f 3700 5630 3773
f 3699 3772 5629
f 3772 3848 5629
f 3700 5628 5630
f 5630 3702 3776
f 5629 3775 3701
f 3702 3704 3777
f 3780 3779 3777
f 3705 3778 3707
f 3706 5631 3709
f 3706 3709 3780
f 3707 3778 3781
f 3706 3636 5631
f 5631 3711 3784
f 3785 3712 3710
f 3787 3786 3784
f 3787 3784 3711
f 3785 3714 3712
f 3713 3788 3787
f 3713 3715 3788
f 3716 5620 3789
f 3789 3790 3716
f 3791 3788 3715
f 3718 5632 3794
f 3793 3794 5632
f 5632 3790 3793
f 3793 3795 3794
f 3792 3797 3796
f 3792 3717 3797
f 3719 3797 3717
f 3720 5633 3798
f 5633 3794 5656
f 3795 5656 3794
f 3798 5633 5656
f 3800 3721 3801
f 3722 3801 3721
f 3719 3721 3797
f 3799 3724 3798
f 3723 3798 3724
f 3725 5866 5634
f 3726 3725 5635
f 3725 5634 5635
f 3801 3722 3726
f 3728 3730 3804
f 3730 3731 3805
f 3805 3731 3732
f 3734 3806 3735
f 5636 3806 3734
f 5636 3807 3806
f 3728 3804 3729
f 3807 5636 3804
f 3808 3807 3804
f 3805 3808 3730
f 3809 3808 3805
f 3732 3810 3805
f 3809 3805 3810
f 3737 3814 3736
f 3740 3735 3812
f 3813 3812 3735
f 3811 3736 3814
f 3815 3737 3741
f 3742 3816 3743
f 3742 3817 3816
f 3740 3812 3742
f 3819 3741 3744
f 3818 3815 3819
f 3744 3670 3819
f 5637 3816 3821
f 3820 3821 3816
f 3817 3820 3816
f 3897 3818 3822
f 3822 3819 3670
f 3822 3670 3746
f 3671 5637 3747
f 3671 3816 5637
f 3825 3823 3826
f 3746 5625 3826
f 3749 5811 3827
f 3825 3826 3748
f 3825 3748 3828
f 3828 3748 3750
f 3749 3827 3829
f 3750 3752 3830
f 3752 3832 3830
f 3831 3754 3753
f 3829 3831 3751
f 3753 3751 3831
f 3752 3755 3832
f 3831 3833 3754
f 3833 5638 3754
f 3832 3755 3756
f 3682 3754 5638
f 3833 3835 5638
f 3756 5627 5639
f 3758 3838 5639
f 3757 5638 5640
f 3835 3837 5640
f 3760 5642 3758
f 3838 3758 5642
f 3759 5640 5641
f 3760 5644 5642
f 3761 5641 5643
f 3839 3841 5643
f 3760 3687 5644
f 5644 3763 3842
f 3762 5643 5645
f 3763 3766 5646
f 3765 3844 5646
f 3843 5647 5645
f 3765 5648 3844
f 3764 5645 5647
f 3843 5666 5647
f 3765 3769 5648
f 3769 5649 5648
f 3768 3845 3847
f 3769 3696 5649
f 3771 5650 5649
f 3770 3847 3848
f 3771 3773 5650
f 3773 3849 5650
f 3773 3774 3849
f 5651 5629 3848
f 3850 3852 5651
f 3774 3776 3853
f 3854 3703 3775
f 3856 5672 5652
f 5652 3853 3776
f 3703 3854 3778
f 3780 5654 3779
f 3856 5652 3779
f 3778 3855 5653
f 3780 3709 5654
f 5654 3782 3859
f 3783 5655 3861
f 3860 3861 5655
f 5655 3783 3781
f 3862 3859 3782
f 3785 3710 3861
f 3860 5676 3861
f 3786 3864 3784
f 3865 3866 3714
f 3865 3714 3785
f 3865 3867 3866
f 3870 3869 3868
f 3870 3868 3864
f 3870 3864 3786
f 3714 3866 3789
f 3866 3790 3789
f 3867 3871 3866
f 3791 3869 3870
f 3792 3872 3791
f 3788 3791 3870
f 3793 3790 3871
f 3871 3873 3793
f 3873 5677 3795
f 3876 3875 3796
f 3875 3872 3796
f 3872 3792 3796
f 5656 3877 3799
f 5656 3874 3877
f 3874 5656 3795
f 3799 3877 3879
f 3878 3879 3877
f 3879 3880 3881
f 3878 3880 3879
f 3881 3882 3803
f 3949 3882 3880
f 3882 3876 3803
f 3796 3800 3876
f 3879 3802 3799
f 3881 3802 3879
f 3803 5635 3881
f 3807 3883 3806
f 3884 3889 3807
f 3884 3807 3808
f 3885 3809 3886
f 3810 3811 3886
f 5657 3887 3892
f 5657 3812 3813
f 3883 3813 3806
f 3889 5678 3883
f 3883 3807 3889
f 3890 3955 3886
f 3811 3890 3886
f 3814 3891 3811
f 3893 3891 3814
f 5657 3892 3817
f 3820 3895 3821
f 3817 3892 3820
f 3819 3822 3818
f 3823 3896 3897
f 3822 3823 3897
f 3895 3898 3821
f 3821 3898 3824
f 5680 3897 3896
f 3896 3823 3899
f 3899 3823 3825
f 3824 3900 3827
f 3824 3898 3900
f 3828 5659 3901
f 3903 5658 3902
f 3900 3902 5658
f 3903 5660 5658
f 5659 3828 3830
f 3829 5658 5660
f 3903 3905 5660
f 3830 3832 5661
f 3832 5662 5661
f 3831 5660 3833
f 3834 3908 5662
f 3908 3906 5662
f 3833 3907 3835
f 3909 3835 3907
f 3910 3908 3834
f 3834 3836 3910
f 3911 3913 3909
f 3912 3975 5851
f 3912 5851 3838
f 3837 3909 3913
f 3838 5642 3912
f 3912 3840 3914
f 3913 3915 3839
f 3841 3839 3915
f 3840 3842 5663
f 3842 5664 5663
f 3915 3917 3841
f 3842 5646 5664
f 5664 3844 3918
f 3843 3917 5665
f 3920 3918 5667
f 3843 5665 5666
f 3919 3921 5666
f 3844 5648 5667
f 5667 3846 3922
f 3921 5668 3845
f 3923 5668 3921
f 3923 3925 5668
f 3846 5650 5669
f 3849 5670 5669
f 3926 5669 5670
f 3853 5672 3927
f 3927 3851 3853
f 3852 5671 3854
f 3852 3928 5671
f 3928 3930 5671
f 3853 5652 5672
f 3856 3931 5672
f 3855 5671 5673
f 5687 3932 3930
f 3856 3858 5674
f 3858 5675 5674
f 3934 3860 3857
f 3933 5675 3935
f 3936 3935 5675
f 3933 5674 5675
f 3862 3938 3936
f 3862 3936 3859
f 3863 5676 3940
f 3939 3940 5676
f 3863 3861 5676
f 3863 3940 3865
f 3940 3867 3865
f 3939 5689 3940
f 3869 3943 3868
f 3941 3938 3868
f 3942 3871 3867
f 3944 3943 3869
f 3874 5677 3946
f 3874 3795 5677
f 3945 3947 3946
f 3950 3949 3948
f 3950 3875 3876
f 3948 3951 3950
f 3874 3946 3877
f 3946 3947 3878
f 3880 3878 3947
f 3949 3950 3882
f 3881 3880 3882
f 3876 3882 3950
f 3887 5678 3888
f 3953 3888 5678
f 3887 3883 5678
f 3884 3885 5679
f 3954 4012 5679
f 3954 5679 3885
f 3955 3954 3885
f 3890 3891 3956
f 3892 3888 3958
f 3957 3959 3956
f 3960 3959 3957
f 3893 3957 3891
f 3960 3957 3894
f 3958 3961 3962
f 3820 3958 3895
f 3888 3961 3958
f 3960 3894 5680
f 3894 3897 5680
f 3895 3964 3898
f 3895 3962 3964
f 3965 5692 5681
f 3896 3899 3965
f 3967 5682 3966
f 3964 5865 5682
f 3967 3902 5682
f 3965 3899 5683
f 5683 3899 3901
f 3967 5693 3902
f 3900 5682 3902
f 3904 5694 5684
f 3903 3902 5693
f 3970 5694 3904
f 3970 3904 3906
f 3905 3969 3971
f 3907 3971 3973
f 3971 5695 3973
f 3908 3910 3972
f 3909 3973 3911
f 3909 3907 3973
f 3975 5697 5851
f 3910 5851 5697
f 3911 3976 3913
f 3974 5698 3911
f 3912 3914 3975
f 3976 3977 3915
f 3913 3976 3915
f 3914 3916 3978
f 3978 5701 3914
f 5665 3917 3979
f 3915 3977 3917
f 3980 3978 3981
f 3916 3918 3981
f 3978 3916 3981
f 3979 3919 5665
f 3977 3979 3917
f 3919 3979 3982
f 3983 3980 3981
f 3981 3918 3920
f 3919 3984 3921
f 3984 3919 3982
f 3985 3983 3986
f 3920 3922 3986
f 3983 3920 3986
f 3984 5707 3923
f 3921 3984 3923
f 3988 3985 3986
f 3988 3986 3924
f 3922 3924 3986
f 3923 3987 3925
f 3990 5709 3926
f 3988 3924 3926
f 3925 3850 5870
f 3925 3987 3989
f 5670 3990 3926
f 3850 3989 5685
f 3989 3992 5685
f 3993 3990 3929
f 3928 5685 5686
f 3992 3994 5686
f 3929 3931 3995
f 5687 5686 5711
f 5673 3930 3932
f 3996 5688 5687
f 3997 5712 3933
f 3932 3934 3857
f 3932 5687 5688
f 4059 3998 3996
f 3935 3997 3933
f 3934 3998 3937
f 4002 4001 3999
f 4002 3999 3936
f 3999 3935 3936
f 4000 5713 3937
f 3939 3937 5713
f 3938 3941 4002
f 3942 5689 4005
f 3942 3867 5689
f 4006 4004 5690
f 4004 5714 5690
f 3873 3942 4007
f 4005 4007 3942
f 4005 5715 4007
f 4006 3944 4009
f 3944 4006 3943
f 4007 5715 3945
f 3947 3945 4011
f 3945 4008 4011
f 4011 5691 3947
f 3949 3947 5691
f 4011 4076 5691
f 4010 4009 3951
f 4010 3951 3948
f 3944 3951 4009
f 3952 5679 4012
f 3956 5717 3955
f 4014 4078 4013
f 3952 4012 3953
f 4014 3953 4012
f 4015 4014 4012
f 3954 4015 4012
f 4016 4015 3954
f 5717 4016 3954
f 4017 4016 5717
f 4018 4017 3959
f 3961 4019 3962
f 3961 4020 4019
f 4018 4021 4017
f 4022 4021 4018
f 3960 4018 3959
f 3960 3963 4022
f 4019 4023 5865
f 4020 5718 4019
f 4024 4022 3963
f 4024 3963 5692
f 3963 5681 5692
f 3966 4026 3967
f 3966 4027 4026
f 5865 4023 3966
f 4028 4025 4029
f 3965 5683 4029
f 4027 4094 4026
f 4026 4030 3967
f 4029 3968 4028
f 3969 3903 5693
f 3967 4030 5693
f 3970 4033 5694
f 4033 4031 5694
f 5695 3971 4034
f 5693 4032 3969
f 4035 4033 3970
f 3970 3972 4035
f 4034 4036 5695
f 4036 5696 5695
f 4035 3972 4037
f 5696 3974 5695
f 3972 3910 5697
f 5697 3975 4039
f 3974 4038 5698
f 4038 4040 5698
f 3975 5701 5699
f 3976 5698 5700
f 4040 4042 5700
f 3975 3914 5701
f 3978 5702 5701
f 4042 5703 5700
f 3978 3980 5702
f 3980 5704 5702
f 3979 3977 5703
f 4043 4045 5703
f 3983 5706 3980
f 5704 3980 5706
f 3982 4045 5705
f 4045 5722 5705
f 3983 3985 5706
f 5706 3985 4048
f 3984 5705 5707
f 4047 4049 5707
f 3985 3988 5708
f 3988 5709 5708
f 5707 4049 3987
f 3988 3926 5709
f 3990 3991 5709
f 3989 4051 3992
f 4051 4053 3992
f 4054 5725 5710
f 4052 3991 5710
f 3992 4053 3994
f 3995 5712 4054
f 4054 3993 3995
f 3994 4055 5711
f 3995 3933 5712
f 3997 4058 5712
f 4059 4000 3998
f 5688 3996 3998
f 4060 4064 4059
f 4063 4062 4061
f 4063 4061 4058
f 4063 4058 3997
f 4000 4059 4064
f 4001 4062 4063
f 4002 5714 4001
f 3999 4001 4063
f 4003 3939 5713
f 4004 4067 4065
f 4004 4065 5714
f 4065 4001 5714
f 4066 4068 4005
f 4066 4005 4003
f 4066 4131 4068
f 4072 5716 4070
f 4067 4072 4070
f 4006 4009 4072
f 4069 4008 5715
f 4069 5715 4068
f 4008 4073 4074
f 4069 4073 4008
f 4074 4075 4076
f 4073 4075 4074
f 4076 4077 4010
f 4075 4077 4076
f 5716 4010 4077
f 5716 4009 4010
f 4076 4011 4074
f 4010 5691 4076
f 4014 4015 4079
f 4078 4014 4079
f 4015 4016 4080
f 4079 4015 4080
f 4016 4017 4081
f 4080 4016 4081
f 4078 4082 4020
f 4137 4082 4083
f 4079 4083 4078
f 4084 4083 4079
f 4080 4084 4079
f 4085 4084 4080
f 4081 4085 4080
f 4086 4085 4081
f 4021 4087 4086
f 4021 4086 4081
f 4021 4081 4017
f 4021 4022 4087
f 5718 4089 4023
f 5718 4088 4089
f 4088 5718 4082
f 4090 5727 4091
f 4024 4087 4022
f 4024 4025 4091
f 4023 4089 5719
f 4092 4027 5719
f 4089 4145 5719
f 4030 4026 4094
f 4031 4028 3968
f 4031 4095 4028
f 4095 4151 4028
f 4094 4152 4030
f 4033 4035 5720
f 4035 4037 5720
f 4032 4097 4034
f 4098 5720 4100
f 4102 4036 4099
f 5696 4036 4102
f 4037 4039 4100
f 4101 4103 4040
f 4038 4101 4040
f 4102 5728 4101
f 4039 5699 5721
f 4100 4039 5721
f 4103 4105 4042
f 4104 5721 4106
f 4105 4043 4042
f 4041 5702 4106
f 4107 5739 4044
f 4044 5704 4046
f 4045 4108 5722
f 5722 4108 5742
f 4109 5731 4047
f 4110 4048 5723
f 4049 4047 5731
f 4112 5812 4113
f 4050 4052 4113
f 4113 5732 5723
f 4051 4111 4053
f 4053 4111 4114
f 4052 4112 4113
f 4052 5724 4112
f 4114 4116 4053
f 4052 5710 5724
f 5724 5710 5725
f 4055 3994 4116
f 4054 4056 5725
f 5725 4056 4118
f 4119 4057 4055
f 4057 5711 4055
f 4120 4060 4119
f 4121 5746 5726
f 4058 4061 5726
f 5726 4118 4056
f 4057 4060 4059
f 4057 4119 4060
f 4121 5726 4061
f 4062 4122 4061
f 4123 4124 4064
f 4065 4067 5749
f 4065 4122 4062
f 4003 5713 4124
f 4124 4127 4066
f 4067 4070 4129
f 4069 4131 4132
f 4128 4188 4127
f 4133 4134 4135
f 4132 4134 4133
f 4135 4136 4071
f 4134 4136 4135
f 4130 4129 4136
f 4129 4070 4071
f 4073 4069 4132
f 4133 4073 4132
f 4075 4073 4133
f 4135 4075 4133
f 4077 4075 4135
f 4071 4077 4135
f 4078 4083 4082
f 4083 4084 4138
f 4137 4083 4138
f 4084 4085 4139
f 4138 4084 4139
f 4085 4086 4140
f 4139 4085 4140
f 4141 4088 4137
f 4138 4141 4137
f 4142 4141 4138
f 4139 4142 4138
f 4143 4142 4139
f 4140 4143 4139
f 4144 4143 4140
f 5727 4090 4144
f 5727 4144 4140
f 4087 5727 4086
f 4092 5719 4146
f 4088 4145 4089
f 4147 4090 4093
f 4092 4148 4094
f 4149 4092 4146
f 4148 4092 4149
f 4150 4147 4151
f 4093 4028 4151
f 4147 4093 4151
f 4032 4030 4152
f 4096 4153 4095
f 4095 4150 4151
f 4032 4152 4097
f 4154 4097 4152
f 4156 4153 4096
f 4155 4153 4156
f 4096 5720 4156
f 4154 4157 4099
f 4156 4158 4155
f 4158 4156 4098
f 4157 4159 4099
f 4102 4159 5728
f 4159 4161 5728
f 4100 5721 5729
f 5729 4104 4162
f 4103 4163 4105
f 4103 5728 4163
f 4164 4104 5739
f 4105 4165 4043
f 4105 4163 5738
f 4165 4105 5738
f 4167 4164 5739
f 4043 4165 4108
f 4108 4165 4166
f 4169 5741 4107
f 4168 5741 4169
f 4107 4046 4169
f 5742 4108 4166
f 4109 5722 5742
f 4171 4168 4169
f 4169 4046 4110
f 4109 4170 5730
f 4170 5744 5730
f 4109 5730 5731
f 4110 5723 5732
f 5812 4112 4174
f 4111 5731 5733
f 4172 4228 5733
f 4175 4176 4116
f 4175 4116 4114
f 4175 4177 4176
f 4116 4176 4055
f 4179 4176 4177
f 4118 4180 4117
f 4055 4176 4119
f 4179 4181 4120
f 5746 4182 4180
f 5746 4121 4182
f 4183 4120 4181
f 4183 4123 4120
f 4184 5747 4121
f 4122 4184 4121
f 4183 4185 4125
f 4060 4120 4123
f 4126 4187 4186
f 4184 5749 4186
f 4126 4186 5749
f 4124 4125 4127
f 4185 4128 4125
f 4188 4189 4190
f 4128 4189 4188
f 4190 4191 4192
f 4189 4191 4190
f 4187 4130 4192
f 4131 4127 4188
f 4132 4131 4188
f 4190 4132 4188
f 4134 4132 4190
f 4192 4134 4190
f 4136 4134 4192
f 4130 4136 4192
f 4141 4193 4088
f 4141 4142 4194
f 4193 4141 4194
f 4142 4143 4195
f 4194 4142 4195
f 4144 4199 4143
f 4145 4196 4146
f 4145 4088 4193
f 4145 4193 4196
f 4196 4193 4197
f 4197 4194 4198
f 4195 4198 4194
f 4199 4198 4195
f 4195 4143 4199
f 4144 4090 4201
f 4144 4201 4200
f 4090 4147 4201
f 4196 4202 4146
f 4202 4196 4203
f 4147 4150 5734
f 4201 4147 5734
f 4205 5735 4148
f 4206 5734 4207
f 4150 4153 4207
f 4205 4208 5735
f 4208 4157 5735
f 4207 4209 4206
f 4207 4153 4155
f 4154 5735 4157
f 4158 4211 5736
f 4211 4267 5736
f 4157 5752 4159
f 4212 4161 5752
f 4158 4160 4211
f 4212 4214 4161
f 4159 5752 4161
f 4214 4212 4215
f 4217 4213 4211
f 4217 5737 4213
f 4160 4162 4217
f 4211 4160 4217
f 4214 5753 5740
f 4161 4214 4163
f 4215 5753 4214
f 4216 4213 5737
f 4162 4164 5737
f 4217 4162 5737
f 4218 4220 5740
f 4163 4214 5740
f 4164 4167 4219
f 4220 4278 4222
f 4166 4220 4222
f 4167 4107 5741
f 4221 4167 5741
f 4222 4224 5743
f 4166 4222 5743
f 4168 4171 4225
f 4223 4168 4225
f 4224 5755 5744
f 4170 4224 5744
f 4172 5744 4226
f 4227 4225 4173
f 4229 4228 4226
f 4172 4226 4228
f 4231 4227 4173
f 4230 4227 4231
f 4173 5812 4231
f 4228 5745 5733
f 4232 4228 4229
f 4232 5745 4228
f 5756 4230 4231
f 4233 4230 5756
f 4115 5756 4174
f 4175 5733 5745
f 4232 4234 5745
f 4233 5756 4178
f 4238 4235 4178
f 4177 4236 4179
f 4237 5765 4238
f 4233 4178 4235
f 4182 5747 4237
f 4180 4182 4238
f 4239 4243 5748
f 4181 4239 5748
f 4244 4242 4243
f 4240 4247 4241
f 4245 4241 4247
f 4182 4121 5747
f 4240 4237 5747
f 4183 5748 4185
f 4250 4248 4249
f 4250 4251 4252
f 4249 4251 4250
f 4246 4252 4251
f 4245 4186 4246
f 4187 4246 4186
f 4184 4186 4247
f 4185 4248 4128
f 4189 4128 4248
f 4250 4189 4248
f 4191 4189 4250
f 4252 4191 4250
f 4192 4191 4252
f 4187 4192 4252
f 4200 5761 4199
f 4197 4198 5759
f 4198 5760 5759
f 4198 5761 5760
f 4254 4253 5760
f 4200 4255 5761
f 5761 4255 4254
f 4200 4204 4255
f 4205 4149 4256
f 5750 4258 4256
f 5750 4257 4258
f 5750 4203 4257
f 4203 5759 4257
f 4259 4254 4255
f 4261 4260 4259
f 4255 4261 4259
f 4204 4206 4261
f 4256 4262 5751
f 4258 4262 4256
f 4261 4263 4260
f 4261 4206 4263
f 4209 5762 4206
f 4208 4264 4210
f 4265 5751 4262
f 4264 4208 5751
f 4263 4206 5762
f 4266 4310 5762
f 4209 5736 4267
f 4212 4210 4268
f 4264 4268 4210
f 4269 4264 4265
f 4268 4264 4269
f 4271 4266 4267
f 4270 4266 4271
f 4267 4211 4271
f 4268 5763 4215
f 4269 5763 4268
f 4271 4273 4270
f 4271 4211 4213
f 4215 4272 5753
f 4272 4274 5753
f 4274 4276 4218
f 4277 4275 4221
f 4220 4218 4278
f 4221 5741 4223
f 4222 4278 5754
f 4278 4319 5754
f 4224 5754 5755
f 5782 4282 4280
f 4225 4227 4283
f 4227 4287 4283
f 4284 4232 4285
f 4287 4286 4283
f 4229 4285 4232
f 4289 4286 4287
f 4288 4286 4289
f 4230 4233 4289
f 4287 4230 4289
f 4232 4284 4234
f 4234 4284 5757
f 5764 4288 4289
f 4291 4288 5764
f 4235 5764 4233
f 4290 4293 5757
f 4292 5757 4293
f 4294 5766 4295
f 5765 4237 4295
f 4236 4292 4239
f 5758 4296 4297
f 5758 4293 4296
f 5758 4292 4293
f 4296 4298 4297
f 4298 5768 4297
f 4299 4294 4300
f 4241 4300 4240
f 4237 4240 4295
f 4239 5758 4243
f 4244 4243 4297
f 4299 5769 5767
f 4302 4301 5767
f 4245 4246 4302
f 4245 4302 5769
f 4302 5767 5769
f 4245 5769 4241
f 4244 4301 4249
f 4251 4249 4301
f 4302 4251 4301
f 4246 4251 4302
f 4253 5770 4257
f 4253 5771 5770
f 4304 4303 5770
f 4253 4305 5771
f 4305 5774 5771
f 4259 4260 4305
f 4263 5773 4260
f 4262 5772 4265
f 4307 4306 5772
f 4306 4265 5772
f 4304 4307 4303
f 4305 4260 5775
f 4308 5773 4309
f 4308 5775 5773
f 5773 5775 4260
f 4263 5762 4310
f 4306 4311 4269
f 4265 4306 4269
f 4307 4341 4306
f 4270 4309 4310
f 4312 4309 4270
f 4310 4266 4270
f 5763 4269 4311
f 4270 5776 4312
f 4270 4273 5776
f 4314 5779 5777
f 5777 5779 4272
f 4273 4216 5852
f 5779 4316 4274
f 4274 4272 5779
f 4317 5792 4315
f 4275 4277 4318
f 4276 4319 4278
f 5780 4276 4316
f 4319 4276 5780
f 4321 4317 4318
f 4277 4279 4322
f 4318 4277 4322
f 4280 5754 4319
f 4319 5780 4323
f 4280 4319 4323
f 5781 4321 4322
f 5781 5853 5796
f 4281 5781 4279
f 5782 4280 4323
f 5784 4282 5782
f 4324 5796 5853
f 4281 4283 5783
f 4285 4282 5784
f 4326 5784 4327
f 4286 4331 5783
f 4285 4326 4284
f 4329 4326 4327
f 4290 4326 4329
f 4330 4328 4331
f 4331 4286 4288
f 4328 5783 4331
f 4284 4326 4290
f 4332 4333 4329
f 4290 4329 4333
f 4333 4293 4290
f 4335 4330 4336
f 4330 4331 4291
f 4331 4288 4291
f 4334 4337 5786
f 4337 4298 5786
f 4335 5788 5787
f 4338 4337 5787
f 4336 4294 5788
f 5766 4294 4336
f 4296 5786 4298
f 4299 5767 5768
f 4338 4299 5768
f 4294 4299 4338
f 4338 5788 4294
f 5789 4307 4339
f 4304 5771 5774
f 4339 4304 5774
f 4340 5774 5775
f 4311 4306 4341
f 4339 4340 5789
f 4342 5790 5789
f 4343 4342 4308
f 4346 4342 4343
f 4309 4312 4343
f 4308 4309 4343
f 4341 5790 5778
f 4311 4341 5778
f 4342 4345 5790
f 4345 4344 5790
f 4343 4347 4346
f 4312 4313 4347
f 4343 4312 4347
f 4311 5778 5791
f 5791 4344 4348
f 4348 4344 4349
f 4346 4351 4350
f 4313 4315 5792
f 4348 4352 5793
f 4352 4320 5793
f 4353 4348 4349
f 4352 4348 4353
f 4355 5800 4351
f 4354 5800 4355
f 4317 4355 5792
f 4352 4356 4320
f 4357 4352 4353
f 4356 4352 4357
f 4359 4354 4355
f 4358 4354 4359
f 4317 4321 5794
f 4321 5796 5794
f 4356 4360 5795
f 4360 4325 5795
f 4357 4361 4356
f 4360 4356 4361
f 4363 4358 4359
f 4363 4366 4358
f 4321 5781 5796
f 4324 4363 5796
f 4325 5782 5795
f 4365 4360 4361
f 4362 4358 4366
f 4324 5785 4363
f 4364 4367 4327
f 4325 4364 4327
f 4365 5798 5797
f 4368 4367 5797
f 4365 5799 5798
f 4369 4371 5798
f 4366 4370 5799
f 4370 4369 5799
f 4324 4328 5785
f 4366 4363 5785
f 4367 4332 4329
f 4327 4367 4329
f 4371 4334 4368
f 4370 4330 4369
f 4330 4335 4369
f 4334 5786 4332
f 4332 4368 4334
f 4335 5787 4371
f 4369 4335 4371
f 4345 4346 4350
f 4349 4345 4350
f 4350 4351 5800
f 4357 4353 4354
f 4354 4372 4357
f 4354 4358 4372
f 4372 4362 4361
f 4372 4358 4362
f 4362 4365 4361
f 5 4374 4373
f 6 4 4373
f 7 4375 4374
f 8 6 4374
f 10 4375 9
f 10 5854 4375
f 4377 14 15
f 14 69 12
f 21 4376 20
f 21 15 4376
f 17 18 4377
f 16 4399 4377
f 22 17 21
f 23 17 22
f 23 18 17
f 1 20 26
f 1 4378 20
f 1 2 4378
f 23 22 27
f 18 23 5814
f 23 27 4379
f 26 29 30
f 26 25 29
f 30 1 26
f 31 4383 4380
f 29 4381 33
f 4382 33 4381
f 33 4385 29
f 29 4385 30
f 35 4386 4383
f 37 4385 4384
f 33 82 4384
f 38 4385 37
f 38 5 4385
f 4389 40 39
f 40 36 4386
f 80 36 83
f 80 78 5815
f 41 4388 4387
f 37 4384 4387
f 41 4390 4388
f 42 38 4388
f 43 47 4389
f 83 36 85
f 42 4388 4390
f 41 45 4390
f 11 9 46
f 43 5854 10
f 48 4389 47
f 85 44 87
f 85 40 44
f 46 4390 4391
f 45 49 4391
f 51 4392 50
f 51 4393 4392
f 52 4394 4393
f 53 4394 52
f 53 47 4394
f 44 48 4395
f 51 50 56
f 57 51 56
f 57 52 51
f 57 61 4396
f 58 59 4396
f 60 4397 56
f 60 4417 4397
f 58 4396 61
f 69 4398 63
f 14 4398 69
f 14 4399 4398
f 65 64 66
f 14 4377 4399
f 4400 66 16
f 70 4400 16
f 70 71 4400
f 67 4401 115
f 71 121 4402
f 4402 4400 71
f 120 4401 121
f 68 119 4403
f 68 4403 72
f 73 69 68
f 73 12 69
f 124 185 4404
f 71 4404 121
f 71 74 4404
f 124 4404 126
f 76 4405 25
f 76 75 4405
f 78 129 4406
f 78 4406 32
f 77 128 127
f 77 127 131
f 25 4405 4381
f 79 4381 4405
f 28 32 4406
f 28 4380 32
f 130 129 132
f 134 192 4407
f 132 78 4407
f 81 4408 135
f 81 82 4408
f 134 4407 136
f 137 4409 81
f 139 4412 4409
f 86 84 4409
f 45 41 4410
f 89 4414 4395
f 138 4411 140
f 88 4412 141
f 88 4410 4412
f 4410 90 45
f 88 90 4410
f 48 4413 4395
f 48 54 4413
f 91 92 4413
f 140 4414 142
f 140 4411 4414
f 89 145 142
f 89 92 145
f 93 146 97
f 98 94 97
f 98 55 94
f 95 58 100
f 99 100 58
f 146 149 97
f 97 101 98
f 101 105 4416
f 102 4417 4416
f 103 4417 102
f 103 4418 4417
f 104 4418 103
f 104 99 4418
f 150 147 4419
f 152 101 4415
f 154 4419 153
f 99 104 153
f 156 5801 152
f 109 4420 114
f 109 107 4420
f 65 111 114
f 115 111 65
f 115 116 111
f 62 4421 63
f 62 4420 4421
f 119 118 4403
f 182 120 122
f 123 118 184
f 183 122 185
f 184 4422 123
f 184 186 4422
f 190 191 4423
f 187 124 4423
f 4424 4425 143
f 143 141 4424
f 146 4425 149
f 146 143 4425
f 209 4426 150
f 209 207 4426
f 210 211 208
f 150 212 209
f 151 155 4415
f 154 214 212
f 154 158 214
f 162 106 5801
f 156 160 162
f 163 106 162
f 163 157 106
f 163 164 157
f 168 175 108
f 108 107 168
f 171 112 173
f 232 231 174
f 178 177 112
f 178 179 177
f 175 176 108
f 112 116 178
f 177 179 235
f 120 182 178
f 180 181 117
f 182 183 243
f 182 122 183
f 245 183 248
f 188 4427 251
f 188 189 4427
f 188 4430 4428
f 253 4430 4429
f 252 191 319
f 133 4428 135
f 193 195 135
f 188 4429 4430
f 253 255 4430
f 193 4431 195
f 193 255 4431
f 134 4432 194
f 134 136 4432
f 191 190 4433
f 194 256 4433
f 195 137 135
f 197 4435 195
f 196 4432 138
f 196 258 4434
f 256 194 4434
f 197 4436 4435
f 198 4435 4436
f 196 138 4437
f 138 140 4437
f 198 260 200
f 140 142 199
f 261 259 4438
f 259 258 4438
f 199 4441 4439
f 262 261 4439
f 203 200 4440
f 264 4472 4441
f 4441 4472 4439
f 263 265 203
f 267 268 265
f 264 205 266
f 208 268 210
f 213 4442 272
f 151 210 4443
f 155 151 215
f 160 156 216
f 217 4444 5867
f 214 158 4444
f 159 164 4444
f 216 220 160
f 216 219 220
f 218 217 280
f 219 277 279
f 224 4445 282
f 224 220 4445
f 168 167 4446
f 167 227 4446
f 230 231 298
f 176 175 4447
f 302 301 4448
f 4448 301 236
f 238 237 307
f 307 241 238
f 307 309 241
f 181 180 4449
f 242 241 4449
f 243 311 240
f 244 241 310
f 314 4452 4450
f 246 244 4450
f 315 381 4451
f 313 245 4451
f 246 4450 4452
f 314 4465 4452
f 323 4455 4453
f 255 253 4453
f 324 4470 4454
f 322 254 4454
f 257 4455 325
f 257 4431 4455
f 4456 4457 324
f 324 4454 4456
f 328 326 4457
f 326 324 4457
f 329 4459 4458
f 260 4436 4458
f 329 4471 4459
f 333 4440 331
f 328 4457 330
f 259 330 4457
f 261 262 330
f 267 265 4460
f 265 263 4460
f 338 400 336
f 339 341 4461
f 271 267 4461
f 338 270 340
f 338 336 270
f 272 4442 340
f 273 5816 4443
f 273 341 5816
f 278 345 4462
f 345 344 4462
f 343 411 276
f 278 280 345
f 286 290 349
f 287 4463 351
f 287 282 4463
f 292 291 228
f 293 357 291
f 293 359 357
f 297 4464 362
f 297 298 4464
f 366 367 302
f 302 367 301
f 304 303 372
f 371 370 373
f 372 375 304
f 308 376 306
f 374 379 309
f 310 309 379
f 374 444 379
f 313 380 312
f 383 4467 4465
f 316 4452 4465
f 251 316 4466
f 318 321 4466
f 385 318 4467
f 318 4466 4467
f 387 4469 318
f 388 453 4468
f 386 320 4468
f 323 4469 389
f 323 4453 4469
f 388 4470 390
f 388 4468 4470
f 325 323 391
f 392 457 326
f 390 324 326
f 392 326 328
f 329 327 393
f 395 4474 4471
f 331 4459 4471
f 262 4472 332
f 262 4439 4472
f 394 4473 396
f 5817 328 4473
f 397 4475 4474
f 333 331 4474
f 396 332 398
f 399 4476 4475
f 335 333 4475
f 401 4476 399
f 401 337 4476
f 398 334 400
f 405 408 339
f 339 403 405
f 406 4477 342
f 406 472 4477
f 407 408 405
f 342 344 406
f 411 4478 276
f 345 4479 409
f 414 4478 412
f 413 409 4479
f 345 347 4479
f 418 350 417
f 350 349 417
f 419 417 354
f 428 430 4480
f 365 291 363
f 358 357 4481
f 360 426 4481
f 365 368 300
f 365 364 368
f 434 433 366
f 368 4496 369
f 439 510 437
f 438 4482 369
f 438 4497 4482
f 373 441 371
f 374 4483 442
f 374 375 4483
f 442 4484 374
f 442 4498 4484
f 377 380 378
f 382 4485 449
f 382 314 4485
f 448 446 4486
f 383 382 450
f 449 450 382
f 448 4486 451
f 384 451 4486
f 386 451 384
f 397 4511 399
f 466 4487 468
f 464 4487 466
f 401 467 403
f 403 337 401
f 468 402 470
f 468 4487 402
f 402 404 470
f 405 473 407
f 410 4490 4488
f 475 542 4488
f 474 476 4489
f 476 412 4489
f 475 4488 4490
f 410 409 4490
f 412 478 414
f 478 550 480
f 415 4491 479
f 415 350 4491
f 4492 481 418
f 420 416 484
f 422 421 488
f 488 4493 422
f 488 489 4493
f 422 4493 423
f 4494 423 4493
f 423 4495 424
f 423 4494 4495
f 492 486 485
f 493 495 496
f 496 495 425
f 426 427 497
f 501 429 502
f 430 4496 364
f 430 429 4496
f 503 499 432
f 432 434 503
f 504 434 436
f 504 436 506
f 505 509 435
f 436 437 510
f 440 4497 512
f 440 4482 4497
f 512 4498 440
f 512 4519 4498
f 443 4499 441
f 443 515 4499
f 516 4500 514
f 514 4500 4484
f 447 4500 517
f 447 444 4500
f 518 590 4501
f 517 519 447
f 517 589 519
f 521 4504 4502
f 452 385 4502
f 522 4503 523
f 522 520 4503
f 524 454 4504
f 454 452 4504
f 4523 523 525
f 523 453 4505
f 456 454 526
f 456 389 454
f 525 4505 527
f 528 4508 4506
f 5855 456 4506
f 392 460 459
f 529 4527 4507
f 459 4509 529
f 529 4507 459
f 461 4508 531
f 532 530 4509
f 530 529 4509
f 463 461 531
f 534 4530 4510
f 532 462 4510
f 533 4531 4511
f 536 465 4511
f 534 4510 535
f 4512 535 4510
f 464 466 535
f 467 4513 469
f 467 538 4513
f 470 4516 4514
f 540 610 4514
f 471 469 541
f 471 403 469
f 541 4536 4515
f 543 474 4515
f 542 4535 4516
f 540 4514 4516
f 542 5813 4488
f 474 545 476
f 547 476 545
f 547 478 476
f 477 4517 546
f 477 479 4517
f 553 548 481
f 554 482 551
f 487 483 556
f 556 558 487
f 492 561 486
f 555 486 560
f 489 635 490
f 559 491 563
f 565 640 493
f 569 568 500
f 502 571 501
f 575 505 573
f 506 577 504
f 508 507 580
f 579 578 581
f 580 583 508
f 513 581 511
f 514 4519 585
f 514 4498 4519
f 513 4499 584
f 516 585 587
f 516 514 585
f 588 664 4520
f 590 4520 4501
f 592 4546 591
f 593 521 4521
f 521 450 4521
f 521 593 4522
f 522 4523 5820
f 524 4522 596
f 524 4504 4522
f 595 4523 597
f 595 5820 4523
f 598 4526 4524
f 526 524 4524
f 599 677 4525
f 597 525 4525
f 528 4526 600
f 528 4506 4526
f 529 679 4527
f 599 4525 4527
f 601 4529 4528
f 531 4508 4528
f 533 4529 603
f 533 531 4529
f 602 4530 604
f 602 532 4530
f 604 4530 606
f 534 606 4530
f 536 4531 607
f 536 4511 4531
f 608 5821 4532
f 606 534 4532
f 609 4534 4533
f 538 536 4533
f 611 4534 609
f 611 539 4534
f 4550 608 610
f 537 4514 610
f 542 4537 4535
f 614 612 4535
f 543 4536 615
f 543 4515 4536
f 545 543 617
f 614 4537 616
f 614 4535 4537
f 616 4537 544
f 545 620 547
f 621 618 549
f 622 623 620
f 549 552 621
f 551 625 554
f 555 4538 624
f 555 560 4538
f 560 630 4538
f 638 630 564
f 562 632 634
f 562 557 632
f 639 570 5822
f 5822 640 4539
f 566 4540 565
f 570 571 4518
f 642 4539 4540
f 643 4540 4541
f 566 567 4541
f 568 569 644
f 569 649 645
f 569 572 649
f 650 649 574
f 653 654 655
f 581 4542 579
f 581 659 4542
f 660 582 4543
f 582 583 4543
f 659 584 4558
f 585 582 662
f 586 4520 664
f 666 4545 4544
f 4544 4545 517
f 4547 589 668
f 667 4546 669
f 667 665 4546
f 670 4549 4547
f 593 4521 4547
f 671 669 4548
f 669 592 4548
f 593 4547 4549
f 670 746 4549
f 673 4548 595
f 605 687 607
f 688 5821 689
f 609 4533 690
f 689 4550 691
f 689 5821 4550
f 609 764 611
f 692 613 4551
f 691 4552 693
f 691 4550 4552
f 614 694 612
f 617 615 697
f 617 543 615
f 697 4573 700
f 698 772 4553
f 696 616 4553
f 619 621 698
f 620 700 622
f 699 622 700
f 552 627 703
f 709 706 710
f 628 631 710
f 629 626 4554
f 629 4554 708
f 638 5802 631
f 631 630 638
f 632 708 711
f 634 633 714
f 715 4555 714
f 715 4556 4555
f 715 4603 4556
f 716 4557 4556
f 717 4557 716
f 717 712 4557
f 713 712 717
f 570 639 648
f 639 5822 721
f 641 718 721
f 723 644 645
f 723 720 644
f 648 647 573
f 729 732 652
f 729 731 732
f 733 658 735
f 733 655 658
f 660 734 739
f 735 4558 737
f 735 658 4558
f 663 4559 740
f 663 587 4559
f 661 4560 741
f 666 663 742
f 741 4560 743
f 666 742 744
f 745 669 671
f 745 667 669
f 749 822 4561
f 747 671 4561
f 748 4563 4562
f 674 596 4562
f 676 4563 750
f 598 674 676
f 751 4589 4564
f 752 754 4565
f 751 4566 753
f 751 4564 4566
f 681 678 754
f 755 4591 4567
f 753 680 4567
f 684 4568 756
f 684 601 4568
f 686 684 757
f 758 4592 4569
f 687 605 759
f 758 4570 760
f 758 4569 4570
f 687 762 690
f 763 691 765
f 766 4572 4571
f 768 4572 766
f 768 695 4572
f 765 693 767
f 694 769 767
f 694 696 769
f 695 771 697
f 773 775 4573
f 699 700 4573
f 699 4573 775
f 772 698 774
f 704 705 702
f 779 4575 706
f 779 776 4575
f 708 4554 707
f 711 783 4576
f 785 787 4576
f 717 789 713
f 791 718 4606
f 718 4577 792
f 718 641 4577
f 793 4577 719
f 643 720 4578
f 794 719 4579
f 720 4580 4579
f 795 4579 4580
f 796 4580 4581
f 723 724 4581
f 726 727 800
f 729 728 804
f 805 883 803
f 734 4582 808
f 734 656 4582
f 808 736 734
f 738 736 812
f 738 739 736
f 811 4583 813
f 811 809 4583
f 738 812 4584
f 813 741 815
f 813 4583 741
f 740 738 4584
f 814 816 4584
f 817 815 743
f 744 742 4585
f 818 4586 4585
f 746 4586 820
f 746 670 4586
f 819 745 747
f 4587 4612 823
f 748 672 4587
f 822 4613 747
f 749 4589 822
f 750 4588 825
f 750 4563 4588
f 824 4589 826
f 752 4565 827
f 750 827 4565
f 828 4615 4590
f 826 751 4590
f 754 752 829
f 828 4590 830
f 829 4617 756
f 756 4568 829
f 832 909 4591
f 830 4567 4591
f 832 4592 834
f 832 4591 4592
f 759 757 833
f 835 4594 4593
f 687 759 4593
f 836 4619 5857
f 837 4595 4594
f 762 687 4594
f 5857 761 838
f 761 763 838
f 764 4595 4571
f 767 4597 4596
f 842 841 4596
f 768 766 843
f 771 768 845
f 842 4597 844
f 842 4596 4597
f 771 845 773
f 775 773 4598
f 849 4599 851
f 849 846 4599
f 854 5804 4624
f 852 778 781
f 855 782 4600
f 782 784 4600
f 783 780 4601
f 857 4600 4602
f 784 713 4602
f 783 856 785
f 715 4604 4603
f 862 4604 786
f 863 4605 862
f 4604 862 4605
f 863 944 4605
f 864 790 4605
f 864 860 788
f 864 4626 860
f 722 791 797
f 792 865 4606
f 796 875 4607
f 874 871 4607
f 722 798 725
f 800 877 799
f 879 882 801
f 802 803 883
f 806 4608 885
f 806 731 4608
f 886 5823 884
f 885 888 806
f 809 890 807
f 889 886 890
f 810 812 4609
f 889 890 891
f 892 814 810
f 891 811 893
f 812 810 814
f 815 893 813
f 896 895 815
f 898 974 896
f 818 4585 897
f 898 896 4610
f 899 4612 4611
f 820 818 4611
f 819 4613 4637
f 821 823 4612
f 900 4613 901
f 900 4637 4613
f 823 821 902
f 901 824 903
f 901 822 824
f 903 4614 905
f 903 824 4614
f 827 825 906
f 827 750 825
f 905 4615 907
f 905 4614 4615
f 908 4617 4616
f 907 828 909
f 910 831 4617
f 831 756 4617
f 833 831 911
f 833 911 4618
f 912 834 914
f 912 832 834
f 835 4618 915
f 835 4593 4618
f 4619 836 914
f 914 834 4619
f 837 835 917
f 839 837 918
f 839 4595 837
f 918 998 921
f 843 766 4620
f 766 921 4620
f 922 842 924
f 925 928 4621
f 4621 928 843
f 847 926 844
f 847 4622 926
f 847 849 4622
f 848 930 4598
f 851 4623 929
f 930 4642 850
f 931 929 4623
f 851 778 4623
f 853 854 4624
f 850 932 4624
f 935 852 855
f 783 4601 856
f 936 4643 4625
f 939 858 4625
f 859 939 941
f 861 860 4626
f 864 945 4626
f 865 4627 949
f 950 949 4627
f 865 866 4627
f 867 4628 951
f 867 869 4628
f 869 953 4628
f 953 869 871
f 875 4629 957
f 875 796 4629
f 879 878 962
f 961 960 963
f 885 4630 887
f 885 4608 4630
f 965 4631 5823
f 810 4632 969
f 810 4609 4632
f 969 4633 810
f 969 970 4633
f 893 972 891
f 974 4655 895
f 897 894 4634
f 976 4658 4635
f 899 4636 977
f 899 4611 4636
f 976 4635 4637
f 978 980 4638
f 821 899 4638
f 976 900 4639
f 980 902 4638
f 903 981 901
f 911 990 913
f 993 914 995
f 993 991 914
f 917 994 996
f 995 916 4640
f 918 917 996
f 997 4641 999
f 997 4640 4641
f 920 921 998
f 998 4667 920
f 919 922 999
f 1001 1002 923
f 1004 1003 926
f 927 925 1005
f 927 928 925
f 1004 4622 1006
f 1004 926 4622
f 932 4642 1010
f 932 850 4642
f 1009 931 1011
f 1014 1015 1012
f 935 1096 1013
f 935 937 1096
f 938 940 1019
f 939 4625 4643
f 940 946 1023
f 1021 942 941
f 1024 4644 942
f 1025 4644 1024
f 1025 948 4644
f 1026 948 1025
f 1026 4645 948
f 1026 1109 4645
f 1027 947 4645
f 1022 947 1027
f 1030 1031 4646
f 949 950 4646
f 873 872 954
f 951 1028 950
f 953 4647 1032
f 953 871 4647
f 873 955 876
f 1038 1041 958
f 963 4648 961
f 963 4650 4648
f 4649 1043 964
f 881 962 964
f 1042 4650 1044
f 1042 4648 4650
f 1043 1046 964
f 966 1047 965
f 1048 4653 4651
f 967 887 4651
f 1049 4675 4652
f 4652 4675 966
f 1050 970 4653
f 969 967 4653
f 1049 968 1051
f 1049 4652 968
f 1054 4656 4654
f 973 971 4654
f 1053 4655 1055
f 1053 1051 4655
f 975 4656 1056
f 975 4634 4656
f 1057 4680 4657
f 1055 974 4657
f 1057 4658 1058
f 1057 4657 4658
f 975 1056 4659
f 4659 1056 1059
f 1064 4660 1062
f 980 978 1062
f 983 4660 1065
f 983 904 4660
f 1066 1144 4661
f 985 983 1067
f 1066 984 1068
f 1066 4661 984
f 986 985 1069
f 986 908 985
f 1070 1068 4662
f 1068 984 4662
f 988 986 1071
f 1072 4683 4663
f 1070 987 4663
f 990 988 1073
f 1073 4685 4664
f 1075 992 4664
f 1072 4665 1074
f 1072 4663 4665
f 991 993 1074
f 994 1077 996
f 1081 1078 4640
f 1081 997 1083
f 1081 4640 997
f 1084 4687 4666
f 1083 997 4666
f 1001 4667 1085
f 1001 920 4667
f 1084 1000 1086
f 1005 1002 1089
f 1008 1007 1091
f 1004 1006 5826
f 1088 1003 1004
f 1090 5826 4668
f 4668 5826 1009
f 1092 4668 1094
f 1011 4669 1094
f 1011 1013 4669
f 1012 1095 1014
f 1099 1096 1016
f 939 4643 1018
f 1102 1103 1020
f 1106 4671 4670
f 1024 4670 4671
f 1106 1107 4671
f 1027 4645 1109
f 1112 4693 4672
f 4672 4693 1117
f 1028 952 1112
f 1115 4673 1117
f 1115 1116 4673
f 950 4672 1030
f 1114 1032 1033
f 1031 4673 1116
f 1034 4674 1118
f 1034 956 4674
f 1037 1120 1038
f 1039 4696 1036
f 1044 1125 1042
f 1128 1047 4675
f 1051 4677 1049
f 1133 4678 4676
f 1052 1050 4676
f 1134 4701 4677
f 1132 1049 4677
f 1054 4678 1135
f 1054 4654 4678
f 1136 1220 4679
f 1056 1054 4679
f 1137 4702 4680
f 1059 1056 4679
f 1058 4704 1057
f 1060 1059 1138
f 1139 4704 1058
f 1140 1062 4681
f 1062 978 4681
f 1141 4706 4682
f 1139 1061 4682
f 1064 1062 1140
f 1063 4661 1141
f 1065 1064 1143
f 1229 1066 1146
f 1068 1146 1066
f 1069 1067 1147
f 1146 1068 1148
f 1148 1070 4683
f 1151 4685 4684
f 1073 1071 4684
f 1152 4709 4683
f 1075 4685 1153
f 1075 4664 4685
f 1077 1075 1155
f 1157 1079 1155
f 1156 1236 4686
f 1154 1076 4686
f 1156 4686 1080
f 1082 996 1079
f 1160 1158 1083
f 1160 4687 1162
f 1160 1083 4687
f 1085 4688 1163
f 1085 4667 4688
f 1165 1085 1163
f 1164 4712 4689
f 1162 4687 4689
f 1086 1088 1164
f 1087 1165 4690
f 1091 1167 1169
f 1092 4714 4668
f 1095 1093 1171
f 1095 1010 1093
f 1092 1094 1172
f 1100 1178 1099
f 1102 1018 1177
f 1102 1179 1181
f 1184 1106 1105
f 1110 1027 4691
f 1109 4692 4691
f 1182 1104 1110
f 1182 1110 1186
f 1188 4719 4692
f 1187 4691 4692
f 1111 4693 1190
f 1111 1117 4693
f 1190 4693 4694
f 1112 1113 4694
f 1191 4694 1113
f 1120 1116 1119
f 1117 1189 1115
f 1196 4695 1118
f 1196 4723 4695
f 1118 1121 1197
f 1118 4674 1121
f 1198 4724 1119
f 1121 1036 4696
f 1039 1201 4696
f 1124 1123 1202
f 1205 1126 1202
f 1127 4697 1207
f 1127 1045 4697
f 4698 1128 4728
f 1206 1125 4698
f 1129 4699 1209
f 1129 1127 4699
f 1208 1130 1210
f 1208 1128 1130
f 1133 4700 1213
f 1133 4676 4700
f 1214 1212 4701
f 1212 1210 4701
f 1135 1133 1215
f 1216 1296 1214
f 1134 4680 4702
f 1137 1218 4702
f 1059 4679 1220
f 1221 4731 1219
f 1222 4705 4703
f 1138 1059 4703
f 1221 1219 4704
f 1140 4705 1223
f 1140 4681 4705
f 1224 4733 4706
f 1221 1139 4706
f 1225 1227 1140
f 1226 1307 1142
f 1224 4706 1142
f 1145 1143 4707
f 1313 4708 1230
f 1149 1147 1231
f 1230 4708 1150
f 1151 4684 1232
f 1233 4737 4709
f 1153 1151 1234
f 1236 5868 4710
f 1239 1157 1237
f 1238 1236 1156
f 1238 1156 4711
f 1159 1239 1161
f 1163 1161 1242
f 1162 4712 1243
f 1244 1246 4713
f 1165 1163 4713
f 1243 4712 1245
f 1250 1170 1168
f 1248 4714 1249
f 1248 1090 4714
f 1249 4714 4715
f 1254 1251 1172
f 1172 1175 1254
f 1177 1098 4716
f 1255 1257 1174
f 1178 1183 4717
f 1258 4747 4717
f 1181 1179 1180
f 1259 1180 1179
f 1260 1258 1261
f 1183 1101 1261
f 1181 1180 4718
f 1186 1263 1182
f 1268 4719 1267
f 1268 1187 4719
f 1268 4750 1187
f 1269 1358 4720
f 1189 1111 4720
f 1190 4721 1271
f 4722 1273 4721
f 1190 4694 4722
f 1274 1191 1192
f 1276 1275 4723
f 1193 4695 4723
f 1280 4724 1198
f 1280 1282 4724
f 1202 4725 1204
f 1202 1123 4725
f 1286 4755 4726
f 1285 1284 4726
f 1207 4727 1289
f 1207 4697 4727
f 1288 4756 4728
f 1289 1291 1207
f 1210 1292 1208
f 1211 4729 1293
f 1211 1209 4729
f 4758 1292 1294
f 1292 1210 1212
f 1213 1211 1295
f 1294 1212 1296
f 1215 1213 1297
f 1296 1216 4759
f 1301 4732 4730
f 1220 1136 4730
f 1302 4761 4731
f 1300 1218 4731
f 1222 4732 1303
f 1222 4703 4732
f 1302 4731 1221
f 1223 1222 1304
f 1305 4763 4733
f 1302 1221 4733
f 1225 1304 1306
f 1140 1223 1225
f 1305 1224 1307
f 1308 1310 4734
f 1227 1225 4734
f 1228 4707 1310
f 1311 4766 4735
f 1309 1226 4735
f 1312 1314 4736
f 1311 4735 1313
f 1313 1230 1315
f 1232 1149 5827
f 1315 4737 1317
f 1317 1233 1319
f 1235 1234 1320
f 1157 1235 1237
f 1400 1321 1323
f 1321 1236 1238
f 1239 1237 4738
f 1323 4739 1325
f 1323 1238 4739
f 1244 4713 1327
f 1328 1404 4741
f 1162 1243 1326
f 1330 1247 1244
f 1328 4741 1329
f 1245 1248 4742
f 1249 4744 1331
f 1250 4743 1334
f 1250 1168 4743
f 1333 4744 1335
f 1333 1331 4744
f 1338 1340 4745
f 1255 1253 4745
f 1339 4772 4746
f 1337 1254 4746
f 1342 1339 4747
f 1256 4717 4747
f 1346 1347 1262
f 1349 4748 1347
f 1349 1265 4748
f 1349 1429 4749
f 1350 1267 4749
f 1351 1267 1350
f 1351 1431 1268
f 1348 4750 1352
f 1271 1353 1269
f 1276 4751 1275
f 1276 4776 4751
f 1358 4778 4752
f 1359 1277 4752
f 1279 1360 1278
f 1279 1361 1360
f 1362 1280 1359
f 1281 4753 1199
f 1281 1363 4753
f 1365 4754 1283
f 1365 4783 4754
f 1285 4726 4755
f 4756 1368 1286
f 4755 1286 1368
f 1369 1368 4756
f 1287 4785 1289
f 1371 1454 1288
f 1293 1290 4757
f 1375 4786 4758
f 1373 1371 4758
f 1375 1294 4759
f 1295 1374 1377
f 1378 4759 1298
f 1299 4760 1379
f 1299 1217 4760
f 1380 4787 1298
f 1382 4788 4761
f 1380 1300 4761
f 1303 1301 1383
f 1303 4732 1301
f 1382 4761 1302
f 1385 4791 4763
f 1382 1302 4763
f 1304 4762 1306
f 1386 4792 4764
f 1385 1305 4764
f 1308 4765 1387
f 1308 4734 4765
f 1388 1312 1308
f 1389 4794 4766
f 1389 1311 1390
f 1391 1393 4767
f 1314 1312 4767
f 1394 1479 4768
f 1392 1315 4768
f 1318 5828 5829
f 1394 4768 1396
f 1398 4797 5868
f 1322 1320 1397
f 1324 4738 1401
f 1401 4798 1324
f 1400 1323 1402
f 1327 4740 1403
f 1406 1404 1328
f 1327 1405 4769
f 1408 4799 1328
f 1330 4769 1409
f 1330 1244 4769
f 1334 4770 1413
f 1334 4743 4770
f 1336 1334 1415
f 1414 4802 1335
f 1412 1333 1335
f 1335 1337 1414
f 1338 4745 4771
f 1336 1415 4771
f 1418 4772 1339
f 1418 1416 4772
f 1423 1341 1420
f 1423 4807 1425
f 1424 4805 1345
f 1260 1264 4773
f 1348 1427 4773
f 1434 1356 4774
f 1272 1354 1435
f 1273 1274 1354
f 1354 1355 4775
f 4775 1355 1436
f 1355 4751 4776
f 1438 4813 4777
f 1439 4776 1357
f 1358 4777 4778
f 1443 1364 4780
f 1362 1359 4780
f 1442 4781 1444
f 1442 1441 4781
f 1366 1446 4782
f 1445 4783 1365
f 1445 1447 4783
f 1450 4785 4784
f 1287 1367 4784
f 1368 1369 1449
f 1449 1448 1368
f 1287 4784 4785
f 1450 1453 4785
f 1369 1288 1454
f 1453 4820 1372
f 1372 1370 1453
f 1456 4821 1373
f 1374 4757 1457
f 1456 4786 1458
f 1456 1373 4786
f 1458 4786 1459
f 1375 1459 4786
f 1376 1460 1379
f 1463 1461 4787
f 1461 1378 4787
f 1301 1299 1381
f 1464 4825 4788
f 1463 1380 4788
f 1465 4790 4789
f 1383 1381 4789
f 1464 4788 1382
f 1384 4790 1466
f 1384 4762 4790
f 1467 4826 4791
f 1464 1382 4791
f 1468 4793 1466
f 1469 4827 4792
f 1467 1385 4792
f 1387 4793 1470
f 1387 4765 4793
f 1472 4795 1388
f 4794 1389 1471
f 1471 1469 4794
f 1474 1476 4795
f 1312 1388 4795
f 1473 1390 1475
f 1473 1389 1390
f 1391 4767 1476
f 1475 4796 1477
f 1475 1390 4796
f 1478 1480 1391
f 1477 4796 1479
f 1481 4830 1394
f 4831 5831 5830
f 1481 4797 1483
f 1400 1485 1398
f 1401 1399 1486
f 1485 1400 1487
f 1488 1490 4798
f 1403 1324 4798
f 1487 1402 1489
f 1492 1494 1407
f 1406 4799 1493
f 1409 1407 1494
f 1496 4800 1494
f 1495 4835 4801
f 1493 4799 4801
f 1410 1412 1495
f 1413 4770 4800
f 1414 4804 4802
f 1499 1497 4802
f 1500 1502 4803
f 1415 1413 4803
f 1501 4837 4804
f 1499 4802 4804
f 1503 4838 1417
f 1505 1419 1417
f 1501 4804 1416
f 1507 1420 1505
f 1422 4805 1506
f 1422 1345 4805
f 1424 1427 4806
f 1425 4807 1426
f 1511 4808 1426
f 1347 1426 4808
f 1511 1594 5858
f 1432 1433 1350
f 1512 1596 4809
f 1515 1432 4809
f 1515 1597 1516
f 1516 4843 4810
f 1514 1430 4810
f 1517 4845 1434
f 1518 1438 1434
f 1517 1434 4811
f 1434 4774 4811
f 1517 4811 4812
f 1519 4812 4775
f 1521 1437 4813
f 1437 5871 4813
f 4780 1359 5871
f 1523 1522 4814
f 1357 4779 4814
f 1444 4815 1442
f 1444 4817 4815
f 1530 1532 4816
f 1445 1443 4816
f 1529 4817 1531
f 1529 4815 4817
f 1450 4818 1536
f 1450 4784 4818
f 1537 1620 4819
f 1535 1534 4819
f 1455 4820 1540
f 1455 1372 4820
f 1456 4849 4821
f 1537 1451 4821
f 1541 1544 4822
f 1457 1455 4822
f 1456 1458 4851
f 1457 4822 1544
f 1459 1545 1458
f 1460 4823 1546
f 1460 1376 4823
f 1547 4852 1461
f 1545 1459 1461
f 1549 4853 4825
f 1547 1463 4825
f 1465 4789 1550
f 1466 1465 1551
f 1552 4854 4826
f 1466 1551 1468
f 4827 4828 4855
f 1552 1467 4827
f 1553 1555 1468
f 1471 4828 1469
f 1471 1556 4828
f 1478 1391 1560
f 1563 1477 1479
f 1564 1566 4829
f 1480 1478 4829
f 1565 4889 4830
f 1563 1479 4830
f 1482 4831 1566
f 1565 1481 4832
f 1484 1482 1568
f 1567 4832 1569
f 1571 4860 4833
f 1569 1485 4833
f 1573 1490 1572
f 1491 1490 1573
f 1489 1406 4834
f 1576 1574 1493
f 1494 1492 1577
f 1576 4835 1578
f 1576 1493 4835
f 1496 1577 1579
f 1496 1494 1577
f 1580 4864 4836
f 1578 4835 4836
f 1500 4803 1581
f 1582 4837 1583
f 1582 1499 4837
f 1584 4840 4838
f 1504 4839 1585
f 1504 1506 4839
f 1505 4840 1507
f 1505 4838 4840
f 1588 4841 1508
f 1426 4807 1509
f 1589 4842 1507
f 1589 1590 4842
f 1508 1592 1591
f 1508 4806 1592
f 1513 4866 1595
f 1596 4868 1597
f 1598 4843 1597
f 1598 4844 4843
f 1514 4843 4844
f 1600 4870 4845
f 4845 4870 4847
f 1600 4845 1517
f 1600 1517 4846
f 1517 4812 4846
f 1519 1602 1601
f 1519 1436 1602
f 1518 4847 1521
f 1518 4845 4847
f 1528 4816 1443
f 1610 1613 1525
f 1616 1529 1617
f 1536 4848 1621
f 1536 1533 4848
f 1540 1538 1624
f 1623 4849 1625
f 1623 1539 4849
f 1541 4850 1626
f 1541 4822 4850
f 1627 1625 4851
f 1625 4849 4851
f 1546 1543 1630
f 1631 4878 4852
f 1629 1545 4852
f 1548 4824 1632
f 1634 1720 4853
f 1549 4854 1634
f 1551 1465 1635
f 1635 1637 1551
f 1549 4826 4854
f 1552 1638 4854
f 1638 1552 4855
f 1555 1553 1640
f 1557 1555 4856
f 1642 4885 4857
f 1558 1557 1641
f 1642 4858 1643
f 1642 4857 4858
f 1644 1562 4859
f 1560 1558 4859
f 1645 4887 1561
f 1643 1559 1561
f 1561 1563 1645
f 1564 4829 1646
f 1649 1566 1564
f 1648 1565 1650
f 1568 1649 1651
f 1650 1567 1652
f 1568 1651 1570
f 1654 1652 4860
f 1652 1567 4860
f 1572 4861 1655
f 1572 1488 4861
f 1654 1571 1656
f 1573 1572 1657
f 1655 1657 1572
f 1662 4897 4863
f 1660 1576 4863
f 1579 1661 1663
f 1579 1577 1661
f 1662 4863 4864
f 1583 4900 1582
f 1584 1668 1671
f 1586 4839 4841
f 1672 1756 4865
f 1670 1585 4865
f 1513 4844 4866
f 1684 4867 1512
f 1684 4902 4867
f 1685 4868 4867
f 1686 4868 1685
f 1686 1598 4868
f 1687 4903 4869
f 1682 4866 4869
f 4870 4904 1599
f 1599 4847 4870
f 1600 4871 1690
f 1600 4846 4871
f 1601 4872 1692
f 1601 1602 4872
f 1693 4872 4873
f 4873 4872 1603
f 1520 1522 1604
f 1703 1616 1705
f 1620 1707 4874
f 1708 1622 4875
f 1621 4848 4875
f 1710 4876 1624
f 1711 4913 1625
f 1712 1714 4876
f 1626 4850 4876
f 1625 1627 1711
f 1627 1542 4877
f 1629 4878 4877
f 1715 4878 1717
f 1715 4877 4878
f 1632 1630 1716
f 1717 1631 1718
f 1633 4879 1719
f 1721 1637 4880
f 1635 1633 4880
f 1722 4921 4881
f 1720 1634 4881
f 1639 1553 1637
f 1554 4882 4855
f 1637 1721 1639
f 1725 4923 4882
f 1724 1638 4882
f 1726 4884 4883
f 1640 1639 4883
f 1641 4884 1727
f 1641 4856 4884
f 1728 4925 4885
f 1728 1642 1730
f 1731 4888 4886
f 1644 4859 4886
f 1730 4887 1732
f 1733 4891 4888
f 4888 4891 1644
f 1562 1644 1646
f 1563 4830 4889
f 1647 1645 4889
f 1734 4927 4890
f 1732 4887 4890
f 4891 1733 1736
f 1564 1646 4891
f 1648 1650 1737
f 1651 1649 4892
f 1739 1823 4893
f 1737 1650 4893
f 1739 1652 1741
f 1739 4893 1652
f 1742 1655 1740
f 1655 1653 1740
f 1741 1654 4894
f 1657 1655 1742
f 1659 1657 1745
f 1744 4930 4895
f 1743 4894 4895
f 1747 4898 4896
f 1661 4862 4896
f 1746 4897 1748
f 1746 1744 4897
f 1663 4898 1749
f 1663 1661 4898
f 1750 4933 1662
f 1752 4899 1666
f 1752 4936 4899
f 1755 1668 4899
f 1753 4900 1754
f 1753 1665 4900
f 1671 1755 1757
f 1671 1668 1755
f 1594 1593 1680
f 1765 1850 4901
f 1767 4902 4901
f 1768 4902 1767
f 1768 1685 4902
f 1686 1685 1769
f 1770 1687 1769
f 1686 1769 1687
f 1770 4940 4903
f 1771 1682 4903
f 1688 4904 1774
f 1688 1599 4904
f 1690 4871 1691
f 1777 1773 1693
f 1775 4942 1780
f 1697 4905 1696
f 1780 4944 4906
f 1781 1701 4906
f 1608 1612 4907
f 1700 1782 4907
f 1703 1705 4908
f 1705 4910 4908
f 1706 1618 4909
f 1787 4910 1789
f 1787 4908 4910
f 1706 4909 1788
f 1791 1789 1707
f 4911 1792 1708
f 1793 4947 4912
f 1710 1792 1794
f 1710 1622 1792
f 1793 4913 1795
f 1793 4912 4913
f 1794 1712 1710
f 1713 1797 1711
f 1798 4915 4914
f 1714 1712 4914
f 1797 1713 1799
f 4915 1798 4917
f 1716 1630 4915
f 1801 4952 4916
f 1799 1715 4916
f 1802 4919 4917
f 1801 4918 1803
f 1801 4916 4918
f 1719 4919 1804
f 1719 4879 4919
f 1805 4954 4920
f 1803 1718 4920
f 1804 1806 1719
f 1720 4881 4921
f 1722 1807 4921
f 1723 1721 4922
f 1810 1893 4923
f 1726 4924 1811
f 1726 4883 4924
f 1725 4925 1810
f 1727 1726 1813
f 1812 4925 1814
f 1729 1813 1815
f 1816 1899 4926
f 1814 1728 4926
f 1729 1815 1731
f 1733 4888 1818
f 1735 1733 1820
f 1819 4927 1821
f 1734 1737 4928
f 1738 4892 4929
f 1736 1735 4929
f 1825 1823 1739
f 1825 1739 1826
f 1742 1740 1827
f 1830 1745 1828
f 1829 4962 4930
f 1829 4930 4931
f 1744 1746 4931
f 1745 1830 1747
f 1833 1746 1748
f 1749 4898 4932
f 1833 1748 4933
f 1835 4933 4934
f 1750 1753 4934
f 1752 1751 4935
f 1840 4936 1838
f 1840 1755 4936
f 1754 4937 1839
f 1754 1669 4937
f 1755 1840 1757
f 1847 4938 1844
f 1847 1761 4938
f 1847 4966 1762
f 1765 1677 5874
f 1766 4939 1764
f 1766 1849 4939
f 1767 4901 1851
f 1851 1852 1767
f 1769 1853 1770
f 1855 4940 1854
f 1855 1771 4940
f 1774 4941 1859
f 1774 4904 4941
f 1948 1863 1860
f 1863 4944 4942
f 1779 4905 4943
f 1697 4945 4943
f 1863 4972 4944
f 4944 4972 1781
f 1697 4907 4945
f 1782 1866 4945
f 1867 1870 1783
f 1788 4909 1874
f 1873 1787 4946
f 1792 4911 1876
f 1878 4947 1879
f 1878 1877 4947
f 1880 1796 4948
f 1794 1792 4948
f 1881 1964 4949
f 1879 1793 4949
f 1798 4950 1884
f 1798 4914 4950
f 1885 4976 4951
f 1883 1797 4951
f 1798 1884 1800
f 1885 4952 1887
f 1885 4951 4952
f 1802 4917 1800
f 1888 1973 4953
f 1887 1801 4953
f 1802 4978 1804
f 1888 4953 4954
f 1893 4979 1809
f 1809 4979 1807
f 1894 4955 1808
f 1811 4955 1895
f 1811 4924 4955
f 1896 1980 4956
f 1896 1812 1898
f 1813 1897 1815
f 1817 4957 1900
f 1901 4983 1816
f 1902 1820 4958
f 1818 1817 4958
f 1904 1988 4959
f 1905 1907 1822
f 1906 1991 4959
f 1910 4986 1825
f 1740 4960 1827
f 4961 1998 4963
f 1828 1742 4961
f 1912 1997 4962
f 1830 4963 1913
f 1830 1828 4963
f 1914 1999 4964
f 1912 1829 4964
f 1832 4987 1834
f 1834 4932 1832
f 1918 4988 1835
f 1916 1833 1835
f 1836 1834 1917
f 1837 1839 1921
f 1837 1754 1839
f 1922 1924 4965
f 1840 1838 4965
f 1841 4937 1758
f 1921 1839 1923
f 1926 1923 1841
f 1929 2017 1931
f 1931 4989 4966
f 4966 4989 1848
f 1846 1763 4967
f 1763 4939 4967
f 4968 4967 4939
f 1849 1934 4968
f 1938 2027 1935
f 1939 1938 4969
f 1940 4970 1941
f 1856 1858 1942
f 1944 4995 1945
f 1859 4941 4970
f 1857 1941 4970
f 1861 1946 4971
f 1946 1943 4971
f 1862 1946 1861
f 1862 1947 1946
f 1862 1779 1950
f 5832 1781 4972
f 1869 1954 1868
f 1869 1955 1954
f 1959 1790 1871
f 1958 1873 1875
f 1963 4974 4973
f 1962 1878 1964
f 1880 4974 1965
f 1880 4948 4974
f 1969 1886 4975
f 1884 1882 4975
f 1970 5003 4976
f 1968 1881 4976
f 1884 4975 1886
f 1886 1800 1884
f 1972 4978 4977
f 1802 1886 4977
f 1970 1885 1971
f 1889 4978 1974
f 1889 1804 4978
f 1975 5005 1888
f 1977 4979 1979
f 1977 1891 4979
f 1894 1892 1978
f 1894 1808 1892
f 1893 4956 1979
f 1981 4981 4980
f 1895 1894 4980
f 1983 4957 4981
f 1984 1982 4982
f 1982 1896 4982
f 1900 1985 1986
f 1900 4957 1985
f 1987 2073 4983
f 1902 4958 4984
f 1987 1901 1988
f 5872 1989 1990
f 1903 1902 5872
f 1991 5011 1904
f 1909 4985 1994
f 1909 4960 4985
f 1993 4986 1995
f 1993 1991 4986
f 1995 1910 1997
f 1911 4963 1998
f 1996 1998 4961
f 2000 1915 1911
f 1913 4963 1911
f 1917 1834 4987
f 2005 5017 4988
f 2003 1916 4988
f 1917 2004 2006
f 1921 1923 2010
f 1930 2015 1927
f 1930 2018 2015
f 1930 1846 2019
f 1933 4989 2022
f 1933 1848 4989
f 2025 1933 5021
f 1936 2025 1937
f 2025 2026 1937
f 1935 2028 2024
f 2029 1939 4990
f 1939 1852 4990
f 2029 5025 1939
f 2030 1940 4991
f 1940 1941 4991
f 2031 4991 4992
f 1941 1856 4992
f 2032 4992 4993
f 1942 1943 4993
f 2033 4993 4994
f 1943 1946 4994
f 2030 2034 1940
f 2034 5026 4995
f 2035 1945 4995
f 2037 4994 1947
f 2037 1947 4996
f 1950 1951 4996
f 1865 4972 2040
f 2039 1951 1952
f 1953 1865 2041
f 1959 4998 2045
f 2046 5033 1960
f 1960 5033 1958
f 1963 4999 2049
f 1963 4973 4999
f 2050 5034 5000
f 2048 1962 5000
f 2051 2053 5001
f 1965 1963 5001
f 2055 1969 5002
f 1969 4975 5002
f 2056 5036 5003
f 2054 1968 5003
f 2055 5004 1969
f 1970 1971 2056
f 2056 5003 1970
f 1972 5004 2058
f 1972 4977 5004
f 2060 2062 2058
f 1974 1972 2058
f 2059 5005 2061
f 2059 2057 5005
f 1977 2063 1975
f 2064 1978 5006
f 1978 1892 5006
f 2063 1977 2065
f 2068 4980 2066
f 1981 4980 2068
f 2069 2145 5007
f 2067 1980 5007
f 1983 1981 2070
f 2069 1982 2071
f 2069 5007 1982
f 1985 1983 2072
f 2071 1984 2073
f 2074 1986 5008
f 1986 1985 5008
f 2076 5044 5009
f 2075 1987 5009
f 1990 1989 5836
f 2079 1990 2077
f 2079 1992 1990
f 2078 5045 5011
f 2081 5046 5012
f 1994 1992 5012
f 2080 1993 2082
f 2085 5015 5013
f 1998 1996 5013
f 2086 5048 5014
f 2084 1997 5014
f 2000 5015 2087
f 2000 1911 5015
f 2086 5014 1999
f 2090 2004 5016
f 2004 2002 5016
f 2091 5051 5017
f 2089 2003 5017
f 2091 2005 2092
f 2091 5017 2005
f 2011 5018 2095
f 2011 1922 5018
f 2096 5054 5019
f 2094 2010 5019
f 2097 5055 2013
f 2099 2016 2013
f 2018 2098 2015
f 2100 5056 2018
f 2101 5057 5020
f 2103 5021 5020
f 2104 5021 2103
f 2104 2025 5021
f 2020 1932 2102
f 2105 2026 2104
f 2104 5059 2105
f 2028 2106 5022
f 2028 5023 2106
f 2028 2027 5023
f 2105 2108 5024
f 2108 2029 5024
f 2108 5061 2109
f 2107 5025 2109
f 2107 5023 5025
f 2111 2030 2110
f 2030 4991 2110
f 2112 2190 2031
f 2031 2032 2112
f 4993 2033 2032
f 2033 4994 2036
f 2115 5062 5026
f 5026 5062 5027
f 2038 1949 5027
f 2035 5026 5027
f 2118 5028 2039
f 2119 4997 5029
f 5064 5859 2120
f 2118 2039 5030
f 2121 2041 2119
f 4997 2119 2041
f 1952 1954 5031
f 2122 2120 2042
f 2045 4998 2124
f 5032 2124 4998
f 2125 5837 5033
f 2049 2047 2128
f 2127 5034 2129
f 2127 2046 5034
f 2051 2128 2130
f 2051 2049 2128
f 2131 5071 2050
f 2134 2055 5035
f 2055 5002 5035
f 2135 5073 5036
f 2133 2054 5036
f 2134 5037 2055
f 2058 5004 5037
f 5075 2135 2136
f 2061 2138 2059
f 2061 2140 2138
f 2139 5038 2060
f 2064 5038 2141
f 2064 5006 5038
f 2142 5838 5039
f 2140 2063 5039
f 2066 2064 2143
f 2068 2066 2144
f 2145 2226 5040
f 2145 2069 2147
f 2072 2070 2146
f 2074 5042 2149
f 2074 5008 5042
f 2150 5080 5043
f 2148 2073 5043
f 2151 5010 2074
f 2150 5044 2152
f 2150 5043 5044
f 2077 1990 5836
f 2151 5836 5010
f 2076 5045 2152
f 2157 2081 2155
f 2154 5045 2156
f 2078 2080 2156
f 2079 2155 2081
f 2082 5047 2158
f 2159 2161 5046
f 2083 5012 5046
f 2160 2240 5047
f 2085 5013 2161
f 2160 5048 2162
f 2160 5047 5048
f 2163 2165 5049
f 2087 2085 5049
f 2164 2162 2086
f 2167 2090 5050
f 2090 5016 5050
f 2166 5051 2168
f 2166 2164 5051
f 2169 2093 2090
f 2170 5087 5052
f 2168 2091 5052
f 2095 5018 5053
f 2173 5089 5054
f 2172 2094 5054
f 2174 5090 5055
f 5834 2099 5873
f 2101 5834 2178
f 2099 5834 2017
f 2177 2100 2179
f 2177 5056 2100
f 2178 5057 2101
f 2102 2023 5058
f 2023 5060 5058
f 2182 5059 2103
f 2104 2103 5059
f 2182 2183 5059
f 2181 5060 2184
f 2181 5058 5060
f 2186 5061 2108
f 2186 2270 5061
f 5061 2271 2107
f 2110 2189 2188
f 2110 2031 2190
f 2112 2191 2190
f 2112 2113 2191
f 2193 2114 5062
f 2114 5027 5062
f 2036 2116 2195
f 2116 2037 5028
f 2197 2198 2193
f 2200 5065 5063
f 2119 5029 5063
f 2199 2196 5859
f 2202 5065 2200
f 2202 2123 5065
f 2122 5066 2120
f 2122 2205 5066
f 2124 5067 2206
f 2124 5032 5067
f 2207 5103 5837
f 2205 2122 5068
f 2211 5105 5070
f 2209 2127 5070
f 2130 2210 2212
f 2130 2128 2210
f 2211 5071 2213
f 2211 5070 5071
f 2216 2134 5072
f 2134 5035 5072
f 2217 5108 5073
f 5073 5108 2133
f 2216 5074 2134
f 2218 5076 5074
f 5074 5076 5037
f 2219 5110 5075
f 2136 2138 2219
f 2058 5037 5076
f 2218 2220 5076
f 2222 2305 5077
f 2219 2138 5077
f 2141 2139 2223
f 2141 5038 2139
f 2222 5078 2224
f 2222 5077 5078
f 2224 5078 5838
f 2144 2143 2225
f 2146 5079 2228
f 2146 5041 5079
f 2149 2230 2231
f 2149 5042 2230
f 2232 2317 5080
f 2232 2150 2234
f 2153 2151 2233
f 2157 2155 2236
f 2155 2077 5081
f 2237 5114 5082
f 2235 2154 5082
f 2237 5083 2238
f 2237 5082 5083
f 2158 2240 2238
f 2159 2239 2241
f 2159 5046 2239
f 2243 5049 2159
f 2244 5118 5084
f 2242 2160 5084
f 2163 2243 2245
f 2163 5049 2243
f 2244 2162 2246
f 2244 5084 2162
f 2167 5085 2249
f 2167 5050 5085
f 2250 2334 5086
f 2248 2166 5086
f 2169 2167 2251
f 2250 5087 2252
f 2250 5086 5087
f 2255 2174 5088
f 2095 5053 5088
f 2254 5089 2256
f 2254 2170 5089
f 2259 5090 2257
f 2176 5873 2259
f 2175 5056 5091
f 2261 2263 5092
f 2263 2176 5092
f 2260 2177 2262
f 2260 5091 2177
f 2180 2103 5057
f 2263 5093 2178
f 2263 5125 5093
f 2179 5058 5094
f 2265 2180 2264
f 2265 2182 2180
f 2267 5127 5095
f 2269 5128 2270
f 2187 2107 2271
f 2271 5129 2187
f 2188 5096 2273
f 2188 2189 5096
f 2275 5130 5096
f 2189 2190 2275
f 2190 2191 2275
f 2278 2277 2194
f 2278 5132 2277
f 2116 2196 2195
f 2196 5099 5098
f 2197 2277 2281
f 2283 2363 5099
f 2280 5098 5099
f 2200 5100 2285
f 2200 5063 5100
f 2284 2283 2201
f 2285 2367 2286
f 2203 5101 2201
f 2203 2289 5101
f 2206 5102 2290
f 2206 5067 5102
f 2291 5136 5103
f 2289 2205 5103
f 2294 5106 5104
f 2210 5069 5104
f 2293 2209 5105
f 2296 2298 5106
f 2212 2210 5106
f 2295 5105 2297
f 2211 2297 5105
f 2216 5072 5107
f 2299 5108 2301
f 2299 2215 5108
f 2301 2217 2302
f 2218 5109 2303
f 2218 5074 5109
f 2303 5143 2218
f 2302 5110 2304
f 2139 2137 2221
f 2307 2305 2222
f 2223 2221 2308
f 2307 2222 2309
f 2225 2223 2310
f 2313 5147 5111
f 2311 2226 5111
f 2228 2312 2314
f 2228 5079 2312
f 2313 2227 2315
f 2313 5111 2227
f 5080 2317 2229
f 2230 5112 2231
f 2233 5113 2319
f 2233 2149 5113
f 2232 2234 2318
f 2236 2321 2322
f 2236 5081 2321
f 2323 5153 5114
f 2322 2324 2236
f 2238 2325 2237
f 2326 2241 5115
f 2239 2157 5115
f 2327 5156 5116
f 2325 2238 5116
f 2326 5117 2241
f 2329 2412 5118
f 2330 5158 5119
f 2329 2244 5119
f 2333 5121 5120
f 2249 2247 5120
f 2332 2330 2334
f 2251 5121 2335
f 2336 2420 5122
f 2334 2250 5122
f 2255 5123 2339
f 2255 5088 5123
f 2338 2254 2340
f 2341 2432 2344
f 2258 5091 5124
f 2261 5092 2344
f 2345 2260 2346
f 2345 5124 2260
f 2348 5125 2347
f 2348 2264 5125
f 2262 5126 2346
f 5126 5094 5127
f 2264 2350 2265
f 2264 2348 2350
f 2267 5164 5127
f 2351 5166 5128
f 2353 5168 5129
f 2352 2272 5129
f 2274 5130 2355
f 2274 5096 5130
f 2276 5131 2357
f 2276 2192 5131
f 2354 2358 2273
f 2358 5169 5132
f 2359 5134 5132
f 2279 5098 5133
f 2280 2361 5133
f 2281 5134 2362
f 2281 2277 5134
f 2363 5172 2280
f 2280 5099 2363
f 2285 2282 2365
f 2364 2284 2368
f 2290 5135 2372
f 2290 5102 5135
f 2371 5136 2373
f 2371 2287 5136
f 2294 5137 2376
f 2294 5104 5137
f 2377 5174 2295
f 2293 5105 5839
f 2296 2294 2378
f 2377 5138 2379
f 2377 2295 5138
f 2300 5139 2382
f 2300 5107 5139
f 2383 5176 5140
f 2381 2299 5140
f 2303 5141 2385
f 2303 5109 5141
f 2386 5179 5142
f 2387 2306 5143
f 2220 2218 5143
f 2386 2304 2388
f 2386 5142 2304
f 2389 2306 2387
f 2389 5145 2308
f 2391 5182 5144
f 2390 2307 5144
f 2392 5146 5145
f 2310 2308 5145
f 2312 5146 2393
f 2394 5184 5147
f 2395 5149 5148
f 2314 2312 5148
f 2394 2313 2396
f 2316 5149 2397
f 2316 5112 5149
f 2400 5186 5150
f 2398 2317 5150
f 2319 2399 2401
f 2319 5113 2399
f 2400 2318 2402
f 2400 5150 2318
f 2403 5152 5151
f 2404 2400 2402
f 2405 2407 5152
f 2322 2321 5152
f 2404 5153 2406
f 2404 2402 5153
f 2325 5154 2323
f 2325 5156 5154
f 2409 5841 5155
f 2326 5115 5155
f 2408 5156 2410
f 2408 5154 5156
f 2326 5841 5157
f 2410 2327 2412
f 2413 2415 5157
f 2328 5117 5157
f 2328 5157 2415
f 2416 5189 5158
f 2414 2329 5158
f 2333 5159 2419
f 2333 5120 5159
f 2418 2332 2420
f 2421 2423 5160
f 2335 2333 5160
f 2339 5161 2426
f 2339 5123 5161
f 2425 2340 2427
f 2336 2338 2425
f 2429 2516 2432
f 2343 5124 5162
f 2345 2435 5162
f 2435 2345 2437
f 2438 2348 2347
f 2350 2348 2439
f 2439 5192 2350
f 5163 2350 5192
f 2349 5127 5164
f 2267 5165 5164
f 5165 5193 5164
f 2445 5166 2443
f 2445 5167 5166
f 2446 5168 5167
f 2444 2352 5168
f 2447 2448 2355
f 2355 2449 2447
f 2355 5130 2449
f 2357 2450 2356
f 2452 5169 2451
f 2452 2359 5169
f 2451 5169 5170
f 2358 2354 5170
f 2450 2357 2453
f 2360 2453 2357
f 2361 2454 2360
f 2452 5196 2359
f 2362 2359 5196
f 2365 2282 5171
f 2282 2281 5171
f 2361 2280 5172
f 2363 2456 5172
f 2458 5199 2364
f 2459 2367 2366
f 2287 5173 2368
f 2287 2463 5173
f 2372 2462 2465
f 5135 2370 2372
f 2464 2371 2466
f 2374 5202 2376
f 2470 5203 5174
f 2468 2375 5174
f 2474 2384 5175
f 2382 5139 5175
f 2473 5176 2475
f 2473 2379 5176
f 2477 5205 5177
f 2475 2383 5177
f 2478 5180 5178
f 2385 2384 5178
f 2477 5179 2479
f 2477 5177 5179
f 2387 5180 2480
f 2387 5143 5180
f 2479 5181 2481
f 2479 2386 5181
f 2485 5208 5182
f 2483 2390 5182
f 2392 2484 2486
f 2392 5145 2484
f 2487 2489 5183
f 2393 2392 5183
f 2488 5210 5184
f 2395 5148 2489
f 2490 5211 5185
f 2488 2394 5185
f 2397 2395 2491
f 2493 5213 5186
f 2403 5151 2401
f 2405 2403 2494
f 2409 5155 5187
f 2497 2408 2498
f 2413 2411 2499
f 5157 5841 2413
f 2501 5218 5188
f 2500 2412 5188
f 2502 2417 2413
f 2501 5189 2503
f 2501 5188 5189
f 2419 5159 5190
f 2422 2507 2418
f 2421 2419 2506
f 2426 5161 2509
f 5221 2519 2517
f 2438 2347 5191
f 2347 2436 5191
f 2524 5192 2522
f 2439 2522 5192
f 2523 5224 2440
f 2443 5192 2524
f 2526 2441 5193
f 2441 5164 5193
f 2443 2527 2445
f 2528 2445 2527
f 2528 2446 2445
f 2608 2525 2528
f 2447 5194 2529
f 2449 2530 2447
f 2451 2533 2531
f 2451 5170 2533
f 2534 2609 5195
f 2450 2453 5195
f 2532 2615 5196
f 2537 5198 5196
f 2455 5172 5197
f 2456 5199 5197
f 2539 5198 2537
f 2539 2457 5198
f 2456 2364 5199
f 2458 2540 5199
f 5200 2543 2460
f 2460 5173 5200
f 2465 2462 2546
f 2547 2626 5201
f 2545 2464 5201
f 2466 2549 5201
f 2469 5202 2550
f 2551 5228 5203
f 2549 2468 5203
f 2551 2470 2552
f 2551 5203 2470
f 2474 5204 2555
f 2474 5175 5204
f 2554 2473 2556
f 2557 2478 2476
f 2558 5229 5205
f 2558 2477 2559
f 2560 2562 5206
f 2480 2478 5206
f 2565 5232 5208
f 2563 2483 5208
f 2484 5207 2486
f 2485 5210 2565
f 2565 5208 2485
f 2487 5209 2567
f 2487 5183 5209
f 2568 2566 5210
f 2566 2565 5210
f 2489 2487 2569
f 2570 5235 5211
f 2568 2488 5211
f 2491 2569 2571
f 2572 2574 5212
f 2492 2491 5212
f 2573 5237 5213
f 2573 2493 2575
f 2576 2494 5214
f 2579 2577 5215
f 2577 5238 5215
f 5187 2496 5840
f 2499 5216 2582
f 2499 2411 5216
f 2583 5242 5217
f 2583 5218 2501
f 2583 5217 5218
f 2502 2584 2585
f 2502 2499 2584
f 2506 5190 5219
f 2590 5245 2507
f 2507 5245 2505
f 2506 2589 2591
f 2510 2590 5220
f 5220 2590 2507
f 2506 2591 2508
f 2591 5246 2592
f 2509 2592 2594
f 2514 5248 2593
f 2594 2513 2512
f 2594 5249 2513
f 2597 2600 5221
f 2600 5222 5221
f 2600 5251 5222
f 2602 2521 5222
f 2518 2435 5223
f 5224 5860 2520
f 2520 2440 5224
f 2523 2603 5224
f 2606 2691 5225
f 2608 2528 5225
f 2610 2693 2531
f 2531 2533 2610
f 2533 2529 2610
f 2536 2455 5226
f 2538 2616 5226
f 2618 2539 2617
f 2540 2619 2538
f 2544 2542 5257
f 2623 2625 2544
f 2624 2543 2545
f 2544 2625 2546
f 2548 2625 2627
f 2550 5202 5227
f 2631 5228 2551
f 2631 2628 5228
f 2632 5259 2553
f 2631 2551 2633
f 2553 2634 2555
f 2637 2635 2556
f 2557 2476 2638
f 5229 2558 2726
f 2637 2556 5229
f 2640 5206 2557
f 2642 5230 2560
f 2642 2644 5230
f 2641 5264 2561
f 2639 2559 2561
f 2561 2563 2641
f 2564 5207 5231
f 2645 5232 2565
f 2645 2643 5232
f 2646 2648 5233
f 2645 2565 2566
f 2567 5233 2648
f 2567 5209 5233
f 2647 2566 2649
f 2651 5268 5235
f 2649 2568 5235
f 2569 5234 2571
f 2572 5236 2652
f 2572 5212 5236
f 2653 5271 5237
f 2654 5214 2572
f 2653 2573 5238
f 2576 2654 2656
f 2576 5214 2654
f 2655 2577 2657
f 2655 5238 2577
f 2656 2658 2576
f 2578 2576 2658
f 2580 2496 5239
f 2661 5275 5240
f 2659 2579 5240
f 2582 5241 2662
f 2582 5216 5241
f 2663 5276 5242
f 2663 5244 2665
f 2663 2583 5244
f 2584 5243 2664
f 2667 5244 2586
f 2666 5278 2587
f 2667 2586 2669
f 2671 5280 5245
f 2669 2588 5245
f 2670 2672 2589
f 2674 5247 5246
f 2673 2510 2675
f 2592 5246 5247
f 2674 2676 5247
f 2514 5250 5248
f 2594 5247 5249
f 2595 5249 2678
f 2679 2677 5250
f 2677 5248 5250
f 2685 5251 2683
f 2685 2602 5251
f 2599 5223 5252
f 2601 2684 5252
f 2603 2686 2601
f 2689 5253 2688
f 2690 2606 2689
f 2607 2608 2692
f 2692 5286 2607
f 2607 5286 2604
f 2532 2531 2693
f 2695 2693 5254
f 2611 5255 2696
f 2611 5194 5255
f 2697 5255 5256
f 2609 2534 5256
f 2623 5257 2710
f 2623 2544 5257
f 2711 5292 2622
f 2627 2713 2715
f 2625 2623 2627
f 2626 2547 2714
f 2719 5259 5258
f 2633 5260 2718
f 2718 2631 2633
f 5259 2719 5261
f 2634 2553 5259
f 2722 2720 5260
f 2720 2718 5260
f 2723 5261 2721
f 2723 2636 5261
f 2636 2723 5262
f 2637 5229 2724
f 2640 5262 2727
f 2728 2814 5263
f 2560 5206 5842
f 5264 5265 2728
f 2728 5263 5264
f 2642 2729 2731
f 2642 2560 2729
f 2732 2818 5265
f 2730 2728 5265
f 2646 5233 5266
f 2645 2647 2733
f 2734 5298 2648
f 2733 2647 2735
f 2650 5267 2736
f 2650 5234 5267
f 2735 2647 5268
f 5269 5271 5299
f 2737 5268 5269
f 2652 5270 2740
f 2652 5236 5270
f 2739 5299 5271
f 2741 5273 5272
f 2739 2653 2742
f 2655 2742 2653
f 2656 5273 2743
f 2654 5272 2656
f 2655 2657 5331
f 2745 5274 2743
f 2660 5274 2747
f 2660 5239 5274
f 2746 5275 2748
f 2746 2744 5275
f 2661 5276 2748
f 2662 2749 2751
f 2662 5241 2749
f 2750 5276 2752
f 2664 5277 2753
f 2664 5243 5277
f 2667 2756 2665
f 2668 2587 5278
f 2758 5309 5279
f 2756 2667 5279
f 2670 2668 2757
f 2758 5280 2759
f 2758 5279 5280
f 5281 5282 5843
f 2761 2673 5281
f 2675 5248 5282
f 2677 2763 5282
f 2678 5283 2766
f 2678 5249 5283
f 2776 5313 5284
f 2778 2689 5284
f 2779 2690 2778
f 2689 2778 2690
f 2779 5285 2690
f 2866 5869 2779
f 2780 2692 5285
f 2781 5286 2780
f 2781 2687 5286
f 2783 2782 2695
f 2696 5287 2784
f 2696 5255 5287
f 2785 5287 2697
f 2697 2612 5288
f 2698 5289 5288
f 2782 2699 2694
f 2789 5317 5289
f 2787 5288 5289
f 5320 2793 5290
f 2706 2709 5290
f 2796 2712 5291
f 2710 2708 5291
f 2795 5292 2797
f 2795 5290 5292
f 2802 5806 2799
f 2715 2713 2799
f 2801 2716 2803
f 2801 2714 2716
f 2719 5258 5293
f 2805 2718 2807
f 2721 2719 2806
f 2807 2720 2808
f 2811 2725 5294
f 2725 2723 5294
f 2810 2724 5295
f 2727 2725 2813
f 2727 5262 2725
f 2812 5295 2814
f 2815 2729 5296
f 2816 5327 2730
f 2814 2728 2730
f 2731 2729 2817
f 2817 2904 5297
f 2819 5328 5297
f 2816 2730 2818
f 2732 2820 2818
f 2645 2733 2732
f 2822 2820 2733
f 2646 2821 2734
f 2824 2822 2735
f 2825 2736 5298
f 2736 5267 5298
f 2824 2737 2826
f 2824 2735 2737
f 2738 2736 2827
f 2826 5299 2828
f 2826 2737 5299
f 2829 2831 5300
f 2740 2738 5300
f 2828 2739 2830
f 2831 2741 5300
f 2832 2830 2742
f 2743 5273 5301
f 2745 2743 2835
f 2836 5304 5302
f 2747 2745 5302
f 2837 2917 5303
f 2838 5305 5304
f 2840 5307 5305
f 2751 2749 5305
f 2841 2839 5306
f 2839 2750 5306
f 2753 5307 2842
f 2753 5277 5307
f 2841 5306 2754
f 2752 2754 5306
f 2845 5310 5308
f 2757 5278 5308
f 2846 5333 5309
f 2844 2756 5309
f 2757 5310 2847
f 2846 2758 2848
f 2846 5309 2758
f 2851 2762 5311
f 2762 2760 5311
f 2766 5312 2855
f 2766 5283 5312
f 2854 2765 2856
f 2767 2766 2855
f 2775 5338 5313
f 2862 2864 5313
f 2778 5284 2864
f 2864 5284 5313
f 2866 2779 2865
f 2867 2863 5869
f 2780 5869 2863
f 2783 5314 2868
f 2783 2784 5314
f 2869 5314 5315
f 2784 5287 5315
f 2785 2786 2870
f 2787 2871 2786
f 2788 5316 2872
f 2788 2699 5316
f 2787 5317 2874
f 2787 5289 5317
f 2875 5317 5318
f 2789 2792 5318
f 2703 2788 2790
f 2872 5342 2790
f 2876 5344 5319
f 2878 5321 5319
f 2793 5320 2877
f 2879 5320 2795
f 2796 5291 5321
f 2794 5319 5321
f 2797 2884 5322
f 2881 2964 5322
f 2802 2798 2885
f 2802 2799 2798
f 2886 2967 5323
f 2884 2801 5323
f 2890 5348 5862
f 5862 5293 5324
f 2889 2807 2891
f 2889 2888 2807
f 5349 2891 2893
f 2891 2807 2808
f 2811 5294 2894
f 2892 5350 2809
f 2897 2895 2812
f 2898 5326 5325
f 2813 2811 5325
f 2812 2814 2897
f 2815 5326 2900
f 2815 5296 5326
f 2901 2899 5327
f 2899 2897 5327
f 2817 2815 2902
f 2821 2646 5328
f 2821 5328 2819
f 2819 5297 2904
f 2822 5329 2820
f 2821 2819 2906
f 2907 5352 5329
f 2905 2820 5329
f 2907 5329 5330
f 2822 2824 5330
f 2908 2823 2906
f 2833 2835 5301
f 2829 5355 2831
f 2744 2834 5331
f 2913 2995 2830
f 2742 2655 5331
f 2833 5332 2914
f 2833 5301 5332
f 2913 2832 2915
f 2913 2830 2832
f 2835 2833 2916
f 2834 5303 2915
f 2836 2916 2918
f 2836 5302 2916
f 3005 2919 2921
f 2919 2837 2839
f 2840 5305 2838
f 2921 2839 2841
f 2754 2924 2841
f 2843 2842 2925
f 2926 5333 2928
f 2926 2924 5333
f 2929 2931 2845
f 2845 2931 5310
f 2928 2846 2930
f 2933 2850 5863
f 2935 5334 2853
f 2935 2938 5334
f 2855 5334 5335
f 2857 5335 2940
f 2941 5365 5336
f 2939 2856 5336
f 2772 2857 5337
f 2940 5366 5337
f 2944 5338 2942
f 2944 2862 5338
f 2945 2865 2864
f 2943 5339 2946
f 2943 2861 5339
f 3031 2948 2945
f 2948 5369 2949
f 2949 5370 2867
f 2950 5343 5340
f 2868 5314 5340
f 2869 5341 2951
f 2869 2870 5341
f 2870 2786 2952
f 2954 2953 2873
f 2876 2790 5342
f 2872 2953 5342
f 2868 5340 5343
f 2950 3037 5343
f 2875 2955 2874
f 2878 5319 5344
f 2875 5318 5345
f 2877 2959 5345
f 2961 2959 2879
f 2877 2879 2959
f 2881 5346 2965
f 2881 2884 5346
f 2885 2966 2968
f 2885 2883 2966
f 2968 5378 5844
f 2886 5347 2969
f 2886 2889 5347
f 2973 2889 2891
f 2971 5347 2973
f 2974 5350 5348
f 2975 5379 5349
f 2973 2891 5349
f 5350 2974 2896
f 2894 2809 5350
f 2975 5349 2977
f 2898 5351 2980
f 2898 5325 5351
f 2981 5381 2899
f 2979 2897 2899
f 2900 2898 2982
f 2899 2901 2981
f 2985 2983 2903
f 2983 2901 2903
f 2904 2902 5845
f 2988 5384 5352
f 2989 2908 5353
f 2908 2906 5353
f 2990 5386 2907
f 2910 2908 2991
f 2910 2825 2908
f 2829 2910 2992
f 2993 5387 5354
f 2829 2992 5355
f 2993 2911 2995
f 2912 5355 2996
f 2912 2831 5355
f 2914 2912 2998
f 2999 5390 5356
f 2997 2913 5356
f 2916 2914 3000
f 2999 5356 3001
f 3002 3004 5357
f 2918 2916 5357
f 3003 3083 5358
f 3001 2917 5358
f 2838 2918 2920
f 3003 5358 3005
f 3006 2922 5359
f 2840 2920 5359
f 3087 5393 3007
f 3005 2921 3007
f 2927 3010 3011
f 2927 2925 3010
f 3012 5398 5360
f 3011 2929 2927
f 3011 3013 2929
f 5361 5399 2932
f 2932 2849 5361
f 3016 5400 5362
f 3014 2930 5362
f 3017 5364 5363
f 2851 2849 5363
f 3016 2934 3018
f 3016 5362 2934
f 2851 5363 5364
f 3017 3019 5364
f 2937 2856 2939
f 3022 3024 2938
f 2939 5336 5365
f 2941 3025 5365
f 2942 5337 5366
f 2940 3024 5366
f 3025 2941 5367
f 3032 2946 5368
f 2946 2947 5368
f 3032 3029 2946
f 3031 5404 5369
f 3034 2949 5369
f 3033 5370 3034
f 3033 5368 5370
f 3035 2950 2951
f 2952 3036 5371
f 3036 5405 5371
f 2954 5343 3037
f 3039 5407 5372
f 2956 5345 5373
f 2959 3046 5373
f 3045 5374 3044
f 3045 2960 5374
f 3047 3046 2961
f 2962 5409 5375
f 3050 2966 5375
f 5376 5410 2965
f 2965 5346 5376
f 3053 3051 5377
f 2970 5378 3054
f 3053 2969 3055
f 3053 5377 2969
f 3057 5379 3059
f 3057 2971 5379
f 2976 5413 2978
f 3060 3141 5380
f 3059 2975 5380
f 3060 5380 3063
f 2978 3061 2980
f 3065 5381 2981
f 3065 3062 5381
f 3064 5382 2982
f 3065 2981 3066
f 3067 5383 5382
f 2984 2982 5382
f 3066 2983 3068
f 2986 5383 3069
f 2985 5384 3068
f 3070 5384 3072
f 2989 5385 3073
f 2989 5353 5385
f 3074 5418 5386
f 3072 2988 5386
f 2991 2989 3075
f 3077 3157 5387
f 3079 5419 5388
f 3077 2993 5388
f 2996 2994 3080
f 2996 5355 2994
f 3082 5422 5390
f 3000 2998 3081
f 3083 5423 2999
f 3002 5391 3084
f 3002 5357 5391
f 3086 5394 5392
f 5392 5394 3002
f 3087 5425 5393
f 3085 3003 5393
f 3004 3002 5394
f 3008 3006 3088
f 3089 5426 5395
f 3087 3007 5395
f 3090 5397 5396
f 3010 3008 5396
f 3011 5397 3091
f 3011 3010 5397
f 3092 5428 5398
f 3015 5399 3095
f 3015 2932 5399
f 3096 5430 5400
f 3094 3014 5400
f 3095 3097 3015
f 3018 3098 3016
f 3019 5401 3099
f 3019 3017 5401
f 3100 5432 5402
f 3098 3018 5402
f 3024 3022 3104
f 3108 3026 3105
f 3023 5365 5403
f 3025 3107 5403
f 3025 5367 3028
f 3028 3107 3025
f 3110 5435 3111
f 3032 5368 3115
f 3031 3112 5404
f 3112 5437 5404
f 3113 3033 3034
f 3037 2950 3117
f 3035 3117 2950
f 3118 3035 5405
f 3035 5371 5405
f 3119 5405 5406
f 3120 5406 5407
f 3036 5372 5407
f 3116 3041 3038
f 3116 5438 3041
f 3047 5408 3128
f 3047 3049 5408
f 3050 5409 3131
f 3050 5375 5409
f 3130 5410 3132
f 3130 5408 5410
f 3054 5411 3135
f 3054 5378 5411
f 3136 5443 3055
f 3055 5443 3053
f 2974 2972 3058
f 3141 3139 3059
f 3140 5413 5412
f 3139 3217 3059
f 3061 5413 3142
f 3061 2978 5413
f 3143 5446 5414
f 3141 3060 5414
f 3145 3065 3147
f 3066 3147 3065
f 3067 3146 3148
f 3067 5382 3146
f 3149 5448 5415
f 3147 3066 5415
f 3069 3067 3150
f 3149 5416 3151
f 3149 5415 5416
f 3153 3232 5417
f 3151 3070 5417
f 3073 3071 3154
f 3153 5418 3155
f 3153 5417 5418
f 3155 3074 3157
f 3076 3075 3158
f 2994 3076 3078
f 3161 5452 5419
f 3159 3077 5419
f 3162 5421 5420
f 3080 3078 5420
f 3163 5864 5421
f 5421 5864 5389
f 3164 5453 5422
f 3166 5454 5423
f 3164 3082 5423
f 3084 3165 3167
f 3084 5391 3165
f 3086 5424 3168
f 3086 5392 5424
f 3169 5458 5425
f 3170 5427 3088
f 3171 5426 3172
f 3171 3169 5426
f 3090 5427 3173
f 3090 5396 5427
f 3089 5428 3172
f 3173 3175 3090
f 3089 5398 5428
f 3092 3177 5428
f 3093 3091 3178
f 3095 5429 3180
f 3095 3093 5429
f 3179 5430 3181
f 3179 5462 5430
f 3099 5431 3183
f 3099 5401 5431
f 3184 5807 5432
f 3181 3098 5432
f 3101 3099 5433
f 3183 5464 5433
f 3107 5434 3189
f 3107 3028 5434
f 3193 5435 3191
f 3193 3111 5435
f 3193 5467 5436
f 3194 5437 5436
f 3195 5437 3194
f 3195 3113 5437
f 3195 3276 3114
f 3192 3114 3196
f 3192 3115 3114
f 3118 5468 3117
f 3122 5438 3200
f 3122 3041 5438
f 3204 5470 5439
f 3203 3120 5439
f 3044 3122 3125
f 3207 5440 3205
f 3128 5441 3206
f 3128 5408 5441
f 3211 3210 3132
f 3133 3131 3212
f 3132 3134 3211
f 3135 5411 5442
f 3133 3212 5442
f 3136 3213 5443
f 3216 3137 3135
f 3219 5445 5444
f 3140 5412 5444
f 3139 5446 5474
f 3221 3223 5445
f 3142 3140 5445
f 3142 5445 3223
f 3223 3144 3142
f 3220 5474 5446
f 3224 5475 3143
f 3147 5448 3224
f 3227 5449 5447
f 3146 3222 3148
f 3226 5448 3228
f 3226 3224 5448
f 3150 5449 3229
f 3228 3149 3230
f 3150 3229 3152
f 3232 3153 3234
f 3156 3154 3235
f 3238 3321 5450
f 3236 3157 5450
f 3160 3158 5451
f 3238 5452 3240
f 3238 5450 5452
f 3162 5420 3239
f 3161 5453 3240
f 3163 3162 3242
f 3241 5453 3243
f 3165 3163 3244
f 3245 5486 5454
f 3243 3164 5454
f 3246 5457 5455
f 3167 3165 5455
f 3245 5454 5456
f 3167 5455 5457
f 3166 5425 3249
f 3170 3168 3250
f 3248 5458 3251
f 3248 3249 5458
f 3253 5489 5459
f 3251 3171 5459
f 3252 5490 3173
f 3173 5427 3252
f 3253 5460 3255
f 3253 5459 5460
f 3258 5463 5461
f 3178 3175 5461
f 3257 5462 3179
f 3257 3176 5462
f 3178 5461 5463
f 3258 3259 5463
f 3181 3262 3179
f 3182 3260 3263
f 3263 3265 3182
f 3185 5464 3269
f 3185 5433 5464
f 3268 3184 5465
f 3187 3185 3188
f 3189 5466 3277
f 5434 5846 3189
f 3191 3274 3193
f 3274 5497 5467
f 3278 3194 5467
f 3279 3194 3278
f 3279 3195 3194
f 3276 3195 3279
f 3196 3114 3276
f 3281 5468 3198
f 3199 3283 5469
f 3280 5499 3202
f 3203 5439 5470
f 5471 3204 3206
f 3291 3290 3208
f 3294 3214 3209
f 3295 5503 5472
f 3293 3211 5472
f 3216 3215 3298
f 3218 3216 5505
f 3299 5504 5473
f 3297 3213 5473
f 3299 5473 3302
f 3218 3300 3219
f 3304 5474 3220
f 3304 3301 5474
f 3303 3306 3221
f 3304 3220 3305
f 3223 3221 3306
f 3225 3306 3308
f 3307 5508 5475
f 3305 3220 5475
f 3224 3226 3307
f 3227 5447 5476
f 3312 5477 3227
f 3231 5477 3314
f 3230 3232 3313
f 3316 3318 5478
f 3233 3231 5478
f 3319 5512 5479
f 3317 3234 5479
f 3320 3322 5480
f 3237 3235 5480
f 3319 5479 3321
f 3322 5482 5451
f 5481 5514 3238
f 3324 5483 5482
f 3242 5483 3324
f 3325 5515 5484
f 3323 3241 5484
f 3326 3328 5485
f 3244 3242 5485
f 3325 5486 3327
f 3325 5484 5486
f 3244 5485 3328
f 3330 5487 3332
f 3330 3245 5487
f 3250 3247 3333
f 3250 3168 3247
f 3334 3407 3332
f 3335 5490 5488
f 3253 3410 5489
f 3334 3332 5489
f 3252 5488 5490
f 3256 3254 3337
f 3338 3414 5491
f 3336 3255 5491
f 3258 5492 3339
f 3258 3256 5492
f 3338 5491 3257
f 3263 5493 3342
f 3263 3259 5493
f 3267 5518 5494
f 3341 3261 5494
f 3343 3345 3266
f 3268 5465 3270
f 3271 3345 3347
f 3270 3186 5495
f 3351 5496 3350
f 3351 5497 5496
f 3275 3353 3355
f 3278 5467 5497
f 3274 5496 5497
f 3354 3279 5498
f 3284 5499 3356
f 3284 3202 5499
f 3357 5499 5500
f 3280 3281 5500
f 3283 3285 5501
f 3204 5471 5470
f 3205 3288 3207
f 3286 5471 3289
f 3442 5502 3363
f 3294 3292 5847
f 3291 3367 3365
f 5502 5847 3292
f 3369 5503 3295
f 3369 3367 5503
f 3372 5523 3295
f 3215 3296 3298
f 3296 3368 3370
f 3375 5504 3299
f 3375 3371 5504
f 3300 5505 3376
f 3300 3218 5505
f 3377 5526 5506
f 3375 3299 5506
f 3379 3305 3381
f 3379 3304 3305
f 3382 3308 5507
f 3306 3303 5507
f 3381 5508 3383
f 3381 3305 5508
f 3384 3310 3308
f 3386 3310 3384
f 3385 5528 3309
f 3383 3307 3309
f 3312 5509 3314
f 3312 3386 5509
f 3390 3388 3315
f 3316 5478 5510
f 3391 3467 5511
f 3390 3315 5511
f 3392 5513 3316
f 3391 5512 3393
f 3391 5511 5512
f 3320 5513 3394
f 3320 5480 5513
f 3393 5514 3395
f 3393 3319 5514
f 3396 3398 3320
f 3395 5481 3397
f 3395 5514 5481
f 3324 5482 3398
f 3323 5515 3397
f 3323 5484 5515
f 3325 3401 5515
f 3329 3326 3404
f 3405 3403 3327
f 3331 3404 3406
f 3247 3246 3331
f 3405 3330 3407
f 3408 5516 3406
f 3333 3331 3406
f 3408 5536 5516
f 3335 5488 5516
f 3410 3409 3334
f 3413 5517 3411
f 3337 3335 3411
f 3336 5491 5848
f 5517 5492 3411
f 3413 3415 5517
f 3338 3418 3414
f 3340 3416 3419
f 3341 5494 3420
f 3422 5539 5518
f 3420 5494 5518
f 3346 5495 3348
f 3346 3270 5495
f 3347 3427 3272
f 3348 3349 3428
f 3427 3497 5519
f 3430 3351 5519
f 3432 3429 3353
f 3432 3500 3429
f 3433 3434 3357
f 3435 3357 5520
f 3358 5501 3437
f 3360 5521 3362
f 3360 3438 5521
f 3364 5522 3361
f 3364 3365 5522
f 3447 3445 3367
f 3370 3368 3450
f 3451 3449 5523
f 3449 3369 5523
f 3376 5524 3453
f 3376 5505 5524
f 3455 5525 3453
f 3455 3457 5525
f 3454 5546 5526
f 3452 3375 5526
f 3454 5526 3456
f 3377 3379 3456
f 3378 5525 3380
f 3459 3461 5527
f 3382 5507 5527
f 3460 3533 5809
f 3461 5529 3382
f 3462 5849 5528
f 5529 3463 3384
f 3535 3462 3464
f 3462 3385 3387
f 3386 3463 3465
f 3464 3387 3466
f 3466 3387 3390
f 3474 5531 5530
f 3400 3324 5530
f 3475 3399 3476
f 3402 5531 3477
f 3326 3400 3402
f 3478 5560 3403
f 3476 3401 3403
f 3479 5533 5532
f 3478 3403 3480
f 3481 5535 5533
f 3406 3404 5533
f 3482 5561 5534
f 3405 3407 3480
f 3483 3408 5535
f 3408 3406 5535
f 3482 5534 3409
f 3411 5536 3486
f 3411 3335 5536
f 3485 5562 3412
f 3411 3486 3413
f 3417 3561 5537
f 3485 3412 5537
f 3419 3488 3489
f 3419 3416 3488
f 3490 5568 5538
f 3417 3418 5538
f 3420 5518 5539
f 3422 3494 5539
f 3423 3495 3424
f 3423 3493 3495
f 3426 5540 3497
f 3426 3495 5540
f 3496 3428 3500
f 3430 5519 3498
f 3498 3574 5541
f 3501 5542 5541
f 3502 5542 3501
f 3502 3431 5542
f 3503 3432 3502
f 3503 3500 3432
f 3507 5572 3439
f 3439 3433 3507
f 3509 5543 3510
f 3509 3508 5543
f 3512 3443 3511
f 3441 5522 3444
f 3515 3587 5544
f 3518 3448 5544
f 3447 3520 3516
f 3448 3517 3450
f 3521 3449 3451
f 3521 3519 3449
f 3517 3598 5545
f 3523 3522 5545
f 3451 3525 3521
f 3453 5524 3522
f 3527 5546 3454
f 3527 3524 5546
f 3531 3530 3528
f 3455 3528 3530
f 3459 5527 3530
f 3461 3459 5547
f 3533 3460 5849
f 3463 5529 3534
f 3537 3539 5548
f 3465 3463 5548
f 3389 3465 3539
f 3540 5551 5549
f 3468 3389 5549
f 3541 5586 5550
f 3469 5551 3542
f 3469 3392 5551
f 3541 5552 3543
f 3541 5550 5552
f 3544 5555 5553
f 3471 3469 5553
f 3545 5591 5554
f 3543 3470 5554
f 3544 5557 5555
f 3472 3396 5555
f 3545 5554 5556
f 3474 3472 5557
f 3547 5593 5558
f 3545 5556 5558
f 3477 5559 3548
f 3477 5531 5559
f 3549 5596 5560
f 3549 3478 3551
f 3551 5561 3552
f 3482 3409 3555
f 5562 3485 3554
f 3554 3555 5562
f 3557 5564 5563
f 3486 3484 5563
f 3556 3485 3558
f 3486 5563 5564
f 3557 3559 5564
f 3485 5537 3561
f 3562 5567 5565
f 3488 3415 5565
f 5602 3560 3563
f 3560 3558 5566
f 3488 5565 5567
f 3562 3564 5567
f 3417 5538 5568
f 3490 3566 5568
f 3491 3489 3567
f 3566 3490 5850
f 3494 5569 3492
f 3494 3422 5569
f 3492 5569 3571
f 3496 3500 3499
f 3570 3653 5570
f 3573 3574 5570
f 3499 5571 3572
f 3499 3503 5571
f 3578 5572 3507
f 3511 3438 3506
f 3507 5573 3578
f 3507 3504 5573
f 3579 5573 5574
f 3504 3505 5574
f 3580 5574 5575
f 3508 3509 5575
f 3510 3582 3509
f 3512 5576 3515
f 3512 3588 5576
f 3513 5577 3582
f 3513 3514 5577
f 3518 5544 3587
f 3516 3591 3514
f 3594 3593 3519
f 3523 5545 3598
f 3598 5607 3523
f 3597 5578 3599
f 3597 3596 5578
f 3524 3602 3599
f 3526 3600 3528
f 3604 3527 3529
f 3601 3602 3604
f 3531 5611 3532
f 3605 5610 5579
f 3604 3529 5579
f 3529 3458 5579
f 3534 5547 5580
f 5581 5582 5612
f 3535 5582 5581
f 3608 5582 3610
f 3608 5612 5582
f 3537 5583 3611
f 3537 5548 5583
f 3610 3536 3612
f 3610 5582 3536
f 3613 5585 5584
f 3539 3537 5584
f 3538 5586 3612
f 3540 5585 3615
f 3540 5549 5585
f 3614 5586 3616
f 3617 5589 5587
f 3542 3540 5587
f 3618 5616 5588
f 3616 3541 5588
f 3544 5589 3619
f 3544 5553 5589
f 3618 5590 3620
f 3618 5588 5590
f 3621 5592 3544
f 3622 3620 5591
f 3620 5590 5591
f 3623 5594 5592
f 3546 5557 5592
f 3622 5593 3624
f 3622 5591 5593
f 3625 5595 5594
f 3548 5595 3627
f 3548 5559 5595
f 3626 5596 3628
f 3626 3624 5596
f 3548 3627 3550
f 3550 3479 3548
f 3630 5628 3551
f 3628 3549 3551
f 3629 5597 3550
f 3629 5617 5597
f 3552 3630 3551
f 3553 5598 3633
f 3553 3483 5598
f 3634 5618 5599
f 3632 3552 5599
f 5600 5563 3553
f 3635 3637 5600
f 3558 3639 3556
f 3562 5601 3642
f 3562 5565 5601
f 3643 5621 5602
f 3641 3560 5602
f 3566 3568 5603
f 3568 3648 5603
f 3569 3493 5604
f 3567 3646 5604
f 3570 5540 5605
f 3572 3655 3571
f 3573 5570 3653
f 3657 3573 3654
f 3658 3575 3657
f 3658 5623 3577
f 3659 3579 3580
f 3659 5624 3579
f 3584 3661 3660
f 3584 3578 3661
f 3662 3581 3585
f 3514 3591 3586
f 3666 3739 3669
f 3595 3668 3598
f 3671 3745 3668
f 3600 5607 3673
f 3600 3523 5607
f 3674 5625 5608
f 3672 3599 5608
f 3674 5608 3601
f 3603 3675 5609
f 3679 5610 3605
f 3679 3676 5610
f 3606 5611 3680
f 3606 3532 5611
f 3682 3683 3680
f 3606 3680 3683
f 3679 3605 3681
f 3607 5581 5612
f 3609 5613 3611
f 3609 3683 5613
f 3611 3685 5584
f 3686 3614 3687
f 3686 3612 3614
f 3688 5615 3613
f 3687 5614 3689
f 3687 3614 5614
f 3617 5615 3690
f 3617 5587 5615
f 3689 5616 3691
f 3689 5614 5616
f 3692 3619 3617
f 3691 3618 3693
f 3620 3693 3618
f 3621 3619 3694
f 3621 3544 3619
f 3693 3620 3622
f 3695 3623 3621
f 3625 3623 3697
f 3625 5594 3623
f 3696 3624 3698
f 3696 3622 3624
f 3697 3699 3625
f 3628 3700 3626
f 3698 3626 3700
f 3703 3705 5617
f 3631 5597 5617
f 3702 3630 3704
f 3702 5628 3630
f 3706 3780 5618
f 3704 3632 5618
f 3705 3707 3633
f 3636 3706 3634
f 3711 5631 3636
f 3640 5619 3712
f 3640 3638 5619
f 3713 3787 3641
f 3711 3639 3641
f 3712 3642 3640
f 3641 5602 3713
f 3644 5620 3716
f 3644 3564 5620
f 3717 3715 5621
f 3715 3713 5621
f 3651 3571 3655
f 3723 3654 3720
f 3655 3727 3722
f 3657 3723 5622
f 3724 5634 5622
f 3658 5866 5623
f 3725 3727 5623
f 3728 3729 3661
f 3660 3734 3663
f 3661 5606 3728
f 3730 3728 5624
f 3659 3662 3731
f 3585 3733 3662
f 3732 3662 3733
f 3666 3589 3663
f 3664 3738 3733
f 3673 5607 3745
f 3750 3748 3674
f 3748 3826 5625
f 3749 3677 5626
f 3675 3673 5626
f 3751 3677 3749
f 5625 3674 3748
f 3678 3753 3680
f 3678 3751 3753
f 3755 3679 3681
f 3755 3752 3679
f 3681 5627 3755
f 5613 3683 3757
f 3685 5613 3759
f 3758 5639 5627
f 3756 3755 5627
f 3684 3760 3758
f 3684 3686 3760
f 3699 3697 3772
f 3700 3628 5628
f 3703 3701 3775
f 3701 3699 5629
f 3776 3774 5630
f 3774 3773 5630
f 3776 3702 3777
f 3778 3705 3703
f 5618 3780 3704
f 3777 3704 3780
f 3782 5654 3709
f 3710 3708 3783
f 3781 3783 3708
f 3782 5631 3784
f 3782 3709 5631
f 3783 3861 3710
f 3711 3641 3787
f 3786 3787 3788
f 3717 3792 3715
f 3718 3647 5632
f 3716 3790 5632
f 3720 3649 5633
f 3718 3794 5633
f 3797 3721 3800
f 3720 3798 3723
f 3802 3724 3799
f 3802 5634 3724
f 3802 5635 5634
f 3802 3881 5635
f 3803 3726 5635
f 3803 3801 3726
f 3729 5636 3734
f 3729 3804 5636
f 3736 3810 3732
f 3736 3811 3810
f 3806 3813 3735
f 3817 3742 3812
f 3737 3665 3741
f 3814 3737 3815
f 3741 3819 3815
f 3743 3816 3671
f 3746 3826 3822
f 3824 5637 3821
f 3824 5811 5637
f 3823 3822 3826
f 3824 3827 5811
f 3750 3830 3828
f 3751 3749 3829
f 3834 5662 3756
f 3835 5640 5638
f 3757 3682 5638
f 3834 5639 3836
f 3834 3756 5639
f 3837 5641 5640
f 3759 3757 5640
f 3836 5639 3838
f 3839 5643 5641
f 3761 3759 5641
f 3840 3912 5642
f 3841 5645 5643
f 3762 3688 5643
f 3840 5644 3842
f 3840 5642 5644
f 3764 3762 5645
f 3844 5664 5646
f 3842 3763 5646
f 3768 5647 3845
f 3768 3767 5647
f 3846 5667 5648
f 3770 3768 3847
f 3846 5648 5649
f 3772 3770 3848
f 3849 5669 5650
f 3846 5649 5650
f 3850 5651 5870
f 3775 5651 3852
f 3775 5629 5651
f 3851 3774 3853
f 3851 3849 3774
f 3852 3854 3775
f 3776 3777 5652
f 3777 3779 5652
f 3855 5673 5653
f 3856 3779 3858
f 3857 5655 5653
f 3781 3778 5653
f 3858 5654 3859
f 3858 3779 5654
f 3781 5653 5655
f 3857 3860 5655
f 3784 3862 3782
f 3785 3861 3863
f 3862 3784 3864
f 3863 3865 3785
f 3788 3870 3786
f 3790 3866 3871
f 3869 3791 3872
f 3791 3715 3792
f 3795 3793 3873
f 3796 3797 3800
f 3799 3798 5656
f 3876 3800 3801
f 3808 3809 3884
f 3810 3886 3809
f 3887 5657 3813
f 3888 3892 3887
f 3812 5657 3817
f 3813 3883 3887
f 3891 3890 3811
f 3815 3893 3814
f 3894 3893 3818
f 3892 3958 3820
f 3818 3897 3894
f 3825 3901 3899
f 3825 3828 3901
f 3827 5658 3829
f 3827 3900 5658
f 3830 5661 5659
f 3904 5684 5659
f 3905 3833 5660
f 3831 3829 5660
f 3907 3833 3905
f 3904 5661 3906
f 3904 5659 5661
f 3906 5661 5662
f 3832 3756 5662
f 3835 3909 3837
f 3839 3837 3913
f 3839 5641 3837
f 3914 5663 3916
f 3914 3840 5663
f 3843 3841 3917
f 3843 5645 3841
f 3916 5664 3918
f 3916 5663 5664
f 3919 5666 5665
f 3844 5667 3918
f 3845 5666 3921
f 3845 5647 5666
f 3920 5667 3922
f 3847 3845 5668
f 3922 3846 3924
f 3925 5870 5668
f 5668 5870 3847
f 3924 5669 3926
f 3924 3846 5669
f 3851 5670 3849
f 3851 3927 5670
f 3930 5673 5671
f 3855 3854 5671
f 3929 5672 3931
f 3929 3927 5672
f 3932 3857 5673
f 3857 5653 5673
f 3933 3995 5674
f 3931 3856 5674
f 3859 5675 3858
f 3859 3936 5675
f 3860 3934 3937
f 3937 5676 3860
f 3937 3939 5676
f 3864 3938 3862
f 3864 3868 3938
f 3940 5689 3867
f 5690 3941 3943
f 3872 3944 3869
f 3873 4007 5677
f 3945 3946 5677
f 3875 3950 3951
f 3801 3803 3876
f 3951 3944 3875
f 3877 3946 3878
f 3949 3880 3947
f 3952 5678 3889
f 3952 3953 5678
f 3889 5679 3952
f 3889 3884 5679
f 3955 3890 3956
f 3885 3886 3955
f 3815 3818 3893
f 3957 3956 3891
f 3962 3895 3958
f 3893 3894 3957
f 3896 5681 5680
f 3963 3960 5680
f 3963 5680 5681
f 3896 3965 5681
f 3898 5682 3900
f 3898 3964 5682
f 3901 5684 5683
f 3968 4029 5683
f 3968 5683 5684
f 3901 5659 5684
f 3903 3969 3905
f 3907 3905 3971
f 3970 3908 3972
f 3970 3906 3908
f 3974 3911 3973
f 3983 3981 3920
f 3850 3925 3989
f 3927 3929 3990
f 3992 5686 5685
f 3928 3850 5685
f 3991 3990 3993
f 3994 5711 5686
f 3930 3928 5686
f 3993 3929 3995
f 3930 5686 5687
f 3931 5674 3995
f 3934 5688 3998
f 3934 3932 5688
f 3997 3935 3999
f 4000 3937 3998
f 3938 4002 3936
f 3941 5690 5714
f 4003 5689 3939
f 4003 4005 5689
f 3872 3875 3944
f 3868 3943 3941
f 3943 4006 5690
f 3871 3942 3873
f 3945 5677 4007
f 3948 5691 4010
f 3948 3949 5691
f 3884 3809 3885
f 3953 4013 3888
f 3953 4014 4013
f 3888 4013 3961
f 4020 3961 4013
f 4017 5717 3959
f 4019 5865 3962
f 3960 4022 4018
f 3965 4029 5692
f 4025 4024 5692
f 4027 3966 4023
f 4025 5692 4029
f 4032 5693 4030
f 4034 3969 4032
f 4031 3968 5694
f 3968 5684 5694
f 3969 4034 3971
f 3972 5697 4037
f 3974 5696 4038
f 3973 5695 3974
f 4037 5697 4039
f 4040 5700 5698
f 3976 3911 5698
f 4041 5721 5699
f 4039 3975 5699
f 3977 3976 5700
f 4041 5699 5701
f 4043 5703 4042
f 3977 5700 5703
f 4044 4106 5702
f 4041 5701 5702
f 3982 5703 4045
f 3982 3979 5703
f 4044 5702 5704
f 4047 5707 5705
f 3984 3982 5705
f 4046 5706 4048
f 4046 5704 5706
f 4051 3987 4049
f 3987 3923 5707
f 4050 5723 5708
f 4048 3985 5708
f 3989 3987 4051
f 5709 3991 4050
f 4050 5708 5709
f 4052 4050 3991
f 3993 5710 3991
f 3993 4054 5710
f 3996 5711 4057
f 3996 5687 5711
f 4056 5712 4058
f 4056 4054 5712
f 4057 4059 3996
f 3999 4063 3997
f 4064 5713 4000
f 4062 4001 4065
f 4064 4124 5713
f 4002 3941 5714
f 4008 3945 5715
f 4005 4068 5715
f 4072 4009 5716
f 3954 3955 5717
f 3956 3959 5717
f 4020 4013 4078
f 4023 4019 5718
f 4020 4082 5718
f 4023 5719 4027
f 4024 4091 4087
f 4093 4091 4025
f 4094 4027 4092
f 4093 4025 4028
f 4096 4031 4033
f 4036 4034 4097
f 4099 4036 4097
f 4098 4156 5720
f 4096 4033 5720
f 4037 4100 5720
f 4041 4106 5721
f 4104 5729 5721
f 4040 4103 4042
f 4106 4044 5739
f 4045 4043 4108
f 4107 4044 4046
f 4047 5722 4109
f 4047 5705 5722
f 4046 4048 4110
f 4048 5708 5723
f 4050 4113 5723
f 4051 4049 4111
f 4115 5724 4117
f 4115 4112 5724
f 4053 4116 3994
f 4117 5725 4118
f 4117 5724 5725
f 4058 5726 4056
f 4121 4061 4122
f 4123 4064 4060
f 4066 4003 4124
f 4004 4072 4067
f 4004 4006 4072
f 4069 4068 4131
f 4066 4127 4131
f 4071 5716 4077
f 4071 4070 5716
f 4074 4011 4008
f 4082 4137 4088
f 4145 4146 5719
f 4140 4086 5727
f 4087 4091 5727
f 4091 4093 4090
f 4148 4152 4094
f 4031 4096 4095
f 4097 4154 4099
f 4102 4099 4159
f 4158 4098 4160
f 4100 5729 4098
f 4161 4163 5728
f 4103 4101 5728
f 4160 5729 4162
f 4160 4098 5729
f 4104 4164 4162
f 4106 5739 4104
f 4172 5731 5730
f 4172 5733 5731
f 4111 4049 5731
f 4173 5732 5812
f 4173 4171 5732
f 4114 5733 4175
f 4114 4111 5733
f 4174 4112 4115
f 4117 4178 4115
f 4119 4179 4120
f 4119 4176 4179
f 4123 4183 4125
f 5749 4067 4126
f 4129 4126 4067
f 4127 4125 4128
f 4071 4136 4129
f 4150 4207 5734
f 4204 4201 5734
f 4149 4146 4202
f 4149 4205 4148
f 4202 4256 4149
f 4152 5735 4154
f 4152 4148 5735
f 4150 4095 4153
f 4209 4207 4155
f 4210 4157 4208
f 4210 5752 4157
f 4155 5736 4209
f 4155 4158 5736
f 4164 4219 5737
f 4219 4216 5737
f 4163 5740 5738
f 4166 4165 5738
f 4107 4167 5739
f 4221 4219 4167
f 4166 5738 4220
f 5740 4220 5738
f 4223 5741 4168
f 4166 5743 5742
f 4170 4109 5742
f 4110 4171 4169
f 4110 5732 4171
f 4171 4173 4225
f 4170 5743 4224
f 4170 5742 5743
f 4172 5730 5744
f 4234 4177 5745
f 4177 4175 5745
f 4178 4117 4180
f 4234 4236 4177
f 4180 4238 4178
f 4118 5746 4180
f 4118 5726 5746
f 4181 4236 4239
f 4179 4236 4181
f 4247 5747 4184
f 4247 4240 5747
f 4242 4185 5748
f 4183 4181 5748
f 4122 5749 4184
f 4122 4065 5749
f 4126 4130 4187
f 4126 4129 4130
f 4197 4203 4196
f 4194 4197 4193
f 4200 4199 4144
f 4204 4200 4201
f 4203 5750 4202
f 4202 5750 4256
f 4256 5751 4205
f 4204 5734 4206
f 4204 4261 4255
f 4208 4205 5751
f 4212 5752 4210
f 4212 4268 4215
f 4273 4271 4213
f 4274 4218 5753
f 4218 5740 5753
f 4275 5852 4216
f 4273 4213 4216
f 4276 4278 4218
f 4219 4221 4275
f 4275 4216 4219
f 4277 4223 4279
f 4277 4221 4223
f 4280 5755 5754
f 4224 4222 5754
f 4279 4225 4281
f 4279 4223 4225
f 4226 5755 4282
f 4226 5744 5755
f 4281 4225 4283
f 4282 4229 4226
f 4282 4285 4229
f 4231 4174 5756
f 4115 4178 5756
f 4230 4287 4227
f 4234 5757 4236
f 4236 5757 4292
f 4238 4182 4237
f 4239 4292 5758
f 4242 5748 4243
f 4297 4243 5758
f 4244 4249 4242
f 4248 4185 4242
f 4248 4242 4249
f 4252 4246 4187
f 4247 4186 4245
f 4253 4257 5759
f 4203 4197 5759
f 4253 5759 5760
f 4254 5760 5761
f 4198 4199 5761
f 4254 4259 4253
f 4265 4264 5751
f 4267 5762 4209
f 4267 4266 5762
f 4272 4215 5763
f 4290 5757 4284
f 4289 4233 5764
f 4235 5765 5764
f 4295 5766 5765
f 5765 5766 5764
f 4235 4238 5765
f 4291 5764 5766
f 4295 4300 4294
f 4295 4240 4300
f 4301 4244 4297
f 4301 4297 5767
f 4297 5768 5767
f 4337 5768 4298
f 4337 4338 5768
f 4300 5769 4299
f 4300 4241 5769
f 4262 4258 4303
f 4258 5770 4303
f 4258 4257 5770
f 4304 5770 5771
f 4253 4259 4305
f 4303 5772 4262
f 4303 4307 5772
f 4310 5773 4263
f 4310 4309 5773
f 4305 5775 5774
f 4340 4339 5774
f 4308 4340 5775
f 4272 5763 5777
f 4313 4312 5776
f 4311 5777 5763
f 4311 5791 5777
f 4344 5791 5778
f 4313 5776 4315
f 4275 4318 5852
f 4316 5779 4314
f 4276 4274 4316
f 4315 5852 4318
f 4318 4317 4315
f 4316 5793 5780
f 4320 4323 5780
f 4322 4321 4318
f 4320 5795 4323
f 4322 4279 5781
f 4281 5853 5781
f 4323 5795 5782
f 5755 4280 4282
f 4325 5784 5782
f 4325 4327 5784
f 4326 4285 5784
f 4328 4370 5785
f 4370 4366 5785
f 4324 5783 4328
f 4283 4286 5783
f 4336 4330 4291
f 4296 4293 4333
f 4333 5786 4296
f 4333 4332 5786
f 4334 5787 4337
f 4334 4371 5787
f 4338 5787 5788
f 4335 4336 5788
f 4336 4291 5766
f 4307 5789 4341
f 4304 4339 4307
f 4342 5789 4340
f 4344 5778 5790
f 4341 5789 5790
f 4342 4346 4345
f 4340 4308 4342
f 4314 5791 4348
f 4314 5777 5791
f 4345 4349 4344
f 4351 4346 4347
f 4351 4347 5792
f 5792 4347 4313
f 4314 5793 4316
f 4314 4348 5793
f 4351 5792 4355
f 4320 5780 5793
f 4355 5794 4359
f 4355 4317 5794
f 4320 4356 5795
f 4359 5796 4363
f 4359 5794 5796
f 4364 4325 4360
f 4365 5797 4360
f 4366 5799 4362
f 4364 5797 4367
f 4364 4360 5797
f 4368 5797 5798
f 4369 5798 5799
f 4365 4362 5799
f 4367 4368 4332
f 4368 5798 4371
f 4349 5800 4353
f 4349 4350 5800
f 5800 4354 4353
f 4357 4372 4361
f 4394 43 10
f 90 94 49
f 105 152 5801
f 156 162 5801
f 464 398 4487
f 710 5802 784
f 883 4631 5803
f 880 963 5803
f 4598 773 848
f 777 775 5804
f 4598 850 5804
f 780 854 4601
f 855 4600 938
f 965 880 4631
f 965 4650 880
f 1038 1122 1040
f 1193 1275 5825
f 1510 5805 1513
f 1510 1428 5805
f 1539 1537 4821
f 2804 2717 5806
f 3020 3023 3100
f 3184 3268 5807
f 3442 3446 5502
f 3368 5808 3450
f 3294 5847 3368
f 3366 3448 5808
f 3381 3460 5809
f 3458 3456 5809
f 3427 3426 3497
f 3569 5810 5605
f 3569 5604 5810
f 5605 5810 3652
f 3855 3778 3854
f 3804 3730 3808
f 5626 5811 3749
f 5626 3747 5811
f 3927 3990 5670
f 3850 3928 3852
f 4101 5696 4102
f 4101 4038 5696
f 5732 4113 5812
f 4174 4231 5812
f 4330 4370 4328
f 4516 5813 542
f 4516 472 5813
f 24 5814 4379
f 24 74 5814
f 4383 4386 5815
f 36 80 5815
f 103 102 157
f 276 5816 343
f 276 277 5816
f 394 5817 4473
f 394 460 5817
f 4471 5818 395
f 4471 329 5818
f 461 458 4508
f 661 5819 664
f 661 737 5819
f 592 5820 4548
f 592 520 5820
f 606 5821 688
f 606 4532 5821
f 641 5822 4539
f 641 721 5822
f 1034 1033 956
f 966 5823 889
f 1036 5824 961
f 1036 4674 5824
f 966 965 5823
f 1029 5825 1113
f 1029 1114 5825
f 1088 5826 1090
f 1088 1004 5826
f 1190 1271 1111
f 1229 4708 4735
f 1229 1146 4708
f 1316 5827 1314
f 1316 1232 5827
f 1234 1151 5828
f 1232 1316 5828
f 1395 5829 1393
f 1395 5830 5829
f 5830 1397 1318
f 1318 5829 5830
f 1399 1322 1397
f 1482 5831 4831
f 1397 5831 1399
f 1397 5830 5831
f 1579 1663 1664
f 1865 5832 4972
f 1865 1953 5832
f 2042 5833 2122
f 2042 2044 5833
f 2137 2060 5076
f 2101 2017 5834
f 5055 5873 2099
f 2153 5835 5081
f 2153 2233 5835
f 2153 5836 2151
f 2153 2077 5836
f 5068 5837 5103
f 5068 5833 5837
f 5040 5838 2142
f 5040 2226 5838
f 2328 2245 5117
f 5174 5839 2295
f 5174 2375 5839
f 2495 5215 2406
f 5216 2411 5840
f 2409 5187 5840
f 2326 5155 5841
f 2409 2411 5841
f 2727 5296 5842
f 2729 2560 5842
f 2763 2854 5843
f 2852 5863 5843
f 2970 5844 5378
f 2970 2890 5844
f 2887 2968 5844
f 2887 2804 2802
f 2984 5383 5845
f 2986 2987 5845
f 2986 3069 5385
f 3192 5846 5434
f 3192 3196 5846
f 3366 5847 5502
f 3366 5808 5847
f 3349 3277 3355
f 3412 5848 5537
f 3412 3336 5848
f 3535 5849 3462
f 3568 5850 3492
f 3568 3566 5850
f 3533 5849 5581
f 3836 5851 3910
f 3836 3838 5851
f 4123 4125 4124
f 5776 5852 4315
f 5776 4273 5852
f 5010 4984 1986
f 5010 1989 4984
f 5783 5853 4281
f 5783 4324 5853
f 39 5854 43
f 39 8 5854
f 458 5855 4506
f 458 393 5855
f 725 5856 722
f 725 646 5856
f 760 5857 4619
f 760 761 5857
f 836 5857 838
f 4809 1429 5858
f 4808 1511 5858
f 5030 2120 5859
f 5064 2199 5859
f 2178 2176 2263
f 5224 2603 5860
f 2601 5252 5860
f 2769 5861 2770
f 2769 2765 5861
f 2806 5862 2892
f 2806 5293 5862
f 2934 5863 2852
f 2934 5362 5863
f 5391 5864 3165
f 5391 3081 5864
f 3966 5682 5865
f 3964 3962 5865
f 3658 3657 5866
f 5622 5634 5866
f 164 5867 4444
f 164 166 5867
f 1319 5868 4797
f 1319 4710 5868
f 5285 2779 5869
f 2866 2867 5869
f 3848 5870 5651
f 3848 3847 5870
f 1440 5871 1437
f 1440 4780 5871
f 1905 5872 1990
f 1905 1822 5872
f 5090 2259 5873
f 2176 5834 5873
f 1762 4966 5874
f 1848 1850 5874
