v -2.9229948520658851 -0.29241432591434807 -0.14506655793820039
v -2.9731105950802235 -0.07965493540771533 -0.11315467713386809
v -2.9594070037296758 -0.23785353522620034 0.032574282128489479
v -2.979778911564626 0.096409895432952905 0.00087020241122452713
v -2.9485168117124108 0.30571398789375581 0.0035110566183067654
v -2.8678300873413756 0.34432295339925406 0.20835113120018389
v -2.7753469855781319 -0.72845684329569504 -0.07627421652614963
v -2.7599306339283767 -0.64347457412033993 -0.19330129191571688
v -2.7371572444180137 -0.6488181307760833 0.22272503072910579
v -2.727473748521366 -0.5147482343081925 -0.32169358695516465
v -2.8424731504848273 -0.59395591464069031 -0.050644462330902265
v -2.8563563466052271 -0.54439276516131718 0.11761709558210572
v -2.651929318071784 -0.56015663641466884 0.35922530260104502
v -2.7656762418196905 -0.17814496970332594 -0.36223709206564692
v -2.817336380724349 -0.33505283555653448 -0.29153195597025128
v -2.8946342992245535 -0.36010229895280904 0.15876601771624019
v -2.819186399543073 -0.26907531691222975 0.3092517871019031
v -2.6789989425588852 -0.37628235268249194 0.39188765853004615
v -2.7146600667631313 -0.0061452162196273738 -0.40918258216767051
v -2.8761673105169483 -0.18244906849306075 -0.24540071470297939
v -2.851280893772008 -0.036812160554584888 0.30421498157007437
v -2.6683888768938764 -0.15967441965969872 0.43539646332326393
v -2.6535099951030872 0.16526794779854387 -0.44544313137703401
v -2.8627309492171427 -0.024159753062007877 -0.28640378421097612
v -2.9291005911231167 0.14698409090904618 0.17192630037827644
v -2.8020463737058408 0.19946917106500994 0.33128368653954177
v -2.7220209323180264 0.34356871384317123 -0.36899463119160741
v -2.808148468703425 0.16157491672726093 -0.33127439444475043
v -2.7437671782244428 0.39442364585999401 0.34057527614387906
v -2.7736212468298715 0.5268044951659665 -0.25950734217361615
v -2.8833821135236879 0.50855950169047848 -0.084394259155678872
v -2.8850568747570278 0.49812090492722805 0.1046549305674047
v -2.789900622823394 0.68004423652099222 -0.11925406238964528
v -2.7474220698979783 0.77104227091833988 0.049104980926189867
v -2.7775247994172267 0.63534529459740863 0.17202954968637124
v -2.5944582504214355 -0.97726547751754334 -0.086432778608085958
v -2.5731602368616109 -0.88554326638609415 -0.23925135746686285
v -2.7019279713606243 -0.83675596880562908 -0.0053207185719955346
v -2.625767005496515 -0.94108647165300696 0.078530902183649443
v -2.678665976943595 -0.81465868404290676 0.15773875969162812
v -2.4465749848328131 -0.90980927422370539 0.34617405780686128
v -2.6166644919270281 -0.71925403125393927 -0.32441178101983659
v -2.4400636823637898 -0.71178546340824744 -0.44921430016758912
v -2.5815273271114405 -0.76161634577871939 0.32860746501314858
v -2.3953246382383382 -0.78018406545556662 0.4451535599205807
v -2.55984493754405 -0.53601525696609242 -0.43478370583095832
v -2.4999602076879586 -0.61247687481302815 0.44652400400801723
v -2.4926157892819907 -0.36006399979738984 -0.52160642777540811
v -2.5463650152570763 -0.32361191480273299 0.50058780477872633
v -2.557523935667696 0.0088045656499139424 -0.51851455251676304
v -2.566801988622248 -0.0174712195921541 0.51404734183494194
v -2.5221988686266199 0.16204810174004985 -0.52945484658405662
v -2.5350492145291286 0.14460031964323961 0.52519756357989833
v -2.5648465245053713 0.31744835893069312 -0.48903957000664494
v -2.4850981711408728 0.33237061469839746 0.52956315557684841
v -2.596342529957643 0.53039993380462591 -0.41053007971780198
v -2.5907003822909416 0.46183741636419096 0.43427007502535819
v -2.5303818133829559 0.72005262730181752 -0.38518116223437693
v -2.6926813530616478 0.58123563685213897 0.32188865216653684
v -2.5264390228696265 0.66233745124586307 0.41017374439125898
v -2.5355300168404109 0.89346482034638874 -0.28396341116798429
v -2.679883018883741 0.84766450284976569 -0.12297499141566966
v -2.6256325861409353 0.94124180068612118 0.051715399097515824
v -2.6322177670829778 0.79614655412621205 0.24334274829588123
v -2.5725478328628943 0.99079121793491409 -0.11678202172270935
v -2.4821059413835118 1.1009690820253881 0.00093784560132509354
v -2.2792439846515244 -1.2798563753179566 -0.088740452580448756
v -2.3225479470379589 -1.1579668175833469 -0.23194808778947001
v -2.4367483056488606 -1.1448669633839306 -0.077269034899970723
v -2.3229653504070642 -1.2323948997530783 0.1197958048615214
v -2.5104371216474073 -1.0707491564105662 0.092905043821567265
v -2.3949848303499346 -1.0619197901516662 0.26701391254678558
v -2.3294406226068665 -1.0177000725029717 -0.3569295231832606
v -2.2120241461116557 -0.78271555043267715 0.54246328609599925
v -2.3117001478586601 -0.86500545118159844 -0.45653482577448684
v -2.195241859397338 -0.56838247384817908 -0.60858626950835182
v -2.3809857220871922 -0.54767448956538689 -0.53682884201736902
v -2.439162807731774 -0.46640263317334774 0.52764020290173375
v -2.268725511342859 -0.45472320726558846 0.60243989583079116
v -2.1793041924521988 -0.22711998841491582 -0.67022113495504176
v -2.3793735044612716 -0.30124688093179403 0.58133288794712179
v -2.3983906583101962 -0.15702731972936593 -0.58489911633669089
v -2.314156036188713 -0.12448685037879452 0.62383425641724999
v -2.2568912714469818 0.17001628987599549 -0.64337022579837366
v -2.3672998192270458 0.20056543888386116 0.59508909044410518
v -2.2744127422279243 0.35692730623121061 -0.61642219267964227
v -2.3097032251192515 0.38984033453751038 0.59655908382101464
v -2.2801551829873521 0.54018937461254102 -0.58104022729910743
v -2.4305171208225453 0.43980191937368751 -0.53591618271688968
v -2.4241123924610264 0.52653173113810436 0.52294712256915243
v -2.2443839284578471 0.57631334005717483 0.5865827100055252
v -2.2658664370618364 0.72284700153867321 -0.54048372089577867
v -2.3474165355007712 0.72149185981512987 0.50643839789917722
v -2.3476286364229955 0.99621391779422819 -0.35920514693788008
v -2.4838050702441596 1.0156461412326554 0.20642898716991609
v -2.270245303600829 1.16771838189459 -0.28124619441243071
v -2.4349610352647595 1.0751394586101586 -0.19718772042057042
v -2.3169139826415575 1.2228657322428638 0.14148567228468575
v -2.3353403493244471 1.234148226325205 -0.099080527690103087
v -2.0390937885709604 -1.3837815862253728 -0.21382790120362383
v -2.1485755251953078 -1.3695413162174885 -0.11646662387501688
v -2.1611952805011048 -1.3689708374601939 0.036275596776382923
v -2.1776421063783751 -1.276552855419067 -0.23117616961982526
v -2.0452320244791347 -1.1307893487903944 -0.45346559385530394
v -2.2034208930484906 -1.1770580037647829 0.32751674507535111
v -2.0602615113131364 -0.92740840279895465 0.5522490381055476
v -2.0277112092550955 -0.98046610301899761 -0.54219733044276697
v -2.1806151336751856 -1.0027943108389059 -0.45719453412599564
v -2.0284118612818842 -0.75836183830508297 0.62114748093676131
v -2.1255775295948331 -0.71672805719028576 -0.59903812341467544
v -2.1517628033695155 -0.61148378935511727 0.61552463012443404
v -2.0825504941148472 -0.4410871322197637 0.67832807651494098
v -2.0929588148818317 -0.42106548825553969 -0.67781008355824335
v -2.0033609549924369 -0.25716396548282089 0.72924507078187351
v -2.0489250001860566 -0.090796910413420695 -0.72628358838369178
v -2.1261093639245692 -0.089432696288162694 0.70169607836504999
v -2.0885978350651606 0.10006814925855591 -0.71526335647282946
v -2.0576379783516479 0.11431092055272887 0.72309643515689015
v -1.9739779768607408 0.41274311457460189 -0.72101952073386466
v -2.1358996875127771 0.44718142336702793 0.65755340080597846
v -2.132533189038786 0.46289248561282326 -0.65618174171834265
v -2.0748315229669867 0.61709242111628171 0.64294537827813025
v -2.103661877025806 0.80150322927941919 -0.57889664107719674
v -1.9865795115201317 0.77823574735732592 0.63001630746073678
v -2.0612883765536574 0.97292253552498664 -0.53290449567691511
v -2.2298734458127689 0.90250399233694489 -0.48779076200263599
v -2.243880370436349 0.90790315655651666 0.47653139262288435
v -2.1701264538868967 1.072659327544025 -0.4199386474448063
v -2.3038463449005868 1.0668626892048163 0.34184383523177858
v -2.1203423790501184 1.0797771145178565 0.44466281166380206
v -2.0946911450768799 1.2334952820890088 -0.34895885466037374
v -2.0742859605368071 1.408069648689305 -0.13222137859635735
v -2.1695811997432459 1.3056250829058407 -0.19742004761037901
v -2.1862287066246107 1.3514871747707613 -0.022213504848815374
v -2.1515408865160439 1.2368268701831491 0.31439454369807174
v -2.1135220017512495 1.3703828007989789 0.15457776105504761
v -1.9006356423048156 -1.3912119397382978 -0.32827592658791938
v -1.9011215384624103 -1.2489130483842643 -0.44284231296132215
v -2.0483781962007104 -1.2716965588888265 -0.34603731310282659
v -1.9022678075510844 -1.4963810589649875 -0.16475128030327132
v -1.8885742874118958 -1.5388619492645739 0.035320807441899783
v -1.9640411648054907 -1.3944506892949924 0.27854877501564423
v -2.1196381506889392 -1.3297103546011788 0.21895882085932014
v -2.0081119989439751 -1.2685236798769739 0.37078708194879129
v -1.8961676632175493 -1.1063076168898189 -0.53690512978877392
v -1.8915346947007377 -1.0384039714952491 0.56674263820878201
v -2.0003254397211507 -0.81971126923006776 -0.61110004898426018
v -1.8890825077585338 -0.87789069024973054 0.63106751298439556
v -1.8754304261286421 -0.73606480255860507 0.68289350275806793
v -1.7735217278718509 -0.60534448302390853 -0.74208998313398866
v -1.8931833272548904 -0.44082894137295636 -0.73868530108155128
v -1.9644641083864158 -0.60095455952272092 0.68785666389154654
v -1.986944657545747 -0.27025963036239387 -0.73298667435098086
v -1.8820863105834005 -0.43018283550884079 0.74279031848243815
v -1.910636017921806 0.042075253323582196 -0.76391554200480927
v -1.9040303309444855 -0.047020871314186474 0.76556696374913935
v -1.9426360832298277 0.23033372565787369 -0.74778998070499081
v -1.9875545922933604 0.3337165278617002 0.72712656200836079
v -2.0116256347578902 0.55875855590360202 -0.68093843280689148
v -1.996536310087369 0.50638170908703739 0.69930275223242433
v -1.8218029085529248 0.78683639348391488 -0.68384547830820375
v -1.9146634092346539 0.63714136808069255 0.69636162436494975
v -1.9470394981188781 0.87128594413737936 -0.61364402460859058
v -1.8829198076682561 0.93897554294841534 0.6110427791141233
v -1.8971592409934996 1.0259352665380355 -0.5700630831767004
v -1.9478592170154738 1.0900249639210817 0.52612261700749929
v -1.9174740675398241 1.290443094203372 -0.40351851405828471
v -2.0116031288421503 1.3708591266316053 -0.26698738296917263
v -1.9910129328938599 1.3661504826195705 0.29810550548833353
v -1.8765953821738885 1.3371237274225041 0.38762324242970242
v -1.9374991733340838 1.4800428485977488 -0.15811178266293996
v -1.9352151909438475 1.4850932436107209 0.1515575737804751
v -1.8258146868114737 1.4639667520977522 0.29792943806054423
v -1.7552386299154943 -1.6055297780127744 -0.079517531684965836
v -1.7480418914363212 -1.5203083932005539 -0.27710436150579371
v -1.5844952575000213 -1.6825570964398999 0.019413552992035052
v -1.8478953335004182 -1.4879788485832761 0.23382762252193232
v -1.7207329691843596 -1.3639314356277876 -0.44132209822447366
v -1.6402131608457453 -1.4920140248567353 0.36503641413297322
v -1.7794579231373753 -1.2114921856988259 -0.52456120563616337
v -1.7373075850859623 -1.0869425518813085 -0.59792726625284898
v -1.8653592342674519 -1.2023717573216659 0.49562943335575016
v -1.7475868568617983 -1.1208579891431187 0.58036941013514953
v -1.6857695760154563 -0.9323204387511963 -0.67772047191258056
v -1.7336314627129232 -0.81376657130631236 0.70421988561636462
v -1.6368974434296364 -0.75649469927361157 -0.74255075952149652
v -1.7499221021001896 -0.6129179735536 0.74656986010258686
v -1.6744857267643163 -0.41386314152002718 -0.79505797755284702
v -1.6805937387669403 -0.40926808829699995 0.79427502320514221
v -1.6901297780661473 -0.19543448729278379 -0.81196710588097543
v -1.7386281260416445 -0.0095205438763501828 -0.80691751497484965
v -1.7034295991614936 -0.079995059382484857 0.8148486945174005
v -1.6224651709346225 0.11231592148142529 -0.83219859560674658
v -1.6955846832661794 0.20745582542808561 0.81000357109195642
v -1.7912591645770062 0.37239869921557855 -0.77272012202069462
v -1.7896468259427727 0.34502535586548161 0.77654487459801502
v -1.8407888096550526 0.58543370733986555 -0.72900648312894634
v -1.7094637479761157 0.48969676940794432 0.77780588046423527
v -1.7461205351254314 0.63306662364845989 0.74374237995349013
v -1.8178060243246716 0.92903461971835211 -0.63688942490784428
v -1.6382269034203012 0.78600191091929983 0.73487852105659346
v -1.7063975695401719 0.94454882159938092 0.6665133143111065
v -1.7363147838434456 1.0508160015090262 -0.61331092932213882
v -1.7706090690901821 1.097212226780534 0.58254774037676527
v -1.8224253269380679 1.18128412027166 -0.52534277041618216
v -1.8322516369628337 1.2363186395575072 0.48672307033117823
v -1.7319637187380377 1.3794099368275416 0.42278696542860977
v -1.8616061384849023 1.5523460237280704 -0.017403128897340102
v -1.7136918633455775 1.6251363827307637 -0.049095659686863774
v -1.4059857958340947 -1.6590154644686748 -0.29395177407604167
v -1.5583474554042838 -1.5246772546225014 -0.37284084606191092
v -1.4258641854225098 -1.7458463939532165 -0.099965305824447473
v -1.4064396179659273 -1.7503122186374687 0.10710070769763851
v -1.5254322015898569 -1.6456856305480216 0.22770868188508869
v -1.4142059549476256 -1.5645592023823494 0.39129664506999123
v -1.50024405178751 -1.3797489102415399 -0.51926120087526484
v -1.4432440775636324 -1.4075441760671243 0.51782506690542018
v -1.6527317095484122 -1.2794201306170927 0.52980366852140259
v -1.5630137669040991 -1.0795588030963077 -0.65274324502400105
v -1.5922927995007663 -1.0930772832951463 0.63843527602362071
v -1.4694651153002405 -0.91274432465521171 -0.73899700582713668
v -1.5752493549366702 -0.91926618122001302 0.715501287112978
v -1.4519468918547311 -0.69464332410902208 -0.7957009278031566
v -1.5404384277357632 -0.54677342578747967 0.80594689668275044
v -1.4616652256419971 -0.49355236632037564 -0.8304750741673198
v -1.4992229279192364 -0.37180398554966942 0.83839073520975038
v -1.4649239056207093 -0.25616952122584613 -0.85639223960144395
v -1.5552451444558808 -0.041664061476636483 -0.84777857334087015
v -1.5301280824216803 -0.077148875313494333 0.85334669372412908
v -1.4500616973234759 0.073415586131125546 0.86891515749322445
v -1.5838014747226778 0.30729906525458867 -0.82853054309527963
v -1.5275788705660334 0.22288514351529698 0.84628960335787362
v -1.6358756873566154 0.52881472076243408 -0.78810587395920162
v -1.6152523838416253 0.37647251177303842 0.81289477136515176
v -1.664782522945472 0.72688712870346461 -0.7437559678271809
v -1.5352905130597241 0.59902848353282934 0.79729305439461717
v -1.5121412623536097 0.86846474854460232 -0.74176876014996729
v -1.5343724279165085 0.94182568797376442 0.71753520281246641
v -1.5601386422381252 1.0475712537522566 -0.66692327937394058
v -1.5869124957124305 1.1021110064753099 0.63626538878398531
v -1.5281493220590723 1.3677194943999433 -0.51904366041616157
v -1.6381135240409159 1.202512057755325 -0.57258901917672966
v -1.6548192585988573 1.257307612923878 0.54024139431602614
v -1.6180747666244153 1.5159739672072556 -0.35391075089685886
v -1.4380828781951647 1.5796720822462074 0.36689829505431237
v -1.437764600617331 1.6460452961680976 -0.29517526251245668
v -1.5997121249757316 1.6391774298821684 -0.17527404501913973
v -1.5706013161161632 1.6887321814993925 -0.00082700752072345507
v -1.2314784557013743 -1.8083475273608425 0.00035544208158022617
v -1.2456363164271362 -1.7604676217389652 -0.20033203015857953
v -1.2515819093217866 -1.7712913586089927 0.17201489360458422
v -1.3503832657210098 -1.528520858839757 -0.45189350005454809
v -1.3370920885266828 -1.6943933830538884 0.27677993147804597
v -1.2881885946582188 -1.498581694539399 0.50014697325363078
v -1.2739571034632571 -1.3586018436197924 -0.5883168093486224
v -1.2793450971229974 -1.1769769963674608 -0.68060450366497593
v -1.2200299611310792 -1.346254485628666 0.60750324425059687
v -1.4076528338896632 -1.0825739557987104 -0.69296574817974776
v -1.4125484681023279 -1.0283427862770509 0.71429105130707315
v -1.2489846965949043 -0.80623815056201131 -0.80634068866397457
v -1.237770265256289 -0.9437935161539236 0.77223178357981892
v -1.3835509523259253 -0.65756013950215275 0.81595323538087894
v -1.2825620251422563 -0.39930366359988256 -0.87586043468503549
v -1.367130472828628 -0.47826194460414062 0.85076813437333765
v -1.2735351830823052 -0.21148187812740013 0.89492759586749238
v -1.2240363445184104 -0.20150240674912756 -0.90380111925595019
v -1.3629511476722349 -0.064827393254089413 0.88585331992541017
v -1.2517301995910359 0.15804569378099667 -0.90190152130435408
v -1.3082645598677014 0.075809160649252499 0.89597943276581393
v -1.3579517737718392 0.32747589141936756 -0.87140113806025432
v -1.3590756666732162 0.21896009930471882 0.87929943048908243
v -1.341417651862334 0.63849495331137085 -0.82772054399290451
v -1.303768926078253 0.56001654516355925 0.84912356202956152
v -1.3468531030959108 0.74637208744818251 0.80443128972418032
v -1.1233120763914031 0.91440555902401555 -0.800244273249057
v -1.3710460034657099 0.91484210140280375 0.75760961116361958
v -1.3416492610436743 1.033423414319302 -0.72648931197194133
v -1.4048052233916906 1.0832836542010376 0.69340830990047475
v -1.3312959035757921 1.3580697179484538 -0.57570876813815874
v -1.2579029941531699 1.21100991427802 0.66835295648076931
v -1.3931308328219558 1.5104987085877766 -0.45103882765244063
v -1.2377615667293091 1.6090260989270639 0.41051539697042255
v -1.2912255512987874 1.7456897301816752 -0.20318946291471501
v -1.3090859828558927 1.7189291618603644 0.24755260834359682
v -1.4585309098952861 1.7175302901110039 -0.13605370074379006
v -1.0649858607780427 -1.778305199473454 -0.2742463263760655
v -1.1111423774267823 -1.830569612822363 -0.13100888709171993
v -1.0987034713596331 -1.8223085053019368 0.15650688238331775
v -1.1617115737991468 -1.7413642102896674 0.29926453433815947
v -1.1376336280556338 -1.5343248699461352 -0.51579643088371308
v -1.1184392248635098 -1.5245101299944812 0.52594799477339327
v -1.1428783827804383 -1.2547669497180012 -0.67203546351027454
v -1.0370374349949947 -1.2184697483873776 0.71054088425395001
v -1.1240583215782061 -1.1116487242497453 -0.73872902166288845
v -1.2359212886593292 -1.1350461937397047 0.71121964019300266
v -1.1224454816748761 -0.95552410250155229 -0.78778667544539371
v -1.0800698198777421 -0.85780791188759709 0.82042352890449144
v -1.1061011568935679 -0.64487563173609319 -0.86570300530859579
v -1.2273196108123277 -0.7605473076978494 0.82137424701044448
v -1.1554757630104271 -0.49672500862233776 -0.88486381024586669
v -0.98992739017569109 -0.45271171276660316 0.91427571243873007
v -0.99768339372907078 -0.1568741556199548 -0.93635360221282427
v -1.0930501619861739 -0.2324420087406891 0.92197890197266508
v -1.175472846970812 -0.028928302491428817 0.91811138491529554
v -1.1412169300181823 -0.005496355493853855 -0.9227300329136755
v -1.1938542815780251 0.1805671564705747 0.91013991622175727
v -1.146750091297325 0.35155729560054816 -0.90446405299244081
v -1.0578217031022228 0.32361718689329305 0.92045967937867768
v -1.0593210332918552 0.55145200891365187 -0.8897171739769304
v -1.1058070492896017 0.52345116682920656 0.88851094075696579
v -0.99876889136135805 0.74705593648254331 -0.85940331838303041
v -1.1587852819133901 0.72318155655778049 0.84213807294528464
v -1.2234775366595105 0.87288250154168123 0.79393079424162272
v -1.128988287469866 1.1442934896523225 -0.72634058961385939
v -1.0815588870952431 1.1681736802538283 0.72415458229804874
v -1.1492165061704636 1.3262915802128981 -0.63486467639837618
v -1.1174322861436257 1.3329326311073915 0.63788800592417416
v -1.1928978464705726 1.4901069191243606 -0.52961868352488761
v -1.1635441892319642 1.4814747797969914 0.54117713307443271
v -1.0863161544282385 1.7643296690970869 -0.29384110658389379
v -1.2372746258042906 1.6370851954382371 -0.38261861410092246
v -1.1100407596787738 1.7481440615155583 0.31160041818581358
v -1.1431686715598932 1.8345133893286887 -0.089542273008447332
v -1.1527950647822072 1.822074923864536 0.12360976813933164
v -0.84813877331581433 -1.8071057082467943 -0.31411752995716391
v -0.95536674458368365 -1.8580012219284276 -0.15582978484924065
v -0.91142606384022129 -1.8737821257971186 0.14396298676899252
v -0.97664098204472571 -1.7889656868341441 0.29934071799968881
v -0.86036299839947961 -1.7061636603918968 0.42139456218599658
v -0.78735540290289885 -1.6701191744492092 -0.47366295823903537
v -0.92406968759215236 -1.5321320902310505 -0.55736955627825846
v -0.92550994003618858 -1.5712473223205903 0.53102602146966993
v -0.78830354739897268 -1.4673893695860216 0.61558749715176797
v -0.98042606652971476 -1.227364328261872 -0.71600431437357792
v -0.80904524486263485 -1.2794178057871062 0.71725042714215015
v -0.93427693176758664 -1.0201895723097736 -0.79371323695078144
v -0.89322228591788766 -1.0892924489892035 0.77712214821700432
v -0.81503289071992135 -0.82374654295179495 -0.86287915418206007
v -0.93540199463982543 -0.929345397258452 0.82194578292206411
v -0.91438888977486843 -0.65160843354804199 -0.89095679603634392
v -0.87741396298576657 -0.66345302705676568 0.89284425995224737
v -0.81991621313947616 -0.48221890067436679 -0.92884564835644667
v -0.91413134171578148 -0.33674951777044149 -0.93501790855116762
v -0.92930651199702985 -0.24151874973863632 0.93971880381045025
v -0.97545453670726945 -0.073428503386642696 0.94156514217991794
v -0.84331163290581101 0.15716019239244261 -0.95182381348716283
v -1.0184026713527865 0.1229308738197834 0.93574862434464234
v -0.90316994882971713 0.38294506698617425 -0.93137269966391112
v -0.8714649083887912 0.26689609198289355 0.94383450513137546
v -0.85993705840701595 0.61943573673304575 -0.90303938017447272
v -0.91202735501909626 0.47156931484114617 0.92172294988380243
v -0.82658403363121724 0.80079465154113216 -0.86733366671124834
v -0.95536981234356699 0.68466555737880419 0.8791773032158654
v -0.93605698953545802 0.8982595462307873 -0.83031240231067782
v -1.0117925426879575 0.93997096917857803 0.80801549335700629
v -0.94080272462185544 1.0617195697186406 -0.77982875264186213
v -0.89157880885354535 1.1652630647570104 0.750888059029446
v -0.93581587460102433 1.2857870928173125 -0.69562694544527337
v -0.97192732364160483 1.2967821609032026 0.683442106024443
v -0.85113533111788509 1.4793410795517357 -0.599307253935633
v -0.95297536954828155 1.4641109203787146 0.59182232173726235
v -1.0069964359488845 1.613680345150297 -0.47636883080494474
v -0.86896821187730477 1.767014960370491 -0.35459085719322969
v -0.83359539993348886 1.640628127110626 0.49287845068193192
v -0.9157531071181676 1.7577793913391018 0.35458422896668407
v -0.94078943445491947 1.8545852687346565 -0.17161418516231744
v -0.80560570975106482 1.9133169875422436 -0.045574765735912591
v -0.85714502353519184 1.9016285739385597 0.10543338525298535
v -0.66155779080039989 -1.8806889783831351 -0.23361647608089692
v -0.64078952636874031 -1.7809830251999081 -0.38550003726665094
v -0.68623100814189497 -1.9355117579270764 -0.069507766594817083
v -0.72355050805658838 -1.9262959513533393 0.10930712628244384
v -0.76110208999839379 -1.8348480259687949 0.29837536642353335
v -0.70411674845574079 -1.7303690418191757 0.43134562708899427
v -0.58921537066295349 -1.6592506824298185 -0.51781083795120619
v -0.71354004507238256 -1.5212379104862954 -0.59522430533375748
v -0.74628087759795225 -1.6187075422441004 0.52620286903363933
v -0.61289392434905987 -1.526283126686333 0.6034641648529937
v -0.62794282511345167 -1.3547432356653712 -0.70185700119695549
v -0.65447202773979374 -1.3893890044359434 0.6786992802334173
v -0.77282586403053788 -1.1917437168610931 -0.75415258613741576
v -0.70614357255359805 -1.0982469704905315 0.79488421335131265
v -0.60270832327896284 -0.80738965592237322 -0.88746062257155667
v -0.63414913167244769 -0.90541639123923867 0.86033387137621642
v -0.71201472250516207 -0.6379286744131949 -0.91594468635463544
v -0.69277713765735249 -0.70199582134109462 0.90553522837630507
v -0.61209888526380407 -0.38310684937839889 0.95495868643006065
v -0.75860035830555517 -0.3367933506387088 -0.94883850156747207
v -0.78687579075776026 -0.31963603780808841 0.9480408610770048
v -0.68670428760687274 -0.092952372118217635 -0.96788751461305655
v -0.65261500416998541 0.0011696697019902141 0.970160133508849
v -0.63563528469354169 0.084046772818904047 -0.97129211480727862
v -0.83418452299808277 0.065839253281227847 0.95539108094892322
v -0.6762848926236158 0.30499405161475129 -0.95843447918086266
v -0.68375089536256528 0.20333247028261209 0.96301982473153969
v -0.72011279507160741 0.40744973240606913 0.94519398012264244
v -0.68295277350166572 0.71470111276935144 -0.90394572084125357
v -0.75557349379106398 0.61354273371708978 0.91574026986395918
v -0.69254333103906174 0.86241497836840697 -0.86621804131337332
v -0.60282095139509873 0.93141903243209656 0.8556281624244485
v -0.73060059407046141 1.1550840570419456 -0.77259165523182682
v -0.69996589611760962 1.2031506676173964 0.75757275886723563
v -0.58933860534001614 1.2694832137465752 -0.74191699496692631
v -0.61189860589701184 1.3678024455539624 0.69602181978599298
v -0.65219448172275085 1.5126710836553194 -0.60703779469067476
v -0.7260755959043671 1.5048232874435619 0.60297000084518149
v -0.76921208382234318 1.6438769182868624 -0.50393706308595032
v -0.65927811154292748 1.7729906671186817 -0.39141000924566627
v -0.62889948156424058 1.6649292088229988 0.5093216712337546
v -0.72426449206150567 1.7725056746209309 0.38057018584277325
v -0.73819143363695827 1.870508555992916 -0.22832168780767656
v -0.59374562996007063 1.9481695169123534 -0.084836534175936187
v -0.70251566890162065 1.9330992155923021 0.101653022884793
v -0.62040070223861343 1.8767946291412863 0.25609779139565197
v -0.51788847545488115 -1.9465569627669486 -0.13135791985843889
v -0.54285813545150308 -1.9549545161801625 0.048232608663555221
v -0.56484554946338872 -1.8975933993210246 0.22781894274964928
v -0.46784375724627525 -1.8751969784283773 -0.30583811778754588
v -0.48510354892320284 -1.757669131304654 -0.43628135676698759
v -0.57159633511142072 -1.7934953946025312 0.38295582023158659
v -0.4172599869699023 -1.7311225088132749 0.47323805952793763
v -0.49982059630853531 -1.5133442991198025 -0.62319094385189411
v -0.58287028244381434 -1.6720413975106851 0.50988101573280575
v -0.47085636310413809 -1.407891870744636 0.68685035915995574
v -0.37677426906123213 -1.3345103514223167 -0.73104039564729384
v -0.47904785166795749 -0.96735040235952896 -0.85384858346703496
v -0.51022423968320696 -1.0812251597655413 0.81653014027540471
v -0.401433752831313 -0.78866794706250376 -0.9058925326349021
v -0.50140349862098865 -0.73413490062214892 0.91397191947889767
v -0.50171511005404457 -0.62400626555479088 -0.93234891015077381
v -0.45445143284539907 -0.26032849302392241 -0.97421770667812402
v -0.46264370275257627 -0.27346469468131501 0.973196795710491
v -0.52474835797599861 -0.084558787645886646 -0.9786845765884481
v -0.47063064321286807 -0.07516269416707845 0.98141301449666163
v -0.4810806382021654 0.25275487578334938 -0.97341286730207421
v -0.49181745192887427 0.13320159508922622 0.97891333961559324
v -0.52852803969462325 0.34074850383511607 0.96476591068900108
v -0.48725749234612803 0.6455916458446358 -0.92975366389431569
v -0.41315548372065247 0.67043322186730825 0.92932085009649157
v -0.54509584915443976 0.83933721527502869 -0.88427477224376971
v -0.43650531932471637 0.85248808285540756 0.88798907832593144
v -0.52339439326156256 1.142818141380586 -0.79491174811071008
v -0.42876749918411305 1.0442365850121942 0.83261500430384627
v -0.43690796906709339 1.2879666957887472 -0.74565223909703426
v -0.31453361169524496 1.2165125993836667 0.77924610065848665
v -0.47042154391487939 1.5278362384224438 -0.61691502017673516
v -0.51231795034364824 1.5323670841997945 0.61094406125114498
v -0.56608896188358271 1.655629383692 -0.52279463808523741
v -0.46469227231697924 1.7739284686940215 -0.42025752182686282
v -0.42835806710000424 1.6930726747274909 0.51005477359926576
v -0.5361992076987443 1.7899698001915503 0.39282163517938629
v -0.54480273610511265 1.8776415927228929 -0.27939144538153748
v -0.43536991148031662 1.9327368335398751 -0.18358985395688843
v -0.43421714452522386 1.8921536130583654 0.27515827047475061
v -0.51268524539839821 1.9546461416287717 0.11286938272270869
v -0.36763317859328259 -1.9437381731815186 -0.17264878132706113
v -0.38667708557595781 -1.9451374920875935 0.16491850473239036
v -0.26376545723715894 -1.9045955325083332 -0.28033577202717846
v -0.39929045604031294 -1.6621363050061426 -0.53288194579941894
v -0.4024860326173143 -1.856336812632263 0.33445993930741491
v -0.28798290895158807 -1.5299308872098367 -0.62853527986181434
v -0.29198322922485859 -1.4880601563679108 0.6528117128428168
v -0.15627150701853423 -1.4045552740838676 -0.70654925425689108
v -0.17369245249824553 -1.2296979686057448 -0.77844748503111438
v -0.3080960227948919 -1.3517707499182141 0.72730442943124651
v -0.22244823979745837 -1.2276544106131029 0.77785949185337699
v -0.33442313943856383 -1.1138674627942771 -0.81609670831614256
v -0.31491945412583422 -1.0755974746205212 0.82913961769337075
v -0.28227866095139914 -0.92847336346511944 -0.87626695238278596
v -0.21790180389746427 -0.91488718033989658 0.88208337022626415
v -0.23384204905129485 -0.77528940763013843 -0.91654002881609731
v -0.30617650110912326 -0.74612405764645506 0.92112992901098378
v -0.1697321708265373 -0.46476527747020302 -0.96568702038427212
v -0.29095289156551135 -0.38420652979375242 0.97104910135771771
v -0.24337650933752436 -0.27683686009843855 -0.98137904182159119
v -0.31840807520234699 -0.08788734890906641 -0.988178461963796
v -0.16248538302926729 -0.085288348619324161 0.99191642459481455
v -0.4092089708034875 0.084694765896665289 -0.98414286660374528
v -0.27955333822806211 0.049758325564526806 0.98931491447928577
v -0.34163317401689935 0.37804728706325647 -0.9697496699087963
v -0.33059083784772392 0.27507268321658651 0.97898541250172089
v -0.36345658698118033 0.52422169145417208 -0.95346141951354957
v -0.37495346224729198 0.47782423507208555 0.95829107340878483
v -0.35543491570726821 0.82530540078231995 -0.89928866015628384
v -0.27175419913400123 0.78797625333537535 0.91231520210971284
v -0.24018576266801889 0.9889120560536182 -0.85854910812341845
v -0.30288359940710313 0.93230246867854072 0.87449799760204439
v -0.3338898424272056 1.151978242515036 -0.80237113833244766
v -0.24132650087225552 1.337621130252185 -0.7354044184722992
v -0.19664537609289745 1.3714944739308648 0.72182597296785889
v -0.39682318804534344 1.4153764755077547 -0.68796827860804732
v -0.29410436387291461 1.5147074577118442 -0.63718889318300165
v -0.26982906586040578 1.5599411253655775 0.60925759879093022
v -0.27662176902649271 1.7713856249407649 -0.44237601697304757
v -0.36476201055752655 1.8768002506058694 -0.31563012959375097
v -0.27840266299397187 1.9457792587493472 -0.1842950946533787
v -0.23200741529359123 1.8889732715196499 0.31256848977918528
v -0.3175983645840163 1.9627723359917444 0.1361822218591113
v -0.21523259385108667 -1.9789130469699596 -0.1084795206732794
v -0.041718020198862615 -1.9403227285932882 0.21753218078435338
v -0.07214526468381538 -1.9351294428838213 -0.22960387822795572
v 0.014891609629933637 -1.7175126498903694 -0.51042429538676792
v -0.2258797006419978 -1.9070006254115666 0.27913384150547638
v -0.093248872211442804 -1.7011036617852786 0.52136362079016207
v -0.089475123953372329 -1.5588131030029881 -0.61622399331168876
v -0.11911617991911949 -1.541001634249747 0.62746588494004996
v 0.0010684107843155766 -1.4457855926372123 -0.68450677920047709
v -0.0085912878862193093 -1.3083684754677913 -0.750936368184839
v -0.15737618332789843 -1.3815512884543941 0.71851692752395369
v -0.13967655520031 -1.0519870037307761 -0.8416301094039651
v -0.12593134183542942 -1.0751029862144306 0.83478817636018088
v -0.097283488232599621 -0.86942969198954601 -0.89666610307971106
v -0.033756791972748446 -0.9184951944653087 0.884391736990362
v -0.083990422714304874 -0.66164255721901788 -0.93993162095229466
v -0.11542648890308072 -0.75630306013853188 0.92333421883113675
v 0.031780082788337022 -0.48161648214141684 -0.96550615223937308
v -0.079628476300647316 -0.42079539816814909 0.97158826063669979
v -0.032150113257275709 -0.29939874729420096 -0.98339174063982515
v -0.098245773166920847 -0.10326747233577394 -0.99319830438774648
v -0.01820860149141057 -0.11517728862314476 0.99260281357337798
v -0.17715347010630753 0.11312800543258189 -0.99103610764891104
v -0.069260449982970429 0.040223068930286959 0.99325963718820864
v -0.1750579871251696 0.32692057634747129 -0.97935313902324228
v -0.12390810927113735 0.22246129159030908 0.98675267358180618
v -0.078890283217141796 0.64735204124667445 -0.94207519834814624
v -0.038002644450968695 0.56435279220091916 0.95452508570500949
v -0.15511988027525508 0.82074023203615731 -0.90736404962503814
v -0.093475577242898358 0.74415566921691656 0.9260611564060498
v -0.14932327738703752 0.91000551049482514 0.88520874675726602
v -0.13126536291795579 1.1547470859736038 -0.8077325962842864
v -0.11673350088261097 1.2085673081888648 0.78795367578787856
v -0.096311859005414224 1.4910629162408502 -0.658095007098355
v -0.024962133333499399 1.3394838858155138 0.73845850970627969
v -0.043372484676899761 1.4934249613511652 0.65671714745067133
v -0.087352304450042259 1.7660489465359628 -0.45807872199511446
v -0.065785695795706436 1.8144596983940424 0.40361662615477495
v -0.18166854245930925 1.8764893947868584 -0.32940945514992481
v -0.09012471369401924 1.9527377444468557 -0.18649464115043457
v -0.053967713608672516 1.9136492464181751 0.27793432027565945
v -0.12434334894171113 1.9675073000277155 0.14709269301882061
v 0.12610616026243521 -1.9522795201577319 -0.18496627476925434
v 0.14913176964261904 -1.9543715601332372 0.17717777378824823
v 0.23656426952749193 -1.8825669241438943 -0.31952247200836015
v 0.1681835534265339 -1.7852179720528567 -0.43283897178305314
v 0.10245000377180885 -1.8685109292009654 0.34278625886113762
v 0.075305743887942755 -1.7478578723635589 0.47854368043906864
v 0.095704078148086791 -1.5564382414042994 -0.6178072343774812
v 0.22373274497191289 -1.4765319288073722 0.66206430796620297
v 0.16365314660482252 -1.394854575428083 -0.71193460108068063
v 0.029104603897105175 -1.4179767009936499 0.70072863265922181
v -0.035226770681034594 -1.2380715766986978 0.77729770522324915
v 0.075222798758314335 -1.0064055647939607 -0.85691974626265821
v 0.06428241598577969 -1.0696866027762022 0.83714442189320792
v 0.08592542789132418 -0.78866533737213984 -0.91685719173406255
v 0.12161676165359037 -0.91889020001911148 0.88372452149571357
v 0.067812078630912251 -0.77372364710188068 0.92014756082905702
v 0.21478024976118132 -0.50879706545901326 -0.96028277316462118
v 0.11323495157104356 -0.44832454664400567 0.96858658722812496
v 0.12187846834863447 -0.13840281501068538 -0.99100070054239853
v 0.14738797062501177 -0.13490582643362042 0.99060867214288784
v 0.062221810880435713 0.067027726907621127 -0.99325963718820864
v 0.096743580735957888 0.16817657139357528 0.9899528494348564
v 0.015945343271650453 0.27191162907317579 -0.98476609655087632
v -0.023092014712781356 0.46632491316432334 -0.96703530913708247
v 0.15995149271972303 0.52405685050096695 0.95928257304015363
v 0.053424470817338303 0.81133524925884948 -0.91118971376238511
v 0.22840828761035259 0.84577640202733473 0.89906921803460216
v 0.16334138796072606 0.98101853615318679 -0.86315039905639468
v 0.034372377176359714 0.87952687295014431 0.89414180783956143
v 0.070395974873301875 1.1407074484688959 -0.81380925330942477
v 0.27542140065419973 1.1321206988914405 0.81221315705853536
v 0.19725451987567083 1.2760590032779335 -0.76040759515744849
v 0.099057462352087192 1.2069413095948147 0.7889715553872052
v -0.0098499806540456453 1.316467447578662 -0.7478992536432626
v 0.14009521073654757 1.4772646769063056 -0.66473455802832015
v 0.13681652744033118 1.4040770006741856 0.70754880187839841
v 0.10059685748815314 1.7560314361576441 -0.4693484211707229
v 0.10549121777159043 1.7605407641204944 0.46408373824334614
v 0.010744404591360598 1.8713230070044358 -0.33964540396808246
v 0.11540026299985899 1.9501825387964236 -0.1913982723128112
v 0.24761804866359724 1.9312088613508547 0.22224993863967873
v 0.065996570790014197 1.9610874573327497 0.16562035893569954
v 0.32127439841903432 -1.9543286100281507 -0.15647464036031394
v 0.33646858246703298 -1.9529024648963871 0.15666351784572316
v 0.424543012143483 -1.8824409151615669 -0.29916164793849009
v 0.32247316497972772 -1.7781807065543309 -0.43127587727148731
v 0.27993693551971804 -1.8792699780321029 0.32082194382900181
v 0.40038037579767349 -1.7455002643120023 0.45938501803655724
v 0.27282165705683714 -1.5350819353054068 -0.62571955545339819
v 0.40677571841327126 -1.5571464724359676 0.60232070363339074
v 0.33334205004652046 -1.4141572931088449 -0.69338177485917596
v 0.19803541854122664 -1.2482921923981944 0.77079845760775179
v 0.29356044488274924 -1.0839377174369478 -0.82737095887960777
v 0.27123010745154824 -0.88028624218433515 -0.88925226299976334
v 0.25707559842590866 -1.0153044201739561 0.84983233223142696
v 0.4318325551431762 -0.75305077613708737 -0.91310800301559714
v 0.24988792110937771 -0.81649432612267381 0.90579308052468333
v 0.30860753723802797 -0.47320684656153822 0.961701520038029
v 0.32749272182973233 -0.38559934087956943 -0.96962292906881686
v 0.42128188724303278 -0.31224017639156865 0.97279043816591471
v 0.35030924402964581 -0.19341887819472237 -0.98219172914472863
v 0.33007045422132242 -0.14209126617270759 0.98565761151508824
v 0.28245060821573759 0.024809056300104347 -0.98925053070178182
v 0.31646256489625019 0.17650301703831883 0.98454181905292193
v 0.22825079108183663 0.22758299907300994 -0.98417786194521129
v 0.33574449713878246 0.57725812358883666 -0.94673760313078981
v 0.35434850892792585 0.48607633348784307 0.95838163927029196
v 0.29594503746213696 0.80296849410248694 -0.90789517418659782
v 0.43365630690191448 0.81331684424235673 0.8979401664471276
v 0.35568731037601603 1.0168142570073035 -0.84524449229471343
v 0.35264836192856935 0.98919343406083038 0.85404482993478881
v 0.23288015005979318 1.1235664460929653 -0.81660270326336382
v 0.30190160346150824 1.2890553633591957 0.75262709669403516
v 0.33755424230850489 1.5703747003711774 -0.5986294017584185
v 0.3329268044809745 1.469747916381555 0.6609846702142097
v 0.28667161520110174 1.7291250207733144 -0.48866476477673776
v 0.2598170929940809 1.7250254749013574 0.49425622854908474
v 0.32850241540603364 1.9300098333264042 -0.21347393689815009
v 0.46398707261347827 1.9634165686021579 -0.069656365825184252
v 0.41943786182211601 1.8834757660629962 0.29796771125946614
v 0.42622789992143023 1.9588043080909456 0.12196239486946066
v 0.53381260164446764 -1.9551147635381596 -0.1046553758672162
v 0.51450656372447212 -1.9531800124568084 0.11592759954392601
v 0.62253465988957535 -1.8610710471638059 -0.29076453162799587
v 0.50509519540455516 -1.7614358224502513 -0.42982253517470703
v 0.46776305988185529 -1.8799877060028025 0.29507691349273796
v 0.61015828439424125 -1.7691164175086103 0.40395517791511082
v 0.57408241775293578 -1.6197542736609249 -0.54582321634269282
v 0.44364209065178811 -1.5064551202335317 -0.6313710023249407
v 0.58253805960949534 -1.6273150628171749 0.53984317447668617
v 0.58898597767402361 -1.4523101080569978 0.64927153090622103
v 0.47162941606004394 -1.35375487055439 -0.71735118813818888
v 0.4106047979117215 -1.3620349871479385 0.71711889369230708
v 0.47630012396599508 -1.1743554871389703 -0.78606798929076172
v 0.43256517464503574 -1.1418758619381486 0.80067756814778979
v 0.48687001994245266 -0.96056100781173903 -0.85553570435908077
v 0.60684433444273489 -0.68280850345408939 0.91629391741467003
v 0.61082769607450615 -0.4976698689158861 -0.94358713042226516
v 0.51136039329674121 -0.4940251746853454 0.95058275336383691
v 0.4926327496891123 -0.35198840454020092 -0.96564446590900355
v 0.62111477786672198 -0.32747883916319925 0.95992042794471955
v 0.56980630824046374 -0.17409675955825615 -0.97207791607589755
v 0.52873510335142893 -0.14928011259299909 0.97605682875009614
v 0.48908758807069336 -0.0095898212441724098 -0.98059270583631386
v 0.50527088661513309 0.17962186881151626 0.97599439549897837
v 0.62405925270560791 0.35390190214400075 -0.9570818233240469
v 0.50547938071392529 0.44093146605408173 0.95617919837873488
v 0.51027706123147409 0.69817062158510201 -0.92084210381392329
v 0.52235080072064721 0.61150618649017485 0.93303685311221751
v 0.55166075942068615 0.96820941037076058 0.84839451864981708
v 0.37514681780877807 1.1971760262590971 -0.78312991524055953
v 0.66340337884315259 1.2429237240847644 0.7457047391315107
v 0.36372387811658291 1.3874743120710491 -0.70669634134825599
v 0.49903281818237927 1.3544729713280805 0.71551460782068066
v 0.57052453539074843 1.4901844819914998 -0.62922941747590322
v 0.53013167463856747 1.5252331894964994 0.61327243373711793
v 0.48478738144451355 1.6819838007235186 -0.51331717640233865
v 0.61014584271937389 1.7765149221695262 -0.39563393378405837
v 0.56078813900295843 1.6819339333754382 0.50366883710819543
v 0.40866107821404607 1.7647379437891104 0.43682255057854719
v 0.53745457325323454 1.8931574531154549 -0.2469301471155661
v 0.66818860963831295 1.9353889977201195 -0.10833115962671055
v 0.58364307510334645 1.8083761640187548 0.36420716463968089
v 0.59669279411350007 1.9047162349835065 0.20117681429236117
v 0.58983047686101875 1.9486915373255604 0.044626646887115165
v 0.75431464080783928 -1.9119272663758471 -0.12796371959235689
v 0.69558922287196367 -1.9341253557448439 0.063206948210020347
v 0.81442761073856673 -1.8241102064831334 -0.29883522882619434
v 0.69496671384586239 -1.7334764913606884 -0.42976318331579488
v 0.80897687818386155 -1.873654080739195 0.189784059552147
v 0.82028666139858897 -1.7751168207075818 0.35629438664260599
v 0.78929387663324413 -1.5753789584213824 -0.54871629542874123
v 0.73358410407335883 -1.6709721738996326 0.48475913630628753
v 0.75211969564507897 -1.5323217948699523 0.58292835720201552
v 0.63836488075764275 -1.2780172094629179 -0.73463122362182898
v 0.77141314192923938 -1.3607033388827066 0.68032329735384756
v 0.65084473570314483 -1.0934902018281303 -0.80097893996251746
v 0.79315251082206595 -1.1829893997247272 0.75517693875338321
v 0.67113537074407692 -0.93670406697463304 -0.84828372085082437
v 0.72065619683407867 -0.86197640893629557 0.86380798700658401
v 0.71661388182602714 -0.64974656742656234 -0.91328089681732616
v 0.71611894491541928 -0.50418523120132441 0.93587543914588922
v 0.68306184727424701 -0.32246347691453953 -0.95629215954241709
v 0.75117083426470688 -0.14952463341985772 -0.9603958846483347
v 0.73035208953589181 -0.16772973481652523 0.96133618466550719
v 0.79834856153507583 0.023972496824702857 -0.95857649974563497
v 0.64208469530204215 0.030666245406540803 0.97086215410004528
v 0.8270614960125986 0.21888429123773734 -0.95018206515762815
v 0.74122029951472357 0.31034792462046945 0.95302793828403654
v 0.6577287374740578 0.45785027071857232 0.94444235414869315
v 0.69115144527732697 0.58311155185917263 -0.92604267200308921
v 0.75465138189368541 0.61567391576125485 0.9154431301081648
v 0.70342982131946841 0.98281785830718604 -0.83118195684478557
v 0.65051604034969723 1.0919712488792732 0.80148100403848932
v 0.7244775160970931 1.1590940694481833 -0.77176824257652865
v 0.81514275208445541 1.1301350342048393 0.77255396568307577
v 0.75661702937358266 1.3401291233109214 -0.69451693977896756
v 0.69327278579258966 1.415730722537988 0.65902208266802487
v 0.79956839607350949 1.5028030969706512 -0.59326062304043237
v 0.72146123198552758 1.5803509025204177 0.55545094671793516
v 0.68749832869966498 1.6418028198655377 -0.51852241765664753
v 0.80045686084996936 1.7296330271693603 -0.41123767041953535
v 0.74510424844976242 1.7231283790227783 0.4300428990994965
v 0.73921258722068839 1.8490043496673834 -0.2762523060029114
v 0.78723578044866649 1.9169456155525941 0.071323329428947591
v 0.76947422798593224 1.8419814005133888 0.27860432348151309
v 0.99092279155910512 -1.76765013355036 -0.3227444116243473
v 0.85837524992160219 -1.709926688525 -0.41807325593686623
v 0.9530353074345761 -1.8610532295228239 -0.15025801062246477
v 0.88810061108152683 -1.8970216983905475 0.038005371495638846
v 0.98012284985541687 -1.8265548643899725 0.21283069749313518
v 0.99856464723816518 -1.6245654613487481 -0.46782587813724907
v 0.89873496591120772 -1.6192457809889149 0.49978533769748312
v 0.93481233732270819 -1.4449290285548397 0.60637528312073985
v 0.94266743885915094 -1.2939172163150872 -0.69029307550043673
v 0.9462035972245153 -1.2707650865024633 0.70121429626501453
v 1.0115373668019958 -1.1157782839401256 -0.75311114858929529
v 0.94002769869814484 -1.1244646041307229 0.76020259534381029
v 0.81848703649493659 -1.0090610827456081 -0.81049836677067788
v 0.84248908245476861 -1.012009534494116 0.80691008160373234
v 0.92991147833391496 -0.65755708609720354 -0.88779602130472823
v 0.82042429134792838 -0.67665238506203162 0.89670156606379758
v 0.80045403596441145 -0.47798108712142884 -0.93099940101619061
v 0.91579655816068239 -0.49989285104334091 0.91855555598433092
v 0.86959155037409241 -0.29509271026112988 -0.9425911949298813
v 0.81379003316890286 -0.34139422856149515 0.94347266489845139
v 0.93252722387503328 -0.11335377433763644 -0.9457691957051666
v 0.91950996374110006 -0.19879355447501423 0.94294356893540143
v 0.9876033001266421 0.07629212409040266 -0.94021527957776541
v 0.97892594169466385 0.11154341284961969 0.94070430068849742
v 0.91523236873342595 0.28145736122604625 0.93921600074969469
v 0.86894566504409043 0.43812521417681483 -0.92889684350356949
v 0.8429931456774199 0.44583867449550052 0.93043238808207163
v 0.92089740498697858 0.68349640263585409 -0.88418435408525031
v 0.89429535126286175 0.78922409948837924 0.86270282498758721
v 0.87112728898213065 0.89664250529423706 -0.83842245267842619
v 0.95745820264899595 0.99488246947379522 0.79840208563127346
v 0.92934722596823471 1.1984445661904211 -0.73394350856168866
v 1.0098426337660675 1.1785082250488559 0.73023971874007654
v 0.85518480466916857 1.3035818759117115 0.69932113935695051
v 0.97972364534953471 1.5312093948627714 -0.54767839805018859
v 0.85049163939036332 1.6206932474971461 -0.50905861041610656
v 0.93348640351614742 1.7946218009371437 -0.30835583804837075
v 0.90601164055955918 1.631007034340781 0.48640704553487246
v 0.92424956967493799 1.754660913736545 0.35587762332715805
v 0.87345046997654108 1.883469269190873 -0.13904495585023657
v 0.96233749015052872 1.8399191810175657 0.19264174047265509
v 1.1682172713107202 -1.6874564405276324 -0.35526648717605036
v 1.2604628909093731 -1.7997595465584724 -0.075395827792881898
v 1.1094553050595874 -1.8438608720185448 0.024410163133287366
v 1.1882792942538731 -1.762409606842505 0.23420057845779083
v 1.2008940696364183 -1.50729659822495 -0.51781443223491141
v 1.0978107171037996 -1.5393621017223951 0.52037528389298326
v 1.115996459900946 -1.3082354969539052 -0.65103596832143595
v 1.1396426093085723 -1.3368114516424945 0.63087553670308738
v 1.2343360179587484 -1.1440194436390492 -0.70708529762123717
v 1.0899193004189924 -1.1537358583785948 0.72840759698407398
v 1.1754871045287234 -0.9520239463665976 -0.78004030092628596
v 1.1274048899006563 -0.83581837089963551 0.81920893469527656
v 1.1339909228011107 -0.74602400633179533 -0.84055985368716091
v 1.0275530435008742 -0.66310075657814593 0.8731952545941406
v 1.0985187231881723 -0.57411411742602669 -0.8800239050341494
v 1.1300512353295213 -0.45818464466273184 0.89391877702096856
v 0.98868811178045446 -0.44939519423022334 -0.91486239925511592
v 1.0985518571201303 -0.24592525104254892 0.92069344039824363
v 1.12701072103525 -0.079569865933947839 -0.92462419411139984
v 1.2290670876361516 -0.10566905802466031 0.9089522463649391
v 1.1651599478691841 0.074195375586380577 0.91953763053354187
v 1.0417087705791146 0.28062787267097156 -0.9252742078213797
v 1.0989131586378582 0.2484198463473859 0.92052856601992084
v 1.0973486916420625 0.49926478894536064 -0.89353695271272249
v 1.1465821027152527 0.55723600465700107 0.87584271726837448
v 1.1576654482286468 0.71205728441709271 -0.84496650306112497
v 1.0750423323260401 0.7029715661743795 0.85912374323579599
v 1.2074797439954388 0.93104982105131517 -0.78126260850952578
v 1.1100173736347752 0.86037800373782447 0.81562162347568001
v 1.1316178076560721 1.1384368845284987 -0.72809856317092558
v 1.160670694720731 1.0448983183281091 0.75348646132297892
v 1.0739740451936202 1.2829021114273298 -0.67148458973422842
v 1.0532540706521778 1.3550668380805764 0.63686123991045474
v 1.120091591148729 1.4128185481691697 -0.59079542374830285
v 1.0981213045672717 1.5395409894033629 0.52019850924206523
v 1.1156760989100192 1.7212259985900507 -0.33863438209820923
v 1.2809014739760682 1.7327940752381521 0.23861245417457072
v 1.0702248558414194 1.8176285967884771 -0.18285812960427647
v 1.1588582839404777 1.8184822564497884 0.12765112371700016
v 1.4136153522619821 -1.7500805585025347 -0.072634014328053984
v 1.3059379781992027 -1.7345154325618373 -0.2184787367117775
v 1.3189863273276583 -1.7824192691012026 0.079576262123453673
v 1.3947950536079528 -1.6862512393917877 0.2481841348501487
v 1.3588870700594222 -1.6145854083059614 -0.36278333882512498
v 1.4373977854507711 -1.4598465783313439 -0.47814451560450222
v 1.2534439774580435 -1.6205375520229452 0.39377647363162971
v 1.3265393939981653 -1.3126279761379516 -0.60229106700179458
v 1.2991457330386178 -1.4543863621420121 0.52684503363835866
v 1.328278162566142 -1.3026002890135957 0.60685411871301564
v 1.3402775455459706 -1.0048666535328672 -0.73568002217558892
v 1.4033891170738704 -1.0212478768404158 0.71828919542822178
v 1.2714600393549425 -1.1707935089097328 0.68544848245340795
v 1.353867777238664 -0.80750493307198812 -0.78778411390158243
v 1.3299837900085572 -0.84087755096164873 0.78408506805724365
v 1.440630801429341 -0.66810546135471749 0.80287712798563671
v 1.2655578143137673 -0.59544878814365609 -0.84884853509820757
v 1.2515108478206296 -0.24492549332903812 -0.89650809246100249
v 1.2881663287432084 -0.2944051974155702 0.88730636413516439
v 1.3316171003452599 -0.054563221448766942 -0.89194605135009974
v 1.3533254021173788 0.041599300345973811 0.88772499267218774
v 1.2845123083153549 0.21659763855667802 0.89277833996848754
v 1.2639051080237631 0.32731749221946571 -0.88796819229400303
v 1.3998764153835186 0.35801851948743457 0.85943129590503042
v 1.3342035632390008 0.52791086994175929 0.84985779907924353
v 1.3570851531966752 0.74953894371267571 -0.80165001036068606
v 1.4224298797667119 0.79991706741831048 0.77634956037899272
v 1.3047553931538902 0.91008367312550542 0.77108419192993671
v 1.5265684774963784 1.0862792539931596 -0.66059189225624548
v 1.3665163275350856 1.0910639879755026 0.70009325493875274
v 1.2316305036678672 1.2724183611916742 -0.64348706424289837
v 1.2507000308725031 1.3939932615915616 0.57284005388525805
v 1.3769465742306795 1.5513811382789975 -0.41896446834104434
v 1.3093000929422574 1.5321226821550964 0.46357263833807394
v 1.2672451652669927 1.6576160820489327 -0.35209754766932594
v 1.2490237732339737 1.7480041465239216 -0.22611654485453642
v 1.3956188160566252 1.751030924607381 -0.11389979852812643
v 1.3827964191142159 1.6310412884576384 0.3370293784854726
v 1.3472108390141506 1.7730352050573406 0.069998780846751901
v 1.473714623093328 -1.6706063182100623 -0.21809208983608525
v 1.5056854545197038 -1.7161988538545825 0.084829280552083566
v 1.5467102018661925 -1.563685976658806 -0.33974611049363457
v 1.4798897666745903 -1.5279774090926521 0.40200537932353886
v 1.5342775270521183 -1.2901852436775767 -0.55951864754561786
v 1.4753394112918143 -1.3527876375597983 0.54144536858664649
v 1.6230002352611725 -1.1143885198819408 -0.62045709462789134
v 1.5883573000314266 -1.0535156178129033 0.65608537722473004
v 1.5074510176475211 -0.96730781404192212 -0.71491120660787455
v 1.5547216103409482 -0.84660765219202583 0.73828381753382366
v 1.5836160851399517 -0.77700264133587804 -0.74926407584808208
v 1.6062815886390525 -0.66019721185896529 0.77004812326028271
v 1.5659459942469116 -0.41093424341233176 -0.81954403037573209
v 1.5512794154019764 -0.50732673227082636 0.81075420901173934
v 1.4868791839826652 -0.32567506500227594 0.84655702271028566
v 1.5432114840180899 -0.03911949311432919 -0.85045272010482365
v 1.5452641216493421 0.016716341210064919 0.84999657840898979
v 1.636010392371682 0.15720768903466498 -0.82638281092643362
v 1.658427597128423 0.17587471805364174 0.82023452055569401
v 1.5075590800119416 0.37086619567910462 -0.83688704048110052
v 1.5780152165470098 0.33583354372973079 0.82624956843603536
v 1.5091460723111427 0.60367507514826291 -0.80163541161677443
v 1.6649907920520937 0.46155892270058096 0.79120599039688266
v 1.5188748221188921 0.7734518188484476 -0.76421268928631214
v 1.5829563490395002 0.77912919518138879 0.74887904540902694
v 1.6389528033003553 0.89596854609922971 -0.70487216347430115
v 1.4983067699719808 0.9416743137236081 0.7246997236164805
v 1.4090321746912677 1.2733887288741987 0.60052367341694068
v 1.5143654049482937 1.4114412864688644 -0.49056729395735754
v 1.4140510670613669 1.4220900668960019 0.5169085222002735
v 1.4091453218288479 1.6654345876904901 -0.27865611852538058
v 1.4843193359043627 1.5159123740951872 0.41083967469029808
v 1.5299461101576146 1.7067641544398393 0.018256619080413636
v 1.6500547798899861 1.6225326589119768 0.16381456036907432
v 1.5320863482944513 1.6084953831580979 0.2967499399617527
v 1.7255032399306216 -1.5292300836797001 -0.28300887271516501
v 1.7418924825916344 -1.6075976998077632 -0.1112511200604125
v 1.6825737252117088 -1.6389666663458167 0.066426401619830322
v 1.7657158384228855 -1.5455421039332065 0.21153895597827549
v 1.7389212678627348 -1.2583692748743192 -0.51463487947329678
v 1.639515171903196 -1.418767314509696 -0.42943750299443234
v 1.8263073401100101 -1.2370330644092644 0.48915940011877224
v 1.6504233597196989 -1.3832614387015154 0.455657060852589
v 1.9430169296759725 -1.2100902968733049 -0.45077604657265563
v 1.8226014176535223 -1.0770311874343712 -0.57362572391655275
v 1.73864977559241 -1.0976324511901918 0.59302574470533187
v 1.7047381673152973 -0.93434077044523767 -0.67125834369196224
v 1.7480809103714336 -0.93172617338836206 0.65900964886308633
v 1.7877130623859607 -0.75450329780045289 -0.70598645892501244
v 1.7515039684791669 -0.73390600980388365 0.72226286824102881
v 1.7716004350501249 -0.40323189929871778 -0.77378065439202237
v 1.7292832536628819 -0.54202217402748509 0.76487223951505645
v 1.6800669610343324 -0.35548421958919607 0.801115068511975
v 1.76005687830348 -0.031039507894342747 -0.80156032690939072
v 1.7451954666227285 0.00052717179654908353 0.80527567982957871
v 1.8717160228033412 0.17820684744472562 -0.76888516383953831
v 1.7139984012920482 0.32060596001680547 -0.79793453090125366
v 1.7565227187786985 0.33794274311955608 0.78571122798227433
v 1.838544113526988 0.59578022724248147 -0.72762768467922201
v 1.7742304525275618 0.74211067522996077 0.71453008087241077
v 1.7985599124843332 0.92983403343691251 -0.64297170647189039
v 1.697689419254254 0.92404228576843694 0.67763789691797549
v 1.7188548631802569 1.06519744798158 -0.61255200335109083
v 1.7993624608217775 1.2351822052216419 0.50401998415360538
v 1.8296901016583293 1.1959858571850697 -0.51557031038605672
v 1.7492565299105867 1.3914055214743755 -0.40379609876596601
v 1.8017040789274925 1.3959053820394405 0.37363494626308119
v 1.6001450197487557 1.3648421121208236 0.49411990048666909
v 1.7434973413537336 1.5531243388319651 -0.21859298324991025
v 1.6526048396881405 1.5165316549222019 0.33807607500684766
v 1.7039653427516628 1.6294592807725037 -0.03373959100066358
v 1.916340355114112 -1.4852087058028949 -0.17023035077390586
v 1.8594467376216623 -1.5534257241596905 0.038124737377646101
v 1.8395746685538099 -1.3819988417454607 -0.36686787420715478
v 1.939044763237592 -1.4553254848655979 0.19979166228697209
v 1.812040080014951 -1.4171250936680491 0.34989969804431925
v 1.8960263656053411 -1.0313676593493453 0.56817721130137411
v 1.8956549823347884 -0.900659209834621 -0.62128718159734719
v 1.8795675578714803 -0.57668982890927989 -0.72095127328057407
v 1.9771347234163803 -0.73604713269114286 -0.64757724868418709
v 1.9448279985113814 -0.81240010112503436 0.63409171287474142
v 1.9090895373958756 -0.59601165680848445 0.70850200946259445
v 2.0565377584181452 -0.44596073045091428 0.68715015669741653
v 1.976948065385427 -0.39874002773677863 -0.72194488199840201
v 2.0216773825157759 -0.23903515984350193 0.72529022460007009
v 2.0738017572419651 -0.222236674581548 -0.71105294450402212
v 1.9733775011882475 -0.0052285744362628797 0.74726900477197211
v 1.9756111633166713 -0.038892262264306449 -0.74664854306963213
v 2.0153822494267439 0.19008104920883523 0.73009850459502357
v 2.0481446146610121 0.31821389331206679 -0.71154986798245901
v 1.9454939451464996 0.3443881781268881 0.7374761188215625
v 2.0158777749001691 0.51298207676140195 -0.69080768587307884
v 1.835198640800227 0.53215346947995867 0.74039406994138524
v 1.9802704729979028 0.69960216631906069 -0.65734055307709605
v 1.9808200497730244 0.70829353906077208 0.65496416293791959
v 1.9415459664037447 0.87308609052363562 -0.61507861718914714
v 1.9768595951079182 0.99813277913105181 0.55367014656169899
v 1.8899318470415769 1.0304058433957497 -0.57060947413662699
v 1.9692538223522473 1.1374541287531075 0.4906771211759845
v 1.9355133008615468 1.4381913503641153 -0.23333777704433545
v 1.9599759354085391 1.2857776830844863 0.38458883706284369
v 1.8744241843369069 1.5459370008020681 -0.063989756717596685
v 1.8042341691360064 1.5810320084025185 0.081006745055272514
v 1.9431222691460504 1.5085942184884167 0.10117894211572562
v 1.9551754532676615 1.4143815773188788 0.2535205115714313
v 2.0412409527605893 -1.3353008038433956 -0.29628353238360638
v 2.0909509165026594 -1.3976649809995234 -0.13191292931363902
v 2.1134650735214682 -1.3537055248566052 0.18382624754284682
v 1.9898968671359296 -1.3139004469473283 0.34687402431716169
v 2.0215923415756021 -1.0266190240436237 -0.52523319397120738
v 2.1697301630557275 -1.1450056121970793 -0.37214481819115069
v 2.1679291373487581 -1.2084894554291998 0.32563256258798601
v 2.1945519969258553 -1.0375397147292895 0.42696168470798529
v 2.2142037185478762 -0.9257461069282753 -0.48482330414793989
v 2.0728610669696916 -0.95562689967715286 0.53582482897794459
v 2.1602399857160934 -0.74082002857132134 -0.57752571058130975
v 2.138373029384582 -0.79152370732444277 0.56936716604041981
v 2.0791682618815366 -0.57087277902432454 -0.65289408920313807
v 2.2290195547635738 -0.50450267006503124 0.61031981952614844
v 2.2603810386088181 -0.21845867768064631 -0.63791160315612683
v 2.1722626675589645 -0.059234138665483133 -0.68351316869668777
v 2.1815922576256828 -0.091952022924857726 0.67971222459543235
v 2.1001805442375878 0.12242515997383482 -0.70960064961184177
v 2.1918703104661308 0.43659243534984249 -0.63677306928504551
v 2.1331404855141125 0.31347235196905843 0.68086017270514565
v 2.158301949836305 0.62494534996816742 -0.60949514326247922
v 2.0687562961462223 0.51005000825050972 0.6719432260537519
v 2.2301164922258891 0.92038601121309904 -0.47844889116669487
v 2.1117684286409393 1.0352350282313765 0.47726492137572951
v 2.1671176149026961 1.1190807303451717 -0.39276400562887875
v 2.1086900208520416 1.1835984525993233 0.37860432356921481
v 2.1543216610917715 1.3126206869328052 -0.20557718881062254
v 2.192739081936145 1.3469402459817532 0.0084971598563831213
v 2.2305770917281973 1.2193370773957768 0.25230152122720062
v 2.0811620990432567 1.4063327258937242 0.12762083959256854
v 2.0956393778603704 1.3154811972504976 0.26776279561726629
v 2.1941672966313512 -1.3459427627025613 0.0018718930672297351
v 2.2810114216043083 -1.2415028343570158 0.15741092704787263
v 2.3460649965380314 -1.1476446355504293 -0.21868830033875791
v 2.3438194143827782 -1.227239358499898 -0.036689806509512313
v 2.3380828252905284 -1.092658646904731 0.30347568721581036
v 2.331013754281992 -0.76332878033883478 -0.4955704017149436
v 2.3473088580636188 -1.0164294424280627 -0.34678362961465153
v 2.335680073769359 -0.91987390091163124 0.41425788249521395
v 2.2104850353989516 -0.90030160158997596 0.5007404304067864
v 2.4364900891243293 -0.6564384424598555 -0.4723518285162101
v 2.2900436349582365 -0.77704366111474743 0.51256819819040578
v 2.2949324220641363 -0.5741845136371776 -0.5665210858820362
v 2.3614836352413078 -0.60913931694146495 0.53013022932707587
v 2.3720473908457826 -0.37091534808745114 -0.57338382458760151
v 2.4293778961413235 -0.36915587840549657 0.54819684495879828
v 2.3285370156489997 -0.074272370918213065 -0.61984584169704393
v 2.3384529784193124 -0.16821407140612707 0.6102915670895428
v 2.401686551332042 0.21500046833402503 -0.5786031792765931
v 2.360562428549339 0.039318999222505702 0.60629387151397485
v 2.3352470754730112 0.36510103753662182 -0.59027554614000122
v 2.3097649189952918 0.25090060012867799 0.61508875094282001
v 2.3579192479655742 0.54441289324533804 -0.54789600737365596
v 2.2747213035110381 0.45475588889267371 0.59999171875035229
v 2.2849480006347322 0.74563931305024378 -0.52511231338074194
v 2.2227691273484709 0.69377961808705246 0.56602217057965343
v 2.3679646072898679 0.84632838385669984 -0.43032142135232765
v 2.4061943500993301 0.97128718838408634 0.33574054370166256
v 2.2554992562369915 0.91299747058930636 0.46688380539498558
v 2.3602719090061672 0.99244654251432018 -0.35313090809904157
v 2.3398905649278881 1.1541878960888374 -0.21641993705465468
v 2.3774805593904889 1.1232063240021166 0.21355543707708055
v 2.3055239631383961 1.2584430595138392 -0.068495058175156526
v 2.3103587032365573 1.2545036416560782 0.099593733415065
v 2.1889412772134307 1.3178771708649999 0.15537959876363608
v 2.4808494545238817 -1.1023093346756601 -0.083761235230451106
v 2.4483947910348753 -1.122030672985793 0.12066202809087316
v 2.4876889967062441 -0.92275940350061181 -0.31174064484922487
v 2.5705890893060146 -0.96274790311089398 -0.15466546150156132
v 2.5869025231995475 -0.98599654008505822 0.046291067670010469
v 2.5114079401217113 -0.93331115232209372 0.27254389680471641
v 2.475028267057291 -0.77990232970159412 -0.39215867525159859
v 2.6144757170096469 -0.72100797938073935 0.32511558884121183
v 2.4903052648463242 -0.51275905545851619 -0.49035481482704907
v 2.5759953191531331 -0.64479195999845762 -0.38232827769837213
v 2.6829469033496447 -0.53544880838165854 0.34608914874608016
v 2.5273020521737153 -0.57074202717583744 0.44394667554812595
v 2.5589749021130173 -0.33303349393491943 -0.48938390242784424
v 2.6024673983243831 -0.41875930805893125 0.43654120163307647
v 2.6164697318879591 -0.14429211196080099 -0.474816412067678
v 2.500783593017581 -0.12225639651692313 0.54228872229000147
v 2.5826340966253625 0.20199832240601046 -0.49203998345167982
v 2.5559211215392534 0.075481975660399131 0.51928627783786518
v 2.489069531457524 0.3746643398576604 -0.52074915235401487
v 2.5961245908396253 0.25920147583440684 0.475146454562829
v 2.5565643772405471 0.541468610264631 -0.43510799189653632
v 2.6130508252542488 0.45531736692493796 0.41975810080056059
v 2.4544348014478476 0.3691442516119941 0.53706238039925991
v 2.4524379664605478 0.70955565956558686 -0.44180095387741486
v 2.6198561658668122 0.6851506250005952 0.33551650014046908
v 2.5001037053797734 0.85931109207765088 -0.33573733518191518
v 2.5400578934685947 0.86942768728203268 0.30196337539476209
v 2.5003065655374122 1.006621878842382 -0.19570732143342073
v 2.4500471901309537 1.1330457327331813 -0.0017022169542467158
v 2.5229383644746375 0.99887347050138175 0.1752170999433707
v 2.6896793209037915 -0.85444846390994278 -0.056317833148326307
v 2.6249035776916876 -0.79761879800045887 -0.25243544465349799
v 2.7515379927656216 -0.73177073953860605 -0.13536712578633503
v 2.7823042004554708 -0.71763450904205628 0.027163794329779861
v 2.8568955213104683 -0.56404284922454584 0.077592343377777373
v 2.7522548296530918 -0.64691775732588619 0.2023426876994186
v 2.7271561422396706 -0.62226319678736364 -0.25708726770047485
v 2.8126661344481247 -0.47216954648551185 0.23023842804655562
v 2.7320456590524493 -0.28920416119699699 -0.37323090296102152
v 2.7722305344015981 -0.18303261158602077 0.35652835371104857
v 2.7793511505362534 -0.10087205310099781 -0.36111407112486421
v 2.8098871054756049 -0.0071719043833819301 0.33736388394981298
v 2.8078211714356707 0.053412535591747454 -0.33897072153642838
v 2.7100793006049559 0.12414790308682419 0.40972752743687169
v 2.7472233785911029 0.19737366457787095 -0.37374802870494023
v 2.7516748104786979 0.31008233483586273 0.35594953616072744
v 2.729104627624801 0.53652902181852158 -0.31234793450853243
v 2.7758516442558001 0.50565749720230668 0.27076143743177411
v 2.6171945105052408 0.70475797078952962 -0.33008605211964248
v 2.7483171166712812 0.68566711438102801 -0.1789684775484551
v 2.7727488948653662 0.68103736068930365 0.14518968497589876
v 2.7310076646513495 0.79475196738569232 -0.017718146088331568
v 2.609291518998186 0.96012481160663166 -0.012171692378935339
v 2.8949069335814666 -0.47270450595516511 -0.045418830769919594
v 2.8773318103224628 -0.22173356489220758 -0.23376814646128036
v 2.9429969560536255 -0.32309110270844882 -0.070810639637882672
v 2.9615876911232379 -0.22331561926911661 0.098163511497596639
v 2.8613532369435832 -0.29640965683504072 0.239954682064941
v 2.8995975211490688 -0.027522464159528272 -0.22905578342797894
v 2.979778911564626 0.075427390233871461 -0.070593014507541435
v 2.8934362325443717 -0.12032991494208783 0.23406773549250753
v 2.8858406961682501 0.1636853651898614 -0.23504415173786458
v 2.9600708507075302 0.15211450722439618 0.1223691616972236
v 2.9053392352588374 0.029910859349233307 0.2201242281461171
v 2.8245376134073856 0.35501397322624395 -0.27034946962845097
v 2.945892863483405 0.31408161292691283 -0.055276588684219086
v 2.8850485382922155 0.33263807133439877 0.18740931519797138
v 2.8534864588269451 0.15929744674479832 0.28646994499116019
v 2.8533342481446966 0.52059168053466154 -0.1401689511018118
v 2.8805803911664616 0.51491867470841279 0.071682455279651863
v -2.9752021472721766 -0.051890900620230523 0.10966875681394607
v -2.7877099209624214 -0.70753890920567997 0.066087209372781647
v -2.8463605339843143 -0.47313017992026685 -0.17734460093955051
v -2.910455796002501 -0.42433026731194773 -0.01165724155547429
v -2.7877233543236586 -0.46553329317705239 0.27235643489439992
v -2.6660298099606119 -0.35095222208454208 -0.40758678694495332
v -2.9108628590961287 -0.19291287408719002 0.18881390995905459
v -2.5664979316565941 -0.469164775240072 0.44991778298675028
v -2.6060949099273607 -0.1749982580171725 -0.47847107078217466
v -2.9326828260877273 0.1367309151868778 -0.16891722880831267
v -2.683240957352802 0.066437717568621935 0.43187416118624178
v -2.6447378364498406 0.26759934578701383 0.43898715454470899
v -2.866446862702948 0.33583237219112161 -0.21474810457513693
v -2.8019448404200382 0.4940363268870217 0.23598260633393553
v -2.8277126153153671 0.6245703579551275 0.025451808128148637
v -2.6673182617342275 0.70926682502748517 -0.27826704058380153
v -2.6822571464462395 -0.80658894246440416 -0.16062125643297798
v -2.5497361497745445 -0.93481906635508649 0.2195547247263637
v -2.3325036159181192 -0.62087159635448486 0.53954253252145712
v -2.4866982761015382 -0.1519919945593742 0.54607089663803832
v -2.3988668887263658 0.068012993428998164 -0.5892696669908517
v -2.4099643888131292 0.25286702769615571 -0.57176859378259892
v -2.4214219862096402 0.018835154111758852 0.57924517922050778
v -2.4224381742502734 0.63149512791415741 -0.49107351472021721
v -2.4323792972831515 0.86914506539605496 0.37596995392046106
v -2.3922715013172113 0.81391364281641132 -0.43032419585424297
v -2.4624463321461931 -1.0182313286492755 -0.2316758203630962
v -2.4628990663140495 -0.87560569251206588 -0.35239312767519043
v -2.2579195675867392 -0.969166199175865 0.43097050541389115
v -2.156561119673825 -0.852512139764524 -0.54179380412672196
v -2.2725756474397776 -0.71329220199302834 -0.54085247938077519
v -2.2920891959783507 -0.38100692544496534 -0.60520740461606493
v -2.1978588958174283 -0.27866775331910842 0.65836616428645078
v -2.2304754841666043 -0.022892262170545616 -0.65979683600468642
v -2.2477970512371472 0.06299836745007989 0.65273990127224313
v -2.1140982170144813 0.289617543039563 -0.69051325740195935
v -2.1866052607874074 0.25870624555567534 0.66461443753822691
v -2.1295737199638398 0.63239412247804661 -0.61884506516107674
v -2.162094989517195 0.75662807343155392 0.57150062000522794
v -2.0337694513731632 -1.4510404519950113 -0.051435019062405718
v -2.0137542864135511 -1.4471990699524191 0.13100230707841373
v -2.1905257200939272 -1.1505566290893698 -0.35527315955414418
v -2.0529459240753596 -1.1032680344581522 0.46742346168709448
v -1.9894369222019896 -0.62409658569977855 -0.67282196704521791
v -1.9776459315569217 0.70756042483559223 -0.65632304083351178
v -2.0607266360046999 0.92868699192312931 0.55154402423285864
v -1.9884209428153492 1.2268616746153926 0.41297306152199165
v -1.9984169102928324 1.1352604543641873 -0.47612066144512744
v -2.0268114666735402 1.4554582200582642 -0.0036126240048466873
v -1.8638056395235725 -0.95309192403469267 -0.61153234304306892
v -1.7392155886817136 -0.97844047455589023 0.64250046393985627
v -1.8270780449998265 -0.7838342745469663 -0.68308780580488615
v -1.8237649366749178 -0.29268887638747082 -0.77371780856272254
v -1.8673407690117236 -0.1362396808111804 -0.7726019252020393
v -1.798215705278096 -0.24371054561440988 0.78316626208524431
v -1.7657565861032773 0.17601217725525117 -0.79551218990139649
v -1.7572085967098519 0.063443621249366131 0.80227239730779776
v -1.8661438840332039 0.1696633208489772 0.77081216894430693
v -1.8584485816511531 0.49150849032443239 0.74103404386355098
v -1.8141856235062908 0.78800270302511544 0.68599580347668165
v -1.7347538822049031 1.5984346239429938 0.13671587217668277
v -1.586101279888589 -1.6376128382865494 -0.19050175717672688
v -1.6256108372827742 -1.2264860928187293 -0.56430650142521754
v -1.6003125465390455 -0.59327387197490011 -0.78392270328854652
v -1.6090512373236072 -0.2336116961112171 0.8275984838281657
v -1.6112602643180203 0.068406853234787499 0.83533076892706126
v -1.6873728884970474 0.90391363064756503 -0.68787711004805829
v -1.5467046725669209 1.4217620049802016 0.46806625964886212
v -1.7307300545812614 1.3404501884348985 -0.45742504045296234
v -1.7684056095657448 1.5574303235255622 -0.18507274565070442
v -1.6396502685935006 1.5350073452132476 0.32711804561594487
v -1.4423815169944747 -1.2187522525473431 -0.61919578579805556
v -1.4272020435009032 -1.2170163786849877 0.62399914178312221
v -1.5646670442383237 -0.73328798930530947 0.76440363683386381
v -1.2850700937018273 -0.58987235868044596 -0.84664206905788275
v -1.3590315728252851 -0.33276179068228062 0.87053043972533128
v -1.439405299368905 -0.21541311402116187 0.86390146626736541
v -1.3500837273401749 -0.035118847846814072 -0.88835531832331061
v -1.454350480023785 0.13822671011981308 -0.86581960916163969
v -1.4446786930895521 0.4992028809220932 -0.83307169672730275
v -1.4312318250155569 0.39130899947919356 0.84917310069983098
v -1.4890815784439209 0.67877152312290645 -0.79145625698459965
v -1.3328682938565852 0.80580134321034558 -0.79229324424684167
v -1.4856041318900495 0.79812666285108191 0.76451327916348411
v -1.4472437349806033 1.2063005961807161 -0.6241610389479284
v -1.4406174195645676 1.2737999694921545 0.59212928591858893
v -1.2029985402651866 -1.6639064171820512 -0.36722275420347605
v -1.228866498702782 -1.6174017238408329 0.40510479473216265
v -1.2761676711330248 -1.0090798146664517 -0.74543024764853127
v -1.2067737147018032 -0.5699868347480509 0.86342000129521079
v -1.0968037633466747 -0.3482012259636415 -0.91249558257090801
v -1.2154533027770336 -0.38001640998515679 0.88945612844774657
v -1.2566862373723744 0.5112997176785935 -0.86610508196730573
v -1.2425772085440783 0.36674695222894138 0.88659415970609945
v -1.1860444908473138 0.69562644332327195 -0.84331744532977182
v -1.22602527119024 1.0334935465427975 0.74615802309430401
v -1.2805181652422244 1.2153928268821299 -0.66113590660336896
v -1.3582192251887972 1.769229836996969 0.020805491603952925
v -1.0306052884410088 -1.8633300119243668 -0.0015043687369753755
v -1.0462548361032591 -1.6618710795373191 0.41727298526392992
v -0.99575613749714365 -1.6702451619597136 -0.42292631912101181
v -1.0514873493026917 -1.3817160924013561 -0.62164301217694162
v -0.98369950512167692 -1.4032644659137024 0.62162643210603874
v -1.0703305526587163 -1.0298857159664334 0.77178685582319617
v -1.0240341600347713 -0.81793561938510617 -0.83817433256386009
v -0.95294563097612495 -0.79309384737530653 0.85425818238001094
v -1.0017006589867747 -0.49405522005704933 -0.90747259780366252
v -1.0563502654924761 -0.68378044567923191 0.86531819872218674
v -0.97052498836023804 0.028380711687905985 -0.94211286977403252
v -1.0433235025810521 0.17899290528803366 -0.9301765415236446
v -1.0279296940665625 1.4415090641371946 -0.59112630741180039
v -1.0375438228754383 1.6235245837246937 0.45803920697317207
v -0.98216164262421402 1.8752914059532049 0.01989566743827606
v -0.97196861049557792 1.8360985813248742 0.19588746736729465
v -0.80314593225449904 -1.8867633145642082 -0.16287981497002868
v -0.8546763542517315 -1.9036240207272972 -0.023290035964027844
v -0.84585487242841584 -1.3710801038626694 -0.66324177993047262
v -0.79703973535192851 -0.97060867995407019 0.82489777610336779
v -0.81516057867240244 -0.82779242848645451 0.86185349524811938
v -0.7553421018952049 -0.51391002434306476 0.93123115985354699
v -0.80391373195316174 -0.19807830392137687 -0.95327994355095169
v -0.80192450000718563 -0.12742495743762558 0.95698943149255933
v -0.82320076415138788 -0.029734326532183705 -0.95636741506862943
v -0.78151083766166252 0.82423725703298778 0.86648114822379052
v -0.7911020639956422 0.96265683997952767 -0.82804246735722198
v -0.76552717619070243 1.0262830248441803 0.81100093878756674
v -0.71792769401668322 1.3541916381430341 -0.69204555951310909
v -0.81010946464888378 1.3375318351029661 0.68810721934097097
v -0.80028054914013536 1.8544603005036095 0.23683510021275911
v -0.54791555685787618 -1.1618319516174136 -0.7857381389722069
v -0.59242065323072612 -1.2506642247476969 0.74871727851727987
v -0.6924280188004478 -0.99682570406458781 -0.82772132192218262
v -0.56960706651575577 -0.55729159809228357 0.93801862365222721
v -0.61017162445871564 -0.43215317746330034 -0.95018253767524319
v -0.63991370515040913 -0.23428284531797722 -0.96439478532724843
v -0.63131901637211107 -0.19639962301447472 0.96686192569431018
v -0.50617802081100383 0.43737766455125626 -0.95650352785803616
v -0.6864161868734816 0.51824569990892466 -0.93608823368921612
v -0.56467466950296341 0.54250778710663339 0.94056502176759427
v -0.59281902528857722 0.74034321297468442 0.90504634147434426
v -0.61975109933879047 0.9929445874442907 -0.83499058082116351
v -0.60196998849059669 1.0858537355313558 0.80743823128130521
v -0.51053377596406324 1.2185045046608132 0.76760107998874993
v -0.5443448504940257 1.3970083720027873 -0.68649100218006576
v -0.32577781423776386 -1.7901337454994739 -0.41746152520730861
v -0.44056193942432176 -1.580991638567429 0.58392124317456096
v -0.40337216046606489 -1.2337998072085639 0.76782792279243806
v -0.41436561356764007 -0.91071634056895823 0.87466199755071472
v -0.29554195152556645 -0.62747750513105471 -0.9407563535388439
v -0.38876202492273071 -0.57309027714943228 0.94500644552852497
v -0.37932251431631314 -0.44799357006062474 -0.96107995981797445
v -0.46492199815999063 -0.43446588287475496 0.95862830703239799
v -0.30066796628552134 -0.16814241094274904 0.9855406207916424
v -0.43646802775766813 0.99113001549998514 -0.84878300013343633
v -0.37677604556177569 1.6537333301334156 -0.54015166315742502
v -0.40321221233951043 1.38242733722222 0.70671534821578197
v -0.3744721980893706 1.8052419764890526 0.39505427824940942
v -0.39107171455187489 1.9698979337631892 -0.039066294672992011
v -0.37408646136296098 -1.9714077340466483 -0.018239375946816391
v -0.13259995718672465 -1.8228858226245843 -0.39243950634762648
v -0.24599967559415636 -1.7845427543379773 0.42927547381409092
v -0.20385962535122329 -1.6882819782512348 -0.526140342811943
v -0.26841632399615062 -1.6424861421937798 0.55427991134487897
v -0.19761511888894201 -0.580502242117658 0.94997879482722281
v -0.13525454474594112 -0.24137537569581941 0.98555482636597946
v -0.20935494344752609 0.50090710845253072 -0.96119233122779502
v -0.1792788471796439 0.42156609261971589 0.96979479050591844
v -0.27504148370521858 0.66138398490132255 -0.936125947524867
v -0.22851229818959398 0.61148865295051213 0.94464422921783586
v -0.22454794310783435 1.0608479242385866 0.83650353319228754
v -0.18724042986138978 1.6430706870886813 -0.55689672934586154
v -0.23894466728016769 1.7472600179365054 0.47161049717207959
v -0.20117834705855484 1.9821131618994383 -0.02447107462173706
v -0.0055304739520386026 -1.9865192743764173 -0.0060292457558612372
v 0.056819700493497063 -1.8597799685998497 -0.35263132217324156
v -0.071679333578352225 -1.8320447497239931 0.38383344340858028
v 0.058014654468121069 -1.5929553733024402 0.59346247977872091
v -0.022152217498053767 -1.1611617271508385 -0.80613889880369627
v 0.1000997085813284 -0.62508662616295696 -0.94541501061070377
v -0.003970969515722067 -0.60165876265154827 0.94892919013741506
v 0.042304086094407028 -0.27616669993459708 0.98455334300780528
v 0.077516262537493011 -0.0050101100823459754 0.99325963718820864
v 0.023648584636413617 0.37448751709250239 0.97621904874426446
v 0.098356432950481493 0.70485853178329738 0.9334492247676528
v -0.039922446188096622 0.98398802014984754 -0.86392522896394364
v -0.033201541972702725 1.0482214179079903 0.84385229216452395
v 0.0075620958967352603 1.6323676094166442 -0.56718765570258478
v -0.059418499500097546 1.6697263268780953 0.5422818440616175
v 0.092617693690992015 1.8818402680463047 0.32781348529597992
v 0.00014614608534854745 1.9865192743764173 -0.015178084105358522
v 0.21936387030352714 -1.9813049164218841 -0.002034183181172794
v 0.21818574784388006 -1.7828817098348129 0.43268936708849975
v 0.21079698834135893 -1.6763503703315941 -0.53383780872169861
v 0.23084812663002274 -1.656605900287802 0.54625815399946154
v 0.13586120338983285 -1.2055760647497846 -0.7885440670078887
v 0.25282074471394966 -0.68437880810092555 -0.93317051824473263
v 0.18773127941938172 -0.63009734201217116 0.94275917072014714
v 0.22722858013946778 -0.29806639146767683 0.9806764081241971
v 0.23230694379142139 0.013909884702390074 0.99036483435565548
v 0.17877079850782468 0.4255129711255653 -0.96941139262581832
v 0.22761822626772923 0.34287853416931274 0.97658933792677904
v 0.12705857928659148 0.62250928148002405 -0.94524566202514237
v 0.29969728076244345 0.66511931112730327 0.93501774198969834
v 0.15950838792857713 1.0178962222678651 0.85173259436867299
v 0.17461591571345833 1.6360681790365124 -0.562032642645379
v 0.20914852791721353 1.8534026637384486 -0.35385536172061338
v 0.15816403864465794 1.5971274469809338 0.58860245946275735
v 0.25593091827394548 1.8296539241704348 0.37797367204814369
v 0.23645973307286988 1.9805451002988022 0.002737490646780194
v 0.38574481553590984 -1.9703714358979418 0.001901456895446102
v 0.38879645040051725 -1.6519839104145038 -0.54042754261160764
v 0.31256100417711674 -1.2727553803128895 -0.75826464711659081
v 0.47237363244341113 -0.89364914430025633 0.87570612890256949
v 0.41258953790144193 -0.5474802813179046 -0.94778894432642247
v 0.38971522508023815 -0.66605521417130997 0.93101934052379853
v 0.42595485683548484 0.018235089222748677 0.98339860500232312
v 0.44180348536701519 0.18504254343253615 -0.97854413515673255
v 0.3866308724078853 0.38219972484920461 -0.9673345284239353
v 0.41488570792395008 0.32461406674764753 0.9718373237667105
v 0.47091733403814728 1.1539788687153891 0.79400826508448508
v 0.41034915053199755 1.8192610243965157 -0.37529652130433266
v 0.3754745699031824 1.6313095553086272 0.55519725197829095
v 0.65513030005059436 -1.876947047935472 0.24417831650474073
v 0.61935488649328274 -1.4542726639761112 -0.64475238341793151
v 0.60778617204153906 -1.2628882639934218 0.74285280389923192
v 0.60874047849987634 -0.79561281438668907 -0.8899021533537349
v 0.64520133783198674 -1.0605918127062599 0.81172996971903189
v 0.55634931543078658 -0.64933225853113652 -0.92509637465873062
v 0.64960742514936798 -0.036354820556911471 -0.97036063877689027
v 0.63861666145331997 0.12279898438861765 -0.97005544795352239
v 0.65321195067639037 0.19882159206938424 0.96528129828794607
v 0.5797832832854245 0.31888624108444436 0.96353512072468139
v 0.70325381101467932 0.79162302866562007 -0.88302348874110181
v 0.65198304342054736 0.79445361449040663 0.88658840625108293
v 0.53964033510280252 1.0907007391351764 -0.81111768043742738
v 0.55566054472910942 1.2808456799166381 -0.74046257520406167
v 0.79652858488751288 -1.3782673085842594 -0.66635684199708622
v 0.81036815905145654 -1.1968674374402177 -0.74805982480680866
v 0.78731344997399177 -0.82300115023842835 -0.86614544022106044
v 0.92763835556625862 -0.84202189053547005 0.84554107095245146
v 0.85191787414815745 -0.02276488171771042 0.95381478306891665
v 0.79730009791014633 0.15175348395179653 0.9561840631310321
v 0.84729104212897033 1.0506645808208082 -0.79429682855172978
v 0.94386934404306544 1.3801649751638323 -0.64247709079876136
v 1.1356191395950574 -1.7980799718483871 -0.18904902696709996
v 1.0428090199686182 -1.7014244146897088 0.37867682126005131
v 0.97489761651608098 -1.4510964367535677 -0.59535442848752396
v 1.023140965364518 -0.99621585208748165 0.78886279763178513
v 0.9767614219426547 -0.88523199788095197 -0.82791589600824811
v 0.97590405590285667 -0.34911879129006279 0.92701147973893028
v 1.0574671714115833 -0.26794536558577392 -0.92415739974980982
v 1.040888676028664 -0.064625323760247655 0.93429468225531853
v 1.030055488239576 0.41871040890273442 0.91295252846839625
v 0.95776536171912185 0.58898171179203418 0.89678530907233545
v 1.0331525174696519 0.84789451207196764 -0.82941817085952241
v 1.0036928217146965 1.0113304392338287 -0.78684062021102685
v 0.88857855222856807 1.4735140815299879 0.59715919224673664
v 0.97569591309560444 1.6647457240180157 -0.43399804161869276
v 1.0478073410797517 1.6693472601519033 0.40936555326698643
v 1.1011703874588445 1.7604003144810014 0.2944298027864159
v 1.2082596431391759 -1.0044344367467144 0.75819993291409071
v 1.2362100929659914 -0.65971115274379744 0.84169062862697708
v 1.1714421020932169 -0.42534404536484821 -0.89112537413925463
v 1.1953711720291469 0.11650116694263096 -0.91389122549206669
v 1.216194098573594 0.38817154564259948 0.88831327052447284
v 1.3164469814093807 0.54467498127534908 -0.84988709603674617
v 1.2654758554725669 0.71702601536085819 0.82589519598465244
v 1.3270951465297522 1.106932937891294 -0.70370149866040754
v 1.2095829955744217 1.2256904953489467 0.6717504434072501
v 1.1663054914602913 1.573184987698133 -0.4701751999556929
v 1.2048977349200314 1.6489535786213172 0.38154252787926179
v 1.2109831355469809 1.8144202148139961 -0.056321819942382161
v 1.4288739906823058 -1.1411102445103167 -0.6615187410826866
v 1.4493753752648846 -1.1887130429308244 0.63240216809176431
v 1.4688919621915244 -0.60023104337529831 -0.81010835565302008
v 1.3635648752687919 -0.41853153275629268 -0.85892774649095349
v 1.3563823625314075 -0.48627596031103021 0.85185629274554708
v 1.4535595058566697 -0.23209100031473118 -0.86010689155695197
v 1.4207804054366513 -0.13919232670527629 0.87228677262810206
v 1.4139639777883792 0.1466202764176805 -0.87314794225824077
v 1.4705633475183726 0.19096025990833279 0.85937126028702071
v 1.5134483579785756 0.49175079831027824 0.82063132776980274
v 1.4601159379879858 0.65480450881033747 0.80158228003463816
v 1.4241988350173862 1.2584627585730581 -0.60405456144592473
v 1.4579975126731934 1.6898832225773655 0.19176270031713932
v 1.6153476426266216 -1.6156941536944871 -0.20834235948260055
v 1.5796957908448255 -1.684690192731098 -0.079748151515751833
v 1.5875247683877796 -1.6160326278308141 0.23239685497780582
v 1.6642726668535819 -1.5087500456334351 0.33969928217210005
v 1.6232987162409249 -1.2220426332979739 0.56721330408688408
v 1.6772633083204656 -0.58792696135683253 -0.76782507974467407
v 1.6616133727133977 -0.22299931355812386 -0.81658128320666956
v 1.6171324127363869 -0.16627892411828285 0.83001096531932872
v 1.6841987700791747 0.49732870458311879 -0.78246632809999195
v 1.6677903898438973 0.69205238423553506 -0.75040665594971034
v 1.6390520946817799 0.61072778356481405 0.77204130638927448
v 1.6016496689107427 1.1297070585239921 0.61979562401615129
v 1.5667861010940791 1.5524888201504445 -0.34202064512293523
v 1.5650377269779239 1.6584866970974148 -0.16747719769780961
v 1.8707373357266244 -0.3959626089489216 0.74990509051662213
v 1.8710888356540376 -0.21982555399162951 -0.76644079146768263
v 1.8191724604274688 -0.1938403727352051 0.7810439591028514
v 1.849965885639185 0.17410439009709877 0.77457910171480393
v 1.8631894707825085 0.40438254046525712 -0.75073956531310904
v 1.8125407086394107 0.78256580910550988 -0.6883564064055101
v 1.8897866312701419 0.8845497622435915 0.62861311448257262
v 1.8237944096560119 1.0533097106119789 0.58311200859171985
v 1.8064750915728056 1.5167299386370363 0.22493345685546526
v 2.0314434857368386 -1.4525172555736303 0.0216516313074675
v 2.0292383846699376 -1.1365110465105366 0.45805967601475139
v 2.0551880106995957 -0.86731559543337688 -0.57491246951706643
v 2.0845193533493536 -0.63656086998499772 0.63449018073414853
v 2.1104528799898961 0.80939873394131867 -0.57374961990690043
v 2.075760590913788 0.87476550337606962 0.56480969271609771
v 2.0585551216038485 0.98418083404374002 -0.5292258546088453
v 1.9772819971441491 1.2738334267975329 -0.38393255053605341
v 2.0427479683947669 1.4453398062670093 -0.047967111495935605
v 2.2098550876243874 -1.2815083530361069 -0.18437150167136143
v 2.1783619966684165 -0.39345993935380585 -0.64946520572049082
v 2.2216679004232849 -0.66441299975625678 0.57381247316890971
v 2.2121751347214613 -0.30398485117328677 0.65042386435621879
v 2.2868012972517402 0.079517071806132059 -0.63684928252555706
v 2.2288025815664065 0.25652302214344647 -0.64760487176446846
v 2.1654613547387456 0.11643756816530364 0.68508434459984247
v 2.4508177000167013 -1.0346536750616344 -0.22665273018696994
v 2.3727152920375802 -0.8830214264671884 -0.40880777688194186
v 2.4446100288724288 -0.75837695785759063 0.42320018663017489
v 2.438802671870016 -0.18784516495751999 -0.56437006765220243
v 2.4801490149329108 0.018104393056520687 -0.5531442775657206
v 2.4574908648306484 0.19923491601363105 0.55511505819280116
v 2.2546959587053146 1.0811799340394301 0.36293190432947808
v 2.678634743048955 -0.82566269440152373 0.14677986495860243
v 2.661321378227175 -0.47671274071118147 -0.37954719131799786
v 2.7348109767190185 -0.36222371709153883 0.35509362608991035
v 2.6232649424288663 -0.25362030106667077 0.4562427363721222
v 2.6598739928209665 0.36933119141969106 -0.40743791254535416
v 2.4433181642692907 0.57960067287366723 0.49661394201438958
v 2.4193406236818573 0.7888051604775298 0.42483235544725317
v 2.6346923872132373 0.84779083815555356 -0.1881240129672761
v 2.673399764522244 0.037755638136172581 -0.43898168934164478
v 2.6667491910400001 -0.061359518288584186 0.44378488130104315
v 2.6526791917701784 0.8457090853226179 0.16422482588463008
v 2.8373820355911614 -0.60451526404977485 -0.10176361134358816
v 2.8292945711804545 -0.43622349499094287 -0.22234499665466001
v 2.9178451397678571 -0.40134119781972832 0.097565673642318454
v 2.9756562104809725 -0.12952549021755436 -0.07672106472503587
v 2.979778911564626 -0.036485861792411395 0.096541958478564838
v 2.8157459454672487 0.64939011764011256 -0.025501882407116996
v -1.3531706185062065 1.4631990986046699 0.50796606973267266
v -1.2672324421367098 1.354104589250269 0.59243457691452184
v -0.20909958847516324 -1.9817611067253669 0.0928550328149228
v 1.3080068859133189 1.4192349769133958 -0.54538086327178437
v -1.8386694733937488 1.4402716982563666 -0.31633172234014278
v -0.31690424781521837 0.23123489233724748 -0.98178559493602136
v 0.16907985208154064 -0.33479937844595969 -0.97869810625880738
v 0.50980238062091232 0.51943317295203384 -0.94767543979377111
v 0.51839021292920573 0.89858823772350394 -0.87168748631708715
v 0.75391073174609324 0.96258237792381574 0.83219810699958174
v -1.5158999731707186 1.6676579347475335 0.19117802892317248
v 1.0149909977854576 1.8671853923331447 0.0023113887429218466
v 1.9890757686821734 1.1264459219725838 -0.48792108385586297
v -1.4007386949163407 -0.84122769770102135 0.77023963319588706
v 1.6299756730590902 1.2397128007240328 -0.55639986279810183
v -1.8340207408320583 -1.361731979206293 0.38737834278980215
v 1.4307415508858694 0.92594183605580771 -0.74275380437663419
v -1.7195478918296991 -1.6018855024164735 0.14333721830255841
f 1 2 3
f 3 2 1066
f 2 1075 4
f 11 7 8
f 10 1068 8
f 1067 7 11
f 12 1070 9
f 10 1071 15
f 10 15 1068
f 1068 15 1
f 12 11 1069
f 11 1068 1069
f 13 9 1070
f 1070 12 16
f 13 1070 18
f 20 15 14
f 19 24 14
f 1 20 2
f 16 1069 3
f 3 1066 1072
f 21 17 1072
f 22 18 17
f 21 22 17
f 20 14 24
f 23 28 19
f 24 1075 2
f 20 24 2
f 1066 4 25
f 26 1076 21
f 25 26 21
f 24 19 28
f 27 28 23
f 24 28 1075
f 4 5 25
f 25 6 26
f 29 26 6
f 30 1078 27
f 30 31 1078
f 31 5 1078
f 6 25 5
f 29 6 1079
f 32 31 1080
f 1080 31 33
f 35 59 1079
f 32 1080 35
f 37 1082 36
f 38 40 39
f 36 38 39
f 40 44 1083
f 1082 37 42
f 1082 42 8
f 38 1082 7
f 1067 38 7
f 40 38 1067
f 9 44 40
f 41 44 45
f 10 8 42
f 46 10 42
f 9 13 44
f 47 45 44
f 13 47 44
f 10 46 1071
f 1071 46 48
f 13 18 1073
f 1073 18 49
f 52 23 50
f 19 14 1074
f 51 1085 22
f 50 1086 52
f 26 1077 1076
f 22 21 1076
f 54 23 52
f 53 1076 1077
f 26 29 1077
f 30 27 56
f 56 27 54
f 55 1077 57
f 56 1081 30
f 29 1079 59
f 60 57 59
f 61 1081 58
f 1081 61 62
f 56 58 1081
f 62 63 34
f 59 35 64
f 60 59 64
f 62 61 65
f 63 62 65
f 66 63 65
f 66 95 63
f 69 67 68
f 69 71 70
f 67 69 70
f 72 70 71
f 73 1093 1092
f 68 73 1092
f 69 1092 36
f 39 71 36
f 69 36 71
f 1083 41 72
f 39 1083 71
f 41 45 1094
f 1093 73 75
f 1093 75 43
f 37 1093 42
f 77 43 1096
f 43 77 46
f 75 1096 43
f 1084 47 78
f 45 47 1084
f 79 111 1084
f 82 48 1097
f 77 48 46
f 47 1073 78
f 81 79 78
f 49 81 78
f 77 1097 48
f 49 22 1085
f 51 1088 1085
f 50 82 1086
f 82 1099 1086
f 51 53 1088
f 1088 53 85
f 54 52 1087
f 52 1086 1087
f 55 87 85
f 54 1087 89
f 88 89 86
f 54 89 56
f 55 57 90
f 90 91 87
f 92 1089 88
f 92 1091 1089
f 89 88 1089
f 90 60 93
f 57 60 90
f 93 91 90
f 92 126 1091
f 58 1089 1091
f 1090 64 95
f 95 129 1090
f 96 97 94
f 61 94 97
f 97 66 65
f 95 66 98
f 98 129 95
f 97 96 99
f 66 97 99
f 98 66 99
f 101 67 102
f 102 1105 101
f 103 139 1107
f 101 100 103
f 103 68 67
f 70 102 67
f 70 72 105
f 105 143 70
f 105 1094 1108
f 104 107 108
f 1107 104 108
f 1107 108 73
f 74 109 106
f 1094 74 106
f 72 1094 105
f 1095 108 107
f 107 147 1095
f 73 108 75
f 74 111 109
f 75 1095 1096
f 74 1084 111
f 111 79 112
f 76 113 1097
f 79 81 1098
f 81 83 1098
f 113 153 80
f 81 1085 83
f 82 80 1099
f 115 117 1099
f 83 1088 1100
f 85 1102 1100
f 84 117 1101
f 117 157 1101
f 85 87 1102
f 86 1101 121
f 122 120 91
f 88 121 1103
f 121 159 1103
f 91 93 1104
f 93 127 1104
f 126 92 123
f 94 1091 126
f 93 1090 127
f 128 126 125
f 128 94 126
f 129 130 127
f 96 128 131
f 131 168 133
f 133 96 131
f 99 134 98
f 133 134 99
f 136 98 134
f 98 136 135
f 130 129 135
f 134 133 132
f 132 1114 134
f 139 137 138
f 102 1106 1105
f 1105 141 140
f 142 1106 143
f 102 143 1106
f 142 143 144
f 138 145 104
f 104 1107 139
f 100 139 103
f 102 70 143
f 146 1108 106
f 146 182 1108
f 105 144 143
f 145 1115 107
f 104 145 107
f 149 148 109
f 151 1109 150
f 151 113 1109
f 76 110 1109
f 149 109 152
f 153 113 151
f 76 1109 113
f 1098 114 112
f 115 80 153
f 153 1119 115
f 156 1120 114
f 116 156 114
f 117 115 155
f 157 117 155
f 118 156 116
f 119 1101 157
f 158 1123 118
f 118 1102 158
f 1110 1103 159
f 119 159 121
f 120 122 160
f 160 158 120
f 159 197 1110
f 160 122 162
f 1104 124 122
f 161 163 1110
f 124 1104 1111
f 165 1113 125
f 166 1111 130
f 127 130 1111
f 1111 166 164
f 165 205 1113
f 128 125 1113
f 132 133 168
f 135 136 169
f 170 1112 169
f 135 169 1112
f 170 206 1112
f 167 1418 168
f 132 168 171
f 136 134 1114
f 132 171 1114
f 169 136 172
f 170 169 173
f 141 177 1431
f 137 175 178
f 138 137 178
f 175 140 174
f 141 174 140
f 142 177 1106
f 142 1429 177
f 145 180 181
f 180 145 138
f 142 144 1429
f 144 1108 182
f 183 182 146
f 145 181 1115
f 181 184 1115
f 146 148 1116
f 148 185 1116
f 186 150 1117
f 185 149 187
f 186 1129 150
f 150 1109 1117
f 149 152 187
f 152 154 187
f 151 188 1118
f 153 1118 1119
f 190 191 1119
f 154 114 1120
f 1120 156 192
f 155 191 1121
f 191 193 1121
f 156 1123 1122
f 157 1121 195
f 156 118 1123
f 1123 158 196
f 119 195 197
f 158 160 1124
f 160 162 1124
f 161 1110 197
f 199 1124 162
f 199 1125 201
f 199 162 1125
f 162 124 1125
f 206 204 166
f 165 203 205
f 167 1113 205
f 170 207 206
f 164 166 204
f 172 1114 208
f 208 209 1126
f 207 170 173
f 171 1135 208
f 209 248 1126
f 175 1127 211
f 175 174 1127
f 174 176 1127
f 176 213 212
f 177 179 1431
f 214 213 176
f 211 216 178
f 217 179 218
f 179 217 215
f 216 1128 178
f 180 178 1128
f 216 1137 1128
f 1429 182 218
f 218 182 183
f 218 183 220
f 184 219 221
f 186 184 221
f 221 223 186
f 186 223 1129
f 223 225 1129
f 224 1139 187
f 189 226 224
f 189 1130 226
f 190 227 228
f 189 1120 1130
f 1130 192 229
f 191 228 193
f 192 1122 1131
f 193 1144 231
f 231 233 195
f 198 234 196
f 194 196 234
f 197 233 235
f 233 1147 235
f 198 199 236
f 199 201 236
f 161 235 1132
f 161 1132 200
f 201 202 238
f 238 1149 201
f 237 239 1132
f 239 203 1132
f 204 240 202
f 242 205 203
f 242 203 239
f 242 1134 205
f 206 207 243
f 1134 241 244
f 1134 242 241
f 167 205 1134
f 1133 207 1136
f 282 319 1414
f 246 247 244
f 1418 244 1135
f 1135 244 247
f 173 1126 1136
f 1136 1126 1424
f 212 249 250
f 212 213 249
f 249 213 251
f 250 1152 210
f 211 210 252
f 253 214 215
f 254 1153 215
f 256 1137 255
f 252 216 211
f 255 216 252
f 217 254 215
f 257 254 217
f 216 255 1137
f 217 218 1138
f 1138 220 259
f 258 1154 221
f 258 221 219
f 222 259 220
f 222 1427 259
f 221 260 223
f 222 185 1139
f 260 298 1140
f 224 226 264
f 263 227 225
f 226 1142 1141
f 266 1143 227
f 226 1130 1142
f 1142 229 267
f 266 305 1143
f 229 1131 230
f 193 228 1144
f 268 270 1144
f 230 232 271
f 231 270 1145
f 270 1158 1145
f 232 234 1146
f 234 236 1146
f 233 1145 1147
f 1148 237 1147
f 272 1160 1148
f 236 201 1149
f 278 276 238
f 237 1148 277
f 277 239 237
f 240 278 238
f 1149 238 276
f 239 277 1150
f 277 1162 1150
f 240 243 1151
f 243 1133 1151
f 241 279 281
f 281 244 241
f 1133 1414 1151
f 1151 1414 1415
f 244 281 246
f 283 285 246
f 282 245 284
f 247 246 285
f 248 247 285
f 285 1163 248
f 249 287 250
f 286 250 287
f 288 1164 249
f 287 249 1164
f 289 288 251
f 286 1166 1152
f 1152 290 252
f 252 210 1152
f 251 253 289
f 254 291 1153
f 291 1165 1153
f 290 1167 255
f 252 290 255
f 257 291 254
f 293 1168 257
f 256 292 294
f 258 1137 256
f 293 257 295
f 294 1154 256
f 258 256 1154
f 294 296 1154
f 296 1170 260
f 298 260 1170
f 261 1427 299
f 262 264 1155
f 264 1157 1155
f 263 300 1156
f 300 1172 1156
f 264 1141 1157
f 1157 265 303
f 227 263 266
f 303 265 304
f 268 1143 305
f 302 305 266
f 304 269 306
f 305 1175 268
f 269 271 306
f 270 307 1158
f 307 309 1158
f 271 1146 1159
f 1159 273 310
f 311 1160 309
f 273 274 312
f 274 313 312
f 274 276 313
f 276 1161 313
f 278 280 1161
f 315 355 1161
f 314 277 275
f 314 316 1162
f 316 279 1162
f 315 1161 280
f 318 281 279
f 318 279 316
f 318 362 321
f 321 281 318
f 283 246 321
f 322 282 284
f 322 1177 282
f 283 321 320
f 320 323 283
f 284 1424 1163
f 285 283 1163
f 327 1181 1164
f 289 328 288
f 288 328 327
f 289 1165 328
f 290 1166 331
f 330 331 1166
f 1165 332 329
f 291 332 1165
f 291 1168 332
f 290 331 1167
f 331 1182 1167
f 1168 293 335
f 294 334 336
f 334 294 292
f 295 1169 293
f 337 335 293
f 294 336 296
f 338 1170 336
f 295 261 1169
f 1169 297 339
f 299 1173 297
f 1171 297 1173
f 298 340 1172
f 340 342 1172
f 299 1155 1173
f 302 1156 343
f 1172 343 1156
f 303 304 345
f 302 1188 1174
f 304 306 347
f 306 308 347
f 307 268 1175
f 305 1174 1175
f 350 309 348
f 350 311 309
f 308 1159 310
f 349 308 351
f 350 352 311
f 310 312 353
f 352 354 311
f 312 313 355
f 354 356 275
f 313 1161 355
f 355 315 357
f 314 356 358
f 358 316 314
f 317 359 315
f 359 357 315
f 316 358 1176
f 358 360 1176
f 317 319 361
f 320 321 362
f 363 320 362
f 1177 365 364
f 322 365 1177
f 319 1177 361
f 320 363 366
f 320 366 323
f 324 323 1178
f 322 324 1179
f 324 1178 1179
f 325 369 370
f 326 1181 1180
f 1180 371 369
f 327 372 1181
f 1181 372 371
f 328 373 327
f 327 373 372
f 373 328 329
f 374 373 329
f 330 375 376
f 331 330 376
f 370 330 325
f 375 330 370
f 329 377 374
f 332 377 329
f 377 332 333
f 378 377 333
f 331 376 1182
f 376 379 1182
f 333 335 380
f 334 1182 381
f 336 334 381
f 382 1196 335
f 381 1197 336
f 338 336 1197
f 337 339 1183
f 339 1184 1183
f 383 385 338
f 339 1171 1184
f 1184 341 386
f 386 341 1185
f 387 1198 1185
f 301 344 389
f 343 388 1186
f 388 1200 1186
f 344 345 1187
f 345 393 1187
f 302 1186 1188
f 390 392 1188
f 345 347 393
f 346 392 394
f 347 349 393
f 393 349 395
f 394 1203 348
f 395 349 396
f 350 348 1203
f 351 353 398
f 396 351 398
f 352 397 399
f 353 355 1189
f 355 1191 1189
f 354 352 1190
f 399 1206 1190
f 355 357 1191
f 1191 357 402
f 356 401 358
f 359 1193 357
f 402 357 1193
f 358 401 1192
f 403 1209 1192
f 359 361 1193
f 1193 361 406
f 360 405 407
f 362 360 407
f 407 363 362
f 408 363 407
f 364 410 409
f 365 410 364
f 406 361 364
f 409 406 364
f 363 408 411
f 366 363 411
f 366 411 367
f 365 1179 1194
f 368 413 1194
f 365 1194 410
f 371 372 416
f 415 371 416
f 416 372 417
f 419 370 418
f 369 418 370
f 418 369 415
f 371 415 369
f 372 373 417
f 420 373 374
f 374 423 420
f 419 459 375
f 376 375 422
f 375 370 419
f 421 420 423
f 377 423 374
f 423 377 378
f 424 1211 378
f 424 378 380
f 379 425 1195
f 425 467 1195
f 380 335 1196
f 381 1195 1197
f 428 430 383
f 385 383 430
f 386 1185 1198
f 342 385 1199
f 430 1216 1199
f 389 1201 387
f 388 1199 1200
f 431 433 1200
f 389 1187 1201
f 1201 391 434
f 393 395 391
f 436 391 395
f 433 478 392
f 394 435 1202
f 435 480 1202
f 395 396 437
f 396 1204 437
f 397 350 1203
f 394 1202 1203
f 398 1205 1204
f 439 483 1204
f 399 397 440
f 440 1206 399
f 439 1204 1205
f 398 1189 1205
f 440 1219 1206
f 400 1191 1207
f 402 1208 1207
f 403 401 442
f 404 1221 1208
f 444 491 1209
f 446 405 1209
f 447 1221 404
f 405 446 448
f 407 405 448
f 448 408 407
f 449 408 448
f 409 451 450
f 410 451 409
f 447 406 409
f 450 447 409
f 408 449 452
f 411 408 452
f 412 452 453
f 454 414 455
f 413 455 414
f 451 410 414
f 454 451 414
f 453 1223 412
f 413 412 455
f 457 1224 416
f 457 416 417
f 418 458 1210
f 419 418 1210
f 456 418 415
f 458 418 456
f 417 460 457
f 420 460 417
f 460 420 421
f 422 375 459
f 423 1211 421
f 462 1228 1211
f 425 463 464
f 425 379 422
f 422 461 425
f 424 465 462
f 424 1212 465
f 425 464 467
f 424 1196 1212
f 1212 427 468
f 467 469 426
f 427 384 1213
f 384 429 1213
f 470 1213 472
f 472 1213 429
f 428 471 1214
f 471 514 1214
f 429 1198 1215
f 1215 1198 1217
f 430 1214 1216
f 473 475 1216
f 1217 432 474
f 431 475 476
f 475 519 476
f 432 434 1218
f 434 479 1218
f 433 476 478
f 434 436 479
f 478 1419 435
f 1419 523 480
f 436 437 481
f 482 1233 438
f 486 1219 484
f 441 487 485
f 440 484 1219
f 486 488 1219
f 441 400 443
f 442 488 444
f 443 1208 445
f 444 489 491
f 446 1209 491
f 492 446 491
f 1221 493 490
f 450 493 447
f 446 492 1220
f 448 446 1220
f 448 1220 449
f 451 1222 450
f 1221 447 493
f 449 495 452
f 496 453 495
f 454 498 497
f 455 498 454
f 455 412 1223
f 453 496 1223
f 503 1416 457
f 1224 457 1416
f 458 501 1225
f 1225 1227 1210
f 499 458 456
f 501 458 499
f 500 1416 503
f 460 503 457
f 503 460 1226
f 504 1241 1226
f 459 1210 1227
f 461 459 1227
f 504 1226 1228
f 506 504 1228
f 463 507 508
f 464 463 508
f 505 463 461
f 507 463 505
f 462 509 506
f 465 509 462
f 509 465 466
f 508 1243 464
f 510 464 1243
f 468 470 511
f 511 470 513
f 512 471 469
f 470 515 513
f 472 515 470
f 471 512 514
f 472 1215 1229
f 473 516 518
f 557 1420 516
f 475 518 519
f 474 1218 1230
f 1230 477 520
f 476 519 521
f 519 561 521
f 477 479 522
f 1419 521 523
f 481 524 479
f 522 479 524
f 480 523 1231
f 523 564 1231
f 481 483 1232
f 483 1234 1232
f 482 1231 1233
f 525 527 1233
f 483 439 1234
f 1234 485 528
f 527 486 484
f 485 529 528
f 487 529 485
f 527 1250 486
f 487 443 1235
f 443 445 1235
f 531 1235 445
f 489 492 491
f 532 492 489
f 490 534 533
f 493 534 490
f 531 490 533
f 492 532 1236
f 494 1220 1236
f 1237 1253 493
f 536 1253 1237
f 494 1236 535
f 535 537 494
f 537 496 495
f 538 496 537
f 497 540 539
f 498 540 497
f 536 1237 497
f 539 536 497
f 498 1223 1238
f 496 538 1238
f 500 542 1239
f 542 1256 1239
f 501 541 1240
f 502 1225 1240
f 499 1239 501
f 543 1240 541
f 500 545 542
f 503 1241 500
f 545 500 1241
f 546 545 1241
f 505 1227 502
f 546 504 1242
f 548 1259 1242
f 508 507 549
f 547 507 505
f 549 507 547
f 548 1242 550
f 509 550 506
f 551 550 509
f 549 1260 508
f 1243 508 1260
f 553 551 511
f 554 512 552
f 555 553 513
f 554 514 512
f 513 556 555
f 515 556 513
f 514 554 1244
f 554 1261 1244
f 515 1229 1245
f 516 1244 557
f 518 516 1420
f 1420 601 559
f 517 1230 1246
f 1246 520 560
f 519 559 561
f 520 522 1247
f 522 562 1247
f 521 561 563
f 561 605 563
f 522 524 562
f 524 1248 562
f 523 563 564
f 524 1232 1248
f 1248 526 565
f 564 1267 525
f 526 528 1249
f 528 569 1249
f 568 1250 566
f 567 1249 569
f 529 569 528
f 527 566 1250
f 568 570 1250
f 529 1235 1251
f 531 573 1251
f 530 570 574
f 489 530 574
f 574 532 489
f 575 532 574
f 534 576 533
f 573 531 533
f 576 573 533
f 532 575 1252
f 535 1236 1252
f 1253 1272 534
f 578 1272 1253
f 579 538 537
f 580 538 579
f 581 1254 582
f 540 582 539
f 578 536 1254
f 581 1273 1254
f 540 1238 1255
f 538 580 1255
f 542 584 1256
f 584 1275 1256
f 543 585 586
f 544 543 586
f 583 543 541
f 585 543 583
f 542 587 584
f 545 587 542
f 587 545 1257
f 544 586 1258
f 547 502 1258
f 588 1257 1259
f 589 549 547
f 591 549 589
f 551 592 550
f 548 550 592
f 549 1277 1260
f 593 594 552
f 553 555 595
f 555 597 595
f 596 1261 594
f 556 597 555
f 554 594 1261
f 596 1279 1261
f 556 1245 1262
f 557 1279 599
f 1420 599 601
f 558 1246 1263
f 1263 560 602
f 559 601 603
f 601 644 603
f 560 1247 1264
f 562 604 1264
f 561 603 605
f 562 1266 604
f 563 605 1265
f 605 1283 1265
f 562 1248 1266
f 1266 565 607
f 564 1265 1267
f 606 608 1267
f 565 1249 1268
f 1268 567 609
f 608 568 566
f 610 568 608
f 567 611 609
f 569 1269 567
f 568 610 612
f 610 651 612
f 569 1251 1269
f 571 573 613
f 572 575 574
f 572 653 575
f 613 573 576
f 615 613 576
f 575 614 1270
f 577 1252 1270
f 615 576 1272
f 617 1287 1272
f 1270 616 577
f 579 577 1271
f 579 1271 580
f 619 1274 618
f 581 621 620
f 582 1274 581
f 617 578 1273
f 582 1255 1274
f 580 618 1274
f 584 623 1275
f 1275 623 622
f 585 624 625
f 622 585 583
f 624 585 622
f 584 626 623
f 587 626 584
f 626 587 588
f 627 626 588
f 586 625 1276
f 589 1258 1276
f 628 1276 625
f 627 588 630
f 630 588 590
f 631 630 590
f 632 1277 591
f 629 591 589
f 632 591 629
f 590 633 631
f 548 633 590
f 633 548 592
f 549 591 1277
f 632 634 1277
f 593 634 636
f 634 677 636
f 592 595 635
f 595 1278 635
f 594 636 596
f 637 680 1278
f 597 1280 1278
f 596 1293 1279
f 597 1262 1280
f 1280 598 639
f 638 640 1279
f 642 601 640
f 600 602 643
f 601 642 644
f 602 1264 1281
f 604 645 1281
f 603 644 1282
f 644 1295 1282
f 604 1284 645
f 605 1282 1283
f 604 1266 1284
f 1284 607 647
f 606 1283 1421
f 646 691 1421
f 607 1268 649
f 648 1422 608
f 650 1299 609
f 611 650 609
f 1422 1300 610
f 651 610 1300
f 611 571 1285
f 1285 613 654
f 615 656 654
f 654 613 615
f 658 1286 657
f 659 1287 660
f 656 615 1287
f 659 656 1287
f 616 657 1286
f 618 1271 1286
f 661 619 618
f 662 619 661
f 663 620 664
f 621 664 620
f 617 1273 660
f 663 660 620
f 621 619 665
f 619 662 665
f 665 664 621
f 622 623 667
f 667 666 622
f 624 668 669
f 625 624 669
f 666 624 622
f 623 626 1288
f 626 627 1288
f 627 671 1288
f 670 1288 671
f 672 1289 628
f 669 628 625
f 672 628 669
f 627 673 671
f 630 673 627
f 631 674 630
f 673 630 674
f 632 629 1289
f 629 628 1289
f 633 1290 631
f 676 631 1290
f 592 635 633
f 634 675 677
f 635 1278 1292
f 596 636 1291
f 636 679 1291
f 1293 681 638
f 638 683 640
f 683 684 642
f 685 641 643
f 642 684 1294
f 727 686 684
f 643 1281 687
f 644 1294 1295
f 686 688 1295
f 645 1297 1296
f 645 1284 1297
f 1297 647 690
f 649 692 690
f 649 690 647
f 648 691 1298
f 691 734 1298
f 649 609 1299
f 694 1423 650
f 1298 693 1422
f 693 695 1300
f 650 1285 694
f 694 652 696
f 697 655 1301
f 653 651 1301
f 698 740 652
f 653 1301 655
f 654 656 698
f 656 700 698
f 655 699 701
f 657 655 701
f 701 658 657
f 702 658 701
f 659 703 700
f 660 663 659
f 700 656 659
f 658 702 704
f 661 658 704
f 661 704 662
f 703 659 663
f 706 703 663
f 665 662 705
f 664 665 705
f 668 707 708
f 669 668 708
f 667 710 666
f 666 710 709
f 670 711 710
f 711 750 710
f 711 670 671
f 708 672 669
f 712 672 708
f 713 1311 671
f 673 713 671
f 713 673 674
f 714 713 674
f 672 1312 1302
f 674 676 714
f 714 676 716
f 675 1302 1303
f 677 675 1303
f 716 676 678
f 718 716 678
f 677 1303 719
f 678 1292 720
f 680 1305 720
f 679 719 1304
f 719 1314 1304
f 637 722 680
f 1305 680 722
f 681 723 638
f 681 1304 721
f 724 722 682
f 723 725 683
f 641 726 682
f 683 725 684
f 725 727 684
f 685 687 1306
f 687 1307 1306
f 729 688 686
f 687 1296 1307
f 1307 689 731
f 733 731 689
f 691 646 732
f 690 692 733
f 691 732 734
f 737 735 1423
f 693 736 1308
f 736 1321 1308
f 737 1423 696
f 737 696 739
f 695 1308 738
f 697 695 738
f 739 696 740
f 697 738 1309
f 699 741 742
f 701 699 742
f 742 702 701
f 742 1323 702
f 700 703 744
f 745 744 703
f 743 704 702
f 704 746 662
f 747 706 705
f 746 1425 705
f 664 705 706
f 745 703 706
f 748 712 707
f 709 750 1310
f 749 788 1310
f 751 750 711
f 752 1312 712
f 753 793 1311
f 713 753 1311
f 753 713 714
f 672 712 1312
f 752 754 1312
f 757 755 716
f 715 754 717
f 756 717 754
f 714 716 755
f 757 716 718
f 717 756 758
f 756 797 758
f 718 720 1313
f 720 1305 1313
f 719 717 1314
f 758 760 1314
f 1305 722 761
f 760 762 721
f 763 761 724
f 724 1315 763
f 723 764 725
f 723 721 764
f 765 763 1315
f 726 728 1315
f 764 1328 1316
f 766 727 1316
f 765 1315 728
f 766 729 727
f 728 1306 1317
f 769 688 729
f 770 768 730
f 768 1317 730
f 688 769 732
f 733 1319 1318
f 733 1318 731
f 732 769 771
f 733 692 1319
f 1319 735 774
f 771 773 734
f 735 737 776
f 736 1320 1321
f 775 777 1321
f 776 737 778
f 777 779 738
f 780 1334 739
f 740 780 739
f 738 779 1309
f 779 781 1309
f 740 698 1322
f 700 744 1322
f 781 1335 741
f 743 702 1323
f 783 743 1323
f 1324 1325 1336
f 782 1322 744
f 746 743 785
f 743 783 785
f 745 747 1325
f 747 786 1325
f 745 1325 1324
f 748 1310 788
f 751 790 789
f 751 789 750
f 752 791 792
f 788 791 748
f 793 790 751
f 752 792 794
f 752 794 754
f 795 793 753
f 795 753 755
f 754 794 756
f 799 755 757
f 798 1339 799
f 757 1326 799
f 798 799 1326
f 757 1313 1326
f 758 797 800
f 759 761 1327
f 761 763 1327
f 760 800 803
f 762 803 1328
f 803 1341 1328
f 763 765 805
f 766 1316 804
f 807 1344 767
f 806 1329 766
f 768 807 767
f 808 807 768
f 729 766 1329
f 806 1345 1329
f 770 808 768
f 769 1329 809
f 770 1318 1330
f 1330 772 811
f 771 809 1331
f 809 845 1331
f 772 774 1332
f 812 775 773
f 774 776 1332
f 1332 776 814
f 1333 777 775
f 816 852 814
f 777 1333 817
f 778 816 814
f 778 739 1334
f 780 818 1334
f 782 820 818
f 782 818 780
f 783 821 822
f 1335 821 783
f 1335 819 821
f 821 856 822
f 1336 784 824
f 782 1324 1336
f 823 1337 822
f 786 1425 1337
f 785 822 1337
f 787 826 788
f 787 789 827
f 827 1352 787
f 789 790 827
f 791 826 828
f 792 791 828
f 829 790 793
f 794 792 830
f 828 866 792
f 793 795 829
f 831 829 795
f 831 795 796
f 794 830 1338
f 830 832 1338
f 796 799 1339
f 1339 798 833
f 800 797 834
f 797 1338 834
f 798 835 833
f 835 798 801
f 834 836 800
f 801 1327 802
f 836 1356 1340
f 802 1327 1342
f 803 1340 1341
f 763 805 1342
f 1342 805 840
f 804 1341 1343
f 838 1357 1343
f 805 767 1344
f 807 842 1344
f 843 1345 841
f 808 1346 807
f 842 807 1346
f 808 810 1346
f 1346 810 846
f 847 1331 845
f 845 1359 847
f 810 811 1347
f 811 1348 1347
f 811 1332 1348
f 1348 813 850
f 851 1430 849
f 1430 851 815
f 853 1362 816
f 852 813 814
f 1349 1333 815
f 888 1428 815
f 816 1334 853
f 853 818 855
f 854 1363 819
f 820 857 855
f 855 818 820
f 821 819 856
f 823 822 856
f 784 825 1350
f 859 860 1350
f 857 820 824
f 860 857 824
f 825 823 858
f 859 1350 858
f 825 858 1350
f 826 1351 828
f 861 828 1351
f 827 863 1352
f 1352 863 862
f 864 863 1353
f 1353 863 827
f 830 866 865
f 861 899 866
f 867 901 868
f 864 1353 1354
f 865 869 870
f 865 870 832
f 866 899 865
f 831 1355 868
f 867 868 1355
f 831 1339 1355
f 834 832 872
f 832 870 872
f 873 833 835
f 874 836 872
f 875 873 835
f 875 835 837
f 836 874 1356
f 874 904 1356
f 837 839 877
f 839 840 878
f 876 1366 1357
f 840 1344 1358
f 841 879 843
f 881 882 843
f 848 883 846
f 845 882 1359
f 882 1369 1359
f 846 1347 848
f 847 1359 1360
f 848 1347 1361
f 885 850 887
f 852 887 850
f 885 1361 850
f 888 851 886
f 852 816 1362
f 854 1349 1428
f 1349 815 1428
f 854 1428 891
f 893 892 889
f 889 1362 893
f 853 893 1362
f 894 1364 1363
f 1363 891 894
f 892 893 895
f 893 855 857
f 894 896 1364
f 1364 896 858
f 858 896 859
f 895 860 859
f 857 860 895
f 862 897 861
f 862 863 898
f 897 862 898
f 863 864 898
f 861 897 899
f 900 1374 898
f 864 900 898
f 864 1354 901
f 869 935 870
f 869 865 899
f 902 867 871
f 874 905 904
f 872 903 874
f 905 874 903
f 875 906 873
f 906 902 873
f 875 907 906
f 875 877 907
f 904 909 876
f 877 878 1365
f 878 1367 1365
f 876 909 1366
f 909 911 1366
f 878 1358 1367
f 1367 880 912
f 879 1366 913
f 880 844 1368
f 913 948 881
f 1368 883 916
f 882 881 1369
f 915 917 1369
f 883 848 918
f 919 1370 884
f 920 952 918
f 851 1360 1370
f 919 921 1370
f 885 920 918
f 885 887 1371
f 887 1372 1371
f 1380 923 921
f 887 1362 1372
f 1372 889 924
f 890 888 923
f 890 1381 891
f 889 926 924
f 892 926 889
f 894 891 925
f 928 896 927
f 894 925 927
f 927 929 928
f 929 930 1373
f 926 892 930
f 894 927 896
f 859 896 928
f 929 1373 928
f 859 928 1373
f 899 897 931
f 932 931 897
f 900 933 1374
f 933 962 1374
f 934 933 900
f 901 867 934
f 936 935 869
f 936 869 931
f 932 1383 931
f 934 937 933
f 902 940 1375
f 1375 937 934
f 1375 934 867
f 939 1376 935
f 936 939 935
f 970 938 940
f 903 935 1376
f 939 941 1376
f 904 905 943
f 905 941 943
f 908 1377 907
f 908 944 1377
f 944 1385 1377
f 904 943 909
f 1384 909 943
f 945 911 1384
f 910 1386 908
f 909 1384 911
f 910 912 947
f 947 1386 910
f 946 948 913
f 911 946 913
f 914 1389 912
f 948 1388 915
f 915 881 948
f 914 916 950
f 950 1389 914
f 915 949 917
f 918 952 916
f 919 951 1378
f 951 985 1378
f 920 1371 1379
f 1379 922 954
f 953 955 1380
f 886 921 923
f 1426 1380 955
f 922 924 954
f 957 925 1381
f 958 1382 957
f 960 995 961
f 956 961 959
f 926 961 956
f 925 957 1382
f 929 927 1382
f 927 925 1382
f 960 961 930
f 960 930 929
f 926 930 961
f 963 962 933
f 932 1374 962
f 1383 964 936
f 1383 965 964
f 965 1383 962
f 965 962 963
f 937 963 933
f 963 937 966
f 939 936 968
f 970 969 938
f 971 973 967
f 939 1391 967
f 970 972 969
f 970 940 942
f 941 967 973
f 942 1377 1385
f 973 975 1384
f 945 1384 975
f 975 1393 945
f 944 908 1386
f 1386 947 978
f 946 977 1387
f 977 1394 1387
f 947 1389 980
f 948 1387 1388
f 979 981 1388
f 947 912 1389
f 1389 950 982
f 1388 981 949
f 981 983 949
f 983 985 951
f 952 920 986
f 985 987 953
f 988 1403 989
f 955 953 990
f 990 991 955
f 1396 992 988
f 956 959 1396
f 956 1396 954
f 957 1381 955
f 957 955 991
f 958 994 995
f 993 994 958
f 959 995 994
f 959 961 995
f 992 1396 959
f 995 960 958
f 965 996 964
f 965 963 997
f 996 965 997
f 966 997 963
f 998 1391 968
f 1390 998 968
f 1390 999 998
f 999 1390 996
f 997 1000 996
f 999 996 1000
f 997 1001 1000
f 966 969 1001
f 971 967 1002
f 1391 998 1002
f 972 974 1392
f 1392 1001 969
f 971 1004 973
f 1005 971 1002
f 1004 971 1005
f 1003 1392 1007
f 1006 1003 1007
f 1007 1392 974
f 1004 1008 975
f 973 1004 975
f 1005 1398 1004
f 1009 1006 1007
f 1007 974 976
f 1008 1010 1393
f 1010 1394 1393
f 977 1393 1394
f 1010 1405 1394
f 1014 981 979
f 1015 1013 1395
f 1013 980 1395
f 981 1014 983
f 983 1014 1016
f 1041 1015 1017
f 982 984 1018
f 1015 1395 1018
f 1019 983 1016
f 985 983 1019
f 1402 1017 1018
f 1020 1017 1402
f 986 1402 984
f 1019 1021 987
f 1403 1022 1020
f 1403 988 1022
f 987 1021 990
f 991 1023 1024
f 990 1023 991
f 990 1021 1023
f 1024 1025 992
f 1023 1048 1024
f 1022 988 1025
f 991 1024 993
f 994 993 1024
f 992 994 1024
f 1026 1027 999
f 999 1000 1026
f 1001 1397 1000
f 998 1027 1002
f 1026 1028 1027
f 1029 1028 1026
f 1031 1030 1029
f 1397 1031 1029
f 1397 1029 1026
f 1031 1397 1003
f 1027 1032 1005
f 1002 1027 1005
f 1032 1027 1028
f 1033 1030 1031
f 1003 1006 1031
f 1032 1409 1398
f 1398 1034 1008
f 1033 1006 1399
f 1399 1006 1009
f 1008 1034 1010
f 1011 1406 1400
f 1400 1406 1035
f 1405 1010 1036
f 1012 1394 1405
f 1037 1035 1406
f 1039 1037 1406
f 1012 1405 1040
f 1015 1039 1013
f 1042 1016 1401
f 1401 1016 1014
f 1016 1042 1044
f 1044 1042 1045
f 1046 1043 1020
f 1020 1043 1017
f 1019 1044 1021
f 1404 1047 1048
f 1404 1045 1047
f 1404 1044 1045
f 1407 1047 1046
f 1022 1025 1407
f 1022 1407 1020
f 1021 1404 1023
f 1025 1024 1048
f 1047 1407 1048
f 1025 1048 1407
f 1030 1408 1029
f 1030 1049 1408
f 1033 1410 1030
f 1034 1398 1409
f 1032 1408 1409
f 1409 1049 1051
f 1049 1410 1051
f 1033 1053 1410
f 1410 1053 1052
f 1033 1399 1053
f 1050 1054 1036
f 1034 1050 1036
f 1055 1054 1411
f 1054 1050 1411
f 1056 1412 1052
f 1035 1037 1056
f 1053 1035 1056
f 1054 1057 1038
f 1036 1054 1038
f 1057 1054 1055
f 1055 1411 1412
f 1058 1055 1412
f 1039 1063 1037
f 1056 1037 1059
f 1057 1060 1040
f 1038 1057 1040
f 1061 1057 1055
f 1059 1063 1058
f 1039 1041 1063
f 1059 1037 1063
f 1042 1401 1060
f 1042 1060 1064
f 1061 1064 1060
f 1064 1061 1065
f 1043 1065 1062
f 1042 1064 1045
f 1065 1046 1413
f 1046 1047 1413
f 1045 1413 1047
f 1052 1412 1411
f 1058 1061 1055
f 4 1066 2
f 21 1066 25
f 21 1072 1066
f 12 1067 11
f 12 9 1067
f 9 40 1067
f 41 1083 44
f 1 1069 1068
f 11 8 1068
f 1 3 1069
f 16 12 1069
f 17 1070 16
f 17 18 1070
f 48 1074 1071
f 14 15 1071
f 20 1 15
f 16 1072 17
f 16 3 1072
f 49 78 1073
f 47 13 1073
f 14 1071 1074
f 48 82 1074
f 19 50 23
f 1074 50 19
f 22 49 18
f 23 54 27
f 28 1078 1075
f 5 4 1075
f 51 1076 53
f 51 22 1076
f 55 53 1077
f 5 1075 1078
f 28 27 1078
f 32 5 31
f 32 6 5
f 32 1079 6
f 32 35 1079
f 29 57 1077
f 30 33 31
f 33 34 1080
f 34 35 1080
f 34 64 35
f 33 1081 62
f 33 30 1081
f 33 62 34
f 64 34 63
f 8 7 1082
f 38 36 1082
f 72 71 1083
f 39 40 1083
f 43 46 42
f 74 1094 45
f 78 79 1084
f 74 45 1084
f 50 1074 82
f 81 49 1085
f 84 1087 1086
f 86 1087 84
f 86 89 1087
f 85 1100 1088
f 83 1085 1088
f 53 55 85
f 56 1089 58
f 56 89 1089
f 29 59 57
f 60 1090 93
f 60 64 1090
f 61 58 1091
f 64 63 95
f 65 61 97
f 101 103 67
f 37 36 1092
f 69 68 1092
f 43 42 1093
f 37 1092 1093
f 106 1108 1094
f 72 41 1094
f 75 108 1095
f 110 1096 1095
f 111 152 109
f 76 1097 77
f 1096 110 76
f 76 77 1096
f 113 80 1097
f 80 82 1097
f 114 154 112
f 112 79 1098
f 115 1099 80
f 114 1098 116
f 83 116 1098
f 84 1099 117
f 84 1086 1099
f 116 1100 118
f 116 83 1100
f 119 121 1101
f 86 84 1101
f 55 90 87
f 120 158 1102
f 118 1100 1102
f 88 86 121
f 87 91 120
f 120 1102 87
f 92 1103 123
f 92 88 1103
f 125 126 123
f 162 122 124
f 122 91 1104
f 127 1111 1104
f 61 1091 94
f 127 1090 129
f 96 94 128
f 135 129 98
f 99 96 133
f 137 100 140
f 137 139 100
f 140 100 1105
f 100 101 1105
f 141 1105 1106
f 68 1107 73
f 68 103 1107
f 105 1108 144
f 146 106 148
f 110 1095 147
f 106 109 148
f 110 147 1109
f 147 1117 1109
f 112 152 111
f 152 112 154
f 123 1103 1110
f 125 123 163
f 123 1110 163
f 165 125 163
f 164 1125 124
f 164 124 1111
f 130 1112 166
f 130 135 1112
f 131 128 1113
f 1113 167 131
f 171 208 1114
f 172 136 1114
f 173 169 172
f 139 138 104
f 140 175 137
f 141 1106 177
f 182 1429 144
f 178 180 138
f 184 1117 1115
f 147 107 1115
f 185 222 1116
f 183 146 1116
f 147 1115 1117
f 184 186 1117
f 148 149 185
f 151 150 188
f 189 224 187
f 190 1119 1118
f 153 151 1118
f 189 187 154
f 155 1119 191
f 155 115 1119
f 192 1130 1120
f 189 154 1120
f 193 231 1121
f 157 155 1121
f 194 1131 1122
f 192 156 1122
f 119 157 195
f 194 1123 196
f 194 1122 1123
f 159 119 197
f 196 1124 198
f 196 158 1124
f 198 1124 199
f 163 161 200
f 202 201 1125
f 165 200 203
f 165 163 200
f 202 164 204
f 202 1125 164
f 168 131 167
f 166 1112 206
f 172 1126 173
f 172 208 1126
f 210 1127 212
f 212 1127 176
f 214 1431 179
f 181 1128 219
f 181 180 1128
f 220 1138 218
f 219 184 181
f 183 1116 220
f 220 1116 222
f 185 187 1139
f 225 188 1129
f 188 150 1129
f 190 188 227
f 190 1118 188
f 191 190 228
f 229 1142 1130
f 229 192 1131
f 195 1121 231
f 230 1131 232
f 194 232 1131
f 197 195 233
f 232 194 234
f 161 197 235
f 237 1132 235
f 234 198 236
f 203 200 1132
f 238 202 240
f 239 1150 242
f 204 243 240
f 204 206 243
f 207 1133 243
f 173 1136 207
f 1134 1418 167
f 1418 1134 244
f 209 1135 247
f 209 208 1135
f 248 209 247
f 245 1136 1424
f 245 1133 1136
f 175 211 178
f 212 250 210
f 253 213 214
f 253 251 213
f 219 1137 258
f 219 1128 1137
f 259 295 1138
f 257 217 1138
f 260 1140 223
f 262 299 1427
f 261 259 1427
f 263 225 1140
f 225 223 1140
f 262 224 264
f 262 1139 224
f 227 188 225
f 265 1157 1141
f 264 226 1141
f 228 227 1143
f 265 1142 267
f 265 1141 1142
f 268 1144 1143
f 1143 1144 228
f 267 230 269
f 267 229 230
f 231 1144 270
f 269 230 271
f 272 1147 1145
f 233 231 1145
f 273 1159 1146
f 271 232 1146
f 272 1148 1147
f 273 236 274
f 273 1146 236
f 275 277 1148
f 235 1147 237
f 274 1149 276
f 274 236 1149
f 241 1150 279
f 241 242 1150
f 278 1151 280
f 278 240 1151
f 245 1424 284
f 249 251 288
f 286 1152 250
f 253 1153 289
f 253 215 1153
f 256 255 292
f 291 257 1168
f 257 1138 295
f 260 1154 296
f 260 221 1154
f 297 1169 261
f 295 259 261
f 297 261 299
f 263 1140 300
f 298 300 1140
f 301 1173 1155
f 299 262 1155
f 1156 266 263
f 301 1157 303
f 301 1155 1157
f 302 266 1156
f 267 304 265
f 267 269 304
f 268 307 270
f 271 1159 306
f 309 1160 1158
f 272 1145 1158
f 308 306 1159
f 272 1158 1160
f 310 273 312
f 275 1148 1160
f 276 278 1161
f 279 1150 1162
f 277 314 1162
f 317 315 280
f 1415 1414 319
f 317 1415 319
f 246 281 321
f 323 1163 283
f 324 1163 323
f 324 284 1163
f 322 284 324
f 1166 286 325
f 286 287 326
f 1152 1166 290
f 287 1164 326
f 327 1164 288
f 329 328 1165
f 289 1153 1165
f 326 325 286
f 325 330 1166
f 292 1167 334
f 292 255 1167
f 333 1168 335
f 333 332 1168
f 296 336 1170
f 337 1169 339
f 337 293 1169
f 298 1170 340
f 341 1184 1171
f 339 297 1171
f 300 298 1172
f 341 1173 301
f 341 1171 1173
f 342 343 1172
f 303 344 301
f 344 303 345
f 346 1175 1174
f 305 302 1174
f 348 1175 346
f 348 307 1175
f 345 304 347
f 308 349 347
f 307 348 309
f 351 308 310
f 351 310 353
f 275 311 354
f 275 1160 311
f 353 312 355
f 314 275 356
f 360 362 1176
f 318 316 1176
f 359 317 361
f 318 1176 362
f 364 361 1177
f 319 282 1177
f 367 1178 366
f 323 366 1178
f 368 1178 367
f 368 1179 1178
f 368 1194 1179
f 365 322 1179
f 325 1180 369
f 325 326 1180
f 371 1180 1181
f 326 1164 1181
f 379 381 1182
f 334 1167 1182
f 378 333 380
f 337 382 335
f 384 382 1183
f 382 337 1183
f 340 338 385
f 340 1170 338
f 384 1184 386
f 384 1183 1184
f 385 342 340
f 301 1185 341
f 301 389 1185
f 343 342 388
f 387 1185 389
f 390 1188 1186
f 302 343 1186
f 391 1201 1187
f 389 344 1187
f 346 1188 392
f 346 1174 1188
f 391 1187 393
f 348 346 394
f 351 396 349
f 350 397 352
f 399 1190 352
f 400 1205 1189
f 398 353 1189
f 356 1190 401
f 356 354 1190
f 403 1192 401
f 402 1207 1191
f 400 1189 1191
f 360 1192 405
f 360 358 1192
f 404 1193 406
f 404 402 1193
f 412 367 411
f 413 367 412
f 413 368 367
f 414 1194 413
f 414 410 1194
f 420 417 373
f 422 379 376
f 426 1197 1195
f 381 379 1195
f 427 1212 1196
f 424 380 1196
f 383 1197 426
f 383 338 1197
f 427 382 384
f 427 1196 382
f 426 428 383
f 1198 429 386
f 430 1199 385
f 384 386 429
f 387 1217 1198
f 431 1200 1199
f 388 342 1199
f 432 1217 387
f 390 1200 433
f 390 1186 1200
f 432 1201 434
f 432 387 1201
f 392 390 433
f 434 391 436
f 394 392 435
f 436 395 437
f 438 1203 1202
f 438 397 1203
f 396 398 1204
f 438 440 397
f 441 1205 400
f 441 439 1205
f 401 1206 442
f 401 1190 1206
f 442 444 403
f 1207 443 400
f 443 1207 1208
f 402 404 1208
f 405 1192 1209
f 403 444 1209
f 447 404 406
f 452 412 411
f 416 1224 415
f 458 1225 1210
f 459 419 1210
f 461 422 459
f 423 378 1211
f 424 462 1211
f 463 425 461
f 426 1195 467
f 466 1212 468
f 466 465 1212
f 469 428 426
f 468 1213 470
f 468 427 1213
f 469 471 428
f 473 1216 1214
f 430 428 1214
f 474 1229 1215
f 472 429 1215
f 431 1216 475
f 431 1199 1216
f 474 1215 1217
f 433 431 476
f 477 1230 1218
f 474 432 1218
f 435 392 478
f 477 1218 479
f 479 436 481
f 438 1202 482
f 480 482 1202
f 481 437 483
f 484 440 438
f 485 1234 439
f 437 1204 483
f 439 441 485
f 442 1219 488
f 442 1206 1219
f 487 441 443
f 490 531 445
f 492 1236 1220
f 494 449 1220
f 445 1221 490
f 445 1208 1221
f 495 449 494
f 453 452 495
f 454 1222 451
f 454 497 1222
f 496 1238 1223
f 498 455 1223
f 456 1224 499
f 456 415 1224
f 501 1240 1225
f 502 1227 1225
f 460 421 1226
f 421 1228 1226
f 505 461 1227
f 421 1211 1228
f 462 506 1228
f 467 464 510
f 469 510 512
f 469 467 510
f 473 514 516
f 473 1214 514
f 517 1245 1229
f 515 472 1229
f 475 473 518
f 517 1229 474
f 520 1246 1230
f 517 474 1230
f 478 476 521
f 520 477 522
f 525 1233 1231
f 482 480 1231
f 526 1248 1232
f 524 481 1232
f 484 1233 527
f 484 438 1233
f 526 1234 528
f 526 1232 1234
f 530 488 486
f 531 1251 1235
f 529 487 1235
f 489 488 530
f 489 444 488
f 532 1252 1236
f 495 494 537
f 493 450 1237
f 450 1222 1237
f 497 1237 1222
f 538 1255 1238
f 540 498 1238
f 541 501 1239
f 1416 500 1239
f 544 1240 543
f 544 502 1240
f 503 1226 1241
f 504 546 1241
f 544 1258 502
f 547 505 502
f 506 1242 504
f 506 550 1242
f 552 510 1243
f 509 466 551
f 510 552 512
f 511 513 553
f 516 514 1244
f 558 1262 1245
f 556 515 1245
f 558 1245 517
f 519 518 559
f 560 1263 1246
f 558 517 1246
f 562 1264 1247
f 560 520 1247
f 523 521 563
f 525 1231 564
f 565 1266 1248
f 566 527 525
f 567 1268 1249
f 565 526 1249
f 530 1250 570
f 530 486 1250
f 1251 573 1269
f 569 529 1251
f 572 574 570
f 571 1269 573
f 575 1270 1252
f 577 535 1252
f 579 535 577
f 579 537 535
f 534 493 1253
f 536 578 1253
f 539 1254 536
f 539 582 1254
f 580 1274 1255
f 582 540 1255
f 541 1256 583
f 541 1239 1256
f 585 625 586
f 546 1257 545
f 546 1259 1257
f 586 1276 1258
f 589 547 1258
f 546 1242 1259
f 548 590 1259
f 593 552 1260
f 552 1243 1260
f 592 551 553
f 594 554 552
f 592 553 595
f 557 1244 1261
f 598 1280 1262
f 597 556 1262
f 558 1263 598
f 598 1262 558
f 602 600 1263
f 600 598 1263
f 561 559 603
f 604 1281 1264
f 602 560 1264
f 606 1267 1265
f 564 563 1265
f 607 1284 1266
f 566 1267 608
f 566 525 1267
f 609 649 1268
f 607 565 1268
f 570 568 612
f 611 1269 571
f 611 567 1269
f 572 570 612
f 613 1285 571
f 616 1270 614
f 1271 577 616
f 616 1286 1271
f 618 580 1271
f 576 534 1272
f 578 617 1272
f 578 1254 1273
f 581 620 1273
f 621 1274 619
f 621 581 1274
f 583 1275 622
f 583 1256 1275
f 587 1257 588
f 629 1276 628
f 629 589 1276
f 588 1259 590
f 593 1277 634
f 593 1260 1277
f 1290 633 635
f 594 593 636
f 595 597 1278
f 557 1261 1279
f 637 1280 639
f 637 1278 1280
f 599 1279 640
f 641 639 600
f 639 598 600
f 599 640 601
f 641 600 643
f 645 687 1281
f 643 602 1281
f 646 1283 1282
f 605 603 1282
f 646 1421 1283
f 606 1265 1283
f 647 1297 1284
f 608 606 648
f 647 607 649
f 650 611 1285
f 572 651 653
f 572 612 651
f 652 1285 654
f 652 694 1285
f 614 575 653
f 653 655 614
f 657 614 655
f 657 616 614
f 661 1286 658
f 661 618 1286
f 615 1272 1287
f 617 660 1287
f 620 660 1273
f 624 666 668
f 667 1288 670
f 667 623 1288
f 672 1302 1289
f 675 632 1289
f 631 676 674
f 632 675 634
f 635 1292 1290
f 678 676 1290
f 636 677 679
f 679 1304 1291
f 681 1293 1291
f 680 720 1292
f 678 1290 1292
f 680 1292 1278
f 638 1279 1293
f 682 637 639
f 642 640 683
f 682 639 641
f 686 1295 1294
f 644 642 1294
f 685 643 687
f 646 1295 688
f 646 1282 1295
f 689 1307 1296
f 687 645 1296
f 688 732 646
f 689 1297 690
f 689 1296 1297
f 1300 1422 693
f 694 696 1423
f 692 649 1299
f 695 1301 1300
f 651 1300 1301
f 695 697 1301
f 654 698 652
f 655 697 699
f 663 664 706
f 668 709 707
f 668 666 709
f 667 670 710
f 715 1303 1302
f 675 1289 1302
f 717 1303 715
f 717 719 1303
f 679 677 719
f 718 678 720
f 596 1291 1293
f 681 1291 1304
f 723 681 721
f 637 682 722
f 638 723 683
f 724 682 726
f 726 685 728
f 726 641 685
f 727 729 686
f 1294 684 686
f 730 1317 1306
f 728 685 1306
f 730 1307 731
f 730 1306 1307
f 690 733 689
f 735 1319 692
f 693 1298 736
f 734 736 1298
f 692 1299 735
f 695 693 1308
f 739 778 737
f 696 652 740
f 699 1309 741
f 699 697 1309
f 700 1322 698
f 746 704 743
f 705 662 746
f 746 785 1425
f 745 706 747
f 707 1310 748
f 707 709 1310
f 749 1310 750
f 709 710 750
f 711 1311 751
f 711 671 1311
f 708 707 712
f 748 752 712
f 715 1312 754
f 715 1302 1312
f 753 714 755
f 758 1314 717
f 759 1326 1313
f 757 718 1313
f 721 1314 760
f 721 1304 1314
f 759 1305 761
f 759 1313 1305
f 762 764 721
f 722 724 761
f 724 726 1315
f 725 1316 727
f 725 764 1316
f 728 1317 765
f 767 1317 768
f 767 765 1317
f 731 770 730
f 770 731 1318
f 772 1330 1318
f 1320 734 773
f 734 732 771
f 772 1319 774
f 772 1318 1319
f 775 1321 1320
f 736 734 1320
f 774 735 776
f 738 1321 777
f 738 1308 1321
f 741 1309 781
f 780 1322 782
f 780 740 1322
f 742 741 1323
f 1323 741 1335
f 744 1324 782
f 744 745 1324
f 783 822 785
f 785 1337 1425
f 784 1325 786
f 784 1336 1325
f 787 788 749
f 748 791 752
f 749 789 787
f 749 750 789
f 751 1311 793
f 796 795 755
f 794 1338 756
f 755 799 796
f 801 1326 759
f 801 798 1326
f 760 758 800
f 801 759 1327
f 762 760 803
f 763 1342 1327
f 804 1316 1328
f 764 762 1328
f 806 766 804
f 765 767 805
f 769 729 1329
f 770 1330 808
f 771 769 809
f 810 1330 811
f 810 808 1330
f 812 773 1331
f 773 771 1331
f 813 1348 1332
f 811 772 1332
f 775 1320 773
f 813 1332 814
f 1430 815 1333
f 778 814 776
f 779 777 817
f 818 853 1334
f 816 778 1334
f 817 781 779
f 819 1335 1417
f 783 1323 1335
f 781 1417 1335
f 825 1337 823
f 825 786 1337
f 825 784 786
f 791 788 826
f 829 1353 790
f 832 834 1338
f 797 756 1338
f 833 1355 1339
f 831 796 1339
f 836 1340 800
f 835 802 837
f 835 801 802
f 838 1341 1340
f 803 800 1340
f 837 802 839
f 838 1343 1341
f 804 1328 1341
f 840 839 1342
f 839 802 1342
f 841 806 1343
f 806 804 1343
f 842 1358 1344
f 840 805 1344
f 806 841 1345
f 809 1345 845
f 809 1329 1345
f 844 1346 846
f 844 842 1346
f 846 810 1347
f 812 847 849
f 812 1331 847
f 850 1361 1348
f 1348 1361 1347
f 812 849 1430
f 852 850 813
f 854 1417 1349
f 817 1333 1349
f 820 1336 824
f 820 782 1336
f 856 1364 823
f 824 1350 860
f 824 784 1350
f 826 1352 1351
f 862 861 1351
f 830 792 866
f 828 861 866
f 862 1351 1352
f 826 787 1352
f 827 790 1353
f 829 1354 1353
f 830 865 832
f 831 868 829
f 1354 829 868
f 871 1355 833
f 871 867 1355
f 833 873 871
f 834 872 836
f 876 838 1356
f 838 1340 1356
f 875 837 877
f 876 1357 838
f 877 839 878
f 841 1357 879
f 841 1343 1357
f 880 1367 1358
f 878 840 1358
f 880 842 844
f 880 1358 842
f 845 843 882
f 845 1345 843
f 883 1368 844
f 884 1360 1359
f 844 846 883
f 884 1370 1360
f 849 847 1360
f 885 918 1361
f 849 1360 851
f 815 851 888
f 889 1372 1362
f 887 852 1362
f 855 893 853
f 856 819 1363
f 854 891 1363
f 858 823 1364
f 856 1363 1364
f 1354 868 901
f 900 864 901
f 872 870 903
f 903 1376 905
f 873 902 871
f 876 1356 904
f 877 1365 907
f 908 1365 910
f 908 907 1365
f 911 913 1366
f 879 1357 1366
f 910 1367 912
f 910 1365 1367
f 881 879 913
f 881 843 879
f 912 1368 914
f 912 880 1368
f 915 1369 881
f 914 1368 916
f 884 1369 917
f 884 1359 1369
f 916 883 918
f 848 1361 918
f 886 1370 921
f 886 851 1370
f 922 1379 1371
f 920 885 1371
f 888 886 923
f 922 1372 924
f 922 1371 1372
f 923 1426 890
f 857 895 893
f 895 1373 892
f 930 892 1373
f 895 859 1373
f 897 1374 932
f 899 931 869
f 897 898 1374
f 901 934 900
f 903 870 935
f 902 1375 867
f 905 1376 941
f 941 973 943
f 940 906 942
f 940 902 906
f 942 906 1377
f 906 907 1377
f 919 917 951
f 919 884 917
f 953 1380 1378
f 921 919 1378
f 954 989 1379
f 921 1378 1380
f 956 954 924
f 925 891 1381
f 1426 955 1381
f 960 1382 958
f 960 929 1382
f 936 931 1383
f 932 962 1383
f 964 968 936
f 937 1375 938
f 938 966 937
f 939 967 941
f 1375 940 938
f 972 970 942
f 943 973 1384
f 972 1385 974
f 972 942 1385
f 974 944 976
f 974 1385 944
f 946 945 977
f 946 911 945
f 978 976 1386
f 976 944 1386
f 979 1388 1387
f 948 946 1387
f 978 947 980
f 949 915 1388
f 950 916 952
f 980 1389 982
f 983 951 949
f 951 917 949
f 982 950 984
f 952 984 950
f 984 952 986
f 953 1378 985
f 920 1379 986
f 986 1379 989
f 987 990 953
f 924 926 956
f 957 993 958
f 957 991 993
f 968 964 1390
f 964 996 1390
f 1391 1002 967
f 939 968 1391
f 966 938 969
f 966 1001 997
f 972 1392 969
f 1009 1007 976
f 977 945 1393
f 975 1008 1393
f 1011 976 978
f 1011 1400 976
f 979 1394 1012
f 979 1387 1394
f 1011 980 1013
f 1011 978 980
f 1012 1014 979
f 982 1395 980
f 982 1018 1395
f 985 1019 987
f 989 1396 988
f 989 954 1396
f 992 959 994
f 998 999 1027
f 1001 1392 1003
f 1026 1000 1397
f 1001 1003 1397
f 1033 1031 1006
f 1008 1004 1398
f 1005 1032 1398
f 1009 1400 1399
f 1035 1053 1399
f 1036 1010 1034
f 1035 1399 1400
f 1009 976 1400
f 1040 1401 1012
f 1039 1015 1041
f 1014 1012 1401
f 1040 1060 1401
f 1018 984 1402
f 986 1403 1402
f 1018 1017 1015
f 1017 1043 1041
f 1019 1016 1044
f 1020 1402 1403
f 986 989 1403
f 1021 1044 1404
f 1048 1023 1404
f 992 1025 988
f 1028 1408 1032
f 1038 1405 1036
f 1038 1040 1405
f 1013 1406 1011
f 1013 1039 1406
f 1046 1065 1043
f 1020 1407 1046
f 1049 1409 1408
f 1028 1029 1408
f 1050 1409 1051
f 1050 1034 1409
f 1052 1051 1410
f 1049 1030 1410
f 1051 1411 1050
f 1051 1052 1411
f 1056 1052 1053
f 1059 1412 1056
f 1059 1058 1412
f 1057 1061 1060
f 1062 1058 1063
f 1062 1061 1058
f 1062 1065 1061
f 1063 1041 1062
f 1043 1062 1041
f 1064 1413 1045
f 1064 1065 1413
f 210 211 1127
f 141 1431 174
f 215 214 179
f 245 1414 1133
f 245 282 1414
f 280 1415 317
f 280 1151 1415
f 499 1416 1239
f 499 1224 1416
f 817 1417 781
f 817 1349 1417
f 819 1417 854
f 171 1418 1135
f 171 168 1418
f 466 511 551
f 466 468 511
f 480 435 1419
f 478 521 1419
f 559 518 1420
f 557 599 1420
f 648 1421 691
f 648 606 1421
f 610 608 1422
f 648 1298 1422
f 1299 1423 735
f 1299 650 1423
f 248 1424 1126
f 248 1163 1424
f 747 1425 786
f 747 705 1425
f 1381 890 1426
f 923 1380 1426
f 1139 1427 222
f 1139 262 1427
f 890 1428 888
f 890 891 1428
f 179 1429 218
f 179 177 1429
f 775 1430 1333
f 775 812 1430
f 176 1431 214
f 176 174 1431
