v -0.140428 0.019540000000000002 -0.026973875000000001
v -0.14642325 0.011727375 0.016937624999999998
v -0.13287874999999999 0.0037802500000000002 0.056436874999999997
v -0.105660875 -0.0016765 0.089033625000000005
v -0.070295374999999993 -0.0017916249999999998 0.1108315
v 0.073881249999999996 0.0049189999999999998 0.087398875000000001
v 0.088974499999999984 0.0072969999999999997 0.051866875
v 0.073126875000000008 0.015966374999999998 -0.037853625000000002
v 0.03790425 0.020078124999999999 -0.069821499999999995
v -0.061340749999999999 0.025821874999999998 -0.082865875000000006
v -0.109254 0.024936750000000001 -0.064450124999999997
v 0.089259875000000002 0.011200624999999999 0.0068880000000000009
v -0.1271530625 0.39791900000000002 0.13399825000000004
v -0.1334129375 0.35680875000000001 0.14928687500000001
v -0.086675437500000008 0.37678662500000004 0.12753375
v -0.090219187500000006 0.33396781249999996 0.139876
v -0.1587003125 0.26113750000000002 0.17744456250000001
v -0.20177362499999998 0.3016089821428572 0.17626298214285713
v -0.19361343749999999 0.23054475000000002 0.159747375
v -0.2295660625 0.27349899999999994 0.15941368749999998
v -0.1645549375 0.41295162500000004 0.12772525000000001
v -0.16807825000000001 0.377128825 0.14739235000000001
v -0.16175131249999999 0.44892981250000003 0.10745031249999999
v -0.19297591071428574 0.41202458928571423 0.10750483928571429
v -0.17601371428571427 0.44850655357142843 0.073549982142857129
v -0.16713444999999999 0.4861035749999999 0.061912925000000001
v -0.15135253571428572 0.47972726785714281 0.02618471428571428
v -0.16652212499999999 0.42375273214285708 0.029435732142857145
v -0.066401017857142849 0.46260462499999999 -0.008729928571428569
v -0.017844374999999999 0.44730399999999998 -0.010875687500000002
v -0.065665062499999996 0.39642181250000003 -0.019799250000000004
v -0.021002125 0.38336787499999997 -0.021505124999999996
v 0.052437750000000005 0.34744162499999998 -0.0030193750000000004
v 0.015934187500000002 0.36662074999999994 -0.013282125000000001
v 0.061530687500000007 0.4054819375 0.0103948125
v 0.021983937499999998 0.42993143749999996 -0.00058962500000000009
v -0.050282687499999992 0.35955562499999999 0.1172080625
v -0.050096937500000008 0.31517612499999997 0.12612950000000001
v -0.023876124999999998 0.35000643749999999 0.11228656249999999
v -0.022524625 0.30355799999999999 0.11968337499999999
v -0.22892106249999997 0.40746993749999999 0.10722150000000001
v -0.19993643749999998 0.4078095625 0.075223500000000013
v -0.23735212499999997 0.40138993750000007 0.089433749999999992
v -0.20718943749999996 0.38453743749999997 0.055992874999999991
v 0.027639624999999998 0.19364981250000002 0.14365962499999999
v -0.003251875 0.18874393750000001 0.14287418749999997
v 0.023266500000000002 0.1444309375 0.13467106249999999
v -0.014251937500000001 0.14148543750000001 0.13497437499999998
v -0.13009912500000001 0.16787137500000002 0.14667937499999997
v -0.15799081249999999 0.14808718749999999 0.099022812500000001
v -0.097533031250000027 0.14071476562499999 0.13150354687499999
v -0.13996431249999999 0.11724849999999998 0.088496375000000002
v -0.15796444999999998 0.19716782499999999 0.15915052499999999
v -0.18255858928571431 0.18142894642857144 0.11226883928571429
v -0.2142965 0.22544543749999998 0.1176286875
v -0.24654468749999997 0.27172881249999997 0.124674375
v 0.062885500000000011 0.12991 0.11876637500000001
v 0.075016928571428568 0.16877960714285714 0.12949255357142855
v -0.15142643750000001 0.68114500000000011 0.083061062499999991
v -0.130411375 0.68202237499999996 0.091242589285714298
v -0.14877712500000001 0.70926137499999997 0.084774499999999989
v -0.12808743750000001 0.71222443750000008 0.090125062500000006
v 0.10480125000000003 0.13416162500000001 0.0525731875
v 0.097176687499999997 0.14049043750000004 0.010584187499999998
v 0.11213693750000001 0.16442100000000001 0.050652499999999996
v 0.097759125000000002 0.1724881875 0.0099183125
v 0.1216464375 0.20193512499999999 0.050142125000000003
v 0.1008065625 0.2127581875 0.010203437499999999
v -0.14758635714285714 0.68865448214285718 0.026171982142857146
v -0.15948845 0.68845147500000015 0.044199100000000005
v -0.15102931250000001 0.71927743749999995 0.030312999999999996
v -0.16099406250000001 0.71467349999999996 0.048801500000000005
v -0.087891187500000009 0.41727781249999996 0.12118143749999999
v -0.12808924999999999 0.4386584375 0.12388368750000001
v -0.1446074 0.51278232499999998 0.10620095000000002
v -0.13581437499999999 0.47849968749999994 0.1156621875
v -0.11735126785714285 0.51748083928571431 0.11565014285714285
v -0.092339178571428565 0.46504746428571431 0.11886457142857144
v -0.041363250000000004 0.45649018749999998 0.11357956249999998
v -0.040739343749999997 0.40677870312499997 0.11164346875
v -0.008831000000000002 0.43427343749999997 0.11097818749999999
v -0.0068588750000000021 0.38774999999999998 0.1090681875
v 0.066742562499999991 0.36914637500000003 0.129398875
v 0.07044193750000001 0.40262356250000009 0.1285774375
v 0.04265621428571429 0.3689317857142857 0.12101483928571427
v 0.043334375000000008 0.41500681250000004 0.11934818750000001
v 0.046280624999999999 0.49886362500000003 0.11427474999999999
v 0.048865609374999994 0.53964354687499994 0.100087328125
v 0.01926005357142857 0.50883858928571424 0.11121435714285716
v 0.024175349999999998 0.548572375 0.099635725000000008
v 0.099089125 0.10435950000000002 0.050639562499999999
v 0.095925937500000003 0.108671375 0.00817325
v 0.14515497499999999 0.40066525000000008 0.048993400000000006
v 0.16988235714285713 0.38152892857142862 0.079414696428571435
v 0.13378187499999997 0.36167474999999993 0.041721062500000003
v 0.15527012499999998 0.33712625000000007 0.071719937500000025
v 0.067574562500000004 0.18552031250000001 -0.021407374999999999
v 0.068784687499999997 0.15133575000000002 -0.025322250000000001
v -0.12603282499999999 0.69286537499999989 0.016430599999999997
v -0.13018062499999999 0.72006762499999988 0.020451625000000001
v -0.23870293750000002 0.27638537499999993 0.081745124999999988
v -0.20569593750000001 0.22770649999999998 0.068019937500000002
v -0.17861831249999999 0.18507675000000001 0.056602
v -0.15413837499999999 0.11917849999999998 0.038068937500000004
v -0.16188606249999998 0.151613625 0.047317999999999992
v -0.074507374999999987 0.49296662499999994 0.11702699999999999
v -0.058508875000000002 0.39202940624999999 0.11539040624999999
v -0.0041663124999999999 0.34084087499999999 0.11228025
v 0.084223687500000005 0.32813587499999997 0.13933781250000002
v 0.073350500000000013 0.29571350000000002 0.14145356249999999
v 0.11372818749999999 0.31518481249999997 0.14263006249999999
v 0.113159 0.27791557142857148 0.13899560714285714
v 0.160235875 0.33751100000000001 0.109558875
v 0.17002756249999998 0.37667856250000004 0.11507281250000001
v 0.14385787500000002 0.34468849999999995 0.13372162500000001
v 0.15138425 0.38157674999999996 0.1358245625
v -0.25268755357142858 0.38742780357142859 0.076608499999999996
v -0.21933843749999998 0.3521999375 0.048714249999999994
v 0.093831125000000001 0.1319074375 0.091584937500000005
v 0.10692318749999999 0.16317218750000001 0.094290937500000005
v 0.082639499999999991 0.10198356250000001 0.085841750000000008
v -0.030665062499999996 0.25161893749999997 0.13617199999999999
v -0.048912937500000003 0.193078625 0.14890062499999998
v -0.011777785714285716 0.24089355357142853 0.13452923214285714
v -0.025472349999999998 0.184894425 0.1444764
v -0.14358356250000001 0.31355106249999998 0.16885781249999998
v -0.098722812499999979 0.28585525000000001 0.16019149999999999
v -0.1155766875 0.22890831249999999 0.17086062499999999
v -0.048218749999999998 0.14076106250000001 0.13595856250000002
v -0.021377687499999999 0.10252812499999998 0.12347374999999998
v -0.060347625000000002 0.101777375 0.121405125
v 0.019773125000000003 0.10415378571428571 0.11992376785714284
v 0.057079025000000005 0.099000450000000004 0.10653860000000001
v -0.025446062500000002 0.059735499999999997 0.11966925
v -0.064530562500000013 0.058195125 0.1142935625
v 0.0145550625 0.060916249999999998 0.1160458125
v 0.050083749999999996 0.0618014375 0.10368243749999999
v 0.070557312499999997 0.1155720625 -0.031674937500000007
v 0.071971937499999986 0.072491062500000009 -0.038036125000000004
v 0.093306249999999993 0.067997250000000009 0.0053758125000000004
v -0.10147262500000001 0.053586812500000004 0.095629749999999999
v -0.1006699375 0.099574687499999995 0.10798368750000001
v -0.13520094642857144 0.070179749999999999 0.068097964285714283
v -0.15090243749999999 0.077140500000000001 0.022646000000000003
v -0.21490200000000001 0.35787762500000003 0.16176325
v -0.2405294375 0.3806480625 0.16133906250000002
v -0.23540862499999995 0.33091893750000001 0.17079293749999999
v -0.2625433928571429 0.36158350000000006 0.16895780357142856
v -0.16125862500000002 0.48273368750000001 0.092594874999999993
v -0.16024631250000002 0.51655818750000004 0.082625312499999992
v -0.16131481250000002 0.51900037500000007 0.051681437500000003
v 0.096398825000000007 0.20349642500000004 0.13122555
v 0.056747375000000003 0.2225434375 0.14387962499999998
v -0.093458687499999998 0.53025362499999995 0.11398024999999999
v -0.14502942500000002 0.65228132500000002 0.023523849999999999
v -0.14630490000000002 0.60656477499999994 0.025508975
v -0.1578853392857143 0.6536187678571429 0.044025517857142864
v -0.15700618750000001 0.59816524999999998 0.0472096875
v -0.085494749999999994 0.61035412499999986 0.080165249999999993
v -0.104136125 0.60068718750000005 0.097261062500000023
v -0.07758757142857145 0.57257353571428571 0.091970642857142862
v -0.10080999999999998 0.56219493749999994 0.10519081249999999
v 0.073645999999999975 0.48857937500000009 0.12000612500000001
v 0.075614249999999994 0.5228560000000001 0.11025087499999998
v -0.059153312499999999 0.5236137500000001 0.010480312499999998
v -0.10701285714285715 0.51588123214285708 0.0045805357142857132
v -0.1153614 0.464128975 -0.0012914750000000003
v 0.04488325 0.45821343750000004 0.118800375
v 0.018393312499999998 0.42295456250000002 0.11319587499999999
v 0.019815562499999998 0.465812 0.11462049999999999
v -0.041279375 0.49107112499999994 0.11382606250000001
v -0.045152499999999998 0.52446781249999996 0.10919143750000002
v -0.064551049999999999 0.50972462500000004 0.11444075000000001
v -0.072780875000000009 0.53829531249999996 0.10816418749999999
v 0.14849993750000001 0.29096206249999995 0.10832850000000001
v 0.14234306250000001 0.28883131249999999 0.060922875000000001
v -0.16054356249999999 0.68251481250000001 0.064320562499999998
v -0.15997649999999999 0.71060443749999991 0.068731374999999997
v 0.092484125000000014 0.064797187500000006 0.048768875000000003
v 0.076715187500000004 0.062871687500000009 0.081990375000000004
v 0.016867062500000002 0.37750999999999996 0.1126515625
v -0.11547199999999999 0.40862931250000001 -0.006153375
v 0.015196000000000001 0.33227818749999993 0.11678481250000002
v 0.10942849999999998 0.51400187499999994 0.048732062500000006
v 0.11776376785714288 0.50869062499999995 0.078591928571428576
v 0.10676819642857144 0.47684473214285711 0.050430392857142854
v 0.12652739285714285 0.4774386607142857 0.079170321428571416
v -0.091165937500000016 0.69414900000000002 0.065403000000000003
v -0.1068619375 0.68911737500000003 0.083477812500000012
v -0.089177312499999994 0.65932868749999995 0.070415312499999994
v -0.1066249375 0.65293449999999997 0.088885312500000008
v -0.12468262499999999 0.58999084999999996 0.10235207499999999
v -0.14571112499999997 0.58783023214285712 0.093200428571428573
v -0.12335293750000001 0.55359487499999993 0.107298
v -0.14509149999999998 0.54412287500000001 0.099002124999999996
v -0.15783425000000001 0.55034818750000003 0.075734812499999998
v -0.157466625 0.59293843749999997 0.071436625000000004
v -0.080939599999999987 0.61909102500000002 0.052531799999999997
v -0.09456790625 0.61178368750000001 0.023857109375000001
v -0.085388000000000006 0.66328837499999993 0.043783625
v -0.1010575625 0.66800099999999996 0.021211312499999999
v 0.089427750000000014 0.32983712499999995 0.010467750000000001
v 0.043464312500000005 0.28976431250000001 -0.016598624999999999
v 0.078470499999999999 0.27494987500000001 -0.0034693125000000002
v 0.070165437500000011 0.45835181249999996 0.020746625000000001
v 0.11082632142857143 0.43219787500000001 0.043059785714285717
v 0.1001828125 0.38321174999999996 0.025006999999999998
v 0.11998637499999999 0.31241456249999999 0.028774499999999998
v -0.052544062500000002 0.57013437500000008 0.053514249999999999
v -0.044814874999999997 0.56243081250000004 0.029267937499999997
v -0.078950517857142855 0.56218348214285718 0.028031517857142856
v 0.043272910714285712 0.32080433928571433 0.12784141071428573
v -0.15907118749999999 0.64699243750000002 0.0681183125
v -0.12158918749999997 0.21390100000000001 -0.026884937500000004
v -0.068973624999999997 0.21967275000000003 -0.04998325
v -0.1189010625 0.17447575000000004 -0.036406749999999995
v -0.071266312500000012 0.17719793750000001 -0.058555312499999998
v -0.129122125 0.64120637500000011 0.09624031249999998
v -0.1492163125 0.64527575000000004 0.088096875000000005
v 0.10284381249999999 0.48059800000000008 0.12250443749999999
v 0.12540165624999999 0.48907060937499997 0.10963428124999999
v 0.099687500000000012 0.51108518749999998 0.11108193750000001
v 0.1164457 0.51578467499999991 0.10134697499999998
v 0.1084159375 0.26061731249999998 0.016065437500000002
v 0.16172149999999999 0.42572700000000002 0.058981874999999996
v 0.18496319642857142 0.41505935714285713 0.090382625000000008
v 0.027660062500000002 0.1973675 -0.041094624999999996
v 0.070762749999999999 0.22561725000000002 -0.015440312500000001
v 0.034403375 0.23826175000000002 -0.030235187499999996
v 0.026701982142857138 0.49415041071428573 0.01534107142857143
v 0.0091291250000000001 0.30574649999999998 -0.02524825
v 0.0032173249999999992 0.25383174999999997 -0.036587149999999999
v -0.015140053571428572 0.20993471428571428 -0.049845750000000001
v -0.020043812499999997 0.17043243749999998 -0.060312062499999999
v 0.025224125 0.16235337499999999 -0.049010937500000004
v -0.12483549999999999 0.65912674999999998 0.014700499999999998
v -0.10602110000000001 0.69994537499999998 0.021130175000000001
v 0.0306624375 0.077688812499999996 -0.066412000000000013
v 0.026354250000000003 0.1237863125 -0.057739375000000003
v -0.020925687500000002 0.13111612500000003 -0.069476625
v -0.01746375 0.083120562499999995 -0.077992875000000003
v -0.077147142857142859 0.27648664285714286 -0.037927678571428571
v -0.032926750000000005 0.26317987500000001 -0.042951812499999999
v -0.06456569999999999 0.337911825 -0.029585649999999998
v -0.02643175 0.32066187499999999 -0.031642062500000005
v -0.016775875000000003 0.5059431875 0.00031893749999999972
v -0.099142450000000007 0.76693969999999989 0.041077424999999994
v -0.095430446428571417 0.76265439285714287 0.060237410714285705
v -0.095107500000000011 0.73261412499999989 0.04196793750000001
v -0.092744437499999999 0.72464650000000008 0.063385874999999994
v -0.090895303571428568 0.69937041071428574 0.040690589285714278
v -0.10798768750000001 0.72760818750000011 0.024857437499999999
v -0.11722291071428573 0.34291062499999997 -0.014073357142857139
v -0.047650910714285719 0.56001519642857134 0.096583696428571425
v -0.1365964375 0.27060293749999997 -0.010814875
v -0.18221700000000002 0.31728800000000001 0.016932437500000001
v -0.1708019375 0.36932431249999997 0.015703375000000002
v -0.18345400000000001 0.2448294375 0.023480812499999996
v -0.15956818750000001 0.1991224375 0.0094471250000000007
v -0.14670425000000001 0.1294408125 -0.0067452499999999995
v -0.14960593750000001 0.16226093750000001 0.00052593750000000025
v -0.14490844999999999 0.089847449999999995 -0.018053775000000001
v -0.21777474999999999 0.29220337500000004 0.044407062499999997
v -0.12510893750000002 0.74520750000000002 0.090215124999999993
v -0.14679806249999999 0.74239849999999996 0.08681212499999999
v -0.11659243750000001 0.090064624999999995 -0.054296562499999985
v -0.1186244375 0.13797243749999999 -0.044309312499999996
v -0.181706375 0.34351868750000003 0.16606143749999999
v 0.010838875 0.28758774999999998 0.124004
v 0.032259187500000001 0.27754012499999997 0.13335231249999999
v 0.063978875000000004 0.26142793749999998 0.1438053125
v 0.10423931250000001 0.23991512499999998 0.13633874999999998
v -0.069174374999999996 0.088591875 -0.077153562500000009
v -0.031114875000000004 0.00079450000000000007 0.121647375
v 0.0094710000000000003 0.0022652499999999999 0.12104875000000001
v -0.0099279999999999993 0.023544124999999999 -0.082901000000000002
v -0.158937675 0.74179685000000006 0.073504175000000005
v 0.045869892857142866 0.55537037499999986 0.070484285714285708
v 0.034520062500000004 0.5633396249999999 0.076960625000000005
v -0.25809185714285715 0.31154057142857144 0.15768403571428569
v -0.28127232499999999 0.34935929999999993 0.15766237500000002
v -0.26617850000000004 0.31855406249999996 0.094611312499999989
v -0.270814575 0.31026292499999991 0.12806472500000002
v -0.287912375 0.35975000000000001 0.10567306250000001
v -0.28858068750000004 0.34820624999999994 0.1351409375
v 0.006658125 0.23997931250000001 0.13548012500000001
v 0.027272699999999997 0.23804030000000001 0.1399676
v 0.130332225 0.24363409999999999 0.049275975
v 0.13580848214285715 0.24258933928571427 0.098031624999999997
v -0.15735868749999998 0.55469650000000004 0.048720687499999998
v -0.14242812499999999 0.56346381249999988 0.024515187500000001
v -0.14385749999999997 0.5249636875 0.022496687500000001
v -0.12332868749999999 0.606050125 0.013407312499999999
v -0.072932357142857146 0.58252033928571423 0.05987416071428571
v -0.054869187499999993 0.5740491875 0.0748903125
v -0.058875874999999994 0.26528512500000001 0.1453718125
v -0.078887750000000006 0.206587625 0.15861568749999999
v -0.22518512500000001 0.39807033928571428 0.135720375
v -0.19799150000000001 0.38322624999999999 0.141262375
v -0.0099259375000000007 0.47513593750000005 0.11325412500000001
v 0.014349160714285714 0.55065732142857138 0.019201249999999996
v -0.018839874999999999 0.55417631249999999 0.0093296249999999994
v -0.014144399999999998 0.51043539999999998 0.11088527500000001
v -0.1614304375 0.74904625000000002 0.055962187499999996
v -0.15244025000000003 0.75653864285714278 0.036168964285714283
v -0.1140533125 0.56079881250000008 0.011895875
v 0.075058196428571422 0.44694235714285718 0.12677853571428571
v 0.031324571428571424 0.56372967857142842 0.046391767857142864
v 0.046195890625 0.53087174999999998 0.035402218749999999
v 0.1768339107142857 0.40709758928571427 0.12022985714285714
v -0.072392125000000002 0.13824062500000001 -0.067966250000000006
v -0.10438293749999999 0.75181575 0.081168937499999996
v -0.10577143750000001 0.71788418749999994 0.082375500000000004
v -0.1108048125 0.76243606249999996 0.028754687499999997
v -0.13129043750000002 0.75429674999999996 0.024765312500000001
v 0.1212604375 0.19947074999999997 0.0959268125
v -0.0053128749999999999 0.29487756250000002 0.1197659375
v 0.046258124999999997 0.003150875 0.11004950000000001
v -0.27341409999999999 0.37091854999999996 0.08189337499999999
v -0.24823375 0.3338835 0.064874312499999989
v -0.010266464285714285 0.54683657142857145 0.10331410714285713
v 0.1375759375 0.45262856250000005 0.060506125000000001
v 0.062373450000000004 0.54640342499999994 0.031077624999999998
v 0.086114437500000002 0.52756206250000004 0.027722187500000002
v 0.077955812499999999 0.49724618749999999 0.026637874999999998
v 0.052906250000000002 0.55962737499999993 0.050452749999999991
v -0.1323208125 0.78665049999999992 0.027486687499999999
v -0.1124278125 0.7936201249999999 0.030946500000000002
v -0.15241737499999999 0.79171287499999987 0.037783187499999996
v -0.16015237499999999 0.78049837499999997 0.055850562499999999
v -0.15730526785714286 0.77121571428571434 0.074308946428571415
v -0.10039062500000001 0.79442893749999999 0.043492437499999995
v -0.097605750000000005 0.79287937500000005 0.061061687500000003
v -0.10561431250000002 0.77904056249999998 0.079874500000000001
v -0.10017712500000001 0.82070093749999995 0.046179187500000003
v -0.11311298214285713 0.82370124999999994 0.033941625000000003
v -0.14761027500000004 0.85625462500000005 0.039139725
v -0.14507068749999999 0.83886562499999995 0.03532925
v -0.15520162500000001 0.84833006250000009 0.047572250000000003
v -0.1531350625 0.82331568750000006 0.040520249999999994
v -0.1520510625 0.87027837500000005 0.051632625000000001
v -0.14458681249999999 0.87538356249999993 0.040501687499999994
v -0.13192992187499999 0.85649023437500005 0.032528046874999994
v -0.13178899999999999 0.83535702500000009 0.031001399999999998
v -0.12947325000000001 0.88018099999999999 0.034026374999999998
v -0.1146029375 0.876172375 0.036666625000000001
v -0.11569312500000001 0.85647969999999995 0.036095299999999997
v -0.12025785000000001 0.84031367499999998 0.033421550000000001
v -0.13390442857142856 0.81656385714285706 0.029819821428571425
v -0.14299543749999999 0.88866081250000006 0.052444937499999997
v -0.12630706250000001 0.89791074999999998 0.048394124999999996
v -0.13981777500000001 0.89021720000000004 0.041885850000000002
v -0.1277660625 0.89528859375000003 0.037661906250000002
v -0.15889268750000002 0.81003118750000003 0.05757375
v -0.15696605 0.83854707499999992 0.0600464
v -0.15256106250000001 0.86201881250000012 0.064820812499999991
v -0.14147694642857142 0.88214939285714267 0.065798821428571422
v -0.14503231250000001 0.86110943750000013 0.07644274999999999
v -0.15252748214285716 0.83322939285714293 0.075655625000000004
v -0.1347320625 0.87606631250000011 0.075656312499999989
v -0.13375662499999999 0.85955931249999995 0.082509625000000003
v -0.13931574999999999 0.83326412499999991 0.086001937499999986
v -0.156756425 0.79919287500000002 0.073358699999999999
v -0.14439783928571429 0.79574100000000003 0.085970500000000005
v -0.12924196874999999 0.87116824999999998 0.079442874999999996
v -0.12372287499999998 0.89282193749999983 0.060394562499999999
v -0.10549910714285714 0.84912133928571421 0.041021625000000006
v -0.10469424999999999 0.8732042499999999 0.0444064375
v -0.098331625000000006 0.84460869999999999 0.050889875000000001
v -0.099521714285714297 0.86855117857142861 0.054257999999999994
v -0.10972550000000002 0.8910856250000001 0.046956187500000003
v -0.11576282499999999 0.89160695000000001 0.038011824999999999
v -0.14405775000000001 0.76732770000000006 0.087491674999999991
v -0.12377049999999999 0.77184875000000008 0.088800999999999991
v -0.12334012500000001 0.7993916875 0.088380062500000009
v -0.12033943749999999 0.83455956249999996 0.087247937500000011
v -0.10592299999999999 0.80619974999999988 0.07880993750000001
v -0.097854999999999984 0.81920662499999986 0.062003999999999997
v -0.09790518749999999 0.84639031249999996 0.063320125000000005
v -0.1043965 0.83812031250000008 0.077445000000000014
v -0.10056169999999999 0.86677197500000003 0.065822574999999994
v -0.10516832499999998 0.86096577499999993 0.074981400000000004
v -0.11828207142857142 0.86116701785714289 0.081778767857142859
v -0.10619465 0.87964232499999995 0.06666382500000001
v -0.10676431249999999 0.88620874999999999 0.057631250000000002
v -0.1207109 0.8747408499999999 0.077285325000000002
v -0.11009112499999998 0.87376837499999993 0.074103999999999989
v -0.12058308928571428 0.88376667857142865 0.070494589285714282
v -0.0115975 0.70209775000000008 0.077465937499999998
v 0.0084560714285714274 0.69802069642857145 0.082894803571428574
v -0.0026850000000000003 0.73803131250000009 0.079826999999999981
v 0.017607000000000001 0.73709824999999995 0.082922562499999991
v -0.01806075 0.70518662499999996 0.023612062499999996
v -0.025743075000000001 0.70806502500000001 0.043768575000000004
v -0.014047062499999999 0.7387745 0.026994562499999999
v -0.020747874999999999 0.73940743749999993 0.049225187499999996
v 0.0050545625 0.6989046874999999 0.012411437499999999
v 0.0086149999999999994 0.73179581250000003 0.016193875
v -0.022003625000000002 0.66550137499999995 0.019696312500000004
v -0.031977312500000001 0.60703137500000004 0.025722687500000001
v -0.031075160714285718 0.66832494642857143 0.044051285714285709
v -0.039505812500000001 0.60782731250000011 0.050687624999999993
v 0.033520250000000001 0.60203593749999995 0.070052374999999986
v 0.016968214285714284 0.5934653571428572 0.088194321428571407
v -0.022327187499999998 0.70417493750000004 0.06303425
v -0.0157130625 0.7391609375 0.068189125000000003
v 0.045428312499999998 0.70236350000000003 0.062213562499999993
v 0.030753000000000003 0.70057193750000013 0.077117937499999997
v 0.039559437500000003 0.66035700000000008 0.064896187499999994
v 0.024192562500000004 0.65772200000000003 0.08075243750000001
v -0.010967824999999999 0.59128949999999991 0.093698525000000005
v -0.031784750000000001 0.60092762500000008 0.087663937499999983
v -0.0399348125 0.60613262500000009 0.071574500000000013
v 0.035654024999999999 0.60923312499999993 0.045428775000000005
v 0.021055821428571427 0.60801723214285719 0.020646625000000005
v 0.041677857142857141 0.66514630357142845 0.040305928571428569
v 0.026741750000000002 0.66757089999999997 0.018394299999999999
v -0.028785937500000001 0.66358412500000008 0.066399687499999999
v 0.00030162500000000024 0.65011574999999999 0.086674687499999986
v -0.018517250000000002 0.66006537499999995 0.08127224999999999
v 0.0018902249999999999 0.66012179999999998 0.010376649999999999
v 0.032359625000000003 0.70305950000000006 0.021826749999999999
v 0.054432749999999995 0.78084074999999997 0.060004499999999995
v 0.0512131875 0.73850331250000001 0.059317875000000006
v 0.051785187500000003 0.78003012500000013 0.042171999999999994
v 0.049160599999999999 0.74141242499999993 0.040487925000000001
v 0.046637937499999997 0.70805843749999997 0.041668000000000004
v 0.034751562499999993 0.7369718125000001 0.0240988125
v 0.026536125000000001 0.78182106250000016 0.083061249999999989
v 0.0056746249999999991 0.78217656250000001 0.081363125000000008
v -0.0080373750000000011 0.78295193750000003 0.071101000000000011
v -0.0081050624999999994 0.60494174999999994 0.00964425
v -0.012997937500000001 0.78246443749999983 0.053621750000000003
v -0.0074907500000000009 0.78070556250000001 0.031997687500000004
v 0.045545624999999999 0.78549543750000006 0.075673937499999996
v 0.038963999999999999 0.73988703571428571 0.075956946428571426
v 0.038031249999999996 0.7779540625000001 0.026863812500000001
v 0.013351812499999997 0.77217724999999993 0.020235125
v 0.019259687499999997 0.81031137499999994 0.024241687499999998
v 0.041932562499999999 0.8146365000000001 0.029722812499999997
v -0.00072933928571428585 0.82009132142857144 0.035649874999999998
v -0.0066065000000000004 0.81656343749999993 0.057157312500000002
v -0.0016850750000000001 0.81244689999999986 0.072115075000000001
v 0.054036000000000001 0.8156111250000001 0.042127500000000005
v 0.056809928571428581 0.81538635714285712 0.058829660714285713
v 0.048069424999999999 0.81301682499999994 0.075020549999999991
v 0.058645017857142857 0.84921626785714288 0.043441839285714295
v 0.047282142857142856 0.85096685714285702 0.031346642857142858
v 0.024976675 0.90992882500000005 0.031187649999999997
v 0.019269924999999997 0.89025272499999997 0.032797
v 0.01695564285714286 0.90818892857142852 0.042978446428571425
v 0.010198399999999998 0.88312735000000009 0.040227275
v 0.018853187500000004 0.87165049999999999 0.0300063125
v 0.0071546250000000004 0.85748912499999996 0.036007749999999991
v 0.034841046874999997 0.88827251562499987 0.027084796875000001
v 0.032013850000000003 0.86679905000000002 0.027201699999999995
v 0.040674000000000002 0.91519200000000012 0.0236229375
v 0.053297700000000003 0.90739734999999999 0.027292299999999999
v 0.049266425000000003 0.88630275000000003 0.030349550000000003
v 0.043528049999999999 0.86980609999999992 0.029782674999999998
v 0.030209937499999999 0.92802493749999992 0.031155562500000001
v 0.028906562500000003 0.92959931249999994 0.043141437500000004
v 0.025422 0.84591508928571435 0.026423107142857144
v -0.00030017500000000013 0.84500737500000001 0.052884724999999994
v 0.0068201785714285717 0.87729312500000001 0.055368910714285707
v 0.016934125000000001 0.90693024999999994 0.057031062500000007
v 0.030974875000000002 0.92605018750000001 0.055918687500000001
v 0.023123071428571423 0.90417494642857144 0.068945500000000007
v 0.011732187500000001 0.87467343750000004 0.071321250000000017
v 0.035662550000000001 0.91998944999999999 0.064688850000000006
v 0.033880499999999994 0.89807290000000017 0.076279825000000009
v 0.024939937499999999 0.87195650000000013 0.080757750000000017
v 0.0033050892857142853 0.84000226785714283 0.070227874999999995
v 0.01687025 0.83789743750000001 0.080832062499999996
v 0.038516824999999998 0.91216109999999995 0.070122475000000004
v 0.047655437500000009 0.93418381250000004 0.04753099999999999
v 0.046187937499999998 0.93820993750000004 0.034542187499999995
v 0.044116343749999995 0.93430943749999995 0.023388093750000002
v 0.055583437499999999 0.87769818749999995 0.0358381875
v 0.060799093749999998 0.90684378125000009 0.035877015625000001
v 0.06358649999999999 0.88162093749999992 0.043438000000000004
v 0.065784074999999984 0.90651662499999996 0.044427174999999999
v 0.05643575 0.92684893749999997 0.026474124999999998
v 0.059791400000000001 0.9295157249999999 0.035393100000000004
v 0.011699749999999998 0.81254306249999997 0.080600249999999998
v 0.031095124999999998 0.81103018750000011 0.081959624999999994
v 0.035879624999999998 0.83634025000000001 0.082308750000000014
v 0.043739062500000002 0.87021749999999987 0.080949375000000004
v 0.052969624999999999 0.83723349999999996 0.073297625000000005
v 0.060905200000000007 0.84496462499999991 0.057994100000000007
v 0.06460225 0.87412293750000003 0.055337937499999997
v 0.058808125000000003 0.87049050000000006 0.070364812499999999
v 0.065545374999999989 0.90033562499999997 0.053918000000000001
v 0.061455599999999992 0.89573619999999998 0.065473199999999995
v 0.04956976785714285 0.89846562500000005 0.074160607142857146
v 0.062144500000000005 0.91788407500000002 0.054233675000000009
v 0.061878875000000007 0.92491831250000001 0.045319874999999996
v 0.048812350000000004 0.91491785000000003 0.067408974999999996
v 0.058597437500000002 0.91142231250000005 0.063200687500000005
v 0.049615839285714287 0.9250018571428571 0.058771892857142863
v 0.10228912499999999 0.67976231249999997 0.083340624999999988
v 0.094430124999999976 0.651072875 0.083581937500000009
v 0.1197045892857143 0.67132773214285724 0.095366267857142861
v 0.10932744999999999 0.64216760000000006 0.093817075
v 0.095965125000000012 0.64937387499999999 0.032411937500000002
v 0.087435499999999999 0.65693229999999991 0.046666124999999996
v 0.1073980625 0.68078256250000002 0.036690687499999999
v 0.097912062499999994 0.68419837499999991 0.050514125000000007
v 0.11692931250000001 0.63704681249999995 0.028170000000000008
v 0.12593868750000001 0.66995106249999992 0.032165812500000002
v 0.072368125000000005 0.57685868749999991 0.031517125
v 0.0641531875 0.5890990625000001 0.051485624999999993
v 0.085064374999999984 0.61741612499999998 0.031098437499999999
v 0.07640631249999999 0.62939325000000002 0.0484589375
v 0.086562785714285717 0.65688849999999999 0.065378928571428574
v 0.097216024999999984 0.68627670000000007 0.066628800000000002
v 0.14615751785714284 0.63580094642857132 0.083996339285714275
v 0.12911101785714288 0.63618605357142854 0.094734357142857148
v 0.13479568750000001 0.59981149999999994 0.088276437499999999
v 0.117776625 0.59765762499999997 0.097576124999999986
v 0.08528706250000001 0.561031375 0.1016309375
v 0.068173000000000011 0.57293868749999988 0.091279749999999993
v 0.0618911875 0.58248893749999997 0.073217124999999994
v 0.1269890625 0.55112050000000001 0.071978624999999991
v 0.12010362500000001 0.55467981250000009 0.044500125000000001
v 0.14207425000000001 0.60111475000000003 0.065915125000000005
v 0.13014899999999999 0.60105887499999988 0.039185624999999995
v 0.075273499999999993 0.62567593749999995 0.068937250000000005
v 0.10041012499999999 0.61041693749999992 0.097207249999999995
v 0.083545687499999993 0.6196255625 0.086560374999999995
v 0.10554875000000001 0.60492674999999996 0.026333525
v 0.1406198125 0.63497768749999994 0.042491937499999993
v 0.16892267500000002 0.71207292499999986 0.061211725000000002
v 0.16825392857142857 0.70959332142857146 0.079909750000000002
v 0.15923237500000001 0.66821110714285714 0.065594017857142847
v 0.15594932499999997 0.66815407500000001 0.085279750000000001
v 0.15120507500000002 0.63566732500000001 0.064044050000000005
v 0.1482041875 0.66919412499999997 0.044021624999999995
v 0.13423612499999998 0.71076024999999998 0.096666000000000002
v 0.11654131249999999 0.71634218749999989 0.088265937500000002
v 0.10934181249999998 0.72073506249999997 0.071724687499999995
v 0.096288812499999987 0.56434287500000002 0.0266861875
v 0.1208469375 0.55059512500000007 0.093907062499999985
v 0.11050874999999999 0.72251006250000005 0.055585812500000005
v 0.11941931249999999 0.72084524999999988 0.042256750000000003
v 0.1542238125 0.7069085625 0.093858499999999997
v 0.1412935625 0.66732875000000003 0.095169312499999992
v 0.1575915625 0.71126937499999987 0.045457374999999994
v 0.13665968749999999 0.71070493749999997 0.036005312499999997
v 0.1452288125 0.74403799999999998 0.038789187500000009
v 0.1657320625 0.74338381249999996 0.046036937500000007
v 0.12789867857142856 0.75491071428571443 0.045551303571428572
v 0.119448 0.7525695 0.060512499999999997
v 0.11942581250000001 0.74824543749999983 0.075778562499999993
v 0.17594612500000001 0.74100137499999996 0.062193437499999997
v 0.17525131250000001 0.74172899999999986 0.078339124999999996
v 0.16182031250000001 0.73500118749999999 0.091686687499999989
v 0.18291949999999998 0.76489143749999988 0.063265374999999999
v 0.17361249999999998 0.76988812499999992 0.048761062500000008
v 0.15554362499999999 0.83137687500000002 0.047168812500000004
v 0.14872570000000002 0.81314354999999994 0.048076525000000002
v 0.147520875 0.83175962500000011 0.054615125
v 0.13994206249999999 0.81081456250000006 0.052957375000000001
v 0.14655075000000004 0.797511725 0.045073799999999997
v 0.13711960714285712 0.78536866071428579 0.04707839285714286
v 0.16337618750000005 0.8081350156249999 0.042469968750000003
v 0.1558216 0.7892908500000001 0.041954374999999995
v 0.17074506250000002 0.83041899999999991 0.041986875000000007
v 0.1835888125 0.82086218750000006 0.047830999999999999
v 0.178195775 0.80190384999999997 0.048837199999999997
v 0.1696119375 0.78718556249999994 0.045148500000000001
v 0.1594751875 0.84688899999999989 0.054070124999999997
v 0.16327575 0.84490942499999999 0.045944724999999992
v 0.15307921428571428 0.77113498214285703 0.041342607142857139
v 0.12733412499999999 0.77862625000000008 0.0606525625
v 0.1347010625 0.80617843750000007 0.064004937499999998
v 0.1439353125 0.82897287500000005 0.065828999999999999
v 0.15725031250000002 0.84307587500000003 0.06630912500000001
v 0.13546662500000001 0.8005192499999999 0.077736812499999988
v 0.14536612499999998 0.82351656250000005 0.077789812499999986
v 0.15622805000000001 0.83609667499999984 0.0765546
v 0.14145218749999999 0.79078881249999988 0.08960281249999999
v 0.151116375 0.81569718750000009 0.087666999999999995
v 0.12703699999999998 0.77280056249999995 0.075675312499999994
v 0.13294031249999999 0.76238512499999989 0.088188937499999995
v 0.15964818750000001 0.8291345 0.083722749999999999
v 0.1761329375 0.84536837500000006 0.0644509375
v 0.17690893750000003 0.84899768750000004 0.051325937500000002
v 0.17575074999999998 0.84535143749999997 0.042200156250000002
v 0.18499866071428572 0.79309153571428559 0.055077999999999995
v 0.19027300000000003 0.81642762499999999 0.056178499999999992
v 0.18855018749999999 0.78870481250000002 0.067411749999999993
v 0.19207031250000001 0.8128848125 0.066344874999999998
v 0.1892164375 0.83555243749999997 0.054501374999999998
v 0.185250725 0.83680595000000002 0.046293099999999997
v 0.12632014999999999 0.74077957499999991 0.088795424999999997
v 0.1424824375 0.73695781249999992 0.094945312500000004
v 0.1490304375 0.75961081249999995 0.094594437499999989
v 0.15808131250000004 0.78878424999999996 0.09460774999999999
v 0.16749074999999999 0.75752525000000004 0.090822812500000003
v 0.18029537500000001 0.76382331249999991 0.078347
v 0.18527339999999998 0.78776637500000002 0.07958019999999999
v 0.17471368750000002 0.78513406249999995 0.090008999999999992
v 0.18864787500000002 0.80998312499999991 0.077542
v 0.18053487499999998 0.80789654999999994 0.086973725000000002
v 0.16670328571428569 0.81365089285714287 0.090669017857142847
v 0.18659805000000002 0.82625302499999997 0.075788499999999981
v 0.18920418750000001 0.83154481250000001 0.065704937500000005
v 0.170237 0.82770224999999997 0.085046125
v 0.17994599999999999 0.82272000000000001 0.083781437500000014
v 0.173107640625 0.83641543749999991 0.076896343749999999
v 0.1037151875 0.54733062499999996 0.10262637499999999
v 0.19248674999999998 0.54118218750000002 0.11091912500000001
v 0.20529116071428569 0.53293357142857156 0.12117791071428569
v 0.20780418749999999 0.55981031250000002 0.11463437500000002
v 0.21927580000000002 0.55278150000000004 0.12366724999999999
v 0.20574862499999999 0.53838524999999993 0.067759249999999993
v 0.19230981250000001 0.54573700000000003 0.080304062500000009
v 0.22096175000000001 0.56037262499999985 0.072104000000000001
v 0.20773425000000001 0.56712174999999998 0.083463312499999998
v 0.22324582500000001 0.52498197499999999 0.067228674999999988
v 0.23836568749999998 0.54544862499999991 0.071987937500000002
v 0.16030437499999997 0.47776193749999996 0.064770937500000014
v 0.15295868749999997 0.49305062499999996 0.081579374999999996
v 0.18725037500000002 0.51275899999999996 0.066535874999999994
v 0.17660535000000002 0.52322299999999999 0.078922224999999999
v 0.18534675000000003 0.42996252499999998 0.1201627
v 0.19714162499999999 0.45652374999999989 0.120615625
v 0.16775085714285715 0.4343046607142857 0.13095599999999999
v 0.18294849999999999 0.466061 0.12788031250000001
v 0.18942879999999998 0.54792445000000001 0.096225074999999993
v 0.20382356249999997 0.56622474999999994 0.099727312499999998
v 0.21830181250000003 0.49137243750000004 0.11859343750000002
v 0.23468443750000001 0.51459574999999991 0.117844
v 0.2043603125 0.50040525000000002 0.12514943750000002
v 0.22021800000000002 0.52248106249999993 0.12363574999999999
v 0.15225445000000004 0.45052064999999997 0.13306807500000001
v 0.1685494285714286 0.47948810714285711 0.12639558928571429
v 0.13414126785714284 0.4655514642857142 0.12777560714285713
v 0.15277492499999998 0.48623287500000001 0.11765644999999998
v 0.14932518750000001 0.49313462499999994 0.1026171875
v 0.22509760000000001 0.48432379999999997 0.10478827500000001
v 0.20512149999999998 0.45099381250000004 0.1052128125
v 0.22561106250000001 0.48753037500000002 0.084969624999999993
v 0.20276037499999999 0.44952149999999991 0.08346231250000001
v 0.17292157142857142 0.52419471428571418 0.097143982142857133
v 0.19238254999999999 0.51126012499999995 0.12333232499999999
v 0.17703532142857142 0.51588748214285707 0.11409785714285714
v 0.23977743750000002 0.5159423125 0.081077187500000009
v 0.20696224999999999 0.49631753571428572 0.066467160714285725
v 0.26886787499999998 0.5610854999999999 0.12163350000000001
v 0.25004532142857144 0.53572719642857147 0.12024982142857141
v 0.27482581249999999 0.55743781250000002 0.1083290625
v 0.25854106249999997 0.53187531250000009 0.10515306250000001
v 0.24282519642857142 0.50987562499999994 0.10184632142857142
v 0.25558799999999998 0.53705231249999996 0.086526999999999993
v 0.23565002499999999 0.57122852499999999 0.12679584999999999
v 0.22571871428571427 0.58398150000000015 0.11820792857142856
v 0.22074512499999999 0.5897893125 0.10340199999999999
v 0.17971712499999998 0.45575793749999993 0.062319124999999996
v 0.22486962499999999 0.59188668750000006 0.088602374999999997
v 0.23724724999999999 0.58651868750000002 0.077742562500000001
v 0.25181931249999995 0.5643034375 0.12769962499999998
v 0.23272956249999999 0.54245387500000009 0.1259086875
v 0.27145081249999997 0.56316868749999993 0.091019312500000005
v 0.25385875000000002 0.57140350000000006 0.077548999999999993
v 0.26756193750000001 0.59439406249999993 0.080793687500000017
v 0.28563682142857144 0.58688346428571436 0.094607285714285713
v 0.25028151785714287 0.60931617857142861 0.082407357142857129
v 0.2369814375 0.61107318750000006 0.093502562499999997
v 0.2337255 0.60702987499999983 0.10734156249999999
v 0.28682649999999998 0.57901831250000013 0.11245337499999999
v 0.27868015000000002 0.58044547499999999 0.122704225
v 0.26370474999999993 0.58284793749999997 0.12712837500000002
v 0.29765199999999997 0.60036906250000011 0.11171618750000001
v 0.29756512499999993 0.61028112499999998 0.096703625000000001
v 0.27551231250000002 0.66663000000000006 0.095935187499999991
v 0.28262606249999994 0.66134768749999995 0.090208312499999999
v 0.2666974821428571 0.64955153571428559 0.092092392857142838
v 0.27674312499999998 0.64909593749999994 0.088899437499999998
v 0.27379389999999998 0.63727752500000001 0.086368024999999973
v 0.26336418750000001 0.6289376874999999 0.0858668125
v 0.28966166071428573 0.64166758928571432 0.087016035714285705
v 0.28253355000000002 0.62779200000000002 0.085459399999999977
v 0.29975646428571429 0.65743630357142868 0.088558857142857134
v 0.30443045000000002 0.63587579999999999 0.094156474999999989
v 0.31186637499999997 0.64800352499999991 0.097689025000000013
v 0.29630643750000002 0.62370318749999998 0.090937062500000013
v 0.29138625000000001 0.67262325000000001 0.091573125000000005
v 0.28722465000000003 0.67708195000000004 0.098407524999999996
v 0.27838478571428571 0.61371948214285721 0.084385732142857134
v 0.25017821428571424 0.63047449999999994 0.094841714285714293
v 0.26073831249999996 0.65238024999999999 0.10057750000000001
v 0.27338381249999999 0.67006331250000006 0.1049014375
v 0.28860768750000004 0.67746281250000007 0.10837468750000001
v 0.25696037499999996 0.64508506249999997 0.11015237500000001
v 0.27029687499999999 0.66329693750000007 0.11377943750000001
v 0.28372050000000004 0.67145568750000006 0.116631375
v 0.25903231249999997 0.63654731249999996 0.12030362499999998
v 0.27092372499999995 0.6552048250000001 0.12140662499999999
v 0.24448149999999999 0.62399862500000003 0.10684749999999998
v 0.24674225 0.61560887500000006 0.11838300000000002
v 0.28101292500000002 0.664385475 0.12191345000000001
v 0.30296234999999999 0.67388427500000003 0.11099145000000001
v 0.30435230357142856 0.67520569642857142 0.10014505357142858
v 0.30536421875000003 0.67032706249999996 0.090602249999999995
v 0.30978151785714286 0.62918778571428569 0.10324160714285714
v 0.31625862500000002 0.64877687500000003 0.10699931250000001
v 0.30679812499999998 0.62216293750000007 0.1144683125
v 0.31250937499999998 0.64488143750000004 0.11673974999999999
v 0.31394218750000003 0.6618643125 0.097064625000000002
v 0.31458587499999996 0.66443217499999996 0.10596517499999998
v 0.23835169999999997 0.60101830000000001 0.119417025
v 0.24639949999999999 0.58934624999999996 0.12651487499999997
v 0.25605787499999999 0.60431318749999996 0.12675750000000002
v 0.26718231250000002 0.62502337499999994 0.1279964375
v 0.27344668750000006 0.59985581250000009 0.12797675000000003
v 0.28837699999999999 0.597387 0.122824375
v 0.29824256249999997 0.62023081250000001 0.124241375
v 0.28421168749999998 0.62181831249999986 0.12961768749999997
v 0.30427668749999998 0.64328937499999994 0.1245078125
v 0.29321807499999997 0.6427235 0.12882532499999999
v 0.28023196875 0.64866756250000002 0.12770646875
v 0.30429365000000003 0.65952807499999988 0.12200109999999999
v 0.31075956249999998 0.66254587499999995 0.11519625
v 0.28897990000000001 0.66334510000000002 0.12401875000000001
v 0.29586037500000001 0.65736787500000005 0.125794875
v 0.29647433928571426 0.6694337142857143 0.11910625
v 0.19222892499999999 0.42706882499999999 0.10682285
v -0.26272956249999996 0.43574868750000001 0.10430112499999999
v -0.27970450000000002 0.42936774999999999 0.0924443125
v -0.25353950000000003 0.42589768750000007 0.14888343749999999
v -0.26627262499999999 0.41020175000000003 0.16777587499999996
v -0.28977824999999996 0.39916381250000005 0.17247081250000001
v -0.30495500000000003 0.38912724999999998 0.16097506250000002
v -0.31465181249999996 0.39191556249999998 0.140247125
v -0.25277506249999998 0.43560031249999998 0.12398550000000001
v -0.29627106250000002 0.41205006249999998 0.09213481250000001
v -0.31342906249999997 0.40212337500000001 0.113308625
v -0.33955689999999999 0.43723339999999999 0.12063689999999999
v -0.32485670312500003 0.45448881249999995 0.099350765625000004
v -0.34290539285714289 0.43052362499999997 0.14812864285714286
v -0.32671906249999999 0.42169656250000004 0.169557875
v -0.30692265000000002 0.42550072499999997 0.17848019999999998
v -0.29860012499999999 0.4640673125 0.098407187500000007
v -0.27923799999999999 0.46554743750000005 0.11223187500000002
v -0.26944606249999997 0.45964293750000002 0.13491231250000002
v -0.32352443749999998 0.4954984375 0.10198281249999999
v -0.35276106249999994 0.49938975000000008 0.10375518750000001
v -0.399339 0.51460343750000004 0.14819637499999999
v -0.38976519999999992 0.49892445000000002 0.14859877499999999
v -0.39104250000000002 0.51246262499999995 0.1653208125
v -0.38142206249999999 0.4916208125 0.16408106250000001
v -0.380872875 0.48873943749999998 0.14166187499999999
v -0.36862262499999998 0.47034412500000006 0.15429156250000001
v -0.38965170312500003 0.50854343749999997 0.12486092187499999
v -0.37985175000000004 0.49688456250000007 0.1240489375
v -0.3790287 0.52233392500000009 0.108489375
v -0.37391287499999998 0.50691843749999999 0.11045818749999999
v -0.40236225000000003 0.52456581250000001 0.12685650000000001
v -0.40709031250000005 0.5375974375 0.13186381250000001
v -0.40655904999999998 0.52957972499999995 0.14636874999999999
v -0.39907137499999995 0.53269 0.15877237500000002
v -0.36478503125 0.477867390625 0.12340928125
v -0.34900956249999998 0.45509062500000003 0.17332662500000001
v -0.36607624999999999 0.48672225000000002 0.17781124999999998
v -0.37768037500000001 0.51398837500000005 0.17710806250000002
v -0.38398406249999995 0.53631956250000001 0.16797443749999999
v -0.34430850000000002 0.48795718750000006 0.18485825000000003
v -0.35895924999999995 0.51809462500000003 0.18041762499999997
v -0.36678987499999999 0.53754531250000004 0.17046162499999998
v -0.32387974999999997 0.49539712499999999 0.1785665625
v -0.34311320000000001 0.521518225 0.17544374999999998
v -0.32511062499999999 0.45239125000000002 0.1826648125
v -0.30148956250000003 0.45900512500000001 0.17779918750000001
v -0.35330245000000005 0.53638474999999997 0.16892267499999999
v -0.38465293749999996 0.55170081250000003 0.14893581249999999
v -0.40063056249999995 0.54788037499999986 0.14067943749999998
v -0.36289381250000002 0.52580731250000001 0.10528968750000001
v -0.39006074999999996 0.53372268750000007 0.11216481250000002
v -0.37458593750000002 0.54238031250000007 0.11110831250000001
v -0.34223143749999996 0.52550249999999998 0.10825262500000001
v -0.35799656250000006 0.54560687499999994 0.1173975625
v -0.3880066875 0.55173943749999999 0.1225196875
v -0.39958159999999998 0.54311909999999997 0.11946174999999999
v -0.28478543750000002 0.43340724999999997 0.1736950625
v -0.27065335000000001 0.445611225 0.15803355000000002
v -0.2853973125 0.4689323125 0.15928837499999998
v -0.30774818749999994 0.50210656250000008 0.16082399999999999
v -0.28706949999999998 0.48662881249999995 0.134602
v -0.30067362499999994 0.49415631249999997 0.11276074999999999
v -0.32368243750000003 0.5238001874999999 0.119102125
v -0.31107062499999999 0.51771812500000003 0.1379081875
v -0.34375112500000005 0.54397600000000002 0.12796325
v -0.33392642499999997 0.538137325 0.14089049999999997
v -0.33475053124999998 0.53097229687499992 0.159914921875
v -0.35801818749999997 0.55175862500000006 0.13940162499999997
v -0.37234937499999998 0.55484475 0.13077324999999998
v -0.36810387499999997 0.54954006249999998 0.15455693749999999
v -0.35360118750000002 0.5444988125000001 0.15763168750000001
v -0.34772819999999999 0.54630587500000005 0.146200625
v 0.15627832500000002 0.40999912500000002 0.13644439999999999
v 0.13513428571428571 0.42617349999999998 0.13821050000000001
v 0.12724449999999998 0.39147362499999999 0.14016643750000002
v 0.12014900000000001 0.35347537500000004 0.14186950000000001
v 0.13807045000000001 0.31159404999999996 0.13320717499999998
v 0.092101874999999986 0.36568062500000004 0.13748212499999998
v 0.1010974375 0.40658987499999999 0.135969375
v 0.10913094999999999 0.44560444999999999 0.132454775
v 0.064327825000000005 0.3434276 0.13172119999999998
v -0.12955350000000002 0.37737512499999998 0.14103262499999999
v -0.10884774999999999 0.36672062499999997 0.137860125
v -0.10688187499999999 0.38776649999999996 0.13177249999999999
v -0.111979625 0.34534137500000001 0.14556512499999999
v -0.087800374999999986 0.35587374999999999 0.13274849999999999
v -0.180194625 0.27950287499999998 0.17795112499999999
v -0.19929749999999999 0.26535587500000002 0.17234137500000002
v -0.17923787499999999 0.24520987499999999 0.17256362499999997
v -0.21795837499999998 0.285259875 0.17086899999999999
v -0.21210424999999999 0.25218212499999998 0.15988749999999999
v -0.16727937500000001 0.39435750000000003 0.13831399999999999
v -0.14910412499999998 0.38691275000000003 0.14101274999999999
v -0.14670949999999999 0.40684824999999997 0.13272475
v -0.15325074999999999 0.36726562500000004 0.15012312499999997
v -0.162855 0.43083474999999999 0.11719850000000001
v -0.17593924999999999 0.43092787500000002 0.10549462499999999
v -0.179492875 0.41375699999999999 0.11882624999999999
v -0.17214537499999999 0.44905475 0.093495750000000002
v -0.184029 0.429265375 0.090805500000000011
v -0.16331087499999999 0.48170774999999999 0.046707000000000005
v -0.16629425 0.46089675000000002 0.047651499999999999
v -0.16965562499999998 0.46993049999999997 0.065253249999999999
v -0.15686125000000001 0.45281212500000001 0.027439999999999999
v -0.17417874999999999 0.437922125 0.050785249999999997
v -0.040297624999999997 0.45343275 -0.011985750000000002
v -0.041174875000000007 0.42214387499999995 -0.017271999999999999
v -0.064805625000000006 0.42814399999999997 -0.014765125
v -0.01922925 0.41540087500000006 -0.016418874999999999
v -0.042332624999999999 0.39029749999999996 -0.022298624999999999
v 0.034160500000000003 0.35697625000000005 -0.0084808750000000006
v 0.038017124999999999 0.38745687499999998 -0.0020895000000000002
v 0.056981999999999998 0.37671174999999996 0.0035986249999999998
v 0.019057625000000002 0.39829737500000006 -0.0070196249999999998
v 0.041974999999999998 0.41755462500000001 0.0039826250000000001
v -0.049133374999999993 0.33759487500000007 0.12051437499999999
v -0.03422625 0.33161312500000001 0.11680325
v -0.036414374999999999 0.35516625000000002 0.114021125
v -0.034842125000000002 0.30879674999999995 0.121994875
v -0.022114875000000003 0.32678225 0.11492912500000001
v -0.214205375 0.40447424999999998 0.092896124999999996
v -0.21780062499999997 0.39934625000000001 0.082631750000000004
v -0.232530125 0.40571087499999997 0.097233
v -0.20265012500000001 0.397951 0.063677999999999998
v -0.22261562499999998 0.391405 0.074429375000000006
v 0.011165 0.18915412500000001 0.1432435
v 0.007081500000000001 0.16377562499999998 0.14049800000000001
v 0.027147624999999998 0.16782275000000002 0.140398
v -0.0086023750000000006 0.163875625 0.1405285
v 0.0030353749999999994 0.14105774999999998 0.13461524999999999
v -0.14466799999999999 0.15352550000000001 0.12412050000000001
v -0.13172800000000001 0.14037674999999999 0.11766750000000001
v -0.11504625 0.1557595 0.139381375
v -0.14715275 0.13342362500000002 0.094286500000000009
v -0.123067625 0.125914 0.11063387500000001
v -0.17566437500000001 0.21075187500000001 0.15835125
v -0.18872587499999999 0.20141412499999997 0.13754212499999999
v -0.16924362500000001 0.18485512500000001 0.140735625
v -0.20460449999999999 0.22226562499999999 0.139699875
v -0.19931987500000001 0.20336912499999998 0.11402949999999999
v -0.22166787500000001 0.24491987500000001 0.141235
v -0.23807200000000001 0.26717512500000001 0.142792375
v -0.23110087499999998 0.24928275 0.121238625
v 0.069044374999999991 0.14683912500000001 0.12400812500000001
v 0.049225875000000002 0.15563887500000001 0.13396787499999999
v 0.044315499999999994 0.1359455 0.12816587499999998
v 0.049074374999999996 0.179932125 0.13971325000000001
v -0.14280475000000001 0.6818249999999999 0.088788124999999996
v -0.13981612499999999 0.69609474999999998 0.088965374999999985
v -0.14924037500000001 0.69511325000000002 0.084394374999999994
v -0.12883987500000002 0.69798837500000011 0.090244125000000008
v -0.13921162500000001 0.71026450000000008 0.089072499999999999
v 0.10349175000000001 0.13676112500000001 0.031321999999999996
v 0.105341375 0.15163725 0.030495874999999999
v 0.10829087499999999 0.14879350000000002 0.051862874999999996
v 0.097350375000000017 0.15596175000000001 0.010384875
v 0.10735824999999999 0.16761862500000002 0.02946325
v 0.11008024999999999 0.185995625 0.028859499999999996
v 0.11670925 0.18223425000000001 0.050080374999999996
v 0.098851875000000006 0.19162012500000003 0.0096712499999999993
v 0.113222 0.20656025000000003 0.028798999999999998
v -0.15557300000000002 0.68795174999999997 0.035713125000000005
v -0.15664599999999998 0.70214600000000005 0.036945249999999999
v -0.149975 0.70442650000000007 0.028489500000000001
v -0.16048662499999999 0.6999456249999999 0.046946499999999995
v -0.15745400000000001 0.71700987500000002 0.038862499999999994
v -0.087456749999999986 0.39755675000000001 0.12387925
v -0.10693975 0.40862350000000003 0.12725399999999998
v -0.108474 0.43025600000000003 0.12410750000000001
v -0.12689387499999999 0.41822787500000003 0.128541875
v -0.14032887499999999 0.49781462499999996 0.11124012500000001
v -0.12521662500000003 0.49750412500000002 0.11684787499999999
v -0.133735625 0.51649774999999998 0.11200737500000001
v -0.11725125 0.47503687499999991 0.11946062499999999
v -0.10597350000000001 0.49237625000000002 0.11843024999999999
v -0.041979124999999999 0.43537749999999997 0.11252187499999998
v -0.023331375000000001 0.420137125 0.110319
v -0.024038499999999997 0.44294387500000004 0.11177762500000001
v -0.020778124999999998 0.39540649999999999 0.109434
v -0.0083461249999999994 0.411595875 0.10965225000000001
v 0.068292624999999996 0.38266462499999998 0.12896374999999999
v 0.055678000000000005 0.38973812499999999 0.12414187500000001
v 0.057169250000000005 0.37055862499999997 0.125914375
v 0.056983625000000003 0.41099000000000002 0.123771625
v 0.042404249999999998 0.39283449999999998 0.11952987499999999
v 0.047349000000000002 0.51833275000000001 0.10906974999999999
v 0.035111000000000003 0.52333549999999995 0.10735887499999999
v 0.033870999999999998 0.50320062499999996 0.1123545
v 0.034673000000000002 0.54140674999999994 0.099631750000000005
v 0.022173375000000002 0.53130587499999993 0.106056125
v 0.10014100000000001 0.10623125 0.029751250000000003
v 0.101769625 0.122002625 0.030940124999999999
v 0.10195837500000002 0.11974024999999999 0.051918749999999993
v 0.09661125000000001 0.125043875 0.0097322499999999978
v 0.15931049999999999 0.39298937499999997 0.060715000000000005
v 0.15473037499999998 0.37260425000000003 0.060669500000000001
v 0.141171875 0.38287100000000002 0.046655375000000006
v 0.16248512499999998 0.35902762500000002 0.076201125000000008
v 0.147123 0.35141724999999996 0.055586625000000001
v 0.084257250000000006 0.17884525000000001 -0.0072841250000000007
v 0.084661249999999993 0.16168450000000001 -0.007831625
v 0.067837250000000002 0.16812050000000001 -0.023297250000000002
v 0.085368124999999989 0.14552875000000001 -0.0087071249999999996
v -0.1365075 0.69304699999999997 0.019116999999999999
v -0.14049637500000001 0.7068883749999999 0.022298375000000002
v -0.12895399999999999 0.70576625000000004 0.018440999999999999
v -0.14157762500000001 0.72164800000000007 0.024202999999999999
v -0.24304000000000001 0.270141625 0.10327437500000002
v -0.226829 0.2464385 0.098035750000000005
v -0.22212800000000002 0.25214112499999997 0.074852374999999999
v -0.21055887500000001 0.22233049999999999 0.092668125000000018
v -0.18307237500000001 0.18039862499999998 0.082797499999999996
v -0.19610949999999999 0.20013349999999996 0.087701249999999994
v -0.191077625 0.205332875 0.061978249999999999
v -0.14961550000000001 0.11562049999999999 0.063336624999999994
v -0.15462700000000001 0.13265012500000001 0.069066374999999999
v -0.15694387500000001 0.13599062499999998 0.0430455
v -0.16265812500000001 0.14797062499999999 0.073269125000000004
v -0.064263750000000008 0.45834625000000001 0.11580475
v -0.065640749999999998 0.43734637499999995 0.11546375
v -0.059588749999999996 0.47439900000000002 0.11581875
v -0.082894875000000007 0.48208825 0.117877625
v -0.14589774999999999 0.42631075000000002 0.12525675
v -0.14651875 0.44524112500000002 0.118013125
v -0.029225625000000002 0.37628637499999995 0.11090475
v -0.041448624999999996 0.37926062500000002 0.112638875
v -0.051744749999999999 0.39689200000000002 0.113472875
v -0.053536 0.37954312499999998 0.11544075000000001
v -0.016194 0.36949300000000002 0.109817625
v -0.013222125000000001 0.34507937500000002 0.11161775
v -0.005007875000000001 0.36384812499999997 0.11005637499999998
v 0.078363124999999992 0.31245650000000003 0.140090625
v 0.094914999999999999 0.30366737500000002 0.143140875
v 0.098671250000000016 0.32099225000000003 0.14239225
v 0.091958250000000005 0.286696375 0.14363375
v 0.11195000000000001 0.29746412500000002 0.14267525
v 0.1652825 0.357873 0.11205362499999999
v 0.15787812500000001 0.359954 0.12540224999999999
v 0.153752 0.34100924999999999 0.12353275
v 0.16192050000000002 0.378129875 0.12732475000000001
v 0.14765149999999999 0.363621625 0.134907
v -0.22953525000000002 0.38299262499999998 0.068076999999999999
v -0.24430962500000003 0.39649849999999998 0.082112749999999998
v -0.21380250000000003 0.37075212499999999 0.051529499999999999
v -0.23509012500000001 0.36847162499999997 0.063074624999999995
v 0.10190375 0.132423875 0.072953124999999994
v 0.10684212500000001 0.14720687500000001 0.073327000000000003
v 0.10011299999999999 0.14715587499999999 0.093407500000000004
v 0.112326125 0.162875875 0.072907250000000007
v 0.092872500000000011 0.10283849999999999 0.069546875000000008
v 0.097461249999999999 0.118084125 0.07147125
v 0.087894250000000007 0.11733499999999999 0.088911125000000008
v -0.039833 0.222902875 0.14526087499999998
v -0.028928749999999996 0.21864275 0.14269199999999999
v -0.020861874999999998 0.24705912499999999 0.134474125
v -0.035428500000000002 0.19026374999999998 0.14622712500000001
v -0.020090625000000001 0.20943262500000004 0.14236462499999999
v -0.152201 0.28968325 0.17561849999999998
v -0.12958900000000001 0.27357137500000001 0.17289774999999996
v -0.121144375 0.29921025000000001 0.16552475
v -0.13664700000000002 0.24396237499999998 0.17508649999999998
v -0.107324875 0.25905112499999999 0.16817225000000002
v -0.15916962499999998 0.22658125000000001 0.17123212499999996
v -0.13953062500000002 0.20975012500000001 0.168127
v -0.0146325 0.18879325000000002 0.14312487499999998
v -0.022387249999999997 0.16379125000000003 0.14098474999999999
v -0.036337375000000005 0.16394600000000001 0.14221862499999999
v -0.030777500000000003 0.141084875 0.13556499999999999
v -0.036688875000000003 0.1210585 0.12917375
v -0.018575000000000001 0.12152650000000001 0.12880475
v -0.056468875000000002 0.120504875 0.12837100000000001
v -0.040442624999999996 0.10210137499999999 0.12326925
v 5.5374999999999001e-05 0.121434375 0.12785750000000001
v 0.020191125000000001 0.124796875 0.12780962499999998
v -0.0020414999999999999 0.102662875 0.12229025
v 0.040468249999999997 0.11862099999999999 0.12129125000000002
v 0.041968249999999999 0.10155025000000001 0.11383825
v 0.058047124999999991 0.113960875 0.112513875
v -0.043021000000000004 0.082079499999999986 0.11973099999999999
v -0.023496375 0.082739499999999994 0.12044375
v -0.062559624999999994 0.081710624999999995 0.11687075000000001
v -0.045109249999999997 0.058806125000000001 0.11826675
v -0.0052636249999999992 0.060422875000000001 0.11889025
v -0.0035764999999999998 0.083132500000000012 0.11937175
v 0.015832249999999999 0.083343250000000008 0.11650587500000001
v 0.033080249999999999 0.061337124999999999 0.11100162500000001
v 0.034543375000000001 0.083484874999999986 0.11160387500000001
v 0.052042749999999999 0.083594749999999995 0.10470425
v 0.085978624999999989 0.1118075 -0.012992
v 0.085749999999999993 0.092557874999999998 -0.015644125000000002
v 0.071185999999999999 0.095485875000000012 -0.035290125000000006
v 0.094780875000000001 0.090062625000000007 0.0063649999999999991
v 0.085413125000000006 0.070119999999999988 -0.017304375000000004
v -0.100751125 0.078860374999999996 0.10097175
v -0.11920775 0.087535500000000002 0.091549374999999988
v -0.11831412499999999 0.063064624999999999 0.084131874999999995
v -0.12036737500000001 0.108235125 0.10117912499999999
v -0.136508875 0.097293624999999995 0.079569250000000008
v -0.14677099999999998 0.095442499999999986 0.055964124999999997
v -0.15193387500000002 0.099849375000000004 0.032943875000000004
v -0.14659775 0.072397749999999997 0.044391374999999997
v -0.22784037500000001 0.36835675000000001 0.16030700000000001
v -0.23745850000000002 0.35670625 0.1673935
v -0.22458087500000001 0.34423775000000001 0.16872899999999999
v -0.24989837500000001 0.37026237500000003 0.16763799999999998
v -0.247864 0.34499087499999997 0.16948237499999999
v -0.16092937499999999 0.49980250000000004 0.087136624999999995
v -0.16491425000000001 0.50074512500000001 0.071794125
v -0.16698550000000001 0.48340962499999995 0.077197500000000002
v -0.16296812500000002 0.51797899999999997 0.06762
v -0.16399749999999999 0.50090012500000003 0.055022500000000002
v 0.079170749999999998 0.21322625000000001 0.14021262500000001
v 0.064715875000000006 0.19718524999999998 0.13976237499999999
v 0.086619000000000002 0.188762125 0.13095499999999999
v 0.042107249999999999 0.20643525000000001 0.14366524999999997
v -0.09560624999999999 0.50471862499999998 0.11759749999999999
v -0.085794250000000002 0.512127 0.1163865
v -0.1042965 0.52507625000000002 0.11547075
v -0.14535674999999998 0.62987875000000004 0.024355500000000002
v -0.15307412499999998 0.62793074999999998 0.034251999999999998
v -0.15231812500000003 0.65373175000000006 0.031749374999999996
v -0.15225987499999999 0.60084925 0.034908250000000002
v -0.157651125 0.62548062500000012 0.045996624999999999
v -0.093552999999999997 0.60558687500000008 0.090506625000000007
v -0.091372000000000009 0.58480912500000004 0.095400625000000003
v -0.08273812500000001 0.58987924999999997 0.085693999999999992
v -0.102558625 0.579912125 0.101111625
v -0.089335750000000005 0.56680387499999996 0.10061162500000001
v 0.074051999999999993 0.50566987500000005 0.115383
v 0.06063375 0.51167675000000001 0.112577125
v 0.059726750000000002 0.49347162500000008 0.11735075
v 0.062672499999999992 0.53009475000000006 0.10686212499999999
v -0.062703750000000003 0.49639849999999996 0.0001611249999999997
v -0.086419750000000004 0.49096362500000001 -0.002924875
v -0.081980750000000005 0.51838912500000001 0.0069711249999999999
v -0.093707874999999996 0.463873125 -0.0071292499999999993
v -0.109623 0.48737312500000002 -0.0004255000000000001
v 0.044195749999999999 0.43688187500000003 0.11930100000000002
v 0.031520125000000003 0.44081312500000008 0.1162145
v 0.030640625000000001 0.418863125 0.115783
v 0.032354624999999998 0.46207850000000006 0.11623787499999999
v 0.019138624999999999 0.44479537499999999 0.11413274999999999
v -0.042633625000000001 0.50747987500000002 0.11216587499999998
v -0.055840750000000008 0.51482537500000003 0.112260625
v -0.054564874999999999 0.50059587500000002 0.11440675
v -0.059235375000000007 0.53068737499999996 0.10867987500000001
v -0.068932124999999997 0.52296174999999989 0.112337625
v 0.167898625 0.35911937500000002 0.095306249999999995
v 0.173811875 0.37822025000000004 0.099350624999999998
v 0.161466 0.33767449999999999 0.092257749999999999
v 0.1549575 0.31474175000000004 0.10892012500000001
v 0.15521749999999998 0.31402249999999998 0.089845999999999995
v 0.14916037500000001 0.28977887499999999 0.085751374999999991
v 0.148655125 0.31321787500000003 0.06665625
v -0.16106925 0.684344375 0.053565625000000006
v -0.1616515 0.697835125 0.057380625000000005
v -0.16009899999999999 0.69616125000000006 0.067545250000000001
v -0.16181637500000001 0.71245962500000004 0.05895475
v 0.088815249999999998 0.085206875000000001 0.067762375
v 0.095582374999999997 0.086490999999999998 0.049326624999999999
v 0.079085249999999996 0.084347875000000017 0.083085875000000003
v 0.086125874999999991 0.063649625000000001 0.066841999999999999
v 0.0052597499999999997 0.40523874999999998 0.11045325
v 0.0054244999999999996 0.42790700000000004 0.11152825
v 0.0052536249999999996 0.38215774999999996 0.11028837499999999
v 0.017601499999999999 0.40034424999999996 0.112507
v -0.14192450000000001 0.41651975000000002 0.0080031249999999998
v -0.138695875 0.44532112500000004 0.0099115000000000002
v -0.11401550000000001 0.43892537500000001 -0.0032558750000000001
v -0.13373275000000001 0.47245537500000001 0.0096835000000000011
v 0.016113624999999999 0.35490274999999999 0.11417512499999999
v 0.0054198749999999993 0.35916225000000002 0.11159912499999999
v 0.0051795000000000001 0.33645612500000005 0.11396475
v -0.15242549999999999 0.49859662500000002 0.10069112499999999
v -0.1505215 0.48106799999999994 0.10603274999999998
v -0.15349675000000002 0.51560062500000003 0.096014125000000006
v 0.11487512499999999 0.51094412499999997 0.062793500000000002
v 0.113042375 0.49298687499999999 0.063981750000000004
v 0.10632912500000001 0.49638262499999997 0.049753624999999996
v 0.118650375 0.48923312499999999 0.079222624999999991
v 0.11732524999999999 0.47664174999999998 0.066066374999999997
v -0.097601250000000014 0.69169487499999993 0.075615500000000002
v -0.097315750000000006 0.675792375 0.077660875000000004
v -0.090233000000000008 0.67835787499999989 0.067294875000000004
v -0.10693300000000001 0.67293225000000001 0.085628874999999993
v -0.09664325 0.65631474999999995 0.081044375000000002
v -0.13466375 0.59164050000000001 0.099583499999999991
v -0.13605687499999999 0.56917637499999996 0.10108912499999999
v -0.12509862499999999 0.57191287499999999 0.10424412499999999
v -0.14577275000000001 0.56266749999999999 0.095562000000000008
v -0.13469362499999998 0.55040875 0.1043505
v -0.15312287499999999 0.56809237499999998 0.085177749999999997
v -0.15327637500000002 0.54881124999999997 0.088097124999999998
v -0.15355574999999999 0.59108612500000002 0.082861875000000002
v -0.15729700000000002 0.56988150000000004 0.073360125000000012
v -0.084032750000000003 0.61533737500000008 0.039806874999999999
v -0.088398000000000004 0.63885100000000006 0.032612624999999999
v -0.08337 0.63971012500000002 0.046675624999999998
v -0.098402875000000001 0.64444962500000003 0.021675624999999997
v -0.091083125000000001 0.66316987499999991 0.030989999999999997
v 0.071216500000000002 0.33851500000000001 0.0033483750000000002
v 0.066288625000000004 0.31010075000000004 -0.0036861250000000002
v 0.048056000000000001 0.31825200000000003 -0.0097746250000000003
v 0.083783375000000007 0.30215062500000001 0.0034532500000000006
v 0.061239124999999998 0.28227012499999998 -0.010662625
v 0.089007124999999992 0.445308125 0.031627124999999999
v 0.085619500000000015 0.42055749999999997 0.026179874999999998
v 0.066308624999999996 0.43274712500000001 0.01619725
v 0.1052 0.40803687500000002 0.03379675
v 0.080888624999999992 0.39435550000000003 0.018179250000000001
v 0.13343600000000003 0.30296262500000004 0.043196875000000003
v 0.13998250000000001 0.32787875 0.049551625000000002
v 0.12672562500000001 0.33778249999999999 0.035465000000000003
v -0.050353499999999995 0.56718299999999999 0.04121325
v -0.060301750000000001 0.55670787499999996 0.029931124999999999
v -0.063426125 0.5653531249999999 0.042361000000000003
v -0.051430875000000008 0.54463474999999995 0.019614749999999997
v -0.07216874999999999 0.54190625000000003 0.018935
v 0.040964 0.34370624999999999 0.123467375
v 0.028085624999999999 0.35095625000000003 0.118113125
v 0.027527000000000003 0.32772725000000003 0.121284375
v 0.028722500000000002 0.37386124999999998 0.11605925
v -0.159068875 0.67448787499999996 0.045211999999999995
v -0.160515625 0.6684213750000001 0.056003375000000001
v -0.16002074999999999 0.64896287500000005 0.056691499999999999
v -0.15951137500000001 0.66667399999999999 0.06699250000000001
v -0.1154065 0.59677000000000002 0.10105199999999999
v -0.11397787499999999 0.57562562500000003 0.104172375
v -0.11206225 0.55782449999999995 0.107433
v 0.029703499999999997 0.39637975000000003 0.11554275
v -0.095732249999999991 0.21836850000000002 -0.040904125
v -0.095019999999999993 0.19712074999999998 -0.045729375000000003
v -0.11925125 0.19287012499999998 -0.032056374999999998
v -0.068874249999999984 0.19716475 -0.054272999999999995
v -0.096295499999999992 0.17750299999999999 -0.049890499999999997
v -0.117795125 0.68634012500000008 0.088886624999999997
v -0.11801675 0.67003550000000001 0.090988374999999996
v -0.12951737500000002 0.66332250000000004 0.093606000000000009
v -0.11786712500000002 0.64968074999999992 0.093962749999999998
v -0.15583824999999998 0.66566225000000001 0.07736875
v -0.15730087500000001 0.68143600000000004 0.074322250000000006
v -0.15550087499999998 0.64574250000000011 0.079072624999999994
v -0.14948112499999999 0.6654962499999999 0.086002874999999993
v 0.11500475 0.48666074999999998 0.11794062499999999
v 0.11218175 0.49979762500000002 0.11165125000000001
v 0.10088925 0.49599787500000003 0.116665875
v 0.11862475 0.50266374999999996 0.103962625
v 0.11037862499999999 0.51428787500000006 0.10662337500000001
v 0.076098750000000007 0.36674375000000003 0.010426000000000001
v 0.094818374999999996 0.35707212500000002 0.017705749999999999
v -0.090171500000000016 0.40216587500000001 -0.014471125
v -0.089089500000000002 0.43343662500000002 -0.01059475
v 0.105568 0.32116500000000003 0.018395374999999999
v 0.11185462500000001 0.34739575 0.025388874999999998
v 0.11818125 0.37205274999999999 0.031833250000000007
v 0.099448500000000009 0.29433437500000004 0.011485124999999999
v 0.11383512500000001 0.28629837499999999 0.022026999999999998
v 0.094113625000000006 0.26789162500000002 0.0047007500000000001
v 0.15366325 0.41301900000000002 0.055008625000000005
v 0.16956612500000001 0.405586 0.068850375000000005
v 0.17656875000000002 0.42039237499999998 0.072522875000000001
v 0.17789287499999998 0.39899262499999999 0.086231250000000009
v 0.04813737500000001 0.19173687499999997 -0.032667624999999999
v 0.049963624999999998 0.21081462500000001 -0.028921124999999999
v 0.068566624999999992 0.20458337500000001 -0.019003249999999999
v 0.030466374999999997 0.21661962500000001 -0.036164749999999996
v 0.052893875 0.23200937500000002 -0.023872249999999998
v 0.045812874999999996 0.44704199999999999 0.010178875
v 0.024440999999999997 0.46184975 0.0070823749999999993
v 0.049151750000000008 0.47465974999999999 0.016422374999999996
v 0.030371749999999999 0.32690550000000002 -0.014763249999999999
v 0.012784 0.33568337500000001 -0.019189375000000002
v 0.026284749999999999 0.297655 -0.021241125
v 0.016803124999999995 0.24454562499999999 -0.034647375000000001
v 0.021823499999999999 0.26999387499999999 -0.027899624999999997
v 0.038883124999999998 0.26289537500000004 -0.023530125000000002
v 0.0047152499999999981 0.27736962500000001 -0.031560875000000002
v 0.00733375 0.20211062499999999 -0.046741375000000002
v 0.011489749999999996 0.221996625 -0.041042874999999999
v -0.0048371250000000011 0.23351487500000001 -0.042997250000000001
v 0.0045777500000000002 0.18419787499999996 -0.051725375000000004
v -0.017742500000000001 0.18820599999999998 -0.055357249999999997
v 0.025881750000000002 0.17972737499999999 -0.045214000000000004
v 0.0029965 0.16659225 -0.056122249999999999
v 0.0566855 0.25601087500000003 -0.017538499999999999
v 0.074138874999999993 0.24927312500000001 -0.010083124999999998
v -0.126548625 0.67873650000000008 0.015660874999999998
v -0.11412675000000001 0.68062037500000006 0.016572624999999997
v -0.1122245 0.66112700000000002 0.016001374999999998
v -0.11568000000000001 0.69651799999999997 0.0177235
v -0.10307975 0.68590712499999995 0.021491999999999997
v 0.047452500000000009 0.17429675 -0.035751749999999999
v 0.047834250000000002 0.15708174999999999 -0.038778125000000004
v 0.053196750000000001 0.075031624999999991 -0.054454374999999999
v 0.051286875000000003 0.098668250000000013 -0.050901124999999998
v 0.02814525 0.102067 -0.062389125000000004
v 0.049799749999999997 0.11967587499999999 -0.046601375
v 0.0030089999999999982 0.12755149999999998 -0.065128875000000003
v 0.004479374999999999 0.105339875 -0.069758125000000004
v -0.019756250000000003 0.10854662500000001 -0.074007124999999993
v 0.0069793750000000021 0.080439500000000011 -0.073880124999999991
v -0.072752499999999998 0.24477625 -0.044893500000000003
v -0.052834624999999996 0.26900174999999998 -0.043137999999999996
v -0.049213750000000001 0.24148225000000001 -0.048307375
v -0.0463475 0.32764399999999999 -0.03208275
v -0.050246249999999992 0.29741412499999997 -0.037424125000000003
v -0.070984249999999999 0.31114575 -0.033397375
v -0.03096225 0.29129987499999999 -0.037330000000000002
v -0.043855249999999998 0.35882362499999998 -0.027147124999999998
v -0.0667325 0.36513337499999998 -0.024543624999999996
v -0.023296749999999998 0.35164612499999998 -0.026524875
v -0.038847875000000004 0.51208450000000005 0.0027951249999999994
v -0.039505749999999999 0.483686 -0.0051718749999999994
v -0.016812500000000001 0.47765837500000002 -0.0051029999999999999
v -0.095964999999999995 0.76369949999999998 0.048884375000000001
v -0.093842250000000016 0.74533300000000002 0.051517875000000005
v -0.097121125000000003 0.75099874999999994 0.042128999999999993
v -0.093910750000000001 0.74272812499999996 0.062274125
v -0.091953500000000007 0.72719524999999996 0.052244125000000002
v -0.097592375000000009 0.69806000000000001 0.028141625
v -0.093662625000000013 0.68223999999999996 0.0304655
v -0.087827249999999996 0.68201437499999995 0.042342875000000002
v -0.117244375 0.71105950000000007 0.019278
v -0.11859462500000001 0.72606837499999999 0.021059874999999999
v -0.106226 0.71238349999999995 0.023432999999999999
v -0.091309500000000002 0.3708495 -0.018685999999999998
v -0.11683250000000001 0.37780825000000001 -0.010017625
v -0.086777999999999994 0.33858512500000004 -0.025292874999999999
v -0.14730124999999999 0.67028925000000006 0.025658
v -0.13792137500000001 0.67649037499999998 0.019013624999999999
v -0.13637050000000001 0.65696125000000005 0.017957624999999998
v -0.046982625 0.54130224999999998 0.10412
v -0.061723125000000004 0.54740362499999995 0.10275487500000001
v -0.063957625000000004 0.56234275 0.094165749999999993
v -0.075504625000000006 0.55549087499999994 0.10139925
v -0.045267625000000006 0.174235375 -0.061523125000000005
v -0.042751999999999998 0.192965 -0.056659500000000002
v -0.043231499999999999 0.215147 -0.052445125000000002
v -0.099318749999999997 0.24396762500000002 -0.034893999999999994
v -0.12599612500000001 0.24103912500000002 -0.020143749999999998
v -0.108286375 0.27498224999999998 -0.026168625000000001
v -0.15792024999999998 0.29622550000000003 0.0022169999999999998
v -0.15231462500000001 0.32964587499999992 0.0007563750000000001
v -0.12696237499999999 0.30638812500000001 -0.013661374999999998
v -0.17683300000000002 0.34537000000000001 0.015645875
v -0.146204375 0.358236 3.7625000000001199e-05
v -0.19667525 0.23499024999999998 0.044543750000000007
v -0.18257324999999996 0.212230375 0.037575125000000001
v -0.16903325 0.22167375 0.015531999999999999
v -0.171377 0.19124337499999999 0.03187425
v -0.152976 0.12410924999999999 0.014939250000000003
v -0.15488350000000001 0.14061275000000001 0.018804000000000001
v -0.14772750000000001 0.14631649999999999 -0.0031413749999999996
v -0.15804475000000001 0.15644712499999999 0.022787625000000002
v -0.15167762499999998 0.10482162499999999 0.010744125000000002
v -0.14629825000000002 0.10951387499999998 -0.010861375
v -0.15005412499999998 0.081641249999999999 0.00040362499999999947
v -0.203102375 0.30426562499999998 0.030966
v -0.18339074999999999 0.28175475 0.017589749999999998
v -0.20071074999999999 0.26875337499999996 0.033517375000000002
v -0.16294874999999998 0.25827187499999998 0.0056701249999999998
v -0.13664262499999999 0.74322175000000001 0.090091249999999984
v -0.1380555 0.72678149999999997 0.089697625000000003
v -0.12661325000000001 0.72875150000000011 0.090325249999999996
v -0.147932375 0.72581300000000004 0.085871375
v -0.1340075 0.088118874999999985 -0.036179625
v -0.13508999999999999 0.11363600000000001 -0.03107975
v -0.11815149999999999 0.11621775000000001 -0.049093749999999999
v -0.13533924999999999 0.13445437499999999 -0.026744250000000001
v -0.13666112499999999 0.16886525000000002 -0.0192815
v -0.13577187500000001 0.15225649999999999 -0.023016874999999999
v -0.118846875 0.15674587500000001 -0.040228874999999997
v -0.190737875 0.325005875 0.173243125
v -0.17392075000000001 0.30625512500000002 0.176075125
v -0.16479725000000001 0.32762162500000003 0.16951412500000002
v 0.013727625 0.31000562500000001 0.1199335
v 0.025077374999999999 0.30543974999999995 0.12445899999999999
v 0.020731375 0.28342937499999998 0.12813825000000001
v 0.037482624999999999 0.298487375 0.13033475
v 0.068677374999999999 0.27869899999999997 0.14268874999999998
v 0.088593000000000005 0.26977774999999998 0.14389212499999998
v 0.084468750000000009 0.25245600000000001 0.14373199999999997
v 0.10833150000000001 0.25786700000000001 0.13754912499999999
v -0.094309624999999994 0.090128374999999997 -0.06845699999999999
v -0.090788124999999997 0.058846999999999997 -0.072987250000000004
v -0.11339487499999999 0.058574750000000002 -0.059706374999999999
v -0.065565125000000002 0.057962624999999997 -0.080498250000000007
v -0.086524500000000004 0.025897999999999997 -0.0761825
v -0.1481615 0.045377625000000005 0.022803375000000001
v -0.1486035 0.049697375000000002 0.00056962500000000025
v -0.14634249999999999 0.015790999999999999 -0.005029500000000001
v -0.144053875 0.062098750000000008 -0.019781
v -0.13269262500000001 0.036726499999999995 0.062548999999999993
v -0.118693125 0.033121249999999998 0.078213874999999988
v -0.1206265 0.00051650000000000003 0.0738515
v -0.103555625 0.022648999999999999 0.091649250000000002
v -0.08344062499999999 0.058738374999999995 0.107273875
v -0.085779624999999998 0.029798499999999999 0.10424487499999999
v -0.067169249999999986 0.029649374999999995 0.11261012500000001
v -0.088692999999999994 -0.0023045000000000001 0.101327
v -0.051040500000000003 -0.000562 0.117647
v -0.047874624999999997 0.030435749999999998 0.11810762499999999
v -0.02808225 0.031567750000000006 0.12061125
v -0.0077881250000000008 0.032347250000000001 0.12055349999999999
v 0.012289625 0.032921000000000006 0.11815875000000001
v -0.010705000000000003 0.001688 0.1227065
v 0.091050500000000006 0.0090725000000000007 0.0300355
v 0.092793 0.039116499999999998 0.028423125
v 0.090421124999999991 0.037536375000000004 0.049625875
v 0.091367375000000015 0.040969625000000003 0.0057128750000000009
v 0.09523562499999999 0.066239500000000007 0.027736749999999998
v 0.083481 0.013579999999999998 -0.0163155
v 0.084965750000000007 0.043130874999999999 -0.017184999999999999
v 0.073001125 0.045356 -0.038549125000000004
v 0.014980500000000001 0.021905000000000001 -0.078355000000000008
v 0.010628250000000001 0.051942374999999999 -0.076608375000000006
v 0.034299875000000001 0.049755375000000004 -0.068778875000000003
v -0.013993750000000001 0.05405625 -0.080847124999999992
v -0.035588500000000002 0.0249435 -0.084754999999999997
v -0.039611624999999998 0.056156750000000005 -0.082494125000000001
v -0.043146625000000008 0.086014624999999997 -0.079614125000000008
v -0.13139774999999998 0.056725249999999998 -0.041795374999999996
v -0.12764349999999999 0.022703000000000001 -0.047413999999999998
v -0.14274425000000002 0.04091525 0.044059249999999994
v -0.14170650000000001 0.0076205000000000005 0.037446
v -0.15434325000000002 0.7429222499999999 0.080551999999999999
v -0.155180125 0.72611800000000004 0.079163374999999994
v -0.15975125000000001 0.72748162500000013 0.070604
v -0.155694625 0.70945824999999996 0.077693999999999999
v 0.039655124999999999 0.55603150000000001 0.073504375000000011
v 0.039963374999999995 0.55087675000000003 0.087901375000000004
v 0.047529375000000006 0.55172037499999993 0.085989750000000004
v 0.030971749999999999 0.55777824999999992 0.089978374999999999
v -0.25823874999999996 0.33454574999999998 0.16632049999999998
v -0.24646137499999998 0.31870437500000004 0.16730362500000001
v -0.27231549999999999 0.35065600000000002 0.16439137500000001
v -0.26966362499999996 0.33251887499999999 0.15882437500000002
v -0.26936874999999999 0.311661625 0.11261900000000001
v -0.27973625000000002 0.33202512499999998 0.11681699999999999
v -0.27726387500000005 0.339007 0.10054325
v -0.27839887499999999 0.32749724999999996 0.13295725000000003
v -0.28997337499999998 0.352858375 0.12040675000000001
v -0.008542000000000001 0.21565699999999999 0.139723125
v 0.0013676249999999999 0.21517575 0.14007987499999999
v -0.0021058749999999997 0.24168862500000002 0.13403799999999999
v 0.016895624999999997 0.23802799999999999 0.137659
v 0.013532125000000001 0.21480325 0.14111499999999999
v 0.025429874999999998 0.21845462499999999 0.14231325
v 0.136272 0.26446350000000002 0.055933499999999997
v 0.14311512500000001 0.26595650000000004 0.080637125000000004
v 0.136571 0.24321224999999996 0.070628250000000004
v 0.141825125 0.26800612499999998 0.10495362499999999
v -0.10917875 0.54162512499999993 0.11158312500000001
v -0.097917625000000008 0.54590100000000008 0.10989675
v -0.12081524999999999 0.53705712500000002 0.111504125
v -0.132778375 0.53363700000000003 0.10856112499999999
v -0.14409824999999998 0.52778974999999995 0.1031885
v -0.15359962500000002 0.53173049999999999 0.09171
v -0.159023 0.53300412499999994 0.078750250000000008
v -0.15897112499999999 0.53660212500000004 0.049755624999999998
v -0.16092137500000001 0.53480875000000005 0.064471625000000005
v -0.15936987499999999 0.55248387500000007 0.062351250000000011
v -0.14264987500000001 0.54379237499999999 0.0236105
v -0.15275187499999998 0.53793175000000004 0.035357374999999996
v -0.15148450000000002 0.55660287499999994 0.035579125000000003
v -0.1549865 0.51940049999999993 0.035889375000000001
v -0.122430125 0.63357324999999998 0.013964624999999998
v -0.13457525000000001 0.63153337500000006 0.01714825
v -0.13647337499999998 0.60448262500000005 0.018328749999999998
v -0.074959749999999992 0.57583862500000005 0.043150499999999994
v -0.062999249999999993 0.57093649999999996 0.055955375000000002
v -0.063854875000000005 0.57371700000000003 0.068797125000000001
v -0.053953375000000005 0.57351600000000003 0.064371000000000012
v -0.068362500000000007 0.237176625 0.15489775
v -0.052819750000000006 0.22916937500000001 0.14946087499999999
v -0.043361750000000004 0.25773425 0.14001037499999999
v -0.063668875000000014 0.19835075000000002 0.15269587500000001
v -0.21016949999999998 0.40099537499999999 0.12165287499999999
v -0.21067487499999998 0.38872899999999999 0.13718612499999999
v -0.1963665 0.39909600000000001 0.12554100000000001
v -0.14262987500000002 0.207569 -0.00991825
v -0.14928649999999999 0.23320250000000003 -0.0033541249999999995
v -0.009321625 0.45541300000000001 0.112486375
v -0.024804 0.46342787499999999 0.11307937500000001
v -0.025705125000000002 0.48204237499999997 0.113390375
v -0.040858374999999995 0.474495375 0.11414125
v -0.081170000000000006 0.61411887500000006 0.066230874999999995
v -0.083457625000000007 0.63830500000000001 0.061303000000000003
v -0.087651624999999997 0.63516775000000003 0.074890249999999992
v -0.085107874999999999 0.66195312500000003 0.057443749999999995
v -0.056218749999999998 0.487992125 0.11549424999999999
v -0.068618874999999996 0.50203324999999999 0.115995375
v 0.0037346250000000001 0.50137862499999997 0.006461999999999999
v 0.0015622500000000005 0.52778737500000006 0.0094737499999999995
v 0.019193624999999999 0.52253450000000001 0.018207124999999998
v -0.0171895 0.53104099999999999 0.0052213749999999995
v -0.0027895000000000003 0.55239450000000001 0.010145625
v -0.027152999999999997 0.50025762500000004 0.112286125
v -0.028811375 0.51799875000000006 0.109988
v -0.0106905 0.49422737500000002 0.11253637499999999
v 0.080783500000000008 0.13285425000000001 0.1079725
v 0.074680250000000004 0.11759525 0.10359612500000001
v 0.070087499999999997 0.101684125 0.098871125000000004
v -0.15596699999999999 0.69521725000000001 0.076926250000000002
v -0.082116250000000002 0.082331000000000001 0.1114305
v -0.080799874999999993 0.102277625 0.11742749999999999
v 0.097963750000000002 0.088097874999999992 0.028420874999999998
v -0.15890599999999999 0.75184687499999991 0.046245124999999998
v -0.15778487499999999 0.73456087500000011 0.041387374999999997
v -0.16113925000000001 0.73211587500000008 0.051267249999999993
v -0.15149162499999999 0.7367881249999999 0.032740999999999999
v -0.12961600000000001 0.55974225 0.015825374999999999
v -0.128826 0.53989512499999992 0.01391775
v -0.11149674999999999 0.54021224999999995 0.0097171250000000001
v -0.12880187500000001 0.51975562499999994 0.0118405
v 0.045527249999999998 0.47894525000000004 0.11723549999999999
v 0.059149124999999997 0.47413425000000003 0.120446
v 0.058721625 0.45358937500000007 0.12245287499999999
v 0.073583750000000003 0.46967362499999998 0.12351675000000001
v 0.0054878750000000006 0.49001249999999991 0.113094375
v 0.00091612500000000006 0.5095305 0.1110575
v 0.0056100000000000004 0.46997224999999998 0.11361837499999999
v 0.020314749999999999 0.48643912500000003 0.11394575
v 0.035590874999999994 0.54580937499999993 0.041815125000000002
v 0.029644749999999997 0.53672212500000005 0.02865475
v 0.025499375000000001 0.55764112499999996 0.031152250000000003
v 0.038246750000000003 0.51540549999999996 0.025271750000000003
v -0.140319375 0.66621812499999999 0.091314249999999986
v -0.14006974999999999 0.64561374999999999 0.093487374999999998
v -0.15463100000000002 0.67244637500000004 0.035009499999999999
v 0.17895375000000002 0.39471662500000004 0.10307687500000001
v 0.18286512499999999 0.407429125 0.107293
v 0.17403687500000001 0.392555875 0.11732000000000001
v 0.033078499999999997 0.48284925000000001 0.115147875
v 0.037977999999999998 0.55382200000000004 0.057846874999999999
v 0.043522249999999998 0.54566037499999998 0.052361749999999999
v 0.034411375000000001 0.56460949999999999 0.063196374999999999
v 0.12450112499999999 0.39470450000000001 0.038360999999999999
v 0.13053137500000001 0.41496987499999999 0.045495000000000001
v -0.046461124999999999 0.13504349999999998 -0.071018875000000009
v -0.045412125000000005 0.11204125 -0.075607624999999998
v -0.071422125000000003 0.115196875 -0.072687374999999999
v -0.11385475 0.74811399999999995 0.087184249999999991
v -0.1150505 0.73150987500000009 0.087667374999999992
v -0.10485850000000001 0.73489587500000009 0.081900000000000001
v -0.11644275 0.71484037500000008 0.087761375000000003
v -0.10183924999999999 0.74590550000000011 0.033834499999999997
v -0.10344737499999999 0.76373875000000002 0.034761
v -0.099944500000000006 0.7284027500000001 0.032568
v -0.10948512500000002 0.744822125 0.026889875000000001
v -0.088501125000000014 0.69636437500000004 0.053650000000000003
v -0.090154250000000005 0.71133049999999998 0.052900000000000003
v -0.09196062499999999 0.70899037499999984 0.06429787499999999
v -0.092890375000000011 0.71635000000000004 0.041865875000000004
v -0.098218375000000011 0.75627975000000003 0.072003125000000001
v -0.097551125000000002 0.73883025000000002 0.073025249999999986
v -0.097562125 0.72126250000000003 0.073925374999999988
v -0.086733749999999998 0.68060924999999994 0.054987374999999998
v -0.053366500000000004 0.56967987500000006 0.086582624999999996
v -0.065174375000000007 0.57102825000000001 0.082194875000000001
v -0.0736565 0.579553125 0.077387375000000008
v -0.14599487500000002 0.5043455 0.022531374999999999
v -0.15785550000000001 0.49972525000000001 0.037703250000000001
v -0.097265249999999998 0.30806574999999997 -0.026928624999999998
v -0.11955475000000002 0.74312224999999998 0.023176624999999999
v -0.12044600000000001 0.76064562499999999 0.025298124999999998
v -0.13089125000000001 0.73646975000000003 0.022524000000000002
v -0.13015674999999999 0.49734937499999998 0.010456375000000002
v 0.13423637499999999 0.27997762500000001 0.12503700000000001
v 0.127496375 0.2596675 0.12317587499999999
v 0.12273637500000001 0.24009562499999998 0.12079075
v -0.097013624999999992 0.13923199999999999 -0.058554374999999999
v -0.096331125000000004 0.11672924999999999 -0.063469499999999998
v -0.161182875 0.74609812500000006 0.065525749999999994
v -0.16174875 0.72965837499999997 0.061177499999999996
v 0.12477487499999999 0.19954875 0.073207999999999995
v 0.11839549999999999 0.18041849999999998 0.072695375000000007
v 0.114177875 0.18074999999999999 0.094951875000000005
v -0.0041190000000000011 0.31818537499999999 0.11523487499999999
v 0.0042666249999999996 0.31410187500000003 0.11696524999999999
v 0.0024093750000000005 0.29117987499999998 0.12130474999999999
v -0.22987387500000001 0.28336337499999997 0.061609125000000001
v -0.213102125 0.25916475 0.052951625000000002
v 0.028694999999999998 0.002673 0.1168985
v 0.031244624999999998 0.033373750000000008 0.113417875
v 0.048367999999999994 0.033945125 0.106124625
v 0.083153499999999991 0.0059754999999999999 0.071122000000000005
v 0.084373375 0.036330624999999998 0.068060999999999997
v 0.075183625000000004 0.035438999999999998 0.08375887500000001
v 0.057610499999999995 0.0181155 -0.056004999999999999
v 0.055788374999999994 0.047547249999999999 -0.056063125000000005
v 0.11052774999999999 0.20203474999999999 0.11686312500000001
v 0.10317425000000001 0.18350725000000001 0.11536912500000002
v 0.095166500000000001 0.16567799999999999 0.11377862499999999
v -0.26521349999999999 0.30619174999999998 0.14207850000000002
v -0.27371200000000001 0.32633962500000002 0.14761675000000002
v -0.28454374999999998 0.34618787499999998 0.148461125
v -0.012441500000000001 0.32236950000000003 0.11441362499999999
v -0.013198875000000001 0.29892275000000001 0.11902337499999999
v -0.26631062500000002 0.38062912500000001 0.078065249999999989
v -0.25030537500000005 0.36231099999999999 0.068545624999999999
v -0.26150850000000003 0.35422237499999998 0.074267625000000004
v -0.23585800000000001 0.34341100000000002 0.057166500000000009
v -0.029869250000000003 0.53527250000000004 0.10612000000000001
v -0.030144749999999998 0.55380462500000005 0.10079925000000001
v -0.012151250000000001 0.5256907500000001 0.10842262500000001
v -0.086895874999999997 0.54948225000000006 0.10668275000000001
v -0.083321624999999996 0.53380325000000006 0.1117715
v 0.129722 0.46560287500000003 0.067052125000000004
v 0.11990075 0.46108387500000003 0.057615124999999989
v 0.12595899999999999 0.44432962499999995 0.053531499999999996
v 0.10706374999999999 0.45524624999999996 0.046052374999999993
v 0.071818499999999993 0.53716399999999997 0.027615749999999998
v 0.066450124999999999 0.52475225000000003 0.028885874999999998
v 0.05563825 0.53755474999999997 0.033957625000000005
v 0.081964624999999999 0.51261112500000006 0.0281765
v 0.060747749999999996 0.51167325000000008 0.027141375000000002
v -0.077582125000000002 0.517815625 0.114725875
v -0.11000974999999999 0.60823487500000006 0.014195625
v -0.10250137499999999 0.58468824999999991 0.0158575
v -0.11721187499999999 0.58259012500000007 0.012586875000000001
v -0.088074750000000007 0.58274137500000001 0.027313125000000001
v -0.097641124999999995 0.56252412499999993 0.016746125000000001
v -0.092579124999999998 0.54140924999999995 0.013693499999999999
v -0.14239937499999999 0.75673250000000003 0.028681499999999999
v -0.14210487499999999 0.73878787500000009 0.026440749999999999
v -0.15937437499999998 0.622871375 0.058017874999999997
v -0.15875049999999999 0.59542725000000007 0.059409124999999993
v -0.15828624999999999 0.62059537500000006 0.069751875000000005
v -0.052635374999999998 0.16481437500000001 0.14363662500000002
v -0.071370875 0.16697175 0.14513775000000001
v -0.069263500000000006 0.14055799999999999 0.13539662499999999
v -0.078324249999999998 0.12042375 0.12603375
v -0.099936999999999998 0.11802724999999999 0.117782625
v -0.088476250000000006 0.17331787500000001 0.149651125
v -0.10442499999999999 0.18358712500000002 0.15678249999999999
v -0.28228662500000007 0.36744287500000006 0.092219874999999993
v -0.27089112500000001 0.34663612500000002 0.085603750000000006
v -0.25875225000000002 0.32593974999999997 0.077991624999999995
v -0.14329049999999999 0.38691324999999999 0.0029665000000000004
v -0.16796262499999998 0.39566212500000003 0.020943125
v -0.09781587500000001 0.71295487499999999 0.031635000000000003
v 0.0055631249999999995 0.44942150000000003 0.112818375
v -0.097665625000000006 0.70611325000000003 0.074624375000000007
v -0.10648687499999999 0.70328400000000002 0.0826485
v 0.12111887500000001 0.49688199999999999 0.09389924999999999
v 0.126135625 0.48561387500000003 0.094582750000000007
v 0.11908725000000001 0.51235012499999999 0.093492249999999999
v 0.087719499999999992 0.14894125000000003 0.111417875
v -0.11737537499999999 0.700522125 0.087913749999999985
v 0.064765500000000004 0.062267999999999997 0.094240500000000005
v 0.066926250000000007 0.083853750000000005 0.095327499999999996
v 0.061451499999999999 0.0039385000000000002 0.10029550000000001
v 0.063145624999999997 0.034672499999999995 0.0963175
v 0.099379874999999993 0.519613875 0.035614374999999997
v 0.095852875000000004 0.50300449999999997 0.036272749999999999
v 0.092941875000000007 0.486234375 0.035959874999999995
v 0.048908500000000001 0.55602099999999999 0.060011125000000005
v 0.048547124999999997 0.544904375 0.045280000000000001
v 0.055103124999999996 0.55160287499999994 0.038635750000000003
v -0.13181612500000001 0.77107349999999997 0.026408124999999998
v -0.12121562500000001 0.77691412500000001 0.026750874999999997
v -0.121807375 0.79195399999999994 0.027821624999999996
v -0.11175474999999999 0.77859049999999996 0.029880500000000001
v -0.14333975000000002 0.78913537499999997 0.031210249999999995
v -0.14282975000000001 0.77350625000000006 0.030175749999999994
v -0.15210437499999999 0.77582125000000002 0.036829625000000005
v -0.160551625 0.76553462499999991 0.054912625
v -0.15767025000000001 0.76888362499999996 0.045288874999999999
v -0.15768262499999999 0.78440862499999997 0.046229875000000004
v -0.15865312500000001 0.75578374999999998 0.073012999999999995
v -0.16082787500000001 0.76202462500000001 0.064221625000000004
v -0.160183875 0.776413625 0.064995250000000004
v -0.10457250000000001 0.77976512499999995 0.035434750000000001
v -0.10532175000000001 0.79477050000000005 0.036370874999999997
v -0.099607750000000009 0.780005375 0.042822749999999993
v -0.096793749999999998 0.778875125 0.051540875
v -0.097599499999999992 0.79269937499999998 0.051906250000000001
v -0.096825750000000002 0.77937299999999987 0.061040375000000001
v -0.10015549999999999 0.78441149999999993 0.070845999999999992
v -0.099295999999999995 0.77102475000000004 0.071276375000000003
v -0.104881375 0.76607362499999998 0.080393624999999996
v -0.10071000000000001 0.8079075 0.044549375000000002
v -0.10576150000000001 0.80935950000000001 0.037646249999999999
v -0.104935625 0.82277662499999993 0.039638625000000004
v -0.112945375 0.80876199999999998 0.032303749999999999
v -0.14646587500000002 0.84821525000000009 0.037234625
v -0.151493875 0.84226812500000003 0.040395874999999998
v -0.15188787499999998 0.85237412500000009 0.042767250000000007
v -0.14894525 0.83138075 0.036942749999999996
v -0.15467675 0.83647112499999987 0.044105749999999999
v -0.154276 0.85951050000000007 0.049971000000000002
v -0.151142625 0.86269925000000003 0.044513999999999998
v -0.14924725 0.87323612500000003 0.045736624999999996
v -0.14604325000000001 0.86520312499999996 0.039612374999999998
v -0.14154600000000001 0.85619012500000002 0.035296124999999998
v -0.13957262500000001 0.84690225000000008 0.033390749999999997
v -0.13295650000000001 0.84396012499999995 0.031545125
v -0.1381165 0.83707812500000001 0.031992374999999997
v -0.121707125 0.87715362500000005 0.034085999999999998
v -0.12274162500000001 0.86670425000000006 0.033627000000000004
v -0.13058575 0.86995262500000003 0.033239875000000002
v -0.115464 0.86568800000000001 0.036254375000000005
v -0.12235212500000002 0.85606662499999997 0.033610125000000005
v -0.118409 0.84813662499999998 0.034666374999999999
v -0.125957875 0.84661612500000005 0.032257000000000001
v -0.12581462500000001 0.83764987499999999 0.031766875
v -0.117061125 0.83426350000000005 0.033591000000000003
v -0.12387775000000001 0.82966424999999999 0.031382625000000004
v -0.12267699999999999 0.81989037499999995 0.030394375000000001
v -0.132379625 0.82809949999999999 0.030448000000000003
v -0.13903312500000001 0.86655499999999996 0.035434625000000004
v -0.13779112499999999 0.87674525000000003 0.036211750000000001
v -0.13505799999999998 0.89472862500000006 0.051453124999999988
v -0.134965 0.89540900000000012 0.045434750000000003
v -0.14204600000000001 0.89005837499999996 0.046651125000000002
v -0.12715062500000002 0.89746925000000011 0.042055250000000002
v -0.133396125 0.89333599999999991 0.039463125000000002
v -0.14269787499999997 0.88393849999999996 0.041284749999999995
v -0.14639949999999999 0.88261362499999996 0.046472749999999993
v -0.148353875 0.88035299999999994 0.052427500000000002
v -0.14081674999999999 0.82863175 0.032328124999999999
v -0.14536437499999999 0.81892612499999995 0.033821749999999998
v -0.143685375 0.80441837500000002 0.032211249999999997
v -0.1328395 0.80122974999999996 0.028540250000000003
v -0.152387625 0.80790999999999991 0.03869475
v -0.15749400000000002 0.79981912499999996 0.047064124999999998
v -0.15695787500000002 0.81569987499999996 0.048215750000000002
v -0.15969387500000001 0.79492762499999992 0.056617000000000001
v -0.15664275 0.83077299999999998 0.050585749999999999
v -0.15644862499999998 0.84403450000000002 0.0537995
v -0.15773925 0.82576974999999997 0.059207250000000003
v -0.15525312499999999 0.8562702499999999 0.056443124999999997
v -0.15260912500000004 0.86746912499999995 0.058136624999999997
v -0.15534374999999997 0.84987049999999997 0.063316625000000001
v -0.12232837499999999 0.80655112499999992 0.029025500000000003
v -0.14850574999999999 0.87762374999999992 0.058980499999999998
v -0.14258562499999999 0.88617750000000006 0.058827249999999998
v -0.148331875 0.87277187499999997 0.065492500000000009
v -0.14910199999999998 0.86268937499999998 0.071349750000000003
v -0.15280674999999999 0.85050099999999995 0.07088549999999999
v -0.14890562499999999 0.84902225000000009 0.076861499999999999
v -0.15579937499999999 0.83761787500000007 0.067520875000000008
v -0.14433850000000001 0.87286612500000005 0.071288375000000001
v -0.140488 0.87056862499999998 0.075805249999999991
v -0.13785249999999999 0.87926062499999991 0.071718125000000008
v -0.13991362500000001 0.8600850000000001 0.080249000000000001
v -0.14349937500000001 0.84825100000000009 0.081525625000000004
v -0.13654650000000002 0.84799550000000001 0.084570999999999993
v -0.14656374999999999 0.83343112499999994 0.082214499999999996
v -0.15239787499999999 0.79894912500000004 0.079940750000000005
v -0.14906800000000001 0.815722375 0.082115624999999998
v -0.15460649999999998 0.81367612499999997 0.075248250000000003
v -0.14171325000000001 0.81518899999999994 0.086476125000000001
v -0.13617712500000001 0.86878337500000002 0.078950124999999996
v -0.13133625000000002 0.86747987500000001 0.0806225
v -0.13173987500000001 0.87334099999999992 0.078137249999999991
v -0.15697662500000001 0.82173549999999995 0.067657375000000006
v -0.15848125000000002 0.80536000000000008 0.066424000000000011
v -0.15693974999999999 0.78653774999999992 0.073911500000000005
v -0.15950150000000002 0.79044762499999999 0.065678000000000014
v -0.132914 0.88902312500000003 0.063671000000000005
v -0.13429537499999999 0.89235699999999996 0.057605624999999994
v -0.12511149999999999 0.89605550000000012 0.054412750000000003
v -0.113036125 0.84304450000000009 0.036115000000000001
v -0.10885375 0.83551900000000001 0.037281000000000002
v -0.11082149999999999 0.85341487500000002 0.038148125000000005
v -0.10949275 0.86414137499999999 0.039438500000000001
v -0.10471812500000001 0.86223974999999997 0.042832750000000003
v -0.10905300000000001 0.874966625 0.040308000000000004
v -0.099202499999999999 0.83373187500000001 0.048337749999999999
v -0.102855 0.83561312500000007 0.042418749999999998
v -0.10066987499999999 0.84798825000000011 0.046171999999999998
v -0.10167025000000002 0.87156812500000003 0.048872374999999996
v -0.101193875 0.86059012500000009 0.046981999999999996
v -0.098674749999999992 0.85607975000000003 0.051672499999999996
v -0.10965124999999999 0.88454675000000005 0.041049000000000002
v -0.10612787500000001 0.88316275 0.045668125000000004
v -0.114360375 0.88517250000000003 0.037133874999999997
v -0.11241125 0.89191887499999989 0.041935500000000001
v -0.15117425000000001 0.77009925000000001 0.082857750000000008
v -0.15347887499999999 0.75744699999999998 0.081110374999999985
v -0.145872 0.75653949999999992 0.086970624999999996
v -0.11371487499999999 0.77489437500000002 0.085814000000000001
v -0.11344124999999999 0.76211600000000002 0.086391124999999999
v -0.12419512499999999 0.75912124999999997 0.089529250000000005
v -0.13562912499999999 0.75716862500000004 0.089805875000000007
v -0.13490687500000001 0.76996662500000002 0.089219750000000014
v -0.13438074999999999 0.78299424999999989 0.088858875000000004
v -0.14460899999999999 0.77924349999999998 0.086446624999999999
v -0.123746125 0.78479100000000002 0.088549000000000017
v -0.13369087499999999 0.79776075000000002 0.088725625000000002
v -0.13217912500000001 0.81572149999999999 0.088541500000000009
v -0.12201812499999999 0.81711787499999999 0.088130375000000011
v -0.13002350000000001 0.83357312500000003 0.087838625000000004
v -0.113779875 0.80227437499999998 0.085032250000000004
v -0.11404712499999999 0.78779537499999996 0.085453875000000012
v -0.10606425 0.79203800000000002 0.079313125000000012
v -0.151984375 0.78382799999999997 0.081074874999999991
v -0.10057262500000001 0.81133187500000004 0.070449625000000002
v -0.10065549999999999 0.79749637499999992 0.070558874999999993
v -0.097949750000000002 0.80575149999999995 0.061411750000000001
v -0.097955500000000001 0.80573399999999995 0.052629624999999999
v -0.097872625000000005 0.81857025000000005 0.053781750000000003
v -0.097495124999999988 0.83182187500000004 0.055240375000000008
v -0.097304624999999992 0.84505074999999996 0.056623
v -0.097612750000000012 0.83325499999999997 0.0626805
v -0.100030125 0.84084362499999998 0.070263999999999993
v -0.10005112499999999 0.82653175000000001 0.070396
v -0.10505199999999999 0.82249700000000003 0.078333750000000008
v -0.1022955 0.86358449999999998 0.070181000000000007
v -0.1008915 0.85335212500000002 0.070134250000000009
v -0.098813874999999995 0.85828812499999996 0.064205249999999991
v -0.1048895 0.85137437500000002 0.076315250000000001
v -0.11153012499999999 0.83603349999999998 0.08338849999999999
v -0.11268975000000002 0.81938387499999998 0.084583749999999999
v -0.111240125 0.84997087500000001 0.08131250000000001
v -0.11925150000000001 0.84894599999999998 0.084845000000000004
v -0.11046824999999999 0.86106062499999991 0.078855875000000006
v -0.097683000000000006 0.85734149999999998 0.058010249999999992
v -0.099308624999999998 0.86729837499999995 0.060853999999999991
v -0.10208624999999999 0.87643625000000003 0.060927624999999999
v -0.10284412499999998 0.87369462499999995 0.065910374999999993
v -0.10231525 0.87904162500000005 0.055707249999999993
v -0.106501125 0.88295612499999998 0.062743124999999997
v -0.115647625 0.87447200000000003 0.076318499999999997
v -0.114431375 0.87930700000000006 0.072922125000000004
v -0.12071124999999999 0.8789340000000001 0.074672374999999999
v -0.10821349999999999 0.87740687500000003 0.070481374999999999
v -0.11184374999999999 0.88255550000000005 0.068819374999999988
v -0.104505375 0.87111749999999999 0.070357499999999989
v -0.10760462500000001 0.86782650000000006 0.075028625000000002
v -0.113328875 0.88674212500000005 0.064699624999999997
v -0.11408837499999999 0.89065537500000003 0.059681749999999999
v -0.12245600000000001 0.88874962499999999 0.065613625000000009
v -0.1153235 0.89389874999999996 0.054184875
v -0.117028125 0.89607674999999998 0.048480250000000003
v -0.10785700000000001 0.88896037500000002 0.052324124999999999
v -0.10368050000000001 0.88119587499999996 0.050644624999999999
v -0.12641137499999999 0.85952812499999998 0.083282500000000009
v -0.127977375 0.84822525000000004 0.085897125000000005
v -0.1255155 0.87277787499999993 0.078643624999999995
v -0.12522949999999999 0.86737624999999996 0.08089312500000001
v -0.11924799999999999 0.86972412499999996 0.079424750000000002
v -0.11356875000000001 0.86850187499999998 0.078259875000000007
v -0.12909400000000001 0.88086774999999995 0.073147249999999997
v -0.127205125 0.87692574999999995 0.076305125000000001
v -0.13116212499999999 0.88505125000000007 0.068858499999999989
v -0.12846125 0.88938012499999997 0.035471374999999999
v -0.13638312499999999 0.88560812500000008 0.037265
v -0.118965375 0.89646037499999998 0.042789124999999997
v -0.12215775000000001 0.89401324999999998 0.037601625
v -0.12103212500000002 0.88634625 0.034901749999999995
v -0.14361337499999999 0.58502175000000001 0.024563624999999999
v -0.151423 0.57725187499999997 0.035552250000000001
v -0.156751 0.57486012499999994 0.048044750000000004
v -0.095410624999999999 0.63133450000000002 0.085509749999999995
v -0.105666625 0.62706325000000007 0.092950999999999992
v -0.14811774999999999 0.61812099999999992 0.090027124999999986
v -0.138907375 0.61849949999999998 0.095765625000000007
v -0.127735125 0.61300474999999999 0.099248625000000007
v -0.15457425000000002 0.61899787500000003 0.080948499999999993
v -0.081895374999999992 0.59373687500000005 0.040675875
v -0.078869624999999999 0.60060049999999998 0.054798624999999997
v -0.11689650000000001 0.62334650000000003 0.097528749999999997
v -0.13141050000000001 0.58113499999999996 0.016560999999999999
v -0.078180125000000003 0.59412999999999994 0.071676999999999991
v -0.109659875 0.63583912500000006 0.015914874999999998
v -0.1586465 0.57228825000000005 0.06073075
v -0.0030548750000000003 0.70100287500000003 0.081401500000000002
v 0.0031459999999999995 0.7184553749999999 0.081984875000000013
v -0.0062461249999999999 0.7192909999999999 0.079009625
v 0.01366975 0.71797175000000002 0.082639249999999997
v 0.0069159999999999985 0.73738950000000003 0.082525749999999995
v -0.023991125000000002 0.70555562500000013 0.033918249999999997
v -0.021913499999999999 0.72194812499999994 0.035330374999999997
v -0.016140124999999998 0.7215363749999999 0.025056999999999999
v -0.023591000000000001 0.72179837499999999 0.0469095
v -0.019375624999999997 0.73933762499999989 0.037595125000000007
v -0.0076966250000000003 0.70412537499999994 0.016075375000000003
v -0.0057269999999999995 0.72040999999999999 0.017857250000000002
v 0.0070058749999999999 0.71549624999999994 0.014182500000000001
v -0.0038727500000000003 0.7374743749999999 0.019771749999999998
v -0.027965875000000005 0.63711850000000003 0.023349124999999998
v -0.033439875000000001 0.63748512499999999 0.035401500000000002
v -0.028854750000000002 0.66602724999999996 0.030291499999999999
v -0.037446624999999997 0.60770974999999994 0.038221875000000002
v -0.035238499999999999 0.63726987499999999 0.047840125000000004
v 0.027552875000000001 0.5996475 0.079764125000000005
v 0.027612249999999998 0.57630574999999995 0.082987375000000002
v 0.032350749999999998 0.57937050000000001 0.071894374999999996
v 0.019300874999999999 0.56620412499999995 0.093635999999999997
v -0.02538675 0.70498075000000004 0.053308124999999998
v -0.022178125 0.72140249999999995 0.057430124999999999
v -0.01865375 0.72087812500000004 0.066476124999999997
v -0.019285375000000004 0.739371 0.059504500000000002
v 0.039359249999999998 0.70142074999999993 0.070715875000000011
v 0.036252375000000003 0.68207887499999986 0.071955000000000005
v 0.042643874999999998 0.68319062500000005 0.063173999999999994
v 0.02751725 0.68114562499999998 0.078515624999999992
v 0.033161375 0.659014875 0.074100625000000003
v -0.011594000000000002 0.57059587499999997 0.097446124999999995
v -0.027583999999999997 0.57418412500000005 0.095791249999999994
v -0.021847874999999999 0.59792362499999996 0.091843500000000008
v -0.039273999999999996 0.57855337500000004 0.090825375
v -0.044681249999999999 0.58311562500000003 0.082224500000000006
v -0.037302124999999998 0.60421262499999995 0.080338124999999996
v -0.046669500000000003 0.58536712499999999 0.072637000000000007
v 0.030849750000000002 0.60564737499999999 0.033746999999999999
v 0.032869000000000002 0.63460487499999996 0.029735375000000001
v 0.038141250000000002 0.63442012499999989 0.042293999999999998
v 0.024768499999999999 0.64274425000000002 0.019403625000000001
v 0.034916125000000006 0.66312775000000013 0.026909124999999999
v -0.027783249999999999 0.692249 0.044751874999999997
v -0.027529374999999998 0.68693624999999991 0.055399875000000001
v -0.031032125000000001 0.66494462500000007 0.056533749999999994
v -0.024616499999999999 0.68580937500000005 0.065030375000000001
v 0.0045417500000000006 0.56946537500000005 0.096630749999999987
v 0.01002225 0.54780812499999998 0.10227212499999999
v 0.0024183750000000004 0.59473199999999993 0.092252500000000001
v 0.020768999999999999 0.70003212499999989 0.081231250000000005
v 0.017181374999999999 0.68053124999999992 0.082566375000000011
v 0.0049341250000000001 0.67551862499999993 0.084352875000000008
v 0.0134 0.65675787499999994 0.084673250000000005
v -0.020112625000000002 0.68447500000000006 0.073123249999999987
v -0.017879374999999999 0.70321837499999995 0.071161874999999986
v -0.024746000000000001 0.66195937500000013 0.074788875000000005
v -0.0135815 0.68302137500000004 0.079293499999999989
v 0.00267775 0.68086387500000001 0.011386624999999999
v 0.017662000000000001 0.68524675000000013 0.013842250000000002
v 0.014754000000000001 0.66342475000000001 0.013114250000000001
v 0.019769750000000003 0.70292262500000002 0.015195375000000001
v 0.030460625000000002 0.68521399999999999 0.020643249999999998
v 0.052405 0.759546375 0.060885874999999999
v 0.053102624999999994 0.75949149999999999 0.051662124999999996
v 0.054597375000000004 0.78061250000000004 0.051098375000000001
v 0.051522500000000006 0.73882737500000006 0.049357999999999999
v 0.050582249999999995 0.75917350000000006 0.042125999999999997
v 0.039408500000000006 0.68505149999999992 0.030532249999999997
v 0.041034750000000002 0.70331337500000002 0.031156124999999996
v 0.044910625000000003 0.68975074999999997 0.041503124999999995
v 0.021308499999999998 0.71923475000000003 0.016896499999999998
v 0.022741749999999998 0.73637162499999997 0.018531499999999999
v 0.033546124999999996 0.71962674999999998 0.022960000000000001
v -0.010245125000000001 0.68643199999999993 0.014840250000000001
v -0.020713625000000003 0.68746862500000006 0.022514375
v -0.0101 0.66434974999999996 0.012447375
v 0.015738624999999999 0.78195199999999987 0.083310999999999996
v 0.011353374999999999 0.75998150000000009 0.083136500000000002
v 0.022252999999999998 0.75994874999999995 0.083180375000000001
v 0.0015021249999999998 0.76036337499999995 0.080809624999999996
v -0.0022513750000000003 0.78259187499999994 0.077196499999999987
v -0.0062607500000000007 0.76084599999999991 0.076320874999999996
v -0.011907875000000002 0.76109824999999998 0.069880874999999995
v -0.010247250000000001 0.73868387499999988 0.07502325
v -0.0038842499999999997 0.63521799999999995 0.0098727499999999996
v -0.017480875 0.63620562499999989 0.013816499999999999
v -0.021538499999999999 0.60588624999999996 0.014916749999999999
v 0.035715625000000001 0.60393562499999998 0.057301874999999995
v 0.03910425 0.63330662500000001 0.055246875000000001
v 0.036304500000000003 0.6314638749999999 0.067405624999999997
v 0.042648000000000005 0.66174712499999999 0.053539750000000004
v -0.0134885 0.72014487500000002 0.073797625000000006
v -0.012042500000000001 0.7819178750000001 0.042456500000000001
v -0.015924875000000002 0.76017137499999987 0.040194500000000001
v -0.017007749999999999 0.76064550000000009 0.051638125000000007
v -0.01102525 0.75927212499999996 0.029504124999999999
v -0.0046298750000000003 0.68160412500000001 0.082899250000000008
v -0.0097082500000000016 0.65821837500000002 0.084995125000000005
v -0.026439000000000001 0.68784624999999999 0.033246375000000002
v 0.036520624999999994 0.78118612499999995 0.08068525
v 0.032725499999999998 0.75991774999999995 0.08098749999999999
v 0.042446625000000002 0.76538312499999994 0.076275375000000006
v 0.028256749999999997 0.73731449999999998 0.080972125000000006
v 0.045039875 0.75828012499999997 0.033125125000000005
v 0.046376750000000001 0.77904775000000015 0.033915874999999998
v 0.043631624999999993 0.73788975000000001 0.032384125
v 0.036330250000000001 0.75717862499999999 0.025438875
v 0.047791124999999997 0.70321500000000015 0.052130999999999997
v 0.049974625000000002 0.72072700000000001 0.052028124999999995
v 0.048139000000000001 0.72009187500000005 0.061885875
v 0.048278750000000002 0.72496612499999991 0.041786124999999993
v 0.048081625000000003 0.75940487499999998 0.069258625000000004
v 0.047064124999999998 0.73805300000000007 0.067982750000000008
v 0.050856375000000002 0.78080249999999995 0.068503624999999999
v 0.045527500000000005 0.6842807500000001 0.052526875000000001
v 0.024612374999999999 0.75640324999999997 0.020226124999999998
v 0.026799 0.77719487500000006 0.022040750000000001
v 0.010725624999999999 0.75102312500000001 0.01812325
v -0.011630625 0.78284050000000005 0.063208
v -0.015511875000000001 0.76098124999999994 0.061616875000000002
v 0.016482875000000001 0.57800425 0.020435749999999999
v 0.0032775 0.57722287499999991 0.012584000000000001
v 0.0064991250000000014 0.6044735 0.012203249999999999
v -0.011475625 0.57776724999999995 0.01008125
v 0.0018597500000000003 0.77874924999999995 0.024396125000000001
v -0.0013033749999999998 0.75763237500000002 0.021931249999999999
v -0.035287499999999999 0.63631725000000006 0.059138374999999993
v -0.040447000000000004 0.60716712499999992 0.061793375000000005
v -0.033880624999999998 0.63484362500000002 0.069018250000000003
v 0.0422615 0.720236125 0.031731499999999996
v 0.042530374999999995 0.71934799999999999 0.070306000000000007
v 0.034190999999999999 0.71861350000000002 0.076746000000000009
v 0.024285124999999998 0.71808850000000002 0.08085162500000001
v 0.016236750000000001 0.79198962500000003 0.022385749999999999
v 0.029192124999999999 0.79638700000000007 0.02393675
v 0.031748749999999999 0.81417050000000002 0.025609999999999997
v 0.039886499999999998 0.79687225000000006 0.028412750000000001
v 0.0084804999999999985 0.81645600000000007 0.027921874999999999
v 0.0051353750000000002 0.7982935000000001 0.026494375000000001
v -0.0039900000000000005 0.80033550000000009 0.033719249999999999
v -0.0058956250000000007 0.81761587499999999 0.047008750000000002
v -0.0085015000000000004 0.80118437500000006 0.043821874999999996
v -0.0096371249999999999 0.80112687500000002 0.054584124999999997
v -0.0048226249999999997 0.81536150000000007 0.065759874999999995
v -0.0083639999999999999 0.80090937499999992 0.063783875000000004
v -0.0047471250000000005 0.80038137499999995 0.071311874999999997
v 0.04772875 0.79771025000000007 0.034761624999999997
v 0.049298874999999999 0.81547349999999996 0.035352374999999998
v 0.052864124999999998 0.79853375000000004 0.042203999999999998
v 0.055671625000000002 0.79884537499999997 0.050456874999999998
v 0.056713625000000004 0.81512499999999999 0.049853374999999998
v 0.055743500000000001 0.79871187499999996 0.058981624999999996
v 0.047374624999999997 0.80106274999999993 0.074628
v 0.052637625 0.79821600000000004 0.067455624999999991
v 0.053059874999999999 0.81195237499999995 0.068650249999999996
v 0.055860374999999997 0.83220525000000001 0.042268500000000001
v 0.051475375000000004 0.83327237499999995 0.035803874999999999
v 0.054191499999999997 0.84962387500000003 0.036891624999999997
v 0.044538875000000006 0.83295524999999992 0.030536875000000002
v 0.022155124999999998 0.90002837499999999 0.032480875000000006
v 0.017066625000000002 0.89907812499999995 0.037430999999999999
v 0.020686125000000003 0.91074262500000003 0.036010374999999997
v 0.014478625 0.88748012499999995 0.036461750000000008
v 0.012342875000000001 0.89385600000000009 0.042837875000000004
v 0.019074874999999998 0.88142999999999994 0.031435000000000005
v 0.012919 0.87654650000000001 0.034630250000000001
v 0.013248625 0.86470550000000002 0.031925000000000002
v 0.0083921250000000003 0.87181512500000002 0.038726500000000004
v 0.025224125 0.88903275000000004 0.029406375000000002
v 0.025850499999999998 0.87916050000000001 0.028256125
v 0.032183625 0.87557825 0.02724675
v 0.025799124999999999 0.86909949999999991 0.027459625000000001
v 0.047902749999999994 0.91068237499999993 0.024668375000000003
v 0.045171875 0.89854487500000002 0.026420000000000003
v 0.038150375 0.90322000000000002 0.025297
v 0.051233624999999998 0.89680587499999997 0.029144000000000003
v 0.043692374999999992 0.88636237500000004 0.028148125
v 0.045876 0.87761075 0.030169000000000001
v 0.039220125000000008 0.87697487499999993 0.028053749999999999
v 0.03820225 0.86803125000000003 0.028220874999999999
v 0.029219624999999999 0.90026925000000002 0.028318500000000003
v 0.031836499999999997 0.91196524999999995 0.027011375000000001
v 0.023082624999999999 0.92062162500000011 0.037012749999999997
v 0.026488249999999998 0.91887137499999993 0.031372625000000001
v 0.021977375 0.92054037500000008 0.04314175
v 0.028928624999999999 0.92971474999999992 0.036997625000000006
v 0.029819999999999999 0.85885499999999992 0.026754500000000001
v 0.02119975 0.86035899999999998 0.027897124999999998
v 0.01409 0.85076937500000005 0.029744375
v 0.012160375000000001 0.83421449999999997 0.028789874999999999
v 0.022455375 0.82767312500000001 0.025528124999999999
v 0.0043723749999999995 0.84048487500000002 0.035018750000000001
v -0.0016717499999999996 0.83400362500000003 0.0440995
v 0.002258375 0.85114624999999999 0.04429375
v -0.0033354999999999999 0.83138599999999996 0.054432499999999995
v 0.0053967500000000005 0.86739012500000001 0.045741125000000001
v 0.0081873750000000002 0.88213350000000001 0.046224250000000001
v 0.002934875 0.85916575000000006 0.054810249999999998
v 0.016236125000000004 0.90820400000000001 0.050264375
v 0.011318749999999999 0.89497875000000005 0.049929749999999995
v 0.011505875 0.89334950000000002 0.057203874999999994
v 0.045433000000000001 0.86328237499999994 0.030427875
v 0.038553749999999998 0.85938474999999981 0.028215750000000001
v 0.037508624999999997 0.84788112500000001 0.02763175
v 0.034671875000000005 0.83175125000000005 0.0267505
v 0.022135250000000002 0.91985900000000009 0.049616500000000001
v 0.023300125000000001 0.91842800000000002 0.056127999999999997
v 0.029623750000000004 0.92828962500000012 0.049729750000000003
v 0.018906875 0.90535149999999998 0.063426750000000004
v 0.013217000000000001 0.89178650000000004 0.064299125000000013
v 0.016727374999999999 0.89018787500000007 0.070548625000000004
v 0.0083890000000000006 0.87639050000000007 0.064395375000000005
v 0.025378999999999999 0.91627150000000013 0.061992125000000002
v 0.029364875000000002 0.91517112500000009 0.065941249999999993
v 0.032879250000000006 0.92266475000000003 0.061183874999999999
v 0.028086499999999997 0.90074949999999998 0.073664875000000005
v 0.022252749999999998 0.88871012500000002 0.07552325
v 0.029479249999999995 0.8873335 0.078648750000000003
v 0.017399125000000001 0.87319012499999993 0.076926625000000012
v 0.0094621249999999983 0.83945237499999992 0.076816250000000003
v 0.013006375000000001 0.85585137500000008 0.077062875000000003
v 0.0075230000000000002 0.85758000000000001 0.071271875000000012
v 0.020536374999999996 0.85452099999999998 0.081154499999999991
v 0.030935124999999997 0.91005274999999997 0.069778624999999997
v 0.036426625000000004 0.91587762500000003 0.067601499999999995
v 0.035786249999999999 0.90644637500000003 0.072929250000000001
v 0.00039587499999999985 0.84441650000000001 0.061363374999999998
v 0.0043681250000000005 0.85978100000000002 0.063934000000000005
v 0.00026487499999999992 0.82439625000000005 0.070932375000000006
v -0.0024461249999999999 0.82919074999999998 0.063539999999999999
v 0.038947500000000003 0.93161412500000007 0.051792750000000005
v 0.038076749999999999 0.93429250000000008 0.045393625000000007
v 0.046905749999999996 0.93691000000000002 0.041036000000000003
v 0.037559875 0.93583687500000001 0.038843125000000006
v 0.037261124999999999 0.93560224999999997 0.032407249999999999
v 0.045167125000000002 0.93714612499999994 0.027833125000000004
v 0.038217750000000002 0.93235724999999992 0.026229125000000002
v 0.049582374999999998 0.87236824999999996 0.032274125000000001
v 0.052213875 0.86419824999999995 0.033981749999999998
v 0.052483250000000002 0.88347724999999999 0.033040375000000004
v 0.057500499999999996 0.90789475000000008 0.030547874999999999
v 0.055321624999999999 0.89549999999999996 0.032694750000000002
v 0.058306250000000004 0.89087612500000002 0.036253625000000005
v 0.061354125000000002 0.86691137499999993 0.043267374999999997
v 0.057287125000000001 0.86458012499999992 0.038516750000000002
v 0.060225500000000001 0.87918587499999989 0.039431250000000001
v 0.065188624999999986 0.89550849999999982 0.043492875
v 0.062525374999999994 0.89321962499999996 0.039567375000000002
v 0.064182125000000007 0.90592800000000007 0.040725125000000001
v 0.05590875 0.91697337500000009 0.02670225
v 0.060001375000000003 0.91862750000000015 0.030515
v 0.059025999999999995 0.92834812500000008 0.030946500000000002
v 0.061730500000000008 0.92120625000000012 0.034972125
v 0.053082499999999998 0.93496675000000007 0.029343000000000001
v 0.049738125000000001 0.93192412499999999 0.024178249999999998
v 0.054303000000000004 0.935085375 0.035119375000000001
v 0.0039278749999999999 0.81355624999999998 0.076747499999999996
v 0.001061375 0.79964212499999998 0.077144000000000004
v 0.0090341250000000005 0.79902275 0.081069625000000006
v 0.040666124999999997 0.81072325000000001 0.079268749999999999
v 0.038864375 0.79733187500000002 0.079935499999999993
v 0.029186499999999997 0.79799312500000008 0.082491624999999985
v 0.018901000000000001 0.79858887499999998 0.082836750000000001
v 0.021121874999999998 0.81171012500000006 0.082354750000000004
v 0.023310625000000001 0.82368400000000008 0.082395499999999997
v 0.014115125000000001 0.82473237499999996 0.080565875000000009
v 0.033189750000000004 0.82310349999999999 0.08203812499999999
v 0.026047875000000002 0.83690524999999993 0.082769625000000013
v 0.029799124999999999 0.85356912500000004 0.082972499999999991
v 0.0396865 0.85300375000000006 0.082180625000000007
v 0.034176749999999999 0.87091712500000007 0.082119875000000009
v 0.045264625000000003 0.83635400000000004 0.07909712499999999
v 0.042644374999999998 0.82299887499999991 0.079157499999999992
v 0.050566874999999997 0.82355962499999991 0.073706750000000001
v 0.0066295 0.82615224999999992 0.076647999999999994
v 0.058145124999999999 0.83985925000000006 0.065331125000000004
v 0.055915875000000004 0.82536949999999998 0.065977750000000002
v 0.059038124999999997 0.83186062500000002 0.0574075
v 0.058367875000000007 0.83072212499999998 0.049593250000000005
v 0.060709374999999996 0.84517075000000008 0.051126124999999994
v 0.062497499999999997 0.86115362500000003 0.048924499999999996
v 0.062808249999999996 0.8588602500000001 0.056155749999999997
v 0.064462875000000003 0.87619274999999996 0.048744875000000007
v 0.062862125000000005 0.87211887500000007 0.062873499999999999
v 0.060779124999999996 0.85628100000000007 0.064257000000000009
v 0.056060374999999996 0.85390387499999998 0.07219624999999999
v 0.064008124999999999 0.8982683749999999 0.059844499999999995
v 0.06390475000000001 0.8863335 0.061250874999999996
v 0.065539 0.88817437499999996 0.054497875000000001
v 0.060332375000000001 0.88504187499999998 0.068077374999999996
v 0.052175124999999996 0.8699038750000001 0.076734625000000001
v 0.048787375000000001 0.85292075000000001 0.078491249999999999
v 0.054472124999999996 0.88478749999999995 0.073945375000000008
v 0.046833625000000004 0.88526749999999998 0.078108874999999994
v 0.056814125 0.89681974999999992 0.070225250000000003
v 0.065984624999999991 0.90273712500000003 0.048551749999999998
v 0.065684499999999993 0.89021525000000001 0.048496250000000005
v 0.064932624999999994 0.91335949999999999 0.049133000000000003
v 0.064338999999999993 0.91031762499999991 0.054062125000000003
v 0.064602624999999997 0.91597874999999995 0.044400375000000006
v 0.062006875000000003 0.92169900000000005 0.0503025
v 0.053598125000000003 0.91341687500000002 0.066122374999999997
v 0.055051000000000003 0.91880662499999999 0.061481624999999998
v 0.049151750000000001 0.91968724999999996 0.063859249999999992
v 0.060392875000000006 0.91550274999999992 0.058528625000000001
v 0.057486124999999999 0.92220174999999993 0.056544374999999994
v 0.062994499999999995 0.90743949999999995 0.059027499999999997
v 0.060180625000000001 0.9040014999999999 0.064832000000000001
v 0.05638025 0.9270426249999999 0.0522105
v 0.056009375 0.9308121250000001 0.046867375000000003
v 0.048373625000000003 0.93038387499999997 0.05327875
v 0.055233375000000001 0.93348550000000008 0.041049500000000003
v 0.060972125000000002 0.92701912500000005 0.040134999999999997
v 0.063161499999999995 0.91761950000000003 0.040007000000000001
v 0.041292250000000003 0.898354125 0.076222499999999999
v 0.038143249999999997 0.88615400000000011 0.079606499999999997
v 0.043968874999999998 0.91361162499999993 0.069169750000000002
v 0.043580000000000001 0.90711412499999988 0.072641499999999998
v 0.049729250000000003 0.90861874999999992 0.070541499999999993
v 0.054961250000000003 0.9058878749999999 0.068990750000000003
v 0.041432250000000004 0.92330099999999993 0.062121874999999993
v 0.042778250000000004 0.91871425000000007 0.065945249999999997
v 0.040079125 0.92782587499999991 0.057356375000000001
v 0.042756624999999999 0.92667275000000005 0.022784125000000002
v 0.034304999999999995 0.92267812500000002 0.026044250000000001
v 0.049900750000000001 0.9218655 0.023440249999999999
v -0.036147749999999999 0.58122699999999994 0.027647999999999999
v -0.041974374999999994 0.58281062500000003 0.040243874999999998
v -0.044656124999999998 0.58385449999999994 0.052386624999999999
v 0.029964000000000001 0.62940074999999995 0.076968999999999996
v 0.020825625 0.62725762499999993 0.0836475
v -0.024802249999999998 0.63032737500000002 0.084394749999999991
v -0.015587999999999998 0.62802362499999997 0.088185125000000003
v -0.0045843749999999999 0.61787687499999999 0.09004100000000001
v -0.030516624999999999 0.63279512500000012 0.077650999999999998
v 0.025727625 0.58006150000000001 0.031535874999999998
v 0.031965999999999994 0.5863496250000001 0.044593374999999998
v 0.0094707500000000017 0.62604612500000001 0.087631500000000001
v -0.025250500000000002 0.5792591250000001 0.016125625000000001
v -0.034104499999999996 0.5573768750000001 0.017776375000000001
v 0.033374750000000002 0.58004512499999994 0.058908749999999996
v 0.010664375000000002 0.63483862499999999 0.012527749999999999
v -0.046388249999999999 0.584724625 0.063127249999999996
v -0.036329124999999997 0.53579237499999999 0.0099099999999999987
v 0.0024126249999999998 0.44006975000000004 -0.0058743750000000003
v 0.0040018750000000002 0.471866375 0.0012211249999999991
v -0.0020836250000000004 0.37550975000000003 -0.017939625000000001
v 0.00041224999999999856 0.40764087500000001 -0.012234124999999998
v -0.0083349999999999987 0.31347874999999997 -0.029036625
v -0.0048537499999999996 0.34390387499999997 -0.02343425
v 0.098921124999999999 0.66428412500000011 0.083986875000000003
v 0.106843625 0.66106899999999991 0.090482000000000007
v 0.10944237500000001 0.67679887499999991 0.090371124999999997
v 0.102242125 0.64755624999999994 0.089973625000000002
v 0.11504449999999999 0.65417700000000001 0.094369625000000013
v 0.089747249999999987 0.65277237499999996 0.039482124999999993
v 0.095508499999999996 0.66708924999999986 0.040895874999999998
v 0.1015305 0.66433562499999999 0.034321249999999998
v 0.092072874999999998 0.66880162500000007 0.048903374999999999
v 0.1014205 0.68301224999999999 0.042945999999999998
v 0.10588100000000002 0.645354125 0.028373249999999999
v 0.110847 0.66094925000000004 0.030447999999999996
v 0.121357625 0.65314550000000005 0.029942874999999997
v 0.116266625 0.67790862499999993 0.032806624999999999
v 0.065998749999999995 0.58185275000000003 0.040616874999999997
v 0.072272624999999993 0.60148187500000005 0.040061374999999996
v 0.078786999999999996 0.59696212500000001 0.031383500000000002
v 0.070440499999999989 0.61025474999999996 0.049884999999999999
v 0.078441874999999994 0.62179000000000006 0.039164499999999998
v 0.085238499999999995 0.65573949999999992 0.054635875
v 0.090762875000000007 0.66933799999999999 0.05759475
v 0.092486625000000003 0.67200974999999996 0.066843999999999987
v 0.096373125000000004 0.68447075000000002 0.058955499999999994
v 0.13880350000000002 0.63549025000000003 0.091102374999999999
v 0.13378662500000002 0.61993524999999994 0.092206499999999997
v 0.14049300000000001 0.61857987499999989 0.086204874999999986
v 0.12415487500000001 0.6180715 0.095802749999999992
v 0.127946 0.60104237500000002 0.094169375
v 0.079125000000000001 0.540917125 0.10548025
v 0.067691125000000005 0.54786137500000009 0.10185
v 0.075529374999999996 0.56692374999999995 0.098015624999999995
v 0.059330750000000002 0.55503237499999991 0.094500749999999994
v 0.055418500000000002 0.56162749999999995 0.083681499999999992
v 0.063843125000000001 0.57843937499999998 0.082574374999999992
v 0.054251000000000008 0.56660362499999994 0.072986624999999999
v 0.125716625 0.55225999999999997 0.058201249999999996
v 0.13293150000000001 0.57648149999999987 0.055865000000000005
v 0.134594625 0.57575749999999992 0.069394250000000005
v 0.12650812500000003 0.57826374999999997 0.042783000000000002
v 0.137989 0.59944625000000007 0.051013000000000003
v 0.082075374999999992 0.64446974999999995 0.047787125
v 0.079655999999999991 0.64202900000000007 0.057343875000000002
v 0.074011624999999998 0.62619049999999998 0.058757249999999997
v 0.080897374999999994 0.64182962500000007 0.067143374999999991
v 0.10639462500000001 0.62889024999999998 0.095250125000000005
v 0.11609075000000001 0.62519124999999998 0.096639000000000003
v 0.118715125 0.64111312500000006 0.095615749999999999
v 0.110073 0.60630937499999993 0.098283750000000003
v 0.084062125000000001 0.64008750000000003 0.076450624999999994
v 0.089083625 0.65375474999999994 0.07549800000000001
v 0.078369374999999991 0.62330762500000003 0.078406249999999997
v 0.089376625000000001 0.63700112500000006 0.084556249999999999
v 0.11229975 0.62088362500000005 0.027369125000000001
v 0.12627587500000001 0.62121100000000007 0.032787499999999997
v 0.11811875000000001 0.60403200000000001 0.030359499999999994
v 0.13036250000000002 0.63747074999999997 0.033700499999999994
v 0.13687500000000002 0.61875674999999997 0.041994124999999993
v 0.16971237500000003 0.70838650000000003 0.069768375000000007
v 0.16460687499999999 0.68680712499999985 0.073357375000000002
v 0.16500624999999999 0.69322150000000005 0.063392624999999994
v 0.16195837499999999 0.68648262500000001 0.082642499999999994
v 0.15830374999999999 0.66560724999999998 0.077328624999999984
v 0.14365562500000001 0.61762537500000003 0.054005375000000001
v 0.147430375 0.63376987499999993 0.053891374999999998
v 0.14765787499999999 0.62139012500000002 0.066117750000000003
v 0.134301 0.65377999999999992 0.035229749999999997
v 0.13852762500000002 0.671562875 0.036742875000000001
v 0.14426962500000001 0.6513621249999999 0.043250249999999997
v 0.10093237499999999 0.62969912500000003 0.027214749999999999
v 0.090635750000000001 0.63435687500000004 0.031363124999999999
v 0.095530124999999994 0.61225525000000003 0.026817125000000004
v 0.124524 0.71352450000000001 0.093739750000000011
v 0.118048125 0.69471400000000005 0.093172124999999995
v 0.12781087499999999 0.69176024999999997 0.096687749999999989
v 0.11016475000000001 0.69761275 0.086929624999999983
v 0.111682375 0.71878437500000003 0.080463624999999997
v 0.10534737500000001 0.70011375000000009 0.078650874999999995
v 0.103039375 0.70208437500000009 0.06974749999999999
v 0.098144124999999999 0.68230575000000004 0.074566124999999983
v 0.083080000000000001 0.57065062499999997 0.026669624999999999
v 0.089394249999999995 0.59144187500000001 0.026724124999999998
v 0.102353375 0.58598349999999999 0.026689499999999998
v 0.12502174999999999 0.55043149999999996 0.084222749999999999
v 0.132384 0.57545625 0.081430624999999993
v 0.127601625 0.57568437500000003 0.090968750000000001
v 0.13974162500000001 0.59918887499999995 0.078920249999999997
v 0.093735499999999999 0.666871875 0.075773624999999997
v 0.1137765 0.72227112500000001 0.048288624999999995
v 0.10775699999999999 0.70245849999999999 0.045689250000000001
v 0.10431024999999999 0.70319462499999996 0.053080374999999999
v 0.11355562500000001 0.70067649999999992 0.039490875000000002
v 0.097152374999999999 0.63306337499999998 0.090986499999999998
v 0.09117900000000001 0.61507549999999989 0.093056
v 0.084109749999999997 0.6383105 0.038919624999999999
v 0.14446749999999997 0.70835150000000002 0.096607499999999999
v 0.13815074999999999 0.68911699999999998 0.097148375000000009
v 0.14799950000000001 0.687152125 0.094855999999999996
v 0.13148949999999998 0.66968312499999993 0.096895250000000002
v 0.15962874999999999 0.68847499999999995 0.053961499999999996
v 0.164405625 0.70979825000000007 0.053592875000000005
v 0.15499325 0.66733612499999995 0.053991874999999995
v 0.15287450000000002 0.69017687499999991 0.044851749999999996
v 0.15125424999999998 0.65271825000000006 0.084479124999999988
v 0.15352912499999999 0.64880150000000003 0.075506999999999991
v 0.15020987499999999 0.63339237500000001 0.07365025
v 0.15427637499999997 0.64892974999999997 0.065193874999999998
v 0.16212887500000001 0.70680362500000005 0.08852125000000001
v 0.15617187500000002 0.68635687500000009 0.090008874999999988
v 0.149596125 0.66597562499999996 0.090922124999999993
v 0.14524799999999999 0.61774912500000001 0.07714950000000001
v 0.14345774999999999 0.69231299999999996 0.038138999999999999
v 0.14833999999999997 0.71309825000000004 0.039424375000000005
v 0.131191 0.68954037499999998 0.034096000000000001
v 0.10901174999999999 0.72204500000000005 0.063480499999999995
v 0.102733625 0.70312187500000001 0.061206875000000001
v 0.109477875 0.55882112499999992 0.033146000000000002
v 0.10411674999999999 0.53813187500000004 0.03432325
v 0.09099850000000001 0.54470350000000001 0.026994125000000001
v 0.11421337500000001 0.53324787499999993 0.046718750000000003
v 0.12779637499999999 0.71824137500000007 0.037737125000000003
v 0.12216687500000001 0.69798337499999996 0.035234249999999995
v 0.067828874999999997 0.60563862499999999 0.060861125000000002
v 0.061504500000000004 0.58483999999999992 0.062662124999999999
v 0.068869625000000004 0.60415750000000001 0.071357874999999987
v 0.151071125 0.64984224999999995 0.053920500000000003
v 0.14387062499999997 0.64992300000000003 0.090983499999999995
v 0.13565312499999999 0.65167262500000001 0.094723874999999999
v 0.12603587500000002 0.6542826249999999 0.096039249999999993
v 0.14129687499999999 0.72878900000000002 0.037634374999999998
v 0.15260237500000001 0.73045800000000005 0.040362500000000003
v 0.15646650000000001 0.74512124999999996 0.041113875000000001
v 0.16190037499999999 0.72859137499999993 0.045648750000000002
v 0.13624025000000001 0.75056549999999989 0.040618124999999998
v 0.13241362500000001 0.73552575000000009 0.039478249999999999
v 0.12409000000000001 0.73814724999999992 0.043779375000000002
v 0.121889 0.753621875 0.052927125000000005
v 0.118646375 0.73920374999999994 0.049875750000000003
v 0.11560100000000001 0.73893224999999996 0.05731
v 0.11853999999999999 0.75070787499999991 0.068172875000000008
v 0.11420749999999999 0.73790412500000002 0.065080499999999999
v 0.11458575 0.736151 0.073135875000000003
v 0.16860362499999998 0.72720237500000007 0.053272250000000007
v 0.17224562499999999 0.742243875 0.053531999999999996
v 0.17247774999999999 0.72630575000000008 0.062308249999999996
v 0.173483625 0.72567712500000003 0.071353125000000003
v 0.17681637499999997 0.73990762500000007 0.070619625000000005
v 0.172265 0.72836599999999996 0.079304250000000007
v 0.16935862500000001 0.73637624999999995 0.085909250000000006
v 0.16629537500000002 0.72300774999999995 0.087060874999999996
v 0.158575625 0.722306 0.092657249999999997
v 0.1793805 0.7536235 0.062373125000000001
v 0.17568937499999998 0.75591987500000002 0.05426425
v 0.17979737500000001 0.76786399999999999 0.055710374999999993
v 0.16920125 0.75751875000000002 0.047075625000000003
v 0.15209162500000001 0.82156499999999999 0.047635250000000004
v 0.147044375 0.8220282499999999 0.050796624999999998
v 0.15092849999999999 0.83205712499999995 0.050664624999999998
v 0.14407725000000002 0.81200512499999999 0.050098249999999997
v 0.14324862500000002 0.82172012499999991 0.054193125000000002
v 0.147839 0.80501 0.046505125000000008
v 0.14199537500000001 0.8019727499999999 0.048175374999999999
v 0.14227237500000001 0.79250837499999993 0.045581749999999997
v 0.13763875 0.79862274999999994 0.050392875000000004
v 0.15424525 0.81083787500000004 0.044839125000000001
v 0.153908875 0.801456375 0.043211624999999997
v 0.15965887500000001 0.79670525000000003 0.041921749999999994
v 0.150810625 0.7933468749999999 0.043011124999999997
v 0.17735862499999999 0.82438362500000006 0.043974124999999996
v 0.17424875000000001 0.81449800000000006 0.044387374999999993
v 0.16755599999999998 0.82074512500000008 0.042315624999999996
v 0.180491875 0.81084774999999998 0.048390999999999997
v 0.17224175 0.80388775000000001 0.045180374999999995
v 0.17409125000000003 0.79498999999999997 0.047079874999999993
v 0.16692825 0.79643450000000005 0.043380874999999999
v 0.16233 0.78831150000000005 0.042414874999999998
v 0.15886275 0.8203339999999999 0.044053499999999995
v 0.16220649999999998 0.83004062499999998 0.0436625
v 0.15285987500000001 0.84054287500000002 0.054496625000000007
v 0.15542774999999998 0.84059300000000003 0.050180875
v 0.16103387500000002 0.84651725 0.049471874999999998
v 0.15915912500000001 0.83945899999999996 0.046539375000000001
v 0.14349612499999997 0.77699074999999995 0.042744624999999994
v 0.14698962500000001 0.78616012499999999 0.043147999999999999
v 0.15442087500000001 0.78208 0.041797374999999998
v 0.13994475000000001 0.76446774999999989 0.041787000000000005
v 0.1487725 0.75766449999999996 0.039984749999999999
v 0.1331445 0.77114949999999993 0.046067999999999998
v 0.12671037499999999 0.76729737499999995 0.052088499999999996
v 0.13059324999999999 0.78128524999999993 0.053239124999999998
v 0.1237235 0.76553412499999995 0.059608750000000002
v 0.13387212500000001 0.79540762499999995 0.055296874999999995
v 0.13678912500000001 0.80860299999999996 0.057710999999999998
v 0.13103600000000001 0.79267062499999996 0.062250624999999997
v 0.1404955 0.820569875 0.059187125
v 0.14521625000000002 0.83079887500000005 0.059866125000000006
v 0.13894162500000001 0.81851550000000006 0.065211999999999992
v 0.162500125 0.77964612499999997 0.042943624999999999
v 0.17145487500000003 0.77992687500000002 0.046385124999999992
v 0.16466387500000002 0.77036850000000001 0.043887499999999996
v 0.15995524999999999 0.75864449999999994 0.042210875000000002
v 0.150983125 0.83930499999999997 0.060142125000000005
v 0.15819575 0.84554850000000004 0.060027375000000001
v 0.14995450000000002 0.83724074999999998 0.066180500000000003
v 0.14030937500000001 0.81311787499999999 0.077983874999999994
v 0.13892749999999998 0.81590024999999999 0.071631
v 0.13427625000000001 0.80341937499999994 0.070919874999999993
v 0.14407062500000001 0.82635962499999993 0.071959124999999999
v 0.15083112500000001 0.83104299999999998 0.077377000000000001
v 0.14993062500000001 0.83428812500000005 0.072045124999999988
v 0.156898125 0.83961374999999994 0.072076124999999991
v 0.14631512499999999 0.80421962499999999 0.089062499999999989
v 0.142966125 0.81025612499999999 0.083731
v 0.13807800000000001 0.79746012499999996 0.084095500000000004
v 0.147790375 0.82067374999999998 0.08286724999999999
v 0.13110912499999999 0.78667612499999995 0.076847749999999992
v 0.13362374999999999 0.78333012499999999 0.083542375000000002
v 0.12945200000000001 0.76928137500000005 0.082466374999999995
v 0.13697174999999998 0.77593449999999997 0.088949874999999998
v 0.15251225000000002 0.82789912499999996 0.081715874999999993
v 0.15827525000000001 0.83328212499999998 0.080177374999999995
v 0.15530462499999997 0.82366249999999996 0.085914999999999991
v 0.13015537500000002 0.78973087499999994 0.069614124999999999
v 0.12632275000000001 0.77589624999999995 0.068264499999999992
v 0.123147375 0.76051099999999994 0.074650375000000005
v 0.122627 0.76333074999999995 0.067265749999999999
v 0.166370875 0.845642 0.066196749999999999
v 0.16734587500000001 0.84841074999999999 0.059648375000000003
v 0.17674799999999999 0.84793225000000005 0.057613500000000005
v 0.16814075000000001 0.84974162500000006 0.053356125000000004
v 0.168814875 0.84910537499999994 0.048121625000000001
v 0.17654912500000003 0.84784112500000008 0.045794874999999999
v 0.170060875 0.84558337499999991 0.043593624999999997
v 0.177610875 0.7889226250000001 0.049312624999999999
v 0.17938625000000002 0.78086725000000001 0.051579749999999994
v 0.18163725 0.79806887500000001 0.051396374999999994
v 0.18763425 0.81851024999999999 0.051877625000000004
v 0.18495600000000001 0.80805437499999999 0.052182375000000003
v 0.18816687500000001 0.805662875 0.055922000000000006
v 0.18603524999999999 0.77673712499999992 0.064817374999999997
v 0.18437500000000001 0.77940187500000002 0.058053
v 0.18816037499999999 0.79086412499999992 0.061305499999999999
v 0.19177850000000002 0.81460449999999995 0.060990124999999999
v 0.19014575000000003 0.80352962500000003 0.060636749999999996
v 0.19075400000000003 0.80159099999999994 0.066225124999999996
v 0.18890312500000001 0.82801337500000016 0.050944875000000001
v 0.190886625 0.82649062500000003 0.055434999999999998
v 0.18535950000000001 0.82967287500000009 0.047015000000000001
v 0.18782599999999999 0.83640587500000008 0.049894000000000001
v 0.18328412500000002 0.84372775 0.048337749999999999
v 0.18032387500000002 0.84183787499999996 0.043749999999999997
v 0.18418050000000002 0.84359675000000001 0.053587500000000003
v 0.12224262499999999 0.74525324999999998 0.083215499999999998
v 0.11693475 0.733812625 0.081354249999999989
v 0.12181112499999999 0.73102162500000001 0.088323999999999986
v 0.15236300000000003 0.7353266249999999 0.094645375000000004
v 0.14897074999999999 0.72312350000000003 0.095550125
v 0.13890687499999999 0.72519424999999993 0.095814999999999997
v 0.12956924999999997 0.72802700000000009 0.093253624999999993
v 0.13353512499999998 0.73975749999999996 0.092577499999999993
v 0.13712412499999999 0.75060962500000006 0.092380500000000004
v 0.12913312500000002 0.75121375000000001 0.087781249999999991
v 0.14570850000000002 0.74794262499999997 0.094584625000000006
v 0.14065050000000001 0.76226137500000002 0.092614625000000006
v 0.14479237499999997 0.77644175000000004 0.093155624999999992
v 0.15335912500000001 0.77395824999999996 0.094864750000000012
v 0.14962887499999999 0.79125000000000001 0.093230249999999987
v 0.158554375 0.75797625000000002 0.094014
v 0.15533149999999998 0.7463678749999999 0.094174750000000002
v 0.16456700000000002 0.74615137499999995 0.091075374999999986
v 0.12548362499999999 0.75721462499999992 0.081640750000000012
v 0.17460012499999999 0.75891774999999995 0.085135625000000006
v 0.17192950000000001 0.74770687499999999 0.085318625000000009
v 0.177750875 0.75256125000000007 0.078136750000000005
v 0.17988874999999999 0.75183599999999995 0.070414749999999998
v 0.18250612500000002 0.762787875 0.070921125000000002
v 0.185113625 0.77471912499999995 0.07184512500000001
v 0.18731175 0.78696999999999995 0.07394400000000001
v 0.18324337500000001 0.77646637500000004 0.078732750000000004
v 0.18094462499999997 0.785239625 0.084758500000000001
v 0.17781562499999998 0.77196474999999998 0.085066625000000007
v 0.17110075 0.77119037499999998 0.090622750000000002
v 0.185045875 0.80913562499999991 0.082736375000000001
v 0.18347675000000002 0.79800099999999996 0.083901249999999997
v 0.18746849999999998 0.798716125 0.078178499999999998
v 0.17775012499999998 0.79815249999999982 0.088741500000000001
v 0.16678549999999998 0.78649274999999985 0.093417250000000007
v 0.16262375000000001 0.77206987499999991 0.094009750000000003
v 0.17040824999999998 0.79963662499999999 0.091883374999999989
v 0.162302 0.80197750000000001 0.093121750000000003
v 0.17465787500000002 0.81029762500000002 0.089567124999999997
v 0.19095162500000001 0.81129737499999988 0.072007374999999998
v 0.18984287499999999 0.79993074999999991 0.072180374999999991
v 0.19042512500000003 0.82094075000000011 0.071604000000000001
v 0.18821525 0.81916137499999997 0.076840000000000006
v 0.19172812500000003 0.82282087500000012 0.066069374999999986
v 0.18775675000000003 0.82905162499999996 0.071284874999999998
v 0.174262625 0.82595825 0.084826499999999985
v 0.1776865 0.82997625000000008 0.080936499999999995
v 0.1715265 0.83155512500000006 0.082134750000000006
v 0.18348962499999999 0.82529537499999994 0.079788499999999998
v 0.181757 0.83160275000000006 0.076540125000000014
v 0.18515462499999999 0.81764999999999999 0.081453374999999995
v 0.18027000000000001 0.81581449999999989 0.085928124999999994
v 0.18230037500000001 0.83576800000000007 0.071485500000000007
v 0.18372950000000002 0.83918700000000002 0.065816250000000007
v 0.174878375 0.84164100000000008 0.070441625000000008
v 0.18434875000000001 0.84190675000000015 0.059680875000000001
v 0.18967137500000003 0.83380300000000007 0.060039499999999996
v 0.19183575 0.82464962499999994 0.060645875000000002
v 0.15862562499999999 0.81523774999999998 0.090164500000000009
v 0.15440587500000003 0.80453012499999987 0.092093750000000002
v 0.16601712500000002 0.82857012500000005 0.084726374999999993
v 0.16211487499999999 0.82280112500000002 0.087741874999999997
v 0.16864574999999998 0.82279550000000001 0.087595875000000004
v 0.17405262500000002 0.81902962499999998 0.087837374999999995
v 0.16566575 0.83379400000000004 0.080974999999999991
v 0.163298625 0.83769862500000003 0.077069374999999996
v 0.16537274999999999 0.84179675000000009 0.072064375
v 0.17373512499999999 0.83938187500000006 0.041603874999999998
v 0.1655325 0.838526875 0.043162875000000003
v 0.17970587500000001 0.83331187500000004 0.04340575
v 0.060175499999999993 0.56629425 0.040564875
v 0.066353750000000003 0.56002524999999992 0.031668250000000002
v 0.058362624999999994 0.57281462499999991 0.051853749999999997
v 0.12063 0.57657962500000004 0.096649750000000006
v 0.109944375 0.57146275000000002 0.099763749999999998
v 0.114197375 0.55148474999999997 0.099340375000000009
v 0.076361499999999999 0.59635974999999997 0.089014499999999996
v 0.083854750000000006 0.59112812499999989 0.095314750000000004
v 0.093077125000000011 0.58591487499999995 0.099092874999999997
v 0.071610000000000007 0.60090025000000002 0.080900249999999993
v 0.119502625 0.53050174999999999 0.060759624999999998
v 0.12087100000000001 0.52925800000000001 0.074505749999999996
v 0.102654 0.58152262499999996 0.10009987499999999
v 0.095322000000000004 0.55623 0.10277875
v 0.077355124999999997 0.55249499999999996 0.026779499999999998
v 0.120013625 0.52905237500000002 0.086989375000000008
v 0.117313 0.53002262500000008 0.096851625000000011
v 0.11548325000000001 0.58158699999999997 0.032375124999999998
v 0.055097624999999997 0.56936862500000007 0.062801999999999997
v 0.197216 0.53717637500000004 0.116617375
v 0.205588875 0.545428625 0.11861962499999999
v 0.2005815 0.54978937500000002 0.11325787499999999
v 0.21374650000000001 0.54294112500000002 0.12267500000000001
v 0.21279237500000001 0.55540675000000006 0.12003425000000001
v 0.19789750000000003 0.542852 0.072950875000000012
v 0.205590625 0.55348987500000002 0.074519124999999992
v 0.213375125 0.549195875 0.069591874999999997
v 0.19992075000000001 0.55620487500000004 0.081539374999999997
v 0.213288375 0.56463687499999993 0.076732499999999995
v 0.21556924999999999 0.53236324999999995 0.066143874999999991
v 0.223004125 0.54344750000000008 0.068001249999999999
v 0.23135412500000002 0.53434562499999994 0.069686374999999995
v 0.23035462499999998 0.55475487499999998 0.070572499999999996
v 0.15362712499999998 0.48526362500000003 0.072167124999999999
v 0.16749925000000002 0.50119649999999993 0.072629750000000007
v 0.17422537499999999 0.49520712500000003 0.065899874999999997
v 0.16588974999999997 0.50943812499999996 0.080819749999999996
v 0.1797695 0.51789162499999997 0.072443250000000001
v 0.18916850000000002 0.44130687499999999 0.12109425
v 0.18209974999999998 0.44508287500000004 0.12645937499999998
v 0.17844312500000001 0.43081387500000001 0.12534600000000001
v 0.190444375 0.460781 0.12531437500000001
v 0.17413962499999999 0.45021787499999999 0.12969362499999998
v 0.18923187499999999 0.54681749999999996 0.088746249999999999
v 0.19675187499999999 0.55698975000000006 0.08973337499999999
v 0.19601675000000002 0.555949625 0.098243750000000005
v 0.20467237500000002 0.56755087500000001 0.091452624999999996
v 0.22707112500000001 0.50425599999999993 0.117977375
v 0.2203215 0.50821087500000006 0.12220487500000002
v 0.21167924999999999 0.49559249999999999 0.122992
v 0.22782837500000003 0.51823462499999995 0.121862
v 0.21288499999999999 0.51266462499999998 0.12408487500000001
v 0.15828112500000002 0.46314525000000001 0.13019625000000001
v 0.15084650000000002 0.47000287500000004 0.12743612499999998
v 0.143977625 0.45571450000000002 0.13188387500000001
v 0.15946025 0.483639875 0.122278
v 0.144559625 0.477136 0.12233225
v 0.14030075 0.48433337500000001 0.1153535
v 0.12949425000000001 0.47871362500000003 0.12028249999999999
v 0.15155174999999999 0.49196949999999995 0.111417375
v 0.13754 0.48681512500000002 0.10572325
v 0.21566637499999999 0.46898374999999998 0.104229375
v 0.21625349999999999 0.46830324999999995 0.093827250000000001
v 0.22738749999999999 0.48614000000000002 0.095745999999999998
v 0.20588237499999998 0.449740625 0.09461775
v 0.21356749999999999 0.46923062500000001 0.082879000000000008
v 0.18139925000000001 0.53584987500000003 0.088615250000000007
v 0.18278050000000001 0.53809912500000001 0.09730862500000001
v 0.18413012499999998 0.53443987500000001 0.079985749999999994
v 0.1722485 0.522614625 0.086770375000000011
v 0.16610350000000002 0.45642749999999999 0.13092062500000001
v 0.15823787500000003 0.44247312500000002 0.13340825000000001
v 0.17543187500000001 0.47163674999999999 0.12850975000000001
v 0.19815212500000001 0.52162900000000001 0.12179075
v 0.205416875 0.51715037500000005 0.12391987500000001
v 0.212587375 0.52690150000000002 0.123501
v 0.196998375 0.505108 0.12512537500000001
v 0.18249149999999997 0.53320750000000006 0.105499625
v 0.18938899999999997 0.54442774999999999 0.103543625
v 0.17389887500000001 0.52098862499999998 0.10646375
v 0.18612825 0.53002637500000005 0.11238825
v 0.23241787500000002 0.52121275 0.072503125000000002
v 0.22620124999999999 0.50760262499999997 0.073327749999999997
v 0.21718737499999999 0.51363649999999994 0.067000999999999991
v 0.23318987500000002 0.50284974999999998 0.082503500000000007
v 0.21946162500000002 0.49125249999999998 0.07517575
v 0.260895875 0.54928425000000003 0.12100037500000001
v 0.263757625 0.54460175 0.11464237499999999
v 0.272062625 0.55716112500000003 0.11584887499999999
v 0.25530187500000001 0.53227875000000002 0.11329450000000001
v 0.2667465 0.54450462499999996 0.10683237500000001
v 0.24367824999999999 0.512433625 0.090599749999999993
v 0.23626262499999998 0.50014362499999998 0.092644749999999998
v 0.23370649999999998 0.49693425000000002 0.10275975000000001
v 0.24184924999999999 0.53099062500000005 0.076378624999999992
v 0.249029 0.54230024999999993 0.078442625000000002
v 0.248265875 0.52594174999999999 0.084779125000000011
v 0.20715325000000001 0.52036499999999997 0.065071249999999997
v 0.19736887500000003 0.52661712500000002 0.066929875
v 0.19667950000000001 0.50608462499999995 0.064160750000000003
v 0.23069699999999999 0.57736537500000007 0.12384924999999999
v 0.22115062499999999 0.56716737500000014 0.12157225000000001
v 0.22755562500000001 0.56208862500000001 0.12528900000000001
v 0.21621737500000002 0.57171099999999997 0.11620862500000001
v 0.22166199999999997 0.5870638749999999 0.11091574999999999
v 0.21329500000000001 0.5753045 0.109322875
v 0.21238137500000001 0.57807062499999995 0.10161787500000001
v 0.20487075000000002 0.56349487500000006 0.1076405
v 0.17047612499999998 0.46894124999999998 0.060914250000000003
v 0.18367287500000001 0.48778737499999997 0.062705874999999994
v 0.19165775000000002 0.47463762499999995 0.063766875000000001
v 0.20763400000000001 0.47439437500000003 0.11954050000000001
v 0.21270624999999999 0.47101737500000002 0.11281862500000001
v 0.22353337500000001 0.488229625 0.111861875
v 0.202187375 0.45313100000000001 0.113733125
v 0.19741724999999999 0.55341050000000003 0.10626050000000001
v 0.23003700000000002 0.59022712499999996 0.082231250000000006
v 0.22170387499999999 0.57747725000000005 0.07946700000000001
v 0.21640524999999999 0.57957787500000002 0.086056250000000001
v 0.22912637499999999 0.57339687500000003 0.074989375000000011
v 0.19149050000000001 0.52603350000000004 0.11781725000000001
v 0.18472474999999999 0.51288074999999989 0.12013237499999999
v 0.18954337499999999 0.53132075000000001 0.072342749999999997
v 0.24343862500000002 0.56865900000000003 0.12804525
v 0.23512137499999999 0.5572665 0.12709975000000001
v 0.243380125 0.55281912499999997 0.12694875
v 0.224729875 0.54696862499999999 0.12543325
v 0.26678875000000002 0.54633050000000005 0.097879000000000008
v 0.27478125000000003 0.55949025000000008 0.099678749999999997
v 0.25869475000000003 0.53354212499999998 0.09585537500000002
v 0.263539625 0.54995337500000008 0.088874375000000005
v 0.24212150000000002 0.52411549999999996 0.118480375
v 0.24764412500000002 0.52187987499999999 0.11203887500000001
v 0.24020975 0.51206462499999994 0.11131250000000001
v 0.25095862499999999 0.52123324999999998 0.10376249999999999
v 0.25995675000000001 0.56059262499999996 0.12539775
v 0.25153775 0.54886774999999999 0.124842125
v 0.24077025000000002 0.53828637499999998 0.124429125
v 0.23245987500000001 0.50139362499999995 0.11132662500000001
v 0.25681575000000001 0.55520700000000001 0.081018624999999997
v 0.26462312500000001 0.56837087500000005 0.083413624999999991
v 0.24596174999999998 0.55795537499999992 0.074713999999999989
v 0.22179100000000002 0.59157899999999997 0.095843750000000005
v 0.21339712500000002 0.57966700000000004 0.093709874999999998
v 0.19352425000000001 0.43278662499999998 0.085989625
v 0.184436875 0.43597712499999997 0.073251000000000011
v 0.194172125 0.453118625 0.072076625000000005
v 0.17031450000000001 0.43984774999999998 0.061736625000000003
v 0.24621299999999999 0.58090649999999999 0.076218624999999998
v 0.23828637499999999 0.56768787499999995 0.073542625
v 0.16057525 0.50688387499999998 0.090379624999999991
v 0.14826112499999999 0.49220275000000002 0.091798749999999998
v 0.161143125 0.50712137499999999 0.100163875
v 0.25122699999999998 0.52264262500000003 0.094275875000000009
v 0.22730049999999999 0.53166924999999998 0.12433537500000001
v 0.23512187500000004 0.52753424999999998 0.122478375
v 0.2194895 0.536064875 0.12426062500000001
v 0.2611675 0.58357537500000001 0.079422500000000007
v 0.27172337499999999 0.58027437500000001 0.084959625000000011
v 0.27780024999999997 0.59096975000000007 0.086286500000000016
v 0.27853600000000001 0.57513950000000003 0.092427750000000003
v 0.25933424999999999 0.60290125000000006 0.079844000000000012
v 0.253334375 0.59262687500000011 0.078109125000000015
v 0.24434587499999999 0.59792025000000004 0.079886250000000006
v 0.24175549999999998 0.61094525 0.087435750000000007
v 0.23715262500000003 0.60112737499999991 0.084363875000000005
v 0.23192125 0.60221650000000004 0.090494749999999999
v 0.234390875 0.60957987499999999 0.10037262500000001
v 0.22882599999999997 0.60151137499999996 0.097462375000000004
v 0.22780387499999999 0.59952775000000003 0.10480937500000001
v 0.28172350000000002 0.57133362499999996 0.101021
v 0.28791749999999994 0.58133787499999989 0.10441187500000002
v 0.28163062500000002 0.56898274999999998 0.10964725
v 0.278752 0.56840812499999993 0.11676375
v 0.28297174999999997 0.57847549999999992 0.11860587500000001
v 0.27488312500000001 0.57165025000000003 0.12186187500000001
v 0.27173975 0.58026037499999994 0.125247
v 0.26645637499999997 0.57086662500000007 0.12527037500000002
v 0.25837650000000001 0.57412249999999998 0.12748925
v 0.29314949999999995 0.59303700000000004 0.10286387499999999
v 0.29250925 0.58963575000000001 0.11107025000000001
v 0.29154325000000003 0.60001587499999998 0.094894375000000003
v 0.29834300000000002 0.60417237499999998 0.10379062500000001
v 0.27867124999999998 0.66502725000000007 0.09273437499999998
v 0.27458587500000003 0.65784087499999999 0.091660249999999985
v 0.27056975 0.65891 0.094410499999999981
v 0.27900612499999999 0.65421112500000012 0.089561874999999999
v 0.27266875000000002 0.65029737500000007 0.090069625
v 0.27534649999999999 0.64364850000000007 0.087823374999999995
v 0.26920987499999999 0.64251524999999998 0.088581375000000004
v 0.26905725000000003 0.63425474999999998 0.086287749999999996
v 0.26293349999999999 0.63846049999999999 0.089173124999999992
v 0.28185812500000001 0.64674125000000005 0.087613374999999993
v 0.281219 0.63866325000000002 0.086101874999999994
v 0.28670125000000002 0.63312199999999996 0.086168749999999988
v 0.27775987499999999 0.63247762499999993 0.085422499999999998
v 0.294664125 0.64954075 0.087770125000000004
v 0.30228774999999997 0.64568025000000007 0.090947250000000007
v 0.29817237499999999 0.63829550000000013 0.089959125000000001
v 0.30731962499999999 0.65222862500000001 0.092962749999999983
v 0.30830574999999993 0.64176112499999993 0.095956374999999997
v 0.30134775000000003 0.62964500000000001 0.093325124999999995
v 0.29416262500000001 0.63170100000000007 0.088750999999999997
v 0.28911874999999998 0.62571824999999992 0.087036500000000017
v 0.28677387500000001 0.65306612500000005 0.088007499999999989
v 0.29073024999999997 0.66018599999999994 0.088326125000000005
v 0.28340599999999999 0.67114949999999995 0.093437749999999986
v 0.28662925 0.66757350000000004 0.090628999999999987
v 0.28137037500000001 0.67313250000000002 0.096944124999999992
v 0.28958575000000003 0.67563887499999997 0.095061624999999997
v 0.26920887500000001 0.62123812500000009 0.083741999999999997
v 0.27343774999999998 0.62757137499999993 0.084944000000000006
v 0.28077862499999995 0.62230074999999996 0.08497325
v 0.26455237499999995 0.61247225000000005 0.081827999999999998
v 0.27273562499999998 0.60404100000000005 0.082463124999999998
v 0.25759637499999999 0.62013062499999994 0.084361875000000003
v 0.24916337499999999 0.61981975 0.087794750000000005
v 0.25566012500000002 0.62976149999999997 0.089075374999999998
v 0.243734375 0.61979650000000008 0.093253749999999996
v 0.25788700000000003 0.64039449999999998 0.093260249999999989
v 0.25533812500000003 0.64232837499999995 0.098208375000000014
v 0.26213787499999996 0.65043675000000012 0.095874125000000004
v 0.27316612500000004 0.66806774999999996 0.099844749999999996
v 0.26726762500000001 0.65963699999999992 0.098004374999999991
v 0.26676050000000001 0.66211062500000006 0.10288262499999999
v 0.288676875 0.61863487499999992 0.087604000000000001
v 0.29692750000000001 0.61722462499999997 0.092944125000000002
v 0.289207875 0.61018149999999993 0.089638875000000007
v 0.28300024999999995 0.60116412499999994 0.087715624999999992
v 0.27991712499999999 0.67450500000000002 0.101295
v 0.28079662500000002 0.67524649999999997 0.10665575000000001
v 0.28775537500000004 0.67785574999999998 0.10277800000000001
v 0.263620625 0.65501362500000004 0.112070375
v 0.26411600000000002 0.65798200000000007 0.107140875
v 0.25778299999999998 0.64809174999999997 0.104888625
v 0.27079874999999998 0.66631037500000001 0.10921062499999999
v 0.27705062499999999 0.66877799999999998 0.1151875
v 0.27791500000000002 0.67185287500000002 0.110997625
v 0.28515562500000002 0.67472062499999996 0.11261037500000001
v 0.26574512500000003 0.64697324999999994 0.121218625
v 0.26402012499999999 0.65118287499999994 0.116784125
v 0.25720324999999999 0.64100137499999998 0.115380125
v 0.27051924999999999 0.65963574999999997 0.11795275
v 0.25059587500000002 0.63436700000000001 0.10835287499999999
v 0.25068062499999999 0.630190625 0.11395812500000001
v 0.24463837500000002 0.62002962499999992 0.112799125
v 0.25261224999999998 0.62565237499999993 0.119234125
v 0.27659149999999999 0.66535362500000006 0.11867625
v 0.28237162499999996 0.6681395 0.11964562500000001
v 0.27652375000000001 0.6604025 0.122197625
v 0.25190887499999998 0.63764599999999994 0.10266362499999999
v 0.24605462500000003 0.62724987499999996 0.100763875
v 0.23903512500000001 0.61539874999999999 0.106022625
v 0.24040637500000001 0.61818237500000006 0.099470375
v 0.3037685 0.67514525000000003 0.10621575
v 0.29626574999999999 0.67794749999999993 0.1043645
v 0.29637800000000003 0.67656462499999992 0.109970625
v 0.29502012499999997 0.67771412500000006 0.099030625000000011
v 0.29811775000000001 0.67562475 0.094874
v 0.30574225000000005 0.67285625000000004 0.094343125
v 0.29962650000000002 0.67169925000000008 0.090633749999999999
v 0.30359087500000004 0.62399212500000001 0.096617874999999992
v 0.30406274999999999 0.6191216249999999 0.100194875
v 0.30758012499999998 0.63176312499999998 0.09799274999999999
v 0.31415737499999996 0.63960499999999998 0.1060705
v 0.31193187499999997 0.63878637500000002 0.10075024999999999
v 0.31492050000000005 0.64730124999999994 0.10194124999999998
v 0.30871974999999996 0.624876125 0.10863687499999999
v 0.30359487500000004 0.61469125000000002 0.10580937499999998
v 0.30243575 0.61129412500000002 0.11286412500000001
v 0.31483812500000002 0.64594150000000006 0.11189087499999999
v 0.31268562499999997 0.63567512500000001 0.110839625
v 0.31043074999999998 0.63378849999999998 0.116008
v 0.31310537499999996 0.65500200000000008 0.09709124999999999
v 0.31647587499999996 0.65511474999999997 0.10197125000000001
v 0.31540750000000001 0.66284237500000009 0.10186624999999999
v 0.316460625 0.65732875000000002 0.106512125
v 0.31143074999999998 0.66917487500000006 0.098183999999999994
v 0.30934200000000001 0.66712537500000002 0.092914500000000011
v 0.31100375000000002 0.67009837500000002 0.10328962500000001
v 0.23488462500000001 0.60352787500000005 0.11407924999999999
v 0.22867537500000001 0.59660025000000005 0.11201850000000001
v 0.232868875 0.59478737500000012 0.11835112499999999
v 0.25539050000000002 0.58668475000000009 0.12773599999999999
v 0.250035375 0.57832537500000003 0.128093125
v 0.24079425000000002 0.58092487500000001 0.1266255
v 0.23585175 0.58815625000000005 0.12310699999999999
v 0.241507625 0.59603237500000006 0.123307625
v 0.2514035 0.59681887500000008 0.12655549999999999
v 0.24639212499999996 0.60315475000000007 0.12337624999999999
v 0.25111587499999999 0.61105687499999994 0.123385625
v 0.24189424999999998 0.60762012500000007 0.11835762499999999
v 0.26133224999999999 0.61392575000000005 0.12725625000000002
v 0.25666062499999998 0.62104549999999992 0.12395625
v 0.26282512499999999 0.63208724999999999 0.124700625
v 0.26509587499999998 0.60272787500000002 0.12824050000000001
v 0.26020712499999998 0.59430775000000002 0.127760875
v 0.26855724999999997 0.59104937499999988 0.12738025
v 0.23944112499999998 0.61178025000000003 0.11239325
v 0.28139274999999997 0.59804674999999996 0.126195
v 0.276565375 0.5889471249999999 0.12560375000000001
v 0.28354125000000002 0.58784237499999992 0.12230337500000001
v 0.289039875 0.587931125 0.11751875000000001
v 0.29406650000000001 0.59818225000000003 0.11801500000000001
v 0.299068 0.60932112500000002 0.11888200000000002
v 0.29352149999999999 0.60851537499999997 0.123584875
v 0.30335374999999998 0.6206815 0.11985274999999999
v 0.29166837499999998 0.62049812500000001 0.12762674999999998
v 0.28659612499999998 0.60879612500000002 0.12706675000000001
v 0.27877937500000005 0.61037799999999998 0.12889475
v 0.29893799999999998 0.64325787499999998 0.12713849999999999
v 0.29591887500000003 0.63248649999999995 0.127608
v 0.30189112499999998 0.63219750000000008 0.124603375
v 0.28907299999999997 0.63358012499999994 0.12947762499999999
v 0.27626699999999998 0.62428574999999986 0.129739625
v 0.27051625000000001 0.61306499999999997 0.12902925000000001
v 0.28184100000000001 0.63569299999999995 0.129779375
v 0.27324987499999998 0.63617250000000003 0.12825837499999998
v 0.28763662500000003 0.64554749999999994 0.12910112499999998
v 0.30882837499999999 0.64387762500000001 0.12097087500000001
v 0.30673837500000001 0.63254587500000004 0.120644
v 0.30896937499999999 0.65353000000000006 0.12030662499999999
v 0.30480275000000001 0.65255925000000004 0.12354799999999999
v 0.31254950000000004 0.65443762500000002 0.1163535
v 0.30732562500000005 0.6613865000000001 0.11909500000000001
v 0.29186899999999999 0.66062937500000007 0.12515662499999999
v 0.29654587499999996 0.66387525000000003 0.12312287500000001
v 0.29237649999999998 0.66652675000000006 0.12209925000000001
v 0.30038137500000001 0.65923737500000001 0.12394225
v 0.301204625 0.66468749999999999 0.121120625
v 0.30033224999999997 0.65177562499999997 0.12593337500000001
v 0.29434412499999996 0.65057049999999994 0.127759125
v 0.30399062499999996 0.6674255 0.117608375
v 0.30711812500000002 0.66907412500000008 0.11346575
v 0.299477875 0.67267049999999995 0.11476625
v 0.30952374999999999 0.669971125 0.10851037499999999
v 0.31333 0.66321750000000002 0.11046475
v 0.31502174999999999 0.65512949999999992 0.111675125
v 0.26924475000000003 0.64292024999999997 0.12512862499999999
v 0.274516125 0.65277249999999998 0.12468875
v 0.28495162499999999 0.66383637500000003 0.12333137499999999
v 0.28101587500000003 0.65844362499999998 0.12503787499999999
v 0.28597487500000002 0.6579354999999999 0.126129625
v 0.289091125 0.65409862500000004 0.12743450000000001
v 0.289849625 0.67155337500000001 0.11799125000000001
v 0.28755050000000004 0.6681045000000001 0.12096937500000002
v 0.29210550000000002 0.67474112499999994 0.114119625
v 0.30306137500000002 0.66571287500000009 0.089139625
v 0.29474925000000002 0.66658662499999999 0.088771124999999992
v 0.308280375 0.66021174999999999 0.091966999999999993
v 0.14049587499999999 0.47356100000000001 0.071262999999999993
v 0.14816237499999999 0.463559 0.063815250000000004
v 0.13973037499999999 0.481881375 0.081282750000000001
v 0.20104050000000001 0.47874224999999998 0.12400399999999999
v 0.19374112500000001 0.48377662500000002 0.12633275000000002
v 0.17252125000000001 0.49808837499999997 0.12057625
v 0.18218912500000001 0.49813625 0.12416099999999999
v 0.163942 0.49782187499999997 0.115722625
v 0.163253125 0.50545312499999995 0.1085285
v 0.194387 0.43868887499999998 0.114266375
v 0.18907237500000001 0.42697112500000001 0.11451424999999998
v 0.197494375 0.43723862499999999 0.10603024999999999
v 0.186409875 0.48890387500000004 0.12660250000000001
v 0.149153375 0.44026124999999999 0.056969375000000003
v 0.15943787500000001 0.45320099999999996 0.059641874999999997
v 0.20596187500000002 0.47323199999999999 0.072306874999999993
v 0.13581474999999998 0.483964375 0.093016125000000005
v -0.250872125 0.41726012499999998 0.098717625000000003
v -0.258061125 0.41391062499999998 0.091797000000000017
v -0.27047062500000002 0.43325025 0.097310624999999998
v -0.26676237500000005 0.40946537500000002 0.086555750000000001
v -0.24076437499999997 0.41144212499999994 0.14283725000000003
v -0.24621562500000002 0.40415587499999994 0.15511287500000001
v -0.23251025 0.38979975 0.15059812500000003
v -0.25870712499999998 0.418488625 0.15983225000000001
v -0.25386324999999998 0.39550762500000003 0.16438512500000002
v -0.263250125 0.38610962500000001 0.16950712500000001
v -0.275966875 0.40164937500000003 0.17186099999999999
v -0.27700425000000001 0.38292900000000002 0.17041524999999999
v -0.31112662499999999 0.38924737500000001 0.15179437500000001
v -0.29732524999999999 0.36779300000000004 0.14984475000000003
v -0.29125124999999996 0.36857175000000003 0.15943149999999998
v -0.30103500000000005 0.37010124999999999 0.137577375
v -0.24167274999999999 0.41963137499999997 0.11714112499999998
v -0.23930887499999998 0.416782875 0.12967287499999999
v -0.22588724999999998 0.40605474999999996 0.12005550000000001
v -0.25141487500000004 0.43181674999999997 0.136369875
v -0.27663275000000004 0.403510125 0.084767499999999996
v -0.289827375 0.42386425 0.090458499999999997
v -0.28318062500000002 0.39107075000000002 0.086841625000000006
v -0.24566937499999997 0.41960099999999995 0.10677112499999999
v -0.25682550000000004 0.43680037500000002 0.11307912499999999
v -0.30767962499999996 0.40939175 0.10153012499999998
v -0.29462050000000006 0.38866662499999999 0.097510374999999996
v -0.30016312499999998 0.38106399999999996 0.10983337499999998
v -0.29666637500000004 0.39144337499999998 0.16801425
v -0.28302925000000001 0.37281187500000001 0.16623175000000001
v -0.31562750000000001 0.39627125000000002 0.12677012499999998
v -0.30214787499999995 0.37457012499999998 0.12363812500000002
v -0.33623399999999998 0.44613712500000002 0.11000862500000001
v -0.32083174999999997 0.42872912499999999 0.10453812500000001
v -0.32703274999999993 0.4219755 0.116332375
v -0.30920975000000001 0.431461125 0.095855999999999997
v -0.34320287499999996 0.434723625 0.13284562499999999
v -0.32948237499999999 0.416054125 0.12982950000000001
v -0.328681375 0.411100625 0.14322312500000001
v -0.33513737499999996 0.42356662499999997 0.16086099999999998
v -0.32473550000000001 0.40778187500000002 0.15467012499999999
v -0.317861 0.40647224999999998 0.16406462499999999
v -0.31604450000000001 0.42180100000000004 0.17554125000000004
v -0.30879987499999995 0.40736799999999995 0.17103162499999999
v -0.30034274999999999 0.41319537499999998 0.17545012499999998
v -0.30221237499999998 0.44241912499999997 0.094053125000000001
v -0.31033862500000003 0.46057575000000001 0.096179999999999988
v -0.29117912499999998 0.44723987500000001 0.095712125000000009
v -0.28114525000000001 0.45030112499999997 0.10048662500000001
v -0.28797137500000003 0.46566087500000003 0.103984875
v -0.27258474999999999 0.45168999999999992 0.107830125
v -0.262113875 0.44902550000000008 0.12864737500000001
v -0.26609875 0.45145425 0.117268625
v -0.27281662499999998 0.46363150000000003 0.122881375
v -0.32535849999999999 0.47711787500000002 0.098462625000000012
v -0.31209249999999999 0.47893175000000004 0.099499000000000004
v -0.34169412499999996 0.48003412500000003 0.102330875
v -0.33765575000000003 0.49615100000000001 0.101242375
v -0.39422012499999998 0.50629562499999992 0.14795325000000001
v -0.39102662499999996 0.50362062500000004 0.15751224999999999
v -0.39597037499999999 0.51302687499999999 0.15743550000000001
v -0.38625324999999999 0.49506137500000003 0.15624337499999999
v -0.38643224999999998 0.50194062500000003 0.16564124999999999
v -0.38585562499999998 0.493985375 0.14520225
v -0.38136349999999997 0.48754425000000001 0.15329912499999998
v -0.37565562499999999 0.48048674999999996 0.14719187499999997
v -0.37583637500000006 0.48164125000000002 0.159953875
v -0.39054437500000005 0.50186074999999997 0.138432
v -0.38585637500000003 0.49752937500000005 0.13395162499999999
v -0.38377712500000005 0.501305 0.12422499999999999
v -0.38051225 0.49296412499999998 0.13085137499999999
v -0.37691074999999996 0.515165875 0.10921450000000001
v -0.38207137499999999 0.50807262500000006 0.11590062500000001
v -0.38447474999999998 0.51610449999999997 0.11376924999999999
v -0.37806687500000002 0.50047462499999995 0.11790075000000001
v -0.39687337499999997 0.51730075000000009 0.12568500000000002
v -0.39594125000000002 0.51031037499999998 0.136656375
v -0.401478375 0.51799600000000001 0.13714950000000001
v -0.40596262499999997 0.53191762499999995 0.12919375
v -0.40581687500000002 0.52555237500000007 0.13791637500000001
v -0.40735450000000001 0.53415849999999998 0.13850400000000002
v -0.40394912500000002 0.52256599999999997 0.14782125000000002
v -0.39565075 0.52293462499999999 0.16309287500000003
v -0.40065875000000001 0.52223550000000007 0.156095875
v -0.40396750000000003 0.53096500000000002 0.15283362499999997
v -0.37519675000000002 0.491228 0.123941125
v -0.37482937500000002 0.48407250000000002 0.1343625
v -0.36762149999999999 0.47092524999999996 0.139987375
v -0.35629962500000001 0.45445337500000005 0.13551587500000001
v -0.35040549999999998 0.45579462500000001 0.12107137500000001
v -0.35781712499999996 0.45345999999999997 0.15019374999999999
v -0.348086375 0.44198950000000004 0.16134399999999999
v -0.35921287500000004 0.46061399999999997 0.1641465
v -0.33894700000000005 0.43781687499999999 0.17062437499999999
v -0.36820275000000002 0.47621399999999997 0.16763425000000001
v -0.37475462500000001 0.48871924999999999 0.17121475
v -0.35839062499999996 0.47190237499999999 0.175834875
v -0.38037662500000002 0.50109337500000006 0.17282224999999998
v -0.38502837499999998 0.51302487500000005 0.17201412500000002
v -0.37247762499999998 0.500939625 0.17840862499999999
v -0.37043549999999997 0.49530149999999995 0.115009625
v -0.364884125 0.50372450000000002 0.1072985
v -0.35866324999999999 0.48796537500000003 0.110028375
v -0.34745824999999997 0.46831525000000007 0.1098075
v -0.38899662499999998 0.52431862500000004 0.16912012500000001
v -0.39196925000000005 0.53465825 0.16396362499999997
v -0.38151812499999999 0.525811625 0.17354325000000001
v -0.35242887500000003 0.50414037499999997 0.18327787500000001
v -0.36266324999999999 0.50211925000000002 0.18189500000000003
v -0.35541762500000001 0.48654400000000009 0.18269299999999999
v -0.36848187500000001 0.51579987500000013 0.17971675000000001
v -0.363919875 0.52886212500000007 0.17617587500000001
v -0.37283312500000004 0.52727437499999996 0.17571562499999999
v -0.37543637499999999 0.53707237499999994 0.16996900000000001
v -0.33459675 0.51083112500000005 0.17696124999999999
v -0.34295425000000002 0.50692562500000005 0.18152125000000002
v -0.33357862500000002 0.49103437500000002 0.18323675
v -0.35057687500000001 0.52025362500000005 0.17862625000000001
v -0.33496387500000002 0.47045799999999999 0.18431962499999999
v -0.32318912499999997 0.47302962500000001 0.18313499999999999
v -0.31273525000000002 0.45477875000000001 0.181957375
v -0.31235924999999998 0.47705212499999999 0.17865637499999998
v -0.35627375000000006 0.53008300000000008 0.17492049999999998
v -0.35953737499999999 0.53742024999999993 0.17001524999999995
v -0.34833587500000002 0.53062324999999999 0.17174937500000001
v -0.34691774999999997 0.47000950000000002 0.18174200000000001
v -0.33746500000000001 0.45258599999999999 0.1796345
v -0.31593212500000001 0.43674324999999997 0.18037375
v -0.32800887499999998 0.43614087499999998 0.17711187499999997
v -0.38446075000000002 0.54496924999999996 0.159788125
v -0.39282200000000006 0.54376225 0.15588487499999998
v -0.39334237500000002 0.55048312499999996 0.14493075
v -0.40024150000000003 0.54183237500000003 0.15122487499999998
v -0.40521075000000001 0.53873249999999995 0.14580100000000001
v -0.40522425000000001 0.54269437499999995 0.13564787499999997
v -0.36818812499999998 0.51552125000000004 0.10563787500000001
v -0.35847375000000004 0.51419012500000005 0.10401025
v -0.37177812499999996 0.52440399999999998 0.106169125
v -0.38271912499999999 0.53875487499999997 0.11035275
v -0.37669374999999994 0.53200950000000002 0.10768562500000001
v -0.38429512499999996 0.52734549999999991 0.110269625
v -0.36836537499999999 0.53496600000000005 0.10764512500000001
v -0.35289625000000002 0.52587737499999998 0.10602550000000001
v -0.34671162499999997 0.51274037499999991 0.10370550000000001
v -0.333827875 0.51173287499999998 0.105002625
v -0.366317 0.54471475000000003 0.11368937500000001
v -0.35941250000000002 0.53661037499999997 0.10932499999999999
v -0.35024675 0.53692262499999999 0.112385625
v -0.38887724999999995 0.54433200000000004 0.11423962500000001
v -0.38142625000000002 0.54817037499999999 0.11597825
v -0.39547212500000006 0.53938762500000004 0.11509274999999999
v -0.39474775000000001 0.54788737499999995 0.11998787499999999
v -0.40044062499999999 0.54762812500000002 0.12820675000000001
v -0.40419137500000002 0.54036174999999997 0.126013125
v -0.39436612500000001 0.55197724999999997 0.131751125
v -0.39089475000000007 0.521269125 0.11642174999999999
v -0.396717125 0.52798975000000004 0.11785162500000002
v -0.40141812500000001 0.53439762499999999 0.12038075000000001
v -0.27623300000000001 0.42226687500000004 0.17090087500000001
v -0.28635437499999999 0.414773 0.17454387499999999
v -0.29534937500000003 0.42710137500000001 0.17743662500000001
v -0.26110287500000001 0.44427125000000001 0.14117325
v -0.26933300000000004 0.45358687499999994 0.14775950000000002
v -0.26324212499999999 0.43773824999999994 0.15332487500000003
v -0.26843787500000005 0.43019937499999999 0.16361637500000004
v -0.27674525000000005 0.44085587500000001 0.16652900000000001
v -0.27729300000000001 0.45657650000000005 0.15808650000000002
v -0.28456600000000004 0.45207900000000001 0.16845100000000002
v -0.29318262500000003 0.46528200000000003 0.16999300000000001
v -0.29276237500000002 0.44516037499999994 0.17598525000000001
v -0.295668875 0.484635125 0.16023425000000002
v -0.30395412499999996 0.48225962500000003 0.170928625
v -0.31609162500000004 0.50007937499999999 0.17104612499999999
v -0.28569562500000001 0.48016087500000004 0.14727925
v -0.27693499999999999 0.46659762499999996 0.14634775
v -0.27793925000000003 0.47277262500000006 0.133593875
v -0.30369000000000002 0.43983837499999995 0.17998324999999998
v -0.29238687499999999 0.49125975000000005 0.12275374999999999
v -0.28254400000000002 0.47699537500000005 0.12166262500000001
v -0.29027649999999999 0.47939837499999999 0.11134712500000002
v -0.30032637499999998 0.48005975000000001 0.10380125000000001
v -0.31128312500000005 0.49537212499999994 0.10590450000000001
v -0.32225862500000002 0.51088275000000005 0.10897700000000002
v -0.31223675000000001 0.50964299999999996 0.115576875
v -0.33230562499999999 0.52491612499999996 0.112653
v -0.31626399999999999 0.52137875 0.12762100000000001
v -0.303978625 0.50691012499999999 0.12478
v -0.29853149999999995 0.50252825000000001 0.13607787500000001
v -0.33851537500000001 0.54165649999999999 0.13444525000000002
v -0.32829575 0.53299012499999998 0.130911
v -0.33439962499999998 0.53533512500000002 0.12329837500000002
v -0.32383100000000004 0.52981574999999992 0.13996550000000002
v -0.30917650000000002 0.51244025000000004 0.14924812500000001
v -0.29670574999999999 0.49641925000000003 0.14831662500000001
v -0.32205262499999998 0.52565612500000003 0.149953375
v -0.32041699999999995 0.51706000000000008 0.16073424999999997
v -0.33358862500000003 0.53594649999999999 0.14919437500000002
v -0.35036362499999996 0.54516799999999999 0.122252
v -0.34179424999999997 0.53646362499999989 0.117106
v -0.35807037500000005 0.55080462500000005 0.12817637499999998
v -0.35165237499999996 0.54928012500000001 0.13313112500000002
v -0.36547137499999999 0.55149237500000003 0.12346325
v -0.36481562499999998 0.55379525000000007 0.13510775
v -0.36054549999999996 0.54738962499999999 0.15637174999999998
v -0.35622824999999997 0.54915487499999993 0.149352125
v -0.362736 0.55174387499999999 0.14663237499999998
v -0.34993974999999999 0.54561462500000002 0.15171525
v -0.35249925000000004 0.54937950000000002 0.14303250000000001
v -0.34656199999999998 0.54702062500000004 0.13813974999999998
v -0.34149612500000004 0.54300550000000003 0.144431375
v -0.37019487500000003 0.55393112500000008 0.14329749999999999
v -0.378143375 0.55498087500000004 0.13963975000000001
v -0.37628600000000001 0.55122950000000004 0.15217487499999999
v -0.38643087500000001 0.55427912499999998 0.13555975000000001
v -0.380238625 0.55408025000000005 0.12636025000000001
v -0.37339387499999999 0.55060762500000004 0.119284
v -0.32812212499999999 0.51518462500000006 0.17006612499999998
v -0.33893624999999999 0.52629824999999997 0.16951312499999999
v -0.35292237500000001 0.54040999999999995 0.16396050000000001
v -0.34550437500000003 0.53566975000000006 0.16505999999999998
v -0.34581687499999997 0.54004799999999997 0.15884137499999998
v -0.34258787500000004 0.54101537500000008 0.15270300000000001
v -0.36752887500000003 0.54410100000000006 0.16352062499999998
v -0.36008712500000001 0.54279500000000003 0.16398787500000001
v -0.37597950000000002 0.54487750000000001 0.16230025000000001
v -0.013630375 0.25647724999999999 -0.040561125000000003
v -0.012893499999999999 0.28464475 -0.035051249999999999
v -0.026488999999999999 0.23483287500000002 -0.047310375000000002
v 0.11088387500000001 0.53102125 0.10251825000000001
v 0.1005035 0.52794450000000004 0.10645725
v 0.0053264999999999996 0.52742875 0.107854375
v 0.054117499999999999 0.49585762499999997 0.022043750000000001
v 0.073493500000000003 0.479933 0.024148499999999996
v 0.13862099999999999 0.42934362500000001 0.051854874999999995
v 0.090312749999999997 0.53569500000000003 0.10659737499999999
v 0.087786500000000003 0.5179705 0.11108087500000001
v 0.087243374999999998 0.5015695 0.11622475000000002
v 0.087881000000000015 0.48514687499999998 0.12129199999999998
v 0.072089500000000001 0.42337775000000005 0.127977125
v 0.058004 0.43249087500000005 0.123361625
v 0.165464625 0.39372474999999996 0.12848837499999999
v 0.16650725 0.40827112500000001 0.13038025
v 0.15485625 0.397298125 0.135996375
v 0.17248949999999999 0.41975874999999996 0.12690374999999998
v 0.16136837500000001 0.42091287500000002 0.13371
v 0.18093525000000002 0.41991362500000001 0.120621625
v 0.144253625 0.44015837499999999 0.13545162499999999
v 0.15175175000000002 0.429705 0.13611699999999999
v 0.14701212500000002 0.416858375 0.1383925
v 0.13095237500000001 0.40816925000000004 0.13972699999999999
v 0.143265375 0.40233887499999998 0.13926087499999998
v 0.13976374999999999 0.38616637500000001 0.13968287499999998
v 0.123716875 0.37292549999999997 0.14110637500000001
v 0.13622187499999999 0.36795074999999994 0.13998225000000003
v 0.13264199999999998 0.34854799999999997 0.13969300000000001
v 0.14063249999999999 0.32714587500000003 0.13341424999999998
v 0.149794125 0.32155612500000003 0.12303024999999998
v 0.14328649999999998 0.30067375000000002 0.12430487499999998
v 0.11676587500000001 0.33388474999999995 0.14220112499999998
v 0.129438625 0.32977025000000004 0.139627
v 0.12714912500000003 0.31217737499999998 0.13980812499999998
v 0.10274187500000001 0.33947349999999998 0.14161499999999999
v 0.10658949999999999 0.35855124999999999 0.14078525
v 0.089453499999999991 0.34514875000000006 0.13891149999999999
v 0.11039687499999999 0.377868125 0.1397245
v 0.11416175000000001 0.39656812499999999 0.13889874999999999
v 0.097502124999999995 0.38700950000000001 0.13685649999999999
v 0.1180635 0.41488850000000005 0.13812574999999999
v 0.12089212499999999 0.43496600000000002 0.13572075
v 0.10478625 0.42726350000000002 0.13468724999999998
v 0.11815262500000001 0.47292037500000006 0.12481587499999999
v 0.10542612500000001 0.46305637500000002 0.12795099999999998
v 0.12081500000000001 0.45556237500000002 0.13097824999999999
v 0.052878874999999999 0.35260649999999999 0.12645724999999999
v 0.065580625000000003 0.35720924999999998 0.13029199999999996
v 0.055345374999999995 0.33515787499999999 0.12965887500000001
v 0.12781150000000002 0.29586062499999999 0.13661562499999999
v 0.090672500000000003 0.467348125 0.034444124999999999
v 0.089004374999999997 0.46674575000000007 0.125607
v 0.093911749999999988 0.4463955 0.130155875
v 0.1331185 0.445882 0.13415987499999998
v 0.19775562499999999 0.43478250000000002 0.096297250000000001
v 0.19026300000000002 0.421404 0.10015399999999999
v 0.18565900000000002 0.41702062500000003 0.11218800000000001
v 0.085220125000000008 0.40511650000000005 0.1327325
v 0.08784462500000001 0.42593262500000006 0.131749
v 0.082391499999999993 0.38524462500000001 0.13341149999999999
v 0.07663325 0.36770600000000003 0.13298237499999999
v 0.077583125000000003 0.350302375 0.13517249999999997
v 0.072313875 0.33530399999999999 0.13530937500000001
v 0.064381250000000001 0.32244375000000003 0.13456737499999999
v 0.057344999999999993 0.30710237499999998 0.135301375
v 0.05169025 0.28847737500000004 0.13728425
v 0.046743750000000001 0.26974237499999998 0.13944837500000001
v 0.038859249999999998 0.22996362499999998 0.14352787500000003
v -0.069258374999999997 0.38595212499999998 0.11967087500000001
v -0.068965374999999995 0.40259812499999997 0.117580875
v -0.06738124999999999 0.36643249999999994 0.12230225
v -0.067509250000000007 0.34585487500000001 0.12648324999999999
v -0.069058999999999995 0.32362450000000004 0.13287237500000001
v -0.086597499999999994 0.24697550000000001 0.16148474999999998
v -0.077556 0.27449325000000002 0.15270025000000001
v -0.096325125000000011 0.21675049999999998 0.16486875000000001
v -0.065954874999999996 0.41733487499999999 0.11583512499999998
v -0.089137124999999998 0.43878487499999996 0.119649625
v -0.13112562500000002 0.45873575000000005 0.11961225
v -0.1113345 0.45260487500000002 0.12173737499999999
v -0.161318875 0.46605412499999999 0.09927287500000001
v -0.14839587500000001 0.46350949999999996 0.11174825000000001
v -0.16931750000000001 0.46632200000000001 0.084121874999999985
v -0.21104975000000001 0.405487125 0.10640612499999999
v -0.19752675 0.412612125 0.090414750000000002
v -0.18604199999999999 0.41519837500000001 0.054566375
v -0.18648750000000003 0.42487362500000003 0.072791999999999996
v -0.19067574999999998 0.37827337500000002 0.035515375000000002
v -0.18714312499999999 0.39888425 0.042211500000000006
v -0.20221700000000001 0.33563824999999997 0.032473374999999999
v -0.19684112500000001 0.35866837500000004 0.033021250000000002
v -0.22010362500000002 0.32441399999999998 0.044609250000000003
v -0.23371475 0.31364062500000001 0.055005250000000006
v -0.24511062500000003 0.30527025000000002 0.069986499999999993
v -0.25333187499999998 0.298058875 0.088369124999999993
v -0.25718912500000002 0.29146125000000001 0.108142375
v -0.25981074999999998 0.29197862499999994 0.127637625
v -0.24388162499999999 0.29225687499999997 0.15897362500000001
v -0.251814125 0.28705274999999997 0.14413037499999998
v -0.21986999999999998 0.37893874999999999 0.149609625
v -0.20716887500000003 0.37061449999999996 0.15201775000000001
v -0.137698125 0.33571837500000007 0.15921562499999997
v -0.15829162499999999 0.34776237500000001 0.16010412499999999
v -0.17517862499999998 0.3612805 0.15606324999999999
v -0.093377500000000002 0.31072962500000001 0.14988075000000001
v -0.11569412500000001 0.32303400000000004 0.15554599999999999
v -0.053080250000000002 0.29117512499999998 0.13530287499999999
v -0.071988375000000007 0.29993687499999999 0.14247925
v -0.025216125000000002 0.27850825000000001 0.12733462500000001
v -0.037608750000000003 0.28427649999999999 0.13041412499999999
v -0.007844750000000001 0.27008225000000002 0.12643599999999999
v -0.015766124999999999 0.27381949999999999 0.126151125
v 0.0073886250000000002 0.26419312500000003 0.12961600000000001
v -0.00039762500000000019 0.26702575000000001 0.1274845
v 0.028112749999999999 0.25664437499999998 0.136860125
v 0.016643124999999998 0.26095637499999996 0.132833375
v 0.058918875000000002 0.24297437499999999 0.14442612500000002
v 0.042154999999999998 0.25044187499999998 0.14160974999999998
v 0.098975125000000011 0.22133649999999999 0.13451637499999999
v 0.079577750000000003 0.234229625 0.14301799999999998
v -0.14520549999999999 0.18148350000000002 0.15239837499999997
v -0.12150975 0.19556950000000001 0.16329099999999999
v -0.15782075000000001 0.16743662500000001 0.130056
v -0.16920087500000003 0.16277524999999998 0.104303125
v -0.17202837500000001 0.16348412500000001 0.077785375000000004
v -0.16913450000000002 0.16759812499999999 0.051673499999999997
v -0.16331237500000001 0.17305162500000001 0.027005875000000002
v -0.15339087500000001 0.17938412500000001 0.0045795000000000002
v -0.138651625 0.18639562500000001 -0.015088874999999998
v 0.116951625 0.22097449999999999 0.11877724999999999
v 0.12823675000000001 0.21918099999999999 0.097712500000000008
v 0.131178875 0.22005862500000001 0.074559500000000001
v 0.12673912500000001 0.22340574999999999 0.051070875000000002
v 0.127304 0.27768175 0.037185625
v 0.1218515 0.25288325 0.032620375
v 0.089828375000000016 0.24268387499999999 -0.00085524999999999924
v 0.10411474999999999 0.23588224999999999 0.012251874999999999
v 0.086692125000000009 0.21926012499999997 -0.0044401249999999996
v 0.11711825000000001 0.22900274999999998 0.029930125000000002
v 0.084822625000000013 0.19814037500000004 -0.0063697500000000004
v 0.08584 0.12908762499999998 -0.010546000000000002
v 0.069653875000000004 0.13395550000000001 -0.028222750000000001
v 0.048616125000000003 0.13896249999999999 -0.042441624999999997
v 0.025445000000000002 0.143766375 -0.053206625
v 0.002515250000000001 0.14788125000000002 -0.060536625000000004
v -0.021023625000000004 0.15166112499999998 -0.064903124999999992
v -0.046454624999999999 0.15560374999999999 -0.066377500000000006
v -0.072322625000000001 0.15842487499999999 -0.063182874999999999
v -0.097051125000000002 0.15881437500000001 -0.053960125000000005
v -0.22143300000000002 0.31645400000000001 0.1732495
v -0.23337649999999999 0.30272012500000006 0.16879137499999999
v -0.20035637499999998 0.34804999999999997 0.16497424999999999
v -0.21013950000000001 0.33189850000000004 0.17151487500000001
v -0.183575875 0.37924050000000009 0.14600312500000001
v -0.192798 0.36337450000000004 0.15563549999999998
v -0.18298287499999999 0.39767200000000003 0.13273625
f 13 811 813
f 14 812 811
f 811 812 813
f 812 15 813
f 15 812 815
f 14 814 812
f 812 814 815
f 814 16 815
f 17 816 818
f 18 817 816
f 816 817 818
f 817 19 818
f 19 817 820
f 18 819 817
f 817 819 820
f 819 20 820
f 21 821 823
f 22 822 821
f 821 822 823
f 822 13 823
f 13 822 811
f 22 824 822
f 822 824 811
f 824 14 811
f 21 825 827
f 23 826 825
f 825 826 827
f 826 24 827
f 24 826 829
f 23 828 826
f 826 828 829
f 828 25 829
f 26 830 832
f 27 831 830
f 830 831 832
f 831 25 832
f 25 831 834
f 27 833 831
f 831 833 834
f 833 28 834
f 29 835 837
f 30 836 835
f 835 836 837
f 836 31 837
f 31 836 839
f 30 838 836
f 836 838 839
f 838 32 839
f 33 840 842
f 34 841 840
f 840 841 842
f 841 35 842
f 35 841 844
f 34 843 841
f 841 843 844
f 843 36 844
f 37 845 847
f 38 846 845
f 845 846 847
f 846 39 847
f 39 846 849
f 38 848 846
f 846 848 849
f 848 40 849
f 41 850 852
f 42 851 850
f 850 851 852
f 851 43 852
f 43 851 854
f 42 853 851
f 851 853 854
f 853 44 854
f 45 855 857
f 46 856 855
f 855 856 857
f 856 47 857
f 47 856 859
f 46 858 856
f 856 858 859
f 858 48 859
f 49 860 862
f 50 861 860
f 860 861 862
f 861 51 862
f 51 861 864
f 50 863 861
f 861 863 864
f 863 52 864
f 53 865 867
f 19 866 865
f 865 866 867
f 866 54 867
f 54 866 869
f 19 868 866
f 866 868 869
f 868 55 869
f 19 820 868
f 20 870 820
f 820 870 868
f 870 55 868
f 55 870 872
f 20 871 870
f 870 871 872
f 871 56 872
f 57 873 875
f 58 874 873
f 873 874 875
f 874 47 875
f 47 874 857
f 58 876 874
f 874 876 857
f 876 45 857
f 59 877 879
f 60 878 877
f 877 878 879
f 878 61 879
f 61 878 881
f 60 880 878
f 878 880 881
f 880 62 881
f 63 882 884
f 64 883 882
f 882 883 884
f 883 65 884
f 65 883 886
f 64 885 883
f 883 885 886
f 885 66 886
f 65 886 888
f 66 887 886
f 886 887 888
f 887 67 888
f 67 887 890
f 66 889 887
f 887 889 890
f 889 68 890
f 69 891 893
f 70 892 891
f 891 892 893
f 892 71 893
f 71 892 895
f 70 894 892
f 892 894 895
f 894 72 895
f 15 896 813
f 73 897 896
f 896 897 813
f 897 13 813
f 13 897 899
f 73 898 897
f 897 898 899
f 898 74 899
f 75 900 902
f 76 901 900
f 900 901 902
f 901 77 902
f 77 901 904
f 76 903 901
f 901 903 904
f 903 78 904
f 79 905 907
f 80 906 905
f 905 906 907
f 906 81 907
f 81 906 909
f 80 908 906
f 906 908 909
f 908 82 909
f 83 910 912
f 84 911 910
f 910 911 912
f 911 85 912
f 85 911 914
f 84 913 911
f 911 913 914
f 913 86 914
f 87 915 917
f 88 916 915
f 915 916 917
f 916 89 917
f 89 916 919
f 88 918 916
f 916 918 919
f 918 90 919
f 91 920 922
f 92 921 920
f 920 921 922
f 921 63 922
f 63 921 882
f 92 923 921
f 921 923 882
f 923 64 882
f 93 924 926
f 94 925 924
f 924 925 926
f 925 95 926
f 95 925 928
f 94 927 925
f 925 927 928
f 927 96 928
f 97 929 931
f 66 930 929
f 929 930 931
f 930 98 931
f 98 930 932
f 66 885 930
f 930 885 932
f 885 64 932
f 99 933 935
f 69 934 933
f 933 934 935
f 934 100 935
f 100 934 936
f 69 893 934
f 934 893 936
f 893 71 936
f 56 937 872
f 101 938 937
f 937 938 872
f 938 55 872
f 55 938 940
f 101 939 938
f 938 939 940
f 939 102 940
f 103 941 943
f 54 942 941
f 941 942 943
f 942 102 943
f 102 942 940
f 54 869 942
f 942 869 940
f 869 55 940
f 104 944 946
f 52 945 944
f 944 945 946
f 945 105 946
f 105 945 947
f 52 863 945
f 945 863 947
f 863 50 947
f 80 905 949
f 79 948 905
f 905 948 949
f 948 78 949
f 78 948 951
f 79 950 948
f 948 950 951
f 950 106 951
f 13 899 823
f 74 952 899
f 899 952 823
f 952 21 823
f 21 952 825
f 74 953 952
f 952 953 825
f 953 23 825
f 39 954 847
f 80 955 954
f 954 955 847
f 955 37 847
f 37 955 957
f 80 956 955
f 955 956 957
f 956 107 957
f 80 954 908
f 39 958 954
f 954 958 908
f 958 82 908
f 82 958 960
f 39 959 958
f 958 959 960
f 959 108 960
f 109 961 963
f 110 962 961
f 961 962 963
f 962 111 963
f 111 962 965
f 110 964 962
f 962 964 965
f 964 112 965
f 113 966 968
f 114 967 966
f 966 967 968
f 967 115 968
f 115 967 970
f 114 969 967
f 967 969 970
f 969 116 970
f 43 854 972
f 44 971 854
f 854 971 972
f 971 117 972
f 117 971 974
f 44 973 971
f 971 973 974
f 973 118 974
f 119 975 977
f 63 976 975
f 975 976 977
f 976 120 977
f 120 976 978
f 63 884 976
f 976 884 978
f 884 65 978
f 121 979 981
f 91 980 979
f 979 980 981
f 980 119 981
f 119 980 975
f 91 922 980
f 980 922 975
f 922 63 975
f 122 982 984
f 123 983 982
f 982 983 984
f 983 124 984
f 124 983 986
f 123 985 983
f 983 985 986
f 985 125 986
f 126 987 989
f 17 988 987
f 987 988 989
f 988 127 989
f 127 988 991
f 17 990 988
f 988 990 991
f 990 128 991
f 128 990 993
f 17 992 990
f 990 992 993
f 992 53 993
f 53 992 865
f 17 818 992
f 992 818 865
f 818 19 865
f 46 994 858
f 125 995 994
f 994 995 858
f 995 48 858
f 48 995 997
f 125 996 995
f 995 996 997
f 996 129 997
f 48 997 999
f 129 998 997
f 997 998 999
f 998 130 999
f 130 998 1001
f 129 1000 998
f 998 1000 1001
f 1000 131 1001
f 47 859 1003
f 48 1002 859
f 859 1002 1003
f 1002 132 1003
f 132 1002 1004
f 48 999 1002
f 1002 999 1004
f 999 130 1004
f 47 1003 875
f 132 1005 1003
f 1003 1005 875
f 1005 57 875
f 57 1005 1007
f 132 1006 1005
f 1005 1006 1007
f 1006 133 1007
f 130 1001 1009
f 131 1008 1001
f 1001 1008 1009
f 1008 134 1009
f 134 1008 1011
f 131 1010 1008
f 1008 1010 1011
f 1010 135 1011
f 134 1012 1009
f 136 1013 1012
f 1012 1013 1009
f 1013 130 1009
f 130 1013 1004
f 136 1014 1013
f 1013 1014 1004
f 1014 132 1004
f 136 1015 1014
f 137 1016 1015
f 1015 1016 1014
f 1016 132 1014
f 132 1016 1006
f 137 1017 1016
f 1016 1017 1006
f 1017 133 1006
f 138 1018 1020
f 92 1019 1018
f 1018 1019 1020
f 1019 139 1020
f 139 1019 1022
f 92 1021 1019
f 1019 1021 1022
f 1021 140 1022
f 141 1023 1025
f 142 1024 1023
f 1023 1024 1025
f 1024 143 1025
f 143 1024 1027
f 142 1026 1024
f 1024 1026 1027
f 1026 52 1027
f 52 944 1027
f 104 1028 944
f 944 1028 1027
f 1028 143 1027
f 143 1028 1030
f 104 1029 1028
f 1028 1029 1030
f 1029 144 1030
f 145 1031 1033
f 146 1032 1031
f 1031 1032 1033
f 1032 147 1033
f 147 1032 1035
f 146 1034 1032
f 1032 1034 1035
f 1034 148 1035
f 149 1036 1038
f 150 1037 1036
f 1036 1037 1038
f 1037 26 1038
f 26 1037 1040
f 150 1039 1037
f 1037 1039 1040
f 1039 151 1040
f 152 1041 1043
f 153 1042 1041
f 1041 1042 1043
f 1042 58 1043
f 58 1042 876
f 153 1044 1042
f 1042 1044 876
f 1044 45 876
f 78 951 904
f 106 1045 951
f 951 1045 904
f 1045 77 904
f 77 1045 1047
f 106 1046 1045
f 1045 1046 1047
f 1046 154 1047
f 155 1048 1050
f 156 1049 1048
f 1048 1049 1050
f 1049 157 1050
f 157 1049 1052
f 156 1051 1049
f 1049 1051 1052
f 1051 158 1052
f 159 1053 1055
f 160 1054 1053
f 1053 1054 1055
f 1054 161 1055
f 161 1054 1057
f 160 1056 1054
f 1054 1056 1057
f 1056 162 1057
f 163 1058 1060
f 164 1059 1058
f 1058 1059 1060
f 1059 87 1060
f 87 1059 915
f 164 1061 1059
f 1059 1061 915
f 1061 88 915
f 165 1062 1064
f 29 1063 1062
f 1062 1063 1064
f 1063 166 1064
f 166 1063 1066
f 29 1065 1063
f 1063 1065 1066
f 1065 167 1066
f 86 1067 1069
f 168 1068 1067
f 1067 1068 1069
f 1068 169 1069
f 169 1068 1071
f 168 1070 1068
f 1068 1070 1071
f 1070 170 1071
f 171 1072 1074
f 172 1073 1072
f 1072 1073 1074
f 1073 173 1074
f 173 1073 1076
f 172 1075 1073
f 1073 1075 1076
f 1075 174 1076
f 114 966 1078
f 113 1077 966
f 966 1077 1078
f 1077 94 1078
f 94 1077 927
f 113 1079 1077
f 1077 1079 927
f 1079 96 927
f 113 1080 1079
f 175 1081 1080
f 1080 1081 1079
f 1081 96 1079
f 96 1081 1083
f 175 1082 1081
f 1081 1082 1083
f 1082 176 1083
f 70 1084 894
f 177 1085 1084
f 1084 1085 894
f 1085 72 894
f 72 1085 1087
f 177 1086 1085
f 1085 1086 1087
f 1086 178 1087
f 91 979 1089
f 121 1088 979
f 979 1088 1089
f 1088 179 1089
f 179 1088 1091
f 121 1090 1088
f 1088 1090 1091
f 1090 180 1091
f 81 909 1093
f 82 1092 909
f 909 1092 1093
f 1092 169 1093
f 169 1092 1095
f 82 1094 1092
f 1092 1094 1095
f 1094 181 1095
f 182 1096 1098
f 28 1097 1096
f 1096 1097 1098
f 1097 167 1098
f 167 1097 1099
f 28 833 1097
f 1097 833 1099
f 833 27 1099
f 183 1100 1102
f 181 1101 1100
f 1100 1101 1102
f 1101 108 1102
f 108 1101 960
f 181 1094 1101
f 1101 1094 960
f 1094 82 960
f 76 900 1104
f 75 1103 900
f 900 1103 1104
f 1103 149 1104
f 149 1103 1036
f 75 1105 1103
f 1103 1105 1036
f 1105 150 1036
f 184 1106 1108
f 185 1107 1106
f 1106 1107 1108
f 1107 186 1108
f 186 1107 1110
f 185 1109 1107
f 1107 1109 1110
f 1109 187 1110
f 188 1111 1113
f 189 1112 1111
f 1111 1112 1113
f 1112 190 1113
f 190 1112 1115
f 189 1114 1112
f 1112 1114 1115
f 1114 191 1115
f 192 1116 1118
f 193 1117 1116
f 1116 1117 1118
f 1117 194 1118
f 194 1117 1120
f 193 1119 1117
f 1117 1119 1120
f 1119 195 1120
f 195 1119 1122
f 193 1121 1119
f 1119 1121 1122
f 1121 196 1122
f 196 1121 1124
f 193 1123 1121
f 1121 1123 1124
f 1123 197 1124
f 198 1125 1127
f 199 1126 1125
f 1125 1126 1127
f 1126 200 1127
f 200 1126 1129
f 199 1128 1126
f 1126 1128 1129
f 1128 201 1129
f 33 1130 1132
f 202 1131 1130
f 1130 1131 1132
f 1131 203 1132
f 203 1131 1134
f 202 1133 1131
f 1131 1133 1134
f 1133 204 1134
f 205 1135 1137
f 206 1136 1135
f 1135 1136 1137
f 1136 35 1137
f 35 1136 1139
f 206 1138 1136
f 1136 1138 1139
f 1138 207 1139
f 176 1140 1083
f 208 1141 1140
f 1140 1141 1083
f 1141 96 1083
f 96 1141 928
f 208 1142 1141
f 1141 1142 928
f 1142 95 928
f 209 1143 1145
f 210 1144 1143
f 1143 1144 1145
f 1144 211 1145
f 211 1144 1147
f 210 1146 1144
f 1144 1146 1147
f 1146 165 1147
f 212 1148 1150
f 85 1149 1148
f 1148 1149 1150
f 1149 183 1150
f 183 1149 1100
f 85 1151 1149
f 1149 1151 1100
f 1151 181 1100
f 70 1152 1084
f 157 1153 1152
f 1152 1153 1084
f 1153 177 1084
f 177 1153 1155
f 157 1154 1153
f 1153 1154 1155
f 1154 213 1155
f 160 1156 1056
f 192 1157 1156
f 1156 1157 1056
f 1157 162 1056
f 162 1157 1158
f 192 1118 1157
f 1157 1118 1158
f 1118 194 1158
f 85 914 1151
f 86 1159 914
f 914 1159 1151
f 1159 181 1151
f 181 1159 1095
f 86 1069 1159
f 1159 1069 1095
f 1069 169 1095
f 214 1160 1162
f 215 1161 1160
f 1160 1161 1162
f 1161 216 1162
f 216 1161 1164
f 215 1163 1161
f 1161 1163 1164
f 1163 217 1164
f 189 1165 1114
f 60 1166 1165
f 1165 1166 1114
f 1166 191 1114
f 191 1166 1168
f 60 1167 1166
f 1166 1167 1168
f 1167 218 1168
f 177 1155 1170
f 213 1169 1155
f 1155 1169 1170
f 1169 59 1170
f 59 1169 1172
f 213 1171 1169
f 1169 1171 1172
f 1171 219 1172
f 220 1173 1175
f 221 1174 1173
f 1173 1174 1175
f 1174 222 1175
f 222 1174 1177
f 221 1176 1174
f 1174 1176 1177
f 1176 223 1177
f 202 1130 1179
f 33 1178 1130
f 1130 1178 1179
f 1178 207 1179
f 207 1178 1139
f 33 842 1178
f 1178 842 1139
f 842 35 1139
f 31 1180 837
f 182 1181 1180
f 1180 1181 837
f 1181 29 837
f 29 1181 1065
f 182 1098 1181
f 1181 1098 1065
f 1098 167 1065
f 208 1182 1142
f 202 1183 1182
f 1182 1183 1142
f 1183 95 1142
f 95 1183 1184
f 202 1179 1183
f 1183 1179 1184
f 1179 207 1184
f 202 1182 1133
f 208 1185 1182
f 1182 1185 1133
f 1185 204 1133
f 204 1185 1187
f 208 1186 1185
f 1185 1186 1187
f 1186 224 1187
f 93 1188 924
f 225 1189 1188
f 1188 1189 924
f 1189 94 924
f 94 1189 1191
f 225 1190 1189
f 1189 1190 1191
f 1190 226 1191
f 97 1192 1194
f 227 1193 1192
f 1192 1193 1194
f 1193 228 1194
f 228 1193 1196
f 227 1195 1193
f 1193 1195 1196
f 1195 229 1196
f 35 844 1137
f 36 1197 844
f 844 1197 1137
f 1197 205 1137
f 205 1197 1199
f 36 1198 1197
f 1197 1198 1199
f 1198 230 1199
f 34 840 1201
f 33 1200 840
f 840 1200 1201
f 1200 231 1201
f 231 1200 1202
f 33 1132 1200
f 1200 1132 1202
f 1132 203 1202
f 229 1203 1205
f 232 1204 1203
f 1203 1204 1205
f 1204 203 1205
f 203 1204 1202
f 232 1206 1204
f 1204 1206 1202
f 1206 231 1202
f 227 1207 1195
f 233 1208 1207
f 1207 1208 1195
f 1208 229 1195
f 229 1208 1203
f 233 1209 1208
f 1208 1209 1203
f 1209 232 1203
f 233 1207 1211
f 227 1210 1207
f 1207 1210 1211
f 1210 234 1211
f 234 1210 1213
f 227 1212 1210
f 1210 1212 1213
f 1212 235 1213
f 228 1196 1215
f 229 1214 1196
f 1196 1214 1215
f 1214 204 1215
f 204 1214 1134
f 229 1205 1214
f 1214 1205 1134
f 1205 203 1134
f 236 1216 1218
f 99 1217 1216
f 1216 1217 1218
f 1217 201 1218
f 201 1217 1220
f 99 1219 1217
f 1217 1219 1220
f 1219 237 1220
f 227 1192 1212
f 97 1221 1192
f 1192 1221 1212
f 1221 235 1212
f 235 1221 1222
f 97 931 1221
f 1221 931 1222
f 931 98 1222
f 139 1223 1020
f 238 1224 1223
f 1223 1224 1020
f 1224 138 1020
f 138 1224 1226
f 238 1225 1224
f 1224 1225 1226
f 1225 239 1226
f 240 1227 1229
f 239 1228 1227
f 1227 1228 1229
f 1228 241 1229
f 241 1228 1230
f 239 1225 1228
f 1228 1225 1230
f 1225 238 1230
f 215 1231 1233
f 242 1232 1231
f 1231 1232 1233
f 1232 243 1233
f 244 1234 1236
f 245 1235 1234
f 1234 1235 1236
f 1235 242 1236
f 242 1235 1232
f 245 1237 1235
f 1235 1237 1232
f 1237 243 1232
f 31 839 1239
f 32 1238 839
f 839 1238 1239
f 1238 244 1239
f 244 1238 1234
f 32 1240 1238
f 1238 1240 1234
f 1240 245 1234
f 165 1241 1062
f 246 1242 1241
f 1241 1242 1062
f 1242 29 1062
f 29 1242 835
f 246 1243 1242
f 1242 1243 835
f 1243 30 835
f 247 1244 1246
f 248 1245 1244
f 1244 1245 1246
f 1245 249 1246
f 249 1245 1248
f 248 1247 1245
f 1245 1247 1248
f 1247 250 1248
f 237 1249 1220
f 251 1250 1249
f 1249 1250 1220
f 1250 201 1220
f 201 1250 1129
f 251 1251 1250
f 1250 1251 1129
f 1251 200 1129
f 99 935 1219
f 100 1252 935
f 935 1252 1219
f 1252 237 1219
f 237 1252 1254
f 100 1253 1252
f 1252 1253 1254
f 1253 252 1254
f 182 1180 1256
f 31 1255 1180
f 1180 1255 1256
f 1255 253 1256
f 253 1255 1257
f 31 1239 1255
f 1255 1239 1257
f 1239 244 1257
f 155 1258 1260
f 69 1259 1258
f 1258 1259 1260
f 1259 236 1260
f 236 1259 1216
f 69 933 1259
f 1259 933 1216
f 933 99 1216
f 172 1261 1075
f 254 1262 1261
f 1261 1262 1075
f 1262 174 1075
f 174 1262 1264
f 254 1263 1262
f 1262 1263 1264
f 1263 161 1264
f 234 1265 1211
f 217 1266 1265
f 1265 1266 1211
f 1266 233 1211
f 233 1266 1267
f 217 1163 1266
f 1266 1163 1267
f 1163 215 1267
f 215 1160 1231
f 214 1268 1160
f 1160 1268 1231
f 1268 242 1231
f 242 1268 1270
f 214 1269 1268
f 1268 1269 1270
f 1269 255 1270
f 255 1271 1273
f 256 1272 1271
f 1271 1272 1273
f 1272 253 1273
f 253 1272 1275
f 256 1274 1272
f 1272 1274 1275
f 1274 257 1275
f 102 1276 943
f 258 1277 1276
f 1276 1277 943
f 1277 103 943
f 103 1277 1279
f 258 1278 1277
f 1277 1278 1279
f 1278 259 1279
f 260 1280 1282
f 104 1281 1280
f 1280 1281 1282
f 1281 261 1282
f 261 1281 1283
f 104 946 1281
f 1281 946 1283
f 946 105 1283
f 104 1280 1029
f 260 1284 1280
f 1280 1284 1029
f 1284 144 1029
f 144 1284 1286
f 260 1285 1284
f 1284 1285 1286
f 1285 262 1286
f 263 1287 1289
f 256 1288 1287
f 1287 1288 1289
f 1288 258 1289
f 258 1288 1290
f 256 1271 1288
f 1288 1271 1290
f 1271 255 1290
f 264 1291 1293
f 265 1292 1291
f 1291 1292 1293
f 1292 62 1293
f 62 1292 881
f 265 1294 1292
f 1292 1294 881
f 1294 61 881
f 266 1295 1297
f 262 1296 1295
f 1295 1296 1297
f 1296 267 1297
f 267 1296 1298
f 262 1285 1296
f 1296 1285 1298
f 1285 260 1298
f 261 1299 1282
f 216 1300 1299
f 1299 1300 1282
f 1300 260 1282
f 260 1300 1298
f 216 1301 1300
f 1300 1301 1298
f 1301 267 1298
f 268 1302 1304
f 18 1303 1302
f 1302 1303 1304
f 1303 126 1304
f 126 1303 987
f 18 816 1303
f 1303 816 987
f 816 17 987
f 183 1305 1150
f 269 1306 1305
f 1305 1306 1150
f 1306 212 1150
f 212 1306 1308
f 269 1307 1306
f 1306 1307 1308
f 1307 270 1308
f 110 1309 964
f 271 1310 1309
f 1309 1310 964
f 1310 112 964
f 112 1310 1312
f 271 1311 1310
f 1310 1311 1312
f 1311 272 1312
f 266 1313 1315
f 273 1314 1313
f 1313 1314 1315
f 1314 11 1315
f 11 1314 1317
f 273 1316 1314
f 1314 1316 1317
f 1316 10 1317
f 2 1318 1320
f 144 1319 1318
f 1318 1319 1320
f 1319 1 1320
f 1 1319 1321
f 144 1286 1319
f 1319 1286 1321
f 1286 262 1321
f 143 1322 1025
f 3 1323 1322
f 1322 1323 1025
f 1323 141 1025
f 141 1323 1325
f 3 1324 1323
f 1323 1324 1325
f 1324 4 1325
f 135 1326 1328
f 141 1327 1326
f 1326 1327 1328
f 1327 5 1328
f 5 1327 1329
f 141 1325 1327
f 1327 1325 1329
f 1325 4 1329
f 5 1330 1328
f 274 1331 1330
f 1330 1331 1328
f 1331 135 1328
f 135 1331 1011
f 274 1332 1331
f 1331 1332 1011
f 1332 134 1011
f 136 1012 1334
f 134 1333 1012
f 1012 1333 1334
f 1333 275 1334
f 275 1333 1335
f 134 1332 1333
f 1333 1332 1335
f 1332 274 1335
f 7 1336 1338
f 12 1337 1336
f 1336 1337 1338
f 1337 179 1338
f 179 1337 1340
f 12 1339 1337
f 1337 1339 1340
f 1339 140 1340
f 12 1341 1339
f 8 1342 1341
f 1341 1342 1339
f 1342 140 1339
f 140 1342 1022
f 8 1343 1342
f 1342 1343 1022
f 1343 139 1022
f 9 1344 1346
f 276 1345 1344
f 1344 1345 1346
f 1345 238 1346
f 238 1345 1230
f 276 1347 1345
f 1345 1347 1230
f 1347 241 1230
f 276 1348 1347
f 10 1349 1348
f 1348 1349 1347
f 1349 241 1347
f 241 1349 1350
f 10 1316 1349
f 1349 1316 1350
f 1316 273 1350
f 262 1295 1321
f 266 1351 1295
f 1295 1351 1321
f 1351 1 1321
f 1 1351 1352
f 266 1315 1351
f 1351 1315 1352
f 1315 11 1352
f 144 1318 1030
f 2 1353 1318
f 1318 1353 1030
f 1353 143 1030
f 143 1353 1322
f 2 1354 1353
f 1353 1354 1322
f 1354 3 1322
f 265 1355 1294
f 277 1356 1355
f 1355 1356 1294
f 1356 61 1294
f 61 1356 1358
f 277 1357 1356
f 1356 1357 1358
f 1357 178 1358
f 278 1359 1361
f 279 1360 1359
f 1359 1360 1361
f 1360 88 1361
f 88 1360 918
f 279 1362 1360
f 1360 1362 918
f 1362 90 918
f 147 1035 1364
f 148 1363 1035
f 1035 1363 1364
f 1363 280 1364
f 280 1363 1366
f 148 1365 1363
f 1363 1365 1366
f 1365 281 1366
f 282 1367 1369
f 283 1368 1367
f 1367 1368 1369
f 1368 284 1369
f 284 1368 1371
f 283 1370 1368
f 1368 1370 1371
f 1370 285 1371
f 125 994 986
f 46 1372 994
f 994 1372 986
f 1372 124 986
f 124 1372 1374
f 46 1373 1372
f 1372 1373 1374
f 1373 286 1374
f 287 1375 1377
f 286 1376 1375
f 1375 1376 1377
f 1376 45 1377
f 45 1376 855
f 286 1373 1376
f 1376 1373 855
f 1373 46 855
f 288 1378 1380
f 176 1379 1378
f 1378 1379 1380
f 1379 289 1380
f 289 1379 1381
f 176 1082 1379
f 1379 1082 1381
f 1082 175 1381
f 162 1158 1383
f 194 1382 1158
f 1158 1382 1383
f 1382 154 1383
f 154 1382 1047
f 194 1384 1382
f 1382 1384 1047
f 1384 77 1047
f 75 902 1386
f 77 1385 902
f 902 1385 1386
f 1385 195 1386
f 195 1385 1120
f 77 1384 1385
f 1385 1384 1120
f 1384 194 1120
f 75 1386 1105
f 195 1387 1386
f 1386 1387 1105
f 1387 150 1105
f 150 1387 1388
f 195 1122 1387
f 1387 1122 1388
f 1122 196 1388
f 290 1389 1391
f 151 1390 1389
f 1389 1390 1391
f 1390 196 1391
f 196 1390 1388
f 151 1039 1390
f 1390 1039 1388
f 1039 150 1388
f 291 1392 1394
f 292 1393 1392
f 1392 1393 1394
f 1393 290 1394
f 290 1393 1389
f 292 1395 1393
f 1393 1395 1389
f 1395 151 1389
f 236 1396 1260
f 293 1397 1396
f 1396 1397 1260
f 1397 155 1260
f 155 1397 1048
f 293 1398 1397
f 1397 1398 1048
f 1398 156 1048
f 211 1399 1145
f 294 1400 1399
f 1399 1400 1145
f 1400 209 1145
f 209 1400 1402
f 294 1401 1400
f 1400 1401 1402
f 1401 295 1402
f 296 1403 1405
f 297 1404 1403
f 1403 1404 1405
f 1404 122 1405
f 122 1404 982
f 297 1406 1404
f 1404 1406 982
f 1406 123 982
f 24 1407 1409
f 298 1408 1407
f 1407 1408 1409
f 1408 299 1409
f 214 1410 1269
f 259 1411 1410
f 1410 1411 1269
f 1411 255 1269
f 255 1411 1290
f 259 1278 1411
f 1411 1278 1290
f 1278 258 1290
f 81 1412 907
f 300 1413 1412
f 1412 1413 907
f 1413 79 907
f 79 1413 1415
f 300 1414 1413
f 1413 1414 1415
f 1414 171 1415
f 159 1416 1418
f 198 1417 1416
f 1416 1417 1418
f 1417 190 1418
f 190 1417 1419
f 198 1127 1417
f 1417 1127 1419
f 1127 200 1419
f 79 1415 950
f 171 1420 1415
f 1415 1420 950
f 1420 106 950
f 106 1420 1421
f 171 1074 1420
f 1420 1074 1421
f 1074 173 1421
f 230 1422 1424
f 246 1423 1422
f 1422 1423 1424
f 1423 301 1424
f 301 1423 1426
f 246 1425 1423
f 1423 1425 1426
f 1425 302 1426
f 172 1072 1428
f 171 1427 1072
f 1072 1427 1428
f 1427 303 1428
f 303 1427 1429
f 171 1414 1427
f 1427 1414 1429
f 1414 300 1429
f 119 1430 981
f 57 1431 1430
f 1430 1431 981
f 1431 121 981
f 121 1431 1432
f 57 1007 1431
f 1431 1007 1432
f 1007 133 1432
f 177 1170 1086
f 59 1433 1170
f 1170 1433 1086
f 1433 178 1086
f 178 1433 1358
f 59 879 1433
f 1433 879 1358
f 879 61 1358
f 141 1326 1023
f 135 1434 1326
f 1326 1434 1023
f 1434 142 1023
f 142 1434 1435
f 135 1010 1434
f 1434 1010 1435
f 1010 131 1435
f 92 920 1021
f 91 1436 920
f 920 1436 1021
f 1436 140 1021
f 140 1436 1340
f 91 1089 1436
f 1436 1089 1340
f 1089 179 1340
f 304 1437 1439
f 305 1438 1437
f 1437 1438 1439
f 1438 72 1439
f 72 1438 895
f 305 1440 1438
f 1438 1440 895
f 1440 71 895
f 291 1441 1392
f 306 1442 1441
f 1441 1442 1392
f 1442 292 1392
f 292 1442 1444
f 306 1443 1442
f 1442 1443 1444
f 1443 166 1444
f 87 1445 1060
f 168 1446 1445
f 1445 1446 1060
f 1446 163 1060
f 163 1446 1448
f 168 1447 1446
f 1446 1447 1448
f 1447 307 1448
f 303 1429 1450
f 300 1449 1429
f 1429 1449 1450
f 1449 89 1450
f 89 1449 1452
f 300 1451 1449
f 1449 1451 1452
f 1451 170 1452
f 308 1453 1455
f 309 1454 1453
f 1453 1454 1455
f 1454 301 1455
f 301 1454 1424
f 309 1456 1454
f 1454 1456 1424
f 1456 230 1424
f 59 1172 877
f 219 1457 1172
f 1172 1457 877
f 1457 60 877
f 60 1457 1167
f 219 1458 1457
f 1457 1458 1167
f 1458 218 1167
f 70 891 1152
f 69 1459 891
f 891 1459 1152
f 1459 157 1152
f 157 1459 1050
f 69 1258 1459
f 1459 1258 1050
f 1258 155 1050
f 94 1191 1078
f 226 1460 1191
f 1191 1460 1078
f 1460 114 1078
f 114 1460 1462
f 226 1461 1460
f 1460 1461 1462
f 1461 310 1462
f 89 1452 917
f 170 1463 1452
f 1452 1463 917
f 1463 87 917
f 87 1463 1445
f 170 1070 1463
f 1463 1070 1445
f 1070 168 1445
f 309 1453 1465
f 308 1464 1453
f 1453 1464 1465
f 1464 278 1465
f 278 1464 1359
f 308 1466 1464
f 1464 1466 1359
f 1466 279 1359
f 95 1184 926
f 207 1467 1184
f 1184 1467 926
f 1467 93 926
f 93 1467 1468
f 207 1138 1467
f 1467 1138 1468
f 1138 206 1468
f 311 1469 1471
f 240 1470 1469
f 1469 1470 1471
f 1470 273 1471
f 273 1470 1350
f 240 1229 1470
f 1470 1229 1350
f 1229 241 1350
f 312 1472 1474
f 264 1473 1472
f 1472 1473 1474
f 1473 313 1474
f 313 1473 1475
f 264 1293 1473
f 1473 1293 1475
f 1293 62 1475
f 247 1246 1477
f 249 1476 1246
f 1246 1476 1477
f 1476 314 1477
f 314 1476 1479
f 249 1478 1476
f 1476 1478 1479
f 1478 252 1479
f 188 1480 1482
f 251 1481 1480
f 1480 1481 1482
f 1481 250 1482
f 250 1481 1248
f 251 1483 1481
f 1481 1483 1248
f 1483 249 1248
f 248 1484 1247
f 312 1485 1484
f 1484 1485 1247
f 1485 250 1247
f 250 1485 1486
f 312 1474 1485
f 1485 1474 1486
f 1474 313 1486
f 251 1480 1251
f 188 1487 1480
f 1480 1487 1251
f 1487 200 1251
f 200 1487 1419
f 188 1113 1487
f 1487 1113 1419
f 1113 190 1419
f 254 1488 1263
f 295 1489 1488
f 1488 1489 1263
f 1489 161 1263
f 161 1489 1490
f 295 1401 1489
f 1489 1401 1490
f 1401 294 1490
f 292 1491 1395
f 27 1492 1491
f 1491 1492 1395
f 1492 151 1395
f 151 1492 1040
f 27 830 1492
f 1492 830 1040
f 830 26 1040
f 244 1236 1257
f 242 1493 1236
f 1236 1493 1257
f 1493 253 1257
f 253 1493 1273
f 242 1270 1493
f 1493 1270 1273
f 1270 255 1273
f 314 1479 1495
f 252 1494 1479
f 1479 1494 1495
f 1494 315 1495
f 315 1494 1496
f 252 1253 1494
f 1494 1253 1496
f 1253 100 1496
f 167 1099 1066
f 27 1497 1099
f 1099 1497 1066
f 1497 166 1066
f 166 1497 1444
f 27 1491 1497
f 1497 1491 1444
f 1491 292 1444
f 175 1498 1381
f 112 1499 1498
f 1498 1499 1381
f 1499 289 1381
f 289 1499 1500
f 112 1312 1499
f 1499 1312 1500
f 1312 272 1500
f 267 1501 1297
f 311 1502 1501
f 1501 1502 1297
f 1502 266 1297
f 266 1502 1313
f 311 1471 1502
f 1502 1471 1313
f 1471 273 1313
f 277 1503 1357
f 304 1504 1503
f 1503 1504 1357
f 1504 178 1357
f 178 1504 1087
f 304 1439 1504
f 1504 1439 1087
f 1439 72 1087
f 67 1505 888
f 316 1506 1505
f 1505 1506 888
f 1506 65 888
f 65 1506 978
f 316 1507 1506
f 1506 1507 978
f 1507 120 978
f 108 1508 1102
f 317 1509 1508
f 1508 1509 1102
f 1509 183 1102
f 183 1509 1305
f 317 1510 1509
f 1509 1510 1305
f 1510 269 1305
f 101 1511 939
f 263 1512 1511
f 1511 1512 939
f 1512 102 939
f 102 1512 1276
f 263 1289 1512
f 1512 1289 1276
f 1289 258 1276
f 275 1513 1334
f 318 1514 1513
f 1513 1514 1334
f 1514 136 1334
f 136 1514 1015
f 318 1515 1514
f 1514 1515 1015
f 1515 137 1015
f 6 1516 1518
f 7 1517 1516
f 1516 1517 1518
f 1517 180 1518
f 180 1517 1091
f 7 1338 1517
f 1517 1338 1091
f 1338 179 1091
f 8 1519 1343
f 9 1520 1519
f 1519 1520 1343
f 1520 139 1343
f 139 1520 1223
f 9 1346 1520
f 1520 1346 1223
f 1346 238 1223
f 316 1521 1507
f 152 1522 1521
f 1521 1522 1507
f 1522 120 1507
f 120 1522 1523
f 152 1043 1522
f 1522 1043 1523
f 1043 58 1523
f 283 1524 1370
f 280 1525 1524
f 1524 1525 1370
f 1525 285 1370
f 285 1525 1526
f 280 1366 1525
f 1525 1366 1526
f 1366 281 1526
f 39 849 959
f 40 1527 849
f 849 1527 959
f 1527 108 959
f 108 1527 1508
f 40 1528 1527
f 1527 1528 1508
f 1528 317 1508
f 319 1529 1531
f 117 1530 1529
f 1529 1530 1531
f 1530 320 1531
f 320 1530 1532
f 117 974 1530
f 1530 974 1532
f 974 118 1532
f 254 1261 1534
f 172 1533 1261
f 1261 1533 1534
f 1533 321 1534
f 321 1533 1535
f 172 1428 1533
f 1533 1428 1535
f 1428 303 1535
f 161 1057 1264
f 162 1536 1057
f 1057 1536 1264
f 1536 174 1264
f 174 1536 1537
f 162 1383 1536
f 1536 1383 1537
f 1383 154 1537
f 187 1538 1110
f 322 1539 1538
f 1538 1539 1110
f 1539 186 1110
f 186 1539 1541
f 322 1540 1539
f 1539 1540 1541
f 1540 206 1541
f 323 1542 1544
f 324 1543 1542
f 1542 1543 1544
f 1543 309 1544
f 309 1543 1546
f 324 1545 1543
f 1543 1545 1546
f 1545 325 1546
f 106 1421 1046
f 173 1547 1421
f 1421 1547 1046
f 1547 154 1046
f 154 1547 1537
f 173 1076 1547
f 1547 1076 1537
f 1076 174 1537
f 293 1548 1550
f 199 1549 1548
f 1548 1549 1550
f 1549 306 1550
f 306 1549 1552
f 199 1551 1549
f 1549 1551 1552
f 1551 211 1552
f 306 1552 1443
f 211 1553 1552
f 1552 1553 1443
f 1553 166 1443
f 166 1553 1064
f 211 1147 1553
f 1553 1147 1064
f 1147 165 1064
f 305 1554 1440
f 315 1555 1554
f 1554 1555 1440
f 1555 71 1440
f 71 1555 936
f 315 1496 1555
f 1555 1496 936
f 1496 100 936
f 157 1052 1154
f 158 1556 1052
f 1052 1556 1154
f 1556 213 1154
f 213 1556 1558
f 158 1557 1556
f 1556 1557 1558
f 1557 197 1558
f 125 985 996
f 123 1559 985
f 985 1559 996
f 1559 129 996
f 129 1559 1561
f 123 1560 1559
f 1559 1560 1561
f 1560 51 1561
f 129 1561 1000
f 51 1562 1561
f 1561 1562 1000
f 1562 131 1000
f 131 1562 1435
f 51 1563 1562
f 1562 1563 1435
f 1563 142 1435
f 49 862 1565
f 51 1564 862
f 862 1564 1565
f 1564 297 1565
f 297 1564 1406
f 51 1560 1564
f 1564 1560 1406
f 1560 123 1406
f 284 1566 1369
f 319 1567 1566
f 1566 1567 1369
f 1567 282 1369
f 282 1567 1568
f 319 1531 1567
f 1567 1531 1568
f 1531 320 1568
f 28 1096 1570
f 182 1569 1096
f 1096 1569 1570
f 1569 257 1570
f 257 1569 1275
f 182 1256 1569
f 1569 1256 1275
f 1256 253 1275
f 237 1254 1249
f 252 1571 1254
f 1254 1571 1249
f 1571 251 1249
f 251 1571 1483
f 252 1478 1571
f 1571 1478 1483
f 1478 249 1483
f 300 1412 1451
f 81 1572 1412
f 1412 1572 1451
f 1572 170 1451
f 170 1572 1071
f 81 1093 1572
f 1572 1093 1071
f 1093 169 1071
f 189 1111 1574
f 188 1573 1111
f 1111 1573 1574
f 1573 313 1574
f 313 1573 1486
f 188 1482 1573
f 1573 1482 1486
f 1482 250 1486
f 187 1109 1576
f 185 1575 1109
f 1109 1575 1576
f 1575 221 1576
f 221 1575 1176
f 185 1577 1575
f 1575 1577 1176
f 1577 223 1176
f 120 1523 977
f 58 1578 1523
f 1523 1578 977
f 1578 119 977
f 119 1578 1430
f 58 873 1578
f 1578 873 1430
f 873 57 1430
f 60 1165 880
f 189 1579 1165
f 1165 1579 880
f 1579 62 880
f 62 1579 1475
f 189 1574 1579
f 1579 1574 1475
f 1574 313 1475
f 137 1580 1017
f 180 1581 1580
f 1580 1581 1017
f 1581 133 1017
f 133 1581 1432
f 180 1090 1581
f 1581 1090 1432
f 1090 121 1432
f 318 1582 1515
f 6 1583 1582
f 1582 1583 1515
f 1583 137 1515
f 137 1583 1580
f 6 1518 1583
f 1583 1518 1580
f 1518 180 1580
f 324 1584 1545
f 184 1585 1584
f 1584 1585 1545
f 1585 325 1545
f 325 1585 1586
f 184 1108 1585
f 1585 1108 1586
f 1108 186 1586
f 51 864 1563
f 52 1026 864
f 864 1026 1563
f 1026 142 1563
f 278 1587 1465
f 326 1588 1587
f 1587 1588 1465
f 1588 309 1465
f 309 1588 1544
f 326 1589 1588
f 1588 1589 1544
f 1589 323 1544
f 315 1590 1495
f 327 1591 1590
f 1590 1591 1495
f 1591 314 1495
f 314 1591 1593
f 327 1592 1591
f 1591 1592 1593
f 1592 328 1593
f 329 1594 1596
f 327 1595 1594
f 1594 1595 1596
f 1595 305 1596
f 305 1595 1554
f 327 1590 1595
f 1595 1590 1554
f 1590 315 1554
f 304 1597 1437
f 330 1598 1597
f 1597 1598 1437
f 1598 305 1437
f 305 1598 1596
f 330 1599 1598
f 1598 1599 1596
f 1599 329 1596
f 277 1600 1503
f 331 1601 1600
f 1600 1601 1503
f 1601 304 1503
f 304 1601 1597
f 331 1602 1601
f 1601 1602 1597
f 1602 330 1597
f 314 1593 1477
f 328 1603 1593
f 1593 1603 1477
f 1603 247 1477
f 247 1603 1605
f 328 1604 1603
f 1603 1604 1605
f 1604 332 1605
f 247 1605 1244
f 332 1606 1605
f 1605 1606 1244
f 1606 248 1244
f 248 1606 1608
f 332 1607 1606
f 1606 1607 1608
f 1607 333 1608
f 333 1609 1608
f 334 1610 1609
f 1609 1610 1608
f 1610 248 1608
f 248 1610 1484
f 334 1611 1610
f 1610 1611 1484
f 1611 312 1484
f 335 1612 1614
f 332 1613 1612
f 1612 1613 1614
f 1613 336 1614
f 336 1613 1615
f 332 1604 1613
f 1613 1604 1615
f 1604 328 1615
f 337 1616 1618
f 338 1617 1616
f 1616 1617 1618
f 1617 339 1618
f 339 1617 1620
f 338 1619 1617
f 1617 1619 1620
f 1619 340 1620
f 339 1621 1618
f 341 1622 1621
f 1621 1622 1618
f 1622 337 1618
f 337 1622 1624
f 341 1623 1622
f 1622 1623 1624
f 1623 342 1624
f 337 1625 1616
f 343 1626 1625
f 1625 1626 1616
f 1626 338 1616
f 338 1626 1628
f 343 1627 1626
f 1626 1627 1628
f 1627 344 1628
f 345 1629 1631
f 346 1630 1629
f 1629 1630 1631
f 1630 343 1631
f 343 1630 1633
f 346 1632 1630
f 1630 1632 1633
f 1632 347 1633
f 347 1634 1633
f 348 1635 1634
f 1634 1635 1633
f 1635 343 1633
f 343 1635 1627
f 348 1636 1635
f 1635 1636 1627
f 1636 344 1627
f 348 1637 1636
f 336 1638 1637
f 1637 1638 1636
f 1638 344 1636
f 344 1638 1640
f 336 1639 1638
f 1638 1639 1640
f 1639 349 1640
f 345 1631 1642
f 343 1641 1631
f 1631 1641 1642
f 1641 342 1642
f 342 1641 1624
f 343 1625 1641
f 1641 1625 1624
f 1625 337 1624
f 350 1643 1645
f 351 1644 1643
f 1643 1644 1645
f 1644 352 1645
f 352 1644 1647
f 351 1646 1644
f 1644 1646 1647
f 1646 353 1647
f 352 1648 1645
f 342 1649 1648
f 1648 1649 1645
f 1649 350 1645
f 350 1649 1650
f 342 1623 1649
f 1649 1623 1650
f 1623 341 1650
f 344 1640 1628
f 349 1651 1640
f 1640 1651 1628
f 1651 338 1628
f 338 1651 1619
f 349 1652 1651
f 1651 1652 1619
f 1652 340 1619
f 327 1594 1654
f 329 1653 1594
f 1594 1653 1654
f 1653 349 1654
f 349 1653 1652
f 329 1655 1653
f 1653 1655 1652
f 1655 340 1652
f 340 1655 1657
f 329 1656 1655
f 1655 1656 1657
f 1656 354 1657
f 354 1656 1658
f 329 1599 1656
f 1656 1599 1658
f 1599 330 1658
f 339 1620 1660
f 340 1659 1620
f 1620 1659 1660
f 1659 355 1660
f 355 1659 1661
f 340 1657 1659
f 1659 1657 1661
f 1657 354 1661
f 341 1621 1663
f 339 1662 1621
f 1621 1662 1663
f 1662 356 1663
f 356 1662 1664
f 339 1660 1662
f 1662 1660 1664
f 1660 355 1664
f 327 1654 1592
f 349 1665 1654
f 1654 1665 1592
f 1665 328 1592
f 328 1665 1615
f 349 1639 1665
f 1665 1639 1615
f 1639 336 1615
f 350 1650 1667
f 341 1666 1650
f 1650 1666 1667
f 1666 357 1667
f 357 1666 1668
f 341 1663 1666
f 1666 1663 1668
f 1663 356 1668
f 358 1669 1671
f 356 1670 1669
f 1669 1670 1671
f 1670 359 1671
f 359 1670 1672
f 356 1664 1670
f 1670 1664 1672
f 1664 355 1672
f 356 1669 1668
f 358 1673 1669
f 1669 1673 1668
f 1673 357 1668
f 357 1673 1675
f 358 1674 1673
f 1673 1674 1675
f 1674 360 1675
f 361 1676 1678
f 358 1677 1676
f 1676 1677 1678
f 1677 362 1678
f 362 1677 1679
f 358 1671 1677
f 1677 1671 1679
f 1671 359 1679
f 363 1680 1682
f 364 1681 1680
f 1680 1681 1682
f 1681 359 1682
f 359 1681 1679
f 364 1683 1681
f 1681 1683 1679
f 1683 362 1679
f 358 1676 1674
f 361 1684 1676
f 1676 1684 1674
f 1684 360 1674
f 360 1684 1686
f 361 1685 1684
f 1684 1685 1686
f 1685 365 1686
f 355 1661 1672
f 354 1687 1661
f 1661 1687 1672
f 1687 359 1672
f 359 1687 1682
f 354 1688 1687
f 1687 1688 1682
f 1688 363 1682
f 331 1689 1602
f 363 1690 1689
f 1689 1690 1602
f 1690 330 1602
f 330 1690 1658
f 363 1688 1690
f 1690 1688 1658
f 1688 354 1658
f 357 1691 1667
f 366 1692 1691
f 1691 1692 1667
f 1692 350 1667
f 350 1692 1643
f 366 1693 1692
f 1692 1693 1643
f 1693 351 1643
f 336 1637 1695
f 348 1694 1637
f 1637 1694 1695
f 1694 367 1695
f 367 1694 1696
f 348 1634 1694
f 1694 1634 1696
f 1634 347 1696
f 367 1696 1698
f 347 1697 1696
f 1696 1697 1698
f 1697 368 1698
f 368 1697 1699
f 347 1632 1697
f 1697 1632 1699
f 1632 346 1699
f 369 1700 1702
f 335 1701 1700
f 1700 1701 1702
f 1701 367 1702
f 367 1701 1695
f 335 1614 1701
f 1701 1614 1695
f 1614 336 1695
f 368 1703 1698
f 370 1704 1703
f 1703 1704 1698
f 1704 367 1698
f 367 1704 1702
f 370 1705 1704
f 1704 1705 1702
f 1705 369 1702
f 368 1699 1707
f 346 1706 1699
f 1699 1706 1707
f 1706 371 1707
f 371 1706 1709
f 346 1708 1706
f 1706 1708 1709
f 1708 372 1709
f 373 1710 1712
f 331 1711 1710
f 1710 1711 1712
f 1711 265 1712
f 265 1711 1355
f 331 1600 1711
f 1711 1600 1355
f 1600 277 1355
f 334 1713 1611
f 374 1714 1713
f 1713 1714 1611
f 1714 312 1611
f 312 1714 1472
f 374 1715 1714
f 1714 1715 1472
f 1715 264 1472
f 265 1291 1712
f 264 1716 1291
f 1291 1716 1712
f 1716 373 1712
f 373 1716 1717
f 264 1715 1716
f 1716 1715 1717
f 1715 374 1717
f 373 1717 1719
f 374 1718 1717
f 1717 1718 1719
f 1718 364 1719
f 364 1718 1721
f 374 1720 1718
f 1718 1720 1721
f 1720 375 1721
f 364 1721 1683
f 375 1722 1721
f 1721 1722 1683
f 1722 362 1683
f 362 1722 1724
f 375 1723 1722
f 1722 1723 1724
f 1723 376 1724
f 377 1725 1727
f 375 1726 1725
f 1725 1726 1727
f 1726 334 1727
f 334 1726 1713
f 375 1720 1726
f 1726 1720 1713
f 1720 374 1713
f 363 1689 1680
f 331 1728 1689
f 1689 1728 1680
f 1728 364 1680
f 364 1728 1719
f 331 1710 1728
f 1728 1710 1719
f 1710 373 1719
f 378 1729 1731
f 377 1730 1729
f 1729 1730 1731
f 1730 333 1731
f 333 1730 1609
f 377 1727 1730
f 1730 1727 1609
f 1727 334 1609
f 332 1612 1607
f 335 1732 1612
f 1612 1732 1607
f 1732 333 1607
f 333 1732 1731
f 335 1733 1732
f 1732 1733 1731
f 1733 378 1731
f 335 1700 1733
f 369 1734 1700
f 1700 1734 1733
f 1734 378 1733
f 378 1734 1736
f 369 1735 1734
f 1734 1735 1736
f 1735 379 1736
f 379 1737 1736
f 380 1738 1737
f 1737 1738 1736
f 1738 378 1736
f 378 1738 1729
f 380 1739 1738
f 1738 1739 1729
f 1739 377 1729
f 381 1740 1742
f 382 1741 1740
f 1740 1741 1742
f 1741 379 1742
f 379 1741 1737
f 382 1743 1741
f 1741 1743 1737
f 1743 380 1737
f 380 1744 1739
f 376 1745 1744
f 1744 1745 1739
f 1745 377 1739
f 377 1745 1725
f 376 1723 1745
f 1745 1723 1725
f 1723 375 1725
f 376 1744 1747
f 380 1746 1744
f 1744 1746 1747
f 1746 383 1747
f 383 1746 1748
f 380 1743 1746
f 1746 1743 1748
f 1743 382 1748
f 369 1705 1735
f 370 1749 1705
f 1705 1749 1735
f 1749 379 1735
f 379 1749 1742
f 370 1750 1749
f 1749 1750 1742
f 1750 381 1742
f 381 1750 1752
f 370 1751 1750
f 1750 1751 1752
f 1751 384 1752
f 384 1751 1754
f 370 1753 1751
f 1751 1753 1754
f 1753 385 1754
f 386 1755 1757
f 387 1756 1755
f 1755 1756 1757
f 1756 388 1757
f 388 1756 1759
f 387 1758 1756
f 1756 1758 1759
f 1758 384 1759
f 382 1740 1761
f 381 1760 1740
f 1740 1760 1761
f 1760 387 1761
f 387 1760 1758
f 381 1752 1760
f 1760 1752 1758
f 1752 384 1758
f 384 1754 1759
f 385 1762 1754
f 1754 1762 1759
f 1762 388 1759
f 388 1762 1764
f 385 1763 1762
f 1762 1763 1764
f 1763 366 1764
f 351 1693 1766
f 366 1765 1693
f 1693 1765 1766
f 1765 371 1766
f 371 1765 1767
f 366 1763 1765
f 1765 1763 1767
f 1763 385 1767
f 370 1703 1753
f 368 1768 1703
f 1703 1768 1753
f 1768 385 1753
f 385 1768 1767
f 368 1707 1768
f 1768 1707 1767
f 1707 371 1767
f 383 1769 1747
f 361 1770 1769
f 1769 1770 1747
f 1770 376 1747
f 376 1770 1724
f 361 1678 1770
f 1770 1678 1724
f 1678 362 1724
f 386 1771 1773
f 365 1772 1771
f 1771 1772 1773
f 1772 383 1773
f 383 1772 1769
f 365 1685 1772
f 1772 1685 1769
f 1685 361 1769
f 386 1773 1755
f 383 1774 1773
f 1773 1774 1755
f 1774 387 1755
f 387 1774 1761
f 383 1748 1774
f 1774 1748 1761
f 1748 382 1761
f 388 1775 1757
f 360 1776 1775
f 1775 1776 1757
f 1776 386 1757
f 386 1776 1771
f 360 1686 1776
f 1776 1686 1771
f 1686 365 1771
f 366 1691 1764
f 357 1777 1691
f 1691 1777 1764
f 1777 388 1764
f 388 1777 1775
f 357 1675 1777
f 1777 1675 1775
f 1675 360 1775
f 353 1778 1647
f 345 1779 1778
f 1778 1779 1647
f 1779 352 1647
f 352 1779 1648
f 345 1642 1779
f 1779 1642 1648
f 1642 342 1648
f 353 1646 1781
f 351 1780 1646
f 1646 1780 1781
f 1780 372 1781
f 372 1780 1709
f 351 1766 1780
f 1780 1766 1709
f 1766 371 1709
f 346 1629 1708
f 345 1782 1629
f 1629 1782 1708
f 1782 372 1708
f 372 1782 1781
f 345 1778 1782
f 1782 1778 1781
f 1778 353 1781
f 156 1783 1051
f 291 1784 1783
f 1783 1784 1051
f 1784 158 1051
f 158 1784 1785
f 291 1394 1784
f 1784 1394 1785
f 1394 290 1785
f 190 1115 1418
f 191 1786 1115
f 1115 1786 1418
f 1786 159 1418
f 159 1786 1053
f 191 1787 1786
f 1786 1787 1053
f 1787 160 1053
f 219 1788 1458
f 193 1789 1788
f 1788 1789 1458
f 1789 218 1458
f 218 1789 1790
f 193 1116 1789
f 1789 1116 1790
f 1116 192 1790
f 213 1558 1171
f 197 1791 1558
f 1558 1791 1171
f 1791 219 1171
f 219 1791 1788
f 197 1123 1791
f 1791 1123 1788
f 1123 193 1788
f 211 1551 1399
f 199 1792 1551
f 1551 1792 1399
f 1792 294 1399
f 294 1792 1793
f 199 1125 1792
f 1792 1125 1793
f 1125 198 1793
f 191 1168 1787
f 218 1794 1168
f 1168 1794 1787
f 1794 160 1787
f 160 1794 1156
f 218 1790 1794
f 1794 1790 1156
f 1790 192 1156
f 306 1441 1550
f 291 1795 1441
f 1441 1795 1550
f 1795 293 1550
f 293 1795 1398
f 291 1783 1795
f 1795 1783 1398
f 1783 156 1398
f 161 1490 1055
f 294 1796 1490
f 1490 1796 1055
f 1796 159 1055
f 159 1796 1416
f 294 1793 1796
f 1796 1793 1416
f 1793 198 1416
f 293 1396 1548
f 236 1797 1396
f 1396 1797 1548
f 1797 199 1548
f 199 1797 1128
f 236 1218 1797
f 1797 1218 1128
f 1218 201 1128
f 196 1124 1391
f 197 1798 1124
f 1124 1798 1391
f 1798 290 1391
f 290 1798 1785
f 197 1557 1798
f 1798 1557 1785
f 1557 158 1785
f 389 1799 1801
f 390 1800 1799
f 1799 1800 1801
f 1800 391 1801
f 391 1800 1803
f 390 1802 1800
f 1800 1802 1803
f 1802 392 1803
f 393 1804 1806
f 394 1805 1804
f 1804 1805 1806
f 1805 395 1806
f 395 1805 1808
f 394 1807 1805
f 1805 1807 1808
f 1807 396 1808
f 397 1809 1811
f 393 1810 1809
f 1809 1810 1811
f 1810 398 1811
f 398 1810 1812
f 393 1806 1810
f 1810 1806 1812
f 1806 395 1812
f 399 1813 1815
f 400 1814 1813
f 1813 1814 1815
f 1814 401 1815
f 401 1814 1817
f 400 1816 1814
f 1814 1816 1817
f 1816 402 1817
f 403 1818 1820
f 404 1819 1818
f 1818 1819 1820
f 1819 279 1820
f 279 1819 1362
f 404 1821 1819
f 1819 1821 1362
f 1821 90 1362
f 394 1822 1807
f 405 1823 1822
f 1822 1823 1807
f 1823 396 1807
f 396 1823 1825
f 405 1824 1823
f 1823 1824 1825
f 1824 406 1825
f 407 1826 1828
f 408 1827 1826
f 1826 1827 1828
f 1827 409 1828
f 409 1827 1830
f 408 1829 1827
f 1827 1829 1830
f 1829 410 1830
f 321 1831 1534
f 411 1832 1831
f 1831 1832 1534
f 1832 254 1534
f 254 1832 1834
f 411 1833 1832
f 1832 1833 1834
f 1833 412 1834
f 254 1834 1488
f 412 1835 1834
f 1834 1835 1488
f 1835 295 1488
f 295 1835 1837
f 412 1836 1835
f 1835 1836 1837
f 1836 413 1837
f 414 1838 1840
f 415 1839 1838
f 1838 1839 1840
f 1839 416 1840
f 416 1839 1842
f 415 1841 1839
f 1839 1841 1842
f 1841 417 1842
f 394 1843 1822
f 401 1844 1843
f 1843 1844 1822
f 1844 405 1822
f 405 1844 1846
f 401 1845 1844
f 1844 1845 1846
f 1845 418 1846
f 90 1821 1848
f 404 1847 1821
f 1821 1847 1848
f 1847 321 1848
f 321 1847 1831
f 404 1849 1847
f 1847 1849 1831
f 1849 411 1831
f 408 1850 1829
f 390 1851 1850
f 1850 1851 1829
f 1851 410 1829
f 410 1851 1853
f 390 1852 1851
f 1851 1852 1853
f 1852 419 1853
f 405 1846 1855
f 418 1854 1846
f 1846 1854 1855
f 1854 389 1855
f 389 1854 1857
f 418 1856 1854
f 1854 1856 1857
f 1856 420 1857
f 421 1858 1860
f 397 1859 1858
f 1858 1859 1860
f 1859 417 1860
f 417 1859 1862
f 397 1861 1859
f 1859 1861 1862
f 1861 422 1862
f 423 1863 1865
f 424 1864 1863
f 1863 1864 1865
f 1864 425 1865
f 425 1864 1867
f 424 1866 1864
f 1864 1866 1867
f 1866 426 1867
f 417 1862 1842
f 422 1868 1862
f 1862 1868 1842
f 1868 416 1842
f 416 1868 1870
f 422 1869 1868
f 1868 1869 1870
f 1869 427 1870
f 397 1811 1861
f 398 1871 1811
f 1811 1871 1861
f 1871 422 1861
f 422 1871 1873
f 398 1872 1871
f 1871 1872 1873
f 1872 428 1873
f 393 1809 1875
f 397 1874 1809
f 1809 1874 1875
f 1874 399 1875
f 399 1874 1876
f 397 1858 1874
f 1874 1858 1876
f 1858 421 1876
f 429 1877 1879
f 430 1878 1877
f 1877 1878 1879
f 1878 392 1879
f 392 1878 1803
f 430 1880 1878
f 1878 1880 1803
f 1880 391 1803
f 430 1881 1880
f 431 1882 1881
f 1881 1882 1880
f 1882 391 1880
f 391 1882 1884
f 431 1883 1882
f 1882 1883 1884
f 1883 406 1884
f 421 1885 1876
f 432 1886 1885
f 1885 1886 1876
f 1886 399 1876
f 399 1886 1813
f 432 1887 1886
f 1886 1887 1813
f 1887 400 1813
f 403 1888 1890
f 414 1889 1888
f 1888 1889 1890
f 1889 409 1890
f 409 1889 1891
f 414 1840 1889
f 1889 1840 1891
f 1840 416 1891
f 405 1855 1824
f 389 1892 1855
f 1855 1892 1824
f 1892 406 1824
f 406 1892 1884
f 389 1801 1892
f 1892 1801 1884
f 1801 391 1884
f 433 1893 1895
f 434 1894 1893
f 1893 1894 1895
f 1894 396 1895
f 396 1894 1808
f 434 1896 1894
f 1894 1896 1808
f 1896 395 1808
f 389 1857 1799
f 420 1897 1857
f 1857 1897 1799
f 1897 390 1799
f 390 1897 1852
f 420 1898 1897
f 1897 1898 1852
f 1898 419 1852
f 394 1804 1843
f 393 1899 1804
f 1804 1899 1843
f 1899 401 1843
f 401 1899 1815
f 393 1875 1899
f 1899 1875 1815
f 1875 399 1815
f 435 1900 1902
f 429 1901 1900
f 1900 1901 1902
f 1901 436 1902
f 436 1901 1903
f 429 1879 1901
f 1901 1879 1903
f 1879 392 1903
f 425 1867 1905
f 426 1904 1867
f 1867 1904 1905
f 1904 437 1905
f 437 1904 1907
f 426 1906 1904
f 1904 1906 1907
f 1906 428 1907
f 407 1908 1910
f 427 1909 1908
f 1908 1909 1910
f 1909 424 1910
f 424 1909 1866
f 427 1911 1909
f 1909 1911 1866
f 1911 426 1866
f 424 1863 1913
f 423 1912 1863
f 1863 1912 1913
f 1912 436 1913
f 436 1912 1902
f 423 1914 1912
f 1912 1914 1902
f 1914 435 1902
f 427 1908 1870
f 407 1915 1908
f 1908 1915 1870
f 1915 416 1870
f 416 1915 1891
f 407 1828 1915
f 1915 1828 1891
f 1828 409 1891
f 437 1907 1917
f 428 1916 1907
f 1907 1916 1917
f 1916 438 1917
f 438 1916 1918
f 428 1872 1916
f 1916 1872 1918
f 1872 398 1918
f 431 1919 1883
f 433 1920 1919
f 1919 1920 1883
f 1920 406 1883
f 406 1920 1825
f 433 1895 1920
f 1920 1895 1825
f 1895 396 1825
f 415 1921 1923
f 301 1922 1921
f 1921 1922 1923
f 1922 432 1923
f 432 1922 1924
f 301 1426 1922
f 1922 1426 1924
f 1426 302 1924
f 434 1925 1896
f 438 1926 1925
f 1925 1926 1896
f 1926 395 1896
f 395 1926 1812
f 438 1918 1926
f 1926 1918 1812
f 1918 398 1812
f 401 1817 1845
f 402 1927 1817
f 1817 1927 1845
f 1927 418 1845
f 418 1927 1929
f 402 1928 1927
f 1927 1928 1929
f 1928 413 1929
f 422 1873 1869
f 428 1930 1873
f 1873 1930 1869
f 1930 427 1869
f 427 1930 1911
f 428 1906 1930
f 1930 1906 1911
f 1906 426 1911
f 408 1826 1932
f 407 1931 1826
f 1826 1931 1932
f 1931 436 1932
f 436 1931 1913
f 407 1910 1931
f 1931 1910 1913
f 1910 424 1913
f 390 1850 1802
f 408 1933 1850
f 1850 1933 1802
f 1933 392 1802
f 392 1933 1903
f 408 1932 1933
f 1933 1932 1903
f 1932 436 1903
f 438 1934 1917
f 439 1935 1934
f 1934 1935 1917
f 1935 437 1917
f 437 1935 1937
f 439 1936 1935
f 1935 1936 1937
f 1936 440 1937
f 441 1938 1940
f 439 1939 1938
f 1938 1939 1940
f 1939 434 1940
f 434 1939 1925
f 439 1934 1939
f 1939 1934 1925
f 1934 438 1925
f 442 1941 1943
f 441 1942 1941
f 1941 1942 1943
f 1942 433 1943
f 433 1942 1893
f 441 1940 1942
f 1942 1940 1893
f 1940 434 1893
f 443 1944 1946
f 442 1945 1944
f 1944 1945 1946
f 1945 431 1946
f 431 1945 1919
f 442 1943 1945
f 1945 1943 1919
f 1943 433 1919
f 437 1937 1905
f 440 1947 1937
f 1937 1947 1905
f 1947 425 1905
f 425 1947 1949
f 440 1948 1947
f 1947 1948 1949
f 1948 444 1949
f 425 1949 1865
f 444 1950 1949
f 1949 1950 1865
f 1950 423 1865
f 423 1950 1952
f 444 1951 1950
f 1950 1951 1952
f 1951 445 1952
f 446 1953 1955
f 435 1954 1953
f 1953 1954 1955
f 1954 445 1955
f 445 1954 1952
f 435 1914 1954
f 1954 1914 1952
f 1914 423 1952
f 447 1956 1958
f 444 1957 1956
f 1956 1957 1958
f 1957 448 1958
f 448 1957 1959
f 444 1948 1957
f 1957 1948 1959
f 1948 440 1959
f 449 1960 1962
f 450 1961 1960
f 1960 1961 1962
f 1961 451 1962
f 451 1961 1964
f 450 1963 1961
f 1961 1963 1964
f 1963 452 1964
f 450 1965 1963
f 453 1966 1965
f 1965 1966 1963
f 1966 452 1963
f 452 1966 1968
f 453 1967 1966
f 1966 1967 1968
f 1967 454 1968
f 450 1969 1965
f 455 1970 1969
f 1969 1970 1965
f 1970 453 1965
f 453 1970 1972
f 455 1971 1970
f 1970 1971 1972
f 1971 456 1972
f 457 1973 1975
f 458 1974 1973
f 1973 1974 1975
f 1974 455 1975
f 455 1974 1977
f 458 1976 1974
f 1974 1976 1977
f 1976 459 1977
f 459 1978 1977
f 460 1979 1978
f 1978 1979 1977
f 1979 455 1977
f 455 1979 1971
f 460 1980 1979
f 1979 1980 1971
f 1980 456 1971
f 457 1975 1982
f 455 1981 1975
f 1975 1981 1982
f 1981 449 1982
f 449 1981 1960
f 455 1969 1981
f 1981 1969 1960
f 1969 450 1960
f 449 1962 1984
f 451 1983 1962
f 1962 1983 1984
f 1983 461 1984
f 461 1983 1986
f 451 1985 1983
f 1983 1985 1986
f 1985 462 1986
f 456 1987 1972
f 463 1988 1987
f 1987 1988 1972
f 1988 453 1972
f 453 1988 1967
f 463 1989 1988
f 1988 1989 1967
f 1989 454 1967
f 439 1938 1991
f 441 1990 1938
f 1938 1990 1991
f 1990 463 1991
f 463 1990 1989
f 441 1992 1990
f 1990 1992 1989
f 1992 454 1989
f 454 1992 1994
f 441 1993 1992
f 1992 1993 1994
f 1993 464 1994
f 464 1993 1995
f 441 1941 1993
f 1993 1941 1995
f 1941 442 1995
f 452 1968 1997
f 454 1996 1968
f 1968 1996 1997
f 1996 465 1997
f 465 1996 1998
f 454 1994 1996
f 1996 1994 1998
f 1994 464 1998
f 466 1999 2001
f 451 2000 1999
f 1999 2000 2001
f 2000 465 2001
f 465 2000 1997
f 451 1964 2000
f 2000 1964 1997
f 1964 452 1997
f 460 2002 1980
f 448 2003 2002
f 2002 2003 1980
f 2003 456 1980
f 456 2003 1987
f 448 2004 2003
f 2003 2004 1987
f 2004 463 1987
f 439 1991 1936
f 463 2005 1991
f 1991 2005 1936
f 2005 440 1936
f 440 2005 1959
f 463 2004 2005
f 2005 2004 1959
f 2004 448 1959
f 451 1999 1985
f 466 2006 1999
f 1999 2006 1985
f 2006 462 1985
f 462 2006 2008
f 466 2007 2006
f 2006 2007 2008
f 2007 467 2008
f 468 2009 2011
f 466 2010 2009
f 2009 2010 2011
f 2010 469 2011
f 469 2010 2012
f 466 2001 2010
f 2010 2001 2012
f 2001 465 2012
f 466 2009 2007
f 468 2013 2009
f 2009 2013 2007
f 2013 467 2007
f 467 2013 2015
f 468 2014 2013
f 2013 2014 2015
f 2014 470 2015
f 471 2016 2018
f 468 2017 2016
f 2016 2017 2018
f 2017 472 2018
f 472 2017 2019
f 468 2011 2017
f 2017 2011 2019
f 2011 469 2019
f 473 2020 2022
f 474 2021 2020
f 2020 2021 2022
f 2021 469 2022
f 469 2021 2019
f 474 2023 2021
f 2021 2023 2019
f 2023 472 2019
f 470 2014 2025
f 468 2024 2014
f 2014 2024 2025
f 2024 475 2025
f 475 2024 2026
f 468 2016 2024
f 2024 2016 2026
f 2016 471 2026
f 464 2027 1998
f 473 2028 2027
f 2027 2028 1998
f 2028 465 1998
f 465 2028 2012
f 473 2022 2028
f 2028 2022 2012
f 2022 469 2012
f 443 2029 1944
f 473 2030 2029
f 2029 2030 1944
f 2030 442 1944
f 442 2030 1995
f 473 2027 2030
f 2030 2027 1995
f 2027 464 1995
f 467 2031 2008
f 476 2032 2031
f 2031 2032 2008
f 2032 462 2008
f 462 2032 2034
f 476 2033 2032
f 2032 2033 2034
f 2033 477 2034
f 462 2034 1986
f 477 2035 2034
f 2034 2035 1986
f 2035 461 1986
f 461 2035 2037
f 477 2036 2035
f 2035 2036 2037
f 2036 478 2037
f 448 2002 2039
f 460 2038 2002
f 2002 2038 2039
f 2038 479 2039
f 479 2038 2040
f 460 1978 2038
f 2038 1978 2040
f 1978 459 2040
f 458 2041 1976
f 480 2042 2041
f 2041 2042 1976
f 2042 459 1976
f 459 2042 2040
f 480 2043 2042
f 2042 2043 2040
f 2043 479 2040
f 481 2044 2046
f 447 2045 2044
f 2044 2045 2046
f 2045 479 2046
f 479 2045 2039
f 447 1958 2045
f 2045 1958 2039
f 1958 448 2039
f 482 2047 2049
f 481 2048 2047
f 2047 2048 2049
f 2048 480 2049
f 480 2048 2043
f 481 2046 2048
f 2048 2046 2043
f 2046 479 2043
f 458 2050 2041
f 483 2051 2050
f 2050 2051 2041
f 2051 480 2041
f 480 2051 2053
f 483 2052 2051
f 2051 2052 2053
f 2052 484 2053
f 478 2036 2055
f 477 2054 2036
f 2036 2054 2055
f 2054 483 2055
f 483 2054 2052
f 477 2056 2054
f 2054 2056 2052
f 2056 484 2052
f 485 2057 2059
f 443 2058 2057
f 2057 2058 2059
f 2058 430 2059
f 430 2058 1881
f 443 1946 2058
f 2058 1946 1881
f 1946 431 1881
f 446 2060 1953
f 486 2061 2060
f 2060 2061 1953
f 2061 435 1953
f 435 2061 1900
f 486 2062 2061
f 2061 2062 1900
f 2062 429 1900
f 430 1877 2059
f 429 2063 1877
f 1877 2063 2059
f 2063 485 2059
f 485 2063 2064
f 429 2062 2063
f 2063 2062 2064
f 2062 486 2064
f 485 2064 2066
f 486 2065 2064
f 2064 2065 2066
f 2065 474 2066
f 474 2065 2068
f 486 2067 2065
f 2065 2067 2068
f 2067 487 2068
f 474 2068 2023
f 487 2069 2068
f 2068 2069 2023
f 2069 472 2023
f 472 2069 2071
f 487 2070 2069
f 2069 2070 2071
f 2070 488 2071
f 489 2072 2074
f 487 2073 2072
f 2072 2073 2074
f 2073 446 2074
f 446 2073 2060
f 487 2067 2073
f 2073 2067 2060
f 2067 486 2060
f 474 2020 2066
f 473 2075 2020
f 2020 2075 2066
f 2075 485 2066
f 485 2075 2057
f 473 2029 2075
f 2075 2029 2057
f 2029 443 2057
f 490 2076 2078
f 489 2077 2076
f 2076 2077 2078
f 2077 445 2078
f 445 2077 1955
f 489 2074 2077
f 2077 2074 1955
f 2074 446 1955
f 444 1956 1951
f 447 2079 1956
f 1956 2079 1951
f 2079 445 1951
f 445 2079 2078
f 447 2080 2079
f 2079 2080 2078
f 2080 490 2078
f 490 2080 2082
f 447 2081 2080
f 2080 2081 2082
f 2081 491 2082
f 491 2081 2083
f 447 2044 2081
f 2081 2044 2083
f 2044 481 2083
f 491 2084 2082
f 492 2085 2084
f 2084 2085 2082
f 2085 490 2082
f 490 2085 2076
f 492 2086 2085
f 2085 2086 2076
f 2086 489 2076
f 493 2087 2089
f 494 2088 2087
f 2087 2088 2089
f 2088 491 2089
f 491 2088 2084
f 494 2090 2088
f 2088 2090 2084
f 2090 492 2084
f 492 2091 2086
f 488 2092 2091
f 2091 2092 2086
f 2092 489 2086
f 489 2092 2072
f 488 2070 2092
f 2092 2070 2072
f 2070 487 2072
f 488 2091 2094
f 492 2093 2091
f 2091 2093 2094
f 2093 495 2094
f 495 2093 2095
f 492 2090 2093
f 2093 2090 2095
f 2090 494 2095
f 482 2096 2047
f 493 2097 2096
f 2096 2097 2047
f 2097 481 2047
f 481 2097 2083
f 493 2089 2097
f 2097 2089 2083
f 2089 491 2083
f 493 2096 2099
f 482 2098 2096
f 2096 2098 2099
f 2098 496 2099
f 496 2098 2101
f 482 2100 2098
f 2098 2100 2101
f 2100 497 2101
f 498 2102 2104
f 499 2103 2102
f 2102 2103 2104
f 2103 500 2104
f 500 2103 2106
f 499 2105 2103
f 2103 2105 2106
f 2105 496 2106
f 494 2087 2108
f 493 2107 2087
f 2087 2107 2108
f 2107 499 2108
f 499 2107 2105
f 493 2099 2107
f 2107 2099 2105
f 2099 496 2105
f 496 2101 2106
f 497 2109 2101
f 2101 2109 2106
f 2109 500 2106
f 500 2109 2111
f 497 2110 2109
f 2109 2110 2111
f 2110 476 2111
f 477 2033 2056
f 476 2112 2033
f 2033 2112 2056
f 2112 484 2056
f 484 2112 2113
f 476 2110 2112
f 2112 2110 2113
f 2110 497 2113
f 482 2049 2100
f 480 2114 2049
f 2049 2114 2100
f 2114 497 2100
f 497 2114 2113
f 480 2053 2114
f 2114 2053 2113
f 2053 484 2113
f 495 2115 2094
f 471 2116 2115
f 2115 2116 2094
f 2116 488 2094
f 488 2116 2071
f 471 2018 2116
f 2116 2018 2071
f 2018 472 2071
f 498 2117 2119
f 475 2118 2117
f 2117 2118 2119
f 2118 495 2119
f 495 2118 2115
f 475 2026 2118
f 2118 2026 2115
f 2026 471 2115
f 498 2119 2102
f 495 2120 2119
f 2119 2120 2102
f 2120 499 2102
f 499 2120 2108
f 495 2095 2120
f 2120 2095 2108
f 2095 494 2108
f 500 2121 2104
f 470 2122 2121
f 2121 2122 2104
f 2122 498 2104
f 498 2122 2117
f 470 2025 2122
f 2122 2025 2117
f 2025 475 2117
f 476 2031 2111
f 467 2123 2031
f 2031 2123 2111
f 2123 500 2111
f 500 2123 2121
f 467 2015 2123
f 2123 2015 2121
f 2015 470 2121
f 478 2124 2037
f 457 2125 2124
f 2124 2125 2037
f 2125 461 2037
f 461 2125 1984
f 457 1982 2125
f 2125 1982 1984
f 1982 449 1984
f 458 1973 2050
f 457 2126 1973
f 1973 2126 2050
f 2126 483 2050
f 483 2126 2055
f 457 2124 2126
f 2126 2124 2055
f 2124 478 2055
f 400 2127 1816
f 210 2128 2127
f 2127 2128 1816
f 2128 402 1816
f 402 2128 2129
f 210 1143 2128
f 2128 1143 2129
f 1143 209 2129
f 409 1830 1890
f 410 2130 1830
f 1830 2130 1890
f 2130 403 1890
f 403 2130 1818
f 410 2131 2130
f 2130 2131 1818
f 2131 404 1818
f 420 2132 1898
f 412 2133 2132
f 2132 2133 1898
f 2133 419 1898
f 419 2133 2134
f 412 1833 2133
f 2133 1833 2134
f 1833 411 2134
f 418 1929 1856
f 413 2135 1929
f 1929 2135 1856
f 2135 420 1856
f 420 2135 2132
f 413 1836 2135
f 2135 1836 2132
f 1836 412 2132
f 301 1921 1455
f 415 2136 1921
f 1921 2136 1455
f 2136 308 1455
f 308 2136 2137
f 415 1838 2136
f 2136 1838 2137
f 1838 414 2137
f 410 1853 2131
f 419 2138 1853
f 1853 2138 2131
f 2138 404 2131
f 404 2138 1849
f 419 2134 2138
f 2138 2134 1849
f 2134 411 1849
f 432 1924 1887
f 302 2139 1924
f 1924 2139 1887
f 2139 400 1887
f 400 2139 2127
f 302 2140 2139
f 2139 2140 2127
f 2140 210 2127
f 279 1466 1820
f 308 2141 1466
f 1466 2141 1820
f 2141 403 1820
f 403 2141 1888
f 308 2137 2141
f 2141 2137 1888
f 2137 414 1888
f 432 1885 1923
f 421 2142 1885
f 1885 2142 1923
f 2142 415 1923
f 415 2142 1841
f 421 1860 2142
f 2142 1860 1841
f 1860 417 1841
f 295 1837 1402
f 413 2143 1837
f 1837 2143 1402
f 2143 209 1402
f 209 2143 2129
f 413 1928 2143
f 2143 1928 2129
f 1928 402 2129
f 246 1241 1425
f 165 2144 1241
f 1241 2144 1425
f 2144 302 1425
f 302 2144 2140
f 165 1146 2144
f 2144 1146 2140
f 1146 210 2140
f 36 2145 1198
f 30 2146 2145
f 2145 2146 1198
f 2146 230 1198
f 230 2146 1422
f 30 1243 2146
f 2146 1243 1422
f 1243 246 1422
f 34 2147 843
f 32 2148 2147
f 2147 2148 843
f 2148 36 843
f 36 2148 2145
f 32 838 2148
f 2148 838 2145
f 838 30 2145
f 231 2149 1201
f 245 2150 2149
f 2149 2150 1201
f 2150 34 1201
f 34 2150 2147
f 245 1240 2150
f 2150 1240 2147
f 1240 32 2147
f 501 2151 2153
f 502 2152 2151
f 2151 2152 2153
f 2152 503 2153
f 503 2152 2155
f 502 2154 2152
f 2152 2154 2155
f 2154 504 2155
f 505 2156 2158
f 506 2157 2156
f 2156 2157 2158
f 2157 507 2158
f 507 2157 2160
f 506 2159 2157
f 2157 2159 2160
f 2159 508 2160
f 509 2161 2163
f 505 2162 2161
f 2161 2162 2163
f 2162 510 2163
f 510 2162 2164
f 505 2158 2162
f 2162 2158 2164
f 2158 507 2164
f 511 2165 2167
f 512 2166 2165
f 2165 2166 2167
f 2166 513 2167
f 513 2166 2169
f 512 2168 2166
f 2166 2168 2169
f 2168 514 2169
f 506 2170 2159
f 515 2171 2170
f 2170 2171 2159
f 2171 508 2159
f 508 2171 2173
f 515 2172 2171
f 2171 2172 2173
f 2172 516 2173
f 517 2174 2176
f 518 2175 2174
f 2174 2175 2176
f 2175 519 2176
f 519 2175 2178
f 518 2177 2175
f 2175 2177 2178
f 2177 520 2178
f 164 2179 1061
f 521 2180 2179
f 2179 2180 1061
f 2180 88 1061
f 88 2180 2182
f 521 2181 2180
f 2180 2181 2182
f 2181 522 2182
f 88 2182 1361
f 522 2183 2182
f 2182 2183 1361
f 2183 278 1361
f 278 2183 2185
f 522 2184 2183
f 2183 2184 2185
f 2184 523 2185
f 524 2186 2188
f 525 2187 2186
f 2186 2187 2188
f 2187 526 2188
f 526 2187 2190
f 525 2189 2187
f 2187 2189 2190
f 2189 527 2190
f 506 2191 2170
f 514 2192 2191
f 2191 2192 2170
f 2192 515 2170
f 515 2192 2194
f 514 2193 2192
f 2192 2193 2194
f 2193 528 2194
f 504 2195 2197
f 529 2196 2195
f 2195 2196 2197
f 2196 518 2197
f 518 2196 2177
f 529 2198 2196
f 2196 2198 2177
f 2198 520 2177
f 515 2194 2200
f 528 2199 2194
f 2194 2199 2200
f 2199 502 2200
f 502 2199 2202
f 528 2201 2199
f 2199 2201 2202
f 2201 530 2202
f 531 2203 2205
f 509 2204 2203
f 2203 2204 2205
f 2204 527 2205
f 527 2204 2207
f 509 2206 2204
f 2204 2206 2207
f 2206 532 2207
f 533 2208 2210
f 534 2209 2208
f 2208 2209 2210
f 2209 535 2210
f 535 2209 2212
f 534 2211 2209
f 2209 2211 2212
f 2211 536 2212
f 527 2207 2190
f 532 2213 2207
f 2207 2213 2190
f 2213 526 2190
f 526 2213 2215
f 532 2214 2213
f 2213 2214 2215
f 2214 537 2215
f 509 2163 2206
f 510 2216 2163
f 2163 2216 2206
f 2216 532 2206
f 532 2216 2218
f 510 2217 2216
f 2216 2217 2218
f 2217 538 2218
f 505 2161 2220
f 509 2219 2161
f 2161 2219 2220
f 2219 513 2220
f 513 2219 2221
f 509 2203 2219
f 2219 2203 2221
f 2203 531 2221
f 539 2222 2224
f 540 2223 2222
f 2222 2223 2224
f 2223 503 2224
f 503 2223 2153
f 540 2225 2223
f 2223 2225 2153
f 2225 501 2153
f 540 2226 2225
f 541 2227 2226
f 2226 2227 2225
f 2227 501 2225
f 501 2227 2229
f 541 2228 2227
f 2227 2228 2229
f 2228 516 2229
f 542 2230 2232
f 511 2231 2230
f 2230 2231 2232
f 2231 531 2232
f 531 2231 2221
f 511 2167 2231
f 2231 2167 2221
f 2167 513 2221
f 543 2233 2235
f 524 2234 2233
f 2233 2234 2235
f 2234 519 2235
f 519 2234 2236
f 524 2188 2234
f 2234 2188 2236
f 2188 526 2236
f 516 2172 2229
f 515 2237 2172
f 2172 2237 2229
f 2237 501 2229
f 501 2237 2151
f 515 2200 2237
f 2237 2200 2151
f 2200 502 2151
f 544 2238 2240
f 545 2239 2238
f 2238 2239 2240
f 2239 508 2240
f 508 2239 2160
f 545 2241 2239
f 2239 2241 2160
f 2241 507 2160
f 502 2202 2154
f 530 2242 2202
f 2202 2242 2154
f 2242 504 2154
f 504 2242 2195
f 530 2243 2242
f 2242 2243 2195
f 2243 529 2195
f 506 2156 2191
f 505 2244 2156
f 2156 2244 2191
f 2244 514 2191
f 514 2244 2169
f 505 2220 2244
f 2244 2220 2169
f 2220 513 2169
f 546 2245 2247
f 539 2246 2245
f 2245 2246 2247
f 2246 547 2247
f 547 2246 2248
f 539 2224 2246
f 2246 2224 2248
f 2224 503 2248
f 533 2210 2250
f 535 2249 2210
f 2210 2249 2250
f 2249 548 2250
f 548 2249 2252
f 535 2251 2249
f 2249 2251 2252
f 2251 538 2252
f 536 2253 2212
f 517 2254 2253
f 2253 2254 2212
f 2254 535 2212
f 535 2254 2256
f 517 2255 2254
f 2254 2255 2256
f 2255 537 2256
f 534 2257 2211
f 546 2258 2257
f 2257 2258 2211
f 2258 536 2211
f 536 2258 2259
f 546 2247 2258
f 2258 2247 2259
f 2247 547 2259
f 537 2255 2215
f 517 2260 2255
f 2255 2260 2215
f 2260 526 2215
f 526 2260 2236
f 517 2176 2260
f 2260 2176 2236
f 2176 519 2236
f 548 2252 2262
f 538 2261 2252
f 2252 2261 2262
f 2261 549 2262
f 549 2261 2263
f 538 2217 2261
f 2261 2217 2263
f 2217 510 2263
f 541 2264 2228
f 544 2265 2264
f 2264 2265 2228
f 2265 516 2228
f 516 2265 2173
f 544 2240 2265
f 2265 2240 2173
f 2240 508 2173
f 542 2266 2268
f 525 2267 2266
f 2266 2267 2268
f 2267 324 2268
f 324 2267 1584
f 525 2269 2267
f 2267 2269 1584
f 2269 184 1584
f 545 2270 2241
f 549 2271 2270
f 2270 2271 2241
f 2271 507 2241
f 507 2271 2164
f 549 2263 2271
f 2271 2263 2164
f 2263 510 2164
f 514 2168 2193
f 512 2272 2168
f 2168 2272 2193
f 2272 528 2193
f 528 2272 2274
f 512 2273 2272
f 2272 2273 2274
f 2273 523 2274
f 532 2218 2214
f 538 2275 2218
f 2218 2275 2214
f 2275 537 2214
f 537 2275 2256
f 538 2251 2275
f 2275 2251 2256
f 2251 535 2256
f 518 2174 2277
f 517 2276 2174
f 2174 2276 2277
f 2276 547 2277
f 547 2276 2259
f 517 2253 2276
f 2276 2253 2259
f 2253 536 2259
f 504 2197 2155
f 518 2278 2197
f 2197 2278 2155
f 2278 503 2155
f 503 2278 2248
f 518 2277 2278
f 2278 2277 2248
f 2277 547 2248
f 549 2279 2262
f 550 2280 2279
f 2279 2280 2262
f 2280 548 2262
f 548 2280 2282
f 550 2281 2280
f 2280 2281 2282
f 2281 551 2282
f 552 2283 2285
f 550 2284 2283
f 2283 2284 2285
f 2284 545 2285
f 545 2284 2270
f 550 2279 2284
f 2284 2279 2270
f 2279 549 2270
f 553 2286 2288
f 552 2287 2286
f 2286 2287 2288
f 2287 544 2288
f 544 2287 2238
f 552 2285 2287
f 2287 2285 2238
f 2285 545 2238
f 554 2289 2291
f 553 2290 2289
f 2289 2290 2291
f 2290 541 2291
f 541 2290 2264
f 553 2288 2290
f 2290 2288 2264
f 2288 544 2264
f 548 2282 2250
f 551 2292 2282
f 2282 2292 2250
f 2292 533 2250
f 533 2292 2294
f 551 2293 2292
f 2292 2293 2294
f 2293 555 2294
f 533 2294 2208
f 555 2295 2294
f 2294 2295 2208
f 2295 534 2208
f 534 2295 2297
f 555 2296 2295
f 2295 2296 2297
f 2296 556 2297
f 556 2298 2297
f 557 2299 2298
f 2298 2299 2297
f 2299 534 2297
f 534 2299 2257
f 557 2300 2299
f 2299 2300 2257
f 2300 546 2257
f 558 2301 2303
f 555 2302 2301
f 2301 2302 2303
f 2302 559 2303
f 559 2302 2304
f 555 2293 2302
f 2302 2293 2304
f 2293 551 2304
f 560 2305 2307
f 561 2306 2305
f 2305 2306 2307
f 2306 562 2307
f 562 2306 2309
f 561 2308 2306
f 2306 2308 2309
f 2308 563 2309
f 561 2310 2308
f 564 2311 2310
f 2310 2311 2308
f 2311 563 2308
f 563 2311 2313
f 564 2312 2311
f 2311 2312 2313
f 2312 565 2313
f 561 2314 2310
f 566 2315 2314
f 2314 2315 2310
f 2315 564 2310
f 564 2315 2317
f 566 2316 2315
f 2315 2316 2317
f 2316 567 2317
f 568 2318 2320
f 569 2319 2318
f 2318 2319 2320
f 2319 566 2320
f 566 2319 2322
f 569 2321 2319
f 2319 2321 2322
f 2321 570 2322
f 570 2323 2322
f 571 2324 2323
f 2323 2324 2322
f 2324 566 2322
f 566 2324 2316
f 571 2325 2324
f 2324 2325 2316
f 2325 567 2316
f 568 2320 2327
f 566 2326 2320
f 2320 2326 2327
f 2326 560 2327
f 560 2326 2305
f 566 2314 2326
f 2326 2314 2305
f 2314 561 2305
f 562 2328 2307
f 572 2329 2328
f 2328 2329 2307
f 2329 560 2307
f 560 2329 2331
f 572 2330 2329
f 2329 2330 2331
f 2330 573 2331
f 574 2332 2334
f 565 2333 2332
f 2332 2333 2334
f 2333 567 2334
f 567 2333 2317
f 565 2312 2333
f 2333 2312 2317
f 2312 564 2317
f 550 2283 2336
f 552 2335 2283
f 2283 2335 2336
f 2335 574 2336
f 574 2335 2332
f 552 2337 2335
f 2335 2337 2332
f 2337 565 2332
f 565 2337 2339
f 552 2338 2337
f 2337 2338 2339
f 2338 575 2339
f 575 2338 2340
f 552 2286 2338
f 2338 2286 2340
f 2286 553 2340
f 563 2313 2342
f 565 2341 2313
f 2313 2341 2342
f 2341 576 2342
f 576 2341 2343
f 565 2339 2341
f 2341 2339 2343
f 2339 575 2343
f 562 2309 2345
f 563 2344 2309
f 2309 2344 2345
f 2344 577 2345
f 577 2344 2346
f 563 2342 2344
f 2344 2342 2346
f 2342 576 2346
f 567 2325 2334
f 571 2347 2325
f 2325 2347 2334
f 2347 574 2334
f 574 2347 2349
f 571 2348 2347
f 2347 2348 2349
f 2348 559 2349
f 550 2336 2281
f 574 2350 2336
f 2336 2350 2281
f 2350 551 2281
f 551 2350 2304
f 574 2349 2350
f 2350 2349 2304
f 2349 559 2304
f 572 2328 2352
f 562 2351 2328
f 2328 2351 2352
f 2351 578 2352
f 578 2351 2353
f 562 2345 2351
f 2351 2345 2353
f 2345 577 2353
f 579 2354 2356
f 580 2355 2354
f 2354 2355 2356
f 2355 576 2356
f 576 2355 2346
f 580 2357 2355
f 2355 2357 2346
f 2357 577 2346
f 580 2358 2357
f 581 2359 2358
f 2358 2359 2357
f 2359 577 2357
f 577 2359 2353
f 581 2360 2359
f 2359 2360 2353
f 2360 578 2353
f 582 2361 2363
f 583 2362 2361
f 2361 2362 2363
f 2362 579 2363
f 579 2362 2354
f 583 2364 2362
f 2362 2364 2354
f 2364 580 2354
f 579 2365 2363
f 584 2366 2365
f 2365 2366 2363
f 2366 582 2363
f 582 2366 2368
f 584 2367 2366
f 2366 2367 2368
f 2367 585 2368
f 581 2358 2370
f 580 2369 2358
f 2358 2369 2370
f 2369 586 2370
f 586 2369 2371
f 580 2364 2369
f 2369 2364 2371
f 2364 583 2371
f 576 2343 2356
f 575 2372 2343
f 2343 2372 2356
f 2372 579 2356
f 579 2372 2365
f 575 2373 2372
f 2372 2373 2365
f 2373 584 2365
f 554 2374 2289
f 584 2375 2374
f 2374 2375 2289
f 2375 553 2289
f 553 2375 2340
f 584 2373 2375
f 2375 2373 2340
f 2373 575 2340
f 578 2376 2352
f 587 2377 2376
f 2376 2377 2352
f 2377 572 2352
f 572 2377 2379
f 587 2378 2377
f 2377 2378 2379
f 2378 588 2379
f 572 2379 2330
f 588 2380 2379
f 2379 2380 2330
f 2380 573 2330
f 573 2380 2382
f 588 2381 2380
f 2380 2381 2382
f 2381 589 2382
f 559 2348 2384
f 571 2383 2348
f 2348 2383 2384
f 2383 590 2384
f 590 2383 2385
f 571 2323 2383
f 2383 2323 2385
f 2323 570 2385
f 569 2386 2321
f 591 2387 2386
f 2386 2387 2321
f 2387 570 2321
f 570 2387 2385
f 591 2388 2387
f 2387 2388 2385
f 2388 590 2385
f 592 2389 2391
f 558 2390 2389
f 2389 2390 2391
f 2390 590 2391
f 590 2390 2384
f 558 2303 2390
f 2390 2303 2384
f 2303 559 2384
f 591 2392 2388
f 593 2393 2392
f 2392 2393 2388
f 2393 590 2388
f 590 2393 2391
f 593 2394 2393
f 2393 2394 2391
f 2394 592 2391
f 591 2386 2396
f 569 2395 2386
f 2386 2395 2396
f 2395 594 2396
f 594 2395 2398
f 569 2397 2395
f 2395 2397 2398
f 2397 595 2398
f 589 2381 2400
f 588 2399 2381
f 2381 2399 2400
f 2399 595 2400
f 595 2399 2398
f 588 2401 2399
f 2399 2401 2398
f 2401 594 2398
f 596 2402 2404
f 554 2403 2402
f 2402 2403 2404
f 2403 540 2404
f 540 2403 2226
f 554 2291 2403
f 2403 2291 2226
f 2291 541 2226
f 557 2405 2300
f 597 2406 2405
f 2405 2406 2300
f 2406 546 2300
f 546 2406 2245
f 597 2407 2406
f 2406 2407 2245
f 2407 539 2245
f 540 2222 2404
f 539 2408 2222
f 2222 2408 2404
f 2408 596 2404
f 596 2408 2409
f 539 2407 2408
f 2408 2407 2409
f 2407 597 2409
f 596 2409 2411
f 597 2410 2409
f 2409 2410 2411
f 2410 585 2411
f 585 2410 2413
f 597 2412 2410
f 2410 2412 2413
f 2412 598 2413
f 585 2413 2368
f 598 2414 2413
f 2413 2414 2368
f 2414 582 2368
f 582 2414 2416
f 598 2415 2414
f 2414 2415 2416
f 2415 599 2416
f 600 2417 2419
f 598 2418 2417
f 2417 2418 2419
f 2418 557 2419
f 557 2418 2405
f 598 2412 2418
f 2418 2412 2405
f 2412 597 2405
f 584 2374 2367
f 554 2420 2374
f 2374 2420 2367
f 2420 585 2367
f 585 2420 2411
f 554 2402 2420
f 2420 2402 2411
f 2402 596 2411
f 601 2421 2423
f 600 2422 2421
f 2421 2422 2423
f 2422 556 2423
f 556 2422 2298
f 600 2419 2422
f 2422 2419 2298
f 2419 557 2298
f 555 2301 2296
f 558 2424 2301
f 2301 2424 2296
f 2424 556 2296
f 556 2424 2423
f 558 2425 2424
f 2424 2425 2423
f 2425 601 2423
f 558 2389 2425
f 592 2426 2389
f 2389 2426 2425
f 2426 601 2425
f 601 2426 2428
f 592 2427 2426
f 2426 2427 2428
f 2427 602 2428
f 602 2429 2428
f 603 2430 2429
f 2429 2430 2428
f 2430 601 2428
f 601 2430 2421
f 603 2431 2430
f 2430 2431 2421
f 2431 600 2421
f 604 2432 2434
f 605 2433 2432
f 2432 2433 2434
f 2433 602 2434
f 602 2433 2429
f 605 2435 2433
f 2433 2435 2429
f 2435 603 2429
f 603 2436 2431
f 599 2437 2436
f 2436 2437 2431
f 2437 600 2431
f 600 2437 2417
f 599 2415 2437
f 2437 2415 2417
f 2415 598 2417
f 599 2436 2439
f 603 2438 2436
f 2436 2438 2439
f 2438 606 2439
f 606 2438 2440
f 603 2435 2438
f 2438 2435 2440
f 2435 605 2440
f 593 2441 2394
f 604 2442 2441
f 2441 2442 2394
f 2442 592 2394
f 592 2442 2427
f 604 2434 2442
f 2442 2434 2427
f 2434 602 2427
f 604 2441 2444
f 593 2443 2441
f 2441 2443 2444
f 2443 607 2444
f 607 2443 2446
f 593 2445 2443
f 2443 2445 2446
f 2445 608 2446
f 609 2447 2449
f 610 2448 2447
f 2447 2448 2449
f 2448 611 2449
f 611 2448 2451
f 610 2450 2448
f 2448 2450 2451
f 2450 607 2451
f 605 2432 2453
f 604 2452 2432
f 2432 2452 2453
f 2452 610 2453
f 610 2452 2450
f 604 2444 2452
f 2452 2444 2450
f 2444 607 2450
f 607 2446 2451
f 608 2454 2446
f 2446 2454 2451
f 2454 611 2451
f 611 2454 2456
f 608 2455 2454
f 2454 2455 2456
f 2455 587 2456
f 588 2378 2401
f 587 2457 2378
f 2378 2457 2401
f 2457 594 2401
f 594 2457 2458
f 587 2455 2457
f 2457 2455 2458
f 2455 608 2458
f 593 2392 2445
f 591 2459 2392
f 2392 2459 2445
f 2459 608 2445
f 608 2459 2458
f 591 2396 2459
f 2459 2396 2458
f 2396 594 2458
f 606 2460 2439
f 583 2461 2460
f 2460 2461 2439
f 2461 599 2439
f 599 2461 2416
f 583 2361 2461
f 2461 2361 2416
f 2361 582 2416
f 609 2462 2464
f 586 2463 2462
f 2462 2463 2464
f 2463 606 2464
f 606 2463 2460
f 586 2371 2463
f 2463 2371 2460
f 2371 583 2460
f 609 2464 2447
f 606 2465 2464
f 2464 2465 2447
f 2465 610 2447
f 610 2465 2453
f 606 2440 2465
f 2465 2440 2453
f 2440 605 2453
f 581 2370 2467
f 586 2466 2370
f 2370 2466 2467
f 2466 611 2467
f 611 2466 2449
f 586 2462 2466
f 2466 2462 2449
f 2462 609 2449
f 587 2376 2456
f 578 2468 2376
f 2376 2468 2456
f 2468 611 2456
f 611 2468 2467
f 578 2360 2468
f 2468 2360 2467
f 2360 581 2467
f 589 2469 2382
f 568 2470 2469
f 2469 2470 2382
f 2470 573 2382
f 573 2470 2331
f 568 2327 2470
f 2470 2327 2331
f 2327 560 2331
f 569 2318 2397
f 568 2471 2318
f 2318 2471 2397
f 2471 595 2397
f 595 2471 2400
f 568 2469 2471
f 2471 2469 2400
f 2469 589 2400
f 323 1589 2473
f 326 2472 1589
f 1589 2472 2473
f 2472 511 2473
f 511 2472 2165
f 326 2474 2472
f 2472 2474 2165
f 2474 512 2165
f 519 2178 2235
f 520 2475 2178
f 2178 2475 2235
f 2475 543 2235
f 543 2475 2477
f 520 2476 2475
f 2475 2476 2477
f 2476 612 2477
f 530 2478 2243
f 522 2479 2478
f 2478 2479 2243
f 2479 529 2243
f 529 2479 2480
f 522 2181 2479
f 2479 2181 2480
f 2181 521 2480
f 528 2274 2201
f 523 2481 2274
f 2274 2481 2201
f 2481 530 2201
f 530 2481 2478
f 523 2184 2481
f 2481 2184 2478
f 2184 522 2478
f 185 1106 2483
f 184 2482 1106
f 1106 2482 2483
f 2482 524 2483
f 524 2482 2186
f 184 2269 2482
f 2482 2269 2186
f 2269 525 2186
f 612 2476 2485
f 520 2484 2476
f 2476 2484 2485
f 2484 521 2485
f 521 2484 2480
f 520 2198 2484
f 2484 2198 2480
f 2198 529 2480
f 324 1542 2268
f 323 2486 1542
f 1542 2486 2268
f 2486 542 2268
f 542 2486 2230
f 323 2473 2486
f 2486 2473 2230
f 2473 511 2230
f 223 1577 2488
f 185 2487 1577
f 1577 2487 2488
f 2487 543 2488
f 543 2487 2233
f 185 2483 2487
f 2487 2483 2233
f 2483 524 2233
f 531 2205 2232
f 527 2489 2205
f 2205 2489 2232
f 2489 542 2232
f 542 2489 2266
f 527 2189 2489
f 2489 2189 2266
f 2189 525 2266
f 278 2185 1587
f 523 2490 2185
f 2185 2490 1587
f 2490 326 1587
f 326 2490 2474
f 523 2273 2490
f 2490 2273 2474
f 2273 512 2474
f 613 2491 2493
f 614 2492 2491
f 2491 2492 2493
f 2492 615 2493
f 615 2492 2495
f 614 2494 2492
f 2492 2494 2495
f 2494 616 2495
f 617 2496 2498
f 618 2497 2496
f 2496 2497 2498
f 2497 619 2498
f 619 2497 2500
f 618 2499 2497
f 2497 2499 2500
f 2499 620 2500
f 621 2501 2503
f 617 2502 2501
f 2501 2502 2503
f 2502 622 2503
f 622 2502 2504
f 617 2498 2502
f 2502 2498 2504
f 2498 619 2504
f 623 2505 2507
f 624 2506 2505
f 2505 2506 2507
f 2506 625 2507
f 625 2506 2509
f 624 2508 2506
f 2506 2508 2509
f 2508 626 2509
f 627 2510 2512
f 628 2511 2510
f 2510 2511 2512
f 2511 629 2512
f 629 2511 2514
f 628 2513 2511
f 2511 2513 2514
f 2513 630 2514
f 618 2515 2499
f 631 2516 2515
f 2515 2516 2499
f 2516 620 2499
f 620 2516 2518
f 631 2517 2516
f 2516 2517 2518
f 2517 632 2518
f 633 2519 2521
f 634 2520 2519
f 2519 2520 2521
f 2520 635 2521
f 635 2520 2523
f 634 2522 2520
f 2520 2522 2523
f 2522 636 2523
f 637 2524 2526
f 638 2525 2524
f 2524 2525 2526
f 2525 639 2526
f 639 2525 2528
f 638 2527 2525
f 2525 2527 2528
f 2527 640 2528
f 639 2528 2530
f 640 2529 2528
f 2528 2529 2530
f 2529 221 2530
f 221 2529 2532
f 640 2531 2529
f 2529 2531 2532
f 2531 641 2532
f 642 2533 2535
f 643 2534 2533
f 2533 2534 2535
f 2534 644 2535
f 644 2534 2537
f 643 2536 2534
f 2534 2536 2537
f 2536 645 2537
f 631 2515 2539
f 618 2538 2515
f 2515 2538 2539
f 2538 646 2539
f 646 2538 2541
f 618 2540 2538
f 2538 2540 2541
f 2540 626 2541
f 629 2514 2543
f 630 2542 2514
f 2514 2542 2543
f 2542 637 2543
f 637 2542 2524
f 630 2544 2542
f 2542 2544 2524
f 2544 638 2524
f 614 2545 2547
f 647 2546 2545
f 2545 2546 2547
f 2546 636 2547
f 636 2546 2523
f 647 2548 2546
f 2546 2548 2523
f 2548 635 2523
f 631 2539 2550
f 646 2549 2539
f 2539 2549 2550
f 2549 613 2550
f 613 2549 2552
f 646 2551 2549
f 2549 2551 2552
f 2551 648 2552
f 621 2553 2555
f 649 2554 2553
f 2553 2554 2555
f 2554 650 2555
f 650 2554 2557
f 649 2556 2554
f 2554 2556 2557
f 2556 644 2557
f 651 2558 2560
f 652 2559 2558
f 2558 2559 2560
f 2559 653 2560
f 653 2559 2562
f 652 2561 2559
f 2559 2561 2562
f 2561 654 2562
f 649 2563 2556
f 655 2564 2563
f 2563 2564 2556
f 2564 644 2556
f 644 2564 2535
f 655 2565 2564
f 2564 2565 2535
f 2565 642 2535
f 621 2503 2553
f 622 2566 2503
f 2503 2566 2553
f 2566 649 2553
f 649 2566 2568
f 622 2567 2566
f 2566 2567 2568
f 2567 656 2568
f 617 2501 2570
f 621 2569 2501
f 2501 2569 2570
f 2569 625 2570
f 625 2569 2571
f 621 2555 2569
f 2569 2555 2571
f 2555 650 2571
f 657 2572 2574
f 658 2573 2572
f 2572 2573 2574
f 2573 616 2574
f 616 2573 2495
f 658 2575 2573
f 2573 2575 2495
f 2575 615 2495
f 658 2576 2575
f 659 2577 2576
f 2576 2577 2575
f 2577 615 2575
f 615 2577 2579
f 659 2578 2577
f 2577 2578 2579
f 2578 632 2579
f 660 2580 2582
f 623 2581 2580
f 2580 2581 2582
f 2581 650 2582
f 650 2581 2571
f 623 2507 2581
f 2581 2507 2571
f 2507 625 2571
f 633 2583 2585
f 628 2584 2583
f 2583 2584 2585
f 2584 642 2585
f 642 2584 2533
f 628 2586 2584
f 2584 2586 2533
f 2586 643 2533
f 631 2550 2517
f 613 2587 2550
f 2550 2587 2517
f 2587 632 2517
f 632 2587 2579
f 613 2493 2587
f 2587 2493 2579
f 2493 615 2579
f 661 2588 2590
f 662 2589 2588
f 2588 2589 2590
f 2589 620 2590
f 620 2589 2500
f 662 2591 2589
f 2589 2591 2500
f 2591 619 2500
f 613 2552 2491
f 648 2592 2552
f 2552 2592 2491
f 2592 614 2491
f 614 2592 2545
f 648 2593 2592
f 2592 2593 2545
f 2593 647 2545
f 618 2496 2540
f 617 2594 2496
f 2496 2594 2540
f 2594 626 2540
f 626 2594 2509
f 617 2570 2594
f 2594 2570 2509
f 2570 625 2509
f 663 2595 2597
f 657 2596 2595
f 2595 2596 2597
f 2596 664 2597
f 664 2596 2598
f 657 2574 2596
f 2596 2574 2598
f 2574 616 2598
f 653 2562 2600
f 654 2599 2562
f 2562 2599 2600
f 2599 665 2600
f 665 2599 2602
f 654 2601 2599
f 2599 2601 2602
f 2601 656 2602
f 652 2603 2561
f 634 2604 2603
f 2603 2604 2561
f 2604 654 2561
f 654 2604 2606
f 634 2605 2604
f 2604 2605 2606
f 2605 655 2606
f 651 2607 2558
f 663 2608 2607
f 2607 2608 2558
f 2608 652 2558
f 652 2608 2609
f 663 2597 2608
f 2608 2597 2609
f 2597 664 2609
f 642 2565 2585
f 655 2610 2565
f 2565 2610 2585
f 2610 633 2585
f 633 2610 2519
f 655 2605 2610
f 2610 2605 2519
f 2605 634 2519
f 665 2602 2612
f 656 2611 2602
f 2602 2611 2612
f 2611 666 2612
f 666 2611 2613
f 656 2567 2611
f 2611 2567 2613
f 2567 622 2613
f 659 2614 2578
f 661 2615 2614
f 2614 2615 2578
f 2615 632 2578
f 632 2615 2518
f 661 2590 2615
f 2615 2590 2518
f 2590 620 2518
f 645 2616 2618
f 226 2617 2616
f 2616 2617 2618
f 2617 660 2618
f 660 2617 2619
f 226 1190 2617
f 2617 1190 2619
f 1190 225 2619
f 662 2620 2591
f 666 2621 2620
f 2620 2621 2591
f 2621 619 2591
f 619 2621 2504
f 666 2613 2621
f 2621 2613 2504
f 2613 622 2504
f 626 2508 2541
f 624 2622 2508
f 2508 2622 2541
f 2622 646 2541
f 646 2622 2624
f 624 2623 2622
f 2622 2623 2624
f 2623 641 2624
f 649 2568 2563
f 656 2625 2568
f 2568 2625 2563
f 2625 655 2563
f 655 2625 2606
f 656 2601 2625
f 2625 2601 2606
f 2601 654 2606
f 664 2626 2609
f 636 2627 2626
f 2626 2627 2609
f 2627 652 2609
f 652 2627 2603
f 636 2522 2627
f 2627 2522 2603
f 2522 634 2603
f 616 2494 2598
f 614 2628 2494
f 2494 2628 2598
f 2628 664 2598
f 664 2628 2626
f 614 2547 2628
f 2628 2547 2626
f 2547 636 2626
f 666 2629 2612
f 667 2630 2629
f 2629 2630 2612
f 2630 665 2612
f 665 2630 2632
f 667 2631 2630
f 2630 2631 2632
f 2631 668 2632
f 669 2633 2635
f 667 2634 2633
f 2633 2634 2635
f 2634 662 2635
f 662 2634 2620
f 667 2629 2634
f 2634 2629 2620
f 2629 666 2620
f 670 2636 2638
f 669 2637 2636
f 2636 2637 2638
f 2637 661 2638
f 661 2637 2588
f 669 2635 2637
f 2637 2635 2588
f 2635 662 2588
f 671 2639 2641
f 670 2640 2639
f 2639 2640 2641
f 2640 659 2641
f 659 2640 2614
f 670 2638 2640
f 2640 2638 2614
f 2638 661 2614
f 665 2632 2600
f 668 2642 2632
f 2632 2642 2600
f 2642 653 2600
f 653 2642 2644
f 668 2643 2642
f 2642 2643 2644
f 2643 672 2644
f 653 2644 2560
f 672 2645 2644
f 2644 2645 2560
f 2645 651 2560
f 651 2645 2647
f 672 2646 2645
f 2645 2646 2647
f 2646 673 2647
f 673 2648 2647
f 674 2649 2648
f 2648 2649 2647
f 2649 651 2647
f 651 2649 2607
f 674 2650 2649
f 2649 2650 2607
f 2650 663 2607
f 672 2643 2652
f 668 2651 2643
f 2643 2651 2652
f 2651 675 2652
f 675 2651 2654
f 668 2653 2651
f 2651 2653 2654
f 2653 676 2654
f 677 2655 2657
f 678 2656 2655
f 2655 2656 2657
f 2656 679 2657
f 679 2656 2659
f 678 2658 2656
f 2656 2658 2659
f 2658 680 2659
f 680 2660 2659
f 681 2661 2660
f 2660 2661 2659
f 2661 679 2659
f 679 2661 2663
f 681 2662 2661
f 2661 2662 2663
f 2662 682 2663
f 680 2664 2660
f 683 2665 2664
f 2664 2665 2660
f 2665 681 2660
f 681 2665 2667
f 683 2666 2665
f 2665 2666 2667
f 2666 684 2667
f 683 2668 2670
f 685 2669 2668
f 2668 2669 2670
f 2669 686 2670
f 686 2669 2672
f 685 2671 2669
f 2669 2671 2672
f 2671 687 2672
f 686 2673 2670
f 688 2674 2673
f 2673 2674 2670
f 2674 683 2670
f 683 2674 2666
f 688 2675 2674
f 2674 2675 2666
f 2675 684 2666
f 685 2668 2677
f 683 2676 2668
f 2668 2676 2677
f 2676 678 2677
f 678 2676 2658
f 683 2664 2676
f 2676 2664 2658
f 2664 680 2658
f 678 2655 2679
f 677 2678 2655
f 2655 2678 2679
f 2678 689 2679
f 689 2678 2681
f 677 2680 2678
f 2678 2680 2681
f 2680 690 2681
f 691 2682 2684
f 682 2683 2682
f 2682 2683 2684
f 2683 684 2684
f 684 2683 2667
f 682 2662 2683
f 2683 2662 2667
f 2662 681 2667
f 667 2633 2686
f 669 2685 2633
f 2633 2685 2686
f 2685 691 2686
f 691 2685 2682
f 669 2687 2685
f 2685 2687 2682
f 2687 682 2682
f 682 2687 2689
f 669 2688 2687
f 2687 2688 2689
f 2688 692 2689
f 692 2688 2690
f 669 2636 2688
f 2688 2636 2690
f 2636 670 2690
f 682 2689 2663
f 692 2691 2689
f 2689 2691 2663
f 2691 679 2663
f 679 2691 2693
f 692 2692 2691
f 2691 2692 2693
f 2692 693 2693
f 694 2694 2696
f 677 2695 2694
f 2694 2695 2696
f 2695 693 2696
f 693 2695 2693
f 677 2657 2695
f 2695 2657 2693
f 2657 679 2693
f 684 2675 2684
f 688 2697 2675
f 2675 2697 2684
f 2697 691 2684
f 691 2697 2699
f 688 2698 2697
f 2697 2698 2699
f 2698 676 2699
f 667 2686 2631
f 691 2700 2686
f 2686 2700 2631
f 2700 668 2631
f 668 2700 2653
f 691 2699 2700
f 2700 2699 2653
f 2699 676 2653
f 677 2694 2680
f 694 2701 2694
f 2694 2701 2680
f 2701 690 2680
f 690 2701 2703
f 694 2702 2701
f 2701 2702 2703
f 2702 695 2703
f 696 2704 2706
f 697 2705 2704
f 2704 2705 2706
f 2705 693 2706
f 693 2705 2696
f 697 2707 2705
f 2705 2707 2696
f 2707 694 2696
f 697 2708 2707
f 698 2709 2708
f 2708 2709 2707
f 2709 694 2707
f 694 2709 2702
f 698 2710 2709
f 2709 2710 2702
f 2710 695 2702
f 699 2711 2713
f 700 2712 2711
f 2711 2712 2713
f 2712 696 2713
f 696 2712 2704
f 700 2714 2712
f 2712 2714 2704
f 2714 697 2704
f 696 2715 2713
f 701 2716 2715
f 2715 2716 2713
f 2716 699 2713
f 699 2716 2718
f 701 2717 2716
f 2716 2717 2718
f 2717 702 2718
f 698 2708 2720
f 697 2719 2708
f 2708 2719 2720
f 2719 703 2720
f 703 2719 2721
f 697 2714 2719
f 2719 2714 2721
f 2714 700 2721
f 693 2692 2706
f 692 2722 2692
f 2692 2722 2706
f 2722 696 2706
f 696 2722 2715
f 692 2723 2722
f 2722 2723 2715
f 2723 701 2715
f 671 2724 2639
f 701 2725 2724
f 2724 2725 2639
f 2725 670 2639
f 670 2725 2690
f 701 2723 2725
f 2725 2723 2690
f 2723 692 2690
f 704 2726 2728
f 705 2727 2726
f 2726 2727 2728
f 2727 695 2728
f 695 2727 2703
f 705 2729 2727
f 2727 2729 2703
f 2729 690 2703
f 690 2729 2681
f 705 2730 2729
f 2729 2730 2681
f 2730 689 2681
f 689 2730 2732
f 705 2731 2730
f 2730 2731 2732
f 2731 706 2732
f 676 2698 2734
f 688 2733 2698
f 2698 2733 2734
f 2733 707 2734
f 707 2733 2735
f 688 2673 2733
f 2733 2673 2735
f 2673 686 2735
f 708 2736 2738
f 707 2737 2736
f 2736 2737 2738
f 2737 687 2738
f 687 2737 2672
f 707 2735 2737
f 2737 2735 2672
f 2735 686 2672
f 707 2739 2734
f 709 2740 2739
f 2739 2740 2734
f 2740 676 2734
f 676 2740 2654
f 709 2741 2740
f 2740 2741 2654
f 2741 675 2654
f 708 2742 2736
f 710 2743 2742
f 2742 2743 2736
f 2743 707 2736
f 707 2743 2739
f 710 2744 2743
f 2743 2744 2739
f 2744 709 2739
f 687 2745 2738
f 711 2746 2745
f 2745 2746 2738
f 2746 708 2738
f 708 2746 2748
f 711 2747 2746
f 2746 2747 2748
f 2747 712 2748
f 706 2731 2750
f 705 2749 2731
f 2731 2749 2750
f 2749 711 2750
f 711 2749 2747
f 705 2751 2749
f 2749 2751 2747
f 2751 712 2747
f 713 2752 2754
f 671 2753 2752
f 2752 2753 2754
f 2753 658 2754
f 658 2753 2576
f 671 2641 2753
f 2753 2641 2576
f 2641 659 2576
f 674 2755 2650
f 714 2756 2755
f 2755 2756 2650
f 2756 663 2650
f 663 2756 2595
f 714 2757 2756
f 2756 2757 2595
f 2757 657 2595
f 713 2754 2759
f 658 2758 2754
f 2754 2758 2759
f 2758 714 2759
f 714 2758 2757
f 658 2572 2758
f 2758 2572 2757
f 2572 657 2757
f 714 2760 2759
f 715 2761 2760
f 2760 2761 2759
f 2761 713 2759
f 713 2761 2763
f 715 2762 2761
f 2761 2762 2763
f 2762 702 2763
f 715 2764 2762
f 716 2765 2764
f 2764 2765 2762
f 2765 702 2762
f 702 2765 2718
f 716 2766 2765
f 2765 2766 2718
f 2766 699 2718
f 717 2767 2769
f 715 2768 2767
f 2767 2768 2769
f 2768 674 2769
f 674 2768 2755
f 715 2760 2768
f 2768 2760 2755
f 2760 714 2755
f 701 2724 2717
f 671 2770 2724
f 2724 2770 2717
f 2770 702 2717
f 702 2770 2763
f 671 2752 2770
f 2770 2752 2763
f 2752 713 2763
f 718 2771 2773
f 717 2772 2771
f 2771 2772 2773
f 2772 673 2773
f 673 2772 2648
f 717 2769 2772
f 2772 2769 2648
f 2769 674 2648
f 673 2646 2773
f 672 2774 2646
f 2646 2774 2773
f 2774 718 2773
f 718 2774 2775
f 672 2652 2774
f 2774 2652 2775
f 2652 675 2775
f 718 2775 2777
f 675 2776 2775
f 2775 2776 2777
f 2776 719 2777
f 719 2776 2778
f 675 2741 2776
f 2776 2741 2778
f 2741 709 2778
f 719 2779 2777
f 720 2780 2779
f 2779 2780 2777
f 2780 718 2777
f 718 2780 2771
f 720 2781 2780
f 2780 2781 2771
f 2781 717 2771
f 721 2782 2784
f 722 2783 2782
f 2782 2783 2784
f 2783 719 2784
f 719 2783 2779
f 722 2785 2783
f 2783 2785 2779
f 2785 720 2779
f 720 2786 2781
f 716 2787 2786
f 2786 2787 2781
f 2787 717 2781
f 717 2787 2767
f 716 2764 2787
f 2787 2764 2767
f 2764 715 2767
f 716 2786 2789
f 720 2788 2786
f 2786 2788 2789
f 2788 723 2789
f 723 2788 2790
f 720 2785 2788
f 2788 2785 2790
f 2785 722 2790
f 710 2791 2744
f 721 2792 2791
f 2791 2792 2744
f 2792 709 2744
f 709 2792 2778
f 721 2784 2792
f 2792 2784 2778
f 2784 719 2778
f 721 2791 2794
f 710 2793 2791
f 2791 2793 2794
f 2793 724 2794
f 724 2793 2796
f 710 2795 2793
f 2793 2795 2796
f 2795 725 2796
f 726 2797 2799
f 727 2798 2797
f 2797 2798 2799
f 2798 728 2799
f 728 2798 2801
f 727 2800 2798
f 2798 2800 2801
f 2800 724 2801
f 722 2782 2803
f 721 2802 2782
f 2782 2802 2803
f 2802 727 2803
f 727 2802 2800
f 721 2794 2802
f 2802 2794 2800
f 2794 724 2800
f 724 2796 2801
f 725 2804 2796
f 2796 2804 2801
f 2804 728 2801
f 728 2804 2806
f 725 2805 2804
f 2804 2805 2806
f 2805 704 2806
f 705 2726 2751
f 704 2807 2726
f 2726 2807 2751
f 2807 712 2751
f 712 2807 2808
f 704 2805 2807
f 2807 2805 2808
f 2805 725 2808
f 710 2742 2795
f 708 2809 2742
f 2742 2809 2795
f 2809 725 2795
f 725 2809 2808
f 708 2748 2809
f 2809 2748 2808
f 2748 712 2808
f 716 2789 2766
f 723 2810 2789
f 2789 2810 2766
f 2810 699 2766
f 699 2810 2711
f 723 2811 2810
f 2810 2811 2711
f 2811 700 2711
f 726 2812 2814
f 703 2813 2812
f 2812 2813 2814
f 2813 723 2814
f 723 2813 2811
f 703 2721 2813
f 2813 2721 2811
f 2721 700 2811
f 726 2814 2797
f 723 2815 2814
f 2814 2815 2797
f 2815 727 2797
f 727 2815 2803
f 723 2790 2815
f 2815 2790 2803
f 2790 722 2803
f 728 2816 2799
f 698 2817 2816
f 2816 2817 2799
f 2817 726 2799
f 726 2817 2812
f 698 2720 2817
f 2817 2720 2812
f 2720 703 2812
f 704 2728 2806
f 695 2818 2728
f 2728 2818 2806
f 2818 728 2806
f 728 2818 2816
f 695 2710 2818
f 2818 2710 2816
f 2710 698 2816
f 706 2819 2732
f 685 2820 2819
f 2819 2820 2732
f 2820 689 2732
f 689 2820 2679
f 685 2677 2820
f 2820 2677 2679
f 2677 678 2679
f 687 2671 2745
f 685 2821 2671
f 2671 2821 2745
f 2821 711 2745
f 711 2821 2750
f 685 2819 2821
f 2821 2819 2750
f 2819 706 2750
f 322 1538 2823
f 187 2822 1538
f 1538 2822 2823
f 2822 623 2823
f 623 2822 2505
f 187 2824 2822
f 2822 2824 2505
f 2824 624 2505
f 628 2583 2513
f 633 2825 2583
f 2583 2825 2513
f 2825 630 2513
f 630 2825 2826
f 633 2521 2825
f 2825 2521 2826
f 2521 635 2826
f 647 2593 2828
f 648 2827 2593
f 2593 2827 2828
f 2827 638 2828
f 638 2827 2527
f 648 2829 2827
f 2827 2829 2527
f 2829 640 2527
f 646 2624 2551
f 641 2830 2624
f 2624 2830 2551
f 2830 648 2551
f 648 2830 2829
f 641 2531 2830
f 2830 2531 2829
f 2531 640 2829
f 628 2510 2586
f 627 2831 2510
f 2510 2831 2586
f 2831 643 2586
f 643 2831 2833
f 627 2832 2831
f 2831 2832 2833
f 2832 729 2833
f 630 2826 2544
f 635 2834 2826
f 2826 2834 2544
f 2834 638 2544
f 638 2834 2828
f 635 2548 2834
f 2834 2548 2828
f 2548 647 2828
f 225 2835 2619
f 322 2836 2835
f 2835 2836 2619
f 2836 660 2619
f 660 2836 2580
f 322 2823 2836
f 2836 2823 2580
f 2823 623 2580
f 660 2582 2618
f 650 2837 2582
f 2582 2837 2618
f 2837 645 2618
f 645 2837 2537
f 650 2557 2837
f 2837 2557 2537
f 2557 644 2537
f 221 2532 1576
f 641 2838 2532
f 2532 2838 1576
f 2838 187 1576
f 187 2838 2824
f 641 2623 2838
f 2838 2623 2824
f 2623 624 2824
f 730 2839 2841
f 43 2840 2839
f 2839 2840 2841
f 2840 731 2841
f 731 2840 2842
f 43 972 2840
f 2840 972 2842
f 972 117 2842
f 298 2843 2845
f 732 2844 2843
f 2843 2844 2845
f 2844 146 2845
f 146 2844 2847
f 732 2846 2844
f 2844 2846 2847
f 2846 733 2847
f 146 2847 1034
f 733 2848 2847
f 2847 2848 1034
f 2848 148 1034
f 148 2848 2850
f 733 2849 2848
f 2848 2849 2850
f 2849 734 2850
f 735 2851 2853
f 736 2852 2851
f 2851 2852 2853
f 2852 281 2853
f 281 2852 1526
f 736 2854 2852
f 2852 2854 1526
f 2854 285 1526
f 41 2855 2857
f 737 2856 2855
f 2855 2856 2857
f 2856 298 2857
f 298 2856 2843
f 737 2858 2856
f 2856 2858 2843
f 2858 732 2843
f 731 2842 2860
f 117 2859 2842
f 2842 2859 2860
f 2859 738 2860
f 738 2859 2861
f 117 1529 2859
f 2859 1529 2861
f 1529 319 2861
f 43 2839 852
f 730 2862 2839
f 2839 2862 852
f 2862 41 852
f 41 2862 2855
f 730 2863 2862
f 2862 2863 2855
f 2863 737 2855
f 739 2864 2866
f 738 2865 2864
f 2864 2865 2866
f 2865 284 2866
f 284 2865 1566
f 738 2861 2865
f 2865 2861 1566
f 2861 319 1566
f 734 2867 2850
f 735 2868 2867
f 2867 2868 2850
f 2868 148 2850
f 148 2868 1365
f 735 2853 2868
f 2868 2853 1365
f 2853 281 1365
f 736 2869 2854
f 739 2870 2869
f 2869 2870 2854
f 2870 285 2854
f 285 2870 1371
f 739 2866 2870
f 2870 2866 1371
f 2866 284 1371
f 740 2871 2873
f 741 2872 2871
f 2871 2872 2873
f 2872 739 2873
f 739 2872 2864
f 741 2874 2872
f 2872 2874 2864
f 2874 738 2864
f 742 2875 2877
f 740 2876 2875
f 2875 2876 2877
f 2876 736 2877
f 736 2876 2869
f 740 2873 2876
f 2876 2873 2869
f 2873 739 2869
f 743 2878 2880
f 742 2879 2878
f 2878 2879 2880
f 2879 735 2880
f 735 2879 2851
f 742 2877 2879
f 2879 2877 2851
f 2877 736 2851
f 744 2881 2883
f 743 2882 2881
f 2881 2882 2883
f 2882 734 2883
f 734 2882 2867
f 743 2880 2882
f 2882 2880 2867
f 2880 735 2867
f 738 2874 2860
f 741 2884 2874
f 2874 2884 2860
f 2884 731 2860
f 731 2884 2886
f 741 2885 2884
f 2884 2885 2886
f 2885 745 2886
f 731 2886 2841
f 745 2887 2886
f 2886 2887 2841
f 2887 730 2841
f 730 2887 2889
f 745 2888 2887
f 2887 2888 2889
f 2888 746 2889
f 747 2890 2892
f 737 2891 2890
f 2890 2891 2892
f 2891 746 2892
f 746 2891 2889
f 737 2863 2891
f 2891 2863 2889
f 2863 730 2889
f 745 2885 2894
f 741 2893 2885
f 2885 2893 2894
f 2893 748 2894
f 748 2893 2896
f 741 2895 2893
f 2893 2895 2896
f 2895 749 2896
f 750 2897 2899
f 751 2898 2897
f 2897 2898 2899
f 2898 752 2899
f 752 2898 2901
f 751 2900 2898
f 2898 2900 2901
f 2900 753 2901
f 751 2902 2900
f 754 2903 2902
f 2902 2903 2900
f 2903 753 2900
f 753 2903 2905
f 754 2904 2903
f 2903 2904 2905
f 2904 755 2905
f 751 2906 2902
f 756 2907 2906
f 2906 2907 2902
f 2907 754 2902
f 754 2907 2909
f 756 2908 2907
f 2907 2908 2909
f 2908 757 2909
f 758 2910 2912
f 759 2911 2910
f 2910 2911 2912
f 2911 756 2912
f 756 2911 2908
f 759 2913 2911
f 2911 2913 2908
f 2913 757 2908
f 760 2914 2916
f 756 2915 2914
f 2914 2915 2916
f 2915 750 2916
f 750 2915 2897
f 756 2906 2915
f 2915 2906 2897
f 2906 751 2897
f 761 2917 2919
f 760 2918 2917
f 2917 2918 2919
f 2918 762 2919
f 762 2918 2920
f 760 2916 2918
f 2918 2916 2920
f 2916 750 2920
f 752 2921 2899
f 763 2922 2921
f 2921 2922 2899
f 2922 750 2899
f 750 2922 2920
f 763 2923 2922
f 2922 2923 2920
f 2923 762 2920
f 757 2924 2909
f 764 2925 2924
f 2924 2925 2909
f 2925 754 2909
f 754 2925 2904
f 764 2926 2925
f 2925 2926 2904
f 2926 755 2904
f 740 2875 2928
f 742 2927 2875
f 2875 2927 2928
f 2927 764 2928
f 764 2927 2926
f 742 2929 2927
f 2927 2929 2926
f 2929 755 2926
f 755 2929 2931
f 742 2930 2929
f 2929 2930 2931
f 2930 765 2931
f 765 2930 2932
f 742 2878 2930
f 2930 2878 2932
f 2878 743 2932
f 753 2905 2934
f 755 2933 2905
f 2905 2933 2934
f 2933 766 2934
f 766 2933 2935
f 755 2931 2933
f 2933 2931 2935
f 2931 765 2935
f 752 2901 2937
f 753 2936 2901
f 2901 2936 2937
f 2936 767 2937
f 767 2936 2938
f 753 2934 2936
f 2936 2934 2938
f 2934 766 2938
f 757 2913 2924
f 759 2939 2913
f 2913 2939 2924
f 2939 764 2924
f 764 2939 2941
f 759 2940 2939
f 2939 2940 2941
f 2940 749 2941
f 740 2928 2871
f 764 2942 2928
f 2928 2942 2871
f 2942 741 2871
f 741 2942 2895
f 764 2941 2942
f 2942 2941 2895
f 2941 749 2895
f 763 2921 2944
f 752 2943 2921
f 2921 2943 2944
f 2943 768 2944
f 768 2943 2945
f 752 2937 2943
f 2943 2937 2945
f 2937 767 2945
f 769 2946 2948
f 770 2947 2946
f 2946 2947 2948
f 2947 766 2948
f 766 2947 2938
f 770 2949 2947
f 2947 2949 2938
f 2949 767 2938
f 770 2950 2949
f 771 2951 2950
f 2950 2951 2949
f 2951 767 2949
f 767 2951 2945
f 771 2952 2951
f 2951 2952 2945
f 2952 768 2945
f 772 2953 2955
f 773 2954 2953
f 2953 2954 2955
f 2954 769 2955
f 769 2954 2946
f 773 2956 2954
f 2954 2956 2946
f 2956 770 2946
f 769 2957 2955
f 774 2958 2957
f 2957 2958 2955
f 2958 772 2955
f 772 2958 2960
f 774 2959 2958
f 2958 2959 2960
f 2959 775 2960
f 771 2950 2962
f 770 2961 2950
f 2950 2961 2962
f 2961 776 2962
f 776 2961 2963
f 770 2956 2961
f 2961 2956 2963
f 2956 773 2963
f 766 2935 2948
f 765 2964 2935
f 2935 2964 2948
f 2964 769 2948
f 769 2964 2957
f 765 2965 2964
f 2964 2965 2957
f 2965 774 2957
f 744 2966 2881
f 774 2967 2966
f 2966 2967 2881
f 2967 743 2881
f 743 2967 2932
f 774 2965 2967
f 2967 2965 2932
f 2965 765 2932
f 768 2968 2944
f 777 2969 2968
f 2968 2969 2944
f 2969 763 2944
f 763 2969 2971
f 777 2970 2969
f 2969 2970 2971
f 2970 778 2971
f 763 2971 2923
f 778 2972 2971
f 2971 2972 2923
f 2972 762 2923
f 762 2972 2919
f 778 2973 2972
f 2972 2973 2919
f 2973 761 2919
f 749 2940 2975
f 759 2974 2940
f 2940 2974 2975
f 2974 779 2975
f 779 2974 2976
f 759 2910 2974
f 2974 2910 2976
f 2910 758 2976
f 780 2977 2979
f 781 2978 2977
f 2977 2978 2979
f 2978 758 2979
f 758 2978 2976
f 781 2980 2978
f 2978 2980 2976
f 2980 779 2976
f 779 2981 2975
f 782 2982 2981
f 2981 2982 2975
f 2982 749 2975
f 749 2982 2896
f 782 2983 2982
f 2982 2983 2896
f 2983 748 2896
f 781 2984 2980
f 783 2985 2984
f 2984 2985 2980
f 2985 779 2980
f 779 2985 2981
f 783 2986 2985
f 2985 2986 2981
f 2986 782 2981
f 781 2977 2988
f 780 2987 2977
f 2977 2987 2988
f 2987 784 2988
f 784 2987 2990
f 780 2989 2987
f 2987 2989 2990
f 2989 785 2990
f 761 2973 2992
f 778 2991 2973
f 2973 2991 2992
f 2991 785 2992
f 785 2991 2990
f 778 2993 2991
f 2991 2993 2990
f 2993 784 2990
f 758 2912 2979
f 756 2994 2912
f 2912 2994 2979
f 2994 780 2979
f 780 2994 2995
f 756 2914 2994
f 2994 2914 2995
f 2914 760 2995
f 780 2995 2989
f 760 2996 2995
f 2995 2996 2989
f 2996 785 2989
f 785 2996 2992
f 760 2917 2996
f 2996 2917 2992
f 2917 761 2992
f 733 2997 2849
f 786 2998 2997
f 2997 2998 2849
f 2998 734 2849
f 734 2998 2883
f 786 2999 2998
f 2998 2999 2883
f 2999 744 2883
f 737 2890 2858
f 747 3000 2890
f 2890 3000 2858
f 3000 732 2858
f 732 3000 3002
f 747 3001 3000
f 3000 3001 3002
f 3001 787 3002
f 786 2997 3004
f 733 3003 2997
f 2997 3003 3004
f 3003 787 3004
f 787 3003 3002
f 733 2846 3003
f 3003 2846 3002
f 2846 732 3002
f 787 3005 3004
f 788 3006 3005
f 3005 3006 3004
f 3006 786 3004
f 786 3006 3008
f 788 3007 3006
f 3006 3007 3008
f 3007 775 3008
f 788 3009 3007
f 789 3010 3009
f 3009 3010 3007
f 3010 775 3007
f 775 3010 2960
f 789 3011 3010
f 3010 3011 2960
f 3011 772 2960
f 790 3012 3014
f 788 3013 3012
f 3012 3013 3014
f 3013 747 3014
f 747 3013 3001
f 788 3005 3013
f 3013 3005 3001
f 3005 787 3001
f 774 2966 2959
f 744 3015 2966
f 2966 3015 2959
f 3015 775 2959
f 775 3015 3008
f 744 2999 3015
f 3015 2999 3008
f 2999 786 3008
f 791 3016 3018
f 790 3017 3016
f 3016 3017 3018
f 3017 746 3018
f 746 3017 2892
f 790 3014 3017
f 3017 3014 2892
f 3014 747 2892
f 746 2888 3018
f 745 3019 2888
f 2888 3019 3018
f 3019 791 3018
f 791 3019 3020
f 745 2894 3019
f 3019 2894 3020
f 2894 748 3020
f 791 3020 3022
f 748 3021 3020
f 3020 3021 3022
f 3021 792 3022
f 792 3021 3023
f 748 2983 3021
f 3021 2983 3023
f 2983 782 3023
f 792 3024 3022
f 793 3025 3024
f 3024 3025 3022
f 3025 791 3022
f 791 3025 3016
f 793 3026 3025
f 3025 3026 3016
f 3026 790 3016
f 794 3027 3029
f 795 3028 3027
f 3027 3028 3029
f 3028 792 3029
f 792 3028 3024
f 795 3030 3028
f 3028 3030 3024
f 3030 793 3024
f 793 3031 3026
f 789 3032 3031
f 3031 3032 3026
f 3032 790 3026
f 790 3032 3012
f 789 3009 3032
f 3032 3009 3012
f 3009 788 3012
f 789 3031 3034
f 793 3033 3031
f 3031 3033 3034
f 3033 796 3034
f 796 3033 3035
f 793 3030 3033
f 3033 3030 3035
f 3030 795 3035
f 783 3036 2986
f 794 3037 3036
f 3036 3037 2986
f 3037 782 2986
f 782 3037 3023
f 794 3029 3037
f 3037 3029 3023
f 3029 792 3023
f 794 3036 3039
f 783 3038 3036
f 3036 3038 3039
f 3038 797 3039
f 797 3038 3041
f 783 3040 3038
f 3038 3040 3041
f 3040 798 3041
f 799 3042 3044
f 800 3043 3042
f 3042 3043 3044
f 3043 797 3044
f 797 3043 3046
f 800 3045 3043
f 3043 3045 3046
f 3045 801 3046
f 795 3027 3048
f 794 3047 3027
f 3027 3047 3048
f 3047 801 3048
f 801 3047 3046
f 794 3039 3047
f 3047 3039 3046
f 3039 797 3046
f 797 3041 3044
f 798 3049 3041
f 3041 3049 3044
f 3049 799 3044
f 799 3049 3051
f 798 3050 3049
f 3049 3050 3051
f 3050 777 3051
f 778 2970 2993
f 777 3052 2970
f 2970 3052 2993
f 3052 784 2993
f 784 3052 3053
f 777 3050 3052
f 3052 3050 3053
f 3050 798 3053
f 783 2984 3040
f 781 3054 2984
f 2984 3054 3040
f 3054 798 3040
f 798 3054 3053
f 781 2988 3054
f 3054 2988 3053
f 2988 784 3053
f 789 3034 3011
f 796 3055 3034
f 3034 3055 3011
f 3055 772 3011
f 772 3055 2953
f 796 3056 3055
f 3055 3056 2953
f 3056 773 2953
f 800 3057 3059
f 776 3058 3057
f 3057 3058 3059
f 3058 796 3059
f 796 3058 3056
f 776 2963 3058
f 3058 2963 3056
f 2963 773 3056
f 800 3059 3045
f 796 3060 3059
f 3059 3060 3045
f 3060 801 3045
f 801 3060 3048
f 796 3035 3060
f 3060 3035 3048
f 3035 795 3048
f 799 3061 3042
f 771 3062 3061
f 3061 3062 3042
f 3062 800 3042
f 800 3062 3057
f 771 2962 3062
f 3062 2962 3057
f 2962 776 3057
f 777 2968 3051
f 768 3063 2968
f 2968 3063 3051
f 3063 799 3051
f 799 3063 3061
f 768 2952 3063
f 3063 2952 3061
f 2952 771 3061
f 232 3064 1206
f 243 3065 3064
f 3064 3065 1206
f 3065 231 1206
f 231 3065 2149
f 243 1237 3065
f 3065 1237 2149
f 1237 245 2149
f 232 1209 3064
f 233 3066 1209
f 1209 3066 3064
f 3066 243 3064
f 243 3066 1233
f 233 1267 3066
f 3066 1267 1233
f 1267 215 1233
f 543 2477 2488
f 612 3067 2477
f 2477 3067 2488
f 3067 223 2488
f 223 3067 1177
f 612 3068 3067
f 3067 3068 1177
f 3068 222 1177
f 90 1848 919
f 321 3069 1848
f 1848 3069 919
f 3069 89 919
f 89 3069 1450
f 321 1535 3069
f 3069 1535 1450
f 1535 303 1450
f 205 1199 3071
f 230 3070 1199
f 1199 3070 3071
f 3070 325 3071
f 325 3070 1546
f 230 1456 3070
f 3070 1456 1546
f 1456 309 1546
f 93 1468 1188
f 206 3072 1468
f 1468 3072 1188
f 3072 225 1188
f 225 3072 2835
f 206 1540 3072
f 3072 1540 2835
f 1540 322 2835
f 222 3068 3074
f 612 3073 3068
f 3068 3073 3074
f 3073 164 3074
f 164 3073 2179
f 612 2485 3073
f 3073 2485 2179
f 2485 521 2179
f 164 1058 3074
f 163 3075 1058
f 1058 3075 3074
f 3075 222 3074
f 222 3075 1175
f 163 3076 3075
f 3075 3076 1175
f 3076 220 1175
f 84 3077 913
f 307 3078 3077
f 3077 3078 913
f 3078 86 913
f 86 3078 1067
f 307 1447 3078
f 3078 1447 1067
f 1447 168 1067
f 114 1462 969
f 310 3079 1462
f 1462 3079 969
f 3079 116 969
f 116 3079 3081
f 310 3080 3079
f 3079 3080 3081
f 3080 802 3081
f 802 3080 3083
f 310 3082 3080
f 3080 3082 3083
f 3082 629 3083
f 629 3082 2512
f 310 3084 3082
f 3082 3084 2512
f 3084 627 2512
f 637 3085 2543
f 803 3086 3085
f 3085 3086 2543
f 3086 629 2543
f 629 3086 3083
f 803 3087 3086
f 3086 3087 3083
f 3087 802 3083
f 803 3088 3087
f 804 3089 3088
f 3088 3089 3087
f 3089 802 3087
f 802 3089 3081
f 804 3090 3089
f 3089 3090 3081
f 3090 116 3081
f 804 3091 3090
f 805 3092 3091
f 3091 3092 3090
f 3092 116 3090
f 116 3092 970
f 805 3093 3092
f 3092 3093 970
f 3093 115 970
f 115 3094 968
f 806 3095 3094
f 3094 3095 968
f 3095 113 968
f 113 3095 1080
f 806 3096 3095
f 3095 3096 1080
f 3096 175 1080
f 805 3097 3093
f 111 3098 3097
f 3097 3098 3093
f 3098 115 3093
f 115 3098 3094
f 111 3099 3098
f 3098 3099 3094
f 3099 806 3094
f 111 3097 963
f 805 3100 3097
f 3097 3100 963
f 3100 109 963
f 109 3100 3102
f 805 3101 3100
f 3100 3101 3102
f 3101 807 3102
f 805 3091 3101
f 804 3103 3091
f 3091 3103 3101
f 3103 807 3101
f 807 3103 3105
f 804 3104 3103
f 3103 3104 3105
f 3104 808 3105
f 804 3088 3104
f 803 3106 3088
f 3088 3106 3104
f 3106 808 3104
f 808 3106 3108
f 803 3107 3106
f 3106 3107 3108
f 3107 809 3108
f 221 1173 2530
f 220 3109 1173
f 1173 3109 2530
f 3109 639 2530
f 639 3109 3111
f 220 3110 3109
f 3109 3110 3111
f 3110 809 3111
f 83 912 3113
f 85 3112 912
f 912 3112 3113
f 3112 810 3113
f 810 3112 3114
f 85 1148 3112
f 3112 1148 3114
f 1148 212 3114
f 175 3096 1498
f 806 3115 3096
f 3096 3115 1498
f 3115 112 1498
f 112 3115 965
f 806 3099 3115
f 3115 3099 965
f 3099 111 965
f 325 1586 3071
f 186 3116 1586
f 1586 3116 3071
f 3116 205 3071
f 205 3116 1135
f 186 1541 3116
f 3116 1541 1135
f 1541 206 1135
f 163 1448 3076
f 307 3117 1448
f 1448 3117 3076
f 3117 220 3076
f 220 3117 3110
f 307 3118 3117
f 3117 3118 3110
f 3118 809 3110
f 637 2526 3085
f 639 3119 2526
f 2526 3119 3085
f 3119 803 3085
f 803 3119 3107
f 639 3111 3119
f 3119 3111 3107
f 3111 809 3107
f 226 2616 3121
f 645 3120 2616
f 2616 3120 3121
f 3120 729 3121
f 729 3120 2833
f 645 2536 3120
f 3120 2536 2833
f 2536 643 2833
f 627 3084 2832
f 310 3122 3084
f 3084 3122 2832
f 3122 729 2832
f 729 3122 3121
f 310 1461 3122
f 3122 1461 3121
f 1461 226 3121
f 84 3123 3077
f 808 3124 3123
f 3123 3124 3077
f 3124 307 3077
f 307 3124 3118
f 808 3108 3124
f 3124 3108 3118
f 3108 809 3118
f 808 3123 3105
f 84 3125 3123
f 3123 3125 3105
f 3125 807 3105
f 807 3125 3126
f 84 910 3125
f 3125 910 3126
f 910 83 3126
f 83 3113 3126
f 810 3127 3113
f 3113 3127 3126
f 3127 807 3126
f 807 3127 3102
f 810 3128 3127
f 3127 3128 3102
f 3128 109 3102
f 810 3114 3128
f 212 3129 3114
f 3114 3129 3128
f 3129 109 3128
f 109 3129 961
f 212 3130 3129
f 3129 3130 961
f 3130 110 961
f 212 1308 3130
f 270 3131 1308
f 1308 3131 3130
f 3131 110 3130
f 110 3131 1309
f 270 3132 3131
f 3131 3132 1309
f 3132 271 1309
f 153 3133 1044
f 287 1377 3133
f 3133 1377 1044
f 1377 45 1044
f 73 896 3135
f 15 3134 896
f 896 3134 3135
f 3134 107 3135
f 107 3134 957
f 15 3136 3134
f 3134 3136 957
f 3136 37 957
f 15 815 3136
f 16 3137 815
f 815 3137 3136
f 3137 37 3136
f 37 3137 845
f 16 3138 3137
f 3137 3138 845
f 3138 38 845
f 127 991 3140
f 128 3139 991
f 991 3139 3140
f 3139 296 3140
f 296 3139 1403
f 128 3141 3139
f 3139 3141 1403
f 3141 297 1403
f 107 956 3135
f 80 3142 956
f 956 3142 3135
f 3142 73 3135
f 73 3142 3143
f 80 949 3142
f 3142 949 3143
f 949 78 3143
f 76 3144 903
f 74 3145 3144
f 3144 3145 903
f 3145 78 903
f 78 3145 3143
f 74 898 3145
f 3145 898 3143
f 898 73 3143
f 149 3146 1104
f 23 3147 3146
f 3146 3147 1104
f 3147 76 1104
f 76 3147 3144
f 23 953 3147
f 3147 953 3144
f 953 74 3144
f 26 832 1038
f 25 3148 832
f 832 3148 1038
f 3148 149 1038
f 149 3148 3146
f 25 828 3148
f 3148 828 3146
f 828 23 3146
f 298 1407 2857
f 24 3149 1407
f 1407 3149 2857
f 3149 41 2857
f 41 3149 850
f 24 3150 3149
f 3149 3150 850
f 3150 42 850
f 28 3151 834
f 42 3152 3151
f 3151 3152 834
f 3152 25 834
f 25 3152 829
f 42 3150 3152
f 3152 3150 829
f 3150 24 829
f 257 3153 1570
f 44 3154 3153
f 3153 3154 1570
f 3154 28 1570
f 28 3154 3151
f 44 853 3154
f 3154 853 3151
f 853 42 3151
f 256 3155 1274
f 118 3156 3155
f 3155 3156 1274
f 3156 257 1274
f 257 3156 3153
f 118 973 3156
f 3156 973 3153
f 973 44 3153
f 256 1287 3155
f 263 3157 1287
f 1287 3157 3155
f 3157 118 3155
f 118 3157 1532
f 263 3158 3157
f 3157 3158 1532
f 3158 320 1532
f 263 1511 3158
f 101 3159 1511
f 1511 3159 3158
f 3159 320 3158
f 320 3159 1568
f 101 3160 3159
f 3159 3160 1568
f 3160 282 1568
f 101 937 3160
f 56 3161 937
f 937 3161 3160
f 3161 282 3160
f 282 3161 1367
f 56 3162 3161
f 3161 3162 1367
f 3162 283 1367
f 20 3163 871
f 280 3164 3163
f 3163 3164 871
f 3164 56 871
f 56 3164 3162
f 280 1524 3164
f 3164 1524 3162
f 1524 283 3162
f 146 1031 2845
f 145 3165 1031
f 1031 3165 2845
f 3165 298 2845
f 298 3165 1408
f 145 3166 3165
f 3165 3166 1408
f 3166 299 1408
f 126 3167 1304
f 14 3168 3167
f 3167 3168 1304
f 3168 268 1304
f 268 3168 3169
f 14 824 3168
f 3168 824 3169
f 824 22 3169
f 127 3170 989
f 16 3171 3170
f 3170 3171 989
f 3171 126 989
f 126 3171 3167
f 16 814 3171
f 3171 814 3167
f 814 14 3167
f 296 3172 3140
f 38 3173 3172
f 3172 3173 3140
f 3173 127 3140
f 127 3173 3170
f 38 3138 3173
f 3173 3138 3170
f 3138 16 3170
f 122 3174 1405
f 40 3175 3174
f 3174 3175 1405
f 3175 296 1405
f 296 3175 3172
f 40 848 3175
f 3175 848 3172
f 848 38 3172
f 124 3176 984
f 317 3177 3176
f 3176 3177 984
f 3177 122 984
f 122 3177 3174
f 317 1528 3177
f 3177 1528 3174
f 1528 40 3174
f 286 3178 1374
f 269 3179 3178
f 3178 3179 1374
f 3179 124 1374
f 124 3179 3176
f 269 1510 3179
f 3179 1510 3176
f 1510 317 3176
f 287 3180 1375
f 270 3181 3180
f 3180 3181 1375
f 3181 286 1375
f 286 3181 3178
f 270 1307 3181
f 3181 1307 3178
f 1307 269 3178
f 153 3182 3133
f 271 3183 3182
f 3182 3183 3133
f 3183 287 3133
f 287 3183 3180
f 271 3132 3183
f 3183 3132 3180
f 3132 270 3180
f 152 3184 1041
f 272 3185 3184
f 3184 3185 1041
f 3185 153 1041
f 153 3185 3182
f 272 1311 3185
f 3185 1311 3182
f 1311 271 3182
f 53 3186 993
f 49 3187 3186
f 3186 3187 993
f 3187 128 993
f 128 3187 3141
f 49 1565 3187
f 3187 1565 3141
f 1565 297 3141
f 53 867 3186
f 54 3188 867
f 867 3188 3186
f 3188 49 3186
f 49 3188 860
f 54 3189 3188
f 3188 3189 860
f 3189 50 860
f 54 941 3189
f 103 3190 941
f 941 3190 3189
f 3190 50 3189
f 50 3190 947
f 103 3191 3190
f 3190 3191 947
f 3191 105 947
f 103 1279 3191
f 259 3192 1279
f 1279 3192 3191
f 3192 105 3191
f 105 3192 1283
f 259 3193 3192
f 3192 3193 1283
f 3193 261 1283
f 259 1410 3193
f 214 3194 1410
f 1410 3194 3193
f 3194 261 3193
f 261 3194 1299
f 214 1162 3194
f 3194 1162 1299
f 1162 216 1299
f 152 1521 3184
f 316 3195 1521
f 1521 3195 3184
f 3195 272 3184
f 272 3195 1500
f 316 3196 3195
f 3195 3196 1500
f 3196 289 1500
f 316 1505 3196
f 67 3197 1505
f 1505 3197 3196
f 3197 289 3196
f 289 3197 1380
f 67 3198 3197
f 3197 3198 1380
f 3198 288 1380
f 208 1140 1186
f 176 3199 1140
f 1140 3199 1186
f 3199 224 1186
f 224 3199 3200
f 176 1378 3199
f 3199 1378 3200
f 1378 288 3200
f 204 1187 1215
f 224 3201 1187
f 1187 3201 1215
f 3201 228 1215
f 228 3201 3203
f 224 3202 3201
f 3201 3202 3203
f 3202 68 3203
f 67 890 3198
f 68 3204 890
f 890 3204 3198
f 3204 288 3198
f 288 3204 3200
f 68 3202 3204
f 3204 3202 3200
f 3202 224 3200
f 228 3203 1194
f 68 3205 3203
f 3203 3205 1194
f 3205 97 1194
f 97 3205 929
f 68 889 3205
f 3205 889 929
f 889 66 929
f 92 1018 923
f 138 3206 1018
f 1018 3206 923
f 3206 64 923
f 64 3206 932
f 138 3207 3206
f 3206 3207 932
f 3207 98 932
f 138 1226 3207
f 239 3208 1226
f 1226 3208 3207
f 3208 98 3207
f 98 3208 1222
f 239 3209 3208
f 3208 3209 1222
f 3209 235 1222
f 239 1227 3209
f 240 3210 1227
f 1227 3210 3209
f 3210 235 3209
f 235 3210 1213
f 240 3211 3210
f 3210 3211 1213
f 3211 234 1213
f 240 1469 3211
f 311 3212 1469
f 1469 3212 3211
f 3212 234 3211
f 234 3212 1265
f 311 3213 3212
f 3212 3213 1265
f 3213 217 1265
f 216 1164 1301
f 217 3214 1164
f 1164 3214 1301
f 3214 267 1301
f 267 3214 1501
f 217 3213 3214
f 3214 3213 1501
f 3213 311 1501
f 18 3215 819
f 147 3216 3215
f 3215 3216 819
f 3216 20 819
f 20 3216 3163
f 147 1364 3216
f 3216 1364 3163
f 1364 280 3163
f 268 3217 1302
f 145 3218 3217
f 3217 3218 1302
f 3218 18 1302
f 18 3218 3215
f 145 1033 3218
f 3218 1033 3215
f 1033 147 3215
f 22 3219 3169
f 299 3220 3219
f 3219 3220 3169
f 3220 268 3169
f 268 3220 3217
f 299 3166 3220
f 3220 3166 3217
f 3166 145 3217
f 22 821 3219
f 21 3221 821
f 821 3221 3219
f 3221 299 3219
f 299 3221 1409
f 21 827 3221
f 3221 827 1409
f 827 24 1409
