v -1 -1 1
v -1 -0.95918367346938771 0.96001665972511452
v -1 -0.91836734693877553 0.92169929196168265
v -1 -0.87755102040816324 0.88504789670970418
v -1 -0.83673469387755106 0.85006247396917956
v -1 -0.79591836734693877 0.81674302374010832
v -1 -0.75510204081632648 0.78508954602249059
v -1 -0.7142857142857143 0.75510204081632648
v -1 -0.67346938775510212 0.7267805081216161
v -1 -0.63265306122448983 0.700124947938359
v -1 -0.59183673469387754 0.67513536026655563
v -1 -0.55102040816326536 0.65181174510620576
v -1 -0.51020408163265307 0.63015410245730941
v -1 -0.46938775510204089 0.61016243231986678
v -1 -0.4285714285714286 0.59183673469387754
v -1 -0.38775510204081642 0.57517700957934204
v -1 -0.34693877551020413 0.56018325697625992
v -1 -0.30612244897959184 0.54685547688463143
v -1 -0.26530612244897966 0.53519366930445655
v -1 -0.22448979591836737 0.52519783423573507
v -1 -0.18367346938775519 0.51686797167846732
v -1 -0.1428571428571429 0.51020408163265307
v -1 -0.10204081632653073 0.50520616409829244
v -1 -0.061224489795918435 0.50187421907538521
v -1 -0.020408163265306145 0.5002082465639317
v -1 0.020408163265306145 0.5002082465639317
v -1 0.061224489795918213 0.50187421907538521
v -1 0.1020408163265305 0.50520616409829233
v -1 0.14285714285714279 0.51020408163265307
v -1 0.18367346938775508 0.51686797167846732
v -1 0.22448979591836715 0.52519783423573507
v -1 0.26530612244897944 0.53519366930445644
v -1 0.30612244897959173 0.54685547688463132
v -1 0.34693877551020402 0.56018325697625992
v -1 0.38775510204081631 0.57517700957934192
v -1 0.42857142857142838 0.59183673469387743
v -1 0.46938775510204067 0.61016243231986667
v -1 0.51020408163265296 0.63015410245730941
v -1 0.55102040816326525 0.65181174510620576
v -1 0.59183673469387732 0.67513536026655552
v -1 0.63265306122448961 0.70012494793835889
v -1 0.6734693877551019 0.72678050812161588
v -1 0.71428571428571419 0.75510204081632648
v -1 0.75510204081632648 0.78508954602249059
v -1 0.79591836734693855 0.8167430237401081
v -1 0.83673469387755084 0.85006247396917933
v -1 0.87755102040816313 0.88504789670970418
v -1 0.91836734693877542 0.92169929196168254
v -1 0.95918367346938771 0.96001665972511452
v -1 1 1
v -0.95918367346938771 -1 0.96001665972511452
v -0.95918367346938771 1 0.96001665972511452
v -0.91836734693877553 -1 0.92169929196168265
v -0.91836734693877553 1 0.92169929196168265
v -0.87755102040816324 -1 0.88504789670970418
v -0.87755102040816324 1 0.88504789670970418
v -0.83673469387755106 -1 0.85006247396917956
v -0.83673469387755106 1 0.85006247396917956
v -0.79591836734693877 -1 0.81674302374010832
v -0.79591836734693877 1 0.81674302374010832
v -0.75510204081632648 -1 0.78508954602249059
v -0.75510204081632648 1 0.78508954602249059
v -0.7142857142857143 -1 0.75510204081632648
v -0.7142857142857143 1 0.75510204081632648
v -0.67346938775510212 -1 0.7267805081216161
v -0.67346938775510212 1 0.7267805081216161
v -0.63265306122448983 -1 0.700124947938359
v -0.63265306122448983 1 0.700124947938359
v -0.59183673469387754 -1 0.67513536026655563
v -0.59183673469387754 1 0.67513536026655563
v -0.55102040816326536 -1 0.65181174510620576
v -0.55102040816326536 1 0.65181174510620576
v -0.51020408163265307 -1 0.63015410245730941
v -0.51020408163265307 1 0.63015410245730941
v -0.46938775510204089 -1 0.61016243231986678
v -0.46938775510204089 1 0.61016243231986678
v -0.4285714285714286 -1 0.59183673469387754
v -0.4285714285714286 1 0.59183673469387754
v -0.38775510204081642 -1 0.57517700957934204
v -0.38775510204081642 1 0.57517700957934204
v -0.34693877551020413 -1 0.56018325697625992
v -0.34693877551020413 1 0.56018325697625992
v -0.30612244897959184 -1 0.54685547688463143
v -0.30612244897959184 1 0.54685547688463143
v -0.26530612244897966 -1 0.53519366930445655
v -0.26530612244897966 1 0.53519366930445655
v -0.22448979591836737 -1 0.52519783423573507
v -0.22448979591836737 1 0.52519783423573507
v -0.18367346938775519 -1 0.51686797167846732
v -0.18367346938775519 1 0.51686797167846732
v -0.1428571428571429 -1 0.51020408163265307
v -0.1428571428571429 1 0.51020408163265307
v -0.10204081632653073 -1 0.50520616409829244
v -0.10204081632653073 1 0.50520616409829244
v -0.061224489795918435 -1 0.50187421907538521
v -0.061224489795918435 1 0.50187421907538521
v -0.020408163265306145 -1 0.5002082465639317
v -0.020408163265306145 1 0.5002082465639317
v 0.020408163265306145 -1 0.5002082465639317
v 0.020408163265306145 1 0.5002082465639317
v 0.061224489795918213 -1 0.50187421907538521
v 0.061224489795918213 1 0.50187421907538521
v 0.1020408163265305 -1 0.50520616409829233
v 0.1020408163265305 1 0.50520616409829233
v 0.14285714285714279 -1 0.51020408163265307
v 0.14285714285714279 1 0.51020408163265307
v 0.18367346938775508 -1 0.51686797167846732
v 0.18367346938775508 1 0.51686797167846732
v 0.22448979591836715 -1 0.52519783423573507
v 0.22448979591836715 1 0.52519783423573507
v 0.26530612244897944 -1 0.53519366930445644
v 0.26530612244897944 1 0.53519366930445644
v 0.30612244897959173 -1 0.54685547688463132
v 0.30612244897959173 1 0.54685547688463132
v 0.34693877551020402 -1 0.56018325697625992
v 0.34693877551020402 1 0.56018325697625992
v 0.38775510204081631 -1 0.57517700957934192
v 0.38775510204081631 1 0.57517700957934192
v 0.42857142857142838 -1 0.59183673469387743
v 0.42857142857142838 1 0.59183673469387743
v 0.46938775510204067 -1 0.61016243231986667
v 0.46938775510204067 1 0.61016243231986667
v 0.51020408163265296 -1 0.63015410245730941
v 0.51020408163265296 1 0.63015410245730941
v 0.55102040816326525 -1 0.65181174510620576
v 0.55102040816326525 1 0.65181174510620576
v 0.59183673469387732 -1 0.67513536026655552
v 0.59183673469387732 1 0.67513536026655552
v 0.63265306122448961 -1 0.70012494793835889
v 0.63265306122448961 1 0.70012494793835889
v 0.6734693877551019 -1 0.72678050812161588
v 0.6734693877551019 1 0.72678050812161588
v 0.71428571428571419 -1 0.75510204081632648
v 0.71428571428571419 1 0.75510204081632648
v 0.75510204081632648 -1 0.78508954602249059
v 0.75510204081632648 1 0.78508954602249059
v 0.79591836734693855 -1 0.8167430237401081
v 0.79591836734693855 1 0.8167430237401081
v 0.83673469387755084 -1 0.85006247396917933
v 0.83673469387755084 1 0.85006247396917933
v 0.87755102040816313 -1 0.88504789670970418
v 0.87755102040816313 1 0.88504789670970418
v 0.91836734693877542 -1 0.92169929196168254
v 0.91836734693877542 1 0.92169929196168254
v 0.95918367346938771 -1 0.96001665972511452
v 0.95918367346938771 1 0.96001665972511452
v 1 -1 1
v 1 -0.95918367346938771 0.96001665972511452
v 1 -0.91836734693877553 0.92169929196168265
v 1 -0.87755102040816324 0.88504789670970418
v 1 -0.83673469387755106 0.85006247396917956
v 1 -0.79591836734693877 0.81674302374010832
v 1 -0.75510204081632648 0.78508954602249059
v 1 -0.7142857142857143 0.75510204081632648
v 1 -0.67346938775510212 0.7267805081216161
v 1 -0.63265306122448983 0.700124947938359
v 1 -0.59183673469387754 0.67513536026655563
v 1 -0.55102040816326536 0.65181174510620576
v 1 -0.51020408163265307 0.63015410245730941
v 1 -0.46938775510204089 0.61016243231986678
v 1 -0.4285714285714286 0.59183673469387754
v 1 -0.38775510204081642 0.57517700957934204
v 1 -0.34693877551020413 0.56018325697625992
v 1 -0.30612244897959184 0.54685547688463143
v 1 -0.26530612244897966 0.53519366930445655
v 1 -0.22448979591836737 0.52519783423573507
v 1 -0.18367346938775519 0.51686797167846732
v 1 -0.1428571428571429 0.51020408163265307
v 1 -0.10204081632653073 0.50520616409829244
v 1 -0.061224489795918435 0.50187421907538521
v 1 -0.020408163265306145 0.5002082465639317
v 1 0.020408163265306145 0.5002082465639317
v 1 0.061224489795918213 0.50187421907538521
v 1 0.1020408163265305 0.50520616409829233
v 1 0.14285714285714279 0.51020408163265307
v 1 0.18367346938775508 0.51686797167846732
v 1 0.22448979591836715 0.52519783423573507
v 1 0.26530612244897944 0.53519366930445644
v 1 0.30612244897959173 0.54685547688463132
v 1 0.34693877551020402 0.56018325697625992
v 1 0.38775510204081631 0.57517700957934192
v 1 0.42857142857142838 0.59183673469387743
v 1 0.46938775510204067 0.61016243231986667
v 1 0.51020408163265296 0.63015410245730941
v 1 0.55102040816326525 0.65181174510620576
v 1 0.59183673469387732 0.67513536026655552
v 1 0.63265306122448961 0.70012494793835889
v 1 0.6734693877551019 0.72678050812161588
v 1 0.71428571428571419 0.75510204081632648
v 1 0.75510204081632648 0.78508954602249059
v 1 0.79591836734693855 0.8167430237401081
v 1 0.83673469387755084 0.85006247396917933
v 1 0.87755102040816313 0.88504789670970418
v 1 0.91836734693877542 0.92169929196168254
v 1 0.95918367346938771 0.96001665972511452
v 1 1 1
v -0.96001390208267479 -0.96001311583198512 0.9216591195898709
v -0.96062782899147481 -0.91978587101921239 0.88446231031455791
v -0.96106631878311921 -0.87935884186049629 0.84853213029118135
v -0.96137204800831211 -0.83877624268871986 0.81397274650934426
v -0.96158408227313275 -0.79808009102402921 0.78087577672365904
v -0.96173434756738796 -0.75730585211671175 0.74931390342349591
v -0.96184643503689704 -0.7164804764745103 0.7193395983789328
v -0.96193622659609868 -0.67562257334916398 0.69098759356673534
v -0.96201349620638466 -0.63474389834497125 0.66427912356615226
v -0.96208372986546042 -0.59385128546834998 0.63922628999668363
v -0.96214969457809263 -0.5529484162660101 0.61583561381284457
v -0.96221257923532377 -0.51203715262877991 0.59411050346128569
v -0.96227272542505704 -0.47111840959077556 0.57405276962869056
v -0.96233005039400432 -0.43019266675724904 0.55566346242857678
v -0.96238427272168914 -0.38926024171587964 0.53894329292918575
v -0.96243502587650664 -0.34832142538287286 0.52389282717585905
v -0.96248191402008132 -0.30737654463376363 0.51051256675056311
v -0.96252454044303037 -0.26642598921240146 0.49880297697697412
v -0.96256252389913632 -0.22547022170852302 0.48876449253451903
v -0.96259550980038333 -0.18450977943522304 0.48039751394159136
v -0.96262316286833449 -0.14354525219207206 0.47370238147672428
v -0.96264499898434241 -0.10257716318549735 0.46867918516772583
v -0.96265862550010317 -0.061604970953561634 0.46532597312917151
v -0.96265195974899542 -0.020625003074138965 0.46363126182045106
v -0.9625779433433318 0.020369924278214858 0.4635499053492364
v -0.96229939627822181 0.061392641932798447 0.46495674213461319
v -0.96149735265696723 0.10251655659261295 0.46754753897851531
v -0.95938609512734052 0.14427174270110402 0.47064998703804156
v -0.95351008695113149 0.19024298147272634 0.47289912407725382
v -0.96354747924172757 0.23952282454928284 0.49317080050459045
v -0.96743720650494736 0.28136334893258885 0.5078832016107423
v -0.96915696694127551 0.32161082411822134 0.52169932209686198
v -0.9691698038077784 0.36162269598636998 0.5353763416975732
v -0.96923482003445482 0.40224291048282712 0.55095308163024082
v -0.96926438514262847 0.44305705785983823 0.56823212920798316
v -0.96923408344043227 0.48395059934300072 0.58715721327749504
v -0.9691620259122824 0.52487840516961104 0.60773185053384948
v -0.96908771902734103 0.56580151808261858 0.62997667553588466
v -0.96900681335316108 0.60671025045328242 0.65388092177132862
v -0.96892839244068008 0.64760237133835463 0.6794502695872634
v -0.96881763948498745 0.68847780050989849 0.70664852299799319
v -0.96865544080070487 0.7293400851309918 0.73545752058905767
v -0.96840507257236819 0.77017789445531526 0.76583089136443439
v -0.96815399383026579 0.81097606515913945 0.79783893427767527
v -0.96807030499264235 0.85159626922427778 0.8315228985448806
v -0.96841538702043051 0.89149632590728567 0.86663018281056248
v -0.96883707759980719 0.92972498610050813 0.90183462106842649
v -0.96619319132716086 0.96590635929665214 0.93348527408047
v -0.91979955148786574 -0.96063685522363418 0.88448399522683763
v -0.92084768544387041 -0.92084152468674951 0.84804976244665453
v -0.92159017774867069 -0.88069280890560764 0.81259390114368757
v -0.92210536507367635 -0.84027311104564717 0.77830385481383102
v -0.92246243323722121 -0.7996580895170875 0.74533951685555522
v -0.92271643449286544 -0.75890996479656447 0.71382473877472796
v -0.92290725541253427 -0.71807511462368168 0.68384733689963628
v -0.92306136505339409 -0.67718511585514585 0.65546468964807303
v -0.92319488455609289 -0.63625972120503016 0.6287115837729782
v -0.9233167915654038 -0.59531034149360207 0.60360776767347568
v -0.92343157831553047 -0.55434310320012958 0.58016389634060117
v -0.9235411452509682 -0.51336110306623794 0.55838558379927916
v -0.92364600127891938 -0.47236586847458856 0.53827586347721801
v -0.92374595578707563 -0.43135820958539939 0.51983654072350227
v -0.9238404884844833 -0.39033867523370208 0.50306887245858123
v -0.92392893681700405 -0.34930777967239846 0.48797387974035089
v -0.92401058932804725 -0.3082661083276842 0.47455247699888509
v -0.92408473426612114 -0.26721436369730511 0.46280551625663824
v -0.92415068826228697 -0.22615338257996295 0.4527337943774315
v -0.92420780154634541 -0.18508412110167255 0.4443380274990763
v -0.92425529958792452 -0.14400753889822029 0.43761865910840664
v -0.92429060644392613 -0.10292374312164738 0.43257418050911028
v -0.92430130509565378 -0.061830339062312306 0.42919362271629191
v -0.92423846137602339 -0.020724286040385242 0.42743209994731968
v -0.92396085153253216 0.020386279541239054 0.42715858365444709
v -0.92313978949209097 0.061463087290191148 0.42807324057644758
v -0.92111095382140129 0.10241763052734815 0.42952722752539729
v -0.91641840859980028 0.14282619419305601 0.4301495168821024
v -0.90565859004985805 0.17797099525663818 0.4262243024940009
v -0.89281523990092759 0.20260780138379467 0.41948666385025379
v -0.89789694325336011 0.23448012789719405 0.43096215112777775
v -0.90876065239421455 0.31304174179603628 0.46218771017493504
v -0.91485198231982978 0.34459995948277727 0.47796219996503558
v -0.91129692222116399 0.39735634900065991 0.49444622504351371
v -0.91623768122890159 0.426823816524879 0.5109103627338164
v -0.91125168700355852 0.4796051811296656 0.53047660565937471
v -0.91601910122240882 0.50918202862027628 0.54924416821864153
v -0.9108619988801786 0.56195910255014814 0.57302222335879571
v -0.91563889527025255 0.59140409907876457 0.59413739364378571
v -0.91047513912792 0.64400034899440828 0.62214783306248544
v -0.91522358364000223 0.67335002319923709 0.64557887659485569
v -0.90975888362781165 0.72576314676841303 0.67750368346565704
v -0.91420959848794614 0.75501253647585631 0.70298959128838923
v -0.90770221069245349 0.80730978809771614 0.73816457764450372
v -0.91216323786842257 0.83680604914584578 0.76625189087316525
v -0.90908147548582685 0.88953880621355386 0.80917339747766126
v -0.91713328582108278 0.91635230500937115 0.84048102200352304
v -0.92979335605071212 0.96797521638912487 0.90105453289692916
v -0.8794007810179254 -0.96109932110252982 0.84860211874543823
v -0.88074258849890974 -0.92161750807453369 0.81266425822725874
v -0.88168704673590026 -0.88166706512831239 0.77750581640118377
v -0.88234022208715213 -0.84136146683822455 0.74337668370385934
v -0.88279311535978089 -0.80080221082093272 0.71048491875248454
v -0.88311663247200622 -0.76007118930196904 0.67898876055389912
v -0.88336136477302485 -0.71922859690117535 0.64899889520379628
v -0.88356051222376386 -0.67831500669314904 0.62058694939825954
v -0.88373413019466995 -0.63735561970738208 0.59379608346559076
v -0.88389331337052945 -0.59636492480731285 0.56865073848130421
v -0.88404357078300255 -0.55535067744705324 0.54516412664119551
v -0.88418719402084822 -0.51431679141025088 0.52334326637468065
v -0.88432474654580062 -0.47326519827228175 0.50319201446103679
v -0.88445592000183781 -0.43219692963993461 0.48471272539600663
v -0.88457999257404607 -0.39111269679503613 0.46790708323564295
v -0.88469606271432033 -0.35001318022797545 0.45277648320414371
v -0.88480316703540141 -0.30889916568170783 0.43932218826438324
v -0.88490034296298403 -0.26777160383170284 0.42754538094824723
v -0.88498665745363736 -0.22663162172716317 0.41744715828638657
v -0.8850611164536355 -0.18548045328016213 0.40902840032541338
v -0.8851215769308437 -0.14431894730767081 0.40228869104852394
v -0.88515912655816276 -0.10314669915663521 0.39722124381984569
v -0.88513882495954876 -0.061964444580731172 0.39379605903815512
v -0.8849579387894434 -0.020788315278459507 0.39192277006552639
v -0.88438468284303362 0.020315445092440567 0.39139249321515224
v -0.88298996673495578 0.061162141726811024 0.39180352276959279
v -0.88009511003809637 0.10126588994746377 0.39247529015903321
v -0.87488039916482629 0.13926888105166421 0.39252349542290788
v -0.86834677761997847 0.1737847807611107 0.39241203765109167
v -0.8653578578745651 0.2078739814971037 0.39640346623883199
v -0.8664620818170865 0.24615385552854219 0.40604641042496742
v -0.86856609362824144 0.29211768955569417 0.42020064794757478
v -0.87534389873367435 0.35588505870648018 0.44662572485340157
v -0.88213615113339494 0.38411720622846607 0.4630057966418602
v -0.87246688483997015 0.43530477120294647 0.47554993434295495
v -0.88224964530145888 0.46727147022996685 0.49847933368506853
v -0.87222428289040699 0.51868926147895589 0.51513856447840378
v -0.88188347416826407 0.55020199032016914 0.54031574592864351
v -0.87173383927730497 0.60128033280722393 0.56097889648451171
v -0.88141490360754837 0.63250467638429597 0.58855160619024949
v -0.87113352314570436 0.6832708888036626 0.61312873443596905
v -0.88062855057757694 0.71428590491921029 0.64291357406195027
v -0.86949543716791944 0.76438261252487738 0.67042983515739274
v -0.87809579908942181 0.79518794877087218 0.70171366241072763
v -0.86032234288668641 0.84715016866912241 0.72927048262467897
v -0.87716878135070897 0.88152199883964588 0.77333393649230964
v -0.86938887738083714 0.93675213268504354 0.81701025269548144
v -0.8923960533389319 0.96897839716473622 0.86798962146197278
v -0.83885837108437222 -0.96144052011715986 0.81411021699591757
v -0.84038780228301846 -0.92218647814653631 0.77847830855507905
v -0.84145910844203398 -0.88237842327773852 0.74349467961703875
v -0.84219851332980666 -0.84215416026056744 0.70945347865430652
v -0.84271183206743472 -0.80163457100982782 0.67659504771930157
v -0.84308016157102839 -0.76091584574654003 0.64509965734828578
v -0.8433606758574238 -0.72006798713955922 0.61509212837516059
v -0.843590568522677 -0.67913784217768702 0.58665265934514621
v -0.84379216039741567 -0.63815436004025594 0.55982936386547388
v -0.84397772899534784 -0.59713412266192234 0.53464944880693532
v -0.84415332483079264 -0.55608597964967132 0.51112765788468151
v -0.844321419104066 -0.51501438465867588 0.48927188945077921
v -0.84448255900731928 -0.47392153075014493 0.469086558350368
v -0.84463631759527402 -0.43280859157853191 0.4505744287100088
v -0.84478180301083827 -0.39167638714168096 0.4337375301937329
v -0.84491791964373042 -0.35052571772772884 0.4185775767024798
v -0.84504350143359497 -0.30935752198888378 0.40509613627222962
v -0.84515737948458447 -0.26817294138594511 0.39329467920451194
v -0.84525836215792716 -0.2269733073208148 0.38317451646216294
v -0.8453446635597015 -0.18575991591011246 0.37473622507364468
v -0.84541069375000988 -0.14453365818121533 0.36797684370868666
v -0.8454355724795759 -0.10329677808074116 0.36288032524727415
v -0.84535682932221301 -0.062063153911521979 0.35939555723105909
v -0.84503204923717901 -0.02088493989605221 0.35740219968343512
v -0.8442079817142667 0.020099991372057563 0.35667639582172461
v -0.84253649279540666 0.060596374942377032 0.35688402620462306
v -0.83973051157276846 0.10007927059677713 0.35767635562420907
v -0.83607253417541227 0.13807292188016418 0.35914019409270154
v -0.83289050190765646 0.17518112229630273 0.36240582410627131
v -0.83128432638348393 0.21322453558847898 0.36851199589753569
v -0.83016518240146386 0.25350482437885857 0.37700316294945357
v -0.82577929623070601 0.29351614908529966 0.38437296913148655
v -0.81912126463108936 0.3314168973815399 0.3907990529879477
v -0.8354508478360666 0.39341133676656198 0.42650011319863446
v -0.84268271749307277 0.42280545739502401 0.4446440569961963
v -0.83301236544755819 0.47545241603018495 0.46015671700487781
v -0.8429513361862514 0.5074442357617337 0.48419336573390431
v -0.83279312150872387 0.55934532391327973 0.50341370369267746
v -0.84254726915445355 0.59066072608251996 0.52950803669516155
v -0.8322234670938613 0.64197380779871516 0.55259180596932667
v -0.84191564047127398 0.67289729060940107 0.58091017899434516
v -0.83127734006122789 0.72354163096001889 0.60750979739003752
v -0.84055701050737475 0.75383731007582178 0.63749910145686262
v -0.82939802549753794 0.80160953333661866 0.66546223045187303
v -0.83697373937935571 0.82617623370682525 0.69171069292298681
v -0.84382001183718858 0.87705202692541517 0.74075579165907479
v -0.84799244013128283 0.92249952578844907 0.78529045102763195
v -0.85343883337144322 0.96863760527119958 0.83365796196430297
v -0.79820754035211194 -0.96169384313972173 0.7810873378403852
v -0.79984675793884785 -0.9226074865541315 0.74562970439531617
v -0.80099089601695883 -0.88290389423479343 0.71073842239210905
v -0.80177977049480587 -0.84273950542996912 0.6767372979361499
v -0.80232846058480767 -0.80224961824014951 0.64388714473007747
v -0.80272402437000068 -0.76154083778516091 0.61238156090011264
v -0.80302726575617345 -0.72069020496117675 0.58235358701941509
v -0.80327746860180504 -0.67974901805987731 0.55388825595472435
v -0.80349808279573798 -0.63874885922142433 0.52703642379793403
v -0.80370194194494016 -0.59770776399426306 0.50182683018894181
v -0.80389532329725411 -0.55663532865439247 0.47827509561701148
v -0.80408074039862598 -0.51553636387068658 0.45638966212101695
v -0.80425868129669165 -0.47441322657649637 0.43617533102685357
v -0.80442860460268506 -0.43326717486150662 0.41763518514034442
v -0.80458947431930061 -0.39209909602761489 0.40077154676088789
v -0.80474003563113083 -0.35090987336238261 0.38558641322059051
v -0.80487895526064002 -0.30970055857450868 0.37208162858528487
v -0.80500486916846703 -0.26847243140300836 0.3602589052530859
v -0.80511614161319278 -0.22722693263337024 0.35011956432747998
v -0.80520927125453379 -0.18596553550990499 0.34166317536807145
v -0.80527285588764641 -0.14469074166113655 0.33488278561888901
v -0.80527282710424808 -0.10341196134914066 0.32975337682672778
v -0.80512955786760265 -0.062161524171800348 0.3262130746181483
v -0.80469982165179454 -0.02102236981856808 0.32414487408568804
v -0.80379043285125962 0.019840910937948208 0.32337744622593456
v -0.80224140121085785 0.060177678916374731 0.32373617613789513
v -0.80011009340369554 0.099763449877700069 0.32518509756237923
v -0.79782766701089902 0.1387033069982149 0.32799708438102343
v -0.79589310851259165 0.17759610941626458 0.33259918489863449
v -0.79412654085269596 0.2170583289197684 0.33903465232753288
v -0.7914800823069662 0.25679760547837993 0.34641103926566369
v -0.78732952527322819 0.29586836049771564 0.35400802638908113
v -0.78231781965182512 0.33389210372820616 0.36211877947297455
v -0.7772909744651556 0.37139634954317796 0.37146496241199611
v -0.79498678616075591 0.43350130074358134 0.41007071971383097
v -0.80256201484825596 0.46311950605015062 0.42951452587448735
v -0.79287209804938008 0.51622403504811643 0.44772897426874048
v -0.802987547395416 0.54823723358163323 0.47284874155685797
v -0.79266832362952955 0.60024988340503416 0.49450884931427913
v -0.80254454964162492 0.63149757725056022 0.52156966091458079
v -0.79199679178004379 0.68273281237517303 0.54690999238295712
v -0.80175038711720259 0.71338144100376799 0.5759784420916263
v -0.79128781893219935 0.76343845052122894 0.6047065030080313
v -0.80131187774346191 0.79269462291275505 0.63538886640597048
v -0.79509796294714008 0.84215820261335606 0.67081798749931765
v -0.80992810433020335 0.87243048718840377 0.70883841196207142
v -0.80171637834410547 0.92799256188853485 0.75221130197884389
v -0.81033377754944791 0.96434378462398918 0.79358216802688075
v -0.75747686152794336 -0.96188548064215795 0.74959457169320531
v -0.75916988339958813 -0.92292587399689052 0.71422292498085138
v -0.76034863529885666 -0.8833016395195481 0.6793700515329516
v -0.76116119382360203 -0.8431833854999613 0.64537840493897014
v -0.76172768663186696 -0.80271719264662866 0.61252088717031583
v -0.76213806513982718 -0.76201737636016564 0.58099851398291824
v -0.7624546908053953 -0.7211661532420216 0.55094865830844331
v -0.76271763302511875 -0.68021807715448424 0.52245878768519016
v -0.76295070491421435 -0.63920664283525641 0.49558110308869185
v -0.76316687938252714 -0.59815092900196176 0.47034510414125341
v -0.76337245401024856 -0.55706105452724597 0.44676687887482897
v -0.76356989703069766 -0.51594206678093379 0.42485520256146136
v -0.76375961268128301 -0.47479641960655727 0.40461515546433169
v -0.76394095185280375 -0.43362541354344331 0.38605008252801015
v -0.76411275562502168 -0.39242997138319491 0.36916256681770981
v -0.76427363622844391 -0.35121102964401263 0.35395486830628137
v -0.76442211082971334 -0.30996971913678478 0.34042908378515851
v -0.76455655662071298 -0.26870741192548725 0.32858708580118778
v -0.76467451734696579 -0.22742570931536885 0.31842993268533415
v -0.76476982945393968 -0.18612693403731942 0.30995569351167102
v -0.76482504534472673 -0.14481705276712856 0.30315390217267624
v -0.76479854402001468 -0.103514125012271 0.29799585244434607
v -0.76461265954291269 -0.062263473835276653 0.29442416199109434
v -0.7641578751980016 -0.021153857836096246 0.29235112106897809
v -0.76333095887572822 0.019682494098561869 0.29167940251003999
v -0.76211123527981672 0.060115995284274956 0.29235422225276042
v -0.76062607965217355 0.10012756116440974 0.2944234745108586
v -0.75907991265162833 0.13989425368346134 0.29801570509798814
v -0.75750606939741305 0.17968279312928498 0.30317032741551975
v -0.75558671109790732 0.21954119983042605 0.30965332943823914
v -0.75287578931773491 0.2591623648766242 0.31714300828985403
v -0.74935029726152858 0.29822191777367063 0.32546195750190521
v -0.74529938592347678 0.33667396247168496 0.33471907677918117
v -0.74083750747242494 0.37455361433494261 0.34493696419191044
v -0.73619161237051955 0.41215842685724069 0.35633372034222927
v -0.75430005236292319 0.47434961447235147 0.39709306080286622
v -0.76202723333881461 0.50401448887203371 0.41758256867571192
v -0.75228116590684935 0.55724414826327628 0.43838523451765821
v -0.76250570433126608 0.58923834972552958 0.46448173148198413
v -0.75206989666357693 0.64124143399011557 0.4885955294506667
v -0.76202380255249968 0.67239569295502022 0.51653676255986092
v -0.75147206261050781 0.72347574765794576 0.54427652532842641
v -0.76155316737773537 0.75385265705964244 0.5742640919244284
v -0.75220675084867972 0.80426695358883349 0.60652059039199691
v -0.76392372679992626 0.83421876698919029 0.63993950962110591
v -0.75680586734670152 0.88610538856082444 0.67914025103569176
v -0.76925778242453591 0.91652233993922128 0.71611001906849103
v -0.76979807401408451 0.96842655214063811 0.76555737794627499
v -0.71668834286749539 -0.96203494502664566 0.71967697939230835
v -0.71839537139149745 -0.92317483780132736 0.68433382737975557
v -0.71958188637075327 -0.88361368227831605 0.64948502563517618
v -0.72040009177317799 -0.8435329383569099 0.61548377718717473
v -0.72097205576498125 -0.80308691144094435 0.58260935143426817
v -0.72138843999303914 -0.76239579582857819 0.55106629736798574
v -0.72171172551227347 -0.72154575758462669 0.5209938359778975
v -0.72198187821129034 -0.68059383397323747 0.49248036674890866
v -0.72222255963367343 -0.63957497233114624 0.46557857218202303
v -0.72244660517600179 -0.59850903305171443 0.44031823828258526
v -0.72266019785088587 -0.55740651347535808 0.41671567076099708
v -0.72286570536624561 -0.5162726181613112 0.39477984998066129
v -0.7230634351555949 -0.4751098513628641 0.37451607031120271
v -0.72325263843628018 -0.4339195250151695 0.35592790594250351
v -0.72343205079089179 -0.39270257238221745 0.33901818347759527
v -0.72360016874751409 -0.35145995873492453 0.32378941327564276
v -0.72375534652613926 -0.31019286725314016 0.3102439147016125
v -0.72389556377395525 -0.26890277584663785 0.29838362296045429
v -0.72401718131386505 -0.22759170441289381 0.28820917535711771
v -0.72411134610072259 -0.18626354148465291 0.27971743017457501
v -0.72415720767182168 -0.14492811586579732 0.2728967662442674
v -0.72411435601860963 -0.10360906446173264 0.26772127820432184
v -0.72392192306718761 -0.062353008219833299 0.26414804743923626
v -0.72351379579334352 -0.021231634724946109 0.2621237134454405
v -0.72285201562019286 0.019675951681452732 0.26160389652395677
v -0.72195925299548691 0.060325970958217318 0.26257728756265897
v -0.72090623170529455 0.10075234000997574 0.26506707678887753
v -0.71972754620658219 0.1410502530869106 0.26908295123530312
v -0.71832861377028734 0.18127593018998456 0.27454887102259923
v -0.71651537849531888 0.22135441155400487 0.28129812133577875
v -0.71415140509604302 0.2611205438205661 0.28917747632507307
v -0.71120533441139278 0.30043150922760076 0.29819412847126803
v -0.70779707477311626 0.33926636013540046 0.30827769800839888
v -0.70398488184665298 0.3776599309883325 0.31942310382683592
v -0.69970744472215562 0.41557383256083807 0.33151810029851414
v -0.69516563836628864 0.45323206796640592 0.34474390786589859
v -0.71342430290839909 0.51542615171223993 0.38742932358466747
v -0.72122371022175558 0.545091029244404 0.40886488800022802
v -0.71143463034137489 0.59831611054681766 0.43222606274575281
v -0.72171893762558725 0.63028341267131249 0.45923732719632032
v -0.71124751897339922 0.68222784677083592 0.48585171150766165
v -0.72131703121198143 0.71330683971606101 0.51469072804035509
v -0.71103385153645626 0.76443095488450152 0.54516986033097792
v -0.72167128499747935 0.79493172479707164 0.57650604677538564
v -0.71277481922574837 0.84604636637207775 0.61209757218818528
v -0.7247389916646475 0.87659788357150314 0.64701292198525251
v -0.71663342673614427 0.92788119825807147 0.68745755336786829
v -0.72720151541449707 0.96395738957112331 0.72928415387857348
v -0.67585820794934393 -0.96215614139179062 0.69136652186468084
v -0.67755097524615326 -0.92337768991412827 0.656015509298849
v -0.67872629951204355 -0.88386920393066393 0.62114952880532104
v -0.67953740792348849 -0.84382062700221916 0.58712710202877916
v -0.68010605879377484 -0.80339273868391115 0.55423009653098487
v -0.68052208291045579 -0.76271039668104235 0.5226641185959684
v -0.68084708360520252 -0.72186292025357235 0.49256869330011199
v -0.68112031432948583 -0.68090933576603596 0.46403223534324839
v -0.68136493596527492 -0.63988575065853859 0.43710738873416766
v -0.68159346073731508 -0.59881264030202386 0.41182394287061302
v -0.68181186836886787 -0.55770078714055249 0.38819827266112955
v -0.68202239167601675 -0.51655549953194235 0.36623948810326468
v -0.68222523575835181 -0.47537929904418796 0.34595306057866687
v -0.68241956092972289 -0.43417348530554928 0.32734277620503976
v -0.68260401119133818 -0.39293898183526393 0.31041169714424321
v -0.68277697214717459 -0.35167676346631693 0.29516257433339621
v -0.68293659249811867 -0.31038806255013296 0.28159791925912953
v -0.68308032473046121 -0.26907455072407638 0.26971968463043094
v -0.68320335095934726 -0.22773892869243928 0.25952822689272254
v -0.68329525837411931 -0.1863867622570855 0.25102016408048927
v -0.68333561817735489 -0.14503033240058755 0.24418535201353747
v -0.68329171885928175 -0.10369376497763259 0.23900456914743329
v -0.68312341036578184 -0.062415761617822585 0.23545068344293452
v -0.68279725849439166 -0.021244004600833345 0.23349527076323959
v -0.68230321264033778 0.019781981776609694 0.23311834746305821
v -0.68165648534997869 0.060651678762915266 0.23431219038393589
v -0.68087024729529066 0.10138675143431509 0.2370685694606747
v -0.67991299974725816 0.14201066993424036 0.24135201771745055
v -0.67869633759051151 0.18250379300609626 0.24708437537866798
v -0.67711972214748317 0.22279175103881521 0.25416468767460493
v -0.67512832713907978 0.26278350505448084 0.2625074943714043
v -0.67270497183734534 0.30240852307568428 0.27207565292414698
v -0.66983721340469571 0.34162498634372934 0.28285661803916984
v -0.66654577803068826 0.380427948586885 0.2947443692652027
v -0.66282856708311588 0.41882369321764196 0.30768946794652852
v -0.65861020133099657 0.45674364193121486 0.32156203318985932
v -0.65409838944359222 0.49440112340916925 0.33654393826602896
v -0.67242668499188252 0.55654793759768328 0.38106989273273356
v -0.68026619947531253 0.58619793903681416 0.40340985451244471
v -0.67046315035086024 0.63937752417120264 0.42933368498567043
v -0.68079488984154723 0.67131988485658056 0.4572402606960167
v -0.67037669500327091 0.72323635628006055 0.48643881309585824
v -0.68062690831540407 0.75433247648562329 0.51627110277971788
v -0.67064451096092792 0.80560177639644071 0.54958353807736737
v -0.68168440414239695 0.83630037977645888 0.58218865541986364
v -0.67319727711665323 0.88718772785971634 0.62030406988107478
v -0.68531952097572835 0.91702795374165769 0.65549962107979065
v -0.68729680433158147 0.96842226874632076 0.7054417543139363
v -0.63499797306094152 -0.96225858518819762 0.66468513707713328
v -0.63665615116878371 -0.92355017617222535 0.62930401587873752
v -0.6378066464629536 -0.8840877186024706 0.59440813950888705
v -0.63860142083011129 -0.84406799707166391 0.56035775336738813
v -0.6391603024003748 -0.80365708876286091 0.52743492217367549
v -0.63957119809298213 -0.76298371599999892 0.49584478042557018
v -0.63989413280541141 -0.72213983575897567 0.46572622678788761
v -0.64016722240451363 -0.68118614618220341 0.43716714880042828
v -0.64041288482747794 -0.6401597272698708 0.41021984830014274
v -0.64064318156009092 -0.59908156157268089 0.38491395426824798
v -0.64086382958202048 -0.5579626548250286 0.36126582557457204
v -0.64107690569856768 -0.51680838221315406 0.33928465933982194
v -0.64128251198271302 -0.47562125814273348 0.31897608428352703
v -0.64147972693957078 -0.43440255114909571 0.3003440907871604
v -0.64166711270197241 -0.39315315873928475 0.28339197346155437
v -0.64184293787847924 -0.35187405575951036 0.26812271710676533
v -0.64200510656371801 -0.31056654707504228 0.25453901707569471
v -0.6421505522908485 -0.2692325868917102 0.24264290737182992
v -0.64227373301384727 -0.22787559064178101 0.23243484409124521
v -0.64236427893726644 -0.18650222353957857 0.2239122361132975
v -0.64240502832201829 -0.14512511035244707 0.21706794155230483
v -0.64237285709080805 -0.10376506024990295 0.21188986573588442
v -0.64224408037180458 -0.062450054852622998 0.20836273584927267
v -0.64200255390682204 -0.021208875451993268 0.20647166777184184
v -0.64164363410027203 0.019938694354191065 0.20620458903341379
v -0.64116650117784391 0.060987092598098383 0.20754927485275837
v -0.64055623553008856 0.10193753938750011 0.21048393795548886
v -0.63977070427742966 0.14277916517874137 0.21496773797149504
v -0.63874836131775925 0.18347532395488822 0.22094117348461587
v -0.63743252060753031 0.22396894964186159 0.22833776661271124
v -0.63578716156856141 0.26420160655515895 0.23709488296290621
v -0.63379168715747158 0.3041273475003512 0.24715398827495058
v -0.63140494488113164 0.34370116054138949 0.25848687165335815
v -0.62859809124575339 0.38289139008391376 0.27103265313838798
v -0.62535812653561262 0.42167877936425396 0.28468206988101602
v -0.62167677014977085 0.46005836889116963 0.29937849803616989
v -0.61748241985629493 0.49795445049224085 0.31499108328514314
v -0.6129852884505913 0.53558503791907519 0.33170500305342404
v -0.63136353035299342 0.59766303285782496 0.37803792083294585
v -0.63923276468694401 0.62729391771213239 0.40126573680381628
v -0.62944573880234678 0.68042494185070523 0.42976809211275491
v -0.6398374492890454 0.71235896831851553 0.45858190824817574
v -0.62954261978312231 0.76427145432488053 0.49042111579929915
v -0.64001759138704939 0.79541379535536993 0.52128616003606509
v -0.6305226271430604 0.84663455097762252 0.55736866631080628
v -0.64203021892718182 0.87728330474187577 0.59106723216851376
v -0.63417658189086901 0.92812658180960961 0.63198092286703134
v -0.64502740285973792 0.96406019538578647 0.67299981142500587
v -0.59411555134137484 -0.96234853394544717 0.63964748534423699
v -0.59572412045170942 -0.92370252371416439 0.60422321762421471
v -0.59683962687765257 -0.88428177819295084 0.56929019795674773
v -0.59761108816220176 -0.84428880225061576 0.53520810271978503
v -0.59815522587181469 -0.80389418406611712 0.50225771878432202
v -0.59855723281874262 -0.76322998312015322 0.47064279917254348
v -0.59887504914432632 -0.72239045582613204 0.44050107718428011
v -0.59914534579524736 -0.6814377639993151 0.41191960564009683
v -0.59938962290838649 -0.64040983651251071 0.38495017464679088
v -0.59961940000895719 -0.59932809093696615 0.35962216230341826
v -0.59984009017507589 -0.55820371367272692 0.33595186493808527
v -0.60005360149040732 -0.51704211993911864 0.31394854435374253
v -0.60025993550210266 -0.47584579804366334 0.2936179773791916
v -0.60045809787097337 -0.4346159701939733 0.27496435640959349
v -0.60064657530038257 -0.39335349624880156 0.25799120866946601
v -0.60082351470250173 -0.35205935137384248 0.2427017553204526
v -0.60098658621651102 -0.31073493771712257 0.22909890583444201
v -0.60113238311519346 -0.2693825008382893 0.21718492242998788
v -0.60125528974082132 -0.22800595037622198 0.20696075582683296
v -0.60134621409570088 -0.18661221260538785 0.19842520570483979
v -0.60139223707728451 -0.1452126778367806 0.19157432662041912
v -0.60137830195775499 -0.10382356443862847 0.18640159592788699
v -0.60129076296111517 -0.062463942053308075 0.18289893968983242
v -0.60112029830324809 -0.021151532270921716 0.18105776287726993
v -0.60086051197295109 0.020100923892705097 0.1808683684299201
v -0.60050006256771682 0.061284574295142558 0.18231856248912606
v -0.60001387985435706 0.10238804640340729 0.18539045773782034
v -0.59937230721941592 0.14338956820381693 0.19003998431838301
v -0.59853418576269224 0.18425416299968611 0.19622232109163004
v -0.59746193435389883 0.22493895453730003 0.20388719232326685
v -0.59612448314503308 0.26540107179546629 0.21298131006867493
v -0.59448443776675386 0.30559730462579132 0.22346183860492339
v -0.59251346922047132 0.34549253923029188 0.23526070408606486
v -0.59015097748753176 0.3850363273217573 0.24835034644343337
v -0.58737386558264115 0.42420099680783929 0.26263803434030242
v -0.58415799938914936 0.46295982085695864 0.27802393254715296
v -0.58049624867567762 0.50130654438169553 0.29445120757013898
v -0.57632055181880493 0.53916449275849887 0.31178982127019067
v -0.57183892865289354 0.57675861170392029 0.33022733251543041
v -0.59026805680602934 0.63876157597129513 0.37835315496079264
v -0.59816816460792055 0.66837466517230792 0.4024650882814752
v -0.58843007039915129 0.72146003440849915 0.43356166484141118
v -0.5989191357071546 0.75339147409434837 0.46330432727694626
v -0.5889088616935394 0.80525606274940109 0.49782792221256239
v -0.59974830212219865 0.83636567560690245 0.52974041162397367
v -0.59115740798836947 0.88728217290782796 0.56853324804219907
v -0.60317963177019807 0.91718131636213318 0.60271427604287819
v -0.60541933741991361 0.96848224446637687 0.65257670345364083
v -0.55321623382884422 -0.9624299283040858 0.61626316709053897
v -0.55476363576448617 -0.92384108918661823 0.58078863944003023
v -0.55583621553430596 -0.88445910066837485 0.54581470585342939
v -0.55657880226504719 -0.84449142424706602 0.51169907030741635
v -0.55710413701768902 -0.80411262624971802 0.47872037627560043
v -0.55749410750971984 -0.76345774571750435 0.4470804823112573
v -0.55780418748112492 -0.72262310788375272 0.41691566327823537
v -0.5580693697774175 -0.68167219507157273 0.38831197514529653
v -0.55831010378328394 -0.64064369884087979 0.36132060898507501
v -0.55853729829770671 -0.59955942054145872 0.33597064617259387
v -0.55875603271206076 -0.55843069605412188 0.31227829732078405
v -0.55896803906328285 -0.51726296014035222 0.29025287830638602
v -0.55917322299697225 -0.47605865981223083 0.26990031065848791
v -0.55937052634316131 -0.43481895881231347 0.25122498948042121
v -0.55955836794759339 -0.39354467201844656 0.23423067863480876
v -0.55973478616475858 -0.35223677678992077 0.21892085120648019
v -0.5598972911748058 -0.31089677118281217 0.2052986889209322
v -0.56004239683143309 -0.26952711010609065 0.19336683298021842
v -0.56016494212439294 -0.22813187522545664 0.18312696510921933
v -0.56025761612611558 -0.18671760678700064 0.17457937386533151
v -0.56031128082712145 -0.1452938576032172 0.16772272781144182
v -0.56031631460046327 -0.10387282466186495 0.16255418329130525
v -0.56026421364866474 -0.062467785556784741 0.15906963227617568
v -0.56014782052027012 -0.021091165491780885 0.15726353351603717
v -0.55995901748571908 0.020246079133052146 0.15712776842582532
v -0.55967963316287994 0.061531843999832664 0.15865918289189437
v -0.55929303623983173 0.10275031548452537 0.1618320026961681
v -0.55877542609070519 0.14387825030744511 0.16661397697499622
v -0.55809749758657345 0.18488554732342768 0.17297113072772108
v -0.55723022168398428 0.22573793163353986 0.18086371010035315
v -0.55614467581220672 0.26639990554734955 0.19024607680959166
v -0.55480991603370677 0.30683608934010553 0.20106568048350204
v -0.5531912159423652 0.34701125352287648 0.21326208824660645
v -0.55123749826277602 0.38688103580350147 0.2267917206144178
v -0.54888587384299581 0.4263891783924495 0.2416251553938264
v -0.5461267813778421 0.46551881839221032 0.25764048550694446
v -0.54292893899621886 0.50423890878321698 0.27475069763025656
v -0.53928590273026189 0.54254454548206876 0.29289962141712172
v -0.5351316665570589 0.5803590445223783 0.31195766442248907
v -0.53067002632320681 0.61791376732985692 0.33211447376537073
v -0.54916024571312128 0.67984134905879645 0.38202658915888027
v -0.55710509043250989 0.70943733015921007 0.40702656231513862
v -0.54749594527755152 0.76246628282870454 0.44074221279077402
v -0.55818909858632881 0.79437124542032522 0.47145135453273168
v -0.54878736672938599 0.84611205688789992 0.50872707967036057
v -0.56020665341573805 0.87708181243971628 0.54170674655865425
v -0.55240506020344826 0.92805553262957963 0.58339729826997233
v -0.56327241669637607 0.96405592642452231 0.62360237178588285
v -0.51230348660639513 -0.96250511861397414 0.59453839271829001
v -0.51378038092086087 -0.92396960262197414 0.55901028305002343
v -0.5148034921399417 -0.88462415013121409 0.52399388449362072
v -0.51551251634298489 -0.84468064878213978 0.48984411537467998
v -0.51601554082487011 -0.80431726815419835 0.45683700316247955
v -0.51639068583910941 -0.7636717708207218 0.42517224949071614
v -0.51669065592891494 -0.72284238253534638 0.39498453079791279
v -0.5169485788679109 -0.68189379969189823 0.36635883372112493
v -0.51718374620723284 -0.64086541135027664 0.33934571331330632
v -0.51740640109722402 -0.59977936322741721 0.31397393541947805
v -0.51762126657042984 -0.55864711623525276 0.29025961561245089
v -0.51782989480739472 -0.51747410822673401 0.26821211989399424
v -0.51803210177953696 -0.47626273255381485 0.24783751401516715
v -0.51822677590432009 -0.43501408504081118 0.22914039824077392
v -0.51841228262340655 -0.39372892988138042 0.21212478106871005
v -0.51858658847514494 -0.35240824093704121 0.19679441158842362
v -0.51874715224725765 -0.3110535797919004 0.18315280238228079
v -0.51889063460228868 -0.26966748882123404 0.17120306781119632
v -0.51901258384094606 -0.22825396084038724 0.16094767213140901
v -0.51910737598315404 -0.18681886666297445 0.15238818894935266
v -0.51916862469429903 -0.14537006127895233 0.14552515280378436
v -0.51918990760379435 -0.10391693403838258 0.14035798454582193
v -0.51916517513132965 -0.062469558783995738 0.13688482575550903
v -0.519088130183608 -0.021038103360909076 0.13510204580728269
v -0.51895051450225416 0.020366995362517661 0.13500331340102947
v -0.51873210492106547 0.061731985790631626 0.13659482335876769
v -0.51842532768872929 0.10304074241884945 0.13984500031094663
v -0.51801108635609705 0.14427187361858698 0.14473165284304609
v -0.51746737497740436 0.18539995128642001 0.15122840976741314
v -0.51677045559557078 0.22639644680572266 0.15930307003353691
v -0.51589411816369368 0.26723072428929689 0.16891686105914344
v -0.51480850969178582 0.30787042646440127 0.18002351340917358
v -0.51347963097881411 0.34828155896634883 0.19256867341746309
v -0.51186994725864943 0.38842881375853344 0.20649002511073811
v -0.50993194885284931 0.42827007464049843 0.22173454602192391
v -0.50759192473029291 0.46773708341584108 0.23829599308833865
v -0.50485014899165925 0.50682484608910439 0.25603073478341443
v -0.50167215743445248 0.54550095998544534 0.27485825912718598
v -0.49805135297713976 0.58376214945969185 0.29472305712611979
v -0.49392336792109776 0.6215315135776005 0.31549571246742347
v -0.48948920868092166 0.65904569650756761 0.33736899688989164
v -0.50807236440953818 0.72089637778513938 0.38906885087821858
v -0.51610976961421007 0.75046876954963671 0.41497324280469089
v -0.50682050561563052 0.80341309715091846 0.45135801125355346
v -0.51791018550214507 0.83523728053485702 0.48308315126116302
v -0.50948299069173208 0.88667774031945279 0.52304423372853692
v -0.52148406319631613 0.91687474308108363 0.55649839341729412
v -0.52374575268042511 0.968388213032086 0.60637283047327273
v -0.47137955851605373 -0.96257539638732093 0.5744771733102283
v -0.47277801843048356 -0.92409006167832386 0.53889460587138305
v -0.47374599412040269 -0.88477925873224528 0.50383563969692391
v -0.4744173045994412 -0.84485891563990578 0.46965197775754647
v -0.47489484103719509 -0.80451052338185514 0.43661680919957413
v -0.47525257617619648 -0.7638743690184282 0.40492757380071659
v -0.47554019238166362 -0.72305044403799568 0.37471730509115403
v -0.47578879433063798 -0.68210457164416805 0.3460699035785148
v -0.47601642479947404 -0.64107678411850977 0.31903528240816525
v -0.47623261503822645 -0.59998953851102388 0.29364188958607218
v -0.47644171360219401 -0.55885440031242994 0.26990574445015991
v -0.47664509142306977 -0.51767679684070589 0.24783626267746331
v -0.476842482680298 -0.47645905777652148 0.22743965496760504
v -0.47703273602064278 -0.43520220338400278 0.2087207300325826
v -0.47721418714324482 -0.39390694020675582 0.19168375072181448
v -0.47738478230346321 -0.35257422328476401 0.1763327650670698
v -0.47754203060037759 -0.31120563037626331 0.16267165439443332
v -0.47768286889872824 -0.26980368684510753 0.15070403290322706
v -0.47780356884232583 -0.22837216611954234 0.14043308231439652
v -0.47789982178886808 -0.18691628069266286 0.13186137774390408
v -0.47796701875822323 -0.14544263762280923 0.12499072386830978
v -0.47800051940914279 -0.1039589396616771 0.11982196546675758
v -0.47799556085107042 -0.062473636422718803 0.11635469067043386
v -0.47794660240353593 -0.020995867446253071 0.11458675528375306
v -0.47784548933063692 0.020463838037414247 0.11451551502727848
v -0.47767473312172237 0.061892540312168662 0.11615011414091235
v -0.47743155395941811 0.10327434518603948 0.11945946061681439
v -0.47710117549529402 0.14459069249392426 0.12442754428991423
v -0.47666660015452855 0.18581998524004889 0.13103361705512268
v -0.47610828160327567 0.22693794994927263 0.13925150093112224
v -0.47540336242251968 0.26791783758562143 0.14904872586114931
v -0.47452493419357711 0.30873043484108403 0.16038566577553376
v -0.47344175935863747 0.34934411227568496 0.17321491713157511
v -0.47211863106629226 0.38972519900104247 0.18748113500832209
v -0.47051729804938414 0.42983866950635241 0.20312137785669457
v -0.4685879174942954 0.46963916446070014 0.22008889315478292
v -0.46626852090873772 0.50906581817971708 0.23835854548894903
v -0.46354734642456552 0.54810797826190738 0.25780658215383245
v -0.46039335153514344 0.58673775657501492 0.2783457871619347
v -0.45680007728991601 0.62495322301878808 0.29992158315541356
v -0.45270686782443437 0.66267669687526831 0.32240527455858431
v -0.44832107685262496 0.70014807472115481 0.34599617381614889
v -0.46709188756721864 0.76191273752823874 0.39950294547065485
v -0.47533285859605273 0.79144126053281783 0.42634530146649929
v -0.46668109493434351 0.84424172073354253 0.46544426555970547
v -0.47837799156977606 0.87590445694124064 0.49820237004211987
v -0.47073154916530635 0.92741302046666285 0.5410117659101451
v -0.48160188595145553 0.96377495438232474 0.58065910478389815
v -0.43044592229122475 -0.96264136725539029 0.55608213245090299
v -0.43175893901540974 -0.92420335079079774 0.52044585128740939
v -0.43266667547713039 -0.88492539602050735 0.48534520199273656
v -0.43329646185935877 -0.84502717018544549 0.45112848901542502
v -0.43374553597616494 -0.80469325431210648 0.41806600009747374
v -0.43408339622405695 -0.76406628956960609 0.38635290808335698
v -0.43435648197530058 -0.72324791405990763 0.3561206197297172
v -0.43459373551160579 -0.68230499905331932 0.32745196805678511
v -0.43481187037712687 -0.64127817067592496 0.30039623818675265
v -0.43501966535387754 -0.60019016749288545 0.27498156829072123
v -0.43522107947082234 -0.5590526416170627 0.25122388503463416
v -0.43541730287667096 -0.51787099842737294 0.22913265493441257
v -0.43560799781268761 -0.47664749592146383 0.20871423442137385
v -0.43579199078520076 -0.43538307213963762 0.18997364341231809
v -0.4359676180057096 -0.39407836702455712 0.17291540686972967
v -0.43613285749285635 -0.35273429672459533 0.15754388591769772
v -0.43628533858400392 -0.31135241245532963 0.14386334292317143
v -0.43642231108703977 -0.26993516302007381 0.13187787304606394
v -0.43654065629963557 -0.22848608544871588 0.12159127269256646
v -0.43663698552837288 -0.18700988769259144 0.1130068785376742
v -0.43670777967984042 -0.14551239215825831 0.10612738201620377
v -0.43674942698094116 -0.10400038690025325 0.10095460059730489
v -0.43675801318137519 -0.062481523999922656 0.097489178223035128
v -0.43672885341712481 -0.020964422221369575 0.095730202982655069
v -0.43665407015798358 0.020540708501363785 0.09567933238793834
v -0.43652042379878842 0.062021485902098709 0.097344951308581965
v -0.43632728380954766 0.10346344931363444 0.10069931946893
v -0.43606357764064957 0.14485038626122348 0.10573006585215321
v -0.43571611166959212 0.18616376523683786 0.11242074691623108
v -0.43526902597693956 0.22738271471483484 0.12075012338836476
v -0.43470310229799397 0.26848390689678503 0.13069133877902209
v -0.43399515797341803 0.30944139829998718 0.14221109394524559
v -0.43311772117738123 0.35022657239083371 0.1552689463881434
v -0.43203908770716798 0.39080830972185882 0.16981685967336474
v -0.43072382476914356 0.4311535160642867 0.18579915594270627
v -0.4291335974829284 0.47122796717107207 0.20315289774251458
v -0.42721282559797452 0.51097831372118629 0.22184712235185608
v -0.42492090399799703 0.55036610792629204 0.2418112900525336
v -0.42222497988392893 0.58936083516507587 0.26296690801030176
v -0.41910104974738271 0.62794327704524644 0.28521268055349736
v -0.41554655559086268 0.66611204859966544 0.30849617521171219
v -0.41151283517174486 0.70378713641171298 0.33269135682225065
v -0.4072343668702561 0.74120578737787213 0.35800778361824964
v -0.42640089762966982 0.80285034589851789 0.41335258543863862
v -0.43501375508191226 0.83228461939028964 0.44115896792306075
v -0.42730730326688587 0.88475717058898029 0.48283949062531845
v -0.43958714062236298 0.91565757088611088 0.51604858826379107
v -0.44199820287170949 0.96792120511198998 0.56644095673432027
v -0.3895035822995867 -0.96270320451923586 0.53935503860176504
v -0.39072477846357517 -0.9243096577013673 0.50366691018458376
v -0.39156756312802121 -0.88506268276424049 0.46852617905254612
v -0.39215225311245899 -0.84518542933262708 0.43427772662088981
v -0.39257003212787001 -0.80486536054023439 0.40118897881889709
v -0.39288563318172665 -0.76424731244550781 0.36945290141258957
v -0.39314205385039802 -0.72343445553217722 0.33919933041738887
v -0.39336594775513373 -0.68249463261674992 0.31051007361080241
v -0.39357262615116262 -0.64146901573283144 0.28343381520084088
v -0.39377007884541443 -0.60038059661176857 0.25799839828729942
v -0.3939618625535074 -0.5592410977680371 0.23421966324039323
v -0.39414898870564835 -0.51805589318480272 0.21210712904996837
v -0.39433105948810582 -0.47682716295616528 0.19166729776542862
v -0.39450690000357003 -0.43555575707371047 0.17290540113659247
v -0.39467487892793274 -0.394242239498521 0.15582622909534555
v -0.39483304884751186 -0.35288746930246817 0.1404344588901868
v -0.39497919563370226 -0.31149294386080401 0.126734727075343
v -0.39511086378312532 -0.27006101846897018 0.1147315723353504
v -0.39522540295835007 -0.22859503913731491 0.10442931191666982
v -0.39532004129489279 -0.18709938881509655 0.095831878795665251
v -0.39539193901623909 -0.14557945637321251 0.088942626878056485
v -0.39543814723148679 -0.10404157636470114 0.083764101515234973
v -0.39545542632748637 -0.062493016564807026 0.08029777136511404
v -0.395439955731757 -0.02094207214982708 0.078543723318535985
v -0.39538448044791091 0.020601424574383471 0.078507176362866415
v -0.39527917893468378 0.0621257495071008 0.08019585266946351
v -0.39512497956911136 0.10361777102996879 0.083584383448787991
v -0.39491361563271055 0.14506321403371031 0.088663108380371003
v -0.39463494528019127 0.18644600006932313 0.095418903127261881
v -0.39427638713327889 0.22774808170747809 0.10383454037259909
v -0.39382229278301317 0.26894920731578781 0.11388796465888519
v -0.39325337314346959 0.31002667119949484 0.12555152682257567
v -0.39254627919716845 0.35095513665001998 0.1387912470381269
v -0.39167341058714833 0.39170662907373999 0.15356619694613516
v -0.39060299569521262 0.43225076894532982 0.1698280985857451
v -0.38929953361122938 0.47255529779412075 0.18752127161386542
v -0.38772425059285548 0.51258648968263198 0.20658391373534851
v -0.38581799799676675 0.55228304763487102 0.22699867371436538
v -0.38355700295500844 0.59163097219522776 0.24865263242739266
v -0.38089354220559896 0.63057735873090337 0.27151054625562943
v -0.37781396795285199 0.66911115719532432 0.29545948113981008
v -0.37433061808216272 0.70722810412943904 0.32045049005752307
v -0.37042085045368101 0.74483764738119385 0.34635768433176706
v -0.36636090752208611 0.78215491179281216 0.37338724122977762
v -0.38621209940016832 0.84358225703893619 0.43054200610457272
v -0.39533883166395445 0.87285345431250227 0.4592938209103728
v -0.38825943269688468 0.9254617608631166 0.50374221283982168
v -0.39951956768554608 0.96284177796721104 0.54357894132058115
v -0.34855328208504011 -0.9627608175923188 0.52429714193092014
v -0.34967676288083671 -0.92440874805493911 0.4885598596321245
v -0.35045019275837591 -0.88519072803306509 0.45338120768520451
v -0.35098640973387424 -0.84533315182504987 0.4191027237989296
v -0.35137018223792993 -0.80502616341952882 0.38598907998172871
v -0.35166121292346714 -0.76441663520112846 0.35423113891836694
v -0.35189887542921822 -0.72360915439936169 0.32395724968306722
v -0.35210741863688561 -0.68267245750007677 0.29524825382459852
v -0.35230068436791201 -0.64164821404805528 0.26815227123692165
v -0.35248584022425333 -0.60055964116222693 0.2426968694653332
v -0.35266602967782595 -0.55941851693740552 0.21889781066803957
v -0.35284208889376817 -0.51823017637291202 0.19676466768154666
v -0.35301357346618184 -0.47699671728257476 0.17630408634797182
v -0.3531793291404392 -0.43571889722158208 0.1575215074996805
v -0.35333778685080175 -0.39439719666868778 0.14042198281454443
v -0.3534871051980959 -0.35303240552084464 0.12501049914789902
v -0.3536252407854657 -0.3116259561786941 0.11129204998620447
v -0.35374999730647622 -0.27018011987815832 0.099271578450949041
v -0.35385907758252422 -0.22869811510054688 0.088953851772972881
v -0.35395013316588941 -0.18718414741865708 0.080343294330469148
v -0.35402078166502698 -0.14564340082746438 0.073443791150737125
v -0.35406855874947435 -0.10408201374244468 0.068258467662355299
v -0.35409079568561969 -0.062507076511796225 0.064789449725542944
v -0.35408444609218875 -0.020926669654354246 0.063037607280065466
v -0.35404297909438154 0.020649710222033203 0.063011070038735434
v -0.35395922040223038 0.062210891342125041 0.064716937566773713
v -0.35383515642208507 0.1037448196675919 0.068131438961495649
v -0.35366468364314785 0.14523874761906133 0.073246913802552466
v -0.35344014326272444 0.18667855747039355 0.08005276947864047
v -0.35315180011239111 0.22804856322543141 0.088534961630854891
v -0.35278727307371716 0.26933124467024439 0.098675388877470308
v -0.35233097644576489 0.3105069524710562 0.11045121697728974
v -0.35176362860740401 0.35155364456307076 0.12383416698723812
v -0.35106187911154185 0.39244671987100677 0.13878982209494653
v -0.35019811452796051 0.43315901678420859 0.15527703336403087
v -0.34914051203736235 0.47366103708011315 0.17324752654026099
v -0.34785342398433966 0.51392143749607777 0.1926458272903751
v -0.34629226809355057 0.55389763402274117 0.21342802668244254
v -0.34441286768068602 0.59354691983246555 0.23554088313843491
v -0.34218804847708778 0.63285066454665073 0.25888599417542069
v -0.33957692891035912 0.67174940917570369 0.28343664550321734
v -0.33657965212159013 0.7102225233494881 0.30908336991402496
v -0.3332354044385748 0.74824967484438232 0.33576384152658606
v -0.3295438046765734 0.78570696424271691 0.3633272429347657
v -0.32578649592662562 0.82276433634846591 0.39193449064950764
v -0.34645231147889072 0.88375363130324158 0.45064199970397301
v -0.35602288193846843 0.91241910150988792 0.47987828601626303
v -0.35936006370146761 0.96661546724913805 0.5320429634130226
v -0.30759564004738843 -0.96281396235906225 0.51090937995238117
v -0.30861593254596131 -0.92450014449045514 0.47512628771241971
v -0.30931589003599191 -0.88530884860197256 0.43991234292964204
v -0.30980044892945047 -0.84546947924668114 0.40560588931710079
v -0.31014763163050801 -0.80517465672863386 0.37246900057744298
v -0.31041186677282678 -0.76457312581265457 0.34069057218369814
v -0.31062873622706422 -0.7237707699447431 0.31039757075574559
v -0.31081997713893283 -0.68283713814165314 0.28166994344894519
v -0.31099790014105522 -0.64181434764792089 0.25455528980530079
v -0.31116882039783206 -0.60072581335706399 0.22908092495909385
v -0.31133545886226166 -0.55958335541907356 0.20526254201706878
v -0.31149848098014321 -0.51839226419256712 0.1831097682922794
v -0.3116574100148361 -0.47715455296858 0.16262938931390322
v -0.31181113406963007 -0.43587088479710018 0.14382704828065973
v -0.31195817250160734 -0.39454165273539643 0.12670804953017437
v -0.31209681296395297 -0.35316757243359498 0.11127767607254056
v -0.31222518821650869 -0.31175001169085931 0.097541256446220942
v -0.31234133138757936 -0.27029117760593391 0.085504103142662602
v -0.31244322427222565 -0.2287942178730045 0.075171381898688674
v -0.31252883381261126 -0.18726326294329915 0.066547940254603824
v -0.31259612117224111 -0.14570342819432439 0.059638110308709767
v -0.31264301017236507 -0.10412079566442346 0.054445495168877416
v -0.31266731419395233 -0.062522391874163169 0.050972745995582922
v -0.31266663091583241 -0.02091616912243538 0.049221334115789779
v -0.31263516519513107 0.020688621807199402 0.049201771949224607
v -0.31256776708730521 0.062281192014866385 0.050920551033469846
v -0.31246707112514033 0.1038503022864064 0.054354924045944809
v -0.31232864616005668 0.14538437746473989 0.059498681614186776
v -0.31214683455343284 0.18687085481539553 0.066343122511218322
v -0.31191429270902898 0.22829600521008445 0.074876658287133857
v -0.31162148010286889 0.26964467883872784 0.085084335728453364
v -0.3112561263335597 0.31090000036838172 0.096947273358734723
v -0.31080270799794124 0.35204305262523988 0.11044202227648793
v -0.31024197335667225 0.39305259916105567 0.12553988100352584
v -0.30955056454936242 0.43390490154408778 0.14220621677268916
v -0.30870080490400492 0.47457369372042507 0.1603998729112702
v -0.30766078800809787 0.51503036239421407 0.18007277779615888
v -0.30639498997853942 0.55524442140307095 0.20116993682140286
v -0.30485547029200077 0.59516297388444772 0.22366531621426516
v -0.3030133949744992 0.63476321224459065 0.24747018148772368
v -0.30084372115219576 0.67401203499213991 0.27250430779146662
v -0.29832516725571623 0.71283818722019998 0.29872531638745298
v -0.29546966542412567 0.75117791489628793 0.32601833917451151
v -0.29232457526807637 0.78896698105765217 0.35426537999302321
v -0.28884957329174377 0.82602322904943537 0.38323879059351496
v -0.28521227035150709 0.86243594998415452 0.41297326219430402
v -0.30605520503459016 0.92413306684429275 0.47394827293659503
v -0.31530053415901665 0.9606344538220819 0.51129023497301362
v -0.2666312352940603 -0.96286231325318017 0.49919249820208461
v -0.26754328244053943 -0.92458324353286636 0.46336748133164962
v -0.26816594634434548 -0.88541621239951818 0.42812127993568605
v -0.26859587300718518 -0.8455933941627406 0.39378924367757145
v -0.26890403434002286 -0.80530967198337056 0.36063103900235821
v -0.26913936086601714 -0.76471549046186482 0.32883375459978348
v -0.26933348861347756 -0.723917902101614 0.29852309558354545
v -0.26950554500184282 -0.68298718317488705 0.26977819701816985
v -0.26966625316056314 -0.64196584700660886 0.24264618816097833
v -0.26982104859771094 -0.60087747868883512 0.21715415785531744
v -0.26997222201865617 -0.55973392821672585 0.19331774003254729
v -0.27012027342201039 -0.51854043772677061 0.17114661608971468
v -0.27026470801993607 -0.47729893624758163 0.15064770459343282
v -0.27040447671286283 -0.43600999327580697 0.13182684038998077
v -0.27053821014773538 -0.39467391469810592 0.1146895662496836
v -0.27066434382184712 -0.3532913427727935 0.099241442810241984
v -0.27078119224405683 -0.31186358723093627 0.085488109233018333
v -0.2708870023252592 -0.27039281141778776 0.07343521542179518
v -0.27097999664983347 -0.22888213378849298 0.063088285035160188
v -0.27105840460108388 -0.18733567301545104 0.054452538664687432
v -0.2711204739773001 -0.14575855216662734 0.047532693710014909
v -0.27116445724374494 -0.10415687282463691 0.042332752303062167
v -0.27118857106170507 -0.062537666966902938 0.038855786119884488
v -0.27119092923931148 -0.020908831995621803 0.037103724695434659
v -0.27116646425088647 0.020720531194750459 0.037089048951767456
v -0.27111157294021448 0.062339849649350999 0.038817638304148257
v -0.2710291997193644 0.10393847276453497 0.04226736443159404
v -0.27091619375311082 0.14550570607076987 0.04743304693643309
v -0.27076847660801134 0.18703020454894964 0.054307361591870523
v -0.27058064778560048 0.22849983530857515 0.062880561242134161
v -0.27034553530872968 0.2699014571493541 0.07314012362609143
v -0.27005370443228149 0.31122063008437773 0.085070310381798089
v -0.26969294166339242 0.35244128019914078 0.098651631452198824
v -0.26924773903166427 0.39354535571214766 0.1138602238957211
v -0.2686988166550639 0.43451252166415399 0.13066717475190831
v -0.26802275127224046 0.47531994652820925 0.1490378444356231
v -0.2671918411769193 0.51594224270766242 0.16893128707077409
v -0.26617449382563718 0.55635153418756333 0.19029987824644901
v -0.26493413170266655 0.59651105928959258 0.21309976118153642
v -0.26343253599852273 0.63637262029696318 0.23728887954717606
v -0.26165000889896606 0.67590615163215884 0.26276961843055763
v -0.25957185342525713 0.71504939541463552 0.28945247118928297
v -0.25718786873842447 0.75368711482172401 0.3172555340956747
v -0.25448677071326231 0.79168543560878113 0.34600437412867507
v -0.25145288561658991 0.82889781628784232 0.37546606275165589
v -0.24795919450127862 0.86500341614801235 0.40523824939581887
v -0.24416986062039658 0.89991465960465311 0.43514697382441703
v -0.27299799342059228 0.96587899806426103 0.50396669176745867
v -0.22566065975472516 -0.96290551078456188 0.48914711757645479
v -0.22645984682504727 -0.92465739297309424 0.45328452881902642
v -0.22700172408653876 -0.88551193404087136 0.41800947253436205
v -0.2273742886817148 -0.84570382625621654 0.38365454234908042
v -0.2276411826866945 -0.80542999041582564 0.35047721642432095
v -0.22784563400580449 -0.76484238839736685 0.31866295709758857
v -0.22801519296529463 -0.72404910733940342 0.28833634269483582
v -0.22816628880352585 -0.68312106111308246 0.25957578743476406
v -0.2283080066804628 -0.64210110563058564 0.23242800564634339
v -0.22844487844340541 -0.6010129686578688 0.20691988856800902
v -0.22857875831596658 -0.55986851920631653 0.1830670213414638
v -0.22870998649970647 -0.51867294983028889 0.16087913791987318
v -0.22883806387456174 -0.47742810833812116 0.14036328070132145
v -0.22896202296722989 -0.43613447496990343 0.12152546169191464
v -0.22908062621341987 -0.39479227272464268 0.10437144335012108
v -0.22919247447750765 -0.35340207559808262 0.088907041095494937
v -0.22929607346507461 -0.31196514418631038 0.075138177525835584
v -0.22938988189610116 -0.27048361470482485 0.063070808097633213
v -0.22947235010040534 -0.22896060309090216 0.05271077737463091
v -0.22954194895815022 -0.18740025180732561 0.044063635723857512
v -0.22959718554896524 -0.1458077315250827 0.037134433927790075
v -0.22963660176329453 -0.10418920383672649 0.031927508440156085
v -0.22965875287637241 -0.062551749495312711 0.028446268051806858
v -0.22966216211509999 -0.020903267994294612 0.026692991081682497
v -0.22964248786810706 0.020747209882377868 0.02668180317989171
v -0.22959731287718688 0.062389188333930493 0.028417951222505733
v -0.22952961042057674 0.10401242792514226 0.031879660448684281
v -0.22943719138144783 0.14560688321237736 0.037062460121425771
v -0.22931718994122749 0.18716214914789928 0.043960000319830238
v -0.22916573180650862 0.22866737300439252 0.052563875730449766
v -0.2289775479146072 0.27011107813860302 0.062863389328142741
v -0.22874553746946216 0.31148090445745119 0.07484523328891525
v -0.22846028764016943 0.35276328031261234 0.088493070540667934
v -0.22810956421070286 0.39394305142975872 0.10378701131072754
v -0.22767780167016416 0.43500310278095611 0.12070299549351404
v -0.22714565327292643 0.47592401987810456 0.1392121164103006
v -0.22648974262585286 0.51668381797910967 0.1592799470093241
v -0.22568293596822811 0.55725759754617321 0.18086588512397661
v -0.22469564540705717 0.59761633611632503 0.20392213810510096
v -0.22349266382130129 0.63770562375541262 0.22841891850100987
v -0.22205330444052393 0.67748333370340064 0.25426628618314129
v -0.22036207759053547 0.71687725980433425 0.28136147618251073
v -0.21840011238075585 0.75577554860832508 0.30956689986475289
v -0.2161316432522892 0.793986727700704 0.3387371062775229
v -0.21353929506414759 0.83131103748861013 0.36859803750899961
v -0.21067015130695349 0.86754827226047226 0.3988516111838647
v -0.20750067611557965 0.90247437564846866 0.42915871936473649
v -0.23350990202131952 0.96730941469988241 0.49538340931389396
v -0.18468454790592778 -0.9629431935829631 0.48077376917160924
v -0.18536674705022976 -0.92472194447781331 0.44487837105689459
v -0.18582471599201592 -0.88559514044284837 0.40957818976712568
v -0.18613747415348053 -0.84579972609903276 0.3752033313815139
v -0.18636107999190954 -0.80553442186836444 0.34200932780426069
v -0.18653287482988545 -0.76495251407339426 0.31018021235789417
v -0.18667619873466065 -0.72416298285919889 0.27983958315019181
v -0.18680470477960331 -0.6832372857953446 0.25106523260185332
v -0.18692579617486435 -0.64221856613394357 0.2239035201264919
v -0.18704308062421141 -0.6011306669201929 0.19838117029510496
v -0.18715797112108529 -0.55998546679091754 0.1745137302317662
v -0.18727065382139846 -0.51878810965504707 0.15231098378717836
v -0.1873806380589256 -0.47754036802252187 0.1317800855657473
v -0.18748705513132985 -0.4362426404953812 0.11292720677566535
v -0.18758881805073685 -0.39489507498993348 0.095758306678465577
v -0.18768471048057009 -0.3534981852829967 0.080279428386123466
v -0.18777344267417451 -0.31205319228489659 0.066496747047773599
v -0.18785369290608847 -0.27056221728096275 0.054416489203966585
v -0.18792414130825738 -0.22902838901198 0.044044782165801905
v -0.18798349668541461 -0.18745589109410299 0.035387463561834073
v -0.18803051400119811 -0.1458499596990433 0.028449869247235339
v -0.18806399921673508 -0.10421683524776144 0.023236613568947125
v -0.18808279761183147 -0.062563671391903664 0.019751374603336331
v -0.18808576053420592 -0.020898407667210038 0.017996695798895242
v -0.18806928343991816 0.020769939944223555 0.017988089546061559
v -0.18803186032923508 0.062430848877820432 0.01973013658533028
v -0.18797626177014171 0.10407436135924568 0.023201262185334304
v -0.18790100193484446 0.14569090332370191 0.02839746982547478
v -0.1878041160531683 0.1872707863676909 0.035313078794760935
v -0.18768288648451445 0.22880416888176233 0.043940635435188814
v -0.18753351859362791 0.27028092735290954 0.054270778956673718
v -0.18735076491950295 0.31169043694956261 0.06629203555977238
v -0.1871274983930927 0.35302126885230228 0.079990517842709719
v -0.18685424123067795 0.39426082090457742 0.095349513823206195
v -0.18651867027642152 0.43539490832257971 0.11234896276850788
v -0.18610515708460296 0.47640734252510875 0.13096483206205053
v -0.18559449337308179 0.51727944785233226 0.15116839580036712
v -0.18496410860438858 0.55798911752891278 0.17292523218068248
v -0.18418910593315088 0.59850841855886627 0.19619326830019881
v -0.18324288450277668 0.63879123866464171 0.22093122571896984
v -0.18210298914473996 0.67877595829532933 0.2470741850332181
v -0.18075212970125504 0.71838738141652891 0.27450652880535159
v -0.17917044882364072 0.75750599743933178 0.30308662356139232
v -0.17736252070269792 0.79598007632627832 0.33263101112659849
v -0.1753978289568606 0.83358400552787415 0.3630073301898053
v -0.1734873792056873 0.87016182639116646 0.39391923838469395
v -0.17195144412216204 0.90513313650103866 0.42476968279555471
v -0.19415988121736263 0.96613792493342432 0.48583704341521106
v -0.14370359169196059 -0.96297502044771888 0.47407290963610299
v -0.14426521287619401 -0.92477628762456021 0.43814981913920314
v -0.14463656282559295 -0.8856650002048212 0.40282851856277679
v -0.14488738334977189 -0.84588005621369899 0.36843690543977647
v -0.14506593313272537 -0.80562170903652763 0.33522881945007188
v -0.14520352370355169 -0.76504438005855802 0.30338709577710427
v -0.14531918212735398 -0.72425784478048538 0.27303455126476422
v -0.14542369961693979 -0.68333406083542725 0.24424849462793091
v -0.14552273536409815 -0.64231641487520652 0.2170749899154728
v -0.14561894834282726 -0.60122880427337422 0.19154059559860409
v -0.1457133172195913 -0.56008306258395946 0.16766080058945107
v -0.14580589337553609 -0.51888425962482831 0.14544542147656869
v -0.14589621346243586 -0.47763409602318657 0.12490171286986353
v -0.14598352384537974 -0.43633290669063141 0.10603599115363994
v -0.14606690352709401 -0.39498078449858504 0.088854391916382419
v -0.14614533418268988 -0.35357819983647992 0.073363158373756648
v -0.14621774490944811 -0.3121263470755547 0.05956868476124054
v -0.14628304588263574 -0.27062734299806446 0.047477430771622427
v -0.14634015647260082 -0.229084337420221 0.037095764989733222
v -0.14638802838920989 -0.18750156117933184 0.028429767641167378
v -0.14642566187772965 -0.14588432006567628 0.021485011629244113
v -0.14645211175495462 -0.10423893736949259 0.016266337107277398
v -0.146466479363003 -0.062572647920773411 0.012777633862044462
v -0.14646788570213315 -0.020893450293249419 0.01102164486629514
v -0.14645348610747652 0.020789624176010917 0.011015056111361877
v -0.14642247242772266 0.062465956073737901 0.012761739517750902
v -0.14637722629457195 0.10412578263598658 0.016240255228010106
v -0.1463167578881471 0.14575987121823344 0.021446913206872628
v -0.14623974498973258 0.1873590765246228 0.028376479605597815
v -0.1461443111239224 0.2289143466736823 0.037022159852021147
v -0.14602776040836279 0.27041664080864997 0.047375550884969628
v -0.14588626436674992 0.31185675367624888 0.05942653499123076
v -0.14571449739906459 0.3532250491253886 0.073163088841743495
v -0.1455052227296913 0.39451111249703652 0.088570986071276461
v -0.14524884575878211 0.43570333778002018 0.10563338011841082
v -0.14493299421656822 0.4767884369560067 0.12433025222538885
v -0.14454227950335402 0.51775069241537874 0.14463763252915757
v -0.14405846462696573 0.55857040740229003 0.16652624618480322
v -0.14346164612885823 0.59922095222509664 0.1899590858198269
v -0.14273226255791144 0.63966168627990294 0.21489079936647806
v -0.14184955528958368 0.67982380581808977 0.2412703997284778
v -0.14080129260139357 0.7196359444264232 0.26898516701083725
v -0.13959515421392044 0.75899533785545803 0.29791349205570822
v -0.13831012015714594 0.79780370490908903 0.32792937815410889
v -0.1371698966902955 0.83600129382626176 0.35897146419259474
v -0.13669426572176724 0.87365762799572499 0.39116014682940503
v -0.13834272140090298 0.91163627187768781 0.42530635662647248
v -0.14799750660248323 0.95657429241569214 0.46861036138823142
v -0.10271852117197207 -0.96300066031612408 0.46904489724618231
v -0.10315643569254278 -0.9248196636174395 0.43309933939496714
v -0.10343863138833342 -0.88571988611998642 0.39776052982209942
v -0.10362552092624254 -0.84594156987939551 0.36335429153024207
v -0.10375778690037998 -0.80568647132693405 0.33013339156580696
v -0.10386067261914976 -0.76511085505521792 0.2982804872398358
v -0.10394833969346015 -0.72432604785467125 0.26791835080612975
v -0.10402812340281621 -0.6834045315712004 0.23912378920368507
v -0.1041037907637074 -0.64238926898129856 0.21194206091095633
v -0.10417727618515782 -0.60130346404878887 0.18639908844238068
v -0.10424939575348288 -0.56015849274401175 0.16251011011924538
v -0.10432021597114811 -0.51895927993938917 0.14028499214423132
v -0.10438933638030533 -0.47770755965754219 0.11973117661519342
v -0.1044561013518911 -0.43640374581888536 0.10085519857984773
v -0.10451973199413271 -0.39504799139541241 0.083663403904114614
v -0.1045793951616498 -0.35364079783153196 0.068162234845870986
v -0.10463423792768674 -0.31218337512463168 0.054358280736547727
v -0.10468340879029614 -0.27067785700555402 0.042258197455292419
v -0.104726075182133 -0.2291274232430853 0.031868551008113803
v -0.10476143881179704 -0.18753635274330596 0.023195616765884313
v -0.10478874663137262 -0.14591001657735247 0.016245155355246028
v -0.104807293933098 -0.10425481434987466 0.011022182355349417
v -0.10481641576008412 -0.062578057350468758 0.0075307478026474806
v -0.10481546250601952 -0.020887805443786669 0.005773740487405591
v -0.10480238012107224 0.020806886848418891 0.0057688357629072391
v -0.10477688731143529 0.06249526340317111 0.007519148894870268
v -0.10474083299231776 0.10416770691032322 0.011003378063880237
v -0.10469355916142437 0.14581523781110398 0.016218025662395465
v -0.10463417622363659 0.18742912482732807 0.023158150343665106
v -0.10456138775784947 0.22900092958412854 0.031817407162130502
v -0.10447327964339341 0.27052246719102602 0.042188070265806531
v -0.10436706690643086 0.31198567483471801 0.054261010720911926
v -0.10423879323310506 0.35338238634183589 0.06802560181758939
v -0.10408298303890716 0.39470401717494447 0.083469526799202109
v -0.10389226267694861 0.43594115719919946 0.10057846425979171
v -0.10365701943896335 0.47708299822259909 0.11933559751138346
v -0.10336521763840904 0.51811633061774409 0.13972077434098223
v -0.10300273432930995 0.5590237294284981 0.16170902151966537
v -0.10255469320754088 0.59978065587784879 0.1852680732792398
v -0.1020067060634338 0.64035053219655758 0.21035524734387143
v -0.1013452680377793 0.68067061122622952 0.23692666007426208
v -0.10057556477749229 0.72068510410366737 0.26489018506258133
v -0.099748691934943401 0.76033557443274369 0.2941672566484872
v -0.099015016006117063 0.79961694993089538 0.3247214348195559
v -0.098693243398468425 0.83866786436462759 0.35665237008267525
v -0.099369885594366006 0.87798172503043559 0.39042278081720738
v -0.1018080894624801 0.91883111610017643 0.42732183307973498
v -0.1029586155689599 0.96037367306638133 0.46650092129504506
v -0.061729634778755899 -0.96301911555644837 0.46568928288438272
v -0.062039897558214277 -0.92484768141033402 0.42972365423586129
v -0.062229536678026699 -0.8857479886843721 0.39436470337042867
v -0.062352057723570657 -0.84596227073756258 0.35993809100030139
v -0.062441523271214591 -0.80569837365458841 0.32670027110543576
v -0.062514455638493505 -0.76511932833835772 0.29483757712251851
v -0.062576559730409029 -0.72433895241882829 0.2644726854535499
v -0.062630588457108574 -0.6834271834493163 0.23567900165104297
v -0.062679658882030267 -0.6424226863873852 0.20849811969858309
v -0.062726644493406647 -0.60134563017195231 0.18295397695688359
v -0.062773182580476775 -0.56020630855025311 0.15906147401779294
v -0.062819638537046904 -0.51900982816694829 0.13683097469302513
v -0.06286558495528996 -0.47775856116858262 0.11627060499187422
v -0.062910267677283194 -0.4364535447544044 0.097387477596832764
v -0.062952878100042922 -0.39509537507500303 0.080188351387385004
v -0.062992657960056916 -0.35368481683872727 0.064679953940828233
v -0.063028916030396342 -0.31222322091856358 0.050869084857189294
v -0.063061017472743675 -0.27071279803996801 0.038762573461089467
v -0.063088373723643829 -0.22915678138180362 0.028367142316674185
v -0.063110438538008115 -0.18755950124758528 0.019689213479702775
v -0.063126706508148125 -0.14592638612349726 0.012734684646400646
v -0.063136708467735156 -0.10426389841889555 0.00750869679085022
v -0.063139998864674293 -0.062579411324546405 0.0040154120770875684
v -0.063136130842491658 -0.020881034905429145 0.0022578188529197903
v -0.063123875448409694 0.020822163408526616 0.0022544154943456487
v -0.063103336137808622 0.062519277481735275 0.0040075103162976284
v -0.063075724400352237 0.10420081842561886 0.0074959944188259025
v -0.063040584502946861 0.14585800718170011 0.012716490369764277
v -0.062997291982130083 0.18748243468633913 0.019664249156519643
v -0.062944920693516371 0.22906613983334592 0.028333233935000667
v -0.06288207996598065 0.27060160956926149 0.038716198183192649
v -0.062806715825895421 0.31208168870753861 0.050804731465466775
v -0.062715871763782446 0.35349939557310478 0.064589245214985311
v -0.0626054091353727 0.39484764081784585 0.080058870550613059
v -0.062469728813473596 0.43611882090194581 0.097201231061948543
v -0.062301485862650954 0.477304170629401 0.11600199745491679
v -0.062091522593431953 0.51839266774867443 0.13644406378180921
v -0.061829500800738763 0.55936932463402544 0.15850616224690867
v -0.061504938995660056 0.60021272058026187 0.1821606277784816
v -0.061108950113836928 0.64089018519325747 0.20737379737367084
v -0.060640180203553953 0.68135813421207303 0.23410470189806831
v -0.060125385663851345 0.72158558226501723 0.26229456680989088
v -0.059645831795646281 0.76156816567402952 0.29191387588547119
v -0.059365361102092132 0.80138051748177264 0.32300025808091604
v -0.059526596083729018 0.84123437516692212 0.3557242609369976
v -0.060306034088738719 0.88146835527621081 0.39040223461732904
v -0.061168567834246713 0.92198348475260816 0.42696597012916915
v -0.061374460140680105 0.96183062402665032 0.46449605243575798
v -0.020734322082295933 -0.96302301371685728 0.46399920525868948
v -0.020908953623861193 -0.92483337784027309 0.42799813040696122
v -0.02100533969185607 -0.8856925846783773 0.39259131022756488
v -0.021077440539455899 -0.8458587754863891 0.35811867935187647
v -0.021145736535553749 -0.80556489821460076 0.32485609441112107
v -0.021203145948220058 -0.76498797813938191 0.29299688613013519
v -0.021240467806877127 -0.72423560484910399 0.262654382673425
v -0.021260200223532571 -0.68336154614549127 0.23388747834248014
v -0.021271433833736451 -0.64239159290281556 0.20672828745827607
v -0.0212819169426024 -0.60134038145044277 0.18119782948460056
v -0.021295397621310035 -0.56021782758673566 0.15731187355930434
v -0.021312422331371619 -0.51903087666763137 0.13508286308331396
v -0.0213319320415454 -0.47778412237359241 0.11452089015052733
v -0.021352445620235267 -0.43648042294675521 0.095634500461218311
v -0.021372642619036326 -0.39512161868917911 0.078431364136635193
v -0.021391527521826548 -0.35370922579708147 0.062918745043800448
v -0.021408394408652765 -0.31224500826101159 0.049103752240183693
v -0.021422737719168264 -0.27073139105154409 0.036993403814176484
v -0.021434175386881842 -0.22917172032630911 0.026594552578002577
v -0.02144239935772798 -0.18757039513421447 0.017913722929122213
v -0.021447146361695802 -0.14593289644196655 0.010956899520490244
v -0.021448177359102767 -0.10426573326773747 0.0057292990262002826
v -0.021445256403171596 -0.062576320031911978 0.0022351494601272632
v -0.021438122456515753 -0.02087279680088807 0.00047749691263039248
v -0.021426407024173519 0.020835779030580107 0.00047550780231813956
v -0.021410475588389436 0.062538363539273403 0.0022306313458391324
v -0.021390830301760522 0.10422561085013718 0.0057220453808883237
v -0.021367113460130434 0.14588891694326114 0.010946452545127511
v -0.021338835579694175 0.18752013017306984 0.017899237680805601
v -0.021305278558199629 0.22911166468978805 0.026574583980132835
v -0.021265372028956335 0.27065653445712967 0.036965593126375949
v -0.021217541993871266 0.31214829905987107 0.049064383831044688
v -0.021159527648026828 0.35358091618918674 0.062862141519520756
v -0.021088263250084914 0.39494848887044948 0.078349091583318958
v -0.020999423210448145 0.43624486304717891 0.095514329795702971
v -0.020887366312264781 0.47746296636270713 0.11434544370726595
v -0.020745500787058446 0.51859380710055192 0.13482780896427946
v -0.020566705190242181 0.55962508615114148 0.15694342161932939
v -0.020344715650136444 0.60053847468990684 0.18067120274642359
v -0.020076451407167521 0.64130906286201039 0.20598609353087557
v -0.019773096681845962 0.68191757087380944 0.23285075929852836
v -0.019473411422717083 0.72235676158682904 0.26124003641781196
v -0.019256792177062079 0.76265637199654768 0.29115625350169588
v -0.019234570535202597 0.80289958267003647 0.32265022158820134
v -0.019485359783936538 0.84319304269580819 0.35580644809161738
v -0.019903202678666191 0.88350283537283436 0.39060063018068764
v -0.020215954899368963 0.92346072133115931 0.42668907366948478
v -0.020326069673820439 0.96246571325007724 0.46343996566604817
v 0.020276901867615355 -0.96297922766007027 0.46394300019012308
v 0.020247132413968704 -0.92468084154920238 0.42783449264968854
v 0.020215422529136155 -0.88539021784912519 0.39229542260837735
v 0.020130439670073001 -0.84543608367191814 0.35772905464256877
v 0.020031643921881923 -0.8051113384704407 0.32445573652730686
v 0.019980153617368053 -0.76459039442632959 0.29265610763091449
v 0.019989014988758432 -0.72393496336944774 0.26239953160504204
v 0.020034057012789888 -0.68315764810761448 0.23371122105259709
v 0.020088167859463397 -0.64226519937146775 0.20661050921052121
v 0.020135030871823834 -0.60126870381740349 0.18111828180407458
v 0.020168900210411699 -0.56018141238429897 0.15725485122501381
v 0.020190453715525195 -0.51901543183392329 0.13503775933211926
v 0.020202935609873903 -0.47778011182095409 0.11448122095020491
v 0.020209839177908813 -0.43648193994632789 0.095596639426131405
v 0.020213921875904452 -0.3951252275401283 0.078393470632788731
v 0.020217021808582366 -0.35371303034504348 0.062880005316255039
v 0.020220223457714119 -0.31224799845881529 0.04906390287035034
v 0.020224103523189648 -0.27073303132930843 0.036952461262767834
v 0.020228938468702284 -0.22917171519271889 0.026552673275018205
v 0.020234845056459862 -0.1875685679330277 0.017871136312862797
v 0.02024186571469529 -0.1459291314376007 0.010913877352577869
v 0.020250020766471984 -0.10425994861934497 0.0056861411470584813
v 0.020259345916882138 -0.062568453129764307 0.0021921769318758032
v 0.020269927258950778 -0.020862791251393183 0.00043504937219347446
v 0.02028123184759742 0.020848012556638557 0.00043444616016267333
v 0.020292745846751215 0.062552831411829171 0.0021909016895953872
v 0.020304732935329244 0.10424250975657719 0.005684005776107331
v 0.020317535625400517 0.14590859371459247 0.010910524254943875
v 0.020331601006540766 0.18754314636104774 0.017865948236948519
v 0.020347558856639105 0.22913888485796902 0.026544633193038646
v 0.0203663131541728 0.27068924037303604 0.036939949560975731
v 0.020389152496477912 0.31218833319695238 0.049044420335864508
v 0.020417461374192449 0.3536307330369643 0.062850153166711109
v 0.020454442189245959 0.39501119044915667 0.07834881381704277
v 0.020503073098178649 0.43632486715509999 0.09552999081916673
v 0.020567435461226011 0.47756604188171964 0.11438287127367865
v 0.020652151950167199 0.51872756904399708 0.13489497453276497
v 0.0207617504761177 0.55979997131363957 0.15705131702997627
v 0.020899005462393202 0.60077108624472508 0.18083365235945875
v 0.021060637363351533 0.64162808346407918 0.20622106511173868
v 0.021230056377390834 0.6823639355427934 0.23319402837954104
v 0.021370625639406591 0.72298731918933146 0.26174258740634848
v 0.02142884594415894 0.76352791617400773 0.29187380542212826
v 0.021359731508592304 0.80401877598738503 0.32360268830617106
v 0.021175439230518827 0.84443290025327855 0.35690050052721289
v 0.020961422176086899 0.88459598452124166 0.39160481549398318
v 0.020793876089837224 0.92417089324240542 0.42737150904839061
v 0.020645797694251289 0.96275617458587703 0.46373419858393145
v 0.061323464923793397 -0.96278830981957375 0.46543003074581468
v 0.061422706377393277 -0.92414647708278663 0.42901499783197428
v 0.061320479793775522 -0.88450119569050567 0.39317092542620169
v 0.061064661205255347 -0.84437830789981294 0.3584818385905581
v 0.060888875187151983 -0.80412495458137079 0.32530279914528432
v 0.060893045468770689 -0.76380626374769334 0.29370045045986864
v 0.061020922580796513 -0.72336729503295116 0.26364013279926862
v 0.061194422701296977 -0.68277043651319669 0.2351072889028375
v 0.061361025333758937 -0.64200949135538066 0.20812063449006812
v 0.061497922498329735 -0.6011033405310322 0.18270533252406915
v 0.061600708263862214 -0.56007516782891864 0.15889082427363321
v 0.061674542282688628 -0.51894601600666712 0.13670363793415283
v 0.061727391080691738 -0.47773250846212062 0.1161649306969052
v 0.061766599098727261 -0.43644660344245362 0.097291000389136018
v 0.061797652166434014 -0.39509648169025646 0.080094498909234646
v 0.061824111460115641 -0.35368776612730435 0.064585645801942981
v 0.061848014829368636 -0.31222469466949476 0.050773165983940091
v 0.061870363114380406 -0.2707110771177188 0.038664885494866172
v 0.061891528600791654 -0.22915098054152208 0.028268020060045876
v 0.061911543767138331 -0.18754915351457718 0.019589232736568905
v 0.061930284532370677 -0.1459112329239578 0.012634543554575639
v 0.061947580646509834 -0.10424378599720671 0.0074091623864617675
v 0.06196328371207125 -0.062554234390108016 0.0039172984373290884
v 0.061977310968515144 -0.020850700342565288 0.0021619831667640046
v 0.061988166690760266 0.020857806540273152 0.0021631593970578033
v 0.061995332936322825 0.062560408771332898 0.0039204187316537005
v 0.061999900633780948 0.10424807944416875 0.0074139591340302751
v 0.062002230328737896 0.14591253265959445 0.012640628882546296
v 0.062002786056541762 0.18754604340807474 0.01959604637111154
v 0.062002191503587566 0.2291415965990041 0.028274755658024814
v 0.062001293293056856 0.27069296387853004 0.038670398461520511
v 0.062001216557803183 0.31219469988581394 0.050775878032406317
v 0.062003491394627963 0.35364204538063276 0.064583493685574839
v 0.062010144183404205 0.395030721300203 0.080085004220802239
v 0.062023712261408057 0.43635660230034951 0.097271580542695871
v 0.062047177317836884 0.47761525836395036 0.11613360707634388
v 0.062083645111661694 0.51880141970128224 0.13666030951325253
v 0.062135554480775679 0.55990863551562964 0.15883932386742017
v 0.062202766858583669 0.60092987855997915 0.18265666963242469
v 0.062279119640071004 0.64186009401713684 0.20809801535540376
v 0.062348756024428256 0.68270036576782156 0.2351516724489707
v 0.062386290977186981 0.72345975008733654 0.26381120874035419
v 0.062365956230811162 0.76414627427170811 0.29407084136408146
v 0.062279678410591448 0.80473816733573478 0.32590321738713707
v 0.062148501455236725 0.84514036241113755 0.35921698131084862
v 0.062003445556720244 0.88515684049395016 0.39381542000586167
v 0.061843706472850681 0.92450898838847839 0.42938968192266108
v 0.061615393881307108 0.96288785930100274 0.46555137954048093
v 0.1024733844238271 -0.96221448204892623 0.46824474668874627
v 0.10256440267325276 -0.9227254484786489 0.43106084767047526
v 0.10194956804388301 -0.88247326218138811 0.39466658417312533
v 0.1013143580525192 -0.84234836029644677 0.36002104942456525
v 0.10118482221013786 -0.80248007146083944 0.3272358039218794
v 0.10141005591366561 -0.76258273639610685 0.29604557523058295
v 0.10178567269817815 -0.72249311416579221 0.26631730330583103
v 0.1021764826594615 -0.68215869699215814 0.23803260103740823
v 0.10251541999547242 -0.64158687596416941 0.21122355476488403
v 0.10278192090318512 -0.60081486438886378 0.18592908596300131
v 0.10297999261589674 -0.55987884171685576 0.16219487241341096
v 0.10312365892612085 -0.51881076968635909 0.14005967359629362
v 0.10322832560053351 -0.47763608871192409 0.11955400585246961
v 0.10330698223409461 -0.43637386951161844 0.1007010762642018
v 0.10336915593194289 -0.39503781489742784 0.083518363366709911
v 0.10342113778692537 -0.35363755656766116 0.06801921674387057
v 0.10346667198130186 -0.3121800182403574 0.054214217352329425
v 0.10350771139169457 -0.27067066213514929 0.042112178831266403
v 0.10354506540142293 -0.22911448275252072 0.03172076846584778
v 0.10357888507748948 -0.18751669436665591 0.023046802354203793
v 0.10360899236526798 -0.14588312959025332 0.016096305937012948
v 0.10363508746349234 -0.10422040415241002 0.010874433375708162
v 0.10365687473098426 -0.062535911908231601 0.0073853227425750793
v 0.10367414266903478 -0.020837704973795765 0.0056319421208364077
v 0.10368453172240581 0.020865279889860575 0.0056343397565987718
v 0.10368761188630005 0.062562491452268026 0.0073912562345759087
v 0.10368518391577654 0.1042450467383209 0.010883585094670828
v 0.10367765138330212 0.14590484475438054 0.016108258496629738
v 0.10366553407723089 0.18753437237987025 0.023061020193603628
v 0.10364950522654975 0.22912686168271901 0.031736588590605755
v 0.10363042672831391 0.27067637997300237 0.042128838866973724
v 0.10360939669271066 0.31217784269804127 0.054230983466439515
v 0.10358780754550159 0.35362693967904285 0.068035725204203784
v 0.10356737966897625 0.39501996844100662 0.083535351393113508
v 0.10355014040241627 0.43635357671555813 0.10072173968249983
v 0.10353828935588667 0.47762444261435832 0.11958625638697049
v 0.10353383179840442 0.51882900436897139 0.14011957439183689
v 0.10353773574201727 0.5599635404739145 0.16231156677982661
v 0.10354836256321806 0.60102503688562403 0.18615161300102182
v 0.10355954003597716 0.64201277360920639 0.21162954343599033
v 0.10355987990141577 0.68292888221939796 0.23873641085736497
v 0.10353562366171734 0.72377383381609195 0.26746210587593966
v 0.10347745038411828 0.76453229756028396 0.2977848848272302
v 0.1033863853708156 0.80514961702608123 0.3296496654186335
v 0.10326977661102507 0.84550908419468962 0.36294002898638594
v 0.10312472142027543 0.88542521351894377 0.39745748789854385
v 0.10292026709424186 0.92465834841480776 0.43291898202943935
v 0.10259104781117055 0.96294053864337303 0.46897039356338932
v 0.14415364168027012 -0.960691962488183 0.47190992224526129
v 0.1433351905404362 -0.91936250192783475 0.43291564932827598
v 0.14110604374348004 -0.87863147971822386 0.39600776640277963
v 0.14050789636699437 -0.83932622177848182 0.36220020239567347
v 0.14082002925116033 -0.80024100138043908 0.33022634373406989
v 0.14150680966504497 -0.76093464151796919 0.29965152209411994
v 0.1422734837886396 -0.72128261801148263 0.27037523632074784
v 0.14296890999560896 -0.68127587966730907 0.24241958694044802
v 0.14353372038191956 -0.64094727062891566 0.21585611775753946
v 0.14396585423257627 -0.60035896779607012 0.19073814973735648
v 0.14428539926394079 -0.55955851272269763 0.16712792834944021
v 0.14451855005377798 -0.51858647190872653 0.14507723316651336
v 0.14468947479598382 -0.47747659075744803 0.12462754887579532
v 0.14481761288252917 -0.43625611248322638 0.10581115931148249
v 0.14491734762491673 -0.39494606512506353 0.088652538147242652
v 0.1449985776600147 -0.35356196593121308 0.073169969343630029
v 0.14506758993508848 -0.31211500865584318 0.059377202016133175
v 0.14512798624577902 -0.2706134742468041 0.04728488710606122
v 0.14518152935363696 -0.2290640532590999 0.036901633828811509
v 0.14522883368209522 -0.18747288055314301 0.02823465817343665
v 0.14526987752010301 -0.14584622158047661 0.021290091981435735
v 0.14530435223044263 -0.1041908416718266 0.016073058528051038
v 0.14533188549826503 -0.062514128629612448 0.012587616962400638
v 0.14535218129956165 -0.020824042121599877 0.010836656058869201
v 0.14536205571796026 0.020870599116123739 0.010840168494302603
v 0.14536124246127663 0.062559600916128319 0.012596121959342607
v 0.14535219851221015 0.10423425993744007 0.016086186688210651
v 0.14533538569174789 0.14588667978463235 0.02130739261421952
v 0.14531140207030474 0.18750956333241445 0.028255625008097685
v 0.14528100274317479 0.22909637410921715 0.036925789692438239
v 0.14524511865315676 0.27064143463137397 0.047311999445714271
v 0.14520487824131945 0.31213995271174111 0.059407761431321225
v 0.14516162507639105 0.35358797070616432 0.073206142104449062
v 0.14511691243789399 0.39498223980327501 0.08869988533230487
v 0.14507244457410892 0.43632003603085495 0.10588146485394101
v 0.14502991089505254 0.47759896828440429 0.12474307029292796
v 0.14499061292008716 0.51881689944792475 0.14527657232875066
v 0.14495476294597248 0.55997216212436984 0.16747358330256418
v 0.14492052293392615 0.60106406745130847 0.19132570768160034
v 0.14488334979899198 0.64209297054051651 0.21682467760463756
v 0.14483662460625515 0.68305797821490088 0.24396107811398457
v 0.14477401205768459 0.7239497514786547 0.27271918964388142
v 0.1446920462603298 0.76473732970236319 0.30306546857136601
v 0.14458937078068929 0.8053519234276717 0.33493078020169376
v 0.14445997048831222 0.84567440692876306 0.36819085293245013
v 0.14428242824654922 0.8855324519760851 0.40265167777304739
v 0.14401076347548161 0.92470797846013042 0.43804414940921399
v 0.14357023335648864 0.96295146040306601 0.47402805761922323
v 0.18923460595932223 -0.95649384368783041 0.47549441090897027
v 0.17983908860079434 -0.91153577538641095 0.43180676987280858
v 0.17829409019527689 -0.87347050411390303 0.3975400170024827
v 0.17877906542472169 -0.83573505087729871 0.36531532418408846
v 0.17994592917738322 -0.79756060533742079 0.33434301986625531
v 0.18128975091531666 -0.75886238567286934 0.30448452498196044
v 0.18254523462983052 -0.7196644018138445 0.27573749969784062
v 0.18359290393772637 -0.6800242112879451 0.24818357115756146
v 0.18441040840420769 -0.63999766950902881 0.22193979421416862
v 0.18503027858965249 -0.59965904351076815 0.19706940044554724
v 0.18549297590506927 -0.55905643167831953 0.17364305808252326
v 0.18583599612613227 -0.51823219582613822 0.15172322181770298
v 0.18609064658323277 -0.47722653745456239 0.13136310906803392
v 0.18628187533501878 -0.43607590918365047 0.11260639275890647
v 0.18642882668613506 -0.39481090645628103 0.09548721924338259
v 0.18654550343487716 -0.35345538739755444 0.080031215480105292
v 0.18664151549182931 -0.31202699346759494 0.066257186784502625
v 0.18672293001806223 -0.27053852850168836 0.054178953044984879
v 0.18679316472005411 -0.22899958443000654 0.043806916433848549
v 0.18685382437486039 -0.18741799188604838 0.035149183660077181
v 0.1869053989542836 -0.14580089903646928 0.02821224402744478
v 0.18694779002187867 -0.10415544920794505 0.023001299116141769
v 0.18698067474445856 -0.062489115911944886 0.019520365407549308
v 0.18700374145203275 -0.020809783153626311 0.017772258250958524
v 0.18701304686032869 0.020873873373050297 0.01777677324119949
v 0.18700855627907242 0.062552037767646507 0.019531191994670644
v 0.18699332036166344 0.10421622098337806 0.023018032464110053
v 0.18696786645330457 0.14585875338380314 0.028234438104360712
v 0.18693288080945336 0.18747256411232732 0.03517645481535716
v 0.18688921759763505 0.22905134236386407 0.043839194474299556
v 0.18683790225633351 0.27058964038643391 0.054217020162722646
v 0.18678013083355097 0.31208291096209589 0.066303734403466541
v 0.18671725991980015 0.35352747851104793 0.080092750273821872
v 0.18665077335519531 0.39492045240636375 0.095577227114653135
v 0.18658220113177465 0.43625960710265299 0.11275016035453124
v 0.18651294835311208 0.47754328120685702 0.13160443289974541
v 0.18644397911561048 0.51877037163897766 0.15213286265502152
v 0.18637535227580188 0.55994043213328193 0.1743282780099982
v 0.1863057866385362 0.60105357435735052 0.19818350260649226
v 0.18623264033151443 0.6421092800913426 0.22369068927349742
v 0.18615258248636718 0.68310270867388723 0.25083876637610003
v 0.18606252189736502 0.7240173295764798 0.27960733240425623
v 0.18595934979328177 0.76481419677489604 0.30995589995567041
v 0.18583683489654282 0.80542029465014797 0.34180917393319282
v 0.18567938457292982 0.84571951434080617 0.37504109077639092
v 0.18545441505166377 0.88554904449152017 0.40946122586382044
v 0.18510577281011803 0.92470232342024716 0.44480669123956473
v 0.18454966243972734 0.96293875515947558 0.48074189368202963
v 0.23536652413119435 -0.96532076782781162 0.493890030037549
v 0.21326097188168153 -0.90387285073365076 0.43159006347512502
v 0.21470916721705677 -0.8685497429891893 0.4005343036268677
v 0.21667760238951761 -0.83188818181802149 0.36970964661981914
v 0.21888726328707081 -0.79443373945847762 0.33964613989269055
v 0.22097038863748641 -0.75625630275009192 0.31046427578219055
v 0.22271019193056757 -0.71747536496771813 0.28228010739235021
v 0.22408305906897683 -0.67823821563939823 0.25520431745066052
v 0.22514108215601192 -0.63860316629037628 0.22936806374470844
v 0.22595287111913007 -0.59861100613629115 0.20483901176109806
v 0.22657455750542532 -0.55829502936265396 0.18167705959964658
v 0.22704804320028066 -0.51769169889905087 0.15995146763813239
v 0.22740692920136837 -0.47684652175419612 0.13972794000555572
v 0.22767893236046918 -0.43580686105668071 0.12106414345983245
v 0.22788681279677586 -0.39461563236056219 0.10400698277295094
v 0.22804859629404922 -0.35330798191995133 0.088592342638191587
v 0.22817775459351056 -0.31191070919290403 0.074846528824748418
v 0.22828363507164348 -0.27044339732315126 0.062788399827491931
v 0.22837215255016707 -0.22892025931182095 0.052431461130715937
v 0.22844662292801388 -0.18735202170342366 0.043785549736089037
v 0.22850858881362168 -0.14574747993336298 0.036858001814363946
v 0.22855852622312409 -0.10411459474413955 0.031654354133266963
v 0.22859638412024688 -0.062461146470160385 0.028178699946212665
v 0.22862195897834717 -0.02079503332519618 0.026433829714759417
v 0.2286306555750412 0.020875198925901849 0.026439231558876553
v 0.22862273844772948 0.062540114325686194 0.028191600422781939
v 0.22860178672791157 0.10419146487683399 0.031674361211912208
v 0.22856839627786885 0.14582182803051033 0.03688478700514241
v 0.22852334308717406 0.18742437176907392 0.04381910366601606
v 0.22846758416769963 0.2289930114361573 0.052472648985867502
v 0.22840224832638084 0.27052251439150926 0.062840052848182976
v 0.22832861862737738 0.3120085464929912 0.074915421992254469
v 0.22824810315556693 0.35344766238907244 0.088692512654158784
v 0.22816218449298892 0.39483725133159558 0.10416487746224122
v 0.22807233052986803 0.43617546297580917 0.12132598060786536
v 0.22797984248459338 0.47746114778502846 0.14016928662063072
v 0.22788562843623467 0.5186938218313778 0.16068832925184562
v 0.22778995043214612 0.55987353651153626 0.1828767109320823
v 0.22769228215187748 0.60100024912518923 0.20672779180313708
v 0.22759141064623067 0.64207193948006203 0.2322334654580262
v 0.22748566305142759 0.68308058556638784 0.25938101850389067
v 0.22737266389587524 0.72400551056674911 0.28814695835506876
v 0.22724769113839138 0.76480454441948809 0.31848717371864266
v 0.22709995681754738 0.80540445559729579 0.3503238265636891
v 0.22690699744369319 0.84569269059956187 0.38353055882998333
v 0.22662822836874252 0.88551256874108863 0.41791857413019895
v 0.22619905731001594 0.92466400695221951 0.45322687104064646
v 0.2255268488715145 0.96291151054616386 0.48912022488172763
v 0.2752848678131195 -0.96523920220375103 0.50399334564890563
v 0.2483768991815391 -0.89929491493230473 0.43562076356217994
v 0.25141149524454576 -0.86390901655815999 0.40514565401103136
v 0.25478945538943104 -0.82773832246406487 0.37533665630926805
v 0.25807895978758977 -0.79065093076206616 0.34608182483718036
v 0.26078888390986427 -0.7527915790254065 0.31747947069546745
v 0.26286532744543106 -0.71444045171597859 0.28981164904827139
v 0.26445758513654188 -0.6757043316495901 0.26331714976614057
v 0.26571140098929869 -0.63660308934472598 0.2380140213124487
v 0.26670648868511754 -0.59709361087630586 0.21394762983180352
v 0.26749862158669369 -0.55718125554356035 0.19115232695303488
v 0.26812307675406682 -0.51689393734238398 0.16970233520511749
v 0.26860916941060259 -0.47628372456358281 0.14967744702309319
v 0.2689835433354858 -0.43541131841818809 0.13115206663179926
v 0.2692705111448816 -0.3943347915965158 0.11418894894209676
v 0.26949131856042741 -0.35310359744068914 0.098837325062532705
v 0.26966337191863587 -0.31175666231714233 0.085133817739618409
v 0.26979990692567679 -0.27032303231018501 0.073104679848313717
v 0.26991018600253686 -0.22882376987414971 0.062768331646705686
v 0.27000010050613593 -0.18727419454828995 0.054137619440179641
v 0.27007298145093128 -0.14568593161213245 0.047221553713991997
v 0.27013042939317355 -0.10406851103395071 0.042026495963223054
v 0.27017303284994193 -0.062430451911194888 0.038556880095649469
v 0.27020091754369974 -0.020779885639821964 0.036815601094410899
v 0.27020901247341095 0.020874686222431178 0.036821783343006322
v 0.27019796521336586 0.062524171118377159 0.0385716541755814
v 0.27017182697136455 0.10416057047167168 0.042049596426916934
v 0.27013126650054098 0.1457767215331493 0.047253029429556705
v 0.27007714652455705 0.18736604212197144 0.054178376991092111
v 0.27001052207063531 0.22892267715725884 0.062821221286515627
v 0.26993262301771853 0.2704416015473895 0.073176475656669751
v 0.2698448250026928 0.31191867291902953 0.08523856289894477
v 0.26974860799789724 0.35335063686069468 0.099001585505077136
v 0.26964549721520303 0.39473509586703504 0.11445947731750254
v 0.26953697702006907 0.43607045924606713 0.13160613132154428
v 0.26942437034951205 0.47735588289457775 0.15043550035143219
v 0.26930869405106267 0.51859115522214916 0.17094164759352229
v 0.26919053389122427 0.55977635350293786 0.19311864358825931
v 0.26906999209844484 0.60091088989842989 0.2169600261267077
v 0.2689466720159473 0.64199138188294247 0.24245726938583656
v 0.26881944580515621 0.68300777294199011 0.26959645545343303
v 0.268685499353221 0.72393740076140911 0.29835228134087272
v 0.26853807172885041 0.76473722280440837 0.32867881135685117
v 0.26836255279307042 0.80533503701446429 0.36049703613677481
v 0.26813110657018746 0.84562120803564811 0.39368029372949292
v 0.26779654183843105 0.885443089027658 0.42803986990620346
v 0.26728659905282381 0.92460476803439717 0.46331434989578024
v 0.26650007655799013 0.96287442291957381 0.499166886807838
v 0.31847629608299494 -0.96077008010253007 0.51246007685556805
v 0.31526702295082432 -0.92132073806520609 0.47431332344540644
v 0.28871156703566514 -0.85899380108367096 0.41102264790364901
v 0.2938807789376402 -0.82301661692100336 0.38222190067321443
v 0.2980295864429659 -0.7857649423888653 0.35341216952434062
v 0.30087599441159268 -0.74797656851147454 0.32521099501065953
v 0.30298881634219421 -0.71015695692042857 0.29819734204089093
v 0.30468783026795604 -0.67218642360369607 0.27238823980608629
v 0.30609655511347056 -0.63384290073470895 0.24775006462301721
v 0.30726329846389905 -0.59498339817644663 0.22428988809457456
v 0.30823439299647909 -0.55561235068244375 0.20198080351751457
v 0.30902882345308463 -0.51575422570637153 0.18090357398464624
v 0.30966575190073076 -0.47547080960828347 0.1611543613450705
v 0.31016675849220948 -0.43483818740524893 0.14282644926311977
v 0.31055498570988316 -0.39393162698953077 0.12600087598762538
v 0.31085327731585027 -0.35281730033112435 0.11074295223143617
v 0.31108233745510266 -0.31154901811237112 0.097102450131153456
v 0.31125942578416349 -0.2701681242167725 0.085115669732399063
v 0.31139778852775435 -0.22870514864614216 0.074808202253099143
v 0.31150676022260465 -0.18718219765389296 0.066197658002886128
v 0.31159233736485936 -0.14561540208420096 0.05929597255770782
v 0.31165798955944213 -0.10401702946319114 0.054111149719608828
v 0.31170549929781022 -0.062397080843542403 0.050648454516791959
v 0.31173568953357833 -0.020764349317265576 0.04891115652953662
v 0.3117432971554796 0.020872493480748787 0.048918054698462887
v 0.31172948303567688 0.062504590136208807 0.050665062210190591
v 0.31169874165793371 0.10412416267134633 0.054137574879298572
v 0.31165183029050025 0.14572430348392465 0.059333178639504644
v 0.31158969692489286 0.18729868434258701 0.066248512168672904
v 0.31151348603773804 0.22884168248153403 0.074879417889516298
v 0.3114245193763161 0.27034847636360193 0.085221107028930765
v 0.31132426087760062 0.31181510072817908 0.097268329653865601
v 0.31121426890787607 0.35323846148958221 0.11101553929928629
v 0.31109613498160021 0.39461631791488178 0.12645704347445175
v 0.31097140671809065 0.43594723887120979 0.14358713301547155
v 0.31084149702108982 0.4772305199390301 0.16240017705657384
v 0.31070759222576122 0.51846598974143376 0.18289063858208388
v 0.3105705768961578 0.55965352536450619 0.20505288175205758
v 0.31043096087458921 0.60079195739216429 0.2288804875852393
v 0.31028869448185387 0.64187693193317097 0.25436458381715349
v 0.31014260109514119 0.68289728023868301 0.28149049068564619
v 0.30998901655629818 0.72382957757244293 0.31023188830400961
v 0.30981920637435839 0.76463089031502085 0.34054184738195153
v 0.30961530547725091 0.8052302677625256 0.37234057655506658
v 0.30934489777510743 0.84552035881541532 0.40550074897867927
v 0.30895487589826737 0.88535146245242535 0.4398327262605875
v 0.30836577834375195 0.9245308830793556 0.47507346134209455
v 0.30746816299578766 0.96283003438314729 0.51088349881626816
v 0.36163267454425085 -0.96641586354063669 0.5326822698857171
v 0.34573970248092245 -0.91338659659264521 0.47701850437267235
v 0.35510617205696082 -0.88449688876120558 0.45446852808138222
v 0.33524858339533403 -0.81714329951233811 0.39043555036489985
v 0.33876242279044949 -0.77870571479497064 0.36090786356349341
v 0.34108975069144021 -0.74132830073566214 0.3332434348354007
v 0.34301190806731358 -0.70444140052401194 0.30717230703780835
v 0.34471403690845676 -0.66750747223078799 0.28234382398754931
v 0.34624865161380769 -0.63014918299193945 0.25854987166321369
v 0.3476039972429415 -0.59216513479242106 0.23576404569476611
v 0.34875787423627613 -0.55347979602423769 0.21406860692280288
v 0.34973663888194306 -0.51417539854518013 0.19347237536044704
v 0.35054555545490412 -0.47432527987447887 0.1740890083480269
v 0.35119767616994291 -0.43402113180106844 0.15603129132171656
v 0.35171184270458705 -0.39335561981935052 0.13939956380191973
v 0.35211008146486494 -0.3524127205504039 0.12427701431797879
v 0.35241486273165279 -0.31126310587575257 0.11072893958180248
v 0.3526468550803003 -0.26996299333933393 0.09880430637717949
v 0.35282342944645984 -0.22855514183074679 0.088538395738549214
v 0.35295800450768994 -0.18707102982762153 0.079955753682347794
v 0.3530601164943224 -0.14553346906807985 0.073072945698742037
v 0.35313598773437216 -0.10395912746391399 0.067900843255354837
v 0.35318934377692546 -0.062360647336076817 0.064446350724331247
v 0.35322226074978286 -0.02074822178027888 0.062713602547178587
v 0.35322972003642983 0.020868884608250798 0.06272126770668042
v 0.35321361948733154 0.0624818150036454 0.064465159570404398
v 0.35317892465354334 0.10408291273251656 0.067931773381001717
v 0.35312652630687397 0.14566548523340894 0.073118894799733089
v 0.35305746818058986 0.18722344613998465 0.080023396727976981
v 0.35297297823823953 0.22875140191597282 0.088641395723748156
v 0.35287445842075582 0.27024473057445619 0.098968412120442995
v 0.35276345057219571 0.31169963294672459 0.11099953170966627
v 0.35264158769518827 0.3531131512474307 0.12472956257700536
v 0.35251053465256843 0.39448315615648505 0.1401531797571515
v 0.35237192100447873 0.43580829922777631 0.15726504826884344
v 0.35222727059467063 0.47708790396378437 0.17605990325943771
v 0.35207793342625132 0.5183217164303876 0.19653252978520092
v 0.3519250123967767 0.55950935193827689 0.21867750595304994
v 0.35176923175646507 0.60064916998987727 0.24248843910633974
v 0.35161060498017255 0.64173621155415028 0.26795624044540606
v 0.35144764167813591 0.68275877834082155 0.29506578287210522
v 0.3512757316552676 0.72369328270386812 0.32379014827553915
v 0.35108432608656459 0.76449724919407958 0.35408173827893635
v 0.35085267429005279 0.80510092144456591 0.38586000198049802
v 0.35054422744162395 0.84539883960769913 0.41899659330118999
v 0.35010037962801843 0.88524376413185435 0.45330032915459817
v 0.34943483571913003 0.9244458920939137 0.48850585834400428
v 0.34843027359391859 0.96277983003646039 0.52427057957334078
v 0.40385544882765978 -0.96096636920894873 0.54351155361539105
v 0.39891658723415951 -0.92187525542266546 0.50472514835991844
v 0.39108268624958659 -0.88938762837198315 0.47221189474993353
v 0.41909889343442508 -0.82951546681487454 0.43213962120903404
v 0.37948260268172629 -0.76878050117883057 0.36783546387349653
v 0.38117653579325061 -0.73271141034927101 0.3413996803106043
v 0.38284497216292712 -0.69728568064202434 0.31667938750408758
v 0.38453584084171799 -0.66165452984910522 0.29305910638308713
v 0.38616668239927376 -0.62545357790951384 0.27031060949735308
v 0.38769071728738053 -0.58847869122450414 0.24836983632132001
v 0.38905358677759033 -0.55066608497453284 0.22733074023306685
v 0.39022603288447721 -0.51204913577719746 0.20731866355974063
v 0.39122168777790867 -0.47274979437750386 0.18840108796763641
v 0.39204618986259032 -0.43287765762138425 0.17069861765147473
v 0.39271091728322949 -0.39254058960400467 0.15433006112015385
v 0.39323399722011337 -0.35183955484231078 0.13939683658751736
v 0.39363723463793016 -0.31086275151719411 0.12598121080160421
v 0.39394314688603249 -0.26968309941965457 0.11414697632244683
v 0.3941725927548933 -0.22835811430795783 0.10394157105908981
v 0.39434320409702972 -0.1869313938867512 0.095398885056058813
v 0.39446869480151947 -0.14543500932659603 0.088542209313417219
v 0.39455891621891126 -0.10389219704014654 0.083386940368319923
v 0.39462042400991393 -0.062319896019278835 0.079942821803204639
v 0.39465729877385347 -0.020730852930368603 0.078215650306352594
v 0.39466539073339052 0.020864343076919128 0.078224401724390158
v 0.39464771221082712 0.062456396164039092 0.079965102713353706
v 0.39460982270635908 0.10403754711233716 0.08342551649448525
v 0.39455285144671665 0.14560121026749506 0.08860369381201183
v 0.39447797883034297 0.1871414952447723 0.095496772979456301
v 0.39438652341747321 0.22865321977406736 0.10410116042327169
v 0.39427995927246906 0.27013195254937056 0.11441269451723776
v 0.39415989374132343 0.31157405027878687 0.12642680186799909
v 0.39402802399284415 0.35297667279263339 0.14013864594589334
v 0.39388608263316011 0.39433776892274636 0.15554326302573443
v 0.39373577862459952 0.43565602178757901 0.17263567452691286
v 0.39357873731527632 0.47693072071494469 0.19141094965836977
v 0.39341643662489068 0.51816148321335254 0.21186415556276719
v 0.39325011493723117 0.55934768159971748 0.23399005905593459
v 0.39308057835367821 0.60048733746645111 0.25778232105884541
v 0.39290775510236781 0.64157514399643067 0.2832317475163364
v 0.39272974227400981 0.68259919334180674 0.31032295024405654
v 0.39254099663903991 0.72353600015497654 0.33902860515603406
v 0.39232929864347144 0.76434365143125904 0.36930053795735368
v 0.39207125461223102 0.80495350557088396 0.40105735128651349
v 0.39172647540008493 0.84526180813970686 0.43416940734843806
v 0.39123117119787137 0.88512361566432429 0.46844359148113174
v 0.39049255429468688 0.92435197248977952 0.50361184889660815
v 0.38938580609827278 0.9627247789266673 0.53932810079626359
v 0.44786152512879218 -0.96703100818662802 0.56820143912694177
v 0.45499813561700531 -0.91126884764540861 0.5190269161676937
v 0.45365915932092743 -0.88310427111103618 0.49313510298348773
v 0.46417035102649912 -0.84787531236803337 0.4674314999000328
v 0.45869353365493759 -0.77542909645385294 0.40621433022786219
v 0.42092637761359369 -0.72259570523915728 0.34992364602382148
v 0.42250700205213493 -0.68876966687583896 0.32675848689139519
v 0.42417416936639513 -0.65465032008010127 0.30453243976037736
v 0.42588796043679716 -0.61971024243312256 0.28294221474583564
v 0.42754653930401887 -0.58385109135529889 0.26199054804556787
v 0.42909137168300832 -0.54701409130140544 0.24175612286225465
v 0.43047708510251304 -0.50924574998035421 0.22237705111095613
v 0.43167538972012104 -0.47063422873932875 0.20400329992325744
v 0.43268644674898032 -0.43130977705587448 0.18675049115436629
v 0.43352292795362501 -0.3914039117650534 0.17072617653634325
v 0.43419559660501433 -0.35103169641727905 0.15604865030414228
v 0.43472245259568176 -0.31029777688981031 0.14281726821314294
v 0.43512535670857194 -0.26929236994718453 0.13111191183490595
v 0.43542705504069878 -0.22808956552673557 0.12099418153419149
v 0.43564873022457606 -0.18674761715936919 0.11250964747612824
v 0.43580839017708289 -0.14531061161552178 0.10569063072227401
v 0.43592014858598205 -0.10381093552009399 0.10055907339383437
v 0.43599426747721293 -0.062271990487489895 0.097129167211988165
v 0.43603772052214906 -0.020710727524022456 0.095409543531957908
v 0.43604803535217301 0.020859793141089888 0.095420258991032639
v 0.43602993253006184 0.062429092758532499 0.097158004768046244
v 0.4359898216104392 0.10398888297587922 0.10061214464429905
v 0.43592927977636348 0.14553245540409901 0.10578112707926973
v 0.43584972637636876 0.18705400399837457 0.11266241857264851
v 0.43575260930593529 0.22854850772884383 0.12125274276399767
v 0.435639480612173 0.27001170361181809 0.13154826687947926
v 0.43551200467530771 0.31144009066928197 0.1435447614013739
v 0.43537192993631468 0.35283093122692383 0.15723774336255478
v 0.43522104329654865 0.39418223028928578 0.17262260323081194
v 0.43506111768899802 0.43549267390126656 0.1896947052621013
v 0.4348938558810283 0.4767614909742135 0.20844943357993487
v 0.43472082148603003 0.51798816658964941 0.22888211986553675
v 0.43454332281272606 0.55917187389404444 0.2509877188566213
v 0.43436216724251264 0.60031040305225158 0.27475997866482238
v 0.43417712745541293 0.6413982555140979 0.30018967432030014
v 0.43398586135273881 0.68242347493045941 0.32726125271653383
v 0.43378193409753746 0.72336278889490957 0.3559470572960291
v 0.43355156937605099 0.76417487511220894 0.38619833787851565
v 0.43326890626676196 0.80479216665432252 0.41793274785424467
v 0.43288994219817833 0.84511255870889646 0.45101916014683263
v 0.43234598156838827 0.88499339234514696 0.48526227489665119
v 0.43153808096774587 0.92425062681520198 0.52039107210524582
v 0.43033432403900868 0.96266559906730231 0.55605576439831172
v 0.48690992016529333 -0.96774353007565639 0.58714654262904153
v 0.4826617604384264 -0.91559811423034765 0.53587661997343572
v 0.49824437872197419 -0.89586794584339158 0.5257920369077026
v 0.5101341201415015 -0.84942194261105475 0.49105709420239746
v 0.49894009788275451 -0.78861924785736026 0.4357195312871821
v 0.49850240579966926 -0.72892514894152205 0.39028021322501283
v 0.46199496525146266 -0.67923718012690126 0.33762587031757363
v 0.46371177246097744 -0.6464488982659693 0.31674850611993899
v 0.46545620283086753 -0.61288729242733009 0.29642070242392771
v 0.46721663066151548 -0.57820320315189455 0.27653241256872674
v 0.46890891756315928 -0.54244537765409528 0.25720917295477014
v 0.47047297599488602 -0.50562263190064427 0.2386040961620757
v 0.47187928250506445 -0.46783964521749788 0.22085013484815433
v 0.47310093491570016 -0.4292061718908044 0.20410285412709306
v 0.47412297147309662 -0.38984714725944974 0.18851262755794351
v 0.47496645690416228 -0.34990641397978922 0.17416826757578879
v 0.47564188789721296 -0.3095021147667788 0.16118472225917407
v 0.4761672750083138 -0.26874069475829859 0.14965798917699705
v 0.47656468191024948 -0.22771345921906677 0.13966496457612021
v 0.47685720640902796 -0.18649517580745445 0.13126476921393984
v 0.47706646263324676 -0.14514451226294517 0.1245009616258945
v 0.4772109295905152 -0.10370577746694004 0.11940422814399261
v 0.47730520344435456 -0.062211423545539359 0.11599515129757879
v 0.47736002643103803 -0.020684771164346964 0.1142867549591865
v 0.47737551908220949 0.020857002814947317 0.11430137305978477
v 0.47735896799859362 0.062401082396779647 0.11603696731200122
v 0.47731803717158316 0.103937921727525 0.11948511482785264
v 0.47725511817177191 0.14546026057765202 0.1246449150838998
v 0.47717207776603704 0.18696214706779765 0.13151429217662658
v 0.47707059453826983 0.22843860793431606 0.14009034595684428
v 0.47695233683307597 0.26988549597931327 0.15036959531757862
v 0.47681903189816544 0.3112994274785274 0.16234816020633402
v 0.4766724704999234 0.35267775169621318 0.17602190849811328
v 0.47651447825117482 0.39401851583165892 0.1913865772338223
v 0.47634687144395865 0.43532039608359707 0.2084378624723919
v 0.4761714023355697 0.47658255581067216 0.22717145138691397
v 0.47598968225452676 0.51780436135526509 0.24758293323528999
v 0.47580304273593249 0.55898482928600779 0.2696674569087294
v 0.47561224580709732 0.60012159038593116 0.2934188833554624
v 0.47541687744194644 0.64120904175701487 0.31882799889493063
v 0.47521415720518251 0.68223525684525232 0.3458791281872074
v 0.47499680302328939 0.72317722425519326 0.37454429985070781
v 0.47474957471351625 0.76399422664489647 0.40477415654972604
v 0.47444428824771318 0.8046197703520549 0.43648531148243996
v 0.47403352868032606 0.84495341376441879 0.46954500427123586
v 0.47344396154461577 0.88485483762260153 0.50375557213277677
v 0.47257082705173503 0.92414302192923681 0.53884284216632239
v 0.47127551897327957 0.96260288497948143 0.57445314276731241
v 0.5289486536898349 -0.96240783690489295 0.60327522582305626
v 0.5278877579461676 -0.92640846468135885 0.56878537401715978
v 0.52575558662871724 -0.90018222279399729 0.54377571416444981
v 0.54932911912341054 -0.85334929659223746 0.51521788844233651
v 0.53959628533552118 -0.79701561766991769 0.46338870393606518
v 0.53738632174734946 -0.74138236209725883 0.41958711397154841
v 0.53916332914458587 -0.68600930346029143 0.38100190791130689
v 0.50315264105632052 -0.63730276594641322 0.32986182544198611
v 0.50495250819810567 -0.60486959594478584 0.31069656629729586
v 0.50674380320909429 -0.5714777082749668 0.29196090309335665
v 0.50853652254711479 -0.53684925801152383 0.27362969813498056
v 0.51025340371006833 -0.50109208452093734 0.25587135681934592
v 0.51183086525433441 -0.46423899441920913 0.23886803761679698
v 0.51325255196655439 -0.42642166318828989 0.22273093758013932
v 0.51449424795554144 -0.38775854834816381 0.20760893347628501
v 0.51552229316584552 -0.34836508250718179 0.19368321710313269
v 0.51636773060735019 -0.3083929904377522 0.1810214882536284
v 0.51704090323703256 -0.26796202765476557 0.16973430308002863
v 0.51755994262942995 -0.22717971800629611 0.15991380303939851
v 0.51794722883757227 -0.18613803704118775 0.15163365584725075
v 0.51822631364627114 -0.14491213749138621 0.14495038795584042
v 0.51841933530920004 -0.10356084996771417 0.13990550731962884
v 0.51854531931846792 -0.062128468614203292 0.13652807857564017
v 0.51861940265537476 -0.020647278153265634 0.13483738119198976
v 0.51864513948310698 0.020859263106087326 0.13485968991498329
v 0.51863352069169477 0.062374352858640868 0.13659495148751052
v 0.51859397561937992 0.10388605118341822 0.14003799416368803
v 0.5185302771548953 0.14538581794087879 0.14518901029910913
v 0.51844510673783228 0.18686712939988764 0.15204663031651114
v 0.51834058255127957 0.22832483102697676 0.16060845598258747
v 0.51821859105770773 0.26975477783718743 0.17087141299618089
v 0.51808096117288516 0.31115365036504899 0.18283198934629497
v 0.51792953178942414 0.3525188602253847 0.19648640492233052
v 0.51776615678603854 0.39384848480216827 0.21183073671450978
v 0.51759267654958308 0.43514118596899498 0.2288610030815266
v 0.51741086718465557 0.47639606613372154 0.24757318557538852
v 0.51722235708348252 0.51761239073062737 0.26796312732826982
v 0.51702846869939234 0.55878905304409288 0.29002617655123758
v 0.51682989140832758 0.59992356982746931 0.3137563220743812
v 0.51662601127213337 0.64101028190023901 0.33914438166608607
v 0.51641361970885968 0.68203733241348141 0.36617457197415548
v 0.51618462917643881 0.72298199732335755 0.39481860093677051
v 0.51592241689611185 0.763804181874989 0.42502646637937364
v 0.51559660625479176 0.804438488710424 0.45671366690588744
v 0.51515656180175651 0.84478618461403054 0.48974570082095487
v 0.5145245748708418 0.88470936839895953 0.52392241010146157
v 0.51359041161025887 0.92403015209049799 0.55896632536586932
v 0.51220918817611427 0.96253716702080638 0.59451975117422173
v 0.57156560160875614 -0.96801229094448216 0.63221695697985658
v 0.58015816439639045 -0.91506960485007194 0.58719994569287914
v 0.57999744920799667 -0.89039328781732474 0.56494978294357501
v 0.59023451603199795 -0.8601775914327574 0.54437619290483807
v 0.58015501337518005 -0.80212944239964745 0.49027338003084381
v 0.57685423968385385 -0.74993583560036936 0.44786790122669679
v 0.57764680867539842 -0.69823768779310136 0.41099350660806055
v 0.58017008934078029 -0.64440430735450227 0.37626793690437743
v 0.54436402742120071 -0.59589473021250206 0.32589963529653798
v 0.5462016244156942 -0.56354048091613906 0.30822091183779143
v 0.54801891177913298 -0.53017077900277365 0.29096779094383551
v 0.54983352392517515 -0.49552787796087888 0.27414772759794531
v 0.55156178462885452 -0.45973363168908371 0.25794903101691824
v 0.55315295694439182 -0.42284425796546404 0.24252945844808843
v 0.5545848589623027 -0.38498914725572564 0.22800951869047453
v 0.55583285939138993 -0.34629020064287952 0.21453319466430848
v 0.55687308064116503 -0.3068723344005464 0.20225646680954051
v 0.55771648906917271 -0.26687423141134836 0.19127977748900038
v 0.55838368167519048 -0.22642285980916832 0.18169056760772689
v 0.5588927148658076 -0.18562655506248113 0.17357676667076372
v 0.55926640536354466 -0.14457774239003451 0.1670087393484701
v 0.55952891087479573 -0.10335173349532156 0.16204043122359194
v 0.5597030331447006 -0.062007290278790546 0.15871136625121701
v 0.55980842494338823 -0.020588466146546996 0.15704907484576855
v 0.55985255573713566 0.0208723962875231 0.1570858814275416
v 0.55985151671520095 0.062352344693044855 0.15882438171307472
v 0.55981698720177175 0.10383541807162865 0.16226427295039139
v 0.55975490710662501 0.14531066514829058 0.16740754406014971
v 0.55966935041173604 0.18677027239362748 0.17425397011152824
v 0.55956324943372326 0.22820848463723789 0.18280190220315046
v 0.55943892199282719 0.26962093393844572 0.19304879702454505
v 0.55929840296740041 0.31100425393836195 0.20499156349810457
v 0.55914361940130952 0.35235586819799214 0.2186267894915559
v 0.55897645936304308 0.39367386421046729 0.23395089095058433
v 0.55879877620151486 0.43495688535996252 0.25096020131883301
v 0.55861235030017498 0.47620397972234696 0.2696509890734361
v 0.558418803950262 0.51741432790823316 0.29001934726149453
v 0.55821942798828961 0.55858672400365517 0.3120608248783624
v 0.55801482226705501 0.59971859928869786 0.33576954481665355
v 0.55780416769692254 0.64080426636122556 0.36113636307146163
v 0.5575838406647069 0.68183196196105045 0.38814538859603831
v 0.55734498753464379 0.72277926971410089 0.41676799444948165
v 0.5570696787225351 0.76360674022210973 0.44695349833439668
v 0.55672547023509455 0.8042501072167676 0.47861622461783188
v 0.5562586951690508 0.84461240171875085 0.51161984694257678
v 0.55558753535456373 0.88455822169139942 0.54576160952649677
v 0.55459662659874298 0.92391291414102006 0.58076063313924797
v 0.55313522005818139 0.96246893728580585 0.61625508638735538
v 0.6099909216489785 -0.96834295576631413 0.65523918649994539
v 0.60653384216070427 -0.91793033384814537 0.60544046137144392
v 0.62189709821491912 -0.89883208296002592 0.59769708672959065
v 0.63377315967077141 -0.85627740154036747 0.56766980705283043
v 0.62074985452937703 -0.80521781608698362 0.51717168083659815
v 0.61673166601785212 -0.75545458186371051 0.47574010015679785
v 0.61668975486208732 -0.70673879485766888 0.44021689790926477
v 0.61846180331301903 -0.65661876044380796 0.40721243950271918
v 0.62115685727586412 -0.60320292281223287 0.3751807066761777
v 0.58554947910632926 -0.55464048725894688 0.32542300452026612
v 0.5874086718253797 -0.52227772739673983 0.30916556536770823
v 0.58924521954087095 -0.48888426506450544 0.29336623778672771
v 0.59107387516949939 -0.4542069206879128 0.27804598801920999
v 0.59280648590538731 -0.41837004293040997 0.26340198931808462
v 0.59440616864348061 -0.38144408719740719 0.24956716068889195
v 0.59584643455587138 -0.3435541405146556 0.23666834858834696
v 0.59710172974247844 -0.30482347580559022 0.22484316831490134
v 0.5981567420724816 -0.26538425525086878 0.2142207455013094
v 0.59899872670588661 -0.22536498796544241 0.20493242031709016
v 0.59965905626823324 -0.18489865737812333 0.19704254678449945
v 0.60015647974492681 -0.14409434766152163 0.19063515598015782
v 0.60051494032947339 -0.10304468453318089 0.18577763412623116
v 0.600759570518556 -0.061824871195110008 0.18252155077739229
v 0.60091396609512615 -0.020493396481047747 0.18090457435026164
v 0.60098931458108451 0.020905647958693582 0.18096753266728288
v 0.60100836187678341 0.062340567842922537 0.18271596970265908
v 0.60098516564949278 0.10378928900215964 0.18615670323673025
v 0.60092875654062794 0.14523686560448248 0.19129451204984599
v 0.60084544230790538 0.18667308922566941 0.19813103453277753
v 0.60073962096942846 0.22809089646143771 0.20666584337542077
v 0.60061447011292013 0.2694852855111452 0.21689719988614667
v 0.60047247074603016 0.31085262836644423 0.22882257086045676
v 0.60031575195079911 0.35219025987925096 0.24243896900507039
v 0.6001462782339122 0.39349623666918071 0.2577431657391287
v 0.59996592227098366 0.4347691721918876 0.27473180898009197
v 0.59977645891094056 0.47600806389805367 0.29340144845614069
v 0.59957948858157983 0.51721201991107146 0.31374842214978227
v 0.59937625476308487 0.55837975240923354 0.3357684776373191
v 0.5991672567517814 0.59950862642295399 0.35945587183126243
v 0.59895146885562123 0.64059294512828191 0.38480149820029541
v 0.5987248666279914 0.68162105669015227 0.41178935209868434
v 0.5984778684947214 0.72257087158033551 0.44039045570801844
v 0.59819131160336891 0.76340361130341394 0.47055341620321078
v 0.59783080785504605 0.80405617881442959 0.50219133611961664
v 0.59733984701101051 0.84443342504059393 0.53516599910026152
v 0.59663276580893376 0.88440252155667631 0.56927197093516324
v 0.59558941260733778 0.92379213966702567 0.60422487269565273
v 0.59405358318600654 0.96239865951147519 0.63965864825256946
v 0.65173875207408394 -0.96273427085730801 0.67608386851668145
v 0.65084377503004598 -0.92726622698432182 0.64205794038724429
v 0.64886383836713857 -0.90203953347567933 0.61774915982225653
v 0.67202394403551524 -0.85719272612216901 0.59343447505502367
v 0.66128631917783276 -0.80684230196248574 0.54448473982395418
v 0.65674012542035587 -0.758837731892265 0.50384188814765329
v 0.65611490528328131 -0.71237398396853702 0.46922250261381415
v 0.65719365859279166 -0.66518020522970778 0.43751862493697585
v 0.65909841150073356 -0.61550768181462479 0.40702315764291902
v 0.66178920270401309 -0.56219326209531695 0.37734886523726258
v 0.62660601671216487 -0.51344430720561429 0.32829608161051016
v 0.6284766394857263 -0.48104676872612129 0.31344092464220585
v 0.63032306624731504 -0.44761588706970218 0.29908572829849728
v 0.6321554771050405 -0.41290402497436668 0.2852621806827525
v 0.63389703485916593 -0.3770330013506602 0.27217561759702397
v 0.63552119388938921 -0.34007653489931844 0.25994053951671309
v 0.63699101665584534 -0.30215431576699087 0.24867962296231622
v 0.63826997857496048 -0.26339145157549193 0.23851790917614635
v 0.639338359061567 -0.22392497242138085 0.22957342086422897
v 0.64019203818678816 -0.18388873308733253 0.22196026451048592
v 0.6408468261470196 -0.14340975961349484 0.21577028286839514
v 0.64133459253504088 -0.10260045160537666 0.21106921027360465
v 0.64168097071768049 -0.061553587873629433 0.20792180979115132
v 0.64191070567234088 -0.020344525150951642 0.20637900312129551
v 0.64204024784057379 0.020969275142448243 0.20648650461390239
v 0.64209614535890747 0.062344411076840182 0.20825750124690862
v 0.64209531236493611 0.10375039330661098 0.21170681608511593
v 0.64205122160356742 0.14516596890425729 0.2168435548874896
v 0.64197400568719154 0.18657672884213958 0.22367256895050591
v 0.64187080723359613 0.22797314671320951 0.23219560017061469
v 0.64174647599902535 0.26934896130666486 0.24241227064674878
v 0.64160437570897655 0.31069998356391032 0.25432088639141232
v 0.64144704179674916 0.35202332984677026 0.2679190081058534
v 0.64127659713905105 0.39331697585465869 0.28320380701857456
v 0.64109495795417237 0.43457949087420711 0.30017225540797066
v 0.64090389299819095 0.47580982373130909 0.3188211815615089
v 0.64070497116465763 0.51700701976772878 0.33914716283643048
v 0.64049937755299946 0.55816972255046382 0.3611461405007661
v 0.64028750341260687 0.59929524544572521 0.38481250152277541
v 0.64006811713039236 0.64037789706899273 0.41013717212188072
v 0.63983680830923584 0.68140615270759886 0.43710402575582735
v 0.63958330519826867 0.72235826854793905 0.46568371856286955
v 0.63928728433271342 0.76319616275095825 0.49582412198083248
v 0.63891253585746055 0.80385794413217959 0.52743707901856318
v 0.63839989333781189 0.84425033380710413 0.560382432206876
v 0.63766011125136746 0.88424314092186829 0.59445200594322889
v 0.63656859026348034 0.9236684350726555 0.62935785180629022
v 0.63496407461854742 0.96232659503103246 0.6647296212056939
v 0.69417312015161825 -0.96809692875744724 0.70989437509792253
v 0.70277253369064319 -0.91541184319027713 0.66615867348890001
v 0.70246725356830664 -0.89131738792309423 0.64431100908246142
v 0.71220050718356998 -0.86224437897698247 0.62558308075904079
v 0.70139110626650836 -0.80800436576010981 0.57276390667630916
v 0.69660931454786634 -0.76102217182466569 0.53251745188432853
v 0.69555997579387385 -0.71606823891723403 0.49852032200024771
v 0.69610365696558252 -0.67101564316872664 0.46766398208797327
v 0.69720194711440919 -0.62422463985077414 0.43821268824374998
v 0.69878176020702731 -0.57475886543000954 0.40972077295913395
v 0.70185748349621957 -0.52147660761341352 0.3826138132462269
v 0.66733883055544851 -0.47232502113158759 0.33437797216230331
v 0.66917772049059343 -0.43989715058645551 0.32089953938419391
v 0.67102928055805355 -0.40644885321703567 0.307994080827873
v 0.67291037618964944 -0.37172435317281272 0.29570360240057941
v 0.67473949008718082 -0.33582743949424293 0.28421686924145345
v 0.67645016878634256 -0.29882698578171707 0.273619863991797
v 0.67798091167344665 -0.26085286759908505 0.26401402956943942
v 0.67929267393092596 -0.22204319649258986 0.25551968390266211
v 0.6803770917238855 -0.18254047324935224 0.24825660155174484
v 0.68124470297533912 -0.14248054694240597 0.24233359265222087
v 0.68191620775071093 -0.10198931156289726 0.23784352652187102
v 0.6824157287327991 -0.061177720029071979 0.23486048339512383
v 0.68276658380502275 -0.020136596214828887 0.23343987031202335
v 0.68299025819101622 0.021061959199760529 0.23362175849554753
v 0.6831087816511644 0.062360991166692574 0.23543606184902607
v 0.68314531582787974 0.10371662141804452 0.2389057821183477
v 0.6831214567200603 0.14509706583991447 0.24404764544142735
v 0.68305439368483289 0.18648114432525462 0.25087229512632497
v 0.68295605913909729 0.22785565160290475 0.25938522185266305
v 0.68283404375131973 0.26921258150488225 0.26958823315370589
v 0.6826930861729914 0.31054701003894258 0.28148085690742797
v 0.68253633362329558 0.35185577737489504 0.29506136087508034
v 0.68236614375465421 0.39313676199747438 0.31032737286663004
v 0.68218449821265015 0.43438848848718103 0.32727620350331377
v 0.68199315971670704 0.47560986354511275 0.34590495777471325
v 0.68179365795867741 0.51679987983173759 0.36621044609112463
v 0.68158711089361645 0.55795712422211796 0.38818879682695157
v 0.6813737960776225 0.59907887115866287 0.41183452097815643
v 0.68115227775736109 0.64015944806995229 0.4371385711442935
v 0.68091777478387538 0.68118747220461195 0.46408469033020411
v 0.68065936267677762 0.72214156364341409 0.49264315555455812
v 0.68035562924269566 0.76298436129702518 0.52276108248787656
v 0.67996866399248457 0.80365521238888593 0.55434902561170163
v 0.67943682947628026 0.84406275076961512 0.58726484755991293
v 0.67866755755969188 0.88407947535616282 0.621297584240872
v 0.67753213624693176 0.92354091332094357 0.65615566747721588
v 0.67586488497222108 0.96225168990176524 0.69146475344134617
v 0.73250507767162898 -0.96833584992341071 0.73746975261666614
v 0.72899197714539454 -0.91807920722774816 0.68734719636297414
v 0.74398492525206628 -0.89907987830871883 0.68130180165691079
v 0.75440477336502332 -0.85778971356531086 0.65268690159654763
v 0.74088767813581669 -0.80925987440374203 0.60228039069675754
v 0.7359099804858279 -0.76278477552051926 0.56203684198092763
v 0.73457247647758395 -0.71876745750954474 0.52840135091765728
v 0.73472884142860084 -0.67514672449080204 0.4980658555942224
v 0.73517987320454969 -0.63035917277151754 0.46917337788711216
v 0.73523534830956738 -0.58378618140897653 0.441028652774341
v 0.73736787614136257 -0.53487706405290691 0.41530625285996126
v 0.74116970355721501 -0.48100889178880712 0.39070796077407938
v 0.70732068047525087 -0.43143400854433561 0.34339113489486117
v 0.70917324317529695 -0.3990616360860923 0.33134653331712427
v 0.71120922000316023 -0.36563451152486831 0.32001840886722155
v 0.71331870368337602 -0.33086658537015673 0.30936624875747915
v 0.71532969888154463 -0.29487687194001966 0.29951150478046579
v 0.71713715126837629 -0.25777545096598153 0.29054639733669851
v 0.71872157721906538 -0.21971948412150716 0.28258534337108288
v 0.72008048037106531 -0.18085096456327718 0.27576657454534104
v 0.72122550876390823 -0.14131137380771186 0.27021546912078365
v 0.72216952009219149 -0.10123361374990429 0.26603449468455104
v 0.72291830745243235 -0.060732630474038277 0.26329849734799932
v 0.72347210795383798 -0.01990616859692089 0.26205947456500217
v 0.72383940738049402 0.021156750717131158 0.26235988179486475
v 0.72404655436824195 0.062374540945278653 0.26424137106657786
v 0.72413184625404448 0.1036802899322771 0.26774284965940198
v 0.72413270185908707 0.14502685167652687 0.27289488210605084
v 0.72407766249183747 0.18638490498631222 0.27971745109491641
v 0.72398528970881415 0.22773753787824316 0.28822145910818631
v 0.72386655914106546 0.26907523266085387 0.29841158680973978
v 0.72372776975046471 0.31039250938677759 0.31028884348148827
v 0.72357271955980285 0.35168602861071835 0.32385229260230974
v 0.72340400039832164 0.39295361821082353 0.33910004271105643
v 0.72322364951409224 0.43419378201423697 0.35602974375435498
v 0.72303341195844983 0.47540540019904087 0.37463877106571331
v 0.72283476679351166 0.51658742588881401 0.39492416043569495
v 0.72262875501834245 0.55773840188568014 0.41688222042461864
v 0.72241553441649498 0.59885557633495856 0.4405075801428931
v 0.72219346627950276 0.63993330851298225 0.46579121293852521
v 0.72195741291114912 0.68096037189444336 0.49271672467780497
v 0.72169583310991114 0.72191576731912177 0.5212540038137502
v 0.72138629591522185 0.76276287564791301 0.55134939627274693
v 0.72098930885855261 0.80344230979829423 0.58291214828452464
v 0.72044094590765628 0.84386465132894739 0.61579811787425209
v 0.719645575148399 0.88390513419339567 0.6497935293139262
v 0.71847093549619723 0.92340299280178029 0.68460353019179709
v 0.71674889361821648 0.96216849159334084 0.71985228678470292
v 0.77421660773863388 -0.96255362567881064 0.76323092511699242
v 0.77326052628027131 -0.92684243837645541 0.72882713704056457
v 0.77066455795387245 -0.90169141772003769 0.70388342503728107
v 0.79000208735942479 -0.85824327287310387 0.68065328706209771
v 0.77933131611056228 -0.81074672538179937 0.63272740206005562
v 0.77415500913013424 -0.76481551293791272 0.59248776013773574
v 0.77262749893802429 -0.72134925739751043 0.55897230032145329
v 0.77251381615536563 -0.67860590325250159 0.52893717638482229
v 0.77256864489814836 -0.6350815559740105 0.50034597941174541
v 0.77132542121101499 -0.59005607498430201 0.4717887834957819
v 0.77061867236788906 -0.54554278470577333 0.44602810315042257
v 0.77594311632141777 -0.49534873489946757 0.4241300270021881
v 0.77822606274858641 -0.441132273478963 0.40049875870395257
v 0.74625843928017466 -0.39129395981613552 0.35521364744274925
v 0.74858515389536573 -0.35896846334907168 0.3449039550792613
v 0.751064419719774 -0.32538111307269829 0.33526715078495489
v 0.75340004018712692 -0.29039960050708652 0.32620233104454532
v 0.75552728661191548 -0.25424392388017475 0.31790388792708429
v 0.75742738881361815 -0.21703534276970365 0.31056939438905112
v 0.75915292566962045 -0.17892062980434423 0.30432304643071068
v 0.76071217404684299 -0.14002803524536847 0.29929792188144938
v 0.76208598643290826 -0.10046941406386489 0.2955835534754655
v 0.76321938435251757 -0.060336835380812921 0.2932226170477748
v 0.76405871966108196 -0.019733587705248322 0.29224378842521226
v 0.7646022105988084 0.021210542223663836 0.2926980213548106
v 0.76490311481411066 0.062365773069284487 0.29465776397561594
v 0.7650336739700011 0.10363328147101593 0.29819278870663085
v 0.76505544958935656 0.14495110599631214 0.30335446925694975
v 0.76501036590611637 0.18628439067475938 0.31017436599242854
v 0.7649234232182559 0.22761447623535419 0.31866919036184121
v 0.76480841905049135 0.26893140162333434 0.32884640474203342
v 0.76467279744117811 0.31022963405804371 0.34070836398874638
v 0.76452077615040559 0.35150587457716331 0.35425483822120502
v 0.7643550664917883 0.39275799538386674 0.36948436871466023
v 0.76417770482722747 0.43398452361744883 0.38639491996997394
v 0.76399038757732496 0.47518433764271933 0.40498412442183129
v 0.76379452285680371 0.51635636867658574 0.42524923584062418
v 0.76359105970047414 0.55749913039415699 0.44718673888507543
v 0.76338002596409626 0.59860985841957082 0.47079137868467991
v 0.76315957729194162 0.63968295720799306 0.49605414819647159
v 0.7629242296857075 0.68070737012652371 0.52295851491277634
v 0.76266185722543978 0.72166249397762861 0.55147397648076046
v 0.76234907667220475 0.76251247038227399 0.58154610604558077
v 0.76194493189102475 0.8031992049046055 0.61308284247984779
v 0.76138340358755785 0.84363527486995671 0.64593806462407477
v 0.76056631465211066 0.88369893356178186 0.67989561792646058
v 0.75935976990455523 0.92323458963177796 0.71465999858072027
v 0.75759856364651568 0.9620625708510212 0.74986242905098455
v 0.81677635859806119 -0.96772340132073087 0.80215206278990381
v 0.82664927176444081 -0.91260582082875097 0.75835515300503575
v 0.82447898134401321 -0.88738617090036931 0.73393727109348683
v 0.82361085416526181 -0.86224174554244759 0.71127479653905457
v 0.81596965409624522 -0.81320797562127078 0.66396841076481938
v 0.8108661632020675 -0.76771047039125762 0.62381281788611997
v 0.80918564683283223 -0.72455479338617679 0.59022012633301402
v 0.80891075948469526 -0.68233326824987039 0.56028001395014027
v 0.80880305626227011 -0.6395866921129203 0.53191417055689638
v 0.80732280550239821 -0.59504490488642181 0.50315231527186188
v 0.79793251705063828 -0.55394059567409348 0.47186765126368485
v 0.80952053331612595 -0.50802032675740116 0.45693134092724308
v 0.81145211422026087 -0.45560680650808344 0.43339870107764478
v 0.81276160028315048 -0.4040944698674912 0.41233874095173523
v 0.78500265638364486 -0.35230126180763216 0.37043092840511382
v 0.78780784427206885 -0.31953439928046973 0.36168811956288233
v 0.79042365669297632 -0.28558635745465583 0.35346984172270546
v 0.79286345589166185 -0.25043313565244013 0.34592521392499337
v 0.79523080620382181 -0.21421919711169543 0.33931160672063598
v 0.79752071350667431 -0.1770159384310194 0.33383208927032121
v 0.79973829221744097 -0.13891609258335805 0.32958283380495279
v 0.80177608187040506 -0.099950831349785316 0.32656038459414904
v 0.80343050222913048 -0.060159470545112601 0.32470612764786205
v 0.80457974928190379 -0.019698759351673211 0.32402178616931754
v 0.80526950821661192 0.021195880439843121 0.32461700640885627
v 0.80562967045123124 0.062326254902660388 0.32663477719505818
v 0.8057823430310469 0.10357064551613744 0.33018873890986933
v 0.80581284310502099 0.14486317039202751 0.33535174314015664
v 0.80577253255486736 0.18616988281037694 0.34216468404190953
v 0.80568965790972313 0.22747344862258562 0.3506481121587412
v 0.8055789666765929 0.26876480038200667 0.36081109027412689
v 0.80544810093111652 0.31003891399723971 0.37265672069921879
v 0.80530125639399686 0.35129276779724228 0.38618520771736836
v 0.80514106414037212 0.39252438363104308 0.40139541094275361
v 0.80496946600450681 0.43373236493979594 0.41828556550351248
v 0.80478805962659639 0.47491562034234158 0.43685354701821016
v 0.80459814930850859 0.5160730823356946 0.45709682613092539
v 0.80440056697201556 0.55720325422517458 0.47901206833073301
v 0.80419519115462335 0.59830337514880705 0.5025941424955469
v 0.80397996048716225 0.63936790910380292 0.52783407081616041
v 0.80374904734351182 0.68038598370245729 0.55471519435300998
v 0.803489769101292 0.72133741027472043 0.58320663855191135
v 0.80317786494715016 0.76218712611893824 0.61325324620153154
v 0.80277108175460743 0.8028784165081293 0.64476177284255076
v 0.80220184138775863 0.84332624602147133 0.67758476611086838
v 0.80137135395166281 0.8834135210943419 0.71150662441676804
v 0.80014928697857768 0.92299434825784088 0.74623984317000647
v 0.79838314440646063 0.96190756992816073 0.78144005310607956
v 0.855074123633071 -0.96829304234819624 0.83472210830479698
v 0.85523617061285884 -0.91461843094571516 0.78425380101633702
v 0.87278690429761552 -0.89257495190439817 0.7795031425865786
v 0.85776632497623795 -0.8706544586497732 0.74722614439913804
v 0.85056709774359285 -0.81737248964416465 0.69617541310240594
v 0.84567653965814049 -0.77194692004638954 0.65587983496161206
v 0.84383655233191035 -0.72896280106129763 0.62203498782640587
v 0.84345136857833469 -0.68703238669548694 0.59201119232357102
v 0.84333384787839039 -0.64481676186922687 0.56378748085992303
v 0.84247473379318127 -0.60076341728226357 0.53558318431957286
v 0.8356124087391068 -0.55013852893808368 0.5004901320265589
v 0.84204090655496555 -0.52087358944163198 0.4904261302118943
v 0.84457406689124137 -0.46801595832664333 0.46632846011590845
v 0.83771346369906829 -0.41975354834268802 0.43913901943711647
v 0.85137444607069079 -0.36908208005267429 0.43092836510618088
v 0.82341177060413617 -0.31369094837639827 0.38851344186222536
v 0.82614861545219997 -0.28067254138069769 0.38100485200894235
v 0.82902079023703434 -0.24672472080522737 0.37440853173596877
v 0.83203474884070427 -0.21166168856530429 0.36880563728645543
v 0.83524553146443636 -0.17557642405545229 0.36439283627656499
v 0.83854635391983778 -0.13842104807303152 0.36127621178696273
v 0.84151934232095249 -0.099993197231031644 0.35920261272544879
v 0.84369630165450127 -0.060319727601640123 0.35786685635565368
v 0.84502313794733908 -0.019810234560022816 0.35737510116435806
v 0.84574415542050752 0.021124362542591341 0.35802234876492223
v 0.84609521162707912 0.062259667629884927 0.36004449828570856
v 0.84623594661049528 0.10348522181012342 0.36358943495900692
v 0.84626041241962868 0.14474694618630016 0.36873999652837386
v 0.84621981630952736 0.18601798974384012 0.375539024131399
v 0.84614062810682 0.22728469100835555 0.38400700164795865
v 0.84603615858879544 0.26853978804767675 0.39415273176861609
v 0.84591317265931287 0.30977914269204193 0.40597924081775377
v 0.84577536934702513 0.35100018300730595 0.41948682695902606
v 0.84562508454529428 0.39220117098289436 0.43467454042376175
v 0.84546405784318013 0.4333808419853713 0.4515408491051624
v 0.84529372298140815 0.474538174088527 0.47008387114695777
v 0.84511523215992135 0.5156721311778707 0.49030130899863617
v 0.84492925978364097 0.55678123035892313 0.51219003110669536
v 0.84473550149490906 0.59786273472540019 0.53574505711072939
v 0.84453165670961927 0.63891118839197669 0.56095747309746602
v 0.84431155620354248 0.67991593413246532 0.58781054932593824
v 0.84406201854477025 0.72085726741594669 0.61627315863676269
v 0.84375809776485222 0.76170110588883622 0.64628972276762964
v 0.84335688840017919 0.80239272044744181 0.67776685064746145
v 0.84279131712457145 0.84285139503171735 0.71055922599651911
v 0.84196706203798521 0.8829693838360414 0.74446072687408527
v 0.84076647873015009 0.92261874256907084 0.77920868762071416
v 0.83906165874046312 0.96166721791730891 0.81450653487271296
v 0.89460811822632658 -0.96411489450102694 0.86521171793518337
v 0.89367561530109807 -0.93454439812999801 0.83641303622414953
v 0.88321294451541499 -0.91544348379655138 0.80920585566039127
v 0.89442318756370931 -0.87252479876957834 0.78093812088927517
v 0.88338171838652801 -0.82314006380650417 0.72924844227492824
v 0.87843838788861406 -0.77778997306192676 0.68852898547653463
v 0.87639105715765397 -0.7349035256777765 0.65430346310955845
v 0.87588405062920538 -0.69311005602812048 0.62402779239389972
v 0.87578769919304966 -0.65126841980386008 0.59581839533184044
v 0.87555976239028699 -0.60803719756046637 0.56839511512415497
v 0.87496449071535931 -0.5604963880576127 0.54005746201884797
v 0.87631204372020299 -0.53361349310128714 0.52656133951987394
v 0.8770705676473417 -0.48007949529643773 0.50003528308489797
v 0.87269767554123323 -0.42301129931947895 0.47045518100664196
v 0.88165233062702342 -0.39115682071294694 0.46529617206603513
v 0.88705174179082602 -0.33196356288001727 0.44887254835441665
v 0.86048474708357237 -0.27625971243081182 0.4087429288736063
v 0.86400341106016687 -0.24361194002628325 0.40331646842868718
v 0.86799387379724535 -0.20989856913948335 0.39907608960977831
v 0.87261807174280137 -0.17523959402574707 0.39631066743222754
v 0.87773900556103812 -0.13917341530953087 0.39496971265747621
v 0.88170542243734218 -0.10079261767927152 0.39388265049564641
v 0.8839934426562529 -0.060715768601599863 0.39268638387748361
v 0.8851993983405948 -0.019981026461709857 0.39212407447826836
v 0.88579874862415819 0.021029241650081368 0.39268761670778551
v 0.88607231775761019 0.062164177988107618 0.39465060223701659
v 0.88617336578376915 0.10335479599965462 0.39815747049300487
v 0.88618230976649526 0.14456686927926263 0.40328166289630779
v 0.88614008531969479 0.18578279779827767 0.41005897329046986
v 0.88606704841259676 0.2269932533164862 0.41850586810814355
v 0.88597325318542697 0.26819304603152017 0.42862922259283776
v 0.88586381847077955 0.30937907039839607 0.44043131354241705
v 0.88574160547530878 0.35054930382782928 0.45391228129150818
v 0.88560848467365672 0.39170232358184487 0.46907129115643981
v 0.88546589029297784 0.43283705635476227 0.48590704132532025
v 0.88531501525977563 0.47395259755294306 0.50441792070901181
v 0.88515679402777392 0.51504798164706189 0.5246019060983913
v 0.88499168607117262 0.55612177382671368 0.54645612197405224
v 0.88481916055520249 0.59717129897523014 0.56997580993361308
v 0.88463666723864487 0.63819124446726894 0.5951522390217393
v 0.88443776869918611 0.67917131189795532 0.62196886086523906
v 0.88420906653264542 0.7200926377136343 0.65039490227873165
v 0.88392578302873137 0.76092305564202822 0.68037597576651465
v 0.88354666284859207 0.80161217729753209 0.71182277076415135
v 0.88301017100932833 0.84208853983143894 0.74460147591387471
v 0.88223491319441505 0.88226174948613023 0.77853178039952331
v 0.88112657686652085 0.92203148151070868 0.81339769223213509
v 0.87959115739427385 0.96130229521894484 0.84897190074844353
v 0.93363479538510785 -0.96864479775891088 0.90531669851186647
v 0.92828016519464618 -0.92248476369021748 0.85656982495063838
v 0.92586311204683103 -0.90298617383481594 0.83662375899267816
v 0.92492276935263984 -0.87996626506242326 0.81507004981067677
v 0.91180063048786075 -0.83026001031013841 0.76057966661378551
v 0.90644658351454621 -0.78527966722007303 0.71948753620205641
v 0.9041842428851562 -0.74248766736875571 0.68478528650515702
v 0.90352326056082322 -0.70074498719584077 0.65407634253952762
v 0.90340635261702751 -0.6591428506771202 0.62568933198835308
v 0.9034521821085868 -0.6166712086819548 0.59864622298566705
v 0.90429175188479338 -0.57159348443410152 0.57262777080683125
v 0.91210302875632165 -0.54764331133925603 0.5660940060994758
v 0.90558307106138547 -0.49194435939741843 0.53143009906693506
v 0.90488708542097018 -0.44055035230900319 0.50680959431766637
v 0.91394378604564186 -0.4139028332776617 0.50357666777447407
v 0.91263279947775144 -0.35185087962854839 0.478537605791925
v 0.91744124178438036 -0.29776093578795393 0.46533416044883819
v 0.89832220997869816 -0.241802839710408 0.43313734046805213
v 0.90286735255110606 -0.20924022610712983 0.42986660678578847
v 0.91062395140586805 -0.17738267871010993 0.4305869426428216
v 0.91863642949470803 -0.14190696949007345 0.43203963394883527
v 0.92222483405658062 -0.10177673159175399 0.43050521255956542
v 0.9239142308359134 -0.061046128014268508 0.42877350972492601
v 0.92472085260370951 -0.020117676238616218 0.42787205404779727
v 0.92509849491508156 0.020917623475203359 0.42824736969561172
v 0.92526133887620143 0.062010258216188337 0.43010956619630608
v 0.9253139080493038 0.10313008350832421 0.43356009716558852
v 0.92530776226686173 0.14425967362024314 0.43864785014937185
v 0.92526825466134333 0.18538926041782161 0.44539582824298224
v 0.92520779397523822 0.22651333050062325 0.45381432984362913
v 0.92513252215059916 0.26762863228280281 0.46390751631547411
v 0.92504564266053624 0.30873310610145299 0.47567664878816657
v 0.92494903327383593 0.34982534063170628 0.48912164574610212
v 0.92484399271989914 0.39090430015604338 0.50424180497441695
v 0.92473155661938211 0.43196917023635567 0.52103610751140306
v 0.92461259018430109 0.47301922394217522 0.53950328431129235
v 0.92448773170329002 0.5140536239715684 0.55964167605122617
v 0.92435716766210774 0.55507105418752467 0.58144878894447083
v 0.92422013500607836 0.59606902415496454 0.60492030396147378
v 0.92407395795636238 0.63704263063595934 0.63004812414445022
v 0.92391235965838292 0.67798253793761221 0.65681689582426361
v 0.92372285568282975 0.71887207836933775 0.68519852684406901
v 0.92348343486321571 0.75968385232754265 0.71514493761581532
v 0.92315951153908493 0.80037701146397433 0.74658079195272264
v 0.92270288983214754 0.84089706404121101 0.77939961327716478
v 0.92205447526981299 0.88117979972931504 0.81346707016849706
v 0.92115126247575818 0.92115945738752281 0.84863322056303014
v 0.91993613741393754 0.96077914766027406 0.88475160725863378
v 0.9683479820725519 -0.96696876997854153 0.93663681833576518
v 0.97201111335481216 -0.9331593617108539 0.90816798829936807
v 0.97098062811409713 -0.90006001928405521 0.87683291915900852
v 0.95955510343332773 -0.86608549340860752 0.83560081162436528
v 0.95102713226099178 -0.82417919292341491 0.79217258402589286
v 0.94726990120569243 -0.78137787032628436 0.75429902201798094
v 0.94571425952744304 -0.73937668584247951 0.72090812778050417
v 0.94519582146468217 -0.69791550315322148 0.6906283256287632
v 0.94511227076184312 -0.65650875412001997 0.66251094742081873
v 0.94537760822920303 -0.61461593329764008 0.63613767217665751
v 0.94691895203227638 -0.57192915583255655 0.61226244051770873
v 0.95382814977058117 -0.53144766295306789 0.59641523206376446
v 0.94786842843790431 -0.49037255638162525 0.5698348871319564
v 0.94813329223579257 -0.44482353475723035 0.54877643114026275
v 0.95578740619293368 -0.40253939268875588 0.53803974110531172
v 0.95198885688540891 -0.35843401558360483 0.51766834034337827
v 0.95479206875884792 -0.31174475317309069 0.50458526008752458
v 0.96356280258036475 -0.27186483813358991 0.50137400692572287
v 0.96458692848688021 -0.23343208491697079 0.49269742679396966
v 0.95594536597348023 -0.18788468751422271 0.47470401990262118
v 0.96034615400013024 -0.14346545475129269 0.47145881402366219
v 0.96203722847284823 -0.10212195414400183 0.46802807825342591
v 0.96277952411014545 -0.061168833543952604 0.46541107305054957
v 0.9631207348172145 -0.020227411583452003 0.46408161944610099
v 0.96327548426153298 0.020741791809044459 0.46424682823007579
v 0.96333809885941957 0.06173085986374327 0.46600185633096575
v 0.96335303978889042 0.10272956759124499 0.46939143792390525
v 0.96334183025826958 0.1437310285457809 0.47443671301849072
v 0.96331497653173714 0.18473111026479472 0.48114746723548324
v 0.96327764693929963 0.22572734867962588 0.48952799109739809
v 0.96323245918337885 0.2667182058207454 0.4995799388556178
v 0.96318084626272893 0.30770265114111606 0.51130371882739423
v 0.96312370994213958 0.34867994266509561 0.52469915669076506
v 0.96306171798046347 0.38964951140595339 0.53976579836230087
v 0.96299542173659269 0.43061088534271935 0.55650302637397642
v 0.96292527243328641 0.47156360549232706 0.57491005448649168
v 0.96285155353679486 0.51250708449104299 0.59498578907127453
v 0.96277419913457185 0.5534403395167129 0.61672847237877693
v 0.96269242207330419 0.59436150246453723 0.64013493766733909
v 0.96260403467285505 0.63526698866146925 0.6651992202297955
v 0.96250434921879591 0.67615024027623583 0.69191025808530482
v 0.96238467806398476 0.71700013211491798 0.72024864467188976
v 0.96223076351604031 0.75779946367175766 0.75018298923221149
v 0.96202184027673787 0.79852431307574101 0.78166723113675129
v 0.961731174267063 0.83914508370514507 0.81464069310342391
v 0.96132856882980522 0.87962959697177479 0.84903215533479737
v 0.96078452057252628 0.91994768374331992 0.8847677099308725
v 0.96007480961216674 0.96007583948005759 0.92178022768217904
v -0.93261755801672097 0.25743072183143445 0.46834204090236264
v -0.93698452368028806 0.29725733145298228 0.48349922771849863
v -0.93932391363366741 0.33560209551053299 0.49785428746794852
v -0.93531209611217492 0.37490670715561647 0.50806379856230577
v -0.93975435599249968 0.41694837314885802 0.52886952273759891
v -0.9355927720156586 0.45672857476462575 0.54234881787570233
v -0.93968679303519975 0.49897462736076792 0.56636742743756907
v -0.93535965239599772 0.53889378501896501 0.58302846256340712
v -0.93941219297069045 0.5810578692267826 0.61043168660353275
v -0.9350557656514592 0.62092229440157032 0.63030881655505921
v -0.93909521525732953 0.6629746175336465 0.6610848877479294
v -0.93461197714072208 0.70276325742911028 0.68405621963851959
v -0.93843696423459844 0.7447200872473283 0.71800214547649821
v -0.93355903572157095 0.78440866025683931 0.74377800579535847
v -0.93734980246763699 0.82630409214283362 0.78106725337859539
v -0.93317015513404389 0.86573472095182447 0.8105154458104914
v -0.93928604934360715 0.90517885431172562 0.85119382137299915
v -0.93817805508027752 0.93737955548569318 0.87984458734514714
v -0.90226342456741815 0.27352961736238812 0.44478186625487376
v -0.8875152253012033 0.33343043175843518 0.44976771522199399
v -0.90121705809704999 0.36510641476188094 0.47315611623374376
v -0.89119235854869339 0.41567446385187079 0.48386992903199344
v -0.90164259180309037 0.44697287512499612 0.50677975314960788
v -0.89106992615898961 0.49864086569921662 0.52167780877178693
v -0.90137101599665437 0.52967364287002361 0.54692217055610037
v -0.89065147253473564 0.58120742264967507 0.56587303567690306
v -0.90095452492757921 0.61197225843115133 0.59352652046549481
v -0.89016248098208517 0.6632846002809778 0.61650169189418946
v -0.90037217173851347 0.69387798698652381 0.64648193610486626
v -0.88903332261075985 0.74484232942668416 0.67291033430131997
v -0.89879693451070908 0.77528923253498117 0.70487077958568256
v -0.88533245675706029 0.82640552421639912 0.733665807676953
v -0.89634722363147734 0.85799452593850989 0.77021130717655917
v -0.89029800413372073 0.91150953085980568 0.81203542084383307
v -0.90635027049273886 0.93998377313438108 0.85290071129830913
v -0.85456302800940986 0.32895589715574519 0.41965519992231143
v -0.84907065569283069 0.36647072950341586 0.42799441600910376
v -0.86232458341628881 0.40303728171616704 0.45341129893901128
v -0.852751312671712 0.45522656107683834 0.46759534957068516
v -0.86251515242427512 0.48719885591339818 0.49104624666527041
v -0.85261570583692248 0.53902237785310825 0.50912021324333456
v -0.86216149283765875 0.5703682072516455 0.53472450337740907
v -0.85212086893817318 0.62172268306462541 0.55668350369835884
v -0.86160854613158433 0.65269476497103251 0.58459632628628877
v -0.85132409556300748 0.70358594091444804 0.61024538368685544
v -0.86048880991907117 0.73416695139113819 0.6401318088577328
v -0.84919441920260674 0.78365919629403402 0.66797815002851135
v -0.85664773136773587 0.81345503528081531 0.69818946285097805
v -0.85942163575912622 0.90609747579815259 0.78018987264185702
v -0.81227347227188507 0.36723102542197344 0.39773168266350495
v -0.80839439756398535 0.40571846646525911 0.40943653326170981
v -0.82257105580924395 0.44272940629497171 0.43669369819745846
v -0.8129223001564394 0.49568638244430657 0.45366717786802407
v -0.8230028019298995 0.52775297880679994 0.47831852843917794
v -0.81282224825325644 0.57977796922299485 0.49878674733458211
v -0.82261651834684724 0.61107574824551081 0.52545178087493605
v -0.81222249990027207 0.66241969960235836 0.5496169049483679
v -0.82186369411325888 0.69319065319116968 0.57838753381027752
v -0.81123565652044305 0.74355318902178025 0.60585160858579279
v -0.82059448451496997 0.77322327581001282 0.63602954152752389
v -0.81196512940616539 0.82059217652422045 0.66672733012226415
v -0.82648809927325928 0.84773359833727868 0.70118801330849967
v -0.82682353703878797 0.90622251241225271 0.75276545995703503
v -0.83514184272633341 0.93795987146247439 0.78885446148272831
v -0.77122676195706508 0.40747501529123414 0.38082038556829018
v -0.76771640810586883 0.44628881811140081 0.39466359759151093
v -0.782240020971397 0.48338653377231433 0.42315430352560712
v -0.77255117959146713 0.53660119997924627 0.44278226787708092
v -0.78278074535694242 0.56866273568620596 0.46844773894881347
v -0.77245098814847835 0.62073145838862154 0.49136983913525217
v -0.78234474719257274 0.65194160538685608 0.51893809101172883
v -0.77180860385019256 0.70313285731537634 0.54540897986525416
v -0.78163004907533562 0.73357728996174276 0.57493773047513086
v -0.7717977621977804 0.78366101895725837 0.60527457330723955
v -0.78282341172821368 0.81304191190799391 0.6373091794992094
v -0.77677356975094791 0.86447652692701482 0.67573722586091689
v -0.79039270606953982 0.89582257874445803 0.71391282735299222
v -0.78027293715304835 0.94317483215351028 0.74959778452852488
v -0.73030781664182132 0.44837439997015327 0.36760124603248567
v -0.7268897622558681 0.48729340396081167 0.38329470373896957
v -0.74156778283593061 0.52439620330678749 0.41283062554578459
v -0.73183115316491731 0.57765923262853336 0.43502649785475295
v -0.74214154951524935 0.60969249915383483 0.46163501336986135
v -0.73173213423471806 0.66171576953017319 0.48702449454950192
v -0.74172164458359968 0.69282214894919536 0.51546800549555571
v -0.73135880910888085 0.74393380519473307 0.54452985074201365
v -0.74171467932568691 0.77429509049169021 0.57522788539193614
v -0.73279704643552979 0.82518254358732812 0.60933435041375983
v -0.74476105361773504 0.85558141216255335 0.64370888996760489
v -0.73706505329526406 0.90716357929169122 0.68347664763254146
v -0.75020794901826993 0.9380675019234056 0.72168720175076395
v -0.68932044651608093 0.48949345302827524 0.35778932305582783
v -0.68592510948679231 0.5284235959072876 0.37524485364051657
v -0.70067804539080458 0.56550064978342751 0.40574615373758555
v -0.69091882988140918 0.61873518735500554 0.43049208496221814
v -0.70127829057138846 0.6507321822409009 0.45800820235138101
v -0.6908911311527075 0.70270971111895797 0.48593877685322562
v -0.70104981696945601 0.73377906212054289 0.51534163292451118
v -0.69100806103608758 0.78504346972891215 0.54725962945495887
v -0.70187418678456637 0.81564605302326798 0.57933721745468247
v -0.69316098370701229 0.86677701280640218 0.61625709754746294
v -0.70513877157473903 0.8972575164365032 0.65149870840508783
v -0.69673924559742095 0.94320833713609842 0.68794634530198617
v -0.64825599547064461 0.53066720096770492 0.35132670342808281
v -0.6448720674376287 0.56957213605476509 0.37051743957073702
v -0.65966990307889506 0.60661038397468348 0.40194905142461146
v -0.64992191042625136 0.65979902051504524 0.42925548509619033
v -0.66033549994593888 0.69177098515050672 0.45768285096875322
v -0.65005124569503714 0.74374882559100219 0.48823543589851987
v -0.66042502063535902 0.77486374047697359 0.51867668351702123
v -0.65073799510726416 0.82619471305263814 0.5533939249943195
v -0.66199435199570211 0.8568656039264998 0.58660414694293939
v -0.65404294024895038 0.90766838519209181 0.62618590953123865
v -0.66724722693819993 0.93829295305472338 0.6631220191688646
v -0.60713904713129641 0.5718408043238874 0.34821323732418957
v -0.60377059568359548 0.61070936016919208 0.36913183469537597
v -0.61860791793100689 0.6477058876232582 0.40148124579418953
v -0.60890345790363287 0.70085358380871432 0.43136616149256912
v -0.61939632480535867 0.73281695283977244 0.46072540702758674
v -0.60931463226138394 0.7847811477351353 0.49394211016537126
v -0.61997809366612533 0.81590952690561702 0.5254271013845121
v -0.61095308367399725 0.86706165865815266 0.56289626260693637
v -0.62269375685190753 0.89758301881650915 0.59706322829683378
v -0.61461780124196552 0.94333474920923455 0.63422102979729456
v -0.56599026368473659 0.61299890314739747 0.34845773819330816
v -0.56264517353739929 0.6518289518793684 0.37110244674725595
v -0.57753126126068177 0.68878540612432115 0.40436875345804851
v -0.56792363357340725 0.7418888690045794 0.43685264064422863
v -0.5785655092330515 0.77383495533173907 0.4671689152417513
v -0.56892457392623419 0.82570873135395784 0.50310438520639345
v -0.58005931347763839 0.85674391881131851 0.5356186434839707
v -0.57213428382147058 0.90764063331177569 0.57594395786057739
v -0.58530370324109526 0.93833809209467012 0.61184953787095764
v -0.52482469814984667 0.65413612098953122 0.35206668186359424
v -0.52151921012757141 0.69292615451236872 0.37643916997923044
v -0.53648927101647781 0.72984011466183285 0.41063110934546687
v -0.52711166488635408 0.78287633012860325 0.44575426395863155
v -0.53805583579515914 0.81476847434068544 0.47706345044180598
v -0.52919252694040009 0.86643822692596861 0.51575224920271268
v -0.54091218993167234 0.89728446729831002 0.54921592730866597
v -0.53290328588429314 0.94318739540477581 0.58719832380631154
v -0.48366627648487392 0.69524640990844644 0.35904708873539504
v -0.48044689447242567 0.73399045911999194 0.38515814984891228
v -0.49559308355366138 0.77084950508600369 0.42029956048698236
v -0.4866973227127101 0.82376703336920121 0.45811721654051707
v -0.49814807199989991 0.8555334334845982 0.490424797494038
v -0.49041630401637282 0.90695666853090073 0.53191509824068162
v -0.50359969632031065 0.93798885065305426 0.56703878061002477
v -0.44257808293094936 0.7363172613697101 0.36941392022312874
v -0.4395537417535097 0.77499594958023621 0.3972850444517631
v -0.4550439156534446 0.81176886888954747 0.43340454981171439
v -0.44693375143502928 0.8644575128981199 0.47390593319087554
v -0.45898023323536824 0.89602850679137802 0.50712959269884972
v -0.45112045026125269 0.94245164308452789 0.54626982461231
v -0.40169285779855712 0.77730825201967946 0.38317657888514334
v -0.39903156467953604 0.81585936326075092 0.41280103514244781
v -0.41506097319204305 0.8524782677598326 0.44987922897873289
v -0.40799010888416387 0.90491568895417773 0.49305644818479288
v -0.42151796702907918 0.93677658502020433 0.52793920463308541
v -0.36115715819001182 0.81807837325915411 0.40023916081279981
v -0.35895926987228732 0.85636246524581505 0.43148522678185958
v -0.37558589458960578 0.89282067135525378 0.46946610848394815
v -0.36820546617147437 0.94037558576788371 0.51035559828573518
v -0.32088799072824514 0.85828728835387824 0.42021300464940675
v -0.31905330310745117 0.89627627627434481 0.45294020878122837
v -0.33742558074110218 0.93366390438487035 0.49313623314640653
v -0.2799804470992503 0.89673508011876091 0.44166073279722379
v -0.27652959414717082 0.93057625326316817 0.47156108972933786
v -0.23977034093910682 0.93395818234215033 0.46527559494852222
v 0.24444270021256514 -0.93326693802918059 0.46577092296658124
v 0.28112021717496183 -0.92935492873011094 0.4717261467470612
v 0.28415189844357736 -0.89384350895626485 0.44025606315785143
v 0.34237310324743608 -0.93965858555211601 0.50037941057078705
v 0.31956595223284928 -0.88803285447656222 0.44570534810579843
v 0.32802574661417799 -0.85407683935502487 0.41893474416416365
v 0.37079758555687609 -0.9354081308044887 0.50664448033922627
v 0.37238510046358175 -0.90904863225207921 0.48286235307970088
v 0.37542362611176971 -0.85031614756619489 0.43235079963423984
v 0.37793986413536418 -0.80655881431257148 0.39700051487714766
v 0.43286933500723151 -0.93377172867446145 0.52992695525615652
v 0.42547828267179033 -0.90137407780398038 0.49701425604487137
v 0.42166656454999407 -0.86730180097575194 0.46528127433031724
v 0.41919097054773502 -0.79158088430847251 0.40138723770060641
v 0.41993166876168658 -0.75624069138117245 0.37428288327288467
v 0.46747068463321606 -0.93904518103526813 0.55041284301878446
v 0.47499662877527327 -0.89614486419875494 0.51465404525291003
v 0.48676040378422047 -0.87482195797427775 0.50138018507343063
v 0.46046238086608821 -0.80915643361367462 0.4337047298860664
v 0.4594784569394309 -0.74267659548518605 0.38167400708728649
v 0.46069258957259762 -0.71072681988345177 0.35889108433364886
v 0.49997534161372048 -0.93781672342375899 0.56510199764051983
v 0.50702631710122315 -0.91539355841200731 0.54762659760405086
v 0.52045067719809923 -0.87597816636784154 0.51929080763656643
v 0.50287696610645594 -0.81981707166904449 0.46281748130467282
v 0.49858921019880742 -0.75806150482721579 0.41184982639819795
v 0.50002976499760377 -0.69844612845687115 0.36928207148951664
v 0.5016376534780983 -0.66790427207624992 0.34910444777417887
v 0.55865828250182659 -0.93682698666344177 0.59520499439063057
v 0.55414789567667744 -0.90849931390790806 0.56643708190497755
v 0.55349892524032795 -0.88171567601295764 0.5420156280356796
v 0.54443853094005623 -0.8254075259463528 0.48913512672739817
v 0.5382661422912518 -0.7687283794430636 0.44070108613162812
v 0.53846074644736897 -0.71328725660159642 0.39955666825164832
v 0.54099404546337304 -0.65628686477339093 0.36205090290921033
v 0.54276487701269316 -0.62621023716052104 0.34361162096632109
v 0.59162561606896813 -0.94098236728129037 0.61794444027432438
v 0.59964429290756993 -0.90047705406434131 0.58555003712488451
v 0.61136351419371116 -0.88096153377471653 0.57520092989714455
v 0.5851359951136117 -0.82982457873265425 0.51572792986750415
v 0.57834300888787926 -0.77574626496210208 0.46852401230887314
v 0.57736696086990846 -0.72374508077686017 0.42891869754431311
v 0.57918578838088064 -0.67100333202127049 0.3930762708321201
v 0.58208452438225666 -0.61486378020671084 0.35879622005677675
v 0.58390758565888112 -0.58489292644213897 0.34177188779783402
v 0.62333226163466704 -0.93905317628932017 0.6355369779088248
v 0.63044322799414831 -0.91724066593557896 0.61945956722553364
v 0.64386644036920571 -0.87985474190416113 0.59456451563693702
v 0.6263110903757042 -0.83188625703972352 0.54234667498964728
v 0.61860130609792496 -0.78015889818361217 0.49604322714778654
v 0.6167610768301951 -0.73084711638149191 0.45766476311426013
v 0.61779204756696127 -0.68143657934000024 0.42333513165509107
v 0.62007658066635818 -0.62961602162345498 0.39069059782008547
v 0.62305211096439983 -0.57368206562591662 0.3590080787823513
v 0.62489510321837183 -0.54371157966087347 0.34330876893750906
v 0.68139595928109409 -0.93721441992636545 0.67167304068152045
v 0.67693941227584642 -0.90951418729530265 0.64293779619334968
v 0.67624582105720554 -0.88393582662490966 0.61948820494985823
v 0.66690039105328802 -0.83240458381628479 0.56901824133755674
v 0.65885216733869256 -0.78285496364473439 0.52384678912684945
v 0.65641604648160479 -0.73549921566676746 0.48633110259030987
v 0.65676365503202172 -0.68861890117977076 0.45316305724935779
v 0.65832473315899165 -0.64013996994851508 0.42190447916391938
v 0.66057206472965269 -0.58856882030451907 0.39162574716946924
v 0.66365245359274561 -0.53267611782987756 0.36244748910815872
v 0.66554446164307868 -0.50266133693820148 0.34806474306358698
v 0.71421183323198756 -0.94112034506269404 0.69811002579583659
v 0.72198343898916151 -0.90096081901864089 0.6668264523869516
v 0.7331593907335292 -0.88187557983817022 0.65789958991463582
v 0.70670301784899181 -0.83402678766091709 0.59769251626481368
v 0.69879651152606259 -0.7846385283484375 0.55234982423457346
v 0.69598290076767211 -0.73860112238097408 0.51536855166971263
v 0.69581709109335732 -0.69352738410299863 0.48298537929076596
v 0.69669826518694489 -0.6475141634380106 0.45272866225416525
v 0.69794909079963163 -0.59928604871803703 0.42346258929100411
v 0.70019907039866547 -0.54795653487344853 0.39551365127569765
v 0.70372358086767894 -0.49189653733019123 0.36896035552930356
v 0.70553669225308013 -0.4618039060257868 0.35578872969155756
v 0.74580497844375004 -0.93898581132739645 0.71931445260588367
v 0.75270386898803099 -0.91713324576121547 0.70391874333863691
v 0.76462157978986989 -0.88025677014135073 0.67994959516596842
v 0.74648959943783288 -0.83490617917002341 0.62733184697275435
v 0.73806808703834892 -0.78624564808435082 0.5818165357220777
v 0.73501655040761382 -0.74100290684998571 0.54506385781024802
v 0.73449844990498747 -0.69713092953013089 0.5131509347062041
v 0.73486376446670487 -0.65282205044905361 0.48351714103431204
v 0.73509172310495552 -0.60690159967664925 0.45474683510279718
v 0.73561744430973219 -0.55933346868567235 0.42733639766726789
v 0.7393208592076671 -0.50792788764493935 0.40253444044680281
v 0.74259714961807677 -0.45143061077780916 0.3780023200103147
v 0.74418397502406697 -0.42151670552236642 0.36602536582856027
v 0.80427879945892156 -0.93614429379889341 0.76195572060066308
v 0.79914808945919547 -0.90792870535474757 0.73170534947307742
v 0.79563268118530761 -0.88319200751543403 0.70663474409425986
v 0.78456935409900719 -0.83540822413308591 0.65692138968479796
v 0.77625687406256094 -0.7882205959070262 0.61226865851035861
v 0.77302015045581174 -0.74347483636384648 0.57553233298398454
v 0.77227304639979344 -0.70035058870723332 0.54383860607358026
v 0.77231689399778747 -0.65715066034221692 0.51456322034172286
v 0.77189802621006787 -0.6126079865058498 0.4859674572956042
v 0.76942832949875373 -0.56759548838016216 0.45748294859819322
v 0.77333530980437593 -0.52100198886225302 0.4351132364290955
v 0.77713939224926676 -0.46795882860769528 0.41170061041533956
v 0.77938324367261014 -0.41223351989758689 0.38908806714620375
v 0.78183025733251754 -0.38277246945757787 0.37916420542054619
v 0.83793794703213031 -0.93985470897600976 0.79296493503708876
v 0.84746336308266834 -0.8956521953212403 0.76056048910317586
v 0.82002876034920391 -0.83811611765768379 0.68767152870635273
v 0.81288786076734798 -0.79106650109418775 0.64357602338249886
v 0.80952468638127306 -0.74667633274433465 0.60674945283977577
v 0.80861884818521501 -0.70398894900609643 0.57506810974059897
v 0.80850050409850616 -0.66149135362622957 0.54597227426863804
v 0.80796974603807847 -0.61777791303159613 0.51759859824701382
v 0.80398462044401531 -0.57237699905191186 0.48734323147417458
v 0.80500820201085566 -0.53336094034844284 0.46660471218042199
v 0.81077234021634759 -0.48162253905330332 0.44502369543970272
v 0.81074224441399512 -0.42930926637724121 0.42101215668725384
v 0.81660048587372003 -0.37557074562413262 0.40432750935151029
v 0.8202191774337203 -0.34508324114490252 0.39615778793323425
v 0.87009113812157723 -0.93962354998559361 0.82030780671459147
v 0.85400745950540979 -0.8431761247405849 0.72045140207340996
v 0.847612031073113 -0.79528254386571762 0.67563584199351645
v 0.84418799152341428 -0.75111063262649691 0.63860809767110671
v 0.84314124732413309 -0.70866235453763537 0.60675392322064403
v 0.84294663797098979 -0.66660530531261553 0.57768483951456817
v 0.84261584837940096 -0.62355997192306201 0.54966121394906642
v 0.8402411913816944 -0.57739956403470238 0.51995359171975797
v 0.84379017156417768 -0.4941922808631885 0.4784216140667169
v 0.84248505976332044 -0.44163963556443103 0.45269545194975847
v 0.84570784122322817 -0.39722387772923307 0.43679555910539442
v 0.85442239174951529 -0.33838570088493319 0.42261377414172852
v 0.85727040195631998 -0.30747423725701228 0.4149613866037502
v 0.9171045597257631 -0.94127891674337882 0.86377347318130826
v 0.90830534122177875 -0.91872572465184243 0.83469974970404326
v 0.90164254665859767 -0.89709313763853682 0.80927702430013393
v 0.88735878312122252 -0.84876202928450672 0.75422648591289909
v 0.88029218282823962 -0.80100815800789427 0.70840730357066106
v 0.87683746341731483 -0.75702512369803765 0.67101719285238659
v 0.87563581587564077 -0.71471018780178275 0.63882019173444937
v 0.87538159196447418 -0.67292007429060163 0.60961015941297436
v 0.87525754005217726 -0.63047201299146916 0.58187166869006268
v 0.87476424217085202 -0.58556393789677275 0.55421013460307622
v 0.87663844466310292 -0.50638300056949404 0.51254824147704736
v 0.87568225403860189 -0.45347574420045639 0.48646436112433772
v 0.88437085709734076 -0.36055900508736888 0.45635843831275558
v 0.8895340935366296 -0.30229866481957213 0.44157117439866722
v 0.89311510551568307 -0.272591788844806 0.43629909814216977
v 0.94462935944648008 -0.94121510065301484 0.88950162976437386
v 0.9480784688543189 -0.91538756451803127 0.86861493456830907
v 0.94594809785345801 -0.89296099589398148 0.84647685119080329
v 0.92171666777812267 -0.85381499859573062 0.78954628749766853
v 0.91358894434329285 -0.80773155299351429 0.74379492206223541
v 0.91003615488140988 -0.76407228717552278 0.70626428514999717
v 0.90867235482471198 -0.72187097436153169 0.67366846971087935
v 0.90832699522786065 -0.68023635409904248 0.64415942009174187
v 0.90832791518244294 -0.63829477708752647 0.61649362582531797
v 0.90869898321635278 -0.59493192176214993 0.59004786872337245
v 0.91238050712533758 -0.51708254521580166 0.55012725363063686
v 0.91022667045537164 -0.46705506718996609 0.52350439980531638
v 0.91709707922052874 -0.37989305894977626 0.49284755551568621
v 0.91921037107962511 -0.32578360995302108 0.47576615019435387
v 0.92690757673913593 -0.27278557761214972 0.46704730704370978
v 0.93192870278750717 -0.23992472306429835 0.46340817711155707
v -0.20311141933791427 0.93535862692728766 0.45848518974164282
v 0.93342572638528187 -0.20962615743050703 0.45800016843539099
v 0.21248540288761888 -0.93434462179568156 0.45944632442415634
v -0.92475862407432796 0.21714034967812712 0.45139721366339758
v -0.17115810862494527 0.93521365514747345 0.45233884101765254
f 1 51 2
f 51 197 2
f 2 197 3
f 197 198 3
f 3 198 4
f 198 199 4
f 4 199 5
f 199 200 5
f 5 200 6
f 200 201 6
f 6 201 7
f 201 202 7
f 7 202 8
f 202 203 8
f 8 203 9
f 203 204 9
f 9 204 10
f 204 205 10
f 10 205 11
f 205 206 11
f 11 206 12
f 206 207 12
f 12 207 13
f 207 208 13
f 13 208 14
f 208 209 14
f 14 209 15
f 209 210 15
f 15 210 16
f 210 211 16
f 16 211 17
f 211 212 17
f 17 212 18
f 212 213 18
f 18 213 19
f 213 214 19
f 19 214 20
f 214 215 20
f 20 215 21
f 215 216 21
f 21 216 22
f 216 217 22
f 22 217 23
f 217 218 23
f 23 218 24
f 218 219 24
f 24 219 25
f 219 220 25
f 25 220 26
f 220 221 26
f 26 221 27
f 221 222 27
f 27 222 28
f 222 223 28
f 28 223 29
f 223 224 29
f 29 224 30
f 224 225 30
f 30 225 31
f 225 226 31
f 31 226 32
f 226 227 32
f 32 227 33
f 227 228 33
f 33 228 34
f 228 229 34
f 34 229 35
f 229 230 35
f 35 230 36
f 230 231 36
f 36 231 37
f 231 232 37
f 37 232 38
f 232 233 38
f 38 233 39
f 233 234 39
f 39 234 40
f 234 235 40
f 40 235 41
f 235 236 41
f 41 236 42
f 236 237 42
f 42 237 43
f 237 238 43
f 43 238 44
f 238 239 44
f 44 239 45
f 239 240 45
f 45 240 46
f 240 241 46
f 46 241 47
f 241 242 47
f 47 242 48
f 242 243 48
f 48 243 49
f 243 244 49
f 49 244 50
f 244 52 50
f 51 53 197
f 53 245 197
f 197 245 198
f 245 246 198
f 198 246 199
f 246 247 199
f 199 247 200
f 247 248 200
f 200 248 201
f 248 249 201
f 201 249 202
f 249 250 202
f 202 250 203
f 250 251 203
f 203 251 204
f 251 252 204
f 204 252 205
f 252 253 205
f 205 253 206
f 253 254 206
f 206 254 207
f 254 255 207
f 207 255 208
f 255 256 208
f 208 256 209
f 256 257 209
f 209 257 210
f 257 258 210
f 210 258 211
f 258 259 211
f 211 259 212
f 259 260 212
f 212 260 213
f 260 261 213
f 213 261 214
f 261 262 214
f 214 262 215
f 262 263 215
f 215 263 216
f 263 264 216
f 216 264 217
f 264 265 217
f 217 265 218
f 265 266 218
f 218 266 219
f 266 267 219
f 219 267 220
f 267 268 220
f 220 268 221
f 268 269 221
f 221 269 222
f 269 270 222
f 222 270 223
f 270 271 223
f 223 271 224
f 271 272 224
f 224 272 225
f 272 273 225
f 225 273 2836
f 273 274 2836
f 226 2836 2501
f 2501 2836 275
f 227 2501 2502
f 2502 2501 2519
f 228 2502 2503
f 276 277 2503
f 229 2503 2504
f 277 2521 2504
f 230 2504 2505
f 278 279 2505
f 231 2505 2506
f 279 2523 2506
f 232 2506 2507
f 280 281 2507
f 233 2507 2508
f 281 2525 2508
f 234 2508 2509
f 282 283 2509
f 235 2509 2510
f 283 2527 2510
f 236 2510 2511
f 284 285 2511
f 237 2511 2512
f 285 2529 2512
f 238 2512 2513
f 286 287 2513
f 239 2513 2514
f 287 2531 2514
f 240 2514 2515
f 288 289 2515
f 241 2515 2516
f 289 2533 2516
f 242 2516 2517
f 290 291 2517
f 243 2517 2518
f 291 2535 2518
f 244 292 52
f 292 54 52
f 53 55 245
f 55 293 245
f 245 293 246
f 293 294 246
f 246 294 247
f 294 295 247
f 247 295 248
f 295 296 248
f 248 296 249
f 296 297 249
f 249 297 250
f 297 298 250
f 250 298 251
f 298 299 251
f 251 299 252
f 299 300 252
f 252 300 253
f 300 301 253
f 253 301 254
f 301 302 254
f 254 302 255
f 302 303 255
f 255 303 256
f 303 304 256
f 256 304 257
f 304 305 257
f 257 305 258
f 305 306 258
f 258 306 259
f 306 307 259
f 259 307 260
f 307 308 260
f 260 308 261
f 308 309 261
f 261 309 262
f 309 310 262
f 262 310 263
f 310 311 263
f 263 311 264
f 311 312 264
f 264 312 265
f 312 313 265
f 265 313 266
f 313 314 266
f 266 314 267
f 314 315 267
f 267 315 268
f 315 316 268
f 268 316 269
f 316 317 269
f 269 317 270
f 317 318 270
f 270 318 271
f 318 319 271
f 271 319 272
f 319 320 272
f 272 320 273
f 320 321 273
f 273 321 274
f 321 322 274
f 274 322 275
f 322 323 275
f 275 323 2519
f 323 324 2519
f 276 324 2520
f 324 2536 2520
f 277 2520 2521
f 325 326 2521
f 278 326 2522
f 326 2538 2522
f 279 2522 2523
f 327 328 2523
f 280 328 2524
f 328 2540 2524
f 281 2524 2525
f 329 330 2525
f 282 330 2526
f 330 2542 2526
f 283 2526 2527
f 331 332 2527
f 284 332 2528
f 332 2544 2528
f 285 2528 2529
f 333 334 2529
f 286 334 2530
f 334 2546 2530
f 287 2530 2531
f 335 336 2531
f 288 336 2532
f 336 2548 2532
f 289 2532 2533
f 337 338 2533
f 290 338 2534
f 338 2549 2534
f 291 2534 2535
f 339 340 2535
f 292 340 54
f 340 56 54
f 55 57 293
f 57 341 293
f 293 341 294
f 341 342 294
f 294 342 295
f 342 343 295
f 295 343 296
f 343 344 296
f 296 344 297
f 344 345 297
f 297 345 298
f 345 346 298
f 298 346 299
f 346 347 299
f 299 347 300
f 347 348 300
f 300 348 301
f 348 349 301
f 301 349 302
f 349 350 302
f 302 350 303
f 350 351 303
f 303 351 304
f 351 352 304
f 304 352 305
f 352 353 305
f 305 353 306
f 353 354 306
f 306 354 307
f 354 355 307
f 307 355 308
f 355 356 308
f 308 356 309
f 356 357 309
f 309 357 310
f 357 358 310
f 310 358 311
f 358 359 311
f 311 359 312
f 359 360 312
f 312 360 313
f 360 361 313
f 313 361 314
f 361 362 314
f 314 362 315
f 362 363 315
f 315 363 316
f 363 364 316
f 316 364 317
f 364 365 317
f 317 365 318
f 365 366 318
f 318 366 319
f 366 367 319
f 319 367 320
f 367 368 320
f 320 368 321
f 368 369 321
f 321 369 322
f 369 370 322
f 322 370 323
f 370 371 323
f 323 371 324
f 371 372 324
f 324 372 2536
f 372 373 2536
f 325 2536 2537
f 373 2550 2537
f 326 2537 2538
f 374 375 2538
f 327 375 2539
f 375 2552 2539
f 328 2539 2540
f 376 377 2540
f 329 377 2541
f 377 2554 2541
f 330 2541 2542
f 378 379 2542
f 331 379 2543
f 379 2556 2543
f 332 2543 2544
f 380 381 2544
f 333 381 2545
f 381 2558 2545
f 334 2545 2546
f 382 383 2546
f 335 383 2547
f 383 2560 2547
f 336 2547 2548
f 384 385 2548
f 385 2562 337
f 338 386 2549
f 386 2563 2549
f 2549 387 339
f 387 2564 339
f 340 388 56
f 388 58 56
f 57 59 341
f 59 389 341
f 341 389 342
f 389 390 342
f 342 390 343
f 390 391 343
f 343 391 344
f 391 392 344
f 344 392 345
f 392 393 345
f 345 393 346
f 393 394 346
f 346 394 347
f 394 395 347
f 347 395 348
f 395 396 348
f 348 396 349
f 396 397 349
f 349 397 350
f 397 398 350
f 350 398 351
f 398 399 351
f 351 399 352
f 399 400 352
f 352 400 353
f 400 401 353
f 353 401 354
f 401 402 354
f 354 402 355
f 402 403 355
f 355 403 356
f 403 404 356
f 356 404 357
f 404 405 357
f 357 405 358
f 405 406 358
f 358 406 359
f 406 407 359
f 359 407 360
f 407 408 360
f 360 408 361
f 408 409 361
f 361 409 362
f 409 410 362
f 362 410 363
f 410 411 363
f 363 411 364
f 411 412 364
f 364 412 365
f 412 413 365
f 365 413 366
f 413 414 366
f 366 414 367
f 414 415 367
f 367 415 368
f 415 416 368
f 368 416 369
f 416 417 369
f 369 417 370
f 417 418 370
f 370 418 371
f 418 419 371
f 371 419 372
f 419 420 372
f 372 420 373
f 420 421 373
f 373 421 2550
f 421 422 2550
f 374 2550 2551
f 422 2565 2551
f 375 2551 2552
f 423 424 2552
f 376 424 2553
f 424 2567 2553
f 377 2553 2554
f 425 426 2554
f 378 426 2555
f 426 2569 2555
f 379 2555 2556
f 427 428 2556
f 380 428 2557
f 428 2571 2557
f 381 2557 2558
f 429 430 2558
f 382 430 2559
f 430 2573 2559
f 383 2559 2560
f 431 432 2560
f 384 432 2561
f 432 2575 2561
f 385 2561 2562
f 433 434 2562
f 386 434 2563
f 434 2577 2563
f 387 2563 2564
f 435 436 2564
f 388 436 58
f 436 60 58
f 59 61 389
f 61 437 389
f 389 437 390
f 437 438 390
f 390 438 391
f 438 439 391
f 391 439 392
f 439 440 392
f 392 440 393
f 440 441 393
f 393 441 394
f 441 442 394
f 394 442 395
f 442 443 395
f 395 443 396
f 443 444 396
f 396 444 397
f 444 445 397
f 397 445 398
f 445 446 398
f 398 446 399
f 446 447 399
f 399 447 400
f 447 448 400
f 400 448 401
f 448 449 401
f 401 449 402
f 449 450 402
f 402 450 403
f 450 451 403
f 403 451 404
f 451 452 404
f 404 452 405
f 452 453 405
f 405 453 406
f 453 454 406
f 406 454 407
f 454 455 407
f 407 455 408
f 455 456 408
f 408 456 409
f 456 457 409
f 409 457 410
f 457 458 410
f 410 458 411
f 458 459 411
f 411 459 412
f 459 460 412
f 412 460 413
f 460 461 413
f 413 461 414
f 461 462 414
f 414 462 415
f 462 463 415
f 415 463 416
f 463 464 416
f 416 464 417
f 464 465 417
f 417 465 418
f 465 466 418
f 418 466 419
f 466 467 419
f 419 467 420
f 467 468 420
f 420 468 421
f 468 469 421
f 421 469 422
f 469 470 422
f 422 470 2565
f 470 471 2565
f 423 2565 2566
f 471 2579 2566
f 424 2566 2567
f 472 473 2567
f 425 473 2568
f 473 2581 2568
f 426 2568 2569
f 474 475 2569
f 427 475 2570
f 475 2583 2570
f 428 2570 2571
f 476 477 2571
f 429 477 2572
f 477 2585 2572
f 430 2572 2573
f 478 479 2573
f 431 479 2574
f 479 2587 2574
f 432 2574 2575
f 480 481 2575
f 433 481 2576
f 481 2589 2576
f 434 2576 2577
f 482 483 2577
f 435 483 2578
f 483 2591 2578
f 436 484 60
f 484 62 60
f 61 63 437
f 63 485 437
f 437 485 438
f 485 486 438
f 438 486 439
f 486 487 439
f 439 487 440
f 487 488 440
f 440 488 441
f 488 489 441
f 441 489 442
f 489 490 442
f 442 490 443
f 490 491 443
f 443 491 444
f 491 492 444
f 444 492 445
f 492 493 445
f 445 493 446
f 493 494 446
f 446 494 447
f 494 495 447
f 447 495 448
f 495 496 448
f 448 496 449
f 496 497 449
f 449 497 450
f 497 498 450
f 450 498 451
f 498 499 451
f 451 499 452
f 499 500 452
f 452 500 453
f 500 501 453
f 453 501 454
f 501 502 454
f 454 502 455
f 502 503 455
f 455 503 456
f 503 504 456
f 456 504 457
f 504 505 457
f 457 505 458
f 505 506 458
f 458 506 459
f 506 507 459
f 459 507 460
f 507 508 460
f 460 508 461
f 508 509 461
f 461 509 462
f 509 510 462
f 462 510 463
f 510 511 463
f 463 511 464
f 511 512 464
f 464 512 465
f 512 513 465
f 465 513 466
f 513 514 466
f 466 514 467
f 514 515 467
f 467 515 468
f 515 516 468
f 468 516 469
f 516 517 469
f 469 517 470
f 517 518 470
f 470 518 471
f 518 519 471
f 471 519 2579
f 519 520 2579
f 472 2579 2580
f 520 2592 2580
f 473 2580 2581
f 521 522 2581
f 474 522 2582
f 522 2594 2582
f 475 2582 2583
f 523 524 2583
f 476 524 2584
f 524 2596 2584
f 477 2584 2585
f 525 526 2585
f 478 526 2586
f 526 2598 2586
f 479 2586 2587
f 527 528 2587
f 480 528 2588
f 528 2600 2588
f 481 2588 2589
f 529 530 2589
f 482 530 2590
f 530 2602 2590
f 483 2590 2591
f 531 532 2591
f 484 532 62
f 532 64 62
f 63 65 485
f 65 533 485
f 485 533 486
f 533 534 486
f 486 534 487
f 534 535 487
f 487 535 488
f 535 536 488
f 488 536 489
f 536 537 489
f 489 537 490
f 537 538 490
f 490 538 491
f 538 539 491
f 491 539 492
f 539 540 492
f 492 540 493
f 540 541 493
f 493 541 494
f 541 542 494
f 494 542 495
f 542 543 495
f 495 543 496
f 543 544 496
f 496 544 497
f 544 545 497
f 497 545 498
f 545 546 498
f 498 546 499
f 546 547 499
f 499 547 500
f 547 548 500
f 500 548 501
f 548 549 501
f 501 549 502
f 549 550 502
f 502 550 503
f 550 551 503
f 503 551 504
f 551 552 504
f 504 552 505
f 552 553 505
f 505 553 506
f 553 554 506
f 506 554 507
f 554 555 507
f 507 555 508
f 555 556 508
f 508 556 509
f 556 557 509
f 509 557 510
f 557 558 510
f 510 558 511
f 558 559 511
f 511 559 512
f 559 560 512
f 512 560 513
f 560 561 513
f 513 561 514
f 561 562 514
f 514 562 515
f 562 563 515
f 515 563 516
f 563 564 516
f 516 564 517
f 564 565 517
f 517 565 518
f 565 566 518
f 518 566 519
f 566 567 519
f 519 567 520
f 567 568 520
f 520 568 2592
f 568 569 2592
f 521 2592 2593
f 569 2604 2593
f 522 2593 2594
f 570 571 2594
f 523 571 2595
f 571 2606 2595
f 524 2595 2596
f 572 573 2596
f 525 573 2597
f 573 2608 2597
f 526 2597 2598
f 574 575 2598
f 527 575 2599
f 575 2610 2599
f 528 2599 2600
f 576 577 2600
f 529 577 2601
f 577 2612 2601
f 530 2601 2602
f 578 579 2602
f 531 579 2603
f 579 2614 2603
f 532 580 64
f 580 66 64
f 65 67 533
f 67 581 533
f 533 581 534
f 581 582 534
f 534 582 535
f 582 583 535
f 535 583 536
f 583 584 536
f 536 584 537
f 584 585 537
f 537 585 538
f 585 586 538
f 538 586 539
f 586 587 539
f 539 587 540
f 587 588 540
f 540 588 541
f 588 589 541
f 541 589 542
f 589 590 542
f 542 590 543
f 590 591 543
f 543 591 544
f 591 592 544
f 544 592 545
f 592 593 545
f 545 593 546
f 593 594 546
f 546 594 547
f 594 595 547
f 547 595 548
f 595 596 548
f 548 596 549
f 596 597 549
f 549 597 550
f 597 598 550
f 550 598 551
f 598 599 551
f 551 599 552
f 599 600 552
f 552 600 553
f 600 601 553
f 553 601 554
f 601 602 554
f 554 602 555
f 602 603 555
f 555 603 556
f 603 604 556
f 556 604 557
f 604 605 557
f 557 605 558
f 605 606 558
f 558 606 559
f 606 607 559
f 559 607 560
f 607 608 560
f 560 608 561
f 608 609 561
f 561 609 562
f 609 610 562
f 562 610 563
f 610 611 563
f 563 611 564
f 611 612 564
f 564 612 565
f 612 613 565
f 565 613 566
f 613 614 566
f 566 614 567
f 614 615 567
f 567 615 568
f 615 616 568
f 568 616 569
f 616 617 569
f 569 617 2604
f 617 618 2604
f 570 2604 2605
f 618 2615 2605
f 571 2605 2606
f 619 620 2606
f 572 620 2607
f 620 2617 2607
f 573 2607 2608
f 621 622 2608
f 574 622 2609
f 622 2619 2609
f 575 2609 2610
f 623 624 2610
f 576 624 2611
f 624 2621 2611
f 577 2611 2612
f 625 626 2612
f 578 626 2613
f 626 2623 2613
f 579 2613 2614
f 627 628 2614
f 580 628 66
f 628 68 66
f 67 69 581
f 69 629 581
f 581 629 582
f 629 630 582
f 582 630 583
f 630 631 583
f 583 631 584
f 631 632 584
f 584 632 585
f 632 633 585
f 585 633 586
f 633 634 586
f 586 634 587
f 634 635 587
f 587 635 588
f 635 636 588
f 588 636 589
f 636 637 589
f 589 637 590
f 637 638 590
f 590 638 591
f 638 639 591
f 591 639 592
f 639 640 592
f 592 640 593
f 640 641 593
f 593 641 594
f 641 642 594
f 594 642 595
f 642 643 595
f 595 643 596
f 643 644 596
f 596 644 597
f 644 645 597
f 597 645 598
f 645 646 598
f 598 646 599
f 646 647 599
f 599 647 600
f 647 648 600
f 600 648 601
f 648 649 601
f 601 649 602
f 649 650 602
f 602 650 603
f 650 651 603
f 603 651 604
f 651 652 604
f 604 652 605
f 652 653 605
f 605 653 606
f 653 654 606
f 606 654 607
f 654 655 607
f 607 655 608
f 655 656 608
f 608 656 609
f 656 657 609
f 609 657 610
f 657 658 610
f 610 658 611
f 658 659 611
f 611 659 612
f 659 660 612
f 612 660 613
f 660 661 613
f 613 661 614
f 661 662 614
f 614 662 615
f 662 663 615
f 615 663 616
f 663 664 616
f 616 664 617
f 664 665 617
f 617 665 618
f 665 666 618
f 618 666 2615
f 666 667 2615
f 619 2615 2616
f 667 2625 2616
f 620 2616 2617
f 668 669 2617
f 621 669 2618
f 669 2627 2618
f 622 2618 2619
f 670 671 2619
f 623 671 2620
f 671 2629 2620
f 624 2620 2621
f 672 673 2621
f 625 673 2622
f 673 2631 2622
f 626 2622 2623
f 674 675 2623
f 627 675 2624
f 675 2633 2624
f 628 676 68
f 676 70 68
f 69 71 629
f 71 677 629
f 629 677 630
f 677 678 630
f 630 678 631
f 678 679 631
f 631 679 632
f 679 680 632
f 632 680 633
f 680 681 633
f 633 681 634
f 681 682 634
f 634 682 635
f 682 683 635
f 635 683 636
f 683 684 636
f 636 684 637
f 684 685 637
f 637 685 638
f 685 686 638
f 638 686 639
f 686 687 639
f 639 687 640
f 687 688 640
f 640 688 641
f 688 689 641
f 641 689 642
f 689 690 642
f 642 690 643
f 690 691 643
f 643 691 644
f 691 692 644
f 644 692 645
f 692 693 645
f 645 693 646
f 693 694 646
f 646 694 647
f 694 695 647
f 647 695 648
f 695 696 648
f 648 696 649
f 696 697 649
f 649 697 650
f 697 698 650
f 650 698 651
f 698 699 651
f 651 699 652
f 699 700 652
f 652 700 653
f 700 701 653
f 653 701 654
f 701 702 654
f 654 702 655
f 702 703 655
f 655 703 656
f 703 704 656
f 656 704 657
f 704 705 657
f 657 705 658
f 705 706 658
f 658 706 659
f 706 707 659
f 659 707 660
f 707 708 660
f 660 708 661
f 708 709 661
f 661 709 662
f 709 710 662
f 662 710 663
f 710 711 663
f 663 711 664
f 711 712 664
f 664 712 665
f 712 713 665
f 665 713 666
f 713 714 666
f 666 714 667
f 714 715 667
f 667 715 2625
f 715 716 2625
f 668 2625 2626
f 716 2634 2626
f 669 2626 2627
f 717 718 2627
f 670 718 2628
f 718 2636 2628
f 671 2628 2629
f 719 720 2629
f 672 720 2630
f 720 2638 2630
f 673 2630 2631
f 721 722 2631
f 674 722 2632
f 722 2640 2632
f 675 2632 2633
f 723 724 2633
f 676 724 70
f 724 72 70
f 71 73 677
f 73 725 677
f 677 725 678
f 725 726 678
f 678 726 679
f 726 727 679
f 679 727 680
f 727 728 680
f 680 728 681
f 728 729 681
f 681 729 682
f 729 730 682
f 682 730 683
f 730 731 683
f 683 731 684
f 731 732 684
f 684 732 685
f 732 733 685
f 685 733 686
f 733 734 686
f 686 734 687
f 734 735 687
f 687 735 688
f 735 736 688
f 688 736 689
f 736 737 689
f 689 737 690
f 737 738 690
f 690 738 691
f 738 739 691
f 691 739 692
f 739 740 692
f 692 740 693
f 740 741 693
f 693 741 694
f 741 742 694
f 694 742 695
f 742 743 695
f 695 743 696
f 743 744 696
f 696 744 697
f 744 745 697
f 697 745 698
f 745 746 698
f 698 746 699
f 746 747 699
f 699 747 700
f 747 748 700
f 700 748 701
f 748 749 701
f 701 749 702
f 749 750 702
f 702 750 703
f 750 751 703
f 703 751 704
f 751 752 704
f 704 752 705
f 752 753 705
f 705 753 706
f 753 754 706
f 706 754 707
f 754 755 707
f 707 755 708
f 755 756 708
f 708 756 709
f 756 757 709
f 709 757 710
f 757 758 710
f 710 758 711
f 758 759 711
f 711 759 712
f 759 760 712
f 712 760 713
f 760 761 713
f 713 761 714
f 761 762 714
f 714 762 715
f 762 763 715
f 715 763 716
f 763 764 716
f 716 764 2634
f 764 765 2634
f 717 2634 2635
f 765 2642 2635
f 718 2635 2636
f 766 767 2636
f 719 767 2637
f 767 2644 2637
f 720 2637 2638
f 768 769 2638
f 721 769 2639
f 769 2646 2639
f 722 2639 2640
f 770 771 2640
f 723 771 2641
f 771 2648 2641
f 724 772 72
f 772 74 72
f 73 75 725
f 75 773 725
f 725 773 726
f 773 774 726
f 726 774 727
f 774 775 727
f 727 775 728
f 775 776 728
f 728 776 729
f 776 777 729
f 729 777 730
f 777 778 730
f 730 778 731
f 778 779 731
f 731 779 732
f 779 780 732
f 732 780 733
f 780 781 733
f 733 781 734
f 781 782 734
f 734 782 735
f 782 783 735
f 735 783 736
f 783 784 736
f 736 784 737
f 784 785 737
f 737 785 738
f 785 786 738
f 738 786 739
f 786 787 739
f 739 787 740
f 787 788 740
f 740 788 741
f 788 789 741
f 741 789 742
f 789 790 742
f 742 790 743
f 790 791 743
f 743 791 744
f 791 792 744
f 744 792 745
f 792 793 745
f 745 793 746
f 793 794 746
f 746 794 747
f 794 795 747
f 747 795 748
f 795 796 748
f 748 796 749
f 796 797 749
f 749 797 750
f 797 798 750
f 750 798 751
f 798 799 751
f 751 799 752
f 799 800 752
f 752 800 753
f 800 801 753
f 753 801 754
f 801 802 754
f 754 802 755
f 802 803 755
f 755 803 756
f 803 804 756
f 756 804 757
f 804 805 757
f 757 805 758
f 805 806 758
f 758 806 759
f 806 807 759
f 759 807 760
f 807 808 760
f 760 808 761
f 808 809 761
f 761 809 762
f 809 810 762
f 762 810 763
f 810 811 763
f 763 811 764
f 811 812 764
f 764 812 765
f 812 813 765
f 765 813 2642
f 813 814 2642
f 766 2642 2643
f 814 2649 2643
f 767 2643 2644
f 815 816 2644
f 768 816 2645
f 816 2651 2645
f 769 2645 2646
f 817 818 2646
f 770 818 2647
f 818 2653 2647
f 771 2647 2648
f 819 820 2648
f 772 820 74
f 820 76 74
f 75 77 773
f 77 821 773
f 773 821 774
f 821 822 774
f 774 822 775
f 822 823 775
f 775 823 776
f 823 824 776
f 776 824 777
f 824 825 777
f 777 825 778
f 825 826 778
f 778 826 779
f 826 827 779
f 779 827 780
f 827 828 780
f 780 828 781
f 828 829 781
f 781 829 782
f 829 830 782
f 782 830 783
f 830 831 783
f 783 831 784
f 831 832 784
f 784 832 785
f 832 833 785
f 785 833 786
f 833 834 786
f 786 834 787
f 834 835 787
f 787 835 788
f 835 836 788
f 788 836 789
f 836 837 789
f 789 837 790
f 837 838 790
f 790 838 791
f 838 839 791
f 791 839 792
f 839 840 792
f 792 840 793
f 840 841 793
f 793 841 794
f 841 842 794
f 794 842 795
f 842 843 795
f 795 843 796
f 843 844 796
f 796 844 797
f 844 845 797
f 797 845 798
f 845 846 798
f 798 846 799
f 846 847 799
f 799 847 800
f 847 848 800
f 800 848 801
f 848 849 801
f 801 849 802
f 849 850 802
f 802 850 803
f 850 851 803
f 803 851 804
f 851 852 804
f 804 852 805
f 852 853 805
f 805 853 806
f 853 854 806
f 806 854 807
f 854 855 807
f 807 855 808
f 855 856 808
f 808 856 809
f 856 857 809
f 809 857 810
f 857 858 810
f 810 858 811
f 858 859 811
f 811 859 812
f 859 860 812
f 812 860 813
f 860 861 813
f 813 861 814
f 861 862 814
f 814 862 2649
f 862 863 2649
f 815 2649 2650
f 863 2655 2650
f 816 2650 2651
f 864 865 2651
f 817 865 2652
f 865 2657 2652
f 818 2652 2653
f 866 867 2653
f 819 867 2654
f 867 2659 2654
f 820 868 76
f 868 78 76
f 77 79 821
f 79 869 821
f 821 869 822
f 869 870 822
f 822 870 823
f 870 871 823
f 823 871 824
f 871 872 824
f 824 872 825
f 872 873 825
f 825 873 826
f 873 874 826
f 826 874 827
f 874 875 827
f 827 875 828
f 875 876 828
f 828 876 829
f 876 877 829
f 829 877 830
f 877 878 830
f 830 878 831
f 878 879 831
f 831 879 832
f 879 880 832
f 832 880 833
f 880 881 833
f 833 881 834
f 881 882 834
f 834 882 835
f 882 883 835
f 835 883 836
f 883 884 836
f 836 884 837
f 884 885 837
f 837 885 838
f 885 886 838
f 838 886 839
f 886 887 839
f 839 887 840
f 887 888 840
f 840 888 841
f 888 889 841
f 841 889 842
f 889 890 842
f 842 890 843
f 890 891 843
f 843 891 844
f 891 892 844
f 844 892 845
f 892 893 845
f 845 893 846
f 893 894 846
f 846 894 847
f 894 895 847
f 847 895 848
f 895 896 848
f 848 896 849
f 896 897 849
f 849 897 850
f 897 898 850
f 850 898 851
f 898 899 851
f 851 899 852
f 899 900 852
f 852 900 853
f 900 901 853
f 853 901 854
f 901 902 854
f 854 902 855
f 902 903 855
f 855 903 856
f 903 904 856
f 856 904 857
f 904 905 857
f 857 905 858
f 905 906 858
f 858 906 859
f 906 907 859
f 859 907 860
f 907 908 860
f 860 908 861
f 908 909 861
f 861 909 862
f 909 910 862
f 862 910 863
f 910 911 863
f 863 911 2655
f 911 912 2655
f 864 2655 2656
f 912 2660 2656
f 865 2656 2657
f 913 914 2657
f 866 914 2658
f 914 2662 2658
f 867 2658 2659
f 915 916 2659
f 868 916 78
f 916 80 78
f 79 81 869
f 81 917 869
f 869 917 870
f 917 918 870
f 870 918 871
f 918 919 871
f 871 919 872
f 919 920 872
f 872 920 873
f 920 921 873
f 873 921 874
f 921 922 874
f 874 922 875
f 922 923 875
f 875 923 876
f 923 924 876
f 876 924 877
f 924 925 877
f 877 925 878
f 925 926 878
f 878 926 879
f 926 927 879
f 879 927 880
f 927 928 880
f 880 928 881
f 928 929 881
f 881 929 882
f 929 930 882
f 882 930 883
f 930 931 883
f 883 931 884
f 931 932 884
f 884 932 885
f 932 933 885
f 885 933 886
f 933 934 886
f 886 934 887
f 934 935 887
f 887 935 888
f 935 936 888
f 888 936 889
f 936 937 889
f 889 937 890
f 937 938 890
f 890 938 891
f 938 939 891
f 891 939 892
f 939 940 892
f 892 940 893
f 940 941 893
f 893 941 894
f 941 942 894
f 894 942 895
f 942 943 895
f 895 943 896
f 943 944 896
f 896 944 897
f 944 945 897
f 897 945 898
f 945 946 898
f 898 946 899
f 946 947 899
f 899 947 900
f 947 948 900
f 900 948 901
f 948 949 901
f 901 949 902
f 949 950 902
f 902 950 903
f 950 951 903
f 903 951 904
f 951 952 904
f 904 952 905
f 952 953 905
f 905 953 906
f 953 954 906
f 906 954 907
f 954 955 907
f 907 955 908
f 955 956 908
f 908 956 909
f 956 957 909
f 909 957 910
f 957 958 910
f 910 958 911
f 958 959 911
f 911 959 912
f 959 960 912
f 912 960 2660
f 960 961 2660
f 913 2660 2661
f 961 2664 2661
f 914 2661 2662
f 962 963 2662
f 915 963 2663
f 963 2666 2663
f 916 964 80
f 964 82 80
f 81 83 917
f 83 965 917
f 917 965 918
f 965 966 918
f 918 966 919
f 966 967 919
f 919 967 920
f 967 968 920
f 920 968 921
f 968 969 921
f 921 969 922
f 969 970 922
f 922 970 923
f 970 971 923
f 923 971 924
f 971 972 924
f 924 972 925
f 972 973 925
f 925 973 926
f 973 974 926
f 926 974 927
f 974 975 927
f 927 975 928
f 975 976 928
f 928 976 929
f 976 977 929
f 929 977 930
f 977 978 930
f 930 978 931
f 978 979 931
f 931 979 932
f 979 980 932
f 932 980 933
f 980 981 933
f 933 981 934
f 981 982 934
f 934 982 935
f 982 983 935
f 935 983 936
f 983 984 936
f 936 984 937
f 984 985 937
f 937 985 938
f 985 986 938
f 938 986 939
f 986 987 939
f 939 987 940
f 987 988 940
f 940 988 941
f 988 989 941
f 941 989 942
f 989 990 942
f 942 990 943
f 990 991 943
f 943 991 944
f 991 992 944
f 944 992 945
f 992 993 945
f 945 993 946
f 993 994 946
f 946 994 947
f 994 995 947
f 947 995 948
f 995 996 948
f 948 996 949
f 996 997 949
f 949 997 950
f 997 998 950
f 950 998 951
f 998 999 951
f 951 999 952
f 999 1000 952
f 952 1000 953
f 1000 1001 953
f 953 1001 954
f 1001 1002 954
f 954 1002 955
f 1002 1003 955
f 955 1003 956
f 1003 1004 956
f 956 1004 957
f 1004 1005 957
f 957 1005 958
f 1005 1006 958
f 958 1006 959
f 1006 1007 959
f 959 1007 960
f 1007 1008 960
f 960 1008 961
f 1008 1009 961
f 961 1009 2664
f 1009 1010 2664
f 962 2664 2665
f 1010 2667 2665
f 963 2665 2666
f 1011 1012 2666
f 964 1012 82
f 1012 84 82
f 83 85 965
f 85 1013 965
f 965 1013 966
f 1013 1014 966
f 966 1014 967
f 1014 1015 967
f 967 1015 968
f 1015 1016 968
f 968 1016 969
f 1016 1017 969
f 969 1017 970
f 1017 1018 970
f 970 1018 971
f 1018 1019 971
f 971 1019 972
f 1019 1020 972
f 972 1020 973
f 1020 1021 973
f 973 1021 974
f 1021 1022 974
f 974 1022 975
f 1022 1023 975
f 975 1023 976
f 1023 1024 976
f 976 1024 977
f 1024 1025 977
f 977 1025 978
f 1025 1026 978
f 978 1026 979
f 1026 1027 979
f 979 1027 980
f 1027 1028 980
f 980 1028 981
f 1028 1029 981
f 981 1029 982
f 1029 1030 982
f 982 1030 983
f 1030 1031 983
f 983 1031 984
f 1031 1032 984
f 984 1032 985
f 1032 1033 985
f 985 1033 986
f 1033 1034 986
f 986 1034 987
f 1034 1035 987
f 987 1035 988
f 1035 1036 988
f 988 1036 989
f 1036 1037 989
f 989 1037 990
f 1037 1038 990
f 990 1038 991
f 1038 1039 991
f 991 1039 992
f 1039 1040 992
f 992 1040 993
f 1040 1041 993
f 993 1041 994
f 1041 1042 994
f 994 1042 995
f 1042 1043 995
f 995 1043 996
f 1043 1044 996
f 996 1044 997
f 1044 1045 997
f 997 1045 998
f 1045 1046 998
f 998 1046 999
f 1046 1047 999
f 999 1047 1000
f 1047 1048 1000
f 1000 1048 1001
f 1048 1049 1001
f 1001 1049 1002
f 1049 1050 1002
f 1002 1050 1003
f 1050 1051 1003
f 1003 1051 1004
f 1051 1052 1004
f 1004 1052 1005
f 1052 1053 1005
f 1005 1053 1006
f 1053 1054 1006
f 1006 1054 1007
f 1054 1055 1007
f 1007 1055 1008
f 1055 1056 1008
f 1008 1056 1009
f 1056 1057 1009
f 1009 1057 1010
f 1057 1058 1010
f 1010 1058 2667
f 1058 1059 2667
f 1011 2667 2668
f 1059 2669 2668
f 1012 1060 84
f 1060 86 84
f 85 87 1013
f 87 1061 1013
f 1013 1061 1014
f 1061 1062 1014
f 1014 1062 1015
f 1062 1063 1015
f 1015 1063 1016
f 1063 1064 1016
f 1016 1064 1017
f 1064 1065 1017
f 1017 1065 1018
f 1065 1066 1018
f 1018 1066 1019
f 1066 1067 1019
f 1019 1067 1020
f 1067 1068 1020
f 1020 1068 1021
f 1068 1069 1021
f 1021 1069 1022
f 1069 1070 1022
f 1022 1070 1023
f 1070 1071 1023
f 1023 1071 1024
f 1071 1072 1024
f 1024 1072 1025
f 1072 1073 1025
f 1025 1073 1026
f 1073 1074 1026
f 1026 1074 1027
f 1074 1075 1027
f 1027 1075 1028
f 1075 1076 1028
f 1028 1076 1029
f 1076 1077 1029
f 1029 1077 1030
f 1077 1078 1030
f 1030 1078 1031
f 1078 1079 1031
f 1031 1079 1032
f 1079 1080 1032
f 1032 1080 1033
f 1080 1081 1033
f 1033 1081 1034
f 1081 1082 1034
f 1034 1082 1035
f 1082 1083 1035
f 1035 1083 1036
f 1083 1084 1036
f 1036 1084 1037
f 1084 1085 1037
f 1037 1085 1038
f 1085 1086 1038
f 1038 1086 1039
f 1086 1087 1039
f 1039 1087 1040
f 1087 1088 1040
f 1040 1088 1041
f 1088 1089 1041
f 1041 1089 1042
f 1089 1090 1042
f 1042 1090 1043
f 1090 1091 1043
f 1043 1091 1044
f 1091 1092 1044
f 1044 1092 1045
f 1092 1093 1045
f 1045 1093 1046
f 1093 1094 1046
f 1046 1094 1047
f 1094 1095 1047
f 1047 1095 1048
f 1095 1096 1048
f 1048 1096 1049
f 1096 1097 1049
f 1049 1097 1050
f 1097 1098 1050
f 1050 1098 1051
f 1098 1099 1051
f 1051 1099 1052
f 1099 1100 1052
f 1052 1100 1053
f 1100 1101 1053
f 1053 1101 1054
f 1101 1102 1054
f 1054 1102 1055
f 1102 1103 1055
f 1055 1103 1056
f 1103 1104 1056
f 1056 1104 1057
f 1104 1105 1057
f 1057 1105 1058
f 1105 1106 1058
f 1058 1106 1059
f 1106 1107 1059
f 1059 1107 2669
f 1107 2833 2669
f 1060 1108 86
f 1108 88 86
f 87 89 1061
f 89 1109 1061
f 1061 1109 1062
f 1109 1110 1062
f 1062 1110 1063
f 1110 1111 1063
f 1063 1111 1064
f 1111 1112 1064
f 1064 1112 1065
f 1112 1113 1065
f 1065 1113 1066
f 1113 1114 1066
f 1066 1114 1067
f 1114 1115 1067
f 1067 1115 1068
f 1115 1116 1068
f 1068 1116 1069
f 1116 1117 1069
f 1069 1117 1070
f 1117 1118 1070
f 1070 1118 1071
f 1118 1119 1071
f 1071 1119 1072
f 1119 1120 1072
f 1072 1120 1073
f 1120 1121 1073
f 1073 1121 1074
f 1121 1122 1074
f 1074 1122 1075
f 1122 1123 1075
f 1075 1123 1076
f 1123 1124 1076
f 1076 1124 1077
f 1124 1125 1077
f 1077 1125 1078
f 1125 1126 1078
f 1078 1126 1079
f 1126 1127 1079
f 1079 1127 1080
f 1127 1128 1080
f 1080 1128 1081
f 1128 1129 1081
f 1081 1129 1082
f 1129 1130 1082
f 1082 1130 1083
f 1130 1131 1083
f 1083 1131 1084
f 1131 1132 1084
f 1084 1132 1085
f 1132 1133 1085
f 1085 1133 1086
f 1133 1134 1086
f 1086 1134 1087
f 1134 1135 1087
f 1087 1135 1088
f 1135 1136 1088
f 1088 1136 1089
f 1136 1137 1089
f 1089 1137 1090
f 1137 1138 1090
f 1090 1138 1091
f 1138 1139 1091
f 1091 1139 1092
f 1139 1140 1092
f 1092 1140 1093
f 1140 1141 1093
f 1093 1141 1094
f 1141 1142 1094
f 1094 1142 1095
f 1142 1143 1095
f 1095 1143 1096
f 1143 1144 1096
f 1096 1144 1097
f 1144 1145 1097
f 1097 1145 1098
f 1145 1146 1098
f 1098 1146 1099
f 1146 1147 1099
f 1099 1147 1100
f 1147 1148 1100
f 1100 1148 1101
f 1148 1149 1101
f 1101 1149 1102
f 1149 1150 1102
f 1102 1150 1103
f 1150 1151 1103
f 1103 1151 1104
f 1151 1152 1104
f 1104 1152 1105
f 1152 1153 1105
f 1105 1153 1106
f 1153 1154 1106
f 1106 1154 1107
f 1154 1155 1107
f 1107 1155 2833
f 1155 2837 2833
f 1108 1156 88
f 1156 90 88
f 89 91 1109
f 91 1157 1109
f 1109 1157 1110
f 1157 1158 1110
f 1110 1158 1111
f 1158 1159 1111
f 1111 1159 1112
f 1159 1160 1112
f 1112 1160 1113
f 1160 1161 1113
f 1113 1161 1114
f 1161 1162 1114
f 1114 1162 1115
f 1162 1163 1115
f 1115 1163 1116
f 1163 1164 1116
f 1116 1164 1117
f 1164 1165 1117
f 1117 1165 1118
f 1165 1166 1118
f 1118 1166 1119
f 1166 1167 1119
f 1119 1167 1120
f 1167 1168 1120
f 1120 1168 1121
f 1168 1169 1121
f 1121 1169 1122
f 1169 1170 1122
f 1122 1170 1123
f 1170 1171 1123
f 1123 1171 1124
f 1171 1172 1124
f 1124 1172 1125
f 1172 1173 1125
f 1125 1173 1126
f 1173 1174 1126
f 1126 1174 1127
f 1174 1175 1127
f 1127 1175 1128
f 1175 1176 1128
f 1128 1176 1129
f 1176 1177 1129
f 1129 1177 1130
f 1177 1178 1130
f 1130 1178 1131
f 1178 1179 1131
f 1131 1179 1132
f 1179 1180 1132
f 1132 1180 1133
f 1180 1181 1133
f 1133 1181 1134
f 1181 1182 1134
f 1134 1182 1135
f 1182 1183 1135
f 1135 1183 1136
f 1183 1184 1136
f 1136 1184 1137
f 1184 1185 1137
f 1137 1185 1138
f 1185 1186 1138
f 1138 1186 1139
f 1186 1187 1139
f 1139 1187 1140
f 1187 1188 1140
f 1140 1188 1141
f 1188 1189 1141
f 1141 1189 1142
f 1189 1190 1142
f 1142 1190 1143
f 1190 1191 1143
f 1143 1191 1144
f 1191 1192 1144
f 1144 1192 1145
f 1192 1193 1145
f 1145 1193 1146
f 1193 1194 1146
f 1146 1194 1147
f 1194 1195 1147
f 1147 1195 1148
f 1195 1196 1148
f 1148 1196 1149
f 1196 1197 1149
f 1149 1197 1150
f 1197 1198 1150
f 1150 1198 1151
f 1198 1199 1151
f 1151 1199 1152
f 1199 1200 1152
f 1152 1200 1153
f 1200 1201 1153
f 1153 1201 1154
f 1201 1202 1154
f 1154 1202 1155
f 1202 1203 1155
f 1155 1203 2837
f 1203 1204 2837
f 1156 1204 90
f 1204 92 90
f 91 93 1157
f 93 1205 1157
f 1157 1205 1158
f 1205 1206 1158
f 1158 1206 1159
f 1206 1207 1159
f 1159 1207 1160
f 1207 1208 1160
f 1160 1208 1161
f 1208 1209 1161
f 1161 1209 1162
f 1209 1210 1162
f 1162 1210 1163
f 1210 1211 1163
f 1163 1211 1164
f 1211 1212 1164
f 1164 1212 1165
f 1212 1213 1165
f 1165 1213 1166
f 1213 1214 1166
f 1166 1214 1167
f 1214 1215 1167
f 1167 1215 1168
f 1215 1216 1168
f 1168 1216 1169
f 1216 1217 1169
f 1169 1217 1170
f 1217 1218 1170
f 1170 1218 1171
f 1218 1219 1171
f 1171 1219 1172
f 1219 1220 1172
f 1172 1220 1173
f 1220 1221 1173
f 1173 1221 1174
f 1221 1222 1174
f 1174 1222 1175
f 1222 1223 1175
f 1175 1223 1176
f 1223 1224 1176
f 1176 1224 1177
f 1224 1225 1177
f 1177 1225 1178
f 1225 1226 1178
f 1178 1226 1179
f 1226 1227 1179
f 1179 1227 1180
f 1227 1228 1180
f 1180 1228 1181
f 1228 1229 1181
f 1181 1229 1182
f 1229 1230 1182
f 1182 1230 1183
f 1230 1231 1183
f 1183 1231 1184
f 1231 1232 1184
f 1184 1232 1185
f 1232 1233 1185
f 1185 1233 1186
f 1233 1234 1186
f 1186 1234 1187
f 1234 1235 1187
f 1187 1235 1188
f 1235 1236 1188
f 1188 1236 1189
f 1236 1237 1189
f 1189 1237 1190
f 1237 1238 1190
f 1190 1238 1191
f 1238 1239 1191
f 1191 1239 1192
f 1239 1240 1192
f 1192 1240 1193
f 1240 1241 1193
f 1193 1241 1194
f 1241 1242 1194
f 1194 1242 1195
f 1242 1243 1195
f 1195 1243 1196
f 1243 1244 1196
f 1196 1244 1197
f 1244 1245 1197
f 1197 1245 1198
f 1245 1246 1198
f 1198 1246 1199
f 1246 1247 1199
f 1199 1247 1200
f 1247 1248 1200
f 1200 1248 1201
f 1248 1249 1201
f 1201 1249 1202
f 1249 1250 1202
f 1202 1250 1203
f 1250 1251 1203
f 1203 1251 1204
f 1251 1252 1204
f 1204 1252 92
f 1252 94 92
f 93 95 1205
f 95 1253 1205
f 1205 1253 1206
f 1253 1254 1206
f 1206 1254 1207
f 1254 1255 1207
f 1207 1255 1208
f 1255 1256 1208
f 1208 1256 1209
f 1256 1257 1209
f 1209 1257 1210
f 1257 1258 1210
f 1210 1258 1211
f 1258 1259 1211
f 1211 1259 1212
f 1259 1260 1212
f 1212 1260 1213
f 1260 1261 1213
f 1213 1261 1214
f 1261 1262 1214
f 1214 1262 1215
f 1262 1263 1215
f 1215 1263 1216
f 1263 1264 1216
f 1216 1264 1217
f 1264 1265 1217
f 1217 1265 1218
f 1265 1266 1218
f 1218 1266 1219
f 1266 1267 1219
f 1219 1267 1220
f 1267 1268 1220
f 1220 1268 1221
f 1268 1269 1221
f 1221 1269 1222
f 1269 1270 1222
f 1222 1270 1223
f 1270 1271 1223
f 1223 1271 1224
f 1271 1272 1224
f 1224 1272 1225
f 1272 1273 1225
f 1225 1273 1226
f 1273 1274 1226
f 1226 1274 1227
f 1274 1275 1227
f 1227 1275 1228
f 1275 1276 1228
f 1228 1276 1229
f 1276 1277 1229
f 1229 1277 1230
f 1277 1278 1230
f 1230 1278 1231
f 1278 1279 1231
f 1231 1279 1232
f 1279 1280 1232
f 1232 1280 1233
f 1280 1281 1233
f 1233 1281 1234
f 1281 1282 1234
f 1234 1282 1235
f 1282 1283 1235
f 1235 1283 1236
f 1283 1284 1236
f 1236 1284 1237
f 1284 1285 1237
f 1237 1285 1238
f 1285 1286 1238
f 1238 1286 1239
f 1286 1287 1239
f 1239 1287 1240
f 1287 1288 1240
f 1240 1288 1241
f 1288 1289 1241
f 1241 1289 1242
f 1289 1290 1242
f 1242 1290 1243
f 1290 1291 1243
f 1243 1291 1244
f 1291 1292 1244
f 1244 1292 1245
f 1292 1293 1245
f 1245 1293 1246
f 1293 1294 1246
f 1246 1294 1247
f 1294 1295 1247
f 1247 1295 1248
f 1295 1296 1248
f 1248 1296 1249
f 1296 1297 1249
f 1249 1297 1250
f 1297 1298 1250
f 1250 1298 1251
f 1298 1299 1251
f 1251 1299 1252
f 1299 1300 1252
f 1252 1300 94
f 1300 96 94
f 95 97 1253
f 97 1301 1253
f 1253 1301 1254
f 1301 1302 1254
f 1254 1302 1255
f 1302 1303 1255
f 1255 1303 1256
f 1303 1304 1256
f 1256 1304 1257
f 1304 1305 1257
f 1257 1305 1258
f 1305 1306 1258
f 1258 1306 1259
f 1306 1307 1259
f 1259 1307 1260
f 1307 1308 1260
f 1260 1308 1261
f 1308 1309 1261
f 1261 1309 1262
f 1309 1310 1262
f 1262 1310 1263
f 1310 1311 1263
f 1263 1311 1264
f 1311 1312 1264
f 1264 1312 1265
f 1312 1313 1265
f 1265 1313 1266
f 1313 1314 1266
f 1266 1314 1267
f 1314 1315 1267
f 1267 1315 1268
f 1315 1316 1268
f 1268 1316 1269
f 1316 1317 1269
f 1269 1317 1270
f 1317 1318 1270
f 1270 1318 1271
f 1318 1319 1271
f 1271 1319 1272
f 1319 1320 1272
f 1272 1320 1273
f 1320 1321 1273
f 1273 1321 1274
f 1321 1322 1274
f 1274 1322 1275
f 1322 1323 1275
f 1275 1323 1276
f 1323 1324 1276
f 1276 1324 1277
f 1324 1325 1277
f 1277 1325 1278
f 1325 1326 1278
f 1278 1326 1279
f 1326 1327 1279
f 1279 1327 1280
f 1327 1328 1280
f 1280 1328 1281
f 1328 1329 1281
f 1281 1329 1282
f 1329 1330 1282
f 1282 1330 1283
f 1330 1331 1283
f 1283 1331 1284
f 1331 1332 1284
f 1284 1332 1285
f 1332 1333 1285
f 1285 1333 1286
f 1333 1334 1286
f 1286 1334 1287
f 1334 1335 1287
f 1287 1335 1288
f 1335 1336 1288
f 1288 1336 1289
f 1336 1337 1289
f 1289 1337 1290
f 1337 1338 1290
f 1290 1338 1291
f 1338 1339 1291
f 1291 1339 1292
f 1339 1340 1292
f 1292 1340 1293
f 1340 1341 1293
f 1293 1341 1294
f 1341 1342 1294
f 1294 1342 1295
f 1342 1343 1295
f 1295 1343 1296
f 1343 1344 1296
f 1296 1344 1297
f 1344 1345 1297
f 1297 1345 1298
f 1345 1346 1298
f 1298 1346 1299
f 1346 1347 1299
f 1299 1347 1300
f 1347 1348 1300
f 1300 1348 96
f 1348 98 96
f 97 99 1301
f 99 1349 1301
f 1301 1349 1302
f 1349 1350 1302
f 1302 1350 1303
f 1350 1351 1303
f 1303 1351 1304
f 1351 1352 1304
f 1304 1352 1305
f 1352 1353 1305
f 1305 1353 1306
f 1353 1354 1306
f 1306 1354 1307
f 1354 1355 1307
f 1307 1355 1308
f 1355 1356 1308
f 1308 1356 1309
f 1356 1357 1309
f 1309 1357 1310
f 1357 1358 1310
f 1310 1358 1311
f 1358 1359 1311
f 1311 1359 1312
f 1359 1360 1312
f 1312 1360 1313
f 1360 1361 1313
f 1313 1361 1314
f 1361 1362 1314
f 1314 1362 1315
f 1362 1363 1315
f 1315 1363 1316
f 1363 1364 1316
f 1316 1364 1317
f 1364 1365 1317
f 1317 1365 1318
f 1365 1366 1318
f 1318 1366 1319
f 1366 1367 1319
f 1319 1367 1320
f 1367 1368 1320
f 1320 1368 1321
f 1368 1369 1321
f 1321 1369 1322
f 1369 1370 1322
f 1322 1370 1323
f 1370 1371 1323
f 1323 1371 1324
f 1371 1372 1324
f 1324 1372 1325
f 1372 1373 1325
f 1325 1373 1326
f 1373 1374 1326
f 1326 1374 1327
f 1374 1375 1327
f 1327 1375 1328
f 1375 1376 1328
f 1328 1376 1329
f 1376 1377 1329
f 1329 1377 1330
f 1377 1378 1330
f 1330 1378 1331
f 1378 1379 1331
f 1331 1379 1332
f 1379 1380 1332
f 1332 1380 1333
f 1380 1381 1333
f 1333 1381 1334
f 1381 1382 1334
f 1334 1382 1335
f 1382 1383 1335
f 1335 1383 1336
f 1383 1384 1336
f 1336 1384 1337
f 1384 1385 1337
f 1337 1385 1338
f 1385 1386 1338
f 1338 1386 1339
f 1386 1387 1339
f 1339 1387 1340
f 1387 1388 1340
f 1340 1388 1341
f 1388 1389 1341
f 1341 1389 1342
f 1389 1390 1342
f 1342 1390 1343
f 1390 1391 1343
f 1343 1391 1344
f 1391 1392 1344
f 1344 1392 1345
f 1392 1393 1345
f 1345 1393 1346
f 1393 1394 1346
f 1346 1394 1347
f 1394 1395 1347
f 1347 1395 1348
f 1395 1396 1348
f 1348 1396 98
f 1396 100 98
f 99 101 1349
f 101 1397 1349
f 1349 1397 1350
f 1397 1398 1350
f 1350 1398 1351
f 1398 1399 1351
f 1351 1399 1352
f 1399 1400 1352
f 1352 1400 1353
f 1400 1401 1353
f 1353 1401 1354
f 1401 1402 1354
f 1354 1402 1355
f 1402 1403 1355
f 1355 1403 1356
f 1403 1404 1356
f 1356 1404 1357
f 1404 1405 1357
f 1357 1405 1358
f 1405 1406 1358
f 1358 1406 1359
f 1406 1407 1359
f 1359 1407 1360
f 1407 1408 1360
f 1360 1408 1361
f 1408 1409 1361
f 1361 1409 1362
f 1409 1410 1362
f 1362 1410 1363
f 1410 1411 1363
f 1363 1411 1364
f 1411 1412 1364
f 1364 1412 1365
f 1412 1413 1365
f 1365 1413 1366
f 1413 1414 1366
f 1366 1414 1367
f 1414 1415 1367
f 1367 1415 1368
f 1415 1416 1368
f 1368 1416 1369
f 1416 1417 1369
f 1369 1417 1370
f 1417 1418 1370
f 1370 1418 1371
f 1418 1419 1371
f 1371 1419 1372
f 1419 1420 1372
f 1372 1420 1373
f 1420 1421 1373
f 1373 1421 1374
f 1421 1422 1374
f 1374 1422 1375
f 1422 1423 1375
f 1375 1423 1376
f 1423 1424 1376
f 1376 1424 1377
f 1424 1425 1377
f 1377 1425 1378
f 1425 1426 1378
f 1378 1426 1379
f 1426 1427 1379
f 1379 1427 1380
f 1427 1428 1380
f 1380 1428 1381
f 1428 1429 1381
f 1381 1429 1382
f 1429 1430 1382
f 1382 1430 1383
f 1430 1431 1383
f 1383 1431 1384
f 1431 1432 1384
f 1384 1432 1385
f 1432 1433 1385
f 1385 1433 1386
f 1433 1434 1386
f 1386 1434 1387
f 1434 1435 1387
f 1387 1435 1388
f 1435 1436 1388
f 1388 1436 1389
f 1436 1437 1389
f 1389 1437 1390
f 1437 1438 1390
f 1390 1438 1391
f 1438 1439 1391
f 1391 1439 1392
f 1439 1440 1392
f 1392 1440 1393
f 1440 1441 1393
f 1393 1441 1394
f 1441 1442 1394
f 1394 1442 1395
f 1442 1443 1395
f 1395 1443 1396
f 1443 1444 1396
f 1396 1444 100
f 1444 102 100
f 101 103 1397
f 103 1445 1397
f 1397 1445 1398
f 1445 1446 1398
f 1398 1446 1399
f 1446 1447 1399
f 1399 1447 1400
f 1447 1448 1400
f 1400 1448 1401
f 1448 1449 1401
f 1401 1449 1402
f 1449 1450 1402
f 1402 1450 1403
f 1450 1451 1403
f 1403 1451 1404
f 1451 1452 1404
f 1404 1452 1405
f 1452 1453 1405
f 1405 1453 1406
f 1453 1454 1406
f 1406 1454 1407
f 1454 1455 1407
f 1407 1455 1408
f 1455 1456 1408
f 1408 1456 1409
f 1456 1457 1409
f 1409 1457 1410
f 1457 1458 1410
f 1410 1458 1411
f 1458 1459 1411
f 1411 1459 1412
f 1459 1460 1412
f 1412 1460 1413
f 1460 1461 1413
f 1413 1461 1414
f 1461 1462 1414
f 1414 1462 1415
f 1462 1463 1415
f 1415 1463 1416
f 1463 1464 1416
f 1416 1464 1417
f 1464 1465 1417
f 1417 1465 1418
f 1465 1466 1418
f 1418 1466 1419
f 1466 1467 1419
f 1419 1467 1420
f 1467 1468 1420
f 1420 1468 1421
f 1468 1469 1421
f 1421 1469 1422
f 1469 1470 1422
f 1422 1470 1423
f 1470 1471 1423
f 1423 1471 1424
f 1471 1472 1424
f 1424 1472 1425
f 1472 1473 1425
f 1425 1473 1426
f 1473 1474 1426
f 1426 1474 1427
f 1474 1475 1427
f 1427 1475 1428
f 1475 1476 1428
f 1428 1476 1429
f 1476 1477 1429
f 1429 1477 1430
f 1477 1478 1430
f 1430 1478 1431
f 1478 1479 1431
f 1431 1479 1432
f 1479 1480 1432
f 1432 1480 1433
f 1480 1481 1433
f 1433 1481 1434
f 1481 1482 1434
f 1434 1482 1435
f 1482 1483 1435
f 1435 1483 1436
f 1483 1484 1436
f 1436 1484 1437
f 1484 1485 1437
f 1437 1485 1438
f 1485 1486 1438
f 1438 1486 1439
f 1486 1487 1439
f 1439 1487 1440
f 1487 1488 1440
f 1440 1488 1441
f 1488 1489 1441
f 1441 1489 1442
f 1489 1490 1442
f 1442 1490 1443
f 1490 1491 1443
f 1443 1491 1444
f 1491 1492 1444
f 1444 1492 102
f 1492 104 102
f 103 105 1445
f 105 1493 1445
f 1445 1493 1446
f 1493 1494 1446
f 1446 1494 1447
f 1494 1495 1447
f 1447 1495 1448
f 1495 1496 1448
f 1448 1496 1449
f 1496 1497 1449
f 1449 1497 1450
f 1497 1498 1450
f 1450 1498 1451
f 1498 1499 1451
f 1451 1499 1452
f 1499 1500 1452
f 1452 1500 1453
f 1500 1501 1453
f 1453 1501 1454
f 1501 1502 1454
f 1454 1502 1455
f 1502 1503 1455
f 1455 1503 1456
f 1503 1504 1456
f 1456 1504 1457
f 1504 1505 1457
f 1457 1505 1458
f 1505 1506 1458
f 1458 1506 1459
f 1506 1507 1459
f 1459 1507 1460
f 1507 1508 1460
f 1460 1508 1461
f 1508 1509 1461
f 1461 1509 1462
f 1509 1510 1462
f 1462 1510 1463
f 1510 1511 1463
f 1463 1511 1464
f 1511 1512 1464
f 1464 1512 1465
f 1512 1513 1465
f 1465 1513 1466
f 1513 1514 1466
f 1466 1514 1467
f 1514 1515 1467
f 1467 1515 1468
f 1515 1516 1468
f 1468 1516 1469
f 1516 1517 1469
f 1469 1517 1470
f 1517 1518 1470
f 1470 1518 1471
f 1518 1519 1471
f 1471 1519 1472
f 1519 1520 1472
f 1472 1520 1473
f 1520 1521 1473
f 1473 1521 1474
f 1521 1522 1474
f 1474 1522 1475
f 1522 1523 1475
f 1475 1523 1476
f 1523 1524 1476
f 1476 1524 1477
f 1524 1525 1477
f 1477 1525 1478
f 1525 1526 1478
f 1478 1526 1479
f 1526 1527 1479
f 1479 1527 1480
f 1527 1528 1480
f 1480 1528 1481
f 1528 1529 1481
f 1481 1529 1482
f 1529 1530 1482
f 1482 1530 1483
f 1530 1531 1483
f 1483 1531 1484
f 1531 1532 1484
f 1484 1532 1485
f 1532 1533 1485
f 1485 1533 1486
f 1533 1534 1486
f 1486 1534 1487
f 1534 1535 1487
f 1487 1535 1488
f 1535 1536 1488
f 1488 1536 1489
f 1536 1537 1489
f 1489 1537 1490
f 1537 1538 1490
f 1490 1538 1491
f 1538 1539 1491
f 1491 1539 1492
f 1539 1540 1492
f 1492 1540 104
f 1540 106 104
f 105 107 1493
f 107 1541 1493
f 1493 1541 1494
f 1541 1542 1494
f 1494 1542 1495
f 1542 1543 1495
f 1495 1543 1496
f 1543 1544 1496
f 1496 1544 1497
f 1544 1545 1497
f 1497 1545 1498
f 1545 1546 1498
f 1498 1546 1499
f 1546 1547 1499
f 1499 1547 1500
f 1547 1548 1500
f 1500 1548 1501
f 1548 1549 1501
f 1501 1549 1502
f 1549 1550 1502
f 1502 1550 1503
f 1550 1551 1503
f 1503 1551 1504
f 1551 1552 1504
f 1504 1552 1505
f 1552 1553 1505
f 1505 1553 1506
f 1553 1554 1506
f 1506 1554 1507
f 1554 1555 1507
f 1507 1555 1508
f 1555 1556 1508
f 1508 1556 1509
f 1556 1557 1509
f 1509 1557 1510
f 1557 1558 1510
f 1510 1558 1511
f 1558 1559 1511
f 1511 1559 1512
f 1559 1560 1512
f 1512 1560 1513
f 1560 1561 1513
f 1513 1561 1514
f 1561 1562 1514
f 1514 1562 1515
f 1562 1563 1515
f 1515 1563 1516
f 1563 1564 1516
f 1516 1564 1517
f 1564 1565 1517
f 1517 1565 1518
f 1565 1566 1518
f 1518 1566 1519
f 1566 1567 1519
f 1519 1567 1520
f 1567 1568 1520
f 1520 1568 1521
f 1568 1569 1521
f 1521 1569 1522
f 1569 1570 1522
f 1522 1570 1523
f 1570 1571 1523
f 1523 1571 1524
f 1571 1572 1524
f 1524 1572 1525
f 1572 1573 1525
f 1525 1573 1526
f 1573 1574 1526
f 1526 1574 1527
f 1574 1575 1527
f 1527 1575 1528
f 1575 1576 1528
f 1528 1576 1529
f 1576 1577 1529
f 1529 1577 1530
f 1577 1578 1530
f 1530 1578 1531
f 1578 1579 1531
f 1531 1579 1532
f 1579 1580 1532
f 1532 1580 1533
f 1580 1581 1533
f 1533 1581 1534
f 1581 1582 1534
f 1534 1582 1535
f 1582 1583 1535
f 1535 1583 1536
f 1583 1584 1536
f 1536 1584 1537
f 1584 1585 1537
f 1537 1585 1538
f 1585 1586 1538
f 1538 1586 1539
f 1586 1587 1539
f 1539 1587 1540
f 1587 1588 1540
f 1540 1588 106
f 1588 108 106
f 107 109 1541
f 109 1589 1541
f 1541 1589 2835
f 1589 2670 2835
f 1542 1590 1543
f 1590 1591 1543
f 1543 1591 1544
f 1591 1592 1544
f 1544 1592 1545
f 1592 1593 1545
f 1545 1593 1546
f 1593 1594 1546
f 1546 1594 1547
f 1594 1595 1547
f 1547 1595 1548
f 1595 1596 1548
f 1548 1596 1549
f 1596 1597 1549
f 1549 1597 1550
f 1597 1598 1550
f 1550 1598 1551
f 1598 1599 1551
f 1551 1599 1552
f 1599 1600 1552
f 1552 1600 1553
f 1600 1601 1553
f 1553 1601 1554
f 1601 1602 1554
f 1554 1602 1555
f 1602 1603 1555
f 1555 1603 1556
f 1603 1604 1556
f 1556 1604 1557
f 1604 1605 1557
f 1557 1605 1558
f 1605 1606 1558
f 1558 1606 1559
f 1606 1607 1559
f 1559 1607 1560
f 1607 1608 1560
f 1560 1608 1561
f 1608 1609 1561
f 1561 1609 1562
f 1609 1610 1562
f 1562 1610 1563
f 1610 1611 1563
f 1563 1611 1564
f 1611 1612 1564
f 1564 1612 1565
f 1612 1613 1565
f 1565 1613 1566
f 1613 1614 1566
f 1566 1614 1567
f 1614 1615 1567
f 1567 1615 1568
f 1615 1616 1568
f 1568 1616 1569
f 1616 1617 1569
f 1569 1617 1570
f 1617 1618 1570
f 1570 1618 1571
f 1618 1619 1571
f 1571 1619 1572
f 1619 1620 1572
f 1572 1620 1573
f 1620 1621 1573
f 1573 1621 1574
f 1621 1622 1574
f 1574 1622 1575
f 1622 1623 1575
f 1575 1623 1576
f 1623 1624 1576
f 1576 1624 1577
f 1624 1625 1577
f 1577 1625 1578
f 1625 1626 1578
f 1578 1626 1579
f 1626 1627 1579
f 1579 1627 1580
f 1627 1628 1580
f 1580 1628 1581
f 1628 1629 1581
f 1581 1629 1582
f 1629 1630 1582
f 1582 1630 1583
f 1630 1631 1583
f 1583 1631 1584
f 1631 1632 1584
f 1584 1632 1585
f 1632 1633 1585
f 1585 1633 1586
f 1633 1634 1586
f 1586 1634 1587
f 1634 1635 1587
f 1587 1635 1588
f 1635 1636 1588
f 1588 1636 108
f 1636 110 108
f 109 111 1589
f 111 1637 1589
f 1589 1637 2670
f 1637 2671 2670
f 1590 1638 1591
f 1638 1639 1591
f 1591 1639 1592
f 1639 1640 1592
f 1592 1640 1593
f 1640 1641 1593
f 1593 1641 1594
f 1641 1642 1594
f 1594 1642 1595
f 1642 1643 1595
f 1595 1643 1596
f 1643 1644 1596
f 1596 1644 1597
f 1644 1645 1597
f 1597 1645 1598
f 1645 1646 1598
f 1598 1646 1599
f 1646 1647 1599
f 1599 1647 1600
f 1647 1648 1600
f 1600 1648 1601
f 1648 1649 1601
f 1601 1649 1602
f 1649 1650 1602
f 1602 1650 1603
f 1650 1651 1603
f 1603 1651 1604
f 1651 1652 1604
f 1604 1652 1605
f 1652 1653 1605
f 1605 1653 1606
f 1653 1654 1606
f 1606 1654 1607
f 1654 1655 1607
f 1607 1655 1608
f 1655 1656 1608
f 1608 1656 1609
f 1656 1657 1609
f 1609 1657 1610
f 1657 1658 1610
f 1610 1658 1611
f 1658 1659 1611
f 1611 1659 1612
f 1659 1660 1612
f 1612 1660 1613
f 1660 1661 1613
f 1613 1661 1614
f 1661 1662 1614
f 1614 1662 1615
f 1662 1663 1615
f 1615 1663 1616
f 1663 1664 1616
f 1616 1664 1617
f 1664 1665 1617
f 1617 1665 1618
f 1665 1666 1618
f 1618 1666 1619
f 1666 1667 1619
f 1619 1667 1620
f 1667 1668 1620
f 1620 1668 1621
f 1668 1669 1621
f 1621 1669 1622
f 1669 1670 1622
f 1622 1670 1623
f 1670 1671 1623
f 1623 1671 1624
f 1671 1672 1624
f 1624 1672 1625
f 1672 1673 1625
f 1625 1673 1626
f 1673 1674 1626
f 1626 1674 1627
f 1674 1675 1627
f 1627 1675 1628
f 1675 1676 1628
f 1628 1676 1629
f 1676 1677 1629
f 1629 1677 1630
f 1677 1678 1630
f 1630 1678 1631
f 1678 1679 1631
f 1631 1679 1632
f 1679 1680 1632
f 1632 1680 1633
f 1680 1681 1633
f 1633 1681 1634
f 1681 1682 1634
f 1634 1682 1635
f 1682 1683 1635
f 1635 1683 1636
f 1683 1684 1636
f 1636 1684 110
f 1684 112 110
f 111 113 1637
f 113 1685 1637
f 1637 1685 2671
f 2673 1686 1685
f 1638 2671 2672
f 1686 2674 2672
f 1639 1687 1640
f 1687 1688 1640
f 1640 1688 1641
f 1688 1689 1641
f 1641 1689 1642
f 1689 1690 1642
f 1642 1690 1643
f 1690 1691 1643
f 1643 1691 1644
f 1691 1692 1644
f 1644 1692 1645
f 1692 1693 1645
f 1645 1693 1646
f 1693 1694 1646
f 1646 1694 1647
f 1694 1695 1647
f 1647 1695 1648
f 1695 1696 1648
f 1648 1696 1649
f 1696 1697 1649
f 1649 1697 1650
f 1697 1698 1650
f 1650 1698 1651
f 1698 1699 1651
f 1651 1699 1652
f 1699 1700 1652
f 1652 1700 1653
f 1700 1701 1653
f 1653 1701 1654
f 1701 1702 1654
f 1654 1702 1655
f 1702 1703 1655
f 1655 1703 1656
f 1703 1704 1656
f 1656 1704 1657
f 1704 1705 1657
f 1657 1705 1658
f 1705 1706 1658
f 1658 1706 1659
f 1706 1707 1659
f 1659 1707 1660
f 1707 1708 1660
f 1660 1708 1661
f 1708 1709 1661
f 1661 1709 1662
f 1709 1710 1662
f 1662 1710 1663
f 1710 1711 1663
f 1663 1711 1664
f 1711 1712 1664
f 1664 1712 1665
f 1712 1713 1665
f 1665 1713 1666
f 1713 1714 1666
f 1666 1714 1667
f 1714 1715 1667
f 1667 1715 1668
f 1715 1716 1668
f 1668 1716 1669
f 1716 1717 1669
f 1669 1717 1670
f 1717 1718 1670
f 1670 1718 1671
f 1718 1719 1671
f 1671 1719 1672
f 1719 1720 1672
f 1672 1720 1673
f 1720 1721 1673
f 1673 1721 1674
f 1721 1722 1674
f 1674 1722 1675
f 1722 1723 1675
f 1675 1723 1676
f 1723 1724 1676
f 1676 1724 1677
f 1724 1725 1677
f 1677 1725 1678
f 1725 1726 1678
f 1678 1726 1679
f 1726 1727 1679
f 1679 1727 1680
f 1727 1728 1680
f 1680 1728 1681
f 1728 1729 1681
f 1681 1729 1682
f 1729 1730 1682
f 1682 1730 1683
f 1730 1731 1683
f 1683 1731 1684
f 1731 1732 1684
f 1684 1732 112
f 1732 114 112
f 113 115 1685
f 115 1733 1685
f 1685 1733 2673
f 1733 2676 2673
f 2673 1734 1686
f 1734 1735 2674
f 1687 2674 2675
f 1735 2678 2675
f 1688 1736 1689
f 1736 1737 1689
f 1689 1737 1690
f 1737 1738 1690
f 1690 1738 1691
f 1738 1739 1691
f 1691 1739 1692
f 1739 1740 1692
f 1692 1740 1693
f 1740 1741 1693
f 1693 1741 1694
f 1741 1742 1694
f 1694 1742 1695
f 1742 1743 1695
f 1695 1743 1696
f 1743 1744 1696
f 1696 1744 1697
f 1744 1745 1697
f 1697 1745 1698
f 1745 1746 1698
f 1698 1746 1699
f 1746 1747 1699
f 1699 1747 1700
f 1747 1748 1700
f 1700 1748 1701
f 1748 1749 1701
f 1701 1749 1702
f 1749 1750 1702
f 1702 1750 1703
f 1750 1751 1703
f 1703 1751 1704
f 1751 1752 1704
f 1704 1752 1705
f 1752 1753 1705
f 1705 1753 1706
f 1753 1754 1706
f 1706 1754 1707
f 1754 1755 1707
f 1707 1755 1708
f 1755 1756 1708
f 1708 1756 1709
f 1756 1757 1709
f 1709 1757 1710
f 1757 1758 1710
f 1710 1758 1711
f 1758 1759 1711
f 1711 1759 1712
f 1759 1760 1712
f 1712 1760 1713
f 1760 1761 1713
f 1713 1761 1714
f 1761 1762 1714
f 1714 1762 1715
f 1762 1763 1715
f 1715 1763 1716
f 1763 1764 1716
f 1716 1764 1717
f 1764 1765 1717
f 1717 1765 1718
f 1765 1766 1718
f 1718 1766 1719
f 1766 1767 1719
f 1719 1767 1720
f 1767 1768 1720
f 1720 1768 1721
f 1768 1769 1721
f 1721 1769 1722
f 1769 1770 1722
f 1722 1770 1723
f 1770 1771 1723
f 1723 1771 1724
f 1771 1772 1724
f 1724 1772 1725
f 1772 1773 1725
f 1725 1773 1726
f 1773 1774 1726
f 1726 1774 1727
f 1774 1775 1727
f 1727 1775 1728
f 1775 1776 1728
f 1728 1776 1729
f 1776 1777 1729
f 1729 1777 1730
f 1777 1778 1730
f 1730 1778 1731
f 1778 1779 1731
f 1731 1779 1732
f 1779 1780 1732
f 1732 1780 114
f 1780 116 114
f 115 117 1733
f 117 1781 1733
f 1733 1781 2676
f 2680 1782 1781
f 1734 2676 2677
f 1782 1783 2677
f 2677 1783 1735
f 1783 2682 2678
f 1736 2678 2679
f 1784 2683 2679
f 1737 1785 1738
f 1785 1786 1738
f 1738 1786 1739
f 1786 1787 1739
f 1739 1787 1740
f 1787 1788 1740
f 1740 1788 1741
f 1788 1789 1741
f 1741 1789 1742
f 1789 1790 1742
f 1742 1790 1743
f 1790 1791 1743
f 1743 1791 1744
f 1791 1792 1744
f 1744 1792 1745
f 1792 1793 1745
f 1745 1793 1746
f 1793 1794 1746
f 1746 1794 1747
f 1794 1795 1747
f 1747 1795 1748
f 1795 1796 1748
f 1748 1796 1749
f 1796 1797 1749
f 1749 1797 1750
f 1797 1798 1750
f 1750 1798 1751
f 1798 1799 1751
f 1751 1799 1752
f 1799 1800 1752
f 1752 1800 1753
f 1800 1801 1753
f 1753 1801 1754
f 1801 1802 1754
f 1754 1802 1755
f 1802 1803 1755
f 1755 1803 1756
f 1803 1804 1756
f 1756 1804 1757
f 1804 1805 1757
f 1757 1805 1758
f 1805 1806 1758
f 1758 1806 1759
f 1806 1807 1759
f 1759 1807 1760
f 1807 1808 1760
f 1760 1808 1761
f 1808 1809 1761
f 1761 1809 1762
f 1809 1810 1762
f 1762 1810 1763
f 1810 1811 1763
f 1763 1811 1764
f 1811 1812 1764
f 1764 1812 1765
f 1812 1813 1765
f 1765 1813 1766
f 1813 1814 1766
f 1766 1814 1767
f 1814 1815 1767
f 1767 1815 1768
f 1815 1816 1768
f 1768 1816 1769
f 1816 1817 1769
f 1769 1817 1770
f 1817 1818 1770
f 1770 1818 1771
f 1818 1819 1771
f 1771 1819 1772
f 1819 1820 1772
f 1772 1820 1773
f 1820 1821 1773
f 1773 1821 1774
f 1821 1822 1774
f 1774 1822 1775
f 1822 1823 1775
f 1775 1823 1776
f 1823 1824 1776
f 1776 1824 1777
f 1824 1825 1777
f 1777 1825 1778
f 1825 1826 1778
f 1778 1826 1779
f 1826 1827 1779
f 1779 1827 1780
f 1827 1828 1780
f 1780 1828 116
f 1828 118 116
f 117 119 1781
f 119 1829 1781
f 1781 1829 2680
f 1829 2685 2680
f 1782 2680 2681
f 1830 1831 2681
f 1783 2681 2682
f 2687 1832 1831
f 1832 2688 1784
f 2683 1784 2688
f 1785 2683 2684
f 1833 2689 2684
f 1786 1834 1787
f 1834 1835 1787
f 1787 1835 1788
f 1835 1836 1788
f 1788 1836 1789
f 1836 1837 1789
f 1789 1837 1790
f 1837 1838 1790
f 1790 1838 1791
f 1838 1839 1791
f 1791 1839 1792
f 1839 1840 1792
f 1792 1840 1793
f 1840 1841 1793
f 1793 1841 1794
f 1841 1842 1794
f 1794 1842 1795
f 1842 1843 1795
f 1795 1843 1796
f 1843 1844 1796
f 1796 1844 1797
f 1844 1845 1797
f 1797 1845 1798
f 1845 1846 1798
f 1798 1846 1799
f 1846 1847 1799
f 1799 1847 1800
f 1847 1848 1800
f 1800 1848 1801
f 1848 1849 1801
f 1801 1849 1802
f 1849 1850 1802
f 1802 1850 1803
f 1850 1851 1803
f 1803 1851 1804
f 1851 1852 1804
f 1804 1852 1805
f 1852 1853 1805
f 1805 1853 1806
f 1853 1854 1806
f 1806 1854 1807
f 1854 1855 1807
f 1807 1855 1808
f 1855 1856 1808
f 1808 1856 1809
f 1856 1857 1809
f 1809 1857 1810
f 1857 1858 1810
f 1810 1858 1811
f 1858 1859 1811
f 1811 1859 1812
f 1859 1860 1812
f 1812 1860 1813
f 1860 1861 1813
f 1813 1861 1814
f 1861 1862 1814
f 1814 1862 1815
f 1862 1863 1815
f 1815 1863 1816
f 1863 1864 1816
f 1816 1864 1817
f 1864 1865 1817
f 1817 1865 1818
f 1865 1866 1818
f 1818 1866 1819
f 1866 1867 1819
f 1819 1867 1820
f 1867 1868 1820
f 1820 1868 1821
f 1868 1869 1821
f 1821 1869 1822
f 1869 1870 1822
f 1822 1870 1823
f 1870 1871 1823
f 1823 1871 1824
f 1871 1872 1824
f 1824 1872 1825
f 1872 1873 1825
f 1825 1873 1826
f 1873 1874 1826
f 1826 1874 1827
f 1874 1875 1827
f 1827 1875 1828
f 1875 1876 1828
f 1828 1876 118
f 1876 120 118
f 119 121 1829
f 121 1877 1829
f 1829 1877 2685
f 1877 2691 2685
f 2685 1878 1830
f 1878 1879 2686
f 1831 2686 2687
f 1879 2693 2687
f 1880 2694 1832
f 2688 1832 2694
f 1881 2695 1833
f 2689 1833 2695
f 1834 2689 2690
f 1882 2696 2690
f 1835 1883 1836
f 1883 1884 1836
f 1836 1884 1837
f 1884 1885 1837
f 1837 1885 1838
f 1885 1886 1838
f 1838 1886 1839
f 1886 1887 1839
f 1839 1887 1840
f 1887 1888 1840
f 1840 1888 1841
f 1888 1889 1841
f 1841 1889 1842
f 1889 1890 1842
f 1842 1890 1843
f 1890 1891 1843
f 1843 1891 1844
f 1891 1892 1844
f 1844 1892 1845
f 1892 1893 1845
f 1845 1893 1846
f 1893 1894 1846
f 1846 1894 1847
f 1894 1895 1847
f 1847 1895 1848
f 1895 1896 1848
f 1848 1896 1849
f 1896 1897 1849
f 1849 1897 1850
f 1897 1898 1850
f 1850 1898 1851
f 1898 1899 1851
f 1851 1899 1852
f 1899 1900 1852
f 1852 1900 1853
f 1900 1901 1853
f 1853 1901 1854
f 1901 1902 1854
f 1854 1902 1855
f 1902 1903 1855
f 1855 1903 1856
f 1903 1904 1856
f 1856 1904 1857
f 1904 1905 1857
f 1857 1905 1858
f 1905 1906 1858
f 1858 1906 1859
f 1906 1907 1859
f 1859 1907 1860
f 1907 1908 1860
f 1860 1908 1861
f 1908 1909 1861
f 1861 1909 1862
f 1909 1910 1862
f 1862 1910 1863
f 1910 1911 1863
f 1863 1911 1864
f 1911 1912 1864
f 1864 1912 1865
f 1912 1913 1865
f 1865 1913 1866
f 1913 1914 1866
f 1866 1914 1867
f 1914 1915 1867
f 1867 1915 1868
f 1915 1916 1868
f 1868 1916 1869
f 1916 1917 1869
f 1869 1917 1870
f 1917 1918 1870
f 1870 1918 1871
f 1918 1919 1871
f 1871 1919 1872
f 1919 1920 1872
f 1872 1920 1873
f 1920 1921 1873
f 1873 1921 1874
f 1921 1922 1874
f 1874 1922 1875
f 1922 1923 1875
f 1875 1923 1876
f 1923 1924 1876
f 1876 1924 120
f 1924 122 120
f 121 123 1877
f 123 1925 1877
f 1877 1925 2691
f 2698 1926 1925
f 1878 2691 2692
f 1926 1927 2692
f 2692 1927 1879
f 1927 2700 2693
f 1928 2701 1880
f 2694 1880 2701
f 1929 2702 1881
f 2695 1881 2702
f 1930 2703 1882
f 2696 1882 2703
f 1883 2696 2697
f 1931 2704 2697
f 1884 1932 1885
f 1932 1933 1885
f 1885 1933 1886
f 1933 1934 1886
f 1886 1934 1887
f 1934 1935 1887
f 1887 1935 1888
f 1935 1936 1888
f 1888 1936 1889
f 1936 1937 1889
f 1889 1937 1890
f 1937 1938 1890
f 1890 1938 1891
f 1938 1939 1891
f 1891 1939 1892
f 1939 1940 1892
f 1892 1940 1893
f 1940 1941 1893
f 1893 1941 1894
f 1941 1942 1894
f 1894 1942 1895
f 1942 1943 1895
f 1895 1943 1896
f 1943 1944 1896
f 1896 1944 1897
f 1944 1945 1897
f 1897 1945 1898
f 1945 1946 1898
f 1898 1946 1899
f 1946 1947 1899
f 1899 1947 1900
f 1947 1948 1900
f 1900 1948 1901
f 1948 1949 1901
f 1901 1949 1902
f 1949 1950 1902
f 1902 1950 1903
f 1950 1951 1903
f 1903 1951 1904
f 1951 1952 1904
f 1904 1952 1905
f 1952 1953 1905
f 1905 1953 1906
f 1953 1954 1906
f 1906 1954 1907
f 1954 1955 1907
f 1907 1955 1908
f 1955 1956 1908
f 1908 1956 1909
f 1956 1957 1909
f 1909 1957 1910
f 1957 1958 1910
f 1910 1958 1911
f 1958 1959 1911
f 1911 1959 1912
f 1959 1960 1912
f 1912 1960 1913
f 1960 1961 1913
f 1913 1961 1914
f 1961 1962 1914
f 1914 1962 1915
f 1962 1963 1915
f 1915 1963 1916
f 1963 1964 1916
f 1916 1964 1917
f 1964 1965 1917
f 1917 1965 1918
f 1965 1966 1918
f 1918 1966 1919
f 1966 1967 1919
f 1919 1967 1920
f 1967 1968 1920
f 1920 1968 1921
f 1968 1969 1921
f 1921 1969 1922
f 1969 1970 1922
f 1922 1970 1923
f 1970 1971 1923
f 1923 1971 1924
f 1971 1972 1924
f 1924 1972 122
f 1972 124 122
f 123 125 1925
f 125 1973 1925
f 1925 1973 2698
f 1973 2706 2698
f 1926 2698 2699
f 1974 1975 2699
f 1927 2699 2700
f 2708 1976 1975
f 1976 2709 1928
f 2701 1928 2709
f 1977 2710 1929
f 2702 1929 2710
f 1978 2711 1930
f 2703 1930 2711
f 1979 2712 1931
f 2704 1931 2712
f 1932 2704 2705
f 1980 2713 2705
f 1933 1981 1934
f 1981 1982 1934
f 1934 1982 1935
f 1982 1983 1935
f 1935 1983 1936
f 1983 1984 1936
f 1936 1984 1937
f 1984 1985 1937
f 1937 1985 1938
f 1985 1986 1938
f 1938 1986 1939
f 1986 1987 1939
f 1939 1987 1940
f 1987 1988 1940
f 1940 1988 1941
f 1988 1989 1941
f 1941 1989 1942
f 1989 1990 1942
f 1942 1990 1943
f 1990 1991 1943
f 1943 1991 1944
f 1991 1992 1944
f 1944 1992 1945
f 1992 1993 1945
f 1945 1993 1946
f 1993 1994 1946
f 1946 1994 1947
f 1994 1995 1947
f 1947 1995 1948
f 1995 1996 1948
f 1948 1996 1949
f 1996 1997 1949
f 1949 1997 1950
f 1997 1998 1950
f 1950 1998 1951
f 1998 1999 1951
f 1951 1999 1952
f 1999 2000 1952
f 1952 2000 1953
f 2000 2001 1953
f 1953 2001 1954
f 2001 2002 1954
f 1954 2002 1955
f 2002 2003 1955
f 1955 2003 1956
f 2003 2004 1956
f 1956 2004 1957
f 2004 2005 1957
f 1957 2005 1958
f 2005 2006 1958
f 1958 2006 1959
f 2006 2007 1959
f 1959 2007 1960
f 2007 2008 1960
f 1960 2008 1961
f 2008 2009 1961
f 1961 2009 1962
f 2009 2010 1962
f 1962 2010 1963
f 2010 2011 1963
f 1963 2011 1964
f 2011 2012 1964
f 1964 2012 1965
f 2012 2013 1965
f 1965 2013 1966
f 2013 2014 1966
f 1966 2014 1967
f 2014 2015 1967
f 1967 2015 1968
f 2015 2016 1968
f 1968 2016 1969
f 2016 2017 1969
f 1969 2017 1970
f 2017 2018 1970
f 1970 2018 1971
f 2018 2019 1971
f 1971 2019 1972
f 2019 2020 1972
f 1972 2020 124
f 2020 126 124
f 125 127 1973
f 127 2021 1973
f 1973 2021 2706
f 2021 2715 2706
f 2706 2022 1974
f 2022 2023 2707
f 1975 2707 2708
f 2023 2717 2708
f 2024 2718 1976
f 2709 1976 2718
f 2025 2719 1977
f 2710 1977 2719
f 2026 2720 1978
f 2711 1978 2720
f 2027 2721 1979
f 2712 1979 2721
f 2028 2722 1980
f 2713 1980 2722
f 1981 2713 2714
f 2029 2723 2714
f 1982 2030 1983
f 2030 2031 1983
f 1983 2031 1984
f 2031 2032 1984
f 1984 2032 1985
f 2032 2033 1985
f 1985 2033 1986
f 2033 2034 1986
f 1986 2034 1987
f 2034 2035 1987
f 1987 2035 1988
f 2035 2036 1988
f 1988 2036 1989
f 2036 2037 1989
f 1989 2037 1990
f 2037 2038 1990
f 1990 2038 1991
f 2038 2039 1991
f 1991 2039 1992
f 2039 2040 1992
f 1992 2040 1993
f 2040 2041 1993
f 1993 2041 1994
f 2041 2042 1994
f 1994 2042 1995
f 2042 2043 1995
f 1995 2043 1996
f 2043 2044 1996
f 1996 2044 1997
f 2044 2045 1997
f 1997 2045 1998
f 2045 2046 1998
f 1998 2046 1999
f 2046 2047 1999
f 1999 2047 2000
f 2047 2048 2000
f 2000 2048 2001
f 2048 2049 2001
f 2001 2049 2002
f 2049 2050 2002
f 2002 2050 2003
f 2050 2051 2003
f 2003 2051 2004
f 2051 2052 2004
f 2004 2052 2005
f 2052 2053 2005
f 2005 2053 2006
f 2053 2054 2006
f 2006 2054 2007
f 2054 2055 2007
f 2007 2055 2008
f 2055 2056 2008
f 2008 2056 2009
f 2056 2057 2009
f 2009 2057 2010
f 2057 2058 2010
f 2010 2058 2011
f 2058 2059 2011
f 2011 2059 2012
f 2059 2060 2012
f 2012 2060 2013
f 2060 2061 2013
f 2013 2061 2014
f 2061 2062 2014
f 2014 2062 2015
f 2062 2063 2015
f 2015 2063 2016
f 2063 2064 2016
f 2016 2064 2017
f 2064 2065 2017
f 2017 2065 2018
f 2065 2066 2018
f 2018 2066 2019
f 2066 2067 2019
f 2019 2067 2020
f 2067 2068 2020
f 2020 2068 126
f 2068 128 126
f 127 129 2021
f 129 2069 2021
f 2021 2069 2715
f 2725 2070 2069
f 2022 2715 2716
f 2070 2071 2716
f 2716 2071 2023
f 2071 2727 2717
f 2072 2728 2024
f 2718 2024 2728
f 2073 2729 2025
f 2719 2025 2729
f 2074 2730 2026
f 2720 2026 2730
f 2075 2731 2027
f 2721 2027 2731
f 2076 2732 2028
f 2722 2028 2732
f 2077 2733 2029
f 2723 2029 2733
f 2030 2723 2724
f 2078 2734 2724
f 2031 2079 2032
f 2079 2080 2032
f 2032 2080 2033
f 2080 2081 2033
f 2033 2081 2034
f 2081 2082 2034
f 2034 2082 2035
f 2082 2083 2035
f 2035 2083 2036
f 2083 2084 2036
f 2036 2084 2037
f 2084 2085 2037
f 2037 2085 2038
f 2085 2086 2038
f 2038 2086 2039
f 2086 2087 2039
f 2039 2087 2040
f 2087 2088 2040
f 2040 2088 2041
f 2088 2089 2041
f 2041 2089 2042
f 2089 2090 2042
f 2042 2090 2043
f 2090 2091 2043
f 2043 2091 2044
f 2091 2092 2044
f 2044 2092 2045
f 2092 2093 2045
f 2045 2093 2046
f 2093 2094 2046
f 2046 2094 2047
f 2094 2095 2047
f 2047 2095 2048
f 2095 2096 2048
f 2048 2096 2049
f 2096 2097 2049
f 2049 2097 2050
f 2097 2098 2050
f 2050 2098 2051
f 2098 2099 2051
f 2051 2099 2052
f 2099 2100 2052
f 2052 2100 2053
f 2100 2101 2053
f 2053 2101 2054
f 2101 2102 2054
f 2054 2102 2055
f 2102 2103 2055
f 2055 2103 2056
f 2103 2104 2056
f 2056 2104 2057
f 2104 2105 2057
f 2057 2105 2058
f 2105 2106 2058
f 2058 2106 2059
f 2106 2107 2059
f 2059 2107 2060
f 2107 2108 2060
f 2060 2108 2061
f 2108 2109 2061
f 2061 2109 2062
f 2109 2110 2062
f 2062 2110 2063
f 2110 2111 2063
f 2063 2111 2064
f 2111 2112 2064
f 2064 2112 2065
f 2112 2113 2065
f 2065 2113 2066
f 2113 2114 2066
f 2066 2114 2067
f 2114 2115 2067
f 2067 2115 2068
f 2115 2116 2068
f 2068 2116 128
f 2116 130 128
f 129 131 2069
f 131 2117 2069
f 2069 2117 2725
f 2117 2736 2725
f 2070 2725 2726
f 2118 2119 2726
f 2071 2726 2727
f 2738 2120 2119
f 2120 2739 2072
f 2728 2072 2739
f 2121 2740 2073
f 2729 2073 2740
f 2122 2741 2074
f 2730 2074 2741
f 2123 2742 2075
f 2731 2075 2742
f 2124 2743 2076
f 2732 2076 2743
f 2125 2744 2077
f 2733 2077 2744
f 2126 2745 2078
f 2734 2078 2745
f 2079 2734 2735
f 2127 2746 2735
f 2080 2128 2081
f 2128 2129 2081
f 2081 2129 2082
f 2129 2130 2082
f 2082 2130 2083
f 2130 2131 2083
f 2083 2131 2084
f 2131 2132 2084
f 2084 2132 2085
f 2132 2133 2085
f 2085 2133 2086
f 2133 2134 2086
f 2086 2134 2087
f 2134 2135 2087
f 2087 2135 2088
f 2135 2136 2088
f 2088 2136 2089
f 2136 2137 2089
f 2089 2137 2090
f 2137 2138 2090
f 2090 2138 2091
f 2138 2139 2091
f 2091 2139 2092
f 2139 2140 2092
f 2092 2140 2093
f 2140 2141 2093
f 2093 2141 2094
f 2141 2142 2094
f 2094 2142 2095
f 2142 2143 2095
f 2095 2143 2096
f 2143 2144 2096
f 2096 2144 2097
f 2144 2145 2097
f 2097 2145 2098
f 2145 2146 2098
f 2098 2146 2099
f 2146 2147 2099
f 2099 2147 2100
f 2147 2148 2100
f 2100 2148 2101
f 2148 2149 2101
f 2101 2149 2102
f 2149 2150 2102
f 2102 2150 2103
f 2150 2151 2103
f 2103 2151 2104
f 2151 2152 2104
f 2104 2152 2105
f 2152 2153 2105
f 2105 2153 2106
f 2153 2154 2106
f 2106 2154 2107
f 2154 2155 2107
f 2107 2155 2108
f 2155 2156 2108
f 2108 2156 2109
f 2156 2157 2109
f 2109 2157 2110
f 2157 2158 2110
f 2110 2158 2111
f 2158 2159 2111
f 2111 2159 2112
f 2159 2160 2112
f 2112 2160 2113
f 2160 2161 2113
f 2113 2161 2114
f 2161 2162 2114
f 2114 2162 2115
f 2162 2163 2115
f 2115 2163 2116
f 2163 2164 2116
f 2116 2164 130
f 2164 132 130
f 131 133 2117
f 133 2165 2117
f 2117 2165 2736
f 2165 2748 2736
f 2736 2166 2118
f 2166 2167 2737
f 2119 2737 2738
f 2167 2750 2738
f 2168 2751 2120
f 2739 2120 2751
f 2169 2752 2121
f 2740 2121 2752
f 2170 2753 2122
f 2741 2122 2753
f 2171 2754 2123
f 2742 2123 2754
f 2172 2755 2124
f 2743 2124 2755
f 2173 2756 2125
f 2744 2125 2756
f 2174 2757 2126
f 2745 2126 2757
f 2175 2758 2127
f 2746 2127 2758
f 2128 2746 2747
f 2176 2759 2747
f 2129 2177 2130
f 2177 2178 2130
f 2130 2178 2131
f 2178 2179 2131
f 2131 2179 2132
f 2179 2180 2132
f 2132 2180 2133
f 2180 2181 2133
f 2133 2181 2134
f 2181 2182 2134
f 2134 2182 2135
f 2182 2183 2135
f 2135 2183 2136
f 2183 2184 2136
f 2136 2184 2137
f 2184 2185 2137
f 2137 2185 2138
f 2185 2186 2138
f 2138 2186 2139
f 2186 2187 2139
f 2139 2187 2140
f 2187 2188 2140
f 2140 2188 2141
f 2188 2189 2141
f 2141 2189 2142
f 2189 2190 2142
f 2142 2190 2143
f 2190 2191 2143
f 2143 2191 2144
f 2191 2192 2144
f 2144 2192 2145
f 2192 2193 2145
f 2145 2193 2146
f 2193 2194 2146
f 2146 2194 2147
f 2194 2195 2147
f 2147 2195 2148
f 2195 2196 2148
f 2148 2196 2149
f 2196 2197 2149
f 2149 2197 2150
f 2197 2198 2150
f 2150 2198 2151
f 2198 2199 2151
f 2151 2199 2152
f 2199 2200 2152
f 2152 2200 2153
f 2200 2201 2153
f 2153 2201 2154
f 2201 2202 2154
f 2154 2202 2155
f 2202 2203 2155
f 2155 2203 2156
f 2203 2204 2156
f 2156 2204 2157
f 2204 2205 2157
f 2157 2205 2158
f 2205 2206 2158
f 2158 2206 2159
f 2206 2207 2159
f 2159 2207 2160
f 2207 2208 2160
f 2160 2208 2161
f 2208 2209 2161
f 2161 2209 2162
f 2209 2210 2162
f 2162 2210 2163
f 2210 2211 2163
f 2163 2211 2164
f 2211 2212 2164
f 2164 2212 132
f 2212 134 132
f 133 135 2165
f 135 2213 2165
f 2165 2213 2748
f 2761 2214 2213
f 2166 2748 2749
f 2214 2215 2749
f 2749 2215 2167
f 2215 2763 2750
f 2216 2764 2168
f 2751 2168 2764
f 2217 2765 2169
f 2752 2169 2765
f 2218 2766 2170
f 2753 2170 2766
f 2219 2767 2171
f 2754 2171 2767
f 2220 2768 2172
f 2755 2172 2768
f 2221 2769 2173
f 2756 2173 2769
f 2222 2770 2174
f 2757 2174 2770
f 2223 2771 2175
f 2758 2175 2771
f 2224 2772 2176
f 2759 2176 2772
f 2177 2759 2760
f 2225 2773 2760
f 2178 2226 2179
f 2226 2227 2179
f 2179 2227 2180
f 2227 2228 2180
f 2180 2228 2181
f 2228 2229 2181
f 2181 2229 2182
f 2229 2230 2182
f 2182 2230 2183
f 2230 2231 2183
f 2183 2231 2184
f 2231 2232 2184
f 2184 2232 2185
f 2232 2233 2185
f 2185 2233 2186
f 2233 2234 2186
f 2186 2234 2187
f 2234 2235 2187
f 2187 2235 2188
f 2235 2236 2188
f 2188 2236 2189
f 2236 2237 2189
f 2189 2237 2190
f 2237 2238 2190
f 2190 2238 2191
f 2238 2239 2191
f 2191 2239 2192
f 2239 2240 2192
f 2192 2240 2193
f 2240 2241 2193
f 2193 2241 2194
f 2241 2242 2194
f 2194 2242 2195
f 2242 2243 2195
f 2195 2243 2196
f 2243 2244 2196
f 2196 2244 2197
f 2244 2245 2197
f 2197 2245 2198
f 2245 2246 2198
f 2198 2246 2199
f 2246 2247 2199
f 2199 2247 2200
f 2247 2248 2200
f 2200 2248 2201
f 2248 2249 2201
f 2201 2249 2202
f 2249 2250 2202
f 2202 2250 2203
f 2250 2251 2203
f 2203 2251 2204
f 2251 2252 2204
f 2204 2252 2205
f 2252 2253 2205
f 2205 2253 2206
f 2253 2254 2206
f 2206 2254 2207
f 2254 2255 2207
f 2207 2255 2208
f 2255 2256 2208
f 2208 2256 2209
f 2256 2257 2209
f 2209 2257 2210
f 2257 2258 2210
f 2210 2258 2211
f 2258 2259 2211
f 2211 2259 2212
f 2259 2260 2212
f 2212 2260 134
f 2260 136 134
f 135 137 2213
f 137 2261 2213
f 2213 2261 2761
f 2261 2775 2761
f 2214 2761 2762
f 2262 2263 2762
f 2215 2762 2763
f 2776 2312 2263
f 2264 2777 2216
f 2764 2216 2777
f 2265 2778 2217
f 2765 2217 2778
f 2266 2779 2218
f 2766 2218 2779
f 2267 2780 2219
f 2767 2219 2780
f 2268 2781 2220
f 2768 2220 2781
f 2269 2782 2221
f 2769 2221 2782
f 2270 2783 2222
f 2770 2222 2783
f 2271 2784 2223
f 2771 2223 2784
f 2272 2785 2224
f 2772 2224 2785
f 2273 2786 2225
f 2773 2225 2786
f 2226 2773 2774
f 2274 2787 2774
f 2227 2275 2228
f 2275 2276 2228
f 2228 2276 2229
f 2276 2277 2229
f 2229 2277 2230
f 2277 2278 2230
f 2230 2278 2231
f 2278 2279 2231
f 2231 2279 2232
f 2279 2280 2232
f 2232 2280 2233
f 2280 2281 2233
f 2233 2281 2234
f 2281 2282 2234
f 2234 2282 2235
f 2282 2283 2235
f 2235 2283 2236
f 2283 2284 2236
f 2236 2284 2237
f 2284 2285 2237
f 2237 2285 2238
f 2285 2286 2238
f 2238 2286 2239
f 2286 2287 2239
f 2239 2287 2240
f 2287 2288 2240
f 2240 2288 2241
f 2288 2289 2241
f 2241 2289 2242
f 2289 2290 2242
f 2242 2290 2243
f 2290 2291 2243
f 2243 2291 2244
f 2291 2292 2244
f 2244 2292 2245
f 2292 2293 2245
f 2245 2293 2246
f 2293 2294 2246
f 2246 2294 2247
f 2294 2295 2247
f 2247 2295 2248
f 2295 2296 2248
f 2248 2296 2249
f 2296 2297 2249
f 2249 2297 2250
f 2297 2298 2250
f 2250 2298 2251
f 2298 2299 2251
f 2251 2299 2252
f 2299 2300 2252
f 2252 2300 2253
f 2300 2301 2253
f 2253 2301 2254
f 2301 2302 2254
f 2254 2302 2255
f 2302 2303 2255
f 2255 2303 2256
f 2303 2304 2256
f 2256 2304 2257
f 2304 2305 2257
f 2257 2305 2258
f 2305 2306 2258
f 2258 2306 2259
f 2306 2307 2259
f 2259 2307 2260
f 2307 2308 2260
f 2260 2308 136
f 2308 138 136
f 137 139 2261
f 139 2309 2261
f 2261 2309 2775
f 2309 2789 2775
f 2775 2310 2262
f 2310 2311 2776
f 2312 2790 2264
f 2777 2264 2790
f 2313 2791 2265
f 2778 2265 2791
f 2314 2792 2266
f 2779 2266 2792
f 2315 2793 2267
f 2780 2267 2793
f 2316 2794 2268
f 2781 2268 2794
f 2317 2795 2269
f 2782 2269 2795
f 2318 2796 2270
f 2783 2270 2796
f 2784 2271 2319
f 2320 2797 2272
f 2785 2272 2797
f 2321 2798 2273
f 2786 2273 2798
f 2322 2799 2274
f 2787 2274 2799
f 2275 2787 2788
f 2323 2800 2788
f 2276 2324 2277
f 2324 2325 2277
f 2277 2325 2278
f 2325 2326 2278
f 2278 2326 2279
f 2326 2327 2279
f 2279 2327 2280
f 2327 2328 2280
f 2280 2328 2281
f 2328 2329 2281
f 2281 2329 2282
f 2329 2330 2282
f 2282 2330 2283
f 2330 2331 2283
f 2283 2331 2284
f 2331 2332 2284
f 2284 2332 2285
f 2332 2333 2285
f 2285 2333 2286
f 2333 2334 2286
f 2286 2334 2287
f 2334 2335 2287
f 2287 2335 2288
f 2335 2336 2288
f 2288 2336 2289
f 2336 2337 2289
f 2289 2337 2290
f 2337 2338 2290
f 2290 2338 2291
f 2338 2339 2291
f 2291 2339 2292
f 2339 2340 2292
f 2292 2340 2293
f 2340 2341 2293
f 2293 2341 2294
f 2341 2342 2294
f 2294 2342 2295
f 2342 2343 2295
f 2295 2343 2296
f 2343 2344 2296
f 2296 2344 2297
f 2344 2345 2297
f 2297 2345 2298
f 2345 2346 2298
f 2298 2346 2299
f 2346 2347 2299
f 2299 2347 2300
f 2347 2348 2300
f 2300 2348 2301
f 2348 2349 2301
f 2301 2349 2302
f 2349 2350 2302
f 2302 2350 2303
f 2350 2351 2303
f 2303 2351 2304
f 2351 2352 2304
f 2304 2352 2305
f 2352 2353 2305
f 2305 2353 2306
f 2353 2354 2306
f 2306 2354 2307
f 2354 2355 2307
f 2307 2355 2308
f 2355 2356 2308
f 2308 2356 138
f 2356 140 138
f 139 141 2309
f 141 2357 2309
f 2309 2357 2789
f 2802 2358 2357
f 2310 2789 2359
f 2359 2804 2311
f 2360 2805 2312
f 2790 2312 2805
f 2361 2806 2313
f 2791 2313 2806
f 2362 2807 2314
f 2792 2314 2807
f 2363 2808 2315
f 2793 2315 2808
f 2364 2809 2316
f 2794 2316 2809
f 2365 2810 2317
f 2795 2317 2810
f 2366 2811 2318
f 2796 2318 2811
f 2368 2812 2320
f 2797 2320 2812
f 2369 2813 2321
f 2798 2321 2813
f 2799 2322 2370
f 2371 2814 2323
f 2800 2323 2814
f 2324 2800 2801
f 2372 2815 2801
f 2325 2373 2326
f 2373 2374 2326
f 2326 2374 2327
f 2374 2375 2327
f 2327 2375 2328
f 2375 2376 2328
f 2328 2376 2329
f 2376 2377 2329
f 2329 2377 2330
f 2377 2378 2330
f 2330 2378 2331
f 2378 2379 2331
f 2331 2379 2332
f 2379 2380 2332
f 2332 2380 2333
f 2380 2381 2333
f 2333 2381 2334
f 2381 2382 2334
f 2334 2382 2335
f 2382 2383 2335
f 2335 2383 2336
f 2383 2384 2336
f 2336 2384 2337
f 2384 2385 2337
f 2337 2385 2338
f 2385 2386 2338
f 2338 2386 2339
f 2386 2387 2339
f 2339 2387 2340
f 2387 2388 2340
f 2340 2388 2341
f 2388 2389 2341
f 2341 2389 2342
f 2389 2390 2342
f 2342 2390 2343
f 2390 2391 2343
f 2343 2391 2344
f 2391 2392 2344
f 2344 2392 2345
f 2392 2393 2345
f 2345 2393 2346
f 2393 2394 2346
f 2346 2394 2347
f 2394 2395 2347
f 2347 2395 2348
f 2395 2396 2348
f 2348 2396 2349
f 2396 2397 2349
f 2349 2397 2350
f 2397 2398 2350
f 2350 2398 2351
f 2398 2399 2351
f 2351 2399 2352
f 2399 2400 2352
f 2352 2400 2353
f 2400 2401 2353
f 2353 2401 2354
f 2401 2402 2354
f 2354 2402 2355
f 2402 2403 2355
f 2355 2403 2356
f 2403 2404 2356
f 2356 2404 140
f 2404 142 140
f 141 143 2357
f 143 2405 2357
f 2357 2405 2802
f 2405 2817 2802
f 2358 2802 2803
f 2406 2407 2803
f 2359 2803 2804
f 2819 2408 2407
f 2408 2820 2360
f 2805 2360 2820
f 2409 2821 2361
f 2806 2361 2821
f 2410 2822 2362
f 2807 2362 2822
f 2411 2823 2363
f 2808 2363 2823
f 2412 2824 2364
f 2809 2364 2824
f 2413 2825 2365
f 2810 2365 2825
f 2414 2826 2366
f 2811 2366 2826
f 2416 2827 2368
f 2812 2368 2827
f 2417 2828 2369
f 2813 2369 2828
f 2419 2829 2371
f 2814 2371 2829
f 2420 2830 2372
f 2815 2372 2830
f 2373 2815 2816
f 2421 2831 2816
f 2374 2422 2375
f 2422 2423 2375
f 2375 2423 2376
f 2423 2424 2376
f 2376 2424 2377
f 2424 2425 2377
f 2377 2425 2378
f 2425 2426 2378
f 2378 2426 2379
f 2426 2427 2379
f 2379 2427 2380
f 2427 2428 2380
f 2380 2428 2381
f 2428 2429 2381
f 2381 2429 2382
f 2429 2430 2382
f 2382 2430 2383
f 2430 2431 2383
f 2383 2431 2384
f 2431 2432 2384
f 2384 2432 2385
f 2432 2433 2385
f 2385 2433 2386
f 2433 2434 2386
f 2386 2434 2387
f 2434 2435 2387
f 2387 2435 2388
f 2435 2436 2388
f 2388 2436 2389
f 2436 2437 2389
f 2389 2437 2390
f 2437 2438 2390
f 2390 2438 2391
f 2438 2439 2391
f 2391 2439 2392
f 2439 2440 2392
f 2392 2440 2393
f 2440 2441 2393
f 2393 2441 2394
f 2441 2442 2394
f 2394 2442 2395
f 2442 2443 2395
f 2395 2443 2396
f 2443 2444 2396
f 2396 2444 2397
f 2444 2445 2397
f 2397 2445 2398
f 2445 2446 2398
f 2398 2446 2399
f 2446 2447 2399
f 2399 2447 2400
f 2447 2448 2400
f 2400 2448 2401
f 2448 2449 2401
f 2401 2449 2402
f 2449 2450 2402
f 2402 2450 2403
f 2450 2451 2403
f 2403 2451 2404
f 2451 2452 2404
f 2404 2452 142
f 2452 144 142
f 143 145 2405
f 145 2453 2405
f 2405 2453 2817
f 2453 2454 2817
f 2406 2817 2818
f 2454 2455 2818
f 2407 2818 2819
f 2455 2456 2819
f 2408 2456 2820
f 2456 2457 2820
f 2409 2457 2821
f 2457 2458 2821
f 2410 2458 2822
f 2458 2459 2822
f 2411 2459 2823
f 2459 2460 2823
f 2412 2460 2824
f 2460 2461 2824
f 2413 2461 2825
f 2461 2462 2825
f 2414 2462 2826
f 2462 2463 2826
f 2464 2416 2463
f 2416 2464 2827
f 2464 2465 2827
f 2417 2465 2828
f 2465 2466 2828
f 2467 2419 2466
f 2419 2467 2829
f 2467 2468 2829
f 2420 2468 2830
f 2468 2469 2830
f 2421 2469 2831
f 2469 2470 2831
f 2422 2831 2832
f 2470 2471 2832
f 2423 2832 2834
f 2471 2472 2834
f 2424 2472 2425
f 2472 2473 2425
f 2425 2473 2426
f 2473 2474 2426
f 2426 2474 2427
f 2474 2475 2427
f 2427 2475 2428
f 2475 2476 2428
f 2428 2476 2429
f 2476 2477 2429
f 2429 2477 2430
f 2477 2478 2430
f 2430 2478 2431
f 2478 2479 2431
f 2431 2479 2432
f 2479 2480 2432
f 2432 2480 2433
f 2480 2481 2433
f 2433 2481 2434
f 2481 2482 2434
f 2434 2482 2435
f 2482 2483 2435
f 2435 2483 2436
f 2483 2484 2436
f 2436 2484 2437
f 2484 2485 2437
f 2437 2485 2438
f 2485 2486 2438
f 2438 2486 2439
f 2486 2487 2439
f 2439 2487 2440
f 2487 2488 2440
f 2440 2488 2441
f 2488 2489 2441
f 2441 2489 2442
f 2489 2490 2442
f 2442 2490 2443
f 2490 2491 2443
f 2443 2491 2444
f 2491 2492 2444
f 2444 2492 2445
f 2492 2493 2445
f 2445 2493 2446
f 2493 2494 2446
f 2446 2494 2447
f 2494 2495 2447
f 2447 2495 2448
f 2495 2496 2448
f 2448 2496 2449
f 2496 2497 2449
f 2449 2497 2450
f 2497 2498 2450
f 2450 2498 2451
f 2498 2499 2451
f 2451 2499 2452
f 2499 2500 2452
f 2452 2500 144
f 2500 146 144
f 145 147 2453
f 147 148 2453
f 2453 148 2454
f 148 149 2454
f 2454 149 2455
f 149 150 2455
f 2455 150 2456
f 150 151 2456
f 2456 151 2457
f 151 152 2457
f 2457 152 2458
f 152 153 2458
f 2458 153 2459
f 153 154 2459
f 2459 154 2460
f 154 155 2460
f 2460 155 2461
f 155 156 2461
f 2461 156 2462
f 156 157 2462
f 2462 157 2463
f 157 158 2463
f 2463 158 2464
f 158 159 2464
f 2464 159 2465
f 159 160 2465
f 2465 160 2466
f 160 161 2466
f 2466 161 2467
f 161 162 2467
f 2467 162 2468
f 162 163 2468
f 2468 163 2469
f 163 164 2469
f 2469 164 2470
f 164 165 2470
f 2470 165 2471
f 165 166 2471
f 2471 166 2472
f 166 167 2472
f 2472 167 2473
f 167 168 2473
f 2473 168 2474
f 168 169 2474
f 2474 169 2475
f 169 170 2475
f 2475 170 2476
f 170 171 2476
f 2476 171 2477
f 171 172 2477
f 2477 172 2478
f 172 173 2478
f 2478 173 2479
f 173 174 2479
f 2479 174 2480
f 174 175 2480
f 2480 175 2481
f 175 176 2481
f 2481 176 2482
f 176 177 2482
f 2482 177 2483
f 177 178 2483
f 2483 178 2484
f 178 179 2484
f 2484 179 2485
f 179 180 2485
f 2485 180 2486
f 180 181 2486
f 2486 181 2487
f 181 182 2487
f 2487 182 2488
f 182 183 2488
f 2488 183 2489
f 183 184 2489
f 2489 184 2490
f 184 185 2490
f 2490 185 2491
f 185 186 2491
f 2491 186 2492
f 186 187 2492
f 2492 187 2493
f 187 188 2493
f 2493 188 2494
f 188 189 2494
f 2494 189 2495
f 189 190 2495
f 2495 190 2496
f 190 191 2496
f 2496 191 2497
f 191 192 2497
f 2497 192 2498
f 192 193 2498
f 2498 193 2499
f 193 194 2499
f 2499 194 2500
f 194 195 2500
f 2500 195 146
f 195 196 146
f 275 2519 2501
f 227 226 2501
f 276 2503 2502
f 228 227 2502
f 277 2504 2503
f 229 228 2503
f 278 2505 2504
f 230 229 2504
f 279 2506 2505
f 231 230 2505
f 280 2507 2506
f 232 231 2506
f 281 2508 2507
f 233 232 2507
f 282 2509 2508
f 234 233 2508
f 283 2510 2509
f 235 234 2509
f 284 2511 2510
f 236 235 2510
f 285 2512 2511
f 237 236 2511
f 286 2513 2512
f 238 237 2512
f 287 2514 2513
f 239 238 2513
f 288 2515 2514
f 240 239 2514
f 289 2516 2515
f 241 240 2515
f 290 2517 2516
f 242 241 2516
f 291 2518 2517
f 243 242 2517
f 244 2518 292
f 244 243 2518
f 276 2519 324
f 276 2502 2519
f 325 2521 2520
f 277 276 2520
f 278 2521 326
f 278 2504 2521
f 327 2523 2522
f 279 278 2522
f 280 2523 328
f 280 2506 2523
f 329 2525 2524
f 281 280 2524
f 282 2525 330
f 282 2508 2525
f 331 2527 2526
f 283 282 2526
f 284 2527 332
f 284 2510 2527
f 333 2529 2528
f 285 284 2528
f 286 2529 334
f 286 2512 2529
f 335 2531 2530
f 287 286 2530
f 288 2531 336
f 288 2514 2531
f 337 2533 2532
f 289 288 2532
f 290 2533 338
f 290 2516 2533
f 339 2535 2534
f 291 290 2534
f 292 2535 340
f 292 2518 2535
f 373 2537 2536
f 325 2520 2536
f 374 2538 2537
f 326 325 2537
f 327 2538 375
f 327 2522 2538
f 376 2540 2539
f 328 327 2539
f 329 2540 377
f 329 2524 2540
f 378 2542 2541
f 330 329 2541
f 331 2542 379
f 331 2526 2542
f 380 2544 2543
f 332 331 2543
f 333 2544 381
f 333 2528 2544
f 382 2546 2545
f 334 333 2545
f 335 2546 383
f 335 2530 2546
f 384 2548 2547
f 336 335 2547
f 337 2548 385
f 337 2532 2548
f 338 337 386
f 339 2534 2549
f 340 339 388
f 422 2551 2550
f 374 2537 2550
f 423 2552 2551
f 375 374 2551
f 376 2552 424
f 376 2539 2552
f 425 2554 2553
f 377 376 2553
f 378 2554 426
f 378 2541 2554
f 427 2556 2555
f 379 378 2555
f 380 2556 428
f 380 2543 2556
f 429 2558 2557
f 381 380 2557
f 382 2558 430
f 382 2545 2558
f 431 2560 2559
f 383 382 2559
f 384 2560 432
f 384 2547 2560
f 433 2562 2561
f 385 384 2561
f 386 2562 434
f 386 337 2562
f 435 2564 2563
f 387 2549 2563
f 388 2564 436
f 388 339 2564
f 471 2566 2565
f 423 2551 2565
f 472 2567 2566
f 424 423 2566
f 425 2567 473
f 425 2553 2567
f 474 2569 2568
f 426 425 2568
f 427 2569 475
f 427 2555 2569
f 476 2571 2570
f 428 427 2570
f 429 2571 477
f 429 2557 2571
f 478 2573 2572
f 430 429 2572
f 431 2573 479
f 431 2559 2573
f 480 2575 2574
f 432 431 2574
f 433 2575 481
f 433 2561 2575
f 482 2577 2576
f 434 433 2576
f 435 2577 483
f 435 2563 2577
f 436 2578 484
f 436 435 2578
f 520 2580 2579
f 472 2566 2579
f 521 2581 2580
f 473 472 2580
f 474 2581 522
f 474 2568 2581
f 523 2583 2582
f 475 474 2582
f 476 2583 524
f 476 2570 2583
f 525 2585 2584
f 477 476 2584
f 478 2585 526
f 478 2572 2585
f 527 2587 2586
f 479 478 2586
f 480 2587 528
f 480 2574 2587
f 529 2589 2588
f 481 480 2588
f 482 2589 530
f 482 2576 2589
f 531 2591 2590
f 483 482 2590
f 484 2591 532
f 484 2578 2591
f 569 2593 2592
f 521 2580 2592
f 570 2594 2593
f 522 521 2593
f 523 2594 571
f 523 2582 2594
f 572 2596 2595
f 524 523 2595
f 525 2596 573
f 525 2584 2596
f 574 2598 2597
f 526 525 2597
f 527 2598 575
f 527 2586 2598
f 576 2600 2599
f 528 527 2599
f 529 2600 577
f 529 2588 2600
f 578 2602 2601
f 530 529 2601
f 531 2602 579
f 531 2590 2602
f 532 2603 580
f 532 531 2603
f 618 2605 2604
f 570 2593 2604
f 619 2606 2605
f 571 570 2605
f 572 2606 620
f 572 2595 2606
f 621 2608 2607
f 573 572 2607
f 574 2608 622
f 574 2597 2608
f 623 2610 2609
f 575 574 2609
f 576 2610 624
f 576 2599 2610
f 625 2612 2611
f 577 576 2611
f 578 2612 626
f 578 2601 2612
f 627 2614 2613
f 579 578 2613
f 580 2614 628
f 580 2603 2614
f 667 2616 2615
f 619 2605 2615
f 668 2617 2616
f 620 619 2616
f 621 2617 669
f 621 2607 2617
f 670 2619 2618
f 622 621 2618
f 623 2619 671
f 623 2609 2619
f 672 2621 2620
f 624 623 2620
f 625 2621 673
f 625 2611 2621
f 674 2623 2622
f 626 625 2622
f 627 2623 675
f 627 2613 2623
f 628 2624 676
f 628 627 2624
f 716 2626 2625
f 668 2616 2625
f 717 2627 2626
f 669 668 2626
f 670 2627 718
f 670 2618 2627
f 719 2629 2628
f 671 670 2628
f 672 2629 720
f 672 2620 2629
f 721 2631 2630
f 673 672 2630
f 674 2631 722
f 674 2622 2631
f 723 2633 2632
f 675 674 2632
f 676 2633 724
f 676 2624 2633
f 765 2635 2634
f 717 2626 2634
f 766 2636 2635
f 718 717 2635
f 719 2636 767
f 719 2628 2636
f 768 2638 2637
f 720 719 2637
f 721 2638 769
f 721 2630 2638
f 770 2640 2639
f 722 721 2639
f 723 2640 771
f 723 2632 2640
f 724 2641 772
f 724 723 2641
f 814 2643 2642
f 766 2635 2642
f 815 2644 2643
f 767 766 2643
f 768 2644 816
f 768 2637 2644
f 817 2646 2645
f 769 768 2645
f 770 2646 818
f 770 2639 2646
f 819 2648 2647
f 771 770 2647
f 772 2648 820
f 772 2641 2648
f 863 2650 2649
f 815 2643 2649
f 864 2651 2650
f 816 815 2650
f 817 2651 865
f 817 2645 2651
f 866 2653 2652
f 818 817 2652
f 819 2653 867
f 819 2647 2653
f 820 2654 868
f 820 819 2654
f 912 2656 2655
f 864 2650 2655
f 913 2657 2656
f 865 864 2656
f 866 2657 914
f 866 2652 2657
f 915 2659 2658
f 867 866 2658
f 868 2659 916
f 868 2654 2659
f 961 2661 2660
f 913 2656 2660
f 962 2662 2661
f 914 913 2661
f 915 2662 963
f 915 2658 2662
f 916 2663 964
f 916 915 2663
f 1010 2665 2664
f 962 2661 2664
f 1011 2666 2665
f 963 962 2665
f 964 2666 1012
f 964 2663 2666
f 1059 2668 2667
f 1011 2665 2667
f 1012 2668 1060
f 1012 1011 2668
f 1060 2669 1108
f 1060 2668 2669
f 1590 2670 1638
f 1590 2835 2670
f 1686 2672 2671
f 1638 2670 2671
f 1639 2672 1687
f 1639 1638 2672
f 2674 1686 1734
f 2671 1685 1686
f 1735 2675 2674
f 1687 2672 2674
f 1688 2675 1736
f 1688 1687 2675
f 1782 2677 2676
f 1734 2673 2676
f 2678 1735 1783
f 1735 1734 2677
f 1784 2679 2678
f 1736 2675 2678
f 1737 2679 1785
f 1737 1736 2679
f 1830 2681 2680
f 2676 1781 1782
f 1831 2682 2681
f 1783 1782 2681
f 1784 2682 1832
f 1784 2678 2682
f 1833 2684 2683
f 1785 2679 2683
f 1786 2684 1834
f 1786 1785 2684
f 2686 1830 1878
f 1830 2680 2685
f 1879 2687 2686
f 1831 1830 2686
f 1832 2687 1880
f 2682 1831 1832
f 1833 2688 1881
f 1833 2683 2688
f 1882 2690 2689
f 1834 2684 2689
f 1835 2690 1883
f 1835 1834 2690
f 1926 2692 2691
f 1878 2685 2691
f 2693 1879 1927
f 1879 1878 2692
f 1880 2693 1928
f 1880 2687 2693
f 1881 2694 1929
f 1881 2688 2694
f 1882 2695 1930
f 1882 2689 2695
f 1931 2697 2696
f 1883 2690 2696
f 1884 2697 1932
f 1884 1883 2697
f 1974 2699 2698
f 2691 1925 1926
f 1975 2700 2699
f 1927 1926 2699
f 1928 2700 1976
f 1928 2693 2700
f 1929 2701 1977
f 1929 2694 2701
f 1930 2702 1978
f 1930 2695 2702
f 1931 2703 1979
f 1931 2696 2703
f 1980 2705 2704
f 1932 2697 2704
f 1933 2705 1981
f 1933 1932 2705
f 2707 1974 2022
f 1974 2698 2706
f 2023 2708 2707
f 1975 1974 2707
f 1976 2708 2024
f 2700 1975 1976
f 1977 2709 2025
f 1977 2701 2709
f 1978 2710 2026
f 1978 2702 2710
f 1979 2711 2027
f 1979 2703 2711
f 1980 2712 2028
f 1980 2704 2712
f 2029 2714 2713
f 1981 2705 2713
f 1982 2714 2030
f 1982 1981 2714
f 2070 2716 2715
f 2022 2706 2715
f 2717 2023 2071
f 2023 2022 2716
f 2024 2717 2072
f 2024 2708 2717
f 2025 2718 2073
f 2025 2709 2718
f 2026 2719 2074
f 2026 2710 2719
f 2027 2720 2075
f 2027 2711 2720
f 2028 2721 2076
f 2028 2712 2721
f 2029 2722 2077
f 2029 2713 2722
f 2078 2724 2723
f 2030 2714 2723
f 2031 2724 2079
f 2031 2030 2724
f 2118 2726 2725
f 2715 2069 2070
f 2119 2727 2726
f 2071 2070 2726
f 2072 2727 2120
f 2072 2717 2727
f 2073 2728 2121
f 2073 2718 2728
f 2074 2729 2122
f 2074 2719 2729
f 2075 2730 2123
f 2075 2720 2730
f 2076 2731 2124
f 2076 2721 2731
f 2077 2732 2125
f 2077 2722 2732
f 2078 2733 2126
f 2078 2723 2733
f 2127 2735 2734
f 2079 2724 2734
f 2080 2735 2128
f 2080 2079 2735
f 2737 2118 2166
f 2118 2725 2736
f 2167 2738 2737
f 2119 2118 2737
f 2120 2738 2168
f 2727 2119 2120
f 2121 2739 2169
f 2121 2728 2739
f 2122 2740 2170
f 2122 2729 2740
f 2123 2741 2171
f 2123 2730 2741
f 2124 2742 2172
f 2124 2731 2742
f 2125 2743 2173
f 2125 2732 2743
f 2126 2744 2174
f 2126 2733 2744
f 2127 2745 2175
f 2127 2734 2745
f 2176 2747 2746
f 2128 2735 2746
f 2129 2747 2177
f 2129 2128 2747
f 2214 2749 2748
f 2166 2736 2748
f 2750 2167 2215
f 2167 2166 2749
f 2168 2750 2216
f 2168 2738 2750
f 2169 2751 2217
f 2169 2739 2751
f 2170 2752 2218
f 2170 2740 2752
f 2171 2753 2219
f 2171 2741 2753
f 2172 2754 2220
f 2172 2742 2754
f 2173 2755 2221
f 2173 2743 2755
f 2174 2756 2222
f 2174 2744 2756
f 2175 2757 2223
f 2175 2745 2757
f 2176 2758 2224
f 2176 2746 2758
f 2225 2760 2759
f 2177 2747 2759
f 2178 2760 2226
f 2178 2177 2760
f 2262 2762 2761
f 2748 2213 2214
f 2263 2763 2762
f 2215 2214 2762
f 2216 2763 2264
f 2216 2750 2763
f 2217 2764 2265
f 2217 2751 2764
f 2218 2765 2266
f 2218 2752 2765
f 2219 2766 2267
f 2219 2753 2766
f 2220 2767 2268
f 2220 2754 2767
f 2221 2768 2269
f 2221 2755 2768
f 2222 2769 2270
f 2222 2756 2769
f 2223 2770 2271
f 2223 2757 2770
f 2224 2771 2272
f 2224 2758 2771
f 2225 2772 2273
f 2225 2759 2772
f 2274 2774 2773
f 2226 2760 2773
f 2227 2774 2275
f 2227 2226 2774
f 2776 2262 2310
f 2262 2761 2775
f 2263 2262 2776
f 2264 2263 2312
f 2763 2263 2264
f 2265 2777 2313
f 2265 2764 2777
f 2266 2778 2314
f 2266 2765 2778
f 2267 2779 2315
f 2267 2766 2779
f 2268 2780 2316
f 2268 2767 2780
f 2269 2781 2317
f 2269 2768 2781
f 2270 2782 2318
f 2270 2769 2782
f 2271 2783 2319
f 2271 2770 2783
f 2272 2784 2320
f 2272 2771 2784
f 2273 2785 2321
f 2273 2772 2785
f 2274 2786 2322
f 2274 2773 2786
f 2323 2788 2787
f 2275 2774 2787
f 2276 2788 2324
f 2276 2275 2788
f 2358 2359 2789
f 2310 2775 2789
f 2311 2310 2359
f 2312 2311 2360
f 2312 2776 2311
f 2313 2790 2361
f 2313 2777 2790
f 2314 2791 2362
f 2314 2778 2791
f 2315 2792 2363
f 2315 2779 2792
f 2316 2793 2364
f 2316 2780 2793
f 2317 2794 2365
f 2317 2781 2794
f 2318 2795 2366
f 2318 2782 2795
f 2319 2796 2367
f 2319 2783 2796
f 2320 2319 2368
f 2320 2784 2319
f 2321 2797 2369
f 2321 2785 2797
f 2322 2798 2370
f 2322 2786 2798
f 2323 2799 2371
f 2323 2787 2799
f 2372 2801 2800
f 2324 2788 2800
f 2325 2801 2373
f 2325 2324 2801
f 2406 2803 2802
f 2789 2357 2358
f 2407 2804 2803
f 2359 2358 2803
f 2360 2804 2408
f 2360 2311 2804
f 2361 2805 2409
f 2361 2790 2805
f 2362 2806 2410
f 2362 2791 2806
f 2363 2807 2411
f 2363 2792 2807
f 2364 2808 2412
f 2364 2793 2808
f 2365 2809 2413
f 2365 2794 2809
f 2366 2810 2414
f 2366 2795 2810
f 2367 2811 2415
f 2367 2796 2811
f 2368 2367 2416
f 2368 2319 2367
f 2369 2812 2417
f 2369 2797 2812
f 2370 2813 2418
f 2370 2798 2813
f 2371 2370 2419
f 2371 2799 2370
f 2372 2814 2420
f 2372 2800 2814
f 2421 2816 2815
f 2373 2801 2815
f 2374 2816 2422
f 2374 2373 2816
f 2454 2818 2817
f 2406 2802 2817
f 2455 2819 2818
f 2407 2406 2818
f 2408 2819 2456
f 2804 2407 2408
f 2409 2820 2457
f 2409 2805 2820
f 2410 2821 2458
f 2410 2806 2821
f 2411 2822 2459
f 2411 2807 2822
f 2412 2823 2460
f 2412 2808 2823
f 2413 2824 2461
f 2413 2809 2824
f 2414 2825 2462
f 2414 2810 2825
f 2415 2826 2463
f 2415 2811 2826
f 2415 2463 2416
f 2416 2367 2415
f 2417 2827 2465
f 2417 2812 2827
f 2418 2828 2466
f 2418 2813 2828
f 2418 2466 2419
f 2419 2370 2418
f 2420 2829 2468
f 2420 2814 2829
f 2421 2830 2469
f 2421 2815 2830
f 2470 2832 2831
f 2422 2816 2831
f 2471 2834 2832
f 2423 2422 2832
f 1108 2833 1156
f 1108 2669 2833
f 2424 2834 2472
f 2424 2423 2834
f 1542 2835 1590
f 1542 1541 2835
f 274 275 2836
f 226 225 2836
f 1156 2837 1204
f 1156 2833 2837
