v -1 -1 1
v -1 -0.97752808988764039 0.97778058325968931
v -1 -0.9550561797752809 0.95606615326347688
v -1 -0.93258426966292141 0.93485671001136228
v -1 -0.9101123595505618 0.9141522535033455
v -1 -0.88764044943820219 0.89395278373942677
v -1 -0.8651685393258427 0.87425830071960609
v -1 -0.84269662921348321 0.85506880444388345
v -1 -0.8202247191011236 0.83638429491225863
v -1 -0.797752808988764 0.81820477212473164
v -1 -0.7752808988764045 0.80053023608130291
v -1 -0.75280898876404501 0.78336068678197202
v -1 -0.7303370786516854 0.76669612422673905
v -1 -0.7078651685393258 0.75053654841560413
v -1 -0.6853932584269663 0.73488195934856715
v -1 -0.66292134831460681 0.7197323570256281
v -1 -0.6404494382022472 0.7050877414467871
v -1 -0.6179775280898876 0.69094811261204392
v -1 -0.5955056179775281 0.67731347052139879
v -1 -0.57303370786516861 0.6641838151748517
v -1 -0.550561797752809 0.65155914657240244
v -1 -0.5280898876404494 0.63943946471405122
v -1 -0.5056179775280899 0.62782476959979805
v -1 -0.48314606741573041 0.61671506122964281
v -1 -0.4606741573033708 0.6061103396035854
v -1 -0.4382022471910112 0.59601060472162604
v -1 -0.4157303370786517 0.58641585658376472
v -1 -0.39325842696629221 0.57732609519000133
v -1 -0.3707865168539326 0.56874132054033577
v -1 -0.348314606741573 0.56066153263476837
v -1 -0.3258426966292135 0.55308673147329879
v -1 -0.30337078651685401 0.54601691705592725
v -1 -0.2808988764044944 0.53945208938265377
v -1 -0.2584269662921348 0.5333922484534781
v -1 -0.2359550561797753 0.52783739426840048
v -1 -0.21348314606741581 0.5227875268274208
v -1 -0.1910112359550562 0.51824264613053905
v -1 -0.1685393258426966 0.51420275217775535
v -1 -0.1460674157303371 0.51066784496906958
v -1 -0.12359550561797761 0.50763792450448175
v -1 -0.101123595505618 0.50511299078399197
v -1 -0.078651685393258397 0.5030930438076
v -1 -0.056179775280898903 0.5015780835753062
v -1 -0.033707865168539408 0.50056811008711022
v -1 -0.011235955056179803 0.50006312334301228
v -1 0.011235955056179803 0.50006312334301228
v -1 0.033707865168539186 0.50056811008711022
v -1 0.056179775280898792 0.50157808357530609
v -1 0.078651685393258397 0.5030930438076
v -1 0.101123595505618 0.50511299078399197
v -1 0.12359550561797761 0.50763792450448175
v -1 0.14606741573033699 0.51066784496906958
v -1 0.1685393258426966 0.51420275217775535
v -1 0.1910112359550562 0.51824264613053905
v -1 0.21348314606741559 0.5227875268274208
v -1 0.23595505617977519 0.52783739426840048
v -1 0.2584269662921348 0.5333922484534781
v -1 0.2808988764044944 0.53945208938265377
v -1 0.30337078651685401 0.54601691705592725
v -1 0.32584269662921339 0.55308673147329879
v -1 0.348314606741573 0.56066153263476837
v -1 0.3707865168539326 0.56874132054033577
v -1 0.39325842696629199 0.57732609519000122
v -1 0.41573033707865159 0.58641585658376461
v -1 0.4382022471910112 0.59601060472162604
v -1 0.4606741573033708 0.6061103396035854
v -1 0.48314606741573041 0.61671506122964281
v -1 0.50561797752808979 0.62782476959979794
v -1 0.5280898876404494 0.63943946471405122
v -1 0.550561797752809 0.65155914657240244
v -1 0.57303370786516838 0.66418381517485159
v -1 0.59550561797752799 0.67731347052139879
v -1 0.6179775280898876 0.69094811261204392
v -1 0.6404494382022472 0.7050877414467871
v -1 0.66292134831460681 0.7197323570256281
v -1 0.68539325842696619 0.73488195934856704
v -1 0.7078651685393258 0.75053654841560413
v -1 0.7303370786516854 0.76669612422673905
v -1 0.75280898876404478 0.78336068678197179
v -1 0.77528089887640439 0.8005302360813028
v -1 0.797752808988764 0.81820477212473164
v -1 0.8202247191011236 0.83638429491225863
v -1 0.84269662921348321 0.85506880444388345
v -1 0.86516853932584259 0.87425830071960609
v -1 0.88764044943820219 0.89395278373942677
v -1 0.9101123595505618 0.9141522535033455
v -1 0.93258426966292118 0.93485671001136206
v -1 0.95505617977528079 0.95606615326347666
v -1 0.97752808988764039 0.97778058325968931
v -1 1 1
v -0.97752808988764039 -1 0.97778058325968931
v -0.97752808988764039 1 0.97778058325968931
v -0.9550561797752809 -1 0.95606615326347688
v -0.9550561797752809 1 0.95606615326347688
v -0.93258426966292141 -1 0.93485671001136228
v -0.93258426966292141 1 0.93485671001136228
v -0.9101123595505618 -1 0.9141522535033455
v -0.9101123595505618 1 0.9141522535033455
v -0.88764044943820219 -1 0.89395278373942677
v -0.88764044943820219 1 0.89395278373942677
v -0.8651685393258427 -1 0.87425830071960609
v -0.8651685393258427 1 0.87425830071960609
v -0.84269662921348321 -1 0.85506880444388345
v -0.84269662921348321 1 0.85506880444388345
v -0.8202247191011236 -1 0.83638429491225863
v -0.8202247191011236 1 0.83638429491225863
v -0.797752808988764 -1 0.81820477212473164
v -0.797752808988764 1 0.81820477212473164
v -0.7752808988764045 -1 0.80053023608130291
v -0.7752808988764045 1 0.80053023608130291
v -0.75280898876404501 -1 0.78336068678197202
v -0.75280898876404501 1 0.78336068678197202
v -0.7303370786516854 -1 0.76669612422673905
v -0.7303370786516854 1 0.76669612422673905
v -0.7078651685393258 -1 0.75053654841560413
v -0.7078651685393258 1 0.75053654841560413
v -0.6853932584269663 -1 0.73488195934856715
v -0.6853932584269663 1 0.73488195934856715
v -0.66292134831460681 -1 0.7197323570256281
v -0.66292134831460681 1 0.7197323570256281
v -0.6404494382022472 -1 0.7050877414467871
v -0.6404494382022472 1 0.7050877414467871
v -0.6179775280898876 -1 0.69094811261204392
v -0.6179775280898876 1 0.69094811261204392
v -0.5955056179775281 -1 0.67731347052139879
v -0.5955056179775281 1 0.67731347052139879
v -0.57303370786516861 -1 0.6641838151748517
v -0.57303370786516861 1 0.6641838151748517
v -0.550561797752809 -1 0.65155914657240244
v -0.550561797752809 1 0.65155914657240244
v -0.5280898876404494 -1 0.63943946471405122
v -0.5280898876404494 1 0.63943946471405122
v -0.5056179775280899 -1 0.62782476959979805
v -0.5056179775280899 1 0.62782476959979805
v -0.48314606741573041 -1 0.61671506122964281
v -0.48314606741573041 1 0.61671506122964281
v -0.4606741573033708 -1 0.6061103396035854
v -0.4606741573033708 1 0.6061103396035854
v -0.4382022471910112 -1 0.59601060472162604
v -0.4382022471910112 1 0.59601060472162604
v -0.4157303370786517 -1 0.58641585658376472
v -0.4157303370786517 1 0.58641585658376472
v -0.39325842696629221 -1 0.57732609519000133
v -0.39325842696629221 1 0.57732609519000133
v -0.3707865168539326 -1 0.56874132054033577
v -0.3707865168539326 1 0.56874132054033577
v -0.348314606741573 -1 0.56066153263476837
v -0.348314606741573 1 0.56066153263476837
v -0.3258426966292135 -1 0.55308673147329879
v -0.3258426966292135 1 0.55308673147329879
v -0.30337078651685401 -1 0.54601691705592725
v -0.30337078651685401 1 0.54601691705592725
v -0.2808988764044944 -1 0.53945208938265377
v -0.2808988764044944 1 0.53945208938265377
v -0.2584269662921348 -1 0.5333922484534781
v -0.2584269662921348 1 0.5333922484534781
v -0.2359550561797753 -1 0.52783739426840048
v -0.2359550561797753 1 0.52783739426840048
v -0.21348314606741581 -1 0.5227875268274208
v -0.21348314606741581 1 0.5227875268274208
v -0.1910112359550562 -1 0.51824264613053905
v -0.1910112359550562 1 0.51824264613053905
v -0.1685393258426966 -1 0.51420275217775535
v -0.1685393258426966 1 0.51420275217775535
v -0.1460674157303371 -1 0.51066784496906958
v -0.1460674157303371 1 0.51066784496906958
v -0.12359550561797761 -1 0.50763792450448175
v -0.12359550561797761 1 0.50763792450448175
v -0.101123595505618 -1 0.50511299078399197
v -0.101123595505618 1 0.50511299078399197
v -0.078651685393258397 -1 0.5030930438076
v -0.078651685393258397 1 0.5030930438076
v -0.056179775280898903 -1 0.5015780835753062
v -0.056179775280898903 1 0.5015780835753062
v -0.033707865168539408 -1 0.50056811008711022
v -0.033707865168539408 1 0.50056811008711022
v -0.011235955056179803 -1 0.50006312334301228
v -0.011235955056179803 1 0.50006312334301228
v 0.011235955056179803 -1 0.50006312334301228
v 0.011235955056179803 1 0.50006312334301228
v 0.033707865168539186 -1 0.50056811008711022
v 0.033707865168539186 1 0.50056811008711022
v 0.056179775280898792 -1 0.50157808357530609
v 0.056179775280898792 1 0.50157808357530609
v 0.078651685393258397 -1 0.5030930438076
v 0.078651685393258397 1 0.5030930438076
v 0.101123595505618 -1 0.50511299078399197
v 0.101123595505618 1 0.50511299078399197
v 0.12359550561797761 -1 0.50763792450448175
v 0.12359550561797761 1 0.50763792450448175
v 0.14606741573033699 -1 0.51066784496906958
v 0.14606741573033699 1 0.51066784496906958
v 0.1685393258426966 -1 0.51420275217775535
v 0.1685393258426966 1 0.51420275217775535
v 0.1910112359550562 -1 0.51824264613053905
v 0.1910112359550562 1 0.51824264613053905
v 0.21348314606741559 -1 0.5227875268274208
v 0.21348314606741559 1 0.5227875268274208
v 0.23595505617977519 -1 0.52783739426840048
v 0.23595505617977519 1 0.52783739426840048
v 0.2584269662921348 -1 0.5333922484534781
v 0.2584269662921348 1 0.5333922484534781
v 0.2808988764044944 -1 0.53945208938265377
v 0.2808988764044944 1 0.53945208938265377
v 0.30337078651685401 -1 0.54601691705592725
v 0.30337078651685401 1 0.54601691705592725
v 0.32584269662921339 -1 0.55308673147329879
v 0.32584269662921339 1 0.55308673147329879
v 0.348314606741573 -1 0.56066153263476837
v 0.348314606741573 1 0.56066153263476837
v 0.3707865168539326 -1 0.56874132054033577
v 0.3707865168539326 1 0.56874132054033577
v 0.39325842696629199 -1 0.57732609519000122
v 0.39325842696629199 1 0.57732609519000122
v 0.41573033707865159 -1 0.58641585658376461
v 0.41573033707865159 1 0.58641585658376461
v 0.4382022471910112 -1 0.59601060472162604
v 0.4382022471910112 1 0.59601060472162604
v 0.4606741573033708 -1 0.6061103396035854
v 0.4606741573033708 1 0.6061103396035854
v 0.48314606741573041 -1 0.61671506122964281
v 0.48314606741573041 1 0.61671506122964281
v 0.50561797752808979 -1 0.62782476959979794
v 0.50561797752808979 1 0.62782476959979794
v 0.5280898876404494 -1 0.63943946471405122
v 0.5280898876404494 1 0.63943946471405122
v 0.550561797752809 -1 0.65155914657240244
v 0.550561797752809 1 0.65155914657240244
v 0.57303370786516838 -1 0.66418381517485159
v 0.57303370786516838 1 0.66418381517485159
v 0.59550561797752799 -1 0.67731347052139879
v 0.59550561797752799 1 0.67731347052139879
v 0.6179775280898876 -1 0.69094811261204392
v 0.6179775280898876 1 0.69094811261204392
v 0.6404494382022472 -1 0.7050877414467871
v 0.6404494382022472 1 0.7050877414467871
v 0.66292134831460681 -1 0.7197323570256281
v 0.66292134831460681 1 0.7197323570256281
v 0.68539325842696619 -1 0.73488195934856704
v 0.68539325842696619 1 0.73488195934856704
v 0.7078651685393258 -1 0.75053654841560413
v 0.7078651685393258 1 0.75053654841560413
v 0.7303370786516854 -1 0.76669612422673905
v 0.7303370786516854 1 0.76669612422673905
v 0.75280898876404478 -1 0.78336068678197179
v 0.75280898876404478 1 0.78336068678197179
v 0.77528089887640439 -1 0.8005302360813028
v 0.77528089887640439 1 0.8005302360813028
v 0.797752808988764 -1 0.81820477212473164
v 0.797752808988764 1 0.81820477212473164
v 0.8202247191011236 -1 0.83638429491225863
v 0.8202247191011236 1 0.83638429491225863
v 0.84269662921348321 -1 0.85506880444388345
v 0.84269662921348321 1 0.85506880444388345
v 0.86516853932584259 -1 0.87425830071960609
v 0.86516853932584259 1 0.87425830071960609
v 0.88764044943820219 -1 0.89395278373942677
v 0.88764044943820219 1 0.89395278373942677
v 0.9101123595505618 -1 0.9141522535033455
v 0.9101123595505618 1 0.9141522535033455
v 0.93258426966292118 -1 0.93485671001136206
v 0.93258426966292118 1 0.93485671001136206
v 0.95505617977528079 -1 0.95606615326347666
v 0.95505617977528079 1 0.95606615326347666
v 0.97752808988764039 -1 0.97778058325968931
v 0.97752808988764039 1 0.97778058325968931
v 1 -1 1
v 1 -0.97752808988764039 0.97778058325968931
v 1 -0.9550561797752809 0.95606615326347688
v 1 -0.93258426966292141 0.93485671001136228
v 1 -0.9101123595505618 0.9141522535033455
v 1 -0.88764044943820219 0.89395278373942677
v 1 -0.8651685393258427 0.87425830071960609
v 1 -0.84269662921348321 0.85506880444388345
v 1 -0.8202247191011236 0.83638429491225863
v 1 -0.797752808988764 0.81820477212473164
v 1 -0.7752808988764045 0.80053023608130291
v 1 -0.75280898876404501 0.78336068678197202
v 1 -0.7303370786516854 0.76669612422673905
v 1 -0.7078651685393258 0.75053654841560413
v 1 -0.6853932584269663 0.73488195934856715
v 1 -0.66292134831460681 0.7197323570256281
v 1 -0.6404494382022472 0.7050877414467871
v 1 -0.6179775280898876 0.69094811261204392
v 1 -0.5955056179775281 0.67731347052139879
v 1 -0.57303370786516861 0.6641838151748517
v 1 -0.550561797752809 0.65155914657240244
v 1 -0.5280898876404494 0.63943946471405122
v 1 -0.5056179775280899 0.62782476959979805
v 1 -0.48314606741573041 0.61671506122964281
v 1 -0.4606741573033708 0.6061103396035854
v 1 -0.4382022471910112 0.59601060472162604
v 1 -0.4157303370786517 0.58641585658376472
v 1 -0.39325842696629221 0.57732609519000133
v 1 -0.3707865168539326 0.56874132054033577
v 1 -0.348314606741573 0.56066153263476837
v 1 -0.3258426966292135 0.55308673147329879
v 1 -0.30337078651685401 0.54601691705592725
v 1 -0.2808988764044944 0.53945208938265377
v 1 -0.2584269662921348 0.5333922484534781
v 1 -0.2359550561797753 0.52783739426840048
v 1 -0.21348314606741581 0.5227875268274208
v 1 -0.1910112359550562 0.51824264613053905
v 1 -0.1685393258426966 0.51420275217775535
v 1 -0.1460674157303371 0.51066784496906958
v 1 -0.12359550561797761 0.50763792450448175
v 1 -0.101123595505618 0.50511299078399197
v 1 -0.078651685393258397 0.5030930438076
v 1 -0.056179775280898903 0.5015780835753062
v 1 -0.033707865168539408 0.50056811008711022
v 1 -0.011235955056179803 0.50006312334301228
v 1 0.011235955056179803 0.50006312334301228
v 1 0.033707865168539186 0.50056811008711022
v 1 0.056179775280898792 0.50157808357530609
v 1 0.078651685393258397 0.5030930438076
v 1 0.101123595505618 0.50511299078399197
v 1 0.12359550561797761 0.50763792450448175
v 1 0.14606741573033699 0.51066784496906958
v 1 0.1685393258426966 0.51420275217775535
v 1 0.1910112359550562 0.51824264613053905
v 1 0.21348314606741559 0.5227875268274208
v 1 0.23595505617977519 0.52783739426840048
v 1 0.2584269662921348 0.5333922484534781
v 1 0.2808988764044944 0.53945208938265377
v 1 0.30337078651685401 0.54601691705592725
v 1 0.32584269662921339 0.55308673147329879
v 1 0.348314606741573 0.56066153263476837
v 1 0.3707865168539326 0.56874132054033577
v 1 0.39325842696629199 0.57732609519000122
v 1 0.41573033707865159 0.58641585658376461
v 1 0.4382022471910112 0.59601060472162604
v 1 0.4606741573033708 0.6061103396035854
v 1 0.48314606741573041 0.61671506122964281
v 1 0.50561797752808979 0.62782476959979794
v 1 0.5280898876404494 0.63943946471405122
v 1 0.550561797752809 0.65155914657240244
v 1 0.57303370786516838 0.66418381517485159
v 1 0.59550561797752799 0.67731347052139879
v 1 0.6179775280898876 0.69094811261204392
v 1 0.6404494382022472 0.7050877414467871
v 1 0.66292134831460681 0.7197323570256281
v 1 0.68539325842696619 0.73488195934856704
v 1 0.7078651685393258 0.75053654841560413
v 1 0.7303370786516854 0.76669612422673905
v 1 0.75280898876404478 0.78336068678197179
v 1 0.77528089887640439 0.8005302360813028
v 1 0.797752808988764 0.81820477212473164
v 1 0.8202247191011236 0.83638429491225863
v 1 0.84269662921348321 0.85506880444388345
v 1 0.86516853932584259 0.87425830071960609
v 1 0.88764044943820219 0.89395278373942677
v 1 0.9101123595505618 0.9141522535033455
v 1 0.93258426966292118 0.93485671001136206
v 1 0.95505617977528079 0.95606615326347666
v 1 0.97752808988764039 0.97778058325968931
v 1 1 1
v -0.97778086458925462 -0.97778074528242898 0.95606091762593437
v -0.97796502644672101 -0.95548896748837953 0.93469696304592542
v -0.97809344970377754 -0.93313766485795369 0.91371860630703794
v -0.97817972305130729 -0.91074081555945485 0.89315617509035972
v -0.97823632228038215 -0.88831146654181026 0.8730368031659691
v -0.97827345488746664 -0.86586044583137867 0.85338226406262718
v -0.97829867203526966 -0.8433958611311444 0.83420840854327638
v -0.9783170712967868 -0.82092324132083294 0.81552578837715439
v -0.97833181348641829 -0.79844604346302916 0.79734086728149456
v -0.97834470763416503 -0.7759662602341838 0.77965730986614634
v -0.97835671253605183 -0.75348495506211466 0.76247705095546969
v -0.97836829883359122 -0.73100265489457994 0.74580104927603197
v -0.97837967870445242 -0.70851960209291642 0.72962975598213897
v -0.97839093695650758 -0.6860358992579223 0.71396337714285851
v -0.97840209942386913 -0.66355158516411616 0.69880200826462857
v -0.97841316598754224 -0.64106667154656471 0.68414569808582226
v -0.97842412547943902 -0.6185811597552977 0.66999447683062374
v -0.97843496203264946 -0.59609504788207435 0.65634836797891172
v -0.97844565766544633 -0.57360833368563158 0.64320739289646234
v -0.97845619330593192 -0.55112101577288786 0.63057157254909857
v -0.97846654920673493 -0.528633094092258 0.61844092808348361
v -0.97847670513478247 -0.50614457016605519 0.60681548098414917
v -0.97848664048446998 -0.4836554472253593 0.59569525307522742
v -0.97849633436878691 -0.46116573030656993 0.58508026646412037
v -0.97850576570755443 -0.43867542632969808 0.57497054346108967
v -0.97851491331908624 -0.41618454416437356 0.56536610648642771
v -0.978523756017041 -0.39369309468467828 0.55626697796934399
v -0.97853227271263232 -0.37120109081231822 0.54767318024029943
v -0.97854044252175321 -0.34870854754717545 0.53958473541784202
v -0.97854824487630709 -0.32621548198419348 0.53200166529087667
v -0.97855565963886937 -0.30372191331560761 0.52492399119733857
v -0.97856266721968366 -0.28122786281764917 0.51835173390034117
v -0.97856924869489548 -0.2587333538210102 0.51228491346295912
v -0.97857538592484017 -0.23623841166453516 0.50672354912290207
v -0.97858106167112935 -0.21374306363181539 0.50166765916840239
v -0.97858625971122526 -0.1912473388706776 0.4971172608167076
v -0.97859096494909303 -0.16875126829651813 0.49307237009664667
v -0.97859516352032794 -0.14625488448331506 0.48953300173682851
v -0.97859884288988652 -0.12375822155218356 0.48649916906089163
v -0.97860199194067199 -0.10126131506967338 0.48397088388983112
v -0.9786046010503916 -0.078764201982973306 0.48194815644975936
v -0.97860666215462888 -0.056266920615446941 0.48043099527884126
v -0.97860816879799972 -0.033769510402505143 0.47941940711137809
v -0.97860910626692288 -0.011272000879446686 0.47891338674903178
v -0.9786092390988359 0.011225776197796276 0.47891270806995112
v -0.97860656631725096 0.033724719808957908 0.47941580957564678
v -0.97858735003133146 0.056231953620311255 0.48040954282017845
v -0.97849581284616816 0.078768857144416254 0.48184100902638727
v -0.97814285403113677 0.10138904317197812 0.48353125630538107
v -0.97703094882972807 0.12437175479727197 0.48504278708070003
v -0.97374680415360937 0.14964159216431172 0.48535683156526427
v -0.9792403498446598 0.17668763287869957 0.49514122070479027
v -0.98127943952333108 0.19975995643774797 0.50150183317257935
v -0.9822633142091064 0.22212365483587762 0.50719181700461857
v -0.98279521407028014 0.24419385297676252 0.51286247705175292
v -0.98264741706434566 0.26621518242432635 0.51833483147409631
v -0.98263579884042107 0.28857633187661175 0.52452584376728417
v -0.98264828025457485 0.31103774016220564 0.53127223575786475
v -0.98264006477264088 0.33353633267856198 0.538515212164005
v -0.98261517082841043 0.35605186449997001 0.54625397399621578
v -0.98258964796640447 0.37856384594665027 0.55449770492456052
v -0.9825645884100952 0.40106897985487849 0.56324591186502915
v -0.98254736994894487 0.42356538111315989 0.57250462319970241
v -0.98253299394401905 0.44605552408456151 0.58226941980944269
v -0.98252406400378101 0.46854207034569367 0.59254371016662244
v -0.98251541728442437 0.49102593182528709 0.60332259780323638
v -0.98250949398305132 0.51350912069816568 0.61460935450240473
v -0.9825023127890623 0.53599099880095025 0.62639965416507959
v -0.98249687236330274 0.55847302185774139 0.63869719121529311
v -0.98248978455027791 0.58095397590297315 0.65149791605564145
v -0.98248422839672844 0.60343525869988079 0.66480574802610837
v -0.98247700611007849 0.62591545404714277 0.67861665633443946
v -0.98247127753105779 0.64839605205838113 0.69293466309160556
v -0.98246393015061217 0.67087551508020227 0.70775568128618538
v -0.98245805145586196 0.69335545837978396 0.72308381244059572
v -0.9824505609417955 0.71583433012075015 0.73891492711323503
v -0.98244438304305071 0.73831415272689649 0.75525334441496816
v -0.9824363815713052 0.76079416456521043 0.77209544557696208
v -0.98242973836785075 0.78327746241647778 0.78944682511698805
v -0.98242248813868271 0.80576462743457089 0.80730623149891345
v -0.98241934771653106 0.82825630391339433 0.82567912497026719
v -0.98242057146259709 0.85074785039979317 0.84456209768959245
v -0.98243507072602942 0.87322849798383895 0.86395451419392411
v -0.98249025883613372 0.89566601141414937 0.88385376953330919
v -0.98269924661776364 0.91795702354018482 0.90427355855404534
v -0.98322329137893394 0.93969009869104825 0.92497512888449518
v -0.98280916846783917 0.96050354602892396 0.94433222430823127
v -0.98115961385075245 0.9807484267718235 0.96233604016614249
v -0.95549280633516265 -0.97796816180828594 0.93470377262616211
v -0.95580722675729124 -0.95580629798104622 0.91358287064098409
v -0.95602436781858446 -0.93353974021517638 0.89276020819746305
v -0.95616922697000784 -0.91119440693215425 0.8722908780481381
v -0.95626392303017882 -0.88879362869967304 0.85222253543929571
v -0.95632607714740636 -0.86635626499221641 0.83259247393791369
v -0.9563684749912551 -0.84389616873384798 0.81342734413569162
v -0.95639962962703418 -0.82142265782837554 0.79474465214278511
v -0.95642477084944133 -0.79894150457114066 0.77655502554898292
v -0.95644687523752558 -0.77645601758105953 0.75886445809847514
v -0.95646751651310769 -0.75396795816723772 0.74167610834736142
v -0.95648746710335719 -0.73147819909700518 0.72499154332848181
v -0.95650707566979332 -0.70898714248667649 0.70881150369659229
v -0.95652648160269271 -0.68649495895186297 0.69313633047385292
v -0.9565457269193246 -0.66400171297517629 0.67796618370508166
v -0.95656481046317776 -0.64150742383593917 0.66330114646209837
v -0.95658371251065855 -0.61901209335665497 0.64914127115845843
v -0.95660240533891516 -0.59651571787242252 0.63548659898484017
v -0.95662085756788184 -0.5740182931937976 0.6223371676209396
v -0.95663903590169752 -0.55151981663543947 0.60969301411681587
v -0.9566569058426555 -0.529020287875547 0.59755417587729087
v -0.95667443202226199 -0.50651970936675106 0.58592069092865451
v -0.95669157840057839 -0.48401808657724843 0.57479259791876425
v -0.95670830842737975 -0.46151542816438157 0.56416993601585952
v -0.9567245851984042 -0.43901174611568256 0.55405274476460242
v -0.95674037161780079 -0.41650705586791248 0.54444106391969793
v -0.95675563056993929 -0.39400137640607036 0.53533493326440651
v -0.95677032510089421 -0.37149473034148339 0.5267343924170651
v -0.95678441860882368 -0.34898714396723968 0.51863948062752629
v -0.95679787504197078 -0.32647864728906084 0.51105023656521109
v -0.95681065910271434 -0.30396927402981044 0.50396669810055073
v -0.95682273645587224 -0.28145906160605516 0.49738890208176462
v -0.95683407393927533 -0.25894805107537328 0.49131688410910374
v -0.95684463977447121 -0.23643628705344194 0.48575067830885521
v -0.9568544037752762 -0.21392381760039528 0.48069031710954019
v -0.95686333755173814 -0.19141069407705966 0.4761358310229078
v -0.95687141470676429 -0.16889697097496426 0.47208724843251143
v -0.95687861102221938 -0.14638270573146828 0.46854459539268734
v -0.95688490463109088 -0.12386795854875761 0.46550789543952059
v -0.95689027617166533 -0.10135279224943798 0.46297716941294359
v -0.95689470891975625 -0.078837272206307124 0.46095243528376534
v -0.95689818890181721 -0.056321466120243247 0.45943370796145927
v -0.95690069590927906 -0.033805433855491084 0.45842098989296504
v -0.9569020085273916 -0.011289059088076057 0.45791407976093079
v -0.95690035053858746 0.011228460008201775 0.45791128431035838
v -0.95688285688125463 0.033752282319518302 0.45840136334741466
v -0.95679716257360115 0.056293848293151399 0.45933422513910943
v -0.95646971574214812 0.078854369248192918 0.46054330453163927
v -0.95548798334160534 0.1013865709699103 0.46162594024237685
v -0.95297238987037414 0.12361968549932315 0.46174061492036289
v -0.94706714548923721 0.14291494330206414 0.45876873363516502
v -0.93991065650416472 0.15631989171886723 0.45405209608721675
v -0.94245741614802248 0.17349271042098555 0.45926843362733233
v -0.94430751929835444 0.1944772600279866 0.46486498987998132
v -0.94906925742378101 0.23898287561792836 0.4790014188814658
v -0.95228863623745796 0.25646710677859563 0.48636187849813484
v -0.95029454680630621 0.2855758178282834 0.49239041464191297
v -0.95301308115956962 0.30178726593243049 0.49969215100575515
v -0.950328665206987 0.3308252631464309 0.50637047767812216
v -0.95295782298875686 0.34707476086372369 0.51432928874764405
v -0.95018725516939617 0.37610238722230377 0.52224286622662497
v -0.95282206846757844 0.39227456078647333 0.53090779002695176
v -0.95007310211860996 0.42121147454650204 0.54011914131485894
v -0.9527347712259544 0.43733806640038919 0.5495167895785068
v -0.95001686417020059 0.46622911610166284 0.56004172611089953
v -0.95269223537412373 0.48234130614551884 0.57017030097574783
v -0.94998674108807912 0.51121809124053452 0.58200072489751653
v -0.95266546947629249 0.52732729401775624 0.59285506773304586
v -0.94996244881538094 0.55619954315238751 0.6059850062330403
v -0.95264133359702763 0.57230816571746157 0.61756317982755748
v -0.94993838575127509 0.60117768534829452 0.63199082535796436
v -0.95261687938920014 0.61728601471423394 0.64429243492365462
v -0.94991377809707089 0.64615305679226198 0.66001735692656971
v -0.95259183792657598 0.66226109113563314 0.67304233465234442
v -0.94988864382053251 0.69112583139482098 0.69006436546382055
v -0.95256613763251718 0.70723386957633416 0.70381276824427597
v -0.94986183256838541 0.7360993377070324 0.72213288347081905
v -0.95253764831120957 0.75221200028895396 0.73660708855850499
v -0.94982969189752275 0.78110112570372048 0.75624123087489692
v -0.95250791987345151 0.79723305374635689 0.7714570298969482
v -0.94982289375212658 0.82617438854400427 0.79245808315133315
v -0.95252321240031901 0.84230249582716799 0.80841658545922401
v -0.94988174345150755 0.87117933001968761 0.83070860030805971
v -0.95258674183417114 0.88722273849376099 0.84732214778133463
v -0.94986983222693366 0.91603644659835293 0.8707815746753359
v -0.9524707390912448 0.93364766626515416 0.88948632728751909
v -0.95157374353715063 0.94956853351819115 0.90366616125056631
v -0.96107658691930253 0.98201181147103156 0.94409755128411321
v -0.93314978879047006 -0.97810423197045948 0.91374071023736803
v -0.93355314511510568 -0.95603440692209452 0.89278256071988915
v -0.93382959919876596 -0.93382661734614614 0.87206134009465508
v -0.93401307100281428 -0.91151635641829953 0.85165106526420786
v -0.93413272863143215 -0.8891347112773057 0.83161411735172375
v -0.93421134114706073 -0.86670632557387128 0.8119983964839339
v -0.93426518985454399 -0.84424904827971847 0.79283766215333751
v -0.93430500406915984 -0.82177476637042801 0.77415387220511023
v -0.93433732963297611 -0.79929079455497121 0.7559602686333019
v -0.93436587671130944 -0.77680130868423891 0.73826429079618205
v -0.93439260310424532 -0.75430852759508504 0.72106985353021003
v -0.9344184694874047 -0.73181355055642971 0.70437890087821053
v -0.93444390968374147 -0.70931688444522711 0.68819235482838848
v -0.93446909694294866 -0.68681874444386526 0.67251064266970506
v -0.93449408282736135 -0.66431921164564878 0.65733396710075975
v -0.93451886463382883 -0.64181830982374299 0.64266243495930642
v -0.93454341613153635 -0.61931604053744205 0.62849611476303202
v -0.93456770083938634 -0.59681239836653399 0.61483506098028218
v -0.93459167752083372 -0.57430737727677983 0.60167932371956701
v -0.93461530240696999 -0.55180097324770239 0.58902895237303154
v -0.93463853011758802 -0.52929318539989922 0.57688399686749869
v -0.93466131409341258 -0.50678401654186045 0.56524450800211212
v -0.93468360685909024 -0.48427347349502603 0.55411053744288363
v -0.93470536023708017 -0.46176156732967627 0.54348213758499442
v -0.93472652555560787 -0.43924831355744348 0.53335936135819006
v -0.93474705386525125 -0.41673373229428334 0.52374226200175289
v -0.93476689616834285 -0.39421784839646035 0.51463089281868324
v -0.93478600366161613 -0.37170069156828955 0.50602530691325409
v -0.93480432799105018 -0.3491822964392276 0.49792555691453244
v -0.93482182151719917 -0.32666270260768177 0.49033169468818222
v -0.93483843758887541 -0.30414195464904076 0.48324377103899036
v -0.93485413082274815 -0.28162010208572785 0.47666183540679707
v -0.93486885738616177 -0.25909719931746272 0.47058593555877359
v -0.93488257528024465 -0.23657330551043015 0.46501611728121844
v -0.93489524462015761 -0.21404848444503802 0.45995242407429182
v -0.93490682790898838 -0.19152280432460506 0.45539489685337892
v -0.93491729030127302 -0.16899633755366225 0.45134357366099387
v -0.93492659985162052 -0.14646916050375092 0.44779848939255007
v -0.93493472774334374 -0.12394135329714151 0.44475967553725343
v -0.93494164849184136 -0.10141299964696647 0.44222715993066614
v -0.93494734012173408 -0.07888418667913584 0.44020096650241497
v -0.93495177869343948 -0.056354998531143063 0.43868110929526377
v -0.9349548172754103 -0.033825414960189232 0.43766747401550243
v -0.93495527464294059 -0.011294989818611385 0.4371589624313012
v -0.9349453599953802 0.011238734417308896 0.43714834062009134
v -0.93489055707274804 0.0337794156222639 0.43760475655061115
v -0.93468141892005441 0.05631238972368928 0.43842306576931916
v -0.93406662768983983 0.07874873035291155 0.43935755644748337
v -0.93262178579962307 0.10080222918256761 0.4399762224234276
v -0.92984333555471888 0.1216735283342039 0.43975332699100877
v -0.92628731679977017 0.14052666407164821 0.43897580043343559
v -0.92455887994119679 0.1589037938746346 0.44014958123704701
v -0.92495061864894901 0.17902237346674582 0.44391080352438789
v -0.92565968173506297 0.20128652907295325 0.44879754789513449
v -0.92660167170464547 0.22716620240200708 0.45520702441308869
v -0.93030795378603848 0.26259102620662977 0.46727457122937388
v -0.93407306711993021 0.27816504080338222 0.47497674244976934
v -0.92881503843788749 0.30634827987936225 0.47833759171557549
v -0.93423993263284588 0.32393383469446879 0.48890554884759146
v -0.92880054327042816 0.3522108930908503 0.49343302465728139
v -0.93413478235422587 0.3695262686986952 0.50460831285621466
v -0.92863064097987325 0.39762029997456144 0.51030448920459659
v -0.93398616263623668 0.41477414629255915 0.5222089277351174
v -0.92851002036789532 0.4427475251879584 0.52915633358338998
v -0.93390074906022025 0.45983982887022862 0.54183459042446913
v -0.92845251170826359 0.48776762435947218 0.55004979768193429
v -0.93385850261254977 0.50484419939054037 0.56350158443943665
v -0.92842022667771562 0.53275870802994663 0.57297765623000885
v -0.93382956275977314 0.54983273356216666 0.5871979862352783
v -0.92839313184226002 0.57774232309808726 0.59793012845382676
v -0.93380249295189877 0.59481625985638975 0.61291719327405214
v -0.92836614823453389 0.62272237353822235 0.62490398428609129
v -0.93377499730129188 0.63979648394448518 0.64065743666251385
v -0.9283386298434515 0.66769937689247316 0.65389849680637735
v -0.93374684192472157 0.68477379001255989 0.67041830941753422
v -0.92830969937662167 0.71267538899027416 0.68491392522903505
v -0.93371586709030185 0.72975392465868227 0.70220151208470527
v -0.92827039744436513 0.75767967846294226 0.71796424373269829
v -0.93367346142481011 0.77478643256391166 0.73603715282018356
v -0.92823073964892699 0.80283111326880752 0.75315865569806695
v -0.93367212267057054 0.81996542234174496 0.77205797442887114
v -0.92838003963336446 0.84803617711769874 0.79061156814397271
v -0.9338360355381603 0.86499668870124746 0.81014970383266316
v -0.92848585305245612 0.89261162587290954 0.82950189771391747
v -0.93374986822361439 0.90932449892811174 0.84940088968664262
v -0.92868167988809858 0.93521596924389316 0.86860162680099595
v -0.93620323743627865 0.94988648879169035 0.8894592593460795
v -0.94017308972621172 0.98173282456398359 0.92395726559503577
v -0.9107647431423247 -0.97820161875512823 0.89319987041318638
v -0.91122653095918038 -0.95619635425552063 0.87234668834892726
v -0.91154120287330531 -0.93402910749310386 0.85168909306752016
v -0.91174925503535043 -0.91174272394563782 0.83131479139038655
v -0.91188475591805751 -0.88937397363928505 0.81129625564975294
v -0.91197389337222989 -0.86695159110080378 0.79168834986142078
v -0.91203518962268437 -0.84449617801321841 0.77252934755053149
v -0.91208075768709862 -0.82202135753298911 0.75384396292295319
v -0.91211794992383299 -0.79953547309445305 0.73564702816985095
v -0.91215092078306814 -0.77704327419505337 0.71794685243151291
v -0.91218185922326456 -0.75454728096499102 0.70074780368785627
v -0.91221183891762936 -0.73204874151208033 0.68405205252655221
v -0.91224134465629958 -0.70954823138636536 0.66786063114233196
v -0.9122705696580623 -0.68704599472736172 0.65217402048606499
v -0.91229957060584288 -0.66454212304821725 0.63699245087222844
v -0.91232834302298493 -0.64203664245684822 0.62231604541648722
v -0.91235685573860292 -0.61952955366126949 0.60814488431108349
v -0.91238506583697077 -0.5970208494054372 0.59447903203140307
v -0.9124129248772187 -0.57451052179766826 0.58131854824309459
v -0.9124403814264771 -0.5519985653604581 0.56866349192077636
v -0.91246738211842449 -0.52948497835358388 0.55651392276565748
v -0.91249387215541145 -0.50696976342513389 0.54486990158473569
v -0.91251979561730978 -0.48445292800400558 0.53373149027633038
v -0.91254509571455944 -0.461934484587606 0.5230987516618264
v -0.91256971503518691 -0.43941445097809545 0.51297174924994504
v -0.91259359580272248 -0.41689285048330421 0.50335054696412118
v -0.91261668014992325 -0.39436971208519805 0.494235208844226
v -0.91263891040879197 -0.37184507057425936 0.48562579872756889
v -0.91266022941564218 -0.34931896664677242 0.47752237991230456
v -0.91268058082913928 -0.32679144696173235 0.46992501480607052
v -0.91269990945874635 -0.30426256415426473 0.46283376456285297
v -0.91271816160061325 -0.28173237680279517 0.45624868871139296
v -0.91273528537762594 -0.25920094934771759 0.45016984477877026
v -0.91275123108001877 -0.23666835196012034 0.44459728791312869
v -0.91276595150259754 -0.21413466036101114 0.43953107050985446
v -0.91277940227410004 -0.19159995559600118 0.43497124184587499
v -0.91279154217357783 -0.16906432377842423 0.43091784772670716
v -0.91280233342803507 -0.14652785582513506 0.42737093014971828
v -0.91281174198519155 -0.12399064721909141 0.42433052698370383
v -0.9128197377571039 -0.1014527977967767 0.42179667165641654
v -0.91282629199210752 -0.078914408385908394 0.4197693899418215
v -0.91283131584269517 -0.056375530690629713 0.41824863986981259
v -0.91283416093916936 -0.03383599904095138 0.41723384953827003
v -0.91283072281915834 -0.011294884982536359 0.41672126053037611
v -0.91280272454724987 0.011248391956838346 0.41669441958264702
v -0.91269048911825312 0.033781879302952594 0.41709904540043713
v -0.91235876064839105 0.056245749135507873 0.41780450261965907
v -0.91159024583109505 0.078474775114275863 0.41859501880903355
v -0.91018475790439268 0.10014734024256598 0.41924419510654776
v -0.90825359157068375 0.12094086139357682 0.41982110069733003
v -0.90656709068662722 0.14111615480040604 0.42096575419967425
v -0.90576415349908157 0.16158047389604713 0.42335185499153333
v -0.90552776038528637 0.18305017232140522 0.42684270916916045
v -0.90505862902524137 0.20568689565630366 0.43082033146081516
v -0.90267420328795644 0.22797791221553074 0.43351104799316936
v -0.89905523012728283 0.2489548146431047 0.43526407847209359
v -0.90824127760537132 0.28317702650892451 0.45258799847139181
v -0.91229496930292298 0.29936888761900232 0.46101102031600849
v -0.90709093665559393 0.32833922966150403 0.46536462721677119
v -0.91260804031780196 0.34593667686868979 0.47631162801145321
v -0.90711540038650351 0.37448622452888974 0.48161304963720808
v -0.91250562445662264 0.39169317142955207 0.49308541649163701
v -0.90694436279580726 0.41994270234164133 0.49951901053220282
v -0.91235470055612755 0.4369640623856933 0.5117001721559189
v -0.90682335526859781 0.46507426198868973 0.5193826386600352
v -0.91226871715504054 0.48203148347256697 0.53232808774371188
v -0.90676468397897336 0.51009485112127528 0.54128176624426105
v -0.91222506703626105 0.5270363033510852 0.55499370851533592
v -0.90673070196760019 0.55508628914950686 0.56521355696561282
v -0.91219430637262977 0.57202525025840822 0.57968771765652938
v -0.90670185317732244 0.60007009648035758 0.59116955918534708
v -0.91216539421674336 0.617009012323679 0.60640428736540786
v -0.90667318392337559 0.64505015296468105 0.61914681973716923
v -0.91213610092925335 0.66198932394610333 0.63514179457031661
v -0.90664362535885445 0.69002773516459992 0.64914476141816768
v -0.91210477724051886 0.70696936759967721 0.66590047149555931
v -0.90660415847732645 0.73502251428734944 0.68116953128171387
v -0.91205590657292623 0.75199248536747931 0.69869812715790802
v -0.90651819603688877 0.78018391151938116 0.71530808288705894
v -0.91198140815176343 0.79726167996766717 0.73369278915416447
v -0.90656661420546492 0.82580741819747205 0.75199115634281799
v -0.91225861906996963 0.8427516344510656 0.77124548130282111
v -0.90736439294538729 0.87057609803111702 0.79067968063415872
v -0.91267103001553329 0.8870207306806186 0.80991933965890861
v -0.90738894057779396 0.91429859037795291 0.82971346666988943
v -0.91325806934526366 0.9305634979012658 0.85004542327549204
v -0.9101597782348757 0.95871476076780471 0.87379735392941549
v -0.91660457984517441 0.97916828230396091 0.89953619627757919
v -0.88834870922019071 -0.97827096122587265 0.87310452947466133
v -0.88884712186560577 -0.95631098227363676 0.85231609216077875
v -0.8891852931247175 -0.93417185556862148 0.83169651297550851
v -0.88940830205274035 -0.91190191313652758 0.81134292042493228
v -0.88955345013727016 -0.88954202102884339 0.79133439650331117
v -0.88964908219388961 -0.86712378781698862 0.77173018561368878
v -0.88971508456219683 -0.84466971339262353 0.75257130961627916
v -0.88976438962253601 -0.8221946024263268 0.73388411888552529
v -0.88980481784796217 -0.79970749215753234 0.71568437227912607
v -0.88984077817410301 -0.77721351671835948 0.69798087990847035
v -0.88987459094636756 -0.75471539748369199 0.68077826955049114
v -0.88990739375354189 -0.73221448161880942 0.66407884213534962
v -0.88993969998511557 -0.70971139006228456 0.64788369419123804
v -0.88997171372370776 -0.68720638571595483 0.6321933389841482
v -0.89000349391097278 -0.66469956638803884 0.61700802438558933
v -0.89003503424439789 -0.64219095902513912 0.6023278846493979
v -0.89006629978417007 -0.61968056302505226 0.58815300853177011
v -0.89009724287811098 -0.59716836917429195 0.57448346819136442
v -0.89012780981274198 -0.57465436764400324 0.56131933080711649
v -0.89015794353574462 -0.55213855134003931 0.54866066297660343
v -0.8901875848015528 -0.52962091737126837 0.53650753223041459
v -0.89021667272007576 -0.50710146778236886 0.52486000743188455
v -0.89024514509794184 -0.48458021000228546 0.51371815875095272
v -0.89027293872043511 -0.4620571571767127 0.50308205746951773
v -0.89029998962809132 -0.43953232844315593 0.49295177571135529
v -0.89032623340641404 -0.41700574916621663 0.4833273861297579
v -0.89035160549408909 -0.39447745113608373 0.4742089615651971
v -0.89037604151021921 -0.37194747272819367 0.46559657467848437
v -0.89039947759915894 -0.34941585902047312 0.45749029756297427
v -0.89042185079060132 -0.32688266186427856 0.44989020133906138
v -0.8904430993719773 -0.30434793990533376 0.44279635573444898
v -0.89046316326978148 -0.2818117585513889 0.43620882865405353
v -0.89048198443603266 -0.25927418988399531 0.43012768574381605
v -0.8904995072356755 -0.23673531251308425 0.42455298995311558
v -0.89051567883022686 -0.21419521137596281 0.41948480110092529
v -0.89053044955232996 -0.19165397748811289 0.41492317545114826
v -0.89054377326515144 -0.16911170766228023 0.41086816530223019
v -0.89055560769997966 -0.14656850422256443 0.40731981859426469
v -0.89056591476586033 -0.12402447473485922 0.40427817853172016
v -0.89057465957574344 -0.1014797303610738 0.40174328193418118
v -0.89058178322053017 -0.078934364028516904 0.39971513239723255
v -0.89058696446972674 -0.056388372701656309 0.39819348289952516
v -0.89058825129148189 -0.033841495827224337 0.39717660922987541
v -0.89057691958713159 -0.011293938742640395 0.39665673381600391
v -0.89052396738036765 0.011247448423504084 0.39660809160050514
v -0.89036062693144602 0.033751024626343974 0.39696793694216315
v -0.88997485045784075 0.056132280626195442 0.39762707071869097
v -0.88925347601288462 0.078240034216594145 0.39846798731011235
v -0.8882031985262181 0.099916970253703316 0.39946315570348562
v -0.88705063972426357 0.12117682566622223 0.40080203456745045
v -0.88612016614620204 0.14232263433731931 0.40278333125352755
v -0.88547811282417932 0.1637582416940957 0.40550837373769671
v -0.88479748068111563 0.18565991744431998 0.40874180448542052
v -0.88348755322563144 0.20769515141491374 0.41193008800139186
v -0.88131059923532629 0.22929510342639192 0.41474605024499589
v -0.87867127985099125 0.25026908945066495 0.41746785782981738
v -0.87601946480866089 0.2709163771720256 0.42052828005822129
v -0.88598204263952318 0.30514387924796194 0.43907409255011881
v -0.89023310600762251 0.32145376886473026 0.44798920676495135
v -0.88503917460825365 0.35067877608960163 0.4531845858393741
v -0.89065321913477347 0.36829091606568948 0.46450491720675052
v -0.88508663992274295 0.39691659559129983 0.4705204174495905
v -0.89055832273167557 0.41409986151526801 0.48233192957258531
v -0.88491663561505396 0.44238459472039893 0.48945593253936687
v -0.89040732834722258 0.45937601933519717 0.50196677271373902
v -0.88479480901968766 0.48751651794932016 0.51033458509079777
v -0.89032031408562573 0.50444335986568278 0.52360571058246053
v -0.88473487623783842 0.53253670054409397 0.53324407215849556
v -0.8902753269164736 0.54944775596426221 0.54727952797937385
v -0.88469961185581103 0.57752759031906242 0.55818487482636792
v -0.89024324890746198 0.59443612934071111 0.57298097952404248
v -0.88466957503301547 0.62251070153144417 0.58514954252138751
v -0.89021311520578461 0.63941917383545455 0.60070477751055318
v -0.88463970686821403 0.66749010630222338 0.61413533805491916
v -0.89018213182866179 0.68439956827455195 0.63044949794295913
v -0.88460439132859536 0.71247452640160158 0.64514311160038273
v -0.89013777855531495 0.72940095867077737 0.66222053325370411
v -0.88451351120635036 0.75756360453194427 0.67820574793862021
v -0.89001121769168856 0.7746081314143487 0.69610002288656236
v -0.88425082845578262 0.80324789833918975 0.71363234234283179
v -0.889870760387381 0.82064944617839064 0.73269499640058511
v -0.8853837282464978 0.84998570646599791 0.75326816816351438
v -0.8918528937455541 0.86558734098143597 0.77236459090537479
v -0.88599308569996604 0.89207007232560009 0.79044349398907177
v -0.89126918850766745 0.90875230974170196 0.81014430848826036
v -0.88655854022338498 0.9365433904192394 0.83159800189432798
v -0.89320845150805173 0.95297517492203176 0.85305978821543216
v -0.89486762840565059 0.98193952763055259 0.88259157867071325
v -0.86591052984448935 -0.9783206502662074 0.85347282301040039
v -0.86643039913047704 -0.95639283607922265 0.83272195406061633
v -0.86678204332711939 -0.93427358368174884 0.81212350162626146
v -0.86701354679107856 -0.91201525817268336 0.79178075949601201
v -0.86716421106450203 -0.88966166810840952 0.77177692591107794
v -0.86726364873722106 -0.86724645414785884 0.75217385863252428
v -0.86733251353223373 -0.84479344397197531 0.73301416032915134
v -0.86738418252546712 -0.82231826289189913 0.71432509462161853
v -0.86742672338776239 -0.79983042781918923 0.69612292579512824
v -0.86746467690409401 -0.77733533793912302 0.67841673304241357
v -0.86750043066212279 -0.75483585285962485 0.66121128281314301
v -0.86753515464244768 -0.73233338742646215 0.64450894600061992
v -0.86756937645321064 -0.70982859320620562 0.6283108544679632
v -0.86760330519426931 -0.6873217453268603 0.612617540130316
v -0.86763700026694646 -0.66481294519243561 0.59742926185844569
v -0.86767045358629213 -0.6423022195647381 0.58274616161964632
v -0.86770362730137984 -0.619789566174477 0.56856833462186251
v -0.86773647023815903 -0.59727497371066907 0.55489585911460371
v -0.86776892478566436 -0.57475843029099616 0.54172880838894233
v -0.86780092972531908 -0.55223992703119817 0.52906725532659993
v -0.86783242142824091 -0.52971945962451217 0.51691127396424241
v -0.8678633344338097 -0.50719702914112919 0.50526093989941789
v -0.86789360181344011 -0.48467264252512027 0.49411633025088658
v -0.86792315547386834 -0.46214631296739 0.48347752344043654
v -0.86795192645639052 -0.43961806021680039 0.47334459889307817
v -0.86797984525146221 -0.41708791084805591 0.46371763669028854
v -0.86800684213432056 -0.3945558984892662 0.4545967171892516
v -0.8680328475221587 -0.37202206400670906 0.44598192061395381
v -0.86805779235129366 -0.34948645564263719 0.43787332662200629
v -0.86808160847174465 -0.32694912910164742 0.43027101385080802
v -0.86810422905598617 -0.30441014758134449 0.42317505944695949
v -0.86812558901811343 -0.28186958174353649 0.41658553858329583
v -0.86814562543918317 -0.25932750962311352 0.41050252396841064
v -0.868164277993978 -0.2367840164736047 0.40492608535406049
v -0.86818148937383177 -0.21423919455213775 0.39985628904632564
v -0.86819720569943371 -0.19169314285302816 0.39529319742659003
v -0.86821137691680483 -0.16914596680808316 0.39123686848771244
v -0.86822395716938494 -0.14659777797686746 0.38768735538808829
v -0.86823490464234288 -0.12404869318925875 0.38464470551108104
v -0.86824417075380189 -0.10149882576108345 0.38210894941298529
v -0.86825159768479587 -0.078948252564146254 0.38008000845266071
v -0.86825631964060901 -0.056396969613743471 0.37855717115501158
v -0.86825444439084187 -0.033845270357323223 0.37753708738902059
v -0.86823282705796023 -0.011296523015569562 0.37700834068086492
v -0.86815886629846306 0.011234306620441007 0.3769421600610946
v -0.86797501912669106 0.033706691342604393 0.37728599593946133
v -0.86761524325030071 0.056046637239007838 0.37797470287850959
v -0.86705267171697953 0.078168104516682685 0.37897000566483791
v -0.86635068568429707 0.10003818625295498 0.38030976500852093
v -0.86564275267368029 0.12174170536509339 0.38210353577018324
v -0.86500873899407515 0.14345356382946606 0.3844372575086219
v -0.8643607215306961 0.16530666139047295 0.38726272194497646
v -0.8634642018963844 0.18725406893067503 0.39037011182734815
v -0.86210695425796657 0.20907574714569135 0.39354005624646932
v -0.86029807012481174 0.23057406658031135 0.39672743149061745
v -0.85820288503543618 0.2517246416860508 0.4000455956067388
v -0.85589050344881445 0.2725604734296338 0.4035390148432621
v -0.85346426321763835 0.29323703139672996 0.40732013218736762
v -0.86365134954047096 0.32751437586180987 0.42661294178042897
v -0.86798321131114897 0.34385384374772693 0.43588299655705431
v -0.86276577847656355 0.37316148302854685 0.44185511592726412
v -0.86843920750037384 0.39077009820336078 0.45350022669245871
v -0.86282087056873313 0.4194197609791791 0.46024466609752496
v -0.86834716377580301 0.43659023765121674 0.47236639245903794
v -0.86265087512865224 0.46488854121147571 0.48020753521256154
v -0.86819554231332163 0.48186638323042008 0.49302234506430864
v -0.86252808399359615 0.51001957990076086 0.50210328496987755
v -0.86810741447866335 0.52693289493850282 0.51567541259804472
v -0.86246708183694143 0.55503883056175218 0.52602577168853293
v -0.86806131541800968 0.57193635344368965 0.54036086661485194
v -0.8624308353505844 0.60002868684051125 0.5519782905273134
v -0.86802823467300927 0.61692366020014267 0.56707323772527674
v -0.86239991996049681 0.64501067337272788 0.57995431821270327
v -0.86799708807493725 0.66190570833295315 0.59580773284066657
v -0.86236779455537904 0.68999086884027938 0.60995144257457978
v -0.8679601308646987 0.70689235413721763 0.62656372157453677
v -0.86230376445234258 0.73501062572578568 0.64197387681718354
v -0.86785555370097478 0.75197810217075345 0.65935773588475866
v -0.86201397359678422 0.78033665092648652 0.67607118453233939
v -0.86742486608513247 0.79763876343737028 0.69435082900868672
v -0.86079134732888052 0.82729045763978359 0.71277965248682773
v -0.86625726991524932 0.84803529272989098 0.73484013227832889
v -0.86595034824566919 0.86799100786758265 0.75167540640552888
v -0.86984265787261217 0.88574525912199509 0.77064654964986279
v -0.86364406819577511 0.91410874493847916 0.79079082159288516
v -0.8697222306325012 0.93108734845990371 0.81172670043065276
v -0.86553210321400498 0.95941563145772601 0.83485558688158779
v -0.87166284565612528 0.9795625518355543 0.85974212605995248
v -0.8434569315130892 -0.97835697518619036 0.8343182065916902
v -0.8439879417000522 -0.956452632743513 0.81358703303598034
v -0.84434636060537627 -0.93434791389211913 0.79299883693880169
v -0.844582092498391 -0.9120981454623881 0.77266071698568684
v -0.84473556031799202 -0.88974927345318 0.75265827003882591
v -0.84483703484888728 -0.86733640622502295 0.73305479557277897
v -0.84490753958324694 -0.84488432814373526 0.71389372469452184
v -0.84496065169506118 -0.82240925541593557 0.69520277796171515
v -0.84500454383474832 -0.79992105031107519 0.67699846293291344
v -0.84504381037606169 -0.7774253027349437 0.65928998477747514
v -0.84508086540171157 -0.75492497151299043 0.64208217411612112
v -0.84511689129166068 -0.73242151972806946 0.62537743461424977
v -0.84515242075860009 -0.70991562037651101 0.60917691550003517
v -0.84518766423097202 -0.687407556690245 0.59348115877730934
v -0.84522268046898685 -0.66489743192500628 0.5782904301441435
v -0.84525745969319344 -0.64238527195855311 0.56360487706284701
v -0.8452919617611061 -0.61987107257270424 0.54942459980488312
v -0.84532613283231306 -0.59735482021197905 0.53574968165844428
v -0.84535991236121366 -0.57483650080557247 0.52258020110332515
v -0.84539323597811133 -0.55231610350394555 0.5099162364282922
v -0.84542603671408945 -0.52979362234736738 0.49775786731499233
v -0.84545824559767568 -0.50726905712244186 0.48610517524074676
v -0.84548979203408459 -0.48474241390302159 0.47495824342416115
v -0.84552060412441366 -0.46221370546136842 0.46431715658529599
v -0.84555060898255607 -0.4396829516141802 0.45418200061917569
v -0.8455797330697532 -0.41715017952262595 0.44455286221806983
v -0.84560790255262386 -0.39461542394911098 0.43542982845586403
v -0.84563504368518239 -0.37207872746780324 0.42681298634063197
v -0.84566108321317046 -0.3495401406241847 0.41870242233954841
v -0.84568594879792613 -0.32699972203854466 0.41109822188007661
v -0.84570956945629394 -0.30445753844857393 0.40400046883174073
v -0.84573187601248256 -0.28191366468684459 0.39740924497333546
v -0.84575280155721744 -0.25936818359014735 0.39132462945102564
v -0.84577228190892617 -0.23682118583996523 0.38574669823338326
v -0.84579025607100589 -0.21427276973759776 0.38067552356990375
v -0.84580666667846371 -0.19172304092405246 0.3761111734595961
v -0.84582146042660067 -0.16917211206209759 0.37205371113520447
v -0.84583458829178393 -0.14662010229750366 0.36850319437802248
v -0.84584600173324409 -0.12406713381549046 0.3654596710817582
v -0.84585561221275496 -0.10151331868935995 0.36292314286587607
v -0.84586304577216997 -0.078958746416652167 0.36089335551718399
v -0.84586665652384974 -0.056403656132130123 0.3593689707236305
v -0.84586076339429317 -0.033849606079879219 0.3583452421870264
v -0.84583062421548971 -0.011303223207147491 0.35780965988188923
v -0.84574816028133637 0.01121703385026032 0.35773772959764666
v -0.84557616250321543 0.033675420081037091 0.35809511273149525
v -0.84528702316685334 0.056024894198292007 0.35885194887453453
v -0.84488780029880317 0.078231853510692853 0.36000465736596571
v -0.84442449537197195 0.10030810013431272 0.36158397348714161
v -0.84394381900561288 0.12231669108301958 0.36362805792423347
v -0.84343477497482833 0.14432981099961667 0.36613269234658874
v -0.84280619040487037 0.16636278460223416 0.36902273721915507
v -0.84192719911635427 0.18834279423476855 0.37219197984731972
v -0.84073397546104767 0.21015910367125054 0.37555218362174003
v -0.83924627865420809 0.23173779814705855 0.37908966947587158
v -0.83750991979750344 0.25306206964037908 0.38282235376116908
v -0.83555429251869306 0.27415378952226188 0.3867634219098175
v -0.83334837857520394 0.29500029909931685 0.3908677077909497
v -0.83098231909470943 0.3157081519019429 0.39522715163456612
v -0.84124150544981158 0.35000931470249552 0.41512979209255985
v -0.84560671724879344 0.36635599007443126 0.42470214558803426
v -0.84036735177689725 0.39568161128252316 0.43143836148868187
v -0.84607210101610753 0.41328812772050383 0.44337922642209898
v -0.8404245965706082 0.44194051866200534 0.45087042538199279
v -0.84598061830494575 0.45910808173181328 0.46327959514959083
v -0.84025424322758258 0.48740756296865223 0.47185992456534537
v -0.84582821048649881 0.50438288220080607 0.48495712440714989
v -0.84013059576352678 0.53253726372979304 0.49477329811289783
v -0.84573909592541541 0.5494481958115619 0.50862541817276885
v -0.8400687146580097 0.57755526918061817 0.51970942311646917
v -0.84569207810851532 0.59445040921175274 0.53432365991137343
v -0.84003169346362538 0.62254380795943753 0.54667429264250389
v -0.84565818788950387 0.63943638711643591 0.56204809194204286
v -0.83999985061578186 0.66752471865873642 0.5756622918562293
v -0.84562499403635716 0.68441867094040498 0.59179436466149249
v -0.83995779241224167 0.71251304752764588 0.60667041276915723
v -0.8455615200862906 0.72943073193722885 0.62355959739655664
v -0.83979533045474342 0.75760131224001215 0.63967872592494557
v -0.84526426641458674 0.77464923418067355 0.65730900937882841
v -0.83897992412273747 0.80297901357871815 0.67441122324009284
v -0.84379172957960913 0.82033488684074474 0.69247984138487828
v -0.835147413027306 0.84461587748685873 0.70549964114618735
v -0.84723849307335808 0.85812659653333168 0.72719220629966541
v -0.84086818230392391 0.89088487686608675 0.75041764574424696
v -0.8467009957838636 0.90835287853369584 0.77105896107082017
v -0.84184101448377546 0.93678681311517509 0.79318054996076193
v -0.84847833162734121 0.95335833716269081 0.81446968359495164
v -0.84993799918916324 0.98211975462519485 0.84357310247948825
v -0.82099281439577398 -0.97838445395477402 0.81565026120241868
v -0.82152806719469573 -0.95649796298324663 0.7949273146342678
v -0.82188884749293967 -0.93440439570010891 0.77434253400359998
v -0.82212602321913342 -0.91216128471370439 0.7540051817651594
v -0.82228053000474677 -0.88981617020433479 0.73400210863099691
v -0.82238288748207766 -0.86740526007890517 0.71439729988949929
v -0.82245422797118461 -0.84495405941898794 0.69523454151347763
v -0.82250817085610783 -0.82247923195163675 0.67654172893470599
v -0.82255290300378525 -0.79999090256226446 0.65833545294810258
v -0.82259302279273583 -0.77749480644676972 0.64062495799473984
v -0.82263094509066914 -0.75499397788234013 0.62341509386580862
v -0.82266785209006632 -0.73248991633156935 0.60670827451039189
v -0.82270427588377026 -0.70998331057494235 0.59050565559972001
v -0.8227404259310408 -0.68747444938075741 0.57480778397485854
v -0.82277635969459229 -0.66496343673480063 0.55961492956854197
v -0.8228120658032344 -0.64245029714644186 0.54492724394016345
v -0.82284750226824455 -0.61993502421896529 0.53074483154222718
v -0.82288261318167455 -0.59741760200366145 0.51706778003334253
v -0.82291733573239523 -0.57489801409722663 0.50389617250038121
v -0.82295160310276327 -0.55237624751306191 0.49123009209290808
v -0.82298534570483539 -0.52985229442530191 0.47906962360774347
v -0.82301849178700437 -0.50732615307675688 0.46741485388277404
v -0.82305096782371401 -0.48479782836152491 0.45626587172714456
v -0.82308269884668284 -0.46226733227357336 0.44562276766101122
v -0.82311360877594131 -0.43973468428766083 0.43548563356424974
v -0.82314362077086278 -0.41719991169202403 0.42585456226983048
v -0.82317265760710201 -0.39466304987524015 0.41672964711534444
v -0.82320064207993504 -0.37212414256377041 0.40811098145895991
v -0.8232274974322239 -0.34958324200483692 0.39999865816417146
v -0.82325314780406578 -0.32704040908892734 0.3923927690575702
v -0.82327751870039523 -0.30449571340650583 0.38529340436432463
v -0.82330053747214293 -0.28194923323426824 0.37870065212670501
v -0.82332213380591013 -0.25940105544771042 0.37261459761166943
v -0.82334224021643265 -0.23685127535941214 0.36703532271419703
v -0.82336079253536432 -0.2142999964868689 0.36196290536353187
v -0.82337773038915085 -0.19174733025990917 0.35739741893944227
v -0.82339299759551809 -0.16919339561410052 0.35333893163976282
v -0.82340654112613854 -0.14663831755654569 0.34978750454894642
v -0.82341829632834185 -0.12408222204136737 0.34674317797735638
v -0.82342809205372325 -0.10152523189461898 0.34420589201515367
v -0.82343525151665276 -0.07896753741201383 0.34217516135917553
v -0.82343741690554839 -0.05640986476793465 0.34064912202070685
v -0.82342819897332875 -0.033855046055137505 0.33962258740486961
v -0.82339450914437762 -0.011311164007889191 0.3390846641103743
v -0.82331671872560541 0.011205093356464971 0.33901829434753661
v -0.82317520536805444 0.033669067771278753 0.33940474644833918
v -0.82296190880001774 0.056056891353378928 0.34023272120675663
v -0.8226870944060084 0.078360247680265019 0.34150505946461723
v -0.82236965308829113 0.10059514453360902 0.34323321274427665
v -0.82201238093166595 0.12279186220052206 0.34541829291433107
v -0.82158209038578744 0.14496778366093901 0.34803247572663543
v -0.8210162353972138 0.16710406999279051 0.35101939118003633
v -0.82025514756354712 0.18914891515219615 0.35431744186721986
v -0.81926013353761085 0.21104292294465476 0.35789795458481849
v -0.81803863494020568 0.23275037280635 0.36173301809015795
v -0.81659643291429584 0.25425690397863476 0.36581049868766252
v -0.81492653892047096 0.27555585734749916 0.37010940193114966
v -0.81302381014960179 0.29665081735461779 0.37461262047686328
v -0.81084877714394266 0.31750996530649428 0.37926446124001623
v -0.80849706670236643 0.33822911282196466 0.38415868383580482
v -0.81877950737597205 0.37253377063857845 0.40462394561514542
v -0.8231589000959364 0.3888810121244089 0.41447777537183417
v -0.817907287665391 0.41820532461463888 0.42198211175439149
v -0.82362691494041718 0.43581132393568295 0.43420284804293235
v -0.81796555031115159 0.46446035416047537 0.44245373693292722
v -0.82353550732372549 0.48162854574956326 0.45513601252946895
v -0.81779489799428506 0.50992505954538536 0.46446949881658711
v -0.82338240456222256 0.52690159198184972 0.47783507562435179
v -0.8176705454024128 0.55505317391643372 0.48840038869672908
v -0.82329245316677047 0.57196546803220072 0.50251867558384589
v -0.81760794480819654 0.60006972155522342 0.51435005581685733
v -0.82324467584103111 0.6169662240311522 0.52922978257577935
v -0.81757028546312127 0.64505678085649454 0.54232716728050823
v -0.82320993872514081 0.66195089776371774 0.55796631621008563
v -0.81753598476735312 0.69003784840144089 0.57232665545617345
v -0.82316901150820165 0.70693763816601518 0.58872276192312689
v -0.81746231012601822 0.73504073680713045 0.60433376736429845
v -0.82303221669942694 0.75197923421306978 0.6214639819404113
v -0.81712599833384836 0.78009925627900778 0.6381974200153413
v -0.82242363303108101 0.79705430673165079 0.65586799369787707
v -0.816164899773692 0.82453990710132519 0.67307215072833548
v -0.82128611463299639 0.84051286732933295 0.69051989587222595
v -0.81734094819801917 0.86836214388875421 0.71110854676538815
v -0.82356137168058485 0.88545980854826334 0.73120025057825733
v -0.81840272784216539 0.9143090198150774 0.75292916382060737
v -0.82473308191760353 0.9312787618135776 0.77378670385365822
v -0.820562161545909 0.95957521602540341 0.79709772748387764
v -0.82671115063815281 0.97966627087884373 0.82167224739628564
v -0.79852161798003507 -0.97840621560459395 0.79747557235592026
v -0.79905654445146868 -0.95653402130877929 0.77675365937917029
v -0.79941679597789794 -0.93444950764756674 0.75616807824764287
v -0.79965360360067028 -0.91221189831137339 0.73582915361059187
v -0.79980800233001281 -0.88986997133652879 0.71582424881287798
v -0.79991048930175634 -0.86746079960020062 0.69621755918069028
v -0.79998213569814092 -0.84501046184132655 0.67705293390334809
v -0.80003650154125261 -0.82253598140721895 0.65835827236766709
v -0.80008173001772998 -0.80004769564728673 0.64015015271574638
v -0.80012239205540692 -0.77755145770132506 0.62243780706606522
v -0.80016088705371602 -0.75505036303060946 0.60522607767977032
v -0.80019838908204277 -0.73254594034436848 0.58851737543498939
v -0.80023542601979525 -0.71003889078182736 0.57231285593083403
v -0.80027220493314566 -0.68752950705793203 0.55661306768807806
v -0.80030878160570895 -0.66501789316178272 0.54141828329924291
v -0.80034514317735728 -0.64250407188811576 0.52672865756431764
v -0.80038124613589412 -0.61998803446667472 0.5125442985760279
v -0.80041703292778354 -0.59746976240706196 0.49886529795853773
v -0.80045243894381068 -0.57494923682548038 0.48569174306025276
v -0.80048739540761293 -0.55242644243117089 0.47302372157438383
v -0.80052183061235893 -0.52990136933798049 0.46086132311271916
v -0.80055567053174881 -0.50737401402078097 0.44920463958698698
v -0.80058883921665303 -0.48484437993902119 0.43805376512328237
v -0.8006212591355647 -0.46231247802298492 0.427408795782176
v -0.8006528515172181 -0.43977832709041736 0.41726982918371669
v -0.80068353671562109 -0.41724195421302895 0.40763696407299127
v -0.80071323460344979 -0.39470339503489782 0.39851029983975739
v -0.80074186499427391 -0.37216269403870383 0.38988993599853866
v -0.80076934809175304 -0.34961990475379884 0.38177597163372967
v -0.8007956049627164 -0.32707508989975331 0.37416850481421887
v -0.80082055803018182 -0.30452832145935754 0.36706763198259362
v -0.80084413158163525 -0.28197968067593249 0.36047344732473507
v -0.80086625228716379 -0.25942925797142929 0.35438604212638797
v -0.80088684972129864 -0.23687715278460245 0.3488055041240164
v -0.80090585688162286 -0.21432347333296445 0.34373191685773463
v -0.80092321067607641 -0.19176833628537671 0.3391653590129366
v -0.80093885191949299 -0.16921186605324054 0.33510590334047796
v -0.80095272045467802 -0.14665419272205643 0.33155361151436169
v -0.80096472049344991 -0.1240954503313339 0.32850850522356922
v -0.80097456650610643 -0.10153580329848097 0.32597044402307507
v -0.80098130319998118 -0.078975625805185731 0.32393874971326497
v -0.80098225829022818 -0.05641613325336952 0.32241137814431026
v -0.80097158982926797 -0.033860775605277421 0.32138371212491201
v -0.80093957617487477 -0.011317072560870049 0.32084777718020863
v -0.80087444356247794 0.011202685529886092 0.3207932627633327
v -0.80076713845896719 0.03368406933788598 0.32121090614659831
v -0.80061590098576529 0.056116666797136998 0.32209622861969006
v -0.80042518959363484 0.078499989402592688 0.32344951511892395
v -0.80019667293780139 0.1008428830842704 0.32526958880714957
v -0.79991787217407095 0.12315401058250118 0.32754460223581278
v -0.79955861095517611 0.14542915377288293 0.33024743280270258
v -0.7990801018774023 0.16764577630884625 0.33334073098235278
v -0.79844950652749203 0.18976975540897778 0.33678785122213772
v -0.79764582893575819 0.21176761156129681 0.34056119530248341
v -0.79664909603334744 0.23361225408351849 0.34464760517061199
v -0.79545435089129379 0.25528842183362832 0.34901342456798445
v -0.79404564787796583 0.27678330712644 0.35363130037896773
v -0.79240251873709466 0.29808240256196628 0.35846867456892939
v -0.79051637535138908 0.31918122963170381 0.36350418415368768
v -0.78834932416308556 0.3400430109890239 0.36868212711484866
v -0.78600048791695454 0.36076277907424614 0.37409865351926269
v -0.79629149324997095 0.39506179496629135 0.3951109700819741
v -0.80067722942039443 0.41140747587666188 0.40523787890856111
v -0.7954207904426398 0.44072632506370757 0.41351562197758429
v -0.80114694358274774 0.45833184130552473 0.42600820218733937
v -0.79548011950375963 0.48697653167797128 0.43502603743963619
v -0.80105569615690464 0.50414574138735135 0.44797369325164921
v -0.79530932903476259 0.53243865691913117 0.45806780232863265
v -0.80090204367928952 0.54941681324014402 0.47169409443994226
v -0.79518441678222762 0.57756500656408205 0.48301600390504346
v -0.80081139680766178 0.59447906983441534 0.49739282488791442
v -0.79512123556226411 0.62257993951780344 0.50997900720990252
v -0.80076298427037407 0.6394782245999675 0.52511661085857797
v -0.79508285613663499 0.66756555526164063 0.53896809226466313
v -0.80072645976273105 0.68446218577853923 0.55486469211172573
v -0.79504135650559749 0.71254794030429403 0.56997610390141784
v -0.80066546600820854 0.72945363468181901 0.58662191760235338
v -0.79491890960388079 0.75753990774847235 0.60295118400781866
v -0.80043935742187333 0.77444746083044769 0.62027161157748179
v -0.79456044047978613 0.80238505264430027 0.63764612568283596
v -0.79994855079521454 0.81907617711262282 0.65543623992342148
v -0.79452648900718137 0.84679616486668918 0.67423674860156879
v -0.80040084757629937 0.8634570988152741 0.69314385149039792
v -0.79526825175231741 0.89189462587650425 0.71402738854407866
v -0.80134769056989841 0.90883887414547637 0.73412053845318792
v -0.79676328696450072 0.93699948143306944 0.75645037255175684
v -0.80346516666132783 0.95350767506693368 0.77743064849970767
v -0.80497216040798714 0.98217666751088906 0.80642207598026328
v -0.77604567896922994 -0.97842435838870545 0.77979852984202047
v -0.77657725204299022 -0.95656425490804597 0.75907323409847405
v -0.7769350730350103 -0.9344875168801815 0.73848430516403885
v -0.77717032322779367 -0.91225471888374809 0.71814241284215985
v -0.77732385938868609 -0.88991564860635286 0.69813496554333376
v -0.77742597687033821 -0.867508097350142 0.67852607596350112
v -0.77749757467151437 -0.84505862738488147 0.65935948060028693
v -0.77755208758286076 -0.82258456857070616 0.64066298122053966
v -0.77759757774422067 -0.8000964407194725 0.62245308691792378
v -0.77763856839541601 -0.7776001986515152 0.60473898733775799
v -0.77767743303673331 -0.75509899054045171 0.58752550165000161
v -0.77771533253745351 -0.7325943700904507 0.5708150298724457
v -0.77775278827944916 -0.71008704873179829 0.55460872371636039
v -0.77779000404800891 -0.68757732213743072 0.53890713152044412
v -0.77782703373173867 -0.66506529381753599 0.52371052760186521
v -0.77786386307880806 -0.64255098459234794 0.50901906949206843
v -0.77790044729351882 -0.62003438314530324 0.49483286860684439
v -0.77793672748130094 -0.59751546829676228 0.48115202030586346
v -0.77797263756898383 -0.5749942185329141 0.46797661601124801
v -0.7780081071695184 -0.55247061609604342 0.45530674779617381
v -0.77804306281175606 -0.52994464885939085 0.44314250994123944
v -0.77807742855188677 -0.50741631133091403 0.43148399930147913
v -0.77811112637442204 -0.48488560531806002 0.42033131520492012
v -0.77814407653981243 -0.46235254045267654 0.40968455915353313
v -0.7781761979367634 -0.43981713464471323 0.39954383442509972
v -0.77820740845945946 -0.41727941448417522 0.38990924561140167
v -0.77823762541564701 -0.39473941559289777 0.3807808981061892
v -0.77826676596602162 -0.37219718292144716 0.37215889754937681
v -0.77829474759299189 -0.34965277098446568 0.36404334923217996
v -0.77832148859559969 -0.32710624402741029 0.35643435746796764
v -0.77834690860645817 -0.30455767611801765 0.34933202493426768
v -0.77837092912575978 -0.28200715115680153 0.34273645199221336
v -0.77839347406661286 -0.25945476280264068 0.33664773599058678
v -0.77841447030516009 -0.23690061431240367 0.331065970562408
v -0.77843384822178885 -0.21434481829088911 0.32599124491598624
v -0.77845154208044665 -0.19178749626271538 0.32142364299634552
v -0.77846748875395477 -0.1692287777274715 0.3173632413105742
v -0.77848161586072961 -0.14666879922562964 0.31381009855415737
v -0.77849378494823374 -0.12410771333624955 0.31076421134586674
v -0.77850360321609968 -0.10154575433411249 0.30822537171994202
v -0.77850997777218656 -0.078983482769099611 0.30619282934633518
v -0.77851039622926554 -0.056422374704393624 0.30466472877167916
v -0.77850030097951373 -0.033865738135852981 0.3036375555963558
v -0.77847334751344843 -0.01131942210786697 0.30310614974674716
v -0.77842309705249779 0.011208669553123086 0.3030647512482087
v -0.77834534796928356 0.033710832306842554 0.30350872038251137
v -0.77823904776359321 0.056182732955512453 0.304435153006619
v -0.77810344665965603 0.078624538400198368 0.30584143115709667
v -0.77793282231571448 0.10103830625042877 0.30772134289574626
v -0.77771266322622923 0.12342247161342132 0.31006134220873033
v -0.77742052509766524 0.14576695547933724 0.3128404216399932
v -0.77703154550655873 0.16805298390057852 0.31603339811210474
v -0.77652376297944059 0.19025734061984495 0.31961488403037158
v -0.7758791079832037 0.21235734026867059 0.32356057339297684
v -0.77507844984867069 0.23433243674482301 0.32784831661279384
v -0.77409695720528982 0.25616278814128135 0.33245821540045983
v -0.77291946756291274 0.27783286878545022 0.3373512972372768
v -0.77152456403920522 0.29932633369859224 0.34249561895515873
v -0.76989030870087949 0.32062520349787121 0.34785685587355353
v -0.76800897169368731 0.34172305415978682 0.3534138178635054
v -0.7658441862331502 0.3625821992583812 0.35911161703962813
v -0.76349621495525188 0.38329880812926465 0.36504750489942428
v -0.77379210745768834 0.41758898996391774 0.38660217123998225
v -0.778181237288185 0.43393229296723679 0.39699887932339184
v -0.77292380389311832 0.46324522340221952 0.40605296127239598
v -0.77865293368257338 0.48084981401320387 0.41881383431685243
v -0.77298446526989006 0.50949032154273788 0.42860186342751466
v -0.77856204622944458 0.52666015557935397 0.44181141585043743
v -0.77281371218901007 0.55494969973524855 0.45266945461302172
v -0.77840799512704129 0.57192908384143781 0.46655298986691901
v -0.77268838038771237 0.600074140427583 0.47863481845744216
v -0.77831678741929133 0.61698957284739275 0.49326669268106987
v -0.77262473434466261 0.64508734504170673 0.50661100459022701
v -0.77826774813580379 0.66198708103379622 0.52200295204930114
v -0.77258500886323389 0.69007163329295107 0.53661150689948178
v -0.77822707128504365 0.70697039646818505 0.55276067438672727
v -0.77253236622829013 0.73505074657526559 0.56862188685730608
v -0.77814263323476862 0.75195016117506852 0.58550484178701689
v -0.77239985076566564 0.77999473721016199 0.60256673521690662
v -0.77793986589667596 0.79683906324817311 0.62010765415634517
v -0.77226065091928986 0.8247837880566421 0.63839761236012971
v -0.77788970189990836 0.84153399869573564 0.6566842265176801
v -0.77247571122026382 0.86964682933950921 0.67657004085089134
v -0.7783365292465283 0.88650812445470273 0.69589394990158038
v -0.77328669600367128 0.91468796044805445 0.71737455113800275
v -0.77965772651913323 0.93151975520019259 0.73784860619431958
v -0.77556406918446186 0.95966562668475153 0.76127317985914478
v -0.7817396837586994 0.97971328322932971 0.78555140311435512
v -0.75356653917763594 -0.97844024868972013 0.76262198243162993
v -0.7540927255412917 -0.95659088782860247 0.7418906489604874
v -0.75444683982364447 -0.93452115812836545 0.72129686312086316
v -0.75467973235583896 -0.91229276558653749 0.70095118589421634
v -0.75483189505066783 -0.88995636414810908 0.6809407829290719
v -0.75493330186169627 -0.86755037335468677 0.6613295082306806
v -0.75500460577866724 -0.84510178442454187 0.64216088170939223
v -0.75505907261971739 -0.822628201947185 0.62346254835484027
v -0.75510465866592924 -0.80014031038639799 0.60525091569274614
v -0.75514582603153235 -0.77764415662993402 0.58753511361536714
v -0.75518491539830679 -0.75514293655534748 0.57031992930482456
v -0.75522307107874886 -0.73263822633061337 0.55360774746049879
v -0.75526080646065719 -0.7101307464219242 0.53739971371281126
v -0.75529832148242504 -0.68762079483292882 0.52169637514199441
v -0.75533566801967023 -0.66510847426073016 0.50649800724748684
v -0.75537283051992177 -0.64259380334410476 0.49180476999985295
v -0.75540976309051 -0.62007676806150036 0.47761677796266688
v -0.75544640572565469 -0.59755734439760089 0.46393413011318418
v -0.75548269113785571 -0.57503550805879444 0.45075692186117955
v -0.75551854758815229 -0.55251123866108431 0.43808524959542006
v -0.75555390010387213 -0.52998452166633059 0.42591921221906304
v -0.75558867108765182 -0.50745534943338932 0.41425891150142213
v -0.75562278072081701 -0.48492372192506966 0.40310445196073186
v -0.75565614731656361 -0.46238964727315662 0.3924559405462571
v -0.7556886876805089 -0.43985314227094086 0.38231348621726918
v -0.75572031749871016 -0.41731423281258467 0.37267719945390165
v -0.75575095175909213 -0.3947729542803739 0.36354719171321082
v -0.75578050520671081 -0.37222935187448708 0.354923574836916
v -0.75580889283086961 -0.34968348087786888 0.34680646041567897
v -0.75583603038075364 -0.32713540684841164 0.3391959591149577
v -0.75586183490526071 -0.30458520573107623 0.33209217996824641
v -0.75588622531182814 -0.28203296388362192 0.32549522964447475
v -0.75590912293819579 -0.25947877801145031 0.31940521169731328
v -0.75593045212830068 -0.23692275500790927 0.31382222580305041
v -0.75595014075979017 -0.21436501167307018 0.30874636695572721
v -0.75596812023243976 -0.1918056741992519 0.30417772424112194
v -0.75598432183904107 -0.16924487756644729 0.30011637689994924
v -0.75599865687771006 -0.14668276820923337 0.29656237856490419
v -0.75601094580412209 -0.12411952685740993 0.29351570492239126
v -0.75602073668388126 -0.10155545970836956 0.29097612139266482
v -0.75602697400300789 -0.078991237005739151 0.28894293743394645
v -0.75602761325618273 -0.056428317035524214 0.28741469975045925
v -0.75601948881524417 -0.033869405206820413 0.28638902342677514
v -0.7559987824722959 -0.01131854326655881 0.28586281179444289
v -0.7559620252311986 0.01121956188560682 0.28583287169539379
v -0.75590650816294669 0.033740859118337081 0.28629692377834626
v -0.75583082686234782 0.056243146331325974 0.28725186268297648
v -0.75573185113811536 0.07872551914454233 0.28869356554965137
v -0.75560227860188023 0.10118636944600902 0.29061492979491566
v -0.75542984397268387 0.123620607504996 0.29300444698119155
v -0.75519810309924762 0.14601806156686187 0.29584726798510985
v -0.75488968152608871 0.16836413236810108 0.29912562322011654
v -0.75448790218185458 0.19064203369632376 0.30281972478072827
v -0.75397577214518918 0.21283437848746609 0.30690847713162545
v -0.75333488483553313 0.23492381297991397 0.31136814923985517
v -0.75254173288533577 0.25689179634648002 0.31617526527141399
v -0.75156911356037959 0.27871831542682796 0.32130530170500876
v -0.75039873616328612 0.30038620131893784 0.32671832421097902
v -0.74900862599753815 0.32187763360235394 0.33238173615030991
v -0.74737728191450481 0.34317378604246651 0.33826135118030376
v -0.74549769946059097 0.36426809100081897 0.34433644865570556
v -0.74333426783102452 0.38512272917969842 0.35055256504698978
v -0.74098722980582488 0.40583509827822989 0.35700727720778486
v -0.75128751769323632 0.44011543300216388 0.379102868377449
v -0.75567911498268403 0.45645601623754573 0.38976813807358496
v -0.75042234008495401 0.48576306259230184 0.39959966907845906
v -0.75615321003088964 0.50336640636024987 0.41262745542402263
v -0.75048462393175808 0.53200287999477924 0.42318684311486476
v -0.75606289956006667 0.54917301909737137 0.43665696322705394
v -0.75031408695838342 0.57745937076430265 0.44828013062627659
v -0.75590860272102633 0.59443965826676526 0.46241959375410197
v -0.75018847503437847 0.62258177870752407 0.47526255364603454
v -0.75581696074294791 0.63949825766808122 0.49014815839338938
v -0.75012441963915699 0.66759317613963176 0.50425178658578995
v -0.75576707153708234 0.68449406731942142 0.5198965580644026
v -0.75008265217701475 0.71257552040081384 0.53526267681994966
v -0.75572126757928704 0.72947405660252163 0.55166132278725011
v -0.7500259874887989 0.75754438837834825 0.56827563299772366
v -0.75563838379987591 0.77443001331288386 0.5854025930218939
v -0.7499424195290697 0.8024672418212665 0.60325361165312852
v -0.75555135451354105 0.81931122471859053 0.62110126568775137
v -0.74994505456099836 0.84736286574275033 0.6402903262688131
v -0.75565412149045252 0.86421377223036222 0.65897749004246797
v -0.7502708313614338 0.89232253957935248 0.67963986178791203
v -0.75630478605058027 0.90917544621346325 0.6993417172349411
v -0.75175653604753256 0.93712808060030828 0.72172546689952177
v -0.75847034273902803 0.95359748985191983 0.74237562787394895
v -0.76000816259942594 0.98220668789572119 0.77126779190140315
v -0.73108518920783183 -0.97845475205099774 0.7459477363300363
v -0.73160458038298826 -0.95661531693616109 0.72520880457001013
v -0.7319540984792976 -0.93455213845732432 0.70460928690498059
v -0.73218407068529945 -0.91232791501407839 0.68425935550791483
v -0.73233449666911055 -0.88999407784741824 0.66424576034692251
v -0.73243494706081824 -0.86758961967478765 0.64463199328590104
v -0.73250577799124139 -0.84514192773125496 0.62546129770164882
v -0.73256005598935126 -0.82266886231992575 0.60676112815559657
v -0.73260561418662529 -0.80018126195627293 0.58854777229491662
v -0.73264684417323833 -0.77768525988437576 0.57083029058872148
v -0.73268604896840339 -0.75518409670104103 0.5536134332628585
v -0.73272435398541158 -0.732679369511539 0.5368995672037733
v -0.73276226358540963 -0.71017180703836424 0.52068983072733466
v -0.73279997348325043 -0.68766170920128378 0.50498476904599121
v -0.73283753348074498 -0.6651491776381524 0.48978465853473424
v -0.73287492681132849 -0.64263422863143704 0.47508966144239639
v -0.73291210663932238 -0.62011684530503608 0.46089989539195547
v -0.73294901203241092 -0.59759700066291099 0.44721546292947001
v -0.73298557468758829 -0.57507466748239733 0.43403646342929281
v -0.73302172171936386 -0.55254982259667085 0.42136299759307266
v -0.73305737686172112 -0.5300224488918891 0.40919516896249208
v -0.73309246107253478 -0.50749253640647363 0.39753308425554512
v -0.73312689293778766 -0.48496008308165417 0.38637685323372334
v -0.73316058902899539 -0.46242509536837173 0.37572658836552109
v -0.73319346427077514 -0.43988758876065465 0.36558240438258605
v -0.73322543233849968 -0.4173475882745829 0.35594441776303326
v -0.73325640609196152 -0.39480512887332087 0.34681274615506907
v -0.73328629804547008 -0.37226025583212979 0.33818750774739503
v -0.73331502087235212 -0.349713025035156 0.33006882059137987
v -0.73334248794042201 -0.32716350319540327 0.32245680188028863
v -0.7333686138739326 -0.30461176798974143 0.31535156719175811
v -0.73339331513656558 -0.28205790810189429 0.3087532297007915
v -0.73341651062855884 -0.25950202316764276 0.3026618993710693
v -0.73343812227733862 -0.23694422361122544 0.29707768212193747
v -0.73345807546243713 -0.21438463033578498 0.29200067886176662
v -0.7334762982495332 -0.19182337430083968 0.28743098365707648
v -0.73349271495777491 -0.16926059707305469 0.28336867793132176
v -0.7335072207196095 -0.1466964582481497 0.27981381157482405
v -0.73351961072543892 -0.12413116802455776 0.27676635284073425
v -0.73352943677354177 -0.10156507978683299 0.27422608668325538
v -0.73353580517150008 -0.078998874281292555 0.2721924653535755
v -0.73353722081588568 -0.056433806248757962 0.27066447261827414
v -0.73353164672467486 -0.033871869817182307 0.26964061084656699
v -0.73351685073830541 -0.01131568004101084 0.26911907237521854
v -0.73349082459076409 0.011232033448921239 0.26909798051333772
v -0.73345116078788652 0.033768935726719657 0.26957629839499525
v -0.73339638379931249 0.05629343327509799 0.27055056833809671
v -0.73332263821535915 0.078803792172274317 0.27201685101675027
v -0.73322333417108576 0.10129699037060702 0.27396896684140865
v -0.73308907371891441 0.12376747002378786 0.27639804027399423
v -0.73290837925154972 0.14620669375482698 0.27929268528495355
v -0.73266853063862525 0.16860358242908496 0.28263937007326123
v -0.73235505985101135 0.1909451510307707 0.28642337036140109
v -0.73195196491759806 0.21321705193145055 0.2906273903699223
v -0.73144218594770771 0.23540415219146835 0.29522923761616571
v -0.73080544038979844 0.25748983772822853 0.30020404735785222
v -0.73001600821535639 0.27945492534990118 0.30552795143820966
v -0.72904696578845063 0.30127892622367919 0.31117421441896331
v -0.72787914845811441 0.32294402186023602 0.31710341271217368
v -0.72649082256077702 0.3444320713384017 0.3232830899860773
v -0.72486086439197761 0.36572417645772576 0.32967932560640162
v -0.72298255195797478 0.38681395513725997 0.33627163794949794
v -0.72082062235880751 0.4076634913966139 0.34300569263862118
v -0.71847485169044878 0.42837129609418556 0.34997910347422445
v -0.7287798399761638 0.46264141487399979 0.37261502049024614
v -0.73317372915053947 0.47897915026655685 0.38354835863232656
v -0.72791833611699364 0.50828027165483325 0.39415759054125532
v -0.73365062221521538 0.52588222864622802 0.40745178626055201
v -0.72798253425350223 0.55451466873197208 0.4187828293100902
v -0.73356111045260974 0.57168496629748011 0.43251307446312542
v -0.72781239523614738 0.59996814894665074 0.44490169512721867
v -0.73340672389245076 0.61694918701027002 0.45929666568812183
v -0.72768664150540696 0.64508841638686665 0.472901087666179
v -0.73331475210043573 0.66200579300263118 0.48803998956161365
v -0.72762218895863051 0.69009788003323347 0.5029031801959023
v -0.73326387430034434 0.70699952430008883 0.51880007230502612
v -0.72757929752415706 0.73507715353255121 0.53492423665544808
v -0.73321723293265706 0.75197376633365454 0.55157327732487249
v -0.72753129625333646 0.78003929399039884 0.5689512769876518
v -0.73316021592825975 0.79692291307492291 0.58634173170298809
v -0.72749372730027928 0.82498123954294122 0.60499062168062123
v -0.73314622509392813 0.84185511015407322 0.6231484259154727
v -0.72757323971144661 0.86992816437293108 0.64313830204182387
v -0.73338357565152856 0.88679913491761264 0.66217077616148801
v -0.72829960244372216 0.91482547936962388 0.68372565130147167
v -0.73466621891959583 0.93162997684464544 0.70388397184016283
v -0.73058961745386208 0.95971132228412603 0.72744778104869168
v -0.7367766104711817 0.97973942943671777 0.75143858367076055
v -0.70860224993369414 -0.9784684018753943 0.72977691441868586
v -0.70911382116825705 -0.95663839604047451 0.70902949232018486
v -0.70945808717425118 -0.93458149505138799 0.68842374972209464
v -0.70968471805945432 -0.91236130255826942 0.66806930187310976
v -0.70983313136569892 -0.89002997207189194 0.64805238194809911
v -0.7099324357232123 -0.86762703572974487 0.62843606058771706
v -0.71000265343027547 -0.8451802567038148 0.60926327108741973
v -0.71005662938691461 -0.82270773944693532 0.59056125905635426
v -0.7101020606995565 -0.80022047008253006 0.57234618230444723
v -0.71014326138719885 -0.77772466473097002 0.55462702665514818
v -0.71018249316422111 -0.75522360687584877 0.53740850269865426
v -0.71022086078811397 -0.7327189136050033 0.52069295815741523
v -0.71025885882867223 -0.71021132138929965 0.50448152335835983
v -0.71029667851009948 -0.68770113177264647 0.48877474130980808
v -0.71033436753291002 -0.66518844513919539 0.47357288909364464
v -0.71037190800081362 -0.64267327525996798 0.45887613115321163
v -0.71040925227085683 -0.62015560226118527 0.44468458813338568
v -0.71044633864360462 -0.5976353960229055 0.43099836614064591
v -0.71048309797115561 -0.57511262624542947 0.41781756852765439
v -0.71051945639751579 -0.55258726682503312 0.4051423003423365
v -0.71055533654183378 -0.53005929791237305 0.39297266981744006
v -0.71059065809643074 -0.50752870706110897 0.38130878869150986
v -0.7106253382305171 -0.48499549002370279 0.37015077206083141
v -0.71065929195069788 -0.46245965140217238 0.35949873802455445
v -0.71069243247446723 -0.43992120522449735 0.34935280721799972
v -0.71072467163645303 -0.41738017546552247 0.33971310226810175
v -0.71075592033332169 -0.39483659651222081 0.33057974718391059
v -0.71078608900776941 -0.37229051356645032 0.32195286668859152
v -0.71081508816954253 -0.34974198297616088 0.31383258549802051
v -0.71084282894996753 -0.32719107248559109 0.30621902755151414
v -0.71086922368534478 -0.30463786139545712 0.29911231520126286
v -0.71089418652339409 -0.28208244062509014 0.29251256836809891
v -0.71091763404223141 -0.25952491266804439 0.28641990366916964
v -0.71093948582845667 -0.23696539142581485 0.2808344334920635
v -0.7109596646807359 -0.21440400192326864 0.2757562647954665
v -0.71097809490700581 -0.1918408802408163 0.27118549662114544
v -0.71099469378814439 -0.16927617564814831 0.26712221309686074
v -0.71100934530738158 -0.14671006162757422 0.26356646479722301
v -0.71102184135706625 -0.12414277023106893 0.26051822837730482
v -0.71103178604982287 -0.10157466774710203 0.25797733968371567
v -0.71103849296304589 -0.079006373139143382 0.25594341542640825
v -0.71104094513260518 -0.056438875814163181 0.25441580395910646
v -0.71103787955015241 -0.033873564413247188 0.25339360571250907
v -0.71102796081263442 -0.011312093083067755 0.25287575020294811
v -0.71100979093778671 0.01124385135441161 0.25286115070353721
v -0.7109812352170306 0.03379281667735394 0.25334924359719035
v -0.71094092119973429 0.056333289165443876 0.25433675843555531
v -0.71088532624560152 0.078863286978622313 0.25582041139044642
v -0.71080919399763154 0.10137963062674264 0.25779535920569502
v -0.71070553982494522 0.12387740560625814 0.26025499609018704
v -0.71056589078582977 0.14634980075982812 0.26319090590365257
v -0.71038040753015774 0.16878825422314589 0.26659276294729684
v -0.71013767563507868 0.19118264465078599 0.270448023879304
v -0.70982425347197209 0.21352134069631154 0.27474143848198301
v -0.7094225642586468 0.2357905447379206 0.27945689883231295
v -0.70891458458599832 0.25797524681418638 0.28457177213281454
v -0.70827966805819698 0.28005875573886108 0.29006015547502806
v -0.70749125228089826 0.30202121271027926 0.29589872696598696
v -0.70652350890206173 0.32384218649530849 0.30205926661632188
v -0.70535678119561662 0.34550369385973106 0.30850316642379683
v -0.70396952316002026 0.36698760589783025 0.31519814801085877
v -0.70234077923351534 0.38827509007241812 0.3221104459499653
v -0.70046387765510787 0.40935995696119354 0.32921966658307655
v -0.6983037549557799 0.43020415023569469 0.33647147531159105
v -0.69595955791790853 0.45090723065038096 0.34396346189955501
v -0.70626971967106356 0.48516694441361591 0.36713925861237828
v -0.71066596330479015 0.50150179860157806 0.3783404078156628
v -0.70541236677570618 0.53079688876200193 0.38972727542729696
v -0.71114604097885359 0.54839741842857503 0.40328766834268687
v -0.70547877151178329 0.57702574982503108 0.41539035871635699
v -0.7110575531173311 0.59419615327866659 0.42938058577578425
v -0.70530921501823507 0.62247611195467512 0.44253467875933866
v -0.71090323521842469 0.6394578405239838 0.45718504039586949
v -0.70518345384310077 0.66759414183626775 0.47155094252138618
v -0.71081103128482104 0.68451233450251792 0.48694299967703403
v -0.70511876745788471 0.71260147354422654 0.50256575585664964
v -0.71075975608938069 0.72950353981845584 0.51871477509039732
v -0.70507693918972547 0.75757787330552384 0.53559851530033276
v -0.71071754574255319 0.7744743148167188 0.55250166567609704
v -0.70503978951750801 0.80254118033731481 0.57064681759362745
v -0.71068257468203799 0.81943205076290027 0.58830558347147499
v -0.70503245651186996 0.84749782634006698 0.60773190157766832
v -0.71073086162265586 0.86438371810476389 0.62618538783780731
v -0.70530419058802896 0.8924287737791301 0.64700939186619755
v -0.7113283996170815 0.909276970829625 0.66642830406840381
v -0.70678027819468114 0.93717867174313452 0.68897378172325774
v -0.71349678439180342 0.95363981284756894 0.70931560721425801
v -0.71504919575474657 0.9822244547321215 0.73812677041800434
v -0.68611810139762452 -0.97848151720161514 0.71411020404433045
v -0.68662105820493879 -0.95666063150405356 0.69335380289191739
v -0.68695955400944253 -0.93460983912617068 0.67274157004562007
v -0.68718250495829358 -0.91239359422229638 0.65238246597578387
v -0.68732867976070222 -0.89006473808862774 0.63236214999502394
v -0.68742668039130839 -0.86766332108134048 0.61274323915489282
v -0.68749616654725376 -0.84521746963228273 0.59356833879567061
v -0.6875497438030469 -0.82274552499481868 0.57486447594004397
v -0.68759496290402566 -0.80025861677510679 0.55664767347548261
v -0.68763605459152688 -0.77776304172279409 0.53892683994054447
v -0.68767523631419913 -0.75526212500975998 0.52170664493634866
v -0.68771359074839522 -0.73275750306656806 0.50498941633160777
v -0.68775160205944619 -0.71024991975530527 0.48877627611289526
v -0.68778945677626901 -0.68773967802137181 0.47306776490511077
v -0.68782720049034518 -0.66522687683120241 0.45786416040706296
v -0.68786481426004409 -0.64271152730198766 0.44316562921598074
v -0.68790224976217496 -0.62019360642441945 0.42897229498888878
v -0.68793944467733115 -0.5976730808140609 0.41528426740586921
v -0.68797632916982498 -0.57514991694829609 0.40210165383105778
v -0.68801282857551505 -0.55262408563503573 0.38942456371109718
v -0.68804886456386383 -0.53009556413321823 0.37725311004172563
v -0.68808435572803017 -0.5075643373522114 0.36558740967393305
v -0.68811921798687159 -0.48503039869468334 0.35442758315110934
v -0.68815336494744039 -0.46249375075329247 0.34377375433604129
v -0.68818670828336248 -0.43995440593240986 0.33362604992134498
v -0.68821915814866319 -0.41741238701340583 0.32398459885666736
v -0.68825062363293776 -0.39486772766269024 0.31484953170531627
v -0.68828101325831326 -0.37232047287481684 0.30622097993669589
v -0.68831023551613035 -0.34977067934070161 0.2980990751597431
v -0.68833819943975161 -0.32721841573056554 0.29048394830313845
v -0.6883648152086751 -0.30466376288162134 0.28337572874920702
v -0.68838999477698704 -0.28210681388101377 0.27677454342887015
v -0.6884136525057446 -0.25954767403339107 0.27068051587703851
v -0.68843570569054513 -0.23698646070816609 0.26509376518962474
v -0.68845607447366242 -0.21442330316289415 0.26001440456705227
v -0.68847467938568407 -0.19185834298609328 0.25544253835550135
v -0.68849143222858722 -0.16929173751863977 0.25137825492537397
v -0.68850621331278061 -0.14672367193438909 0.24782161094434696
v -0.68851882957617061 -0.1241543886883642 0.24477260304513093
v -0.68852895941210135 -0.10158423987864168 0.24223112883827375
v -0.68853610895724082 -0.079013752613189159 0.24019695001725105
v -0.68853961303761668 -0.056443674630535796 0.23866967642902095
v -0.6885386880644907 -0.033874959334265986 0.23764877746027754
v -0.68853248565505687 -0.011308681482600742 0.23713359438814627
v -0.6885198653132899 0.011254035647146197 0.2371235746930849
v -0.68849905043986492 0.033812113167938723 0.23761834018620892
v -0.68846892398155068 0.056364179011215765 0.23861507311225677
v -0.68842664839098022 0.07890834067954608 0.24011122135907914
v -0.68836824897626836 0.10144178208788145 0.24210316676041702
v -0.68828856968183416 0.12396049517125046 0.24458605432991495
v -0.68818124978750128 0.14645916101327944 0.24755362339982048
v -0.68803858097736714 0.16893111317278717 0.25099795417133713
v -0.68785120218619311 0.19136827827642111 0.25490909171345028
v -0.6876077112343203 0.21376103828236509 0.25927458638222306
v -0.6872943328795601 0.23609804498676112 0.26407904316544512
v -0.68689412506524983 0.25836586138521833 0.26930465076408361
v -0.68638664470357946 0.28054863042856271 0.27493162227872248
v -0.68575216714998977 0.30262986739276038 0.28093245442248338
v -0.6849636682150293 0.32458921621748282 0.28728472605507172
v -0.68399655753056687 0.34640663263877702 0.29395875853538211
v -0.6828306463674515 0.36806406281607645 0.30091681637449519
v -0.68144446713311913 0.38954344714596911 0.30812674227427833
v -0.67981712176185116 0.41082602112520322 0.31555485442411774
v -0.67794189835079877 0.43190576554630061 0.32318078983346216
v -0.67578389196784561 0.45274446198642682 0.33095016636535474
v -0.67344154706312598 0.47344269513107762 0.33896056756938026
v -0.68375738167092648 0.50769188325964798 0.3626757970190313
v -0.68815610239809988 0.52402386341536189 0.37414456127448631
v -0.68290463512889443 0.55331280534369298 0.38630889223175485
v -0.68863974635525105 0.57091190739410513 0.40013535011892976
v -0.68297353772685043 0.59953603896372165 0.41300958145701649
v -0.68855250965473613 0.61670653040015433 0.42725973152101698
v -0.68280474942230418 0.64498319148745498 0.44117921933762744
v -0.68839841956473169 0.66196558201071798 0.45608494047437387
v -0.68267912283859111 0.69009889156430759 0.47121224587929889
v -0.68830614832345494 0.70701783549342145 0.4868574350083984
v -0.68261456938631149 0.73510401194359487 0.50323983924751658
v -0.68825542220313807 0.75200665307111225 0.51964152251693341
v -0.68257470263174047 0.78007867681249132 0.53728557866371851
v -0.68821807667992063 0.79697696162074227 0.55444436536005892
v -0.682545622691486 0.82504370152696516 0.57335329420895431
v -0.68820308199688718 0.84193894423979609 0.59127818371697016
v -0.68260934738228018 0.86999512974371473 0.61149351164022769
v -0.6884151025806603 0.88687275293820067 0.63026703534112771
v -0.68332459810403845 0.91487147709337047 0.6520244153140996
v -0.68969079875072525 0.93167378557712477 0.67189358851765668
v -0.68562022115283061 0.95973840095570673 0.69563061497743961
v -0.69181618221118657 0.97975662100210159 0.71934043039133788
v -0.66363297088077355 -0.97849428194829191 0.69894802180562465
v -0.66412665372115243 -0.95668231233819545 0.67818239483745768
v -0.66445894046140608 -0.93463751683375329 0.65756354221853908
v -0.66467791938159149 -0.9124251649505446 0.63719971509995876
v -0.66482165764234114 -0.8900987633111479 0.61717596851224266
v -0.66491821418102648 -0.8676988664211307 0.59755444949149994
v -0.66498686207554847 -0.84525395538914605 0.57837742680666737
v -0.66503995252477321 -0.8227826031977189 0.55967170447449377
v -0.665084881006335 -0.80029608004097186 0.54145316822072675
v -0.66512579002500671 -0.77780076169719781 0.52373064816400439
v -0.6651648501803713 -0.75530001415876091 0.50650877233329172
v -0.66520312082535527 -0.73279549272410338 0.48978984843691203
v -0.66524107519174724 -0.71028794836983244 0.4735749899556238
v -0.66527889494382253 -0.68777768525874416 0.45786473504074771
v -0.66531662356846366 -0.66526480079398786 0.44265936196130429
v -0.66535424116482456 -0.64274930330570301 0.42795903945009495
v -0.66539169885393179 -0.62023116651632071 0.41376389417969173
v -0.66542893383951063 -0.59771035363985725 0.40007403942635278
v -0.66546587575101768 -0.57518682778798014 0.38688958660689388
v -0.66550244927480828 -0.55266055653190704 0.37421064962687328
v -0.66553857529284621 -0.53013151408606018 0.36203734632488921
v -0.66557417146343412 -0.50759968255980181 0.35036979876462149
v -0.66560915262035059 -0.48506505284926216 0.33920813305774317
v -0.66564343113627078 -0.46252762538210368 0.32855247897310813
v -0.66567691730498735 -0.43998741078690429 0.31840296942431662
v -0.66570951976179127 -0.41744443050532759 0.30875973986832261
v -0.66574114594790212 -0.39489871734555682 0.29962292762744119
v -0.66577170261943008 -0.372350315968418 0.29099267114104149
v -0.66580109639879737 -0.34979928329528059 0.2828691091521951
v -0.66582923436496333 -0.32724568882632799 0.27525237983527334
v -0.66585602467724736 -0.30468961485805529 0.26814261987157861
v -0.66588137722281238 -0.28213115658908816 0.2615399634789759
v -0.66590520425025201 -0.25957042210563658 0.25544454138542927
v -0.66592742082077272 -0.23700753226866933 0.2498564796572379
v -0.66594794446998062 -0.21444262070107828 0.24477589803277564
v -0.66596669246645757 -0.19187583467623995 0.24020290682012624
v -0.66598357364299987 -0.16930733904070644 0.23613760056149288
v -0.66599847136639645 -0.1467373269940189 0.23258004627333731
v -0.66601121734158597 -0.124166041632118 0.22953026550526087
v -0.66602156352259256 -0.10159380761296992 0.22698821335515562
v -0.66602916641951593 -0.079021062735837436 0.22495376156396055
v -0.66603359407282148 -0.056448371256174072 0.22342669140255819
v -0.66603434515424531 -0.033876406183765126 0.2224066915446396
v -0.6660308435287392 -0.01130591202939284 0.22189334134385802
v -0.66602209778531107 0.01126228666233667 0.22188646499172546
v -0.66600668021096254 0.033827327249448903 0.22238583522627745
v -0.66598382450499638 0.056388008145406288 0.22338906946172551
v -0.66595137602285859 0.078942692056917133 0.22489427404451334
v -0.66590640227292408 0.10148906534543727 0.22689880776352148
v -0.66584509970982309 0.12402397284747087 0.22939912074883909
v -0.66576266336990808 0.14654329552002116 0.23239055278541285
v -0.66565306914274125 0.16904183189227726 0.23586705691665716
v -0.66550877043363621 0.19151314334645669 0.23982084203467252
v -0.66532035991951122 0.21394935463313058 0.24424196101719003
v -0.6650762613030512 0.23634094054798557 0.24911788877051494
v -0.66476250768435641 0.25867654061039924 0.25443313745464913
v -0.66436265288961838 0.28094286691410819 0.26016896357401953
v -0.66385543564783256 0.30312364410436693 0.26630679697221699
v -0.66322091048394272 0.32520223991162445 0.27281954852215912
v -0.66243206599398674 0.3471580198596475 0.27968517077215227
v -0.6614655540382901 0.36897151282928869 0.2868723719837733
v -0.66030058031462857 0.39062455823060932 0.29434433894583217
v -0.65891569767854952 0.41209916684713044 0.30206900164056033
v -0.65729002182442531 0.4333766332362598 0.31001273403139934
v -0.65541676743646959 0.45445109774350773 0.31815519018734295
v -0.6532611817696129 0.47528417480722734 0.32644192219721718
v -0.65092095850412535 0.49597745753267503 0.33497054809951404
v -0.66124296188791831 0.5302160475615082 0.35922473481229611
v -0.66564428938209008 0.5465451814279807 0.37096092922114565
v -0.66039526678337768 0.57582787348771824 0.38390250797083142
v -0.66613187666663753 0.593425563954743 0.39799491622047656
v -0.66046695494602292 0.62204541379661549 0.41164054586462595
v -0.66604611835389227 0.63921598586565154 0.42615058017474972
v -0.6602991200066225 0.66748928167017096 0.44083535179811872
v -0.66589241933374543 0.68447231184154422 0.45599642273400415
v -0.6601737905550723 0.71260257697206908 0.47188503790912628
v -0.6658003107157956 0.7295222560719129 0.4877834149486131
v -0.66010965314975034 0.75760555577167088 0.50492549590823932
v -0.66575048233301437 0.77450907587148765 0.52158016700322429
v -0.66007147407076494 0.80257875460826433 0.53998404351509244
v -0.66571778346734312 0.8194785823843076 0.55739827289916122
v -0.66006195479648755 0.84754084348605263 0.57707436889270669
v -0.66575990641443417 0.86443329462119411 0.59527644300856408
v -0.66032873588904129 0.89246722380502497 0.61633424670508885
v -0.66635208643542321 0.90931681899643146 0.63548237505614846
v -0.66180554921003665 0.93720870669386869 0.65822655425647913
v -0.6685251139875612 0.95366733926163638 0.67826551407821878
v -0.67009045504245912 0.9822383257151831 0.70700335777402423
v -0.64114699115188101 -0.97850679659336004 0.68429061977593808
v -0.64163081760470353 -0.9567035942139096 0.66351566602559564
v -0.64195650068654142 -0.93466471245165006 0.64289014604626471
v -0.64217124080773658 -0.91245621246004405 0.62252157348604198
v -0.64231235912475604 -0.8901322504635818 0.60249438468661698
v -0.64240733993601395 -0.86773387488642506 0.58287024974261681
v -0.6424750483749333 -0.84528991504985707 0.56369109772865023
v -0.64252756769063402 -0.82281917173092767 0.54498350832457298
v -0.64257212997295021 -0.80033305341245065 0.52676322954012789
v -0.64261278493811369 -0.77783801360707838 0.50903901282952169
v -0.6426516539572521 -0.75533745841560118 0.49181544452197368
v -0.64268977191615806 -0.73283306160837192 0.47509481208417936
v -0.64272760062957646 -0.71032558104012544 0.45887822043358523
v -0.64276531674764503 -0.68781532192822048 0.44316620520783545
v -0.64280296166505191 -0.66530237997898378 0.42795904522191286
v -0.64284051461077896 -0.64278676060992779 0.41325691133560011
v -0.64287792627568807 -0.62026843414809807 0.39905993324444172
v -0.64291513353072038 -0.59774736027357911 0.38536822784501956
v -0.64295206562493845 -0.57522349859375121 0.37218191064863193
v -0.64298864675626854 -0.55269681329880604 0.35950110008023545
v -0.64302479718484906 -0.53016727540969899 0.34732591890145498
v -0.64306043380305222 -0.50763486408379743 0.33565649448938545
v -0.64309547053062865 -0.48509956755755951 0.32449295864594213
v -0.64312981867797936 -0.46256138394152085 0.31383544718963952
v -0.64316338733115264 -0.44002032193969615 0.30368409942036712
v -0.6431960837777021 -0.41747640151115989 0.29403905748911008
v -0.64322781397930473 -0.39492965447152251 0.28490046568462679
v -0.643258483091664 -0.37238012502479229 0.27626846964325102
v -0.64328799602964459 -0.34982787021367939 0.26814321548713355
v -0.64331625807387482 -0.32727296027581704 0.26052484889708039
v -0.64334317551272124 -0.30471547889353279 0.2534135141269222
v -0.64336865630447171 -0.28215552332588834 0.24680935296298301
v -0.64339261070257137 -0.25959320442131567 0.240712503609469
v -0.64341495163728768 -0.23702864656492442 0.23512309939727322
v -0.64343559426750829 -0.21446198781989317 0.23004126700268751
v -0.64345445347515573 -0.19189338102858181 0.22546712350038406
v -0.64347143756152048 -0.16932299743510734 0.22140077124607518
v -0.64348643701318997 -0.1467510349001111 0.2178422897800309
v -0.64349930982231429 -0.12417773175526577 0.21479172513791323
v -0.64350986850297187 -0.10160338390326093 0.21224907876357063
v -0.64351787483771983 -0.079028358365642842 0.21021429883457238
v -0.64352304241825553 -0.056453095605060233 0.20868727408359258
v -0.64352503536120131 -0.033878099950382705 0.20766782427936598
v -0.64352344307032827 -0.011303930767363725 0.2071556764052046
v -0.6435173861707516 0.011268756985911885 0.20715093879016694
v -0.64350575267588372 0.033839253545186521 0.20765351212915018
v -0.64348811465663813 0.056406539107490439 0.20866137353124176
v -0.64346288859587253 0.078969266401651014 0.21017315346671753
v -0.64342793819651745 0.10152559928345491 0.21218694613466707
v -0.64338046255460535 0.12407309177036215 0.21470016534750913
v -0.64331683961871067 0.14660856622441093 0.21770935483239495
v -0.64323240803529991 0.16912797054948725 0.22120993818213458
v -0.64312119520547417 0.19162620011794834 0.22519590736518258
v -0.64297561792992863 0.21409688744670366 0.22965946211455932
v -0.64278618811565635 0.23653217814113123 0.23459062086268817
v -0.64254125553557584 0.25892252395467663 0.23997683022873775
v -0.64222681601192444 0.28125652339728147 0.24580260313026939
v -0.64182642500158849 0.3035208474026645 0.25204923085287712
v -0.64131988810706198 0.32569960518731844 0.25869671487633528
v -0.64068528150113957 0.34777522445998982 0.26572115546232233
v -0.63989617005607957 0.36972705577212783 0.27310000838259324
v -0.6389304407540437 0.39153634986655317 0.28080019081105212
v -0.63776664614750267 0.41318477805925891 0.28878588477477835
v -0.63638333542378078 0.43465441683834072 0.29702509550554118
v -0.63475962200037506 0.45592661580091159 0.30548424546157238
v -0.63288863277121776 0.47699567063758541 0.31414300752115182
v -0.63073577001965331 0.49782302976626303 0.32294685801573514
v -0.62839793528702992 0.51851127909801953 0.3319934965405692
v -0.63872659139328791 0.55273924480242309 0.35678613443693091
v -0.64313064832518896 0.56906557477847397 0.36878957384406441
v -0.6378843817758485 0.59834193982156081 0.38250815825694362
v -0.64362254859102219 0.61593824392339058 0.39686640526734901
v -0.63795913682020511 0.64455374770555118 0.41128327023961087
v -0.64353849368037508 0.6617243963495677 0.42605315469442806
v -0.63779243924933671 0.68999427347066389 0.44150308272059308
v -0.64338535522225593 0.70697792415650385 0.45691950374357704
v -0.6376675703598651 0.73510511648711441 0.47356932520122186
v -0.64329359630962113 0.75202554431368807 0.48972094324565946
v -0.6376039462159977 0.78010597507451751 0.50762255935548239
v -0.64324473523796122 0.79701036220836763 0.52453022091358248
v -0.6375698089420424 0.82507685435102651 0.54369449444804951
v -0.64322702464100101 0.84197619784866695 0.56136764805304484
v -0.63763176876890959 0.87002827988730647 0.58183222503748611
v -0.64343696439012343 0.88690814193007628 0.60034565477343849
v -0.63834691467055105 0.91490178519188425 0.62232978803792427
v -0.64471403107274439 0.9317041263919924 0.64191270582076343
v -0.64064929871535881 0.95976180410711931 0.66583114866867477
v -0.6468548828465015 0.97977166899903934 0.68926102977580073
v -0.61866023793545655 -0.97851911098352906 0.67013815213903749
v -0.61913366845865014 -0.95672455234497378 0.64935386027601827
v -0.61945237716173507 -0.93469151295022401 0.62872167637797782
v -0.61966262481014889 -0.91248682818080751 0.60834836436274664
v -0.61980094687620502 -0.89016529165155245 0.58831773712789548
v -0.6198942241236397 -0.86776843734580245 0.56869098662880713
v -0.61996089391199871 -0.84532543729018217 0.54950970244769515
v -0.62001275877264272 -0.82285531659470201 0.53080024047665175
v -0.62005687971059431 -0.80036961996093303 0.51257821148684024
v -0.62009720931760381 -0.77787487745309669 0.49485228857110591
v -0.62013581746412283 -0.75537453462437321 0.47762701651153827
v -0.62017371347669592 -0.73287028335116333 0.46090466258964596
v -0.62021134729369232 -0.71036288814778026 0.44468632316645873
v -0.62024889041286113 -0.68785265513520621 0.42897253135384011
v -0.62028638215471921 -0.66533967819831641 0.4137635664989433
v -0.62032380097070938 -0.64282395972377737 0.39905960158214299
v -0.62036109725046362 -0.62030546652261453 0.38486076932773916
v -0.62039820768011056 -0.59778415461453738 0.37116719027334144
v -0.62043506128765413 -0.57525997996958211 0.35797898406222617
v -0.62047158194972485 -0.55273290325770086 0.34529627369450799
v -0.62050768947765678 -0.53020289216213912 0.33311918693009718
v -0.62054330017549464 -0.50766992274054157 0.32144785655528885
v -0.62057832723002593 -0.48513398042034261 0.31028242017933483
v -0.62061268107281631 -0.4625950608460932 0.2996230198093186
v -0.62064626976686899 -0.44005317065121685 0.28946980129231253
v -0.6206789994368207 -0.41750832817152245 0.27982291365600348
v -0.62071077474858338 -0.39496056409737573 0.27068250835941565
v -0.62074149943901846 -0.37240992205403894 0.26204873845973875
v -0.62077107689361022 -0.34985645909712504 0.25392175770058895
v -0.62079941076813516 -0.32730024610945729 0.24630171952791774
v -0.62082640564667591 -0.30474136808595487 0.23918877604004954
v -0.6208519677145441 -0.28217992429634581 0.23258307687299989
v -0.62087600537479892 -0.25961602833315095 0.22648476799742562
v -0.62089842959975727 -0.23704980812067619 0.22089399033271989
v -0.62091915354205918 -0.21448140614532205 0.21581087794373136
v -0.62093809061812177 -0.19191098050717109 0.21123555541133784
v -0.620955150262127 -0.16933870774756693 0.20716813391478053
v -0.62097023130577877 -0.14676478833000145 0.20360870585622817
v -0.62098321447316696 -0.12418945460376749 0.20055733852431359
v -0.62099395664465407 -0.10161297916064069 0.19801406784117237
v -0.62100228838458083 -0.079035680114630857 0.19597889275979902
v -0.62100801191943489 -0.056457921172339387 0.19445176888176907
v -0.62101089159269596 -0.033880109246370978 0.19343259722127318
v -0.6210106274226479 -0.011302698344365217 0.19292120280012301
v -0.6210064332673505 0.011273762032285068 0.19291791352685539
v -0.62099746029989711 0.033848680776444734 0.19342273355524578
v -0.62098356309253522 0.056421205755322737 0.19443391015358394
v -0.62096360049498633 0.078990251982962931 0.19595046639046604
v -0.62093602971068373 0.1015543813175448 0.19797103540596678
v -0.62089879806715664 0.12411170678190823 0.20049373973106763
v -0.62084919575051545 0.1466597808471917 0.20351603062191259
v -0.62078366308484678 0.16919545714987705 0.20703447895421048
v -0.62069755676923932 0.19171472010548826 0.21104451515552095
v -0.62058488701151071 0.21421248531079581 0.21554012128753769
v -0.6204380410268473 0.23668238215414683 0.2205134832389378
v -0.62024751037050296 0.25911653563370612 0.22595461580610821
v -0.62000164444576611 0.28150537011910237 0.23185098123637182
v -0.619686458095004 0.30383746192800992 0.23818713069941938
v -0.61928553804747033 0.32609946853206762 0.24494441391354785
v -0.61877972664336556 0.34827596954272233 0.25210137561792739
v -0.61814518440288568 0.37034832799794698 0.25963737371570955
v -0.61735601132384943 0.39229587682082045 0.26752939195584191
v -0.61639132054891588 0.41410074405818309 0.27574238991547889
v -0.61522898480473898 0.435744358662569 0.28424162630581795
v -0.61384753899667921 0.45720886223244861 0.29299518014967263
v -0.61222608746530716 0.47847565934928349 0.3019695229145169
v -0.6103576605534845 0.4995391990065951 0.31114435297688081
v -0.60820782021442321 0.52036076661930375 0.32046506280645715
v -0.60587263790411106 0.54104392192199191 0.33002948266859067
v -0.61620841322078534 0.57526128466791615 0.355360037796012
v -0.62061531138126258 0.59158486622292705 0.36763053563993431
v -0.61537210846343338 0.62085485490241044 0.38212586164737716
v -0.62111188339684331 0.6384498051661186 0.39674983661126156
v -0.61545020253382154 0.66706091885690522 0.41193775786812525
v -0.62102975273523719 0.68423164167317863 0.4269674604427719
v -0.61528482301725929 0.71249806422947892 0.44318240541245557
v -0.62087734203346867 0.72948231914092665 0.45885418034610864
v -0.61516055776482026 0.7576064220289469 0.47626508101715853
v -0.62078606276852022 0.77452758499128449 0.4926699509159902
v -0.61509783748350422 0.80260503152249429 0.51133105023884162
v -0.62074026154841189 0.81950983343555683 0.52849242219572445
v -0.61508268064022287 0.84757120251043627 0.54842304973330414
v -0.62077967216278107 0.86446592954222634 0.56636957877577565
v -0.61534884935765988 0.89249707891345775 0.58767147732315772
v -0.6213721236279961 0.90934781492682215 0.60654906027533217
v -0.6168281607310836 0.93723575742942056 0.62949762189318725
v -0.62355119551218685 0.95369237019841091 0.64923410150688798
v -0.62513052739121611 0.98225136581052541 0.67789966488396114
v -0.596172753440806 -0.97853124468328212 0.65649071599494746
v -0.59663527165739838 -0.95674521404342794 0.63569713216435475
v -0.59694664759490856 -0.9347179475339823 0.61505832143734152
v -0.59715215536838606 -0.91251704054773719 0.59468029549524681
v -0.59728750779696449 -0.89019791346234245 0.57464624495948602
v -0.59737895472109825 -0.86780257817373141 0.55501688600828714
v -0.59744448671575479 -0.8453605441877684 0.53583347103168577
v -0.59749561326048639 -0.82289105757674863 0.51712213388844397
v -0.5975392168026078 -0.80040579721110861 0.49889834925919918
v -0.59757914858605343 -0.77791136852463227 0.48117071253794114
v -0.59761742476341329 -0.75541125586657443 0.46394372729673933
v -0.59765502803616133 -0.73290716885636153 0.44721964077819193
v -0.59769239601953095 -0.7103998784549046 0.4309995408343647
v -0.59772969492712558 -0.68788969154295554 0.41528395805501755
v -0.59776696202754276 -0.66537670006700578 0.40007317230932726
v -0.59780417509117101 -0.64286090327244727 0.38536735868962774
v -0.59784128433974648 -0.62034226434127693 0.37116665294959544
v -0.5978782264279755 -0.59782073551370718 0.35747117928187438
v -0.5979149303288126 -0.57529626899629938 0.34428106149162313
v -0.59795131977278948 -0.5527688218059974 0.33159642720170623
v -0.59798731430497698 -0.53023835814997577 0.3194174092370175
v -0.59802282982970401 -0.50770485084367645 0.30774414588001126
v -0.59805777899436308 -0.48516828236069576 0.29657678065539628
v -0.59809207154909505 -0.46262864573450652 0.28591546188871814
v -0.59812561473395209 -0.44008594538485624 0.27576034212617873
v -0.59815831371221606 -0.41754019788568758 0.26611157744606811
v -0.59819007205580044 -0.39499143267064191 0.25696932667301015
v -0.59822079228339708 -0.3724396926645997 0.2483337505008314
v -0.59825037644932588 -0.34988503482704797 0.24020501052933885
v -0.59827872677866989 -0.32732753059237141 0.23258326822117395
v -0.5983057463390975 -0.30476726619305028 0.2254686837847221
v -0.59833133972293351 -0.28220434285739382 0.2188614149830107
v -0.59835541366473355 -0.25963887689593135 0.2127616158467894
v -0.59837787741519144 -0.23707099975584278 0.20716943522021844
v -0.59839864253966124 -0.21450085825844639 0.20208501499124432
v -0.59841762171157686 -0.19192861541929057 0.19750848779794747
v -0.59843472622976834 -0.16935445234321175 0.19343997404330263
v -0.59844986253146071 -0.14677857144436002 0.18987957825348728
v -0.59846292863675965 -0.12420120054018062 0.18682738507829563
v -0.59847381149471834 -0.10162259654839238 0.18428345524197523
v -0.59848238489706351 -0.079043047436814201 0.1822478211829692
v -0.5984885052678367 -0.056462872511372456 0.18072048102995783
v -0.59849200084079424 -0.033882423793578857 0.17970138857611051
v -0.59849265030838517 -0.011302093493347844 0.17919043681655286
v -0.59848974450363979 0.011277639136072586 0.17918812420789212
v -0.59848264076282165 0.033856275382416097 0.17969453421818726
v -0.59847141233283674 0.056433102708064307 0.18070810308265622
v -0.59845524800718408 0.079007249461756565 0.18222813830820572
v -0.59843304292609745 0.10157758876783224 0.18425366220252429
v -0.59840330461568436 0.12414266196466289 0.18678331586431501
v -0.5983640275094988 0.14670058265644492 0.18981523067801812
v -0.59831253206800594 0.16924891514232945 0.19334686078544547
v -0.59824526907685882 0.1917845238801329 0.197374772180199
v -0.59815759291036241 0.21430339498626561 0.20189438639095494
v -0.5980435098576139 0.23680043506396273 0.20689967936257178
v -0.59789541073432007 0.25926925711816579 0.21238284019612985
v -0.59770380191089523 0.28170196782483986 0.21833390045833123
v -0.59745705775577107 0.30408897568673987 0.22474035437262865
v -0.59714122510635603 0.32641884614368827 0.23158680053841621
v -0.5967399214042719 0.34867823440079643 0.23885464888806954
v -0.59623437952062897 0.37085193042717984 0.24652195044171049
v -0.59560071569064865 0.39292111427470883 0.25456840441920542
v -0.59481173701531398 0.4148640727902459 0.26297351447125628
v -0.59384836510285532 0.4366643122568945 0.27169914628819991
v -0.59268778093187768 0.45830294289177675 0.28071171908186532
v -0.59130849908008742 0.47976217051274667 0.28997938733989298
v -0.58968961010742771 0.50102345585830788 0.29946867424798745
v -0.58782404041405689 0.52208140013761051 0.30915931210701081
v -0.58567751654710209 0.54289712914033172 0.31899660172547473
v -0.58334524511723929 0.56357515356911614 0.3290785541958276
v -0.5936885839779259 0.59778198313675757 0.3549464685778434
v -0.59809842277878511 0.61410288408684155 0.36748383799977302
v -0.59285858478086506 0.64336647643097078 0.38275562197986551
v -0.59860001091400794 0.66096011200279958 0.39764521532775826
v -0.59294027814730166 0.68956681306157752 0.41360399971461898
v -0.59852001875431882 0.70673760904234317 0.42889349032052843
v -0.59277639054826037 0.73500055894930461 0.44587330118994623
v -0.59836849340461928 0.75198540027844485 0.46180043183161035
v -0.592652879296242 0.78010640022975586 0.4799722760780693
v -0.59827806084549606 0.79702821253537715 0.49663049167009909
v -0.59259411245505422 0.82510220957383706 0.51605210260008616
v -0.5982470782919278 0.84200601398568542 0.53347141350596261
v -0.5926506308701377 0.87005732912662115 0.55418824623961638
v -0.59845486190172281 0.88693896787295101 0.57244090156213934
v -0.59336604470252874 0.91493012031567056 0.59465447202967636
v -0.5997342159954292 0.93173259548317211 0.61395115817576351
v -0.59567596155019964 0.95978444262364915 0.63805186151390869
v -0.60189206833555353 0.97978619152703461 0.66120170842827986
v -0.57368456083429042 -0.97854319934250589 0.64334837581007476
v -0.57413566260344917 -0.95676557837720766 0.62254558558615203
v -0.57443935346984698 -0.93474401140863905 0.60190020920962473
v -0.57463987661482774 -0.91254684094282523 0.58151750967985882
v -0.57477208675931413 -0.89023010393784729 0.56148006029031416
v -0.57486157626908863 -0.86783628259343748 0.54184810614025836
v -0.57492587037415521 -0.8453952185601058 0.52266256614469719
v -0.57497617340456963 -0.82292637537392954 0.50394935471898095
v -0.57501918189761569 -0.80044156392530497 0.48572381207619236
v -0.57505864158564124 -0.77794746377375057 0.46799445683232088
v -0.57509651271468121 -0.75544759737641576 0.45076575181992329
v -0.5751337503086924 -0.73294369172052709 0.43403992445335238
v -0.57517077921954962 -0.71043652399968138 0.41781805415102397
v -0.57520776024884224 -0.68792640171542274 0.40210066899347868
v -0.57524472863882514 -0.66541341476649296 0.38688804936164062
v -0.57528166157910565 -0.64289755915522162 0.37218037244632696
v -0.57531850926163852 -0.62037879433048382 0.35797777702385991
v -0.57535520846914379 -0.59785706864266186 0.34428039094708124
v -0.57539168829301424 -0.57533233041714249 0.33108834220308109
v -0.57542787250188454 -0.55280453289301679 0.31840176307444101
v -0.57546368056769637 -0.53027363667032179 0.30622079150649073
v -0.57549902819588794 -0.50773961118636235 0.29454557135305354
v -0.57553382770186268 -0.4852024358217813 0.28337625215027346
v -0.57556798836718948 -0.46266210085863702 0.27271298865963112
v -0.57560141682606558 -0.44011860836364375 0.2625559402658254
v -0.57563401750046361 -0.41757197301291299 0.2529052702590352
v -0.57566569308992777 -0.39502222285336225 0.24376114501229112
v -0.57569634511674717 -0.37246939998814788 0.23512373305951792
v -0.57572587452442625 -0.34991356117070543 0.22699320407943613
v -0.57575418232448849 -0.32735477829136084 0.21936972779139832
v -0.57578117028034814 -0.30479313874206199 0.21225347276892687
v -0.57580674159987266 -0.28222874565214529 0.2056446051714777
v -0.57583080156889888 -0.25966171801072552 0.19954328737934271
v -0.5758532579911273 -0.23709219074310625 0.19394967648755701
v -0.5758740212310417 -0.21452031489269238 0.18886392258127174
v -0.57589300365956453 -0.19194625813908797 0.18428616670562853
v -0.57591011846005824 -0.16937020586492779 0.18021653849069644
v -0.57592527803924876 -0.14679236277460653 0.17665515348854982
v -0.57593839246432765 -0.12421295470669194 0.17360211033350026
v -0.57594936805428121 -0.10163223004434403 0.17105748770290105
v -0.5759581053599665 -0.079050460413097295 0.16902134066658886
v -0.57596449469458288 -0.05646794132014378 0.16749369550706808
v -0.57596840693797169 -0.033884994631747038 0.16647454177475507
v -0.57596967802826671 -0.011301975495098567 0.16596382042077334
v -0.57596765999221122 0.011280684794170893 0.16596216290081001
v -0.57596186502412361 0.033862556873695777 0.16646971109439207
v -0.57595252820892073 0.056443036398524854 0.16748502486904401
v -0.57593907956318624 0.079021414970983847 0.16900761364445988
v -0.57592073555249468 0.10159680028096474 0.17103677772844386
v -0.5758964224541423 0.12416805576403675 0.17357153473977557
v -0.57586467480397863 0.14673372202636489 0.1766105204693427
v -0.57582350538931126 0.16929191559176554 0.1801518584451971
v -0.57577024487298223 0.19184020196668369 0.1841929929078133
v -0.57570135044681403 0.21437544205552633 0.18873048058662945
v -0.57561218446537499 0.23689361343133075 0.19375973801342017
v -0.57549676660901716 0.25938961090550144 0.19927474368901438
v -0.57534750780595079 0.28185703480759972 0.20526769911257742
v -0.57515494060859851 0.30428798018963815 0.21172865948354655
v -0.57490746896987266 0.32667284682903824 0.21864515432724435
v -0.57459117075661692 0.34900019549094757 0.22600182994821888
v -0.57418969355152116 0.37125668310840532 0.23378015715723699
v -0.57368429275902166 0.39342710759053667 0.24195825774634916
v -0.57305205281423077 0.41549316222645483 0.25051445426055052
v -0.57226355263731388 0.43743124145805995 0.25943255496114193
v -0.57130179083692967 0.45922667357450486 0.26867061319903723
v -0.57014325502685104 0.48086017326116842 0.27819628992800594
v -0.56876643632570167 0.50231401015831001 0.28797781914269849
v -0.56715040736421074 0.52356970154845306 0.29798177893070371
v -0.56528798415584514 0.54462199751419182 0.30818794380433506
v -0.56314506250923302 0.56543186861147199 0.31854151540047188
v -0.56081595257453909 0.58610475011776908 0.32914073633401525
v -0.57116727263931666 0.62030116500330157 0.35554543234710445
v -0.57558013815586473 0.63661946482094833 0.36834948769763259
v -0.57034395707749086 0.66587667112344906 0.38439742870774551
v -0.57608706894347894 0.68346903724492436 0.39955253300824595
v -0.57042949546544175 0.71207132520944316 0.41628197490395208
v -0.57600942024662538 0.7292421943460009 0.43183122533723062
v -0.57026726489112423 0.75750167104772692 0.44957574068253325
v -0.57585894461823817 0.77448707419423668 0.46575823364685359
v -0.57014499737615765 0.80260490813175045 0.48469100992704933
v -0.57577171787139525 0.81952700298072234 0.50160340176862583
v -0.57010536078144747 0.847595803785127 0.52179104561040779
v -0.57579802962958304 0.86449483456514731 0.53948192679262286
v -0.57036636075968417 0.89252523855729238 0.56102891098453689
v -0.5763890407841461 0.90937736502351474 0.57963581867396219
v -0.57184786108592689 0.93726195506400323 0.60278921321687451
v -0.57857461226876361 0.95371667622490586 0.62222310024456939
v -0.58016921475537697 0.98226404079804586 0.65081619661888401
v -0.55119567298513028 -0.97855496608467751 0.63071117777541019
v -0.55163486070460221 -0.95678562784697763 0.60989929626009931
v -0.55193051714029273 -0.93476967984381876 0.58924743438791716
v -0.55212581180614773 -0.91257619900526932 0.56886011398533176
v -0.55225470674867949 -0.89026182846709989 0.54881929853773193
v -0.55234211078933471 -0.86786951277138158 0.52918476842210216
v -0.55240506551549295 -0.84542942004639732 0.50999711384140578
v -0.55245445814978411 -0.82296122754072909 0.49128203299454376
v -0.55249679203892765 -0.80047687584910343 0.47305473362129574
v -0.55253570327517743 -0.7779831173157179 0.45532365868595653
v -0.55257309402579624 -0.75548351176791251 0.4380932308590077
v -0.55260989059223375 -0.73297980316510003 0.42136565798854153
v -0.55264650462641152 -0.71047277471546211 0.40514201115601611
v -0.55268309139250205 -0.68796273440646905 0.38942281595146194
v -0.55271968413463324 -0.66544976998779115 0.37420835325513485
v -0.55275625956539076 -0.64293387412663539 0.35949880233653336
v -0.5527927679897473 -0.62041500244495806 0.34529430497917513
v -0.55282914648396431 -0.59789309930328749 0.33159499269097853
v -0.55286532443898329 -0.57536810903815416 0.31840099764954588
v -0.55290122585499124 -0.55283998099547549 0.3057124568216863
v -0.55293677033486932 -0.53030867204595178 0.29352951331529786
v -0.55297187359864952 -0.5077741481208915 0.28185231661670501
v -0.55300644785154829 -0.48523638537601432 0.27068102235473573
v -0.55304040213553896 -0.46269537120771953 0.26001579182901197
v -0.55307364271386295 -0.44015110519525641 0.24985679138641628
v -0.55310607350664764 -0.41760359998459518 0.24020419167434451
v -0.55313759658361716 -0.3950528821082267 0.23105816678094362
v -0.55316811271470678 -0.37249899272711468 0.22241889326760436
v -0.55319752197641614 -0.34994198827814343 0.21428654909875069
v -0.55322572440846529 -0.32738194100992069 0.20666131247496008
v -0.5532526207086611 -0.30481893939191029 0.19954336057545546
v -0.55327811293900175 -0.2822530883896095 0.19293286821261385
v -0.55330210518840128 -0.25968450961774303 0.18683000639210773
v -0.55332450410120204 -0.23711334141902102 0.18123494075859015
v -0.55334521915923662 -0.21453973896091116 0.17614782989635464
v -0.5533641626369119 -0.19196387446704785 0.17156882346048083
v -0.55338124924996057 -0.16938593765773527 0.16749806014227236
v -0.55339639562892762 -0.14680613634755416 0.16393566550155036
v -0.55340951972438945 -0.12422469700467306 0.16088174967485469
v -0.5534205399659059 -0.1016418650725138 0.15833640484317871
v -0.55342937350322607 -0.079057905131076467 0.15629970212633287
v -0.5534359324382494 -0.056473101499590769 0.15477168735651953
v -0.55344011692920758 -0.033887760395673608 0.15375237508342804
v -0.55344180444506941 -0.011302214955301444 0.15324174018969861
v -0.55344039404035006 0.011283135697912547 0.15324051908013969
v -0.55343551120229062 0.033867911598781934 0.15374889551563689
v -0.55342750713221744 0.056451587842489825 0.15476550367961839
v -0.55341598612512877 0.079033575939911366 0.1562899942338139
v -0.55340039918170092 0.10161315585789141 0.1583218640414206
v -0.55337998388273701 0.12418942954831293 0.16086040134273172
v -0.5533536847194267 0.14676125882918822 0.16390461122366082
v -0.55332005037434795 0.16932718402895544 0.16745311630136109
v -0.55327710479665748 0.19188532032135738 0.17150402720615329
v -0.55322218931650646 0.21443322955292568 0.17605477730875668
v -0.55315177388831893 0.23696776663369046 0.18110191653475383
v -0.55306123743225122 0.25948490154541215 0.18664086053206896
v -0.55294462056824889 0.28197952083906358 0.19266559433787411
v -0.55279435902796137 0.3044452168339451 0.19916833455682609
v -0.55260101293531216 0.32687407780807309 0.20613916112986924
v -0.5523530153281565 0.34925649890331284 0.21356563907169948
v -0.55203647237868836 0.37158103983133955 0.22143246163550012
v -0.55163505807759983 0.39383436329536675 0.22972116001056364
v -0.55113004909534014 0.41600127382348717 0.23840992634077735
v -0.55049891120299865 0.43806364283858118 0.24747665556612697
v -0.54971170125869617 0.45999698480526463 0.25690665997776696
v -0.5487518453821808 0.48178745609710771 0.26665691129449126
v -0.54759565772232832 0.50341570009776582 0.27669543383065742
v -0.54622159788310987 0.5248640585844061 0.28699054690079584
v -0.54460872003279071 0.54611410171000219 0.29750888707047235
v -0.54274972410622646 0.56716072454960398 0.30823027971563405
v -0.54061067920167005 0.58796474705945079 0.31909981958599576
v -0.53828497073767012 0.60863249902984018 0.33021603147692691
v -0.54864465861112255 0.64281866600429938 0.35715691648793191
v -0.55306062285595159 0.65913445499689816 0.37022747486466018
v -0.54782837842440313 0.68838531622065668 0.38705125710574856
v -0.55357320175721947 0.70597646365446187 0.40247176799203982
v -0.54791799058302026 0.73457436031730905 0.41997165108881912
v -0.55349809010251783 0.75174530320802535 0.43578063527334243
v -0.54775759327664009 0.78000131891883173 0.45428969263251201
v -0.55334907411237699 0.79698720967755621 0.47072764753077306
v -0.54763966550361731 0.82510145614913044 0.49042227512051839
v -0.55327690306379662 0.84202248752724818 0.50759276877772397
v -0.54767188953252011 0.87008118479407681 0.52856430967345114
v -0.55347186444468066 0.88696701056496752 0.54655659438465243
v -0.54838279183322824 0.91495712326649614 0.56899992075627315
v -0.55475155745941673 0.93176008957423773 0.58801029723610532
v -0.5507002044431798 0.95980641507508679 0.61229317141230455
v -0.55692768944447868 0.9798002896564576 0.63516274291343344
v -0.52870609767482912 -0.97856652985990156 0.61857915807721486
v -0.52913287766219697 -0.95680533523376732 0.59775832461206413
v -0.52942015193856318 -0.93479491639378054 0.57710007373329697
v -0.52960997452587499 -0.9126050715634445 0.55670819636972046
v -0.52973538075062443 -0.89029303904694979 0.53666405562188491
v -0.52982057013088046 -0.8679022171894194 0.51702697479208071
v -0.52988208249355484 -0.8454630944691971 0.4978372209824663
v -0.52993047609701605 -0.82299555777170652 0.47912027993572931
v -0.52997205387108737 -0.80051167487494557 0.46089122923064474
v -0.53001033816666832 -0.77801826944939378 0.44315843748487943
v -0.5300471709127037 -0.75551893789548696 0.42592628787811604
v -0.530083448648626 -0.73301544072446279 0.40919696899916991
v -0.53011956939227178 -0.71050856693533337 0.3929715437075425
v -0.53015568274667535 -0.68799862487077323 0.37725053512570683
v -0.53019181998810094 -0.66548570003890828 0.36203422461771712
v -0.53022795745887763 -0.64296978169069841 0.34732279350482398
v -0.53026404572407326 -0.62045082153911402 0.3331163865527314
v -0.53030002232475404 -0.59792875986667648 0.31941513890804141
v -0.53033581713985023 -0.5754035369250331 0.30621918693479266
v -0.53037135460356499 -0.55287509806281143 0.29352867229465229
v -0.53040655466455933 -0.53034339630974525 0.28134374328522016
v -0.53044133328352028 -0.50780839397304744 0.2696645550704273
v -0.53047560279168748 -0.48527006386033905 0.25849126943607836
v -0.53050927223664857 -0.46272839035578878 0.24782405430436824
v -0.53054224776361847 -0.44018337042315564 0.23766308308958617
v -0.53057443305009755 -0.41763501455095814 0.22800853392265588
v -0.53060572979992549 -0.39508334763303488 0.21886058875413775
v -0.53063603829760353 -0.37252840976953966 0.21021943234061222
v -0.53066525802067332 -0.34997025697045353 0.20208525111932432
v -0.53069328830446416 -0.32740896174330469 0.19445823197718648
v -0.53072002904733739 -0.30484461354905185 0.18733856092090173
v -0.53074538143311978 -0.28227731911703202 0.18072642165371794
v -0.53076924863031028 -0.25970720262426344 0.1746219940606126
v -0.53079153641109378 -0.23713440576630443 0.16902545259924459
v -0.5308121536318644 -0.21455908776820942 0.16393696459320004
v -0.5308310125446396 -0.19198142538725146 0.15935668843088971
v -0.53084802895647765 -0.16940161292765241 0.15528477168426325
v -0.53086312227414267 -0.14681986222978827 0.15172134915963303
v -0.53087621539725061 -0.12423640256066658 0.1486665408549232
v -0.53088723423071837 -0.10165148038765066 0.14612044971324803
v -0.53089610634780093 -0.079065359194834567 0.14408315895272414
v -0.53090275818851074 -0.05647831974645131 0.14255472866127039
v -0.53090711021615011 -0.033890661395751573 0.1415351913016388
v -0.53090906960346518 -0.011302705098273226 0.14102454574592801
v -0.53090807085715319 0.011285170427995917 0.14102361305869734
v -0.53090382118754353 0.033872618157933729 0.14153260651147712
v -0.53089675285621174 0.056459168846625933 0.14255019875846922
v -0.530886595005853 0.079044319236991401 0.14407613800804719
v -0.53087296877797563 0.10162747312994282 0.14611005854123987
v -0.53085534134048695 0.12420790646969639 0.14865144076709957
v -0.53083296470002539 0.14678471959433298 0.15169955634554314
v -0.53080479597213404 0.16935677360200982 0.15525339401618718
v -0.530769395569896 0.19192260780352122 0.15931156111297015
v -0.53072479967456077 0.21448033543978307 0.163872155194109
v -0.53066836366032744 0.23702751540489261 0.16893260001511154
v -0.53059657420447359 0.25956099881427946 0.1744894405338735
v -0.53050482994871873 0.28207675128401893 0.18053809317158773
v -0.53038719408372015 0.30456965478943637 0.18707255054424035
v -0.53023612732084335 0.32703329727681696 0.19408504477259739
v -0.53004221637083926 0.34945976351334451 0.20156568044719483
v -0.52979392147313564 0.37183944732163854 0.20950205783720663
v -0.52947737538501716 0.39416090941723175 0.21787891698240172
v -0.52907627609366481 0.41641081984516387 0.22667784928525186
v -0.52857191340229526 0.43857399917963191 0.23587711793133379
v -0.52794193567658243 0.46063233911883361 0.24545454007359879
v -0.5271564756681768 0.48256089982519235 0.25539594179170366
v -0.52619882050617539 0.50434628220093736 0.26565812552091306
v -0.52504526774335014 0.52596918172979545 0.27620921047128622
v -0.5236742546280172 0.54741200397302059 0.28701760881452421
v -0.52206480946789746 0.56865637402862834 0.2980500182286287
v -0.52020950999813786 0.58969732800689301 0.30928632343747975
v -0.51807460207282663 0.61049554035447018 0.32067150458650873
v -0.51575252179641706 0.63115820186990712 0.33230441893121432
v -0.52612092942842148 0.66533433472279535 0.35978089035471333
v -0.53054004991221637 0.68164771307297867 0.37311777313908528
v -0.52531200679374546 0.71089230079487176 0.39071706869602113
v -0.53105855843682837 0.72848228516988089 0.40640288574293298
v -0.52540590240770779 0.75707583444770199 0.42467298504414197
v -0.53098617917327184 0.77424684831343793 0.44074168456269969
v -0.5252478458538703 0.80249936825642487 0.46001522948023177
v -0.53084100296091374 0.81948539310588486 0.47670940079176038
v -0.52514944077815562 0.84759433010263074 0.49717079401085262
v -0.5308263896314519 0.86451053196247218 0.51461173774772417
v -0.52538641820068932 0.89254821956150676 0.53640642840443764
v -0.53140524764878738 0.90940420882255901 0.55474323756750921
v -0.5268654287786102 0.93728680620711513 0.57810165744527497
v -0.53359564544702021 0.95374005972409159 0.59723283472376976
v -0.53520656717211101 0.98227628025507197 0.62575309707322069
v -0.50621584066701264 -0.97857787198633772 0.60695234756820426
v -0.50662972233936787 -0.95682466758316631 0.58612272300706059
v -0.5069082681028817 -0.93481967767042984 0.56545819465690339
v -0.50709237524951445 -0.91263340781486857 0.54506183493301641
v -0.50721411871885458 -0.89032367964994907 0.52501441751579692
v -0.50729696321311624 -0.86793433607681048 0.50537481737655798
v -0.50735692883800632 -0.84549617926114118 0.48618298487377309
v -0.50740423312630878 -0.82302930128381879 0.46746419753494994
v -0.50744497141896061 -0.80054589435730927 0.44923340538200512
v -0.50748254825272043 -0.77805285189112439 0.43149890415709408
v -0.50751874317218348 -0.75555380599680799 0.41426503830824413
v -0.50755442192098477 -0.73305053329008407 0.39753397751426156
v -0.50758996845102389 -0.71054382833090834 0.38130677654479805
v -0.50762552658172244 -0.68803399969104206 0.36558395608139649
v -0.50766112565323795 -0.66552113055441253 0.35036579795289985
v -0.50769674174680068 -0.64300520668681049 0.33565248549788129
v -0.50773232583829953 -0.6204861758233311 0.32144416642917317
v -0.50776781610998678 -0.59796397409378343 0.30774097950372542
v -0.50780314312394359 -0.57543853758223196 0.29454306525438645
v -0.50783823195929578 -0.55290980754884 0.28185057003329061
v -0.50787300313556727 -0.53037773308309144 0.26966364733846476
v -0.50790737309226697 -0.50784227276156646 0.25798245803883274
v -0.507941254536872 -0.48530339593119753 0.2468071701225254
v -0.50797455678370629 -0.46276108384677794 0.23613795819868066
v -0.50800718613068574 -0.44021533073663793 0.2259750028331598
v -0.50803904629153451 -0.41766614481111342 0.21631848974482107
v -0.50807003888950908 -0.39511354920607533 0.20716860887134397
v -0.50810006401358498 -0.37255758284535329 0.19852555330913471
v -0.50812902083490341 -0.34999830120282577 0.19038951813202151
v -0.50815680827786514 -0.32743577694454501 0.18276069909500253
v -0.50818332573501501 -0.30487010043331275 0.17563929123077476
v -0.50820847380683909 -0.28230138008365396 0.16902548734740239
v -0.50823215503798136 -0.25972974256500581 0.16291947643534252
v -0.50825427461497363 -0.2371553328636766 0.1573214419922713
v -0.50827474099424663 -0.21457831422410467 0.15223156027639848
v -0.50829346644461604 -0.19199886798920537 0.1476499985030886
v -0.50831036750280856 -0.16941719334521332 0.14357691300089406
v -0.50832536532660766 -0.1468335069594186 0.14001244733222667
v -0.50833838586415236 -0.12424804250413292 0.13695673035251282
v -0.50834935964708594 -0.10166105010900121 0.13440987413106689
v -0.50835822090643412 -0.079072795873282309 0.13237197160115119
v -0.50836490565866921 -0.056483561667382637 0.13084309376303169
v -0.50836934842519377 -0.033893645523917951 0.12982328623396769
v -0.50837147726565746 -0.011303362967524967 0.12931256489506643
v -0.50837075340232529 0.011286918855591761 0.12931182123285132
v -0.50836694277118932 0.033876872887244849 0.12982128903586776
v -0.50836053240412449 0.056466067014488135 0.13083965401442016
v -0.50835134022178008 0.079054056662009292 0.13236673086874362
v -0.50833910990736186 0.1016403327431027 0.13440224871886136
v -0.50832347637924691 0.12422429608929914 0.13694582256280877
v -0.50830391953638976 0.14680522162878368 0.13999691361336253
v -0.50827970329746952 0.16938220972395512 0.1435547748954365
v -0.50824979650827218 0.19195412184303881 0.14761837774238287
v -0.50821277193207026 0.21451949759733405 0.15218631410341499
v -0.50816667944877281 0.23707645025313784 0.157256669013877
v -0.50810889000060255 0.25962253835071875 0.16282685741441766
v -0.50803590798555598 0.28215461222301691 0.16889342001981156
v -0.5079431520021116 0.30466863627868573 0.17545177451118921
v -0.50782470733210594 0.32715949097478342 0.1824959213130051
v -0.5076730586224959 0.34962076282818649 0.19001810813472711
v -0.50747881788651028 0.37204453574378593 0.19800846428330635
v -0.50723047106935371 0.39442120441486517 0.20645462536335843
v -0.50691417481315726 0.41673933395665219 0.2153413785035303
v -0.50651365075766941 0.43898560183215279 0.22465037605407931
v -0.50601020587626411 0.4611448430127692 0.23435995531361656
v -0.50538120266365838 0.48319855796989292 0.24444872397942016
v -0.5045981870999946 0.505122603438664 0.25490046910104619
v -0.50364301839181647 0.52690280122670607 0.2656742997404985
v -0.50249238795270657 0.5485202920043446 0.27673764406834467
v -0.50112469996218412 0.56995754989968217 0.28805901049179383
v -0.49951895562151227 0.59119625222780792 0.29960516166192869
v -0.49766760633425872 0.61223157102884729 0.31135605059583349
v -0.49553707802218044 0.63302404067812135 0.32325653532061799
v -0.49321883693606411 0.65368167638028218 0.3354058551845277
v -0.50359627846552013 0.68784803425679697 0.36341730583259474
v -0.50801859798294813 0.70415911094250949 0.37702034014934432
v -0.50279500321570092 0.73339752683167037 0.39539481191792913
v -0.50854329117120456 0.75098640793538085 0.41134583944796593
v -0.50289339178689119 0.77957567031319985 0.43038592959079675
v -0.5084740764883976 0.79674670449201401 0.4467144095605034
v -0.50274077940424511 0.8249953359017943 0.46675320974576967
v -0.50834459616030925 0.84198015621471833 0.48370711848383297
v -0.5027146302597113 0.87007889117288972 0.50495116205267387
v -0.50849899515821728 0.8869817713900976 0.52268935022949103
v -0.50340223670144857 0.91497885774906706 0.54536534058522457
v -0.50976843795251225 0.93178481802025537 0.56409008797997828
v -0.50572284107188736 0.95982710001570692 0.5885552247025031
v -0.51196204542019996 0.97981371260719186 0.61114425086350532
v -0.48372490750538255 -0.97858897163112268 0.59583077434743481
v -0.48412540360758871 -0.95684358852356133 0.57499253971552278
v -0.48439487624219418 -0.9348439161193286 0.55432185990058491
v -0.48457302518495055 -0.91266115233969547 0.53392110294146755
v -0.48469093165711313 -0.89035368934935133 0.51387046541303327
v -0.48477130027686977 -0.86796580457556094 0.49422838369495847
v -0.48482961363692573 -0.84552860663065721 0.47503449845372631
v -0.48487573689201702 -0.82306238795985653 0.4563138836981131
v -0.4849155506868244 -0.80057946222059884 0.43808136477707388
v -0.48495233770616375 -0.77808679083872812 0.42034516618894252
v -0.48498781298127186 -0.75558804070699115 0.40310959449480765
v -0.4850228104334724 -0.73308500407024491 0.38637680085419723
v -0.48505769951953842 -0.71057848081343067 0.37014783209592406
v -0.48509261815381866 -0.68806877961656032 0.35442320649091441
v -0.48512759377306391 -0.66555598126756721 0.33920320631033046
v -0.48516260230825686 -0.64304006799162527 0.32448801686806006
v -0.48519759529970541 -0.62052098349168572 0.31027778877871581
v -0.48523251175152687 -0.59799865968516053 0.29657266436887531
v -0.48526728311001249 -0.57547302842083381 0.28337278830834844
v -0.48530183531772947 -0.55294402679393617 0.27067831161939715
v -0.48533608969958064 -0.53041159986859565 0.25848939299358642
v -0.48536996342338717 -0.5078757023976529 0.24680619901300027
v -0.48540336983634458 -0.485336300167234 0.23562890389269206
v -0.48543621879586657 -0.46279337119691039 0.22495768897092089
v -0.48546841704048693 -0.44024690686955714 0.21479274202577581
v -0.48549986861810324 -0.41769691300491563 0.20513425644377187
v -0.48553047537762606 -0.39514341086810428 0.19598243024872991
v -0.48556013752508087 -0.37258643809566572 0.18733746499503867
v -0.48558875424207298 -0.35002604951854904 0.17919956452983027
v -0.48561622436135116 -0.32746231786087932 0.17156893363055156
v -0.48564244708999621 -0.30489533429497584 0.16444577652663867
v -0.48566732276539792 -0.28232520883714152 0.1578302953160515
v -0.48569075362394654 -0.25975207057528499 0.15172268828938057
v -0.48571264455999497 -0.23717606772706459 0.14612314817656014
v -0.48573290385527734 -0.21459736753309872 0.1410318603340717
v -0.48575144386424113 -0.19201615599132113 0.13644900089262274
v -0.48576818163928276 -0.16943263743702275 0.13237473488319046
v -0.48578303945903389 -0.14684703397514925 0.12880921434851822
v -0.4857959451772107 -0.12425958478531232 0.12575257642528351
v -0.485806832249908 -0.10167054534768587 0.12320494135211213
v -0.48581563924875365 -0.079080186671243127 0.12116641032799449
v -0.48582230864253523 -0.056488794634367609 0.11963706312068177
v -0.4858267846210173 -0.033896669576355683 0.11861695530174049
v -0.48582900970199411 -0.01130412633654081 0.11810611494519799
v -0.48582846567672577 0.011288472967768404 0.11810549422778954
v -0.48582496092723543 0.033880811368106015 0.11861534097185956
v -0.48581901769114838 0.056472479991234711 0.11963433626989728
v -0.48581051655669721 0.079063073166557349 0.12116233946857911
v -0.48579928875745443 0.10165214157033774 0.12319914414490495
v -0.48578509056774299 0.12423917401545978 0.12574445808758902
v -0.48576756876822924 0.14682357119836606 0.12879787514323315
v -0.48574621464135442 0.16940460924590994 0.1323588360183966
v -0.48572030343860589 0.19198139056378552 0.13642657441595318
v -0.4856888157767843 0.21455277915865659 0.14100004412123418
v -0.48565033708313521 0.23711731740829434 0.14607782192942781
v -0.4856029311690887 0.25967312133634896 0.15165798076411979
v -0.48554398446531349 0.28221775200719207 0.1577379271949009
v -0.48547001862589434 0.3047480618532718 0.16431419809081627
v -0.48537647139884876 0.3272600168717586 0.17138221273140855
v -0.48525744912969881 0.34974849865783914 0.17893597967042377
v -0.48510545924280851 0.37220709474676672 0.18696776254242573
v -0.48491113759204757 0.3946278906829081 0.19546771576297134
v -0.48466299456779155 0.4170012841665634 0.2044235108924112
v -0.48434721046436446 0.43931584598063628 0.21381998331896432
v -0.48394752579233008 0.46155826341922473 0.22363884606284898
v -0.48344526655378212 0.48371339033486566 0.23385851538643415
v -0.48281721865133076 0.50576197340740714 0.24445906860858474
v -0.4820371788106938 0.5276817260258444 0.25542027026185837
v -0.48108477649960679 0.54945667195808634 0.26670544087368703
v -0.47993734125475057 0.57106872263301844 0.27828072179361057
v -0.47857324167287035 0.59250041932779896 0.29011472263883892
v -0.4769714501017992 0.61373349017798828 0.30217427525261165
v -0.47512428739162349 0.63476323707263449 0.31443940914529717
v -0.47299836208946267 0.65555005975390201 0.32685485241005602
v -0.4706841536722014 0.67620275893562332 0.33952027510957167
v -0.48107090267871716 0.71035964359971782 0.36806609823974717
v -0.48549644925980329 0.72666853520168873 0.3819351182691843
v -0.48027752991981482 0.75590091003902116 0.40108442297644537
v -0.48602756832181859 0.77348874728301564 0.4173005751931641
v -0.48038094034095957 0.80207373937178883 0.43711052605591844
v -0.48596391141811923 0.81924446466879575 0.45369943273715413
v -0.48024895278850233 0.84748751631438857 0.47450778258729276
v -0.48589264362202245 0.8644673601457068 0.49173246009965921
v -0.48042804619460139 0.8925449563928135 0.51379372884638963
v -0.48643173561973724 0.90941766712696626 0.53186724739690583
v -0.48188596466321126 0.93730632718694906 0.55543388940294347
v -0.48861672269788597 0.9537606779732587 0.57426308731384967
v -0.49024329209791367 0.98228758089157564 0.6027103983585721
v -0.46123330456646022 -0.97859980668193502 0.58521446514358577
v -0.4616199320142419 -0.95686205963282633 0.56436782101993299
v -0.46187998936938884 -0.93486758166011374 0.54369113000300284
v -0.46205193853183207 -0.91268824688621941 0.5232860714565859
v -0.46216583402820693 -0.89038300417583871 0.50323227841552942
v -0.46224359540223536 -0.86799655462638825 0.48358775935234732
v -0.46230015014252229 -0.84556030545340899 0.46439185296295998
v -0.46234499950643376 -0.8230947442317923 0.44566943487762073
v -0.4623838024158069 -0.80061230282635765 0.42743520893089076
v -0.46241971571029622 -0.77812000881743337 0.40969733016761745
v -0.46245438780087889 -0.75562156287958271 0.39246006819175855
v -0.46248861976962097 -0.73311877238307543 0.37572555607587782
v -0.46252276615237187 -0.71061244229616183 0.35949483287419565
v -0.46255695883785208 -0.688102881292321 0.3437684144813683
v -0.46259122339251213 -0.66559016770360679 0.32854658358521288
v -0.46262553570886672 -0.64307428017385293 0.31382952742547315
v -0.46265984804722621 -0.62055515833562491 0.29961739946285648
v -0.46269410041759623 -0.5980327298508159 0.285910345540209
v -0.46272822535642955 -0.57550692228189426 0.27270851441774269
v -0.4627621498948406 -0.55297766849915608 0.2600120617508091
v -0.4627957964060152 -0.53044490947228851 0.24782115139897756
v -0.46282908304586096 -0.50790859605262206 0.23613595564510326
v -0.46286192407701199 -0.4853686903797701 0.22495665493334813
v -0.46289423019056047 -0.462825167145479 0.21428343734908667
v -0.46292590886980589 -0.44027801478897421 0.2041164979174451
v -0.4629568648129731 -0.41772723663716382 0.19445603774495415
v -0.46298700042097329 -0.39517285197990537 0.18530226301189431
v -0.46301621635138396 -0.37261489706163875 0.17665538381896126
v -0.46304441213676084 -0.35005342596732952 0.1685156128925851
v -0.46307148686252042 -0.32748851137990159 0.16088316415559131
v -0.46309733989630075 -0.30492024518742789 0.15375825117276132
v -0.46312187165705015 -0.28234873892122253 0.14714108548387356
v -0.46314498440898855 -0.25977412401044553 0.14103187483993321
v -0.46316658306418457 -0.2371965518441011 0.13543082136152912
v -0.4631865759778282 -0.21461619363641132 0.13033811964119857
v -0.46320487571964591 -0.19203324009622269 0.12575395481305204
v -0.46322139979799826 -0.1694479009067755 0.12167850061054991
v -0.46323607129518624 -0.14686040403087933 0.11811191742505767
v -0.46324881934369172 -0.12427099486804213 0.1150543503630588
v -0.46325957934059397 -0.1016799352998118 0.11250592728089544
v -0.46326829277045678 -0.079087502662127523 0.11046675675689967
v -0.46327490648817932 -0.056493988682138147 0.10893692594483979
v -0.46327937129336083 -0.033899698431548275 0.1079164982371183
v -0.46328163958640595 -0.011304949412166339 0.1074055106387263
v -0.46328120971723485 0.011289896542899715 0.10740496951239238
v -0.46327792123302258 0.033884525220748543 0.10791513199692271
v -0.46327231699485161 0.056478540848209052 0.10893466250974612
v -0.46326432148589669 0.079071562209508506 0.11046344981788307
v -0.46325382794612591 0.10166317965727023 0.11250133048322045
v -0.46324067954907694 0.12425294257698606 0.11504807509489592
v -0.46322464386845796 0.14684034061993129 0.11810336866465475
v -0.46320537855081084 0.16942477695284983 0.12166678290667707
v -0.46318238560199365 0.19200553140634133 0.12573773749440867
v -0.46315495117561883 0.21458171100112236 0.13031544667042813
v -0.46312206728618777 0.23715218497741436 0.13539884682509121
v -0.46308233155591588 0.2597155012664894 0.14098649994460738
v -0.46303382107748026 0.28226978145335752 0.14707646729840809
v -0.46297393692632371 0.30481259187137261 0.15366614760435027
v -0.46289921701967968 0.32734078968698088 0.16075207444562575
v -0.46280511717260758 0.34985034497890138 0.16832966929568466
v -0.46268576361672908 0.37233614286753924 0.17639294946553552
v -0.46253368534945305 0.39479177417696498 0.18493419521515606
v -0.46233954106471575 0.41720932810303785 0.19394358693907102
v -0.46209186385943607 0.43957920732877953 0.2034088328742617
v -0.46177685609976199 0.46188999055133667 0.21331481792473261
v -0.46137827806662646 0.48412837646157891 0.22364331847450988
v -0.46087747099986304 0.50627923940820341 0.23437283079594409
v -0.46025069058071005 0.52832249488626537 0.24548493329395951
v -0.4594738145694684 0.550237919072876 0.25695533015359601
v -0.45852444590338054 0.57200757770801958 0.26875151473509934
v -0.45738046407629512 0.59361418921338849 0.28083839411579004
v -0.4560201997474001 0.61504035889861985 0.29318468324296321
v -0.4544225944211705 0.63626786413022529 0.3057572870804709
v -0.45257983492296627 0.65729213070589088 0.318536320039082
v -0.45045871441270524 0.67807342962805395 0.33146637262000234
v -0.44814871282838337 0.69872130559571011 0.34464759272139539
v -0.45854500027246708 0.73286905862330864 0.37372718739089733
v -0.46297378732331979 0.74917588809635105 0.38786203556274901
v -0.45775976916920963 0.77840237531499445 0.40778583214932473
v -0.46351179450570645 0.79598918269758678 0.42426709961725745
v -0.45787131345383891 0.82456956637695711 0.44484749906000581
v -0.4634655569718823 0.84173866816439247 0.46169992683898303
v -0.45781268531946118 0.86997127433021759 0.48329172404212251
v -0.4635640622438017 0.88693759343822265 0.50081091255087384
v -0.45844338737925611 0.91497426577063945 0.52373950898425448
v -0.4647958714152246 0.93179608852129914 0.54218593881814814
v -0.46074905992053483 0.95984240720453606 0.56683673408994806
v -0.46699735496297567 0.97982482513744373 0.58914583301705126
v -0.43874103968019817 -0.97861035427495102 0.57510344602233576
v -0.43911332076896853 -0.95688004127173887 0.55424861227514421
v -0.43936362410914981 -0.93489062269352574 0.53356606452283439
v -0.43952913383054409 -0.9127146314739869 0.51315681062162533
v -0.43963884520027041 -0.89041155827154794 0.49309993483226655
v -0.43971386802904039 -0.86802651614758752 0.47345302932457223
v -0.43976855735435549 -0.84559120246103336 0.45425513920312272
v -0.43981203918075412 -0.82312629427073036 0.43553094729838598
v -0.43984974378108882 -0.80064433815924752 0.41729503936184004
v -0.43988469821268594 -0.77815242585854094 0.39955550293345188
v -0.43991848218752261 -0.75565429075546298 0.38231657167524841
v -0.43995186294382221 -0.73315175481367378 0.36558036104728281
v -0.43998517967506551 -0.71064562783784124 0.34934790251326553
v -0.44001855812468033 -0.68813621838698469 0.33361970963050669
v -0.44005202202180083 -0.66562360229032058 0.3183960654750565
v -0.44008554733238331 -0.64310775458553848 0.30367715915589366
v -0.44011908719335341 -0.62058861081395211 0.28946314691390934
v -0.44015258280691061 -0.59806609435686353 0.27575417804212699
v -0.44018596800937776 -0.57554012845766989 0.26255040532956458
v -0.44021917115091297 -0.55301064171992609 0.24985198901034231
v -0.44025211590304109 -0.53047757096763837 0.2376590980669836
v -0.44028472167854238 -0.50794086309009556 0.22597191044899156
v -0.44031690394216372 -0.48540047651105955 0.21479061280790454
v -0.44034857452220605 -0.46285638251707234 0.20411539996816938
v -0.44037964196583745 -0.44030856651931383 0.19394647420870326
v -0.44041001195471274 -0.41775702926171648 0.18428404437847529
v -0.44043958778698866 -0.39520178796447974 0.17512832485290653
v -0.44046827092705892 -0.37264287738297008 0.16647953433419987
v -0.44049596162138721 -0.35008035075842958 0.15833789449970281
v -0.44052255957621966 -0.32751428063588139 0.15070362850513133
v -0.44054796469023771 -0.30494475952524852 0.1435769593528804
v -0.44057207783249391 -0.2823719003837496 0.13695810813933529
v -0.44059480165367582 -0.25979583690098407 0.13084729219891275
v -0.4406160414171803 -0.23721672357255011 0.12524472316629401
v -0.44063570583502776 -0.21463473555351709 0.12015060498143659
v -0.44065370789039765 -0.19205006829001292 0.11556513186345364
v -0.44066996562092631 -0.16946293693605663 0.11148848627792478
v -0.44068440282337124 -0.14687357557261119 0.10792083691638367
v -0.44069694962198597 -0.12428223625271115 0.10486233669639762
v -0.44070754282342434 -0.10168918789461458 0.10231312077737628
v -0.4407161259631488 -0.079094715032237722 0.10027330457413999
v -0.44072264893148755 -0.05649911641846711 0.098742981740128397
v -0.44072706704680736 -0.033902703486519303 0.097722222084059465
v -0.44072933940918968 -0.011305798737784463 0.097211069369024211
v -0.44072897857832549 0.011291232920447187 0.097210579876111369
v -0.44072584758693018 0.033888074679511729 0.097721016537732311
v -0.44072049895679971 0.056484336621073709 0.098741019068534316
v -0.44071288765710304 0.079079651587815061 0.10027049513821626
v -0.4407029504315727 0.10167363503860453 0.10230930926912725
v -0.44069059202986482 0.12426587681353307 0.10485727358454389
v -0.44067566646531309 0.14685592811169468 0.10791413445823585
v -0.44065795164164495 0.16944328229497466 0.11147955331805325
v -0.44063711523120808 0.192027347785104 0.11555307933024081
v -0.44061266918814129 0.21460741090793786 0.12013411106248105
v -0.44058390977557116 0.23718258612171012 0.12522184350805982
v -0.4405498395327217 0.25975175072415335 0.13081519609686668
v -0.44050906729785988 0.2823134609718051 0.13691271661016766
v -0.44045968237136118 0.30486584667966454 0.14351245539297688
v -0.44039909933856702 0.3274064819820891 0.15061180413299791
v -0.4403238712072447 0.34993223116970074 0.15820729401200589
v -0.44022947066979423 0.37243907066025006 0.16629434962787329
v -0.4401100426992321 0.3949218912087889 0.1748669980358826
v -0.43995813662989125 0.41737428891039752 0.18391753711619455
v -0.43976443258785264 0.43978835852926568 0.19343617426801432
v -0.43951748573777982 0.46215450945182596 0.20341065592190655
v -0.43920351951602993 0.48446132997603442 0.21382591814962978
v -0.43880631112070873 0.5066955317575822 0.22466380186911558
v -0.43830721589926197 0.52884200979897888 0.23590288530016537
v -0.43768201306056675 0.55087977642002328 0.24752626855699283
v -0.43690847485993606 0.57279086003443647 0.25950559135583212
v -0.43596239170741558 0.59455522788884652 0.27181244835551838
v -0.43482210464357024 0.61615643193869774 0.28441057565988337
v -0.43346590350339115 0.63757713894178103 0.29726879764351799
v -0.43187269673362216 0.65879917407836186 0.3103540963193554
v -0.43003453465703978 0.67981808000013333 0.32364667888029552
v -0.42791839720556096 0.70059400476013267 0.33709099073546511
v -0.42561275567775186 0.72123719356659821 0.35078770284780969
v -0.43601876836104186 0.75537619280522839 0.38040047891103218
v -0.440450809810364 0.77168108441947214 0.39480101070970092
v -0.43524222167444587 0.80090179883221113 0.41549904312836572
v -0.44099811242606524 0.81848731388688223 0.43224592698193837
v -0.4353770746721608 0.84706145613336092 0.45360042366207559
v -0.44101182495983365 0.86422517678809374 0.47072606901296227
v -0.43552489195368427 0.89243638372269873 0.49313120018848311
v -0.44149625399649634 0.90937212758484731 0.51097793367398558
v -0.43692851999543431 0.9372994506605502 0.53477375934387472
v -0.44364899806118607 0.95376775354309162 0.55330869316828379
v -0.44528352677134175 0.98229458490988286 0.58168672444390601
v -0.41624812250100174 -0.97862059113295186 0.56549774271577657
v -0.41660558633728162 -0.95689749312479788 0.54463495838529086
v -0.41684580143032729 -0.93491298676289192 0.52394672256997199
v -0.41700463478672722 -0.9127402451264135 0.50353339020089349
v -0.41710999033820045 -0.89043928466415589 0.48347351270453015
v -0.4171821439021835 -0.86805561783303409 0.46382427845904656
v -0.41723486101249918 -0.84562122305277754 0.4446244480082388
v -0.41727688126388207 -0.82315696080615186 0.42589851739726869
v -0.41731339947632889 -0.8006754886502675 0.40766095799770968
v -0.41734730905636896 -0.77818396032425174 0.38991979195161319
v -0.41738011897309174 -0.75568614078755536 0.37267921808020221
v -0.41741256163178064 -0.73318386603723051 0.35594133474831136
v -0.41744496046759111 -0.71067795046284055 0.33970716603178047
v -0.41747743495994827 -0.68816870240866101 0.32397722319474009
v -0.4175100070330317 -0.66565619516799701 0.30875178967085182
v -0.41754265283746661 -0.64314040016462592 0.29403105637496663
v -0.41757532654343144 -0.6206212488463857 0.2798151822522752
v -0.41760797073277039 -0.598098660308372 0.26610431996720935
v -0.41764052075389924 -0.57557255346197489 0.25289862626078868
v -0.41767290651057409 -0.55304285262206077 0.24019826587387094
v -0.41770505322845664 -0.53050949043533635 0.22800341284666042
v -0.41773688185352437 -0.50797240978762015 0.21631425073843411
v -0.4177683093487341 -0.48543156533578202 0.20513097236110861
v -0.41779924899450155 -0.46288692490097577 0.19445377924242541
v -0.41782961073432628 -0.44033847079771998 0.18428288089172765
v -0.41785930158174461 -0.41778620111087333 0.17461849389047268
v -0.417888226094705 -0.39523013090856812 0.16546084081345089
v -0.41791628691885468 -0.37267029336974239 0.15681014898326059
v -0.41794338539840281 -0.35010674080111648 0.14866664906185811
v -0.41796942225084172 -0.32753954551716513 0.14103057348607215
v -0.41799429829946033 -0.30496880055688091 0.13390215475779851
v -0.41801791525528686 -0.28239462021265904 0.1272816236037714
v -0.41804017653801101 -0.25981714034945963 0.121169207024113
v -0.41806098812346587 -0.23723651849665636 0.11556512625300022
v -0.41808025940281918 -0.21465293370099811 0.11046959465826424
v -0.4180979040345611 -0.19206658613728464 0.10588281560873826
v -0.41811384076353236 -0.16947769648325828 0.10180498033763745
v -0.41812799417116925 -0.14688650507431095 0.098236265826219651
v -0.41814029530859992 -0.1242932708567025 0.095176832724232205
v -0.41815068215052698 -0.10169827014959341 0.092626823313498349
v -0.41815909979380428 -0.079101795206555275 0.090586359511389145
v -0.41816550030988359 -0.056504152548669515 0.089055540905064484
v -0.41816984214367287 -0.033905661048439492 0.088034442805598564
v -0.41817208892834273 -0.011306649803690314 0.087523114306364336
v -0.41817176633281605 0.011292510892793501 0.087522658840613693
v -0.41816875573295331 0.033891497779223054 0.088033342393416425
v -0.41816361094632759 0.056489921715496799 0.089053774828500867
v -0.41815630791145786 0.079087422227506282 0.090583875518562687
v -0.41814681357904937 0.1016836294393574 0.092623526540256657
v -0.41813507585121812 0.12427815905305779 0.095172566645308085
v -0.41812100988493978 0.14687060366739441 0.098230782426516838
v -0.4181044794740536 0.16946051936460244 0.10179789536124773
v -0.41808527182852173 0.19204740618884106 0.10587354299186769
v -0.41806306362226109 0.21463068075411493 0.11045725197737806
v -0.41803737569436905 0.23720963879489868 0.11554840012104126
v -0.4180075132918894 0.2597834050672807 0.12114616376428249
v -0.41797248828987194 0.28235086768843132 0.12724944618449399
v -0.41793091950809147 0.30491059386252584 0.13385678193179898
v -0.41788090719798432 0.32746072409343469 0.14096621152292055
v -0.41781987819646971 0.34999884260691605 0.14857512079345508
v -0.41774439936830227 0.37252182294236647 0.15668003975346537
v -0.41764995906939445 0.39502564982618271 0.16527639737606128
v -0.41753071976653044 0.41750522148428559 0.17435823170183812
v -0.41737925004216603 0.43995414097369251 0.18391785955169179
v -0.4171862505617564 0.46236451021680419 0.19394551680220606
v -0.41694029700343105 0.48472674682918804 0.20442898940142709
v -0.41662763232545064 0.50702944983503584 0.21535326602061744
v -0.41623204927513496 0.52925934509330841 0.22670025412032821
v -0.41573491553330816 0.55140134833936438 0.23844861563487188
v -0.41511159479964455 0.5734335010309749 0.25058298100106213
v -0.41434155316536614 0.59534025407924973 0.26307095470528985
v -0.41339898906774664 0.61709935856565279 0.27588813006433383
v -0.41226261730630998 0.63869521898241133 0.28899714647869651
v -0.41091068545748782 0.66011055971326338 0.30236694173029377
v -0.40932206615437372 0.68132724857975402 0.31596457611090772
v -0.40748867220314866 0.70234093891776173 0.32977035812234534
v -0.40537767127394353 0.72311166333268317 0.34372858137920442
v -0.40307652094971619 0.74375032203984504 0.35794048286642349
v -0.4134924247387437 0.77788097174813531 0.38808587083118523
v -0.4179279482526348 0.794184006348986 0.4027520111784616
v -0.4127276689015178 0.82339871281252164 0.42422464003834498
v -0.41849640765290463 0.84098168824702224 0.44123977395240643
v -0.41293855942744634 0.86954477802447872 0.46338025419157547
v -0.418681743517264 0.88669453555407352 0.4807997882075199
v -0.41353974923059844 0.91486436312348529 0.50406028009216419
v -0.41986163241796393 0.93174827051436104 0.52226624404132826
v -0.41579792059125231 0.95983075473148427 0.54712449995636858
v -0.4220429599842957 0.97982423695823251 0.56916206470442676
v -0.39375456473363019 -0.97863049380103406 0.55639738074185707
v -0.39409674880557799 -0.95691437458460793 0.53552690395703317
v -0.39432654710105641 -0.93493462103230573 0.514833162952822
v -0.39447847078935538 -0.91276502640824075 0.49441587970413275
v -0.39457930097020388 -0.8904661158421675 0.47435308990086678
v -0.39464845567948359 -0.86808378775220973 0.45470159153805145
v -0.39469909424374022 -0.84565029191243346 0.43549987027555154
v -0.3947395589264443 -0.82318666575511901 0.41677224182092426
v -0.39477480243633284 -0.80070567381543301 0.39853306713991982
v -0.3948075807427916 -0.77821452955402759 0.38079030524195118
v -0.39483933007011807 -0.75571702829354637 0.36354812129493763
v -0.39487074702042874 -0.73321501947698331 0.34680859712930862
v -0.39490213886136255 -0.71070932182326452 0.33057274965498296
v -0.39493361869073307 -0.68820024337001662 0.31484108789305143
v -0.394965206659044 -0.66568785485631921 0.29961389560261598
v -0.39499687921132592 -0.64317212410231772 0.28489136543482546
v -0.39502859170664772 -0.62065297847994849 0.270673658953688
v -0.39506028829390494 -0.5981303328132439 0.25696093210379012
v -0.39509190604701766 -0.57560410168990683 0.24375334548611705
v -0.39512337666050595 -0.55307420513559669 0.23105106825825858
v -0.39515462717414657 -0.53054057160940737 0.21885427943206084
v -0.39518558034931439 -0.50800313997314939 0.20716316809610869
v -0.39521615495094481 -0.48546186108592931 0.19597793314926479
v -0.3952462660360167 -0.46291669926244605 0.18529878275753323
v -0.39527582528828842 -0.44036763366966747 0.17512593360531398
v -0.3953047414150318 -0.41781465967326026 0.16545960996196543
v -0.3953329206118536 -0.39525779012075274 0.1563000425687755
v -0.3953602670972573 -0.37269705653870555 0.14764746734828119
v -0.39538668371589031 -0.35013251021713021 0.13950212393941414
v -0.39541207260718669 -0.32756422315285544 0.131864254065339
v -0.39543633593395722 -0.30499228882349194 0.12473409974504995
v -0.39545937666334691 -0.28241682276488023 0.11811190136438535
v -0.39548109939046344 -0.25983796292750994 0.1119978956268408
v -0.39550141119271259 -0.23725586979170207 0.10639231340911549
v -0.39552022250002294 -0.21467072622775302 0.10129537755024288
v -0.3955374479620406 -0.19208273709594967 0.096707300605742896
v -0.39555300728746617 -0.16949212859136992 0.092628282598554768
v -0.39556682602277055 -0.14689914734644705 0.089058508795686137
v -0.39557883622778545 -0.12430405930495118 0.085998147533330682
v -0.39558897699455597 -0.10170714836943229 0.083447348104955452
v -0.39559719474382044 -0.079108714801706351 0.081406238719608073
v -0.39560344322124669 -0.05650907333572084 0.079874924535052294
v -0.39560768310420735 -0.033908550967786562 0.078853485773313012
v -0.39560988111714729 -0.011307484445168103 0.07834197592861758
v -0.39560957585724216 0.011293749021094923 0.078341543791485752
v -0.39560666365678238 0.033894816960051949 0.078852456153782252
v -0.39560169311333943 0.056495327529470403 0.07987328994266843
v -0.39559465442098968 0.079094921783754463 0.081403971351456147
v -0.39558553525231605 0.10169323712617523 0.083444392878514892
v -0.39557431338027221 0.12428990466555685 0.085994409576215985
v -0.39556094667933489 0.14688454377474169 0.089053833443241651
v -0.39554535952927961 0.16947675304183152 0.092622424979595996
v -0.39552742431660354 0.19206609654967247 0.096699880593734758
v -0.39550693634653161 0.21465208407740319 0.10128581412852732
v -0.39548358004246331 0.23723414342202642 0.10637973024572403
v -0.3954568838292381 0.25981158262490656 0.11198098677890156
v -0.39542616059974001 0.28238353950274636 0.11808874245308953
v -0.39539043020597592 0.30494891558177339 0.12470188562173033
v -0.3953483200903577 0.3275062914078477 0.1318189389759449
v -0.39529794011807545 0.35005382036517529 0.13943793467217938
v -0.39523672807807803 0.37258909876522911 0.14755625421357721
v -0.39516126342536928 0.3951090112088087 0.15617042796716402
v -0.39506704897531564 0.41760955237579606 0.16527589080316293
v -0.39494826361349766 0.44008562946574559 0.17486669328565846
v -0.39479749400926462 0.46253085389378579 0.1849351726626253
v -0.39460546006038777 0.48493733598352812 0.19547159471594228
v -0.39436075675527621 0.50729550276813307 0.20646378651390504
v -0.39404964512788693 0.52959396485460564 0.21789679091637729
v -0.39365593240648172 0.5518194625968339 0.22975258376294388
v -0.39316041989035638 0.57395607457305287 0.24201138034494471
v -0.39253985131620905 0.59598338329478995 0.25465493374543735
v -0.39177345000514219 0.61788583956945609 0.26765128199550131
v -0.39083461751654008 0.63963974075358376 0.28097841440738691
v -0.38970236037427425 0.66123034973928985 0.29459795579431486
v -0.38835487801649093 0.68264044927403633 0.30847896225239935
v -0.38677101006991621 0.70385194237111481 0.32258857397744956
v -0.38494252984388999 0.72486058712000467 0.33690720862809714
v -0.38283679299367412 0.74562630761394411 0.35137900094977464
v -0.38054025676795805 0.76626060893535342 0.36610579753271044
v -0.39096655234875621 0.80038326629843726 0.39678333011585937
v -0.39540737612925181 0.81668425781817144 0.41171543456848453
v -0.39022869980332597 0.84589142912946946 0.43396561952235774
v -0.3960395312240258 0.86346816572203344 0.4512573325319546
v -0.39064883253134186 0.89200924763512135 0.47420896482791369
v -0.39661319867809225 0.90912778632569802 0.49195032536341093
v -0.3920265869384138 0.93718703639701539 0.51605639896221789
v -0.39872012603655688 0.95371530985617914 0.53433593489533171
v -0.40034038582724668 0.98228071683105256 0.56267051766333809
v -0.3712603802726403 -0.97864003882879269 0.54780238540741244
v -0.37158683210915333 -0.95693064505551007 0.52692449327321955
v -0.37180589197673952 -0.93495547267131585 0.50622544411215387
v -0.3719506772430563 -0.91278891386463867 0.48580434827946234
v -0.37204681535639855 -0.89049198423120079 0.46573874397104054
v -0.37211284333293143 -0.86811095385286352 0.44608505309582491
v -0.37216129799444092 -0.8456783335308018 0.42688149674706743
v -0.37220011362573296 -0.82321533076063858 0.40815221717220479
v -0.37223399433543225 -0.80073481280771586 0.38991146917445541
v -0.37226555496550923 -0.77824405042863243 0.37216715105365622
v -0.3722961570429984 -0.75574686803097901 0.35492339559848474
v -0.3723264604190728 -0.73324512788945984 0.33818226870986001
v -0.37235675579283811 -0.71073965279344731 0.32194478037376645
v -0.37238714976422127 -0.68823075039106474 0.30621143742512674
v -0.37241766073983501 -0.66571848886437823 0.29098252391548041
v -0.3724482655665815 -0.64320283245911991 0.27625823415710804
v -0.37247892094602802 -0.62068370450972099 0.26203873223824392
v -0.37250957278026581 -0.59816101560621315 0.2483241772802102
v -0.37254016008193297 -0.57563467604349405 0.23511473363681601
v -0.37257061657454832 -0.55310460158036112 0.22241057477429496
v -0.37260087137447534 -0.53057071650085019 0.21021188456896786
v -0.37263084934473234 -0.50803295564478956 0.19851885753401446
v -0.37266047136171099 -0.48549126606458276 0.18733169855440521
v -0.37268965459086356 -0.46294560854835892 0.1766506223388106
v -0.37271831280940992 -0.44039595908424212 0.16647585265764125
v -0.3727463567913325 -0.41784231027644436 0.15680762138688384
v -0.3727736947607232 -0.39528467269906903 0.14764616736191963
v -0.37280023291528719 -0.37272307616353073 0.13899173504260864
v -0.37282587601920519 -0.3501575708712153 0.13084457299272009
v -0.37285052806241542 -0.32758822842123886 0.12320493218047932
v -0.3728740929813118 -0.3050151426428897 0.11607306411154282
v -0.37289647543376098 -0.28243843022338322 0.10944921881068924
v -0.37291758161915817 -0.25985823110408518 0.10333364267363952
v -0.37293732013181197 -0.23727470862273126 0.097726576215398403
v -0.37295560283296736 -0.21468804938580605 0.092628251745902543
v -0.37297234572285248 -0.19209846286412474 0.088038891006903111
v -0.37298746978888969 -0.16950618071447371 0.083958702805023447
v -0.37300090179939271 -0.14691145583743317 0.080387880673955817
v -0.37301257500359752 -0.12431456118085182 0.077326600593616443
v -0.37302242968893201 -0.101715788285496 0.07477501878712281
v -0.37303041353574151 -0.079115445546172114 0.072733269610911297
v -0.37303648169989689 -0.056513856141221813 0.071201463552998404
v -0.37304059654729016 -0.033911355588244381 0.070179685360625563
v -0.37304272695976481 -0.011308288936496741 0.069667992325583225
v -0.37304242495167894 0.011294958726005845 0.069667577396415797
v -0.37303959961844596 0.033898043764972727 0.070178706227212187
v -0.37303478913120919 0.056500569318527677 0.07119992121286868
v -0.37302799322752478 0.079102174431488786 0.07273115208959853
v -0.37301921357874607 0.10170249863900988 0.07477229694205334
v -0.37300844832890223 0.12430118106653992 0.077323220050791924
v -0.37299568477212763 0.14689785738176053 0.080383748569389193
v -0.37298088943979651 0.16949215400100545 0.083953667307443011
v -0.37296399460315344 0.1920836787455763 0.088032710645064474
v -0.37294487988275415 0.21467200685309057 0.09262055027442434
v -0.37292334728466436 0.23725666089907543 0.097716777038730468
v -0.37289908755264611 0.25983708279926626 0.10332087461097587
v -0.37287163524479855 0.28241259566865973 0.10943218212700909
v -0.37284030944189361 0.30498235294486642 0.11604984218025215
v -0.3728041365301018 0.32754527189369387 0.12317272984424323
v -0.37276175116711535 0.35009994849574261 0.13079935770074055
v -0.37271127147358157 0.37264455087739629 0.13892775134882707
v -0.37265014489369691 0.39517668908202136 0.14755528976986787
v -0.37257496226413267 0.41769326022637571 0.15667850547871079
v -0.37248123970497138 0.44019027023898433 0.16629284097942529
v -0.37236317134966007 0.46266263644802924 0.1763923610083076
v -0.37221336082351508 0.48510397968463442 0.18696942485759185
v -0.37202254607790841 0.5075064196091682 0.19801432979569317
v -0.37177934031700927 0.52986039330579016 0.20951494558788103
v -0.37147002162899717 0.55215452325887993 0.22145637090662301
v -0.37107840729380931 0.57437556440956739 0.23382065049344086
v -0.37058478163840386 0.59650666189256518 0.24658963201134232
v -0.36996720756447959 0.61852917333790924 0.25974195266503947
v -0.36920456402542423 0.64042738713803837 0.27324639513197718
v -0.36826965688445262 0.66217618222558083 0.28708312529420144
v -0.36714168675533732 0.68376166284949169 0.30121282710459374
v -0.36579880926773783 0.70516666785482862 0.31560468148181559
v -0.36421983043516409 0.72637313977919482 0.33022591607898516
v -0.36239638572618427 0.74737693081633638 0.3450570632702098
v -0.36029603356182888 0.76813785927292133 0.36004209416788391
v -0.35800444647407553 0.78876794510627812 0.3752835452051862
v -0.36844435164777617 0.82288255442629832 0.40649337418816656
v -0.37289908872620198 0.8391803750740755 0.42169354787569102
v -0.36778582241727703 0.86837528309987166 0.44473112454534963
v -0.37370677000539476 0.88593719092576662 0.46231696319189453
v -0.36866279937680485 0.91443591013725445 0.48611348627784667
v -0.37497980018588617 0.93150133293701531 0.50420219708835101
v -0.37089957270306101 0.95971280133264025 0.52935032046452357
v -0.37711678414034827 0.97977482701284901 0.55116170104448015
v -0.34876558528763701 -0.97864920292572677 0.53971278174643122
v -0.34907586417324488 -0.95694626421762929 0.51882777016628401
v -0.34928387218068963 -0.93497548919474616 0.49812362393517562
v -0.349421295779895 -0.91281184641413837 0.47769886447563736
v -0.34951257872778957 -0.89051682262492227 0.45763055186292023
v -0.34957535441353749 -0.86813704442027162 0.43797474709446799
v -0.34962152132146967 -0.84570527268734219 0.41876941764685377
v -0.34965859542384076 -0.82324287769219373 0.40003853960963098
v -0.34969102593449719 -0.80076282493440243 0.38179626613320272
v -0.34972128298809413 -0.77827243990307438 0.364050437387482
v -0.34975065151905016 -0.75577557474490176 0.34680515514233057
v -0.34977975370601377 -0.73327410392609671 0.33006247001851019
v -0.34980886328824534 -0.71076885404479406 0.31382338534074866
v -0.34983808025316504 -0.68826013228639904 0.29808840582216445
v -0.34986742129144394 -0.66574800428934355 0.28285781577365571
v -0.34989686375631157 -0.64323243077384573 0.26813181108857048
v -0.34992636584240244 -0.62071333109691773 0.25391055827625303
v -0.34995587538865613 -0.59819061167457588 0.24019421951961928
v -0.34998533355802064 -0.57566417856348928 0.22698296280331667
v -0.35001467634070477 -0.55313394330207633 0.21427696577611
v -0.35004383519282556 -0.5305998260361362 0.20207641705031446
v -0.35007273736735989 -0.50806175760962191 0.1903815164342928
v -0.35010130616519503 -0.48551968128284295 0.17919247467012855
v -0.35012946119731486 -0.46297355431988968 0.16850951288192154
v -0.35015711869441229 -0.44042334952009726 0.15833286180194828
v -0.35018419187867211 -0.41786905670358654 0.14866276079308016
v -0.3502105914037319 -0.39531068413569004 0.13949945667069555
v -0.35023622586476 -0.37274825986479471 0.13084320232466926
v -0.35026100237807684 -0.3501818329436226 0.12269425514407271
v -0.35028482722767407 -0.32761147450198469 0.11505287525119491
v -0.35030760657396098 -0.30503727863858865 0.10791932355636961
v -0.35032924721798037 -0.2824593631003986 0.10129385965043938
v -0.35034965741210466 -0.2598778697205234 0.095176739557216533
v -0.35036874770572407 -0.23729296459004287 0.089568213373716218
v -0.3503864318114559 -0.21470483794591308 0.084468522830798101
v -0.35040262747364587 -0.19211370376599538 0.079877898810512313
v -0.35041725731605761 -0.16951979907184414 0.075796558858027802
v -0.35043024963931674 -0.14692338294666168 0.072224704724695679
v -0.35044153913070469 -0.12432473527456918 0.069162519974433373
v -0.35045106743948429 -0.10172415519410288 0.066610167679636775
v -0.35045878356120946 -0.079121959235959022 0.064567788228547834
v -0.35046464396679433 -0.056518479095367738 0.063035497267309254
v -0.35046861240974703 -0.033914058994485373 0.062013383808230814
v -0.35047065934685401 -0.011309052640276472 0.061501508545614127
v -0.35047035118333436 0.01129614646663976 0.061501107718873654
v -0.35046760837823682 0.033901182155750678 0.062012444073812116
v -0.35046295439576425 0.056505651071280263 0.063034024970483549
v -0.35045639522216526 0.079109187880032822 0.064565781512853165
v -0.35044794178485461 0.10171143073002457 0.066607614133693704
v -0.35043760584582212 0.12431202162182274 0.069159391559273836
v -0.35042539459430261 0.14691060511537551 0.072220949094600639
v -0.35041130340302029 0.16950682494058988 0.075792085697159658
v -0.350395306002041 0.1921003179165823 0.0798725591208405
v -0.35037734107290713 0.2146907043448221 0.084462078160512918
v -0.35035729396167969 0.23727757374407785 0.089560290694832498
v -0.35033497184322498 0.25986046445619282 0.0951667657982493
v -0.35031007023841981 0.28243883528440822 0.10128096766660021
v -0.35028212830208227 0.30501202694656565 0.10790221847685542
v -0.35025046979343721 0.32757921076658514 0.11502964659998631
v -0.35021412616978359 0.3501393217432609 0.12266211585107317
v -0.3501717379035944 0.37269097301954074 0.13079813077977112
v -0.35012143004942975 0.39523234894396697 0.13943571251069894
v -0.35006065846695733 0.41776107455228156 0.1485722395467379
v -0.34998602419363928 0.44027406055009882 0.15820424851178339
v -0.34989305553205469 0.46276732503913781 0.16832719140911359
v -0.34977596077896594 0.48523579628387797 0.17893514891379386
v -0.34962735947454843 0.50767310518590114 0.19002050402911161
v -0.34943800666281638 0.5300713812011798 0.20157358710606504
v -0.34919653220103547 0.55242107177073219 0.21358231196670971
v -0.34888922940635347 0.5747108108805401 0.22603183412503905
v -0.34849993149469494 0.59692736841968475 0.23890427187500266
v -0.34800846751190895 0.61905289837223754 0.25218308972907821
v -0.34739407945972217 0.64107066634745247 0.26584382929466077
v -0.34663508480800348 0.66296428441225741 0.2798567043553622
v -0.34570447827868345 0.68470852078495092 0.29420205251808146
v -0.34458094149070811 0.70628902143137517 0.30884155208162084
v -0.34324279855396717 0.72768910641835161 0.3237438987877822
v -0.34166882536224263 0.74889075350470502 0.33887641078194991
v -0.33985057108019445 0.76988989005568809 0.35421974995595795
v -0.33775600461132149 0.7906461943519052 0.36971775320345879
v -0.33547141189468044 0.8112719354650767 0.38547395937621609
v -0.34594021270435299 0.84537691327197284 0.41721876143065861
v -0.35043653010426817 0.86166807877249507 0.43269361476506912
v -0.34549295750754105 0.89083950051805982 0.45653875018731477
v -0.35163683852680139 0.90836894457976747 0.47444118186242573
v -0.3471489909045764 0.93675479523641958 0.49906156481538849
v -0.35383828937462974 0.95346352823050606 0.51721055235326463
v -0.35542456400671729 0.9821902011882947 0.5456082330511115
v -0.32627019827164083 -0.97865796310409447 0.53212859442198568
v -0.32656387699370215 -0.95696119227303733 0.5112367778349971
v -0.32676052920896692 -0.93499461878308066 0.49052775950135757
v -0.32689037438477064 -0.91283376372253744 0.47009949592910188
v -0.32697664343115568 -0.89054056459837294 0.45002858955960118
v -0.32703604421603993 -0.86816198852086124 0.43037075651668294
v -0.32707982157784515 -0.84573103491849211 0.41116372223223419
v -0.32711506319580991 -0.82326922913547751 0.39243130435791795
v -0.32714595731344731 -0.80078963016637728 0.3741875591633696
v -0.32717482590307706 -0.77829961553434102 0.35644027142282042
v -0.32720287547610966 -0.75580306371333994 0.33919351333346109
v -0.3272306896471619 -0.7333018606958418 0.32244932092984435
v -0.32725852481568496 -0.71079683662489368 0.30620869115935784
v -0.3272864742440455 -0.68828829816009518 0.29047212668589911
v -0.32731455293281991 -0.66577630842629176 0.27523991204734594
v -0.32734273884232945 -0.64326082468734791 0.26051224463389844
v -0.3273709918068306 -0.62074176240531653 0.24628929326503413
v -0.32739926178205486 -0.59821902390591486 0.2325712230589462
v -0.32742749228978718 -0.5756925110867992 0.2193582054946899
v -0.32745562182241089 -0.55316213133770076 0.20665042225963964
v -0.32748358443777631 -0.53062780072847215 0.19444806655231603
v -0.3275113100671051 -0.508089446158697 0.1827513433219134
v -0.32753872475006401 -0.48554700713617677 0.17156046900996583
v -0.32756575088285189 -0.46300043742765618 0.16087567099631275
v -0.32759230751373469 -0.44044970665666316 0.15069718681471941
v -0.32761831070020009 -0.41789480185783884 0.14102526315525124
v -0.32764367393364974 -0.3953357289714981 0.13186015465566528
v -0.32766830863367347 -0.37277251425160085 0.12320212248166296
v -0.32769212471152742 -0.3502052055555625 0.11505143269814676
v -0.32771503120041989 -0.32763387348214795 0.10740835443788109
v -0.3277369369482101 -0.30505861232307546 0.10027315787915983
v -0.32775775136604646 -0.28247954079476345 0.093646112049795061
v -0.3277773852242139 -0.25989680251909802 0.087527482480677238
v -0.32779575148395229 -0.23731056622654922 0.081917528738004786
v -0.3278127661510527 -0.21472102566173751 0.076816501868602879
v -0.32782834913337955 -0.19212839918042091 0.072224641796888991
v -0.32784242507974554 -0.16953292903630141 0.068142174714128742
v -0.32785492417138834 -0.14693488036254937 0.064569310499853982
v -0.32786578282943796 -0.12433453985153578 0.06150624021159444
v -0.32787494429257241 -0.10173221412331765 0.058953133673894854
v -0.3278823590100014 -0.079128227751531791 0.056910137194267692
v -0.32788798478892711 -0.056522920897119314 0.055377371436118802
v -0.32789178663645652 -0.033916646506042633 0.054354929488131559
v -0.32789373624261814 -0.011309767075596149 0.053842875180816381
v -0.32789341572562064 0.011297315259693564 0.053842487325291316
v -0.32789075602064061 0.033904230843157385 0.054354024082221244
v -0.3278862622626178 0.056510568962727846 0.055375958094594897
v -0.32787994438652895 0.079115958382590473 0.056908220411619324
v -0.32787181923865416 0.10172003352230349 0.058950711678078117
v -0.32786190741730842 0.12432243575271844 0.061503301879575395
v -0.32785022922238743 0.14692281338286178 0.064565829756194945
v -0.32783679932504728 0.16952082003270078 0.068138101492796616
v -0.32782161960457901 0.19211611096059339 0.072219888158451789
v -0.32780466940339981 0.21470833672050221 0.076810921180352404
v -0.32778589220995563 0.23729713327866953 0.081910884883249144
v -0.32776517748024747 0.25988210743323181 0.087519404791016761
v -0.32774233594275809 0.2824628160578454 0.093636029961497058
v -0.32771706629849573 0.30503873733671283 0.10026020710264762
v -0.3276889107401596 0.32760923178714269 0.10739124359902753
v -0.32765719620388689 0.35017349051072566 0.11502825588169734
v -0.32762095779105299 0.37273046783206859 0.12317009884635162
v -0.32757884044829394 0.39527879537041566 0.13181527135005133
v -0.32752897491026378 0.41781667476093032 0.14096179233074996
v -0.32746882428305979 0.44034174688414057 0.15060704200774019
v -0.32739499871439692 0.46285093671672495 0.16074756318830422
v -0.32730303766865015 0.4853402750703471 0.1713788193095285
v -0.3271871626644971 0.50780470154125634 0.18249490877718857
v -0.32704000816063233 0.53023785738080864 0.19408823993431423
v -0.32685234508178945 0.55263188194659063 0.20614917763296378
v -0.32661281990759089 0.57497723298782 0.21866568153274821
v -0.32630774080978947 0.5972625559543675 0.23162296577185049
v -0.32592095384945835 0.61947463723605012 0.24500322418413431
v -0.3254319108473705 0.64159458446888395 0.25879151203888728
v -0.32482087478872851 0.66360768904455958 0.27296031807492233
v -0.32406555923352387 0.68549663632622804 0.28748160748113466
v -0.32313944206083162 0.70723663206644549 0.30233496090875378
v -0.32202046023063335 0.72881232603128387 0.31748390303862284
v -0.32068716978055306 0.75020768482860789 0.33289639790132319
v -0.31911839952947413 0.77140470128553773 0.34853986918413382
v -0.31730606110609055 0.79239929333111547 0.36439519021957173
v -0.31521983810402521 0.8131508017600152 0.38040628383201713
v -0.312951918947796 0.83377098723991161 0.39667869006185652
v -0.32349983014898454 0.86786060656792741 0.42896729043376103
v -0.32810069778192841 0.88413647995561995 0.44472974459407433
v -0.3235040440413583 0.91326110061579624 0.46940431637989471
v -0.32999860692742677 0.93073620331453566 0.48764159730914158
v -0.32599650780643036 0.95927830669057779 0.51328453923151773
v -0.33219637088052006 0.97957246085676009 0.53503040319165929
v -0.30377424006156478 -0.97866629681643202 0.52504984760758922
v -0.30405090667091561 -0.95697539018486111 0.50415155862881567
v -0.3042359099753737 -0.93501281059591668 0.48343790678875193
v -0.30435796745150268 -0.91285460657092854 0.46300630900691597
v -0.30443906899739398 -0.89056314491696598 0.44293293166901954
v -0.30449497586115321 -0.86818571644333309 0.42327316290816963
v -0.30453626451071053 -0.84575554698550437 0.40406449829196345
v -0.30456958474522861 -0.82329430888381983 0.38533060516272533
v -0.30459885800643061 -0.80081514965141143 0.36708544793817321
v -0.30462625478874239 -0.77832549601559975 0.3493367588828093
v -0.30465290142307466 -0.75582925130181011 0.33208858215185666
v -0.3046793421025622 -0.73332831233950957 0.31534293993206219
v -0.30470581551997733 -0.71082351255120935 0.29910082309903696
v -0.30473240810267532 -0.68831515801812293 0.28336273234892934
v -0.30475913318470327 -0.66580330939857324 0.26812895241568757
v -0.30478596942993624 -0.6432879205898826 0.25339968209877223
v -0.30481287845386967 -0.62076890326446532 0.23917509240968796
v -0.30483981250407438 -0.59824615576578044 0.22545535126505417
v -0.30486671766519419 -0.57571957593704315 0.2122406334879812
v -0.30489353516337508 -0.55318906711703764 0.19953112464309408
v -0.30492020191705094 -0.53065454138839441 0.18732702234421308
v -0.30494665082174494 -0.50811592178431797 0.17562853650205609
v -0.30497281096897999 -0.48557314412585634 0.1644358890710203
v -0.30499860787977229 -0.46302615873455316 0.15374931349402249
v -0.30502396378519808 -0.44047493209540484 0.14356905390889468
v -0.30504879796757406 -0.41791944847884904 0.13389536413213762
v -0.30507302716804446 -0.39535971150448163 0.12472850642130109
v -0.30509656606268815 -0.3727957456183526 0.11606875001506803
v -0.30511932780694084 -0.35022759745070686 0.10791636945265871
v -0.30514122464615023 -0.32765533701865768 0.100271642678705
v -0.3051621685881275 -0.30507905873750379 0.093134848945268675
v -0.30518207213148407 -0.28249888220510838 0.086506266528756356
v -0.30520084904130396 -0.25991495272615317 0.080386170285821568
v -0.3052184151611983 -0.23732744154753185 0.074774829078623095
v -0.30523468924786917 -0.21473654578292509 0.069672503105579681
v -0.30524959381069022 -0.19214248801342354 0.065079441178354305
v -0.30526305593411451 -0.16954551556038436 0.060995877988360148
v -0.30527500805450908 -0.14694589943309028 0.057422031405815817
v -0.30528538865508215 -0.12434393295247693 0.054358099851244797
v -0.30529414283340545 -0.10173993003992193 0.051804259774823495
v -0.30530122268743182 -0.079134223139628132 0.049760663276416518
v -0.30530658746120681 -0.056527160726819473 0.048227435902215496
v -0.30531020339480458 -0.03391910436101106 0.047204674663852149
v -0.30531204323336086 -0.011310425291092968 0.046692446337501546
v -0.30531170637779609 0.011298465730502754 0.04669207160629936
v -0.3053091336660822 0.033907184922563227 0.047203802414885664
v -0.30530480875691285 0.056515313800901822 0.048226077640690361
v -0.30529874392646095 0.079122474311600688 0.049758827367074918
v -0.30529095959059915 0.10172829565364026 0.051801951070762901
v -0.30528148180220982 0.12433241624725529 0.054355317914805634
v -0.30527033915380586 0.14693448465222692 0.05741876695467224
v -0.30525755880636529 0.16953415922552381 0.060992106966621412
v -0.3052431612381355 0.19213110621189147 0.065075115510274437
v -0.30522715315716537 0.21472499580686638 0.069667536700401239
v -0.3052095178352644 0.23731549553375594 0.074769076972676804
v -0.3051902018848287 0.25990226004198064 0.08037939787232215
v -0.3051690972013637 0.28248491616363741 0.086498104561097772
v -0.30514601642655514 0.30506304175517934 0.0931247283157281
v -0.30512065985059089 0.32763613650433565 0.10025870077190364
v -0.30509257118141148 0.35020358251390105 0.10789931705386535
v -0.30506107909374591 0.3727645921199777 0.11604568423894297
v -0.30502522098926177 0.39531814012112942 0.12469665088414833
v -0.30498364504440767 0.41786287748359652 0.13385071267519094
v -0.30493448652971977 0.44039702376213291 0.14350588877985795
v -0.30487521474954515 0.46291823611819988 0.15365956340937983
v -0.30480244800808298 0.48542345407284054 0.16430828766385389
v -0.30471173604223384 0.50790872129312303 0.17544753834001925
v -0.30459731269011486 0.53036898874877936 0.18707143329864304
v -0.30445182657593928 0.55279790797274797 0.19917240781542345
v -0.30426606411845469 0.57518762807488655 0.21174086283471327
v -0.3040286874326279 0.59752861720704997 0.22476480537548171
v -0.30372601827904172 0.61980953216543211 0.23822950964068756
v -0.30334178509489562 0.64201689498129533 0.25211767486466802
v -0.30285553139361321 0.66413156223353687 0.26641462466505594
v -0.302247988751003 0.68614011131753716 0.28109114761014908
v -0.30149647619047909 0.70802452339700928 0.29612050639744147
v -0.30057489928073533 0.7297604283124105 0.31148159532926545
v -0.29946059934867425 0.75133150422600847 0.32713963927741518
v -0.29813245710364006 0.77272231174651718 0.34306197909705149
v -0.29656999492975533 0.79391475003853185 0.35921624302581834
v -0.29476768072705573 0.81490439302032047 0.37558386108781983
v -0.29270151911820264 0.83564947548292856 0.39210942567479973
v -0.2904813041947128 0.8562586484360567 0.40890130487666365
v -0.30122239500283465 0.89031526314847953 0.44174640773308083
v -0.30602511094664936 0.90655622795422286 0.45780771613598242
v -0.30195542567152167 0.9355574900257122 0.4832663363762309
v -0.30880789905952011 0.95268905455802044 0.50155948192552524
v -0.31045023877568345 0.98188312659008536 0.5303308474286772
v -0.28127773383526733 -0.97867418209103796 0.51847656485693949
v -0.28153699340363864 -0.95698881991411333 0.49757215381374104
v -0.28171006680420385 -0.93503001508379646 0.47685412035745367
v -0.28182413577754506 -0.91287431722323498 0.45641936842373548
v -0.28189992214127879 -0.89058449994638145 0.43634365098512246
v -0.28195222030314782 -0.86820816014224911 0.41668204588927887
v -0.28199092427915329 -0.84577873734645781 0.39747183161133715
v -0.28202223683443411 -0.82331804243562645 0.37873653370987453
v -0.28204980704639931 -0.80083930623543176 0.36049003002929103
v -0.28207565077001928 -0.77835000172046631 0.34274000335820343
v -0.28210081247908081 -0.75585405553012575 0.32549047142342052
v -0.28212579612589489 -0.73335337461876715 0.30874344334628945
v -0.28215082234461869 -0.71084879542185475 0.29249990425809014
v -0.28217597062083843 -0.68834062340040503 0.27676035297816626
v -0.28220125264326762 -0.66582891681047462 0.2615250744078344
v -0.28222664787096591 -0.64331362629350408 0.24679426866563353
v -0.28225211983649207 -0.62079465986070981 0.23256810883062995
v -0.28227762324826344 -0.59827191200601781 0.21884676547120355
v -0.28230310695188321 -0.57574527664859032 0.20563041659087664
v -0.28232851513325696 -0.55321465320063623 0.19291925145324931
v -0.28235378782514431 -0.53067994987341427 0.18071347189579723
v -0.28237886116892896 -0.50814108593903506 0.16901329258670764
v -0.2824036676172953 -0.48559799362463574 0.15781894077774206
v -0.28242813615274193 -0.46305061988517388 0.14713065574904996
v -0.28245219255238407 -0.44049892812978753 0.13694868800760765
v -0.28247575971189626 -0.41794289990982403 0.12727329825380035
v -0.28249875803421642 -0.39538253655021749 0.11810475611640875
v -0.28252110588516643 -0.37281786069477058 0.10944333865429251
v -0.28254272011592241 -0.35024891773068317 0.10128932862583387
v -0.28256351665035462 -0.32767577705509643 0.093643012532007075
v -0.28258341113334279 -0.30509853314549618 0.086504678444783711
v -0.28260231963413268 -0.28251730639641393 0.079874613639020944
v -0.28262015939658636 -0.25993224368721002 0.073753102052718275
v -0.28263684962570912 -0.23734351865015157 0.068140421607232382
v -0.28265231229693566 -0.21475133161476195 0.063036841425247514
v -0.28266647297104891 -0.19215590921320252 0.058442618989339432
v -0.282679261592859 -0.16955750364068403 0.054357997286985198
v -0.28269061324543648 -0.14695639157126381 0.050783201988099311
v -0.28270046882358496 -0.12435287272835283 0.047718438698605779
v -0.28270877558099011 -0.1017472680978891 0.045163890329697316
v -0.28271548749715514 -0.079139917753443853 0.043119714620485923
v -0.28272056540652818 -0.056531178248520511 0.041586041855247592
v -0.28272397683753497 -0.033921419540102533 0.040562972826452777
v -0.28272569552244564 -0.011311021454504605 0.040050577106153402
v -0.28272533988629089 0.01129959683730089 0.040050216479474404
v -0.28272286027238674 0.033910037025707884 0.040562135065200733
v -0.28271871607039495 0.05651987276818924 0.041584739432534649
v -0.28271292076837118 0.079128718719003316 0.043117958134824053
v -0.28270549669085293 0.1017361979766932 0.045161688617837474
v -0.28269647294795325 0.1243419445430695 0.047715797900967298
v -0.28268588300306519 0.14694560491963293 0.05078012334288038
v -0.2826737616602219 0.16954683869962991 0.054354473272317433
v -0.28266014117413357 0.19214531794194675 0.058438627196054006
v -0.28264504607314717 0.21474072499179242 0.063032335197406017
v -0.28262848614530761 0.23733274825632755 0.068135315998754081
v -0.28261044685636549 0.25992107525690905 0.073747252969875957
v -0.28259087623276574 0.28250538206044651 0.079867787109013141
v -0.28256966694216368 0.3050853179332137 0.086496505692934655
v -0.28254663193343255 0.3276604837563632 0.093632924873557954
v -0.2825214715592369 0.35023040239741099 0.10127646398382791
v -0.28249372961022406 0.37279447886348238 0.10942640870583968
v -0.28246273517187692 0.39535194770815596 0.11808185956882397
v -0.28242752672917842 0.4179018048835963 0.12724166152854963
v -0.28238675458382084 0.44044272111958904 0.136904309720073
v -0.28233855754876053 0.46297293408694234 0.14706782600490118
v -0.28228041023514178 0.48549011724883023 0.1577296008623327
v -0.2822089382854035 0.50799122455968737 0.16888619575050923
v -0.28211970095627242 0.5304723123316315 0.18053310267561468
v -0.28200694380150698 0.55292834262367574 0.19266446062770406
v -0.28186332903727168 0.57535297696640109 0.20527273334083457
v -0.28167965774398035 0.59773837398768892 0.21834835922287629
v -0.28144460709866514 0.62007501172859814 0.23187939392521706
v -0.28114451124082501 0.64235155764219964 0.245851172776203
v -0.2807626943098302 0.66455348603372288 0.26024804071024843
v -0.28027973383469451 0.68666371686185956 0.27505212739738022
v -0.27967580179819718 0.70866784358336121 0.29023602445294472
v -0.27892819761035847 0.73054787733412785 0.30577311722716738
v -0.27801125567320928 0.75227984359458278 0.32164169213389149
v -0.27690209096538387 0.77384644671341163 0.33780855470415699
v -0.27558083473083084 0.79523265168399071 0.3542406366590477
v -0.27403047537642999 0.81641975095459096 0.3709060547305989
v -0.27225421056302512 0.83740129808422314 0.38778688839102582
v -0.27024222522174229 0.85813034309341629 0.40482654131517609
v -0.26813019456498299 0.87870345251558979 0.42212920880621485
v -0.27922536641723555 0.91268253633442931 0.45552108734198721
v -0.28431672926476692 0.92887091762496476 0.4718859826215962
v -0.28062371848778056 0.95806871577477037 0.49835503260068065
v -0.28703152674998861 0.9789841216775772 0.52046390529961606
v -0.25878070508726847 -0.97868159766656215 0.51240876896741827
v -0.25902218144568651 -0.95700144465566372 0.4914986033281703
v -0.25918305737402481 -0.93504618429973529 0.47077645302054516
v -0.25928894650058776 -0.91289283979429592 0.45033873684434134
v -0.2593592766957063 -0.89060456806407284 0.43026081803285288
v -0.25940785626554697 -0.86822925368445703 0.41059748264874502
v -0.25944388339429758 -0.84580053663246935 0.39138580541752838
v -0.25947310513133326 -0.82334035749751355 0.37264917902274358
v -0.25949889292061978 -0.80086202499110448 0.35440140025520028
v -0.25952310498447034 -0.77837305525633338 0.33665010560456832
v -0.25954670235171179 -0.75587739665012466 0.31939928806335205
v -0.25957014795668687 -0.73337696551802367 0.30265094451311131
v -0.25959364403984686 -0.71087260104137151 0.286406054690161
v -0.25961726304215504 -0.68836460803008004 0.27066511563792767
v -0.25964101502582393 -0.66585304241939058 0.2554284123992811
v -0.25966488033145763 -0.64333785172635038 0.24069614631983516
v -0.2596888245379283 -0.62081894045256691 0.22646849241618591
v -0.25971280497638766 -0.5982961993999395 0.21274562375276779
v -0.25973677344420243 -0.57576951871997262 0.19952772133731214
v -0.25976067730576674 -0.55323879404958687 0.18681497793785881
v -0.25978445995481131 -0.53070392987204396 0.17460759940371781
v -0.2598080610533311 -0.50816484183143928 0.16290580493218379
v -0.25983141671806698 -0.48562145868153789 0.15170982682826584
v -0.25985445972375659 -0.46307372411650194 0.14101990995043914
v -0.25987711975147337 -0.44052159855848039 0.13083631090232767
v -0.25989932369415664 -0.41796506090955748 0.12115929698356799
v -0.25992099602473323 -0.39540411024876015 0.11198914489911092
v -0.25994205922899283 -0.3728387674434302 0.10332613922446011
v -0.25996243430326127 -0.35026907663882684 0.09517057062733808
v -0.2599820413150794 -0.32769510658706119 0.087522733851339851
v -0.26000080002323356 -0.30511695177538484 0.08038292547328442
v -0.26001863055149532 -0.28253473331434487 0.073751441452769601
v -0.26003545410826345 -0.25994859954859356 0.067628574499564012
v -0.26005119374186914 -0.23735872635754149 0.06201461129159181
v -0.26006577511843548 -0.21476531711977825 0.056909829582904116
v -0.26007912730555882 -0.19216860232392149 0.052314495246508767
v -0.26009118354026178 -0.16956883881772541 0.048228859300396443
v -0.26010188195316136 -0.14696630869366009 0.044653154965819113
v -0.26011116621246566 -0.1243613178085126 0.041587594804862793
v -0.26011898604200506 -0.1017541939242784 0.039032367981104737
v -0.26012529755933395 -0.079145284440941571 0.036987637685732572
v -0.260130063377009 -0.056534953680363584 0.035453538775231073
v -0.2601332524170738 -0.033923579691368028 0.034430175676429323
v -0.26013483940428467 -0.011311550592935904 0.033917620625311784
v -0.26013446364208026 0.011300706370498896 0.033917275605786175
v -0.26013208466127419 0.033912778139249214 0.034429375312972403
v -0.26012813506715937 0.056524230673552847 0.035452295882228216
v -0.26012262875844755 0.079134671185500299 0.036985964008599943
v -0.26011558878347252 0.10174371623626842 0.039030274598128543
v -0.26010704559881009 0.12435099455536744 0.041585091728846203
v -0.26009703509947985 0.14695614913274829 0.04465024981591887
v -0.26008559627932915 0.16955883849067879 0.048225554811687117
v -0.26007276830451564 0.19215873698848268 0.052310785223329721
v -0.26005858669943538 0.21475553391851454 0.056905692660642576
v -0.26004307824145467 0.23734893102942609 0.062010001524979604
v -0.26002625402526647 0.25993863796765954 0.067623407309290492
v -0.26000809997669994 0.28252436495590211 0.073745572788560615
v -0.25998856385817315 0.30510581181845536 0.08037612112771729
v -0.25996753750510293 0.3276826522092674 0.087514624606696595
v -0.25994483265974755 0.35025451159526466 0.095160587247132236
v -0.25992014832809501 0.37282093720191611 0.10331341911397666
v -0.25989302708930229 0.39538135775871147 0.1119723994598739
v -0.25986279726646727 0.41793503052809033 0.12113662519974443
v -0.25982849737790165 0.4404809728216727 0.13080494049291158
v -0.25978877892108598 0.46301787509927611 0.14097584255732029
v -0.259741783431374 0.48554399292423689 0.15164735837655935
v -0.25968499009948753 0.50805701569630235 0.16281688689725629
v -0.25961503127573232 0.53055391134038499 0.17448100190015006
v -0.25952747519738789 0.55303074829851628 0.18663521234061586
v -0.25941657857236555 0.57548249920443773 0.19927367985717845
v -0.25927501666059155 0.59790283505609487 0.21238889797583838
v -0.25909360464200759 0.62028392340502403 0.2259713437401803
v -0.25886103400933491 0.64261625132762179 0.24000912233267555
v -0.25856365215178206 0.66488849632520153 0.25448763178547945
v -0.25818444921718037 0.6870850575240518 0.2693928164354194
v -0.25770490239370841 0.70919097513262586 0.2847036981747656
v -0.25710468780484103 0.7311908332073207 0.30039463867967181
v -0.25636119756209508 0.75306664260284228 0.3164391548868809
v -0.2554495496332827 0.77479473359766859 0.33281504177692939
v -0.25434811578761946 0.79635660920758766 0.34949063073796621
v -0.25304169973994817 0.81773646309464043 0.36643238272961426
v -0.25152266742466861 0.83891127099363572 0.38360699578103596
v -0.24980860836592711 0.8598641514943961 0.40099057895323581
v -0.24790008634430682 0.88053166221315904 0.41851270901980847
v -0.24593579981278341 0.90098889698257201 0.43625593265362239
v -0.25746243540063807 0.93479715347496928 0.47009909959516727
v -0.26282106908953856 0.95072852126339635 0.48655879668481322
v -0.26496039017955958 0.98107830973872889 0.51644498362545932
v -0.23628318158403014 -0.97868852312562682 0.50684648184085856
v -0.23650651902672187 -0.95701322907290653 0.48593094553444627
v -0.23665494461370573 -0.93506127220951962 0.46520495550965851
v -0.23675247297810564 -0.9129101206171123 0.44476447447984058
v -0.23681721348124221 -0.89062329007056207 0.42468450060581669
v -0.23686197010545063 -0.86824893369611955 0.40501954742897794
v -0.23689523258182477 -0.84582087812548878 0.38580649981517728
v -0.23692228407258581 -0.82336118449014439 0.36706862684840474
v -0.23694621343640293 -0.80088323375036774 0.34881965001651732
v -0.23696871845214609 -0.77839458202301726 0.33106716282447918
v -0.23699067521243947 -0.75589919773020264 0.31381513530225263
v -0.23701250490278961 -0.73339900585473183 0.2970655529592674
v -0.23703439105366411 -0.71089484805663272 0.28081939050797311
v -0.23705639896323843 -0.68838702847471545 0.26507714332704208
v -0.23707853708379389 -0.66587560082186403 0.24983909657856615
v -0.23710078671821852 -0.64336050964281422 0.23510545274213854
v -0.23712311561368124 -0.62084165610407271 0.22087638863707695
v -0.23714548387782947 -0.59831892749762283 0.20715207965993759
v -0.23716784644198355 -0.57579221038960771 0.19393270963470624
v -0.23719015405885072 -0.55326139681983977 0.18121847462385007
v -0.23721235372070795 -0.53072638771454506 0.16900958425725063
v -0.23723438887578369 -0.50818709525083883 0.15730626200930667
v -0.23725619959868025 -0.48564344485760635 0.14610874496611573
v -0.23727772277817633 -0.46309537710153947 0.13541728327297362
v -0.23729889234850199 -0.44054284953331674 0.12523213932041086
v -0.23731963957537411 -0.41798583850084092 0.11555358668077598
v -0.23733989340192702 -0.39542434090930362 0.10638190879363489
v -0.237359580856666 -0.37285837589617948 0.097717397396691233
v -0.23737862752357608 -0.35028798638360237 0.089560350702141328
v -0.23739695807276431 -0.32771324046761491 0.081911071323697043
v -0.23741449684822416 -0.30513423260255884 0.074769863965963843
v -0.23743116850739107 -0.2825510845392466 0.068137032894999172
v -0.23744689870505664 -0.2599639459777634 0.062012879216387262
v -0.2374616148118327 -0.237372994900102 0.056397697994693616
v -0.23747524665451913 -0.21477843755453466 0.051291775255222848
v -0.23748772726209944 -0.19218050807229767 0.046695384914911195
v -0.23749899359617616 -0.16957946770626972 0.042608785693099477
v -0.23750898723797917 -0.14697560368774809 0.039032218054146868
v -0.23751765499549563 -0.12436922769720433 0.035965901232394223
v -0.23752494938466892 -0.10176067393583783 0.033410030387334609
v -0.23753082893052624 -0.07915029677030086 0.031364773935920284
v -0.23753525823179325 -0.056538467914455902 0.029830271112759831
v -0.23753820774082901 -0.033925573125189679 0.0288066298180925
v -0.23753965322809853 -0.011312008436126966 0.028293924822907147
v -0.23753925679539767 0.011301791299172114 0.028293597229723678
v -0.23753698685623595 0.03391539819634308 0.028805870726222465
v -0.23753324694841307 0.05652837086898041 0.029829093241892226
v -0.23752805080410339 0.079140309176727389 0.031363189446820393
v -0.23752142133804513 0.10175082302925874 0.033408051442486132
v -0.23751338911835074 0.12435953547252017 0.035963539929097628
v -0.23750399071870842 0.14696608514588635 0.039029485660775853
v -0.23749326685116198 0.16957012805050437 0.042605691053969622
v -0.23748126011977785 0.19217133852875282 0.046691931781036117
v -0.23746801217435243 0.21476940928104038 0.051287958131250332
v -0.23745355996936823 0.2373640501520238 0.056393495848716779
v -0.23743793073472863 0.25995498530788863 0.062008246054317491
v -0.23742113512946228 0.2825419482948 0.068131883718931252
v -0.23740315786673211 0.30512467430585982 0.074764053967082952
v -0.23738394485855832 0.32770288877923309 0.081904365240955623
v -0.23736338562388373 0.35027629119622772 0.089552378030352348
v -0.23734128932934881 0.37284453264368317 0.097707587462018713
v -0.23731735239001112 0.39540718535784525 0.10636939753391969
v -0.23729111505959477 0.41796370209669442 0.11553708417847584
v -0.23726190391653451 0.44051336283347803 0.12520974366314311
v -0.23722875665796664 0.46305520598536826 0.13538622213225673
v -0.23719032524050707 0.48558794128427823 0.14606502144806799
v -0.23714475329268939 0.50810984157660377 0.15724417603354396
v -0.23708952405504441 0.53061861148886991 0.16892109536425057
v -0.2370212761192371 0.55311123215732849 0.1810923673452314
v -0.23693558626736377 0.57558378338647098 0.19375351943240574
v -0.2368267219623568 0.59803124762652593 0.20689873724218896
v -0.23668737106754997 0.62044730457589747 0.22052054520345107
v -0.23650836260633215 0.64282412994266203 0.23460946001101118
v -0.2362784012224447 0.66515221853217332 0.24915363673214896
v -0.23598384978966769 0.68742025862099942 0.26413853868941356
v -0.23560745007046699 0.70961154517826808 0.27955165035486007
v -0.23513143794987071 0.73171329671509533 0.29536900195117283
v -0.23453524062915351 0.75370902013277974 0.31156668579263685
v -0.23379695645945681 0.77558059005954982 0.32811837628693713
v -0.23289423096216422 0.7973039107208213 0.34500127444809614
v -0.23181039450289842 0.81885660279756645 0.3621835138166854
v -0.23053907969058496 0.8402147544001437 0.37962554403845322
v -0.22908098032971388 0.86133803925538688 0.39727997001771592
v -0.22745244303895495 0.88218339099548926 0.4150968878803214
v -0.22563249468968433 0.90265877008113982 0.43297011532954849
v -0.2237018373770728 0.92280596632276812 0.45093134866238505
v -0.23533476506040818 0.95715760937763128 0.48579475116575138
v -0.24062461099017901 0.97765048824075518 0.50689327259441541
v -0.21378519329919041 -0.97869493902674753 0.50178972434415425
v -0.21399005823760373 -0.95702413952962839 0.48086921697042173
v -0.2141257965511025 -0.93507523499860468 0.46013967614070594
v -0.21421479461010895 -0.91292610860648193 0.43969663868401709
v -0.21427382011100823 -0.89064060959723212 0.41961476330386166
v -0.21431465560625895 -0.8682671398066012 0.39994831101080253
v -0.21434507056638202 -0.84583969823350524 0.38073399122075363
v -0.21436987664225668 -0.82338045705218688 0.36199495904165124
v -0.21439187549575819 -0.80090286363592933 0.34374486662813852
v -0.21441260184755914 -0.77841451077133128 0.32599126794521516
v -0.21443284546703814 -0.75591938524084978 0.30873811190619244
v -0.21445298511030275 -0.7334194198918742 0.29198737355652171
v -0.21447318530236684 -0.71091545859622474 0.27574002297718836
v -0.21449350410599713 -0.68840780481239305 0.25999655400371918
v -0.21451394837803703 -0.66589651014600015 0.24475725189907166
v -0.21453450045852238 -0.64338151634167262 0.23002232018329555
v -0.21455513037703045 -0.62086272142776111 0.21579193733961313
v -0.21457580116241659 -0.59834000939258658 0.20206628092537215
v -0.21459647105228755 -0.5758132634247094 0.18884553738197538
v -0.21461709438700335 -0.55328237217155074 0.17612990584172036
v -0.21463762198396291 -0.53074723320056405 0.16391959946525231
v -0.21465800133182056 -0.50820775541067253 0.15221484572931876
v -0.21467817674507148 -0.48566386108221105 0.14101588620176311
v -0.21469808953630745 -0.46311548781523715 0.13032297599141315
v -0.21471767822992002 -0.44056259043119828 0.12013638292946896
v -0.21473687882765685 -0.41800514284432289 0.11045638649321161
v -0.21475562513085208 -0.39544313988161739 0.10128327646933705
v -0.21477384912138442 -0.37287659901844222 0.09261735135284313
v -0.21479148140155541 -0.35030556199076218 0.084458916480805377
v -0.21480845169142268 -0.32773009624203747 0.076808281905942744
v -0.2148246893804211 -0.30515029616133604 0.069665760021613288
v -0.21484012412826983 -0.28256628406951734 0.063031662957351769
v -0.21485468650814463 -0.2599782109124627 0.056906299771937618
v -0.21486830868278767 -0.23738625662463383 0.051289973478903558
v -0.21488092510143969 -0.21479063013288249 0.04618297794686195
v -0.21489247320184379 -0.1921915689790378 0.041585594723355705
v -0.21490289409657984 -0.16958933854881397 0.037498089835301507
v -0.21491213321612743 -0.14698423090105908 0.033920710620808793
v -0.21492014087222291 -0.12437656319162425 0.030853682646283482
v -0.21492687269526403 -0.10176667567839533 0.028297206760679434
v -0.21493228989147248 -0.079154929281968017 0.026251456338288379
v -0.21493635926375845 -0.056541702670987022 0.024716574765281801
v -0.21493905294966881 -0.033927388856764149 0.023692673233609202
v -0.21494034784875443 -0.011312391328657648 0.023179828913935611
v -0.2149399308071348 0.011302848015245018 0.02317952074023653
v -0.21493777878385659 0.03391788651525663 0.023691959832684774
v -0.21493426417504788 0.056532275937480621 0.024715468448705962
v -0.21492940012191192 0.079145609060343902 0.026249969179140017
v -0.21492320877299428 0.10175748926581743 0.028295351226171862
v -0.21491571990173181 0.12436753382576385 0.030851471727180706
v -0.21490696948470003 0.14697537663087773 0.033918157425178605
v -0.21489699816780816 0.16958067032428223 0.037495206574987554
v -0.21488584950126105 0.19218308777123469 0.041582390950860068
v -0.214873567779817 0.21478232273911338 0.046179457786099741
v -0.21486019527315656 0.23737808959037648 0.05128613142332733
v -0.21484576856133519 0.25997012170908601 0.056902114380732782
v -0.21483031359164939 0.28255816828398694 0.063027087438742802
v -0.21481383893596717 0.30514198894807087 0.069660708214191916
v -0.21479632654247305 0.32772134561510008 0.076802607503840326
v -0.21477771903412002 0.35029599064866368 0.08445238243253729
v -0.21475790230019573 0.37286565024367946 0.092609585119520582
v -0.21473668175240651 0.39543000159386454 0.10127370516677511
v -0.21471375017391214 0.41798864207005715 0.11044414376852633
v -0.21468864459057133 0.4405410482633913 0.12012017664296049
v -0.21466068906761315 0.46308652239324727 0.13030090231616082
v -0.21462891983755908 0.48562412330189436 0.14098517158958132
v -0.21459198878717176 0.5081525791521212 0.15217149338340488
v -0.21454804120555038 0.53067017912615233 0.16385791169963423
v -0.21449456402050734 0.55317464207682532 0.17604184840277437
v -0.21442820175769814 0.57566296134419981 0.18871990711143277
v -0.21434453946303814 0.59813122711429834 0.20188763511621333
v -0.21423785509362769 0.62057443071472562 0.21553924311941042
v -0.21410084874208454 0.64298625954711541 0.22966728727977784
v -0.21392436320136843 0.66535889667356096 0.24426232479929952
v -0.21369711784320097 0.68768284392018575 0.25931256186245205
v -0.21340527624313749 0.70994599165408678 0.27480464852962816
v -0.21303214061636108 0.73213292079754266 0.29072418457671712
v -0.21256011770955113 0.75423059349234678 0.30704770362156081
v -0.21196952833852073 0.77622184616559642 0.32375170887640153
v -0.21124115718213363 0.7980866821903333 0.34080896266651106
v -0.2103579151023936 0.81979516568369259 0.35819224866748339
v -0.20930854130672683 0.84131025747287103 0.37585931560279068
v -0.20808636170251499 0.86258382381908405 0.39374717027644413
v -0.20667982105939009 0.88354149679349225 0.41177201667435503
v -0.20506813777711722 0.90409830735476504 0.42983197892751784
v -0.20315321013221968 0.92410202746225689 0.44773993675689522
v -0.20098887766635976 0.9435371813879766 0.46545488575659905
v -0.21727887779156163 0.98064370965684311 0.50450169631377029
v -0.19128677232899383 -0.97870082703343753 0.49723851617181292
v -0.19147285488062254 -0.95703414431699652 0.47631345210466458
v -0.1915956861146999 -0.93508803137271868 0.45558066048455925
v -0.19167599660530796 -0.91294075561546906 0.43513528355553549
v -0.19172919073098096 -0.89065647350650101 0.41505166707705066
v -0.19176601369868182 -0.86828381508459596 0.39538384020484207
v -0.19179350377753915 -0.84585693695808639 0.37616835180357444
v -0.19181599406533301 -0.82339811253686945 0.35742825295549618
v -0.19183599477805779 -0.80092084958576271 0.33917713265749477
v -0.1918548751725089 -0.77843277415517409 0.32142250890204432
v -0.19187333741930193 -0.75593788963432129 0.30416831140167072
v -0.19189171721881615 -0.73343813594530671 0.28741650568454424
v -0.19191015981794363 -0.71093435890550438 0.27116805761319257
v -0.19192871595787259 -0.68842686129439001 0.25542345961203833
v -0.19194739091268731 -0.6659156927414851 0.24018299703088697
v -0.19196616812839226 -0.64340079238293424 0.22544687433687555
v -0.19198502002270126 -0.62088205532756158 0.21121527153502515
v -0.19200391268050618 -0.59835936248966526 0.1974883681655728
v -0.19202280780701547 -0.57583259391274866 0.18426635307853045
v -0.19204166351759586 -0.55330163508239205 0.17154942823782771
v -0.19206043466847755 -0.53076638043219304 0.15933781006757097
v -0.19207907302925614 -0.50822673579883226 0.14763172975044658
v -0.19209752742192865 -0.48568262051774846 0.13643143301065935
v -0.19211574387758168 -0.4631339694102834 0.12573717956666144
v -0.19213366583209973 -0.44058073473727949 0.11554924230876643
v -0.19215123437035683 -0.41802288812498661 0.10586790621133906
v -0.19216838852334545 -0.39546042244133228 0.096693466975940931
v -0.19218506562018342 -0.37289335358845882 0.088026229400607281
v -0.19220120169522406 -0.35032172217136037 0.079866505474028959
v -0.19221673194894368 -0.32774559499913702 0.072214612199205108
v -0.19223159125968528 -0.30516506637386026 0.065070869158146138
v -0.19224571474160337 -0.28258025912219575 0.058435595836991483
v -0.19225903834223457 -0.25999132532697922 0.052309108739134892
v -0.19227149947090416 -0.23739844672017868 0.04669171832224446
v -0.19228303764645069 -0.2148018347052571 0.041583725802925346
v -0.19229359514912997 -0.19220172998544721 0.036985419879509235
v -0.19230311765650082 -0.16959840178337274 0.032897073428258684
v -0.19231155483606649 -0.14699214664396801 0.029318940230496485
v -0.19231886085837693 -0.12438328681342611 0.026251251787887758
v -0.19232499478428328 -0.10177216818057173 0.023694214281672846
v -0.19232992077202221 -0.079159157757511242 0.021648005731615655
v -0.19233360804852481 -0.056544640674128954 0.020112773414180232
v -0.19233603059979831 -0.033929016679102399 0.019088631606948282
v -0.19233716655551986 -0.011312696186995617 0.018575659732764552
v -0.19233672944343824 0.011303872510244291 0.018575373043203072
v -0.19233470436849612 0.033920232135814223 0.019087968569458484
v -0.19233143071155745 0.056535928226589566 0.020111745697880806
v -0.19232692070298751 0.079150546891170709 0.021646624965622974
v -0.19232119524733152 0.10176368528564164 0.023692492701735405
v -0.19231428264452249 0.12437495505167392 0.026249202473388814
v -0.19230621732977407 0.14698398525057382 0.029316576920150619
v -0.19229703857837746 0.16959042476854794 0.032894409881703439
v -0.19228678908428543 0.19219394414467247 0.03698246870758623
v -0.19227551328955711 0.21479423672853046 0.041580496612379086
v -0.19226325530671287 0.23739101902106297 0.046688214902738952
v -0.19225005622823499 0.2599840299928397 0.052305324850692864
v -0.19223595054748363 0.28257302910389037 0.058431508915979188
v -0.19222096131463154 0.30515779265913318 0.065066430921929
v -0.19220509351169021 0.32773810801293596 0.072209734654748989
v -0.19218832494393051 0.35031376497617217 0.079861040173250228
v -0.19217059370240797 0.37288454357210982 0.088019936871665427
v -0.19215178094596158 0.39545019702952627 0.096685972018436137
v -0.19213168737569636 0.41801042859321919 0.10585863308649575
v -0.19211000133126557 0.44056486038229098 0.11553732168837813
v -0.19208625593782735 0.46311299215525981 0.12572131633490222
v -0.19205977220447748 0.48565414748713071 0.13640972056952114
v -0.19202958447314139 0.50818740458638123 0.14760139233715658
v -0.19199434423318751 0.53071150887588792 0.15929484981433653
v -0.19195219818615405 0.553224764646019 0.17148814848743887
v -0.19190063675780172 0.57572490374227281 0.18417872422740014
v -0.19183631025197048 0.5982089305098407 0.19736319770912153
v -0.19175481181900328 0.62067294435940201 0.21103713713183977
v -0.19165042976516267 0.64311194439921426 0.22519477912795538
v -0.1915158767308423 0.66551962476004933 0.23982871237741102
v -0.19134201210407317 0.68788817446711625 0.25492953542485447
v -0.19111758874837412 0.71020809767990889 0.27048550707734587
v -0.19082863575545936 0.73246616264067677 0.28648481462783854
v -0.19045954095656517 0.75464895071477489 0.30290996541446358
v -0.18999361089686395 0.77674132723127809 0.31973858989622483
v -0.18941388209562385 0.79872247439280442 0.33694470193324821
v -0.18870471526575822 0.82056296542814755 0.35449352415707858
v -0.1878498474081654 0.84221374004552796 0.37234160770724328
v -0.18683316864907612 0.86360965509942988 0.39041865159056033
v -0.18562868826911053 0.88466692567134619 0.40862177125434901
v -0.18417804954164832 0.90527386719149994 0.42681725501209272
v -0.18242345152347764 0.92533322165046505 0.44487474391800613
v -0.18030508103734583 0.94481615397749408 0.46271935393674107
v -0.19534766160413125 0.98164870165775608 0.50097457205824558
v -0.16878795278822298 -0.97870617003918547 0.49319287571232545
v -0.16895496828514445 -0.9570432138732724 0.47226368309860789
v -0.16906469088900924 -0.93509962284888271 0.45152795104711485
v -0.16913616969205406 -0.91295401678063448 0.43108045955138935
v -0.16918342569817368 -0.89067083227956834 0.41099526878231613
v -0.16921615211420823 -0.86829890646095831 0.39132619735672342
v -0.16924064598349844 -0.84587253834797871 0.37210964894157678
v -0.16926075542422853 -0.82341409249415287 0.35336858084719014
v -0.16927869534031914 -0.80093713086295426 0.33511652527893265
v -0.16929566734031429 -0.77844930926886546 0.3173609679380936
v -0.16931228483912078 -0.75595464590959105 0.3001058213174792
v -0.16932883991320896 -0.73345508697653583 0.28335304241088005
v -0.16934545828356384 -0.71095147996734642 0.26710359329501332
v -0.1693621832910866 -0.68844412699390201 0.25135796512547126
v -0.16937901863833416 -0.66593307585610062 0.23611644332944898
v -0.16939594893998602 -0.64341826329172236 0.22137923322843212
v -0.16941294909881813 -0.6208995817293661 0.20714651620450417
v -0.16942998837996462 -0.5983769092612814 0.19341847359712006
v -0.16944703210546697 -0.57585012304212446 0.18019529644705681
v -0.16946404233965354 -0.55331910565096976 0.16747718929913924
v -0.16948097817665034 -0.53078374863810029 0.15526437155731782
v -0.16949779589166297 -0.50824395502008646 0.14355707779345561
v -0.16951444906480048 -0.48569964141752392 0.13235555753810122
v -0.16953088872223473 -0.46315074008718682 0.12166007473631694
v -0.16954706351356941 -0.44059720092356414 0.11147090692225868
v -0.16956291993387604 -0.41803899343515921 0.10178834412113974
v -0.16957840259443527 -0.39547610867284277 0.092612687474089628
v -0.16959345454397098 -0.37290856107517684 0.083944247580368614
v -0.16960801764060482 -0.35033639018936569 0.075783342555174202
v -0.16962203297333203 -0.32775966222300723 0.068130295807278612
v -0.16963544133033923 -0.30517847138015847 0.060985433548006313
v -0.1696481837098735 -0.28259294093527126 0.054349082051139704
v -0.16966020186756833 -0.2600032240005159 0.048221564691897395
v -0.1696714388920246 -0.23740950394618454 0.042603198801776591
v -0.16968183979780066 -0.21481199444035673 0.037494292384282688
v -0.16969135212137235 -0.1922109390823851 0.032895140743695886
v -0.16969992650051785 -0.16960661061356144 0.028806023084263211
v -0.16970751721040678 -0.14699930969487288 0.025227199139935725
v -0.16971408262038978 -0.12438936324307127 0.02215890589509344
v -0.16971958552529343 -0.10177712231141745 0.019601354455899427
v -0.16972399329705157 -0.079162959494533336 0.01755472713232031
v -0.16972727780166247 -0.056547265837774606 0.016019174794462694
v -0.16972941503783273 -0.033930447252169642 0.014994814573367781
v -0.16973038447509153 -0.011312920482794617 0.014481727981122053
v -0.16972992822002314 0.011304860510011816 0.014481464834755089
v -0.16972803904249642 0.033922424089553815 0.014994206611841442
v -0.16972502163645045 0.056539310278983797 0.016018232861921826
v -0.16972088707405947 0.079155099038990026 0.017553462152407724
v -0.16971565464593649 0.1017693817370279 0.019599778053499356
v -0.16970935065841294 0.12438176470172263 0.022157030682870824
v -0.16970200729269719 0.14699187231404487 0.025225038667857688
v -0.16969366148464207 0.16959934961743101 0.028803591441655351
v -0.16968435375307256 0.19220386440991735 0.032892451777435029
v -0.16967412688187153 0.21480510874676101 0.037491358445779534
v -0.16966302433828603 0.23740279974292086 0.042600028854230323
v -0.16965108827861758 0.25999667952348998 0.048218161491090268
v -0.16963835694441184 0.28258651412201213 0.054345437945610225
v -0.16962486118019904 0.30517209106305565 0.060981524207768985
v -0.16961061970087737 0.3277532152771348 0.068126070855194967
v -0.16959563259563662 0.35032970287441451 0.075778711602388471
v -0.16957987236767413 0.37290137214108038 0.083939059506435681
v -0.16956327156605633 0.39546803091273247 0.092606699880628585
v -0.16954570575967826 0.4180294592191301 0.10178117864927154
v -0.16952697022777816 0.44058538578487899 0.11146198447147146
v -0.1695067482973307 0.4631354566199456 0.12164852246190577
v -0.16948456875589976 0.48567919356222833 0.13234007674511897
v -0.16945974923798679 0.50821594028087369 0.14353575841747124
v -0.16943132197802785 0.53074479297301225 0.15523443480336069
v -0.16939793793402771 0.55326451288430323 0.16743463526741634
v -0.16935774514661564 0.57577341796860515 0.18013442841149924
v -0.16930823750045129 0.59826925165261569 0.19333126545172502
v -0.16924607105320261 0.6207490279354233 0.20702178517989014
v -0.16916684714231972 0.64320885419150198 0.22120157753657324
v -0.16906486526364162 0.66564373605544391 0.23586490577849975
v -0.16893285643484698 0.6880473722412298 0.25100439181799372
v -0.16876172864616354 0.71041194711829747 0.2666106744575128
v -0.16854041278221515 0.7327278880522522 0.28267203158954729
v -0.16825533570794168 0.75498036752521591 0.29917779731785149
v -0.16789274598113754 0.77715618983570944 0.31610622701287305
v -0.16743782011327088 0.79923354614548225 0.33343215346059663
v -0.16687485568472651 0.82117958707209349 0.35111915549046546
v -0.16618742356514443 0.84294530561471703 0.3691139473475718
v -0.16535170699582899 0.86445266021467659 0.38734831720854379
v -0.16432579935931887 0.88560848776148759 0.40571191365256376
v -0.16305936026270318 0.90630375224364113 0.42406952138139797
v -0.16152275006854966 0.92642048884506001 0.44227674210032331
v -0.15965727158297688 0.94577842483445596 0.46011519561353137
v -0.17364955588381131 0.98186654668586837 0.49719173857117388
v -0.14628877068731247 -0.97871095228687632 0.489652819920112
v -0.14643646109091324 -0.95705132099355783 0.46871993957883712
v -0.14653289282992393 -0.93510997403287099 0.44798158696324075
v -0.14659540978779018 -0.91296585085058379 0.42753221311742801
v -0.14663663122092127 -0.89068364038465231 0.40744562076000412
v -0.14666518500627457 -0.86831236512953902 0.38777543987464697
v -0.14668661789686144 -0.84588645092870041 0.36855794470158049
v -0.14670428724871307 -0.8234283431273699 0.34981600931053597
v -0.1467201091891957 -0.80095165153889325 0.33156311565597357
v -0.14673511572767622 -0.77846405815697295 0.31380672093354706
v -0.14674983049249707 -0.75596959414911435 0.29655072245727704
v -0.14676450143059278 -0.73347021115673761 0.27979706970296625
v -0.14677923451656485 -0.71096675809365639 0.26354672141258761
v -0.14679406562101094 -0.68845953642513602 0.24780016762500698
v -0.14680899688525051 -0.6659485922822912 0.23255769383997688
v -0.14682401414926316 -0.64343386023198645 0.21781950614158513
v -0.1468390948886821 -0.62091523028129081 0.2035857871421855
v -0.14685421166181284 -0.59839257797337064 0.18985671979177346
v -0.14686933354369772 -0.57586577785254767 0.17663249709595225
v -0.14688442670686302 -0.55333470987010791 0.16391332591828453
v -0.14689945466606394 -0.53079926296779001 0.15169942834393568
v -0.14691437840886559 -0.50825933760898534 0.13999104199831239
v -0.14692915650461891 -0.48571484795455844 0.1287884198453233
v -0.14694374523017428 -0.46316572393581618 0.11809182964636762
v -0.14695809872863402 -0.44061191329957544 0.10790155313247905
v -0.14697216920853418 -0.41805338363026989 0.098217884897286514
v -0.14698590718703003 -0.39549012432569408 0.089041131005499721
v -0.14699926177868289 -0.37292214849040156 0.080371607310717602
v -0.14701218103004751 -0.35034949470433829 0.07220963748029223
v -0.14702461229897187 -0.32777222862065802 0.06455555073117987
v -0.14703650267617122 -0.30519044434487574 0.057409679288213555
v -0.14704779944516352 -0.28260426554744894 0.050772355584581576
v -0.14705845057498532 -0.26001384626376312 0.044643909233156115
v -0.14706840523812689 -0.23741937133958188 0.039024663806288024
v -0.14707761434358166 -0.21482105648641742 0.033914933470259534
v -0.14708603107136253 -0.19221914791950501 0.029315019528085438
v -0.14709361138970425 -0.1696139215597148 0.025225206930009517
v -0.14710031452887537 -0.14700568178730491 0.021645760814286156
v -0.1471061033760607 -0.1243947597372789 0.018576923141773199
v -0.14711094474543548 -0.1017815111227743 0.016018909487701266
v -0.14711480946964264 -0.079166313568660537 0.013971906054798767
v -0.14711767225846703 -0.056549563441825858 0.012436066975379993
v -0.14711951128269446 -0.033931672187764481 0.011411511975392181
v -0.14712030746353352 -0.011313062229725855 0.010898324476259814
v -0.1471198333142999 0.011305807594146067 0.01089808686546846
v -0.14711808869747228 0.033924451636787478 0.011410963678796465
v -0.14711534215795521 0.05654240520306348 0.012435217864821119
v -0.14711160341471458 0.07915924271617171 0.01397076614930547
v -0.14710688985225195 0.10177455029709823 0.016017489524090815
v -0.14710122537650888 0.12438792940876217 0.018575234872830207
v -0.14709463936585149 0.1469990000689804 0.021643817035197646
v -0.14708716568408328 0.16960740361707918 0.025223021233820038
v -0.14707884169590704 0.19221280500303908 0.029312605778054387
v -0.14706970720882012 0.21481489454085487 0.033912304944440294
v -0.14705980325177012 0.23741338903986836 0.039021831914122944
v -0.14704917058197697 0.26000803220090946 0.044640881621801021
v -0.1470378477797516 0.28259859413323024 0.050769133336430392
v -0.14702586874086521 0.30518486980558396 0.05740625274670285
v -0.14701325930156647 0.32776667618230027 0.064551893257984286
v -0.14700003262667471 0.35034384770534305 0.072205696113830792
v -0.14698618284911333 0.37291622965909749 0.080367288824444438
v -0.14697167626136143 0.39548366878945207 0.089036281204779813
v -0.1469564391165209 0.41804600033695644 0.09821225808342024
v -0.14694034079049562 0.44060303038204651 0.10789476742646675
v -0.14692317068128613 0.46315451208934449 0.11808330221674691
v -0.14690460677676642 0.4857001140866487 0.12877727393096419
v -0.14688417331950485 0.50823937884254267 0.13997597486901558
v -0.14686118446460766 0.53077166855363433 0.15167852593157768
v -0.14683467031774347 0.55329609577728645 0.16388380575998399
v -0.14680328134569873 0.57581143594349249 0.176590356533673
v -0.14676516700738371 0.59831601906470366 0.18979626129480698
v -0.14671782476807124 0.62080759861361323 0.20349898764692148
v -0.14665791677516682 0.64328319678626966 0.21769519329788942
v -0.14658105439598526 0.66573892731227335 0.23238049054727147
v -0.1464815591586848 0.68816979803439926 0.24754916907783572
v -0.14635223355770891 0.71056947951270977 0.26319386924849147
v -0.14618422897249933 0.73292993741910273 0.27930513845468291
v -0.14596694474413785 0.75523956775458856 0.29587205668949745
v -0.14568850278336679 0.77748275577990333 0.31287878922881374
v -0.1453361240587962 0.79963833467223666 0.33029938506179612
v -0.14489577648931853 0.82167241376162548 0.34809786722947333
v -0.1443509240982199 0.84353500428673223 0.36622112813184643
v -0.14367399273104181 0.86515512712998321 0.38459198385859855
v -0.142832532124022 0.88642909645626189 0.40312282942909045
v -0.14183498402409786 0.90726367256896778 0.42168881601171415
v -0.14076980991511334 0.92753221805580988 0.44015557181677084
v -0.13983629836950495 0.94690933832212798 0.45820469384608759
v -0.15191541318838181 0.98095884006620038 0.49276054036500505
v -0.12378926379460652 -0.97871515948092447 0.4866183641948289
v -0.12391739901446119 -0.95705844102574344 0.46568224842298761
v -0.1240003779766464 -0.93511905287659902 0.44494160370969738
v -0.1240538176897726 -0.91297622048844973 0.42449058634230324
v -0.12408891904644941 -0.89069485661399972 0.40440277043722828
v -0.12411323263756421 -0.86832414691288595 0.38473161978616
v -0.12413154685584814 -0.84589862809423932 0.36551329535052146
v -0.12414672318335582 -0.82344081570995364 0.34677059874076233
v -0.12416037592847552 -0.80096436093487278 0.32851696835781796
v -0.1241733657980804 -0.77847696828097424 0.31075983677096558
v -0.12418612573811015 -0.75598268001087621 0.29350308821034266
v -0.12419885912806487 -0.7334834523845194 0.27674866568052514
v -0.12421165200579738 -0.71098013546909189 0.26049752505670237
v -0.12422453271168692 -0.68847303011310734 0.24475015542232137
v -0.12423750183576328 -0.665962180952967 0.22950684234938007
v -0.12425054649394356 -0.64344752062802402 0.21476779259404014
v -0.12426364681310618 -0.62092893700038054 0.20053318985056109
v -0.12427677874578102 -0.59840630335645129 0.18680321848650408
v -0.12428991524219904 -0.57587949192934451 0.17357807323919641
v -0.12430302672635027 -0.55334838034291789 0.16085796301852381
v -0.12431608129841679 -0.53081285522759547 0.14864311227862606
v -0.12432904484516996 -0.50827281478355257 0.13693376134560101
v -0.12434188113446977 -0.48572817099034338 0.12573016622267369
v -0.12435455192564418 -0.46317885171615814 0.11503259805221402
v -0.12436701710940201 -0.4406248028016253 0.1048413422859017
v -0.12437923488354978 -0.41806599012271078 0.095156697569831972
v -0.1243911619675768 -0.39550240160868921 0.08597897433854465
v -0.12440275385747801 -0.37293404917839984 0.077308493111175908
v -0.12441396512096108 -0.35036097055140619 0.069145582487008111
v -0.12442474973204175 -0.32778323088690758 0.061490576844068154
v -0.12443506144283015 -0.30520092420133588 0.054343813752136309
v -0.12444485418898463 -0.28261417451541404 0.04770563112012418
v -0.12445408252379717 -0.26002313668324639 0.041576364106909437
v -0.12446270207403737 -0.2374279968600185 0.035956341833984114
v -0.12447067000825894 -0.21482897257114897 0.030845883947161437
v -0.12447794550480198 -0.19222631235380191 0.02624529708242888
v -0.12448449020158608 -0.16962029495013303 0.022154871297094227
v -0.12449026860240711 -0.14701122803821695 0.018574876531118431
v -0.12449524840484086 -0.12439944648901535 0.015505559165085015
v -0.12449940070441869 -0.10178531013596438 0.012947138741740621
v -0.12450270002191828 -0.0791692010422472 0.010899804919263822
v -0.12450512410061255 -0.056551520258450907 0.0093637147276186064
v -0.12450665343326937 -0.033932684088912868 0.0083389902035582199
v -0.12450727050199384 -0.011313119931491327 0.0078257164807391567
v -0.12450677995860078 0.011306709343863691 0.0078255062819080103
v -0.12450518809340265 0.033926304515407325 0.0083385059072388652
v -0.12450272606304119 0.056545197029895897 0.0093629651116389854
v -0.12449940208047353 0.079162956455859676 0.010898798941865651
v -0.12449523139105843 0.10177916429464536 0.01294588604316182
v -0.12449023517557319 0.1243934176922501 0.015504070352586196
v -0.12448443957662633 0.14700533274564573 0.018573163245664878
v -0.1244778748198878 0.1696145473899692 0.022152946066273993
v -0.12447057437688301 0.19222072383729114 0.026243172960718524
v -0.1244625741048017 0.21482355051473678 0.030843573925029628
v -0.12445391129270798 0.23742274343098588 0.035953857959661974
v -0.12444462353398242 0.26001804688543556 0.04157371620774946
v -0.12443474732519799 0.28260923341726729 0.047702824930042659
v -0.12442431625742724 0.30519610286512694 0.054340848138218475
v -0.12441335861314511 0.32777848036561724 0.061487439663557249
v -0.12440189410569896 0.3503562130542659 0.069142244373618947
v -0.12438992939278987 0.37292916514002855 0.077304898157458155
v -0.12437745185313678 0.39549721089745227 0.085975026170254668
v -0.12436442092781096 0.41806022495309142 0.095152238649445414
v -0.12435075608530337 0.44061806902907225 0.10483612337363983
v -0.12433632016348892 0.46317057404344331 0.11502623351963098
v -0.12432089646623605 0.4857175161550219 0.12572206927016863
v -0.12430415754744886 0.50825858498866117 0.1369230510294476
v -0.12428562311134138 0.53079334190527927 0.14862848151777117
v -0.12426460392282453 0.55332116582837454 0.16083749336268693
v -0.12424012810993056 0.575841183863957 0.17354897812697878
v -0.12421084584571657 0.59835218384914646 0.18676149210228801
v -0.12417490828137862 0.62085250614675358 0.20047313378107964
v -0.12412981717898307 0.64333991260245937 0.21468138790569993
v -0.12407224438197215 0.66581143117718311 0.22938293138317184
v -0.12399782994147444 0.68826316893558936 0.24457339332963979
v -0.12390099473653381 0.71069004793939294 0.26024703641477087
v -0.12377483831901709 0.7330853173087406 0.2763962480995143
v -0.12361116636932443 0.75543953190786783 0.29301057603697189
v -0.12340015440330329 0.77773649171807691 0.31007757616747372
v -0.12313140252673084 0.79995599780664817 0.32757290521320437
v -0.12279337635192798 0.82206595277933803 0.34546300592828383
v -0.12236965940810342 0.84401939714341245 0.36369854805595936
v -0.12184375418039364 0.86575416301900432 0.38221264245656839
v -0.12123009125184467 0.88720032286694162 0.40093920244368764
v -0.1206327160968006 0.90831535429039922 0.41984199468170619
v -0.12034570702359838 0.9291647529423801 0.43897892263912286
v -0.12119639463332864 0.95024473362338013 0.45889337454766471
v -0.12644720538566509 0.97536563713815239 0.48371344552547763
v -0.10128947150264178 -0.97871877888937675 0.4840895222697828
v -0.10139785065215517 -0.95706455204637764 0.46315063356184727
v -0.10146723624969731 -0.93512683090594384 0.4424080328386652
v -0.10151149889553357 -0.91298509253723359 0.42195561663347497
v -0.10154040630100578 -0.89070444437875951 0.40186675995261489
v -0.10156042122274501 -0.86833421258282051 0.38219478331500856
v -0.10157556665344077 -0.84590902845153604 0.36297575088596801
v -0.1015882037931761 -0.82345146695291771 0.34423240281881617
v -0.10159964253629572 -0.80097521401214833 0.32597814079625675
v -0.10161057084794123 -0.77848799293180826 0.30822037672261493
v -0.10162133024043293 -0.75599385516353379 0.29096298388633912
v -0.10163207916088138 -0.73349476074382081 0.27420789989425426
v -0.10164288355283076 -0.7109915606318572 0.25795607823773237
v -0.10165376417793816 -0.68848455509734541 0.24220800721443209
v -0.10166472008508554 -0.6659737874679833 0.22696397247251063
v -0.10167573971083536 -0.64345918871338637 0.21222418135098389
v -0.10168680590200119 -0.62094064484335754 0.19798881847646443
v -0.10169789809391803 -0.59841802719736104 0.18425806943745793
v -0.10170899321931397 -0.57589120601502941 0.17103213046367194
v -0.10172006607972442 -0.55336005691272772 0.15831121222984382
v -0.10173108950606768 -0.53082446452713794 0.14609554123473464
v -0.10174203444935466 -0.50828432510606958 0.13438536013687344
v -0.1017528700610697 -0.48573954874735664 0.12318092756583773
v -0.10176356378833788 -0.46319006153956399 0.11248251758698535
v -0.10177408149482094 -0.44063580767937943 0.10229041886996355
v -0.10178438761244124 -0.41807675156989599 0.092604933567032047
v -0.10179444532644746 -0.39551287987521505 0.083426375894549584
v -0.10180421679492993 -0.37294420349388335 0.074755070410299024
v -0.10181366340285293 -0.35037075940694057 0.066591349983525547
v -0.10182274604968708 -0.32779261235246693 0.058935553461091798
v -0.10183142546868067 -0.30520985627649505 0.051788023041049305
v -0.10183966257464989 -0.2826226155099073 0.045149101373736129
v -0.10184741883582227 -0.26003104562264984 0.039019128419879048
v -0.10185465666359482 -0.23743533391050956 0.033398438104706107
v -0.10186133981178148 -0.21483569947582765 0.028287354816242737
v -0.10186743377354773 -0.19223239287139335 0.023686189804119379
v -0.10187290615911244 -0.16962569528501939 0.019595237541658587
v -0.1018777270298597 -0.14701591724885435 0.016014772118248664
v -0.10188186915479262 -0.12440339686045263 0.012945043731186571
v -0.10188530814476897 -0.10178849750242101 0.010386275347304517
v -0.10188802241226347 -0.079171605048706045 0.0083386596063114733
v -0.10188999290486418 -0.056553124556635838 0.0068023560407237281
v -0.10189120257461128 -0.03393347647212714 0.0057774886902513933
v -0.10189163556966074 -0.011313092421436964 0.0052641441873518295
v -0.10189113029519092 0.011307561582160413 0.0052639631264164224
v -0.10188969872337425 0.033927973256629836 0.0057770723826743248
v -0.10188753362511693 0.056547671104316473 0.0068017120686856558
v -0.10188464159146376 0.07916622058785544 0.0083377957423249362
v -0.10188103553796238 0.10178319929168564 0.010385199974546995
v -0.10187673364971522 0.12439820067648806 0.012943766099070294
v -0.1018717584791699 0.14701083745320104 0.016013302425596482
v -0.10186613616494913 0.16962074456595103 0.019593586851245928
v -0.10185989571795624 0.19222758174973364 0.023684369795739724
v -0.10185306831751492 0.21483103560839992 0.028285377374768352
v -0.10184568656143542 0.2374308211505326 0.03339631471435682
v -0.10183778361046848 0.26002668271759405 0.03901686929656583
v -0.1018293921557472 0.28261839423236662 0.045146714211881246
v -0.10182054311500616 0.30520575868095895 0.051785511173501463
v -0.10181126392662433 0.32778860671407578 0.058932913119716955
v -0.10180157625608997 0.35036679420829969 0.066588566187748721
v -0.10179149285249281 0.37294019856079003 0.074752110779405301
v -0.10178101318693863 0.39550871339552046 0.083423181347762013
v -0.10177011736272409 0.41807224122986775 0.092601404405029314
v -0.1017587575998502 0.44063068348083728 0.10228639407343106
v -0.10174684635450232 0.4631839269749114 0.11247774426053854
v -0.10173423982861467 0.48573182586110741 0.12317501622516899
v -0.10172071524932302 0.50827417751421633 0.1343777198983839
v -0.10170593985269813 0.53081069066313491 0.14608528683017466
v -0.10168942900110373 0.55334094360765884 0.15829703204962309
v -0.1016704903278421 0.57586433003479454 0.17101210147617832
v -0.10164815029692709 0.59837998967056572 0.18422940084850448
v -0.10162105924455053 0.62088672088864894 0.19794750153221516
v -0.10158737135876812 0.64338287237588987 0.2121645180802483
v -0.10154459911374963 0.66586620871918289 0.22687795073496703
v -0.10148945323882942 0.68833372939510262 0.24208447572083505
v -0.10141770172468759 0.71078137261941277 0.25777963047281244
v -0.10132409106332597 0.73320344431392959 0.27395726208135113
v -0.10120229209698518 0.75559151691993065 0.29060849644814257
v -0.10104492288948531 0.77793189644684246 0.30772120943834647
v -0.1008440417655809 0.80020481204922955 0.32527627740797327
v -0.10059030245257124 0.82238267716076963 0.34324360650512042
v -0.10027472515331805 0.84442714868400603 0.36158323923845209
v -0.099906831811228419 0.8662985329771512 0.38025225100075472
v -0.099552130176147474 0.887983761543646 0.39923311436386522
v -0.099380731156607865 0.9095501923815863 0.41860326351980798
v -0.099726733311973514 0.93129655668781119 0.43865770796941944
v -0.10102979579943067 0.95400847433078018 0.46018186702513653
v -0.10163636943709382 0.97736445967670993 0.4827930745063187
v -0.0787894347375242 -0.97872179943240978 0.48206630610879309
v -0.078877887389454698 -0.95706963501027198 0.46112511579218707
v -0.078933561398499857 -0.93513328341269986 0.44038090171810074
v -0.078968563573961773 -0.91299243824371468 0.41992733639279017
v -0.078991215448289936 -0.89071237195980524 0.39983762577363913
v -0.079006882847778112 -0.86834252813524748 0.3801649704459672
v -0.079018817408674238 -0.84591761611701544 0.36094535455251464
v -0.079028876387981534 -0.82346025932138189 0.34220146798117212
v -0.079038063145586701 -0.80098417170735603 0.32394668264870541
v -0.079046891744829123 -0.77849709158360791 0.30618839382504681
v -0.079055611665587402 -0.75600307765821428 0.28893046603880962
v -0.079064336134451407 -0.73350409289365681 0.27217483259500941
v -0.079073110877803068 -0.71100098888126162 0.25592244509691486
v -0.079081949042364277 -0.68849406535704893 0.24017379123322302
v -0.07909084814651364 -0.66598336453651041 0.22492915673592773
v -0.079099797986174225 -0.64346881598989392 0.21018874943895827
v -0.079108784186730396 -0.6209503041814789 0.19595275475084495
v -0.079117789741804265 -0.59842769882890301 0.1822213592813878
v -0.079126795658148744 -0.5759008685123993 0.1689947605080149
v -0.07913578122254955 -0.55336968717798063 0.15627317058104645
v -0.079144724120980683 -0.53083403780405836 0.14405681770901094
v -0.079153600510080441 -0.50829381501532467 0.13234594650118883
v -0.079162385083741002 -0.48574892734614888 0.12114081778400994
v -0.079171051153183736 -0.46319929940762739 0.11044170806801895
v -0.079179570748695763 -0.44064487403310781 0.1002489087149268
v -0.079187914746914126 -0.41808561440609698 0.090562724810153108
v -0.079196053025583926 -0.3955215061455204 0.08138347373367795
v -0.079203954646607247 -0.37295255931025334 0.072711483421438072
v -0.079211588067349112 -0.35037881027799106 0.064547090313807759
v -0.079218921379348745 -0.32780032344953514 0.056890636994363711
v -0.07922592257271005 -0.30521719272745829 0.049742469530185025
v -0.079232559823463528 -0.28262954271778923 0.043102934533931346
v -0.079238801800029832 -0.26003752960498655 0.036972375977511997
v -0.079244617983419294 -0.2374413416542904 0.031351131796906344
v -0.079249978993670589 -0.21484119930151316 0.026239530337102246
v -0.079254856911765842 -0.19223735479798049 0.021637886694551453
v -0.07925922558118996 -0.16963009138635615 0.017546499021332967
v -0.07926306086584313 -0.14701972198959412 0.013965644859931145
v -0.07926634083124888 -0.12440658739877723 0.010895577580323609
v -0.079269045805507657 -0.10179105394698808 0.0083365229928469686
v -0.079271158269025796 -0.079173510660553739 0.0062886762123293312
v -0.079272662523506898 -0.056554365894063388 0.0047521988516811978
v -0.07927354410613284 -0.03393404348650466 0.0037272166247648321
v -0.079273788939248552 -0.011312978518717749 0.0032138174348032736
v -0.079273270670527987 0.011308360765907499 0.00321366707912479
v -0.079272006150066784 0.033929449613778931 0.0037268719153330221
v -0.079270149023791911 0.056549814552304088 0.0047516660870938312
v -0.079267704168161035 0.079169017763100535 0.0062879618754018724
v -0.079264681993737707 0.10178663369241038 0.0083356340822858827
v -0.079261097443660292 0.12440225281140437 0.010894521825838402
v -0.079256969175865194 0.1470154850400574 0.0139644308058487
v -0.079252318878656414 0.16962596281805256 0.017545135979612454
v -0.079247170662894578 0.1922333437656161 0.02163638457574775
v -0.079241550483958492 0.21483731287052563 0.026237899362973622
v -0.079235485551063078 0.23743758414609797 0.031349382081860465
v -0.079229003679310975 0.2600339017112378 0.036970516939133113
v -0.079222132532258405 0.28262604024416138 0.043100974054785683
v -0.079214898687994861 0.30521380475452331 0.049740412740073778
v -0.07920732643692513 0.32779702960185131 0.056888484466612002
v -0.079199436181385266 0.35037557665800889 0.064544835359570216
v -0.079191242252071803 0.37294933246373702 0.07270910800640619
v -0.079182749879087397 0.39551820415940131 0.081380942310394125
v -0.079173950949885039 0.4180821138724396 0.090559975027510273
v -0.079164818044765425 0.44064099111267208 0.10024583749640013
v -0.07915529605385821 0.46319476255542297 0.11043815089288198
v -0.079145290438093929 0.48574333837582234 0.12113651810019482
v -0.07913465089152627 0.50828659403235676 0.13234051097124547
v -0.079123148787131323 0.53082434608462592 0.14404965135840919
v -0.079110446342736299 0.55335632027805148 0.15626338379413676
v -0.079096054940077917 0.5758821097567457 0.1689810371255592
v -0.079079279513876721 0.59840112091044706 0.18220177175981425
v -0.079059145575249526 0.62091250402643594 0.19592450848596576
v -0.079034305966628984 0.6434150648404845 0.21014783367691214
v -0.079002928583151749 0.66590714703215315 0.22486987126662064
v -0.078962577582594201 0.68838645493372352 0.24008809664980352
v -0.078910114309846582 0.71084974054399686 0.25579903087075073
v -0.078841625253852743 0.7332922168457231 0.27199769207581381
v -0.078752446554304606 0.75570660953344315 0.28867670027055464
v -0.07863746846816605 0.77808179758054952 0.30582527548148269
v -0.078490953500248692 0.80040039335150071 0.32342884607569117
v -0.078307997170782809 0.82264140285048781 0.34146354622680358
v -0.078092429962185392 0.84478102220350937 0.35990407673075936
v -0.077876350696108473 0.86680963980461256 0.3787373426076685
v -0.07774236598893132 0.88876373153197952 0.39799421688496189
v -0.077825990104694695 0.91076991629136894 0.41779547125493222
v -0.078233820237268811 0.9330550812267987 0.43836594461030787
v -0.078683044887522632 0.95564785147998543 0.45973374361668029
v -0.078771575464562857 0.97812543731707069 0.48147503936347263
v -0.056289195932293347 -0.97872421175483015 0.4805487258037715
v -0.05635758340503013 -0.95707367387100628 0.45960571258009947
v -0.056399451006273832 -0.93513838960899598 0.43886023324759554
v -0.05642512650191199 -0.9129982334406469 0.41840577265520296
v -0.056441474114133007 -0.89071861271429331 0.39831539827076312
v -0.056452755182654052 -0.86834906501751208 0.37864221444503293
v -0.056461445187789699 -0.84592436096129453 0.35942214231441433
v -0.056468894570989511 -0.82346716129406783 0.34067783284732217
v -0.056475798531634133 -0.8009912012051903 0.32242263524034237
v -0.056482496358945353 -0.77850423017862258 0.30466393221417687
v -0.056489145057630134 -0.75601031222508708 0.28740558175066294
v -0.056495812424102246 -0.73351141237586714 0.27064951396671055
v -0.056502523880198975 -0.71100838259615529 0.25439667908341457
v -0.056509284934105099 -0.68850152213960536 0.2386475643632312
v -0.056516091584879483 -0.66599087231488707 0.22340245563285221
v -0.056522935020335369 -0.64347636157387778 0.20866156113435377
v -0.056529803692598815 -0.62095787315401163 0.19442506690713823
v -0.056536684215327281 -0.5984352754891531 0.18069316038023667
v -0.056543561744173791 -0.57590843584802265 0.16746604002979892
v -0.05655042013937505 -0.55337722685797441 0.15474391918601346
v -0.056557242043888824 -0.53084153018978408 0.14252702742358214
v -0.056564008936030252 -0.50830123918988013 0.13081561090963381
v -0.056570701182551392 -0.48575626116327958 0.1196099322240734
v -0.056577298103729801 -0.46320651956164277 0.10891026982815458
v -0.056583778055832624 -0.44065195615121105 0.098716917230163598
v -0.056590118533593151 -0.41809253316428785 0.089030181853119575
v -0.056596296294009495 -0.39552823540885457 0.079850383596890673
v -0.056602287501966442 -0.37295907229776065 0.071177853086614534
v -0.056608067897527307 -0.35038507975198541 0.063012929603703319
v -0.056613612984098241 -0.3278063219283936 0.055355958702476879
v -0.056618898235971965 -0.30522289272022302 0.048207289523646599
v -0.05662389932296491 -0.28263491697814808 0.041567271825009203
v -0.05662859234889419 -0.26004255140132565 0.035436252759442122
v -0.056632954099335407 -0.23744598505153502 0.029814573440215968
v -0.056636962292141685 -0.21484543944933832 0.024702565343242756
v -0.056640595821068403 -0.19224116821858483 0.020100546604547843
v -0.056643834977850464 -0.16963345625334711 0.016008818278366171
v -0.056646661630634323 -0.14702261838781894 0.012427660626433672
v -0.056649059326894048 -0.12440899755375932 0.0093573295124323164
v -0.056651013278685936 -0.10179296241332243 0.0067980529779920786
v -0.056652510181765196 -0.07917490446319822 0.0047500280791389661
v -0.056653537823587459 -0.056555234625487213 0.0032134180643613014
v -0.056654084451454423 -0.033934379371588871 0.0021883499751751407
v -0.056654137892117602 -0.011312776458661473 0.0016749127438495817
v -0.056653608402610925 0.011309104558667281 0.0016747945333211724
v -0.056652516875081722 0.033930727128598556 0.0021880801501167444
v -0.056650977349146522 0.056551616861552453 0.0032130015539090086
v -0.056648992878554891 0.079171333590140086 0.004749469980220686
v -0.056646571165965484 0.10178944946908454 0.0067973587968830698
v -0.056643723664675405 0.1244055527028175 0.0093565053305827255
v -0.056640464872276197 0.14701925103815316 0.012426713171990197
v -0.056636811736310758 0.16963017493859708 0.016007754902127528
v -0.056632783131755862 0.19223798033898823 0.020099375166698238
v -0.056628399383907992 0.21484235091646983 0.024701294016200376
v -0.056623681805597709 0.23744299983441911 0.029813210422924102
v -0.056618652213050971 0.26003967092573793 0.035434805880462758
v -0.056613332379889428 0.28263213928531522 0.041565747985996764
v -0.056607743380069381 0.30522021123931808 0.048205693898919051
v -0.05660190475471151 0.3278037236496939 0.055354293559361022
v -0.05659583341197115 0.35038254249305129 0.063011192534049049
v -0.056589542130387402 0.37295656062044219 0.071176034330903276
v -0.056583037480765333 0.39552569455446063 0.07984846198298455
v -0.056576316904600431 0.41808988010786718 0.089028118640558443
v -0.056569364581917331 0.44064906650828761 0.098714646819372254
v -0.056562145580292461 0.46320320858046565 0.10890768582422126
v -0.0565545975906711 0.4857522563649605 0.11960686668837311
v -0.056546619314674605 0.50829614133457279 0.13081180372904647
v -0.056538054263378282 0.53083475810384462 0.14252208150438933
v -0.056528668353012228 0.55336794021353641 0.15473723555747329
v -0.056518119242942033 0.57589542821899586 0.16745672484196994
v -0.056505914902179849 0.59841682792294326 0.18067989313917807
v -0.056491358651951998 0.62093155592987659 0.19440591595438045
v -0.056473479025187158 0.64343876723915583 0.20863372734351374
v -0.056450947514913308 0.66593725109366431 0.22336191475989534
v -0.056421996336412324 0.68842526092188627 0.23858855394654874
v -0.056384349896039548 0.71090021090446753 0.25431092591293164
v -0.056335206208740947 0.73335817264390502 0.27052504812848954
v -0.056271382894751018 0.75579320156137353 0.28722501885055296
v -0.056189532900154583 0.7781965556425301 0.30440219066047786
v -0.056086665707081838 0.800555145013368 0.32204572935707398
v -0.055963664093686853 0.82285583502976212 0.34014033504902991
v -0.055834142553277004 0.84509054206777134 0.3586755941541942
v -0.055734980682692718 0.86727157928417598 0.37765950719780184
v -0.055725350314036852 0.88944820861631879 0.39713539579093382
v -0.055851670201505145 0.91170093926670004 0.41717922602703106
v -0.056060780975626147 0.93406042804920075 0.43782267366786359
v -0.056204348761150491 0.95639564934908694 0.45894021239191596
v -0.0562198471436283 0.97844990900111073 0.48027282990422882
v -0.033788799028125538 -0.97872600827955525 0.47953678945833733
v -0.033837015646969712 -0.95707665566539768 0.45859243782770803
v -0.033865006318059547 -0.9351421327344337 0.43784604552100187
v -0.03388130665010438 -0.9130024586753912 0.41739094667093063
v -0.033891314442786188 -0.89072314522313223 0.39730010124104698
v -0.033898180671290225 -0.86835380029013087 0.37762654133733969
v -0.033903601078597828 -0.84592923878114701 0.35840614229259671
v -0.033908417226098178 -0.82347214754277609 0.33966152761636337
v -0.033913015025241522 -0.80099627612371183 0.32140603089884257
v -0.033917558406740954 -0.77850938131725034 0.30364702643596381
v -0.033922111613018661 -0.75601553046726566 0.28638836789826111
v -0.033926696878799387 -0.73351668981207452 0.26963198334111577
v -0.033931319269304525 -0.71101371143406611 0.25337882211694396
v -0.033935976643091698 -0.68850689416091748 0.23762937124919623
v -0.033940663491485119 -0.6659962786069874 0.2223839166726779
v -0.033945372420290235 -0.64348179239526471 0.20764266695189748
v -0.033950094745693576 -0.62096331786451153 0.19340580860575585
v -0.033954820748842332 -0.59844072251320479 0.17967352967870853
v -0.033959539791755776 -0.57591387265749128 0.16644602939335118
v -0.033964240375847471 -0.55338263996943515 0.1537235219590693
v -0.033968910179392325 -0.53084690517499655 0.14150623796634881
v -0.033973536091642435 -0.50830656069976787 0.12979442473847674
v -0.033978104252617942 -0.48576151296632819 0.11858834615453519
v -0.033982600103290711 -0.46321168459778728 0.10788828211883607
v -0.033987008448685338 -0.44065701660220807 0.097694527725235791
v -0.033991313535258819 -0.41809747054137242 0.088007392120877867
v -0.033995499143229725 -0.3955330306581929 0.078827197061461921
v -0.033999548694022573 -0.37296370592384881 0.070154275149682921
v -0.034003445372540866 -0.35038953195871458 0.06198896775294075
v -0.034007172263517897 -0.32781057277701597 0.054331622603262845
v -0.034010712500684284 -0.30522692230290854 0.04718259109065668
v -0.0340140494268951 -0.28263870560522769 0.040542225270353699
v -0.034017166762596654 -0.26004607979965211 0.034410874614258471
v -0.034020048778907651 -0.23744923457061634 0.028788882546971081
v -0.034022680469812265 -0.21484839227094996 0.023676582816506007
v -0.034025047714972924 -0.19224380756434209 0.019074295758692888
v -0.03402713741976833 -0.16963576658320728 0.014982324521641799
v -0.034028937611767833 -0.14702458558088444 0.011400951322253675
v -0.034030437463311712 -0.12441060906199275 0.0083304338107748031
v -0.034031627200720165 -0.10179420738100692 0.0057710016225921631
v -0.034032497856733492 -0.079175773812105735 0.0037228531992445908
v -0.03403304082831754 -0.056555721115593288 0.0021861529618239935
v -0.034033247216056654 -0.033934477650928982 0.0011610289171375926
v -0.034033106931127981 -0.011312483100519778 0.00064757076876329649
v -0.034032568102146651 0.011309792573358259 0.00064748609044589954
v -0.034031654817255716 0.033931801826777318 0.0011608370868925345
v -0.034030441246287658 0.056553070601649352 0.0021858574403432855
v -0.034028928409160684 0.079173157455753346 0.0037224575965354857
v -0.034027121021499546 0.10179163309699364 0.0057705098522886225
v -0.034025026802820865 0.12440808414430177 0.0083298501966820471
v -0.034022655878592455 0.14702211678331803 0.011400280646988155
v -0.034020020239486005 0.16963336005393462 0.014981572013894698
v -0.034017133279444237 0.19224146868122097 0.019073467021183961
v -0.034014009400891186 0.21484612540513656 0.023675683697495311
v -0.034010663659134216 0.23744704278096201 0.028787918953134123
v -0.034007111413104786 0.26004396443001915 0.034409852251683651
v -0.034003367947976516 0.28263666572396351 0.040541149283516119
v -0.033999448031532382 0.30522495388653526 0.047181465545318949
v -0.033995365357092487 0.32780866749269788 0.054330449725114041
v -0.0339911318090894 0.35038767533397497 0.061987746783890484
v -0.033986756460854979 0.37296187459745705 0.070153000610020139
v -0.03398224417513912 0.39553118827103645 0.078825856097304692
v -0.033977593622538514 0.41809556163510231 0.088005960456954899
v -0.033972794456278592 0.44065495762669049 0.097692963511861297
v -0.033967823277127523 0.46320935076066888 0.10788651663048068
v -0.033962637881667021 0.48575871915802443 0.11858626982814002
v -0.033957169101555766 0.50830303405764488 0.12979186638456663
v -0.033951309301151582 0.53084224596963159 0.14150293408578163
v -0.033944896297968818 0.55337626636166315 0.15371907188378714
v -0.033937691108725215 0.57590494345174759 0.16643983036603888
v -0.033929347569647633 0.59842803023377555 0.179664683883136
v -0.033919371939220677 0.62094514176683258 0.19339299115973441
v -0.033907072215531943 0.64345569534362235 0.20762393852701785
v -0.033891501440907357 0.66595881854469074 0.22235645316773281
v -0.033871405912747156 0.68845319432703256 0.23758906032085647
v -0.033845191191275471 0.71093680448869578 0.25331964732126067
v -0.033810970582328806 0.73340656970910822 0.26954512006042303
v -0.033766733266530381 0.75585793201715779 0.28626097230283093
v -0.033710704326521256 0.77828453146418042 0.30346088142432592
v -0.033642668549552987 0.80067798398474332 0.32113785082389296
v -0.03356769887329767 0.8230328067634336 0.3392840696557784
v -0.033501313365522277 0.84535103100846187 0.35789895310191877
v -0.03346991217915022 0.86764958106204804 0.37699545967688758
v -0.033498076274685783 0.88995753339926431 0.39659895156920283
v -0.033580537933720234 0.91228844621130634 0.41672243608159526
v -0.033669779709673699 0.93459432446915003 0.43732109462437668
v -0.03371694484439864 0.95675002629144612 0.45827142199208865
v -0.033719585125173639 0.97859719215568808 0.47940630996943706
v -0.011288289301833553 -0.9787271830866614 0.47903050289489429
v -0.011316262132698677 -0.95707856878297093 0.45808529985159441
v -0.011330325225757866 -0.93514449014512946 0.43733834190319054
v -0.0113372106167655 -0.91300506457369979 0.41688284114993623
v -0.011340848840111065 -0.890725869753766 0.39679167576573077
v -0.011343286656220471 -0.8683565683902239 0.37711783900893081
v -0.011345440515020384 -0.84593202962667013 0.35789720197026514
v -0.011347631195260378 -0.82347498201897429 0.33915239362829458
v -0.011349920684560463 -0.80099918719534369 0.32089673998606411
v -0.011352292780761577 -0.77851238685817581 0.30313759351614833
v -0.011354724381748262 -0.75601862593799907 0.28587878615284956
v -0.011357199627773781 -0.73351985717196755 0.26912223488977161
v -0.011359707250958402 -0.71101693042732184 0.252868888221777
v -0.011362238003999896 -0.68851014810907796 0.2371192369183947
v -0.011364783927032981 -0.66599955508355335 0.22187357097401675
v -0.011367338013172548 -0.64348508179776875 0.20713210180613906
v -0.011369893776533056 -0.62096661188943447 0.1928950176428689
v -0.011372444838294993 -0.59844401315858908 0.17916250756487767
v -0.011374984645224519 -0.575917151706826 0.16593477153970976
v -0.011377506321846418 -0.55338589876560051 0.15321202444542495
v -0.011380002611791661 -0.53085013453893981 0.14099449756536417
v -0.011382465868424799 -0.50830975091556596 0.12928243898155625
v -0.011384888071412096 -0.48576465379761574 0.11807611341347994
v -0.011387260858360221 -0.46321476532189659 0.10737580169246783
v -0.011389575567223883 -0.44066002605734211 0.097181799926158788
v -0.011391823287972922 -0.41810039718543418 0.087494418359600756
v -0.011393994922962577 -0.3955358626389161 0.07831397992568799
v -0.011396081255633203 -0.37296643116002837 0.069640818476675748
v -0.011398073027048794 -0.35039213823218646 0.061475276692852146
v -0.011399961019546571 -0.32781304783475063 0.053817703671286882
v -0.011401736146463557 -0.30522925396824591 0.046668452205900685
v -0.011403389546516868 -0.28264088189689074 0.040027875779407307
v -0.011404912680862807 -0.26004808905672233 0.033896325297607943
v -0.011406297429964159 -0.23745106558109419 0.028274145606655223
v -0.011407536185809877 -0.21485003440076128 0.023161671843760789
v -0.011408621932201773 -0.19224525088260649 0.01855922568083165
v -0.011409548301038406 -0.16963700197822143 0.014467111528162123
v -0.011410309585386313 -0.14702560486008134 0.010885612771349589
v -0.011410900681624217 -0.12441140502984041 0.0078149881193281985
v -0.011411316926208103 -0.10179477389387101 0.00525546814523548
v -0.011411553791621683 -0.079176105818766426 0.0032072521042633959
v -0.011411606412494302 -0.056555814701011432 0.0016705051119510267
v -0.011411468923106885 -0.033934330097518853 0.00064535576101877633
v -0.011411133584896017 -0.011312092946517728 0.00013189424600323723
v -0.011410587624673025 0.011310427209464229 0.0001318445449408441
v -0.011409857485150478 0.033932672965773646 0.0006452450710986256
v -0.011408977252805845 0.056554172308371321 0.0016703353066115051
v -0.011407945437417926 0.079174483607291374 0.0032070252008902732
v -0.011406763439888461 0.10179317674899825 0.0052551863652201217
v -0.011405435081609327 0.12440983737998804 0.0078146539283365322
v -0.011403965985835401 0.14702407073397353 0.010885228895342726
v -0.01140236304697362 0.16963550500174621 0.014466680942412312
v -0.011400634014301555 0.19224379420923535 0.018558751568961075
v -0.011398787170039558 0.21484862058061643 0.023161157524272731
v -0.011396831068966922 0.23744969637113877 0.028273594423048335
v -0.011394774305587996 0.26004676515891878 0.033895740462800812
v -0.011392625276882931 0.28263960258824189 0.040027260155091136
v -0.011390391909100087 0.30522801655927323 0.046667807982013476
v -0.011388081313048252 0.32781184685894227 0.053817031888284121
v -0.011385699322248571 0.35039096422261479 0.061474576516269058
v -0.011383249850690549 0.37296526880325126 0.069640086084088018
v -0.01138073397994668 0.39553468800128033 0.078313206792643947
v -0.0113781486462934 0.41809917357132281 0.087493588622301985
v -0.011375484743369071 0.44065869786754958 0.097180886339199107
v -0.011372724379566327 0.46321324901344629 0.10737475946873185
v -0.011369836925192734 0.48576282467887139 0.11807487090205084
v -0.011366773344451676 0.50830742401165496 0.12928088367113089
v -0.011363458122605207 0.53084703709646897 0.14099245524831955
v -0.011359777862304115 0.553381631093671 0.15320922848457597
v -0.011355565346048644 0.57591113191661425 0.16593081797016629
v -0.011350577675319906 0.5984353997638765 0.17915679006329979
v -0.01134446749079787 0.62095419541954644 0.19288663365539471
v -0.011336748156787034 0.64346713073006168 0.20711971594501788
v -0.011326767709257658 0.6659735896392357 0.22185521188306609
v -0.011313652913070031 0.68847260060276527 0.23709198842880763
v -0.011296328834475346 0.71096265103028167 0.25282843161229901
v -0.011273623919315768 0.7334414658745021 0.26906222391168588
v -0.01124445285486979 0.75590582044956967 0.28579011967793999
v -0.011208381140899913 0.77835134763787717 0.30300831912434978
v -0.011167024561626888 0.80077432366581924 0.32071226689187854
v -0.011126539410843185 0.82317373156754736 0.33889940614870173
v -0.011098451706428428 0.84555412771643856 0.35757203886807093
v -0.01109564111830497 0.86792485378391204 0.37673707044160049
v -0.011122148987789893 0.89028946880961612 0.39639704809045151
v -0.011164989023108252 0.91262559905718676 0.41653094582998973
v -0.011201593076995878 0.93486926607981991 0.43707645918605392
v -0.01121945590511475 0.95692040334417516 0.45793066117867898
v -0.011225163307951222 0.97866590955171873 0.47896874177617232
v 0.011212300326946742 -0.97872771651274293 0.47902985427696021
v 0.011204683713775041 -0.95707928007901577 0.45808418251796318
v 0.011204736089568238 -0.93514494298448514 0.43733664862416494
v 0.0112074179826609 -0.91300472975590685 0.41688025726027117
v 0.011210038737410015 -0.89072440449654511 0.39678800151690452
v 0.011211603272037818 -0.86835415850888187 0.37711331503202344
v 0.011212229499608418 -0.84592935247443646 0.35789245551535009
v 0.011212414532380125 -0.82347277301376454 0.33914804735117454
v 0.011212486053196741 -0.80099785076902741 0.32089309780683345
v 0.011212510824943827 -0.77851193988536527 0.3031346276336101
v 0.011212449611540002 -0.75601886546737862 0.28587630019045263
v 0.011212277396385955 -0.73352053767031244 0.26912001493187915
v 0.011212007956851679 -0.71101785698142816 0.25286677355967868
v 0.011211674250421579 -0.68851119635916613 0.23711712934097701
v 0.011211307971931447 -0.66600065635559091 0.2218714183737982
v 0.01121093134870477 -0.6434862015524776 0.20712987910792699
v 0.011210557599636408 -0.6209677332922604 0.19289271338576269
v 0.011210194116082426 -0.59844512743436207 0.179160116456198
v 0.011209845245207111 -0.57591825333628477 0.16593229092795433
v 0.011209513968200776 -0.55338698336636238 0.15320945284437729
v 0.011209202724884418 -0.53085119801944192 0.14099183410416052
v 0.011208913761109315 -0.50831078916933181 0.12927968322929481
v 0.011208649252331251 -0.48576566260917448 0.11807326534244759
v 0.011208411333395065 -0.46321574035170243 0.10737286168850699
v 0.011208202091616363 -0.44066096285637085 0.097178768813114505
v 0.0112080235457601 -0.41810129122226486 0.087491297426297146
v 0.011207877619338171 -0.39553670933354101 0.07831077095122653
v 0.011207766111404489 -0.37296722592240789 0.069637523752203778
v 0.011207690666273839 -0.3503928765046761 0.061471899038671576
v 0.011207652743094725 -0.32781372513776963 0.053814246448408654
v 0.011207653586147935 -0.30522986594850821 0.046664919321257728
v 0.011207694196874812 -0.28264142437736978 0.040024271684034059
v 0.011207775308961805 -0.26004855808729371 0.033892654977207337
v 0.011207897368486453 -0.23745145748845001 0.028270414564118808
v 0.01120806052251528 -0.21485034583563881 0.023157886073404507
v 0.011208264622202684 -0.19224547886150678 0.018555391634406497
v 0.011208509250962726 -0.16963714391579673 0.014463236073235013
v 0.011208793794583614 -0.14702565858836397 0.010881703143681545
v 0.01120911757662434 -0.12441136880373131 0.0078110518725394585
v 0.011209480086184475 -0.10179464639047603 0.0052515131028309141
v 0.011209881323639368 -0.079175886149568081 0.0032032863197187819
v 0.011210322282384149 -0.056555502464863294 0.0016665368408328492
v 0.011210805571653602 -0.033933925502235875 0.00064139344512005646
v 0.011211336181474126 -0.011311596996365716 0.00012794650490507466
v 0.011211886255330797 0.011311014286828605 0.00012793341030873523
v 0.011212427955463509 0.033933343683800632 0.00064136729597690195
v 0.011212968101330706 0.0565549236999097 0.0016664978229708105
v 0.011213511444283935 0.079175312524775679 0.0032032347579396912
v 0.011214059961327292 0.10179407970957642 0.0052514494308197211
v 0.01121461375389639 0.12441081053982161 0.0078109766010010699
v 0.011215171746939491 0.1470251099271733 0.010881616837426829
v 0.011215732211589849 0.16963660581252396 0.014463139335568
v 0.011216293134276417 0.19224495206097614 0.018555285090478948
v 0.01121685246734591 0.21484983083615122 0.023157770343182577
v 0.011217408300261068 0.23745095444646194 0.028270290216661088
v 0.011217958987640171 0.26004806665884311 0.033892522457175722
v 0.011218503265380908 0.28264094347836705 0.040024131196684944
v 0.011219040382645125 0.30522939339574368 0.046664770652972268
v 0.01121957027783213 0.32781325710736658 0.053814088685351438
v 0.011220093832015303 0.35039240671180572 0.061471730124381098
v 0.011220613244513775 0.37296674437994787 0.069637339792162883
v 0.011221132593493237 0.39553620048102262 0.078310565123241568
v 0.01122165867164502 0.41810073112111523 0.087491058281986084
v 0.011222202225958957 0.44066031501164293 0.097178477646944664
v 0.011222779785396755 0.4632149495291355 0.10737248849134054
v 0.011223416336169741 0.48576464575017014 0.11807276262563644
v 0.011224149207916397 0.50830942214126518 0.12927897667546265
v 0.011225033672661117 0.53084929644677115 0.14099080853687745
v 0.011226150935369323 0.55338427513502642 0.15320793136609867
v 0.011227619374772888 0.57591433947491211 0.16593000417748935
v 0.011229609892109233 0.59843942670626316 0.17915665758746377
v 0.011232365587577592 0.62095940334987154 0.19288747207369772
v 0.011236173932005102 0.64347402257426489 0.20712194716427879
v 0.011241580071905734 0.66598281359130496 0.22185951594879025
v 0.011249119098188234 0.68848512064492706 0.23709926005784432
v 0.011259456563068312 0.71097986635353483 0.25283998258022478
v 0.011273248175182169 0.73346548442795456 0.26908002697954642
v 0.011290903829148791 0.75593991964946017 0.28581721684132316
v 0.011312000257607337 0.77840096677200077 0.30304905429054646
v 0.011334276572648449 0.80084719169668805 0.3207734257823896
v 0.011352910612759599 0.82327908608226807 0.33898963249929159
v 0.01136155736542443 0.8456987881086041 0.35769839161439759
v 0.011356027151615771 0.86810575493890429 0.37689831127621021
v 0.011338468262186248 0.89048740902007972 0.39657727554268862
v 0.011317140404482407 0.91280869572186218 0.41670146602324803
v 0.011299941293721468 0.93500791865178556 0.4372087601806629
v 0.011287301723214484 0.95700219736777725 0.45801085195804814
v 0.011270773996071091 0.978697980940335 0.47900123526019495
v 0.033713203152837393 -0.97872711937428192 0.47953449050142488
v 0.033726823131357331 -0.95707634789578078 0.45858718795973608
v 0.033741911715780198 -0.93513690204833055 0.43783557635199311
v 0.033753675577903437 -0.91298939831459069 0.41737317730155493
v 0.033760052505082794 -0.89070246170223277 0.39727560989921806
v 0.03376248711291898 -0.868329388799015 0.37759904840991815
v 0.033764051234253252 -0.84590634882848748 0.3583803239130518
v 0.033766647855831881 -0.82345447427263196 0.33964046133016423
v 0.033770303386668317 -0.80098487524683526 0.32139039371132111
v 0.033774225958799434 -0.77850338964213495 0.30363587197472963
v 0.033777781849718629 -0.75601336898799054 0.28638022970001498
v 0.033780756339607657 -0.73351688030868556 0.26962556548290861
v 0.033783220394393673 -0.71101518824358878 0.25337322796312156
v 0.033785343355995111 -0.68850900490067324 0.23762407161679705
v 0.033787280154682783 -0.66599866926920814 0.22237863472195915
v 0.033789134732452604 -0.64348428755778986 0.2076372710943144
v 0.033790964480189797 -0.62096583528999294 0.19340024068176651
v 0.033792796350026057 -0.59844322343940415 0.17966776509915233
v 0.033794640773274105 -0.57591633669619768 0.16644005786457372
v 0.033796500238201764 -0.55338505376379843 0.15371733914072758
v 0.033798373666300272 -0.53084925772896707 0.14149984219711531
v 0.033800258368786688 -0.50830884161470458 0.1297878158755067
v 0.033802150835630547 -0.48576371184318701 0.11858152522098281
v 0.033804047027239381 -0.46321379087866393 0.10788125123673059
v 0.033805942474678261 -0.44065901957224907 0.097687290139905583
v 0.03380783231354386 -0.41809935939068066 0.08799995224882004
v 0.033809711298785107 -0.39553479456926677 0.078819560538101019
v 0.033811573817459237 -0.37296533417277583 0.070146448868303901
v 0.033813413905470713 -0.35039101402557493 0.061980959890819975
v 0.033815225270598513 -0.3278118984629676 0.054323442632553537
v 0.033817001322876891 -0.30522808185175276 0.047174249772189383
v 0.033818735213016447 -0.28263968982700133 0.04053373462889976
v 0.033820419879569519 -0.26004688019323452 0.034402247894189587
v 0.033822048105983597 -0.23744984344141609 0.028780134147711509
v 0.033823612589862127 -0.21484880283817562 0.023667728207794916
v 0.033825106029154339 -0.19224401405000663 0.01906535137665567
v 0.033826521233888768 -0.16963576427261573 0.014973307648462216
v 0.033827851276865648 -0.14702437084519296 0.011391879955520087
v 0.033829089700787393 -0.12441017934347728 0.0083213265335581443
v 0.033830230800649543 -0.10179356116545007 0.0057618774905039529
v 0.033831269997117046 -0.079174910646585148 0.0037137316625858235
v 0.033832204305359541 -0.056554641762801477 0.0021770538358848622
v 0.033833032865727163 -0.033933184508627617 0.0011519724006148601
v 0.033833757324890287 -0.011310981202813705 0.00063857748538843472
v 0.033834305871910157 0.011311497349794954 0.00063861373799564789
v 0.033834652108221071 0.033933693753156725 0.0011520680629529753
v 0.033834846573358113 0.056555140440543654 0.0021772062082269683
v 0.033834896574281903 0.079175396223813588 0.0037139383022092723
v 0.033834807271669799 0.10179403131811246 0.0057621360007365924
v 0.033834582620408352 0.12441063168516418 0.0083216343962404654
v 0.033834226071664628 0.14702480292433523 0.011392234430657028
v 0.033833741063630768 0.1696361736706205 0.0149737057348335
v 0.033833131334560569 0.19224439847962893 0.019065789814350347
v 0.033832401100281198 0.21484916019248079 0.023668203501365476
v 0.03383155513937712 0.237450171778504 0.028780642592088002
v 0.033830598824253988 0.26004717765519325 0.034402785589310349
v 0.033829538129331135 0.28263995448730955 0.040534297469723049
v 0.033828379642078257 0.30522831147129803 0.04717483339717897
v 0.033827130600432534 0.32781209011581819 0.054324042305641786
v 0.033825798982135197 0.35039116353154776 0.061981570278435566
v 0.033824393678153965 0.37296543524115577 0.070147063652210601
v 0.033822924794276392 0.39553483751146007 0.078820171772942857
v 0.033821404143426853 0.4180993291924206 0.088000549325063293
v 0.033819846018340254 0.44065889301962724 0.097687858140689574
v 0.033818268372924253 0.46321353229557655 0.10788176837036059
v 0.033816694595037389 0.48576326680679432 0.11858195885509909
v 0.033815156128643158 0.50830812775427225 0.12978811647617569
v 0.033813696304415233 0.53084815136653507 0.14149993416515716
v 0.033812375858798517 0.55338337070613475 0.1537171071137523
v 0.033811280701284661 0.57591380489773536 0.16643932647347262
v 0.033810532332812157 0.59843944442052166 0.17966626933411295
v 0.033810298415881332 0.62096022998809641 0.19339758269116608
v 0.033810810403416151 0.64347602071121146 0.20763285789861002
v 0.033812372150007507 0.66598654773886046 0.22237159063387424
v 0.033815347034636657 0.68849135512376436 0.23761312474652979
v 0.033820117930881119 0.71098974104364976 0.25335658716929976
v 0.033826982499654032 0.73348073518226897 0.26960083881208491
v 0.033835918964995999 0.75596319392573208 0.286344506601448
v 0.033846167532599787 0.77843610725487189 0.30358618657233399
v 0.033855815062076765 0.80089900872046016 0.3213247718776428
v 0.033861941812366098 0.82335183574623716 0.33955940430626447
v 0.03386184755090494 0.84579303709800213 0.35828795867428459
v 0.03385491890603462 0.86821503401891176 0.37750298160457441
v 0.033843420060491132 0.89059786013252251 0.39718533287275531
v 0.033830709284336263 0.91290381365565632 0.41729778620934277
v 0.033817713682826232 0.93507592868825506 0.43778143529156432
v 0.033800258639530678 0.95704060029745497 0.45855594580891224
v 0.033768562155933164 0.97871248507366781 0.47952250867623764
v 0.056216294367566304 -0.97872109464534784 0.48054072900576245
v 0.056254601385194378 -0.95705474209666386 0.4595804763473752
v 0.056284482062704935 -0.93508957770447909 0.43880641286960864
v 0.056297281750887634 -0.91291486091026941 0.418320338767595
v 0.056295289286943495 -0.89061209153000631 0.39820979373473964
v 0.0562904279935416 -0.86824079978224811 0.37853638690025471
v 0.056292179070573302 -0.84583286514545741 0.3593325998570332
v 0.056301462442475074 -0.82340063982979961 0.34061123530657011
v 0.056314393718303525 -0.80094870404699525 0.32237737429348812
v 0.0563272009311147 -0.77848031577209353 0.30463465377570487
v 0.056337978345523516 -0.7559988454137192 0.2873866295771163
v 0.056346399622248633 -0.7335074170472824 0.27063647836561261
v 0.056352927700285597 -0.71100847458169014 0.2543866600945916
v 0.056358211963123885 -0.68850366679874542 0.23863887370076825
v 0.05636279372265407 -0.66599396128713872 0.22339420339871457
v 0.056367030029829235 -0.64347983906423756 0.20865331691522826
v 0.056371121159492915 -0.62096147804182722 0.19441663745229595
v 0.056375164740889327 -0.59843888921538424 0.18068446402484173
v 0.0563792013677899 -0.57591200300791923 0.16745704373829692
v 0.056383243464855258 -0.55338071778255993 0.15473461004199274
v 0.056387290634107148 -0.53084492481112389 0.14251740083218459
v 0.056391336842593287 -0.50830452062093268 0.13080566611488995
v 0.056395373472591472 -0.48575941334544848 0.11959967076065398
v 0.056399390520854034 -0.46320952650006569 0.10889969506317154
v 0.056403377049237778 -0.4406548017380984 0.098706034280005461
v 0.056407321359800491 -0.41809520121480004 0.089018997615779236
v 0.05641121108028508 -0.39553070977620652 0.079838906809725774
v 0.056415033228280065 -0.37296133702182888 0.071166094378481995
v 0.056418774277929074 -0.35038711922536403 0.063000901529889033
v 0.056422420237268608 -0.32780812107314189 0.055343675757100155
v 0.056425956738847427 -0.3052244371710317 0.048194768126342061
v 0.056429369144416104 -0.28263619326787159 0.041554530279633017
v 0.056432642663887408 -0.26004354714413708 0.035423311183233518
v 0.056435762488877272 -0.23744668911752015 0.029801453662563426
v 0.056438713942037692 -0.21484584212189561 0.024689290774147495
v 0.056441482645332934 -0.19224126132256089 0.020087142074403527
v 0.056444054713302043 -0.16963323323917584 0.015995309853489421
v 0.056446416980479093 -0.14702207436012471 0.012414075409707261
v 0.056448557274452582 -0.12440812924984633 0.0093436954454479918
v 0.05645046474671802 -0.10179176817335159 0.0067843986679750473
v 0.056452130271592002 -0.079173384285482401 0.0047363826759618238
v 0.056453546916234679 -0.056553390453421545 0.0031998112050746659
v 0.056454710472721222 -0.033932215806008505 0.0021748117938861461
v 0.056455620146657781 -0.01131030207147039 0.0016614739208479974
v 0.056456164435708452 0.011311878836321437 0.0016615460474098641
v 0.056456319174762362 0.033933780132336028 0.0021749905525103833
v 0.056456173521589159 0.056554933932476889 0.003200092334360723
v 0.056455737003805538 0.079174900431330658 0.0047367621092210066
v 0.056455017768467154 0.10179325125974044 0.0067848722521816011
v 0.056454023497481361 0.12440957379240909 0.0093442587246494076
v 0.056452762077152711 0.14702347501361923 0.01241472349654957
v 0.056451242040173273 0.16963458488893529 0.015996037385594797
v 0.056449472815343224 0.19224255922423222 0.020087943234517527
v 0.056447464830268065 0.21484708200937858 0.024690159348069316
v 0.056445229512681029 0.23744786724822034 0.029802383112206426
v 0.056442779230053301 0.26004466027675965 0.035424294717839561
v 0.05644012719908157 0.28263723857322115 0.041555560911847401
v 0.056437287389792493 0.30522541206846737 0.048195838699756334
v 0.056434274445122189 0.32780902297130393 0.05534477892779658
v 0.05643110363651338 0.35038794512793203 0.063002029676334878
v 0.05642779087948345 0.37296208293587424 0.071167239400782692
v 0.056424352840551452 0.39553136982838988 0.079840059758492052
v 0.05642080717914439 0.41809576633432333 0.089020148059126961
v 0.056417172986563527 0.44065525769890301 0.098707169269400277
v 0.056413471510973381 0.46320985102123197 0.10890079748822433
v 0.056409727295725083 0.48575957182137031 0.11960071678177041
v 0.056405969911839188 0.50830445988997752 0.13080662122490722
v 0.056402236535271023 0.53084456418754711 0.14251821392741271
v 0.056398575688372969 0.55337993642231265 0.1547352047086078
v 0.056395052458609568 0.57591062268211657 0.16745730586866972
v 0.056391754816490475 0.59843665203201524 0.18068422506474829
v 0.05638880164825761 0.62095802023061231 0.19441565369392011
v 0.056386350230336939 0.64347466649463914 0.20865124851260286
v 0.056384595583690078 0.66598644322537104 0.2233906048308511
v 0.056383754442663227 0.68849308366524875 0.23863322314571703
v 0.056384021603774287 0.71099418133664105 0.25437847802422964
v 0.056385474186153896 0.73348920952615171 0.27062561039919469
v 0.056387899166648631 0.75597761324277235 0.28737377269287318
v 0.056390586861456121 0.77845893515121156 0.30462211076582074
v 0.05639228055004402 0.80093271683053402 0.32236969161264817
v 0.056391531825368373 0.82339762045193976 0.34061479690584801
v 0.056387440734954504 0.84584916388013265 0.3593529400123322
v 0.056380225961248205 0.8682759886112339 0.37857328034370558
v 0.056370848085784006 0.89065552514337554 0.39825392903656637
v 0.056359495772351241 0.91295051078022016 0.41835737891888425
v 0.056343667809198777 0.93510746392058053 0.43882728429243428
v 0.056316777242247484 0.95705735887106802 0.45958719654671309
v 0.056267530640950199 0.97871828944162154 0.48054140945196905
v 0.078727197889947892 -0.97869134849235906 0.48203060299075862
v 0.078794692152891393 -0.95696195811977214 0.46101359023628258
v 0.078823547422424159 -0.9349150114508098 0.44016500332925396
v 0.078802882492659543 -0.9126782503976677 0.41962296726889947
v 0.078764473980947602 -0.89036294790828252 0.39950315548307108
v 0.078747140075129313 -0.86802423467681511 0.37986266896350745
v 0.078760594935425129 -0.84566848898882796 0.3607094057712984
v 0.078792844013338886 -0.82328678795032095 0.34203601696481645
v 0.078829613939805934 -0.80087455873900382 0.32383926998165363
v 0.078862205573870026 -0.77843384584447572 0.30612204898114875
v 0.078887561221118202 -0.75597010343843174 0.28889016659497846
v 0.078906028472368356 -0.73348926626384603 0.27214960766395124
v 0.078919309788310618 -0.71099625346039919 0.2559052150334189
v 0.078929227979810335 -0.68849455422466355 0.24016040405672501
v 0.078937206294959816 -0.66598636722313864 0.2249173705155374
v 0.078944177615041605 -0.64347293003980488 0.21017744215722542
v 0.078950678748313699 -0.62095485016562757 0.19594140342056401
v 0.078956984918088474 -0.59843236409624534 0.18220973552685699
v 0.078963221078085996 -0.57590551191504069 0.16898277017427166
v 0.078969434867192406 -0.55337424174997829 0.1562607768479794
v 0.078975637486446329 -0.53083846629699982 0.14404400731108863
v 0.078981823973134774 -0.5082980911402899 0.13233271604560271
v 0.078987982303483889 -0.48575302844036722 0.12112716863685881
v 0.078994097161995097 -0.46320320380117136 0.11042764461407892
v 0.079000151414233694 -0.44064856022903975 0.10023443785157377
v 0.079006126676211236 -0.41808906092774561 0.09054785585798486
v 0.079012003560224392 -0.39552469162429543 0.08136821846977936
v 0.079017761820433768 -0.37295546266303886 0.072695856133632691
v 0.079023380478884742 -0.35038141092188479 0.064531107840739038
v 0.079028837959587012 -0.32780260153483859 0.056874318738195304
v 0.079034112239492013 -0.30521912938004025 0.049725837435876601
v 0.079039181018726382 -0.28263112028443255 0.043086013031626069
v 0.079044021910229467 -0.26003873189506588 0.036955191885865928
v 0.079048612648392413 -0.23744215416938122 0.031333714186252221
v 0.079052931316734978 -0.2148416094414507 0.026221910352644557
v 0.079056956595918229 -0.19223735202803724 0.021620097341902469
v 0.07906066803519704 -0.16962966734842924 0.017528574920492809
v 0.079064046352359391 -0.14701887054689264 0.013947621980091918
v 0.079067073769174476 -0.12440530462674518 0.010877492976267653
v 0.079069734391892715 -0.10178933812761379 0.0083184145714687401
v 0.079072014650391376 -0.079171362395870012 0.006270582559896239
v 0.07907390381841814 -0.056551788504364472 0.0047341591440530672
v 0.079075394667540974 -0.033931043855077433 0.0037092706243778231
v 0.079076484345894982 -0.01130956843314293 0.0031960055593203713
v 0.0790770219258322 0.011312166016842099 0.0031961122537798791
v 0.079076986375223854 0.033933624152254808 0.0037095296676381917
v 0.07907650417353948 0.056554338717609051 0.0047345648083276541
v 0.079075586872164233 0.079173872087460725 0.0062711292487379099
v 0.079074245454395495 0.10179179807057556 0.0083190964583186259
v 0.079072491208396448 0.12440770618392319 0.010878303742558798
v 0.079070336348267878 0.1470212054815726 0.013948554666078297
v 0.079067794397782776 0.16963192788698575 0.017529621881364602
v 0.079064880372537963 0.19223953101462946 0.021621250285403789
v 0.079061610807348012 0.21484370048315168 0.026223160428587525
v 0.079058003676032051 0.23744415172508768 0.031335052101383223
v 0.07905407824432252 0.26004063129660759 0.03695660802417769
v 0.079049854887959958 0.28263291769176418 0.04308749756583384
v 0.079045354900399489 0.30522082167064046 0.049727380418169473
v 0.07904060030956013 0.32780418611788881 0.056875910157198582
v 0.079035613721149256 0.35038288545457086 0.064532737627076897
v 0.079030418207259132 0.37295682462966512 0.072697514088238255
v 0.079025037263202216 0.39552593771660077 0.081369894075923349
v 0.07901949486334843 0.41809018613364141 0.090549537917772913
v 0.079013815659005171 0.44064955649378179 0.10023611385772943
v 0.079008025379692287 0.46320405806862086 0.11042929972615145
v 0.079002151525684391 0.48575371981929955 0.12112878408012427
v 0.07899622447633263 0.50829858690211527 0.13233426670930554
v 0.078990279181826398 0.53083871648722603 0.14404545835259308
v 0.078984357630600466 0.55337417261327504 0.15626207937912656
v 0.078978512130300049 0.57590501960276763 0.16898385700774934
v 0.078972809400857005 0.59843131324882792 0.18221052035945934
v 0.078967334938277872 0.62095308877005195 0.19594179231233344
v 0.07896219505316629 0.6434703451174324 0.21017737714607257
v 0.078957512182621925 0.66598302728694714 0.22491694412149033
v 0.078953407638622908 0.68849101195684881 0.24016010986196082
v 0.078949962635502025 0.71099410655840489 0.25590642650588968
v 0.078947147180296495 0.73349207221808366 0.2721553845475817
v 0.078944724646859005 0.75598465424583028 0.2889064223512598
v 0.078942191493698174 0.77847151427209527 0.30615886557993521
v 0.078938855530391636 0.80095180829807555 0.32391158347578675
v 0.078934094402762389 0.82342304756712581 0.3421620081418833
v 0.07892763499255484 0.84587897873816598 0.36090416466350889
v 0.078919511175659943 0.8683065779472221 0.38012560990615912
v 0.078909433860538558 0.89068267909536558 0.39980358440445724
v 0.078895650295360331 0.91297096996941374 0.41990100263187458
v 0.07887365860737694 0.93512004034567997 0.44036301812305967
v 0.078835118059438505 0.95706306075377967 0.46111491870568733
v 0.078767094066034132 0.9787196145819792 0.48206213765699751
v 0.10125695364959311 -0.97858343112580615 0.48395204157624683
v 0.10134490525366446 -0.95666637091415396 0.46275992534436255
v 0.10129936544449243 -0.9344314667494571 0.44173287219600299
v 0.10115990052384052 -0.91211321063608641 0.42111280427829528
v 0.10106056623225837 -0.88984439528724635 0.40104118389124627
v 0.10105824704547185 -0.86761763079259901 0.38151181225332637
v 0.10112303497896517 -0.84537788047700468 0.36247135266399233
v 0.10121247955017047 -0.82309010381009717 0.34388972736939172
v 0.10129844245481512 -0.80074649080536087 0.32575926358610502
v 0.10136824496015008 -0.77835268402241486 0.30808672635704809
v 0.10141959968828565 -0.75591940427775994 0.29088343370932673
v 0.10145531794480132 -0.73345742233302158 0.27416034992488858
v 0.10147972565595177 -0.71097550154017863 0.25792619777889847
v 0.10149681384869495 -0.6884799710002506 0.24218717893002414
v 0.10150957918784222 -0.6659750076563653 0.22694736350993186
v 0.10151999645325466 -0.6434631433945025 0.21220925931647755
v 0.10152923950764758 -0.62094577563736664 0.197974342751981
v 0.10153794316155865 -0.59842358818520425 0.1842434710556595
v 0.101546418614513 -0.57589685550041081 0.17101716447706322
v 0.10155480104721012 -0.55336563956654516 0.15829577944743634
v 0.10156313794047674 -0.53082990479268932 0.14607960434811171
v 0.10157143617262314 -0.50828957914607709 0.13436890736241311
v 0.10157968472219979 -0.4857445843885313 0.12316395806946678
v 0.10158786469789297 -0.46319485051694392 0.11246503608300229
v 0.10159595346698264 -0.44064032290008065 0.10227243379748789
v 0.10160392628354223 -0.41808096630309133 0.092586456562227942
v 0.10161175694613737 -0.39551676764844285 0.083407421692674302
v 0.10161941811407556 -0.37294773824341948 0.074735656867329192
v 0.10162688152236231 -0.35037391572197563 0.0665714981102246
v 0.1016341181813427 -0.32779536575681084 0.058915287432404997
v 0.10164109858981762 -0.30521218352617235 0.051767370166918208
v 0.10164779297018588 -0.2826244948953851 0.045128092025171894
v 0.10165417152718732 -0.26003245726642382 0.038997795907117529
v 0.10166020472955087 -0.23743626004938617 0.033376818505996511
v 0.10166586361342145 -0.21483612471402819 0.028265486757595659
v 0.10167112010689396 -0.19223230438704578 0.023664114193054281
v 0.10167594737596355 -0.1696250829724068 0.019572997262632858
v 0.10168032019381984 -0.14701477378867314 0.015992411704732531
v 0.10168421533849278 -0.12440171773776289 0.012922609038655389
v 0.10168761202994464 -0.1017862810388743 0.010363813259847098
v 0.10169049242869094 -0.079168852570330808 0.0083162178123482484
v 0.10169284223564459 -0.056549840850678018 0.0067799829067018988
v 0.1016946514500648 -0.033929670655364848 0.0057552332462905637
v 0.10169591533510475 -0.011308779231628277 0.0052420562241475887
v 0.10169644395863797 0.011312362944720003 0.0052421961529286638
v 0.10169622032784968 0.033933232704602558 0.0057555696167939322
v 0.10169540685938024 0.056553364375421772 0.0067805086076661589
v 0.10169401697883422 0.079172323319125992 0.0083169258066380716
v 0.10169206436880045 0.10178968629406328 0.010364696135582465
v 0.10168956379186796 0.12440504569063474 0.01292365870121959
v 0.10168653165578448 0.14701801331393738 0.015993619210051026
v 0.10168298633434637 0.16962822366663968 0.019574352776021108
v 0.10167894828040172 0.19223533672437698 0.023665607044818765
v 0.1016744399788287 0.21483904021126154 0.028267105562075887
v 0.10166948578761865 0.23743905138360022 0.033378551314236816
v 0.10166411170858336 0.26003511832646697 0.038999630370656825
v 0.10165834512027014 0.28262702076768326 0.045130015555290941
v 0.10165221449759305 0.3052145704186297 0.051769370077778445
v 0.10164574913699635 0.32779761085908504 0.058917351057402326
v 0.10163897890299836 0.35037601699091458 0.066573612878903315
v 0.10163193401157306 0.37294969409060336 0.074737810325522777
v 0.10162464486787409 0.39551857649197153 0.083409601440813635
v 0.10161714198047245 0.41808262592712392 0.092588650075514908
v 0.10160945598215826 0.44064182954505915 0.10227462807783505
v 0.10160161779951729 0.46319619761239583 0.11246721708328571
v 0.10159365903124573 0.48574576087763327 0.12316610985161223
v 0.10158561261843495 0.50829056754552382 0.13437101107963412
v 0.10157751391138321 0.53083067975332143 0.1460816375820376
v 0.1015694022121514 0.55336616935246485 0.15829771766030593
v 0.10156132280520362 0.57589711266511001 0.17101898935876281
v 0.10155332929937382 0.59842358376131033 0.18424519715102894
v 0.10154548542724652 0.62094564594125667 0.1979760865296645
v 0.10153786436398148 0.64346334187629994 0.21221139629458449
v 0.10153054264137554 0.66597668438166147 0.22695084933075327
v 0.10152358471389411 0.68848565157061348 0.24219414414367008
v 0.10151701378546196 0.71099018976271144 0.25794094977369847
v 0.10151076943776961 0.73349021666212366 0.27419089981983708
v 0.101504669467765 0.75598558015391559 0.29094355345509504
v 0.10149841431599917 0.77847585527061813 0.30819822839000005
v 0.10149166376168214 0.80095977847601185 0.32595352117436954
v 0.10148414670425708 0.82343408998534096 0.34420626274589627
v 0.10147566556204476 0.84589164066286393 0.36294967804492256
v 0.10146581967203232 0.86831880957373209 0.38217065466089595
v 0.10145335853406068 0.89069249763505998 0.40184624065862146
v 0.10143522908750066 0.91297716093191839 0.4219397392209337
v 0.10140548477104493 0.93512253647426213 0.44239704129880242
v 0.10135424261028829 0.95706287538500678 0.46314411363716679
v 0.10126687058744965 0.97871848506924497 0.48408669232232759
v 0.12384285858628021 -0.97826639721980069 0.48618187047034783
v 0.12387653853739145 -0.95588903756130639 0.46454675377505023
v 0.12351652399633328 -0.9333380389860928 0.44319718290831545
v 0.12314665205286307 -0.91103751779926667 0.42259213801617168
v 0.12305515389638842 -0.88898720896182948 0.40274056492564209
v 0.1231585596934955 -0.86699034202000447 0.38344376624543391
v 0.12334462756365525 -0.84493687747801272 0.36459156139287091
v 0.12353970995412689 -0.82278900946916911 0.34614805683917699
v 0.12370699333156251 -0.80054494192517101 0.32811653285375636
v 0.12383516615225061 -0.77822040672449622 0.3105124468304778
v 0.12392654591432478 -0.75583429440943617 0.29335471541502417
v 0.12398882514794919 -0.73340326099848918 0.27666087872277934
v 0.12403044916787484 -0.71094071156870753 0.26044474344232399
v 0.1240585550043959 -0.68845665554977487 0.24471636940643257
v 0.12407841508592632 -0.66595808883122665 0.22948263371676803
v 0.12409357374518945 -0.64344956704430423 0.21474796134863791
v 0.12410622910486249 -0.62093383176951866 0.20051504484576119
v 0.12411764207396399 -0.59841239031568383 0.18678545506781594
v 0.12412847869984421 -0.57588598254145773 0.17356009878213613
v 0.12413905874687713 -0.55335491333727505 0.16083952519789657
v 0.12414951670354323 -0.53081926469423135 0.14862411092199729
v 0.12415989550482394 -0.50827901790314856 0.13691416079972762
v 0.12417019580364866 -0.48573411786042281 0.12570995766440002
v 0.1241803995521953 -0.46318450457436383 0.11501178447427302
v 0.12419048039794478 -0.44063012806662633 0.10481993296076188
v 0.12420040798235821 -0.41807095563689489 0.095134706184716214
v 0.12421014966942019 -0.39550697586893652 0.085956418448556157
v 0.12421967128262297 -0.37293820129331412 0.077285394021387441
v 0.1242289374974716 -0.3503646704581771 0.069121965245826048
v 0.12423791213570552 -0.3277864496617926 0.061466470238343604
v 0.12424655844867122 -0.305203634404343 0.054319250266229462
v 0.1242548394183524 -0.28261635054487572 0.047680646845050204
v 0.12426271808368414 -0.26002475512590828 0.041550998593904147
v 0.12427015789260808 -0.2374290368232142 0.03593063789031168
v 0.12427712307798446 -0.21482941598119121 0.030819887374549642
v 0.12428357905495191 -0.19222614420203848 0.026219056361867728
v 0.12428949283784617 -0.16961950346959365 0.022128437229077272
v 0.12429483347679765 -0.14700980480591461 0.018548301848426898
v 0.12429957251892292 -0.12439738647782662 0.015478898145250407
v 0.12430368450815611 -0.10178261178504064 0.012920446855623897
v 0.12430714755149126 -0.079165866461908582 0.01087313855647918
v 0.12430994399353718 -0.056547555705890568 0.0093371310354807783
v 0.12431206124437574 -0.03392810081554444 0.0083125470646795985
v 0.12431349278686793 -0.011307935405670762 0.0077994726421644145
v 0.12431401033452141 0.011312472338295418 0.0077996443774126303
v 0.1243136018063238 0.033932612066713427 0.0083129575337588437
v 0.12431246404154807 0.056552020631115522 0.0093377718234300012
v 0.12431061221178429 0.079170267177076092 0.010874001271589925
v 0.12430806256317505 0.10178693217340389 0.012921522592071759
v 0.12430483318605408 0.12440161160210411 0.015480177128361691
v 0.12430094452091847 0.14701392068602509 0.018549773251247088
v 0.12429641961492206 0.16962349711393734 0.022130089135081878
v 0.12429128416613784 0.1922300037625479 0.026220875838535149
v 0.12428556640422297 0.21483313092860024 0.030821860620201813
v 0.12427929685625685 0.23743259808214784 0.03593275042132657
v 0.12427250803984689 0.26002815514648858 0.041553235447475828
v 0.12426523411658742 0.28261958330896458 0.047682992780388761
v 0.12425751053068641 0.30520669537146838 0.054321689952338374
v 0.12424937365146639 0.32778933565768376 0.06146898841885895
v 0.12424086043477439 0.35036737950257701 0.069124546871314016
v 0.12423200811686962 0.37294073235604069 0.077288024337608383
v 0.12422285395485715 0.39550932853560034 0.085959083026366734
v 0.12421343503019983 0.41807312966212085 0.095137390876094685
v 0.12420378813661681 0.44063212280705799 0.10482262377515883
v 0.12419394978141475 0.46318631836929997 0.11501446741964325
v 0.12418395634045383 0.48573574768262406 0.12571261877247325
v 0.1241738444197221 0.50828046032826391 0.13691678707539148
v 0.12416365147814064 0.530820521086104 0.14862669433890804
v 0.12415341674138405 0.55335600639798843 0.16084207518632074
v 0.12414318235888318 0.57588700015278704 0.17356267585738996
v 0.12413299452124944 0.59841358861951388 0.18678825212145916
v 0.12412290378223585 0.62093585461508416 0.20051856591857184
v 0.12411296325035971 0.6434538715996484 0.21475338087978404
v 0.12410322281540682 0.66596769911870302 0.2294924574246596
v 0.12409371740800573 0.68847738077514198 0.24473554820211887
v 0.12408444870836595 0.71098294141909013 0.26048239181210353
v 0.1240753650692076 0.73348436460889022 0.27673269127717898
v 0.12406635280947025 0.75598149708362028 0.29348603524183609
v 0.12405725306573434 0.77847377572846965 0.31074167012530868
v 0.1240478964051055 0.80095962396748044 0.32849797042598999
v 0.12403810135283851 0.82343534942228236 0.3467514080974603
v 0.12402754038059464 0.84589341494691317 0.36549482032917502
v 0.12401537512197937 0.86832005619067487 0.38471484038706466
v 0.12399961122912503 0.89069238648796589 0.40438850859576092
v 0.12397619665302625 0.91297537769507908 0.42447934407828802
v 0.12393795954653132 0.93511941051728031 0.44493352529010005
v 0.12387355187497676 0.95705932626515344 0.46567719184900386
v 0.12376662805483826 0.97871587597917487 0.48661602063268078
v 0.14671743744649066 -0.97741986860309127 0.48844610545971312
v 0.1462020320798581 -0.95403030380486731 0.46578693134915927
v 0.14492889335772685 -0.93125149896656689 0.44414310031107906
v 0.14456167172838702 -0.90943100032035251 0.42400461907421122
v 0.14469689561823829 -0.88782313695401238 0.40460005297725615
v 0.14503772966541859 -0.86614737829915134 0.38564517048799085
v 0.14542322916260572 -0.844327587341278 0.36704252108598245
v 0.14577089415374131 -0.82235219984368779 0.34878107601650338
v 0.14604898532758312 -0.80023853012573698 0.33088105256603723
v 0.14625496950890399 -0.77801008542441208 0.31337413510947876
v 0.14640037074684234 -0.7556941357651924 0.2962852886758629
v 0.14649967133420289 -0.73331226938595273 0.27963828567800819
v 0.14656621724026772 -0.71088236446208231 0.26345252552170112
v 0.14661076214143048 -0.68841874708247386 0.24774291832209477
v 0.14664130120824764 -0.66593222223939297 0.23252027876074174
v 0.14666340802450534 -0.64343036826482514 0.21779196659279906
v 0.1466807310930438 -0.6209180997633712 0.20356268150013571
v 0.14669550500463208 -0.59839835237897043 0.18983525827156966
v 0.14670900269002907 -0.57587273024815444 0.17661133858606679
v 0.14672189220529108 -0.55334202144431144 0.16389186631927521
v 0.14673449060933139 -0.53080655808468602 0.15167741338682053
v 0.14674692726173394 -0.5082664418703301 0.13996837323384065
v 0.14675923867183452 -0.48572167215479278 0.1287650649593832
v 0.1467714183529189 -0.46317221258405972 0.11806778410641991
v 0.14678344071070354 -0.44061802344800027 0.10787682497164723
v 0.14679527161124481 -0.4180590768355586 0.098192489115701331
v 0.14680687279123039 -0.39549536391625756 0.089015087676500723
v 0.14681820367552242 -0.3729268988539442 0.080344941006405282
v 0.14682922219759692 -0.35035372131023151 0.072182377117755964
v 0.14683988527670946 -0.32777589830174098 0.064527729519054208
v 0.14685014919994713 -0.30519352566867092 0.057381334663484676
v 0.14685996999647519 -0.28260672921438879 0.050743529102096174
v 0.14686930383148603 -0.26001566550485633 0.04461464639469824
v 0.14687810742611168 -0.23742052229506486 0.038995013824854464
v 0.14688633850222146 -0.21482151854731829 0.03388494896957385
v 0.14689395624871074 -0.19221890401290942 0.02928475618161526
v 0.14690092180599995 -0.16961295836142568 0.025194723049734392
v 0.14690719876803279 -0.14700398985872787 0.021615116908085312
v 0.1469127537071685 -0.12439233361160583 0.018546181469047716
v 0.14691755673767401 -0.10177834940707291 0.015988133653255486
v 0.14692158214630305 -0.07916241916953573 0.013941160687161096
v 0.14692480912780298 -0.056544944038167622 0.012405417534354759
v 0.1469272226604128 -0.033926341040850745 0.011381024724834897
v 0.1469288145373491 -0.011307039332943931 0.010868066647494134
v 0.14692931900303369 0.011312496159538369 0.010868268626963492
v 0.1469287297011895 0.033931768472751485 0.011381505716952615
v 0.14692727624494012 0.056550317898269059 0.012406167902900027
v 0.1469249754308857 0.079167718136363446 0.01394217077388895
v 0.14692184592713917 0.10178355410320726 0.015989393154534768
v 0.14691790898796286 0.12439742606681442 0.018547679035268213
v 0.14691318889955213 0.14700895331146321 0.021616839943810775
v 0.14690771317250423 0.16961777729765976 0.025196657680192878
v 0.14690151251917666 0.19222356432471094 0.029286887343401218
v 0.14689462066512812 0.21482600771464769 0.033887260583363533
v 0.14688707404378781 0.23742482953146243 0.038997489014160218
v 0.14687891141682666 0.26001978184178876 0.044617267723699887
v 0.14687017345375483 0.28261064752059856 0.05074627881404413
v 0.14686090229596679 0.30519724060976289 0.05738419490724702
v 0.14685114112412948 0.32777940624574481 0.064530682554829424
v 0.14684093374368606 0.3503570201817699 0.072185405494547855
v 0.14683032420104736 0.37292998793706522 0.080348027705095887
v 0.14681935644246441 0.39549824360993774 0.089018216216835144
v 0.14680807402849883 0.41806174839212146 0.098195643643689476
v 0.14679651991959317 0.4406204888187174 0.10787999040707577
v 0.1467847363527664 0.46317447478073576 0.11807094662617564
v 0.14677276483563828 0.48572373731470653 0.12876821364847824
v 0.14676064628830021 0.50826832616429107 0.13997150518770732
v 0.14674842135796559 0.53080830708062487 0.15168054801924688
v 0.14673613090257281 0.55334375879559339 0.16389508215439924
v 0.14672381655424513 0.5758747695929286 0.17661486038412616
v 0.14671152108519767 0.59840143348059271 0.18983964708747447
v 0.1466992880161111 0.62092384619614993 0.20356921629966998
v 0.14668715962520398 0.64344210158335469 0.21780334923195063
v 0.14667517239321451 0.66595628880758961 0.23254183146502638
v 0.1466633493351113 0.68846648907024777 0.24778444892831405
v 0.14665169036990922 0.7109727639444221 0.2635309771024284
v 0.14664016495725157 0.73347511177164215 0.27978114532045972
v 0.14662871268168343 0.75597334066751587 0.29653453272581537
v 0.14661725067944739 0.77846676916789459 0.31379031261994378
v 0.1466056669265568 0.80095362810971582 0.33154671252588669
v 0.14659375021165857 0.82343001399609927 0.34980001072365058
v 0.14658098567425604 0.84588825252272282 0.36854286683674031
v 0.14656614326774428 0.86831459891595686 0.38776181797578363
v 0.14654661087699131 0.8906863678431205 0.40743391190452583
v 0.14651747482431013 0.91296887044487685 0.42752273578308314
v 0.14647042963417703 0.93511288557911176 0.44797450926822679
v 0.14639269795342075 0.9570536455864892 0.46871530172565962
v 0.14626622441726753 0.97871225939505646 0.48965056573740656
v 0.17145273365704777 -0.97508643564091002 0.49014774285104928
v 0.16618927896698879 -0.94973557401382924 0.46487753982076202
v 0.16527400166981662 -0.92848036153955704 0.44476468685725018
v 0.16547962372999686 -0.90751961623113242 0.42554314843242513
v 0.1660670216949518 -0.88641333817832102 0.40669118831786571
v 0.1667552656539342 -0.86508150189677724 0.38810609011925312
v 0.16739437977521593 -0.84350692678250572 0.36978339224299805
v 0.16792077582887138 -0.82172601978006099 0.3517380195624612
v 0.16832441336274961 -0.79977403646377232 0.33400886816182795
v 0.16862071708111448 -0.7776797614207368 0.31663436621319241
v 0.16883176777570599 -0.75546747340124187 0.29964721453565479
v 0.16897892050815611 -0.73316218125647181 0.28307292456812655
v 0.16907966821806597 -0.71078544723598724 0.26693641648765426
v 0.1691479458376918 -0.68835660295565992 0.25125847872518681
v 0.16919444894902091 -0.6658915310001764 0.23605525449366846
v 0.16922704428949564 -0.64340216735243327 0.22133837885891963
v 0.16925122644745047 -0.62089675923473309 0.20711566651774763
v 0.16927060866612656 -0.5983805672422603 0.19339204051342854
v 0.16928741195760652 -0.57585669123771288 0.18017043828756052
v 0.16930290318451649 -0.55332681121437 0.16745254943046306
v 0.16931774561813204 -0.53079175311427673 0.15523934339911755
v 0.16933225086064976 -0.50825187268128813 0.14353140916333276
v 0.16934654188964404 -0.48570729110621819 0.13232915384709046
v 0.16936064813298324 -0.46315802703835324 0.12163290847250757
v 0.16937455558654671 -0.44060406463302348 0.11144297907446106
v 0.16938823090099445 -0.41804538633520238 0.10175966890401092
v 0.16940163208969086 -0.39548198809997503 0.092583286702189099
v 0.16941471304665959 -0.37291388659018959 0.083914148743890526
v 0.16942742545856335 -0.3503411229287593 0.075752578204027352
v 0.16943971971632482 -0.32776376498467308 0.06809890334365909
v 0.16945154548413055 -0.30518190896323594 0.060953455107408898
v 0.16946285217469947 -0.28259568056103485 0.054316564362455078
v 0.16947358941734628 -0.2600052357486502 0.048188558880118415
v 0.1694837075448998 -0.23741076117505805 0.042569760121790305
v 0.16949315810405982 -0.21481247416885546 0.037460479883946962
v 0.16950189438666893 -0.19221062231295646 0.032861016860493981
v 0.16950987197818448 -0.16960548258044822 0.028771653186654839
v 0.1695170493222867 -0.14699736003485048 0.025192651033753309
v 0.16952338830709923 -0.1243865861127621 0.02212424932681975
v 0.1695288548885947 -0.10177351651357774 0.019566660656286212
v 0.16953341977784106 -0.079158528713177495 0.017520068451890927
v 0.16953705922537271 -0.056542019096540788 0.015984624483585851
v 0.16953975593163911 -0.03392439967980948 0.014960446753271845
v 0.16954150009478142 -0.01130609438719821 0.014447617843187731
v 0.16954198959927491 0.01131243603611924 0.01444784835296007
v 0.16954122454824536 0.033930708501001397 0.014960994316760241
v 0.16953946555612273 0.056548267619815094 0.015985478331132438
v 0.16953673092370128 0.079164692383627458 0.017521217751861305
v 0.16953304159022542 0.10177957285955005 0.019568093810059403
v 0.16952842179246072 0.12439251426419935 0.022125953524381889
v 0.16952289945068214 0.14700314055724112 0.025194612037885852
v 0.16951650629877407 0.16961109752975503 0.028773855302591272
v 0.16950927779755567 0.19221605540213893 0.032863443042285799
v 0.16950125288087117 0.21481771095581184 0.037463111930779655
v 0.16949247358372027 0.23741578921543721 0.04257257892526748
v 0.16948298459509017 0.26001004468829308 0.048191544693549103
v 0.16947283276935282 0.28260026216355943 0.054319697072343756
v 0.16946206662187033 0.30518625707810471 0.060956714494152291
v 0.16945073582804998 0.32776787546386998 0.068102269323024378
v 0.1694388907406908 0.35034499350142689 0.0757560310449195
v 0.16942658193776983 0.37291751671212614 0.083917669265279382
v 0.16941385981148846 0.39548537882625395 0.092586856474040788
v 0.16940077420924537 0.41804854036641542 0.10176327054578745
v 0.16938737413822774 0.44060698698387002 0.11144659694930105
v 0.16937370754748388 0.46316072758053423 0.12163653064558189
v 0.1693598212037411 0.48570979224031918 0.1323327776552477
v 0.16934576067682311 0.50825422997984437 0.1435350562733593
v 0.16933157044118369 0.53079410631171775 0.15524309790075799
v 0.16931729406932439 0.5533295006025144 0.16745664744803779
v 0.16930297442052944 0.57586050322648386 0.18017546326309825
v 0.16928865360430534 0.59838721259545835 0.19339931655931114
v 0.16927437235039217 0.6209097322713929 0.20712799038853436
v 0.16926016832225621 0.64342816836622019 0.22136127822210849
v 0.16924607301247827 0.66594262674744409 0.23609898179536931
v 0.1692321073998789 0.6884532069032443 0.25134090602569492
v 0.16921827763188288 0.71095998240663127 0.26708684347127554
v 0.16920457276262629 0.73346294397056067 0.28333652878387233
v 0.16919096446373966 0.75596185816489658 0.30008952140011608
v 0.16917740030414949 0.77845596325785693 0.31734493992293372
v 0.1691637664725385 0.80094338680106647 0.33510092489308529
v 0.16914977586843336 0.82342013678519976 0.35335365505668159
v 0.16913472008471045 0.84587851139502357 0.37209570666286668
v 0.16911701746638541 0.86830483192229146 0.39131356849850785
v 0.16909350490538361 0.89067657694890567 0.41098426699425256
v 0.1690584711750637 0.91295929896220285 0.43107135800775753
v 0.16900252057778212 0.93510406790499445 0.45152096969580863
v 0.1689114697901386 0.95704643833140823 0.47225897891298518
v 0.16876556788777036 0.97870786698436518 0.49319052933893859
v 0.19682528875304153 -0.98018660073800257 0.49982774517894313
v 0.1844937530022126 -0.9455578411098281 0.46417239293172907
v 0.18520460622944301 -0.9258510568180216 0.4458518333453666
v 0.18620766051799792 -0.90549552178675252 0.42738136898110179
v 0.18734721301653826 -0.8847707555967631 0.40902171653683628
v 0.18842401146209192 -0.86371347935635057 0.39079330472015839
v 0.18931871443994097 -0.84237875203553569 0.37274287467093969
v 0.1900117681602061 -0.82082040327244066 0.35494254940189712
v 0.19053449930485641 -0.79907831115608352 0.33743402915014492
v 0.19092378864634815 -0.77717131394325512 0.32024400465836117
v 0.19120924606799616 -0.75511175616452231 0.30340279769077366
v 0.19141517768055513 -0.73292213084340385 0.28693747143269838
v 0.19156097569073557 -0.71062825153038545 0.27087731394693021
v 0.19166237839857492 -0.68825554240456821 0.25525024784533823
v 0.19173221914842942 -0.66582654065388613 0.24007937661501524
v 0.19178063159465605 -0.64335916804167526 0.22538222411889491
v 0.19181523384741453 -0.62086647030038467 0.21117112644876601
v 0.19184142346713459 -0.59835723658395279 0.19745421530322271
v 0.19186278013041907 -0.57583697289803959 0.18423654643871462
v 0.19188151383929564 -0.55330888655417498 0.1715211122758023
v 0.19189888644667785 -0.53077470695965756 0.1593096281049407
v 0.19191555657197973 -0.50823528763689818 0.14760307905741357
v 0.19193183016024676 -0.48569100509354385 0.13640206638846522
v 0.19194782356065093 -0.46314200020985896 0.12570700796977852
v 0.19196355893747596 -0.44058831225614231 0.11551824429361232
v 0.19197901469090614 -0.41802994754347533 0.10583608939867004
v 0.19199414975911236 -0.39546691230770564 0.096660852789797622
v 0.1920089144771773 -0.37289922784503088 0.087992847424757173
v 0.19202325521187574 -0.35032693754108202 0.079832391486734836
v 0.19203711637587126 -0.32775011039998492 0.07217980749931896
v 0.19205044143648431 -0.30516884306008552 0.065035420286198825
v 0.19206317358017866 -0.28258326106981985 0.058399554373312623
v 0.19207525628192862 -0.25999351968755302 0.052272531071362566
v 0.1920866338648804 -0.23739980427378463 0.046654665347760221
v 0.19209725207480605 -0.21480233027801615 0.041546262557594749
v 0.1921070586727216 -0.19220134280751064 0.036947615095484415
v 0.19211600404328483 -0.16959711577049888 0.032858999032260153
v 0.19212404181796255 -0.14698995059936226 0.029280670804088044
v 0.19213112951803918 -0.12438017457183378 0.026212864023559802
v 0.19213722923190329 -0.10176813875241911 0.023655786481399071
v 0.1921423083508845 -0.079154215566042463 0.021609617404511956
v 0.19214634039334397 -0.056538795992463683 0.020074505033469591
v 0.19214930594211976 -0.033922286345655833 0.019050564582543783
v 0.1921511937035712 -0.011305104599221918 0.018537876648375529
v 0.19215166651820362 0.011312293554470009 0.018538133823362939
v 0.19215073159079193 0.033929439313239752 0.019051174397672267
v 0.1921486786582767 0.056545882447653947 0.020075455679536232
v 0.19214552740178484 0.079161207933399994 0.021610896975917199
v 0.19214130087063949 0.1017750116518323 0.023657382194785401
v 0.19213602608607128 0.12438690439281912 0.026214761732283421
v 0.19212973436876071 0.14699651537040159 0.029282854767109588
v 0.19212246140912581 0.16960349523382248 0.032861451886173815
v 0.19211424712024944 0.19220751859623 0.036950317974725422
v 0.19210513532310386 0.21480828611069536 0.041549195311785136
v 0.19209517331324277 0.23740552611290086 0.046657806814401563
v 0.19208441135161552 0.25999899583752445 0.052275859373089296
v 0.19207290211357944 0.28258848221017557 0.058403047218823452
v 0.19206070012213405 0.30517380222003071 0.065039055261706252
v 0.19204786118502121 0.32775480288682374 0.072183562343924174
v 0.19203444185078797 0.35033136084557875 0.079836244354648478
v 0.19202049889588824 0.37290338158072184 0.087996777161277268
v 0.19200608885305437 0.3954707983467784 0.096664839318983856
v 0.19199126759026053 0.41803357081545978 0.10584011452815077
v 0.19197608994950333 0.44059168348859673 0.11552229381624905
v 0.19196060945507371 0.46314514391309125 0.12571107742635568
v 0.1919448781009645 0.48569398072777586 0.13640617639789362
v 0.19192894622409326 0.50823824156333919 0.14760731382543976
v 0.19191286245913486 0.53077799080835131 0.15931422577866569
v 0.19189667374356803 0.55331330725569494 0.1715266618640372
v 0.19188042529030006 0.57584428166795942 0.18424438541527291
v 0.1918641603747335 0.59837101434852946 0.19746717332146899
v 0.1918479197221917 0.6208936128170266 0.211194815512563
v 0.19183174028907773 0.64341218944425438 0.22542711398236889
v 0.19181565339593157 0.66592685785674011 0.24016388053216448
v 0.19179968254306753 0.68843772399449454 0.25540493024057759
v 0.19178384156504164 0.71094486118985911 0.27115006230584948
v 0.19176813309520174 0.73344824636168138 0.28739900875483271
v 0.1917525438726039 0.75594761412210287 0.30415131119187949
v 0.19173702540553983 0.77844215555081431 0.32140605274349804
v 0.19172143513659287 0.80092994954078534 0.33916132505317187
v 0.1917053956870286 0.82340697615415748 0.35741325449335953
v 0.19168801200485608 0.84586554910080491 0.37615437057816237
v 0.19166737713996951 0.86829206349857313 0.39537112018499254
v 0.19163981208507758 0.89066413414274703 0.41504047646214531
v 0.19159884076185271 0.9129475094997257 0.43512590168280346
v 0.19153400275014928 0.93509351243844441 0.45557335833803175
v 0.19142972919108439 0.95703800721362975 0.4763084627417295
v 0.19126459390610751 0.97870281631174949 0.49723599757495346
v 0.21875954414667634 -0.98018869761478788 0.50438453077895495
v 0.20372985190351178 -0.94307987777125291 0.4655776276943962
v 0.20529562811696622 -0.92336459237586455 0.44749380020230267
v 0.20705909724214183 -0.90329883893302787 0.42951602158629842
v 0.20877740900499997 -0.88278230163155191 0.41153088589221604
v 0.2101841893481794 -0.86189430879432938 0.39358265067802395
v 0.21124802242389229 -0.84078050253931513 0.37581109981656419
v 0.21205450947812055 -0.81950876685131446 0.35830368667683021
v 0.21267453115382282 -0.79806255551033067 0.34107934031291792
v 0.21315256530977333 -0.77641694411089557 0.32414442260284515
v 0.21351928051689673 -0.75457542974110492 0.3075059740074792
v 0.21379495854594907 -0.73255273257694686 0.29119679047705782
v 0.21399798369911119 -0.71038144205406339 0.27524922420456555
v 0.21414393474266127 -0.68809453902020379 0.25969976898818603
v 0.21424675831291706 -0.66572286288920424 0.24458014362142949
v 0.21431847309883797 -0.6432920220024696 0.22991545255557122
v 0.21436887443184033 -0.62082149441847911 0.21572414148092109
v 0.21440545506037129 -0.59832505024355032 0.20201892456482307
v 0.21443357297808777 -0.57581179484252198 0.18880807302514682
v 0.21445679822422381 -0.55328736754427821 0.17609669062127967
v 0.21447733883693554 -0.53075503372495725 0.16388778780491886
v 0.2144964547351027 -0.50821655283136558 0.15218309010479658
v 0.2145148007778814 -0.48567279960718529 0.14098359154732565
v 0.21453267744022447 -0.46312417017810809 0.13028990202870441
v 0.21455019446894721 -0.44057082588654572 0.12010244745749638
v 0.21456736682218583 -0.41801282799628703 0.11042157520855114
v 0.21458416546217271 -0.39545020642701956 0.10124760458462795
v 0.214600541900132 -0.37288299252280066 0.092580848372204247
v 0.21461643921975943 -0.35031123399657255 0.084421620531929087
v 0.21463179683689099 -0.32773500172320735 0.076770237718801856
v 0.21464655262072493 -0.30515439299248048 0.069627018179794442
v 0.21466064400165102 -0.28256953320932243 0.062992279531537798
v 0.21467400873009321 -0.25998057681699832 0.056866336020789575
v 0.2146865855356391 -0.23738770771204806 0.051249495512388298
v 0.21469831477083853 -0.21479113922774104 0.046142056320852366
v 0.21470913906330699 -0.1921911137004273 0.041544303961718342
v 0.21471900397994298 -0.16958790162156656 0.037456507889585822
v 0.21472785870368352 -0.14698180038489117 0.033878918289626442
v 0.21473565672755718 -0.12437313264749965 0.030811762989847419
v 0.21474235657916541 -0.10176224432527295 0.028255244560081726
v 0.2147479225977231 -0.079149502230333985 0.026209537660894448
v 0.21475232579065401 -0.056535291332910617 0.02467478670359026
v 0.21475554479201195 -0.03392001160519223 0.023651103883503305
v 0.21475756692842365 -0.011304074403600411 0.02313856765262403
v 0.21475802149946124 0.011312070450817936 0.023138849489873322
v 0.21475692335111699 0.033927968779238017 0.02365177129786605
v 0.21475458937879136 0.056543176297712223 0.024675826945742576
v 0.21475104051605898 0.0791572846125565 0.026210937856675321
v 0.21474630175165391 0.10176989603715236 0.028256990858604916
v 0.21474040267865391 0.12438062751661626 0.030813840039862407
v 0.21473337776562798 0.14698911405927204 0.033881308993898594
v 0.21472526637032671 0.16959501166531751 0.037459193378436263
v 0.21471611253641096 0.19219799978241883 0.041547263725065835
v 0.2147059646227652 0.21479778332307489 0.046145268443832266
v 0.21469487481422853 0.23739409426561173 0.05125293697025559
v 0.2146828985561961 0.25998669284616421 0.056869983000812495
v 0.21467009394723693 0.28257536834252084 0.062996107760468989
v 0.21465652111605035 0.30515993945344727 0.069631003245115536
v 0.21464224160280224 0.32774025428552245 0.076774355383831955
v 0.21462731776027366 0.3503161899694005 0.084425847070589533
v 0.21461181218703082 0.37288765193593204 0.09258516102146766
v 0.2145957872026259 0.39545457288853558 0.10125198242084864
v 0.21457930437339098 0.41801691151136405 0.1104260013276189
v 0.21456242409649157 0.440574650953305 0.12010691481953298
v 0.21454520524917958 0.46312779712586633 0.13029442885999598
v 0.21452770490872475 0.48567637684891063 0.1409882598760086
v 0.2145099781443458 0.50822043587315213 0.15218813603858358
v 0.21449207787217209 0.53076003680558614 0.16389379823834496
v 0.21447405474373263 0.55329525696923798 0.17610500075204563
v 0.21445595700694364 0.57582618624467785 0.18882151160367741
v 0.21443783024489724 0.59835292494903269 0.20204311262984073
v 0.21441971688484707 0.6208755817271 0.21576959921511099
v 0.2144016554130169 0.64339427103667668 0.23000077941251046
v 0.21438367935409949 0.66590910862381791 0.24473647131694043
v 0.2143658161996928 0.6884202005139175 0.25997649529999373
v 0.21434808623792756 0.71092761505428148 0.2757206525505238
v 0.21433049983115054 0.73343131631802561 0.29196867084352107
v 0.21431304784769403 0.75593101790471562 0.30872007897086662
v 0.21429567223047361 0.77842588609444763 0.32597393851011891
v 0.21427819092607228 0.8009139807773199 0.34372831317630026
v 0.2142601337520583 0.82339128162091135 0.3619792979212203
v 0.21424042693542478 0.84585013325672986 0.38071938660441568
v 0.21421685436813265 0.8682770033767061 0.39993497768165254
v 0.21418524087608543 0.89064962927841584 0.41960296543640357
v 0.21413836530965152 0.91293393997257766 0.43968667897627212
v 0.21406472181921601 0.93508150556953251 0.46013186977351722
v 0.21394737666917887 0.95702851086690655 0.48086384959556133
v 0.21376325271156238 0.97869717142881418 0.50178700119392172
v 0.24247589514342296 -0.97771940208336461 0.50741903292611212
v 0.24051763387879971 -0.95556619157219835 0.48552419611517439
v 0.22572006153984298 -0.92073259741184976 0.44947458723047606
v 0.22844735315765094 -0.90077226148486778 0.43190692973019534
v 0.23063162399364731 -0.88018502529478826 0.41405993388525592
v 0.23211064197878042 -0.85935228447207257 0.39626509214636141
v 0.23319013728540272 -0.83853926218327479 0.37882818143000435
v 0.23403898022098937 -0.81766862380297589 0.36172325793748661
v 0.23472984731232402 -0.79662869433556527 0.34488270343725641
v 0.23529459182348345 -0.77534807160921959 0.32827204387971698
v 0.23574742077771743 -0.75379865191580353 0.31190756853664686
v 0.23610400096750433 -0.73200655057084685 0.29580837166361923
v 0.23637695851370139 -0.71000732944941825 0.2800186634659404
v 0.23658035220587209 -0.68784493680030723 0.26458183195091439
v 0.23672788162080177 -0.66555974719699462 0.24953948267207188
v 0.23683267613526679 -0.64318646017157655 0.23492575271790567
v 0.23690642548688168 -0.6207525408961545 0.22076675229513298
v 0.23695880907196068 -0.59827830173697383 0.2070812859879807
v 0.23699728881278306 -0.57577786725882985 0.19388216906568539
v 0.23702722092281359 -0.55326048814625928 0.18117768852641369
v 0.23705218005134066 -0.53073186448565457 0.16897294453014028
v 0.23707437732005057 -0.50819529139615738 0.15727094480097556
v 0.23709507237923391 -0.48565254857197193 0.14607341647852318
v 0.23711491685138816 -0.4631045294858987 0.13538135821402694
v 0.23713420594840626 -0.44055165008194203 0.12519538562538735
v 0.23715304300028203 -0.41799409324500503 0.11551593000241879
v 0.23717143602849639 -0.39543194349029909 0.10634334284644792
v 0.23718934895051644 -0.37286525549914762 0.09767794576259714
v 0.23720672638437251 -0.35029408664271672 0.089520051637300646
v 0.23722350484477764 -0.32771851166129679 0.081869972051727941
v 0.23723961763127452 -0.30513862916800039 0.074728018584609562
v 0.23725499705667386 -0.28255456458248657 0.068094501537790841
v 0.23726957565088766 -0.25996647148057667 0.061969727585778282
v 0.23728328700782178 -0.23737453213871065 0.056353996956054857
v 0.23729606652495214 -0.21477895754974735 0.051247600390658565
v 0.23730785211972677 -0.19217998699860486 0.046650816010881203
v 0.23731858494713812 -0.16957788722724745 0.042563906165647876
v 0.23732821012507169 -0.14697295120792486 0.038987114332781819
v 0.23733667747332576 -0.12436549654611309 0.035920662139126452
v 0.23734394227865621 -0.10175586353249808 0.033364746563001146
v 0.23734996610631401 -0.079144412847800938 0.031319537379598174
v 0.2373547176829216 -0.05653152289675388 0.029785174908474571
v 0.23735817387055594 -0.03391758672229897 0.028761768124187216
v 0.23736032073529528 -0.011303008451922246 0.028249393195827581
v 0.23736075570433038 0.011311768725413595 0.028249697576341687
v 0.23735950169511347 0.03392630551605319 0.028762488206381404
v 0.23735690073468382 0.056540164313233499 0.029786297106650376
v 0.23735297487745002 0.079152943947913584 0.031321047961237421
v 0.23734775087281781 0.10176425373383047 0.033366630732494178
v 0.23734126066120381 0.12437371730712775 0.035922903479188167
v 0.23733354159137637 0.14698097596807996 0.038989694545151193
v 0.23732463638124793 0.16958569152306402 0.042566805045237549
v 0.23731459286301831 0.19218754866372223 0.046654011587561273
v 0.23730346356187318 0.21478625692315145 0.051251069180325369
v 0.23729130515651076 0.23738155223335397 0.056357714274631376
v 0.23727817786355532 0.25997319809158237 0.061973667893001037
v 0.23726414477992031 0.28256098633545013 0.068098638790470345
v 0.2372492712096374 0.30514473752884086 0.074732326593907522
v 0.23723362399553721 0.32772430096892408 0.081874424866846249
v 0.23721727087156866 0.3502995543345237 0.089524624051414592
v 0.23720027984820161 0.37287040300477864 0.097682614245074989
v 0.23718271864091708 0.39543677908325042 0.10634808777700416
v 0.23716465414996765 0.41799864016618166 0.11552074155632661
v 0.23714615199813729 0.44055596789471801 0.1252002791715123
v 0.23712727613176635 0.46310876632992087 0.13538641272658034
v 0.23710808848808776 0.48565706018693089 0.14607886440496112
v 0.23708864872756408 0.50820089296198889 0.15727736775595921
v 0.23706901402150529 0.53074032498555657 0.16898166870248765
v 0.23704923887155452 0.55327543143850932 0.18119152627343396
v 0.23702937492069404 0.5758063003714039 0.19390671306824594
v 0.23700947070332629 0.59833303074053878 0.2071270154495824
v 0.23698957128884796 0.62085573033283303 0.22085223337487744
v 0.23696971781056156 0.64337451299036075 0.23508217946336593
v 0.23694994691652058 0.66588949334574354 0.24981667599151844
v 0.23693029009790528 0.68840077456052129 0.26505554627403799
v 0.23691077228614738 0.71090841895570833 0.28079859190859624
v 0.23689140736496556 0.73341238070675008 0.29704553716602106
v 0.23687218420779124 0.75591236077400881 0.31379590254805667
v 0.23685302902909844 0.77840751383889883 0.33104873653014949
v 0.23683371673910544 0.80089589562690655 0.34880208516000322
v 0.23681368551733714 0.82337349728042752 0.3670520198626237
v 0.23679168915642174 0.8458326997977087 0.38579099972225422
v 0.23676521266397502 0.86826004248809374 0.40500536565438827
v 0.23672959749927236 0.89063338171218032 0.42467191386116637
v 0.23667689225596844 0.91291882710743555 0.44475381331489089
v 0.23659456327629719 0.93506820488255094 0.46519657298282296
v 0.23646433381657897 0.95701804031198623 0.48592516679217329
v 0.23626150292649173 0.97869097177457454 0.50684354420761757
v 0.26624706343101134 -0.98096996152551319 0.51668482087570511
v 0.25721581168232899 -0.95118958614151794 0.48550964591187834
v 0.26223348272165825 -0.93510819299914116 0.47165756469575071
v 0.25109008258953014 -0.89761866800117751 0.43450060571628379
v 0.2529232422675376 -0.87639369646055787 0.4161278562288892
v 0.25412620333694103 -0.85581485412154334 0.39860002265015154
v 0.25510039888928743 -0.8355240546301087 0.38167504163857091
v 0.25594558418648083 -0.8152249289459903 0.36511839395569184
v 0.25668979702407868 -0.79471034720531564 0.34877466048002315
v 0.25733551187859971 -0.77388405946278771 0.33258543872327856
v 0.25788229910949884 -0.75271964549995096 0.3165520438483917
v 0.25832886569916247 -0.731227623451561 0.30072452710433401
v 0.25868393045578331 -0.70945942805120565 0.2851445243824291
v 0.25895798886131971 -0.68746939220536851 0.26986370034048762
v 0.25916333270834407 -0.6653086794447961 0.25493261291506553
v 0.25931303547343099 -0.6430218035212576 0.24039530280873381
v 0.25941997016008572 -0.62064538491161092 0.22628678887279535
v 0.25949574351733784 -0.59820773126038174 0.21263341302744956
v 0.25955002149114903 -0.57572950626833774 0.19945398319845492
v 0.2595902757267034 -0.55322497535268111 0.18676126363737783
v 0.25962187605498799 -0.53070344587497909 0.17456349552220235
v 0.25964840734047295 -0.50817064421851565 0.16286575123214911
v 0.25967208575773126 -0.48562988302074639 0.15167102601789637
v 0.25969417139984408 -0.46308295869727301 0.14098104402480413
v 0.25971531299484396 -0.44053078315490385 0.13079680552814599
v 0.25973580079004249 -0.4179737929520902 0.12111892920736018
v 0.25975573207276864 -0.39541219357275764 0.11194784899817566
v 0.25977510842296581 -0.37284609376643318 0.10328391760240901
v 0.25979388734768422 -0.35027557373578694 0.095127455797774874
v 0.25981200735288668 -0.32770071733451239 0.087478773259552334
v 0.25982939931441063 -0.30512162642704876 0.080338175734350023
v 0.25984599149304172 -0.28253842706145704 0.073705966172118262
v 0.2598617118652512 -0.25995127205168572 0.067582443333742873
v 0.25987648941488029 -0.23736034195406591 0.061967899373342426
v 0.25989025505702917 -0.21476584522257289 0.056862617005175371
v 0.25990294244493178 -0.19216801783011142 0.052266866510063487
v 0.25991448874520423 -0.16956712245879541 0.048180902706865411
v 0.25992483540871436 -0.14696344730406388 0.044604961971200285
v 0.25993392894903972 -0.12435730452227345 0.041539259369389833
v 0.25994172174182639 -0.1017490283418829 0.038983985969551438
v 0.25994817286461647 -0.079138972838731864 0.036939306388082044
v 0.25995324900026617 -0.056527509345991434 0.035405356628623659
v 0.25995692542164889 -0.033915023443663442 0.034382242273271843
v 0.25995918705852061 -0.011301911475381326 0.033870037091228114
v 0.25995960127696754 0.01131139070118067 0.033870361806894698
v 0.25995819938350911 0.033924458866711395 0.03438300987750597
v 0.25995534646993029 0.056536862763516584 0.035406552805894331
v 0.2599510655771346 0.079148208986199772 0.036940916660893039
v 0.25994538503045939 0.10175811436488735 0.038985994724127136
v 0.25993833888431545 0.12436620971372006 0.041541649265389578
v 0.2599299670887209 0.14697214307802503 0.044607713669577963
v 0.25992031540124716 0.1695755824859416 0.048183994843712254
v 0.25990943508547532 0.19217621824839345 0.052270275846042373
v 0.25989738244460364 0.21477376485199939 0.056866318689336233
v 0.25988421823770902 0.23736796247140271 0.06197186727367162
v 0.25987000702013824 0.2599585781088834 0.067586650402170198
v 0.25985481644185543 0.28254540636012121 0.073710384829835066
v 0.25983871653033458 0.30512826980655156 0.080342778293993333
v 0.2598217789786525 0.32770701904283683 0.087483532476047982
v 0.25980407645489406 0.3502815323579162 0.095132345848125119
v 0.25978568194558677 0.37285171509688314 0.10328891636396184
v 0.25976666814328458 0.39541749873732118 0.1119529439601607
v 0.25974710688634411 0.41797883971755873 0.12112413284105727
v 0.2597270686571157 0.4405357180558685 0.13080219352739442
v 0.25970662214288581 0.46308813579939379 0.14098684465538924
v 0.25968583386139249 0.48563611534021173 0.15167781451839463
v 0.25966476784877485 0.50817969763452175 0.16287484234827862
v 0.25964348540160515 0.53071894036062717 0.17457767933826887
v 0.25962204485638929 0.55325391605127139 0.18678608941313032
v 0.25960050138209179 0.57578471022668287 0.19949984975145008
v 0.25957890675921247 0.59831141950459232 0.21271875103859975
v 0.25955730912814884 0.62083414949061044 0.22644259731838509
v 0.25953575270380458 0.64335301177336246 0.24067120496773434
v 0.25951427742439515 0.66586811818603242 0.25540439940562065
v 0.25949291828103693 0.68837956791060428 0.27064200595619359
v 0.25947170331935482 0.71088741761971386 0.28638382641737564
v 0.25945064735471085 0.73339161433937528 0.30262958280256946
v 0.25942973417328502 0.75589185174936313 0.31937879042813816
v 0.25940887177183181 0.7783872800460836 0.33663048917961547
v 0.25938779136472956 0.80087595785568022 0.35438271181596526
v 0.2593658414639694 0.82335389295977268 0.37263150819342272
v 0.25934160817559387 0.84581350529555499 0.39136929994725445
v 0.2593122849457804 0.86824140698214025 0.41058236181217078
v 0.25927273980269228 0.89061557611983799 0.43024737712306499
v 0.25921430430078785 0.91290231051982396 0.45032733444769074
v 0.25912343466236609 0.93505370742797966 0.47076747546653075
v 0.2589805344552944 0.9570066555978044 0.49149240797148142
v 0.25875930835533878 0.9786842458479047 0.51240561748867475
v 0.2894259807654404 -0.97794080955907337 0.52013181920942964
v 0.28648315377371247 -0.95605856283918944 0.49811819944495977
v 0.28199964657913368 -0.93789547142945018 0.47964319234827479
v 0.29713984710074143 -0.90470742150994266 0.45349052485063851
v 0.27523313063819338 -0.87105450320826738 0.41734103374762949
v 0.27608653462857985 -0.85119836118977898 0.4004830896420038
v 0.27692751225386009 -0.83172436508799663 0.38432695804112998
v 0.2777626150117895 -0.81214157317916058 0.3684514766566398
v 0.27855273790926366 -0.792259971716749 0.35270398585652485
v 0.27927505793221574 -0.77197241397761229 0.33701661067235489
v 0.27991305628001983 -0.75126132883339036 0.32139923416001231
v 0.28045845217643267 -0.73015099957243113 0.30589563785045171
v 0.28090633271089654 -0.70868265556110943 0.29057867188096126
v 0.28126302603867465 -0.68692134095448376 0.27550493645251029
v 0.28153949992123278 -0.66493229923957742 0.26072729210416312
v 0.28174727878263506 -0.64276955511470457 0.24629966501768999
v 0.28189927556170935 -0.62047937661024322 0.23226665025568077
v 0.28200831640821189 -0.59809914393015873 0.2186632659887571
v 0.28208601125101329 -0.57565747801554545 0.2055156972971581
v 0.28214204698348916 -0.55317516593669858 0.19284259375559937
v 0.28218391856131048 -0.53066652056932462 0.18065660439629178
v 0.28221701462449394 -0.50814086960977212 0.16896589976309634
v 0.28224493219110797 -0.48560395257796746 0.15777551463016595
v 0.28226989326029361 -0.46305909554898261 0.14708842723979504
v 0.28229315879409839 -0.44050811099602805 0.13690635583832891
v 0.28231537501517368 -0.41795192978919038 0.12723029975156591
v 0.28233682767293783 -0.39539100994807136 0.11806087805943678
v 0.28235760860010173 -0.37282558035937741 0.10939852448783126
v 0.28237771366153797 -0.35025577460326118 0.10124358988547995
v 0.28239709482477726 -0.32768169870430597 0.093596390981571964
v 0.28241568549944601 -0.30510346294709878 0.086457230893812423
v 0.28243341207963585 -0.28252119587577323 0.079826406111452683
v 0.28245019907912622 -0.25993505010630713 0.073704207511194303
v 0.28246597155450093 -0.23734520453807345 0.068090918907039888
v 0.28248065647198939 -0.21475186495025705 0.062986814630430626
v 0.28249418369367152 -0.19215526377602546 0.058392156752474278
v 0.28250648683642027 -0.16955565935489555 0.054307192205636637
v 0.28251750409235676 -0.14695333478055134 0.050732149931357218
v 0.28252717904355273 -0.12434859639830101 0.047667238134094993
v 0.2825354614903578 -0.10174177197853658 0.045112641705540399
v 0.28254230831380117 -0.079133208565233634 0.04306851987584677
v 0.28254768439413253 -0.056523269965115211 0.041535004147127151
v 0.28255156360127642 -0.033912333816700446 0.040512196567617599
v 0.28255392985581818 -0.011300788183284369 0.040000168410931444
v 0.28255432239313799 0.011310939043426874 0.04000051119397189
v 0.28255278111350735 0.033922438837599558 0.04051300640359063
v 0.28254969208854552 0.056533288899622745 0.041536266098383151
v 0.2825450792099497 0.079143104069738165 0.043070218834677071
v 0.28253897219056778 0.10175150915632401 0.045114761368274497
v 0.28253140695982376 0.12435814258795108 0.047669760382396655
v 0.28252242578275194 0.14696265956195889 0.050735054548098575
v 0.28251207712738835 0.1695647347027564 0.054310456847557351
v 0.28250041532161474 0.19216406428038704 0.058395757105339806
v 0.28248750004732198 0.21476036803845738 0.062990724683494162
v 0.28247339571842978 0.23735339066001671 0.06809511129967924
v 0.28245817078347957 0.25994290287945299 0.073708653925449216
v 0.28244189698623634 0.28252870223828813 0.079831077718160531
v 0.28242464861083832 0.30511061348374208 0.086462098937882231
v 0.28240650173232273 0.32768848861678795 0.093601427801466811
v 0.28238753348891166 0.35026220660631374 0.10124877122940576
v 0.2823678213890391 0.37283167279482116 0.10940383544645441
v 0.28234744266341283 0.39539681802758125 0.11806632840342225
v 0.28232647367016028 0.41795759754118422 0.12723596199432344
v 0.28230498935907128 0.44051398964932614 0.13691245404980329
v 0.28228306279884857 0.46306599426394496 0.14709553009407419
v 0.28226076476876077 0.48561363128909574 0.15778492485835266
v 0.28223816341274766 0.508156938923924 0.1689803835490018
v 0.28221532394970761 0.53069597190986828 0.1806816628731954
v 0.28219230842903231 0.5532307997530842 0.19288853182754773
v 0.28216917551732601 0.57576150493494171 0.20560077224921128
v 0.28214598030300841 0.5982881810600239 0.21881817909299786
v 0.28212277410886039 0.62081093070687476 0.23254056027407732
v 0.28209960429163211 0.64332986227359878 0.24676773556206963
v 0.28207651392312105 0.66584508399049813 0.26149953310533552
v 0.28205354093450696 0.68835669077485417 0.27673578000480931
v 0.28203071542360414 0.710864734331913 0.29247627853109415
v 0.28200805169438431 0.73336915647387524 0.30872074949480471
v 0.28198552702253959 0.75586964667359191 0.32546870486033769
v 0.28196303037333798 0.77836535426214948 0.34271917805038454
v 0.2819402496354006 0.80085434412084977 0.36047018997383184
v 0.28191644560723794 0.82333264325506772 0.37871776841472349
v 0.28189004051111138 0.8457927126723005 0.39745429393487597
v 0.28185794224795196 0.8682212402981454 0.4166659674929285
v 0.28181455436485364 0.8905963318560417 0.43632934750855801
v 0.28175050439526145 0.91288448416583701 0.45640722542771284
v 0.28165125683135678 0.9350380826636514 0.47684455426097933
v 0.28149592031043724 0.95699440316621165 0.49756554998517055
v 0.28125663643989879 0.97867701759898351 0.51847320522120499
v 0.31368679892086931 -0.98140031563018526 0.53087170495220515
v 0.31730902908156483 -0.95030349301561567 0.50198245351041559
v 0.31640870766328477 -0.93460676581110858 0.48688431772512991
v 0.32197328095496475 -0.91500365255503358 0.47052822528549521
v 0.31878223459452909 -0.87501332626151518 0.43375177875482956
v 0.2978850753257693 -0.84577220178764967 0.40210948582192818
v 0.29866998015712143 -0.82716983342260286 0.38680253213039284
v 0.29949738013171989 -0.80842541284765113 0.37172414886410154
v 0.30032931732159318 -0.78923484370672137 0.35663364683436943
v 0.30111947796426125 -0.76955646363238395 0.34151574168823229
v 0.30184323357265613 -0.74936749080514542 0.32637923033411825
v 0.30248374690445662 -0.72870097049510862 0.31127737890128165
v 0.30303230323454949 -0.70760854818569496 0.29627581347978948
v 0.30348305853049529 -0.68614532538686057 0.28145810975163371
v 0.30384260116051909 -0.66438391923162088 0.26688371301462804
v 0.30412178569834453 -0.64239233527303852 0.25260708554976635
v 0.30433204430612421 -0.62022603930938669 0.23868224142517927
v 0.30448626649655303 -0.59793192126077577 0.22515346416976373
v 0.30459729231703275 -0.5755476185968611 0.21205540099991399
v 0.30467675902914737 -0.55310185229727826 0.19941392832010149
v 0.3047343845147053 -0.53061544578961539 0.18724747766997635
v 0.30477769106425545 -0.50810272533102729 0.17556855998451587
v 0.30481208771784946 -0.48557302632805999 0.16438526621557428
v 0.3048411843731112 -0.46303209726999672 0.15370258945247325
v 0.30486720933515482 -0.44048327674846066 0.14352348830800732
v 0.30489142490281518 -0.41792839355692468 0.13384967275184129
v 0.30491447534208754 -0.39536839814260172 0.12468213864428455
v 0.30493664257464265 -0.37280377059173081 0.11602150272776
v 0.30495801378630549 -0.35023476361671335 0.10786819557327013
v 0.30497858007665379 -0.32766153577179508 0.10022256306801085
v 0.30499828896384612 -0.30508421870649904 0.093084914671695509
v 0.30501706998611233 -0.28250294855731872 0.086455543664566023
v 0.30503484640676537 -0.25991787955869872 0.080334733996091354
v 0.30505154045788579 -0.23732918947811144 0.074722761244690517
v 0.30506707584155479 -0.21473708145307066 0.069619891173288762
v 0.30508137915576716 -0.19214178421877387 0.065026377373393188
v 0.30509438092644692 -0.16954355152966588 0.060942458609638928
v 0.30510601650366631 -0.14694266108789128 0.057368356122036224
v 0.30511622691684276 -0.12433941310354479 0.054304271010144914
v 0.30512495972921044 -0.10173412853559845 0.051750381775265114
v 0.30513216991801895 -0.07912714701663201 0.049706842079477995
v 0.3051378208031944 -0.056518824424062551 0.048173778775913376
v 0.3051418850389096 -0.033909530032410665 0.047151290267453717
v 0.30514434566467785 -0.011299643187518561 0.046639445257386135
v 0.30514471581070868 0.011310416753032614 0.046639803810418615
v 0.30514304406517356 0.033920256009165414 0.047152136971301023
v 0.3051397353974093 0.056529460783546051 0.048175098178103469
v 0.30513481441434925 0.079137654585971814 0.049708618556466383
v 0.30512831202663271 0.10174447060975297 0.051752598461437795
v 0.30512026579726331 0.12434955528284086 0.054306909154002554
v 0.30511072001667239 0.14695257131451753 0.057371394790990599
v 0.30509972552999026 0.16955320025804607 0.060945874660799572
v 0.30508733935742804 0.19215114464613883 0.06503014561315805
v 0.30507362415467126 0.21474612975258225 0.069623984642474074
v 0.30505864755867357 0.23733790501057589 0.074727151587794735
v 0.3050424814586486 0.2599262450960253 0.080339391910120211
v 0.30502520122515614 0.28251095067272236 0.086460439503821332
v 0.30500688492364847 0.30509184879675005 0.093090019496431392
v 0.30498761253337392 0.3276687929850513 0.10022785099144739
v 0.30496746518822482 0.3502416629629006 0.10787364971182895
v 0.30494652445273907 0.37281036411382473 0.11602713050683745
v 0.3049248716437381 0.39537482666205293 0.124688009690874
v 0.30490258720574526 0.41793500462172917 0.13385600718942117
v 0.30487975014617336 0.4404908745492559 0.14353084847362896
v 0.30485643753409886 0.4630424341357452 0.15371226627122711
v 0.30483272406405398 0.48558970067614493 0.16440000204714128
v 0.30480868168352176 0.50813270945051514 0.17559380725233498
v 0.30478437927983271 0.53067151205053764 0.18729344434354753
v 0.30475988241951468 0.553206174677072 0.19949868757762923
v 0.30473525313178457 0.57573677641108745 0.21220932357466474
v 0.30471054972768735 0.59826340739111405 0.22542515160246071
v 0.30468582664171379 0.62078616664527697 0.23914598340502602
v 0.30466113425085245 0.64330515886525064 0.25337164204210932
v 0.30463651850172391 0.66582048832229335 0.26810195830669642
v 0.30461201979909563 0.68833224567942852 0.2833367611410722
v 0.30458766962124062 0.71084047823786389 0.29907585364714107
v 0.3045634810077304 0.73334512376884642 0.31531895615319627
v 0.30453942413624263 0.75584586917564001 0.3320655782348807
v 0.30451536883347968 0.7783418647288799 0.34931474768260995
v 0.30449096035357859 0.80083118328818259 0.36706447364118067
v 0.30446537358976894 0.82330987279985557 0.38531076041479023
v 0.30443687022406635 0.84577043766507287 0.40404594381579673
v 0.30440207816626869 0.86819964571055031 0.423256144339475
v 0.30435494528224555 0.89057573764602438 0.4429177850881264
v 0.3042854084590359 0.91286542135868087 0.46299344564519263
v 0.30417795974681328 0.93502138811512836 0.48342777089228106
v 0.30401043895474883 0.95698132395480229 0.50414456096771754
v 0.30375345754191502 0.97866930935984031 0.52504628798140662
v 0.33517859403553207 -0.98183236434650512 0.53827015826747882
v 0.33254305859011341 -0.9527548053217858 0.50923934995849951
v 0.34102195139009267 -0.94182561687855892 0.50178221461881756
v 0.34725747099727139 -0.91598233149301245 0.47986573700274199
v 0.34090670690151176 -0.88236315112529162 0.44749222352465734
v 0.34057677553677734 -0.84954530952677498 0.41897039064793606
v 0.3203358126755847 -0.82206125276722819 0.38926552908881729
v 0.32118253330724283 -0.80404013645544437 0.37491176207652277
v 0.32203920935374886 -0.78561341615649072 0.36054706380059076
v 0.32288356634211685 -0.76657874663341408 0.34603716979547749
v 0.32368037212516854 -0.7469742071515294 0.33144021968741366
v 0.32440892886610001 -0.72681730440296599 0.31680070907885566
v 0.3250537130757104 -0.70616274620041919 0.30218910320901193
v 0.32560629687611148 -0.68507293087903298 0.28767836670992369
v 0.32606026497290536 -0.66360792248965783 0.27335528513728452
v 0.32642276550828575 -0.64184342100007852 0.2592784399835284
v 0.3267046276827465 -0.6198480094124269 0.24550231471082806
v 0.32691726473593036 -0.59767762032278693 0.23208026008284913
v 0.32707357458865255 -0.57537934591350925 0.21905593448294697
v 0.3271864239680492 -0.55299090317848465 0.20646348581478954
v 0.32726748465543465 -0.53054104049904338 0.1943284318952056
v 0.32732650859757184 -0.50805058871009534 0.18266896706661367
v 0.32737104675759282 -0.48553387636959539 0.17149745672340719
v 0.32740652928415825 -0.46300024268237411 0.16082190889223799
v 0.32743657948460286 -0.44045544400363146 0.15064727280353712
v 0.32746343250025572 -0.41790283141823303 0.14097648537206753
v 0.32748835257941178 -0.39534425038124427 0.13181124600537003
v 0.32751198276621613 -0.37278067129139358 0.12315254454154198
v 0.32753460202768025 -0.35021259653154846 0.11500099259383365
v 0.32755629391700025 -0.32764030261843574 0.10735701461300519
v 0.32757704591960596 -0.30506397273864144 0.10022094844969605
v 0.32759680238398137 -0.2824837634589405 0.09359309317121807
v 0.32761549037401916 -0.25989983566511088 0.087473729109873513
v 0.32763303152301071 -0.237312367769171 0.081863124638110768
v 0.32764934736993701 -0.21472156076588755 0.076761537134327942
v 0.32766436192144111 -0.19212763970932137 0.072169211607698597
v 0.32767800311924877 -0.16953085360269912 0.068086378469718184
v 0.32769020390235881 -0.14693147451408922 0.064513251062221083
v 0.32770090312943195 -0.12432979623610155 0.061450023196028235
v 0.32771004646418028 -0.10172613260694782 0.058896866819788521
v 0.32771758727116168 -0.079120815516391815 0.056853929890376548
v 0.32772348755049624 -0.056514192562086597 0.055321334501701708
v 0.32772771892635039 -0.033906624288335019 0.054299175328872976
v 0.32773026368443342 -0.011298480945998994 0.053787518450426092
v 0.32773061094652856 0.011309827142086153 0.053787890475763489
v 0.32772881797700004 0.033917921430707994 0.054300053532119967
v 0.3277253065827419 0.056525397103259989 0.055322703020964745
v 0.32772010195202261 0.079131886704708665 0.056855772698605346
v 0.32771323600457247 0.1017370321645691 0.058899166615159079
v 0.32770474769614394 0.12434048824341008 0.061452760736354792
v 0.32769468305326932 0.14694192547510124 0.064516404859765841
v 0.32768309496490594 0.16954103263212089 0.068089924760060469
v 0.3276700427714942 0.19213751877674437 0.07217312451461104
v 0.32765559169719288 0.21473111495541103 0.076765788972621721
v 0.32763981216937221 0.23732157556865779 0.081867686334510262
v 0.32762277906409215 0.25990867942501406 0.087478570805827049
v 0.327604570909791 0.28249223047488597 0.093598185285699811
v 0.32758526907525154 0.30507205822029521 0.1002262640469508
v 0.32756495696271054 0.32764801780366604 0.10736253536500762
v 0.32754371922281766 0.35021998978853397 0.11500672405538039
v 0.32752164100483477 0.37278787965380167 0.12315855388401878
v 0.32749880725273312 0.39535161702971616 0.13181774982047822
v 0.32747530205547115 0.41791115470797052 0.14098404010989321
v 0.32745120805753114 0.44046646746062595 0.15065715814587002
v 0.32742660593362999 0.46301755070335093 0.16083684413229618
v 0.3274015739293008 0.48556441903819669 0.17152284652756108
v 0.32737618746675201 0.50810710470979681 0.18271492326955385
v 0.32735051881322696 0.53064565600552771 0.19441284278335189
v 0.32732463680733576 0.55318013562093327 0.20661638477322802
v 0.32729860663761073 0.57571061898566855 0.21932534078880125
v 0.32727248966502887 0.59823719247462581 0.23253951451062727
v 0.32724634326912616 0.62075995124688488 0.24625872156836776
v 0.32722022064943851 0.64327899600578042 0.26048278834943051
v 0.3271941703601326 0.6657944269076238 0.27521154835857409
v 0.32716823492493396 0.68830633042991296 0.29044483254157721
v 0.32714244678967708 0.71081474982846116 0.30618244513967341
v 0.3271168173495233 0.73331961947295621 0.32242410643951164
v 0.32709130948508236 0.75582062453173193 0.33916932407413347
v 0.32706577405572046 0.7783169171499712 0.35641712038544304
v 0.32703981445696334 0.8008065792268394 0.37416549227189483
v 0.32701252138968889 0.82328568113014022 0.39241041889074274
v 0.32698199917910126 0.84574677320924796 0.41114418782925816
v 0.32694460124128333 0.86817670782176559 0.43035283310351263
v 0.32689382876262901 0.89055386856673557 0.45001263312604173
v 0.32681894191267019 0.91284518669361336 0.4700859421028683
v 0.3267034805092599 0.93500367666785944 0.49051707861742727
v 0.32652404286502301 0.95696745708299114 0.51122940423719565
v 0.32624974462607598 0.97866114314019448 0.53212484424007411
v 0.35825892855190417 -0.97886413404265504 0.54333863481099576
v 0.35745854259070398 -0.95881139967120743 0.52364403261983905
v 0.35614410917904776 -0.94423190858813044 0.50932662183395927
v 0.36881983537365925 -0.91822924803594841 0.48966493413843371
v 0.36326056998594919 -0.88707409680920235 0.45949179186585859
v 0.36196264426130603 -0.85647617665725417 0.43240430119503431
v 0.36284166838197895 -0.82605435350311618 0.40711615247107674
v 0.34283333725428056 -0.79913712568764417 0.37813858248647303
v 0.34371448594734333 -0.78132388630522498 0.36439407766203241
v 0.34458693948401914 -0.76300468052454262 0.35055566910198999
v 0.34543929558449588 -0.74401818925797092 0.33653399355029978
v 0.34624160392146397 -0.72443371747208252 0.32241377820872252
v 0.34697489176743113 -0.70428325542487513 0.3082512264175612
v 0.34762406017055514 -0.68362880641329193 0.29412120526478491
v 0.34818072037606884 -0.66253626409202215 0.28009780566180054
v 0.34863786044085604 -0.64106717851299644 0.26626807246807804
v 0.34900323154443358 -0.61929858199006205 0.25268846560750108
v 0.34928763975466481 -0.5972989127658257 0.23941292422343691
v 0.34950250110203623 -0.57512425782263721 0.22649390081325138
v 0.34966072612043242 -0.55282177582183412 0.2139743277866625
v 0.34977521197804878 -0.5304292072869724 0.20188781432185696
v 0.34985766706922367 -0.50797530546112879 0.19025950465484287
v 0.34991787866945989 -0.48548089969516656 0.17910735029123775
v 0.3499634271812363 -0.46296031737251975 0.1684435686088423
v 0.34999976441339198 -0.44042290019727393 0.1582760830389642
v 0.35003052763417952 -0.41787441201801306 0.14860979726638857
v 0.35005795946256263 -0.39531821641652054 0.13944762453577961
v 0.35008332686661642 -0.37275617560158925 0.13079125139332567
v 0.35010727258262264 -0.35018927992736193 0.12264165907693929
v 0.35013007368118015 -0.32761805387024617 0.11499945129119535
v 0.3501518112776249 -0.30504279726007033 0.10786504346556886
v 0.35017247056237655 -0.28246371708268148 0.10123876246572065
v 0.35019199414319419 -0.25988099361439282 0.095120894038651704
v 0.35021030813213072 -0.23729481089219323 0.08951170272531532
v 0.35022733413077095 -0.21470536951719943 0.084411438624548737
v 0.3502429946404344 -0.19211289134872586 0.079820338426539073
v 0.35025721566641121 -0.16951762065337217 0.075738624167193666
v 0.35026992821065256 -0.14691982370510634 0.072166501184257159
v 0.35028106935266307 -0.12431978765007121 0.069104155880149024
v 0.35029058319327827 -0.10171781894385459 0.066551753540523562
v 0.35029842177154974 -0.079114241450970568 0.064509436323502672
v 0.3503045460040784 -0.056509394191260255 0.062977321489426627
v 0.35030892666720664 -0.033903628668569372 0.061955499931096482
v 0.35031154541772452 -0.011297305720348292 0.061444035067277039
v 0.35031186951350241 0.011309173798326399 0.061444418294477582
v 0.35030996478413007 0.033915446507127779 0.061956404325431126
v 0.3503062678530926 0.056521116982904115 0.062978730881767253
v 0.35030080435918209 0.079125827113633057 0.0645113343921042
v 0.35029360704570578 0.10172922786138416 0.066554122669208682
v 0.35028471602377381 0.12433098260128335 0.069106976474419712
v 0.35027417877048422 0.14693076995746979 0.072169751357826828
v 0.35026204988941534 0.16952828616997587 0.075742279711034019
v 0.35024839067341001 0.19212324706093509 0.079824372986932179
v 0.35023326851412429 0.21471538966109022 0.084415824053145641
v 0.35021675620097498 0.23730447353067535 0.089516409649468373
v 0.35019893114701001 0.25989028178320706 0.095125892917007293
v 0.35017987457313543 0.28247262180736038 0.10124402596219184
v 0.35015967067634851 0.30505132568139576 0.10787055241563928
v 0.35013840580271327 0.32762625028164527 0.11500520994547662
v 0.35011616764181874 0.35019727709609239 0.12264773268698029
v 0.35009304445623107 0.37276431176275654 0.13079785355453194
v 0.35006912435674786 0.39532728335911416 0.13945530640709755
v 0.35004449463188186 0.41788614347305852 0.14861982804412113
v 0.35001924113780342 0.44044086508828101 0.15829116001448609
v 0.34999344775284613 0.46299144131788028 0.16846905022678224
v 0.34996719589861369 0.48553788401974707 0.17915325435432158
v 0.34994056412773245 0.50808022232574213 0.19034353703287091
v 0.34991362777651136 0.53061850111270992 0.202039672852039
v 0.34988645867925006 0.55315277943315944 0.21424144714001561
v 0.34985912493914739 0.57568312889656914 0.22694865652821786
v 0.34983169074576059 0.59820963192224663 0.24016110923649078
v 0.3498042162107412 0.62073237960636407 0.25387862488654334
v 0.34977675713319384 0.64325146850485548 0.26810103329597273
v 0.34974936442764515 0.66576699458186239 0.28282817080634753
v 0.34972208246729802 0.68827904017641117 0.29805987054163641
v 0.34969494440281518 0.71078764468917788 0.3137959381149823
v 0.3496679597907979 0.73329273940874218 0.33003609402488876
v 0.34964108418551804 0.75579400819358522 0.34677984412926816
v 0.34961414975448435 0.77829060561073005 0.3640262052083853
v 0.34958671883235359 0.80078062341257794 0.38177316122488858
v 0.34955779961311573 0.82326015582503764 0.40001666450724044
v 0.34952534224869358 0.84572180182827694 0.4187489511792381
v 0.34948543128286802 0.86815250311743164 0.4379559632539855
v 0.34943113055913133 0.8905307941384516 0.45761382579196835
v 0.34935103805926365 0.91282384157159535 0.47768465499082008
v 0.34922776245537274 0.93498499984563466 0.49811242599657446
v 0.34903668900586732 0.95695284144802617 0.51882004023884631
v 0.34874547312866844 0.97865254115643463 0.53970885113087275
v 0.38175798397236799 -0.98202817871338288 0.55516277681903803
v 0.38615721894150329 -0.95256871088875095 0.52833170396683382
v 0.38592762527967894 -0.93886885232178374 0.51531379043731396
v 0.39134000926773643 -0.92206004127564256 0.50175344644284958
v 0.38558311982239263 -0.88997308513980056 0.4704434903140941
v 0.38366470224363991 -0.86123862169515875 0.4445634927578978
v 0.38403247596817469 -0.83284618532911325 0.42068012231501534
v 0.385309314045368 -0.80328078782766255 0.39696620031573604
v 0.36536597632767009 -0.77650755328675847 0.3682873825978677
v 0.36625958034001205 -0.75875266065850089 0.3550155772141903
v 0.36713892189884717 -0.74046166400642166 0.34163406942830926
v 0.36799649010168972 -0.7214855549629835 0.32806914845079749
v 0.36880346881146936 -0.70190325041952895 0.31441161658755523
v 0.36954124723215265 -0.68175099615289358 0.30072008478394424
v 0.3701946976018714 -0.66109292899980743 0.28706933446119626
v 0.3707553156195782 -0.6399959748993469 0.27353251834148512
v 0.37121549198097448 -0.61852213656680677 0.26019598628751345
v 0.37158358358797278 -0.59674912668180469 0.24711377689306388
v 0.37187037915470261 -0.5747450673975667 0.23433909092766933
v 0.37208728316689954 -0.55256611120196808 0.22192340786665776
v 0.37224722732192767 -0.53025944344701936 0.20990890699177123
v 0.37236314229962769 -0.50786281208786666 0.19832864806039638
v 0.37244677441638024 -0.48540496843772796 0.18720739752381133
v 0.37250794687692723 -0.46290673731647114 0.17656286218135978
v 0.37255427002976854 -0.44038244343398936 0.16640711017991186
v 0.3725912179384081 -0.41784143021980652 0.15674797910428084
v 0.37262244250566362 -0.39528946861295328 0.14759032552178264
v 0.37265019461438081 -0.37272993443893376 0.13893703705533772
v 0.37267574487929067 -0.35016470639111336 0.13078978510372735
v 0.37269973680368101 -0.32759479436550032 0.12314953977071388
v 0.37272244677667177 -0.30502074427832898 0.1160168941658635
v 0.37274395481490474 -0.28244287831244197 0.10939225194860401
v 0.37276424525820989 -0.25986142594576961 0.10327592626833823
v 0.37278326050330357 -0.23727658949055416 0.097668186908913227
v 0.37280092730497283 -0.21468857409427713 0.092569280130370038
v 0.37281716887219624 -0.19209760015635299 0.087979435482608698
v 0.37283191033281954 -0.16950390769403503 0.083898866964198682
v 0.37284508136333339 -0.14690775721274973 0.080327771959668351
v 0.3728566176951848 -0.12430942907085123 0.077266329427256447
v 0.37286646220954855 -0.10170922213756954 0.074714697935681196
v 0.37287456590370471 -0.079107452021487307 0.072673013794206487
v 0.37288088884135101 -0.056504448919167033 0.071141389389819884
v 0.37288540112799079 -0.033900555039012036 0.070119911804972665
v 0.37288808391271944 -0.011296121544619994 0.06960864178195067
v 0.37288838475923264 0.011308460542881519 0.069609033992939134
v 0.37288637786024448 0.033912842883361979 0.07012083720131003
v 0.37288251268920719 0.056516639795001801 0.071142831592989758
v 0.372876815209015 0.079119502760067684 0.072674956291837858
v 0.37286931880618551 0.10172109201572807 0.074717122913964817
v 0.37286006451579845 0.12432107978330495 0.077269217072765531
v 0.37284910098684371 0.14691915299676825 0.080331100141416784
v 0.37283648421594917 0.16951501557067569 0.083902611211981365
v 0.37282227708878213 0.1921083902811587 0.087983569208568493
v 0.37280654877217634 0.21469902032430466 0.092573775124588795
v 0.37278937399805095 0.23728667058755387 0.097673014357850363
v 0.37277083227533375 0.25987112864277107 0.10328105911452078
v 0.37275100706041375 0.28245220545537919 0.10939767084819588
v 0.37272998491125875 0.30502973580270071 0.11602260269685635
v 0.37270785464569872 0.3276035784014063 0.1231556018797676
v 0.37268470652057339 0.35017361575331668 0.13079641201826803
v 0.37266063144530742 0.37273975372737789 0.13894477534813102
v 0.37263572024083375 0.39530192090209815 0.14760043479599613
v 0.37261006295242827 0.41786006769701139 0.15676313589765692
v 0.37258374822284834 0.44041416532416255 0.16643262854139099
v 0.3725568627301048 0.46296420459159937 0.17660866852476906
v 0.37252949069223501 0.48551019459061112 0.18729101891825986
v 0.37250171343962718 0.50805216129679986 0.1984794512331032
v 0.3724736090538025 0.53059014611081179 0.21017374639340922
v 0.37244525206995632 0.55312420435401677 0.2223736955105495
v 0.37241671323798581 0.575654403707617 0.23507910044400915
v 0.37238805932952973 0.59818082251481597 0.24828977408627226
v 0.37235935295535644 0.62070354769053615 0.26200554017580369
v 0.37233065228660794 0.64322267154817803 0.27622623208571784
v 0.37230201037276012 0.66573828581068295 0.29095168913230895
v 0.37227347322039983 0.68825046869284012 0.30618174677591492
v 0.37224507450127298 0.71075925582347244 0.32191621217161365
v 0.37221682182567895 0.73326457556124391 0.33815480617235844
v 0.37218866346287627 0.75576611068793509 0.35489703289004504
v 0.37216041320361792 0.77826301857913505 0.37214190330793578
v 0.37213159313346955 0.80075340156738939 0.38988738771186843
v 0.37210113064436495 0.82323337916513728 0.40812940998755748
v 0.37206682497493948 0.84569560169122449 0.42686015177548409
v 0.3720244976128077 0.86812710495644452 0.44606545794520813
v 0.37196678476496275 0.89050658202331656 0.46572129209756224
v 0.3718816373390994 0.91280144663005247 0.48578952052698365
v 0.37175075475427199 0.93496540918232707 0.50621375873418806
v 0.37154833865137671 0.9569375163402265 0.526916427575705
v 0.37124062090600246 0.97864352600379512 0.54779828487858695
v 0.40290362395341067 -0.98223016780639472 0.56365735202706868
v 0.40067466485573844 -0.95417541262687178 0.53556078916756467
v 0.40903885622675662 -0.94360245798222619 0.52896508915864804
v 0.41531540142893369 -0.91995035806347392 0.50946449429687368
v 0.40795140151122133 -0.8917159778966175 0.48088550095516597
v 0.40562516094889739 -0.86430759984313543 0.45585148605216963
v 0.40554701384946773 -0.83755362340532113 0.43308935691467487
v 0.40645531692991077 -0.81004007903758846 0.41080919857547044
v 0.40783222227630378 -0.78071518486649816 0.38802550711924766
v 0.38790986500078922 -0.75396484118525597 0.35952663430697607
v 0.38880885030608658 -0.73622152027342935 0.34668612436716856
v 0.38969235070555924 -0.71793469014549471 0.33374132663852552
v 0.39055425854621406 -0.6989578731248286 0.3206245083024426
v 0.39136559171948371 -0.67937256167083393 0.30742605224913655
v 0.39210769622274855 -0.65921612233281202 0.29420420556142057
v 0.39276527796788357 -0.63855332373006746 0.28103238184591239
v 0.39332924828697469 -0.61745078997830005 0.26798326071798728
v 0.39379275526672214 -0.59597265828700974 0.25513907127912466
v 0.39416339218997404 -0.574195136957523 0.24255455149805499
v 0.39445238303491048 -0.55218666410538952 0.23028103655003623
v 0.39467112548238353 -0.53000343316334619 0.21836901306897763
v 0.39483257458148424 -0.5076926458428147 0.20685989913389202
v 0.39494969538354824 -0.48529205271947762 0.19578620154757773
v 0.39503427278957354 -0.46283040052695706 0.1851723074343592
v 0.3950961666019846 -0.44032850787559341 0.17503567804947245
v 0.39514301778579475 -0.41780069562093003 0.16538823148285212
v 0.39518032334584563 -0.39525630806457379 0.15623771834856509
v 0.39521175058689029 -0.37270112257791954 0.14758894657255159
v 0.3952395595556491 -0.35013852663281142 0.13944477624877499
v 0.39526502556667925 -0.32757041474265453 0.13180686141630196
v 0.39528879409234075 -0.30499781550546301 0.12467615863040948
v 0.39531114217289198 -0.28242129518096437 0.11805324789429331
v 0.39533215016527873 -0.25984119689936686 0.11193851858434548
v 0.395351803078831 -0.23725777088880273 0.1063322677016602
v 0.39537004467594489 -0.21467123941510943 0.1012347467871004
v 0.39538680396450954 -0.19208182632954912 0.09664618175511
v 0.39540200738404796 -0.16948976913316105 0.092566779813673894
v 0.3954155843075382 -0.14689532306322176 0.088996730798905035
v 0.39542746968495429 -0.12429876173827181 0.085936206338475929
v 0.39543760555844537 -0.10170037632900081 0.083385358306030777
v 0.39544594217222939 -0.079100474018998987 0.081344317159620025
v 0.3954524389633487 -0.056499375990689493 0.079813190407473478
v 0.3954570655376381 -0.033897414956724742 0.078792061318922677
v 0.39545980265321362 -0.011294932202897377 0.078280987960233833
v 0.39546008035330854 0.011307691384489435 0.07828138701154394
v 0.39545798090981404 0.033910122330674558 0.078793002699755629
v 0.39545396474685379 0.056511984979818471 0.079814657622540405
v 0.39544805803052785 0.079112940604988746 0.081346293604413991
v 0.39544029461706454 0.10171265890886322 0.083387826080288233
v 0.39543071624237869 0.12431082114180518 0.085939145539708273
v 0.39541937245826397 0.14690712272235737 0.089000119210748005
v 0.39540632034360107 0.16950127540626764 0.092570592925062853
v 0.39539162402905392 0.19209300908243976 0.096650393124499093
v 0.39537535407677471 0.21468207326323954 0.10123932898252147
v 0.39535758675451776 0.23726823830617674 0.10633719461746863
v 0.39533840323897068 0.25985129637573645 0.11194377137182619
v 0.39531788877782548 0.28243106213902203 0.11805883012673273
v 0.39529613183510942 0.30500737318712984 0.12468213361722234
v 0.39527322323996106 0.32758009018062567 0.13181343871267592
v 0.39524925535541749 0.35014909672665173 0.13945249862848905
v 0.39522432128077289 0.37271429900363467 0.14759906503832787
v 0.39519851409848755 0.39527562515596421 0.1562528900607579
v 0.39517192617432484 0.41783302448526194 0.16541372809893856
v 0.3951446485172635 0.44038646646732221 0.17508133751710381
v 0.39511677020372898 0.46293593962483193 0.18525548214245291
v 0.3950883778688053 0.48548145028576628 0.19593593258562217
v 0.39505955526535136 0.50802302125567433 0.20712246737670956
v 0.395030382890321 0.53056069042775889 0.2188148739159165
v 0.395000937675758 0.55309450934416227 0.23101294923553226
v 0.39497129273861825 0.57562454169547794 0.24371650055563751
v 0.39494151717448772 0.59815086167785414 0.25692534556884555
v 0.39491167585287601 0.6206735519543799 0.2706393122551754
v 0.39488182909151281 0.64319270053691291 0.28485823766958113
v 0.39485203186504425 0.66570839487047495 0.29958196423481104
v 0.39482233162680591 0.68822070903863741 0.31481032988353586
v 0.39479276242402167 0.71072967492582084 0.33054314343946989
v 0.39476332985055756 0.73323521803281777 0.34678012619188964
v 0.39473397496054557 0.75573702021671874 0.36352078047281533
v 0.39470449350123948 0.77823424198709323 0.38076411119272346
v 0.3946743681396539 0.8007249969511322 0.39850807423081758
v 0.39464244721496194 0.8232054313179431 0.41674856350671785
v 0.39460638241962481 0.84566824940636831 0.4354777033527526
v 0.39456173821450674 0.86810058578136806 0.45468123667889626
v 0.39450073323818574 0.89048129958454025 0.47433495800240805
v 0.39441068697857373 0.91277806269730188 0.49440047249643476
v 0.39427241222019382 0.93494495669761835 0.51482102070759961
v 0.39405895730391921 0.9569215216029261 0.53551852361451246
v 0.39373516821143628 0.97863412066455091 0.55639312106984018
v 0.4258177684229647 -0.97910618208813693 0.57006379382915728
v 0.42509437379267956 -0.9593798446237215 0.55065806121913985
v 0.42387638646923964 -0.94537003622663918 0.53681812017034747
v 0.43646110588389447 -0.92042416590470855 0.5189202149819333
v 0.43038461428452851 -0.89259277416632543 0.4910770505712046
v 0.42777531935375268 -0.8661607808492916 0.46668656365486361
v 0.42736239089722128 -0.84062388297125701 0.44472774892855715
v 0.42792483616225219 -0.81472780231553266 0.42355984763775661
v 0.42896821188999135 -0.78747147887086943 0.40218631561387042
v 0.43036555553911621 -0.75819528228852606 0.38014065865969582
v 0.41045627853307337 -0.73144171477288744 0.35179782211790278
v 0.41135908598874804 -0.71369794902227113 0.33937861749006504
v 0.41224610243216248 -0.69540904768453704 0.32686575398509327
v 0.41311208100089009 -0.67642858810649775 0.3141951480893258
v 0.41392759821513869 -0.65683884920662217 0.30145514004366725
v 0.41467387515639653 -0.63667752108682241 0.28870292401184416
v 0.41533542279764024 -0.61600962981103025 0.27601022289047478
v 0.41590237610678454 -0.59490109047873874 0.26344957489316351
v 0.41636922302316065 -0.57341887815966452 0.25109749783957291
v 0.41674220477314333 -0.5516368290160919 0.23901098670172707
v 0.41703317924385785 -0.52962396969188019 0.22723896108148459
v 0.41725353878646032 -0.50743653189513993 0.21583090894514734
v 0.41741626366734219 -0.48512172899360029 0.20482748320437946
v 0.41753435409349615 -0.4627173102403489 0.19426063517518347
v 0.41761963401160773 -0.44025201677505038 0.18415437216846822
v 0.41768200062683575 -0.41774665972082359 0.17452590951846786
v 0.4177291262655104 -0.39521555482943682 0.16538701460717989
v 0.41776653161980004 -0.37266804618013843 0.15674535004156831
v 0.41779790023855712 -0.3501099165977265 0.14860567366205343
v 0.41782550231959081 -0.32754456423609585 0.140970816229672
v 0.41785061902161813 -0.30497389836827382 0.1338424123551131
v 0.41787389907412265 -0.28239896504292977 0.12722140282515115
v 0.41789562157277471 -0.2598203493532939 0.12110835227594494
v 0.41791586870351261 -0.23723841356975595 0.11550363359738186
v 0.41793462768758483 -0.21465342655480116 0.110407525578457
v 0.41795184522174378 -0.19206562811579042 0.10582025966183989
v 0.41796745413843356 -0.16947525813233452 0.10174203982787862
v 0.41798138566340926 -0.14688256831602817 0.098173049669918078
v 0.41799357494256706 -0.12428782606932058 0.095113453944930718
v 0.41800396369453324 -0.10169131494387969 0.092563397994566893
v 0.41801250173603743 -0.079093333623306131 0.090523006490477537
v 0.41801914810864699 -0.056494194148697288 0.088992382095549605
v 0.41802387208597619 -0.033894219592599986 0.087971604288566707
v 0.4180266541474667 -0.011293741214223059 0.087460728476564081
v 0.41802690897406497 0.011306870472495985 0.08746113231844363
v 0.4180247265611835 0.033907296637837273 0.087972556853047917
v 0.41802057646247592 0.056507171875613826 0.088993866857425996
v 0.41801448493283633 0.079106167393736285 0.09052500684600337
v 0.41800648613303004 0.10170396250081244 0.092565896064591674
v 0.41799662228683931 0.12430024761224283 0.095116429872991515
v 0.4179849435916817 0.14689472676276555 0.098176481350015568
v 0.41797150791135246 0.16948711967709129 0.1017459030648115
v 0.41795638028843241 0.19207716348140244 0.10582452897774085
v 0.41793963231625803 0.21466461412593033 0.11041217644713301
v 0.41792134140811632 0.23724924755688767 0.11550864832200927
v 0.41790158999699079 0.25983086064663607 0.12111373509797216
v 0.41788046469429724 0.28240927187509313 0.1272272171083296
v 0.417858055431436 0.30498432175316698 0.13384886671859722
v 0.4178344546039392 0.32755587298515693 0.14097845049121213
v 0.4178097562345815 0.35012381037600598 0.14861573128850145
v 0.41778405516893929 0.37268804049758958 0.15676047028494619
v 0.41775744631439216 0.39524849113452809 0.16541242886381799
v 0.41773002393132019 0.41780511053422681 0.17457137037779069
v 0.4177018809831779 0.44035786648830827 0.18423706175779381
v 0.41767310855017431 0.46290674527367259 0.19440927495892912
v 0.41764379530946966 0.48545175048125305 0.20508778823648696
v 0.41761402708309009 0.50799290175890888 0.21627238724857764
v 0.41758388645310296 0.53053023349067074 0.22796286598365603
v 0.41755345244152553 0.55306379342427581 0.24015902750855531
v 0.41752280024845395 0.57559364123304124 0.25286068451796312
v 0.41749200103120299 0.59811984693151032 0.26606765961878132
v 0.41746112167607746 0.6206424888936003 0.27977978514760737
v 0.41743022442522232 0.64316165079522691 0.29399690195822037
v 0.41739936597805377 0.66567741577723893 0.3087188556985524
v 0.41736859506265489 0.68818985377834974 0.32394548688938679
v 0.41733794597297907 0.71069899294413819 0.33967660612175571
v 0.41730742223160988 0.73320475595955958 0.35591193517153857
v 0.41727695775936896 0.75570682388033306 0.37265097453174623
v 0.41724633060530658 0.77820436065399912 0.38989272275994963
v 0.41721498487178571 0.80069549183834765 0.40763512063331792
v 0.41718169164924024 0.82317639171358148 0.42587403067584634
v 0.4171439585654042 0.84563982116941627 0.44460151726526054
v 0.41709709929150812 0.86807301796571901 0.46380321683144832
v 0.4170329253006459 0.8904550144200909 0.48345474763765073
v 0.41693814080202007 0.91275375105253431 0.50351744317306246
v 0.41679269520672779 0.93492369495797989 0.52393415461368653
v 0.4165685146429437 0.95690489758477737 0.54462628489285714
v 0.41622909767688887 0.97862434844261192 0.5654933348498643
v 0.44923277076742707 -0.9821189862764137 0.5832880399506265
v 0.45365416904500949 -0.9528185719474177 0.55690954244150093
v 0.45343976949022696 -0.93940678657791987 0.54415486880971309
v 0.45884608405844535 -0.92310026097781372 0.53140736824443258
v 0.45279272837205625 -0.89308598875712497 0.50141577489650935
v 0.45006195407082894 -0.86721523815517432 0.4773928468331487
v 0.44942027769039072 -0.84251273560125739 0.45596832031911022
v 0.44970175725310008 -0.817790582038039 0.43559402922873253
v 0.4504283860941069 -0.79215615670665174 0.41530840938990793
v 0.45149729338033912 -0.76495319522432648 0.39462531270440987
v 0.45290018904927665 -0.73568168090102981 0.3732759584178858
v 0.43300305798213728 -0.70892044365668416 0.34508612412120448
v 0.43390936038550765 -0.69117348411758806 0.33308632018490564
v 0.43479969358447779 -0.67288099542503799 0.32100455488857549
v 0.4356695866992924 -0.65389610673225551 0.30877998297802167
v 0.43648913113493115 -0.63430151098113485 0.29649854465702735
v 0.43723940889223506 -0.61413504527662111 0.28421622376883982
v 0.43790473381077005 -0.59346191320197872 0.27200297235788173
v 0.43847439954823042 -0.57234735298391848 0.2599311429327279
v 0.43894445773657448 -0.55086102994747743 0.2480714370418482
v 0.43931956494343199 -0.52907448536072244 0.2364832537128676
v 0.43961229533178559 -0.50705730914412384 0.2252130280289357
v 0.43983403780820995 -0.48486576652496488 0.21430924331637294
v 0.43999779795415095 -0.46254708259021055 0.20381178581479414
v 0.4401166116961629 -0.44013900615737445 0.19375205145292168
v 0.440202343661314 -0.4176702703745212 0.18415366719365087
v 0.44026492929510369 -0.39516167690823029 0.17503360195739667
v 0.44031207295585884 -0.37262753478196431 0.1664034717804673
v 0.44034931973872876 -0.3500771864376353 0.15827085030226734
v 0.44038037028937665 -0.32751641883986132 0.1506404439505884
v 0.44040750598376599 -0.30494863950154749 0.14351505251105456
v 0.44043201501917212 -0.28237577101993244 0.13689628930796316
v 0.44045455071283768 -0.25979887526506423 0.13078507740233294
v 0.44047539564388899 -0.2372185542876902 0.12518196411911908
v 0.44049463531425975 -0.21463518735303597 0.12008730402817433
v 0.44051226066896415 -0.19204905954854287 0.11550135606341093
v 0.44052822284775434 -0.16946042557849206 0.11142433018075723
v 0.44054245999199354 -0.14686953851626433 0.10785640734285599
v 0.44055490956054494 -0.12427666130890587 0.10479774678872006
v 0.44056551387661652 -0.10168207044389208 0.10224848782929159
v 0.44057422279071451 -0.079086056222556184 0.10020874954745658
v 0.44058099521788885 -0.056488921512633745 0.098678629852724478
v 0.44058580027332284 -0.0338909796664622 0.097658204486086322
v 0.44058861826841472 -0.011292551823638194 0.097147526229032194
v 0.44058885064745118 0.011306002050324756 0.097147932921333655
v 0.44058659471280603 0.03390437750939769 0.09765916368778374
v 0.44058232741344044 0.056502219562481984 0.098680125090040816
v 0.4405760749859034 0.07909920944659965 0.10021076430700607
v 0.44056787173984241 0.10169503616925148 0.10225100436617508
v 0.44055776018567844 0.12428939940233004 0.10480074546429791
v 0.44054579092309226 0.14688201188730554 0.10785986649385068
v 0.44053202231912941 0.16947260140844597 0.11142822672159168
v 0.44051652001243713 0.19206091242081375 0.1155056675852064
v 0.440499356281842 0.21464670740573424 0.1200920145872446
v 0.4404806093151386 0.2372297679931327 0.12518707926934064
v 0.44046036240987213 0.25980989585971481 0.1307906612467486
v 0.44043870313341071 0.28238691339540656 0.1369025502779842
v 0.44041572246536353 0.30496066412781064 0.14352252834025983
v 0.44039151394164788 0.32753101290028308 0.15065037167984119
v 0.44036617281630408 0.35009784580796377 0.15828585280736313
v 0.44033979525440831 0.37266106990422854 0.16642874241079272
v 0.44031247756704256 0.39522061269622855 0.1750788111624022
v 0.44028431549711083 0.41777642145234306 0.18423583140027
v 0.44025540356278214 0.4403284623468316 0.19389957866913579
v 0.44022583446344948 0.46287671946807279 0.20406983310964982
v 0.44019569855131285 0.48542119371668169 0.21474638068895333
v 0.44016508337001053 0.50796190161826382 0.22592901426870468
v 0.44013407326000398 0.53049887407149843 0.23761753450814987
v 0.44010274902813495 0.55303215504222403 0.24981175059690158
v 0.4400711876741995 0.57556180018881076 0.26251148079711734
v 0.44003946215524409 0.59808787533836416 0.27571655272678286
v 0.440007641133565 0.62061045456431418 0.28942680317940073
v 0.43997578855658354 0.64312961719275141 0.30364207691079664
v 0.43994396265327029 0.66564544204684917 0.31836222289809579
v 0.43991221326108709 0.68815799491123875 0.33358708434915862
v 0.43988057479868115 0.7106673001960544 0.34931647370281915
v 0.43984904866829866 0.73317327780713626 0.36555011325568249
v 0.43981756174511172 0.75567560811653789 0.38228750159498615
v 0.43978587473585062 0.77817345880657196 0.39952763065579749
v 0.43975339405744268 0.8006649680434812 0.41726842545980597
v 0.43971881541193947 0.82314633950322313 0.43550571579784525
v 0.4396795059538568 0.84561039310180586 0.45423150361524367
v 0.4396305349931679 0.86804447400702789 0.47343131462346483
v 0.43956331754060102 0.89042779441502473 0.49308058410295613
v 0.43946395909673264 0.91272857336643742 0.51314036394554075
v 0.43931156951941736 0.93490167695084403 0.53355310243323262
v 0.43907698447282822 0.95688768500079913 0.55423966743080222
v 0.43872239428796872 0.97861423286690086 0.57509890108303685
v 0.4703570280868673 -0.9822632599542751 0.59314233341126021
v 0.46815227994505121 -0.95429747531361042 0.56498941394762692
v 0.47651266217291127 -0.94376150465341624 0.55899070066800682
v 0.48278342829432197 -0.92045748156052698 0.54022764239274101
v 0.47525435063146154 -0.89338219123989648 0.51210478024093753
v 0.47243991667539342 -0.86778541166310197 0.48821445982803624
v 0.47164891556290972 -0.84360023124872829 0.46712985867195483
v 0.47173101790367816 -0.81968005308822911 0.44727185015949011
v 0.47219722019629978 -0.79521678029380016 0.42775833232219962
v 0.47295455754339943 -0.76963821470304228 0.40812455642974865
v 0.47402820830782749 -0.74244127411973793 0.3880845204941295
v 0.47543467897261971 -0.71316688609067524 0.36742499850677168
v 0.45554961904772828 -0.6863970334412125 0.33938839468987791
v 0.4564592742250988 -0.6686462272228938 0.32780783608276792
v 0.45735278284505743 -0.65034974789143063 0.31615721569801408
v 0.45822643455725032 -0.63136017053534599 0.30437889117181866
v 0.45904983185328851 -0.61176054529750623 0.29255631638650703
v 0.4598039163645945 -0.59158882236904597 0.280744225752039
v 0.46047280659323908 -0.57091037559933899 0.26901077678184443
v 0.46104489823676625 -0.54978984287787858 0.25742810735807725
v 0.46151802404148706 -0.52829941306015282 0.24606103603838553
v 0.46189502203458238 -0.50650843637630028 0.23497148477336727
v 0.46218926647873376 -0.48448704334942211 0.22420335056859536
v 0.46241214748954618 -0.46229152905808868 0.2138041084377047
v 0.46257669344446289 -0.43996913107798108 0.20381287548706162
v 0.46269597820614483 -0.41755759571013329 0.19426049175940416
v 0.46278190834669752 -0.39508564592776985 0.1851702036299116
v 0.46284445826875542 -0.37257407194077286 0.17655873332930014
v 0.46289136497319211 -0.35003717417507074 0.16843754504739217
v 0.46292819866090806 -0.32748429169438548 0.16081412263836431
v 0.4629586779409649 -0.30492121396034638 0.15369311997632998
v 0.46298509641291402 -0.28235135619533019 0.14707730445997558
v 0.46300875051756879 -0.25977665255572713 0.14096826654383354
v 0.46303029948561147 -0.23719817878086505 0.13536690992679581
v 0.46305003078096363 -0.21461655170419736 0.13027376304667507
v 0.46306803465600199 -0.19203216518402194 0.12568916073335926
v 0.46308430721174898 -0.16944531792636244 0.12161334087674006
v 0.46309880543504039 -0.14685627676230742 0.11804649104431464
v 0.46311147413623327 -0.12426530507108643 0.11498876860714054
v 0.46312225831722553 -0.1016726740612859 0.11244030823183102
v 0.46313110873922031 -0.079078666243194623 0.11040122394045702
v 0.46313798459754318 -0.05648357547150025 0.1088716091058449
v 0.46314285506272845 -0.033887705393042949 0.10785153583441515
v 0.46314570039774383 -0.011291366998131099 0.10734105433814339
v 0.46314591089065338 0.011305090410731695 0.10734146206317037
v 0.46314359068502559 0.033901376472596459 0.10785249741255774
v 0.46313922248478123 0.056497146721626069 0.10887310819308932
v 0.46313283240892367 0.07909209247141552 0.11040324420959531
v 0.46312445477079234 0.10168591247669272 0.11244283222288577
v 0.46311413217919012 0.12427831571535312 0.11499177720866176
v 0.46310191540802553 0.14686902368735261 0.11804996380629222
v 0.46308786306335425 0.16945777229189521 0.12161725790613269
v 0.46307204108323974 0.19204431337320402 0.12569350834402512
v 0.4630545221069115 0.2146284160097538 0.13027854868488789
v 0.46303538474726108 0.23720986758734325 0.13537219908108572
v 0.4630147127968785 0.25978847466506833 0.14097426818827394
v 0.46299259439372908 0.28236406362609318 0.14708455511608873
v 0.46296912116869793 0.3049364811020458 0.15370285138680606
v 0.46294438739376786 0.32750559416541075 0.16082894287331792
v 0.46291848914659345 0.35007129029279549 0.16846261168840396
v 0.46289152350463492 0.37263347710990152 0.17660363799960704
v 0.46286358777972325 0.39519208193511668 0.18525180174734496
v 0.46283477880184232 0.41774705114273342 0.19440688424769739
v 0.4628051922589756 0.44029834936924978 0.20406866966526702
v 0.46277492209802679 0.46284595858734467 0.21423694634540066
v 0.46274405999009266 0.48538987707209763 0.22491150799864926
v 0.46271269486169209 0.50793011828261003 0.23609215473324213
v 0.46268091249178472 0.53046670967829723 0.24777869393258131
v 0.46264879517193735 0.55299969147937411 0.25997094097158396
v 0.4626164214218963 0.57552911535611107 0.27266871975042678
v 0.4625838657393333 0.59805504296649403 0.28587186297570988
v 0.46255119832440744 0.62057754409452226 0.29958021198128187
v 0.46251848461352169 0.6430966937217939 0.3137936155128449
v 0.46248578417302716 0.66561256635548272 0.32851192596604634
v 0.46245314778729901 0.68812522362810147 0.34373498932063973
v 0.46242060988003819 0.71063468622586146 0.35946261993108058
v 0.46238816968626795 0.73314087131831229 0.37569454064020152
v 0.46235574712700428 0.75564345871515226 0.39243024806272486
v 0.46232308593267907 0.77814162012705435 0.40966872725765724
v 0.46228955573899977 0.80063350696558999 0.42740788688143938
v 0.46225377877333623 0.82311535356802301 0.44564352274381147
v 0.46221298540890149 0.84558004120289232 0.46436757204328205
v 0.46216200719293826 0.86801502641598216 0.48356544581075006
v 0.46209187363947285 0.89039970757591669 0.50321239005237672
v 0.46198810848082994 0.91270259150136746 0.52326916579703597
v 0.46182900631832768 0.93487895587963266 0.54367780580407055
v 0.46158434465631082 0.95686992475692734 0.56435862699341144
v 0.46121504534826546 0.97860379758349858 0.58520979449384902
v 0.49326905566242024 -0.97911059621978891 0.60106499325431439
v 0.49256131662999231 -0.95940180347354598 0.5816350864423141
v 0.49134906270591749 -0.94545211209022395 0.56777211457428189
v 0.50393271356426073 -0.92065442727808589 0.55085677522953114
v 0.49776552889022824 -0.89343201660802529 0.52310134697428012
v 0.49487564721753929 -0.8680749701703494 0.49931946438914915
v 0.49399534839175985 -0.84419407830272941 0.47842627571541391
v 0.49394234866260417 -0.82077525541471896 0.45889459279435646
v 0.49422004484666765 -0.79710521207938845 0.43988526282971097
v 0.49472130195801134 -0.77269848097457228 0.42099480183381949
v 0.49548325939400678 -0.7471268161252328 0.40196128793164349
v 0.49655891369121358 -0.71992809754979703 0.38255714551930764
v 0.49796867947154938 -0.69064973473525193 0.36258686846101601
v 0.47809564225296264 -0.66387073178740452 0.33470410535113182
v 0.47900851529841099 -0.64611587129210979 0.32354298166839179
v 0.47990504970890319 -0.62781525647786218 0.31232373615674103
v 0.48078228572254711 -0.60882086793238521 0.3009919549695651
v 0.48160934028410241 -0.5892161196641631 0.28962857161819489
v 0.48236701670415361 -0.56903907744456916 0.27828706010206528
v 0.48303924057789838 -0.54835528459985705 0.26703376557136393
v 0.48361344598920797 -0.52722887103218186 0.25594056968810636
v 0.4840894807615434 -0.50573436055966337 0.24506639045492559
v 0.48446813716037596 -0.48393904545720129 0.23447576406141049
v 0.48476364612352685 -0.46191356567573094 0.22420999201055591
v 0.4849874104507943 -0.43971424414544985 0.21431554203801437
v 0.4851524870317514 -0.41738832883523358 0.20483076219380109
v 0.48527198833235891 -0.39497356151330987 0.19578593579070347
v 0.48535786335712822 -0.37249865256356479 0.18720392823682128
v 0.48542012596848005 -0.3499843783582357 0.179101214853784
v 0.48546654634425429 -0.32744502861551644 0.17148910767422407
v 0.4855027204421829 -0.30488993710461382 0.16437500019142609
v 0.48553238566790252 -0.28232489390665161 0.15776349283871963
v 0.48555784886351344 -0.25975332001714202 0.15165731949326275
v 0.48558041588350626 -0.23717715909730019 0.14605804647296103
v 0.48560075314569445 -0.2145974985396695 0.14096655683867584
v 0.48561915432612796 -0.19201496756463748 0.13638335896726
v 0.48563571576424963 -0.16942997205914667 0.1323087669669267
v 0.48565044002928737 -0.1468428216478683 0.12874299696098135
v 0.48566329122185775 -0.1242537924937477 0.12568621371141492
v 0.48567422203347804 -0.10166315541916507 0.12313855091606576
v 0.4856831861662288 -0.079071186957228409 0.12110011894211571
v 0.48569014392230137 -0.056478172580256773 0.11957100716545754
v 0.48569506488245118 -0.033884406434945266 0.11855128427856576
v 0.48569792942407675 -0.011290189425743308 0.11804099802328832
v 0.48569811871141022 0.011304139854032251 0.11804140509631361
v 0.48569574322828879 0.03389830479403666 0.11855224428590531
v 0.48569128989292404 0.056491971511226736 0.11957250397774091
v 0.485684784616223 0.079084841399438069 0.12110213655264854
v 0.48567626158124177 0.10167662296733813 0.12314107243947403
v 0.48566576332080585 0.1242670345091962 0.12568922131297783
v 0.48565334057145804 0.14685580629893263 0.12874647346626686
v 0.48563905193275098 0.16944268237300655 0.13231270130890216
v 0.48562296336619137 0.19202742199552619 0.13638776096185309
v 0.48560514756856688 0.21460980088234696 0.14097149393373129
v 0.48558568325185186 0.23718961222537593 0.14606372886649896
v 0.48556465435829338 0.25976666752622213 0.15166428333582724
v 0.48554214923554428 0.28234079723063865 0.15777296568590951
v 0.48551825979319435 0.30491185115175301 0.16438957687417216
v 0.48549308065887287 0.32747969867533483 0.17151391229936752
v 0.48546670834929795 0.35004422874861563 0.17914576358690923
v 0.48543924046919307 0.3726053496619498 0.18728492030733748
v 0.48541077494881113 0.39516298863855615 0.19593117160680198
v 0.48538140932880947 0.41771709125159912 0.20508430773191846
v 0.48535124009935066 0.44026762069029829 0.21474412143498534
v 0.48532036209853396 0.46281455689792034 0.22491040924912073
v 0.48528886797357235 0.48535789560456588 0.23558297262618225
v 0.48525684770647415 0.50789764727637232 0.24676161893296569
v 0.48522438820417874 0.53043383599904381 0.25844616230216877
v 0.48519157295045295 0.55296649830413602 0.27063642433119289
v 0.48515848171126724 0.57549568192198375 0.28333223460626983
v 0.48512519027060302 0.59802144438095672 0.29653343098024992
v 0.48509177013219679 0.6205438512069239 0.31023985939313115
v 0.48505828800822337 0.64306297306092253 0.32445137265252932
v 0.48502480461259112 0.6655788801523933 0.33916782664773226
v 0.48499137151569616 0.68809162997830653 0.35438907020272209
v 0.4849580230275915 0.71060123952530785 0.37011491964552479
v 0.48492475617026715 0.73310762328024026 0.3863450983854182
v 0.48489148400534759 0.75561046061842296 0.40307910100083794
v 0.48485793366262575 0.77810892756952066 0.42031590543882802
v 0.48482343892405738 0.80060118940337333 0.43805340342424248
v 0.48478655050411446 0.82308351231929267 0.45628735562542283
v 0.48474436577501406 0.84554884112809858 0.47500963234003457
v 0.48469148526704936 0.86798474747309062 0.49420552622951147
v 0.48461856418732507 0.8903708217741968 0.5138500881694037
v 0.48451056175227186 0.91267586725621053 0.53390377970682001
v 0.48434498199897685 0.93485558493059395 0.55430820634378408
v 0.48409057702849617 0.9568516577640066 0.57498311932449164
v 0.48370704043145041 0.97859306624612641 0.59582598979538204
v 0.51667767783786189 -0.9821106855052758 0.61585270823703153
v 0.52112250526336723 -0.95280777876699774 0.58978241265121834
v 0.52091460877667017 -0.93942081794575727 0.57704007616388953
v 0.52632694393297352 -0.92317242807322886 0.56471340595127117
v 0.52022807276145322 -0.8934768319877302 0.53457502507739285
v 0.51734485816040354 -0.86820753418444241 0.51080754344364243
v 0.51641443604526427 -0.84449815664763872 0.49001214906374707
v 0.51627695756456626 -0.82137355030954873 0.4706734082322967
v 0.51642705929974919 -0.79820122328410448 0.45197902027240444
v 0.5167424866583098 -0.7745863156525431 0.43357405917287101
v 0.51724863325383241 -0.7501869020673686 0.41525233774585435
v 0.51801170730524237 -0.72461413992318902 0.39681127013131512
v 0.51908903972137177 -0.69741268098224407 0.3780423813002548
v 0.52050195303685842 -0.66813013583628678 0.3587615100490682
v 0.50064084110698848 -0.64134150145230262 0.33103324886652613
v 0.50155678184554409 -0.62358248458751653 0.320291814277406
v 0.50245617615510418 -0.60527766171048092 0.3095042075500517
v 0.50333680389004598 -0.58627839092481204 0.2986192800446219
v 0.50416729989634179 -0.56666846814139371 0.28771541846020404
v 0.50492832069840832 -0.54648608106968377 0.27684482289921175
v 0.50560363887768456 -0.52579694430132873 0.26607202876084479
v 0.50617967037167699 -0.50466477076499217 0.25546860406733429
v 0.50665844038522823 -0.48316622947448162 0.24508756590824315
v 0.50703848844007726 -0.46136670466367502 0.23499612595713845
v 0.50733500164159739 -0.439337298734437 0.22523296051196764
v 0.50755939118590032 -0.41713436284747252 0.21584352514395005
v 0.50772474272617185 -0.39480515391240412 0.20686539702768469
v 0.50784420809604836 -0.37238740681251448 0.19832830210325597
v 0.50792977932228334 -0.34990981632639734 0.19025472458565934
v 0.50799151014967037 -0.3273931423774446 0.18266089290500281
v 0.50803720438369937 -0.30485166183468243 0.17555796692827849
v 0.5080724843247465 -0.28229470107217508 0.16895324947690005
v 0.50810110694578747 -0.25972804866541149 0.1628512869316214
v 0.50812539327972783 -0.23715512920599857 0.15725477882496539
v 0.50814665968304162 -0.21457789358880913 0.15216526642222608
v 0.50816558093711328 -0.19199743846421066 0.14758361125820066
v 0.5081824581416311 -0.16941440291739507 0.14351030089461034
v 0.50819739492561233 -0.14682920223752877 0.13994562817995426
v 0.50821040149026431 -0.12424215427002452 0.13688978720635378
v 0.50822145016018516 -0.10165354176178464 0.13434291997522865
v 0.50823050256086466 -0.079063640169193303 0.13230513688734322
v 0.50823752208915041 -0.056472728426456092 0.13077652473333032
v 0.50824247951566659 -0.033881091851470743 0.12975714932915824
v 0.50824535564026729 -0.011289021513928018 0.12924705615714349
v 0.5082455245104287 0.011303154650909746 0.12924746103693438
v 0.50824310243571158 0.03389517340698274 0.12975810416673261
v 0.50823857911413617 0.056486711459533739 0.1307780137372383
v 0.50823198016791937 0.07907748024501185 0.13230714464611923
v 0.5082233395278114 0.10166719799408647 0.13434543091044021
v 0.508212699490876 0.12425559229153681 0.13689278680507611
v 0.5082001105619055 0.1468424021670959 0.13994910816066694
v 0.50818563110805048 0.16942737978603326 0.14351427377498674
v 0.5081693268599754 0.19201029183541374 0.14758814691138394
v 0.50815127029255758 0.21459092068436222 0.15217057687108895
v 0.50813153991548965 0.23716906536025104 0.15726140062989347
v 0.50811021950078417 0.25974454235001609 0.16286044452668161
v 0.508087397270792 0.28231718621766305 0.16896752598589762
v 0.50806316506717142 0.3048868500252282 0.17558245525159305
v 0.50803761751834686 0.32745340554942598 0.18270503710858219
v 0.5080108512203948 0.35001674329423837 0.19033507256637888
v 0.50798296394398956 0.37257677230728586 0.19847236048334055
v 0.50795405387797743 0.39513341981362993 0.20711669911113623
v 0.50792421891823636 0.41768663068459727 0.21626788754280615
v 0.50789355600869712 0.44023636676161754 0.22592572705099914
v 0.50786216053969235 0.46278260605626048 0.23609002230624948
v 0.50783012580716025 0.48532534184778575 0.24676058246817861
v 0.50779754253460219 0.50786458169835069 0.25793722214489456
v 0.50776449845785077 0.53040034640247824 0.2696197622166176
v 0.50773107796991179 0.55293266887814752 0.28180803051591669
v 0.50769736181710556 0.57546159298271404 0.29450186234102144
v 0.50766342682172239 0.59798717217339337 0.30770110072888024
v 0.50762934556174133 0.62050946776784399 0.32140559627379162
v 0.50759518581559604 0.64302854614836591 0.33561520590164318
v 0.50756100925745928 0.66554447326186195 0.3503297890567329
v 0.50752686808434366 0.68805730250217956 0.36554919746803805
v 0.50749279637475253 0.71056704719525654 0.38127324948648128
v 0.5074587888928529 0.7330736192109818 0.39750166910398271
v 0.50742475193881065 0.75557669762540647 0.41423394880273334
v 0.50739039642635719 0.77807546307397224 0.43146905919964063
v 0.50735502123190157 0.80056809527150641 0.44920487456422398
v 0.50731710756061577 0.82305089341199 0.46743711934913867
v 0.50727362363952022 0.84551686789808367 0.48615759495554017
v 0.50721894585166361 0.86795370893627832 0.50535147225758814
v 0.50714336647296521 0.89034120445929521 0.52499360157688435
v 0.50703129771112199 0.9126484620965406 0.54504413700415189
v 0.50685947804806708 0.93483161703575435 0.56544424593966491
v 0.50659566729048144 0.95683292475371373 0.58611310036007525
v 0.50619837132133039 0.97858206240966472 0.60694746180810777
v 0.53780079907800349 -0.98225012977648241 0.62712637672902927
v 0.53561970791471492 -0.95427646575873981 0.59883073478399196
v 0.543985028930278 -0.94374089068893841 0.59339867976021354
v 0.5502694774734459 -0.9204643669355802 0.57509154875172652
v 0.54272270509319231 -0.89353996508310618 0.54658704046835416
v 0.53983022517000734 -0.868260981547055 0.52273986312661624
v 0.5388747234959359 -0.84464102948278963 0.50198519659086327
v 0.53868917201564825 -0.82168094117886281 0.48275101899442496
v 0.53875811252629024 -0.79879968038811422 0.4642447934148905
v 0.5389482622006212 -0.77568224830831423 0.44614157089784767
v 0.53926879584700682 -0.75207423605687473 0.42828435279087174
v 0.53977567625669876 -0.72767405999023915 0.4105230570222218
v 0.54053948286669551 -0.70209930665380882 0.39267373373592229
v 0.5416183652716855 -0.67489499355822202 0.3745401997275023
v 0.54303427059800846 -0.64560818786773067 0.35594897989747737
v 0.52318493300460212 -0.61880947279348719 0.32837590305814685
v 0.52410377541954689 -0.60104623647080058 0.31805442103854209
v 0.5250058485933623 -0.58273716757514726 0.30769871931309256
v 0.52588965528479625 -0.5637329763150245 0.29726095105893385
v 0.52672336208162096 -0.54411785855617079 0.28681693423988347
v 0.52748749345241452 -0.52393012681628293 0.27641759088247031
v 0.52816498199616624 -0.50323513758401006 0.26612670140974698
v 0.52874317430154638 -0.48209791329866347 0.25601222579555738
v 0.52922386075384131 -0.46059484069792728 0.24612573741005311
v 0.52960567069973652 -0.43879183125229959 0.23653255201205164
v 0.52990292732199151 -0.41675868742494421 0.22727221138627812
v 0.53012768426232393 -0.39455235748879375 0.21838798391146863
v 0.53029305792570758 -0.37222010317391341 0.20991667411474368
v 0.53041224075315174 -0.34979964910281114 0.20188745021364352
v 0.53049726798031338 -0.32731967248613064 0.19432241564826003
v 0.53055823342896924 -0.30480091467515225 0.18723755240235276
v 0.53060297491152097 -0.28225763717055236 0.18064386835433349
v 0.53063714157729214 -0.25969915650975167 0.17454857557417269
v 0.53066451063635889 -0.23713125740327465 0.16895616606920047
v 0.53068741814891052 -0.21455736568441991 0.16386930453862053
v 0.53070719194029503 -0.19197943707406673 0.1592895066483519
v 0.5307245161980132 -0.16939857499667291 0.15521761191682545
v 0.5307397005096518 -0.14681542585000221 0.1516540867549975
v 0.53075285683850959 -0.12423041172693297 0.14859920264341334
v 0.53076400401851842 -0.10164385606283066 0.1460531318094975
v 0.53077312354475403 -0.079056045508847969 0.14401599396357645
v 0.53078018686432282 -0.056467257370062862 0.14248787700037882
v 0.53078516788691432 -0.0338777700103437 0.14146884526405509
v 0.53078804857315842 -0.011287865376229871 0.14095894249987401
v 0.53078819792802157 0.011302139013421631 0.14095934380670336
v 0.53078573760342285 0.033891992850483055 0.14146979175566146
v 0.53078115876154264 0.056481383375511784 0.14248935348464001
v 0.5307744866689369 0.079070031989003836 0.14401798634337445
v 0.53076575489526212 0.10165766657543603 0.14605562784556211
v 0.53075500535723585 0.12424402395080326 0.14860219675111347
v 0.53074228815121327 0.14682885185155353 0.15165759429226347
v 0.53072766120617321 0.1694119105349379 0.15522170550113915
v 0.53071118978992737 0.19199297408839494 0.15929440061509639
v 0.5306929459000207 0.2145718315274476 0.16387553654888842
v 0.53067300756791191 0.2371482877245632 0.1689649584263116
v 0.53065145810184278 0.25972216417822658 0.17456250116093475
v 0.53062838529074907 0.28229329961296556 0.18066799107012779
v 0.53060388058871188 0.30486155039695767 0.18728124750210776
v 0.5305780382968156 0.32742679076853615 0.19440208445347651
v 0.53055095475687497 0.34998891287069611 0.20203031215466638
v 0.53052272756933738 0.37254782660008579 0.21016573860220536
v 0.53049345484571198 0.39510345928263435 0.21880817101911906
v 0.53046323450407062 0.41765575519182296 0.22795741722763979
v 0.53043216361445744 0.44020467492796966 0.23761328692141573
v 0.53040033779941376 0.46275019467811568 0.2477755928274071
v 0.53036785069323245 0.48529230537629364 0.25844415175041718
v 0.53033479346196533 0.5078310117828988 0.26961878549535456
v 0.53030125438433995 0.53036633149849866 0.28129932166285648
v 0.5302673184908171 0.55289829391840928 0.29348559431002297
v 0.53023306725154629 0.5754269391105713 0.30617744445175227
v 0.53019857828676897 0.59795231653652536 0.31937472032768821
v 0.53016392502540899 0.62047448337273037 0.33307727721730029
v 0.53012917610719046 0.64299350178145576 0.34728497620575582
v 0.53009439398242197 0.66550943349872105 0.36199768034037083
v 0.53005963131731959 0.68802232786346096 0.37721524430478059
v 0.53002492184217542 0.71053219459434669 0.39293748851397198
v 0.52999025801990785 0.73303894302213513 0.40916413755498898
v 0.52995553949034191 0.75554225206531056 0.42589468175760636
v 0.52992046134375959 0.7780413072469079 0.44312808420764765
v 0.52988428851710601 0.80053430328562047 0.46086220123713334
v 0.52984543474503942 0.82301757343276638 0.47909272009329734
v 0.52980074302761082 0.84548419559061461 0.49781137144159449
v 0.52974437257115414 0.86792198173987423 0.5170032012198178
v 0.52966626424474328 0.89031092237091558 0.53664285420205315
v 0.52955030095369748 0.91262043688960892 0.55669016968748408
v 0.52937248087429001 0.93480710464377303 0.5770858670132325
v 0.52909960488358532 0.95681376610259317 0.59774852642493692
v 0.52868903194071482 0.97857080942912866 0.61857418556996202
v 0.56071636242051281 -0.9790926885756388 0.63659156037062048
v 0.56002523206949195 -0.95937503740011754 0.61711511412318376
v 0.55882196303446052 -0.94542434897208616 0.60317512541581431
v 0.57142063805027354 -0.9206307505191943 0.58712095147238952
v 0.56525103653799103 -0.8934739028232016 0.55900786525631296
v 0.56232453881885947 -0.86827556821688356 0.53514874287407288
v 0.5613565983946851 -0.84469899215666466 0.51440232872162961
v 0.56114549026353588 -0.82182586290990522 0.49522062426428104
v 0.56116783788824198 -0.79910719178273082 0.47681804867395733
v 0.56127786315924943 -0.77628028797550119 0.45889568048807378
v 0.56147377022830558 -0.75317003617885758 0.44132601142158889
v 0.56179478192644838 -0.72956093053402193 0.42400780708174285
v 0.56230195249003156 -0.70515913102802841 0.40680618275385705
v 0.56306637411974558 -0.67958232655345396 0.38954866666182453
v 0.56414667950846298 -0.65237514463793611 0.37205065275011828
v 0.5655654064778225 -0.62308403717170435 0.35414933721627129
v 0.54572763956866432 -0.59627482926970599 0.32673214312681997
v 0.5466492025497931 -0.5785073369109488 0.31683087343979138
v 0.54755376018973057 -0.56019401016351067 0.30690733603814568
v 0.54844052375478136 -0.54118488721526148 0.29691702508067458
v 0.54927719699539046 -0.52156458375491477 0.28693316392588419
v 0.55004416954491253 -0.50137154439858422 0.27700538570391647
v 0.55072347489557416 -0.48067072622332985 0.26719689911729733
v 0.55130359321116595 -0.45952868567162047 0.25757140648663773
v 0.55178575566943111 -0.43802112512084196 0.24818003508239569
v 0.55216930836803535 -0.41621486570506699 0.23908497639847168
v 0.55246704848692529 -0.39417819773034718 0.2303276494501767
v 0.55269191925246997 -0.37196871470117282 0.22194879072834747
v 0.55285706918217847 -0.34963368150671731 0.21398443161113814
v 0.55297573219682672 -0.32721080984955897 0.20646318275144571
v 0.55305998700127357 -0.3047287567060083 0.19940676731057194
v 0.55311996768088945 -0.28220824201747841 0.19283092137462482
v 0.55316354624129771 -0.25966350922215015 0.18674650125896824
v 0.55319639901066398 -0.23710386248275395 0.18116062849876113
v 0.55322232395820559 -0.21453508018908846 0.17607774073356805
v 0.55324367286479681 -0.19196058697777718 0.17150046769179966
v 0.55326178584167618 -0.1693823409397214 0.16743029926696409
v 0.55327735736602601 -0.14680144979258594 0.16386805286206008
v 0.55329070641186917 -0.12421856474882637 0.16081417380186397
v 0.55330195415366201 -0.10163411219335333 0.15826891249032701
v 0.55331112889266731 -0.079048418602442369 0.15623241984816419
v 0.55331822207514114 -0.056461771884476791 0.15470479414476565
v 0.55332321568195009 -0.033874448366154108 0.1536861019319567
v 0.55332609475081984 -0.011286722774834172 0.15317638660460409
v 0.55332622566362022 0.011301097084670812 0.15317678316931971
v 0.55332373507511956 0.033888773223410579 0.15368703753968141
v 0.55331911444938076 0.056476003277624046 0.15470625489837087
v 0.55331238865542054 0.079062518485621833 0.15623439498527764
v 0.55330359080985481 0.10164805628144666 0.15827139871156945
v 0.55329276232080715 0.12423236262176203 0.16081718919424742
v 0.55327995271762265 0.14681519387222455 0.16387167291481036
v 0.55326521930569872 0.16939631831923371 0.1674347409666643
v 0.55324862668047314 0.19197551740441055 0.17150627037116159
v 0.5532302461310401 0.214552586761696 0.17608612545372393
v 0.55321015496040371 0.23712733709978506 0.18117415927473496
v 0.55318843574625054 0.25969959493914702 0.18677021510678365
v 0.55316517556334754 0.28226920319409449 0.19287412794445538
v 0.55314046518611748 0.30483602158598611 0.19948572602834244
v 0.55311439828755815 0.3273999268780704 0.20660483236259083
v 0.55308707064845974 0.34996081293001652 0.21423126620506666
v 0.55305857938886471 0.37251859057736308 0.2223648445104846
v 0.553029022231876 0.39507318734662922 0.23100538330898224
v 0.55299849680820634 0.41762454702059731 0.24015269900519862
v 0.55296710000824634 0.44017262907060134 0.24980660958566303
v 0.5529349273868629 0.46271740797388244 0.25996693572502366
v 0.55290207262461832 0.48525887243432136 0.27063350178416284
v 0.5528686270475347 0.50779702452390285 0.28180613669516325
v 0.55283467920565499 0.53033187875902332 0.29348467472840706
v 0.55280031450760414 0.55286346111695794 0.30566895613297584
v 0.55276561490145926 0.57539180797437828 0.31835882762491052
v 0.55273065857386849 0.59791696488780155 0.33155414264669725
v 0.55269551958850149 0.62043898497500338 0.34525476117715553
v 0.55266026724688455 0.64295792625253734 0.35946054848683684
v 0.55262496459533583 0.66547384631267215 0.37417137126106725
v 0.55258966461460546 0.6879867905026491 0.38938708717694892
v 0.55255440057201666 0.71049676500119818 0.40510751874666068
v 0.55251916258766021 0.73300367668907596 0.42133239116105548
v 0.55248384374535742 0.75550720447456898 0.43806119254474585
v 0.55244812371162888 0.7780065390440718 0.45529287826806164
v 0.55241123446494844 0.80049989065006333 0.47302528628388163
v 0.55237152433678871 0.82298362759300459 0.49125406572733721
v 0.55232571506801653 0.84545089704045873 0.50997087484337023
v 0.55226775573707809 0.86788963570463473 0.52916063174997752
v 0.55218724744293202 0.89028004126463289 0.54879777110531924
v 0.55206756164034121 0.91259185165368251 0.56884181071431561
v 0.55188398161627872 0.93478209950454405 0.58923301276207696
v 0.55160238284607488 0.95679422166737038 0.60988935441321623
v 0.55117901827029947 0.978559330365392 0.63070613643789708
v 0.58411993882737923 -0.98209413778769905 0.65295649085296925
v 0.58858756094250453 -0.95277642939936258 0.62718593842084913
v 0.58838887573227561 -0.93938556756197911 0.61443128645149936
v 0.59381369986044419 -0.92313357809013497 0.60247426535234705
v 0.58772090975565983 -0.89346346290033296 0.57195205481625611
v 0.58482293386786854 -0.86826864306947038 0.54804714785112463
v 0.58384884402177262 -0.84471436516127252 0.5272945860476721
v 0.58362498638009408 -0.82188480170686151 0.50813656621745551
v 0.58362232164911543 -0.79925209646401107 0.48978809982748245
v 0.58368628091083974 -0.77658739201431115 0.47196560539130467
v 0.58380220419124373 -0.75376765496148712 0.45456867173639642
v 0.5839989473659325 -0.7306566463260652 0.43752357895831878
v 0.58431990839461612 -0.70704560776021153 0.42074361818850281
v 0.58482725506644451 -0.68264215181276744 0.40410170775504145
v 0.58559218260879442 -0.65706331803312534 0.38743611523803728
v 0.58667377590226799 -0.62985327840400673 0.37057378796127588
v 0.58809514075481062 -0.60055785287248209 0.35336262496129434
v 0.56826868912327899 -0.57373778204119064 0.32610202270991306
v 0.56919277982231209 -0.55596602064438871 0.31662121728024478
v 0.5700996170133944 -0.5376484483491627 0.30713009305103245
v 0.57098909871968595 -0.51863441094838458 0.29758752275284545
v 0.57182847795783631 -0.49900896007358814 0.28806410990538345
v 0.57259801545082767 -0.47881067768431101 0.27860819112992524
v 0.57327882539997332 -0.45810421196829115 0.26928233790660183
v 0.57386058959036446 -0.43695749828459401 0.26014607597812189
v 0.57434395065435717 -0.41544562656812911 0.25125004306939153
v 0.57472905941235997 -0.39363625416801484 0.24265328182233575
v 0.57502702571853914 -0.37159629603615729 0.23439912471036628
v 0.57525176530621425 -0.34938392386011308 0.22652576505375099
v 0.57541645610717995 -0.32704639489198217 0.21906845514778706
v 0.57553437480337588 -0.30462140811647875 0.21205525004624273
v 0.57561764378253988 -0.28213759776052461 0.20550749357952891
v 0.57567643742036789 -0.25961565952890908 0.19944067682555389
v 0.57571866198301835 -0.23706981606702823 0.19386550530446284
v 0.57575002116249863 -0.21450935656583955 0.18878901055766167
v 0.57577433403403633 -0.19194005060079516 0.18421557618633935
v 0.57579396861206433 -0.16936531917791903 0.18014779715263099
v 0.57581027793235129 -0.14678712035101596 0.17658713776395496
v 0.57582396746951781 -0.12420656373692963 0.17353439357656475
v 0.57583536631037291 -0.10162430297224954 0.17098998926015752
v 0.57584460555022199 -0.079040766316232358 0.16895415479151427
v 0.57585172362749559 -0.056456280776901999 0.16742702068967494
v 0.57585672254751585 -0.033871132835846043 0.1664086649715269
v 0.57585959533878395 -0.011285594923938314 0.16589913434217313
v 0.575859709267737 0.011300032978856827 0.16589952535807642
v 0.57585719609435515 0.033885524163236307 0.16640958845181006
v 0.5758525466757739 0.056470586343175519 0.16742846599201333
v 0.57584578550205612 0.07905496039247796 0.16895612007359675
v 0.5758369451730696 0.10163839314760705 0.17099249490750362
v 0.57582606647987988 0.12422063958406591 0.1735375178316711
v 0.57581319824528077 0.14680146459268453 0.17659110041177181
v 0.5757983969861904 0.16938064440237507 0.1801531396138204
v 0.5757817264385795 0.19195796774116533 0.1842235190353608
v 0.5757632569761798 0.21453323681400546 0.18880211018996207
v 0.57574306494898109 0.23710626813974101 0.19388877384187567
v 0.57572123196406566 0.25967689325635146 0.19948336138432801
v 0.57569784412869518 0.28224495928466004 0.20558571624950192
v 0.57567299127326332 0.30481032933613267 0.21219567533370851
v 0.57564676616956256 0.32737288275455928 0.21931307041881182
v 0.57561926375779371 0.34993251518870877 0.22693772957057337
v 0.57559058039386723 0.37248913850003029 0.23506947849563301
v 0.57556081312682472 0.39504268051483588 0.24370814184073711
v 0.57553005901460119 0.41759308463406269 0.25285354442014568
v 0.57549841448481054 0.44014030931599596 0.26250551235963249
v 0.57546597474575489 0.4626843274485643 0.27266387414797216
v 0.57543283325139638 0.48522512562811643 0.28332846158908803
v 0.57539908122250427 0.50776270336071805 0.29449911064973228
v 0.57536480722431838 0.53029707219890443 0.30617566219768527
v 0.57533009679789293 0.55282825481822861 0.31835796262110405
v 0.57529503213500677 0.57535628401487438 0.33104586430269539
v 0.57525969176701752 0.59788120154434121 0.34423922587045336
v 0.57522415018422768 0.62040305656209283 0.35793791200076713
v 0.57518847715689603 0.64292190302742702 0.37214179216130444
v 0.57515273615211238 0.66543779447018259 0.38685073669773395
v 0.57511698031406755 0.6879507723229874 0.40206460630876772
v 0.57508124233499147 0.71046083930476167 0.41778322562886799
v 0.57504550995292714 0.73296789994565137 0.43400632045737952
v 0.57500966980328316 0.7554716332957423 0.45073337666398522
v 0.57497338653460417 0.77797123547352953 0.46796334173491189
v 0.57493586015985376 0.80046493276546349 0.48569403484167317
v 0.57489537569668359 0.8229491294417931 0.50392106618203525
v 0.57484853763163446 0.8454170435595959 0.52263602004750798
v 0.57478909202063277 0.86785673926831375 0.54182368411464754
v 0.57470631190677524 0.89024862565772234 0.5614582787763589
v 0.57458307523995655 0.91256276532643599 0.58149899426371021
v 0.57439397593059549 0.93475665247051576 0.60188562737992324
v 0.57410399765469478 0.95677433063321493 0.6225355419533587
v 0.57366832825891878 0.97854764789838589 0.64334329018084002
v 0.60524192717357372 -0.98223320576766004 0.66565372674769718
v 0.60308289766682399 -0.95424446829061071 0.63721096466700677
v 0.61145329340016674 -0.94370531897174192 0.63234256946268697
v 0.61775511474603262 -0.92041881955552096 0.61446125824840625
v 0.61021741946144592 -0.89350098517836329 0.5854604131298643
v 0.60732100920415855 -0.86825434041615268 0.56144507024417611
v 0.60634542612917219 -0.84470923890587168 0.54067787021034175
v 0.60611561339576314 -0.82190045095358288 0.52152859587935041
v 0.60610034348010144 -0.79931088483692225 0.50320696891811212
v 0.60613952172164465 -0.77673191588109514 0.48543698741742797
v 0.6062094611979838 -0.75407434714985433 0.46813541465325448
v 0.60632616624947877 -0.73125391261798023 0.45125477057354019
v 0.60652321647867313 -0.7081413143365014 0.43473343073566661
v 0.60684397201881435 -0.68452832132927066 0.41849177697522122
v 0.60735139474155697 -0.66012324799684696 0.40240967166868408
v 0.60811671515289312 -0.63454242574334929 0.38633611702179743
v 0.60919945436887835 -0.60732955758329388 0.37010963659160961
v 0.61062326177581727 -0.57802982088925348 0.35358886594748684
v 0.59080782052341685 -0.55119856249193389 0.32648556955832331
v 0.59173423479293463 -0.53342254247455623 0.31742546901565538
v 0.59264313597699991 -0.51510076098610558 0.30836699264975026
v 0.5935350869757926 -0.4960818529193381 0.2992724300664179
v 0.59437690335333904 -0.47645132219304787 0.2902097400677775
v 0.59514872205918778 -0.45624789234654312 0.28122595410221113
v 0.59583072835097783 -0.43553598964315104 0.27238293112333506
v 0.59641385850461337 -0.41438476458726503 0.26373611787789025
v 0.59689815139169633 -0.39286877225817396 0.25533561677082778
v 0.59728461429767998 -0.37105646378512591 0.24723730788138382
v 0.59758256092014717 -0.34901346829616664 0.23948644684884615
v 0.59780693596873513 -0.32679847583209554 0.23211868005774977
v 0.59797094544392104 -0.30445874439281134 0.22516848312465224
v 0.59808791057069954 -0.28203195324846941 0.21866335538691328
v 0.5981699977488415 -0.25954671017321751 0.21262426235461748
v 0.59822742155266717 -0.23702368351827707 0.20706645124490655
v 0.59826812232080495 -0.21447707227941415 0.20200047778451533
v 0.59829783103773559 -0.19191614810133442 0.19743328433603022
v 0.59832038801994802 -0.16934666934552811 0.19336920110742356
v 0.59833817783895771 -0.14677205105911884 0.18981078882889701
v 0.59835256691325267 -0.12419424897129888 0.18675948674238602
v 0.59836427224873523 -0.10161437233202969 0.18421606915830424
v 0.59837363360469331 -0.079033074918272522 0.18218094084660599
v 0.59838079254458232 -0.056450784493153806 0.18065431232023821
v 0.59838579814504333 -0.033867826054640823 0.17963629490727567
v 0.5983886633859975 -0.011284481886692316 0.17912694786124672
v 0.5983887628314285 0.01129895096547893 0.17912733334676187
v 0.59838623465876217 0.033882254880376363 0.17963720824484603
v 0.59838156874220283 0.056465146887277169 0.18065575152289268
v 0.59837478937624666 0.079047377125578619 0.18218292769292435
v 0.59836592864389127 0.1016287016157059 0.18421868419398052
v 0.59835502664170725 0.12420888419182471 0.18676295245005858
v 0.59834213136865311 0.14678769813903958 0.18981564893813788
v 0.59832729840944499 0.16936492751986695 0.19337667629643771
v 0.59831059047579471 0.1919403682612133 0.19744592447685053
v 0.59829207684301222 0.21451382907384814 0.20202327194280606
v 0.59827183270877993 0.237085132244791 0.20710858691247278
v 0.59824993849589236 0.25965411431107888 0.21270172864281317
v 0.59822647911787319 0.28222062660477981 0.21880254874434529
v 0.59820154322418762 0.30478453565444563 0.22541089251184501
v 0.59817522243979038 0.32734572343217083 0.23252660025369631
v 0.59814761061188704 0.34990408744248613 0.24014950860206155
v 0.59811880307504717 0.37245954065609899 0.2482794517868997
v 0.59808889594419801 0.39501201129669783 0.25691626285853247
v 0.59805798544351374 0.41756144249259897 0.26605977484553678
v 0.5980261672777698 0.44010779180724979 0.27570982183698667
v 0.59799353605132854 0.46265103066382585 0.28586623998031385
v 0.59796018473851942 0.48519114367949734 0.2965288683881121
v 0.59792620420770548 0.50772812792415112 0.30769754994870691
v 0.5978916827994436 0.53026199211536917 0.31937213203522069
v 0.5978567059558717 0.55279275575306719 0.3315524671032784
v 0.59782135589078766 0.57532044817447536 0.34423841315018272
v 0.59778571126929103 0.59784510744963237 0.35742983395570582
v 0.59774984680917576 0.62036677888022629 0.3711265988769028
v 0.59771383256366339 0.64288551246933789 0.38532858157652922
v 0.59767773225112641 0.66540135777844278 0.40003565607067265
v 0.59764159903249581 0.68791435241515542 0.41524768609733653
v 0.59760546491614297 0.71042449573027633 0.43096449843032913
v 0.59756931522170564 0.73293169001181835 0.44718581947796215
v 0.59753303024704618 0.75543561460723185 0.46391113280776053
v 0.59749626003365863 0.7779354713279466 0.48113937786830835
v 0.59745817363107168 0.8004295029643087 0.49886835468579982
v 0.59741699484824695 0.82291415060597262 0.5170936337749793
v 0.59736921494732886 0.8453827046836011 0.53580672408998109
v 0.59730838410278064 0.86782335924130349 0.55499228050133731
v 0.59722345906024743 0.89021673859853556 0.57462430539895504
v 0.59709684225503423 0.91253323555469135 0.59466165597220455
v 0.5969024637629774 0.93473081331622276 0.61504365625513835
v 0.59660444905345833 0.95675413137583754 0.6356870475573263
v 0.59615696172657018 0.97853578424817567 0.65648562306395764
v 0.62816044748676969 -0.97907262778304815 0.67666310959107356
v 0.62748435103893763 -0.95934411232919548 0.65713948255848087
v 0.62628979835312037 -0.94538718193908677 0.64311866269013562
v 0.63890408232251428 -0.92058217695309597 0.62791398481241079
v 0.63274469493360552 -0.89342336411479029 0.59939072238939495
v 0.62981939091656036 -0.86823723940898867 0.57534689563253838
v 0.62884326647417876 -0.84469470822571868 0.55456001092615426
v 0.62861091322319806 -0.82189527771588555 0.5354120806137157
v 0.62858967237037844 -0.79932629671968758 0.51710312289783167
v 0.62861632104844722 -0.77679035640979865 0.49935963445758202
v 0.62866151026767159 -0.75421850472348084 0.48210823857601076
v 0.62873220628797222 -0.73156026601082125 0.46531830812862229
v 0.62884914005261339 -0.70873831437056478 0.44895310600643396
v 0.62904637896714899 -0.68562410126441364 0.43295555403980623
v 0.62936679152427655 -0.66200920255670548 0.41725231568674515
v 0.62987418852444899 -0.63760256606899668 0.40173010287763333
v 0.63063978578438129 -0.61201980998757843 0.38624869323944688
v 0.63172352359996775 -0.5848041593748935 0.37065821123712245
v 0.63314956861492122 -0.55550014105544265 0.35482806181965498
v 0.61334478508453749 -0.52865741907554575 0.32788278391705833
v 0.61427331010505704 -0.51087717377091724 0.3192436154252038
v 0.61518405311192215 -0.49255124294752389 0.310618006140437
v 0.61607821743312252 -0.4735275347805879 0.30197170028953724
v 0.61692219622131139 -0.45389201849383737 0.29336998622366922
v 0.61769600824466864 -0.43368356206929309 0.28485858130819675
v 0.61837891102181219 -0.41296645729505033 0.27649855090342801
v 0.61896312528128639 -0.39181092065056677 0.26834137890298526
v 0.61944808457812939 -0.37029101883554327 0.26043657053162789
v 0.61983571134192283 -0.34847594690284572 0.25283684914877513
v 0.62013340319760768 -0.32643017710959077 0.24558937689931631
v 0.62035719133168177 -0.30421284846282337 0.23872726423007931
v 0.62052031223215942 -0.28187121731866444 0.23228421071082841
v 0.62063613229499137 -0.25944293833646825 0.22628716066720531
v 0.62071686146425087 -0.23695658826004048 0.22075670210213177
v 0.62077275410814126 -0.21443280546484339 0.21570783994475409
v 0.62081178415921023 -0.19188576296136248 0.21115098150657824
v 0.62083970960707213 -0.16932471254180231 0.20709298110606922
v 0.6208603919496366 -0.14675539908915128 0.20353811649312858
v 0.62087623245236256 -0.12418122950146476 0.2004889149918116
v 0.62088861119844774 -0.10160415503936024 0.19794679159173009
v 0.62089825709370117 -0.079025282435922592 0.19591250024610327
v 0.62090552097088614 -0.056445263376899459 0.19438642686051771
v 0.62091055524540761 -0.03386452272913236 0.19336876372108103
v 0.62091341994785709 -0.011283380854453347 0.19285960444542519
v 0.62091351030532294 0.011297856062427685 0.19285998658513342
v 0.62091097529576045 0.033878974340515185 0.19336967753305057
v 0.62090630469852115 0.056459698401346244 0.19438789314022828
v 0.62089952325204345 0.079039786847523774 0.19591460069733893
v 0.62089066269038207 0.10161900450265224 0.19794975089713732
v 0.62087976240444487 0.12419712383256934 0.20049327914113588
v 0.62086686948537395 0.14677392635156261 0.20354510664678083
v 0.62085203846611903 0.16934920382389532 0.20710514151753112
v 0.6208353308920449 0.19192275926922989 0.21117327982770584
v 0.62081681478044137 0.21449440782264045 0.21574940674031312
v 0.62079656400203487 0.23706397748272307 0.22083339766409718
v 0.62077465760735573 0.25963130975410126 0.22642511944827945
v 0.62075117911643185 0.28219626017343341 0.23252443160682001
v 0.62072621578781151 0.3047586987036367 0.2391311875591359
v 0.62069985788098558 0.32731850998491407 0.24624523587155067
v 0.62067219792454076 0.34987559343803937 0.25386642148307631
v 0.620643330000756 0.37242986322193888 0.26199458689980498
v 0.62061334905584897 0.39498124805266194 0.27062957334365362
v 0.62058235024366704 0.41752969089428998 0.27977122184306591
v 0.62055042830925355 0.44007514853451202 0.28941937425529379
v 0.62051767701739857 0.46261759105881212 0.29957387421191189
v 0.62048418862994903 0.48515700123757938 0.31023456798106636
v 0.6204500534342221 0.50769337383973157 0.32140130524126048
v 0.62041535932299263 0.53022671488357276 0.33307393976119409
v 0.62038019142314249 0.55275704082739174 0.34525232997536121
v 0.62034463176203081 0.57528437767993201 0.35793633942743175
v 0.62030875893899062 0.59780875995111027 0.37112583699999563
v 0.62027264770990254 0.62033022920784564 0.38482069669966629
v 0.620236368233265 0.64284883160901263 0.39902079636918519
v 0.6201999843157846 0.6653646128530234 0.41372601369334872
v 0.62016354899359238 0.68787760682318388 0.42893621545693639
v 0.62012709348647499 0.71038780960410253 0.44465123058219408
v 0.62009060066264465 0.73289512135801915 0.46087078608251808
v 0.62005394459657637 0.75539922188782715 0.47759436317819298
v 0.62001676113785265 0.7778993189500234 0.4948208931409801
v 0.619978189381024 0.80039367227817171 0.51254815652487673
v 0.61993639404126677 0.82287876056040077 0.53077168349355797
v 0.61988775719988432 0.84534794794676216 0.54948290642546682
v 0.61982564030674858 0.86778956058933532 0.56866634527206161
v 0.6197386955808869 0.89018444146088749 0.58829578108529978
v 0.61960886793108194 0.91250331850653754 0.60832973314344452
v 0.61940944910613305 0.93470463057671516 0.62870704614777051
v 0.61910373987218048 0.95673366133783566 0.6493438307540389
v 0.61864492026161177 0.97852376110410655 0.67013311192415548
v 0.65155932093212587 -0.98207643419041069 0.69460571231295665
v 0.65604714847021139 -0.9527426556131029 0.66913514376553318
v 0.65585696987570008 -0.93934554226788103 0.65636674062530531
v 0.66129363808530883 -0.92308399764667881 0.64477525244562894
v 0.6552122050659398 -0.89340769318613555 0.61384524403934682
v 0.65231758940767648 -0.86821592170899253 0.58975108256864694
v 0.65134096288081844 -0.84467598130754684 0.56894462668287227
v 0.65110763903681501 -0.82188049139115138 0.54979453970586578
v 0.65108374809568537 -0.79932084986696184 0.53149126544848124
v 0.65110442556479531 -0.77680545783179578 0.51376076847084473
v 0.65113708040057805 -0.75427663529698696 0.49653475645059325
v 0.65118300258066752 -0.7317041351414354 0.47979254502489554
v 0.65125388769043135 -0.70904441666409579 0.46351339042755924
v 0.65137093183632289 -0.68622092832544146 0.44766365769964461
v 0.65156826086751962 -0.66310513872282439 0.43218997643959334
v 0.65188819250484287 -0.63948840022805287 0.41702525393846929
v 0.65239546109540247 -0.61508026626154721 0.40206301348661322
v 0.65316121757902779 -0.58949564397158671 0.38717384742374006
v 0.65424580291735845 -0.56227727317320753 0.37221950514836233
v 0.65567387324387683 -0.53296902461110596 0.35708019275641162
v 0.63587935076748514 -0.50611461385154577 0.3302936388503187
v 0.63680976790880073 -0.4883301982176097 0.32207561412417907
v 0.63772212682637008 -0.47000019820730915 0.31388307297078022
v 0.6386182442311592 -0.45097178325520343 0.30568525156376997
v 0.63946410768305517 -0.43133140130599651 0.29754474332902758
v 0.64023962372247623 -0.41111806866435119 0.28950594326895629
v 0.64092313348946106 -0.39039602070510049 0.28162903342080953
v 0.64150815928173965 -0.36923638278036797 0.27396166347315087
v 0.64199352432548606 -0.34771280481213707 0.26655267787104719
v 0.64238213142010958 -0.32589514605544412 0.25945166044169188
v 0.64267934475221256 -0.30384688056983206 0.25270763842834776
v 0.64290233716403422 -0.28162751306634604 0.24635120940238223
v 0.64306438032844682 -0.25928428864795627 0.2404152975391336
v 0.6431788841253897 -0.23685483620375647 0.23492629328900605
v 0.64325810079191303 -0.21436770020144574 0.22990440886837887
v 0.64331232379056258 -0.19184348612149774 0.22536440855618273
v 0.64334956004730348 -0.16929633842983144 0.22131655282013141
v 0.64337559411229994 -0.14673548677871695 0.21776760930866981
v 0.6433943084257181 -0.12416666045268027 0.21472180450158054
v 0.64340812090967525 -0.10159325617131884 0.21218163339581078
v 0.6434184254315326 -0.079017218711991966 0.21014848779200987
v 0.64342596301108457 -0.056439650202090394 0.20862310242029222
v 0.64343109579789837 -0.033861197980358929 0.20760584559901013
v 0.64343398726556944 -0.011282281536351975 0.20709689286432778
v 0.64343408170164507 0.011296755743954017 0.20709727967003103
v 0.6434315504862097 0.033875691857095672 0.20760679332293153
v 0.64342688722779851 0.056454253742181382 0.20862468922714564
v 0.64342011896755524 0.079032206517921755 0.21015093866320933
v 0.64341127771840778 0.10160932300478613 0.21218549590413846
v 0.64340040232520912 0.12418538391587777 0.21472830031875864
v 0.643387538955703 0.14676017876681774 0.21777927772160008
v 0.64337274100649877 0.16933350686119167 0.22133834147782902
v 0.64335606873998119 0.1919051781856721 0.22540539354743458
v 0.64333758877944336 0.21447501420258869 0.22998032553466663
v 0.64331737351802565 0.23704284855199134 0.23506301976579314
v 0.64329550047087658 0.25960852766253589 0.24065335039992949
v 0.64327205159037004 0.28217191125807167 0.24675118456768946
v 0.64324711256022327 0.30473287274377758 0.25335638352649492
v 0.64322077208208561 0.32729129945980606 0.26046880381838255
v 0.64319312116642169 0.34984709279716281 0.26808829841527443
v 0.64316425243797481 0.3724001681769713 0.27621471783718488
v 0.6431342594646885 0.39495045489917596 0.28484791123010761
v 0.64310323611763487 0.41749789587009006 0.29398772739198031
v 0.64307127596823022 0.44004244722031804 0.30363401573694437
v 0.64303847172776651 0.46258407782578059 0.31378662718993799
v 0.64300491473302701 0.4851227687449608 0.32444541500532159
v 0.64297069448036792 0.50765851258482897 0.3356102355043491
v 0.64293589820878039 0.53019131280513643 0.34728094872582588
v 0.64290061052897352 0.55272118296273409 0.35945741897926126
v 0.64286491308713523 0.5752481458755323 0.37213951527177824
v 0.64282888422935536 0.59777223262673418 0.3853271115258195
v 0.64279259857056448 0.62029348117629923 0.39902008635322933
v 0.64275612620561273 0.64281193396027891 0.41321832174931611
v 0.64271953087383082 0.66532763292903241 0.42792169905463306
v 0.6426828653508605 0.68784060835192917 0.44313008809835719
v 0.64264615996783747 0.71035085315821567 0.45884331995242694
v 0.64260939511229909 0.73285826550739042 0.47506112222700408
v 0.64257243875278802 0.75536252581735763 0.49178297375186725
v 0.64253491296544585 0.77786284803238925 0.50900779749645442
v 0.64249592790208288 0.80035750923780069 0.52673335425153123
v 0.64245359130308277 0.82284302642947305 0.5449551332370941
v 0.64240418011523315 0.84531283868676144 0.56366448915946066
v 0.64234087421768227 0.8677554062438585 0.58284580518325224
v 0.64225203305607237 0.89015179376389664 0.60247263808034213
v 0.64211916195432672 0.91247306870613021 0.62250316493189917
v 0.64191493974733282 0.93467815140507804 0.6428757453452969
v 0.64160187583717254 0.9567129569193944 0.66350585220711145
v 0.64113220711348995 0.97851159956206812 0.68428573423683292
v 0.67268017296826688 -0.98221544184409915 0.70872660827844081
v 0.67054060128498338 -0.95421072315365252 0.68013712626669831
v 0.67891543739219107 -0.94366762452606456 0.67583229347698004
v 0.68523287946495215 -0.92036784173600006 0.65837496343039681
v 0.67770579696780209 -0.89344274324726436 0.62886772979782668
v 0.67481348947459918 -0.86819518146863595 0.60466039433778962
v 0.67383786811617385 -0.84465534865195202 0.58383322737308074
v 0.67360425023893078 -0.8218614205564535 0.56467946118680645
v 0.67357926853888694 -0.799305790472019 0.54637858847902465
v 0.67359726081222382 -0.77679974329149293 0.52865443421831537
v 0.67362391847033476 -0.75429148531868895 0.51144095363972908
v 0.67365727633590755 -0.7317620394272627 0.49472289802164976
v 0.67370335638736567 -0.70918808837131275 0.47848898806609397
v 0.67377431227442941 -0.68652687402327939 0.46272063103218142
v 0.67389137066384819 -0.66370189084189679 0.44738644318150211
v 0.67408869040708974 -0.64058457542761538 0.43243671065916045
v 0.67440800396662248 -0.61696607731882513 0.41781059320490321
v 0.67491504179082451 -0.5925565223396454 0.40340839648414112
v 0.67568083958869629 -0.56697011365732763 0.38911156283029247
v 0.67676611939897802 -0.53974909996042997 0.37479348978935728
v 0.67819599816223519 -0.51043669202516284 0.36034521491444926
v 0.65841130528735703 -0.48357041514527521 0.33371807898020889
v 0.65934339245255968 -0.4657819035575923 0.32592139216492788
v 0.66025713922125395 -0.4474479376487272 0.31816210209437973
v 0.66115494734030456 -0.428414937448934 0.31041297268311402
v 0.6620024180771289 -0.40876983556974855 0.30273387643979471
v 0.66277935239596641 -0.38855179695718728 0.29516787711910464
v 0.66346319443139012 -0.3678250770960364 0.28777417975421482
v 0.66404876943646451 -0.34666156188319786 0.28059674271163476
v 0.66453428724984898 -0.32513456247431277 0.27368367928294163
v 0.6649231419688405 -0.30331424616029901 0.26708228048586541
v 0.66522022034746042 -0.28126402943787943 0.26084092169861023
v 0.6654422285389836 -0.2590429191755334 0.25499017494724302
v 0.66560302521960713 -0.23669840560935304 0.24956137266201434
v 0.66571606247124293 -0.21426809003896108 0.24458035271629697
v 0.66579363432347127 -0.19178048179723955 0.2400669535571916
v 0.66584607250935601 -0.16925615064342886 0.23603570075952579
v 0.66588141603938122 -0.14670921012766874 0.23249670969187866
v 0.66590547532992028 -0.12414886574821346 0.22945666290630815
v 0.6659221533250993 -0.10158082929309327 0.22691973700629758
v 0.66593388439815571 -0.079008485437636763 0.22488839594972218
v 0.66594207616776513 -0.056433770544850943 0.22336400962085798
v 0.66594748183003361 -0.033857780036491245 0.22234729487001267
v 0.665950474925463 -0.011281154574445944 0.22183860391569546
v 0.66595060633215741 0.011295664524374107 0.22183901857076879
v 0.6659480969835988 0.033872418794664093 0.22234836750199699
v 0.66594345519228471 0.056448825731318347 0.22336595425670042
v 0.66593671523525988 0.079024652095752809 0.22489175756198254
v 0.66592791125653217 0.10159967676584641 0.22692573645139316
v 0.66591708217750289 0.12417368789854859 0.22946783455416178
v 0.66590427339983105 0.14674648262996617 0.23251798223861078
v 0.66588953716914623 0.16931786758133072 0.23607609795720941
v 0.66587293238430523 0.19188765955304862 0.2401420893240972
v 0.66585452416479396 0.21445568622075289 0.24471585412358793
v 0.66583438329951483 0.23702178678274582 0.24979728132054352
v 0.66581258562915624 0.25958581253684498 0.25538625209422999
v 0.66578921138885283 0.28214762736657706 0.26148264089669659
v 0.66576434452860944 0.30470710811826568 0.26808631652739462
v 0.66573807202511537 0.32726414485596689 0.27519714321165861
v 0.66571048319642734 0.34981864098820598 0.28281498166940194
v 0.66568166902942116 0.37237051326682263 0.29093969016065069
v 0.66565172152855656 0.39491969166301449 0.29957112549561804
v 0.66562073309325609 0.41746611912893039 0.30870914399848887
v 0.66558879593000386 0.44000975125522118 0.31835360241570615
v 0.66555600150410177 0.46255055583613985 0.328504358761191
v 0.66552244003482108 0.48508851235418687 0.33916127309240501
v 0.66548820003635767 0.50762361139568779 0.35032420821210658
v 0.66545336790513043 0.53015585400601706 0.36199303029000135
v 0.66541802755040991 0.55268525098531518 0.37416760939323851
v 0.66538226005653445 0.5752118221038488 0.38684781989628914
v 0.66534614334132558 0.59773559515793961 0.40003354068573871
v 0.66530975171059081 0.62025660463559085 0.41372465492214866
v 0.66527315503592055 0.64277488937922522 0.4279210487144775
v 0.66523641684139545 0.66529048771437138 0.44262260703544948
v 0.66519958951293123 0.68780342641508219 0.45782920274680927
v 0.66516270239816255 0.71031369537365152 0.4735406690638187
v 0.66512573337885561 0.73282119087535069 0.48975673418064619
v 0.66508854443836152 0.75532559411316269 0.50647687449485057
v 0.66505074430033828 0.77782612545176621 0.52370000456107946
v 0.66501141518742057 0.80032107970592137 0.54142386515040652
v 0.6649686099829103 0.82280701281975743 0.55964390401965203
v 0.66491850453793977 0.84527743987877257 0.57835139724436502
v 0.66485410429407044 0.86772095693993645 0.5975305895729548
v 0.66476348763095283 0.89011885301710636 0.6171548109368874
v 0.66462773814140941 0.91244253889099858 0.6371818925011532
v 0.6644189470088927 0.93465142144888813 0.6575497037974215
v 0.66409886537641438 0.95669205338322905 0.6781730738171049
v 0.66361882708229969 0.978499320069808 0.69894346817399533
v 0.69560117949655242 -0.97905179723234859 0.72128026567172454
v 0.69493826617257293 -0.95931199108674914 0.70170980084815493
v 0.69375134281198625 -0.94534833524867445 0.6876081383607664
v 0.70637918090526697 -0.92053058003968169 0.67325242941104169
v 0.70022976822711591 -0.89336396520434991 0.64431502251384887
v 0.69730877913836131 -0.86817520755057642 0.62007601743486684
v 0.69633361668842997 -0.84463395961476184 0.59922648651950594
v 0.69610000554648011 -0.82184051445114503 0.5800683573766845
v 0.69607461749682409 -0.79928649172876842 0.5617684103453382
v 0.6960914698372167 -0.77678448343435269 0.54404747662640807
v 0.69611540526911087 -0.75428559727970534 0.52684020212242533
v 0.69614272971303193 -0.73177674658787473 0.51013409822164957
v 0.69617621207935998 -0.70924588047864823 0.49392309979299193
v 0.69622233206497941 -0.68667046520800767 0.47819750730366661
v 0.69629326415661807 -0.66400779906814122 0.4629400175028523
v 0.69641024046498667 -0.64118137440545131 0.44812144445988333
v 0.69660745119465206 -0.61806259401057884 0.43369573087246749
v 0.69692601209379801 -0.59444243024955024 0.41960829465073801
v 0.69743271821263142 -0.57003154084514862 0.40576620323926421
v 0.69819844050556634 -0.54444343655109051 0.39206177952985405
v 0.69928426167744184 -0.51721987045673745 0.37838009160282882
v 0.70071573033263868 -0.48790339118836062 0.36462303747874264
v 0.68094044893063699 -0.46102510428322707 0.33815602033837955
v 0.68187398233126706 -0.44323259693523548 0.33078084973341804
v 0.68278889245555063 -0.42489478911550232 0.32345497569767317
v 0.68368813268897877 -0.40585734308722643 0.31615472235962883
v 0.68453693890657352 -0.3862076823845893 0.30893721760596765
v 0.68531501233026937 -0.36598512453129128 0.3018441864043373
v 0.68599892663438256 -0.3452540210869503 0.29493376006447164
v 0.68658479783191173 -0.32408686982917595 0.28824635703204082
v 0.68707023113765031 -0.30255671180127447 0.28182928500513871
v 0.68745861138291764 -0.28073379179812913 0.27572831673926818
v 0.68775591366468869 -0.25868204538383865 0.26998888783507535
v 0.68797676868439905 -0.23645948644404235 0.26464379296275081
v 0.68813617082396283 -0.21411398662956191 0.25972204100583857
v 0.6882476130910653 -0.19168311158416179 0.25524891728245486
v 0.68832343078446234 -0.1691953338932988 0.25124388922266389
v 0.68837399262356636 -0.14667118580402763 0.2477212459043881
v 0.68840736853927831 -0.12412474813615075 0.24469095955171655
v 0.68842939395285629 -0.10156520041131718 0.24215962936471824
v 0.68844399171910009 -0.078998235196212685 0.24013138363409897
v 0.68845361231299962 -0.056427223356209158 0.23860865673719828
v 0.68845967692929222 -0.033854090903958051 0.2375927980883277
v 0.68846295084407449 -0.011279924383214592 0.23708450818050944
v 0.68846319895272734 0.011294615480793807 0.23708501115726938
v 0.68846074917534017 0.033869173133132029 0.23759422289924537
v 0.68845615008290095 0.056443428860370397 0.23861151712774717
v 0.68844945532188273 0.079017139151073459 0.24013688897130586
v 0.68844070610213792 0.10159008409714422 0.24217030565813097
v 0.68842994327281049 0.12416205737376015 0.24471171622958518
v 0.68841721209218165 0.14673286294359919 0.24776105587077177
v 0.68840256381465492 0.16930231437470367 0.25131824804934277
v 0.68838605596589764 0.19187023507160347 0.25538320583316898
v 0.68836775208840439 0.21443645878419967 0.25995583293267144
v 0.68834772126653965 0.23700083017108586 0.26503602467160109
v 0.68832603755129751 0.25956320533319266 0.27062366895590956
v 0.68830277933459705 0.28212345227657498 0.27671864725871748
v 0.68827802869772658 0.30468145127894225 0.28332083561938892
v 0.68825187074939942 0.32723709514446347 0.29043010564712834
v 0.68822439296510651 0.34979028933965539 0.29804632551708071
v 0.68819568453744095 0.37234095200976675 0.3061693609467433
v 0.68816583574564871 0.39488901387983305 0.31479907614133001
v 0.68813493735145137 0.41743441804776849 0.3239353346980004
v 0.68810308002707199 0.43997711967886111 0.33357800046031166
v 0.68807035382028781 0.46251708561220212 0.3437269383157126
v 0.68803684766020723 0.48505429388999166 0.35438201493021476
v 0.68800264890618235 0.50758873322010012 0.36554309941515006
v 0.68796784294041557 0.53012040237967795 0.37721006392011069
v 0.68793251280117707 0.55264930955989933 0.38938278414069527
v 0.68789673884450053 0.57517547163056193 0.40206113971091967
v 0.68786059839763469 0.5976989132458117 0.41524501439433403
v 0.68782416530031365 0.62021966556235708 0.42893429583258663
v 0.68778750905100716 0.642737763964497 0.44312887419873637
v 0.68775069281899381 0.66525324328291457 0.45782863806412966
v 0.68771376847819277 0.68776612692183359 0.47303346330227819
v 0.68767676430357594 0.71027640186129548 0.48874318525805721
v 0.68763965565052909 0.73278396264518475 0.50495753269251797
v 0.68760229864120592 0.75528849140118459 0.52167597953063294
v 0.68756428906942157 0.77778921513635579 0.53889743181221628
v 0.68752468224121022 0.80028444674182353 0.55661961006547189
v 0.68748147829418216 0.82277078168291073 0.57483792013520352
v 0.68743075600561132 0.8452418119982168 0.59354355864094199
v 0.68736535347527461 0.86768627108098362 0.61272063051644399
v 0.68727307965198026 0.89008567459029275 0.63234223666235467
v 0.68713461412455745 0.91241177989136024 0.65236585915748713
v 0.68692148548446619 0.93462448474520188 0.6727288732304525
v 0.68659471942137684 0.95667098477347134 0.69334545880864873
v 0.68610478640639438 0.97848694238013467 0.71410629265391989
v 0.71899580463854684 -0.9820581765178874 0.74080037138104493
v 0.72350116531798991 -0.95270789684879142 0.71563020761177065
v 0.72331833751553321 -0.93930428174775948 0.70284813291689519
v 0.72876474644019862 -0.92303283653949164 0.69162197156780469
v 0.72269346300104387 -0.89334786663457399 0.66028263801188147
v 0.71980306218066192 -0.86815278624793857 0.63599480928092911
v 0.71882772788791416 -0.84461245274578511 0.61512452574448295
v 0.71859420085038617 -0.82181903681632151 0.59596171500013817
v 0.71856868167137777 -0.7992655853173275 0.57766204791233478
v 0.71858507326706889 -0.77676522163809336 0.55994292490020781
v 0.71860782632804943 -0.75427040816806623 0.54273888259029246
v 0.71863238782504968 -0.73177096498967031 0.52603872357035808
v 0.71865979903451171 -0.70926072952784258 0.50983907722398314
v 0.71869328831509849 -0.68672843296495012 0.49413514244961437
v 0.71873935460664506 -0.66415160000996121 0.47891792802583555
v 0.71881016813619569 -0.64148753766760813 0.46417136562857769
v 0.71892696580830773 -0.61865973498574911 0.44986846564992983
v 0.71912396806376488 -0.59553956079941539 0.43596682884650878
v 0.71944164690656931 -0.57191784012642588 0.42241813020356189
v 0.71994792254226381 -0.54750571244180213 0.40913619118193578
v 0.72071345447766966 -0.5219160135297527 0.39602423887080085
v 0.72179966279414676 -0.49468999823861493 0.38297903198811711
v 0.72323250181152743 -0.46536955761449306 0.36991336153029103
v 0.7034665308193131 -0.4384790085065674 0.34360732071005551
v 0.70440129283088848 -0.42068261962024667 0.33665382570338553
v 0.70531716553867096 -0.4023410966410319 0.32976151913650453
v 0.70621759296485198 -0.38329935413466282 0.32291030470793375
v 0.70706747636885481 -0.36364530958608043 0.31615454820155259
v 0.70784642319126112 -0.34341843524193527 0.30953462760577533
v 0.70853017554383479 -0.32268324313066071 0.30310750180271306
v 0.709116108011833 -0.30151270485667342 0.29691020707912424
v 0.70960124174459938 -0.27997965050292156 0.29098916884881687
v 0.70998896007809364 -0.25815440255822214 0.28538864244588069
v 0.71028634958529879 -0.23610133299714212 0.28015117500899722
v 0.71050590383787393 -0.21387761718504075 0.27531167615830104
v 0.71066378725326484 -0.19153142062030284 0.27089689029520542
v 0.71077352908579416 -0.16910027749274215 0.26693155117060335
v 0.71084750641237204 -0.14661261890672314 0.2634347581975317
v 0.71089612368198696 -0.12408893740955225 0.26042056629794208
v 0.71092748052364052 -0.10154327930955086 0.25789880667190468
v 0.71094743636108926 -0.078984796532256263 0.25587599705134845
v 0.710959933233275 -0.056419160812564054 0.25435621911004208
v 0.71096743723700273 -0.033849727447519309 0.25334187924167206
v 0.71097138282095351 -0.011278410100320536 0.25283430798459894
v 0.71097193055661767 0.011293687278057902 0.25283504516929534
v 0.7109696253499832 0.033865990934816494 0.25334418365942424
v 0.71096510951352909 0.056438083841949795 0.25436121708883519
v 0.71095848363582914 0.079009684576983666 0.25588617828664251
v 0.71094980814145325 0.1015805626051681 0.25791905162130008
v 0.71093913074764459 0.12415051231170775 0.26045979496117755
v 0.71092649842385425 0.1467193425799336 0.26350834943528229
v 0.71091196206010376 0.16928687314610297 0.26706464376396943
v 0.71089557797451186 0.19185293366334122 0.27112859637312109
v 0.71087740813070688 0.21441736376279316 0.27570011667848487
v 0.71085751984489653 0.23698001344220043 0.28077910609220541
v 0.71083598528923764 0.2595407435264242 0.2863654589546698
v 0.71081288090976236 0.28209942609713595 0.29245906345799505
v 0.71078828680685868 0.30465594484526581 0.29905980257622394
v 0.7107622861011148 0.32721019532371964 0.30616755499889931
v 0.71073496429820027 0.34976208509062262 0.31378219605865948
v 0.7107064086627819 0.37231153374123777 0.32190359864211482
v 0.71067670760959767 0.394858472831771 0.33053163407363501
v 0.71064595011852294 0.4174028457014789 0.33966617296269513
v 0.71061422517937978 0.43994460720147982 0.34930708600669308
v 0.71058162127119662 0.46248372333980414 0.35945424474244714
v 0.71054822587955579 0.48502017085264432 0.37010752224074045
v 0.7105141250544309 0.50755393671123594 0.38126679373890149
v 0.71047940300907453 0.530085017571298 0.3929319372054379
v 0.71044414175679638 0.55261341916439954 0.40510283382505874
v 0.71040842077311084 0.57513915560959528 0.41777936837329199
v 0.7103723166452407 0.59766224856698369 0.43096142939328552
v 0.71033590260134793 0.62018272600685331 0.44464890893011422
v 0.71029924762698637 0.64270061999577 0.45884170116165629
v 0.7102624144057833 0.66521596200493716 0.47353969821508729
v 0.71022545418477201 0.68772877219977913 0.48874277894645157
v 0.7101883940831879 0.71023903477783656 0.50445078080954364
v 0.71015120691418476 0.73274664267766243 0.52066343311094376
v 0.71011374306591313 0.75525127911991985 0.53738020726388036
v 0.71007558582589814 0.77775217796485696 0.55460000070513515
v 0.71003576459298878 0.80024767049630052 0.57232051352884206
v 0.70999222885946167 0.82273439220758782 0.59053710928704306
v 0.70994096432451337 0.8452060129110327 0.60924090444674328
v 0.70987464878914763 0.86765140462932799 0.62841586295161977
v 0.70978083330968433 0.89005231160707821 0.64803485483832324
v 0.70963981103546159 0.91238084053069113 0.66805501045966076
v 0.7094225727738398 0.93459738363347289 0.68841320724196886
v 0.70908945120750977 0.95664978384806476 0.70902297180293694
v 0.70859009264917716 0.97847448551176408 0.72977418738263466
v 0.74011556355655528 -0.98219722294709089 0.7563448390926425
v 0.73799280319110683 -0.95417617815642131 0.72760899303648119
v 0.7463710135814613 -0.94362925150388022 0.72386764524940184
v 0.7526986445665319 -0.92031733657479164 0.7068334503858904
v 0.74518061931478863 -0.8933840225828007 0.67681923982383652
v 0.74229227520357055 -0.86813293314518725 0.65241808438829241
v 0.74131798286534645 -0.84459204202765492 0.6315266258838661
v 0.74108453696539944 -0.8217985468786474 0.61235902031025469
v 0.74105897726489645 -0.79924524417411336 0.5940593305291908
v 0.7410751791770368 -0.7767454969269596 0.57634137714188516
v 0.74109742460184147 -0.75425236799728723 0.55913920000388817
v 0.74112075841666658 -0.73175703900455669 0.54244213887795301
v 0.74114536344630477 -0.70925625311110285 0.52624813566524886
v 0.74117274224146235 -0.68674462811956349 0.51055492310189377
v 0.74120614356972581 -0.66421095271701325 0.49535808292354755
v 0.74125206043203162 -0.6416327624701087 0.48064927696609699
v 0.74132265851097712 -0.61896737208985164 0.46641366981306653
v 0.74143917949845184 -0.59613826759209909 0.45262646817592905
v 0.74163572598103533 -0.57301665329358831 0.43924913035842306
v 0.7419525534072432 -0.54939363785040274 0.42623897482780798
v 0.74245830037604965 -0.52498037954349519 0.41351719861885933
v 0.74322351401466891 -0.49938919833809448 0.40099773033886421
v 0.74430988206793558 -0.47216085828743282 0.38858900840114596
v 0.74574383018776569 -0.44283657888150768 0.37621480612815339
v 0.72598884190829416 -0.41593266778551624 0.35007154727436685
v 0.7269246140971839 -0.39813250993959981 0.34353985150158284
v 0.7278413218005052 -0.3797873593019499 0.33708126729243504
v 0.72874271192289175 -0.36074145990675022 0.33067922799232624
v 0.72959344299609807 -0.34108319973819368 0.32438535470354146
v 0.73037262118126578 -0.32085206799307686 0.31823912766790846
v 0.73105646140123004 -0.30011321922898865 0.31229486726003092
v 0.731642328357338 -0.27893952911582831 0.30658778827956229
v 0.7321270719790508 -0.25740382480270907 0.30116287208289977
v 0.73251403867475517 -0.23557649031619038 0.29606282236312731
v 0.73281142650098585 -0.21352229337245807 0.29132735784241465
v 0.73302958538600582 -0.19129768981489068 0.2869933952330328
v 0.73318586371831074 -0.16895107006923438 0.28308548002271777
v 0.73329383311101126 -0.14651993218120843 0.27962780093319867
v 0.73336591357614156 -0.12403266225949547 0.27663909350326932
v 0.73341254469306338 -0.10150971067337287 0.27413318141981519
v 0.73344185553897712 -0.078965087316056254 0.27211975780898667
v 0.73345972925101344 -0.056407914762027667 0.27060526146993757
v 0.73347012676475032 -0.033843842124444211 0.26959372963166844
v 0.73347552950581663 -0.0112762071867228 0.26908754263305179
v 0.73347676934369577 0.01129306293952829 0.26908884084435108
v 0.73347479859774489 0.03386295323608559 0.26959805306340112
v 0.73347045361625607 0.05643282902647255 0.27061489398333849
v 0.73346393935852727 0.079002311131196004 0.27213948053495779
v 0.73345536307763715 0.1015711309129648 0.274171835529678
v 0.73344479152532849 0.12413907170494405 0.27671193460429988
v 0.73343227833129676 0.14670594254295 0.27975972823211115
v 0.73341787588227569 0.16927156745028538 0.28331515149371211
v 0.73340163992263419 0.19183578157005102 0.28737812839045257
v 0.73338363101094972 0.21439843007836815 0.29194857392978335
v 0.73336391470293061 0.2369593681388196 0.2970263953769503
v 0.73334256123908714 0.25951846119925343 0.30261149322560321
v 0.73331964504236591 0.28207558535809529 0.30870376208780331
v 0.73329524414252156 0.30463062769257715 0.31530309156710939
v 0.73326943957362889 0.32718348650541867 0.32240936712851453
v 0.73324231476591206 0.34973407147310653 0.33002247096204707
v 0.73321395494398889 0.37228230369126236 0.33814228283180792
v 0.73318444654006765 0.39482811561897413 0.34676868090134461
v 0.73315387662888465 0.41737145092751332 0.35590154252681711
v 0.73312233238998514 0.43991226426090008 0.36554074501042505
v 0.73308990060194368 0.46245052091692507 0.37568616630769891
v 0.73305666717208928 0.48498619645767027 0.38633768568325827
v 0.73302271670411678 0.50751927625807336 0.39749518431012926
v 0.7329881321041305 0.53004975499864848 0.40915854580657607
v 0.7329529942218771 0.5525776361010708 0.42132765669853189
v 0.73291738151426 0.57510293108461574 0.43400240677621077
v 0.73288136969187434 0.59762565876554641 0.44718268925606436
v 0.73284503123737132 0.62014584407547291 0.460868400499997
v 0.73280843449385591 0.64266351590717297 0.47505943862261535
v 0.7327716415374359 0.66517870251180755 0.48975569925564333
v 0.73273470288107057 0.68769142095131774 0.50495706420057829
v 0.73269764441158847 0.71020165277436342 0.52066337299286014
v 0.73266043638903366 0.73270928945238123 0.53687435545921858
v 0.73262292359786274 0.75521401545511402 0.55358948046309764
v 0.73258467724304255 0.77771507169519272 0.5708076367613536
v 0.73254470182045728 0.80021080813518952 0.58852650385351102
v 0.73250089826199449 0.82269790073876281 0.60674140268355614
v 0.73244916315023945 0.84517009779003438 0.62544336899334652
v 0.73238202096333349 0.86761641102133258 0.64461622477574954
v 0.73228677628398575 0.89001881486123768 0.66423260771419579
v 0.73214335319078483 0.91234976754660613 0.6842492943059969
v 0.73192222921868777 0.93457015868563253 0.70460266137663952
v 0.73158307607523343 0.95662848202410922 0.72520557887620929
v 0.73107475458610749 0.97846196771750837 0.74594713288755476
v 0.76303856457781427 -0.97903056987904313 0.77044272391334401
v 0.762386651571894 -0.95927944815414012 0.75082551590517488
v 0.76120481666120954 -0.94530966958077045 0.73664267645745229
v 0.77382989594699403 -0.9204863000198511 0.72313187070017437
v 0.76768707748272325 -0.89331241620597146 0.69377939607523764
v 0.76476978162608844 -0.86812003717601827 0.66934427679295627
v 0.76379585228733271 -0.84457749880341115 0.64843008457886764
v 0.76356248411998506 -0.82178384654452596 0.62925748860451935
v 0.76353688836037625 -0.79923054121779513 0.61095752512064494
v 0.76355298197540866 -0.77673099960137326 0.59324034521294389
v 0.76357498075030505 -0.75423853812823582 0.57603931526990648
v 0.76359775127325036 -0.73174494672211388 0.55934394744999483
v 0.76362107423474157 -0.70924832982024621 0.54315278726483773
v 0.76364559508989016 -0.68674620969851263 0.52746480578214971
v 0.76367283839256284 -0.66423326017663331 0.51227794814985628
v 0.76370604805245978 -0.64169827985206862 0.49758812314226286
v 0.76375171093468708 -0.61911881414102077 0.48338764351162394
v 0.76382198858960459 -0.59645218580975023 0.46966290619188822
v 0.76393812749397128 -0.57362187813104715 0.45639131417548301
v 0.76413383573093574 -0.55049877081459475 0.44353853336240023
v 0.76445001105785726 -0.52687480585694801 0.43106639592229484
v 0.76495507379605743 -0.50246053473303842 0.4189046282828327
v 0.76571944477602771 -0.47686798089938698 0.40697722413665299
v 0.76680470808436496 -0.44963758239880142 0.39520412658329884
v 0.76823945775427427 -0.4203094967515219 0.38352126200511488
v 0.74850411636761471 -0.39338761281153267 0.35754665963786386
v 0.74944037809111719 -0.37558376232971746 0.35143659206122302
v 0.75035776820083688 -0.35723493016425495 0.34541176764543791
v 0.75125975133155709 -0.33818500066366514 0.33945887275515113
v 0.75211120671535625 -0.31852270240407016 0.33362704237305207
v 0.75289074048331384 -0.29828747631269809 0.3279550538559019
v 0.7535753058552821 -0.27754520777988689 0.32249391678500267
v 0.75416168251042037 -0.25636844689463606 0.31727760656138893
v 0.75464649314178978 -0.23483016224470984 0.31234923182548863
v 0.75503299994396134 -0.2130008376179042 0.30774991257729284
v 0.75532985322041235 -0.19094540233239474 0.30351755139644804
v 0.7555473886682964 -0.16872026275907093 0.29968822754569457
v 0.7557021034871777 -0.14637342260035396 0.29628713733928042
v 0.75580833833398409 -0.12394249853785069 0.29333703472234518
v 0.75587856445018853 -0.10145582812936771 0.29085630085692182
v 0.75592325542652383 -0.078933818015457929 0.2888585305224502
v 0.75595056530437332 -0.056390440141014443 0.28735327815394135
v 0.75596639894749029 -0.033834785152892968 0.28634690442426985
v 0.75597473835853135 -0.011272475675683041 0.2858434057841312
v 0.75597746307465497 0.011293144927329787 0.28584595206727381
v 0.7559762349972613 0.033860243449126727 0.28635556380145366
v 0.75597225501699972 0.05642774677159941 0.28737236512295372
v 0.75596594261618411 0.078995058672107252 0.28889665023200184
v 0.75595751008524681 0.10156181315137888 0.29092852729966429
v 0.75594707114848669 0.12412775528708556 0.29346801126590694
v 0.75593469838738891 0.1466926826279305 0.29651507097524032
v 0.75592045068218128 0.16925641877420053 0.30006965128936031
v 0.75590438508524327 0.19181880251104713 0.30413168288834613
v 0.75588656139632915 0.21437968382570471 0.30870108657749507
v 0.75586704359505352 0.23693892273363742 0.31377777535029999
v 0.7558459000086577 0.25949638915407069 0.31936165560983354
v 0.75582320299555739 0.2820519631226121 0.3254526281018606
v 0.75579902844974656 0.30460553506475418 0.33205058875889831
v 0.75577345524177342 0.32715700602603848 0.33915542951808297
v 0.75574656464131029 0.34970628782108842 0.34676703912683626
v 0.75571843974105368 0.37225330308983001 0.35488530393418538
v 0.75568916489269355 0.39479798526005377 0.36351010866100159
v 0.75565882516223726 0.41734027842037674 0.37264133714172132
v 0.75562750581030869 0.43988013711007584 0.38227887303066005
v 0.75559529180193596 0.46241752603350417 0.39242260046693034
v 0.75556226734933218 0.48495241970726816 0.40307240469281913
v 0.75552851549001177 0.50748480204788271 0.41422817262082862
v 0.75549411770076846 0.53001466590525581 0.42588979334330307
v 0.75545915354417414 0.55254201254008994 0.43805715857249622
v 0.7554237003343155 0.57506685102289368 0.45073016297907198
v 0.75538783278128951 0.59758919747716888 0.46390870433880033
v 0.75535162249985066 0.62010907394521675 0.47759268323596216
v 0.75531513707147935 0.64262650629228546 0.49178200164592484
v 0.75527843785204751 0.6651415196917867 0.50647655864597052
v 0.75524157452118523 0.68765412824059557 0.52167623893874771
v 0.75520457166328436 0.71016431097486921 0.53738088410794749
v 0.75516739697952384 0.73267195803830565 0.55359022447128969
v 0.75512988978398454 0.75517675530287121 0.57030372630547299
v 0.75509160962227251 0.77767795092079794 0.58752026962133108
v 0.75505153708444095 0.80017391378955405 0.60523751319258912
v 0.75500752660746717 0.82266136072267293 0.62345073510262783
v 0.75495538957682251 0.84513411905573999 0.64215088991439906
v 0.7548875040434353 0.86758134110562424 0.66132165691530298
v 0.75479093939498487 0.88998523275441987 0.68093544027646968
v 0.75464526778191854 0.91231860553095623 0.70094866100001141
v 0.75442047764148956 0.93454284865244264 0.72129719318418828
v 0.75407561127309053 0.95660710933550575 0.7418932476049368
v 0.75355878209285621 0.97844940645944201 0.762625110543658
v 0.78642912026098533 -0.98203983602231726 0.79154013570921955
v 0.79094616298520259 -0.95267453774943511 0.7666695416756204
v 0.79075876910585119 -0.93927007652538252 0.75387075162646289
v 0.79617262845709447 -0.92301120353312338 0.74299851517137139
v 0.79009782777465976 -0.8933237483797889 0.7112453674410083
v 0.78721043641678812 -0.86812523239329653 0.68676257822886688
v 0.78623615185569917 -0.84458357192444888 0.66582685349804049
v 0.78600278121060618 -0.82178975337359761 0.64664873660656352
v 0.78597709842905028 -0.79923642012398699 0.628347974165824
v 0.78599306386725598 -0.77673695526351161 0.61063098335875299
v 0.78601487228615163 -0.75424477522028743 0.5934303792420027
v 0.78603731524998033 -0.73175193044328268 0.57673567900911771
v 0.78605999485235345 -0.70925713385554601 0.56054568897504764
v 0.78608315531922268 -0.6867592682285959 0.54485995451636782
v 0.78610746540513476 -0.66425591067021894 0.52967757511083946
v 0.78613444636516372 -0.64174174339998624 0.51499665197395517
v 0.78616733706787711 -0.61920557386620634 0.5008134187706158
v 0.78621261878119642 -0.59662495764606371 0.4871208384615372
v 0.78628244940353764 -0.57395722587744114 0.47390653972286795
v 0.78639808024361035 -0.55112585928876046 0.46115012167058161
v 0.78659299042802577 -0.52800156650987085 0.44882120233026285
v 0.78690825677446119 -0.50437677177639517 0.43688648882480202
v 0.78741120293232325 -0.47996140781606789 0.42528311282474879
v 0.78816906956579802 -0.45436760628319744 0.41394293419556927
v 0.78924563213250309 -0.4271372681226111 0.40279996578413901
v 0.79068539180847319 -0.39780316683750444 0.39181054633432044
v 0.77099749823142949 -0.37084881267676673 0.36602264442071797
v 0.77193164069608577 -0.35304158435043137 0.36033237239272053
v 0.7728492419115145 -0.33468922639839471 0.35474104867216261
v 0.7737522321574849 -0.3156358636626434 0.3492378590158321
v 0.77460703665016328 -0.2959697934618124 0.34387020425166298
v 0.77539084251561086 -0.27573028008162687 0.33867501920548043
v 0.77607975232667281 -0.25498379404797389 0.33369967500834558
v 0.77666919178136884 -0.23380309523522344 0.32897595938854007
v 0.77715553942327753 -0.21226158107717769 0.32454514120599137
v 0.77754241340383512 -0.19042987842474091 0.32044708778976444
v 0.77783892463627158 -0.16837286830057874 0.31671873429951947
v 0.77805680191998949 -0.14614705702348063 0.31339390342290013
v 0.77821052567594484 -0.1237998617729883 0.3104999150782336
v 0.77831558031242332 -0.10136903033440525 0.30805763190809465
v 0.77838446502854686 -0.078882882799640314 0.30608506876419528
v 0.77842767636023014 -0.056361812989644627 0.30459558538829751
v 0.77845337023620742 -0.033819753022403198 0.30359857702910592
v 0.77846744874140983 -0.01126572988402514 0.30310030369629332
v 0.77847327357751728 0.011294664378917296 0.30310553524143163
v 0.77847366661387429 0.033858197777014556 0.30361626832635452
v 0.77847048297915722 0.056422984666517385 0.3046333774488158
v 0.77846457126939761 0.078987992524856679 0.30615752173791755
v 0.77845637230822284 0.10155264213037662 0.30818899772456299
v 0.77844610964690408 0.12411658473089365 0.31072791006095274
v 0.7784339036623481 0.14667958190402913 0.31377426825765037
v 0.77841983185740005 0.16924144677142322 0.31732803593916287
v 0.77840395732195655 0.19180201783699105 0.32138915372940907
v 0.77838634081503821 0.21436114840367329 0.32595754922815634
v 0.77836704531347478 0.2369187027566825 0.33103314130798284
v 0.77834613739182779 0.25947455504184047 0.33661584213110196
v 0.77832368736040758 0.28202858911827094 0.34270555832281507
v 0.77829976894283348 0.30458069870668197 0.34930219185594047
v 0.77827445879123724 0.32713078757939518 0.35640564084161008
v 0.77824783594934277 0.34967876970176265 0.36401580028721447
v 0.77821998130508518 0.37222456929546277 0.37213256283534285
v 0.7781909770504053 0.39476812081672624 0.3807558194824916
v 0.77816090615748235 0.41730936885117664 0.38988546027216187
v 0.77812985187749106 0.43984826793051301 0.39952137495636864
v 0.77809789726644174 0.46238478227782326 0.40966345362005241
v 0.77806512474156653 0.48491888548887757 0.42031158726352791
v 0.77803161567056267 0.50745056015634282 0.4314656683382998
v 0.77799744999418374 0.5299797974415561 0.44312559123015938
v 0.77796270587873573 0.55250659659137613 0.45529125267720583
v 0.77792745938482155 0.57503096437754142 0.46796255209022858
v 0.7778917841106805 0.5975529143816245 0.48113939168383119
v 0.77785575069222457 0.62007246590648823 0.49482167616342593
v 0.77781942584048303 0.64258964193728851 0.5090093112822236
v 0.77778287008760816 0.66510446471370421 0.5237021994971568
v 0.77774613218871902 0.68761694550796693 0.53890022836115148
v 0.77770923536253833 0.71012706098182388 0.55460324146712325
v 0.7776721447508419 0.7326347000908503 0.57081096959113742
v 0.77763469433351595 0.75513955025871327 0.58752287638726652
v 0.77759643241879506 0.77764086705219471 0.60473783306454565
v 0.77755631667918368 0.80013703853040474 0.62245347756775005
v 0.77751215709903509 0.82262482267545933 0.64066504492710052
v 0.77745968373722141 0.84509812633991988 0.6593634081866061
v 0.77739113502082424 0.86754624310285167 0.67853210337075254
v 0.77729335626179741 0.88995161125388322 0.69814330029524641
v 0.77714558457129768 0.91228739688793259 0.71815306329596229
v 0.77691734308955829 0.93451549042513349 0.73849676226060434
v 0.77656707576452022 0.95658569440217578 0.75908594709849964
v 0.77604218603543595 0.97843681839064556 0.77980810259264011
v 0.80754638453507521 -0.98218013257377745 0.80850802050480841
v 0.80542957393938963 -0.954147054292941 0.7796232909604387
v 0.81377918098757396 -0.94361429713760225 0.77643700002134686
v 0.81997474560107586 -0.92037242679271947 0.75978741832407037
v 0.81244062390132432 -0.8934430937858292 0.72925569318454619
v 0.80955307023197232 -0.86818938802259171 0.70465683697756731
v 0.80857946195207675 -0.84464726909358079 0.68369793212194019
v 0.80834594873550025 -0.82185340621800629 0.66451298735625242
v 0.80832006565006032 -0.7993001018292466 0.64621007867786873
v 0.80833580317477161 -0.77680073384591897 0.62849190741118699
v 0.80835735261050079 -0.75430875366055261 0.61129030333060896
v 0.80837947563465018 -0.73181631933589042 0.59459471526901375
v 0.8084016989037518 -0.7093224047514024 0.5784040530285609
v 0.80842408868864724 -0.68682650075352703 0.56271811532316796
v 0.8084469134663973 -0.6643275442047234 0.54753653674357994
v 0.80847084002265412 -0.64182311941165804 0.53285848822978754
v 0.80849738616914879 -0.61930791588465117 0.51868222488839877
v 0.80852978632900308 -0.59677075016911063 0.50500430452076728
v 0.80857451683364379 -0.5741891882514818 0.49181833948969161
v 0.80864373252394306 -0.55152056985072884 0.47911318947723397
v 0.80875867886959418 -0.52868836786542217 0.46687063776258592
v 0.80895289570205497 -0.50556336532989343 0.45506328674291513
v 0.80926415026513976 -0.48193701823143292 0.44366181656963916
v 0.80974894684286713 -0.45751826207481427 0.43260147258621784
v 0.81045948799041234 -0.43192773459813011 0.42181593201028128
v 0.81152221878825215 -0.40470914149205467 0.41130191482586331
v 0.81299039835961329 -0.37534976598133951 0.40101639496880892
v 0.79341583286282236 -0.348333104717099 0.37546185089883616
v 0.79434373495506994 -0.33052614307311079 0.37018889922677589
v 0.79526904275400123 -0.3121723402374888 0.3650371933126183
v 0.79618580950980611 -0.29311584906702048 0.35999339325680813
v 0.79705866022947192 -0.27344308370175108 0.35510035096787657
v 0.79785773915906599 -0.25319507064014152 0.35038863033009621
v 0.79855651955921803 -0.23244044327752897 0.34590255856198338
v 0.7991514864436724 -0.21125318478089544 0.34167280989143384
v 0.79964107086409386 -0.18970675618874733 0.33774048767957193
v 0.80003029389900626 -0.16787129352110189 0.33414490026917371
v 0.8003288450666064 -0.14581120403902328 0.33092205593996854
v 0.80054950908020817 -0.12358304464094974 0.32810379546981688
v 0.80070532135886396 -0.10123416180909603 0.32571873542200425
v 0.80081225730260486 -0.078802584149687216 0.32378643917556743
v 0.80088253624859496 -0.056316506248062795 0.3223239877057773
v 0.80092617691199464 -0.033795985598926936 0.32134406167469765
v 0.80095119489570599 -0.011254758031897717 0.32085577626831979
v 0.80096307606186412 0.011298102075006712 0.32086636202168617
v 0.80096663958003977 0.033856998746695198 0.32137953768245409
v 0.80096498576885578 0.056418615695011463 0.32239757222420956
v 0.80095980008072476 0.078981147483911759 0.3239218502620666
v 0.80095197424370435 0.10154363927224677 0.32595304758312799
v 0.80094194963724341 0.12410557654712799 0.32849144918921708
v 0.80092994239069981 0.14666665495311562 0.33153714466748979
v 0.80091606843126528 0.16922666520167928 0.33509013227556367
v 0.80090040457325573 0.1917854409076474 0.33915036849381058
v 0.80088301535700623 0.21434283693005138 0.34371778969109801
v 0.80086396373373026 0.23689872113736607 0.3487923211201498
v 0.80084331483495552 0.25945297161577907 0.35437388067588682
v 0.80082113699901092 0.2820054759172001 0.36046238065421826
v 0.80079750177408648 0.30455613099642131 0.36705772879831178
v 0.80077248355883146 0.3271048433314559 0.37415982910490841
v 0.80074615912245273 0.34965152904682034 0.38176858255043827
v 0.80071860709119891 0.37219611397944419 0.3898838877846485
v 0.80068990743359536 0.39473853366983208 0.39850564180187115
v 0.80066014095819127 0.417278733276438 0.40763374058843616
v 0.80062938883115164 0.43981666741685704 0.41726807974170316
v 0.80059773211853213 0.46235229994162785 0.4274085550558463
v 0.8005652513567223 0.48488560364718764 0.43805506306984765
v 0.80053202615334018 0.50741655993418799 0.4492075015731814
v 0.80049813481903132 0.52994515841514822 0.46086577006310642
v 0.80046365402662223 0.55247139646843102 0.47302977014103181
v 0.80042865848359956 0.57499527871575951 0.48569940581485171
v 0.80039322057512841 0.59751681634691378 0.49887458361427733
v 0.80035740985655413 0.62003602607503649 0.51255521226092415
v 0.80032129206789593 0.64255292815297471 0.52674120119893098
v 0.8002849268213883 0.66506754203143292 0.54143245619483749
v 0.80024836186270076 0.68757987629931661 0.55662886759699737
v 0.80021161898671 0.71008990538257688 0.5723302809652816
v 0.80017466077872623 0.73259751718730615 0.58853642750010282
v 0.80013731602161542 0.75510240083356572 0.60524676819988033
v 0.80009912220472812 0.77760381946456547 0.6224601654276154
v 0.80005901505925681 0.80010018049830212 0.64017423622431979
v 0.80001476213111489 0.82258828334459422 0.65838417243323855
v 0.79996201596631411 0.84506211472797321 0.67708076534934369
v 0.79989288206691889 0.86751110997749981 0.69624740736631985
v 0.79979399261077144 0.88991794044166561 0.71585603340417647
v 0.79964426627884866 0.91225612760815888 0.73586235041020154
v 0.79941278430731544 0.93448806408239993 0.75620122319420513
v 0.7990574228007663 0.95656420880157955 0.77678353989074611
v 0.79852491198051079 0.97842416312148295 0.79749598302468994
v 0.83046309391580353 -0.97901729671360882 0.82415015836263938
v 0.82979185019707113 -0.95927162718784431 0.80447849512607894
v 0.82855682654514717 -0.94532955428251064 0.79019808198994945
v 0.84083597045678626 -0.92071250761054824 0.7774404219126595
v 0.83461111769118423 -0.89357979431432488 0.74763754028937413
v 0.8316863005785079 -0.86838777587338378 0.72299380327270335
v 0.83071198963496551 -0.84484420124084914 0.70200673411551406
v 0.83047811396099047 -0.82205037515157742 0.68281184563759267
v 0.83045183457500793 -0.79949723047246846 0.66450372874366626
v 0.83046716007584631 -0.77699808379768331 0.64678131275332551
v 0.83048827976794293 -0.75450639435454037 0.62957562292454883
v 0.83050994353656604 -0.73201436326427805 0.61287600782050167
v 0.83053164774307175 -0.7095210726004969 0.59668141163594268
v 0.83055338377222732 -0.68702627399021632 0.58099173909883883
v 0.83057524290171914 -0.66452951198102683 0.56580686071574371
v 0.83059749268645222 -0.64202972988092077 0.55112644268126332
v 0.83062079788924159 -0.6195245180418274 0.53694972513811556
v 0.83064667355344479 -0.59700857344035851 0.52327511627033851
v 0.83067835041959492 -0.57447072186447834 0.51009949711554825
v 0.83072230071299991 -0.5518885397981812 0.4974171284683403
v 0.83079066076203067 -0.52921936538310299 0.48521808113815801
v 0.83090426612527035 -0.5063864250291007 0.47348586299333023
v 0.83109285653526555 -0.48325882207290005 0.46219152889518189
v 0.83137044141805783 -0.45962160652751261 0.45128880777897662
v 0.83172706717842815 -0.43518952427051183 0.44067231858603695
v 0.8321736332955153 -0.40967417689582286 0.43028552097695749
v 0.83349579318606737 -0.38243659315645206 0.42061058260508316
v 0.83493358984927823 -0.35302218966630639 0.41096828922067752
v 0.81564436502294146 -0.32589883369397027 0.38578449400705839
v 0.81659277631309468 -0.3081010396962976 0.38095118060061667
v 0.81757009888736476 -0.28974004194165354 0.37627163877328873
v 0.81853409077986139 -0.2706670402326028 0.37170953814596536
v 0.81944055559827167 -0.25097313924238918 0.36729964485675082
v 0.82025885808777022 -0.23070742696888261 0.36307083188620953
v 0.82096830034118606 -0.20993967062583277 0.35907342234435502
v 0.82157208155025008 -0.18874225709581599 0.35533931362130911
v 0.8220711963091013 -0.16718649036009195 0.35190951469264187
v 0.82247135777026725 -0.14534192394959108 0.34882231246725715
v 0.82278234198276046 -0.12327376587873208 0.34611263172964679
v 0.82301632978416761 -0.10103938964354627 0.34381083113050531
v 0.8231855241711844 -0.078686080086884824 0.34194222335731383
v 0.82330204454515832 -0.056250946392745103 0.3405258516283472
v 0.82337749286642103 -0.03376182124722206 0.3395762373920288
v 0.82342217790766736 -0.011238895159735626 0.33910604557989266
v 0.8234448884289679 0.011303682798755713 0.33912638438724418
v 0.82345397374962592 0.033856716954119265 0.33964409321432931
v 0.82345488977177128 0.056414669243180698 0.34066397391904357
v 0.82345085970679699 0.07897454179314127 0.34218876856276753
v 0.8234435789015937 0.10153481352387708 0.34421984530768168
v 0.82343386361472948 0.124094726782427 0.34675780759629349
v 0.82342208993249932 0.14665388216096892 0.3498028811347062
v 0.82340843690550047 0.16921203746323421 0.35335512016251386
v 0.82339300415342231 0.19176901767851984 0.35741450469327463
v 0.82337586321377654 0.21432467786804085 0.36198098241775595
v 0.82335707810669423 0.23687888896687823 0.36705448567199039
v 0.82333671286910914 0.25943153278807962 0.3726349381380244
v 0.82331483395785865 0.28198250048271267 0.37872225761437367
v 0.82329151074643914 0.30453169220300297 0.38531635737229292
v 0.82326681534733237 0.32707901713106502 0.39241714702909664
v 0.82324082220745143 0.34962439357585978 0.40002453326124526
v 0.82321360763430462 0.37216774903793404 0.40813842046058824
v 0.82318524930851467 0.39470902021101617 0.41675871136245096
v 0.82315582580375168 0.41724815291369671 0.42588530765025012
v 0.82312541612355317 0.43978510195288795 0.43551811053427619
v 0.82309409926041333 0.46231983092380641 0.44565702130062751
v 0.82306195378072866 0.48485231195223799 0.45630194182613848
v 0.82302905743786503 0.50738252538460071 0.46745277505495958
v 0.82299548681376422 0.52991045942916526 0.47910942543073409
v 0.8229613169854223 0.55243610974492907 0.49127179927167353
v 0.82292662120184557 0.57495947895518795 0.50393980505491276
v 0.82289147052760248 0.59748057601003279 0.51711335351584486
v 0.82285593332888851 0.61999941518376145 0.53079235730083651
v 0.82282007426676684 0.64251601414508175 0.54497672947075348
v 0.82278395192944831 0.66503038970007133 0.55966637904377314
v 0.8227476129597544 0.68754254789426827 0.57486119912050437
v 0.82271107766137586 0.71005246105371589 0.59056103719729669
v 0.82267430605581282 0.73256001616857236 0.60676562487789121
v 0.822637121853658 0.75506490419041239 0.62347442048839374
v 0.82259905212706264 0.77756639598249511 0.64068627752553708
v 0.82255901161648348 0.80006291848433952 0.65839879209112595
v 0.82251472740086407 0.82255131272872928 0.67660711277534435
v 0.82246177825370625 0.84502564555439508 0.69530194901007925
v 0.82239214332672517 0.86747549434001514 0.71446654938242615
v 0.82229225240495718 0.88988376385078916 0.73407261367967003
v 0.82214072204874356 0.91222433137287362 0.7540754911971036
v 0.82190621458937785 0.93446009214712045 0.77440954149444718
v 0.82154606843493261 0.95654216210243603 0.79498499121885013
v 0.8210064414279733 0.97841099276756172 0.81568783216767771
v 0.8538408734315176 -0.98204525004169019 0.84683222651398837
v 0.85823278166168449 -0.95275290247226552 0.82222790481533781
v 0.85782116195606239 -0.9394808333024669 0.80934996203005283
v 0.86269340700779518 -0.92356509453394042 0.79869161278997913
v 0.85635414129016052 -0.89403129438317752 0.76642876249146186
v 0.85343256123663391 -0.86884373125292302 0.74171582206317177
v 0.8524540484245573 -0.84530108028698325 0.72069381272627953
v 0.85221920228367076 -0.82250729748202411 0.70148260894626446
v 0.85219221512622589 -0.79995448897086763 0.68316330115378243
v 0.85220685966192899 -0.77745576756834778 0.66543070707033136
v 0.85222729235106176 -0.75496457170500564 0.6482149972757576
v 0.85224825351104816 -0.73247311682037819 0.63150540019588819
v 0.85226922740470878 -0.70998052860216143 0.61530086416909002
v 0.85229017567773879 -0.68748666680831094 0.59960133515117853
v 0.85231111541081561 -0.664991336584139 0.58440678222422149
v 0.85233213783291151 -0.64249408849942902 0.56971708939980636
v 0.85235350963649925 -0.6199938710915357 0.55553195211482065
v 0.85237589433597927 -0.59748828084018202 0.54185067882924864
v 0.85240080506296179 -0.57497202218795618 0.52867182983609828
v 0.85243146984576945 -0.55243393000456709 0.51599260832686633
v 0.85247433735222111 -0.52985157494495061 0.5038078962271495
v 0.85254101503318469 -0.50718190893194148 0.49210833996361947
v 0.85264655671912659 -0.48434451073519402 0.48087292181381042
v 0.85278629952384388 -0.46119139235269863 0.4700391307402686
v 0.85285158395564742 -0.43748335124250687 0.45944411157406351
v 0.85246843389970184 -0.41297075967888841 0.44871288990136871
v 0.85257510172180839 -0.38806825013853868 0.43884768501016669
v 0.85498858032185332 -0.36034462952108892 0.4305522361031533
v 0.85616579857169206 -0.33105442952467506 0.42141406241254986
v 0.83760629711966073 -0.3036777283608757 0.39694987651879665
v 0.83866578156795724 -0.28586216752581761 0.3926193527409807
v 0.83973696778791995 -0.2674500018906858 0.38843338895212043
v 0.84074590405532479 -0.24833181112462877 0.38434367002782377
v 0.84167411428411998 -0.2286052308207743 0.3804043716116895
v 0.8425101039096643 -0.20831728308563666 0.37665646153922983
v 0.84324405603249264 -0.18753024269203092 0.37315311963101028
v 0.84387758058225126 -0.16631134554602975 0.36992954066515604
v 0.84441224530108272 -0.14473233840798405 0.36702165946676563
v 0.84485190319998327 -0.12286570036111402 0.3644651870428075
v 0.84520394940869581 -0.10077995194853812 0.3622919883332632
v 0.8454753261673259 -0.078532627047594616 0.36052664171685489
v 0.84567144611236555 -0.056168012995446853 0.3591866524593384
v 0.84580032476662814 -0.033721109871692245 0.35828785656303436
v 0.84587627340388538 -0.011221049531629074 0.35784712956746378
v 0.84591543612794307 0.011309861921119243 0.35788223272205094
v 0.8459323011351505 0.033856706070298323 0.35840664969564251
v 0.84593664561441029 0.056410918699666066 0.35942922629989815
v 0.84593408489013788 0.078968082162357636 0.36095485730292781
v 0.84592746685676634 0.10152607043858633 0.36298593466854046
v 0.84591811308505116 0.12408388514126908 0.36552350792048499
v 0.84590660564260745 0.14664103729604955 0.36856798548636216
v 0.84589320237816934 0.1691972547655847 0.37211949396188998
v 0.8458780309480679 0.19175235510500194 0.3761780424455175
v 0.84586117160181806 0.21430619399297013 0.38074359172101813
v 0.84584268996276712 0.23685864557809985 0.38581608167530318
v 0.84582264910555272 0.25940959547650361 0.39139544179873381
v 0.84580111359576771 0.28195893850921311 0.39748159526222593
v 0.84577815056788885 0.30450657810964166 0.40407446068557346
v 0.84575382975900681 0.32705242626439074 0.41117395311398125
v 0.84572822318978558 0.3495964035834353 0.41877998473189404
v 0.84570140473391409 0.37213843936214069 0.42689246548794763
v 0.84567344965937619 0.39467847159140262 0.43551130368323121
v 0.84564443417139723 0.41721644690458898 0.44463640653536818
v 0.84561443496918332 0.43975232046112556 0.45426768071874296
v 0.8455835288225374 0.46228605577046838 0.46440503287787582
v 0.8455517921720852 0.48481762446147902 0.4750483701102306
v 0.84551930075536663 0.50734700600207139 0.48619760041431387
v 0.84548612925916222 0.52987418737191305 0.49785263309705668
v 0.84545235099426619 0.55239916268422762 0.51001337912763911
v 0.84541803757794487 0.57492193273359304 0.52267975140364697
v 0.84538325857914931 0.5974425043945899 0.53585166483395585
v 0.845348080999486 0.61996088965987839 0.54952903597340697
v 0.84531256824712631 0.64247710376307354 0.56371178149836487
v 0.8452767777172131 0.66499116100564482 0.57839981369137394
v 0.84524075479254257 0.68750306502032998 0.59359302843061978
v 0.84520451815562125 0.71001278615457897 0.60929127518509074
v 0.8451680251948932 0.73252021059576189 0.62549428600653478
v 0.84513109461124714 0.75502503123413711 0.64220151659884772
v 0.84509324339651604 0.77752652675750389 0.65941181164414642
v 0.84505336617892324 0.8000231437324451 0.67712274635421599
v 0.84500915145447086 0.82251176492385258 0.69532942611116444
v 0.84495610785016539 0.84498653739701823 0.71402247853199718
v 0.84488609459194708 0.86743718069598386 0.73318500848522283
v 0.84478534965191743 0.88984683315244606 0.75278848088511374
v 0.84463220378842274 0.91218972822986799 0.77278788827754941
v 0.84439492442534203 0.93442926529136883 0.7931170882630082
v 0.84403040897472326 0.95651727943024745 0.81368576481052168
v 0.8434847307337483 0.97839548707732127 0.83438002442528147
v 0.87496313200107734 -0.98222290275153235 0.86526497117806833
v 0.87263838759076806 -0.95430102643589576 0.83615833358033942
v 0.8805928987135051 -0.94398117152503047 0.83338961509787668
v 0.8854545168623843 -0.92158681946061038 0.81676125040805536
v 0.87754515016656764 -0.89495036558366459 0.78562871296705017
v 0.87456110886603644 -0.86973773757356543 0.76075275747806037
v 0.87357070176994811 -0.84619434194077803 0.73967760896028323
v 0.87333305405161687 -0.823400064454898 0.72043818782051283
v 0.87330481056373443 -0.80084767425603531 0.70209744875219271
v 0.8733184313625082 -0.77834960731164948 0.68434472971469607
v 0.87333787080855629 -0.75585916265148534 0.66710909626559622
v 0.87335783467442285 -0.73336854218634639 0.65037961180563586
v 0.87337779818398364 -0.71087688644008518 0.6341552102204191
v 0.87339771156065382 -0.68838409872863082 0.6184358503268077
v 0.87341756281832494 -0.66589009221222295 0.60322153938872392
v 0.87343736975539465 -0.64339467779283688 0.58851225193896906
v 0.87345722368394829 -0.62089741073536631 0.57430788308534719
v 0.87347739127223856 -0.59839724473844957 0.5606081565995289
v 0.87349853570969427 -0.57589178216327674 0.54741244827021107
v 0.8735221693105848 -0.55337573425874698 0.53471946936062409
v 0.87355149599557436 -0.53083792182401168 0.52252671218702873
v 0.8735923943655034 -0.50825539284671195 0.51082893321547318
v 0.87365022263117187 -0.48557991258377287 0.49960999661452471
v 0.87370206594845357 -0.4627027258639172 0.48880476342551282
v 0.87359223618145498 -0.43939140271676008 0.47818592314648728
v 0.87273998517601947 -0.41511239429460201 0.46705985209087642
v 0.8678662852184712 -0.39233750170986254 0.45359689839170192
v 0.87429046453166648 -0.36650795982363449 0.44945575992381515
v 0.8752324529965676 -0.33870308463989413 0.44050005361579214
v 0.87685637935719241 -0.30989480830010818 0.43257099454380749
v 0.85938645085220144 -0.28175335080448566 0.40902249808431645
v 0.86053710116536319 -0.26383715856573547 0.40515454146937607
v 0.86164103381962787 -0.24534576754941884 0.40140474253474623
v 0.86266660859833511 -0.22618615147644955 0.39776395533230896
v 0.86363123403779907 -0.20642882792307388 0.39430635644040368
v 0.86452733200409215 -0.18610396570948015 0.39107119313798505
v 0.8653421344301292 -0.1652667897769195 0.38809841147279367
v 0.86606119743585763 -0.14399150424782706 0.38542857709082223
v 0.86669181452216226 -0.12237004495485225 0.38309353824298314
v 0.86723369196213396 -0.10048040522348957 0.38112338569880805
v 0.86767246491810446 -0.078374569473021918 0.37952711419771173
v 0.86799162863428869 -0.056094981777526393 0.37830674150890437
v 0.86819543680230493 -0.033690308095504266 0.37747880281815432
v 0.86831009520492164 -0.011208829319749231 0.37707469775439534
v 0.86836732171727493 0.011313660686038837 0.37712659752094907
v 0.86839197921677447 0.033855932497514014 0.37765810272591388
v 0.86839954577068945 0.056406949725844008 0.3786833679956732
v 0.86839832537252293 0.078961419097482846 0.3802097847662495
v 0.86839232705187919 0.10151691471124971 0.38224082672480209
v 0.86838334385179072 0.12407233554246659 0.38477798603440033
v 0.86837214019976972 0.14662715868970225 0.3878218453470737
v 0.86835904124217267 0.16918110294711461 0.39137259877538877
v 0.86834419786711603 0.19173398598797084 0.39543028243230005
v 0.86832769715218749 0.21428566688778836 0.39999486942188467
v 0.8683096055500269 0.23683602416405911 0.40506630691093481
v 0.86828998477422625 0.25938494786201155 0.41064453010174667
v 0.86826889720792177 0.28193233693218805 0.41672946750138573
v 0.86824640747356896 0.30447809849693058 0.4233210430672727
v 0.86822258265090357 0.32702214773725446 0.43041917727825296
v 0.86819749203641727 0.3495644079449054 0.43802378784798629
v 0.8681712067552726 0.37210481058259209 0.44613479031915493
v 0.86814379933232633 0.3946432953013379 0.45475209861261151
v 0.86811534325965267 0.41717980990073428 0.46387562555141931
v 0.8680859125749576 0.43971431023058588 0.47350528336273717
v 0.86805558145757988 0.4622467600368575 0.48364098415557288
v 0.86802442384590595 0.4847771307562701 0.49428264037114411
v 0.86799251307843162 0.50730540126380763 0.50543016520193162
v 0.86795992155876334 0.52983155757537137 0.51708347297347823
v 0.86792672044063313 0.55235559250120181 0.52924247947597824
v 0.86789297931780962 0.5748775052268299 0.54190710221108485
v 0.86785876587293842 0.59739730074705477 0.55507726045704886
v 0.86782414535554053 0.61991498894412767 0.56875287488394066
v 0.86778917953920354 0.64243058276302456 0.58293386599973285
v 0.86775392425409892 0.66494409412232569 0.59762014957520193
v 0.86771842326832849 0.68745552433935619 0.61281162449606152
v 0.86768269332135539 0.70996484185685216 0.62850814243826281
v 0.86764668891300512 0.73247193211103467 0.64470943613865661
v 0.86761022361559836 0.7549764899618856 0.66141495891791635
v 0.86757280449967678 0.77747780193411109 0.67862354688628557
v 0.8675333067847949 0.79997433421832631 0.69633275462329014
v 0.86748938210383419 0.82246301130565702 0.71453764461859282
v 0.86743647246005295 0.84493806053869824 0.7332287631992731
v 0.86736632375933098 0.86738934398967404 0.75238907278293066
v 0.86726499407762259 0.88980023522258089 0.77198980730610178
v 0.86711055034599493 0.91214533041522294 0.79198561568895276
v 0.86687096610012027 0.93438860889516917 0.81230999706695117
v 0.86650318783076952 0.9564830597452455 0.83287292882354635
v 0.86595469221909405 0.97837302011872684 0.85356330854119677
v 0.89801048971596908 -0.97915123435251472 0.88265965840507454
v 0.89709222835898261 -0.95944759511197508 0.86275830815591636
v 0.89508545176988352 -0.94577406807267073 0.84795042917723229
v 0.90485155515178806 -0.92272400738265392 0.83519541453848489
v 0.89796993381996748 -0.89633812776439992 0.80500863508151699
v 0.89483659007165095 -0.87126985331700413 0.78002674448135301
v 0.89381272654153587 -0.84772647258815492 0.75886484958490297
v 0.89356689202138961 -0.82492930481289839 0.7395758960598463
v 0.89353611144668876 -0.80237681927569315 0.721197799699415
v 0.89354825926536108 -0.77987951482993767 0.70341029962881996
v 0.89356640491524975 -0.75739004814249999 0.6861403073292498
v 0.89358509996405411 -0.73490051216028407 0.6693765332879148
v 0.89360379260725431 -0.71241003701252537 0.65311786064726618
v 0.893622425737848 -0.68991854109561412 0.63736424454223917
v 0.89364097669996545 -0.66742598101472217 0.62211570416896478
v 0.89365943488027433 -0.64493227543236242 0.60737224872230877
v 0.89367781889580777 -0.62243723949982599 0.59313385585220102
v 0.89369622095248791 -0.5999404328543495 0.57940043094050209
v 0.89371490863267999 -0.57744081364346045 0.5661717251617997
v 0.8937345460699867 -0.55493598838712532 0.5534471804495662
v 0.89375662300587144 -0.53242064351139373 0.54122562111885864
v 0.89378380474576613 -0.50988297703339269 0.52950405223640507
v 0.89381628934741664 -0.48729394908378393 0.51826979986942356
v 0.89382611839541226 -0.46457056200089369 0.50746202799326801
v 0.89366497573955705 -0.4414762262790522 0.49685014427712049
v 0.89290736866817144 -0.41727002056710782 0.48576034269351587
v 0.88895792529903961 -0.38907796477570705 0.47086609639445165
v 0.89264833938087751 -0.37272987508736388 0.46793798490168048
v 0.89394613120133615 -0.34470874978459232 0.4590668875240973
v 0.89412047970342479 -0.31863178235548667 0.45059565927512407
v 0.89786690243269929 -0.28919505319032945 0.44502079262760275
v 0.88081283920639453 -0.26007296072813785 0.42180514756799564
v 0.881934979741272 -0.24209136297281228 0.41830671860430202
v 0.88307167088858796 -0.22356615752313813 0.41500205778307836
v 0.88419147598001568 -0.20436771852155663 0.41187404511107217
v 0.88529759952164044 -0.18452985845191325 0.40897695421218938
v 0.88635272090174855 -0.16409449626664066 0.40632777816540494
v 0.88734654536254931 -0.14317430349119806 0.40397296730657961
v 0.88828278332470834 -0.12187741972334754 0.40197504365934889
v 0.88913511431098546 -0.10024681421566803 0.40033048170884628
v 0.88982220455579575 -0.078293470587361219 0.39898280642985939
v 0.89029127163291577 -0.056074259311371173 0.39790888654730566
v 0.89056720810694734 -0.033685223076594495 0.39715117932446642
v 0.89071202566499597 -0.011206903090964761 0.39677687447730975
v 0.89078083900271654 0.011313958181744682 0.39684048204212746
v 0.89080977260380922 0.033853965729766677 0.39737628995567709
v 0.89081895017127 0.056402130984051217 0.39840293689747835
v 0.89081843117360815 0.078953459335444343 0.39992956609050961
v 0.89081285610408456 0.10150571405302307 0.40196031068908888
v 0.89080423963312216 0.12405788408399221 0.4044969077628498
v 0.8907934228960771 0.14660948589996262 0.40754003161866204
v 0.890780756812109 0.16916025668498252 0.41108991213503737
v 0.89076639992494677 0.19171002469576554 0.415146601064037
v 0.89075044035424322 0.21425865675826763 0.41971008008482869
v 0.89073294307655948 0.23680603796478947 0.42478030261837657
v 0.89071396730136443 0.25935206424519069 0.43035720949544781
v 0.89069357243859582 0.28189663986075963 0.43644073480628703
v 0.89067181989044342 0.30443967668562555 0.44303080822125185
v 0.89064877336874204 0.32698109408766463 0.45012735609134052
v 0.8906244987092008 0.34952081897519266 0.45773030213998966
v 0.89059906352153273 0.37205878585716207 0.46583956801882148
v 0.89057253679206072 0.39459493686631542 0.4744550738138047
v 0.89054498847950669 0.41712922173065814 0.48357673852634436
v 0.89051648911932924 0.43966159769117552 0.49320448053404986
v 0.89048710944349996 0.46219202936811132 0.50333821803001122
v 0.89045692001950083 0.48472048857956579 0.51397786943775103
v 0.89042599091067409 0.50724695411609266 0.52512335379816721
v 0.89039439135810505 0.52977141147298978 0.53677459112262593
v 0.89036218947994561 0.55229385253546837 0.54893150269916002
v 0.89032945197268354 0.57481427519332118 0.56159401131677789
v 0.89029624376738725 0.59733268281120855 0.57476204130974196
v 0.8902626275084945 0.61984908334832656 0.58843551815030182
v 0.89022866249836852 0.64236348758783901 0.60261436686236702
v 0.89019440218721257 0.6648759051338804 0.61729850738390035
v 0.89015988794366707 0.68738633500098267 0.63248784227929955
v 0.89012513382628422 0.70989474368711847 0.64818222609329257
v 0.89009009079038726 0.7324010157891111 0.66438139290150178
v 0.89005456678071859 0.75490484800894231 0.68108479429729007
v 0.8900180587623151 0.7774055345653943 0.69829125851913776
v 0.88997942300686006 0.79990156119716582 0.71599832040907485
v 0.88993627609367465 0.8223898943990372 0.7342010011739708
v 0.88988399815638708 0.84486484340127921 0.75288976993305501
v 0.8898142334539535 0.86731641896571643 0.77204745898903582
v 0.8897128895239933 0.88972825068443928 0.79164511024921591
v 0.889557894042171 0.91207540737128345 0.81163723375531915
v 0.88931744484332165 0.93432293126526 0.83195788933512604
v 0.88895000120077206 0.95642633831796053 0.8525200356060052
v 0.88840726557490457 0.97833521743774154 0.87322069863220708
v 0.92158937003403929 -0.9826188373153445 0.90754070904711481
v 0.92820031086289367 -0.95177833635452547 0.8837900153091568
v 0.92099318490077908 -0.93984112261645103 0.86588315819801454
v 0.9245236996291516 -0.92658439192024811 0.8567588501612825
v 0.91734751800110192 -0.89848833370870262 0.82452204549652874
v 0.91407458743615499 -0.87360952932901004 0.79945886778324038
v 0.91298123879144066 -0.85007970551366119 0.778168944425494
v 0.91271410889877835 -0.82727454128673461 0.75879531569974989
v 0.91267734902415276 -0.80471967383668941 0.74035638973914575
v 0.91268720359494704 -0.78222274041578344 0.72251469317336869
v 0.91270377467965436 -0.75973431565680549 0.70519179724366921
v 0.91272102129456834 -0.73724601166588644 0.68837534224632957
v 0.9127382851166792 -0.71475687753258432 0.67206402969412016
v 0.9127554901121141 -0.69226682497039727 0.65625778399505874
v 0.9127726079537789 -0.66977582598606933 0.6409566220947216
v 0.91278961798225566 -0.64728384241204417 0.62616056388908892
v 0.91280651091696374 -0.62479079664127912 0.61186961837295006
v 0.9128233068981213 -0.60229650730114415 0.59808376566491461
v 0.91284009999536542 -0.57980053672313892 0.58480292055559457
v 0.91285716041177334 -0.55730184342234979 0.5720268602341344
v 0.91287513293521394 -0.53479799585025767 0.5597550509321414
v 0.91289503438005271 -0.51228298942144612 0.54798567347519567
v 0.91291503182959544 -0.4897388227388918 0.53670889182399795
v 0.9129110947094724 -0.46710212002919993 0.52587462364081294
v 0.91277928335411473 -0.44415892652123901 0.51529718322610019
v 0.91232827176282794 -0.42022444549209681 0.50452856987493877
v 0.91150868901564897 -0.39335840992796234 0.49280529703893422
v 0.91160573267337131 -0.37863228152219408 0.48726674926605518
v 0.91250226482317398 -0.35001603930885977 0.47762747236853387
v 0.90820693525934293 -0.325515869600212 0.46542342205406517
v 0.91524028080811703 -0.29938432262817111 0.46372918721111306
v 0.91790464148669426 -0.26846254628494959 0.457430131603907
v 0.90150497916922256 -0.23883668505026834 0.43496498939695621
v 0.90272923211124501 -0.22086880323818922 0.43196295952481273
v 0.90410120057393295 -0.20227709947329475 0.42927009991700804
v 0.90550360601406965 -0.18291681347616362 0.42679702275094467
v 0.90687820418524734 -0.16291114538591764 0.42456256797750469
v 0.90826689125799431 -0.14245266665987072 0.42267386867184215
v 0.90972505130608516 -0.12160956034950247 0.42121889584779493
v 0.91105682233881402 -0.1002548072345022 0.4200573301577617
v 0.91202099950973636 -0.078363748733442609 0.4189844080603099
v 0.91259418162735317 -0.056117534891547673 0.41801416234538752
v 0.91289804581338163 -0.03370198947062359 0.41728681889557256
v 0.91304664058050178 -0.011211339028103997 0.41691887172787551
v 0.91311403607741215 0.011312354290665412 0.41698268329209603
v 0.91314150546053774 0.033850479064008371 0.41751767168258958
v 0.91314997814064758 0.056394699813041307 0.41854353114134707
v 0.91314933998715986 0.078941257706878612 0.42006944308970973
v 0.91314399827907899 0.10148844709712355 0.42209943408119666
v 0.9131358289900271 0.12403547589216522 0.42463516831486553
v 0.91312560749171245 0.14658195044787378 0.42767728742994165
v 0.91311365622921636 0.1691276471055079 0.43122601093789481
v 0.91310012110804861 0.19167241406647526 0.43528139012511452
v 0.91308508349061968 0.21421613089746619 0.439843410214876
v 0.91306860347185215 0.23675869257466262 0.44491202981931155
v 0.91305073580719565 0.25930000354720956 0.45048719574520313
v 0.91303153541284254 0.28183997571132707 0.45656884853414159
v 0.91301105903562196 0.30437852783147817 0.46315692465572694
v 0.91298936556177024 0.32691558545423649 0.47025135753473185
v 0.91296651585707467 0.34945108095905425 0.47785207818410774
v 0.91294257245230037 0.37198495361850864 0.48595901570590772
v 0.9129175991827494 0.39451714962492984 0.49457209774447425
v 0.91289166082024031 0.41704762207069068 0.50369125091644862
v 0.91286482271200242 0.43957633088025921 0.51331640122281486
v 0.91283715043294522 0.46210324269596592 0.52344747444226181
v 0.91280870945480752 0.48462833072069433 0.53408439650339923
v 0.91277956483410061 0.50715157452057846 0.5452270938324093
v 0.91274978091884051 0.5296729597888139 0.55687549367043443
v 0.91271942106976034 0.55219247806528038 0.56902952434763399
v 0.91268854738010108 0.57471012638839092 0.58168911547853186
v 0.91265722034602814 0.59722590680584764 0.59485419797932304
v 0.91262549835270002 0.61973982554060814 0.60852470363241962
v 0.91259343661279446 0.64225189127995541 0.62270056346260627
v 0.912561084621617 0.66476211126500406 0.63738170303291031
v 0.91252847982878915 0.68727048205270369 0.65256803001607411
v 0.9124956321711134 0.70977696794910783 0.66825940323480681
v 0.91246248775183658 0.73228145240403897 0.68445555952963388
v 0.91242884785254208 0.75478363368490664 0.70115595034577793
v 0.91239419893840534 0.77728281374290742 0.71835939824148409
v 0.91235737959197394 0.79977749910381901 0.73606342261324309
v 0.91231597707008638 0.82226470339956004 0.75426301442330423
v 0.91226532769303581 0.84473883464174016 0.77294859727566045
v 0.91219702586617546 0.86719010272942632 0.79210296527193869
v 0.91209700501374569 0.88960256718738695 0.81169728834295041
v 0.91194363629302488 0.91195233924895791 0.83168701294096581
v 0.9117068057108193 0.93420693888464235 0.85200951182668172
v 0.9113491546929664 0.95632695573956306 0.8725858667062093
v 0.91083014289698438 0.97827054403527736 0.89332827720571684
v 0.94225595938766415 -0.98400940728572261 0.92817412324756421
v 0.94165020193050453 -0.95850188667522074 0.90280903298126403
v 0.94426451802663169 -0.94774446594093753 0.89504597451603929
v 0.944118441188323 -0.92639810323782612 0.87489999037413935
v 0.93561830762650533 -0.90144319376038073 0.8440800413318601
v 0.93219123451034869 -0.87684228115761698 0.81898380826318673
v 0.93098115186024888 -0.85334655791751002 0.79754280571015457
v 0.93066587396626654 -0.83052488719582629 0.7780376789897141
v 0.93061421234603103 -0.80796176620613946 0.7595053048289705
v 0.93061956121027312 -0.7854637267740211 0.74158573103329428
v 0.93063403084988183 -0.76297632510551849 0.72418884947368212
v 0.93064964446615583 -0.74048954467138883 0.70729916559951311
v 0.93066536405803502 -0.71800210090323968 0.69091475743471709
v 0.93068104484959913 -0.69551384928514925 0.67503543563537793
v 0.93069664629908189 -0.67302475855926391 0.65966119623749142
v 0.93071214344569309 -0.65053480586368362 0.64479205791377403
v 0.93072751749037252 -0.62804395590519246 0.63042803924709234
v 0.9307427613011573 -0.6055521331303968 0.61656914831467402
v 0.93075789818638799 -0.58305915622087801 0.60321536623588978
v 0.93077302794498917 -0.56056458220384076 0.59036661390602463
v 0.93078840399897855 -0.53806730715164897 0.57802263710849511
v 0.93080427652296038 -0.5155641478396491 0.56618220317132795
v 0.92734546623715164 -0.49341258883901556 0.55182059215911106
v 0.9308141079207346 -0.47045795417277836 0.54395318675714777
v 0.93073439838520788 -0.44764079807486229 0.53340498429008421
v 0.93054713118786136 -0.42407752962421502 0.52295962234542459
v 0.9308248049780069 -0.39836418942430057 0.51262697760951315
v 0.93136934762325729 -0.38416130825469968 0.507588135050278
v 0.93072656731854408 -0.35555919210855663 0.49641144646078827
v 0.92776746264149546 -0.32599284806497314 0.48355609729719884
v 0.93236264982339678 -0.30937544316606652 0.48255854346433374
v 0.93458683822410804 -0.27889624697766957 0.47565882920183483
v 0.93656333912441148 -0.24871926001400546 0.46960482696648437
v 0.92164762874678452 -0.21841908350603345 0.44867698058764965
v 0.92338690018666725 -0.20035178615649699 0.44651447531687993
v 0.92520971418507481 -0.18143526447854388 0.44458329891934384
v 0.92691708724861233 -0.16189148526370425 0.4427922854915981
v 0.9289659489895068 -0.14216674839706683 0.44166488865212572
v 0.93136119896876068 -0.12193280917173954 0.44118094056771412
v 0.93325916753016891 -0.100633706584038 0.44056264809283902
v 0.93431931042195604 -0.078544178062111558 0.4395800726928053
v 0.93486086202564678 -0.056182512673150706 0.43858367204534759
v 0.93512330978538516 -0.033719852081153037 0.43782175625507264
v 0.93524502441182955 -0.011214574572694525 0.43743110749941139
v 0.93529822527806483 0.011309942868368051 0.43748298220040177
v 0.93531919865615087 0.033843159524284017 0.43801218204065517
v 0.93532513639926029 0.056380135306876654 0.43903518646316653
v 0.93532386090516872 0.078918531051351395 0.44055942156742889
v 0.93531878785649947 0.10145723411729128 0.44258808185577314
v 0.93531135762374895 0.12399570076031867 0.44512247418345757
v 0.93530216563223734 0.14653364397910446 0.44816309944004173
v 0.93529146225843907 0.16907088975066387 0.45171012736384752
v 0.93527936377035115 0.19160731343276369 0.4557635954635062
v 0.9352659375001291 0.21414281288137008 0.4603234889129913
v 0.93525123479596217 0.23667729765192461 0.46538977151080435
v 0.93523530319552362 0.2592106849281367 0.4709623973862182
v 0.93521819064254874 0.28174289813148773 0.47704131542986455
v 0.93519994675918017 0.30427386653878985 0.483626471075154
v 0.93518062306202077 0.32680352524508782 0.49071780714758895
v 0.93516027281043779 0.34933181521963891 0.49831526439545065
v 0.93513895073199138 0.37185868336292088 0.50641878191245626
v 0.9351167127110388 0.39438408253307622 0.51502829752098256
v 0.93509361547126502 0.41690797153244702 0.52414374813608289
v 0.93506971626400925 0.4394303150529551 0.53376507011466401
v 0.93504507256777714 0.46195108358201487 0.54389219958922774
v 0.93501974180187974 0.48447025327161441 0.55452507278405438
v 0.93499378105575237 0.50698780577296232 0.56566362631073253
v 0.93496724683365495 0.52950372803711221 0.57730779743756433
v 0.93494019481015789 0.55201801207565793 0.58945752431983556
v 0.93491267958007696 0.57453065465760877 0.60211274615529209
v 0.93488475435398966 0.59704165686964561 0.61527340316449231
v 0.93485647046214115 0.61955102333880518 0.62893943611861791
v 0.93482787629827291 0.6420587605940048 0.64311078467266025
v 0.934799014755614 0.66456487326687441 0.65778738259791436
v 0.93476991683085064 0.68706935506298517 0.6729691452423926
v 0.93474058599894716 0.70957216764686226 0.68865593837200567
v 0.93471096159582512 0.73207319307414065 0.70484750473524693
v 0.93468083742455443 0.75457213188265782 0.72154330043426507
v 0.93464969167717771 0.77706829755620077 0.73874215234865692
v 0.93461635592677794 0.79956023020853495 0.75644158970898667
v 0.93457842165200089 0.82204502788969369 0.77463664107459695
v 0.93453127395603452 0.84451729722716107 0.79331786422671779
v 0.93446671520099533 0.8669677170665373 0.81246850835987161
v 0.93437138591568147 0.88938146980714294 0.83206117234345323
v 0.93422558869049521 0.91173718949451787 0.85205510793853467
v 0.93400341449637148 0.93400733142906167 0.87239595209424803
v 0.93367489074161159 0.95616062479191322 0.89301943003933748
v 0.93321010497675094 0.97816645123505519 0.91385915804559303
v 0.96206479037561299 -0.98390584051503083 0.946925192330345
v 0.95433075143862756 -0.95699780127100775 0.91332380617137632
v 0.95645326564710376 -0.94653066392338336 0.90543574532939608
v 0.95874524980565867 -0.92844933957945808 0.89067787176661983
v 0.95128706773533722 -0.90510128029408399 0.86215670168959213
v 0.94773888225842995 -0.88098938591295362 0.83728370165026467
v 0.94639667860032661 -0.85757452691817138 0.81566666699792356
v 0.94600389155794706 -0.83473300045824228 0.79596978087428316
v 0.94592276899029815 -0.81215272356244039 0.77729999666198546
v 0.94591890584178684 -0.78964990513346367 0.75927391100298913
v 0.94592989361569468 -0.7671626967029348 0.74178014456723829
v 0.94594327921142185 -0.74467738681340745 0.72479572345998544
v 0.94595701456466585 -0.72219174387899088 0.70831698194927073
v 0.94597076085786824 -0.69970544182258476 0.69234339554986069
v 0.94598444311263608 -0.67721842008317445 0.67687489710317106
v 0.94599803107926028 -0.65473065693413779 0.66191149241794833
v 0.94601150382022714 -0.63224213217112257 0.64745319900276399
v 0.94602484639246553 -0.60975280971094836 0.63350003220564199
v 0.94603805743386959 -0.58726260623954363 0.62005199584045156
v 0.94605117105572045 -0.56477131562358873 0.60710906569088952
v 0.94606428632073891 -0.5422783922794443 0.59467111429764286
v 0.94607736842830925 -0.51978196646671415 0.58273725250407371
v 0.94262156819644927 -0.49280196732542603 0.56581887992463364
v 0.94894772052645082 -0.47942911964845603 0.5652618618737123
v 0.94604779766370839 -0.4520067964417791 0.54977875655430086
v 0.9460033300299352 -0.42879430187191958 0.53951561977460261
v 0.9465800820773389 -0.40424637605413233 0.52983689969544567
v 0.95089212235246368 -0.39128862334743858 0.52870961759327961
v 0.94678272983423639 -0.36141235936904303 0.51362834083118114
v 0.94597736600280025 -0.33423729527235041 0.50341375667391874
v 0.95076848392794056 -0.32010787087774517 0.50330185583545317
v 0.94921585529573405 -0.28781850962612754 0.4920274921683836
v 0.950460915712524 -0.25947783169630245 0.48540467799143178
v 0.95331065780701851 -0.23032399407196541 0.4809906813803016
v 0.94247196967602542 -0.19899498218786657 0.46404625763955665
v 0.9444580026114886 -0.18005820263835376 0.46233694080046767
v 0.94624333105950775 -0.16120409215541728 0.46079730360137988
v 0.94998755602166096 -0.14312551161168063 0.46155346739290654
v 0.95401957107826418 -0.12329239669445295 0.46269164833217596
v 0.95578968474277237 -0.10109708557847055 0.46188554121361575
v 0.9565916855144655 -0.078680873966476217 0.46064556788181421
v 0.95696250833585805 -0.056215778660432369 0.45948873432739906
v 0.9571331227785389 -0.033723205224718188 0.4586418864798556
v 0.95720972766471391 -0.011214285239630403 0.45821023299403107
v 0.95724236708735588 0.011303472979167012 0.45824328946811177
v 0.95725471767397186 0.033825582275427458 0.45876398388671036
v 0.95725757873127559 0.056349625084931604 0.45978288188417332
v 0.95725577308655274 0.078874360831770907 0.46130466255734059
v 0.95725138972278401 0.10139916334458375 0.46333132083258027
v 0.95724531001281188 0.12392370769965158 0.46586366906467486
v 0.95723790208325665 0.14644780992287146 0.46890201662784292
v 0.95722932481042489 0.16897134999234298 0.47244646565939763
v 0.95721965576196566 0.19149423685198047 0.47649703479850491
v 0.95720894296945835 0.21401639334019179 0.48105370908140077
v 0.95719722505533511 0.23653775005682467 0.48611645943502052
v 0.95718453870437814 0.2590582430411586 0.49168525014256087
v 0.95717092124930958 0.28157781299188717 0.49776004172521682
v 0.95715641142958829 0.30409640507221058 0.50434079213761107
v 0.95714104948686574 0.32661396891378253 0.51142745736299333
v 0.95712487702649629 0.34913045866988951 0.51901999180061198
v 0.9571079367999884 0.37164583306243415 0.52711834858149687
v 0.95709027246379053 0.39416005540354132 0.53572247985744204
v 0.95707192833468258 0.4166730935862224 0.54483233707641265
v 0.95705294914986327 0.43918492004359905 0.55444787124709838
v 0.95703337983553982 0.46169551167805867 0.56456903319199669
v 0.95701326528614195 0.4842048497622623 0.57519577378729325
v 0.95699265015516466 0.50671291981355981 0.58632804418688866
v 0.95697157865694726 0.52921971144136304 0.59796579602547373
v 0.95695009437445877 0.55172521816086073 0.61010898158792282
v 0.95692824005648747 0.57422943714900099 0.62275755390959875
v 0.9569060573551601 0.59673236887133818 0.63591146670774479
v 0.95688358636688609 0.61923401638474096 0.64957067386866496
v 0.95686086461091291 0.641734383811148 0.66373512775723686
v 0.95683792451022209 0.66423347273689326 0.67840477447497161
v 0.95681478709859946 0.68673127361702568 0.6935795415063033
v 0.95679144672107763 0.70922774572016867 0.70925930726236697
v 0.95676783547885147 0.73172277224559623 0.7254438299363416
v 0.956743745118105 0.75421606515918382 0.74213259076850857
v 0.95671866640653902 0.77670697610249051 0.75932447087415289
v 0.95669148339984023 0.7991941484736298 0.77701713386711224
v 0.9566599423537876 0.82167493354369903 0.79520594761957974
v 0.95661983738207057 0.84414452635784454 0.81388231430461166
v 0.95656397688771189 0.86659491144453782 0.83303150540923221
v 0.95648123238216842 0.88901395057962007 0.85263056189622655
v 0.95635620600423832 0.91138516571416528 0.87264730970059556
v 0.95617006053892217 0.93368874416168512 0.89304162286550548
v 0.9559026960289756 0.95590389540928589 0.91376942947461848
v 0.95553585009325237 0.97801206382786032 0.93478877420951334
v 0.98150835750557752 -0.9820812522507737 0.96399871526470682
v 0.98297248157552664 -0.96319720344534132 0.94709656241259532
v 0.98215247795400162 -0.94437555587036903 0.92833857631897732
v 0.97664474375306853 -0.92462894693521969 0.90445409966156032
v 0.97261676430549793 -0.90215298844055891 0.88003257059601814
v 0.97042328515847476 -0.87901472123604107 0.85730842310611832
v 0.96949682126626935 -0.85603728753764552 0.83648085884063372
v 0.96918284225954177 -0.83332638929277369 0.81699445455583131
v 0.9691005225237932 -0.81076813366795297 0.79837111475083389
v 0.96908831052676569 -0.78826704385194546 0.78036934881574105
v 0.96909360714209614 -0.76578159173046811 0.76290274740795305
v 0.96910268727878535 -0.74329929312825582 0.74594773592566566
v 0.96911249844641001 -0.72081721761246709 0.72949904489703765
v 0.96912241266179411 -0.69833476574302944 0.71355563487986473
v 0.96913229595076411 -0.6758518171159722 0.6981173206168968
v 0.96914211058600708 -0.65336834262516807 0.68318408017376797
v 0.96915183771073077 -0.63088432818338858 0.66875592191692235
v 0.969161463939054 -0.60839975522008471 0.65483285804535374
v 0.96917098284938041 -0.58591458324202972 0.64141489634809634
v 0.96918040568470554 -0.56342871138087769 0.62850203140457539
v 0.96918972352864374 -0.54094177944179389 0.61609410751970495
v 0.96919863560850783 -0.51845213688611413 0.60419005243773138
v 0.96866705532867958 -0.49444063077468753 0.5915171255648769
v 0.97288341335275519 -0.47190960846073132 0.5847049314768592
v 0.96972354255214865 -0.45053911383408968 0.57179437444053849
v 0.96939189109251978 -0.42777163132010626 0.56147572169508209
v 0.97019669852307211 -0.40446497461446573 0.55255539820229027
v 0.97397905888632275 -0.38240440573413748 0.54753079768557178
v 0.97046276816560217 -0.36016431028547019 0.53587551865074334
v 0.97035731197139219 -0.33568144502717268 0.52725468047615032
v 0.97441398749369568 -0.31286806614501095 0.52377627586291042
v 0.9717428861914853 -0.28942582411722989 0.51413349424528454
v 0.9721286928208599 -0.2639054719192514 0.50743278662673685
v 0.97423270888895064 -0.23832266822174256 0.50301892920265123
v 0.97949300799283712 -0.21634421557432179 0.50315388742863187
v 0.98097931437224328 -0.19523117828484027 0.50028914755406173
v 0.98055281852915122 -0.17388487719061496 0.49593507635901374
v 0.97519747153385117 -0.14862338868465 0.48659843320555118
v 0.97737728721455752 -0.124008995632687 0.48532853978991702
v 0.97821163951618495 -0.10121935853385698 0.48358020323013418
v 0.97856737387771497 -0.078697015868454998 0.48190530835861689
v 0.97872652802763238 -0.056206918354185065 0.48054546924801811
v 0.97879852260026845 -0.033714415113749174 0.47960514591412667
v 0.97883041885138011 -0.011216943883885827 0.47913140265673632
v 0.97884376095052239 0.011283756094037258 0.47914566902527839
v 0.97884848165507088 0.033786121694687928 0.47965776639891733
v 0.97884906521382697 0.056289217576385227 0.48067217787406674
v 0.97884750784509889 0.078792538108889393 0.48219088102213653
v 0.97884467658850915 0.10129581630019778 0.48421471828662788
v 0.97884094083026918 0.12379890548934282 0.48674403227437019
v 0.9788364581851734 0.14630171642480971 0.48977895204792204
v 0.97883129971114025 0.16880418648950354 0.49331951785111777
v 0.97882550283019198 0.19130626556388222 0.49736573356891839
v 0.97881909288400559 0.21380790989227288 0.50191758806663012
v 0.97881209157343463 0.23630907958102029 0.50697506363120526
v 0.97880452010447572 0.25880973765992021 0.51253813926269953
v 0.97879640026752612 0.28130984978053525 0.51860679198174753
v 0.97878775473396107 0.30380938415588077 0.52518099739841406
v 0.97877860706449826 0.32630831157975776 0.53226073001478391
v 0.97876898161446879 0.34880660546228021 0.53984596343404789
v 0.97875890340391536 0.37130424185785332 0.54793667053671613
v 0.97874839797734958 0.39380119947739073 0.55653282364400469
v 0.97873749126255327 0.41629745968250931 0.56563439467422849
v 0.97872620943234268 0.43879300646169844 0.57524135529323994
v 0.9787145787712368 0.46128782638929217 0.58535367705838925
v 0.97870262554809995 0.48378190856824543 0.59597133155485016
v 0.97869037589509988 0.50627524455724537 0.60709429052238162
v 0.97867785569192522 0.52876782828088509 0.61872252596832455
v 0.97866509045052719 0.55125965591625636 0.63085601025575933
v 0.97865210518540258 0.57375072573436769 0.64349471613568066
v 0.97863892422620924 0.59624103783481419 0.65663861663600398
v 0.97862557085422142 0.61873059360933069 0.67028768457002486
v 0.97861206645167487 0.64121939451700705 0.68444189104233155
v 0.97859842838543765 0.6637074391633031 0.69910120139462006
v 0.97858466477750272 0.6861947163778932 0.71426556489213688
v 0.97857076204587323 0.70868118934527169 0.72993488989445099
v 0.97855665671243608 0.73116676095955258 0.7461089874066672
v 0.97854217548395639 0.75365120266350361 0.76278745068929055
v 0.97852691697784133 0.77613401858690267 0.7799694166856278
v 0.97851003783090718 0.7986142078979388 0.79765313224361278
v 0.97848990837846483 0.82108989482052486 0.81583524930035511
v 0.97846364400433716 0.84355784246143706 0.83450984803069417
v 0.97842661332331593 0.86601296573220143 0.85366737074373855
v 0.97837213998291506 0.88844807161791028 0.87329388590654111
v 0.97829166229866982 0.91085409045443599 0.8933712222269482
v 0.97817551207009656 0.93322094150840307 0.91387834481123809
v 0.97801422920086833 0.95553891825013437 0.93479387998835117
v 0.97780005666433545 0.9778002072072659 0.95609913731124641
v -0.96358329222535288 0.20843433871196992 0.48607225467862974
v -0.96507596065393475 0.23044345940724231 0.49234702191517588
v -0.9660212059987513 0.25162705233505184 0.49837294270754628
v -0.96365086559587187 0.27327814539750378 0.50176819136976036
v -0.96609980717192578 0.29645059976669841 0.51073281302285822
v -0.96379502894224733 0.31831597038162812 0.51522920713482878
v -0.96609751725006465 0.34156852134795662 0.52512288208951374
v -0.96372125739102366 0.36349612885645605 0.5305592070513927
v -0.96600481978489483 0.38670130978014167 0.54146686706581149
v -0.96362655575549705 0.40859824576229503 0.54787860587993531
v -0.9659335210119897 0.43174971764137632 0.55983243465331445
v -0.96357014644105865 0.45362074855160206 0.56723340054331095
v -0.9658950605205695 0.47674843094165853 0.5802356303603533
v -0.96353956225329507 0.49861030369746434 0.58862388066733884
v -0.96587093487211062 0.52173017888260476 0.60266879028614051
v -0.9635169532736404 0.54359002992716576 0.61204082416428429
v -0.9658499425563235 0.56670664172575358 0.62712536497988924
v -0.96349536539266434 0.58856610847578184 0.63747979759391127
v -0.96582891303429497 0.61168033360919272 0.65360310360942731
v -0.96347336839346587 0.63353959821313655 0.66493959338187858
v -0.96580739746744748 0.65665162452522063 0.68210143997159844
v -0.96345087314414757 0.6785106705344025 0.69441989189483844
v -0.96578537336485115 0.70162078305380915 0.71262021570830558
v -0.96342755461468566 0.72348050447520063 0.72592090096093265
v -0.96576186374115913 0.7465915873937905 0.74516100106374916
v -0.96340158993255498 0.76846034272618102 0.7594492821010761
v -0.96573723247980303 0.7915837078825263 0.77973984061463852
v -0.96338237777987046 0.81347908730072493 0.79503884748771281
v -0.96573360950389786 0.83660992176713644 0.81639161619760059
v -0.96340596933047962 0.8584984067979623 0.83269694645081538
v -0.96579212247858526 0.881565131023888 0.85506855763400091
v -0.9635686776511595 0.90332751138641187 0.87234522658922198
v -0.96652771869976317 0.92610431140528671 0.89603742249258556
v -0.96700454174199091 0.9456326126879232 0.91478376151345941
v -0.96517046428796271 0.9639965643706544 0.93054468341788354
v -0.94584520473885536 0.21682804750177329 0.47091183880581228
v -0.9370796009797272 0.25016812985839765 0.47045023294876703
v -0.94466226172711187 0.26772072109737649 0.48215459272009659
v -0.93913118249572691 0.29557443476015949 0.48477514990191439
v -0.94493497408768456 0.31281334780705561 0.49550116513252274
v -0.93915879226885424 0.34121032337834128 0.49932870779221378
v -0.94487250268538758 0.35828748426252705 0.51070187921419441
v -0.93901740679645185 0.38660057768978084 0.51571108209816319
v -0.94473684956188309 0.40353209663318301 0.52780829755553038
v -0.93889870538219833 0.43174106898534614 0.5340683015712353
v -0.94464828796902833 0.44860651639247862 0.54692965524727688
v -0.93883791682177209 0.4767688851967663 0.55446463313029681
v -0.94460334848116989 0.49361373368572847 0.56809064693328348
v -0.93880449807277055 0.52176264048569843 0.57689668952663575
v -0.94457432704422606 0.53860194068416389 0.59128205524370436
v -0.93877765029702709 0.56674743269754657 0.60135434782535746
v -0.94454820243812165 0.58358445621975186 0.61649680909132798
v -0.93875121153840813 0.61172843114061737 0.62783372017711736
v -0.94452186164432539 0.62856369030712278 0.6437327193717558
v -0.93872422611762962 0.6567063647522956 0.65633386811093919
v -0.94449494828465919 0.67354001559220733 0.67298925850757463
v -0.93869639413729378 0.70168205969115449 0.68685467086809726
v -0.94446665829398047 0.71851570622163896 0.7042669107491798
v -0.93866374156870469 0.74666837876127157 0.71940161454505058
v -0.94443215851125306 0.7635138027787437 0.73757863293107995
v -0.93862572614044826 0.7917313420544364 0.75402754571709751
v -0.94440863184861212 0.80859901684107771 0.77299601459637046
v -0.93867107411625539 0.83688627428341245 0.79083928197496267
v -0.94448314048363702 0.85368012047951258 0.81053507046826079
v -0.93878482881319347 0.88174531137191092 0.82949518138508271
v -0.94454022579741881 0.89840900413983293 0.84977336668818504
v -0.9382447039811006 0.92547830290701827 0.86850878191871328
v -0.94145160113374149 0.93877613706349283 0.88392659648561089
v -0.94713931597350232 0.9651867579001745 0.91444930831786886
v -0.91870281411543853 0.24759118288806264 0.45278079453469222
v -0.91569181958512103 0.26832006236829042 0.45535292924515613
v -0.92309165526545001 0.28850798391600269 0.46778568045813468
v -0.91792141377007141 0.31723353764794004 0.47172534446567954
v -0.9233484984802387 0.33482711292785078 0.4824625342035278
v -0.91798280772046459 0.36332011213976079 0.48746044819063111
v -0.92327281994771127 0.3805582734107642 0.49875197264478843
v -0.91783415945981739 0.40879637607182273 0.50487782914680812
v -0.92312769759245417 0.4258459289605358 0.51687878661460196
v -0.917714011735558 0.45394681795823744 0.52424283923462034
v -0.9230379824535857 0.47092440903330246 0.53700879142946012
v -0.91765234103919513 0.49897579807298642 0.54564019822722643
v -0.922991661792681 0.51593299539568438 0.55917470406677416
v -0.91761702641976961 0.54397061757465703 0.56907101844343055
v -0.92296020871158924 0.56092292820522549 0.58336960405131078
v -0.91758793337140665 0.58895641366217577 0.59452682996756412
v -0.92293134389675535 0.60590705894311736 0.60958746030035882
v -0.9175592407341443 0.63393819244526239 0.62200420275533053
v -0.92290224931654186 0.6508876476516513 0.63782636695997308
v -0.91752990990858219 0.67891694788616253 0.65150230832280542
v -0.92287207140263572 0.6958661517248419 0.66808607528268082
v -0.91749615322265232 0.72390138779476321 0.6830235110589431
v -0.9228336044695169 0.74086252909285533 0.70037446551066362
v -0.91743885230955502 0.76896854522802494 0.71660981945147573
v -0.92277638957595642 0.78598746042588707 0.73477136341100957
v -0.91742148115125055 0.81431454451935614 0.75248953045346045
v -0.92285863194836826 0.83132087077154526 0.77150631875528208
v -0.91782576146888495 0.85945589250258725 0.79063906881548074
v -0.92318912335825698 0.87609410635942253 0.81003402456958351
v -0.91792908289477104 0.90349347469223817 0.82955687246241328
v -0.92323382906834328 0.91975405339242289 0.84927730920321576
v -0.92001045159431172 0.94666890112969282 0.87142191397309299
v -0.928438119518598 0.96361820086365668 0.89537622846321874
v -0.89529523352147067 0.26865151172344393 0.43698291777731946
v -0.8932627152950916 0.2898447094892429 0.44107198468112102
v -0.90118697930891045 0.31024988114250568 0.45431056640406092
v -0.89601982345141507 0.33939613961425036 0.45914011308472713
v -0.90161848307587944 0.35703738421265202 0.47031512053249519
v -0.89612061561806278 0.38565625445859003 0.4759972994814165
v -0.90155288360757069 0.40287070881245574 0.48767255173854462
v -0.89597338133912519 0.43116031816484041 0.49444699800127018
v -0.90140729328774916 0.44817204844852682 0.50681888911570883
v -0.89585267241595834 0.47631299552652789 0.51482502270922681
v -0.90131663844148635 0.49325159428522064 0.52795703937941008
v -0.89578973992209354 0.52134194341682683 0.53722975187397992
v -0.9012687403337013 0.53826042504784233 0.55112763123094755
v -0.89575292761417391 0.56633656557946654 0.56166627464228547
v -0.90123553248689736 0.58325047146948117 0.57632624331113091
v -0.89572237261097909 0.61132200279880611 0.5881273625099398
v -0.90120495881115703 0.62823453094384885 0.60354755825774287
v -0.89569227161294396 0.65630332819260628 0.61660986668531703
v -0.9011740211004603 0.67321524108440556 0.63278985199166815
v -0.89565962817613121 0.70128500823078521 0.64711365080564653
v -0.90113681158913594 0.71820401949250523 0.66405557297613416
v -0.89560025608054006 0.74632066403036879 0.67965678624009984
v -0.90105770073825275 0.76330226439250815 0.69739125531622514
v -0.89545503799606585 0.79169489890045586 0.7144172567455912
v -0.90095876599588309 0.80886018903506107 0.73311482202087608
v -0.89575643981081554 0.83778441438562723 0.7522325469759813
v -0.9017706992917951 0.8543856261974383 0.77170455176834418
v -0.8968973088022415 0.88148284794509302 0.79082979031773715
v -0.90205445134104256 0.89788251594760515 0.81006832560221831
v -0.89704231464172091 0.92532876355701377 0.83057576021817181
v -0.90340691934559569 0.94183445316722703 0.85171211180644235
v -0.89967897047810885 0.96757855146097749 0.87294034878000959
v -0.87272607951851722 0.29070691561312528 0.42319912217476563
v -0.87091928596555546 0.31206185467409103 0.42804946661036747
v -0.87903216630062397 0.33251487847468497 0.44174422724231033
v -0.87385659230377599 0.36181356410662957 0.44738763973595425
v -0.8795369538075436 0.3794562953408987 0.45890421449735225
v -0.87397323331364329 0.40812366238251041 0.46531377350547592
v -0.87947721430112002 0.42531840600160892 0.47730812659712368
v -0.87382669352037301 0.45363315553925609 0.48479219039744748
v -0.87933132265643899 0.47062207679659962 0.49747549109287836
v -0.87370505852342228 0.49878547554069746 0.50618664795947088
v -0.87923951018099289 0.51570120236459049 0.51962648682705292
v -0.87364092711983554 0.54381369531603962 0.52960325999949753
v -0.87919029730787879 0.56070941589677825 0.54380708807624778
v -0.87360295840923385 0.58880746548252827 0.55505020673274108
v -0.87915584203752162 0.60569870314926377 0.57001487473296764
v -0.87357135324734081 0.63379192504457826 0.58252130900962229
v -0.87912408119443042 0.65068194009068314 0.5982451137987429
v -0.8735396528571947 0.67877313601588929 0.6120137377173962
v -0.87908966354570772 0.69566544292780252 0.62849669971088473
v -0.87349195491053466 0.7237754114075593 0.64353060148546759
v -0.87902011968437488 0.74070545387641662 0.66078291969688185
v -0.87332487345471532 0.76898258119683993 0.67712458691148969
v -0.87878237885409183 0.7861166095343054 0.69524223600603818
v -0.87280470134891885 0.81520966942584983 0.71327784351029422
v -0.87852057089642621 0.83320020414738816 0.73313298165353991
v -0.87819086424712545 0.86147787516385288 0.75677784714200813
v -0.88148259718425437 0.87575361906083593 0.7720911265210727
v -0.87488195015228698 0.90291253334576871 0.79045167723507759
v -0.88055383195926673 0.9198244244602658 0.81084248847017415
v -0.87625490371029024 0.947923485573411 0.83330861251150812
v -0.88358363488570379 0.96495326322917507 0.85602700039548807
v -0.85028275220704375 0.31308981210901515 0.41062143008510416
v -0.84853139659785304 0.33450687989857325 0.41605854512272039
v -0.8567222849052768 0.35497410520321165 0.43010172790279499
v -0.8515224868677056 0.38431723045157018 0.43651584907456287
v -0.85724928553111568 0.40195681699415431 0.44834033695009939
v -0.85164370676029444 0.43063620876664421 0.45548916684451746
v -0.85719131222567002 0.44782326861706739 0.46778094586178415
v -0.85149695430148464 0.47614499251691234 0.47599487197619755
v -0.85704473812682813 0.49312605270105836 0.48897010870688173
v -0.85137437068702981 0.52129614199635566 0.49840710120693721
v -0.85695185257422657 0.53820412053996336 0.51213613606347586
v -0.85130922686933663 0.56632323112525829 0.52283726663951424
v -0.85690158533243299 0.58321123660098018 0.537329115790672
v -0.85127034349112896 0.61131578251399932 0.54929633305596226
v -0.8568661843103027 0.62819932443280635 0.56454845393864339
v -0.85123781980305646 0.65629908700115613 0.57777913145408943
v -0.8568329283156515 0.6731821456916951 0.59378999938400701
v -0.85120037564871909 0.7012850748501156 0.6082830935375424
v -0.8567831735254422 0.71818238208970586 0.6250534319036809
v -0.85109190032343351 0.74634829906750433 0.64080741352231096
v -0.85659383569979464 0.76334823058199075 0.65834922309754063
v -0.85057709197691445 0.79179737309905007 0.67531890980165776
v -0.85576437756317703 0.80924247000067684 0.69372755934877761
v -0.84757066171873685 0.83816791172801119 0.71053425356725386
v -0.85283583498557014 0.8787924259716744 0.74992533883824763
v -0.85816817688592684 0.89684035168063081 0.77050282191926533
v -0.85274453787710769 0.92545612062377525 0.7919382429633971
v -0.85913216540003212 0.94237807357733916 0.81320394455624345
v -0.85485130202262927 0.96795697353364485 0.8339801644120165
v -0.82782869687467797 0.33558586155698733 0.39907764776843646
v -0.82608792128631425 0.3570215671987268 0.40505144211256655
v -0.83431137867639904 0.37749109262791075 0.41939941752996113
v -0.82909434388054892 0.40684086003885228 0.42657915217292997
v -0.83484440741029364 0.4244788538125373 0.43869116914508205
v -0.82921695102500581 0.45315776176028649 0.44659316643319125
v -0.83478685173722866 0.47034328898494665 0.45916543615289968
v -0.82906983060945882 0.4986644021125291 0.46812570421241761
v -0.83463960032414375 0.51564432090131085 0.48137662637353579
v -0.82894642938822671 0.54381403783410465 0.49155595929531071
v -0.83454581279937101 0.56072098795596093 0.50555827793216557
v -0.8288804452719355 0.58883973625558872 0.51699998888421039
v -0.83449469538287047 0.60572671090357266 0.53176425153315932
v -0.82884081581622082 0.63383084929656242 0.54447147656352701
v -0.83445845517243744 0.65071345505187883 0.55999573800574065
v -0.82880655115502777 0.67881380897273935 0.57396612622414356
v -0.83442023914188446 0.69569913265729844 0.5902486439832626
v -0.82874740512113476 0.72381469650233066 0.60547644507070686
v -0.83431836523380598 0.74073493111545829 0.62250949864941896
v -0.82848825266836434 0.76892255565996448 0.63892727419870621
v -0.83384469040717568 0.78594974273497042 0.65663022702443186
v -0.82741616514263883 0.81389876164273889 0.67363036589270175
v -0.83192007100362075 0.83036887201228748 0.69092727922014541
v -0.82786407513784954 0.85609294931962809 0.70924447772450971
v -0.83499855394586797 0.87300211712484399 0.72979184110190043
v -0.8295809812942051 0.90271808671477405 0.75166937510577292
v -0.83570324585175215 0.91985651123733359 0.77238409243652317
v -0.83136453267692501 0.94815656136646986 0.79520076568437781
v -0.83869926370918679 0.96519457368260619 0.81760795578277634
v -0.80534912111033907 0.35811443530442588 0.38853516977932812
v -0.80360920137479852 0.3795520493397036 0.39503247869103048
v -0.81184639785653112 0.40001917794723035 0.40966710814386786
v -0.80662139508710573 0.42936501683295025 0.41761676387415875
v -0.81238184039220784 0.44700217384985724 0.4300051220980633
v -0.80674495504861843 0.47567738727044101 0.43866983279490668
v -0.81232457468576014 0.49286314949665894 0.45151217876723493
v -0.80659758687315353 0.52118147877394061 0.46122892447717223
v -0.812176791012439 0.53816210311344659 0.47474528232651853
v -0.80647351829894465 0.56632938377674558 0.48567706893904239
v -0.8120822651484364 0.58323714080965317 0.49994251265474754
v -0.80640684375992544 0.61135350298616942 0.5121348302190547
v -0.81203045424673947 0.62824127777363359 0.5271614290161466
v -0.80636647981616161 0.65634314158450591 0.54061857082706521
v -0.81199281853130245 0.67322711049103534 0.55640484170820781
v -0.80632674317991859 0.70132769811983275 0.57112334408813992
v -0.81193893966679997 0.71821963491258389 0.5876636492673819
v -0.80622003549106069 0.74633537288402696 0.603614691042481
v -0.81173947894403153 0.7632538195380999 0.62086083788889468
v -0.80582149053433405 0.79129331457643759 0.63785651573730839
v -0.8110875154178423 0.80807275101708176 0.65554588906892974
v -0.80534564806936348 0.83551273955763261 0.67344297633569628
v -0.81115858088640602 0.85182175296905505 0.69191093591753294
v -0.80639620328120187 0.88027334539245272 0.71269340163367623
v -0.81246196296726347 0.89728836550263802 0.73272938026423529
v -0.80760135865576144 0.92572854545927441 0.75471233821839467
v -0.81411711815326193 0.94258208564607349 0.77573616530944933
v -0.809871793714809 0.9680697039195606 0.79664991389026807
v -0.78285278220763188 0.38064981254773816 0.37899497107978819
v -0.78111293297735707 0.40208422344304773 0.38601330947613433
v -0.78935648869136321 0.42254695451185664 0.40092724715393158
v -0.78412943783954825 0.45188684015154418 0.40965074468878709
v -0.78989410057900478 0.46952289076767334 0.4223099119172784
v -0.78425415404725352 0.49819410421736221 0.43174239260567854
v -0.78983730963347043 0.51538000857752453 0.44484941221220886
v -0.78410671307819679 0.54369543773518803 0.45532782887033069
v -0.78968915957009955 0.56067668172114549 0.46910424160848602
v -0.78398212313678972 0.58884144407034755 0.48079369149094409
v -0.78959404487484419 0.60574991760332619 0.49531687963285759
v -0.7839148858846986 0.63386384570902377 0.50826501023550652
v -0.7895415988786505 0.65075238809847713 0.52354854038357934
v -0.78387329282823603 0.67885220846280792 0.53776056148356333
v -0.78950041952754135 0.69573797779857061 0.55380252179637612
v -0.78382201820002106 0.72383667659030104 0.56926964818135162
v -0.78941934982434714 0.74072793290360128 0.58605206757750739
v -0.78367624918718415 0.76880663905266555 0.60271693119339598
v -0.78917333339275697 0.78566130257830835 0.62015146851404324
v -0.78341192787870739 0.81357928107127397 0.63793363764538191
v -0.78892876603024442 0.83024690860323247 0.65598186497024502
v -0.78359056188710607 0.85824450177401379 0.67541156552911252
v -0.78944479650589539 0.8750410946788848 0.69458103288632067
v -0.78431857302957364 0.9033595978083423 0.71572087443121335
v -0.79052934203246861 0.92022790537098054 0.7359955882160959
v -0.78633382492074422 0.94831105675978966 0.75892351844368433
v -0.79370446369763559 0.96529752492403065 0.78098296485352858
v -0.76034759876609592 0.40318589465373611 0.37046222373475363
v -0.75860851982776334 0.4246158479513914 0.37800145938255636
v -0.76685590536833659 0.44507328741465407 0.39319187507705361
v -0.76162967989804031 0.47440710029564676 0.40269114551799867
v -0.76739607676157118 0.49204159665279956 0.41561872857636561
v -0.76175584909326899 0.5207090261493913 0.42582112760611934
v -0.76733999653870688 0.53789465266357595 0.43919045767340614
v -0.7616085182072122 0.56620743992444844 0.45043275594670418
v -0.7671916461113808 0.58318888497559629 0.46446686048897057
v -0.76148355048332095 0.61135140657279197 0.47691621102309006
v -0.76709608015356423 0.62826018297632713 0.4916947644291611
v -0.76141581968441063 0.65637200356097847 0.50540093714326784
v -0.76704280232713118 0.67326099068690315 0.52093886251128141
v -0.76137197379938382 0.70135884182087849 0.53590724335329865
v -0.7669955566647535 0.71824469216806552 0.55220033777608757
v -0.76131057131075597 0.74633466581232721 0.56841578141071891
v -0.76690018193556619 0.76321111541702413 0.58543537073322516
v -0.76119170466389874 0.79125819936335451 0.60286211067537099
v -0.76674920022922022 0.80807440040507517 0.620566458475314
v -0.76114480268570572 0.83609158579898768 0.63930659385507183
v -0.76681565201516755 0.8528848255585989 0.65783124429669959
v -0.76142220251981674 0.88103350867226393 0.67810400036015495
v -0.76735565331962963 0.89788569265756801 0.69763698341273617
v -0.76255543176318397 0.92596322006471166 0.71956382439882016
v -0.76909014412721743 0.9427389198554138 0.74024109545473971
v -0.76489013228875935 0.96813160689753486 0.7612920590588691
v -0.73783752279622383 0.42572176650150961 0.36294011150273003
v -0.73609981073499287 0.44714696926796338 0.37100031547169521
v -0.74435038819574384 0.46759871771810857 0.38646612638455863
v -0.73912623581621606 0.49692652003628862 0.39674179543574789
v -0.74489356088000747 0.51455916579316097 0.40993687682948682
v -0.73925415951639672 0.54322294218347944 0.42090990304344633
v -0.74483843329659682 0.56040800178765793 0.43454065965651906
v -0.73910712483310048 0.58871829627430794 0.44654759833696867
v -0.74469004935822103 0.60569965554435123 0.46083851716656266
v -0.73898192112232819 0.63386010170311691 0.47404854836016797
v -0.74459414372925625 0.65076890862936088 0.48908156881838311
v -0.7389136772673176 0.6788787916261485 0.50354648245825739
v -0.7445396884875648 0.6957677937993737 0.51933756045460167
v -0.73886762143247975 0.72386276172855168 0.53506258036866772
v -0.74448851252667669 0.7407457482099894 0.55160535886468587
v -0.73880984603217859 0.76882729860298482 0.5685786954599521
v -0.74441245511355447 0.7856927715792984 0.58585339329327712
v -0.73875040070464915 0.81375465440733374 0.60408530225745538
v -0.74437090454640498 0.83059544519686246 0.62211037689333659
v -0.7388001272164556 0.85868362075561988 0.64169271027149
v -0.74454904614685591 0.87553400565400685 0.66057797807306495
v -0.73932436691108139 0.90361580141050357 0.68167350552688766
v -0.74551621574058802 0.92042876982887911 0.70160982369288893
v -0.74134590880256768 0.94839241812503561 0.72463673604457124
v -0.7487251307149515 0.96535460231275139 0.74634964574187901
v -0.71532407668758691 0.44825734230650643 0.35643000623957305
v -0.71358812716014242 0.46967767412451072 0.36501112462840452
v -0.72184191218482407 0.49012355295592325 0.38075184511806004
v -0.71662042582478025 0.51944533468649323 0.39180395729130812
v -0.72238851152923678 0.53707597664732176 0.40526619541824155
v -0.71675040491623576 0.56573611514121802 0.41700997585927269
v -0.72233458067183065 0.58292045772528234 0.43090186212086279
v -0.71660385580731956 0.61122828640809845 0.44367361534601868
v -0.72218633131272281 0.62820941251439399 0.45822106490708359
v -0.71647855141306138 0.65636782308758856 0.47219196207889536
v -0.72209016862203979 0.67327650839390585 0.48747912577889108
v -0.71640985746271502 0.70138438085370114 0.50270288620860337
v -0.72203481309322137 0.71827284712207973 0.51874667751374259
v -0.71636386973347721 0.74636477861501216 0.53522980830532352
v -0.72198648607577298 0.76324511929210193 0.55202556326769403
v -0.71631908303644909 0.79132689262287903 0.56976644843026769
v -0.72194010160566158 0.80819611429515126 0.58731113737522767
v -0.71629869039987415 0.83627732171525304 0.60633250616517353
v -0.72196171979154911 0.85314140542659855 0.62466133344756669
v -0.7164760341090326 0.88121962195168224 0.64505417319449931
v -0.72238361475410939 0.89806601097304539 0.66430085440821751
v -0.71757371335000408 0.92605038560709074 0.68635470084612693
v -0.72410787615576577 0.94280927798662617 0.7067239773780154
v -0.71992185361346972 0.96816414426087405 0.72793880044881365
v -0.69280778686765765 0.47079250506690562 0.35093242669812247
v -0.69107390170044614 0.49220786990333304 0.36003431487495435
v -0.69933110449750768 0.51264779624621437 0.37604962914395279
v -0.69411266259475124 0.54196350865354803 0.38787801807420713
v -0.69988154559163474 0.55959206726264277 0.40160725513109469
v -0.6942449977609374 0.58824853375312547 0.41412171592656449
v -0.69982905709987653 0.60543207913038832 0.42827462560002089
v -0.69409912565513121 0.6337374153900196 0.44181116698256173
v -0.69968110960864549 0.65071822925064227 0.45661505645907352
v -0.69397385784753685 0.67887457818243657 0.47134679902751164
v -0.69958482302967739 0.69578302093615152 0.48688798926946653
v -0.69390507828329029 0.72388881250132131 0.50287071051315768
v -0.69952969877414284 0.74077663435957786 0.51916763389267517
v -0.69386126048215635 0.76886679839785999 0.53641059200156382
v -0.69948762275408538 0.78574730525395386 0.55346274638166593
v -0.69382719928459724 0.81383186470181612 0.5719698364678254
v -0.69946300487445123 0.83070752007180959 0.58978368742458787
v -0.69385595364649266 0.85878744540251206 0.60958659675848237
v -0.69959573500197814 0.87565267545529024 0.62822246417769723
v -0.6943510041520542 0.90368877172366247 0.64950042868116553
v -0.70053858685193671 0.92049662763188955 0.66915241897569966
v -0.69637256222004484 0.94843030709016352 0.69234298373138115
v -0.70375610641581243 0.96538512116247821 0.71372098378740823
v -0.67028887087181865 0.49332706097024381 0.34644758757921812
v -0.66855732139036217 0.51473737595885827 0.35607005597779318
v -0.67681819829710854 0.53517131340807056 0.37235968056884694
v -0.67160311816573748 0.56448090929789729 0.38496410773648293
v -0.67737288980478194 0.58210733701284423 0.39896023068463299
v -0.6717381082550552 0.6107600908329297 0.41224523350903358
v -0.67732208908803548 0.62794278653758751 0.4266591091823565
v -0.67159310494170288 0.65624559251533543 0.44096034957112168
v -0.67717461303504045 0.67322603777355505 0.45602063821713168
v -0.67146803834095636 0.70138028552267362 0.47151315998672133
v -0.67707845047388648 0.71828841759722795 0.48730838936553011
v -0.67139961377254576 0.74639224201019561 0.50405024202919868
v -0.67702440314331924 0.76327980001920559 0.52060089161741652
v -0.67135804736708249 0.79136884746870084 0.53860369810254094
v -0.67698773722472338 0.80825051194992525 0.55591261171002948
v -0.67133785244622313 0.83633373646056552 0.57518471410075955
v -0.67700163714752593 0.8532096788708522 0.59327092668226655
v -0.67150401703708817 0.88127273661017691 0.61389051742531231
v -0.67740894038283661 0.89812092460328441 0.63287270859989042
v -0.67259785708309505 0.92608836547950091 0.65512756572315678
v -0.67913315369850724 0.94284429621200638 0.67520199460055408
v -0.67495538948459277 0.96818635228718908 0.69659892946015278
v -0.64776747931556322 0.51586078484072739 0.34297560678763739
v -0.64603852753480651 0.53726598520693958 0.35311844059319752
v -0.65430333844481847 0.5576939282375547 0.36968208732600327
v -0.64909191837696356 0.58699737940549934 0.38306228437704026
v -0.65486268118350677 0.60462164519781114 0.39732518458400989
v -0.64922985772949648 0.63327065604066557 0.411380567517528
v -0.65481381116521453 0.65045246131275714 0.42605535898640201
v -0.64908591518412073 0.67875270464381576 0.44112118886231627
v -0.65466698554300196 0.69573273528551216 0.45643785035708018
v -0.64896123305656017 0.72388486463774948 0.47269108370339413
v -0.65457120069871433 0.74079268975403856 0.4887404112639801
v -0.64889335295477302 0.76889464559749165 0.5062413689065216
v -0.65451831988254283 0.7857821423502388 0.52304586719803992
v -0.64885476904848871 0.81386944211830481 0.5418083200255519
v -0.6544917029955134 0.83075084606501293 0.55937523583474502
v -0.64888046565840185 0.85882715024713663 0.57942530084589106
v -0.65461954574229431 0.87569518879794772 0.5978060971792799
v -0.64937321295263006 0.90372405077715445 0.6193131885866453
v -0.65556078824493103 0.9205315476461754 0.6386875424368289
v -0.65139881774073538 0.94845774489807222 0.66206170913213791
v -0.65878714729832433 0.96540809850088583 0.68310728951896615
v -0.62524376360582423 0.5383934443614683 0.34051656509577333
v -0.62351766611632697 0.55979348681221552 0.35117953089737819
v -0.63178666247844761 0.58021545715121103 0.36801689956929523
v -0.62657918973350146 0.60951276014922828 0.38217258009202915
v -0.63235104605731984 0.62713484539346587 0.39670214404629672
v -0.62672036531738873 0.65578009856634634 0.41152773255161545
v -0.63230434531758761 0.67296098010567595 0.42646338730301303
v -0.62657767461246583 0.70125864053775522 0.44229368877109754
v -0.63215835214341032 0.71823822191239095 0.45786670105993382
v -0.62645354000733267 0.74638823007630795 0.47488055887700775
v -0.6320631017230125 0.7632957521002518 0.49118399074589292
v -0.62638640121125777 0.79139577149891338 0.50944394395595749
v -0.63201236335216848 0.80828293300923593 0.52650254433409827
v -0.62635949810555358 0.83636692117358014 0.54602806229103373
v -0.63202250219612788 0.85324501612156345 0.5638618154263042
v -0.62652410530878 0.88130557902053863 0.58472660906697882
v -0.63242873718310744 0.8981543113892233 0.60344445438857175
v -0.62761934562786537 0.92611816821873694 0.62591405255266042
v -0.63415653451954579 0.94287244065605291 0.64569505547153994
v -0.62998726132097027 0.96820652093976411 0.66727802319109586
v -0.60271789057131697 0.56092480953631652 0.33907051944481226
v -0.60099489732974654 0.58231967400073936 0.35025336798916595
v -0.6092683177879743 0.60273572005141174 0.36736414668048101
v -0.60406506807940752 0.63202689795453382 0.38229501030110208
v -0.60983811689783907 0.64964679571304795 0.39709111845496381
v -0.60420975670919053 0.67828829368598387 0.41268672882559321
v -0.60979381740804761 0.69546822532388541 0.42788319073352815
v -0.60406850363569831 0.72376329603517464 0.44447783899627841
v -0.60964882761416395 0.74074240013230563 0.46030717382790493
v -0.60394506396204573 0.76889028007463645 0.4780815493515076
v -0.60955434659708252 0.78579744121238992 0.4946390920968019
v -0.60388039875384625 0.81389519955813494 0.51365858290361255
v -0.60951280662436169 0.83078109245782117 0.53097371841483298
v -0.60389938142601984 0.85885807039750728 0.55127590143948879
v -0.6096374601221114 0.87572714260006779 0.56939975473760118
v -0.60439173612333053 0.90375445926049169 0.59114233477381994
v -0.6105797409582151 0.92056166722129906 0.61023927312539106
v -0.60642243715526312 0.94848350441669271 0.63379988789135078
v -0.61381608938990639 0.96542964769832385 0.65451314847757369
v -0.58019004378055306 0.5834546571237782 0.33863750483338528
v -0.5784703959094788 0.60484434764812378 0.35033997311778203
v -0.58674846362305921 0.62525454435302685 0.36772384026044735
v -0.58154969889714647 0.65453964726644065 0.38342957526642607
v -0.58732403437655811 0.67215736228200307 0.3984921027244801
v -0.58169816437219823 0.70079512513097442 0.41485754389436313
v -0.58728235832679088 0.71797408780620764 0.43031475299590283
v -0.58155852600420532 0.74626657427342291 0.44767361641579956
v -0.58713853768671698 0.76324517286375648 0.46375923981638439
v -0.58143610789136735 0.79139088518727418 0.48229409443731425
v -0.5870462190874024 0.80829745732309854 0.49910617453136141
v -0.58138317974017839 0.83639176686722083 0.51888871763982602
v -0.58704150656637244 0.85327397130093985 0.53646928850760378
v -0.58154138401910427 0.88133534709501893 0.55758155596187808
v -0.58744519518566718 0.89818473604748472 0.57603480418853159
v -0.58263773696437215 0.92614663149960819 0.59872056095887582
v -0.5891770056418616 0.94289934465540848 0.61820814073404484
v -0.58501700666380252 0.96822607742121625 0.6399774148998949
v -0.55766042219187772 0.60598277368074749 0.33921753428399554
v -0.55594434951040028 0.62736731888541186 0.35143934763870394
v -0.56422726988582927 0.64777176736242437 0.36909597451291182
v -0.55903323588628606 0.67705087237302986 0.38557626034161752
v -0.56480894628200606 0.69466642105015719 0.40090507793330316
v -0.55918572622915097 0.72330048636569422 0.41804015301839625
v -0.56477010345004441 0.74047846779225557 0.43375804572205617
v -0.55904788093234381 0.76876838500178035 0.45188099181665253
v -0.56462774802561833 0.78574642688494167 0.46822291607211064
v -0.55892831857286407 0.81388971080448147 0.48751878354808265
v -0.56454486668972925 0.83079487745425207 0.50458776918103765
v -0.55892147254119573 0.85888213865506358 0.52514573143178522
v -0.56465490545485897 0.87575518310969547 0.54301310572170536
v -0.55940796022080697 0.90378313504807484 0.56499196370721916
v -0.565595805555695 0.92059047416484219 0.58381146511524562
v -0.5614433396356594 0.94850846844761905 0.60755866323609187
v -0.56884272706397343 0.96545054444262968 0.6279394776667806
v -0.535129237699146 0.62850895825940867 0.34081059858801216
v -0.53341695634023734 0.64988841139804376 0.35355147293551259
v -0.54170491513164776 0.67028723820724057 0.37148052638165174
v -0.5365158391585092 0.69956044892266744 0.38873503623790318
v -0.54229300585893481 0.71717385912689402 0.404330011692483
v -0.53667258424625774 0.74580428167070523 0.42223451968611736
v -0.54225719964297281 0.76298127432939122 0.43821303233382852
v -0.53653688660842469 0.79126861277603489 0.45709999206992652
v -0.54211774572597193 0.80824589256422796 0.47369860993472102
v -0.53642947724419987 0.8363855938748358 0.49375864765141902
v -0.54207198474008134 0.85328699452486623 0.51109263347756884
v -0.5365621205245471 0.88135856976800686 0.53245607501708991
v -0.54246149628163309 0.8982117511731994 0.55064552208917017
v -0.53765406541765315 0.92617351196153108 0.57354784216127608
v -0.54419493513946238 0.9429251557474464 0.59274198046757887
v -0.54004472195730246 0.9682449583853584 0.61469738210871472
v -0.51259671241014304 0.6510330247415923 0.34341666637081486
v -0.5108884227127537 0.67240746340365776 0.35667631071348899
v -0.51918158441205198 0.69280081950310768 0.37487745595266875
v -0.51399767335811963 0.72206826522265755 0.39290585954253232
v -0.51977637007943811 0.73967957590804723 0.40876685872858093
v -0.51415889356465294 0.7683064243719101 0.42744059974150855
v -0.5197439260332688 0.78548240157323101 0.44367971152397828
v -0.51402719348276038 0.81376693000496236 0.46333112202881199
v -0.51961466317848193 0.83074264989760394 0.4801885523643889
v -0.51396629377240177 0.8588751788213862 0.5010238248014226
v -0.51968399130396348 0.87576733822180031 0.51864197984271732
v -0.5144277959494119 0.90380522280291486 0.54086107599717792
v -0.52061191911798754 0.92061587058438843 0.55940409296729043
v -0.51646258395924105 0.94853184999932783 0.58333820594926244
v -0.52386749613260641 0.96547044766603485 0.6033864834746524
v -0.49006307592042114 0.67355480410556279 0.34703568479081864
v -0.48835896061112294 0.69492432949314875 0.36081380379956474
v -0.49665746709700198 0.71531238878126147 0.37928670718973939
v -0.49147890575248865 0.74457422328090639 0.39808867346026888
v -0.49725920556009079 0.76218348204503727 0.41421556398306791
v -0.4916449856447398 0.79080680390192781 0.43365839566895742
v -0.49723157836041881 0.80798158633064598 0.45015842268225975
v -0.49152658614060835 0.83626217926199797 0.47057705137560168
v -0.49714019431282774 0.853233989512585 0.48770050574323426
v -0.4916056710471724 0.88135067908358533 0.5093377379142755
v -0.49748956589297966 0.8982227957492005 0.52727123415871935
v -0.49267422951756584 0.92619372546260748 0.55039440616297153
v -0.49921327698134804 0.94294752291341832 0.56929615881324014
v -0.49507164265107634 0.9682622479117996 0.59143792426947728
v -0.46752856257955172 0.69607414597365469 0.35166758040714441
v -0.46582878514863424 0.71743888189472971 0.36596387705567163
v -0.47413275464995303 0.73782183955438574 0.38470820886554552
v -0.46895971497802302 0.7670782368691802 0.404283411705609
v -0.47474180905752772 0.784685475387221 0.42067610073468314
v -0.46913252200073408 0.81330509917118055 0.44088832757576935
v -0.47472629570061092 0.83047791627173628 0.45765111095752292
v -0.46906178750495664 0.85875100757988154 0.47884670836559107
v -0.4747508026258731 0.87571342070189651 0.496253133029678
v -0.46947056017127636 0.90379610787156373 0.51873617497358482
v -0.47563999709260701 0.92062521153415267 0.537011122700216
v -0.47148611664828155 0.94854853867858979 0.56113672253407576
v -0.47889336173698582 0.96548701173376639 0.58085355055966426
v -0.44499340867854287 0.71859091997377089 0.35731226045527231
v -0.443298112012247 0.73995101155631882 0.37212643866246897
v -0.45160764609415432 0.76032908019194489 0.39114187771958592
v -0.44644045387826353 0.78958019850609518 0.41149004576437198
v -0.45222549151339614 0.80718529870555156 0.42814873676213411
v -0.44662929633786047 0.83580016102387822 0.44913270489408469
v -0.45224978221764889 0.8529686886558322 0.46616455431926263
v -0.44669977309775744 0.88122560014194484 0.48816049847410647
v -0.45255538543295681 0.89816772353529362 0.50587695539863875
v -0.44771754894199978 0.92618266689501805 0.52924574892480258
v -0.45424400825985278 0.94295377182039775 0.54786404084514195
v -0.45010430547192504 0.96827224939490975 0.57019658178875032
v -0.42245784956667398 0.74110501681334939 0.36396961444212922
v -0.42076716454050905 0.76246062643926138 0.37930138387658269
v -0.42908246847378462 0.78283400968020889 0.39858765164575705
v -0.4239228030383399 0.81207979281038567 0.41970890445709086
v -0.42971640442440295 0.8296820480094248 0.4366351278820102
v -0.42416204864940854 0.85828864110832193 0.45839924466468746
v -0.42985855468043238 0.87544739747167732 0.47571486746340186
v -0.42456380788913489 0.90366982421962927 0.49854866137164677
v -0.43070596340701839 0.9205683895876029 0.51659584338503506
v -0.42653332010973677 0.94853383871208496 0.54093860204805921
v -0.43393196465085432 0.96548771820818657 0.5603334048244728
v -0.39992213091588752 0.76361634528584321 0.37163951888958802
v -0.39823632510286439 0.78496762026297451 0.3874886327317143
v -0.40655856740984597 0.80533637381044065 0.40704571813640322
v -0.40141458059984808 0.8345758768499919 0.42894193172275719
v -0.40723627318749694 0.85217302640503578 0.44614106424648425
v -0.40179784984372718 0.88076269278334363 0.46870533066548076
v -0.40766177519179669 0.89790070477337325 0.48632765379383081
v -0.40281150404462529 0.92605436048765521 0.51003065039741036
v -0.40931304310893907 0.94289364107309981 0.52840700047765887
v -0.40516204434109176 0.96824837030612554 0.55095470475848285
v -0.37738671817837921 0.78612478965608523 0.3803218847071313
v -0.37570724782411391 0.80747168855472329 0.39668838684186797
v -0.38404219142015017 0.82783526242887062 0.41651744850320871
v -0.37894263662588329 0.85706508710906593 0.43919564040343956
v -0.38484174843439034 0.874651689524235 0.4566801110263482
v -0.37966044432490004 0.90320593314223707 0.48007559001387146
v -0.38581235333928315 0.92029957470298163 0.49801975475155041
v -0.38163059971832891 0.94840172220669683 0.52266954550750266
v -0.38900583230252683 0.9654241924616257 0.5417861908406425
v -0.35485374911137313 0.80862997553798066 0.39001696259519897
v -0.35318764825618654 0.82997169060831599 0.40690215586163214
v -0.36155551111138623 0.85032790489546939 0.42700770664792109
v -0.35657462143432939 0.87953935629807767 0.4504843748600208
v -0.36264260654504921 0.8971043028037784 0.46827279123888432
v -0.35790806723530266 0.92558783356373275 0.49252142214799438
v -0.36442054929505469 0.94262105650267181 0.51078206575006824
v -0.36026047058166411 0.96810327538751106 0.53363013382560143
v -0.33233292450308366 0.83113049370792436 0.40072646635319065
v -0.33070447721757529 0.85246403626830536 0.41813504551063552
v -0.33915667571501878 0.87280717100506489 0.4385274214463149
v -0.33443508304535019 0.90198036914566071 0.4628256407080153
v -0.34079104383805453 0.91949959692468319 0.48092666903218573
v -0.33671791282842711 0.94793139826912731 0.50609417506778132
v -0.34409750107720044 0.96516049721114805 0.52506991207300246
v -0.30985634415759306 0.85362156930076294 0.41245528397816983
v -0.30832495742522914 0.87493766515049087 0.43039553912111839
v -0.31695565373395013 0.89525475494757367 0.45108791116421265
v -0.31266951078982935 0.9243488288120395 0.47621135886359289
v -0.31937628357419334 0.94181163893580022 0.49461804208445043
v -0.3152858124371905 0.96762147273374699 0.51797336155757834
v -0.2874953568260466 0.87608448515428761 0.42520423578292349
v -0.28615457267161093 0.89735448613889046 0.4436719634479242
v -0.29507672534664625 0.91762024314355639 0.46466356229185884
v -0.29138284117794949 0.94666716155373376 0.49066324886523022
v -0.29895323942190466 0.96439280840891883 0.50981446175787803
v -0.26532738478200252 0.89845119159972697 0.4389233402454758
v -0.26423245802243384 0.91961430925708221 0.45786463316426013
v -0.2734913930491733 0.93985310462847782 0.47917174924321859
v -0.26965686423518553 0.96635026407334546 0.50340007363006467
v -0.24329131484795191 0.92055553658576783 0.45342490853114814
v -0.24238763723748905 0.94163262216415333 0.47282419858732666
v -0.25265199102558161 0.9625129226500827 0.49523627173233453
v -0.22082383271962933 0.94178843346785379 0.46798090529562114
v -0.21898609321483409 0.96070876200722954 0.4855523431796161
v -0.19845615223388849 0.96263431975937663 0.48313720986200709
v 0.20167573159355043 -0.96208376079178037 0.48325635994358723
v 0.22178607907983966 -0.95994314686009352 0.48544174559137365
v 0.22331440813434039 -0.94008038515090209 0.46692849461775909
v 0.25548806027838905 -0.96587366159425569 0.49918477816784729
v 0.24271932592252435 -0.9369356627440053 0.46847310375337536
v 0.2472222204614149 -0.91803458967236073 0.45207392287493242
v 0.27108870241545113 -0.96354935245405815 0.50107968842857775
v 0.27181494567506298 -0.94879793019877445 0.48716198082665985
v 0.27319557780105719 -0.91605496563297872 0.45700225897898455
v 0.27442828752478327 -0.89181945925222417 0.43541640853790853
v 0.30520596175049713 -0.96274028606220341 0.51008552028813836
v 0.30095138714881337 -0.94462991309854005 0.49153575813496259
v 0.29864826207014938 -0.92559744286533818 0.47305671208958011
v 0.29703677909692638 -0.88368497025389336 0.43465271687070006
v 0.29735212537098493 -0.86420544314435954 0.41769453800491191
v 0.32426760711275687 -0.96573105074289423 0.51897239481266288
v 0.32821199504829446 -0.94190738824721409 0.49754142927851519
v 0.33452401719289093 -0.93001917869517248 0.48850638707516569
v 0.31975480856860211 -0.89351936221233019 0.45040864056365953
v 0.319078544177471 -0.85690835107645802 0.41816334033220803
v 0.31964394101573917 -0.83930785483580761 0.40338773298319042
v 0.34214964847386997 -0.9651022674198052 0.52435706555440242
v 0.34588717448243578 -0.95261052866826312 0.51360119532786752
v 0.35303477365974911 -0.93070889548259628 0.49548750847304041
v 0.34309469859123332 -0.89951864482794142 0.46353182633676759
v 0.34059025858930686 -0.86548384245869492 0.43259245357678444
v 0.34127061355580229 -0.83271392831597346 0.40505573413495694
v 0.34203824747343797 -0.81589920971246443 0.39143091233323457
v 0.37441849254627768 -0.96460928324942297 0.53542605888601436
v 0.37175710277461349 -0.9488383428620395 0.51930973920371004
v 0.37121259772984971 -0.93392841043947383 0.50502943027092939
v 0.36595866054485787 -0.90269854844234798 0.47449361572292292
v 0.36242475792106088 -0.87145234658300308 0.44550030306001626
v 0.36241330840642927 -0.84095649178189791 0.41935267734087744
v 0.36368920407598287 -0.80965550175999224 0.39402339458230395
v 0.36453445924285488 -0.79310940665048302 0.38104604763996464
v 0.39256372463209827 -0.96692876529389638 0.54459924255727954
v 0.39678466179898242 -0.94448044859146452 0.52483700165051483
v 0.4030866681593277 -0.93361976426850746 0.51713559430044787
v 0.38834944486505629 -0.90519588040523113 0.4851837001195437
v 0.38447937622913608 -0.87538520470909698 0.457184532705456
v 0.38385026788732196 -0.84679694898070557 0.43230216810156902
v 0.38473621761129251 -0.81781410200746762 0.40850455247514511
v 0.38620025819224157 -0.78699772305625815 0.38437543188110224
v 0.3870684906492729 -0.77052421950447147 0.37185731967501084
v 0.41000524681429157 -0.96589006017205303 0.55063493641584194
v 0.41376727773548305 -0.95375123332675482 0.54045632852105885
v 0.42097393613307965 -0.9330011794264631 0.52390489450755118
v 0.41104687821773217 -0.90636382308222418 0.49530420630665956
v 0.40667355613008321 -0.87784750823589353 0.46812264562736511
v 0.40558079465850549 -0.85073916717589904 0.44424701336493277
v 0.40606839647261117 -0.82360387772576116 0.42170158830957072
v 0.40722578081856309 -0.79514484601335844 0.39912937664510778
v 0.40873585868375412 -0.76445266741399676 0.37584360994978616
v 0.40961193447167199 -0.74799268343337266 0.36373004172893164
v 0.44195341399955174 -0.96489729768025656 0.56327207048138972
v 0.43934600861217354 -0.94948130280207998 0.54732912642440201
v 0.43886732706295278 -0.93522301432806487 0.53365672761781657
v 0.43353330727821071 -0.90661718449938322 0.50502764787912091
v 0.42897852364559153 -0.87929495265960023 0.47871113853457076
v 0.42756291918736083 -0.85326051323545182 0.45555761951978918
v 0.42770146457095548 -0.82752376522499493 0.43398028922494497
v 0.42853416885984785 -0.80092428272452565 0.41265311990692666
v 0.42975494100900252 -0.77260205837165352 0.39088737126091322
v 0.43127614961061767 -0.74193181128402474 0.36834785979869589
v 0.43215706444250834 -0.72547110873755294 0.3566265152523248
v 0.46005184144528044 -0.96706291488160656 0.5734988140448195
v 0.4642731691541247 -0.94476215305630928 0.55415919234277078
v 0.4705756021421531 -0.93406635242847991 0.54703846125018107
v 0.45579998359160329 -0.90733816465910844 0.51557829490707741
v 0.45135466643762445 -0.88009637552706899 0.48926292784078468
v 0.44973576404476773 -0.85478443811988536 0.46658518614345129
v 0.44960920426713064 -0.83004668849610441 0.44568820320998986
v 0.45014354289231079 -0.80483672641523651 0.42531306092229038
v 0.45105735664048235 -0.7783819285949044 0.4047574302217361
v 0.45229074280556536 -0.75008398638144957 0.38368241136124825
v 0.45381696692641232 -0.71941347099093744 0.36186940197227718
v 0.45470220579807386 -0.70294908921025012 0.35053818039430662
v 0.47747579537457996 -0.96595003006418501 0.58063199762927054
v 0.48124362346844851 -0.95383873932376384 0.57073438703566703
v 0.48845261657536632 -0.93324699243130527 0.55482072489907497
v 0.47847973167276042 -0.90746615641455275 0.52628661414775846
v 0.47377873166772894 -0.88053249956748125 0.50001786529117864
v 0.47204157433601107 -0.85565499684976964 0.47760911546015039
v 0.47173182242341266 -0.83158317575457597 0.45715696853154325
v 0.47203188842655619 -0.80735692856512742 0.43744456472463111
v 0.47266089318212173 -0.78229366975153114 0.41781290004630856
v 0.47358993109577058 -0.75586558920397739 0.39790149075854842
v 0.47482709785518573 -0.7275679063053716 0.37749406465068563
v 0.47635748234055941 -0.69689323590298102 0.35640463889681362
v 0.47724688290114842 -0.68042451768336054 0.3454634228902459
v 0.50941713151373402 -0.96489502709648545 0.59536173132353576
v 0.50682022259597137 -0.94950844312223792 0.57927624189998206
v 0.50634754757633693 -0.9353313754294359 0.56565133474157125
v 0.50098231336931909 -0.9071559415915168 0.53702777973562088
v 0.49624505901895227 -0.88074281712172298 0.51109863496745589
v 0.49443359281192234 -0.85612417013702791 0.48883043002882787
v 0.49400699619981658 -0.83246789838136104 0.46864852617827624
v 0.49414024572801646 -0.80889379396190719 0.44936808912748566
v 0.49454459044540755 -0.78481310842725749 0.43037776564651309
v 0.49519066110115367 -0.75977787893017823 0.41135492389313927
v 0.49612327319618443 -0.73335115118566485 0.39206203760899555
v 0.49736303875161314 -0.70504986184544349 0.37231899979983268
v 0.49889737473145596 -0.67437036703901743 0.3519530210120862
v 0.49979079668764764 -0.65789708510768674 0.34140203423238319
v 0.52751378574592633 -0.96704795598070403 0.60679541647773405
v 0.53174649091264725 -0.94475202609803899 0.5877524499795187
v 0.53805638847315795 -0.93407081111435697 0.58107439407249883
v 0.5232706157516972 -0.90757536236702618 0.54882041168295348
v 0.51872725520151242 -0.88082866332967025 0.52258325509778591
v 0.51687791104513814 -0.85635996771580725 0.50038088491964605
v 0.51638166351968473 -0.83294803553532748 0.4803512552058144
v 0.51640578432630946 -0.80978017584736794 0.46133526674180597
v 0.51664934193419698 -0.78634942728858936 0.44276219390058258
v 0.51707242607345261 -0.76229719170819332 0.42435514664344154
v 0.51772146059772939 -0.73726406722270443 0.40591349457811754
v 0.51865615603947313 -0.71083477426109432 0.38723559866390567
v 0.5198982647225574 -0.6825293343549238 0.36815681621379159
v 0.5214363821405863 -0.6518448411390142 0.34851453332194815
v 0.52233366941013082 -0.63536686143421028 0.33835405630011106
v 0.54493692211413713 -0.9659286566682973 0.61509764794984745
v 0.54871472792108711 -0.95381327069220467 0.60545604461227198
v 0.55593624188945179 -0.93322878803635456 0.5900435166983774
v 0.54596535766719334 -0.90754778194658758 0.56092718285746168
v 0.54121558650802482 -0.88087116477997207 0.53453864555799124
v 0.53935142307761685 -0.85646734198157837 0.5123411665889378
v 0.53881640903216288 -0.83319123229763636 0.49238999561894115
v 0.53877430103369361 -0.81026201342613058 0.4735264229327843
v 0.53891212287109047 -0.78723546183661353 0.45520887718058334
v 0.53917568717388042 -0.76383309160589707 0.43720191970782807
v 0.53960155242000418 -0.73978333818080766 0.41934921858506785
v 0.54025172855032599 -0.71474838018705222 0.40148493345694264
v 0.54118828011312015 -0.68831604988042228 0.38342182753230897
v 0.54243253674118497 -0.66000635757687753 0.36500752616717386
v 0.54397425003936406 -0.62931678600449115 0.34608923843132777
v 0.54487522855587411 -0.61283401010825855 0.33631955926915608
v 0.57687744696594223 -0.96486784834620454 0.63197668675675167
v 0.57429290906198938 -0.94947560919937191 0.6157186261221298
v 0.57383171784462927 -0.93529878201713357 0.60206878986807677
v 0.56847531157702391 -0.90716279051557702 0.57312387387812957
v 0.56371740011601534 -0.88087470162567838 0.54697318636557601
v 0.56184003676470373 -0.85650795366980548 0.52475798033398502
v 0.56128482611146446 -0.83330301676999874 0.50484170491645353
v 0.56120517521298774 -0.81050643109683496 0.486060881222865
v 0.56127850783100741 -0.7877170427424417 0.46789124304171126
v 0.5614371682124506 -0.76471862513573041 0.45012908949209007
v 0.56170353058503275 -0.74131888173410609 0.43265848029409604
v 0.56213007731447417 -0.71726767453033391 0.41535608107236366
v 0.56278115095249104 -0.6922304697310262 0.39806891222249552
v 0.56371942344447534 -0.66579503947393337 0.38062074802660267
v 0.56496562278408036 -0.63748106733577115 0.36287118558144688
v 0.56651072904671762 -0.60678637476985153 0.34467719497560911
v 0.56741520799377976 -0.59029873037111191 0.33529859862767653
v 0.59497196633684135 -0.96702069897785048 0.64462904812313715
v 0.59921676458340178 -0.94471642031625036 0.62587245661811852
v 0.60553586806536064 -0.9340302430930606 0.61962068921674596
v 0.59076645401871708 -0.9075463208660437 0.58639022266946761
v 0.58621700103081065 -0.88085653062007718 0.55989374022663396
v 0.58433593754862534 -0.85651479383365603 0.53765595057011584
v 0.58377068893431161 -0.83334552677396756 0.51775083799032251
v 0.58367106729126239 -0.81061887751409623 0.49901217858026653
v 0.58370766042134281 -0.7879612143108794 0.48092379972058491
v 0.58380231606737865 -0.76519971730965464 0.46330334653678296
v 0.58396384734872486 -0.7422039588369832 0.44606624665299061
v 0.58423070259651344 -0.71880293120223915 0.42912778534839269
v 0.58465766689403476 -0.6947498875609518 0.41237540234148784
v 0.58530951785575513 -0.66971041704045031 0.39566545583037993
v 0.58624937136621547 -0.64327187868818558 0.37883241111870458
v 0.58749729655304905 -0.61495363174177864 0.36174784024725409
v 0.58904557726738871 -0.58425380430977703 0.34427844185571554
v 0.58995335118806402 -0.56776124365563352 0.33529120610603835
v 0.61239388990470056 -0.9659006108490521 0.65410532891309636
v 0.61618097261954929 -0.95377839656394903 0.6447182233457438
v 0.62341596384201647 -0.93318459254288211 0.62979335660133795
v 0.6134608174227596 -0.90750198135768245 0.60001348261589216
v 0.60871233853782158 -0.880848694674636 0.57332699626866468
v 0.60683451307105196 -0.8565053539761518 0.55104770661711477
v 0.60626474590982382 -0.83335317520019037 0.53114157059854394
v 0.60615512902242707 -0.81066160015784361 0.51242281074274043
v 0.60617207061128797 -0.78807339410021204 0.49437699994977535
v 0.60623023421010613 -0.76544344879038806 0.47683452312753433
v 0.60632782442342115 -0.74268460235776523 0.45973246792431199
v 0.60648978423195543 -0.71968762703802747 0.44301611243875549
v 0.60675685049846706 -0.69628494848265321 0.4266094898652838
v 0.60718411974073749 -0.6722300718432147 0.41040720402938402
v 0.60783662861471122 -0.64718836092773491 0.39427460626578342
v 0.60877791505892442 -0.62074672781900431 0.37805685534946459
v 0.61002733990142077 -0.5924242380814021 0.36163751665281624
v 0.61157856322982751 -0.56171928910822111 0.34489299474992235
v 0.61248941376159938 -0.5452217889050246 0.33629738729207326
v 0.64433300853154973 -0.96483807008448408 0.67313692443712936
v 0.64175981754308709 -0.94943725053233796 0.65670459072556164
v 0.6413100288645337 -0.93525258487730734 0.6430236956875991
v 0.63596860313179837 -0.90710954107744124 0.61372143043558447
v 0.63121556142714463 -0.88082864513374604 0.5872605495103338
v 0.6293335645862399 -0.85648880896848822 0.56493988003543416
v 0.62876204836049776 -0.83334401379754275 0.54502635070058547
v 0.62864773565526066 -0.81066918632490725 0.52631592734198018
v 0.6286547740489411 -0.78811583221951009 0.50829150720710403
v 0.62869338939251829 -0.76555524646809103 0.49079007756056026
v 0.62875452039279278 -0.74292794058109135 0.4737623093815187
v 0.62885251946626908 -0.72016790244759599 0.457174262007498
v 0.62901461201461273 -0.69716935318995044 0.44097832561330347
v 0.62928177996948287 -0.67376503732623838 0.42510360947986564
v 0.62970924594068578 -0.64970836952756927 0.40945151941291391
v 0.63036228922068582 -0.62466445994224018 0.39389639159550865
v 0.6313048537966659 -0.59821976348815453 0.3782941010789867
v 0.63255554531252411 -0.56989308876350853 0.36254022002717251
v 0.63410946835519655 -0.53918305812573242 0.34652084517048715
v 0.63502316650272261 -0.52268061932674315 0.33831712124394092
v 0.66242541549095035 -0.96699163993539095 0.68700845939019928
v 0.66668090421183923 -0.9446779252388916 0.66853783582592796
v 0.67300834939965271 -0.93398491331710287 0.66271124829602412
v 0.65825717797883132 -0.90748937767917348 0.62848730233587202
v 0.65371375921420039 -0.88079967155027772 0.60168940095514833
v 0.65183231352074056 -0.85646868429743483 0.57933500605755739
v 0.65126011125920591 -0.83332705566331833 0.55941127167259641
v 0.65114374564831157 -0.81065982082770416 0.54070346508023137
v 0.65114607507582756 -0.78812313353320806 0.52268945353532481
v 0.65117481065125093 -0.76559736032323056 0.50520888742052128
v 0.65121639596386871 -0.74303941499487813 0.48822024487380439
v 0.65127792224829872 -0.72041093289670288 0.47170272799208912
v 0.65137602500804348 -0.69764935260295968 0.45562835106105942
v 0.65153814209872729 -0.67464924780146407 0.43995289392418235
v 0.65180530919981661 -0.65124334335474243 0.4246101684745151
v 0.65223286184753571 -0.62718493971312084 0.40950836666925555
v 0.65288631318748847 -0.60213888720742748 0.39453082194075401
v 0.65382999602227998 -0.575691176187061 0.37954414882726017
v 0.65508171708380825 -0.54736039894881372 0.36445593332861387
v 0.65663808879427932 -0.51664535173104431 0.34916195989685206
v 0.65755439758710799 -0.50013799764111011 0.34135035969034705
v 0.67984607243319728 -0.9658711921533748 0.69765889806024539
v 0.68364125477120319 -0.95374178291890355 0.68852643221562271
v 0.69088815288331229 -0.93313723834286544 0.67408847638699398
v 0.68094840639620313 -0.90744328114855088 0.64363851179565812
v 0.67620639168064156 -0.88078690226468115 0.61663487023053176
v 0.67433000724259551 -0.85644689030055299 0.5942341881919454
v 0.67375774794409871 -0.83330658432675853 0.57429914637009449
v 0.67364056256680527 -0.81064259983953491 0.55559126169403872
v 0.67364078087549006 -0.78811350641652433 0.53758223896604773
v 0.67366479006325153 -0.76560439816523529 0.52011208138287668
v 0.67369647614111816 -0.74308128045390021 0.50314336876401722
v 0.67373843559350088 -0.72052217863012491 0.48666299400915114
v 0.6738000465381967 -0.69789217496967026 0.47065538063333051
v 0.67389814523418901 -0.67512907355685947 0.45509472899181902
v 0.67406018707356619 -0.65212746482081352 0.43993982734223996
v 0.67432725012261618 -0.62872003238859897 0.42512917019057539
v 0.67475477864595013 -0.60465995993956501 0.41057774087096621
v 0.67540851024748272 -0.57961183365723268 0.39617788295508521
v 0.67635314810749292 -0.55316117332878201 0.38180697288310717
v 0.67760566044022452 -0.52482639891331451 0.3673846110215766
v 0.67916422551708544 -0.49410642145677003 0.35281627454689402
v 0.68008289974910152 -0.47759419951129078 0.34539702088541946
v 0.71178365967864088 -0.96480733692998744 0.71884295952425992
v 0.70922034436562242 -0.94939756922967111 0.70223649906168506
v 0.70878049453647951 -0.93520434743800762 0.68852435277443924
v 0.70345265570930215 -0.90705009601172193 0.65886232013727941
v 0.69870618503689874 -0.8807646266914998 0.63208291472364597
v 0.69682632247437748 -0.85642484449831169 0.60963834056308486
v 0.69625430041734104 -0.83328462315761143 0.5896911700314249
v 0.69613683723193864 -0.81062192074874762 0.57098198914326637
v 0.6961361650396094 -0.7880961099228081 0.55297539748865798
v 0.69615802633547674 -0.7655946157436021 0.53551049157927533
v 0.69618495298405103 -0.74308818931902287 0.51855177308748068
v 0.6962169826545852 -0.72056394265898938 0.50209033299755146
v 0.6962590029407324 -0.69800334333393721 0.48611786728236672
v 0.69632059120899059 -0.67537184133287631 0.47062020641443875
v 0.69641858747376528 -0.65260727205985236 0.45557334983628262
v 0.69658045415691083 -0.62960422211282518 0.44093907196669047
v 0.69684731012128021 -0.60619533293592609 0.42666055136211145
v 0.69727470405296699 -0.58213367004150185 0.41265956847826574
v 0.69792858792492241 -0.55708355175925783 0.39883748939507879
v 0.6988740159667628 -0.53063002270532622 0.38508247406915175
v 0.70012708324036488 -0.50229137710319849 0.37132613029370776
v 0.70168758748808469 -0.47156657871946722 0.3574836484045727
v 0.70260836084083589 -0.45504957083560615 0.35045693817630225
v 0.72987409672556036 -0.96696174210246488 0.73393359790443857
v 0.73413860128040986 -0.94463851615370276 0.71574898253834229
v 0.74047230996309443 -0.93393887831792488 0.71034735551420569
v 0.72573710792170898 -0.90742969986028177 0.67512915411277119
v 0.72119982328691745 -0.88073503128397068 0.64802635786082652
v 0.71932069953826372 -0.85640270637200111 0.62554710396037949
v 0.71874879334391684 -0.83326242185634969 0.60558760727595873
v 0.7186312667692395 -0.81060013982689216 0.58687658017021993
v 0.71863023841937279 -0.78807565678752278 0.56887125108231473
v 0.71865116341743385 -0.76557747789446506 0.55140915579383987
v 0.71867590112051494 -0.74307870021244915 0.53445552554353981
v 0.71870313304437172 -0.72057118018242439 0.51800359653324468
v 0.71873519136174757 -0.69804546820832336 0.50204905233809405
v 0.71877716508245948 -0.67548339770583055 0.48658453175846794
v 0.71883863265559189 -0.65285045304220524 0.47159688047091464
v 0.71893642759998089 -0.63008448077130852 0.45706387372474344
v 0.71909801911851789 -0.60708006336191322 0.44295027160919498
v 0.71936456539494642 -0.58366979996278223 0.42920393873467633
v 0.71979171496719441 -0.55960663664768229 0.41575345809056002
v 0.72044562344842411 -0.53455462076170757 0.40250923002856187
v 0.72139167327242371 -0.50809831850512299 0.38937021675542216
v 0.72264505178004512 -0.4797559522665521 0.37628001066929795
v 0.72420725356829518 -0.44902645646933376 0.36316357800225196
v 0.72512976826255937 -0.43250480517331458 0.35652953050368485
v 0.74729340630379681 -0.96584112171106673 0.74575803739490043
v 0.75109505194387649 -0.95370461566729314 0.73688019717800968
v 0.75834769434747451 -0.93309142158494329 0.72292787703067185
v 0.7484198711814688 -0.90738583494087155 0.69180728040638217
v 0.74368363282964667 -0.88072429751929016 0.66448500601189953
v 0.74180950674744495 -0.85638240848569191 0.64195930483925157
v 0.74123780310012233 -0.83324208695263891 0.62198753188741296
v 0.74112027220424614 -0.81057988201665643 0.60327437986245125
v 0.74111909568207279 -0.78805588393651316 0.58526975444526852
v 0.74113961170793541 -0.76555907517704058 0.56780931727608408
v 0.74116336480395117 -0.74306365591084655 0.5508584168259969
v 0.74118836144281641 -0.72056382898624238 0.53441131233691963
v 0.7412155799324468 -0.69805488664918391 0.51846574688213465
v 0.74124755658078756 -0.67552774252293935 0.50301809019417265
v 0.74128938301584124 -0.65296426293137277 0.48806152772210548
v 0.74135062849760447 -0.63032994653785501 0.47358389664683731
v 0.74144812032341023 -0.60756265094569639 0.45956474677751902
v 0.74160933447127109 -0.58455695483691383 0.44597182397039303
v 0.7418754668752725 -0.56114541496260828 0.43275768072326187
v 0.74230226069566863 -0.53708085655220439 0.41985770717300525
v 0.7429560523272527 -0.5120270517032367 0.40719133960905612
v 0.74390245900079 -0.4855680865519833 0.39466830843431472
v 0.7451556781437868 -0.4572222052065627 0.3822440984663511
v 0.74671936635032821 -0.42648808439038016 0.36985383907967345
v 0.74764284165842643 -0.40996204989655444 0.36361222822499145
v 0.77922831590037744 -0.96477675316020728 0.76909401297154112
v 0.77666991216732251 -0.94935975918179938 0.75231247474378882
v 0.77622709828594405 -0.93516399931417193 0.73856594889460692
v 0.77090070576966729 -0.90700326566465883 0.70854113405509378
v 0.7661591908337877 -0.88071272521947308 0.68144213627063055
v 0.76428141249044579 -0.85637088262229089 0.65887182911871645
v 0.76370995468767211 -0.8332301205678857 0.63888728946217477
v 0.76359241001642997 -0.81056787510221506 0.620171721887947
v 0.76359113679825741 -0.78804402847327737 0.60216738508920242
v 0.76361143856055891 -0.76554776168774785 0.58470792575467145
v 0.76363472070797278 -0.7430537703922504 0.56775851243640074
v 0.76365867203586657 -0.72055736208081489 0.55131385148003864
v 0.76368359718548384 -0.69805617385689933 0.53537269252732211
v 0.76371068077761417 -0.67554585904387754 0.51993333257927365
v 0.76374246413499136 -0.65301736171736213 0.50499242698270308
v 0.76378403113826709 -0.63045256099521274 0.49054368393497444
v 0.76384494225421207 -0.60781696972123234 0.47657593069091464
v 0.76394201914484072 -0.58504845698785912 0.46307049094866654
v 0.76410274456804472 -0.56204159797949504 0.44999809634320909
v 0.76436834913384633 -0.53862890642374839 0.43731598752686413
v 0.76479463135056858 -0.51456307568199222 0.4249663351566364
v 0.76544781584187094 -0.48950756300854698 0.41287738899336868
v 0.76639289065146765 -0.46304606637936319 0.40096906581855091
v 0.76764362846840783 -0.4346973208365541 0.38920913755334302
v 0.76920950599528859 -0.40395801255594493 0.37754543649952454
v 0.77013109120542755 -0.38742788381516402 0.37169424825147507
v 0.79731428045216324 -0.96693366620107268 0.78540313701805176
v 0.80156859806552316 -0.94461077475234656 0.76749927136124418
v 0.8078574255778731 -0.93393330763992655 0.76250925274827697
v 0.79311975463443884 -0.90741811102338465 0.7262912538642915
v 0.7885837374071738 -0.88072010428159653 0.69888090493239952
v 0.78670634522293403 -0.85638573852255695 0.67627492312908144
v 0.78613486686870004 -0.83324476841530248 0.65627701873187516
v 0.78601724490149849 -0.81058246553677216 0.63755837329831733
v 0.7860158364335077 -0.78805867594288914 0.61955361849576474
v 0.78603594677264277 -0.76556264565634269 0.60209431636229649
v 0.78605892374109976 -0.74306928363535374 0.58514531839175843
v 0.78608231411821183 -0.72057439479570085 0.56870149851190144
v 0.78610610566216099 -0.69807672005094079 0.55276207290952584
v 0.78613081083086955 -0.67557425616352684 0.53732628195802934
v 0.7861576213027881 -0.65306268484319052 0.52239257162945585
v 0.78618907298679586 -0.63053296044800389 0.50795785880325595
v 0.78623024240468387 -0.60796697469442118 0.49401637300373297
v 0.78629068198470387 -0.58533025498693325 0.48055793067090419
v 0.78638720842111987 -0.56256068226231826 0.4675656286492732
v 0.78654730828066244 -0.53955282703846641 0.45501318112572348
v 0.78681216866878989 -0.51613912986883426 0.4428624426826876
v 0.78723690662066415 -0.49207195718568475 0.43106169834438574
v 0.78788441812351517 -0.46701426307820848 0.4195454160201797
v 0.78881516094748705 -0.44055145749498648 0.40824159088309514
v 0.79005837884179986 -0.41220332489703393 0.39714217310371286
v 0.79163320451555497 -0.38145301440252283 0.386207762367623
v 0.79254124258974767 -0.36491982859674504 0.38073773679808837
v 0.8147220253505042 -0.96581976437279959 0.79839959789867931
v 0.81850309887423434 -0.95369140774699845 0.78976957731380559
v 0.82561944353544714 -0.933154788578196 0.77626497342949741
v 0.81563574727105081 -0.90747331422698485 0.74445194619480182
v 0.81089159479530304 -0.8808126607225738 0.71680278123777419
v 0.80901811150050562 -0.85646903036939859 0.69414778183485071
v 0.80844653007935519 -0.8333280825856717 0.67413509868169952
v 0.80832869720197198 -0.81066579280495277 0.65541177780133486
v 0.80832703892246349 -0.78814209719392059 0.63740499064932099
v 0.8083468691671899 -0.76564625729827329 0.61994418467270573
v 0.80836951367792531 -0.74315327000831133 0.60299383306109922
v 0.80839245876655486 -0.72065915565949346 0.58654884817732078
v 0.80841555067323068 -0.69816315218975633 0.57060865073818179
v 0.8084389860024539 -0.67566435934938096 0.5551729202410578
v 0.80846328576123494 -0.65316080091157791 0.54024097834409268
v 0.80848963826331033 -0.63064816675542501 0.52581139566978052
v 0.80852057439335701 -0.60811742124262258 0.51188134922417317
v 0.80856116410381873 -0.58555046896327045 0.49844558893312535
v 0.80862095267528855 -0.56291285215114462 0.48549491943136502
v 0.8087167476051853 -0.54014246094939034 0.47301420424565371
v 0.80887590636140894 -0.51713379212705446 0.46097999658276345
v 0.80913815853938476 -0.49371865020616734 0.44935734807823874
v 0.80955034802686299 -0.46964735939293362 0.43809373305983135
v 0.81015295556373967 -0.44458480079613388 0.42711551951605614
v 0.81100206598628211 -0.4181388469679288 0.41636748128842704
v 0.81229524434920131 -0.38979040785940366 0.4059706728913316
v 0.81387271567903707 -0.35901174889476012 0.39575329162019268
v 0.81474221621467646 -0.34248869422088246 0.39064675357573569
v 0.84660439385198316 -0.96479597500653658 0.82388341279066335
v 0.84395109193907825 -0.94943043229292645 0.80689649005148889
v 0.8433118486325123 -0.93535138421804453 0.79306252904486996
v 0.83775863608755041 -0.90731882399366448 0.76260426765654565
v 0.83297936006399498 -0.88104417573113614 0.73516105710226221
v 0.83109824690556344 -0.85670150568638181 0.71245323047376941
v 0.83052617144427476 -0.83356026884978141 0.6924218275188303
v 0.8304079007785371 -0.8108981169483227 0.6736903885787523
v 0.8304057970984009 -0.7883746437361222 0.65567814798208679
v 0.83042516633822883 -0.76587909751832017 0.63821240293958448
v 0.83044732367158558 -0.74338650841904585 0.62125721804753664
v 0.83046973051094419 -0.72089298702772164 0.60480748633442505
v 0.83049217301468281 -0.69839798654735896 0.58886271193574391
v 0.8305147070555744 -0.67590110332219955 0.57342276889389698
v 0.83053753887875714 -0.65340146331402849 0.55848738602228376
v 0.83056118768588594 -0.63089709704587793 0.54405594164573923
v 0.83058683886466089 -0.60838370220646476 0.53012712960067243
v 0.83061701909678365 -0.58585225331651891 0.51669838607754914
v 0.83065679273142445 -0.56328466794380827 0.50376498034075345
v 0.83071569199894635 -0.54064649831468803 0.49131869565779673
v 0.83081032789100562 -0.51787551950534161 0.47934594070761671
v 0.8309658079745128 -0.49486499002661904 0.46782377379931595
v 0.83120767251748207 -0.47144089634772762 0.45670746139981599
v 0.83153100808102764 -0.44734559147377612 0.44590500250830589
v 0.83186485469232951 -0.42227456988420897 0.43527263329782567
v 0.83250073813505776 -0.39599157242800204 0.42502295914869448
v 0.83422328782195865 -0.36751380742052286 0.41558817032307394
v 0.83569592206929488 -0.33674761261669101 0.40601053761329897
v 0.83656411573379597 -0.3202784369489261 0.40130603851780128
v 0.86465860292859764 -0.96699797173472612 0.84142826232377588
v 0.86858202748806301 -0.94486565934497069 0.82369803106743278
v 0.87433951893053807 -0.9344987871275533 0.81895945877810683
v 0.85931613018284114 -0.90817926149447425 0.78167537512907392
v 0.85466312796534472 -0.88154284871129929 0.75389620670514235
v 0.85276928225999649 -0.85721070524444909 0.73113301798763652
v 0.85219492905263772 -0.83406914691498335 0.71107510436739318
v 0.85207577557140435 -0.8114072101284856 0.69232899235807521
v 0.85207294166506709 -0.78888414241210836 0.67430495955686764
v 0.85209159439138848 -0.76638908455189103 0.65682796164264567
v 0.85211302386200072 -0.74389706639218345 0.63986161613309667
v 0.85213467855737579 -0.72140423386344266 0.62340076781318765
v 0.852156320143305 -0.69891013034913352 0.6074449499704373
v 0.85217794510368705 -0.67641456723203019 0.59199411812907221
v 0.8521996198196562 -0.65391716662803134 0.57704818111274492
v 0.85222154990757548 -0.63141706038445589 0.56260689212611648
v 0.85224425327147046 -0.60891228531394759 0.54866968467959321
v 0.8522689132400908 -0.58639854691776727 0.53523537486319916
v 0.85229805330631792 -0.56386682972156055 0.52230165696564557
v 0.85233672503266278 -0.54129905671773282 0.509864307337342
v 0.85239422462004055 -0.51866060566719985 0.49791580039533773
v 0.85248438908208235 -0.49588728009036748 0.48644097924316176
v 0.852613885638423 -0.47286116849499354 0.47539898627604837
v 0.85273120660831159 -0.44937654416112882 0.46467041771395501
v 0.85259606590964765 -0.42512003579288915 0.45394719743269885
v 0.85159815680562512 -0.400350631398251 0.44286496094347233
v 0.85379794019026289 -0.37428497220480167 0.43462638471640808
v 0.8554690242885794 -0.34548333304505185 0.42568273949226604
v 0.85696797188812934 -0.31493580144184691 0.41691091769276467
v 0.85807994972993662 -0.2984890649804352 0.41279591924479464
v 0.88204849420864428 -0.96594841410799948 0.85564320267378324
v 0.88553935515897086 -0.95394195573179619 0.84712590134635579
v 0.89133999129272035 -0.9340871786716386 0.83355340054959459
v 0.88071492426488829 -0.90899877344028301 0.80103449957602191
v 0.87573302738290448 -0.88249945237070948 0.77296425633753163
v 0.87380903258836262 -0.8581682767165707 0.7501114162276602
v 0.87322749015847401 -0.83502547924709813 0.73001174637059907
v 0.87310632166827962 -0.81236343962305979 0.71123961698343197
v 0.87310233733150389 -0.78984090932748308 0.69319344664379745
v 0.87311997424374699 -0.76734656085820352 0.67569501925437947
v 0.87314040173032925 -0.74485534605293635 0.65870735658715995
v 0.87316104505298142 -0.72236341347810806 0.64222522130148985
v 0.87318165394102576 -0.69987034189445019 0.62624814900040116
v 0.87320220110446922 -0.67737603270874658 0.6107761260865967
v 0.87322269427222721 -0.65488032279283726 0.59580913645933942
v 0.8732432001026138 -0.63238283959648844 0.58134709855589495
v 0.87326392411939646 -0.60988272023929624 0.56738978849979915
v 0.87328538381741094 -0.58737800758723191 0.55393669405052082
v 0.8733087615309848 -0.56486441433437073 0.54098675247267347
v 0.87333656979701524 -0.54233292411410994 0.5285379016975581
v 0.87337361657298807 -0.51976522866849006 0.51658609928272703
v 0.8734263377603394 -0.49712411342710222 0.50512102826825001
v 0.87348944177604404 -0.47432943148221679 0.49410517859990211
v 0.873487231927495 -0.45120411430339841 0.48340298080555089
v 0.87311836457630809 -0.42734605926875724 0.47260094171640793
v 0.87100842133083012 -0.40236318946698668 0.46038532002661886
v 0.87174850505041801 -0.38052673908700235 0.45248731656827051
v 0.87478560161150065 -0.35236472959266951 0.44480449391073851
v 0.87559212609534909 -0.32421740244460395 0.43596898197776374
v 0.87813049269974108 -0.29371574099237552 0.42881455687134956
v 0.87945700919176828 -0.27703152936101061 0.42518998920898549
v 0.91461960461425285 -0.96504363230468937 0.88402194623594366
v 0.91062004894125481 -0.94964275284745392 0.86557686371175901
v 0.90795486328477237 -0.93649625535299785 0.85076185224171075
v 0.90116911670547806 -0.90995198350856399 0.8201214787935841
v 0.89599240742594233 -0.88406291197814368 0.7922775755365461
v 0.89399271890715959 -0.85976450426393569 0.76930630797377064
v 0.89339160206998713 -0.83661823533954993 0.74913721811445333
v 0.89326525246586008 -0.81395445335538408 0.73032050683729655
v 0.8932593151185263 -0.79143221995930102 0.71223697184577106
v 0.89327560530088379 -0.76893871269124381 0.69470261317380377
v 0.89329478696313747 -0.74644850142395536 0.67767925521295957
v 0.89331419563638803 -0.72395767510425024 0.66116146828997502
v 0.89333356320896862 -0.70146581712046996 0.645148762645955
v 0.89335285177559376 -0.67897286434558946 0.62964113120157494
v 0.89337204597956132 -0.65647874343527568 0.6146385861617687
v 0.89339115450638928 -0.6339832961421713 0.60014111451307584
v 0.89341024476898678 -0.61148615439208798 0.58614864294452229
v 0.89342952305808954 -0.58898645991043153 0.57266096965522972
v 0.89344950761799891 -0.56648226005208691 0.55967763558539818
v 0.89347137218887818 -0.54396925936851392 0.54719768286922155
v 0.89349740179719694 -0.52143816401387189 0.53521895521636575
v 0.89352985238795357 -0.49886773830362585 0.5237342017673563
v 0.89355868525715554 -0.47620254069583806 0.51271088702840417
v 0.89351134457536485 -0.45328778286272758 0.50202061360534134
v 0.89315018526802281 -0.42967934887374837 0.49127696970071194
v 0.89161235896037294 -0.4040960041881288 0.47923287378066154
v 0.89357029201094529 -0.35835620913359623 0.46355497572660176
v 0.89318311336362322 -0.3314282457841512 0.45390445441139765
v 0.8959429446538778 -0.30421006624091984 0.44769666090240906
v 0.89901298027858967 -0.27264936367791759 0.4414027850523406
v 0.90016961818713159 -0.25583847970599255 0.43796735573244677
v 0.93304651910466452 -0.96863270043999394 0.90447802878351025
v 0.9354760647947189 -0.93823880862853759 0.87777962299106993
v 0.92044044564230076 -0.91220900132583393 0.83975200908640912
v 0.91526350013866353 -0.88636809031851505 0.81173593069096039
v 0.91315078646666803 -0.86216133824018215 0.78864205674666543
v 0.91250640470358302 -0.83901182501741467 0.7683630376330568
v 0.91236697274464484 -0.81634207890117039 0.74947282018547134
v 0.91235708884795175 -0.79381875793283863 0.73133100572325938
v 0.91237154587153702 -0.77132589410270702 0.71374218569373304
v 0.91238930098264204 -0.74883675002389161 0.69666509130307541
v 0.91240735373082615 -0.7263471378042895 0.68009369580366152
v 0.91242537483803088 -0.70385659820799962 0.66402740745861522
v 0.91244331358769237 -0.68136507500181731 0.64846620415006739
v 0.91246114513586474 -0.65887253033319004 0.63341010463091385
v 0.91247885561077302 -0.63637889527309011 0.61885912161198109
v 0.9124964550003335 -0.61388401520542191 0.60481324399314385
v 0.91251401230322204 -0.59138752505397385 0.59127240597635478
v 0.912531736016299 -0.56888856765183593 0.578236426650375
v 0.91255013779863814 -0.54638517172110512 0.56570488060182078
v 0.91257019270981254 -0.52387272594690593 0.55367658205060544
v 0.91201335489889579 -0.5014004800610129 0.54164344703586265
v 0.9126061356153643 -0.47874508564755436 0.53108808330658852
v 0.91255852407498361 -0.45596328420349702 0.52039911633173597
v 0.91231431587971712 -0.43259533565043651 0.50979766474686938
v 0.91172804718679668 -0.40748184141543531 0.49872025101177841
v 0.91213928396553834 -0.3641146616082952 0.482362208135453
v 0.91104835145102903 -0.33655958784362783 0.47171379477743924
v 0.91233730213341846 -0.31387354492923891 0.46552335625973379
v 0.91651819740991103 -0.28378442612504312 0.46034932038263865
v 0.91879070114823413 -0.25204425171433525 0.45396252769050388
v 0.92000897259064396 -0.23538340655399648 0.45097941492647814
v 0.9499689012260728 -0.97000231150778393 0.92177315968270412
v 0.95075833214269223 -0.93767624486343315 0.89167237693445178
v 0.9388852152231717 -0.91469853555890812 0.85918138890510576
v 0.93343841037484032 -0.8894692577870762 0.83125952170259931
v 0.93120558308787527 -0.8654281284237767 0.80807226523080067
v 0.93048273159065265 -0.84228177634839763 0.78764433205139883
v 0.9303127091306993 -0.81959807141284613 0.7686411555168996
v 0.93029346397886292 -0.79706991968254159 0.75041374823128082
v 0.93030475935742274 -0.7745769626455602 0.73274888419661688
v 0.93032074609351012 -0.7520890289392641 0.71559800037617405
v 0.93033730356152189 -0.72960095728022245 0.69895325010227671
v 0.93035388335803459 -0.70711209468598002 0.68281368251788588
v 0.930370394394754 -0.6846223557319252 0.66717920943080367
v 0.93038680282758823 -0.6621317109697209 0.65204983954821849
v 0.93040308623321832 -0.63964012633247469 0.63742559184081327
v 0.93041923270515781 -0.61714753506028308 0.62330647819492013
v 0.93043525503763358 -0.59465378275534941 0.60969248805155996
v 0.93045122726347018 -0.5721584995731398 0.5965835601147933
v 0.93046735783878709 -0.54966079516398725 0.58397950946193933
v 0.93048399570300344 -0.52715834648133419 0.57187962014077787
v 0.92924188813670239 -0.50396702208714894 0.55878577933530227
v 0.92928698313890756 -0.48413821895105957 0.54902432374196408
v 0.93047776531457538 -0.45939896535035368 0.53845310540500324
v 0.93035243583860738 -0.43626719730220204 0.52798481732435343
v 0.93030578008002396 -0.41184476542171361 0.51760159215189816
v 0.93074317851278487 -0.36976019335766885 0.50153272913381453
v 0.92967669517453577 -0.34173271754958295 0.49062073945728418
v 0.93348305884781257 -0.29363150926032738 0.47887674035786448
v 0.93524888119015803 -0.26365851404880108 0.47217462716650183
v 0.93777117103724539 -0.23264251770542171 0.46684521603207896
v 0.93967907122992678 -0.21627665852038566 0.46496820965550045
v 0.96646994558146149 -0.96814413502319008 0.93580812687135495
v 0.9679892747151666 -0.95300061342738107 0.92268936935399393
v 0.96548424134014632 -0.93913639419577255 0.90718344479548985
v 0.95710646051404447 -0.91695909133921116 0.87850780171292253
v 0.95191769040198526 -0.89308794875559128 0.85195339585722141
v 0.94964035289388649 -0.86937335272790017 0.82889800440244643
v 0.94882555685613867 -0.84627694958577981 0.80831172201170387
v 0.94860130885241456 -0.82357740137455082 0.78914583391408188
v 0.94856070553905969 -0.80103775460304782 0.7707978495273754
v 0.94856456000074796 -0.77854233889735847 0.75303464485495963
v 0.94857713685172151 -0.75605553134322911 0.73579229273989288
v 0.9485912132590818 -0.73356958147655305 0.71905764826640162
v 0.94860551160988038 -0.71108315009620515 0.70282848475488591
v 0.94861979496019566 -0.68859601316164931 0.68710445496129324
v 0.94863400336759007 -0.66610812097124594 0.67188551636946803
v 0.94864810963086221 -0.64361944906129454 0.65717167827985468
v 0.94866209596844253 -0.62112996495760375 0.64296295604201159
v 0.94867595614840472 -0.59863960016939943 0.62925935697255497
v 0.94868971198440921 -0.57614819101238679 0.61606086539588056
v 0.94870343821007264 -0.55365531400775159 0.60336738434452686
v 0.94871720076044908 -0.53115966423279448 0.59117837122681671
v 0.94786515457481169 -0.50755259392067742 0.57810380193315825
v 0.94991095869508835 -0.46400304115255236 0.55889126310222459
v 0.94880234646917905 -0.44054634290096889 0.54722778979056075
v 0.94894139448948334 -0.41691187913437694 0.53721523045522535
v 0.95080708108900303 -0.37490514656446455 0.52237049762977605
v 0.94911704672377761 -0.34817487450409751 0.51107511125273342
v 0.9521210216575885 -0.30224359558432662 0.49898351699207971
v 0.95231987724217482 -0.27388943919832953 0.4910454796604129
v 0.95417230623690485 -0.24558965067299782 0.48545091496589199
v 0.95862881495048624 -0.2163923112559184 0.48295963434750111
v 0.96163597292364666 -0.19760369530858335 0.48200010814820626
v -0.17745473169882472 0.96357946223351776 0.48010765583568632
v 0.96294312327712761 -0.17821730664980381 0.47962985863305835
v -0.96155375202708859 0.18624652251521862 0.4797307746593874
v -0.15700624947622419 0.96389485426960975 0.4769954552994532
v 0.18414271213297356 -0.96261002707452137 0.48037323182751424
v 0.96306199942601833 -0.16102399644211079 0.47682267935533579
v -0.13929180046351017 0.96355367059934338 0.47403149067824812
v -0.95746074117353086 0.16423969466448118 0.47191606773060835
f 1 91 2
f 91 357 2
f 2 357 3
f 357 358 3
f 3 358 4
f 358 359 4
f 4 359 5
f 359 360 5
f 5 360 6
f 360 361 6
f 6 361 7
f 361 362 7
f 7 362 8
f 362 363 8
f 8 363 9
f 363 364 9
f 9 364 10
f 364 365 10
f 10 365 11
f 365 366 11
f 11 366 12
f 366 367 12
f 12 367 13
f 367 368 13
f 13 368 14
f 368 369 14
f 14 369 15
f 369 370 15
f 15 370 16
f 370 371 16
f 16 371 17
f 371 372 17
f 17 372 18
f 372 373 18
f 18 373 19
f 373 374 19
f 19 374 20
f 374 375 20
f 20 375 21
f 375 376 21
f 21 376 22
f 376 377 22
f 22 377 23
f 377 378 23
f 23 378 24
f 378 379 24
f 24 379 25
f 379 380 25
f 25 380 26
f 380 381 26
f 26 381 27
f 381 382 27
f 27 382 28
f 382 383 28
f 28 383 29
f 383 384 29
f 29 384 30
f 384 385 30
f 30 385 31
f 385 386 31
f 31 386 32
f 386 387 32
f 32 387 33
f 387 388 33
f 33 388 34
f 388 389 34
f 34 389 35
f 389 390 35
f 35 390 36
f 390 391 36
f 36 391 37
f 391 392 37
f 37 392 38
f 392 393 38
f 38 393 39
f 393 394 39
f 39 394 40
f 394 395 40
f 40 395 41
f 395 396 41
f 41 396 42
f 396 397 42
f 42 397 43
f 397 398 43
f 43 398 44
f 398 399 44
f 44 399 45
f 399 400 45
f 45 400 46
f 400 401 46
f 46 401 47
f 401 402 47
f 47 402 48
f 402 403 48
f 48 403 49
f 403 404 49
f 49 404 50
f 404 405 50
f 50 405 51
f 405 406 51
f 51 406 52
f 406 407 52
f 52 407 53
f 407 408 53
f 53 408 54
f 408 409 54
f 54 409 55
f 409 410 55
f 55 410 56
f 410 411 56
f 56 411 57
f 411 412 57
f 57 412 58
f 412 413 58
f 58 413 59
f 413 414 59
f 59 414 60
f 414 415 60
f 60 415 61
f 415 416 61
f 61 416 62
f 416 417 62
f 62 417 63
f 417 418 63
f 63 418 64
f 418 419 64
f 64 419 65
f 419 420 65
f 65 420 66
f 420 421 66
f 66 421 67
f 421 422 67
f 67 422 68
f 422 423 68
f 68 423 69
f 423 424 69
f 69 424 70
f 424 425 70
f 70 425 71
f 425 426 71
f 71 426 72
f 426 427 72
f 72 427 73
f 427 428 73
f 73 428 74
f 428 429 74
f 74 429 75
f 429 430 75
f 75 430 76
f 430 431 76
f 76 431 77
f 431 432 77
f 77 432 78
f 432 433 78
f 78 433 79
f 433 434 79
f 79 434 80
f 434 435 80
f 80 435 81
f 435 436 81
f 81 436 82
f 436 437 82
f 82 437 83
f 437 438 83
f 83 438 84
f 438 439 84
f 84 439 85
f 439 440 85
f 85 440 86
f 440 441 86
f 86 441 87
f 441 442 87
f 87 442 88
f 442 443 88
f 88 443 89
f 443 444 89
f 89 444 90
f 444 92 90
f 91 93 357
f 93 445 357
f 357 445 358
f 445 446 358
f 358 446 359
f 446 447 359
f 359 447 360
f 447 448 360
f 360 448 361
f 448 449 361
f 361 449 362
f 449 450 362
f 362 450 363
f 450 451 363
f 363 451 364
f 451 452 364
f 364 452 365
f 452 453 365
f 365 453 366
f 453 454 366
f 366 454 367
f 454 455 367
f 367 455 368
f 455 456 368
f 368 456 369
f 456 457 369
f 369 457 370
f 457 458 370
f 370 458 371
f 458 459 371
f 371 459 372
f 459 460 372
f 372 460 373
f 460 461 373
f 373 461 374
f 461 462 374
f 374 462 375
f 462 463 375
f 375 463 376
f 463 464 376
f 376 464 377
f 464 465 377
f 377 465 378
f 465 466 378
f 378 466 379
f 466 467 379
f 379 467 380
f 467 468 380
f 380 468 381
f 468 469 381
f 381 469 382
f 469 470 382
f 382 470 383
f 470 471 383
f 383 471 384
f 471 472 384
f 384 472 385
f 472 473 385
f 385 473 386
f 473 474 386
f 386 474 387
f 474 475 387
f 387 475 388
f 475 476 388
f 388 476 389
f 476 477 389
f 389 477 390
f 477 478 390
f 390 478 391
f 478 479 391
f 391 479 392
f 479 480 392
f 392 480 393
f 480 481 393
f 393 481 394
f 481 482 394
f 394 482 395
f 482 483 395
f 395 483 396
f 483 484 396
f 396 484 397
f 484 485 397
f 397 485 398
f 485 486 398
f 398 486 399
f 486 487 399
f 399 487 400
f 487 488 400
f 400 488 401
f 488 489 401
f 401 489 402
f 489 490 402
f 402 490 403
f 490 491 403
f 403 491 404
f 491 492 404
f 404 492 405
f 492 493 405
f 405 493 406
f 493 494 406
f 406 494 407
f 494 495 407
f 407 495 9358
f 495 496 9358
f 408 9358 9353
f 9353 9358 497
f 409 9353 8101
f 8101 9353 498
f 410 8101 8102
f 8102 8101 8136
f 411 8102 8103
f 499 500 8103
f 412 8103 8104
f 500 8138 8104
f 413 8104 8105
f 501 502 8105
f 414 8105 8106
f 502 8140 8106
f 415 8106 8107
f 503 504 8107
f 416 8107 8108
f 504 8142 8108
f 417 8108 8109
f 505 506 8109
f 418 8109 8110
f 506 8144 8110
f 419 8110 8111
f 507 508 8111
f 420 8111 8112
f 508 8146 8112
f 421 8112 8113
f 509 510 8113
f 422 8113 8114
f 510 8148 8114
f 423 8114 8115
f 511 512 8115
f 424 8115 8116
f 512 8150 8116
f 425 8116 8117
f 513 514 8117
f 426 8117 8118
f 514 8152 8118
f 427 8118 8119
f 515 516 8119
f 428 8119 8120
f 516 8154 8120
f 429 8120 8121
f 517 518 8121
f 430 8121 8122
f 518 8156 8122
f 431 8122 8123
f 519 520 8123
f 432 8123 8124
f 520 8158 8124
f 433 8124 8125
f 521 522 8125
f 434 8125 8126
f 522 8160 8126
f 435 8126 8127
f 523 524 8127
f 436 8127 8128
f 524 8162 8128
f 437 8128 8129
f 525 526 8129
f 438 8129 8130
f 526 8164 8130
f 439 8130 8131
f 527 528 8131
f 440 8131 8132
f 528 8166 8132
f 441 8132 8133
f 529 530 8133
f 442 8133 8134
f 8168 531 530
f 443 8134 8135
f 531 8169 8135
f 444 532 92
f 532 94 92
f 93 95 445
f 95 533 445
f 445 533 446
f 533 534 446
f 446 534 447
f 534 535 447
f 447 535 448
f 535 536 448
f 448 536 449
f 536 537 449
f 449 537 450
f 537 538 450
f 450 538 451
f 538 539 451
f 451 539 452
f 539 540 452
f 452 540 453
f 540 541 453
f 453 541 454
f 541 542 454
f 454 542 455
f 542 543 455
f 455 543 456
f 543 544 456
f 456 544 457
f 544 545 457
f 457 545 458
f 545 546 458
f 458 546 459
f 546 547 459
f 459 547 460
f 547 548 460
f 460 548 461
f 548 549 461
f 461 549 462
f 549 550 462
f 462 550 463
f 550 551 463
f 463 551 464
f 551 552 464
f 464 552 465
f 552 553 465
f 465 553 466
f 553 554 466
f 466 554 467
f 554 555 467
f 467 555 468
f 555 556 468
f 468 556 469
f 556 557 469
f 469 557 470
f 557 558 470
f 470 558 471
f 558 559 471
f 471 559 472
f 559 560 472
f 472 560 473
f 560 561 473
f 473 561 474
f 561 562 474
f 474 562 475
f 562 563 475
f 475 563 476
f 563 564 476
f 476 564 477
f 564 565 477
f 477 565 478
f 565 566 478
f 478 566 479
f 566 567 479
f 479 567 480
f 567 568 480
f 480 568 481
f 568 569 481
f 481 569 482
f 569 570 482
f 482 570 483
f 570 571 483
f 483 571 484
f 571 572 484
f 484 572 485
f 572 573 485
f 485 573 486
f 573 574 486
f 486 574 487
f 574 575 487
f 487 575 488
f 575 576 488
f 488 576 489
f 576 577 489
f 489 577 490
f 577 578 490
f 490 578 491
f 578 579 491
f 491 579 492
f 579 580 492
f 492 580 493
f 580 581 493
f 493 581 494
f 581 582 494
f 494 582 495
f 582 583 495
f 495 583 496
f 583 584 496
f 496 584 497
f 584 585 497
f 497 585 498
f 585 586 498
f 498 586 8136
f 586 587 8136
f 499 587 8137
f 587 8170 8137
f 500 8137 8138
f 588 589 8138
f 501 589 8139
f 589 8172 8139
f 502 8139 8140
f 590 591 8140
f 503 591 8141
f 591 8174 8141
f 504 8141 8142
f 592 593 8142
f 505 593 8143
f 593 8176 8143
f 506 8143 8144
f 594 595 8144
f 507 595 8145
f 595 8178 8145
f 508 8145 8146
f 596 597 8146
f 509 597 8147
f 597 8180 8147
f 510 8147 8148
f 598 599 8148
f 511 599 8149
f 599 8182 8149
f 512 8149 8150
f 600 601 8150
f 513 601 8151
f 601 8184 8151
f 514 8151 8152
f 602 603 8152
f 515 603 8153
f 603 8186 8153
f 516 8153 8154
f 604 605 8154
f 517 605 8155
f 605 8188 8155
f 518 8155 8156
f 606 607 8156
f 519 607 8157
f 607 8190 8157
f 520 8157 8158
f 608 609 8158
f 521 609 8159
f 609 8192 8159
f 522 8159 8160
f 610 611 8160
f 523 611 8161
f 611 8194 8161
f 524 8161 8162
f 612 613 8162
f 525 613 8163
f 613 8196 8163
f 526 8163 8164
f 614 615 8164
f 527 615 8165
f 615 8198 8165
f 528 8165 8166
f 616 617 8166
f 529 617 8167
f 617 8200 8167
f 530 8167 8168
f 618 619 8168
f 531 619 8169
f 619 8202 8169
f 532 620 94
f 620 96 94
f 95 97 533
f 97 621 533
f 533 621 534
f 621 622 534
f 534 622 535
f 622 623 535
f 535 623 536
f 623 624 536
f 536 624 537
f 624 625 537
f 537 625 538
f 625 626 538
f 538 626 539
f 626 627 539
f 539 627 540
f 627 628 540
f 540 628 541
f 628 629 541
f 541 629 542
f 629 630 542
f 542 630 543
f 630 631 543
f 543 631 544
f 631 632 544
f 544 632 545
f 632 633 545
f 545 633 546
f 633 634 546
f 546 634 547
f 634 635 547
f 547 635 548
f 635 636 548
f 548 636 549
f 636 637 549
f 549 637 550
f 637 638 550
f 550 638 551
f 638 639 551
f 551 639 552
f 639 640 552
f 552 640 553
f 640 641 553
f 553 641 554
f 641 642 554
f 554 642 555
f 642 643 555
f 555 643 556
f 643 644 556
f 556 644 557
f 644 645 557
f 557 645 558
f 645 646 558
f 558 646 559
f 646 647 559
f 559 647 560
f 647 648 560
f 560 648 561
f 648 649 561
f 561 649 562
f 649 650 562
f 562 650 563
f 650 651 563
f 563 651 564
f 651 652 564
f 564 652 565
f 652 653 565
f 565 653 566
f 653 654 566
f 566 654 567
f 654 655 567
f 567 655 568
f 655 656 568
f 568 656 569
f 656 657 569
f 569 657 570
f 657 658 570
f 570 658 571
f 658 659 571
f 571 659 572
f 659 660 572
f 572 660 573
f 660 661 573
f 573 661 574
f 661 662 574
f 574 662 575
f 662 663 575
f 575 663 576
f 663 664 576
f 576 664 577
f 664 665 577
f 577 665 578
f 665 666 578
f 578 666 579
f 666 667 579
f 579 667 580
f 667 668 580
f 580 668 581
f 668 669 581
f 581 669 582
f 669 670 582
f 582 670 583
f 670 671 583
f 583 671 584
f 671 672 584
f 584 672 585
f 672 673 585
f 585 673 586
f 673 674 586
f 586 674 587
f 674 675 587
f 587 675 8170
f 675 676 8170
f 588 8170 8171
f 676 8203 8171
f 589 8171 8172
f 677 678 8172
f 590 678 8173
f 678 8205 8173
f 591 8173 8174
f 679 680 8174
f 592 680 8175
f 680 8207 8175
f 593 8175 8176
f 681 682 8176
f 594 682 8177
f 682 8209 8177
f 595 8177 8178
f 683 684 8178
f 596 684 8179
f 684 8211 8179
f 597 8179 8180
f 685 686 8180
f 598 686 8181
f 686 8213 8181
f 599 8181 8182
f 687 688 8182
f 600 688 8183
f 688 8215 8183
f 601 8183 8184
f 689 690 8184
f 602 690 8185
f 690 8217 8185
f 603 8185 8186
f 691 692 8186
f 604 692 8187
f 692 8219 8187
f 605 8187 8188
f 693 694 8188
f 606 694 8189
f 694 8221 8189
f 607 8189 8190
f 695 696 8190
f 608 696 8191
f 696 8223 8191
f 609 8191 8192
f 697 698 8192
f 610 698 8193
f 698 8225 8193
f 611 8193 8194
f 699 700 8194
f 612 700 8195
f 700 8227 8195
f 613 8195 8196
f 701 702 8196
f 614 702 8197
f 702 8229 8197
f 615 8197 8198
f 703 704 8198
f 616 704 8199
f 704 8231 8199
f 617 8199 8200
f 705 706 8200
f 618 706 8201
f 706 8233 8201
f 619 8201 8202
f 707 708 8202
f 620 708 96
f 708 98 96
f 97 99 621
f 99 709 621
f 621 709 622
f 709 710 622
f 622 710 623
f 710 711 623
f 623 711 624
f 711 712 624
f 624 712 625
f 712 713 625
f 625 713 626
f 713 714 626
f 626 714 627
f 714 715 627
f 627 715 628
f 715 716 628
f 628 716 629
f 716 717 629
f 629 717 630
f 717 718 630
f 630 718 631
f 718 719 631
f 631 719 632
f 719 720 632
f 632 720 633
f 720 721 633
f 633 721 634
f 721 722 634
f 634 722 635
f 722 723 635
f 635 723 636
f 723 724 636
f 636 724 637
f 724 725 637
f 637 725 638
f 725 726 638
f 638 726 639
f 726 727 639
f 639 727 640
f 727 728 640
f 640 728 641
f 728 729 641
f 641 729 642
f 729 730 642
f 642 730 643
f 730 731 643
f 643 731 644
f 731 732 644
f 644 732 645
f 732 733 645
f 645 733 646
f 733 734 646
f 646 734 647
f 734 735 647
f 647 735 648
f 735 736 648
f 648 736 649
f 736 737 649
f 649 737 650
f 737 738 650
f 650 738 651
f 738 739 651
f 651 739 652
f 739 740 652
f 652 740 653
f 740 741 653
f 653 741 654
f 741 742 654
f 654 742 655
f 742 743 655
f 655 743 656
f 743 744 656
f 656 744 657
f 744 745 657
f 657 745 658
f 745 746 658
f 658 746 659
f 746 747 659
f 659 747 660
f 747 748 660
f 660 748 661
f 748 749 661
f 661 749 662
f 749 750 662
f 662 750 663
f 750 751 663
f 663 751 664
f 751 752 664
f 664 752 665
f 752 753 665
f 665 753 666
f 753 754 666
f 666 754 667
f 754 755 667
f 667 755 668
f 755 756 668
f 668 756 669
f 756 757 669
f 669 757 670
f 757 758 670
f 670 758 671
f 758 759 671
f 671 759 672
f 759 760 672
f 672 760 673
f 760 761 673
f 673 761 674
f 761 762 674
f 674 762 675
f 762 763 675
f 675 763 676
f 763 764 676
f 676 764 8203
f 764 765 8203
f 677 8203 8204
f 765 8235 8204
f 678 8204 8205
f 766 767 8205
f 679 767 8206
f 767 8237 8206
f 680 8206 8207
f 768 769 8207
f 681 769 8208
f 769 8239 8208
f 682 8208 8209
f 770 771 8209
f 683 771 8210
f 771 8241 8210
f 684 8210 8211
f 772 773 8211
f 685 773 8212
f 773 8243 8212
f 686 8212 8213
f 774 775 8213
f 687 775 8214
f 775 8245 8214
f 688 8214 8215
f 776 777 8215
f 689 777 8216
f 777 8247 8216
f 690 8216 8217
f 778 779 8217
f 691 779 8218
f 779 8249 8218
f 692 8218 8219
f 780 781 8219
f 693 781 8220
f 781 8251 8220
f 694 8220 8221
f 782 783 8221
f 695 783 8222
f 783 8253 8222
f 696 8222 8223
f 784 785 8223
f 697 785 8224
f 785 8255 8224
f 698 8224 8225
f 786 787 8225
f 699 787 8226
f 787 8257 8226
f 700 8226 8227
f 788 789 8227
f 701 789 8228
f 789 8259 8228
f 702 8228 8229
f 790 791 8229
f 703 791 8230
f 791 8261 8230
f 704 8230 8231
f 792 793 8231
f 705 793 8232
f 793 8263 8232
f 706 8232 8233
f 794 795 8233
f 707 795 8234
f 795 8265 8234
f 708 796 98
f 796 100 98
f 99 101 709
f 101 797 709
f 709 797 710
f 797 798 710
f 710 798 711
f 798 799 711
f 711 799 712
f 799 800 712
f 712 800 713
f 800 801 713
f 713 801 714
f 801 802 714
f 714 802 715
f 802 803 715
f 715 803 716
f 803 804 716
f 716 804 717
f 804 805 717
f 717 805 718
f 805 806 718
f 718 806 719
f 806 807 719
f 719 807 720
f 807 808 720
f 720 808 721
f 808 809 721
f 721 809 722
f 809 810 722
f 722 810 723
f 810 811 723
f 723 811 724
f 811 812 724
f 724 812 725
f 812 813 725
f 725 813 726
f 813 814 726
f 726 814 727
f 814 815 727
f 727 815 728
f 815 816 728
f 728 816 729
f 816 817 729
f 729 817 730
f 817 818 730
f 730 818 731
f 818 819 731
f 731 819 732
f 819 820 732
f 732 820 733
f 820 821 733
f 733 821 734
f 821 822 734
f 734 822 735
f 822 823 735
f 735 823 736
f 823 824 736
f 736 824 737
f 824 825 737
f 737 825 738
f 825 826 738
f 738 826 739
f 826 827 739
f 739 827 740
f 827 828 740
f 740 828 741
f 828 829 741
f 741 829 742
f 829 830 742
f 742 830 743
f 830 831 743
f 743 831 744
f 831 832 744
f 744 832 745
f 832 833 745
f 745 833 746
f 833 834 746
f 746 834 747
f 834 835 747
f 747 835 748
f 835 836 748
f 748 836 749
f 836 837 749
f 749 837 750
f 837 838 750
f 750 838 751
f 838 839 751
f 751 839 752
f 839 840 752
f 752 840 753
f 840 841 753
f 753 841 754
f 841 842 754
f 754 842 755
f 842 843 755
f 755 843 756
f 843 844 756
f 756 844 757
f 844 845 757
f 757 845 758
f 845 846 758
f 758 846 759
f 846 847 759
f 759 847 760
f 847 848 760
f 760 848 761
f 848 849 761
f 761 849 762
f 849 850 762
f 762 850 763
f 850 851 763
f 763 851 764
f 851 852 764
f 764 852 765
f 852 853 765
f 765 853 8235
f 853 854 8235
f 766 8235 8236
f 854 8266 8236
f 767 8236 8237
f 855 856 8237
f 768 856 8238
f 856 8268 8238
f 769 8238 8239
f 857 858 8239
f 770 858 8240
f 858 8270 8240
f 771 8240 8241
f 859 860 8241
f 772 860 8242
f 860 8272 8242
f 773 8242 8243
f 861 862 8243
f 774 862 8244
f 862 8274 8244
f 775 8244 8245
f 863 864 8245
f 776 864 8246
f 864 8276 8246
f 777 8246 8247
f 865 866 8247
f 778 866 8248
f 866 8278 8248
f 779 8248 8249
f 867 868 8249
f 780 868 8250
f 868 8280 8250
f 781 8250 8251
f 869 870 8251
f 782 870 8252
f 870 8282 8252
f 783 8252 8253
f 871 872 8253
f 784 872 8254
f 872 8284 8254
f 785 8254 8255
f 873 874 8255
f 786 874 8256
f 874 8286 8256
f 787 8256 8257
f 875 876 8257
f 788 876 8258
f 876 8288 8258
f 789 8258 8259
f 877 878 8259
f 790 878 8260
f 878 879 8260
f 791 8260 8261
f 879 880 8261
f 792 880 8262
f 880 8291 8262
f 793 8262 8263
f 881 882 8263
f 794 882 8264
f 882 8293 8264
f 795 8264 8265
f 883 884 8265
f 796 884 100
f 884 102 100
f 101 103 797
f 103 885 797
f 797 885 798
f 885 886 798
f 798 886 799
f 886 887 799
f 799 887 800
f 887 888 800
f 800 888 801
f 888 889 801
f 801 889 802
f 889 890 802
f 802 890 803
f 890 891 803
f 803 891 804
f 891 892 804
f 804 892 805
f 892 893 805
f 805 893 806
f 893 894 806
f 806 894 807
f 894 895 807
f 807 895 808
f 895 896 808
f 808 896 809
f 896 897 809
f 809 897 810
f 897 898 810
f 810 898 811
f 898 899 811
f 811 899 812
f 899 900 812
f 812 900 813
f 900 901 813
f 813 901 814
f 901 902 814
f 814 902 815
f 902 903 815
f 815 903 816
f 903 904 816
f 816 904 817
f 904 905 817
f 817 905 818
f 905 906 818
f 818 906 819
f 906 907 819
f 819 907 820
f 907 908 820
f 820 908 821
f 908 909 821
f 821 909 822
f 909 910 822
f 822 910 823
f 910 911 823
f 823 911 824
f 911 912 824
f 824 912 825
f 912 913 825
f 825 913 826
f 913 914 826
f 826 914 827
f 914 915 827
f 827 915 828
f 915 916 828
f 828 916 829
f 916 917 829
f 829 917 830
f 917 918 830
f 830 918 831
f 918 919 831
f 831 919 832
f 919 920 832
f 832 920 833
f 920 921 833
f 833 921 834
f 921 922 834
f 834 922 835
f 922 923 835
f 835 923 836
f 923 924 836
f 836 924 837
f 924 925 837
f 837 925 838
f 925 926 838
f 838 926 839
f 926 927 839
f 839 927 840
f 927 928 840
f 840 928 841
f 928 929 841
f 841 929 842
f 929 930 842
f 842 930 843
f 930 931 843
f 843 931 844
f 931 932 844
f 844 932 845
f 932 933 845
f 845 933 846
f 933 934 846
f 846 934 847
f 934 935 847
f 847 935 848
f 935 936 848
f 848 936 849
f 936 937 849
f 849 937 850
f 937 938 850
f 850 938 851
f 938 939 851
f 851 939 852
f 939 940 852
f 852 940 853
f 940 941 853
f 853 941 854
f 941 942 854
f 854 942 8266
f 942 943 8266
f 855 8266 8267
f 943 8295 8267
f 856 8267 8268
f 944 945 8268
f 857 945 8269
f 945 8297 8269
f 858 8269 8270
f 946 947 8270
f 859 947 8271
f 947 8299 8271
f 860 8271 8272
f 948 949 8272
f 861 949 8273
f 949 8301 8273
f 862 8273 8274
f 950 951 8274
f 863 951 8275
f 951 8303 8275
f 864 8275 8276
f 952 953 8276
f 865 953 8277
f 953 8305 8277
f 866 8277 8278
f 954 955 8278
f 867 955 8279
f 955 8307 8279
f 868 8279 8280
f 956 957 8280
f 869 957 8281
f 957 8309 8281
f 870 8281 8282
f 958 959 8282
f 871 959 8283
f 959 8311 8283
f 872 8283 8284
f 960 961 8284
f 873 961 8285
f 961 8313 8285
f 874 8285 8286
f 962 963 8286
f 875 963 8287
f 963 8315 8287
f 876 8287 8288
f 964 965 8288
f 877 965 8289
f 965 8317 8289
f 878 8289 967
f 879 967 8290
f 967 8319 8290
f 880 8290 8291
f 968 969 8291
f 881 969 8292
f 969 8321 8292
f 882 8292 8293
f 970 971 8293
f 883 971 8294
f 971 8323 8294
f 884 972 102
f 972 104 102
f 103 105 885
f 105 973 885
f 885 973 886
f 973 974 886
f 886 974 887
f 974 975 887
f 887 975 888
f 975 976 888
f 888 976 889
f 976 977 889
f 889 977 890
f 977 978 890
f 890 978 891
f 978 979 891
f 891 979 892
f 979 980 892
f 892 980 893
f 980 981 893
f 893 981 894
f 981 982 894
f 894 982 895
f 982 983 895
f 895 983 896
f 983 984 896
f 896 984 897
f 984 985 897
f 897 985 898
f 985 986 898
f 898 986 899
f 986 987 899
f 899 987 900
f 987 988 900
f 900 988 901
f 988 989 901
f 901 989 902
f 989 990 902
f 902 990 903
f 990 991 903
f 903 991 904
f 991 992 904
f 904 992 905
f 992 993 905
f 905 993 906
f 993 994 906
f 906 994 907
f 994 995 907
f 907 995 908
f 995 996 908
f 908 996 909
f 996 997 909
f 909 997 910
f 997 998 910
f 910 998 911
f 998 999 911
f 911 999 912
f 999 1000 912
f 912 1000 913
f 1000 1001 913
f 913 1001 914
f 1001 1002 914
f 914 1002 915
f 1002 1003 915
f 915 1003 916
f 1003 1004 916
f 916 1004 917
f 1004 1005 917
f 917 1005 918
f 1005 1006 918
f 918 1006 919
f 1006 1007 919
f 919 1007 920
f 1007 1008 920
f 920 1008 921
f 1008 1009 921
f 921 1009 922
f 1009 1010 922
f 922 1010 923
f 1010 1011 923
f 923 1011 924
f 1011 1012 924
f 924 1012 925
f 1012 1013 925
f 925 1013 926
f 1013 1014 926
f 926 1014 927
f 1014 1015 927
f 927 1015 928
f 1015 1016 928
f 928 1016 929
f 1016 1017 929
f 929 1017 930
f 1017 1018 930
f 930 1018 931
f 1018 1019 931
f 931 1019 932
f 1019 1020 932
f 932 1020 933
f 1020 1021 933
f 933 1021 934
f 1021 1022 934
f 934 1022 935
f 1022 1023 935
f 935 1023 936
f 1023 1024 936
f 936 1024 937
f 1024 1025 937
f 937 1025 938
f 1025 1026 938
f 938 1026 939
f 1026 1027 939
f 939 1027 940
f 1027 1028 940
f 940 1028 941
f 1028 1029 941
f 941 1029 942
f 1029 1030 942
f 942 1030 943
f 1030 1031 943
f 943 1031 8295
f 1031 1032 8295
f 944 8295 8296
f 1032 8324 8296
f 945 8296 8297
f 1033 1034 8297
f 946 1034 8298
f 1034 8326 8298
f 947 8298 8299
f 1035 1036 8299
f 948 1036 8300
f 1036 8328 8300
f 949 8300 8301
f 1037 1038 8301
f 950 1038 8302
f 1038 8330 8302
f 951 8302 8303
f 1039 1040 8303
f 952 1040 8304
f 1040 8332 8304
f 953 8304 8305
f 1041 1042 8305
f 954 1042 8306
f 1042 8334 8306
f 955 8306 8307
f 1043 1044 8307
f 956 1044 8308
f 1044 8336 8308
f 957 8308 8309
f 1045 1046 8309
f 958 1046 8310
f 1046 8338 8310
f 959 8310 8311
f 1047 1048 8311
f 960 1048 8312
f 1048 8340 8312
f 961 8312 8313
f 1049 1050 8313
f 962 1050 8314
f 1050 8342 8314
f 963 8314 8315
f 1051 1052 8315
f 964 1052 8316
f 1052 8344 8316
f 965 8316 8317
f 1053 1054 8317
f 966 1054 8318
f 1054 8346 8318
f 967 8318 8319
f 1055 1056 8319
f 968 1056 8320
f 1056 8348 8320
f 969 8320 8321
f 1057 1058 8321
f 970 1058 8322
f 1058 8350 8322
f 971 8322 8323
f 1059 1060 8323
f 972 1060 104
f 1060 106 104
f 105 107 973
f 107 1061 973
f 973 1061 974
f 1061 1062 974
f 974 1062 975
f 1062 1063 975
f 975 1063 976
f 1063 1064 976
f 976 1064 977
f 1064 1065 977
f 977 1065 978
f 1065 1066 978
f 978 1066 979
f 1066 1067 979
f 979 1067 980
f 1067 1068 980
f 980 1068 981
f 1068 1069 981
f 981 1069 982
f 1069 1070 982
f 982 1070 983
f 1070 1071 983
f 983 1071 984
f 1071 1072 984
f 984 1072 985
f 1072 1073 985
f 985 1073 986
f 1073 1074 986
f 986 1074 987
f 1074 1075 987
f 987 1075 988
f 1075 1076 988
f 988 1076 989
f 1076 1077 989
f 989 1077 990
f 1077 1078 990
f 990 1078 991
f 1078 1079 991
f 991 1079 992
f 1079 1080 992
f 992 1080 993
f 1080 1081 993
f 993 1081 994
f 1081 1082 994
f 994 1082 995
f 1082 1083 995
f 995 1083 996
f 1083 1084 996
f 996 1084 997
f 1084 1085 997
f 997 1085 998
f 1085 1086 998
f 998 1086 999
f 1086 1087 999
f 999 1087 1000
f 1087 1088 1000
f 1000 1088 1001
f 1088 1089 1001
f 1001 1089 1002
f 1089 1090 1002
f 1002 1090 1003
f 1090 1091 1003
f 1003 1091 1004
f 1091 1092 1004
f 1004 1092 1005
f 1092 1093 1005
f 1005 1093 1006
f 1093 1094 1006
f 1006 1094 1007
f 1094 1095 1007
f 1007 1095 1008
f 1095 1096 1008
f 1008 1096 1009
f 1096 1097 1009
f 1009 1097 1010
f 1097 1098 1010
f 1010 1098 1011
f 1098 1099 1011
f 1011 1099 1012
f 1099 1100 1012
f 1012 1100 1013
f 1100 1101 1013
f 1013 1101 1014
f 1101 1102 1014
f 1014 1102 1015
f 1102 1103 1015
f 1015 1103 1016
f 1103 1104 1016
f 1016 1104 1017
f 1104 1105 1017
f 1017 1105 1018
f 1105 1106 1018
f 1018 1106 1019
f 1106 1107 1019
f 1019 1107 1020
f 1107 1108 1020
f 1020 1108 1021
f 1108 1109 1021
f 1021 1109 1022
f 1109 1110 1022
f 1022 1110 1023
f 1110 1111 1023
f 1023 1111 1024
f 1111 1112 1024
f 1024 1112 1025
f 1112 1113 1025
f 1025 1113 1026
f 1113 1114 1026
f 1026 1114 1027
f 1114 1115 1027
f 1027 1115 1028
f 1115 1116 1028
f 1028 1116 1029
f 1116 1117 1029
f 1029 1117 1030
f 1117 1118 1030
f 1030 1118 1031
f 1118 1119 1031
f 1031 1119 1032
f 1119 1120 1032
f 1032 1120 8324
f 1120 1121 8324
f 1033 8324 8325
f 1121 8352 8325
f 1034 8325 8326
f 1122 1123 8326
f 1035 1123 8327
f 1123 8354 8327
f 1036 8327 8328
f 1124 1125 8328
f 1037 1125 8329
f 1125 8356 8329
f 1038 8329 8330
f 1126 1127 8330
f 1039 1127 8331
f 1127 8358 8331
f 1040 8331 8332
f 1128 1129 8332
f 1041 1129 8333
f 1129 8360 8333
f 1042 8333 8334
f 1130 1131 8334
f 1043 1131 8335
f 1131 8362 8335
f 1044 8335 8336
f 1132 1133 8336
f 1045 1133 8337
f 1133 8364 8337
f 1046 8337 8338
f 1134 1135 8338
f 1047 1135 8339
f 1135 8366 8339
f 1048 8339 8340
f 1136 1137 8340
f 1049 1137 8341
f 1137 8368 8341
f 1050 8341 8342
f 1138 1139 8342
f 1051 1139 8343
f 1139 8370 8343
f 1052 8343 8344
f 1140 1141 8344
f 1053 1141 8345
f 1141 8372 8345
f 1054 8345 8346
f 1142 1143 8346
f 1055 1143 8347
f 1143 8374 8347
f 1056 8347 8348
f 1144 1145 8348
f 1057 1145 8349
f 1145 8376 8349
f 1058 8349 8350
f 1146 1147 8350
f 1059 1147 8351
f 1147 8378 8351
f 1060 1148 106
f 1148 108 106
f 107 109 1061
f 109 1149 1061
f 1061 1149 1062
f 1149 1150 1062
f 1062 1150 1063
f 1150 1151 1063
f 1063 1151 1064
f 1151 1152 1064
f 1064 1152 1065
f 1152 1153 1065
f 1065 1153 1066
f 1153 1154 1066
f 1066 1154 1067
f 1154 1155 1067
f 1067 1155 1068
f 1155 1156 1068
f 1068 1156 1069
f 1156 1157 1069
f 1069 1157 1070
f 1157 1158 1070
f 1070 1158 1071
f 1158 1159 1071
f 1071 1159 1072
f 1159 1160 1072
f 1072 1160 1073
f 1160 1161 1073
f 1073 1161 1074
f 1161 1162 1074
f 1074 1162 1075
f 1162 1163 1075
f 1075 1163 1076
f 1163 1164 1076
f 1076 1164 1077
f 1164 1165 1077
f 1077 1165 1078
f 1165 1166 1078
f 1078 1166 1079
f 1166 1167 1079
f 1079 1167 1080
f 1167 1168 1080
f 1080 1168 1081
f 1168 1169 1081
f 1081 1169 1082
f 1169 1170 1082
f 1082 1170 1083
f 1170 1171 1083
f 1083 1171 1084
f 1171 1172 1084
f 1084 1172 1085
f 1172 1173 1085
f 1085 1173 1086
f 1173 1174 1086
f 1086 1174 1087
f 1174 1175 1087
f 1087 1175 1088
f 1175 1176 1088
f 1088 1176 1089
f 1176 1177 1089
f 1089 1177 1090
f 1177 1178 1090
f 1090 1178 1091
f 1178 1179 1091
f 1091 1179 1092
f 1179 1180 1092
f 1092 1180 1093
f 1180 1181 1093
f 1093 1181 1094
f 1181 1182 1094
f 1094 1182 1095
f 1182 1183 1095
f 1095 1183 1096
f 1183 1184 1096
f 1096 1184 1097
f 1184 1185 1097
f 1097 1185 1098
f 1185 1186 1098
f 1098 1186 1099
f 1186 1187 1099
f 1099 1187 1100
f 1187 1188 1100
f 1100 1188 1101
f 1188 1189 1101
f 1101 1189 1102
f 1189 1190 1102
f 1102 1190 1103
f 1190 1191 1103
f 1103 1191 1104
f 1191 1192 1104
f 1104 1192 1105
f 1192 1193 1105
f 1105 1193 1106
f 1193 1194 1106
f 1106 1194 1107
f 1194 1195 1107
f 1107 1195 1108
f 1195 1196 1108
f 1108 1196 1109
f 1196 1197 1109
f 1109 1197 1110
f 1197 1198 1110
f 1110 1198 1111
f 1198 1199 1111
f 1111 1199 1112
f 1199 1200 1112
f 1112 1200 1113
f 1200 1201 1113
f 1113 1201 1114
f 1201 1202 1114
f 1114 1202 1115
f 1202 1203 1115
f 1115 1203 1116
f 1203 1204 1116
f 1116 1204 1117
f 1204 1205 1117
f 1117 1205 1118
f 1205 1206 1118
f 1118 1206 1119
f 1206 1207 1119
f 1119 1207 1120
f 1207 1208 1120
f 1120 1208 1121
f 1208 1209 1121
f 1121 1209 8352
f 1209 1210 8352
f 1122 8352 8353
f 1210 8379 8353
f 1123 8353 8354
f 1211 1212 8354
f 1124 1212 8355
f 1212 8381 8355
f 1125 8355 8356
f 1213 1214 8356
f 1126 1214 8357
f 1214 8383 8357
f 1127 8357 8358
f 1215 1216 8358
f 1128 1216 8359
f 1216 8385 8359
f 1129 8359 8360
f 1217 1218 8360
f 1130 1218 8361
f 1218 8387 8361
f 1131 8361 8362
f 1219 1220 8362
f 1132 1220 8363
f 1220 8389 8363
f 1133 8363 8364
f 1221 1222 8364
f 1134 1222 8365
f 1222 8391 8365
f 1135 8365 8366
f 1223 1224 8366
f 1136 1224 8367
f 1224 8393 8367
f 1137 8367 8368
f 1225 1226 8368
f 1138 1226 8369
f 1226 8395 8369
f 1139 8369 8370
f 1227 1228 8370
f 1140 1228 8371
f 1228 8397 8371
f 1141 8371 8372
f 1229 1230 8372
f 1142 1230 8373
f 1230 8399 8373
f 1143 8373 8374
f 1231 1232 8374
f 1144 1232 8375
f 1232 8401 8375
f 1145 8375 8376
f 1233 1234 8376
f 1146 1234 8377
f 1234 8403 8377
f 1147 8377 8378
f 1235 1236 8378
f 1148 1236 108
f 1236 110 108
f 109 111 1149
f 111 1237 1149
f 1149 1237 1150
f 1237 1238 1150
f 1150 1238 1151
f 1238 1239 1151
f 1151 1239 1152
f 1239 1240 1152
f 1152 1240 1153
f 1240 1241 1153
f 1153 1241 1154
f 1241 1242 1154
f 1154 1242 1155
f 1242 1243 1155
f 1155 1243 1156
f 1243 1244 1156
f 1156 1244 1157
f 1244 1245 1157
f 1157 1245 1158
f 1245 1246 1158
f 1158 1246 1159
f 1246 1247 1159
f 1159 1247 1160
f 1247 1248 1160
f 1160 1248 1161
f 1248 1249 1161
f 1161 1249 1162
f 1249 1250 1162
f 1162 1250 1163
f 1250 1251 1163
f 1163 1251 1164
f 1251 1252 1164
f 1164 1252 1165
f 1252 1253 1165
f 1165 1253 1166
f 1253 1254 1166
f 1166 1254 1167
f 1254 1255 1167
f 1167 1255 1168
f 1255 1256 1168
f 1168 1256 1169
f 1256 1257 1169
f 1169 1257 1170
f 1257 1258 1170
f 1170 1258 1171
f 1258 1259 1171
f 1171 1259 1172
f 1259 1260 1172
f 1172 1260 1173
f 1260 1261 1173
f 1173 1261 1174
f 1261 1262 1174
f 1174 1262 1175
f 1262 1263 1175
f 1175 1263 1176
f 1263 1264 1176
f 1176 1264 1177
f 1264 1265 1177
f 1177 1265 1178
f 1265 1266 1178
f 1178 1266 1179
f 1266 1267 1179
f 1179 1267 1180
f 1267 1268 1180
f 1180 1268 1181
f 1268 1269 1181
f 1181 1269 1182
f 1269 1270 1182
f 1182 1270 1183
f 1270 1271 1183
f 1183 1271 1184
f 1271 1272 1184
f 1184 1272 1185
f 1272 1273 1185
f 1185 1273 1186
f 1273 1274 1186
f 1186 1274 1187
f 1274 1275 1187
f 1187 1275 1188
f 1275 1276 1188
f 1188 1276 1189
f 1276 1277 1189
f 1189 1277 1190
f 1277 1278 1190
f 1190 1278 1191
f 1278 1279 1191
f 1191 1279 1192
f 1279 1280 1192
f 1192 1280 1193
f 1280 1281 1193
f 1193 1281 1194
f 1281 1282 1194
f 1194 1282 1195
f 1282 1283 1195
f 1195 1283 1196
f 1283 1284 1196
f 1196 1284 1197
f 1284 1285 1197
f 1197 1285 1198
f 1285 1286 1198
f 1198 1286 1199
f 1286 1287 1199
f 1199 1287 1200
f 1287 1288 1200
f 1200 1288 1201
f 1288 1289 1201
f 1201 1289 1202
f 1289 1290 1202
f 1202 1290 1203
f 1290 1291 1203
f 1203 1291 1204
f 1291 1292 1204
f 1204 1292 1205
f 1292 1293 1205
f 1205 1293 1206
f 1293 1294 1206
f 1206 1294 1207
f 1294 1295 1207
f 1207 1295 1208
f 1295 1296 1208
f 1208 1296 1209
f 1296 1297 1209
f 1209 1297 1210
f 1297 1298 1210
f 1210 1298 8379
f 1298 1299 8379
f 1211 8379 8380
f 1299 8405 8380
f 1212 8380 8381
f 1300 1301 8381
f 1213 1301 8382
f 1301 8407 8382
f 1214 8382 8383
f 1302 1303 8383
f 1215 1303 8384
f 1303 8409 8384
f 1216 8384 8385
f 1304 1305 8385
f 1217 1305 8386
f 1305 8411 8386
f 1218 8386 8387
f 1306 1307 8387
f 1219 1307 8388
f 1307 8413 8388
f 1220 8388 8389
f 1308 1309 8389
f 1221 1309 8390
f 1309 8415 8390
f 1222 8390 8391
f 1310 1311 8391
f 1223 1311 8392
f 1311 8417 8392
f 1224 8392 8393
f 1312 1313 8393
f 1225 1313 8394
f 1313 8419 8394
f 1226 8394 8395
f 1314 1315 8395
f 1227 1315 8396
f 1315 8421 8396
f 1228 8396 8397
f 1316 1317 8397
f 1229 1317 8398
f 1317 8423 8398
f 1230 8398 8399
f 1318 1319 8399
f 1231 1319 8400
f 1319 8425 8400
f 1232 8400 8401
f 1320 1321 8401
f 1233 1321 8402
f 1321 8427 8402
f 1234 8402 8403
f 1322 1323 8403
f 1235 1323 8404
f 1323 8429 8404
f 1236 1324 110
f 1324 112 110
f 111 113 1237
f 113 1325 1237
f 1237 1325 1238
f 1325 1326 1238
f 1238 1326 1239
f 1326 1327 1239
f 1239 1327 1240
f 1327 1328 1240
f 1240 1328 1241
f 1328 1329 1241
f 1241 1329 1242
f 1329 1330 1242
f 1242 1330 1243
f 1330 1331 1243
f 1243 1331 1244
f 1331 1332 1244
f 1244 1332 1245
f 1332 1333 1245
f 1245 1333 1246
f 1333 1334 1246
f 1246 1334 1247
f 1334 1335 1247
f 1247 1335 1248
f 1335 1336 1248
f 1248 1336 1249
f 1336 1337 1249
f 1249 1337 1250
f 1337 1338 1250
f 1250 1338 1251
f 1338 1339 1251
f 1251 1339 1252
f 1339 1340 1252
f 1252 1340 1253
f 1340 1341 1253
f 1253 1341 1254
f 1341 1342 1254
f 1254 1342 1255
f 1342 1343 1255
f 1255 1343 1256
f 1343 1344 1256
f 1256 1344 1257
f 1344 1345 1257
f 1257 1345 1258
f 1345 1346 1258
f 1258 1346 1259
f 1346 1347 1259
f 1259 1347 1260
f 1347 1348 1260
f 1260 1348 1261
f 1348 1349 1261
f 1261 1349 1262
f 1349 1350 1262
f 1262 1350 1263
f 1350 1351 1263
f 1263 1351 1264
f 1351 1352 1264
f 1264 1352 1265
f 1352 1353 1265
f 1265 1353 1266
f 1353 1354 1266
f 1266 1354 1267
f 1354 1355 1267
f 1267 1355 1268
f 1355 1356 1268
f 1268 1356 1269
f 1356 1357 1269
f 1269 1357 1270
f 1357 1358 1270
f 1270 1358 1271
f 1358 1359 1271
f 1271 1359 1272
f 1359 1360 1272
f 1272 1360 1273
f 1360 1361 1273
f 1273 1361 1274
f 1361 1362 1274
f 1274 1362 1275
f 1362 1363 1275
f 1275 1363 1276
f 1363 1364 1276
f 1276 1364 1277
f 1364 1365 1277
f 1277 1365 1278
f 1365 1366 1278
f 1278 1366 1279
f 1366 1367 1279
f 1279 1367 1280
f 1367 1368 1280
f 1280 1368 1281
f 1368 1369 1281
f 1281 1369 1282
f 1369 1370 1282
f 1282 1370 1283
f 1370 1371 1283
f 1283 1371 1284
f 1371 1372 1284
f 1284 1372 1285
f 1372 1373 1285
f 1285 1373 1286
f 1373 1374 1286
f 1286 1374 1287
f 1374 1375 1287
f 1287 1375 1288
f 1375 1376 1288
f 1288 1376 1289
f 1376 1377 1289
f 1289 1377 1290
f 1377 1378 1290
f 1290 1378 1291
f 1378 1379 1291
f 1291 1379 1292
f 1379 1380 1292
f 1292 1380 1293
f 1380 1381 1293
f 1293 1381 1294
f 1381 1382 1294
f 1294 1382 1295
f 1382 1383 1295
f 1295 1383 1296
f 1383 1384 1296
f 1296 1384 1297
f 1384 1385 1297
f 1297 1385 1298
f 1385 1386 1298
f 1298 1386 1299
f 1386 1387 1299
f 1299 1387 8405
f 1387 1388 8405
f 1300 8405 8406
f 1388 8430 8406
f 1301 8406 8407
f 1389 1390 8407
f 1302 1390 8408
f 1390 8432 8408
f 1303 8408 8409
f 1391 1392 8409
f 1304 1392 8410
f 1392 8434 8410
f 1305 8410 8411
f 1393 1394 8411
f 1306 1394 8412
f 1394 8436 8412
f 1307 8412 8413
f 1395 1396 8413
f 1308 1396 8414
f 1396 8438 8414
f 1309 8414 8415
f 1397 1398 8415
f 1310 1398 8416
f 1398 8440 8416
f 1311 8416 8417
f 1399 1400 8417
f 1312 1400 8418
f 1400 8442 8418
f 1313 8418 8419
f 1401 1402 8419
f 1314 1402 8420
f 1402 8444 8420
f 1315 8420 8421
f 1403 1404 8421
f 1316 1404 8422
f 1404 8446 8422
f 1317 8422 8423
f 1405 1406 8423
f 1318 1406 8424
f 1406 8448 8424
f 1319 8424 8425
f 1407 1408 8425
f 1320 1408 8426
f 1408 8450 8426
f 1321 8426 8427
f 1409 1410 8427
f 1322 1410 8428
f 1410 8452 8428
f 1323 8428 8429
f 1411 1412 8429
f 1324 1412 112
f 1412 114 112
f 113 115 1325
f 115 1413 1325
f 1325 1413 1326
f 1413 1414 1326
f 1326 1414 1327
f 1414 1415 1327
f 1327 1415 1328
f 1415 1416 1328
f 1328 1416 1329
f 1416 1417 1329
f 1329 1417 1330
f 1417 1418 1330
f 1330 1418 1331
f 1418 1419 1331
f 1331 1419 1332
f 1419 1420 1332
f 1332 1420 1333
f 1420 1421 1333
f 1333 1421 1334
f 1421 1422 1334
f 1334 1422 1335
f 1422 1423 1335
f 1335 1423 1336
f 1423 1424 1336
f 1336 1424 1337
f 1424 1425 1337
f 1337 1425 1338
f 1425 1426 1338
f 1338 1426 1339
f 1426 1427 1339
f 1339 1427 1340
f 1427 1428 1340
f 1340 1428 1341
f 1428 1429 1341
f 1341 1429 1342
f 1429 1430 1342
f 1342 1430 1343
f 1430 1431 1343
f 1343 1431 1344
f 1431 1432 1344
f 1344 1432 1345
f 1432 1433 1345
f 1345 1433 1346
f 1433 1434 1346
f 1346 1434 1347
f 1434 1435 1347
f 1347 1435 1348
f 1435 1436 1348
f 1348 1436 1349
f 1436 1437 1349
f 1349 1437 1350
f 1437 1438 1350
f 1350 1438 1351
f 1438 1439 1351
f 1351 1439 1352
f 1439 1440 1352
f 1352 1440 1353
f 1440 1441 1353
f 1353 1441 1354
f 1441 1442 1354
f 1354 1442 1355
f 1442 1443 1355
f 1355 1443 1356
f 1443 1444 1356
f 1356 1444 1357
f 1444 1445 1357
f 1357 1445 1358
f 1445 1446 1358
f 1358 1446 1359
f 1446 1447 1359
f 1359 1447 1360
f 1447 1448 1360
f 1360 1448 1361
f 1448 1449 1361
f 1361 1449 1362
f 1449 1450 1362
f 1362 1450 1363
f 1450 1451 1363
f 1363 1451 1364
f 1451 1452 1364
f 1364 1452 1365
f 1452 1453 1365
f 1365 1453 1366
f 1453 1454 1366
f 1366 1454 1367
f 1454 1455 1367
f 1367 1455 1368
f 1455 1456 1368
f 1368 1456 1369
f 1456 1457 1369
f 1369 1457 1370
f 1457 1458 1370
f 1370 1458 1371
f 1458 1459 1371
f 1371 1459 1372
f 1459 1460 1372
f 1372 1460 1373
f 1460 1461 1373
f 1373 1461 1374
f 1461 1462 1374
f 1374 1462 1375
f 1462 1463 1375
f 1375 1463 1376
f 1463 1464 1376
f 1376 1464 1377
f 1464 1465 1377
f 1377 1465 1378
f 1465 1466 1378
f 1378 1466 1379
f 1466 1467 1379
f 1379 1467 1380
f 1467 1468 1380
f 1380 1468 1381
f 1468 1469 1381
f 1381 1469 1382
f 1469 1470 1382
f 1382 1470 1383
f 1470 1471 1383
f 1383 1471 1384
f 1471 1472 1384
f 1384 1472 1385
f 1472 1473 1385
f 1385 1473 1386
f 1473 1474 1386
f 1386 1474 1387
f 1474 1475 1387
f 1387 1475 1388
f 1475 1476 1388
f 1388 1476 8430
f 1476 1477 8430
f 1389 8430 8431
f 1477 8454 8431
f 1390 8431 8432
f 1478 1479 8432
f 1391 1479 8433
f 1479 8456 8433
f 1392 8433 8434
f 1480 1481 8434
f 1393 1481 8435
f 1481 8458 8435
f 1394 8435 8436
f 1482 1483 8436
f 1395 1483 8437
f 1483 8460 8437
f 1396 8437 8438
f 1484 1485 8438
f 1397 1485 8439
f 1485 8462 8439
f 1398 8439 8440
f 1486 1487 8440
f 1399 1487 8441
f 1487 8464 8441
f 1400 8441 8442
f 1488 1489 8442
f 1401 1489 8443
f 1489 8466 8443
f 1402 8443 8444
f 1490 1491 8444
f 1403 1491 8445
f 1491 8468 8445
f 1404 8445 8446
f 1492 1493 8446
f 1405 1493 8447
f 1493 8470 8447
f 1406 8447 8448
f 1494 1495 8448
f 1407 1495 8449
f 1495 8472 8449
f 1408 8449 8450
f 1496 1497 8450
f 1409 1497 8451
f 1497 8474 8451
f 1410 8451 8452
f 1498 1499 8452
f 1411 1499 8453
f 1499 8476 8453
f 1412 1500 114
f 1500 116 114
f 115 117 1413
f 117 1501 1413
f 1413 1501 1414
f 1501 1502 1414
f 1414 1502 1415
f 1502 1503 1415
f 1415 1503 1416
f 1503 1504 1416
f 1416 1504 1417
f 1504 1505 1417
f 1417 1505 1418
f 1505 1506 1418
f 1418 1506 1419
f 1506 1507 1419
f 1419 1507 1420
f 1507 1508 1420
f 1420 1508 1421
f 1508 1509 1421
f 1421 1509 1422
f 1509 1510 1422
f 1422 1510 1423
f 1510 1511 1423
f 1423 1511 1424
f 1511 1512 1424
f 1424 1512 1425
f 1512 1513 1425
f 1425 1513 1426
f 1513 1514 1426
f 1426 1514 1427
f 1514 1515 1427
f 1427 1515 1428
f 1515 1516 1428
f 1428 1516 1429
f 1516 1517 1429
f 1429 1517 1430
f 1517 1518 1430
f 1430 1518 1431
f 1518 1519 1431
f 1431 1519 1432
f 1519 1520 1432
f 1432 1520 1433
f 1520 1521 1433
f 1433 1521 1434
f 1521 1522 1434
f 1434 1522 1435
f 1522 1523 1435
f 1435 1523 1436
f 1523 1524 1436
f 1436 1524 1437
f 1524 1525 1437
f 1437 1525 1438
f 1525 1526 1438
f 1438 1526 1439
f 1526 1527 1439
f 1439 1527 1440
f 1527 1528 1440
f 1440 1528 1441
f 1528 1529 1441
f 1441 1529 1442
f 1529 1530 1442
f 1442 1530 1443
f 1530 1531 1443
f 1443 1531 1444
f 1531 1532 1444
f 1444 1532 1445
f 1532 1533 1445
f 1445 1533 1446
f 1533 1534 1446
f 1446 1534 1447
f 1534 1535 1447
f 1447 1535 1448
f 1535 1536 1448
f 1448 1536 1449
f 1536 1537 1449
f 1449 1537 1450
f 1537 1538 1450
f 1450 1538 1451
f 1538 1539 1451
f 1451 1539 1452
f 1539 1540 1452
f 1452 1540 1453
f 1540 1541 1453
f 1453 1541 1454
f 1541 1542 1454
f 1454 1542 1455
f 1542 1543 1455
f 1455 1543 1456
f 1543 1544 1456
f 1456 1544 1457
f 1544 1545 1457
f 1457 1545 1458
f 1545 1546 1458
f 1458 1546 1459
f 1546 1547 1459
f 1459 1547 1460
f 1547 1548 1460
f 1460 1548 1461
f 1548 1549 1461
f 1461 1549 1462
f 1549 1550 1462
f 1462 1550 1463
f 1550 1551 1463
f 1463 1551 1464
f 1551 1552 1464
f 1464 1552 1465
f 1552 1553 1465
f 1465 1553 1466
f 1553 1554 1466
f 1466 1554 1467
f 1554 1555 1467
f 1467 1555 1468
f 1555 1556 1468
f 1468 1556 1469
f 1556 1557 1469
f 1469 1557 1470
f 1557 1558 1470
f 1470 1558 1471
f 1558 1559 1471
f 1471 1559 1472
f 1559 1560 1472
f 1472 1560 1473
f 1560 1561 1473
f 1473 1561 1474
f 1561 1562 1474
f 1474 1562 1475
f 1562 1563 1475
f 1475 1563 1476
f 1563 1564 1476
f 1476 1564 1477
f 1564 1565 1477
f 1477 1565 8454
f 1565 1566 8454
f 1478 8454 8455
f 1566 8477 8455
f 1479 8455 8456
f 1567 1568 8456
f 1480 1568 8457
f 1568 8479 8457
f 1481 8457 8458
f 1569 1570 8458
f 1482 1570 8459
f 1570 8481 8459
f 1483 8459 8460
f 1571 1572 8460
f 1484 1572 8461
f 1572 8483 8461
f 1485 8461 8462
f 1573 1574 8462
f 1486 1574 8463
f 1574 8485 8463
f 1487 8463 8464
f 1575 1576 8464
f 1488 1576 8465
f 1576 8487 8465
f 1489 8465 8466
f 1577 1578 8466
f 1490 1578 8467
f 1578 8489 8467
f 1491 8467 8468
f 1579 1580 8468
f 1492 1580 8469
f 1580 8491 8469
f 1493 8469 8470
f 1581 1582 8470
f 1494 1582 8471
f 1582 8493 8471
f 1495 8471 8472
f 1583 1584 8472
f 1496 1584 8473
f 1584 8495 8473
f 1497 8473 8474
f 1585 1586 8474
f 1498 1586 8475
f 1586 8497 8475
f 1499 8475 8476
f 1587 1588 8476
f 1500 1588 116
f 1588 118 116
f 117 119 1501
f 119 1589 1501
f 1501 1589 1502
f 1589 1590 1502
f 1502 1590 1503
f 1590 1591 1503
f 1503 1591 1504
f 1591 1592 1504
f 1504 1592 1505
f 1592 1593 1505
f 1505 1593 1506
f 1593 1594 1506
f 1506 1594 1507
f 1594 1595 1507
f 1507 1595 1508
f 1595 1596 1508
f 1508 1596 1509
f 1596 1597 1509
f 1509 1597 1510
f 1597 1598 1510
f 1510 1598 1511
f 1598 1599 1511
f 1511 1599 1512
f 1599 1600 1512
f 1512 1600 1513
f 1600 1601 1513
f 1513 1601 1514
f 1601 1602 1514
f 1514 1602 1515
f 1602 1603 1515
f 1515 1603 1516
f 1603 1604 1516
f 1516 1604 1517
f 1604 1605 1517
f 1517 1605 1518
f 1605 1606 1518
f 1518 1606 1519
f 1606 1607 1519
f 1519 1607 1520
f 1607 1608 1520
f 1520 1608 1521
f 1608 1609 1521
f 1521 1609 1522
f 1609 1610 1522
f 1522 1610 1523
f 1610 1611 1523
f 1523 1611 1524
f 1611 1612 1524
f 1524 1612 1525
f 1612 1613 1525
f 1525 1613 1526
f 1613 1614 1526
f 1526 1614 1527
f 1614 1615 1527
f 1527 1615 1528
f 1615 1616 1528
f 1528 1616 1529
f 1616 1617 1529
f 1529 1617 1530
f 1617 1618 1530
f 1530 1618 1531
f 1618 1619 1531
f 1531 1619 1532
f 1619 1620 1532
f 1532 1620 1533
f 1620 1621 1533
f 1533 1621 1534
f 1621 1622 1534
f 1534 1622 1535
f 1622 1623 1535
f 1535 1623 1536
f 1623 1624 1536
f 1536 1624 1537
f 1624 1625 1537
f 1537 1625 1538
f 1625 1626 1538
f 1538 1626 1539
f 1626 1627 1539
f 1539 1627 1540
f 1627 1628 1540
f 1540 1628 1541
f 1628 1629 1541
f 1541 1629 1542
f 1629 1630 1542
f 1542 1630 1543
f 1630 1631 1543
f 1543 1631 1544
f 1631 1632 1544
f 1544 1632 1545
f 1632 1633 1545
f 1545 1633 1546
f 1633 1634 1546
f 1546 1634 1547
f 1634 1635 1547
f 1547 1635 1548
f 1635 1636 1548
f 1548 1636 1549
f 1636 1637 1549
f 1549 1637 1550
f 1637 1638 1550
f 1550 1638 1551
f 1638 1639 1551
f 1551 1639 1552
f 1639 1640 1552
f 1552 1640 1553
f 1640 1641 1553
f 1553 1641 1554
f 1641 1642 1554
f 1554 1642 1555
f 1642 1643 1555
f 1555 1643 1556
f 1643 1644 1556
f 1556 1644 1557
f 1644 1645 1557
f 1557 1645 1558
f 1645 1646 1558
f 1558 1646 1559
f 1646 1647 1559
f 1559 1647 1560
f 1647 1648 1560
f 1560 1648 1561
f 1648 1649 1561
f 1561 1649 1562
f 1649 1650 1562
f 1562 1650 1563
f 1650 1651 1563
f 1563 1651 1564
f 1651 1652 1564
f 1564 1652 1565
f 1652 1653 1565
f 1565 1653 1566
f 1653 1654 1566
f 1566 1654 8477
f 1654 1655 8477
f 1567 8477 8478
f 1655 8499 8478
f 1568 8478 8479
f 1656 1657 8479
f 1569 1657 8480
f 1657 8501 8480
f 1570 8480 8481
f 1658 1659 8481
f 1571 1659 8482
f 1659 8503 8482
f 1572 8482 8483
f 1660 1661 8483
f 1573 1661 8484
f 1661 8505 8484
f 1574 8484 8485
f 1662 1663 8485
f 1575 1663 8486
f 1663 8507 8486
f 1576 8486 8487
f 1664 1665 8487
f 1577 1665 8488
f 1665 8509 8488
f 1578 8488 8489
f 1666 1667 8489
f 1579 1667 8490
f 1667 8511 8490
f 1580 8490 8491
f 1668 1669 8491
f 1581 1669 8492
f 1669 8513 8492
f 1582 8492 8493
f 1670 1671 8493
f 1583 1671 8494
f 1671 8515 8494
f 1584 8494 8495
f 1672 1673 8495
f 1585 1673 8496
f 1673 8517 8496
f 1586 8496 8497
f 1674 1675 8497
f 1587 1675 8498
f 1675 8519 8498
f 1588 1676 118
f 1676 120 118
f 119 121 1589
f 121 1677 1589
f 1589 1677 1590
f 1677 1678 1590
f 1590 1678 1591
f 1678 1679 1591
f 1591 1679 1592
f 1679 1680 1592
f 1592 1680 1593
f 1680 1681 1593
f 1593 1681 1594
f 1681 1682 1594
f 1594 1682 1595
f 1682 1683 1595
f 1595 1683 1596
f 1683 1684 1596
f 1596 1684 1597
f 1684 1685 1597
f 1597 1685 1598
f 1685 1686 1598
f 1598 1686 1599
f 1686 1687 1599
f 1599 1687 1600
f 1687 1688 1600
f 1600 1688 1601
f 1688 1689 1601
f 1601 1689 1602
f 1689 1690 1602
f 1602 1690 1603
f 1690 1691 1603
f 1603 1691 1604
f 1691 1692 1604
f 1604 1692 1605
f 1692 1693 1605
f 1605 1693 1606
f 1693 1694 1606
f 1606 1694 1607
f 1694 1695 1607
f 1607 1695 1608
f 1695 1696 1608
f 1608 1696 1609
f 1696 1697 1609
f 1609 1697 1610
f 1697 1698 1610
f 1610 1698 1611
f 1698 1699 1611
f 1611 1699 1612
f 1699 1700 1612
f 1612 1700 1613
f 1700 1701 1613
f 1613 1701 1614
f 1701 1702 1614
f 1614 1702 1615
f 1702 1703 1615
f 1615 1703 1616
f 1703 1704 1616
f 1616 1704 1617
f 1704 1705 1617
f 1617 1705 1618
f 1705 1706 1618
f 1618 1706 1619
f 1706 1707 1619
f 1619 1707 1620
f 1707 1708 1620
f 1620 1708 1621
f 1708 1709 1621
f 1621 1709 1622
f 1709 1710 1622
f 1622 1710 1623
f 1710 1711 1623
f 1623 1711 1624
f 1711 1712 1624
f 1624 1712 1625
f 1712 1713 1625
f 1625 1713 1626
f 1713 1714 1626
f 1626 1714 1627
f 1714 1715 1627
f 1627 1715 1628
f 1715 1716 1628
f 1628 1716 1629
f 1716 1717 1629
f 1629 1717 1630
f 1717 1718 1630
f 1630 1718 1631
f 1718 1719 1631
f 1631 1719 1632
f 1719 1720 1632
f 1632 1720 1633
f 1720 1721 1633
f 1633 1721 1634
f 1721 1722 1634
f 1634 1722 1635
f 1722 1723 1635
f 1635 1723 1636
f 1723 1724 1636
f 1636 1724 1637
f 1724 1725 1637
f 1637 1725 1638
f 1725 1726 1638
f 1638 1726 1639
f 1726 1727 1639
f 1639 1727 1640
f 1727 1728 1640
f 1640 1728 1641
f 1728 1729 1641
f 1641 1729 1642
f 1729 1730 1642
f 1642 1730 1643
f 1730 1731 1643
f 1643 1731 1644
f 1731 1732 1644
f 1644 1732 1645
f 1732 1733 1645
f 1645 1733 1646
f 1733 1734 1646
f 1646 1734 1647
f 1734 1735 1647
f 1647 1735 1648
f 1735 1736 1648
f 1648 1736 1649
f 1736 1737 1649
f 1649 1737 1650
f 1737 1738 1650
f 1650 1738 1651
f 1738 1739 1651
f 1651 1739 1652
f 1739 1740 1652
f 1652 1740 1653
f 1740 1741 1653
f 1653 1741 1654
f 1741 1742 1654
f 1654 1742 1655
f 1742 1743 1655
f 1655 1743 8499
f 1743 1744 8499
f 1656 8499 8500
f 1744 8520 8500
f 1657 8500 8501
f 1745 1746 8501
f 1658 1746 8502
f 1746 8522 8502
f 1659 8502 8503
f 1747 1748 8503
f 1660 1748 8504
f 1748 8524 8504
f 1661 8504 8505
f 1749 1750 8505
f 1662 1750 8506
f 1750 8526 8506
f 1663 8506 8507
f 1751 1752 8507
f 1664 1752 8508
f 1752 8528 8508
f 1665 8508 8509
f 1753 1754 8509
f 1666 1754 8510
f 1754 8530 8510
f 1667 8510 8511
f 1755 1756 8511
f 1668 1756 8512
f 1756 8532 8512
f 1669 8512 8513
f 1757 1758 8513
f 1670 1758 8514
f 1758 8534 8514
f 1671 8514 8515
f 1759 1760 8515
f 1672 1760 8516
f 1760 8536 8516
f 1673 8516 8517
f 1761 1762 8517
f 1674 1762 8518
f 1762 8538 8518
f 1675 8518 8519
f 1763 1764 8519
f 1676 1764 120
f 1764 122 120
f 121 123 1677
f 123 1765 1677
f 1677 1765 1678
f 1765 1766 1678
f 1678 1766 1679
f 1766 1767 1679
f 1679 1767 1680
f 1767 1768 1680
f 1680 1768 1681
f 1768 1769 1681
f 1681 1769 1682
f 1769 1770 1682
f 1682 1770 1683
f 1770 1771 1683
f 1683 1771 1684
f 1771 1772 1684
f 1684 1772 1685
f 1772 1773 1685
f 1685 1773 1686
f 1773 1774 1686
f 1686 1774 1687
f 1774 1775 1687
f 1687 1775 1688
f 1775 1776 1688
f 1688 1776 1689
f 1776 1777 1689
f 1689 1777 1690
f 1777 1778 1690
f 1690 1778 1691
f 1778 1779 1691
f 1691 1779 1692
f 1779 1780 1692
f 1692 1780 1693
f 1780 1781 1693
f 1693 1781 1694
f 1781 1782 1694
f 1694 1782 1695
f 1782 1783 1695
f 1695 1783 1696
f 1783 1784 1696
f 1696 1784 1697
f 1784 1785 1697
f 1697 1785 1698
f 1785 1786 1698
f 1698 1786 1699
f 1786 1787 1699
f 1699 1787 1700
f 1787 1788 1700
f 1700 1788 1701
f 1788 1789 1701
f 1701 1789 1702
f 1789 1790 1702
f 1702 1790 1703
f 1790 1791 1703
f 1703 1791 1704
f 1791 1792 1704
f 1704 1792 1705
f 1792 1793 1705
f 1705 1793 1706
f 1793 1794 1706
f 1706 1794 1707
f 1794 1795 1707
f 1707 1795 1708
f 1795 1796 1708
f 1708 1796 1709
f 1796 1797 1709
f 1709 1797 1710
f 1797 1798 1710
f 1710 1798 1711
f 1798 1799 1711
f 1711 1799 1712
f 1799 1800 1712
f 1712 1800 1713
f 1800 1801 1713
f 1713 1801 1714
f 1801 1802 1714
f 1714 1802 1715
f 1802 1803 1715
f 1715 1803 1716
f 1803 1804 1716
f 1716 1804 1717
f 1804 1805 1717
f 1717 1805 1718
f 1805 1806 1718
f 1718 1806 1719
f 1806 1807 1719
f 1719 1807 1720
f 1807 1808 1720
f 1720 1808 1721
f 1808 1809 1721
f 1721 1809 1722
f 1809 1810 1722
f 1722 1810 1723
f 1810 1811 1723
f 1723 1811 1724
f 1811 1812 1724
f 1724 1812 1725
f 1812 1813 1725
f 1725 1813 1726
f 1813 1814 1726
f 1726 1814 1727
f 1814 1815 1727
f 1727 1815 1728
f 1815 1816 1728
f 1728 1816 1729
f 1816 1817 1729
f 1729 1817 1730
f 1817 1818 1730
f 1730 1818 1731
f 1818 1819 1731
f 1731 1819 1732
f 1819 1820 1732
f 1732 1820 1733
f 1820 1821 1733
f 1733 1821 1734
f 1821 1822 1734
f 1734 1822 1735
f 1822 1823 1735
f 1735 1823 1736
f 1823 1824 1736
f 1736 1824 1737
f 1824 1825 1737
f 1737 1825 1738
f 1825 1826 1738
f 1738 1826 1739
f 1826 1827 1739
f 1739 1827 1740
f 1827 1828 1740
f 1740 1828 1741
f 1828 1829 1741
f 1741 1829 1742
f 1829 1830 1742
f 1742 1830 1743
f 1830 1831 1743
f 1743 1831 1744
f 1831 1832 1744
f 1744 1832 8520
f 1832 1833 8520
f 1745 8520 8521
f 1833 8540 8521
f 1746 8521 8522
f 1834 1835 8522
f 1747 1835 8523
f 1835 8542 8523
f 1748 8523 8524
f 1836 1837 8524
f 1749 1837 8525
f 1837 8544 8525
f 1750 8525 8526
f 1838 1839 8526
f 1751 1839 8527
f 1839 8546 8527
f 1752 8527 8528
f 1840 1841 8528
f 1753 1841 8529
f 1841 8548 8529
f 1754 8529 8530
f 1842 1843 8530
f 1755 1843 8531
f 1843 8550 8531
f 1756 8531 8532
f 1844 1845 8532
f 1757 1845 8533
f 1845 8552 8533
f 1758 8533 8534
f 1846 1847 8534
f 1759 1847 8535
f 1847 8554 8535
f 1760 8535 8536
f 1848 1849 8536
f 1761 1849 8537
f 1849 8556 8537
f 1762 8537 8538
f 1850 1851 8538
f 1763 1851 8539
f 1851 8558 8539
f 1764 1852 122
f 1852 124 122
f 123 125 1765
f 125 1853 1765
f 1765 1853 1766
f 1853 1854 1766
f 1766 1854 1767
f 1854 1855 1767
f 1767 1855 1768
f 1855 1856 1768
f 1768 1856 1769
f 1856 1857 1769
f 1769 1857 1770
f 1857 1858 1770
f 1770 1858 1771
f 1858 1859 1771
f 1771 1859 1772
f 1859 1860 1772
f 1772 1860 1773
f 1860 1861 1773
f 1773 1861 1774
f 1861 1862 1774
f 1774 1862 1775
f 1862 1863 1775
f 1775 1863 1776
f 1863 1864 1776
f 1776 1864 1777
f 1864 1865 1777
f 1777 1865 1778
f 1865 1866 1778
f 1778 1866 1779
f 1866 1867 1779
f 1779 1867 1780
f 1867 1868 1780
f 1780 1868 1781
f 1868 1869 1781
f 1781 1869 1782
f 1869 1870 1782
f 1782 1870 1783
f 1870 1871 1783
f 1783 1871 1784
f 1871 1872 1784
f 1784 1872 1785
f 1872 1873 1785
f 1785 1873 1786
f 1873 1874 1786
f 1786 1874 1787
f 1874 1875 1787
f 1787 1875 1788
f 1875 1876 1788
f 1788 1876 1789
f 1876 1877 1789
f 1789 1877 1790
f 1877 1878 1790
f 1790 1878 1791
f 1878 1879 1791
f 1791 1879 1792
f 1879 1880 1792
f 1792 1880 1793
f 1880 1881 1793
f 1793 1881 1794
f 1881 1882 1794
f 1794 1882 1795
f 1882 1883 1795
f 1795 1883 1796
f 1883 1884 1796
f 1796 1884 1797
f 1884 1885 1797
f 1797 1885 1798
f 1885 1886 1798
f 1798 1886 1799
f 1886 1887 1799
f 1799 1887 1800
f 1887 1888 1800
f 1800 1888 1801
f 1888 1889 1801
f 1801 1889 1802
f 1889 1890 1802
f 1802 1890 1803
f 1890 1891 1803
f 1803 1891 1804
f 1891 1892 1804
f 1804 1892 1805
f 1892 1893 1805
f 1805 1893 1806
f 1893 1894 1806
f 1806 1894 1807
f 1894 1895 1807
f 1807 1895 1808
f 1895 1896 1808
f 1808 1896 1809
f 1896 1897 1809
f 1809 1897 1810
f 1897 1898 1810
f 1810 1898 1811
f 1898 1899 1811
f 1811 1899 1812
f 1899 1900 1812
f 1812 1900 1813
f 1900 1901 1813
f 1813 1901 1814
f 1901 1902 1814
f 1814 1902 1815
f 1902 1903 1815
f 1815 1903 1816
f 1903 1904 1816
f 1816 1904 1817
f 1904 1905 1817
f 1817 1905 1818
f 1905 1906 1818
f 1818 1906 1819
f 1906 1907 1819
f 1819 1907 1820
f 1907 1908 1820
f 1820 1908 1821
f 1908 1909 1821
f 1821 1909 1822
f 1909 1910 1822
f 1822 1910 1823
f 1910 1911 1823
f 1823 1911 1824
f 1911 1912 1824
f 1824 1912 1825
f 1912 1913 1825
f 1825 1913 1826
f 1913 1914 1826
f 1826 1914 1827
f 1914 1915 1827
f 1827 1915 1828
f 1915 1916 1828
f 1828 1916 1829
f 1916 1917 1829
f 1829 1917 1830
f 1917 1918 1830
f 1830 1918 1831
f 1918 1919 1831
f 1831 1919 1832
f 1919 1920 1832
f 1832 1920 1833
f 1920 1921 1833
f 1833 1921 8540
f 1921 1922 8540
f 1834 8540 8541
f 1922 8559 8541
f 1835 8541 8542
f 1923 1924 8542
f 1836 1924 8543
f 1924 8561 8543
f 1837 8543 8544
f 1925 1926 8544
f 1838 1926 8545
f 1926 8563 8545
f 1839 8545 8546
f 1927 1928 8546
f 1840 1928 8547
f 1928 8565 8547
f 1841 8547 8548
f 1929 1930 8548
f 1842 1930 8549
f 1930 8567 8549
f 1843 8549 8550
f 1931 1932 8550
f 1844 1932 8551
f 1932 8569 8551
f 1845 8551 8552
f 1933 1934 8552
f 1846 1934 8553
f 1934 8571 8553
f 1847 8553 8554
f 1935 1936 8554
f 1848 1936 8555
f 1936 8573 8555
f 1849 8555 8556
f 1937 1938 8556
f 1850 1938 8557
f 1938 8575 8557
f 1851 8557 8558
f 1939 1940 8558
f 1852 1940 124
f 1940 126 124
f 125 127 1853
f 127 1941 1853
f 1853 1941 1854
f 1941 1942 1854
f 1854 1942 1855
f 1942 1943 1855
f 1855 1943 1856
f 1943 1944 1856
f 1856 1944 1857
f 1944 1945 1857
f 1857 1945 1858
f 1945 1946 1858
f 1858 1946 1859
f 1946 1947 1859
f 1859 1947 1860
f 1947 1948 1860
f 1860 1948 1861
f 1948 1949 1861
f 1861 1949 1862
f 1949 1950 1862
f 1862 1950 1863
f 1950 1951 1863
f 1863 1951 1864
f 1951 1952 1864
f 1864 1952 1865
f 1952 1953 1865
f 1865 1953 1866
f 1953 1954 1866
f 1866 1954 1867
f 1954 1955 1867
f 1867 1955 1868
f 1955 1956 1868
f 1868 1956 1869
f 1956 1957 1869
f 1869 1957 1870
f 1957 1958 1870
f 1870 1958 1871
f 1958 1959 1871
f 1871 1959 1872
f 1959 1960 1872
f 1872 1960 1873
f 1960 1961 1873
f 1873 1961 1874
f 1961 1962 1874
f 1874 1962 1875
f 1962 1963 1875
f 1875 1963 1876
f 1963 1964 1876
f 1876 1964 1877
f 1964 1965 1877
f 1877 1965 1878
f 1965 1966 1878
f 1878 1966 1879
f 1966 1967 1879
f 1879 1967 1880
f 1967 1968 1880
f 1880 1968 1881
f 1968 1969 1881
f 1881 1969 1882
f 1969 1970 1882
f 1882 1970 1883
f 1970 1971 1883
f 1883 1971 1884
f 1971 1972 1884
f 1884 1972 1885
f 1972 1973 1885
f 1885 1973 1886
f 1973 1974 1886
f 1886 1974 1887
f 1974 1975 1887
f 1887 1975 1888
f 1975 1976 1888
f 1888 1976 1889
f 1976 1977 1889
f 1889 1977 1890
f 1977 1978 1890
f 1890 1978 1891
f 1978 1979 1891
f 1891 1979 1892
f 1979 1980 1892
f 1892 1980 1893
f 1980 1981 1893
f 1893 1981 1894
f 1981 1982 1894
f 1894 1982 1895
f 1982 1983 1895
f 1895 1983 1896
f 1983 1984 1896
f 1896 1984 1897
f 1984 1985 1897
f 1897 1985 1898
f 1985 1986 1898
f 1898 1986 1899
f 1986 1987 1899
f 1899 1987 1900
f 1987 1988 1900
f 1900 1988 1901
f 1988 1989 1901
f 1901 1989 1902
f 1989 1990 1902
f 1902 1990 1903
f 1990 1991 1903
f 1903 1991 1904
f 1991 1992 1904
f 1904 1992 1905
f 1992 1993 1905
f 1905 1993 1906
f 1993 1994 1906
f 1906 1994 1907
f 1994 1995 1907
f 1907 1995 1908
f 1995 1996 1908
f 1908 1996 1909
f 1996 1997 1909
f 1909 1997 1910
f 1997 1998 1910
f 1910 1998 1911
f 1998 1999 1911
f 1911 1999 1912
f 1999 2000 1912
f 1912 2000 1913
f 2000 2001 1913
f 1913 2001 1914
f 2001 2002 1914
f 1914 2002 1915
f 2002 2003 1915
f 1915 2003 1916
f 2003 2004 1916
f 1916 2004 1917
f 2004 2005 1917
f 1917 2005 1918
f 2005 2006 1918
f 1918 2006 1919
f 2006 2007 1919
f 1919 2007 1920
f 2007 2008 1920
f 1920 2008 1921
f 2008 2009 1921
f 1921 2009 1922
f 2009 2010 1922
f 1922 2010 8559
f 2010 2011 8559
f 1923 8559 8560
f 2011 8577 8560
f 1924 8560 8561
f 2012 2013 8561
f 1925 2013 8562
f 2013 8579 8562
f 1926 8562 8563
f 2014 2015 8563
f 1927 2015 8564
f 2015 8581 8564
f 1928 8564 8565
f 2016 2017 8565
f 1929 2017 8566
f 2017 8583 8566
f 1930 8566 8567
f 2018 2019 8567
f 1931 2019 8568
f 2019 8585 8568
f 1932 8568 8569
f 2020 2021 8569
f 1933 2021 8570
f 2021 8587 8570
f 1934 8570 8571
f 2022 2023 8571
f 1935 2023 8572
f 2023 8589 8572
f 1936 8572 8573
f 2024 2025 8573
f 1937 2025 8574
f 2025 8591 8574
f 1938 8574 8575
f 2026 2027 8575
f 1939 2027 8576
f 2027 8593 8576
f 1940 2028 126
f 2028 128 126
f 127 129 1941
f 129 2029 1941
f 1941 2029 1942
f 2029 2030 1942
f 1942 2030 1943
f 2030 2031 1943
f 1943 2031 1944
f 2031 2032 1944
f 1944 2032 1945
f 2032 2033 1945
f 1945 2033 1946
f 2033 2034 1946
f 1946 2034 1947
f 2034 2035 1947
f 1947 2035 1948
f 2035 2036 1948
f 1948 2036 1949
f 2036 2037 1949
f 1949 2037 1950
f 2037 2038 1950
f 1950 2038 1951
f 2038 2039 1951
f 1951 2039 1952
f 2039 2040 1952
f 1952 2040 1953
f 2040 2041 1953
f 1953 2041 1954
f 2041 2042 1954
f 1954 2042 1955
f 2042 2043 1955
f 1955 2043 1956
f 2043 2044 1956
f 1956 2044 1957
f 2044 2045 1957
f 1957 2045 1958
f 2045 2046 1958
f 1958 2046 1959
f 2046 2047 1959
f 1959 2047 1960
f 2047 2048 1960
f 1960 2048 1961
f 2048 2049 1961
f 1961 2049 1962
f 2049 2050 1962
f 1962 2050 1963
f 2050 2051 1963
f 1963 2051 1964
f 2051 2052 1964
f 1964 2052 1965
f 2052 2053 1965
f 1965 2053 1966
f 2053 2054 1966
f 1966 2054 1967
f 2054 2055 1967
f 1967 2055 1968
f 2055 2056 1968
f 1968 2056 1969
f 2056 2057 1969
f 1969 2057 1970
f 2057 2058 1970
f 1970 2058 1971
f 2058 2059 1971
f 1971 2059 1972
f 2059 2060 1972
f 1972 2060 1973
f 2060 2061 1973
f 1973 2061 1974
f 2061 2062 1974
f 1974 2062 1975
f 2062 2063 1975
f 1975 2063 1976
f 2063 2064 1976
f 1976 2064 1977
f 2064 2065 1977
f 1977 2065 1978
f 2065 2066 1978
f 1978 2066 1979
f 2066 2067 1979
f 1979 2067 1980
f 2067 2068 1980
f 1980 2068 1981
f 2068 2069 1981
f 1981 2069 1982
f 2069 2070 1982
f 1982 2070 1983
f 2070 2071 1983
f 1983 2071 1984
f 2071 2072 1984
f 1984 2072 1985
f 2072 2073 1985
f 1985 2073 1986
f 2073 2074 1986
f 1986 2074 1987
f 2074 2075 1987
f 1987 2075 1988
f 2075 2076 1988
f 1988 2076 1989
f 2076 2077 1989
f 1989 2077 1990
f 2077 2078 1990
f 1990 2078 1991
f 2078 2079 1991
f 1991 2079 1992
f 2079 2080 1992
f 1992 2080 1993
f 2080 2081 1993
f 1993 2081 1994
f 2081 2082 1994
f 1994 2082 1995
f 2082 2083 1995
f 1995 2083 1996
f 2083 2084 1996
f 1996 2084 1997
f 2084 2085 1997
f 1997 2085 1998
f 2085 2086 1998
f 1998 2086 1999
f 2086 2087 1999
f 1999 2087 2000
f 2087 2088 2000
f 2000 2088 2001
f 2088 2089 2001
f 2001 2089 2002
f 2089 2090 2002
f 2002 2090 2003
f 2090 2091 2003
f 2003 2091 2004
f 2091 2092 2004
f 2004 2092 2005
f 2092 2093 2005
f 2005 2093 2006
f 2093 2094 2006
f 2006 2094 2007
f 2094 2095 2007
f 2007 2095 2008
f 2095 2096 2008
f 2008 2096 2009
f 2096 2097 2009
f 2009 2097 2010
f 2097 2098 2010
f 2010 2098 2011
f 2098 2099 2011
f 2011 2099 8577
f 2099 2100 8577
f 2012 8577 8578
f 2100 8594 8578
f 2013 8578 8579
f 2101 2102 8579
f 2014 2102 8580
f 2102 8596 8580
f 2015 8580 8581
f 2103 2104 8581
f 2016 2104 8582
f 2104 8598 8582
f 2017 8582 8583
f 2105 2106 8583
f 2018 2106 8584
f 2106 8600 8584
f 2019 8584 8585
f 2107 2108 8585
f 2020 2108 8586
f 2108 8602 8586
f 2021 8586 8587
f 2109 2110 8587
f 2022 2110 8588
f 2110 8604 8588
f 2023 8588 8589
f 2111 2112 8589
f 2024 2112 8590
f 2112 8606 8590
f 2025 8590 8591
f 2113 2114 8591
f 2026 2114 8592
f 2114 8608 8592
f 2027 8592 8593
f 2115 2116 8593
f 2028 2116 128
f 2116 130 128
f 129 131 2029
f 131 2117 2029
f 2029 2117 2030
f 2117 2118 2030
f 2030 2118 2031
f 2118 2119 2031
f 2031 2119 2032
f 2119 2120 2032
f 2032 2120 2033
f 2120 2121 2033
f 2033 2121 2034
f 2121 2122 2034
f 2034 2122 2035
f 2122 2123 2035
f 2035 2123 2036
f 2123 2124 2036
f 2036 2124 2037
f 2124 2125 2037
f 2037 2125 2038
f 2125 2126 2038
f 2038 2126 2039
f 2126 2127 2039
f 2039 2127 2040
f 2127 2128 2040
f 2040 2128 2041
f 2128 2129 2041
f 2041 2129 2042
f 2129 2130 2042
f 2042 2130 2043
f 2130 2131 2043
f 2043 2131 2044
f 2131 2132 2044
f 2044 2132 2045
f 2132 2133 2045
f 2045 2133 2046
f 2133 2134 2046
f 2046 2134 2047
f 2134 2135 2047
f 2047 2135 2048
f 2135 2136 2048
f 2048 2136 2049
f 2136 2137 2049
f 2049 2137 2050
f 2137 2138 2050
f 2050 2138 2051
f 2138 2139 2051
f 2051 2139 2052
f 2139 2140 2052
f 2052 2140 2053
f 2140 2141 2053
f 2053 2141 2054
f 2141 2142 2054
f 2054 2142 2055
f 2142 2143 2055
f 2055 2143 2056
f 2143 2144 2056
f 2056 2144 2057
f 2144 2145 2057
f 2057 2145 2058
f 2145 2146 2058
f 2058 2146 2059
f 2146 2147 2059
f 2059 2147 2060
f 2147 2148 2060
f 2060 2148 2061
f 2148 2149 2061
f 2061 2149 2062
f 2149 2150 2062
f 2062 2150 2063
f 2150 2151 2063
f 2063 2151 2064
f 2151 2152 2064
f 2064 2152 2065
f 2152 2153 2065
f 2065 2153 2066
f 2153 2154 2066
f 2066 2154 2067
f 2154 2155 2067
f 2067 2155 2068
f 2155 2156 2068
f 2068 2156 2069
f 2156 2157 2069
f 2069 2157 2070
f 2157 2158 2070
f 2070 2158 2071
f 2158 2159 2071
f 2071 2159 2072
f 2159 2160 2072
f 2072 2160 2073
f 2160 2161 2073
f 2073 2161 2074
f 2161 2162 2074
f 2074 2162 2075
f 2162 2163 2075
f 2075 2163 2076
f 2163 2164 2076
f 2076 2164 2077
f 2164 2165 2077
f 2077 2165 2078
f 2165 2166 2078
f 2078 2166 2079
f 2166 2167 2079
f 2079 2167 2080
f 2167 2168 2080
f 2080 2168 2081
f 2168 2169 2081
f 2081 2169 2082
f 2169 2170 2082
f 2082 2170 2083
f 2170 2171 2083
f 2083 2171 2084
f 2171 2172 2084
f 2084 2172 2085
f 2172 2173 2085
f 2085 2173 2086
f 2173 2174 2086
f 2086 2174 2087
f 2174 2175 2087
f 2087 2175 2088
f 2175 2176 2088
f 2088 2176 2089
f 2176 2177 2089
f 2089 2177 2090
f 2177 2178 2090
f 2090 2178 2091
f 2178 2179 2091
f 2091 2179 2092
f 2179 2180 2092
f 2092 2180 2093
f 2180 2181 2093
f 2093 2181 2094
f 2181 2182 2094
f 2094 2182 2095
f 2182 2183 2095
f 2095 2183 2096
f 2183 2184 2096
f 2096 2184 2097
f 2184 2185 2097
f 2097 2185 2098
f 2185 2186 2098
f 2098 2186 2099
f 2186 2187 2099
f 2099 2187 2100
f 2187 2188 2100
f 2100 2188 8594
f 2188 2189 8594
f 2101 8594 8595
f 2189 8610 8595
f 2102 8595 8596
f 2190 2191 8596
f 2103 2191 8597
f 2191 8612 8597
f 2104 8597 8598
f 2192 2193 8598
f 2105 2193 8599
f 2193 8614 8599
f 2106 8599 8600
f 2194 2195 8600
f 2107 2195 8601
f 2195 8616 8601
f 2108 8601 8602
f 2196 2197 8602
f 2109 2197 8603
f 2197 8618 8603
f 2110 8603 8604
f 2198 2199 8604
f 2111 2199 8605
f 2199 8620 8605
f 2112 8605 8606
f 2200 2201 8606
f 2113 2201 8607
f 2201 8622 8607
f 2114 8607 8608
f 2202 2203 8608
f 2115 2203 8609
f 2203 8624 8609
f 2116 2204 130
f 2204 132 130
f 131 133 2117
f 133 2205 2117
f 2117 2205 2118
f 2205 2206 2118
f 2118 2206 2119
f 2206 2207 2119
f 2119 2207 2120
f 2207 2208 2120
f 2120 2208 2121
f 2208 2209 2121
f 2121 2209 2122
f 2209 2210 2122
f 2122 2210 2123
f 2210 2211 2123
f 2123 2211 2124
f 2211 2212 2124
f 2124 2212 2125
f 2212 2213 2125
f 2125 2213 2126
f 2213 2214 2126
f 2126 2214 2127
f 2214 2215 2127
f 2127 2215 2128
f 2215 2216 2128
f 2128 2216 2129
f 2216 2217 2129
f 2129 2217 2130
f 2217 2218 2130
f 2130 2218 2131
f 2218 2219 2131
f 2131 2219 2132
f 2219 2220 2132
f 2132 2220 2133
f 2220 2221 2133
f 2133 2221 2134
f 2221 2222 2134
f 2134 2222 2135
f 2222 2223 2135
f 2135 2223 2136
f 2223 2224 2136
f 2136 2224 2137
f 2224 2225 2137
f 2137 2225 2138
f 2225 2226 2138
f 2138 2226 2139
f 2226 2227 2139
f 2139 2227 2140
f 2227 2228 2140
f 2140 2228 2141
f 2228 2229 2141
f 2141 2229 2142
f 2229 2230 2142
f 2142 2230 2143
f 2230 2231 2143
f 2143 2231 2144
f 2231 2232 2144
f 2144 2232 2145
f 2232 2233 2145
f 2145 2233 2146
f 2233 2234 2146
f 2146 2234 2147
f 2234 2235 2147
f 2147 2235 2148
f 2235 2236 2148
f 2148 2236 2149
f 2236 2237 2149
f 2149 2237 2150
f 2237 2238 2150
f 2150 2238 2151
f 2238 2239 2151
f 2151 2239 2152
f 2239 2240 2152
f 2152 2240 2153
f 2240 2241 2153
f 2153 2241 2154
f 2241 2242 2154
f 2154 2242 2155
f 2242 2243 2155
f 2155 2243 2156
f 2243 2244 2156
f 2156 2244 2157
f 2244 2245 2157
f 2157 2245 2158
f 2245 2246 2158
f 2158 2246 2159
f 2246 2247 2159
f 2159 2247 2160
f 2247 2248 2160
f 2160 2248 2161
f 2248 2249 2161
f 2161 2249 2162
f 2249 2250 2162
f 2162 2250 2163
f 2250 2251 2163
f 2163 2251 2164
f 2251 2252 2164
f 2164 2252 2165
f 2252 2253 2165
f 2165 2253 2166
f 2253 2254 2166
f 2166 2254 2167
f 2254 2255 2167
f 2167 2255 2168
f 2255 2256 2168
f 2168 2256 2169
f 2256 2257 2169
f 2169 2257 2170
f 2257 2258 2170
f 2170 2258 2171
f 2258 2259 2171
f 2171 2259 2172
f 2259 2260 2172
f 2172 2260 2173
f 2260 2261 2173
f 2173 2261 2174
f 2261 2262 2174
f 2174 2262 2175
f 2262 2263 2175
f 2175 2263 2176
f 2263 2264 2176
f 2176 2264 2177
f 2264 2265 2177
f 2177 2265 2178
f 2265 2266 2178
f 2178 2266 2179
f 2266 2267 2179
f 2179 2267 2180
f 2267 2268 2180
f 2180 2268 2181
f 2268 2269 2181
f 2181 2269 2182
f 2269 2270 2182
f 2182 2270 2183
f 2270 2271 2183
f 2183 2271 2184
f 2271 2272 2184
f 2184 2272 2185
f 2272 2273 2185
f 2185 2273 2186
f 2273 2274 2186
f 2186 2274 2187
f 2274 2275 2187
f 2187 2275 2188
f 2275 2276 2188
f 2188 2276 2189
f 2276 2277 2189
f 2189 2277 8610
f 2277 2278 8610
f 2190 8610 8611
f 2278 8625 8611
f 2191 8611 8612
f 2279 2280 8612
f 2192 2280 8613
f 2280 8627 8613
f 2193 8613 8614
f 2281 2282 8614
f 2194 2282 8615
f 2282 8629 8615
f 2195 8615 8616
f 2283 2284 8616
f 2196 2284 8617
f 2284 8631 8617
f 2197 8617 8618
f 2285 2286 8618
f 2198 2286 8619
f 2286 8633 8619
f 2199 8619 8620
f 2287 2288 8620
f 2200 2288 8621
f 2288 8635 8621
f 2201 8621 8622
f 2289 2290 8622
f 2202 2290 8623
f 2290 8637 8623
f 2203 8623 8624
f 2291 2292 8624
f 2204 2292 132
f 2292 134 132
f 133 135 2205
f 135 2293 2205
f 2205 2293 2206
f 2293 2294 2206
f 2206 2294 2207
f 2294 2295 2207
f 2207 2295 2208
f 2295 2296 2208
f 2208 2296 2209
f 2296 2297 2209
f 2209 2297 2210
f 2297 2298 2210
f 2210 2298 2211
f 2298 2299 2211
f 2211 2299 2212
f 2299 2300 2212
f 2212 2300 2213
f 2300 2301 2213
f 2213 2301 2214
f 2301 2302 2214
f 2214 2302 2215
f 2302 2303 2215
f 2215 2303 2216
f 2303 2304 2216
f 2216 2304 2217
f 2304 2305 2217
f 2217 2305 2218
f 2305 2306 2218
f 2218 2306 2219
f 2306 2307 2219
f 2219 2307 2220
f 2307 2308 2220
f 2220 2308 2221
f 2308 2309 2221
f 2221 2309 2222
f 2309 2310 2222
f 2222 2310 2223
f 2310 2311 2223
f 2223 2311 2224
f 2311 2312 2224
f 2224 2312 2225
f 2312 2313 2225
f 2225 2313 2226
f 2313 2314 2226
f 2226 2314 2227
f 2314 2315 2227
f 2227 2315 2228
f 2315 2316 2228
f 2228 2316 2229
f 2316 2317 2229
f 2229 2317 2230
f 2317 2318 2230
f 2230 2318 2231
f 2318 2319 2231
f 2231 2319 2232
f 2319 2320 2232
f 2232 2320 2233
f 2320 2321 2233
f 2233 2321 2234
f 2321 2322 2234
f 2234 2322 2235
f 2322 2323 2235
f 2235 2323 2236
f 2323 2324 2236
f 2236 2324 2237
f 2324 2325 2237
f 2237 2325 2238
f 2325 2326 2238
f 2238 2326 2239
f 2326 2327 2239
f 2239 2327 2240
f 2327 2328 2240
f 2240 2328 2241
f 2328 2329 2241
f 2241 2329 2242
f 2329 2330 2242
f 2242 2330 2243
f 2330 2331 2243
f 2243 2331 2244
f 2331 2332 2244
f 2244 2332 2245
f 2332 2333 2245
f 2245 2333 2246
f 2333 2334 2246
f 2246 2334 2247
f 2334 2335 2247
f 2247 2335 2248
f 2335 2336 2248
f 2248 2336 2249
f 2336 2337 2249
f 2249 2337 2250
f 2337 2338 2250
f 2250 2338 2251
f 2338 2339 2251
f 2251 2339 2252
f 2339 2340 2252
f 2252 2340 2253
f 2340 2341 2253
f 2253 2341 2254
f 2341 2342 2254
f 2254 2342 2255
f 2342 2343 2255
f 2255 2343 2256
f 2343 2344 2256
f 2256 2344 2257
f 2344 2345 2257
f 2257 2345 2258
f 2345 2346 2258
f 2258 2346 2259
f 2346 2347 2259
f 2259 2347 2260
f 2347 2348 2260
f 2260 2348 2261
f 2348 2349 2261
f 2261 2349 2262
f 2349 2350 2262
f 2262 2350 2263
f 2350 2351 2263
f 2263 2351 2264
f 2351 2352 2264
f 2264 2352 2265
f 2352 2353 2265
f 2265 2353 2266
f 2353 2354 2266
f 2266 2354 2267
f 2354 2355 2267
f 2267 2355 2268
f 2355 2356 2268
f 2268 2356 2269
f 2356 2357 2269
f 2269 2357 2270
f 2357 2358 2270
f 2270 2358 2271
f 2358 2359 2271
f 2271 2359 2272
f 2359 2360 2272
f 2272 2360 2273
f 2360 2361 2273
f 2273 2361 2274
f 2361 2362 2274
f 2274 2362 2275
f 2362 2363 2275
f 2275 2363 2276
f 2363 2364 2276
f 2276 2364 2277
f 2364 2365 2277
f 2277 2365 2278
f 2365 2366 2278
f 2278 2366 8625
f 2366 2367 8625
f 2279 8625 8626
f 2367 8639 8626
f 2280 8626 8627
f 2368 2369 8627
f 2281 2369 8628
f 2369 8641 8628
f 2282 8628 8629
f 2370 2371 8629
f 2283 2371 8630
f 2371 8643 8630
f 2284 8630 8631
f 2372 2373 8631
f 2285 2373 8632
f 2373 8645 8632
f 2286 8632 8633
f 2374 2375 8633
f 2287 2375 8634
f 2375 8647 8634
f 2288 8634 8635
f 2376 2377 8635
f 2289 2377 8636
f 2377 8649 8636
f 2290 8636 8637
f 2378 2379 8637
f 2291 2379 8638
f 2379 8651 8638
f 2292 2380 134
f 2380 136 134
f 135 137 2293
f 137 2381 2293
f 2293 2381 2294
f 2381 2382 2294
f 2294 2382 2295
f 2382 2383 2295
f 2295 2383 2296
f 2383 2384 2296
f 2296 2384 2297
f 2384 2385 2297
f 2297 2385 2298
f 2385 2386 2298
f 2298 2386 2299
f 2386 2387 2299
f 2299 2387 2300
f 2387 2388 2300
f 2300 2388 2301
f 2388 2389 2301
f 2301 2389 2302
f 2389 2390 2302
f 2302 2390 2303
f 2390 2391 2303
f 2303 2391 2304
f 2391 2392 2304
f 2304 2392 2305
f 2392 2393 2305
f 2305 2393 2306
f 2393 2394 2306
f 2306 2394 2307
f 2394 2395 2307
f 2307 2395 2308
f 2395 2396 2308
f 2308 2396 2309
f 2396 2397 2309
f 2309 2397 2310
f 2397 2398 2310
f 2310 2398 2311
f 2398 2399 2311
f 2311 2399 2312
f 2399 2400 2312
f 2312 2400 2313
f 2400 2401 2313
f 2313 2401 2314
f 2401 2402 2314
f 2314 2402 2315
f 2402 2403 2315
f 2315 2403 2316
f 2403 2404 2316
f 2316 2404 2317
f 2404 2405 2317
f 2317 2405 2318
f 2405 2406 2318
f 2318 2406 2319
f 2406 2407 2319
f 2319 2407 2320
f 2407 2408 2320
f 2320 2408 2321
f 2408 2409 2321
f 2321 2409 2322
f 2409 2410 2322
f 2322 2410 2323
f 2410 2411 2323
f 2323 2411 2324
f 2411 2412 2324
f 2324 2412 2325
f 2412 2413 2325
f 2325 2413 2326
f 2413 2414 2326
f 2326 2414 2327
f 2414 2415 2327
f 2327 2415 2328
f 2415 2416 2328
f 2328 2416 2329
f 2416 2417 2329
f 2329 2417 2330
f 2417 2418 2330
f 2330 2418 2331
f 2418 2419 2331
f 2331 2419 2332
f 2419 2420 2332
f 2332 2420 2333
f 2420 2421 2333
f 2333 2421 2334
f 2421 2422 2334
f 2334 2422 2335
f 2422 2423 2335
f 2335 2423 2336
f 2423 2424 2336
f 2336 2424 2337
f 2424 2425 2337
f 2337 2425 2338
f 2425 2426 2338
f 2338 2426 2339
f 2426 2427 2339
f 2339 2427 2340
f 2427 2428 2340
f 2340 2428 2341
f 2428 2429 2341
f 2341 2429 2342
f 2429 2430 2342
f 2342 2430 2343
f 2430 2431 2343
f 2343 2431 2344
f 2431 2432 2344
f 2344 2432 2345
f 2432 2433 2345
f 2345 2433 2346
f 2433 2434 2346
f 2346 2434 2347
f 2434 2435 2347
f 2347 2435 2348
f 2435 2436 2348
f 2348 2436 2349
f 2436 2437 2349
f 2349 2437 2350
f 2437 2438 2350
f 2350 2438 2351
f 2438 2439 2351
f 2351 2439 2352
f 2439 2440 2352
f 2352 2440 2353
f 2440 2441 2353
f 2353 2441 2354
f 2441 2442 2354
f 2354 2442 2355
f 2442 2443 2355
f 2355 2443 2356
f 2443 2444 2356
f 2356 2444 2357
f 2444 2445 2357
f 2357 2445 2358
f 2445 2446 2358
f 2358 2446 2359
f 2446 2447 2359
f 2359 2447 2360
f 2447 2448 2360
f 2360 2448 2361
f 2448 2449 2361
f 2361 2449 2362
f 2449 2450 2362
f 2362 2450 2363
f 2450 2451 2363
f 2363 2451 2364
f 2451 2452 2364
f 2364 2452 2365
f 2452 2453 2365
f 2365 2453 2366
f 2453 2454 2366
f 2366 2454 2367
f 2454 2455 2367
f 2367 2455 8639
f 2455 2456 8639
f 2368 8639 8640
f 2456 8652 8640
f 2369 8640 8641
f 2457 2458 8641
f 2370 2458 8642
f 2458 8654 8642
f 2371 8642 8643
f 2459 2460 8643
f 2372 2460 8644
f 2460 8656 8644
f 2373 8644 8645
f 2461 2462 8645
f 2374 2462 8646
f 2462 8658 8646
f 2375 8646 8647
f 2463 2464 8647
f 2376 2464 8648
f 2464 8660 8648
f 2377 8648 8649
f 2465 2466 8649
f 2378 2466 8650
f 2466 8662 8650
f 2379 8650 8651
f 2467 2468 8651
f 2380 2468 136
f 2468 138 136
f 137 139 2381
f 139 2469 2381
f 2381 2469 2382
f 2469 2470 2382
f 2382 2470 2383
f 2470 2471 2383
f 2383 2471 2384
f 2471 2472 2384
f 2384 2472 2385
f 2472 2473 2385
f 2385 2473 2386
f 2473 2474 2386
f 2386 2474 2387
f 2474 2475 2387
f 2387 2475 2388
f 2475 2476 2388
f 2388 2476 2389
f 2476 2477 2389
f 2389 2477 2390
f 2477 2478 2390
f 2390 2478 2391
f 2478 2479 2391
f 2391 2479 2392
f 2479 2480 2392
f 2392 2480 2393
f 2480 2481 2393
f 2393 2481 2394
f 2481 2482 2394
f 2394 2482 2395
f 2482 2483 2395
f 2395 2483 2396
f 2483 2484 2396
f 2396 2484 2397
f 2484 2485 2397
f 2397 2485 2398
f 2485 2486 2398
f 2398 2486 2399
f 2486 2487 2399
f 2399 2487 2400
f 2487 2488 2400
f 2400 2488 2401
f 2488 2489 2401
f 2401 2489 2402
f 2489 2490 2402
f 2402 2490 2403
f 2490 2491 2403
f 2403 2491 2404
f 2491 2492 2404
f 2404 2492 2405
f 2492 2493 2405
f 2405 2493 2406
f 2493 2494 2406
f 2406 2494 2407
f 2494 2495 2407
f 2407 2495 2408
f 2495 2496 2408
f 2408 2496 2409
f 2496 2497 2409
f 2409 2497 2410
f 2497 2498 2410
f 2410 2498 2411
f 2498 2499 2411
f 2411 2499 2412
f 2499 2500 2412
f 2412 2500 2413
f 2500 2501 2413
f 2413 2501 2414
f 2501 2502 2414
f 2414 2502 2415
f 2502 2503 2415
f 2415 2503 2416
f 2503 2504 2416
f 2416 2504 2417
f 2504 2505 2417
f 2417 2505 2418
f 2505 2506 2418
f 2418 2506 2419
f 2506 2507 2419
f 2419 2507 2420
f 2507 2508 2420
f 2420 2508 2421
f 2508 2509 2421
f 2421 2509 2422
f 2509 2510 2422
f 2422 2510 2423
f 2510 2511 2423
f 2423 2511 2424
f 2511 2512 2424
f 2424 2512 2425
f 2512 2513 2425
f 2425 2513 2426
f 2513 2514 2426
f 2426 2514 2427
f 2514 2515 2427
f 2427 2515 2428
f 2515 2516 2428
f 2428 2516 2429
f 2516 2517 2429
f 2429 2517 2430
f 2517 2518 2430
f 2430 2518 2431
f 2518 2519 2431
f 2431 2519 2432
f 2519 2520 2432
f 2432 2520 2433
f 2520 2521 2433
f 2433 2521 2434
f 2521 2522 2434
f 2434 2522 2435
f 2522 2523 2435
f 2435 2523 2436
f 2523 2524 2436
f 2436 2524 2437
f 2524 2525 2437
f 2437 2525 2438
f 2525 2526 2438
f 2438 2526 2439
f 2526 2527 2439
f 2439 2527 2440
f 2527 2528 2440
f 2440 2528 2441
f 2528 2529 2441
f 2441 2529 2442
f 2529 2530 2442
f 2442 2530 2443
f 2530 2531 2443
f 2443 2531 2444
f 2531 2532 2444
f 2444 2532 2445
f 2532 2533 2445
f 2445 2533 2446
f 2533 2534 2446
f 2446 2534 2447
f 2534 2535 2447
f 2447 2535 2448
f 2535 2536 2448
f 2448 2536 2449
f 2536 2537 2449
f 2449 2537 2450
f 2537 2538 2450
f 2450 2538 2451
f 2538 2539 2451
f 2451 2539 2452
f 2539 2540 2452
f 2452 2540 2453
f 2540 2541 2453
f 2453 2541 2454
f 2541 2542 2454
f 2454 2542 2455
f 2542 2543 2455
f 2455 2543 2456
f 2543 2544 2456
f 2456 2544 8652
f 2544 2545 8652
f 2457 8652 8653
f 2545 8664 8653
f 2458 8653 8654
f 2546 2547 8654
f 2459 2547 8655
f 2547 8666 8655
f 2460 8655 8656
f 2548 2549 8656
f 2461 2549 8657
f 2549 8668 8657
f 2462 8657 8658
f 2550 2551 8658
f 2463 2551 8659
f 2551 8670 8659
f 2464 8659 8660
f 2552 2553 8660
f 2465 2553 8661
f 2553 8672 8661
f 2466 8661 8662
f 2554 2555 8662
f 2467 2555 8663
f 2555 8674 8663
f 2468 2556 138
f 2556 140 138
f 139 141 2469
f 141 2557 2469
f 2469 2557 2470
f 2557 2558 2470
f 2470 2558 2471
f 2558 2559 2471
f 2471 2559 2472
f 2559 2560 2472
f 2472 2560 2473
f 2560 2561 2473
f 2473 2561 2474
f 2561 2562 2474
f 2474 2562 2475
f 2562 2563 2475
f 2475 2563 2476
f 2563 2564 2476
f 2476 2564 2477
f 2564 2565 2477
f 2477 2565 2478
f 2565 2566 2478
f 2478 2566 2479
f 2566 2567 2479
f 2479 2567 2480
f 2567 2568 2480
f 2480 2568 2481
f 2568 2569 2481
f 2481 2569 2482
f 2569 2570 2482
f 2482 2570 2483
f 2570 2571 2483
f 2483 2571 2484
f 2571 2572 2484
f 2484 2572 2485
f 2572 2573 2485
f 2485 2573 2486
f 2573 2574 2486
f 2486 2574 2487
f 2574 2575 2487
f 2487 2575 2488
f 2575 2576 2488
f 2488 2576 2489
f 2576 2577 2489
f 2489 2577 2490
f 2577 2578 2490
f 2490 2578 2491
f 2578 2579 2491
f 2491 2579 2492
f 2579 2580 2492
f 2492 2580 2493
f 2580 2581 2493
f 2493 2581 2494
f 2581 2582 2494
f 2494 2582 2495
f 2582 2583 2495
f 2495 2583 2496
f 2583 2584 2496
f 2496 2584 2497
f 2584 2585 2497
f 2497 2585 2498
f 2585 2586 2498
f 2498 2586 2499
f 2586 2587 2499
f 2499 2587 2500
f 2587 2588 2500
f 2500 2588 2501
f 2588 2589 2501
f 2501 2589 2502
f 2589 2590 2502
f 2502 2590 2503
f 2590 2591 2503
f 2503 2591 2504
f 2591 2592 2504
f 2504 2592 2505
f 2592 2593 2505
f 2505 2593 2506
f 2593 2594 2506
f 2506 2594 2507
f 2594 2595 2507
f 2507 2595 2508
f 2595 2596 2508
f 2508 2596 2509
f 2596 2597 2509
f 2509 2597 2510
f 2597 2598 2510
f 2510 2598 2511
f 2598 2599 2511
f 2511 2599 2512
f 2599 2600 2512
f 2512 2600 2513
f 2600 2601 2513
f 2513 2601 2514
f 2601 2602 2514
f 2514 2602 2515
f 2602 2603 2515
f 2515 2603 2516
f 2603 2604 2516
f 2516 2604 2517
f 2604 2605 2517
f 2517 2605 2518
f 2605 2606 2518
f 2518 2606 2519
f 2606 2607 2519
f 2519 2607 2520
f 2607 2608 2520
f 2520 2608 2521
f 2608 2609 2521
f 2521 2609 2522
f 2609 2610 2522
f 2522 2610 2523
f 2610 2611 2523
f 2523 2611 2524
f 2611 2612 2524
f 2524 2612 2525
f 2612 2613 2525
f 2525 2613 2526
f 2613 2614 2526
f 2526 2614 2527
f 2614 2615 2527
f 2527 2615 2528
f 2615 2616 2528
f 2528 2616 2529
f 2616 2617 2529
f 2529 2617 2530
f 2617 2618 2530
f 2530 2618 2531
f 2618 2619 2531
f 2531 2619 2532
f 2619 2620 2532
f 2532 2620 2533
f 2620 2621 2533
f 2533 2621 2534
f 2621 2622 2534
f 2534 2622 2535
f 2622 2623 2535
f 2535 2623 2536
f 2623 2624 2536
f 2536 2624 2537
f 2624 2625 2537
f 2537 2625 2538
f 2625 2626 2538
f 2538 2626 2539
f 2626 2627 2539
f 2539 2627 2540
f 2627 2628 2540
f 2540 2628 2541
f 2628 2629 2541
f 2541 2629 2542
f 2629 2630 2542
f 2542 2630 2543
f 2630 2631 2543
f 2543 2631 2544
f 2631 2632 2544
f 2544 2632 2545
f 2632 2633 2545
f 2545 2633 8664
f 2633 2634 8664
f 2546 8664 8665
f 2634 8675 8665
f 2547 8665 8666
f 2635 2636 8666
f 2548 2636 8667
f 2636 8677 8667
f 2549 8667 8668
f 2637 2638 8668
f 2550 2638 8669
f 2638 8679 8669
f 2551 8669 8670
f 2639 2640 8670
f 2552 2640 8671
f 2640 8681 8671
f 2553 8671 8672
f 2641 2642 8672
f 2554 2642 8673
f 2642 8683 8673
f 2555 8673 8674
f 2643 2644 8674
f 2556 2644 140
f 2644 142 140
f 141 143 2557
f 143 2645 2557
f 2557 2645 2558
f 2645 2646 2558
f 2558 2646 2559
f 2646 2647 2559
f 2559 2647 2560
f 2647 2648 2560
f 2560 2648 2561
f 2648 2649 2561
f 2561 2649 2562
f 2649 2650 2562
f 2562 2650 2563
f 2650 2651 2563
f 2563 2651 2564
f 2651 2652 2564
f 2564 2652 2565
f 2652 2653 2565
f 2565 2653 2566
f 2653 2654 2566
f 2566 2654 2567
f 2654 2655 2567
f 2567 2655 2568
f 2655 2656 2568
f 2568 2656 2569
f 2656 2657 2569
f 2569 2657 2570
f 2657 2658 2570
f 2570 2658 2571
f 2658 2659 2571
f 2571 2659 2572
f 2659 2660 2572
f 2572 2660 2573
f 2660 2661 2573
f 2573 2661 2574
f 2661 2662 2574
f 2574 2662 2575
f 2662 2663 2575
f 2575 2663 2576
f 2663 2664 2576
f 2576 2664 2577
f 2664 2665 2577
f 2577 2665 2578
f 2665 2666 2578
f 2578 2666 2579
f 2666 2667 2579
f 2579 2667 2580
f 2667 2668 2580
f 2580 2668 2581
f 2668 2669 2581
f 2581 2669 2582
f 2669 2670 2582
f 2582 2670 2583
f 2670 2671 2583
f 2583 2671 2584
f 2671 2672 2584
f 2584 2672 2585
f 2672 2673 2585
f 2585 2673 2586
f 2673 2674 2586
f 2586 2674 2587
f 2674 2675 2587
f 2587 2675 2588
f 2675 2676 2588
f 2588 2676 2589
f 2676 2677 2589
f 2589 2677 2590
f 2677 2678 2590
f 2590 2678 2591
f 2678 2679 2591
f 2591 2679 2592
f 2679 2680 2592
f 2592 2680 2593
f 2680 2681 2593
f 2593 2681 2594
f 2681 2682 2594
f 2594 2682 2595
f 2682 2683 2595
f 2595 2683 2596
f 2683 2684 2596
f 2596 2684 2597
f 2684 2685 2597
f 2597 2685 2598
f 2685 2686 2598
f 2598 2686 2599
f 2686 2687 2599
f 2599 2687 2600
f 2687 2688 2600
f 2600 2688 2601
f 2688 2689 2601
f 2601 2689 2602
f 2689 2690 2602
f 2602 2690 2603
f 2690 2691 2603
f 2603 2691 2604
f 2691 2692 2604
f 2604 2692 2605
f 2692 2693 2605
f 2605 2693 2606
f 2693 2694 2606
f 2606 2694 2607
f 2694 2695 2607
f 2607 2695 2608
f 2695 2696 2608
f 2608 2696 2609
f 2696 2697 2609
f 2609 2697 2610
f 2697 2698 2610
f 2610 2698 2611
f 2698 2699 2611
f 2611 2699 2612
f 2699 2700 2612
f 2612 2700 2613
f 2700 2701 2613
f 2613 2701 2614
f 2701 2702 2614
f 2614 2702 2615
f 2702 2703 2615
f 2615 2703 2616
f 2703 2704 2616
f 2616 2704 2617
f 2704 2705 2617
f 2617 2705 2618
f 2705 2706 2618
f 2618 2706 2619
f 2706 2707 2619
f 2619 2707 2620
f 2707 2708 2620
f 2620 2708 2621
f 2708 2709 2621
f 2621 2709 2622
f 2709 2710 2622
f 2622 2710 2623
f 2710 2711 2623
f 2623 2711 2624
f 2711 2712 2624
f 2624 2712 2625
f 2712 2713 2625
f 2625 2713 2626
f 2713 2714 2626
f 2626 2714 2627
f 2714 2715 2627
f 2627 2715 2628
f 2715 2716 2628
f 2628 2716 2629
f 2716 2717 2629
f 2629 2717 2630
f 2717 2718 2630
f 2630 2718 2631
f 2718 2719 2631
f 2631 2719 2632
f 2719 2720 2632
f 2632 2720 2633
f 2720 2721 2633
f 2633 2721 2634
f 2721 2722 2634
f 2634 2722 8675
f 2722 2723 8675
f 2635 8675 8676
f 2723 8685 8676
f 2636 8676 8677
f 2724 2725 8677
f 2637 2725 8678
f 2725 8687 8678
f 2638 8678 8679
f 2726 2727 8679
f 2639 2727 8680
f 2727 8689 8680
f 2640 8680 8681
f 2728 2729 8681
f 2641 2729 8682
f 2729 8691 8682
f 2642 8682 8683
f 2730 2731 8683
f 2643 2731 8684
f 2731 8693 8684
f 2644 2732 142
f 2732 144 142
f 143 145 2645
f 145 2733 2645
f 2645 2733 2646
f 2733 2734 2646
f 2646 2734 2647
f 2734 2735 2647
f 2647 2735 2648
f 2735 2736 2648
f 2648 2736 2649
f 2736 2737 2649
f 2649 2737 2650
f 2737 2738 2650
f 2650 2738 2651
f 2738 2739 2651
f 2651 2739 2652
f 2739 2740 2652
f 2652 2740 2653
f 2740 2741 2653
f 2653 2741 2654
f 2741 2742 2654
f 2654 2742 2655
f 2742 2743 2655
f 2655 2743 2656
f 2743 2744 2656
f 2656 2744 2657
f 2744 2745 2657
f 2657 2745 2658
f 2745 2746 2658
f 2658 2746 2659
f 2746 2747 2659
f 2659 2747 2660
f 2747 2748 2660
f 2660 2748 2661
f 2748 2749 2661
f 2661 2749 2662
f 2749 2750 2662
f 2662 2750 2663
f 2750 2751 2663
f 2663 2751 2664
f 2751 2752 2664
f 2664 2752 2665
f 2752 2753 2665
f 2665 2753 2666
f 2753 2754 2666
f 2666 2754 2667
f 2754 2755 2667
f 2667 2755 2668
f 2755 2756 2668
f 2668 2756 2669
f 2756 2757 2669
f 2669 2757 2670
f 2757 2758 2670
f 2670 2758 2671
f 2758 2759 2671
f 2671 2759 2672
f 2759 2760 2672
f 2672 2760 2673
f 2760 2761 2673
f 2673 2761 2674
f 2761 2762 2674
f 2674 2762 2675
f 2762 2763 2675
f 2675 2763 2676
f 2763 2764 2676
f 2676 2764 2677
f 2764 2765 2677
f 2677 2765 2678
f 2765 2766 2678
f 2678 2766 2679
f 2766 2767 2679
f 2679 2767 2680
f 2767 2768 2680
f 2680 2768 2681
f 2768 2769 2681
f 2681 2769 2682
f 2769 2770 2682
f 2682 2770 2683
f 2770 2771 2683
f 2683 2771 2684
f 2771 2772 2684
f 2684 2772 2685
f 2772 2773 2685
f 2685 2773 2686
f 2773 2774 2686
f 2686 2774 2687
f 2774 2775 2687
f 2687 2775 2688
f 2775 2776 2688
f 2688 2776 2689
f 2776 2777 2689
f 2689 2777 2690
f 2777 2778 2690
f 2690 2778 2691
f 2778 2779 2691
f 2691 2779 2692
f 2779 2780 2692
f 2692 2780 2693
f 2780 2781 2693
f 2693 2781 2694
f 2781 2782 2694
f 2694 2782 2695
f 2782 2783 2695
f 2695 2783 2696
f 2783 2784 2696
f 2696 2784 2697
f 2784 2785 2697
f 2697 2785 2698
f 2785 2786 2698
f 2698 2786 2699
f 2786 2787 2699
f 2699 2787 2700
f 2787 2788 2700
f 2700 2788 2701
f 2788 2789 2701
f 2701 2789 2702
f 2789 2790 2702
f 2702 2790 2703
f 2790 2791 2703
f 2703 2791 2704
f 2791 2792 2704
f 2704 2792 2705
f 2792 2793 2705
f 2705 2793 2706
f 2793 2794 2706
f 2706 2794 2707
f 2794 2795 2707
f 2707 2795 2708
f 2795 2796 2708
f 2708 2796 2709
f 2796 2797 2709
f 2709 2797 2710
f 2797 2798 2710
f 2710 2798 2711
f 2798 2799 2711
f 2711 2799 2712
f 2799 2800 2712
f 2712 2800 2713
f 2800 2801 2713
f 2713 2801 2714
f 2801 2802 2714
f 2714 2802 2715
f 2802 2803 2715
f 2715 2803 2716
f 2803 2804 2716
f 2716 2804 2717
f 2804 2805 2717
f 2717 2805 2718
f 2805 2806 2718
f 2718 2806 2719
f 2806 2807 2719
f 2719 2807 2720
f 2807 2808 2720
f 2720 2808 2721
f 2808 2809 2721
f 2721 2809 2722
f 2809 2810 2722
f 2722 2810 2723
f 2810 2811 2723
f 2723 2811 8685
f 2811 2812 8685
f 2724 8685 8686
f 2812 8694 8686
f 2725 8686 8687
f 2813 2814 8687
f 2726 2814 8688
f 2814 8696 8688
f 2727 8688 8689
f 2815 2816 8689
f 2728 2816 8690
f 2816 8698 8690
f 2729 8690 8691
f 2817 2818 8691
f 2730 2818 8692
f 2818 8700 8692
f 2731 8692 8693
f 2819 2820 8693
f 2732 2820 144
f 2820 146 144
f 145 147 2733
f 147 2821 2733
f 2733 2821 2734
f 2821 2822 2734
f 2734 2822 2735
f 2822 2823 2735
f 2735 2823 2736
f 2823 2824 2736
f 2736 2824 2737
f 2824 2825 2737
f 2737 2825 2738
f 2825 2826 2738
f 2738 2826 2739
f 2826 2827 2739
f 2739 2827 2740
f 2827 2828 2740
f 2740 2828 2741
f 2828 2829 2741
f 2741 2829 2742
f 2829 2830 2742
f 2742 2830 2743
f 2830 2831 2743
f 2743 2831 2744
f 2831 2832 2744
f 2744 2832 2745
f 2832 2833 2745
f 2745 2833 2746
f 2833 2834 2746
f 2746 2834 2747
f 2834 2835 2747
f 2747 2835 2748
f 2835 2836 2748
f 2748 2836 2749
f 2836 2837 2749
f 2749 2837 2750
f 2837 2838 2750
f 2750 2838 2751
f 2838 2839 2751
f 2751 2839 2752
f 2839 2840 2752
f 2752 2840 2753
f 2840 2841 2753
f 2753 2841 2754
f 2841 2842 2754
f 2754 2842 2755
f 2842 2843 2755
f 2755 2843 2756
f 2843 2844 2756
f 2756 2844 2757
f 2844 2845 2757
f 2757 2845 2758
f 2845 2846 2758
f 2758 2846 2759
f 2846 2847 2759
f 2759 2847 2760
f 2847 2848 2760
f 2760 2848 2761
f 2848 2849 2761
f 2761 2849 2762
f 2849 2850 2762
f 2762 2850 2763
f 2850 2851 2763
f 2763 2851 2764
f 2851 2852 2764
f 2764 2852 2765
f 2852 2853 2765
f 2765 2853 2766
f 2853 2854 2766
f 2766 2854 2767
f 2854 2855 2767
f 2767 2855 2768
f 2855 2856 2768
f 2768 2856 2769
f 2856 2857 2769
f 2769 2857 2770
f 2857 2858 2770
f 2770 2858 2771
f 2858 2859 2771
f 2771 2859 2772
f 2859 2860 2772
f 2772 2860 2773
f 2860 2861 2773
f 2773 2861 2774
f 2861 2862 2774
f 2774 2862 2775
f 2862 2863 2775
f 2775 2863 2776
f 2863 2864 2776
f 2776 2864 2777
f 2864 2865 2777
f 2777 2865 2778
f 2865 2866 2778
f 2778 2866 2779
f 2866 2867 2779
f 2779 2867 2780
f 2867 2868 2780
f 2780 2868 2781
f 2868 2869 2781
f 2781 2869 2782
f 2869 2870 2782
f 2782 2870 2783
f 2870 2871 2783
f 2783 2871 2784
f 2871 2872 2784
f 2784 2872 2785
f 2872 2873 2785
f 2785 2873 2786
f 2873 2874 2786
f 2786 2874 2787
f 2874 2875 2787
f 2787 2875 2788
f 2875 2876 2788
f 2788 2876 2789
f 2876 2877 2789
f 2789 2877 2790
f 2877 2878 2790
f 2790 2878 2791
f 2878 2879 2791
f 2791 2879 2792
f 2879 2880 2792
f 2792 2880 2793
f 2880 2881 2793
f 2793 2881 2794
f 2881 2882 2794
f 2794 2882 2795
f 2882 2883 2795
f 2795 2883 2796
f 2883 2884 2796
f 2796 2884 2797
f 2884 2885 2797
f 2797 2885 2798
f 2885 2886 2798
f 2798 2886 2799
f 2886 2887 2799
f 2799 2887 2800
f 2887 2888 2800
f 2800 2888 2801
f 2888 2889 2801
f 2801 2889 2802
f 2889 2890 2802
f 2802 2890 2803
f 2890 2891 2803
f 2803 2891 2804
f 2891 2892 2804
f 2804 2892 2805
f 2892 2893 2805
f 2805 2893 2806
f 2893 2894 2806
f 2806 2894 2807
f 2894 2895 2807
f 2807 2895 2808
f 2895 2896 2808
f 2808 2896 2809
f 2896 2897 2809
f 2809 2897 2810
f 2897 2898 2810
f 2810 2898 2811
f 2898 2899 2811
f 2811 2899 2812
f 2899 2900 2812
f 2812 2900 8694
f 2900 2901 8694
f 2813 8694 8695
f 2901 8702 8695
f 2814 8695 8696
f 2902 2903 8696
f 2815 2903 8697
f 2903 8704 8697
f 2816 8697 8698
f 2904 2905 8698
f 2817 2905 8699
f 2905 8706 8699
f 2818 8699 8700
f 2906 2907 8700
f 2819 2907 8701
f 2907 8708 8701
f 2820 2908 146
f 2908 148 146
f 147 149 2821
f 149 2909 2821
f 2821 2909 2822
f 2909 2910 2822
f 2822 2910 2823
f 2910 2911 2823
f 2823 2911 2824
f 2911 2912 2824
f 2824 2912 2825
f 2912 2913 2825
f 2825 2913 2826
f 2913 2914 2826
f 2826 2914 2827
f 2914 2915 2827
f 2827 2915 2828
f 2915 2916 2828
f 2828 2916 2829
f 2916 2917 2829
f 2829 2917 2830
f 2917 2918 2830
f 2830 2918 2831
f 2918 2919 2831
f 2831 2919 2832
f 2919 2920 2832
f 2832 2920 2833
f 2920 2921 2833
f 2833 2921 2834
f 2921 2922 2834
f 2834 2922 2835
f 2922 2923 2835
f 2835 2923 2836
f 2923 2924 2836
f 2836 2924 2837
f 2924 2925 2837
f 2837 2925 2838
f 2925 2926 2838
f 2838 2926 2839
f 2926 2927 2839
f 2839 2927 2840
f 2927 2928 2840
f 2840 2928 2841
f 2928 2929 2841
f 2841 2929 2842
f 2929 2930 2842
f 2842 2930 2843
f 2930 2931 2843
f 2843 2931 2844
f 2931 2932 2844
f 2844 2932 2845
f 2932 2933 2845
f 2845 2933 2846
f 2933 2934 2846
f 2846 2934 2847
f 2934 2935 2847
f 2847 2935 2848
f 2935 2936 2848
f 2848 2936 2849
f 2936 2937 2849
f 2849 2937 2850
f 2937 2938 2850
f 2850 2938 2851
f 2938 2939 2851
f 2851 2939 2852
f 2939 2940 2852
f 2852 2940 2853
f 2940 2941 2853
f 2853 2941 2854
f 2941 2942 2854
f 2854 2942 2855
f 2942 2943 2855
f 2855 2943 2856
f 2943 2944 2856
f 2856 2944 2857
f 2944 2945 2857
f 2857 2945 2858
f 2945 2946 2858
f 2858 2946 2859
f 2946 2947 2859
f 2859 2947 2860
f 2947 2948 2860
f 2860 2948 2861
f 2948 2949 2861
f 2861 2949 2862
f 2949 2950 2862
f 2862 2950 2863
f 2950 2951 2863
f 2863 2951 2864
f 2951 2952 2864
f 2864 2952 2865
f 2952 2953 2865
f 2865 2953 2866
f 2953 2954 2866
f 2866 2954 2867
f 2954 2955 2867
f 2867 2955 2868
f 2955 2956 2868
f 2868 2956 2869
f 2956 2957 2869
f 2869 2957 2870
f 2957 2958 2870
f 2870 2958 2871
f 2958 2959 2871
f 2871 2959 2872
f 2959 2960 2872
f 2872 2960 2873
f 2960 2961 2873
f 2873 2961 2874
f 2961 2962 2874
f 2874 2962 2875
f 2962 2963 2875
f 2875 2963 2876
f 2963 2964 2876
f 2876 2964 2877
f 2964 2965 2877
f 2877 2965 2878
f 2965 2966 2878
f 2878 2966 2879
f 2966 2967 2879
f 2879 2967 2880
f 2967 2968 2880
f 2880 2968 2881
f 2968 2969 2881
f 2881 2969 2882
f 2969 2970 2882
f 2882 2970 2883
f 2970 2971 2883
f 2883 2971 2884
f 2971 2972 2884
f 2884 2972 2885
f 2972 2973 2885
f 2885 2973 2886
f 2973 2974 2886
f 2886 2974 2887
f 2974 2975 2887
f 2887 2975 2888
f 2975 2976 2888
f 2888 2976 2889
f 2976 2977 2889
f 2889 2977 2890
f 2977 2978 2890
f 2890 2978 2891
f 2978 2979 2891
f 2891 2979 2892
f 2979 2980 2892
f 2892 2980 2893
f 2980 2981 2893
f 2893 2981 2894
f 2981 2982 2894
f 2894 2982 2895
f 2982 2983 2895
f 2895 2983 2896
f 2983 2984 2896
f 2896 2984 2897
f 2984 2985 2897
f 2897 2985 2898
f 2985 2986 2898
f 2898 2986 2899
f 2986 2987 2899
f 2899 2987 2900
f 2987 2988 2900
f 2900 2988 2901
f 2988 2989 2901
f 2901 2989 8702
f 2989 2990 8702
f 2902 8702 8703
f 2990 8709 8703
f 2903 8703 8704
f 2991 2992 8704
f 2904 2992 8705
f 2992 8711 8705
f 2905 8705 8706
f 2993 2994 8706
f 2906 2994 8707
f 2994 8713 8707
f 2907 8707 8708
f 2995 2996 8708
f 2908 2996 148
f 2996 150 148
f 149 151 2909
f 151 2997 2909
f 2909 2997 2910
f 2997 2998 2910
f 2910 2998 2911
f 2998 2999 2911
f 2911 2999 2912
f 2999 3000 2912
f 2912 3000 2913
f 3000 3001 2913
f 2913 3001 2914
f 3001 3002 2914
f 2914 3002 2915
f 3002 3003 2915
f 2915 3003 2916
f 3003 3004 2916
f 2916 3004 2917
f 3004 3005 2917
f 2917 3005 2918
f 3005 3006 2918
f 2918 3006 2919
f 3006 3007 2919
f 2919 3007 2920
f 3007 3008 2920
f 2920 3008 2921
f 3008 3009 2921
f 2921 3009 2922
f 3009 3010 2922
f 2922 3010 2923
f 3010 3011 2923
f 2923 3011 2924
f 3011 3012 2924
f 2924 3012 2925
f 3012 3013 2925
f 2925 3013 2926
f 3013 3014 2926
f 2926 3014 2927
f 3014 3015 2927
f 2927 3015 2928
f 3015 3016 2928
f 2928 3016 2929
f 3016 3017 2929
f 2929 3017 2930
f 3017 3018 2930
f 2930 3018 2931
f 3018 3019 2931
f 2931 3019 2932
f 3019 3020 2932
f 2932 3020 2933
f 3020 3021 2933
f 2933 3021 2934
f 3021 3022 2934
f 2934 3022 2935
f 3022 3023 2935
f 2935 3023 2936
f 3023 3024 2936
f 2936 3024 2937
f 3024 3025 2937
f 2937 3025 2938
f 3025 3026 2938
f 2938 3026 2939
f 3026 3027 2939
f 2939 3027 2940
f 3027 3028 2940
f 2940 3028 2941
f 3028 3029 2941
f 2941 3029 2942
f 3029 3030 2942
f 2942 3030 2943
f 3030 3031 2943
f 2943 3031 2944
f 3031 3032 2944
f 2944 3032 2945
f 3032 3033 2945
f 2945 3033 2946
f 3033 3034 2946
f 2946 3034 2947
f 3034 3035 2947
f 2947 3035 2948
f 3035 3036 2948
f 2948 3036 2949
f 3036 3037 2949
f 2949 3037 2950
f 3037 3038 2950
f 2950 3038 2951
f 3038 3039 2951
f 2951 3039 2952
f 3039 3040 2952
f 2952 3040 2953
f 3040 3041 2953
f 2953 3041 2954
f 3041 3042 2954
f 2954 3042 2955
f 3042 3043 2955
f 2955 3043 2956
f 3043 3044 2956
f 2956 3044 2957
f 3044 3045 2957
f 2957 3045 2958
f 3045 3046 2958
f 2958 3046 2959
f 3046 3047 2959
f 2959 3047 2960
f 3047 3048 2960
f 2960 3048 2961
f 3048 3049 2961
f 2961 3049 2962
f 3049 3050 2962
f 2962 3050 2963
f 3050 3051 2963
f 2963 3051 2964
f 3051 3052 2964
f 2964 3052 2965
f 3052 3053 2965
f 2965 3053 2966
f 3053 3054 2966
f 2966 3054 2967
f 3054 3055 2967
f 2967 3055 2968
f 3055 3056 2968
f 2968 3056 2969
f 3056 3057 2969
f 2969 3057 2970
f 3057 3058 2970
f 2970 3058 2971
f 3058 3059 2971
f 2971 3059 2972
f 3059 3060 2972
f 2972 3060 2973
f 3060 3061 2973
f 2973 3061 2974
f 3061 3062 2974
f 2974 3062 2975
f 3062 3063 2975
f 2975 3063 2976
f 3063 3064 2976
f 2976 3064 2977
f 3064 3065 2977
f 2977 3065 2978
f 3065 3066 2978
f 2978 3066 2979
f 3066 3067 2979
f 2979 3067 2980
f 3067 3068 2980
f 2980 3068 2981
f 3068 3069 2981
f 2981 3069 2982
f 3069 3070 2982
f 2982 3070 2983
f 3070 3071 2983
f 2983 3071 2984
f 3071 3072 2984
f 2984 3072 2985
f 3072 3073 2985
f 2985 3073 2986
f 3073 3074 2986
f 2986 3074 2987
f 3074 3075 2987
f 2987 3075 2988
f 3075 3076 2988
f 2988 3076 2989
f 3076 3077 2989
f 2989 3077 2990
f 3077 3078 2990
f 2990 3078 8709
f 3078 3079 8709
f 2991 8709 8710
f 3079 8715 8710
f 2992 8710 8711
f 3080 3081 8711
f 2993 3081 8712
f 3081 8717 8712
f 2994 8712 8713
f 3082 3083 8713
f 2995 3083 8714
f 3083 8719 8714
f 2996 3084 150
f 3084 152 150
f 151 153 2997
f 153 3085 2997
f 2997 3085 2998
f 3085 3086 2998
f 2998 3086 2999
f 3086 3087 2999
f 2999 3087 3000
f 3087 3088 3000
f 3000 3088 3001
f 3088 3089 3001
f 3001 3089 3002
f 3089 3090 3002
f 3002 3090 3003
f 3090 3091 3003
f 3003 3091 3004
f 3091 3092 3004
f 3004 3092 3005
f 3092 3093 3005
f 3005 3093 3006
f 3093 3094 3006
f 3006 3094 3007
f 3094 3095 3007
f 3007 3095 3008
f 3095 3096 3008
f 3008 3096 3009
f 3096 3097 3009
f 3009 3097 3010
f 3097 3098 3010
f 3010 3098 3011
f 3098 3099 3011
f 3011 3099 3012
f 3099 3100 3012
f 3012 3100 3013
f 3100 3101 3013
f 3013 3101 3014
f 3101 3102 3014
f 3014 3102 3015
f 3102 3103 3015
f 3015 3103 3016
f 3103 3104 3016
f 3016 3104 3017
f 3104 3105 3017
f 3017 3105 3018
f 3105 3106 3018
f 3018 3106 3019
f 3106 3107 3019
f 3019 3107 3020
f 3107 3108 3020
f 3020 3108 3021
f 3108 3109 3021
f 3021 3109 3022
f 3109 3110 3022
f 3022 3110 3023
f 3110 3111 3023
f 3023 3111 3024
f 3111 3112 3024
f 3024 3112 3025
f 3112 3113 3025
f 3025 3113 3026
f 3113 3114 3026
f 3026 3114 3027
f 3114 3115 3027
f 3027 3115 3028
f 3115 3116 3028
f 3028 3116 3029
f 3116 3117 3029
f 3029 3117 3030
f 3117 3118 3030
f 3030 3118 3031
f 3118 3119 3031
f 3031 3119 3032
f 3119 3120 3032
f 3032 3120 3033
f 3120 3121 3033
f 3033 3121 3034
f 3121 3122 3034
f 3034 3122 3035
f 3122 3123 3035
f 3035 3123 3036
f 3123 3124 3036
f 3036 3124 3037
f 3124 3125 3037
f 3037 3125 3038
f 3125 3126 3038
f 3038 3126 3039
f 3126 3127 3039
f 3039 3127 3040
f 3127 3128 3040
f 3040 3128 3041
f 3128 3129 3041
f 3041 3129 3042
f 3129 3130 3042
f 3042 3130 3043
f 3130 3131 3043
f 3043 3131 3044
f 3131 3132 3044
f 3044 3132 3045
f 3132 3133 3045
f 3045 3133 3046
f 3133 3134 3046
f 3046 3134 3047
f 3134 3135 3047
f 3047 3135 3048
f 3135 3136 3048
f 3048 3136 3049
f 3136 3137 3049
f 3049 3137 3050
f 3137 3138 3050
f 3050 3138 3051
f 3138 3139 3051
f 3051 3139 3052
f 3139 3140 3052
f 3052 3140 3053
f 3140 3141 3053
f 3053 3141 3054
f 3141 3142 3054
f 3054 3142 3055
f 3142 3143 3055
f 3055 3143 3056
f 3143 3144 3056
f 3056 3144 3057
f 3144 3145 3057
f 3057 3145 3058
f 3145 3146 3058
f 3058 3146 3059
f 3146 3147 3059
f 3059 3147 3060
f 3147 3148 3060
f 3060 3148 3061
f 3148 3149 3061
f 3061 3149 3062
f 3149 3150 3062
f 3062 3150 3063
f 3150 3151 3063
f 3063 3151 3064
f 3151 3152 3064
f 3064 3152 3065
f 3152 3153 3065
f 3065 3153 3066
f 3153 3154 3066
f 3066 3154 3067
f 3154 3155 3067
f 3067 3155 3068
f 3155 3156 3068
f 3068 3156 3069
f 3156 3157 3069
f 3069 3157 3070
f 3157 3158 3070
f 3070 3158 3071
f 3158 3159 3071
f 3071 3159 3072
f 3159 3160 3072
f 3072 3160 3073
f 3160 3161 3073
f 3073 3161 3074
f 3161 3162 3074
f 3074 3162 3075
f 3162 3163 3075
f 3075 3163 3076
f 3163 3164 3076
f 3076 3164 3077
f 3164 3165 3077
f 3077 3165 3078
f 3165 3166 3078
f 3078 3166 3079
f 3166 3167 3079
f 3079 3167 8715
f 3167 3168 8715
f 3080 8715 8716
f 3168 8720 8716
f 3081 8716 8717
f 3169 3170 8717
f 3082 3170 8718
f 3170 8722 8718
f 3083 8718 8719
f 3171 3172 8719
f 3084 3172 152
f 3172 154 152
f 153 155 3085
f 155 3173 3085
f 3085 3173 3086
f 3173 3174 3086
f 3086 3174 3087
f 3174 3175 3087
f 3087 3175 3088
f 3175 3176 3088
f 3088 3176 3089
f 3176 3177 3089
f 3089 3177 3090
f 3177 3178 3090
f 3090 3178 3091
f 3178 3179 3091
f 3091 3179 3092
f 3179 3180 3092
f 3092 3180 3093
f 3180 3181 3093
f 3093 3181 3094
f 3181 3182 3094
f 3094 3182 3095
f 3182 3183 3095
f 3095 3183 3096
f 3183 3184 3096
f 3096 3184 3097
f 3184 3185 3097
f 3097 3185 3098
f 3185 3186 3098
f 3098 3186 3099
f 3186 3187 3099
f 3099 3187 3100
f 3187 3188 3100
f 3100 3188 3101
f 3188 3189 3101
f 3101 3189 3102
f 3189 3190 3102
f 3102 3190 3103
f 3190 3191 3103
f 3103 3191 3104
f 3191 3192 3104
f 3104 3192 3105
f 3192 3193 3105
f 3105 3193 3106
f 3193 3194 3106
f 3106 3194 3107
f 3194 3195 3107
f 3107 3195 3108
f 3195 3196 3108
f 3108 3196 3109
f 3196 3197 3109
f 3109 3197 3110
f 3197 3198 3110
f 3110 3198 3111
f 3198 3199 3111
f 3111 3199 3112
f 3199 3200 3112
f 3112 3200 3113
f 3200 3201 3113
f 3113 3201 3114
f 3201 3202 3114
f 3114 3202 3115
f 3202 3203 3115
f 3115 3203 3116
f 3203 3204 3116
f 3116 3204 3117
f 3204 3205 3117
f 3117 3205 3118
f 3205 3206 3118
f 3118 3206 3119
f 3206 3207 3119
f 3119 3207 3120
f 3207 3208 3120
f 3120 3208 3121
f 3208 3209 3121
f 3121 3209 3122
f 3209 3210 3122
f 3122 3210 3123
f 3210 3211 3123
f 3123 3211 3124
f 3211 3212 3124
f 3124 3212 3125
f 3212 3213 3125
f 3125 3213 3126
f 3213 3214 3126
f 3126 3214 3127
f 3214 3215 3127
f 3127 3215 3128
f 3215 3216 3128
f 3128 3216 3129
f 3216 3217 3129
f 3129 3217 3130
f 3217 3218 3130
f 3130 3218 3131
f 3218 3219 3131
f 3131 3219 3132
f 3219 3220 3132
f 3132 3220 3133
f 3220 3221 3133
f 3133 3221 3134
f 3221 3222 3134
f 3134 3222 3135
f 3222 3223 3135
f 3135 3223 3136
f 3223 3224 3136
f 3136 3224 3137
f 3224 3225 3137
f 3137 3225 3138
f 3225 3226 3138
f 3138 3226 3139
f 3226 3227 3139
f 3139 3227 3140
f 3227 3228 3140
f 3140 3228 3141
f 3228 3229 3141
f 3141 3229 3142
f 3229 3230 3142
f 3142 3230 3143
f 3230 3231 3143
f 3143 3231 3144
f 3231 3232 3144
f 3144 3232 3145
f 3232 3233 3145
f 3145 3233 3146
f 3233 3234 3146
f 3146 3234 3147
f 3234 3235 3147
f 3147 3235 3148
f 3235 3236 3148
f 3148 3236 3149
f 3236 3237 3149
f 3149 3237 3150
f 3237 3238 3150
f 3150 3238 3151
f 3238 3239 3151
f 3151 3239 3152
f 3239 3240 3152
f 3152 3240 3153
f 3240 3241 3153
f 3153 3241 3154
f 3241 3242 3154
f 3154 3242 3155
f 3242 3243 3155
f 3155 3243 3156
f 3243 3244 3156
f 3156 3244 3157
f 3244 3245 3157
f 3157 3245 3158
f 3245 3246 3158
f 3158 3246 3159
f 3246 3247 3159
f 3159 3247 3160
f 3247 3248 3160
f 3160 3248 3161
f 3248 3249 3161
f 3161 3249 3162
f 3249 3250 3162
f 3162 3250 3163
f 3250 3251 3163
f 3163 3251 3164
f 3251 3252 3164
f 3164 3252 3165
f 3252 3253 3165
f 3165 3253 3166
f 3253 3254 3166
f 3166 3254 3167
f 3254 3255 3167
f 3167 3255 3168
f 3255 3256 3168
f 3168 3256 8720
f 3256 3257 8720
f 3169 8720 8721
f 3257 8724 8721
f 3170 8721 8722
f 3258 3259 8722
f 3171 3259 8723
f 3259 8726 8723
f 3172 3260 154
f 3260 156 154
f 155 157 3173
f 157 3261 3173
f 3173 3261 3174
f 3261 3262 3174
f 3174 3262 3175
f 3262 3263 3175
f 3175 3263 3176
f 3263 3264 3176
f 3176 3264 3177
f 3264 3265 3177
f 3177 3265 3178
f 3265 3266 3178
f 3178 3266 3179
f 3266 3267 3179
f 3179 3267 3180
f 3267 3268 3180
f 3180 3268 3181
f 3268 3269 3181
f 3181 3269 3182
f 3269 3270 3182
f 3182 3270 3183
f 3270 3271 3183
f 3183 3271 3184
f 3271 3272 3184
f 3184 3272 3185
f 3272 3273 3185
f 3185 3273 3186
f 3273 3274 3186
f 3186 3274 3187
f 3274 3275 3187
f 3187 3275 3188
f 3275 3276 3188
f 3188 3276 3189
f 3276 3277 3189
f 3189 3277 3190
f 3277 3278 3190
f 3190 3278 3191
f 3278 3279 3191
f 3191 3279 3192
f 3279 3280 3192
f 3192 3280 3193
f 3280 3281 3193
f 3193 3281 3194
f 3281 3282 3194
f 3194 3282 3195
f 3282 3283 3195
f 3195 3283 3196
f 3283 3284 3196
f 3196 3284 3197
f 3284 3285 3197
f 3197 3285 3198
f 3285 3286 3198
f 3198 3286 3199
f 3286 3287 3199
f 3199 3287 3200
f 3287 3288 3200
f 3200 3288 3201
f 3288 3289 3201
f 3201 3289 3202
f 3289 3290 3202
f 3202 3290 3203
f 3290 3291 3203
f 3203 3291 3204
f 3291 3292 3204
f 3204 3292 3205
f 3292 3293 3205
f 3205 3293 3206
f 3293 3294 3206
f 3206 3294 3207
f 3294 3295 3207
f 3207 3295 3208
f 3295 3296 3208
f 3208 3296 3209
f 3296 3297 3209
f 3209 3297 3210
f 3297 3298 3210
f 3210 3298 3211
f 3298 3299 3211
f 3211 3299 3212
f 3299 3300 3212
f 3212 3300 3213
f 3300 3301 3213
f 3213 3301 3214
f 3301 3302 3214
f 3214 3302 3215
f 3302 3303 3215
f 3215 3303 3216
f 3303 3304 3216
f 3216 3304 3217
f 3304 3305 3217
f 3217 3305 3218
f 3305 3306 3218
f 3218 3306 3219
f 3306 3307 3219
f 3219 3307 3220
f 3307 3308 3220
f 3220 3308 3221
f 3308 3309 3221
f 3221 3309 3222
f 3309 3310 3222
f 3222 3310 3223
f 3310 3311 3223
f 3223 3311 3224
f 3311 3312 3224
f 3224 3312 3225
f 3312 3313 3225
f 3225 3313 3226
f 3313 3314 3226
f 3226 3314 3227
f 3314 3315 3227
f 3227 3315 3228
f 3315 3316 3228
f 3228 3316 3229
f 3316 3317 3229
f 3229 3317 3230
f 3317 3318 3230
f 3230 3318 3231
f 3318 3319 3231
f 3231 3319 3232
f 3319 3320 3232
f 3232 3320 3233
f 3320 3321 3233
f 3233 3321 3234
f 3321 3322 3234
f 3234 3322 3235
f 3322 3323 3235
f 3235 3323 3236
f 3323 3324 3236
f 3236 3324 3237
f 3324 3325 3237
f 3237 3325 3238
f 3325 3326 3238
f 3238 3326 3239
f 3326 3327 3239
f 3239 3327 3240
f 3327 3328 3240
f 3240 3328 3241
f 3328 3329 3241
f 3241 3329 3242
f 3329 3330 3242
f 3242 3330 3243
f 3330 3331 3243
f 3243 3331 3244
f 3331 3332 3244
f 3244 3332 3245
f 3332 3333 3245
f 3245 3333 3246
f 3333 3334 3246
f 3246 3334 3247
f 3334 3335 3247
f 3247 3335 3248
f 3335 3336 3248
f 3248 3336 3249
f 3336 3337 3249
f 3249 3337 3250
f 3337 3338 3250
f 3250 3338 3251
f 3338 3339 3251
f 3251 3339 3252
f 3339 3340 3252
f 3252 3340 3253
f 3340 3341 3253
f 3253 3341 3254
f 3341 3342 3254
f 3254 3342 3255
f 3342 3343 3255
f 3255 3343 3256
f 3343 3344 3256
f 3256 3344 3257
f 3344 3345 3257
f 3257 3345 8724
f 3345 3346 8724
f 3258 8724 8725
f 3346 8727 8725
f 3259 8725 8726
f 3347 3348 8726
f 3260 3348 156
f 3348 158 156
f 157 159 3261
f 159 3349 3261
f 3261 3349 3262
f 3349 3350 3262
f 3262 3350 3263
f 3350 3351 3263
f 3263 3351 3264
f 3351 3352 3264
f 3264 3352 3265
f 3352 3353 3265
f 3265 3353 3266
f 3353 3354 3266
f 3266 3354 3267
f 3354 3355 3267
f 3267 3355 3268
f 3355 3356 3268
f 3268 3356 3269
f 3356 3357 3269
f 3269 3357 3270
f 3357 3358 3270
f 3270 3358 3271
f 3358 3359 3271
f 3271 3359 3272
f 3359 3360 3272
f 3272 3360 3273
f 3360 3361 3273
f 3273 3361 3274
f 3361 3362 3274
f 3274 3362 3275
f 3362 3363 3275
f 3275 3363 3276
f 3363 3364 3276
f 3276 3364 3277
f 3364 3365 3277
f 3277 3365 3278
f 3365 3366 3278
f 3278 3366 3279
f 3366 3367 3279
f 3279 3367 3280
f 3367 3368 3280
f 3280 3368 3281
f 3368 3369 3281
f 3281 3369 3282
f 3369 3370 3282
f 3282 3370 3283
f 3370 3371 3283
f 3283 3371 3284
f 3371 3372 3284
f 3284 3372 3285
f 3372 3373 3285
f 3285 3373 3286
f 3373 3374 3286
f 3286 3374 3287
f 3374 3375 3287
f 3287 3375 3288
f 3375 3376 3288
f 3288 3376 3289
f 3376 3377 3289
f 3289 3377 3290
f 3377 3378 3290
f 3290 3378 3291
f 3378 3379 3291
f 3291 3379 3292
f 3379 3380 3292
f 3292 3380 3293
f 3380 3381 3293
f 3293 3381 3294
f 3381 3382 3294
f 3294 3382 3295
f 3382 3383 3295
f 3295 3383 3296
f 3383 3384 3296
f 3296 3384 3297
f 3384 3385 3297
f 3297 3385 3298
f 3385 3386 3298
f 3298 3386 3299
f 3386 3387 3299
f 3299 3387 3300
f 3387 3388 3300
f 3300 3388 3301
f 3388 3389 3301
f 3301 3389 3302
f 3389 3390 3302
f 3302 3390 3303
f 3390 3391 3303
f 3303 3391 3304
f 3391 3392 3304
f 3304 3392 3305
f 3392 3393 3305
f 3305 3393 3306
f 3393 3394 3306
f 3306 3394 3307
f 3394 3395 3307
f 3307 3395 3308
f 3395 3396 3308
f 3308 3396 3309
f 3396 3397 3309
f 3309 3397 3310
f 3397 3398 3310
f 3310 3398 3311
f 3398 3399 3311
f 3311 3399 3312
f 3399 3400 3312
f 3312 3400 3313
f 3400 3401 3313
f 3313 3401 3314
f 3401 3402 3314
f 3314 3402 3315
f 3402 3403 3315
f 3315 3403 3316
f 3403 3404 3316
f 3316 3404 3317
f 3404 3405 3317
f 3317 3405 3318
f 3405 3406 3318
f 3318 3406 3319
f 3406 3407 3319
f 3319 3407 3320
f 3407 3408 3320
f 3320 3408 3321
f 3408 3409 3321
f 3321 3409 3322
f 3409 3410 3322
f 3322 3410 3323
f 3410 3411 3323
f 3323 3411 3324
f 3411 3412 3324
f 3324 3412 3325
f 3412 3413 3325
f 3325 3413 3326
f 3413 3414 3326
f 3326 3414 3327
f 3414 3415 3327
f 3327 3415 3328
f 3415 3416 3328
f 3328 3416 3329
f 3416 3417 3329
f 3329 3417 3330
f 3417 3418 3330
f 3330 3418 3331
f 3418 3419 3331
f 3331 3419 3332
f 3419 3420 3332
f 3332 3420 3333
f 3420 3421 3333
f 3333 3421 3334
f 3421 3422 3334
f 3334 3422 3335
f 3422 3423 3335
f 3335 3423 3336
f 3423 3424 3336
f 3336 3424 3337
f 3424 3425 3337
f 3337 3425 3338
f 3425 3426 3338
f 3338 3426 3339
f 3426 3427 3339
f 3339 3427 3340
f 3427 3428 3340
f 3340 3428 3341
f 3428 3429 3341
f 3341 3429 3342
f 3429 3430 3342
f 3342 3430 3343
f 3430 3431 3343
f 3343 3431 3344
f 3431 3432 3344
f 3344 3432 3345
f 3432 3433 3345
f 3345 3433 3346
f 3433 3434 3346
f 3346 3434 8727
f 3434 3435 8727
f 3347 8727 8728
f 3435 8729 8728
f 3348 3436 158
f 3436 160 158
f 159 161 3349
f 161 3437 3349
f 3349 3437 3350
f 3437 3438 3350
f 3350 3438 3351
f 3438 3439 3351
f 3351 3439 3352
f 3439 3440 3352
f 3352 3440 3353
f 3440 3441 3353
f 3353 3441 3354
f 3441 3442 3354
f 3354 3442 3355
f 3442 3443 3355
f 3355 3443 3356
f 3443 3444 3356
f 3356 3444 3357
f 3444 3445 3357
f 3357 3445 3358
f 3445 3446 3358
f 3358 3446 3359
f 3446 3447 3359
f 3359 3447 3360
f 3447 3448 3360
f 3360 3448 3361
f 3448 3449 3361
f 3361 3449 3362
f 3449 3450 3362
f 3362 3450 3363
f 3450 3451 3363
f 3363 3451 3364
f 3451 3452 3364
f 3364 3452 3365
f 3452 3453 3365
f 3365 3453 3366
f 3453 3454 3366
f 3366 3454 3367
f 3454 3455 3367
f 3367 3455 3368
f 3455 3456 3368
f 3368 3456 3369
f 3456 3457 3369
f 3369 3457 3370
f 3457 3458 3370
f 3370 3458 3371
f 3458 3459 3371
f 3371 3459 3372
f 3459 3460 3372
f 3372 3460 3373
f 3460 3461 3373
f 3373 3461 3374
f 3461 3462 3374
f 3374 3462 3375
f 3462 3463 3375
f 3375 3463 3376
f 3463 3464 3376
f 3376 3464 3377
f 3464 3465 3377
f 3377 3465 3378
f 3465 3466 3378
f 3378 3466 3379
f 3466 3467 3379
f 3379 3467 3380
f 3467 3468 3380
f 3380 3468 3381
f 3468 3469 3381
f 3381 3469 3382
f 3469 3470 3382
f 3382 3470 3383
f 3470 3471 3383
f 3383 3471 3384
f 3471 3472 3384
f 3384 3472 3385
f 3472 3473 3385
f 3385 3473 3386
f 3473 3474 3386
f 3386 3474 3387
f 3474 3475 3387
f 3387 3475 3388
f 3475 3476 3388
f 3388 3476 3389
f 3476 3477 3389
f 3389 3477 3390
f 3477 3478 3390
f 3390 3478 3391
f 3478 3479 3391
f 3391 3479 3392
f 3479 3480 3392
f 3392 3480 3393
f 3480 3481 3393
f 3393 3481 3394
f 3481 3482 3394
f 3394 3482 3395
f 3482 3483 3395
f 3395 3483 3396
f 3483 3484 3396
f 3396 3484 3397
f 3484 3485 3397
f 3397 3485 3398
f 3485 3486 3398
f 3398 3486 3399
f 3486 3487 3399
f 3399 3487 3400
f 3487 3488 3400
f 3400 3488 3401
f 3488 3489 3401
f 3401 3489 3402
f 3489 3490 3402
f 3402 3490 3403
f 3490 3491 3403
f 3403 3491 3404
f 3491 3492 3404
f 3404 3492 3405
f 3492 3493 3405
f 3405 3493 3406
f 3493 3494 3406
f 3406 3494 3407
f 3494 3495 3407
f 3407 3495 3408
f 3495 3496 3408
f 3408 3496 3409
f 3496 3497 3409
f 3409 3497 3410
f 3497 3498 3410
f 3410 3498 3411
f 3498 3499 3411
f 3411 3499 3412
f 3499 3500 3412
f 3412 3500 3413
f 3500 3501 3413
f 3413 3501 3414
f 3501 3502 3414
f 3414 3502 3415
f 3502 3503 3415
f 3415 3503 3416
f 3503 3504 3416
f 3416 3504 3417
f 3504 3505 3417
f 3417 3505 3418
f 3505 3506 3418
f 3418 3506 3419
f 3506 3507 3419
f 3419 3507 3420
f 3507 3508 3420
f 3420 3508 3421
f 3508 3509 3421
f 3421 3509 3422
f 3509 3510 3422
f 3422 3510 3423
f 3510 3511 3423
f 3423 3511 3424
f 3511 3512 3424
f 3424 3512 3425
f 3512 3513 3425
f 3425 3513 3426
f 3513 3514 3426
f 3426 3514 3427
f 3514 3515 3427
f 3427 3515 3428
f 3515 3516 3428
f 3428 3516 3429
f 3516 3517 3429
f 3429 3517 3430
f 3517 3518 3430
f 3430 3518 3431
f 3518 3519 3431
f 3431 3519 3432
f 3519 3520 3432
f 3432 3520 3433
f 3520 3521 3433
f 3433 3521 3434
f 3521 3522 3434
f 3434 3522 3435
f 3522 3523 3435
f 3435 3523 8729
f 3523 9351 8729
f 3436 3524 160
f 3524 162 160
f 161 163 3437
f 163 3525 3437
f 3437 3525 3438
f 3525 3526 3438
f 3438 3526 3439
f 3526 3527 3439
f 3439 3527 3440
f 3527 3528 3440
f 3440 3528 3441
f 3528 3529 3441
f 3441 3529 3442
f 3529 3530 3442
f 3442 3530 3443
f 3530 3531 3443
f 3443 3531 3444
f 3531 3532 3444
f 3444 3532 3445
f 3532 3533 3445
f 3445 3533 3446
f 3533 3534 3446
f 3446 3534 3447
f 3534 3535 3447
f 3447 3535 3448
f 3535 3536 3448
f 3448 3536 3449
f 3536 3537 3449
f 3449 3537 3450
f 3537 3538 3450
f 3450 3538 3451
f 3538 3539 3451
f 3451 3539 3452
f 3539 3540 3452
f 3452 3540 3453
f 3540 3541 3453
f 3453 3541 3454
f 3541 3542 3454
f 3454 3542 3455
f 3542 3543 3455
f 3455 3543 3456
f 3543 3544 3456
f 3456 3544 3457
f 3544 3545 3457
f 3457 3545 3458
f 3545 3546 3458
f 3458 3546 3459
f 3546 3547 3459
f 3459 3547 3460
f 3547 3548 3460
f 3460 3548 3461
f 3548 3549 3461
f 3461 3549 3462
f 3549 3550 3462
f 3462 3550 3463
f 3550 3551 3463
f 3463 3551 3464
f 3551 3552 3464
f 3464 3552 3465
f 3552 3553 3465
f 3465 3553 3466
f 3553 3554 3466
f 3466 3554 3467
f 3554 3555 3467
f 3467 3555 3468
f 3555 3556 3468
f 3468 3556 3469
f 3556 3557 3469
f 3469 3557 3470
f 3557 3558 3470
f 3470 3558 3471
f 3558 3559 3471
f 3471 3559 3472
f 3559 3560 3472
f 3472 3560 3473
f 3560 3561 3473
f 3473 3561 3474
f 3561 3562 3474
f 3474 3562 3475
f 3562 3563 3475
f 3475 3563 3476
f 3563 3564 3476
f 3476 3564 3477
f 3564 3565 3477
f 3477 3565 3478
f 3565 3566 3478
f 3478 3566 3479
f 3566 3567 3479
f 3479 3567 3480
f 3567 3568 3480
f 3480 3568 3481
f 3568 3569 3481
f 3481 3569 3482
f 3569 3570 3482
f 3482 3570 3483
f 3570 3571 3483
f 3483 3571 3484
f 3571 3572 3484
f 3484 3572 3485
f 3572 3573 3485
f 3485 3573 3486
f 3573 3574 3486
f 3486 3574 3487
f 3574 3575 3487
f 3487 3575 3488
f 3575 3576 3488
f 3488 3576 3489
f 3576 3577 3489
f 3489 3577 3490
f 3577 3578 3490
f 3490 3578 3491
f 3578 3579 3491
f 3491 3579 3492
f 3579 3580 3492
f 3492 3580 3493
f 3580 3581 3493
f 3493 3581 3494
f 3581 3582 3494
f 3494 3582 3495
f 3582 3583 3495
f 3495 3583 3496
f 3583 3584 3496
f 3496 3584 3497
f 3584 3585 3497
f 3497 3585 3498
f 3585 3586 3498
f 3498 3586 3499
f 3586 3587 3499
f 3499 3587 3500
f 3587 3588 3500
f 3500 3588 3501
f 3588 3589 3501
f 3501 3589 3502
f 3589 3590 3502
f 3502 3590 3503
f 3590 3591 3503
f 3503 3591 3504
f 3591 3592 3504
f 3504 3592 3505
f 3592 3593 3505
f 3505 3593 3506
f 3593 3594 3506
f 3506 3594 3507
f 3594 3595 3507
f 3507 3595 3508
f 3595 3596 3508
f 3508 3596 3509
f 3596 3597 3509
f 3509 3597 3510
f 3597 3598 3510
f 3510 3598 3511
f 3598 3599 3511
f 3511 3599 3512
f 3599 3600 3512
f 3512 3600 3513
f 3600 3601 3513
f 3513 3601 3514
f 3601 3602 3514
f 3514 3602 3515
f 3602 3603 3515
f 3515 3603 3516
f 3603 3604 3516
f 3516 3604 3517
f 3604 3605 3517
f 3517 3605 3518
f 3605 3606 3518
f 3518 3606 3519
f 3606 3607 3519
f 3519 3607 3520
f 3607 3608 3520
f 3520 3608 3521
f 3608 3609 3521
f 3521 3609 3522
f 3609 3610 3522
f 3522 3610 3523
f 3610 3611 3523
f 3523 3611 9351
f 3611 9354 9351
f 3524 3612 162
f 3612 164 162
f 163 165 3525
f 165 3613 3525
f 3525 3613 3526
f 3613 3614 3526
f 3526 3614 3527
f 3614 3615 3527
f 3527 3615 3528
f 3615 3616 3528
f 3528 3616 3529
f 3616 3617 3529
f 3529 3617 3530
f 3617 3618 3530
f 3530 3618 3531
f 3618 3619 3531
f 3531 3619 3532
f 3619 3620 3532
f 3532 3620 3533
f 3620 3621 3533
f 3533 3621 3534
f 3621 3622 3534
f 3534 3622 3535
f 3622 3623 3535
f 3535 3623 3536
f 3623 3624 3536
f 3536 3624 3537
f 3624 3625 3537
f 3537 3625 3538
f 3625 3626 3538
f 3538 3626 3539
f 3626 3627 3539
f 3539 3627 3540
f 3627 3628 3540
f 3540 3628 3541
f 3628 3629 3541
f 3541 3629 3542
f 3629 3630 3542
f 3542 3630 3543
f 3630 3631 3543
f 3543 3631 3544
f 3631 3632 3544
f 3544 3632 3545
f 3632 3633 3545
f 3545 3633 3546
f 3633 3634 3546
f 3546 3634 3547
f 3634 3635 3547
f 3547 3635 3548
f 3635 3636 3548
f 3548 3636 3549
f 3636 3637 3549
f 3549 3637 3550
f 3637 3638 3550
f 3550 3638 3551
f 3638 3639 3551
f 3551 3639 3552
f 3639 3640 3552
f 3552 3640 3553
f 3640 3641 3553
f 3553 3641 3554
f 3641 3642 3554
f 3554 3642 3555
f 3642 3643 3555
f 3555 3643 3556
f 3643 3644 3556
f 3556 3644 3557
f 3644 3645 3557
f 3557 3645 3558
f 3645 3646 3558
f 3558 3646 3559
f 3646 3647 3559
f 3559 3647 3560
f 3647 3648 3560
f 3560 3648 3561
f 3648 3649 3561
f 3561 3649 3562
f 3649 3650 3562
f 3562 3650 3563
f 3650 3651 3563
f 3563 3651 3564
f 3651 3652 3564
f 3564 3652 3565
f 3652 3653 3565
f 3565 3653 3566
f 3653 3654 3566
f 3566 3654 3567
f 3654 3655 3567
f 3567 3655 3568
f 3655 3656 3568
f 3568 3656 3569
f 3656 3657 3569
f 3569 3657 3570
f 3657 3658 3570
f 3570 3658 3571
f 3658 3659 3571
f 3571 3659 3572
f 3659 3660 3572
f 3572 3660 3573
f 3660 3661 3573
f 3573 3661 3574
f 3661 3662 3574
f 3574 3662 3575
f 3662 3663 3575
f 3575 3663 3576
f 3663 3664 3576
f 3576 3664 3577
f 3664 3665 3577
f 3577 3665 3578
f 3665 3666 3578
f 3578 3666 3579
f 3666 3667 3579
f 3579 3667 3580
f 3667 3668 3580
f 3580 3668 3581
f 3668 3669 3581
f 3581 3669 3582
f 3669 3670 3582
f 3582 3670 3583
f 3670 3671 3583
f 3583 3671 3584
f 3671 3672 3584
f 3584 3672 3585
f 3672 3673 3585
f 3585 3673 3586
f 3673 3674 3586
f 3586 3674 3587
f 3674 3675 3587
f 3587 3675 3588
f 3675 3676 3588
f 3588 3676 3589
f 3676 3677 3589
f 3589 3677 3590
f 3677 3678 3590
f 3590 3678 3591
f 3678 3679 3591
f 3591 3679 3592
f 3679 3680 3592
f 3592 3680 3593
f 3680 3681 3593
f 3593 3681 3594
f 3681 3682 3594
f 3594 3682 3595
f 3682 3683 3595
f 3595 3683 3596
f 3683 3684 3596
f 3596 3684 3597
f 3684 3685 3597
f 3597 3685 3598
f 3685 3686 3598
f 3598 3686 3599
f 3686 3687 3599
f 3599 3687 3600
f 3687 3688 3600
f 3600 3688 3601
f 3688 3689 3601
f 3601 3689 3602
f 3689 3690 3602
f 3602 3690 3603
f 3690 3691 3603
f 3603 3691 3604
f 3691 3692 3604
f 3604 3692 3605
f 3692 3693 3605
f 3605 3693 3606
f 3693 3694 3606
f 3606 3694 3607
f 3694 3695 3607
f 3607 3695 3608
f 3695 3696 3608
f 3608 3696 3609
f 3696 3697 3609
f 3609 3697 3610
f 3697 3698 3610
f 3610 3698 3611
f 3698 3699 3611
f 3611 3699 9354
f 3699 9357 9354
f 3612 3700 164
f 3700 166 164
f 165 167 3613
f 167 3701 3613
f 3613 3701 3614
f 3701 3702 3614
f 3614 3702 3615
f 3702 3703 3615
f 3615 3703 3616
f 3703 3704 3616
f 3616 3704 3617
f 3704 3705 3617
f 3617 3705 3618
f 3705 3706 3618
f 3618 3706 3619
f 3706 3707 3619
f 3619 3707 3620
f 3707 3708 3620
f 3620 3708 3621
f 3708 3709 3621
f 3621 3709 3622
f 3709 3710 3622
f 3622 3710 3623
f 3710 3711 3623
f 3623 3711 3624
f 3711 3712 3624
f 3624 3712 3625
f 3712 3713 3625
f 3625 3713 3626
f 3713 3714 3626
f 3626 3714 3627
f 3714 3715 3627
f 3627 3715 3628
f 3715 3716 3628
f 3628 3716 3629
f 3716 3717 3629
f 3629 3717 3630
f 3717 3718 3630
f 3630 3718 3631
f 3718 3719 3631
f 3631 3719 3632
f 3719 3720 3632
f 3632 3720 3633
f 3720 3721 3633
f 3633 3721 3634
f 3721 3722 3634
f 3634 3722 3635
f 3722 3723 3635
f 3635 3723 3636
f 3723 3724 3636
f 3636 3724 3637
f 3724 3725 3637
f 3637 3725 3638
f 3725 3726 3638
f 3638 3726 3639
f 3726 3727 3639
f 3639 3727 3640
f 3727 3728 3640
f 3640 3728 3641
f 3728 3729 3641
f 3641 3729 3642
f 3729 3730 3642
f 3642 3730 3643
f 3730 3731 3643
f 3643 3731 3644
f 3731 3732 3644
f 3644 3732 3645
f 3732 3733 3645
f 3645 3733 3646
f 3733 3734 3646
f 3646 3734 3647
f 3734 3735 3647
f 3647 3735 3648
f 3735 3736 3648
f 3648 3736 3649
f 3736 3737 3649
f 3649 3737 3650
f 3737 3738 3650
f 3650 3738 3651
f 3738 3739 3651
f 3651 3739 3652
f 3739 3740 3652
f 3652 3740 3653
f 3740 3741 3653
f 3653 3741 3654
f 3741 3742 3654
f 3654 3742 3655
f 3742 3743 3655
f 3655 3743 3656
f 3743 3744 3656
f 3656 3744 3657
f 3744 3745 3657
f 3657 3745 3658
f 3745 3746 3658
f 3658 3746 3659
f 3746 3747 3659
f 3659 3747 3660
f 3747 3748 3660
f 3660 3748 3661
f 3748 3749 3661
f 3661 3749 3662
f 3749 3750 3662
f 3662 3750 3663
f 3750 3751 3663
f 3663 3751 3664
f 3751 3752 3664
f 3664 3752 3665
f 3752 3753 3665
f 3665 3753 3666
f 3753 3754 3666
f 3666 3754 3667
f 3754 3755 3667
f 3667 3755 3668
f 3755 3756 3668
f 3668 3756 3669
f 3756 3757 3669
f 3669 3757 3670
f 3757 3758 3670
f 3670 3758 3671
f 3758 3759 3671
f 3671 3759 3672
f 3759 3760 3672
f 3672 3760 3673
f 3760 3761 3673
f 3673 3761 3674
f 3761 3762 3674
f 3674 3762 3675
f 3762 3763 3675
f 3675 3763 3676
f 3763 3764 3676
f 3676 3764 3677
f 3764 3765 3677
f 3677 3765 3678
f 3765 3766 3678
f 3678 3766 3679
f 3766 3767 3679
f 3679 3767 3680
f 3767 3768 3680
f 3680 3768 3681
f 3768 3769 3681
f 3681 3769 3682
f 3769 3770 3682
f 3682 3770 3683
f 3770 3771 3683
f 3683 3771 3684
f 3771 3772 3684
f 3684 3772 3685
f 3772 3773 3685
f 3685 3773 3686
f 3773 3774 3686
f 3686 3774 3687
f 3774 3775 3687
f 3687 3775 3688
f 3775 3776 3688
f 3688 3776 3689
f 3776 3777 3689
f 3689 3777 3690
f 3777 3778 3690
f 3690 3778 3691
f 3778 3779 3691
f 3691 3779 3692
f 3779 3780 3692
f 3692 3780 3693
f 3780 3781 3693
f 3693 3781 3694
f 3781 3782 3694
f 3694 3782 3695
f 3782 3783 3695
f 3695 3783 3696
f 3783 3784 3696
f 3696 3784 3697
f 3784 3785 3697
f 3697 3785 3698
f 3785 3786 3698
f 3698 3786 3699
f 3786 3787 3699
f 3699 3787 9357
f 3787 3788 9357
f 3700 3788 166
f 3788 168 166
f 167 169 3701
f 169 3789 3701
f 3701 3789 3702
f 3789 3790 3702
f 3702 3790 3703
f 3790 3791 3703
f 3703 3791 3704
f 3791 3792 3704
f 3704 3792 3705
f 3792 3793 3705
f 3705 3793 3706
f 3793 3794 3706
f 3706 3794 3707
f 3794 3795 3707
f 3707 3795 3708
f 3795 3796 3708
f 3708 3796 3709
f 3796 3797 3709
f 3709 3797 3710
f 3797 3798 3710
f 3710 3798 3711
f 3798 3799 3711
f 3711 3799 3712
f 3799 3800 3712
f 3712 3800 3713
f 3800 3801 3713
f 3713 3801 3714
f 3801 3802 3714
f 3714 3802 3715
f 3802 3803 3715
f 3715 3803 3716
f 3803 3804 3716
f 3716 3804 3717
f 3804 3805 3717
f 3717 3805 3718
f 3805 3806 3718
f 3718 3806 3719
f 3806 3807 3719
f 3719 3807 3720
f 3807 3808 3720
f 3720 3808 3721
f 3808 3809 3721
f 3721 3809 3722
f 3809 3810 3722
f 3722 3810 3723
f 3810 3811 3723
f 3723 3811 3724
f 3811 3812 3724
f 3724 3812 3725
f 3812 3813 3725
f 3725 3813 3726
f 3813 3814 3726
f 3726 3814 3727
f 3814 3815 3727
f 3727 3815 3728
f 3815 3816 3728
f 3728 3816 3729
f 3816 3817 3729
f 3729 3817 3730
f 3817 3818 3730
f 3730 3818 3731
f 3818 3819 3731
f 3731 3819 3732
f 3819 3820 3732
f 3732 3820 3733
f 3820 3821 3733
f 3733 3821 3734
f 3821 3822 3734
f 3734 3822 3735
f 3822 3823 3735
f 3735 3823 3736
f 3823 3824 3736
f 3736 3824 3737
f 3824 3825 3737
f 3737 3825 3738
f 3825 3826 3738
f 3738 3826 3739
f 3826 3827 3739
f 3739 3827 3740
f 3827 3828 3740
f 3740 3828 3741
f 3828 3829 3741
f 3741 3829 3742
f 3829 3830 3742
f 3742 3830 3743
f 3830 3831 3743
f 3743 3831 3744
f 3831 3832 3744
f 3744 3832 3745
f 3832 3833 3745
f 3745 3833 3746
f 3833 3834 3746
f 3746 3834 3747
f 3834 3835 3747
f 3747 3835 3748
f 3835 3836 3748
f 3748 3836 3749
f 3836 3837 3749
f 3749 3837 3750
f 3837 3838 3750
f 3750 3838 3751
f 3838 3839 3751
f 3751 3839 3752
f 3839 3840 3752
f 3752 3840 3753
f 3840 3841 3753
f 3753 3841 3754
f 3841 3842 3754
f 3754 3842 3755
f 3842 3843 3755
f 3755 3843 3756
f 3843 3844 3756
f 3756 3844 3757
f 3844 3845 3757
f 3757 3845 3758
f 3845 3846 3758
f 3758 3846 3759
f 3846 3847 3759
f 3759 3847 3760
f 3847 3848 3760
f 3760 3848 3761
f 3848 3849 3761
f 3761 3849 3762
f 3849 3850 3762
f 3762 3850 3763
f 3850 3851 3763
f 3763 3851 3764
f 3851 3852 3764
f 3764 3852 3765
f 3852 3853 3765
f 3765 3853 3766
f 3853 3854 3766
f 3766 3854 3767
f 3854 3855 3767
f 3767 3855 3768
f 3855 3856 3768
f 3768 3856 3769
f 3856 3857 3769
f 3769 3857 3770
f 3857 3858 3770
f 3770 3858 3771
f 3858 3859 3771
f 3771 3859 3772
f 3859 3860 3772
f 3772 3860 3773
f 3860 3861 3773
f 3773 3861 3774
f 3861 3862 3774
f 3774 3862 3775
f 3862 3863 3775
f 3775 3863 3776
f 3863 3864 3776
f 3776 3864 3777
f 3864 3865 3777
f 3777 3865 3778
f 3865 3866 3778
f 3778 3866 3779
f 3866 3867 3779
f 3779 3867 3780
f 3867 3868 3780
f 3780 3868 3781
f 3868 3869 3781
f 3781 3869 3782
f 3869 3870 3782
f 3782 3870 3783
f 3870 3871 3783
f 3783 3871 3784
f 3871 3872 3784
f 3784 3872 3785
f 3872 3873 3785
f 3785 3873 3786
f 3873 3874 3786
f 3786 3874 3787
f 3874 3875 3787
f 3787 3875 3788
f 3875 3876 3788
f 3788 3876 168
f 3876 170 168
f 169 171 3789
f 171 3877 3789
f 3789 3877 3790
f 3877 3878 3790
f 3790 3878 3791
f 3878 3879 3791
f 3791 3879 3792
f 3879 3880 3792
f 3792 3880 3793
f 3880 3881 3793
f 3793 3881 3794
f 3881 3882 3794
f 3794 3882 3795
f 3882 3883 3795
f 3795 3883 3796
f 3883 3884 3796
f 3796 3884 3797
f 3884 3885 3797
f 3797 3885 3798
f 3885 3886 3798
f 3798 3886 3799
f 3886 3887 3799
f 3799 3887 3800
f 3887 3888 3800
f 3800 3888 3801
f 3888 3889 3801
f 3801 3889 3802
f 3889 3890 3802
f 3802 3890 3803
f 3890 3891 3803
f 3803 3891 3804
f 3891 3892 3804
f 3804 3892 3805
f 3892 3893 3805
f 3805 3893 3806
f 3893 3894 3806
f 3806 3894 3807
f 3894 3895 3807
f 3807 3895 3808
f 3895 3896 3808
f 3808 3896 3809
f 3896 3897 3809
f 3809 3897 3810
f 3897 3898 3810
f 3810 3898 3811
f 3898 3899 3811
f 3811 3899 3812
f 3899 3900 3812
f 3812 3900 3813
f 3900 3901 3813
f 3813 3901 3814
f 3901 3902 3814
f 3814 3902 3815
f 3902 3903 3815
f 3815 3903 3816
f 3903 3904 3816
f 3816 3904 3817
f 3904 3905 3817
f 3817 3905 3818
f 3905 3906 3818
f 3818 3906 3819
f 3906 3907 3819
f 3819 3907 3820
f 3907 3908 3820
f 3820 3908 3821
f 3908 3909 3821
f 3821 3909 3822
f 3909 3910 3822
f 3822 3910 3823
f 3910 3911 3823
f 3823 3911 3824
f 3911 3912 3824
f 3824 3912 3825
f 3912 3913 3825
f 3825 3913 3826
f 3913 3914 3826
f 3826 3914 3827
f 3914 3915 3827
f 3827 3915 3828
f 3915 3916 3828
f 3828 3916 3829
f 3916 3917 3829
f 3829 3917 3830
f 3917 3918 3830
f 3830 3918 3831
f 3918 3919 3831
f 3831 3919 3832
f 3919 3920 3832
f 3832 3920 3833
f 3920 3921 3833
f 3833 3921 3834
f 3921 3922 3834
f 3834 3922 3835
f 3922 3923 3835
f 3835 3923 3836
f 3923 3924 3836
f 3836 3924 3837
f 3924 3925 3837
f 3837 3925 3838
f 3925 3926 3838
f 3838 3926 3839
f 3926 3927 3839
f 3839 3927 3840
f 3927 3928 3840
f 3840 3928 3841
f 3928 3929 3841
f 3841 3929 3842
f 3929 3930 3842
f 3842 3930 3843
f 3930 3931 3843
f 3843 3931 3844
f 3931 3932 3844
f 3844 3932 3845
f 3932 3933 3845
f 3845 3933 3846
f 3933 3934 3846
f 3846 3934 3847
f 3934 3935 3847
f 3847 3935 3848
f 3935 3936 3848
f 3848 3936 3849
f 3936 3937 3849
f 3849 3937 3850
f 3937 3938 3850
f 3850 3938 3851
f 3938 3939 3851
f 3851 3939 3852
f 3939 3940 3852
f 3852 3940 3853
f 3940 3941 3853
f 3853 3941 3854
f 3941 3942 3854
f 3854 3942 3855
f 3942 3943 3855
f 3855 3943 3856
f 3943 3944 3856
f 3856 3944 3857
f 3944 3945 3857
f 3857 3945 3858
f 3945 3946 3858
f 3858 3946 3859
f 3946 3947 3859
f 3859 3947 3860
f 3947 3948 3860
f 3860 3948 3861
f 3948 3949 3861
f 3861 3949 3862
f 3949 3950 3862
f 3862 3950 3863
f 3950 3951 3863
f 3863 3951 3864
f 3951 3952 3864
f 3864 3952 3865
f 3952 3953 3865
f 3865 3953 3866
f 3953 3954 3866
f 3866 3954 3867
f 3954 3955 3867
f 3867 3955 3868
f 3955 3956 3868
f 3868 3956 3869
f 3956 3957 3869
f 3869 3957 3870
f 3957 3958 3870
f 3870 3958 3871
f 3958 3959 3871
f 3871 3959 3872
f 3959 3960 3872
f 3872 3960 3873
f 3960 3961 3873
f 3873 3961 3874
f 3961 3962 3874
f 3874 3962 3875
f 3962 3963 3875
f 3875 3963 3876
f 3963 3964 3876
f 3876 3964 170
f 3964 172 170
f 171 173 3877
f 173 3965 3877
f 3877 3965 3878
f 3965 3966 3878
f 3878 3966 3879
f 3966 3967 3879
f 3879 3967 3880
f 3967 3968 3880
f 3880 3968 3881
f 3968 3969 3881
f 3881 3969 3882
f 3969 3970 3882
f 3882 3970 3883
f 3970 3971 3883
f 3883 3971 3884
f 3971 3972 3884
f 3884 3972 3885
f 3972 3973 3885
f 3885 3973 3886
f 3973 3974 3886
f 3886 3974 3887
f 3974 3975 3887
f 3887 3975 3888
f 3975 3976 3888
f 3888 3976 3889
f 3976 3977 3889
f 3889 3977 3890
f 3977 3978 3890
f 3890 3978 3891
f 3978 3979 3891
f 3891 3979 3892
f 3979 3980 3892
f 3892 3980 3893
f 3980 3981 3893
f 3893 3981 3894
f 3981 3982 3894
f 3894 3982 3895
f 3982 3983 3895
f 3895 3983 3896
f 3983 3984 3896
f 3896 3984 3897
f 3984 3985 3897
f 3897 3985 3898
f 3985 3986 3898
f 3898 3986 3899
f 3986 3987 3899
f 3899 3987 3900
f 3987 3988 3900
f 3900 3988 3901
f 3988 3989 3901
f 3901 3989 3902
f 3989 3990 3902
f 3902 3990 3903
f 3990 3991 3903
f 3903 3991 3904
f 3991 3992 3904
f 3904 3992 3905
f 3992 3993 3905
f 3905 3993 3906
f 3993 3994 3906
f 3906 3994 3907
f 3994 3995 3907
f 3907 3995 3908
f 3995 3996 3908
f 3908 3996 3909
f 3996 3997 3909
f 3909 3997 3910
f 3997 3998 3910
f 3910 3998 3911
f 3998 3999 3911
f 3911 3999 3912
f 3999 4000 3912
f 3912 4000 3913
f 4000 4001 3913
f 3913 4001 3914
f 4001 4002 3914
f 3914 4002 3915
f 4002 4003 3915
f 3915 4003 3916
f 4003 4004 3916
f 3916 4004 3917
f 4004 4005 3917
f 3917 4005 3918
f 4005 4006 3918
f 3918 4006 3919
f 4006 4007 3919
f 3919 4007 3920
f 4007 4008 3920
f 3920 4008 3921
f 4008 4009 3921
f 3921 4009 3922
f 4009 4010 3922
f 3922 4010 3923
f 4010 4011 3923
f 3923 4011 3924
f 4011 4012 3924
f 3924 4012 3925
f 4012 4013 3925
f 3925 4013 3926
f 4013 4014 3926
f 3926 4014 3927
f 4014 4015 3927
f 3927 4015 3928
f 4015 4016 3928
f 3928 4016 3929
f 4016 4017 3929
f 3929 4017 3930
f 4017 4018 3930
f 3930 4018 3931
f 4018 4019 3931
f 3931 4019 3932
f 4019 4020 3932
f 3932 4020 3933
f 4020 4021 3933
f 3933 4021 3934
f 4021 4022 3934
f 3934 4022 3935
f 4022 4023 3935
f 3935 4023 3936
f 4023 4024 3936
f 3936 4024 3937
f 4024 4025 3937
f 3937 4025 3938
f 4025 4026 3938
f 3938 4026 3939
f 4026 4027 3939
f 3939 4027 3940
f 4027 4028 3940
f 3940 4028 3941
f 4028 4029 3941
f 3941 4029 3942
f 4029 4030 3942
f 3942 4030 3943
f 4030 4031 3943
f 3943 4031 3944
f 4031 4032 3944
f 3944 4032 3945
f 4032 4033 3945
f 3945 4033 3946
f 4033 4034 3946
f 3946 4034 3947
f 4034 4035 3947
f 3947 4035 3948
f 4035 4036 3948
f 3948 4036 3949
f 4036 4037 3949
f 3949 4037 3950
f 4037 4038 3950
f 3950 4038 3951
f 4038 4039 3951
f 3951 4039 3952
f 4039 4040 3952
f 3952 4040 3953
f 4040 4041 3953
f 3953 4041 3954
f 4041 4042 3954
f 3954 4042 3955
f 4042 4043 3955
f 3955 4043 3956
f 4043 4044 3956
f 3956 4044 3957
f 4044 4045 3957
f 3957 4045 3958
f 4045 4046 3958
f 3958 4046 3959
f 4046 4047 3959
f 3959 4047 3960
f 4047 4048 3960
f 3960 4048 3961
f 4048 4049 3961
f 3961 4049 3962
f 4049 4050 3962
f 3962 4050 3963
f 4050 4051 3963
f 3963 4051 3964
f 4051 4052 3964
f 3964 4052 172
f 4052 174 172
f 173 175 3965
f 175 4053 3965
f 3965 4053 3966
f 4053 4054 3966
f 3966 4054 3967
f 4054 4055 3967
f 3967 4055 3968
f 4055 4056 3968
f 3968 4056 3969
f 4056 4057 3969
f 3969 4057 3970
f 4057 4058 3970
f 3970 4058 3971
f 4058 4059 3971
f 3971 4059 3972
f 4059 4060 3972
f 3972 4060 3973
f 4060 4061 3973
f 3973 4061 3974
f 4061 4062 3974
f 3974 4062 3975
f 4062 4063 3975
f 3975 4063 3976
f 4063 4064 3976
f 3976 4064 3977
f 4064 4065 3977
f 3977 4065 3978
f 4065 4066 3978
f 3978 4066 3979
f 4066 4067 3979
f 3979 4067 3980
f 4067 4068 3980
f 3980 4068 3981
f 4068 4069 3981
f 3981 4069 3982
f 4069 4070 3982
f 3982 4070 3983
f 4070 4071 3983
f 3983 4071 3984
f 4071 4072 3984
f 3984 4072 3985
f 4072 4073 3985
f 3985 4073 3986
f 4073 4074 3986
f 3986 4074 3987
f 4074 4075 3987
f 3987 4075 3988
f 4075 4076 3988
f 3988 4076 3989
f 4076 4077 3989
f 3989 4077 3990
f 4077 4078 3990
f 3990 4078 3991
f 4078 4079 3991
f 3991 4079 3992
f 4079 4080 3992
f 3992 4080 3993
f 4080 4081 3993
f 3993 4081 3994
f 4081 4082 3994
f 3994 4082 3995
f 4082 4083 3995
f 3995 4083 3996
f 4083 4084 3996
f 3996 4084 3997
f 4084 4085 3997
f 3997 4085 3998
f 4085 4086 3998
f 3998 4086 3999
f 4086 4087 3999
f 3999 4087 4000
f 4087 4088 4000
f 4000 4088 4001
f 4088 4089 4001
f 4001 4089 4002
f 4089 4090 4002
f 4002 4090 4003
f 4090 4091 4003
f 4003 4091 4004
f 4091 4092 4004
f 4004 4092 4005
f 4092 4093 4005
f 4005 4093 4006
f 4093 4094 4006
f 4006 4094 4007
f 4094 4095 4007
f 4007 4095 4008
f 4095 4096 4008
f 4008 4096 4009
f 4096 4097 4009
f 4009 4097 4010
f 4097 4098 4010
f 4010 4098 4011
f 4098 4099 4011
f 4011 4099 4012
f 4099 4100 4012
f 4012 4100 4013
f 4100 4101 4013
f 4013 4101 4014
f 4101 4102 4014
f 4014 4102 4015
f 4102 4103 4015
f 4015 4103 4016
f 4103 4104 4016
f 4016 4104 4017
f 4104 4105 4017
f 4017 4105 4018
f 4105 4106 4018
f 4018 4106 4019
f 4106 4107 4019
f 4019 4107 4020
f 4107 4108 4020
f 4020 4108 4021
f 4108 4109 4021
f 4021 4109 4022
f 4109 4110 4022
f 4022 4110 4023
f 4110 4111 4023
f 4023 4111 4024
f 4111 4112 4024
f 4024 4112 4025
f 4112 4113 4025
f 4025 4113 4026
f 4113 4114 4026
f 4026 4114 4027
f 4114 4115 4027
f 4027 4115 4028
f 4115 4116 4028
f 4028 4116 4029
f 4116 4117 4029
f 4029 4117 4030
f 4117 4118 4030
f 4030 4118 4031
f 4118 4119 4031
f 4031 4119 4032
f 4119 4120 4032
f 4032 4120 4033
f 4120 4121 4033
f 4033 4121 4034
f 4121 4122 4034
f 4034 4122 4035
f 4122 4123 4035
f 4035 4123 4036
f 4123 4124 4036
f 4036 4124 4037
f 4124 4125 4037
f 4037 4125 4038
f 4125 4126 4038
f 4038 4126 4039
f 4126 4127 4039
f 4039 4127 4040
f 4127 4128 4040
f 4040 4128 4041
f 4128 4129 4041
f 4041 4129 4042
f 4129 4130 4042
f 4042 4130 4043
f 4130 4131 4043
f 4043 4131 4044
f 4131 4132 4044
f 4044 4132 4045
f 4132 4133 4045
f 4045 4133 4046
f 4133 4134 4046
f 4046 4134 4047
f 4134 4135 4047
f 4047 4135 4048
f 4135 4136 4048
f 4048 4136 4049
f 4136 4137 4049
f 4049 4137 4050
f 4137 4138 4050
f 4050 4138 4051
f 4138 4139 4051
f 4051 4139 4052
f 4139 4140 4052
f 4052 4140 174
f 4140 176 174
f 175 177 4053
f 177 4141 4053
f 4053 4141 4054
f 4141 4142 4054
f 4054 4142 4055
f 4142 4143 4055
f 4055 4143 4056
f 4143 4144 4056
f 4056 4144 4057
f 4144 4145 4057
f 4057 4145 4058
f 4145 4146 4058
f 4058 4146 4059
f 4146 4147 4059
f 4059 4147 4060
f 4147 4148 4060
f 4060 4148 4061
f 4148 4149 4061
f 4061 4149 4062
f 4149 4150 4062
f 4062 4150 4063
f 4150 4151 4063
f 4063 4151 4064
f 4151 4152 4064
f 4064 4152 4065
f 4152 4153 4065
f 4065 4153 4066
f 4153 4154 4066
f 4066 4154 4067
f 4154 4155 4067
f 4067 4155 4068
f 4155 4156 4068
f 4068 4156 4069
f 4156 4157 4069
f 4069 4157 4070
f 4157 4158 4070
f 4070 4158 4071
f 4158 4159 4071
f 4071 4159 4072
f 4159 4160 4072
f 4072 4160 4073
f 4160 4161 4073
f 4073 4161 4074
f 4161 4162 4074
f 4074 4162 4075
f 4162 4163 4075
f 4075 4163 4076
f 4163 4164 4076
f 4076 4164 4077
f 4164 4165 4077
f 4077 4165 4078
f 4165 4166 4078
f 4078 4166 4079
f 4166 4167 4079
f 4079 4167 4080
f 4167 4168 4080
f 4080 4168 4081
f 4168 4169 4081
f 4081 4169 4082
f 4169 4170 4082
f 4082 4170 4083
f 4170 4171 4083
f 4083 4171 4084
f 4171 4172 4084
f 4084 4172 4085
f 4172 4173 4085
f 4085 4173 4086
f 4173 4174 4086
f 4086 4174 4087
f 4174 4175 4087
f 4087 4175 4088
f 4175 4176 4088
f 4088 4176 4089
f 4176 4177 4089
f 4089 4177 4090
f 4177 4178 4090
f 4090 4178 4091
f 4178 4179 4091
f 4091 4179 4092
f 4179 4180 4092
f 4092 4180 4093
f 4180 4181 4093
f 4093 4181 4094
f 4181 4182 4094
f 4094 4182 4095
f 4182 4183 4095
f 4095 4183 4096
f 4183 4184 4096
f 4096 4184 4097
f 4184 4185 4097
f 4097 4185 4098
f 4185 4186 4098
f 4098 4186 4099
f 4186 4187 4099
f 4099 4187 4100
f 4187 4188 4100
f 4100 4188 4101
f 4188 4189 4101
f 4101 4189 4102
f 4189 4190 4102
f 4102 4190 4103
f 4190 4191 4103
f 4103 4191 4104
f 4191 4192 4104
f 4104 4192 4105
f 4192 4193 4105
f 4105 4193 4106
f 4193 4194 4106
f 4106 4194 4107
f 4194 4195 4107
f 4107 4195 4108
f 4195 4196 4108
f 4108 4196 4109
f 4196 4197 4109
f 4109 4197 4110
f 4197 4198 4110
f 4110 4198 4111
f 4198 4199 4111
f 4111 4199 4112
f 4199 4200 4112
f 4112 4200 4113
f 4200 4201 4113
f 4113 4201 4114
f 4201 4202 4114
f 4114 4202 4115
f 4202 4203 4115
f 4115 4203 4116
f 4203 4204 4116
f 4116 4204 4117
f 4204 4205 4117
f 4117 4205 4118
f 4205 4206 4118
f 4118 4206 4119
f 4206 4207 4119
f 4119 4207 4120
f 4207 4208 4120
f 4120 4208 4121
f 4208 4209 4121
f 4121 4209 4122
f 4209 4210 4122
f 4122 4210 4123
f 4210 4211 4123
f 4123 4211 4124
f 4211 4212 4124
f 4124 4212 4125
f 4212 4213 4125
f 4125 4213 4126
f 4213 4214 4126
f 4126 4214 4127
f 4214 4215 4127
f 4127 4215 4128
f 4215 4216 4128
f 4128 4216 4129
f 4216 4217 4129
f 4129 4217 4130
f 4217 4218 4130
f 4130 4218 4131
f 4218 4219 4131
f 4131 4219 4132
f 4219 4220 4132
f 4132 4220 4133
f 4220 4221 4133
f 4133 4221 4134
f 4221 4222 4134
f 4134 4222 4135
f 4222 4223 4135
f 4135 4223 4136
f 4223 4224 4136
f 4136 4224 4137
f 4224 4225 4137
f 4137 4225 4138
f 4225 4226 4138
f 4138 4226 4139
f 4226 4227 4139
f 4139 4227 4140
f 4227 4228 4140
f 4140 4228 176
f 4228 178 176
f 177 179 4141
f 179 4229 4141
f 4141 4229 4142
f 4229 4230 4142
f 4142 4230 4143
f 4230 4231 4143
f 4143 4231 4144
f 4231 4232 4144
f 4144 4232 4145
f 4232 4233 4145
f 4145 4233 4146
f 4233 4234 4146
f 4146 4234 4147
f 4234 4235 4147
f 4147 4235 4148
f 4235 4236 4148
f 4148 4236 4149
f 4236 4237 4149
f 4149 4237 4150
f 4237 4238 4150
f 4150 4238 4151
f 4238 4239 4151
f 4151 4239 4152
f 4239 4240 4152
f 4152 4240 4153
f 4240 4241 4153
f 4153 4241 4154
f 4241 4242 4154
f 4154 4242 4155
f 4242 4243 4155
f 4155 4243 4156
f 4243 4244 4156
f 4156 4244 4157
f 4244 4245 4157
f 4157 4245 4158
f 4245 4246 4158
f 4158 4246 4159
f 4246 4247 4159
f 4159 4247 4160
f 4247 4248 4160
f 4160 4248 4161
f 4248 4249 4161
f 4161 4249 4162
f 4249 4250 4162
f 4162 4250 4163
f 4250 4251 4163
f 4163 4251 4164
f 4251 4252 4164
f 4164 4252 4165
f 4252 4253 4165
f 4165 4253 4166
f 4253 4254 4166
f 4166 4254 4167
f 4254 4255 4167
f 4167 4255 4168
f 4255 4256 4168
f 4168 4256 4169
f 4256 4257 4169
f 4169 4257 4170
f 4257 4258 4170
f 4170 4258 4171
f 4258 4259 4171
f 4171 4259 4172
f 4259 4260 4172
f 4172 4260 4173
f 4260 4261 4173
f 4173 4261 4174
f 4261 4262 4174
f 4174 4262 4175
f 4262 4263 4175
f 4175 4263 4176
f 4263 4264 4176
f 4176 4264 4177
f 4264 4265 4177
f 4177 4265 4178
f 4265 4266 4178
f 4178 4266 4179
f 4266 4267 4179
f 4179 4267 4180
f 4267 4268 4180
f 4180 4268 4181
f 4268 4269 4181
f 4181 4269 4182
f 4269 4270 4182
f 4182 4270 4183
f 4270 4271 4183
f 4183 4271 4184
f 4271 4272 4184
f 4184 4272 4185
f 4272 4273 4185
f 4185 4273 4186
f 4273 4274 4186
f 4186 4274 4187
f 4274 4275 4187
f 4187 4275 4188
f 4275 4276 4188
f 4188 4276 4189
f 4276 4277 4189
f 4189 4277 4190
f 4277 4278 4190
f 4190 4278 4191
f 4278 4279 4191
f 4191 4279 4192
f 4279 4280 4192
f 4192 4280 4193
f 4280 4281 4193
f 4193 4281 4194
f 4281 4282 4194
f 4194 4282 4195
f 4282 4283 4195
f 4195 4283 4196
f 4283 4284 4196
f 4196 4284 4197
f 4284 4285 4197
f 4197 4285 4198
f 4285 4286 4198
f 4198 4286 4199
f 4286 4287 4199
f 4199 4287 4200
f 4287 4288 4200
f 4200 4288 4201
f 4288 4289 4201
f 4201 4289 4202
f 4289 4290 4202
f 4202 4290 4203
f 4290 4291 4203
f 4203 4291 4204
f 4291 4292 4204
f 4204 4292 4205
f 4292 4293 4205
f 4205 4293 4206
f 4293 4294 4206
f 4206 4294 4207
f 4294 4295 4207
f 4207 4295 4208
f 4295 4296 4208
f 4208 4296 4209
f 4296 4297 4209
f 4209 4297 4210
f 4297 4298 4210
f 4210 4298 4211
f 4298 4299 4211
f 4211 4299 4212
f 4299 4300 4212
f 4212 4300 4213
f 4300 4301 4213
f 4213 4301 4214
f 4301 4302 4214
f 4214 4302 4215
f 4302 4303 4215
f 4215 4303 4216
f 4303 4304 4216
f 4216 4304 4217
f 4304 4305 4217
f 4217 4305 4218
f 4305 4306 4218
f 4218 4306 4219
f 4306 4307 4219
f 4219 4307 4220
f 4307 4308 4220
f 4220 4308 4221
f 4308 4309 4221
f 4221 4309 4222
f 4309 4310 4222
f 4222 4310 4223
f 4310 4311 4223
f 4223 4311 4224
f 4311 4312 4224
f 4224 4312 4225
f 4312 4313 4225
f 4225 4313 4226
f 4313 4314 4226
f 4226 4314 4227
f 4314 4315 4227
f 4227 4315 4228
f 4315 4316 4228
f 4228 4316 178
f 4316 180 178
f 179 181 4229
f 181 4317 4229
f 4229 4317 4230
f 4317 4318 4230
f 4230 4318 4231
f 4318 4319 4231
f 4231 4319 4232
f 4319 4320 4232
f 4232 4320 4233
f 4320 4321 4233
f 4233 4321 4234
f 4321 4322 4234
f 4234 4322 4235
f 4322 4323 4235
f 4235 4323 4236
f 4323 4324 4236
f 4236 4324 4237
f 4324 4325 4237
f 4237 4325 4238
f 4325 4326 4238
f 4238 4326 4239
f 4326 4327 4239
f 4239 4327 4240
f 4327 4328 4240
f 4240 4328 4241
f 4328 4329 4241
f 4241 4329 4242
f 4329 4330 4242
f 4242 4330 4243
f 4330 4331 4243
f 4243 4331 4244
f 4331 4332 4244
f 4244 4332 4245
f 4332 4333 4245
f 4245 4333 4246
f 4333 4334 4246
f 4246 4334 4247
f 4334 4335 4247
f 4247 4335 4248
f 4335 4336 4248
f 4248 4336 4249
f 4336 4337 4249
f 4249 4337 4250
f 4337 4338 4250
f 4250 4338 4251
f 4338 4339 4251
f 4251 4339 4252
f 4339 4340 4252
f 4252 4340 4253
f 4340 4341 4253
f 4253 4341 4254
f 4341 4342 4254
f 4254 4342 4255
f 4342 4343 4255
f 4255 4343 4256
f 4343 4344 4256
f 4256 4344 4257
f 4344 4345 4257
f 4257 4345 4258
f 4345 4346 4258
f 4258 4346 4259
f 4346 4347 4259
f 4259 4347 4260
f 4347 4348 4260
f 4260 4348 4261
f 4348 4349 4261
f 4261 4349 4262
f 4349 4350 4262
f 4262 4350 4263
f 4350 4351 4263
f 4263 4351 4264
f 4351 4352 4264
f 4264 4352 4265
f 4352 4353 4265
f 4265 4353 4266
f 4353 4354 4266
f 4266 4354 4267
f 4354 4355 4267
f 4267 4355 4268
f 4355 4356 4268
f 4268 4356 4269
f 4356 4357 4269
f 4269 4357 4270
f 4357 4358 4270
f 4270 4358 4271
f 4358 4359 4271
f 4271 4359 4272
f 4359 4360 4272
f 4272 4360 4273
f 4360 4361 4273
f 4273 4361 4274
f 4361 4362 4274
f 4274 4362 4275
f 4362 4363 4275
f 4275 4363 4276
f 4363 4364 4276
f 4276 4364 4277
f 4364 4365 4277
f 4277 4365 4278
f 4365 4366 4278
f 4278 4366 4279
f 4366 4367 4279
f 4279 4367 4280
f 4367 4368 4280
f 4280 4368 4281
f 4368 4369 4281
f 4281 4369 4282
f 4369 4370 4282
f 4282 4370 4283
f 4370 4371 4283
f 4283 4371 4284
f 4371 4372 4284
f 4284 4372 4285
f 4372 4373 4285
f 4285 4373 4286
f 4373 4374 4286
f 4286 4374 4287
f 4374 4375 4287
f 4287 4375 4288
f 4375 4376 4288
f 4288 4376 4289
f 4376 4377 4289
f 4289 4377 4290
f 4377 4378 4290
f 4290 4378 4291
f 4378 4379 4291
f 4291 4379 4292
f 4379 4380 4292
f 4292 4380 4293
f 4380 4381 4293
f 4293 4381 4294
f 4381 4382 4294
f 4294 4382 4295
f 4382 4383 4295
f 4295 4383 4296
f 4383 4384 4296
f 4296 4384 4297
f 4384 4385 4297
f 4297 4385 4298
f 4385 4386 4298
f 4298 4386 4299
f 4386 4387 4299
f 4299 4387 4300
f 4387 4388 4300
f 4300 4388 4301
f 4388 4389 4301
f 4301 4389 4302
f 4389 4390 4302
f 4302 4390 4303
f 4390 4391 4303
f 4303 4391 4304
f 4391 4392 4304
f 4304 4392 4305
f 4392 4393 4305
f 4305 4393 4306
f 4393 4394 4306
f 4306 4394 4307
f 4394 4395 4307
f 4307 4395 4308
f 4395 4396 4308
f 4308 4396 4309
f 4396 4397 4309
f 4309 4397 4310
f 4397 4398 4310
f 4310 4398 4311
f 4398 4399 4311
f 4311 4399 4312
f 4399 4400 4312
f 4312 4400 4313
f 4400 4401 4313
f 4313 4401 4314
f 4401 4402 4314
f 4314 4402 4315
f 4402 4403 4315
f 4315 4403 4316
f 4403 4404 4316
f 4316 4404 180
f 4404 182 180
f 181 183 4317
f 183 4405 4317
f 4317 4405 4318
f 4405 4406 4318
f 4318 4406 4319
f 4406 4407 4319
f 4319 4407 4320
f 4407 4408 4320
f 4320 4408 4321
f 4408 4409 4321
f 4321 4409 4322
f 4409 4410 4322
f 4322 4410 4323
f 4410 4411 4323
f 4323 4411 4324
f 4411 4412 4324
f 4324 4412 4325
f 4412 4413 4325
f 4325 4413 4326
f 4413 4414 4326
f 4326 4414 4327
f 4414 4415 4327
f 4327 4415 4328
f 4415 4416 4328
f 4328 4416 4329
f 4416 4417 4329
f 4329 4417 4330
f 4417 4418 4330
f 4330 4418 4331
f 4418 4419 4331
f 4331 4419 4332
f 4419 4420 4332
f 4332 4420 4333
f 4420 4421 4333
f 4333 4421 4334
f 4421 4422 4334
f 4334 4422 4335
f 4422 4423 4335
f 4335 4423 4336
f 4423 4424 4336
f 4336 4424 4337
f 4424 4425 4337
f 4337 4425 4338
f 4425 4426 4338
f 4338 4426 4339
f 4426 4427 4339
f 4339 4427 4340
f 4427 4428 4340
f 4340 4428 4341
f 4428 4429 4341
f 4341 4429 4342
f 4429 4430 4342
f 4342 4430 4343
f 4430 4431 4343
f 4343 4431 4344
f 4431 4432 4344
f 4344 4432 4345
f 4432 4433 4345
f 4345 4433 4346
f 4433 4434 4346
f 4346 4434 4347
f 4434 4435 4347
f 4347 4435 4348
f 4435 4436 4348
f 4348 4436 4349
f 4436 4437 4349
f 4349 4437 4350
f 4437 4438 4350
f 4350 4438 4351
f 4438 4439 4351
f 4351 4439 4352
f 4439 4440 4352
f 4352 4440 4353
f 4440 4441 4353
f 4353 4441 4354
f 4441 4442 4354
f 4354 4442 4355
f 4442 4443 4355
f 4355 4443 4356
f 4443 4444 4356
f 4356 4444 4357
f 4444 4445 4357
f 4357 4445 4358
f 4445 4446 4358
f 4358 4446 4359
f 4446 4447 4359
f 4359 4447 4360
f 4447 4448 4360
f 4360 4448 4361
f 4448 4449 4361
f 4361 4449 4362
f 4449 4450 4362
f 4362 4450 4363
f 4450 4451 4363
f 4363 4451 4364
f 4451 4452 4364
f 4364 4452 4365
f 4452 4453 4365
f 4365 4453 4366
f 4453 4454 4366
f 4366 4454 4367
f 4454 4455 4367
f 4367 4455 4368
f 4455 4456 4368
f 4368 4456 4369
f 4456 4457 4369
f 4369 4457 4370
f 4457 4458 4370
f 4370 4458 4371
f 4458 4459 4371
f 4371 4459 4372
f 4459 4460 4372
f 4372 4460 4373
f 4460 4461 4373
f 4373 4461 4374
f 4461 4462 4374
f 4374 4462 4375
f 4462 4463 4375
f 4375 4463 4376
f 4463 4464 4376
f 4376 4464 4377
f 4464 4465 4377
f 4377 4465 4378
f 4465 4466 4378
f 4378 4466 4379
f 4466 4467 4379
f 4379 4467 4380
f 4467 4468 4380
f 4380 4468 4381
f 4468 4469 4381
f 4381 4469 4382
f 4469 4470 4382
f 4382 4470 4383
f 4470 4471 4383
f 4383 4471 4384
f 4471 4472 4384
f 4384 4472 4385
f 4472 4473 4385
f 4385 4473 4386
f 4473 4474 4386
f 4386 4474 4387
f 4474 4475 4387
f 4387 4475 4388
f 4475 4476 4388
f 4388 4476 4389
f 4476 4477 4389
f 4389 4477 4390
f 4477 4478 4390
f 4390 4478 4391
f 4478 4479 4391
f 4391 4479 4392
f 4479 4480 4392
f 4392 4480 4393
f 4480 4481 4393
f 4393 4481 4394
f 4481 4482 4394
f 4394 4482 4395
f 4482 4483 4395
f 4395 4483 4396
f 4483 4484 4396
f 4396 4484 4397
f 4484 4485 4397
f 4397 4485 4398
f 4485 4486 4398
f 4398 4486 4399
f 4486 4487 4399
f 4399 4487 4400
f 4487 4488 4400
f 4400 4488 4401
f 4488 4489 4401
f 4401 4489 4402
f 4489 4490 4402
f 4402 4490 4403
f 4490 4491 4403
f 4403 4491 4404
f 4491 4492 4404
f 4404 4492 182
f 4492 184 182
f 183 185 4405
f 185 4493 4405
f 4405 4493 4406
f 4493 4494 4406
f 4406 4494 4407
f 4494 4495 4407
f 4407 4495 4408
f 4495 4496 4408
f 4408 4496 4409
f 4496 4497 4409
f 4409 4497 4410
f 4497 4498 4410
f 4410 4498 4411
f 4498 4499 4411
f 4411 4499 4412
f 4499 4500 4412
f 4412 4500 4413
f 4500 4501 4413
f 4413 4501 4414
f 4501 4502 4414
f 4414 4502 4415
f 4502 4503 4415
f 4415 4503 4416
f 4503 4504 4416
f 4416 4504 4417
f 4504 4505 4417
f 4417 4505 4418
f 4505 4506 4418
f 4418 4506 4419
f 4506 4507 4419
f 4419 4507 4420
f 4507 4508 4420
f 4420 4508 4421
f 4508 4509 4421
f 4421 4509 4422
f 4509 4510 4422
f 4422 4510 4423
f 4510 4511 4423
f 4423 4511 4424
f 4511 4512 4424
f 4424 4512 4425
f 4512 4513 4425
f 4425 4513 4426
f 4513 4514 4426
f 4426 4514 4427
f 4514 4515 4427
f 4427 4515 4428
f 4515 4516 4428
f 4428 4516 4429
f 4516 4517 4429
f 4429 4517 4430
f 4517 4518 4430
f 4430 4518 4431
f 4518 4519 4431
f 4431 4519 4432
f 4519 4520 4432
f 4432 4520 4433
f 4520 4521 4433
f 4433 4521 4434
f 4521 4522 4434
f 4434 4522 4435
f 4522 4523 4435
f 4435 4523 4436
f 4523 4524 4436
f 4436 4524 4437
f 4524 4525 4437
f 4437 4525 4438
f 4525 4526 4438
f 4438 4526 4439
f 4526 4527 4439
f 4439 4527 4440
f 4527 4528 4440
f 4440 4528 4441
f 4528 4529 4441
f 4441 4529 4442
f 4529 4530 4442
f 4442 4530 4443
f 4530 4531 4443
f 4443 4531 4444
f 4531 4532 4444
f 4444 4532 4445
f 4532 4533 4445
f 4445 4533 4446
f 4533 4534 4446
f 4446 4534 4447
f 4534 4535 4447
f 4447 4535 4448
f 4535 4536 4448
f 4448 4536 4449
f 4536 4537 4449
f 4449 4537 4450
f 4537 4538 4450
f 4450 4538 4451
f 4538 4539 4451
f 4451 4539 4452
f 4539 4540 4452
f 4452 4540 4453
f 4540 4541 4453
f 4453 4541 4454
f 4541 4542 4454
f 4454 4542 4455
f 4542 4543 4455
f 4455 4543 4456
f 4543 4544 4456
f 4456 4544 4457
f 4544 4545 4457
f 4457 4545 4458
f 4545 4546 4458
f 4458 4546 4459
f 4546 4547 4459
f 4459 4547 4460
f 4547 4548 4460
f 4460 4548 4461
f 4548 4549 4461
f 4461 4549 4462
f 4549 4550 4462
f 4462 4550 4463
f 4550 4551 4463
f 4463 4551 4464
f 4551 4552 4464
f 4464 4552 4465
f 4552 4553 4465
f 4465 4553 4466
f 4553 4554 4466
f 4466 4554 4467
f 4554 4555 4467
f 4467 4555 4468
f 4555 4556 4468
f 4468 4556 4469
f 4556 4557 4469
f 4469 4557 4470
f 4557 4558 4470
f 4470 4558 4471
f 4558 4559 4471
f 4471 4559 4472
f 4559 4560 4472
f 4472 4560 4473
f 4560 4561 4473
f 4473 4561 4474
f 4561 4562 4474
f 4474 4562 4475
f 4562 4563 4475
f 4475 4563 4476
f 4563 4564 4476
f 4476 4564 4477
f 4564 4565 4477
f 4477 4565 4478
f 4565 4566 4478
f 4478 4566 4479
f 4566 4567 4479
f 4479 4567 4480
f 4567 4568 4480
f 4480 4568 4481
f 4568 4569 4481
f 4481 4569 4482
f 4569 4570 4482
f 4482 4570 4483
f 4570 4571 4483
f 4483 4571 4484
f 4571 4572 4484
f 4484 4572 4485
f 4572 4573 4485
f 4485 4573 4486
f 4573 4574 4486
f 4486 4574 4487
f 4574 4575 4487
f 4487 4575 4488
f 4575 4576 4488
f 4488 4576 4489
f 4576 4577 4489
f 4489 4577 4490
f 4577 4578 4490
f 4490 4578 4491
f 4578 4579 4491
f 4491 4579 4492
f 4579 4580 4492
f 4492 4580 184
f 4580 186 184
f 185 187 4493
f 187 4581 4493
f 4493 4581 4494
f 4581 4582 4494
f 4494 4582 4495
f 4582 4583 4495
f 4495 4583 4496
f 4583 4584 4496
f 4496 4584 4497
f 4584 4585 4497
f 4497 4585 4498
f 4585 4586 4498
f 4498 4586 4499
f 4586 4587 4499
f 4499 4587 4500
f 4587 4588 4500
f 4500 4588 4501
f 4588 4589 4501
f 4501 4589 4502
f 4589 4590 4502
f 4502 4590 4503
f 4590 4591 4503
f 4503 4591 4504
f 4591 4592 4504
f 4504 4592 4505
f 4592 4593 4505
f 4505 4593 4506
f 4593 4594 4506
f 4506 4594 4507
f 4594 4595 4507
f 4507 4595 4508
f 4595 4596 4508
f 4508 4596 4509
f 4596 4597 4509
f 4509 4597 4510
f 4597 4598 4510
f 4510 4598 4511
f 4598 4599 4511
f 4511 4599 4512
f 4599 4600 4512
f 4512 4600 4513
f 4600 4601 4513
f 4513 4601 4514
f 4601 4602 4514
f 4514 4602 4515
f 4602 4603 4515
f 4515 4603 4516
f 4603 4604 4516
f 4516 4604 4517
f 4604 4605 4517
f 4517 4605 4518
f 4605 4606 4518
f 4518 4606 4519
f 4606 4607 4519
f 4519 4607 4520
f 4607 4608 4520
f 4520 4608 4521
f 4608 4609 4521
f 4521 4609 4522
f 4609 4610 4522
f 4522 4610 4523
f 4610 4611 4523
f 4523 4611 4524
f 4611 4612 4524
f 4524 4612 4525
f 4612 4613 4525
f 4525 4613 4526
f 4613 4614 4526
f 4526 4614 4527
f 4614 4615 4527
f 4527 4615 4528
f 4615 4616 4528
f 4528 4616 4529
f 4616 4617 4529
f 4529 4617 4530
f 4617 4618 4530
f 4530 4618 4531
f 4618 4619 4531
f 4531 4619 4532
f 4619 4620 4532
f 4532 4620 4533
f 4620 4621 4533
f 4533 4621 4534
f 4621 4622 4534
f 4534 4622 4535
f 4622 4623 4535
f 4535 4623 4536
f 4623 4624 4536
f 4536 4624 4537
f 4624 4625 4537
f 4537 4625 4538
f 4625 4626 4538
f 4538 4626 4539
f 4626 4627 4539
f 4539 4627 4540
f 4627 4628 4540
f 4540 4628 4541
f 4628 4629 4541
f 4541 4629 4542
f 4629 4630 4542
f 4542 4630 4543
f 4630 4631 4543
f 4543 4631 4544
f 4631 4632 4544
f 4544 4632 4545
f 4632 4633 4545
f 4545 4633 4546
f 4633 4634 4546
f 4546 4634 4547
f 4634 4635 4547
f 4547 4635 4548
f 4635 4636 4548
f 4548 4636 4549
f 4636 4637 4549
f 4549 4637 4550
f 4637 4638 4550
f 4550 4638 4551
f 4638 4639 4551
f 4551 4639 4552
f 4639 4640 4552
f 4552 4640 4553
f 4640 4641 4553
f 4553 4641 4554
f 4641 4642 4554
f 4554 4642 4555
f 4642 4643 4555
f 4555 4643 4556
f 4643 4644 4556
f 4556 4644 4557
f 4644 4645 4557
f 4557 4645 4558
f 4645 4646 4558
f 4558 4646 4559
f 4646 4647 4559
f 4559 4647 4560
f 4647 4648 4560
f 4560 4648 4561
f 4648 4649 4561
f 4561 4649 4562
f 4649 4650 4562
f 4562 4650 4563
f 4650 4651 4563
f 4563 4651 4564
f 4651 4652 4564
f 4564 4652 4565
f 4652 4653 4565
f 4565 4653 4566
f 4653 4654 4566
f 4566 4654 4567
f 4654 4655 4567
f 4567 4655 4568
f 4655 4656 4568
f 4568 4656 4569
f 4656 4657 4569
f 4569 4657 4570
f 4657 4658 4570
f 4570 4658 4571
f 4658 4659 4571
f 4571 4659 4572
f 4659 4660 4572
f 4572 4660 4573
f 4660 4661 4573
f 4573 4661 4574
f 4661 4662 4574
f 4574 4662 4575
f 4662 4663 4575
f 4575 4663 4576
f 4663 4664 4576
f 4576 4664 4577
f 4664 4665 4577
f 4577 4665 4578
f 4665 4666 4578
f 4578 4666 4579
f 4666 4667 4579
f 4579 4667 4580
f 4667 4668 4580
f 4580 4668 186
f 4668 188 186
f 187 189 4581
f 189 4669 4581
f 4581 4669 4582
f 4669 4670 4582
f 4582 4670 4583
f 4670 4671 4583
f 4583 4671 4584
f 4671 4672 4584
f 4584 4672 4585
f 4672 4673 4585
f 4585 4673 4586
f 4673 4674 4586
f 4586 4674 4587
f 4674 4675 4587
f 4587 4675 4588
f 4675 4676 4588
f 4588 4676 4589
f 4676 4677 4589
f 4589 4677 4590
f 4677 4678 4590
f 4590 4678 4591
f 4678 4679 4591
f 4591 4679 4592
f 4679 4680 4592
f 4592 4680 4593
f 4680 4681 4593
f 4593 4681 4594
f 4681 4682 4594
f 4594 4682 4595
f 4682 4683 4595
f 4595 4683 4596
f 4683 4684 4596
f 4596 4684 4597
f 4684 4685 4597
f 4597 4685 4598
f 4685 4686 4598
f 4598 4686 4599
f 4686 4687 4599
f 4599 4687 4600
f 4687 4688 4600
f 4600 4688 4601
f 4688 4689 4601
f 4601 4689 4602
f 4689 4690 4602
f 4602 4690 4603
f 4690 4691 4603
f 4603 4691 4604
f 4691 4692 4604
f 4604 4692 4605
f 4692 4693 4605
f 4605 4693 4606
f 4693 4694 4606
f 4606 4694 4607
f 4694 4695 4607
f 4607 4695 4608
f 4695 4696 4608
f 4608 4696 4609
f 4696 4697 4609
f 4609 4697 4610
f 4697 4698 4610
f 4610 4698 4611
f 4698 4699 4611
f 4611 4699 4612
f 4699 4700 4612
f 4612 4700 4613
f 4700 4701 4613
f 4613 4701 4614
f 4701 4702 4614
f 4614 4702 4615
f 4702 4703 4615
f 4615 4703 4616
f 4703 4704 4616
f 4616 4704 4617
f 4704 4705 4617
f 4617 4705 4618
f 4705 4706 4618
f 4618 4706 4619
f 4706 4707 4619
f 4619 4707 4620
f 4707 4708 4620
f 4620 4708 4621
f 4708 4709 4621
f 4621 4709 4622
f 4709 4710 4622
f 4622 4710 4623
f 4710 4711 4623
f 4623 4711 4624
f 4711 4712 4624
f 4624 4712 4625
f 4712 4713 4625
f 4625 4713 4626
f 4713 4714 4626
f 4626 4714 4627
f 4714 4715 4627
f 4627 4715 4628
f 4715 4716 4628
f 4628 4716 4629
f 4716 4717 4629
f 4629 4717 4630
f 4717 4718 4630
f 4630 4718 4631
f 4718 4719 4631
f 4631 4719 4632
f 4719 4720 4632
f 4632 4720 4633
f 4720 4721 4633
f 4633 4721 4634
f 4721 4722 4634
f 4634 4722 4635
f 4722 4723 4635
f 4635 4723 4636
f 4723 4724 4636
f 4636 4724 4637
f 4724 4725 4637
f 4637 4725 4638
f 4725 4726 4638
f 4638 4726 4639
f 4726 4727 4639
f 4639 4727 4640
f 4727 4728 4640
f 4640 4728 4641
f 4728 4729 4641
f 4641 4729 4642
f 4729 4730 4642
f 4642 4730 4643
f 4730 4731 4643
f 4643 4731 4644
f 4731 4732 4644
f 4644 4732 4645
f 4732 4733 4645
f 4645 4733 4646
f 4733 4734 4646
f 4646 4734 4647
f 4734 4735 4647
f 4647 4735 4648
f 4735 4736 4648
f 4648 4736 4649
f 4736 4737 4649
f 4649 4737 4650
f 4737 4738 4650
f 4650 4738 4651
f 4738 4739 4651
f 4651 4739 4652
f 4739 4740 4652
f 4652 4740 4653
f 4740 4741 4653
f 4653 4741 4654
f 4741 4742 4654
f 4654 4742 4655
f 4742 4743 4655
f 4655 4743 4656
f 4743 4744 4656
f 4656 4744 4657
f 4744 4745 4657
f 4657 4745 4658
f 4745 4746 4658
f 4658 4746 4659
f 4746 4747 4659
f 4659 4747 4660
f 4747 4748 4660
f 4660 4748 4661
f 4748 4749 4661
f 4661 4749 4662
f 4749 4750 4662
f 4662 4750 4663
f 4750 4751 4663
f 4663 4751 4664
f 4751 4752 4664
f 4664 4752 4665
f 4752 4753 4665
f 4665 4753 4666
f 4753 4754 4666
f 4666 4754 4667
f 4754 4755 4667
f 4667 4755 4668
f 4755 4756 4668
f 4668 4756 188
f 4756 190 188
f 189 191 4669
f 191 4757 4669
f 4669 4757 4670
f 4757 4758 4670
f 4670 4758 4671
f 4758 4759 4671
f 4671 4759 4672
f 4759 4760 4672
f 4672 4760 4673
f 4760 4761 4673
f 4673 4761 4674
f 4761 4762 4674
f 4674 4762 4675
f 4762 4763 4675
f 4675 4763 4676
f 4763 4764 4676
f 4676 4764 4677
f 4764 4765 4677
f 4677 4765 4678
f 4765 4766 4678
f 4678 4766 4679
f 4766 4767 4679
f 4679 4767 4680
f 4767 4768 4680
f 4680 4768 4681
f 4768 4769 4681
f 4681 4769 4682
f 4769 4770 4682
f 4682 4770 4683
f 4770 4771 4683
f 4683 4771 4684
f 4771 4772 4684
f 4684 4772 4685
f 4772 4773 4685
f 4685 4773 4686
f 4773 4774 4686
f 4686 4774 4687
f 4774 4775 4687
f 4687 4775 4688
f 4775 4776 4688
f 4688 4776 4689
f 4776 4777 4689
f 4689 4777 4690
f 4777 4778 4690
f 4690 4778 4691
f 4778 4779 4691
f 4691 4779 4692
f 4779 4780 4692
f 4692 4780 4693
f 4780 4781 4693
f 4693 4781 4694
f 4781 4782 4694
f 4694 4782 4695
f 4782 4783 4695
f 4695 4783 4696
f 4783 4784 4696
f 4696 4784 4697
f 4784 4785 4697
f 4697 4785 4698
f 4785 4786 4698
f 4698 4786 4699
f 4786 4787 4699
f 4699 4787 4700
f 4787 4788 4700
f 4700 4788 4701
f 4788 4789 4701
f 4701 4789 4702
f 4789 4790 4702
f 4702 4790 4703
f 4790 4791 4703
f 4703 4791 4704
f 4791 4792 4704
f 4704 4792 4705
f 4792 4793 4705
f 4705 4793 4706
f 4793 4794 4706
f 4706 4794 4707
f 4794 4795 4707
f 4707 4795 4708
f 4795 4796 4708
f 4708 4796 4709
f 4796 4797 4709
f 4709 4797 4710
f 4797 4798 4710
f 4710 4798 4711
f 4798 4799 4711
f 4711 4799 4712
f 4799 4800 4712
f 4712 4800 4713
f 4800 4801 4713
f 4713 4801 4714
f 4801 4802 4714
f 4714 4802 4715
f 4802 4803 4715
f 4715 4803 4716
f 4803 4804 4716
f 4716 4804 4717
f 4804 4805 4717
f 4717 4805 4718
f 4805 4806 4718
f 4718 4806 4719
f 4806 4807 4719
f 4719 4807 4720
f 4807 4808 4720
f 4720 4808 4721
f 4808 4809 4721
f 4721 4809 4722
f 4809 4810 4722
f 4722 4810 4723
f 4810 4811 4723
f 4723 4811 4724
f 4811 4812 4724
f 4724 4812 4725
f 4812 4813 4725
f 4725 4813 4726
f 4813 4814 4726
f 4726 4814 4727
f 4814 4815 4727
f 4727 4815 4728
f 4815 4816 4728
f 4728 4816 4729
f 4816 4817 4729
f 4729 4817 4730
f 4817 4818 4730
f 4730 4818 4731
f 4818 4819 4731
f 4731 4819 4732
f 4819 4820 4732
f 4732 4820 4733
f 4820 4821 4733
f 4733 4821 4734
f 4821 4822 4734
f 4734 4822 4735
f 4822 4823 4735
f 4735 4823 4736
f 4823 4824 4736
f 4736 4824 4737
f 4824 4825 4737
f 4737 4825 4738
f 4825 4826 4738
f 4738 4826 4739
f 4826 4827 4739
f 4739 4827 4740
f 4827 4828 4740
f 4740 4828 4741
f 4828 4829 4741
f 4741 4829 4742
f 4829 4830 4742
f 4742 4830 4743
f 4830 4831 4743
f 4743 4831 4744
f 4831 4832 4744
f 4744 4832 4745
f 4832 4833 4745
f 4745 4833 4746
f 4833 4834 4746
f 4746 4834 4747
f 4834 4835 4747
f 4747 4835 4748
f 4835 4836 4748
f 4748 4836 4749
f 4836 4837 4749
f 4749 4837 4750
f 4837 4838 4750
f 4750 4838 4751
f 4838 4839 4751
f 4751 4839 4752
f 4839 4840 4752
f 4752 4840 4753
f 4840 4841 4753
f 4753 4841 4754
f 4841 4842 4754
f 4754 4842 4755
f 4842 4843 4755
f 4755 4843 4756
f 4843 4844 4756
f 4756 4844 190
f 4844 192 190
f 191 193 4757
f 193 4845 4757
f 4757 4845 4758
f 4845 4846 4758
f 4758 4846 4759
f 4846 4847 4759
f 4759 4847 4760
f 4847 4848 4760
f 4760 4848 4761
f 4848 4849 4761
f 4761 4849 4762
f 4849 4850 4762
f 4762 4850 4763
f 4850 4851 4763
f 4763 4851 4764
f 4851 4852 4764
f 4764 4852 4765
f 4852 4853 4765
f 4765 4853 4766
f 4853 4854 4766
f 4766 4854 4767
f 4854 4855 4767
f 4767 4855 4768
f 4855 4856 4768
f 4768 4856 4769
f 4856 4857 4769
f 4769 4857 4770
f 4857 4858 4770
f 4770 4858 4771
f 4858 4859 4771
f 4771 4859 4772
f 4859 4860 4772
f 4772 4860 4773
f 4860 4861 4773
f 4773 4861 4774
f 4861 4862 4774
f 4774 4862 4775
f 4862 4863 4775
f 4775 4863 4776
f 4863 4864 4776
f 4776 4864 4777
f 4864 4865 4777
f 4777 4865 4778
f 4865 4866 4778
f 4778 4866 4779
f 4866 4867 4779
f 4779 4867 4780
f 4867 4868 4780
f 4780 4868 4781
f 4868 4869 4781
f 4781 4869 4782
f 4869 4870 4782
f 4782 4870 4783
f 4870 4871 4783
f 4783 4871 4784
f 4871 4872 4784
f 4784 4872 4785
f 4872 4873 4785
f 4785 4873 4786
f 4873 4874 4786
f 4786 4874 4787
f 4874 4875 4787
f 4787 4875 4788
f 4875 4876 4788
f 4788 4876 4789
f 4876 4877 4789
f 4789 4877 4790
f 4877 4878 4790
f 4790 4878 4791
f 4878 4879 4791
f 4791 4879 4792
f 4879 4880 4792
f 4792 4880 4793
f 4880 4881 4793
f 4793 4881 4794
f 4881 4882 4794
f 4794 4882 4795
f 4882 4883 4795
f 4795 4883 4796
f 4883 4884 4796
f 4796 4884 4797
f 4884 4885 4797
f 4797 4885 4798
f 4885 4886 4798
f 4798 4886 4799
f 4886 4887 4799
f 4799 4887 4800
f 4887 4888 4800
f 4800 4888 4801
f 4888 4889 4801
f 4801 4889 4802
f 4889 4890 4802
f 4802 4890 4803
f 4890 4891 4803
f 4803 4891 4804
f 4891 4892 4804
f 4804 4892 4805
f 4892 4893 4805
f 4805 4893 4806
f 4893 4894 4806
f 4806 4894 4807
f 4894 4895 4807
f 4807 4895 4808
f 4895 4896 4808
f 4808 4896 4809
f 4896 4897 4809
f 4809 4897 4810
f 4897 4898 4810
f 4810 4898 4811
f 4898 4899 4811
f 4811 4899 4812
f 4899 4900 4812
f 4812 4900 4813
f 4900 4901 4813
f 4813 4901 4814
f 4901 4902 4814
f 4814 4902 4815
f 4902 4903 4815
f 4815 4903 4816
f 4903 4904 4816
f 4816 4904 4817
f 4904 4905 4817
f 4817 4905 4818
f 4905 4906 4818
f 4818 4906 4819
f 4906 4907 4819
f 4819 4907 4820
f 4907 4908 4820
f 4820 4908 4821
f 4908 4909 4821
f 4821 4909 4822
f 4909 4910 4822
f 4822 4910 4823
f 4910 4911 4823
f 4823 4911 4824
f 4911 4912 4824
f 4824 4912 4825
f 4912 4913 4825
f 4825 4913 4826
f 4913 4914 4826
f 4826 4914 4827
f 4914 4915 4827
f 4827 4915 4828
f 4915 4916 4828
f 4828 4916 4829
f 4916 4917 4829
f 4829 4917 4830
f 4917 4918 4830
f 4830 4918 4831
f 4918 4919 4831
f 4831 4919 4832
f 4919 4920 4832
f 4832 4920 4833
f 4920 4921 4833
f 4833 4921 4834
f 4921 4922 4834
f 4834 4922 4835
f 4922 4923 4835
f 4835 4923 4836
f 4923 4924 4836
f 4836 4924 4837
f 4924 4925 4837
f 4837 4925 4838
f 4925 4926 4838
f 4838 4926 4839
f 4926 4927 4839
f 4839 4927 4840
f 4927 4928 4840
f 4840 4928 4841
f 4928 4929 4841
f 4841 4929 4842
f 4929 4930 4842
f 4842 4930 4843
f 4930 4931 4843
f 4843 4931 4844
f 4931 4932 4844
f 4844 4932 192
f 4932 194 192
f 193 195 4845
f 195 4933 4845
f 4845 4933 9355
f 4933 8730 9355
f 4846 4934 4847
f 4934 4935 4847
f 4847 4935 4848
f 4935 4936 4848
f 4848 4936 4849
f 4936 4937 4849
f 4849 4937 4850
f 4937 4938 4850
f 4850 4938 4851
f 4938 4939 4851
f 4851 4939 4852
f 4939 4940 4852
f 4852 4940 4853
f 4940 4941 4853
f 4853 4941 4854
f 4941 4942 4854
f 4854 4942 4855
f 4942 4943 4855
f 4855 4943 4856
f 4943 4944 4856
f 4856 4944 4857
f 4944 4945 4857
f 4857 4945 4858
f 4945 4946 4858
f 4858 4946 4859
f 4946 4947 4859
f 4859 4947 4860
f 4947 4948 4860
f 4860 4948 4861
f 4948 4949 4861
f 4861 4949 4862
f 4949 4950 4862
f 4862 4950 4863
f 4950 4951 4863
f 4863 4951 4864
f 4951 4952 4864
f 4864 4952 4865
f 4952 4953 4865
f 4865 4953 4866
f 4953 4954 4866
f 4866 4954 4867
f 4954 4955 4867
f 4867 4955 4868
f 4955 4956 4868
f 4868 4956 4869
f 4956 4957 4869
f 4869 4957 4870
f 4957 4958 4870
f 4870 4958 4871
f 4958 4959 4871
f 4871 4959 4872
f 4959 4960 4872
f 4872 4960 4873
f 4960 4961 4873
f 4873 4961 4874
f 4961 4962 4874
f 4874 4962 4875
f 4962 4963 4875
f 4875 4963 4876
f 4963 4964 4876
f 4876 4964 4877
f 4964 4965 4877
f 4877 4965 4878
f 4965 4966 4878
f 4878 4966 4879
f 4966 4967 4879
f 4879 4967 4880
f 4967 4968 4880
f 4880 4968 4881
f 4968 4969 4881
f 4881 4969 4882
f 4969 4970 4882
f 4882 4970 4883
f 4970 4971 4883
f 4883 4971 4884
f 4971 4972 4884
f 4884 4972 4885
f 4972 4973 4885
f 4885 4973 4886
f 4973 4974 4886
f 4886 4974 4887
f 4974 4975 4887
f 4887 4975 4888
f 4975 4976 4888
f 4888 4976 4889
f 4976 4977 4889
f 4889 4977 4890
f 4977 4978 4890
f 4890 4978 4891
f 4978 4979 4891
f 4891 4979 4892
f 4979 4980 4892
f 4892 4980 4893
f 4980 4981 4893
f 4893 4981 4894
f 4981 4982 4894
f 4894 4982 4895
f 4982 4983 4895
f 4895 4983 4896
f 4983 4984 4896
f 4896 4984 4897
f 4984 4985 4897
f 4897 4985 4898
f 4985 4986 4898
f 4898 4986 4899
f 4986 4987 4899
f 4899 4987 4900
f 4987 4988 4900
f 4900 4988 4901
f 4988 4989 4901
f 4901 4989 4902
f 4989 4990 4902
f 4902 4990 4903
f 4990 4991 4903
f 4903 4991 4904
f 4991 4992 4904
f 4904 4992 4905
f 4992 4993 4905
f 4905 4993 4906
f 4993 4994 4906
f 4906 4994 4907
f 4994 4995 4907
f 4907 4995 4908
f 4995 4996 4908
f 4908 4996 4909
f 4996 4997 4909
f 4909 4997 4910
f 4997 4998 4910
f 4910 4998 4911
f 4998 4999 4911
f 4911 4999 4912
f 4999 5000 4912
f 4912 5000 4913
f 5000 5001 4913
f 4913 5001 4914
f 5001 5002 4914
f 4914 5002 4915
f 5002 5003 4915
f 4915 5003 4916
f 5003 5004 4916
f 4916 5004 4917
f 5004 5005 4917
f 4917 5005 4918
f 5005 5006 4918
f 4918 5006 4919
f 5006 5007 4919
f 4919 5007 4920
f 5007 5008 4920
f 4920 5008 4921
f 5008 5009 4921
f 4921 5009 4922
f 5009 5010 4922
f 4922 5010 4923
f 5010 5011 4923
f 4923 5011 4924
f 5011 5012 4924
f 4924 5012 4925
f 5012 5013 4925
f 4925 5013 4926
f 5013 5014 4926
f 4926 5014 4927
f 5014 5015 4927
f 4927 5015 4928
f 5015 5016 4928
f 4928 5016 4929
f 5016 5017 4929
f 4929 5017 4930
f 5017 5018 4930
f 4930 5018 4931
f 5018 5019 4931
f 4931 5019 4932
f 5019 5020 4932
f 4932 5020 194
f 5020 196 194
f 195 197 4933
f 197 5021 4933
f 4933 5021 8730
f 5021 8731 8730
f 4934 5022 4935
f 5022 5023 4935
f 4935 5023 4936
f 5023 5024 4936
f 4936 5024 4937
f 5024 5025 4937
f 4937 5025 4938
f 5025 5026 4938
f 4938 5026 4939
f 5026 5027 4939
f 4939 5027 4940
f 5027 5028 4940
f 4940 5028 4941
f 5028 5029 4941
f 4941 5029 4942
f 5029 5030 4942
f 4942 5030 4943
f 5030 5031 4943
f 4943 5031 4944
f 5031 5032 4944
f 4944 5032 4945
f 5032 5033 4945
f 4945 5033 4946
f 5033 5034 4946
f 4946 5034 4947
f 5034 5035 4947
f 4947 5035 4948
f 5035 5036 4948
f 4948 5036 4949
f 5036 5037 4949
f 4949 5037 4950
f 5037 5038 4950
f 4950 5038 4951
f 5038 5039 4951
f 4951 5039 4952
f 5039 5040 4952
f 4952 5040 4953
f 5040 5041 4953
f 4953 5041 4954
f 5041 5042 4954
f 4954 5042 4955
f 5042 5043 4955
f 4955 5043 4956
f 5043 5044 4956
f 4956 5044 4957
f 5044 5045 4957
f 4957 5045 4958
f 5045 5046 4958
f 4958 5046 4959
f 5046 5047 4959
f 4959 5047 4960
f 5047 5048 4960
f 4960 5048 4961
f 5048 5049 4961
f 4961 5049 4962
f 5049 5050 4962
f 4962 5050 4963
f 5050 5051 4963
f 4963 5051 4964
f 5051 5052 4964
f 4964 5052 4965
f 5052 5053 4965
f 4965 5053 4966
f 5053 5054 4966
f 4966 5054 4967
f 5054 5055 4967
f 4967 5055 4968
f 5055 5056 4968
f 4968 5056 4969
f 5056 5057 4969
f 4969 5057 4970
f 5057 5058 4970
f 4970 5058 4971
f 5058 5059 4971
f 4971 5059 4972
f 5059 5060 4972
f 4972 5060 4973
f 5060 5061 4973
f 4973 5061 4974
f 5061 5062 4974
f 4974 5062 4975
f 5062 5063 4975
f 4975 5063 4976
f 5063 5064 4976
f 4976 5064 4977
f 5064 5065 4977
f 4977 5065 4978
f 5065 5066 4978
f 4978 5066 4979
f 5066 5067 4979
f 4979 5067 4980
f 5067 5068 4980
f 4980 5068 4981
f 5068 5069 4981
f 4981 5069 4982
f 5069 5070 4982
f 4982 5070 4983
f 5070 5071 4983
f 4983 5071 4984
f 5071 5072 4984
f 4984 5072 4985
f 5072 5073 4985
f 4985 5073 4986
f 5073 5074 4986
f 4986 5074 4987
f 5074 5075 4987
f 4987 5075 4988
f 5075 5076 4988
f 4988 5076 4989
f 5076 5077 4989
f 4989 5077 4990
f 5077 5078 4990
f 4990 5078 4991
f 5078 5079 4991
f 4991 5079 4992
f 5079 5080 4992
f 4992 5080 4993
f 5080 5081 4993
f 4993 5081 4994
f 5081 5082 4994
f 4994 5082 4995
f 5082 5083 4995
f 4995 5083 4996
f 5083 5084 4996
f 4996 5084 4997
f 5084 5085 4997
f 4997 5085 4998
f 5085 5086 4998
f 4998 5086 4999
f 5086 5087 4999
f 4999 5087 5000
f 5087 5088 5000
f 5000 5088 5001
f 5088 5089 5001
f 5001 5089 5002
f 5089 5090 5002
f 5002 5090 5003
f 5090 5091 5003
f 5003 5091 5004
f 5091 5092 5004
f 5004 5092 5005
f 5092 5093 5005
f 5005 5093 5006
f 5093 5094 5006
f 5006 5094 5007
f 5094 5095 5007
f 5007 5095 5008
f 5095 5096 5008
f 5008 5096 5009
f 5096 5097 5009
f 5009 5097 5010
f 5097 5098 5010
f 5010 5098 5011
f 5098 5099 5011
f 5011 5099 5012
f 5099 5100 5012
f 5012 5100 5013
f 5100 5101 5013
f 5013 5101 5014
f 5101 5102 5014
f 5014 5102 5015
f 5102 5103 5015
f 5015 5103 5016
f 5103 5104 5016
f 5016 5104 5017
f 5104 5105 5017
f 5017 5105 5018
f 5105 5106 5018
f 5018 5106 5019
f 5106 5107 5019
f 5019 5107 5020
f 5107 5108 5020
f 5020 5108 196
f 5108 198 196
f 197 199 5021
f 199 5109 5021
f 5021 5109 8731
f 8733 5110 5109
f 5022 8731 8732
f 5110 8734 8732
f 5023 5111 5024
f 5111 5112 5024
f 5024 5112 5025
f 5112 5113 5025
f 5025 5113 5026
f 5113 5114 5026
f 5026 5114 5027
f 5114 5115 5027
f 5027 5115 5028
f 5115 5116 5028
f 5028 5116 5029
f 5116 5117 5029
f 5029 5117 5030
f 5117 5118 5030
f 5030 5118 5031
f 5118 5119 5031
f 5031 5119 5032
f 5119 5120 5032
f 5032 5120 5033
f 5120 5121 5033
f 5033 5121 5034
f 5121 5122 5034
f 5034 5122 5035
f 5122 5123 5035
f 5035 5123 5036
f 5123 5124 5036
f 5036 5124 5037
f 5124 5125 5037
f 5037 5125 5038
f 5125 5126 5038
f 5038 5126 5039
f 5126 5127 5039
f 5039 5127 5040
f 5127 5128 5040
f 5040 5128 5041
f 5128 5129 5041
f 5041 5129 5042
f 5129 5130 5042
f 5042 5130 5043
f 5130 5131 5043
f 5043 5131 5044
f 5131 5132 5044
f 5044 5132 5045
f 5132 5133 5045
f 5045 5133 5046
f 5133 5134 5046
f 5046 5134 5047
f 5134 5135 5047
f 5047 5135 5048
f 5135 5136 5048
f 5048 5136 5049
f 5136 5137 5049
f 5049 5137 5050
f 5137 5138 5050
f 5050 5138 5051
f 5138 5139 5051
f 5051 5139 5052
f 5139 5140 5052
f 5052 5140 5053
f 5140 5141 5053
f 5053 5141 5054
f 5141 5142 5054
f 5054 5142 5055
f 5142 5143 5055
f 5055 5143 5056
f 5143 5144 5056
f 5056 5144 5057
f 5144 5145 5057
f 5057 5145 5058
f 5145 5146 5058
f 5058 5146 5059
f 5146 5147 5059
f 5059 5147 5060
f 5147 5148 5060
f 5060 5148 5061
f 5148 5149 5061
f 5061 5149 5062
f 5149 5150 5062
f 5062 5150 5063
f 5150 5151 5063
f 5063 5151 5064
f 5151 5152 5064
f 5064 5152 5065
f 5152 5153 5065
f 5065 5153 5066
f 5153 5154 5066
f 5066 5154 5067
f 5154 5155 5067
f 5067 5155 5068
f 5155 5156 5068
f 5068 5156 5069
f 5156 5157 5069
f 5069 5157 5070
f 5157 5158 5070
f 5070 5158 5071
f 5158 5159 5071
f 5071 5159 5072
f 5159 5160 5072
f 5072 5160 5073
f 5160 5161 5073
f 5073 5161 5074
f 5161 5162 5074
f 5074 5162 5075
f 5162 5163 5075
f 5075 5163 5076
f 5163 5164 5076
f 5076 5164 5077
f 5164 5165 5077
f 5077 5165 5078
f 5165 5166 5078
f 5078 5166 5079
f 5166 5167 5079
f 5079 5167 5080
f 5167 5168 5080
f 5080 5168 5081
f 5168 5169 5081
f 5081 5169 5082
f 5169 5170 5082
f 5082 5170 5083
f 5170 5171 5083
f 5083 5171 5084
f 5171 5172 5084
f 5084 5172 5085
f 5172 5173 5085
f 5085 5173 5086
f 5173 5174 5086
f 5086 5174 5087
f 5174 5175 5087
f 5087 5175 5088
f 5175 5176 5088
f 5088 5176 5089
f 5176 5177 5089
f 5089 5177 5090
f 5177 5178 5090
f 5090 5178 5091
f 5178 5179 5091
f 5091 5179 5092
f 5179 5180 5092
f 5092 5180 5093
f 5180 5181 5093
f 5093 5181 5094
f 5181 5182 5094
f 5094 5182 5095
f 5182 5183 5095
f 5095 5183 5096
f 5183 5184 5096
f 5096 5184 5097
f 5184 5185 5097
f 5097 5185 5098
f 5185 5186 5098
f 5098 5186 5099
f 5186 5187 5099
f 5099 5187 5100
f 5187 5188 5100
f 5100 5188 5101
f 5188 5189 5101
f 5101 5189 5102
f 5189 5190 5102
f 5102 5190 5103
f 5190 5191 5103
f 5103 5191 5104
f 5191 5192 5104
f 5104 5192 5105
f 5192 5193 5105
f 5105 5193 5106
f 5193 5194 5106
f 5106 5194 5107
f 5194 5195 5107
f 5107 5195 5108
f 5195 5196 5108
f 5108 5196 198
f 5196 200 198
f 199 201 5109
f 201 5197 5109
f 5109 5197 8733
f 5197 8736 8733
f 8733 5198 5110
f 5198 5199 8734
f 5111 8734 8735
f 5199 8738 8735
f 5112 5200 5113
f 5200 5201 5113
f 5113 5201 5114
f 5201 5202 5114
f 5114 5202 5115
f 5202 5203 5115
f 5115 5203 5116
f 5203 5204 5116
f 5116 5204 5117
f 5204 5205 5117
f 5117 5205 5118
f 5205 5206 5118
f 5118 5206 5119
f 5206 5207 5119
f 5119 5207 5120
f 5207 5208 5120
f 5120 5208 5121
f 5208 5209 5121
f 5121 5209 5122
f 5209 5210 5122
f 5122 5210 5123
f 5210 5211 5123
f 5123 5211 5124
f 5211 5212 5124
f 5124 5212 5125
f 5212 5213 5125
f 5125 5213 5126
f 5213 5214 5126
f 5126 5214 5127
f 5214 5215 5127
f 5127 5215 5128
f 5215 5216 5128
f 5128 5216 5129
f 5216 5217 5129
f 5129 5217 5130
f 5217 5218 5130
f 5130 5218 5131
f 5218 5219 5131
f 5131 5219 5132
f 5219 5220 5132
f 5132 5220 5133
f 5220 5221 5133
f 5133 5221 5134
f 5221 5222 5134
f 5134 5222 5135
f 5222 5223 5135
f 5135 5223 5136
f 5223 5224 5136
f 5136 5224 5137
f 5224 5225 5137
f 5137 5225 5138
f 5225 5226 5138
f 5138 5226 5139
f 5226 5227 5139
f 5139 5227 5140
f 5227 5228 5140
f 5140 5228 5141
f 5228 5229 5141
f 5141 5229 5142
f 5229 5230 5142
f 5142 5230 5143
f 5230 5231 5143
f 5143 5231 5144
f 5231 5232 5144
f 5144 5232 5145
f 5232 5233 5145
f 5145 5233 5146
f 5233 5234 5146
f 5146 5234 5147
f 5234 5235 5147
f 5147 5235 5148
f 5235 5236 5148
f 5148 5236 5149
f 5236 5237 5149
f 5149 5237 5150
f 5237 5238 5150
f 5150 5238 5151
f 5238 5239 5151
f 5151 5239 5152
f 5239 5240 5152
f 5152 5240 5153
f 5240 5241 5153
f 5153 5241 5154
f 5241 5242 5154
f 5154 5242 5155
f 5242 5243 5155
f 5155 5243 5156
f 5243 5244 5156
f 5156 5244 5157
f 5244 5245 5157
f 5157 5245 5158
f 5245 5246 5158
f 5158 5246 5159
f 5246 5247 5159
f 5159 5247 5160
f 5247 5248 5160
f 5160 5248 5161
f 5248 5249 5161
f 5161 5249 5162
f 5249 5250 5162
f 5162 5250 5163
f 5250 5251 5163
f 5163 5251 5164
f 5251 5252 5164
f 5164 5252 5165
f 5252 5253 5165
f 5165 5253 5166
f 5253 5254 5166
f 5166 5254 5167
f 5254 5255 5167
f 5167 5255 5168
f 5255 5256 5168
f 5168 5256 5169
f 5256 5257 5169
f 5169 5257 5170
f 5257 5258 5170
f 5170 5258 5171
f 5258 5259 5171
f 5171 5259 5172
f 5259 5260 5172
f 5172 5260 5173
f 5260 5261 5173
f 5173 5261 5174
f 5261 5262 5174
f 5174 5262 5175
f 5262 5263 5175
f 5175 5263 5176
f 5263 5264 5176
f 5176 5264 5177
f 5264 5265 5177
f 5177 5265 5178
f 5265 5266 5178
f 5178 5266 5179
f 5266 5267 5179
f 5179 5267 5180
f 5267 5268 5180
f 5180 5268 5181
f 5268 5269 5181
f 5181 5269 5182
f 5269 5270 5182
f 5182 5270 5183
f 5270 5271 5183
f 5183 5271 5184
f 5271 5272 5184
f 5184 5272 5185
f 5272 5273 5185
f 5185 5273 5186
f 5273 5274 5186
f 5186 5274 5187
f 5274 5275 5187
f 5187 5275 5188
f 5275 5276 5188
f 5188 5276 5189
f 5276 5277 5189
f 5189 5277 5190
f 5277 5278 5190
f 5190 5278 5191
f 5278 5279 5191
f 5191 5279 5192
f 5279 5280 5192
f 5192 5280 5193
f 5280 5281 5193
f 5193 5281 5194
f 5281 5282 5194
f 5194 5282 5195
f 5282 5283 5195
f 5195 5283 5196
f 5283 5284 5196
f 5196 5284 200
f 5284 202 200
f 201 203 5197
f 203 5285 5197
f 5197 5285 8736
f 8740 5286 5285
f 5198 8736 8737
f 5286 5287 8737
f 8737 5287 5199
f 5287 8742 8738
f 5200 8738 8739
f 5288 8743 8739
f 5201 5289 5202
f 5289 5290 5202
f 5202 5290 5203
f 5290 5291 5203
f 5203 5291 5204
f 5291 5292 5204
f 5204 5292 5205
f 5292 5293 5205
f 5205 5293 5206
f 5293 5294 5206
f 5206 5294 5207
f 5294 5295 5207
f 5207 5295 5208
f 5295 5296 5208
f 5208 5296 5209
f 5296 5297 5209
f 5209 5297 5210
f 5297 5298 5210
f 5210 5298 5211
f 5298 5299 5211
f 5211 5299 5212
f 5299 5300 5212
f 5212 5300 5213
f 5300 5301 5213
f 5213 5301 5214
f 5301 5302 5214
f 5214 5302 5215
f 5302 5303 5215
f 5215 5303 5216
f 5303 5304 5216
f 5216 5304 5217
f 5304 5305 5217
f 5217 5305 5218
f 5305 5306 5218
f 5218 5306 5219
f 5306 5307 5219
f 5219 5307 5220
f 5307 5308 5220
f 5220 5308 5221
f 5308 5309 5221
f 5221 5309 5222
f 5309 5310 5222
f 5222 5310 5223
f 5310 5311 5223
f 5223 5311 5224
f 5311 5312 5224
f 5224 5312 5225
f 5312 5313 5225
f 5225 5313 5226
f 5313 5314 5226
f 5226 5314 5227
f 5314 5315 5227
f 5227 5315 5228
f 5315 5316 5228
f 5228 5316 5229
f 5316 5317 5229
f 5229 5317 5230
f 5317 5318 5230
f 5230 5318 5231
f 5318 5319 5231
f 5231 5319 5232
f 5319 5320 5232
f 5232 5320 5233
f 5320 5321 5233
f 5233 5321 5234
f 5321 5322 5234
f 5234 5322 5235
f 5322 5323 5235
f 5235 5323 5236
f 5323 5324 5236
f 5236 5324 5237
f 5324 5325 5237
f 5237 5325 5238
f 5325 5326 5238
f 5238 5326 5239
f 5326 5327 5239
f 5239 5327 5240
f 5327 5328 5240
f 5240 5328 5241
f 5328 5329 5241
f 5241 5329 5242
f 5329 5330 5242
f 5242 5330 5243
f 5330 5331 5243
f 5243 5331 5244
f 5331 5332 5244
f 5244 5332 5245
f 5332 5333 5245
f 5245 5333 5246
f 5333 5334 5246
f 5246 5334 5247
f 5334 5335 5247
f 5247 5335 5248
f 5335 5336 5248
f 5248 5336 5249
f 5336 5337 5249
f 5249 5337 5250
f 5337 5338 5250
f 5250 5338 5251
f 5338 5339 5251
f 5251 5339 5252
f 5339 5340 5252
f 5252 5340 5253
f 5340 5341 5253
f 5253 5341 5254
f 5341 5342 5254
f 5254 5342 5255
f 5342 5343 5255
f 5255 5343 5256
f 5343 5344 5256
f 5256 5344 5257
f 5344 5345 5257
f 5257 5345 5258
f 5345 5346 5258
f 5258 5346 5259
f 5346 5347 5259
f 5259 5347 5260
f 5347 5348 5260
f 5260 5348 5261
f 5348 5349 5261
f 5261 5349 5262
f 5349 5350 5262
f 5262 5350 5263
f 5350 5351 5263
f 5263 5351 5264
f 5351 5352 5264
f 5264 5352 5265
f 5352 5353 5265
f 5265 5353 5266
f 5353 5354 5266
f 5266 5354 5267
f 5354 5355 5267
f 5267 5355 5268
f 5355 5356 5268
f 5268 5356 5269
f 5356 5357 5269
f 5269 5357 5270
f 5357 5358 5270
f 5270 5358 5271
f 5358 5359 5271
f 5271 5359 5272
f 5359 5360 5272
f 5272 5360 5273
f 5360 5361 5273
f 5273 5361 5274
f 5361 5362 5274
f 5274 5362 5275
f 5362 5363 5275
f 5275 5363 5276
f 5363 5364 5276
f 5276 5364 5277
f 5364 5365 5277
f 5277 5365 5278
f 5365 5366 5278
f 5278 5366 5279
f 5366 5367 5279
f 5279 5367 5280
f 5367 5368 5280
f 5280 5368 5281
f 5368 5369 5281
f 5281 5369 5282
f 5369 5370 5282
f 5282 5370 5283
f 5370 5371 5283
f 5283 5371 5284
f 5371 5372 5284
f 5284 5372 202
f 5372 204 202
f 203 205 5285
f 205 5373 5285
f 5285 5373 8740
f 5373 8745 8740
f 5286 8740 8741
f 5374 5375 8741
f 5287 8741 8742
f 8747 5376 5375
f 5376 8748 5288
f 8743 5288 8748
f 5289 8743 8744
f 5377 8749 8744
f 5290 5378 5291
f 5378 5379 5291
f 5291 5379 5292
f 5379 5380 5292
f 5292 5380 5293
f 5380 5381 5293
f 5293 5381 5294
f 5381 5382 5294
f 5294 5382 5295
f 5382 5383 5295
f 5295 5383 5296
f 5383 5384 5296
f 5296 5384 5297
f 5384 5385 5297
f 5297 5385 5298
f 5385 5386 5298
f 5298 5386 5299
f 5386 5387 5299
f 5299 5387 5300
f 5387 5388 5300
f 5300 5388 5301
f 5388 5389 5301
f 5301 5389 5302
f 5389 5390 5302
f 5302 5390 5303
f 5390 5391 5303
f 5303 5391 5304
f 5391 5392 5304
f 5304 5392 5305
f 5392 5393 5305
f 5305 5393 5306
f 5393 5394 5306
f 5306 5394 5307
f 5394 5395 5307
f 5307 5395 5308
f 5395 5396 5308
f 5308 5396 5309
f 5396 5397 5309
f 5309 5397 5310
f 5397 5398 5310
f 5310 5398 5311
f 5398 5399 5311
f 5311 5399 5312
f 5399 5400 5312
f 5312 5400 5313
f 5400 5401 5313
f 5313 5401 5314
f 5401 5402 5314
f 5314 5402 5315
f 5402 5403 5315
f 5315 5403 5316
f 5403 5404 5316
f 5316 5404 5317
f 5404 5405 5317
f 5317 5405 5318
f 5405 5406 5318
f 5318 5406 5319
f 5406 5407 5319
f 5319 5407 5320
f 5407 5408 5320
f 5320 5408 5321
f 5408 5409 5321
f 5321 5409 5322
f 5409 5410 5322
f 5322 5410 5323
f 5410 5411 5323
f 5323 5411 5324
f 5411 5412 5324
f 5324 5412 5325
f 5412 5413 5325
f 5325 5413 5326
f 5413 5414 5326
f 5326 5414 5327
f 5414 5415 5327
f 5327 5415 5328
f 5415 5416 5328
f 5328 5416 5329
f 5416 5417 5329
f 5329 5417 5330
f 5417 5418 5330
f 5330 5418 5331
f 5418 5419 5331
f 5331 5419 5332
f 5419 5420 5332
f 5332 5420 5333
f 5420 5421 5333
f 5333 5421 5334
f 5421 5422 5334
f 5334 5422 5335
f 5422 5423 5335
f 5335 5423 5336
f 5423 5424 5336
f 5336 5424 5337
f 5424 5425 5337
f 5337 5425 5338
f 5425 5426 5338
f 5338 5426 5339
f 5426 5427 5339
f 5339 5427 5340
f 5427 5428 5340
f 5340 5428 5341
f 5428 5429 5341
f 5341 5429 5342
f 5429 5430 5342
f 5342 5430 5343
f 5430 5431 5343
f 5343 5431 5344
f 5431 5432 5344
f 5344 5432 5345
f 5432 5433 5345
f 5345 5433 5346
f 5433 5434 5346
f 5346 5434 5347
f 5434 5435 5347
f 5347 5435 5348
f 5435 5436 5348
f 5348 5436 5349
f 5436 5437 5349
f 5349 5437 5350
f 5437 5438 5350
f 5350 5438 5351
f 5438 5439 5351
f 5351 5439 5352
f 5439 5440 5352
f 5352 5440 5353
f 5440 5441 5353
f 5353 5441 5354
f 5441 5442 5354
f 5354 5442 5355
f 5442 5443 5355
f 5355 5443 5356
f 5443 5444 5356
f 5356 5444 5357
f 5444 5445 5357
f 5357 5445 5358
f 5445 5446 5358
f 5358 5446 5359
f 5446 5447 5359
f 5359 5447 5360
f 5447 5448 5360
f 5360 5448 5361
f 5448 5449 5361
f 5361 5449 5362
f 5449 5450 5362
f 5362 5450 5363
f 5450 5451 5363
f 5363 5451 5364
f 5451 5452 5364
f 5364 5452 5365
f 5452 5453 5365
f 5365 5453 5366
f 5453 5454 5366
f 5366 5454 5367
f 5454 5455 5367
f 5367 5455 5368
f 5455 5456 5368
f 5368 5456 5369
f 5456 5457 5369
f 5369 5457 5370
f 5457 5458 5370
f 5370 5458 5371
f 5458 5459 5371
f 5371 5459 5372
f 5459 5460 5372
f 5372 5460 204
f 5460 206 204
f 205 207 5373
f 207 5461 5373
f 5373 5461 8745
f 5461 8751 8745
f 8745 5462 5374
f 5462 5463 8746
f 5375 8746 8747
f 5463 8753 8747
f 5464 8754 5376
f 8748 5376 8754
f 5465 8755 5377
f 8749 5377 8755
f 5378 8749 8750
f 5466 8756 8750
f 5379 5467 5380
f 5467 5468 5380
f 5380 5468 5381
f 5468 5469 5381
f 5381 5469 5382
f 5469 5470 5382
f 5382 5470 5383
f 5470 5471 5383
f 5383 5471 5384
f 5471 5472 5384
f 5384 5472 5385
f 5472 5473 5385
f 5385 5473 5386
f 5473 5474 5386
f 5386 5474 5387
f 5474 5475 5387
f 5387 5475 5388
f 5475 5476 5388
f 5388 5476 5389
f 5476 5477 5389
f 5389 5477 5390
f 5477 5478 5390
f 5390 5478 5391
f 5478 5479 5391
f 5391 5479 5392
f 5479 5480 5392
f 5392 5480 5393
f 5480 5481 5393
f 5393 5481 5394
f 5481 5482 5394
f 5394 5482 5395
f 5482 5483 5395
f 5395 5483 5396
f 5483 5484 5396
f 5396 5484 5397
f 5484 5485 5397
f 5397 5485 5398
f 5485 5486 5398
f 5398 5486 5399
f 5486 5487 5399
f 5399 5487 5400
f 5487 5488 5400
f 5400 5488 5401
f 5488 5489 5401
f 5401 5489 5402
f 5489 5490 5402
f 5402 5490 5403
f 5490 5491 5403
f 5403 5491 5404
f 5491 5492 5404
f 5404 5492 5405
f 5492 5493 5405
f 5405 5493 5406
f 5493 5494 5406
f 5406 5494 5407
f 5494 5495 5407
f 5407 5495 5408
f 5495 5496 5408
f 5408 5496 5409
f 5496 5497 5409
f 5409 5497 5410
f 5497 5498 5410
f 5410 5498 5411
f 5498 5499 5411
f 5411 5499 5412
f 5499 5500 5412
f 5412 5500 5413
f 5500 5501 5413
f 5413 5501 5414
f 5501 5502 5414
f 5414 5502 5415
f 5502 5503 5415
f 5415 5503 5416
f 5503 5504 5416
f 5416 5504 5417
f 5504 5505 5417
f 5417 5505 5418
f 5505 5506 5418
f 5418 5506 5419
f 5506 5507 5419
f 5419 5507 5420
f 5507 5508 5420
f 5420 5508 5421
f 5508 5509 5421
f 5421 5509 5422
f 5509 5510 5422
f 5422 5510 5423
f 5510 5511 5423
f 5423 5511 5424
f 5511 5512 5424
f 5424 5512 5425
f 5512 5513 5425
f 5425 5513 5426
f 5513 5514 5426
f 5426 5514 5427
f 5514 5515 5427
f 5427 5515 5428
f 5515 5516 5428
f 5428 5516 5429
f 5516 5517 5429
f 5429 5517 5430
f 5517 5518 5430
f 5430 5518 5431
f 5518 5519 5431
f 5431 5519 5432
f 5519 5520 5432
f 5432 5520 5433
f 5520 5521 5433
f 5433 5521 5434
f 5521 5522 5434
f 5434 5522 5435
f 5522 5523 5435
f 5435 5523 5436
f 5523 5524 5436
f 5436 5524 5437
f 5524 5525 5437
f 5437 5525 5438
f 5525 5526 5438
f 5438 5526 5439
f 5526 5527 5439
f 5439 5527 5440
f 5527 5528 5440
f 5440 5528 5441
f 5528 5529 5441
f 5441 5529 5442
f 5529 5530 5442
f 5442 5530 5443
f 5530 5531 5443
f 5443 5531 5444
f 5531 5532 5444
f 5444 5532 5445
f 5532 5533 5445
f 5445 5533 5446
f 5533 5534 5446
f 5446 5534 5447
f 5534 5535 5447
f 5447 5535 5448
f 5535 5536 5448
f 5448 5536 5449
f 5536 5537 5449
f 5449 5537 5450
f 5537 5538 5450
f 5450 5538 5451
f 5538 5539 5451
f 5451 5539 5452
f 5539 5540 5452
f 5452 5540 5453
f 5540 5541 5453
f 5453 5541 5454
f 5541 5542 5454
f 5454 5542 5455
f 5542 5543 5455
f 5455 5543 5456
f 5543 5544 5456
f 5456 5544 5457
f 5544 5545 5457
f 5457 5545 5458
f 5545 5546 5458
f 5458 5546 5459
f 5546 5547 5459
f 5459 5547 5460
f 5547 5548 5460
f 5460 5548 206
f 5548 208 206
f 207 209 5461
f 209 5549 5461
f 5461 5549 8751
f 8758 5550 5549
f 5462 8751 8752
f 5550 5551 8752
f 8752 5551 5463
f 5551 8760 8753
f 5552 8761 5464
f 8754 5464 8761
f 5553 8762 5465
f 8755 5465 8762
f 5554 8763 5466
f 8756 5466 8763
f 5467 8756 8757
f 5555 8764 8757
f 5468 5556 5469
f 5556 5557 5469
f 5469 5557 5470
f 5557 5558 5470
f 5470 5558 5471
f 5558 5559 5471
f 5471 5559 5472
f 5559 5560 5472
f 5472 5560 5473
f 5560 5561 5473
f 5473 5561 5474
f 5561 5562 5474
f 5474 5562 5475
f 5562 5563 5475
f 5475 5563 5476
f 5563 5564 5476
f 5476 5564 5477
f 5564 5565 5477
f 5477 5565 5478
f 5565 5566 5478
f 5478 5566 5479
f 5566 5567 5479
f 5479 5567 5480
f 5567 5568 5480
f 5480 5568 5481
f 5568 5569 5481
f 5481 5569 5482
f 5569 5570 5482
f 5482 5570 5483
f 5570 5571 5483
f 5483 5571 5484
f 5571 5572 5484
f 5484 5572 5485
f 5572 5573 5485
f 5485 5573 5486
f 5573 5574 5486
f 5486 5574 5487
f 5574 5575 5487
f 5487 5575 5488
f 5575 5576 5488
f 5488 5576 5489
f 5576 5577 5489
f 5489 5577 5490
f 5577 5578 5490
f 5490 5578 5491
f 5578 5579 5491
f 5491 5579 5492
f 5579 5580 5492
f 5492 5580 5493
f 5580 5581 5493
f 5493 5581 5494
f 5581 5582 5494
f 5494 5582 5495
f 5582 5583 5495
f 5495 5583 5496
f 5583 5584 5496
f 5496 5584 5497
f 5584 5585 5497
f 5497 5585 5498
f 5585 5586 5498
f 5498 5586 5499
f 5586 5587 5499
f 5499 5587 5500
f 5587 5588 5500
f 5500 5588 5501
f 5588 5589 5501
f 5501 5589 5502
f 5589 5590 5502
f 5502 5590 5503
f 5590 5591 5503
f 5503 5591 5504
f 5591 5592 5504
f 5504 5592 5505
f 5592 5593 5505
f 5505 5593 5506
f 5593 5594 5506
f 5506 5594 5507
f 5594 5595 5507
f 5507 5595 5508
f 5595 5596 5508
f 5508 5596 5509
f 5596 5597 5509
f 5509 5597 5510
f 5597 5598 5510
f 5510 5598 5511
f 5598 5599 5511
f 5511 5599 5512
f 5599 5600 5512
f 5512 5600 5513
f 5600 5601 5513
f 5513 5601 5514
f 5601 5602 5514
f 5514 5602 5515
f 5602 5603 5515
f 5515 5603 5516
f 5603 5604 5516
f 5516 5604 5517
f 5604 5605 5517
f 5517 5605 5518
f 5605 5606 5518
f 5518 5606 5519
f 5606 5607 5519
f 5519 5607 5520
f 5607 5608 5520
f 5520 5608 5521
f 5608 5609 5521
f 5521 5609 5522
f 5609 5610 5522
f 5522 5610 5523
f 5610 5611 5523
f 5523 5611 5524
f 5611 5612 5524
f 5524 5612 5525
f 5612 5613 5525
f 5525 5613 5526
f 5613 5614 5526
f 5526 5614 5527
f 5614 5615 5527
f 5527 5615 5528
f 5615 5616 5528
f 5528 5616 5529
f 5616 5617 5529
f 5529 5617 5530
f 5617 5618 5530
f 5530 5618 5531
f 5618 5619 5531
f 5531 5619 5532
f 5619 5620 5532
f 5532 5620 5533
f 5620 5621 5533
f 5533 5621 5534
f 5621 5622 5534
f 5534 5622 5535
f 5622 5623 5535
f 5535 5623 5536
f 5623 5624 5536
f 5536 5624 5537
f 5624 5625 5537
f 5537 5625 5538
f 5625 5626 5538
f 5538 5626 5539
f 5626 5627 5539
f 5539 5627 5540
f 5627 5628 5540
f 5540 5628 5541
f 5628 5629 5541
f 5541 5629 5542
f 5629 5630 5542
f 5542 5630 5543
f 5630 5631 5543
f 5543 5631 5544
f 5631 5632 5544
f 5544 5632 5545
f 5632 5633 5545
f 5545 5633 5546
f 5633 5634 5546
f 5546 5634 5547
f 5634 5635 5547
f 5547 5635 5548
f 5635 5636 5548
f 5548 5636 208
f 5636 210 208
f 209 211 5549
f 211 5637 5549
f 5549 5637 8758
f 5637 8766 8758
f 5550 8758 8759
f 5638 5639 8759
f 5551 8759 8760
f 8768 5640 5639
f 5640 8769 5552
f 8761 5552 8769
f 5641 8770 5553
f 8762 5553 8770
f 5642 8771 5554
f 8763 5554 8771
f 5643 8772 5555
f 8764 5555 8772
f 5556 8764 8765
f 5644 8773 8765
f 5557 5645 5558
f 5645 5646 5558
f 5558 5646 5559
f 5646 5647 5559
f 5559 5647 5560
f 5647 5648 5560
f 5560 5648 5561
f 5648 5649 5561
f 5561 5649 5562
f 5649 5650 5562
f 5562 5650 5563
f 5650 5651 5563
f 5563 5651 5564
f 5651 5652 5564
f 5564 5652 5565
f 5652 5653 5565
f 5565 5653 5566
f 5653 5654 5566
f 5566 5654 5567
f 5654 5655 5567
f 5567 5655 5568
f 5655 5656 5568
f 5568 5656 5569
f 5656 5657 5569
f 5569 5657 5570
f 5657 5658 5570
f 5570 5658 5571
f 5658 5659 5571
f 5571 5659 5572
f 5659 5660 5572
f 5572 5660 5573
f 5660 5661 5573
f 5573 5661 5574
f 5661 5662 5574
f 5574 5662 5575
f 5662 5663 5575
f 5575 5663 5576
f 5663 5664 5576
f 5576 5664 5577
f 5664 5665 5577
f 5577 5665 5578
f 5665 5666 5578
f 5578 5666 5579
f 5666 5667 5579
f 5579 5667 5580
f 5667 5668 5580
f 5580 5668 5581
f 5668 5669 5581
f 5581 5669 5582
f 5669 5670 5582
f 5582 5670 5583
f 5670 5671 5583
f 5583 5671 5584
f 5671 5672 5584
f 5584 5672 5585
f 5672 5673 5585
f 5585 5673 5586
f 5673 5674 5586
f 5586 5674 5587
f 5674 5675 5587
f 5587 5675 5588
f 5675 5676 5588
f 5588 5676 5589
f 5676 5677 5589
f 5589 5677 5590
f 5677 5678 5590
f 5590 5678 5591
f 5678 5679 5591
f 5591 5679 5592
f 5679 5680 5592
f 5592 5680 5593
f 5680 5681 5593
f 5593 5681 5594
f 5681 5682 5594
f 5594 5682 5595
f 5682 5683 5595
f 5595 5683 5596
f 5683 5684 5596
f 5596 5684 5597
f 5684 5685 5597
f 5597 5685 5598
f 5685 5686 5598
f 5598 5686 5599
f 5686 5687 5599
f 5599 5687 5600
f 5687 5688 5600
f 5600 5688 5601
f 5688 5689 5601
f 5601 5689 5602
f 5689 5690 5602
f 5602 5690 5603
f 5690 5691 5603
f 5603 5691 5604
f 5691 5692 5604
f 5604 5692 5605
f 5692 5693 5605
f 5605 5693 5606
f 5693 5694 5606
f 5606 5694 5607
f 5694 5695 5607
f 5607 5695 5608
f 5695 5696 5608
f 5608 5696 5609
f 5696 5697 5609
f 5609 5697 5610
f 5697 5698 5610
f 5610 5698 5611
f 5698 5699 5611
f 5611 5699 5612
f 5699 5700 5612
f 5612 5700 5613
f 5700 5701 5613
f 5613 5701 5614
f 5701 5702 5614
f 5614 5702 5615
f 5702 5703 5615
f 5615 5703 5616
f 5703 5704 5616
f 5616 5704 5617
f 5704 5705 5617
f 5617 5705 5618
f 5705 5706 5618
f 5618 5706 5619
f 5706 5707 5619
f 5619 5707 5620
f 5707 5708 5620
f 5620 5708 5621
f 5708 5709 5621
f 5621 5709 5622
f 5709 5710 5622
f 5622 5710 5623
f 5710 5711 5623
f 5623 5711 5624
f 5711 5712 5624
f 5624 5712 5625
f 5712 5713 5625
f 5625 5713 5626
f 5713 5714 5626
f 5626 5714 5627
f 5714 5715 5627
f 5627 5715 5628
f 5715 5716 5628
f 5628 5716 5629
f 5716 5717 5629
f 5629 5717 5630
f 5717 5718 5630
f 5630 5718 5631
f 5718 5719 5631
f 5631 5719 5632
f 5719 5720 5632
f 5632 5720 5633
f 5720 5721 5633
f 5633 5721 5634
f 5721 5722 5634
f 5634 5722 5635
f 5722 5723 5635
f 5635 5723 5636
f 5723 5724 5636
f 5636 5724 210
f 5724 212 210
f 211 213 5637
f 213 5725 5637
f 5637 5725 8766
f 5725 8775 8766
f 8766 5726 5638
f 5726 5727 8767
f 5639 8767 8768
f 5727 8777 8768
f 5728 8778 5640
f 8769 5640 8778
f 5729 8779 5641
f 8770 5641 8779
f 5730 8780 5642
f 8771 5642 8780
f 5731 8781 5643
f 8772 5643 8781
f 5732 8782 5644
f 8773 5644 8782
f 5645 8773 8774
f 5733 8783 8774
f 5646 5734 5647
f 5734 5735 5647
f 5647 5735 5648
f 5735 5736 5648
f 5648 5736 5649
f 5736 5737 5649
f 5649 5737 5650
f 5737 5738 5650
f 5650 5738 5651
f 5738 5739 5651
f 5651 5739 5652
f 5739 5740 5652
f 5652 5740 5653
f 5740 5741 5653
f 5653 5741 5654
f 5741 5742 5654
f 5654 5742 5655
f 5742 5743 5655
f 5655 5743 5656
f 5743 5744 5656
f 5656 5744 5657
f 5744 5745 5657
f 5657 5745 5658
f 5745 5746 5658
f 5658 5746 5659
f 5746 5747 5659
f 5659 5747 5660
f 5747 5748 5660
f 5660 5748 5661
f 5748 5749 5661
f 5661 5749 5662
f 5749 5750 5662
f 5662 5750 5663
f 5750 5751 5663
f 5663 5751 5664
f 5751 5752 5664
f 5664 5752 5665
f 5752 5753 5665
f 5665 5753 5666
f 5753 5754 5666
f 5666 5754 5667
f 5754 5755 5667
f 5667 5755 5668
f 5755 5756 5668
f 5668 5756 5669
f 5756 5757 5669
f 5669 5757 5670
f 5757 5758 5670
f 5670 5758 5671
f 5758 5759 5671
f 5671 5759 5672
f 5759 5760 5672
f 5672 5760 5673
f 5760 5761 5673
f 5673 5761 5674
f 5761 5762 5674
f 5674 5762 5675
f 5762 5763 5675
f 5675 5763 5676
f 5763 5764 5676
f 5676 5764 5677
f 5764 5765 5677
f 5677 5765 5678
f 5765 5766 5678
f 5678 5766 5679
f 5766 5767 5679
f 5679 5767 5680
f 5767 5768 5680
f 5680 5768 5681
f 5768 5769 5681
f 5681 5769 5682
f 5769 5770 5682
f 5682 5770 5683
f 5770 5771 5683
f 5683 5771 5684
f 5771 5772 5684
f 5684 5772 5685
f 5772 5773 5685
f 5685 5773 5686
f 5773 5774 5686
f 5686 5774 5687
f 5774 5775 5687
f 5687 5775 5688
f 5775 5776 5688
f 5688 5776 5689
f 5776 5777 5689
f 5689 5777 5690
f 5777 5778 5690
f 5690 5778 5691
f 5778 5779 5691
f 5691 5779 5692
f 5779 5780 5692
f 5692 5780 5693
f 5780 5781 5693
f 5693 5781 5694
f 5781 5782 5694
f 5694 5782 5695
f 5782 5783 5695
f 5695 5783 5696
f 5783 5784 5696
f 5696 5784 5697
f 5784 5785 5697
f 5697 5785 5698
f 5785 5786 5698
f 5698 5786 5699
f 5786 5787 5699
f 5699 5787 5700
f 5787 5788 5700
f 5700 5788 5701
f 5788 5789 5701
f 5701 5789 5702
f 5789 5790 5702
f 5702 5790 5703
f 5790 5791 5703
f 5703 5791 5704
f 5791 5792 5704
f 5704 5792 5705
f 5792 5793 5705
f 5705 5793 5706
f 5793 5794 5706
f 5706 5794 5707
f 5794 5795 5707
f 5707 5795 5708
f 5795 5796 5708
f 5708 5796 5709
f 5796 5797 5709
f 5709 5797 5710
f 5797 5798 5710
f 5710 5798 5711
f 5798 5799 5711
f 5711 5799 5712
f 5799 5800 5712
f 5712 5800 5713
f 5800 5801 5713
f 5713 5801 5714
f 5801 5802 5714
f 5714 5802 5715
f 5802 5803 5715
f 5715 5803 5716
f 5803 5804 5716
f 5716 5804 5717
f 5804 5805 5717
f 5717 5805 5718
f 5805 5806 5718
f 5718 5806 5719
f 5806 5807 5719
f 5719 5807 5720
f 5807 5808 5720
f 5720 5808 5721
f 5808 5809 5721
f 5721 5809 5722
f 5809 5810 5722
f 5722 5810 5723
f 5810 5811 5723
f 5723 5811 5724
f 5811 5812 5724
f 5724 5812 212
f 5812 214 212
f 213 215 5725
f 215 5813 5725
f 5725 5813 8775
f 8785 5814 5813
f 5726 8775 8776
f 5814 5815 8776
f 8776 5815 5727
f 5815 8787 8777
f 5816 8788 5728
f 8778 5728 8788
f 5817 8789 5729
f 8779 5729 8789
f 5818 8790 5730
f 8780 5730 8790
f 5819 8791 5731
f 8781 5731 8791
f 5820 8792 5732
f 8782 5732 8792
f 5821 8793 5733
f 8783 5733 8793
f 5734 8783 8784
f 5822 8794 8784
f 5735 5823 5736
f 5823 5824 5736
f 5736 5824 5737
f 5824 5825 5737
f 5737 5825 5738
f 5825 5826 5738
f 5738 5826 5739
f 5826 5827 5739
f 5739 5827 5740
f 5827 5828 5740
f 5740 5828 5741
f 5828 5829 5741
f 5741 5829 5742
f 5829 5830 5742
f 5742 5830 5743
f 5830 5831 5743
f 5743 5831 5744
f 5831 5832 5744
f 5744 5832 5745
f 5832 5833 5745
f 5745 5833 5746
f 5833 5834 5746
f 5746 5834 5747
f 5834 5835 5747
f 5747 5835 5748
f 5835 5836 5748
f 5748 5836 5749
f 5836 5837 5749
f 5749 5837 5750
f 5837 5838 5750
f 5750 5838 5751
f 5838 5839 5751
f 5751 5839 5752
f 5839 5840 5752
f 5752 5840 5753
f 5840 5841 5753
f 5753 5841 5754
f 5841 5842 5754
f 5754 5842 5755
f 5842 5843 5755
f 5755 5843 5756
f 5843 5844 5756
f 5756 5844 5757
f 5844 5845 5757
f 5757 5845 5758
f 5845 5846 5758
f 5758 5846 5759
f 5846 5847 5759
f 5759 5847 5760
f 5847 5848 5760
f 5760 5848 5761
f 5848 5849 5761
f 5761 5849 5762
f 5849 5850 5762
f 5762 5850 5763
f 5850 5851 5763
f 5763 5851 5764
f 5851 5852 5764
f 5764 5852 5765
f 5852 5853 5765
f 5765 5853 5766
f 5853 5854 5766
f 5766 5854 5767
f 5854 5855 5767
f 5767 5855 5768
f 5855 5856 5768
f 5768 5856 5769
f 5856 5857 5769
f 5769 5857 5770
f 5857 5858 5770
f 5770 5858 5771
f 5858 5859 5771
f 5771 5859 5772
f 5859 5860 5772
f 5772 5860 5773
f 5860 5861 5773
f 5773 5861 5774
f 5861 5862 5774
f 5774 5862 5775
f 5862 5863 5775
f 5775 5863 5776
f 5863 5864 5776
f 5776 5864 5777
f 5864 5865 5777
f 5777 5865 5778
f 5865 5866 5778
f 5778 5866 5779
f 5866 5867 5779
f 5779 5867 5780
f 5867 5868 5780
f 5780 5868 5781
f 5868 5869 5781
f 5781 5869 5782
f 5869 5870 5782
f 5782 5870 5783
f 5870 5871 5783
f 5783 5871 5784
f 5871 5872 5784
f 5784 5872 5785
f 5872 5873 5785
f 5785 5873 5786
f 5873 5874 5786
f 5786 5874 5787
f 5874 5875 5787
f 5787 5875 5788
f 5875 5876 5788
f 5788 5876 5789
f 5876 5877 5789
f 5789 5877 5790
f 5877 5878 5790
f 5790 5878 5791
f 5878 5879 5791
f 5791 5879 5792
f 5879 5880 5792
f 5792 5880 5793
f 5880 5881 5793
f 5793 5881 5794
f 5881 5882 5794
f 5794 5882 5795
f 5882 5883 5795
f 5795 5883 5796
f 5883 5884 5796
f 5796 5884 5797
f 5884 5885 5797
f 5797 5885 5798
f 5885 5886 5798
f 5798 5886 5799
f 5886 5887 5799
f 5799 5887 5800
f 5887 5888 5800
f 5800 5888 5801
f 5888 5889 5801
f 5801 5889 5802
f 5889 5890 5802
f 5802 5890 5803
f 5890 5891 5803
f 5803 5891 5804
f 5891 5892 5804
f 5804 5892 5805
f 5892 5893 5805
f 5805 5893 5806
f 5893 5894 5806
f 5806 5894 5807
f 5894 5895 5807
f 5807 5895 5808
f 5895 5896 5808
f 5808 5896 5809
f 5896 5897 5809
f 5809 5897 5810
f 5897 5898 5810
f 5810 5898 5811
f 5898 5899 5811
f 5811 5899 5812
f 5899 5900 5812
f 5812 5900 214
f 5900 216 214
f 215 217 5813
f 217 5901 5813
f 5813 5901 8785
f 5901 8796 8785
f 5814 8785 8786
f 5902 5903 8786
f 5815 8786 8787
f 8798 5904 5903
f 5904 8799 5816
f 8788 5816 8799
f 5905 8800 5817
f 8789 5817 8800
f 5906 8801 5818
f 8790 5818 8801
f 5907 8802 5819
f 8791 5819 8802
f 5908 8803 5820
f 8792 5820 8803
f 5909 8804 5821
f 8793 5821 8804
f 5910 8805 5822
f 8794 5822 8805
f 5823 8794 8795
f 5911 8806 8795
f 5824 5912 5825
f 5912 5913 5825
f 5825 5913 5826
f 5913 5914 5826
f 5826 5914 5827
f 5914 5915 5827
f 5827 5915 5828
f 5915 5916 5828
f 5828 5916 5829
f 5916 5917 5829
f 5829 5917 5830
f 5917 5918 5830
f 5830 5918 5831
f 5918 5919 5831
f 5831 5919 5832
f 5919 5920 5832
f 5832 5920 5833
f 5920 5921 5833
f 5833 5921 5834
f 5921 5922 5834
f 5834 5922 5835
f 5922 5923 5835
f 5835 5923 5836
f 5923 5924 5836
f 5836 5924 5837
f 5924 5925 5837
f 5837 5925 5838
f 5925 5926 5838
f 5838 5926 5839
f 5926 5927 5839
f 5839 5927 5840
f 5927 5928 5840
f 5840 5928 5841
f 5928 5929 5841
f 5841 5929 5842
f 5929 5930 5842
f 5842 5930 5843
f 5930 5931 5843
f 5843 5931 5844
f 5931 5932 5844
f 5844 5932 5845
f 5932 5933 5845
f 5845 5933 5846
f 5933 5934 5846
f 5846 5934 5847
f 5934 5935 5847
f 5847 5935 5848
f 5935 5936 5848
f 5848 5936 5849
f 5936 5937 5849
f 5849 5937 5850
f 5937 5938 5850
f 5850 5938 5851
f 5938 5939 5851
f 5851 5939 5852
f 5939 5940 5852
f 5852 5940 5853
f 5940 5941 5853
f 5853 5941 5854
f 5941 5942 5854
f 5854 5942 5855
f 5942 5943 5855
f 5855 5943 5856
f 5943 5944 5856
f 5856 5944 5857
f 5944 5945 5857
f 5857 5945 5858
f 5945 5946 5858
f 5858 5946 5859
f 5946 5947 5859
f 5859 5947 5860
f 5947 5948 5860
f 5860 5948 5861
f 5948 5949 5861
f 5861 5949 5862
f 5949 5950 5862
f 5862 5950 5863
f 5950 5951 5863
f 5863 5951 5864
f 5951 5952 5864
f 5864 5952 5865
f 5952 5953 5865
f 5865 5953 5866
f 5953 5954 5866
f 5866 5954 5867
f 5954 5955 5867
f 5867 5955 5868
f 5955 5956 5868
f 5868 5956 5869
f 5956 5957 5869
f 5869 5957 5870
f 5957 5958 5870
f 5870 5958 5871
f 5958 5959 5871
f 5871 5959 5872
f 5959 5960 5872
f 5872 5960 5873
f 5960 5961 5873
f 5873 5961 5874
f 5961 5962 5874
f 5874 5962 5875
f 5962 5963 5875
f 5875 5963 5876
f 5963 5964 5876
f 5876 5964 5877
f 5964 5965 5877
f 5877 5965 5878
f 5965 5966 5878
f 5878 5966 5879
f 5966 5967 5879
f 5879 5967 5880
f 5967 5968 5880
f 5880 5968 5881
f 5968 5969 5881
f 5881 5969 5882
f 5969 5970 5882
f 5882 5970 5883
f 5970 5971 5883
f 5883 5971 5884
f 5971 5972 5884
f 5884 5972 5885
f 5972 5973 5885
f 5885 5973 5886
f 5973 5974 5886
f 5886 5974 5887
f 5974 5975 5887
f 5887 5975 5888
f 5975 5976 5888
f 5888 5976 5889
f 5976 5977 5889
f 5889 5977 5890
f 5977 5978 5890
f 5890 5978 5891
f 5978 5979 5891
f 5891 5979 5892
f 5979 5980 5892
f 5892 5980 5893
f 5980 5981 5893
f 5893 5981 5894
f 5981 5982 5894
f 5894 5982 5895
f 5982 5983 5895
f 5895 5983 5896
f 5983 5984 5896
f 5896 5984 5897
f 5984 5985 5897
f 5897 5985 5898
f 5985 5986 5898
f 5898 5986 5899
f 5986 5987 5899
f 5899 5987 5900
f 5987 5988 5900
f 5900 5988 216
f 5988 218 216
f 217 219 5901
f 219 5989 5901
f 5901 5989 8796
f 5989 8808 8796
f 8796 5990 5902
f 5990 5991 8797
f 5903 8797 8798
f 5991 8810 8798
f 5992 8811 5904
f 8799 5904 8811
f 5993 8812 5905
f 8800 5905 8812
f 5994 8813 5906
f 8801 5906 8813
f 5995 8814 5907
f 8802 5907 8814
f 5996 8815 5908
f 8803 5908 8815
f 5997 8816 5909
f 8804 5909 8816
f 5998 8817 5910
f 8805 5910 8817
f 5999 8818 5911
f 8806 5911 8818
f 5912 8806 8807
f 6000 8819 8807
f 5913 6001 5914
f 6001 6002 5914
f 5914 6002 5915
f 6002 6003 5915
f 5915 6003 5916
f 6003 6004 5916
f 5916 6004 5917
f 6004 6005 5917
f 5917 6005 5918
f 6005 6006 5918
f 5918 6006 5919
f 6006 6007 5919
f 5919 6007 5920
f 6007 6008 5920
f 5920 6008 5921
f 6008 6009 5921
f 5921 6009 5922
f 6009 6010 5922
f 5922 6010 5923
f 6010 6011 5923
f 5923 6011 5924
f 6011 6012 5924
f 5924 6012 5925
f 6012 6013 5925
f 5925 6013 5926
f 6013 6014 5926
f 5926 6014 5927
f 6014 6015 5927
f 5927 6015 5928
f 6015 6016 5928
f 5928 6016 5929
f 6016 6017 5929
f 5929 6017 5930
f 6017 6018 5930
f 5930 6018 5931
f 6018 6019 5931
f 5931 6019 5932
f 6019 6020 5932
f 5932 6020 5933
f 6020 6021 5933
f 5933 6021 5934
f 6021 6022 5934
f 5934 6022 5935
f 6022 6023 5935
f 5935 6023 5936
f 6023 6024 5936
f 5936 6024 5937
f 6024 6025 5937
f 5937 6025 5938
f 6025 6026 5938
f 5938 6026 5939
f 6026 6027 5939
f 5939 6027 5940
f 6027 6028 5940
f 5940 6028 5941
f 6028 6029 5941
f 5941 6029 5942
f 6029 6030 5942
f 5942 6030 5943
f 6030 6031 5943
f 5943 6031 5944
f 6031 6032 5944
f 5944 6032 5945
f 6032 6033 5945
f 5945 6033 5946
f 6033 6034 5946
f 5946 6034 5947
f 6034 6035 5947
f 5947 6035 5948
f 6035 6036 5948
f 5948 6036 5949
f 6036 6037 5949
f 5949 6037 5950
f 6037 6038 5950
f 5950 6038 5951
f 6038 6039 5951
f 5951 6039 5952
f 6039 6040 5952
f 5952 6040 5953
f 6040 6041 5953
f 5953 6041 5954
f 6041 6042 5954
f 5954 6042 5955
f 6042 6043 5955
f 5955 6043 5956
f 6043 6044 5956
f 5956 6044 5957
f 6044 6045 5957
f 5957 6045 5958
f 6045 6046 5958
f 5958 6046 5959
f 6046 6047 5959
f 5959 6047 5960
f 6047 6048 5960
f 5960 6048 5961
f 6048 6049 5961
f 5961 6049 5962
f 6049 6050 5962
f 5962 6050 5963
f 6050 6051 5963
f 5963 6051 5964
f 6051 6052 5964
f 5964 6052 5965
f 6052 6053 5965
f 5965 6053 5966
f 6053 6054 5966
f 5966 6054 5967
f 6054 6055 5967
f 5967 6055 5968
f 6055 6056 5968
f 5968 6056 5969
f 6056 6057 5969
f 5969 6057 5970
f 6057 6058 5970
f 5970 6058 5971
f 6058 6059 5971
f 5971 6059 5972
f 6059 6060 5972
f 5972 6060 5973
f 6060 6061 5973
f 5973 6061 5974
f 6061 6062 5974
f 5974 6062 5975
f 6062 6063 5975
f 5975 6063 5976
f 6063 6064 5976
f 5976 6064 5977
f 6064 6065 5977
f 5977 6065 5978
f 6065 6066 5978
f 5978 6066 5979
f 6066 6067 5979
f 5979 6067 5980
f 6067 6068 5980
f 5980 6068 5981
f 6068 6069 5981
f 5981 6069 5982
f 6069 6070 5982
f 5982 6070 5983
f 6070 6071 5983
f 5983 6071 5984
f 6071 6072 5984
f 5984 6072 5985
f 6072 6073 5985
f 5985 6073 5986
f 6073 6074 5986
f 5986 6074 5987
f 6074 6075 5987
f 5987 6075 5988
f 6075 6076 5988
f 5988 6076 218
f 6076 220 218
f 219 221 5989
f 221 6077 5989
f 5989 6077 8808
f 8821 6078 6077
f 5990 8808 8809
f 6078 6079 8809
f 8809 6079 5991
f 6079 8823 8810
f 6080 8824 5992
f 8811 5992 8824
f 6081 8825 5993
f 8812 5993 8825
f 6082 8826 5994
f 8813 5994 8826
f 6083 8827 5995
f 8814 5995 8827
f 6084 8828 5996
f 8815 5996 8828
f 6085 8829 5997
f 8816 5997 8829
f 6086 8830 5998
f 8817 5998 8830
f 6087 8831 5999
f 8818 5999 8831
f 6088 8832 6000
f 8819 6000 8832
f 6001 8819 8820
f 6089 8833 8820
f 6002 6090 6003
f 6090 6091 6003
f 6003 6091 6004
f 6091 6092 6004
f 6004 6092 6005
f 6092 6093 6005
f 6005 6093 6006
f 6093 6094 6006
f 6006 6094 6007
f 6094 6095 6007
f 6007 6095 6008
f 6095 6096 6008
f 6008 6096 6009
f 6096 6097 6009
f 6009 6097 6010
f 6097 6098 6010
f 6010 6098 6011
f 6098 6099 6011
f 6011 6099 6012
f 6099 6100 6012
f 6012 6100 6013
f 6100 6101 6013
f 6013 6101 6014
f 6101 6102 6014
f 6014 6102 6015
f 6102 6103 6015
f 6015 6103 6016
f 6103 6104 6016
f 6016 6104 6017
f 6104 6105 6017
f 6017 6105 6018
f 6105 6106 6018
f 6018 6106 6019
f 6106 6107 6019
f 6019 6107 6020
f 6107 6108 6020
f 6020 6108 6021
f 6108 6109 6021
f 6021 6109 6022
f 6109 6110 6022
f 6022 6110 6023
f 6110 6111 6023
f 6023 6111 6024
f 6111 6112 6024
f 6024 6112 6025
f 6112 6113 6025
f 6025 6113 6026
f 6113 6114 6026
f 6026 6114 6027
f 6114 6115 6027
f 6027 6115 6028
f 6115 6116 6028
f 6028 6116 6029
f 6116 6117 6029
f 6029 6117 6030
f 6117 6118 6030
f 6030 6118 6031
f 6118 6119 6031
f 6031 6119 6032
f 6119 6120 6032
f 6032 6120 6033
f 6120 6121 6033
f 6033 6121 6034
f 6121 6122 6034
f 6034 6122 6035
f 6122 6123 6035
f 6035 6123 6036
f 6123 6124 6036
f 6036 6124 6037
f 6124 6125 6037
f 6037 6125 6038
f 6125 6126 6038
f 6038 6126 6039
f 6126 6127 6039
f 6039 6127 6040
f 6127 6128 6040
f 6040 6128 6041
f 6128 6129 6041
f 6041 6129 6042
f 6129 6130 6042
f 6042 6130 6043
f 6130 6131 6043
f 6043 6131 6044
f 6131 6132 6044
f 6044 6132 6045
f 6132 6133 6045
f 6045 6133 6046
f 6133 6134 6046
f 6046 6134 6047
f 6134 6135 6047
f 6047 6135 6048
f 6135 6136 6048
f 6048 6136 6049
f 6136 6137 6049
f 6049 6137 6050
f 6137 6138 6050
f 6050 6138 6051
f 6138 6139 6051
f 6051 6139 6052
f 6139 6140 6052
f 6052 6140 6053
f 6140 6141 6053
f 6053 6141 6054
f 6141 6142 6054
f 6054 6142 6055
f 6142 6143 6055
f 6055 6143 6056
f 6143 6144 6056
f 6056 6144 6057
f 6144 6145 6057
f 6057 6145 6058
f 6145 6146 6058
f 6058 6146 6059
f 6146 6147 6059
f 6059 6147 6060
f 6147 6148 6060
f 6060 6148 6061
f 6148 6149 6061
f 6061 6149 6062
f 6149 6150 6062
f 6062 6150 6063
f 6150 6151 6063
f 6063 6151 6064
f 6151 6152 6064
f 6064 6152 6065
f 6152 6153 6065
f 6065 6153 6066
f 6153 6154 6066
f 6066 6154 6067
f 6154 6155 6067
f 6067 6155 6068
f 6155 6156 6068
f 6068 6156 6069
f 6156 6157 6069
f 6069 6157 6070
f 6157 6158 6070
f 6070 6158 6071
f 6158 6159 6071
f 6071 6159 6072
f 6159 6160 6072
f 6072 6160 6073
f 6160 6161 6073
f 6073 6161 6074
f 6161 6162 6074
f 6074 6162 6075
f 6162 6163 6075
f 6075 6163 6076
f 6163 6164 6076
f 6076 6164 220
f 6164 222 220
f 221 223 6077
f 223 6165 6077
f 6077 6165 8821
f 6165 8835 8821
f 6078 8821 8822
f 6166 6167 8822
f 6079 8822 8823
f 8837 6168 6167
f 6168 8838 6080
f 8824 6080 8838
f 6169 8839 6081
f 8825 6081 8839
f 6170 8840 6082
f 8826 6082 8840
f 6171 8841 6083
f 8827 6083 8841
f 6172 8842 6084
f 8828 6084 8842
f 6173 8843 6085
f 8829 6085 8843
f 6174 8844 6086
f 8830 6086 8844
f 6175 8845 6087
f 8831 6087 8845
f 6176 8846 6088
f 8832 6088 8846
f 6177 8847 6089
f 8833 6089 8847
f 6090 8833 8834
f 6178 8848 8834
f 6091 6179 6092
f 6179 6180 6092
f 6092 6180 6093
f 6180 6181 6093
f 6093 6181 6094
f 6181 6182 6094
f 6094 6182 6095
f 6182 6183 6095
f 6095 6183 6096
f 6183 6184 6096
f 6096 6184 6097
f 6184 6185 6097
f 6097 6185 6098
f 6185 6186 6098
f 6098 6186 6099
f 6186 6187 6099
f 6099 6187 6100
f 6187 6188 6100
f 6100 6188 6101
f 6188 6189 6101
f 6101 6189 6102
f 6189 6190 6102
f 6102 6190 6103
f 6190 6191 6103
f 6103 6191 6104
f 6191 6192 6104
f 6104 6192 6105
f 6192 6193 6105
f 6105 6193 6106
f 6193 6194 6106
f 6106 6194 6107
f 6194 6195 6107
f 6107 6195 6108
f 6195 6196 6108
f 6108 6196 6109
f 6196 6197 6109
f 6109 6197 6110
f 6197 6198 6110
f 6110 6198 6111
f 6198 6199 6111
f 6111 6199 6112
f 6199 6200 6112
f 6112 6200 6113
f 6200 6201 6113
f 6113 6201 6114
f 6201 6202 6114
f 6114 6202 6115
f 6202 6203 6115
f 6115 6203 6116
f 6203 6204 6116
f 6116 6204 6117
f 6204 6205 6117
f 6117 6205 6118
f 6205 6206 6118
f 6118 6206 6119
f 6206 6207 6119
f 6119 6207 6120
f 6207 6208 6120
f 6120 6208 6121
f 6208 6209 6121
f 6121 6209 6122
f 6209 6210 6122
f 6122 6210 6123
f 6210 6211 6123
f 6123 6211 6124
f 6211 6212 6124
f 6124 6212 6125
f 6212 6213 6125
f 6125 6213 6126
f 6213 6214 6126
f 6126 6214 6127
f 6214 6215 6127
f 6127 6215 6128
f 6215 6216 6128
f 6128 6216 6129
f 6216 6217 6129
f 6129 6217 6130
f 6217 6218 6130
f 6130 6218 6131
f 6218 6219 6131
f 6131 6219 6132
f 6219 6220 6132
f 6132 6220 6133
f 6220 6221 6133
f 6133 6221 6134
f 6221 6222 6134
f 6134 6222 6135
f 6222 6223 6135
f 6135 6223 6136
f 6223 6224 6136
f 6136 6224 6137
f 6224 6225 6137
f 6137 6225 6138
f 6225 6226 6138
f 6138 6226 6139
f 6226 6227 6139
f 6139 6227 6140
f 6227 6228 6140
f 6140 6228 6141
f 6228 6229 6141
f 6141 6229 6142
f 6229 6230 6142
f 6142 6230 6143
f 6230 6231 6143
f 6143 6231 6144
f 6231 6232 6144
f 6144 6232 6145
f 6232 6233 6145
f 6145 6233 6146
f 6233 6234 6146
f 6146 6234 6147
f 6234 6235 6147
f 6147 6235 6148
f 6235 6236 6148
f 6148 6236 6149
f 6236 6237 6149
f 6149 6237 6150
f 6237 6238 6150
f 6150 6238 6151
f 6238 6239 6151
f 6151 6239 6152
f 6239 6240 6152
f 6152 6240 6153
f 6240 6241 6153
f 6153 6241 6154
f 6241 6242 6154
f 6154 6242 6155
f 6242 6243 6155
f 6155 6243 6156
f 6243 6244 6156
f 6156 6244 6157
f 6244 6245 6157
f 6157 6245 6158
f 6245 6246 6158
f 6158 6246 6159
f 6246 6247 6159
f 6159 6247 6160
f 6247 6248 6160
f 6160 6248 6161
f 6248 6249 6161
f 6161 6249 6162
f 6249 6250 6162
f 6162 6250 6163
f 6250 6251 6163
f 6163 6251 6164
f 6251 6252 6164
f 6164 6252 222
f 6252 224 222
f 223 225 6165
f 225 6253 6165
f 6165 6253 8835
f 6253 8850 8835
f 8835 6254 6166
f 6254 6255 8836
f 6167 8836 8837
f 6255 8852 8837
f 6256 8853 6168
f 8838 6168 8853
f 6257 8854 6169
f 8839 6169 8854
f 6258 8855 6170
f 8840 6170 8855
f 6259 8856 6171
f 8841 6171 8856
f 6260 8857 6172
f 8842 6172 8857
f 6261 8858 6173
f 8843 6173 8858
f 6262 8859 6174
f 8844 6174 8859
f 6263 8860 6175
f 8845 6175 8860
f 6264 8861 6176
f 8846 6176 8861
f 6265 8862 6177
f 8847 6177 8862
f 6266 8863 6178
f 8848 6178 8863
f 6179 8848 8849
f 6267 8864 8849
f 6180 6268 6181
f 6268 6269 6181
f 6181 6269 6182
f 6269 6270 6182
f 6182 6270 6183
f 6270 6271 6183
f 6183 6271 6184
f 6271 6272 6184
f 6184 6272 6185
f 6272 6273 6185
f 6185 6273 6186
f 6273 6274 6186
f 6186 6274 6187
f 6274 6275 6187
f 6187 6275 6188
f 6275 6276 6188
f 6188 6276 6189
f 6276 6277 6189
f 6189 6277 6190
f 6277 6278 6190
f 6190 6278 6191
f 6278 6279 6191
f 6191 6279 6192
f 6279 6280 6192
f 6192 6280 6193
f 6280 6281 6193
f 6193 6281 6194
f 6281 6282 6194
f 6194 6282 6195
f 6282 6283 6195
f 6195 6283 6196
f 6283 6284 6196
f 6196 6284 6197
f 6284 6285 6197
f 6197 6285 6198
f 6285 6286 6198
f 6198 6286 6199
f 6286 6287 6199
f 6199 6287 6200
f 6287 6288 6200
f 6200 6288 6201
f 6288 6289 6201
f 6201 6289 6202
f 6289 6290 6202
f 6202 6290 6203
f 6290 6291 6203
f 6203 6291 6204
f 6291 6292 6204
f 6204 6292 6205
f 6292 6293 6205
f 6205 6293 6206
f 6293 6294 6206
f 6206 6294 6207
f 6294 6295 6207
f 6207 6295 6208
f 6295 6296 6208
f 6208 6296 6209
f 6296 6297 6209
f 6209 6297 6210
f 6297 6298 6210
f 6210 6298 6211
f 6298 6299 6211
f 6211 6299 6212
f 6299 6300 6212
f 6212 6300 6213
f 6300 6301 6213
f 6213 6301 6214
f 6301 6302 6214
f 6214 6302 6215
f 6302 6303 6215
f 6215 6303 6216
f 6303 6304 6216
f 6216 6304 6217
f 6304 6305 6217
f 6217 6305 6218
f 6305 6306 6218
f 6218 6306 6219
f 6306 6307 6219
f 6219 6307 6220
f 6307 6308 6220
f 6220 6308 6221
f 6308 6309 6221
f 6221 6309 6222
f 6309 6310 6222
f 6222 6310 6223
f 6310 6311 6223
f 6223 6311 6224
f 6311 6312 6224
f 6224 6312 6225
f 6312 6313 6225
f 6225 6313 6226
f 6313 6314 6226
f 6226 6314 6227
f 6314 6315 6227
f 6227 6315 6228
f 6315 6316 6228
f 6228 6316 6229
f 6316 6317 6229
f 6229 6317 6230
f 6317 6318 6230
f 6230 6318 6231
f 6318 6319 6231
f 6231 6319 6232
f 6319 6320 6232
f 6232 6320 6233
f 6320 6321 6233
f 6233 6321 6234
f 6321 6322 6234
f 6234 6322 6235
f 6322 6323 6235
f 6235 6323 6236
f 6323 6324 6236
f 6236 6324 6237
f 6324 6325 6237
f 6237 6325 6238
f 6325 6326 6238
f 6238 6326 6239
f 6326 6327 6239
f 6239 6327 6240
f 6327 6328 6240
f 6240 6328 6241
f 6328 6329 6241
f 6241 6329 6242
f 6329 6330 6242
f 6242 6330 6243
f 6330 6331 6243
f 6243 6331 6244
f 6331 6332 6244
f 6244 6332 6245
f 6332 6333 6245
f 6245 6333 6246
f 6333 6334 6246
f 6246 6334 6247
f 6334 6335 6247
f 6247 6335 6248
f 6335 6336 6248
f 6248 6336 6249
f 6336 6337 6249
f 6249 6337 6250
f 6337 6338 6250
f 6250 6338 6251
f 6338 6339 6251
f 6251 6339 6252
f 6339 6340 6252
f 6252 6340 224
f 6340 226 224
f 225 227 6253
f 227 6341 6253
f 6253 6341 8850
f 8866 6342 6341
f 6254 8850 8851
f 6342 6343 8851
f 8851 6343 6255
f 6343 8868 8852
f 6344 8869 6256
f 8853 6256 8869
f 6345 8870 6257
f 8854 6257 8870
f 6346 8871 6258
f 8855 6258 8871
f 6347 8872 6259
f 8856 6259 8872
f 6348 8873 6260
f 8857 6260 8873
f 6349 8874 6261
f 8858 6261 8874
f 6350 8875 6262
f 8859 6262 8875
f 6351 8876 6263
f 8860 6263 8876
f 6352 8877 6264
f 8861 6264 8877
f 6353 8878 6265
f 8862 6265 8878
f 6354 8879 6266
f 8863 6266 8879
f 6355 8880 6267
f 8864 6267 8880
f 6268 8864 8865
f 6356 8881 8865
f 6269 6357 6270
f 6357 6358 6270
f 6270 6358 6271
f 6358 6359 6271
f 6271 6359 6272
f 6359 6360 6272
f 6272 6360 6273
f 6360 6361 6273
f 6273 6361 6274
f 6361 6362 6274
f 6274 6362 6275
f 6362 6363 6275
f 6275 6363 6276
f 6363 6364 6276
f 6276 6364 6277
f 6364 6365 6277
f 6277 6365 6278
f 6365 6366 6278
f 6278 6366 6279
f 6366 6367 6279
f 6279 6367 6280
f 6367 6368 6280
f 6280 6368 6281
f 6368 6369 6281
f 6281 6369 6282
f 6369 6370 6282
f 6282 6370 6283
f 6370 6371 6283
f 6283 6371 6284
f 6371 6372 6284
f 6284 6372 6285
f 6372 6373 6285
f 6285 6373 6286
f 6373 6374 6286
f 6286 6374 6287
f 6374 6375 6287
f 6287 6375 6288
f 6375 6376 6288
f 6288 6376 6289
f 6376 6377 6289
f 6289 6377 6290
f 6377 6378 6290
f 6290 6378 6291
f 6378 6379 6291
f 6291 6379 6292
f 6379 6380 6292
f 6292 6380 6293
f 6380 6381 6293
f 6293 6381 6294
f 6381 6382 6294
f 6294 6382 6295
f 6382 6383 6295
f 6295 6383 6296
f 6383 6384 6296
f 6296 6384 6297
f 6384 6385 6297
f 6297 6385 6298
f 6385 6386 6298
f 6298 6386 6299
f 6386 6387 6299
f 6299 6387 6300
f 6387 6388 6300
f 6300 6388 6301
f 6388 6389 6301
f 6301 6389 6302
f 6389 6390 6302
f 6302 6390 6303
f 6390 6391 6303
f 6303 6391 6304
f 6391 6392 6304
f 6304 6392 6305
f 6392 6393 6305
f 6305 6393 6306
f 6393 6394 6306
f 6306 6394 6307
f 6394 6395 6307
f 6307 6395 6308
f 6395 6396 6308
f 6308 6396 6309
f 6396 6397 6309
f 6309 6397 6310
f 6397 6398 6310
f 6310 6398 6311
f 6398 6399 6311
f 6311 6399 6312
f 6399 6400 6312
f 6312 6400 6313
f 6400 6401 6313
f 6313 6401 6314
f 6401 6402 6314
f 6314 6402 6315
f 6402 6403 6315
f 6315 6403 6316
f 6403 6404 6316
f 6316 6404 6317
f 6404 6405 6317
f 6317 6405 6318
f 6405 6406 6318
f 6318 6406 6319
f 6406 6407 6319
f 6319 6407 6320
f 6407 6408 6320
f 6320 6408 6321
f 6408 6409 6321
f 6321 6409 6322
f 6409 6410 6322
f 6322 6410 6323
f 6410 6411 6323
f 6323 6411 6324
f 6411 6412 6324
f 6324 6412 6325
f 6412 6413 6325
f 6325 6413 6326
f 6413 6414 6326
f 6326 6414 6327
f 6414 6415 6327
f 6327 6415 6328
f 6415 6416 6328
f 6328 6416 6329
f 6416 6417 6329
f 6329 6417 6330
f 6417 6418 6330
f 6330 6418 6331
f 6418 6419 6331
f 6331 6419 6332
f 6419 6420 6332
f 6332 6420 6333
f 6420 6421 6333
f 6333 6421 6334
f 6421 6422 6334
f 6334 6422 6335
f 6422 6423 6335
f 6335 6423 6336
f 6423 6424 6336
f 6336 6424 6337
f 6424 6425 6337
f 6337 6425 6338
f 6425 6426 6338
f 6338 6426 6339
f 6426 6427 6339
f 6339 6427 6340
f 6427 6428 6340
f 6340 6428 226
f 6428 228 226
f 227 229 6341
f 229 6429 6341
f 6341 6429 8866
f 6429 8883 8866
f 6342 8866 8867
f 6430 6431 8867
f 6343 8867 8868
f 8885 6432 6431
f 6432 8886 6344
f 8869 6344 8886
f 6433 8887 6345
f 8870 6345 8887
f 6434 8888 6346
f 8871 6346 8888
f 6435 8889 6347
f 8872 6347 8889
f 6436 8890 6348
f 8873 6348 8890
f 6437 8891 6349
f 8874 6349 8891
f 6438 8892 6350
f 8875 6350 8892
f 6439 8893 6351
f 8876 6351 8893
f 6440 8894 6352
f 8877 6352 8894
f 6441 8895 6353
f 8878 6353 8895
f 6442 8896 6354
f 8879 6354 8896
f 6443 8897 6355
f 8880 6355 8897
f 6444 8898 6356
f 8881 6356 8898
f 6357 8881 8882
f 6445 8899 8882
f 6358 6446 6359
f 6446 6447 6359
f 6359 6447 6360
f 6447 6448 6360
f 6360 6448 6361
f 6448 6449 6361
f 6361 6449 6362
f 6449 6450 6362
f 6362 6450 6363
f 6450 6451 6363
f 6363 6451 6364
f 6451 6452 6364
f 6364 6452 6365
f 6452 6453 6365
f 6365 6453 6366
f 6453 6454 6366
f 6366 6454 6367
f 6454 6455 6367
f 6367 6455 6368
f 6455 6456 6368
f 6368 6456 6369
f 6456 6457 6369
f 6369 6457 6370
f 6457 6458 6370
f 6370 6458 6371
f 6458 6459 6371
f 6371 6459 6372
f 6459 6460 6372
f 6372 6460 6373
f 6460 6461 6373
f 6373 6461 6374
f 6461 6462 6374
f 6374 6462 6375
f 6462 6463 6375
f 6375 6463 6376
f 6463 6464 6376
f 6376 6464 6377
f 6464 6465 6377
f 6377 6465 6378
f 6465 6466 6378
f 6378 6466 6379
f 6466 6467 6379
f 6379 6467 6380
f 6467 6468 6380
f 6380 6468 6381
f 6468 6469 6381
f 6381 6469 6382
f 6469 6470 6382
f 6382 6470 6383
f 6470 6471 6383
f 6383 6471 6384
f 6471 6472 6384
f 6384 6472 6385
f 6472 6473 6385
f 6385 6473 6386
f 6473 6474 6386
f 6386 6474 6387
f 6474 6475 6387
f 6387 6475 6388
f 6475 6476 6388
f 6388 6476 6389
f 6476 6477 6389
f 6389 6477 6390
f 6477 6478 6390
f 6390 6478 6391
f 6478 6479 6391
f 6391 6479 6392
f 6479 6480 6392
f 6392 6480 6393
f 6480 6481 6393
f 6393 6481 6394
f 6481 6482 6394
f 6394 6482 6395
f 6482 6483 6395
f 6395 6483 6396
f 6483 6484 6396
f 6396 6484 6397
f 6484 6485 6397
f 6397 6485 6398
f 6485 6486 6398
f 6398 6486 6399
f 6486 6487 6399
f 6399 6487 6400
f 6487 6488 6400
f 6400 6488 6401
f 6488 6489 6401
f 6401 6489 6402
f 6489 6490 6402
f 6402 6490 6403
f 6490 6491 6403
f 6403 6491 6404
f 6491 6492 6404
f 6404 6492 6405
f 6492 6493 6405
f 6405 6493 6406
f 6493 6494 6406
f 6406 6494 6407
f 6494 6495 6407
f 6407 6495 6408
f 6495 6496 6408
f 6408 6496 6409
f 6496 6497 6409
f 6409 6497 6410
f 6497 6498 6410
f 6410 6498 6411
f 6498 6499 6411
f 6411 6499 6412
f 6499 6500 6412
f 6412 6500 6413
f 6500 6501 6413
f 6413 6501 6414
f 6501 6502 6414
f 6414 6502 6415
f 6502 6503 6415
f 6415 6503 6416
f 6503 6504 6416
f 6416 6504 6417
f 6504 6505 6417
f 6417 6505 6418
f 6505 6506 6418
f 6418 6506 6419
f 6506 6507 6419
f 6419 6507 6420
f 6507 6508 6420
f 6420 6508 6421
f 6508 6509 6421
f 6421 6509 6422
f 6509 6510 6422
f 6422 6510 6423
f 6510 6511 6423
f 6423 6511 6424
f 6511 6512 6424
f 6424 6512 6425
f 6512 6513 6425
f 6425 6513 6426
f 6513 6514 6426
f 6426 6514 6427
f 6514 6515 6427
f 6427 6515 6428
f 6515 6516 6428
f 6428 6516 228
f 6516 230 228
f 229 231 6429
f 231 6517 6429
f 6429 6517 8883
f 6517 8901 8883
f 8883 6518 6430
f 6518 6519 8884
f 6431 8884 8885
f 6519 8903 8885
f 6520 8904 6432
f 8886 6432 8904
f 6521 8905 6433
f 8887 6433 8905
f 6522 8906 6434
f 8888 6434 8906
f 6523 8907 6435
f 8889 6435 8907
f 6524 8908 6436
f 8890 6436 8908
f 6525 8909 6437
f 8891 6437 8909
f 6526 8910 6438
f 8892 6438 8910
f 6527 8911 6439
f 8893 6439 8911
f 6528 8912 6440
f 8894 6440 8912
f 6529 8913 6441
f 8895 6441 8913
f 6530 8914 6442
f 8896 6442 8914
f 6531 8915 6443
f 8897 6443 8915
f 6532 8916 6444
f 8898 6444 8916
f 6533 8917 6445
f 8899 6445 8917
f 6446 8899 8900
f 6534 8918 8900
f 6447 6535 6448
f 6535 6536 6448
f 6448 6536 6449
f 6536 6537 6449
f 6449 6537 6450
f 6537 6538 6450
f 6450 6538 6451
f 6538 6539 6451
f 6451 6539 6452
f 6539 6540 6452
f 6452 6540 6453
f 6540 6541 6453
f 6453 6541 6454
f 6541 6542 6454
f 6454 6542 6455
f 6542 6543 6455
f 6455 6543 6456
f 6543 6544 6456
f 6456 6544 6457
f 6544 6545 6457
f 6457 6545 6458
f 6545 6546 6458
f 6458 6546 6459
f 6546 6547 6459
f 6459 6547 6460
f 6547 6548 6460
f 6460 6548 6461
f 6548 6549 6461
f 6461 6549 6462
f 6549 6550 6462
f 6462 6550 6463
f 6550 6551 6463
f 6463 6551 6464
f 6551 6552 6464
f 6464 6552 6465
f 6552 6553 6465
f 6465 6553 6466
f 6553 6554 6466
f 6466 6554 6467
f 6554 6555 6467
f 6467 6555 6468
f 6555 6556 6468
f 6468 6556 6469
f 6556 6557 6469
f 6469 6557 6470
f 6557 6558 6470
f 6470 6558 6471
f 6558 6559 6471
f 6471 6559 6472
f 6559 6560 6472
f 6472 6560 6473
f 6560 6561 6473
f 6473 6561 6474
f 6561 6562 6474
f 6474 6562 6475
f 6562 6563 6475
f 6475 6563 6476
f 6563 6564 6476
f 6476 6564 6477
f 6564 6565 6477
f 6477 6565 6478
f 6565 6566 6478
f 6478 6566 6479
f 6566 6567 6479
f 6479 6567 6480
f 6567 6568 6480
f 6480 6568 6481
f 6568 6569 6481
f 6481 6569 6482
f 6569 6570 6482
f 6482 6570 6483
f 6570 6571 6483
f 6483 6571 6484
f 6571 6572 6484
f 6484 6572 6485
f 6572 6573 6485
f 6485 6573 6486
f 6573 6574 6486
f 6486 6574 6487
f 6574 6575 6487
f 6487 6575 6488
f 6575 6576 6488
f 6488 6576 6489
f 6576 6577 6489
f 6489 6577 6490
f 6577 6578 6490
f 6490 6578 6491
f 6578 6579 6491
f 6491 6579 6492
f 6579 6580 6492
f 6492 6580 6493
f 6580 6581 6493
f 6493 6581 6494
f 6581 6582 6494
f 6494 6582 6495
f 6582 6583 6495
f 6495 6583 6496
f 6583 6584 6496
f 6496 6584 6497
f 6584 6585 6497
f 6497 6585 6498
f 6585 6586 6498
f 6498 6586 6499
f 6586 6587 6499
f 6499 6587 6500
f 6587 6588 6500
f 6500 6588 6501
f 6588 6589 6501
f 6501 6589 6502
f 6589 6590 6502
f 6502 6590 6503
f 6590 6591 6503
f 6503 6591 6504
f 6591 6592 6504
f 6504 6592 6505
f 6592 6593 6505
f 6505 6593 6506
f 6593 6594 6506
f 6506 6594 6507
f 6594 6595 6507
f 6507 6595 6508
f 6595 6596 6508
f 6508 6596 6509
f 6596 6597 6509
f 6509 6597 6510
f 6597 6598 6510
f 6510 6598 6511
f 6598 6599 6511
f 6511 6599 6512
f 6599 6600 6512
f 6512 6600 6513
f 6600 6601 6513
f 6513 6601 6514
f 6601 6602 6514
f 6514 6602 6515
f 6602 6603 6515
f 6515 6603 6516
f 6603 6604 6516
f 6516 6604 230
f 6604 232 230
f 231 233 6517
f 233 6605 6517
f 6517 6605 8901
f 8920 6606 6605
f 6518 8901 8902
f 6606 6607 8902
f 8902 6607 6519
f 6607 8922 8903
f 6608 8923 6520
f 8904 6520 8923
f 6609 8924 6521
f 8905 6521 8924
f 6610 8925 6522
f 8906 6522 8925
f 6611 8926 6523
f 8907 6523 8926
f 6612 8927 6524
f 8908 6524 8927
f 6613 8928 6525
f 8909 6525 8928
f 6614 8929 6526
f 8910 6526 8929
f 6615 8930 6527
f 8911 6527 8930
f 6616 8931 6528
f 8912 6528 8931
f 6617 8932 6529
f 8913 6529 8932
f 6618 8933 6530
f 8914 6530 8933
f 6619 8934 6531
f 8915 6531 8934
f 6620 8935 6532
f 8916 6532 8935
f 6621 8936 6533
f 8917 6533 8936
f 6622 8937 6534
f 8918 6534 8937
f 6535 8918 8919
f 6623 8938 8919
f 6536 6624 6537
f 6624 6625 6537
f 6537 6625 6538
f 6625 6626 6538
f 6538 6626 6539
f 6626 6627 6539
f 6539 6627 6540
f 6627 6628 6540
f 6540 6628 6541
f 6628 6629 6541
f 6541 6629 6542
f 6629 6630 6542
f 6542 6630 6543
f 6630 6631 6543
f 6543 6631 6544
f 6631 6632 6544
f 6544 6632 6545
f 6632 6633 6545
f 6545 6633 6546
f 6633 6634 6546
f 6546 6634 6547
f 6634 6635 6547
f 6547 6635 6548
f 6635 6636 6548
f 6548 6636 6549
f 6636 6637 6549
f 6549 6637 6550
f 6637 6638 6550
f 6550 6638 6551
f 6638 6639 6551
f 6551 6639 6552
f 6639 6640 6552
f 6552 6640 6553
f 6640 6641 6553
f 6553 6641 6554
f 6641 6642 6554
f 6554 6642 6555
f 6642 6643 6555
f 6555 6643 6556
f 6643 6644 6556
f 6556 6644 6557
f 6644 6645 6557
f 6557 6645 6558
f 6645 6646 6558
f 6558 6646 6559
f 6646 6647 6559
f 6559 6647 6560
f 6647 6648 6560
f 6560 6648 6561
f 6648 6649 6561
f 6561 6649 6562
f 6649 6650 6562
f 6562 6650 6563
f 6650 6651 6563
f 6563 6651 6564
f 6651 6652 6564
f 6564 6652 6565
f 6652 6653 6565
f 6565 6653 6566
f 6653 6654 6566
f 6566 6654 6567
f 6654 6655 6567
f 6567 6655 6568
f 6655 6656 6568
f 6568 6656 6569
f 6656 6657 6569
f 6569 6657 6570
f 6657 6658 6570
f 6570 6658 6571
f 6658 6659 6571
f 6571 6659 6572
f 6659 6660 6572
f 6572 6660 6573
f 6660 6661 6573
f 6573 6661 6574
f 6661 6662 6574
f 6574 6662 6575
f 6662 6663 6575
f 6575 6663 6576
f 6663 6664 6576
f 6576 6664 6577
f 6664 6665 6577
f 6577 6665 6578
f 6665 6666 6578
f 6578 6666 6579
f 6666 6667 6579
f 6579 6667 6580
f 6667 6668 6580
f 6580 6668 6581
f 6668 6669 6581
f 6581 6669 6582
f 6669 6670 6582
f 6582 6670 6583
f 6670 6671 6583
f 6583 6671 6584
f 6671 6672 6584
f 6584 6672 6585
f 6672 6673 6585
f 6585 6673 6586
f 6673 6674 6586
f 6586 6674 6587
f 6674 6675 6587
f 6587 6675 6588
f 6675 6676 6588
f 6588 6676 6589
f 6676 6677 6589
f 6589 6677 6590
f 6677 6678 6590
f 6590 6678 6591
f 6678 6679 6591
f 6591 6679 6592
f 6679 6680 6592
f 6592 6680 6593
f 6680 6681 6593
f 6593 6681 6594
f 6681 6682 6594
f 6594 6682 6595
f 6682 6683 6595
f 6595 6683 6596
f 6683 6684 6596
f 6596 6684 6597
f 6684 6685 6597
f 6597 6685 6598
f 6685 6686 6598
f 6598 6686 6599
f 6686 6687 6599
f 6599 6687 6600
f 6687 6688 6600
f 6600 6688 6601
f 6688 6689 6601
f 6601 6689 6602
f 6689 6690 6602
f 6602 6690 6603
f 6690 6691 6603
f 6603 6691 6604
f 6691 6692 6604
f 6604 6692 232
f 6692 234 232
f 233 235 6605
f 235 6693 6605
f 6605 6693 8920
f 6693 8940 8920
f 6606 8920 8921
f 6694 6695 8921
f 6607 8921 8922
f 8942 6696 6695
f 6696 8943 6608
f 8923 6608 8943
f 6697 8944 6609
f 8924 6609 8944
f 6698 8945 6610
f 8925 6610 8945
f 6699 8946 6611
f 8926 6611 8946
f 6700 8947 6612
f 8927 6612 8947
f 6701 8948 6613
f 8928 6613 8948
f 6702 8949 6614
f 8929 6614 8949
f 6703 8950 6615
f 8930 6615 8950
f 6704 8951 6616
f 8931 6616 8951
f 6705 8952 6617
f 8932 6617 8952
f 6706 8953 6618
f 8933 6618 8953
f 6707 8954 6619
f 8934 6619 8954
f 6708 8955 6620
f 8935 6620 8955
f 6709 8956 6621
f 8936 6621 8956
f 6710 8957 6622
f 8937 6622 8957
f 6711 8958 6623
f 8938 6623 8958
f 6624 8938 8939
f 6712 8959 8939
f 6625 6713 6626
f 6713 6714 6626
f 6626 6714 6627
f 6714 6715 6627
f 6627 6715 6628
f 6715 6716 6628
f 6628 6716 6629
f 6716 6717 6629
f 6629 6717 6630
f 6717 6718 6630
f 6630 6718 6631
f 6718 6719 6631
f 6631 6719 6632
f 6719 6720 6632
f 6632 6720 6633
f 6720 6721 6633
f 6633 6721 6634
f 6721 6722 6634
f 6634 6722 6635
f 6722 6723 6635
f 6635 6723 6636
f 6723 6724 6636
f 6636 6724 6637
f 6724 6725 6637
f 6637 6725 6638
f 6725 6726 6638
f 6638 6726 6639
f 6726 6727 6639
f 6639 6727 6640
f 6727 6728 6640
f 6640 6728 6641
f 6728 6729 6641
f 6641 6729 6642
f 6729 6730 6642
f 6642 6730 6643
f 6730 6731 6643
f 6643 6731 6644
f 6731 6732 6644
f 6644 6732 6645
f 6732 6733 6645
f 6645 6733 6646
f 6733 6734 6646
f 6646 6734 6647
f 6734 6735 6647
f 6647 6735 6648
f 6735 6736 6648
f 6648 6736 6649
f 6736 6737 6649
f 6649 6737 6650
f 6737 6738 6650
f 6650 6738 6651
f 6738 6739 6651
f 6651 6739 6652
f 6739 6740 6652
f 6652 6740 6653
f 6740 6741 6653
f 6653 6741 6654
f 6741 6742 6654
f 6654 6742 6655
f 6742 6743 6655
f 6655 6743 6656
f 6743 6744 6656
f 6656 6744 6657
f 6744 6745 6657
f 6657 6745 6658
f 6745 6746 6658
f 6658 6746 6659
f 6746 6747 6659
f 6659 6747 6660
f 6747 6748 6660
f 6660 6748 6661
f 6748 6749 6661
f 6661 6749 6662
f 6749 6750 6662
f 6662 6750 6663
f 6750 6751 6663
f 6663 6751 6664
f 6751 6752 6664
f 6664 6752 6665
f 6752 6753 6665
f 6665 6753 6666
f 6753 6754 6666
f 6666 6754 6667
f 6754 6755 6667
f 6667 6755 6668
f 6755 6756 6668
f 6668 6756 6669
f 6756 6757 6669
f 6669 6757 6670
f 6757 6758 6670
f 6670 6758 6671
f 6758 6759 6671
f 6671 6759 6672
f 6759 6760 6672
f 6672 6760 6673
f 6760 6761 6673
f 6673 6761 6674
f 6761 6762 6674
f 6674 6762 6675
f 6762 6763 6675
f 6675 6763 6676
f 6763 6764 6676
f 6676 6764 6677
f 6764 6765 6677
f 6677 6765 6678
f 6765 6766 6678
f 6678 6766 6679
f 6766 6767 6679
f 6679 6767 6680
f 6767 6768 6680
f 6680 6768 6681
f 6768 6769 6681
f 6681 6769 6682
f 6769 6770 6682
f 6682 6770 6683
f 6770 6771 6683
f 6683 6771 6684
f 6771 6772 6684
f 6684 6772 6685
f 6772 6773 6685
f 6685 6773 6686
f 6773 6774 6686
f 6686 6774 6687
f 6774 6775 6687
f 6687 6775 6688
f 6775 6776 6688
f 6688 6776 6689
f 6776 6777 6689
f 6689 6777 6690
f 6777 6778 6690
f 6690 6778 6691
f 6778 6779 6691
f 6691 6779 6692
f 6779 6780 6692
f 6692 6780 234
f 6780 236 234
f 235 237 6693
f 237 6781 6693
f 6693 6781 8940
f 6781 8961 8940
f 8940 6782 6694
f 6782 6783 8941
f 6695 8941 8942
f 6783 8963 8942
f 6784 8964 6696
f 8943 6696 8964
f 6785 8965 6697
f 8944 6697 8965
f 6786 8966 6698
f 8945 6698 8966
f 6787 8967 6699
f 8946 6699 8967
f 6788 8968 6700
f 8947 6700 8968
f 6789 8969 6701
f 8948 6701 8969
f 6790 8970 6702
f 8949 6702 8970
f 6791 8971 6703
f 8950 6703 8971
f 6792 8972 6704
f 8951 6704 8972
f 6793 8973 6705
f 8952 6705 8973
f 6794 8974 6706
f 8953 6706 8974
f 6795 8975 6707
f 8954 6707 8975
f 6796 8976 6708
f 8955 6708 8976
f 6797 8977 6709
f 8956 6709 8977
f 6798 8978 6710
f 8957 6710 8978
f 6799 8979 6711
f 8958 6711 8979
f 6800 8980 6712
f 8959 6712 8980
f 6713 8959 8960
f 6801 8981 8960
f 6714 6802 6715
f 6802 6803 6715
f 6715 6803 6716
f 6803 6804 6716
f 6716 6804 6717
f 6804 6805 6717
f 6717 6805 6718
f 6805 6806 6718
f 6718 6806 6719
f 6806 6807 6719
f 6719 6807 6720
f 6807 6808 6720
f 6720 6808 6721
f 6808 6809 6721
f 6721 6809 6722
f 6809 6810 6722
f 6722 6810 6723
f 6810 6811 6723
f 6723 6811 6724
f 6811 6812 6724
f 6724 6812 6725
f 6812 6813 6725
f 6725 6813 6726
f 6813 6814 6726
f 6726 6814 6727
f 6814 6815 6727
f 6727 6815 6728
f 6815 6816 6728
f 6728 6816 6729
f 6816 6817 6729
f 6729 6817 6730
f 6817 6818 6730
f 6730 6818 6731
f 6818 6819 6731
f 6731 6819 6732
f 6819 6820 6732
f 6732 6820 6733
f 6820 6821 6733
f 6733 6821 6734
f 6821 6822 6734
f 6734 6822 6735
f 6822 6823 6735
f 6735 6823 6736
f 6823 6824 6736
f 6736 6824 6737
f 6824 6825 6737
f 6737 6825 6738
f 6825 6826 6738
f 6738 6826 6739
f 6826 6827 6739
f 6739 6827 6740
f 6827 6828 6740
f 6740 6828 6741
f 6828 6829 6741
f 6741 6829 6742
f 6829 6830 6742
f 6742 6830 6743
f 6830 6831 6743
f 6743 6831 6744
f 6831 6832 6744
f 6744 6832 6745
f 6832 6833 6745
f 6745 6833 6746
f 6833 6834 6746
f 6746 6834 6747
f 6834 6835 6747
f 6747 6835 6748
f 6835 6836 6748
f 6748 6836 6749
f 6836 6837 6749
f 6749 6837 6750
f 6837 6838 6750
f 6750 6838 6751
f 6838 6839 6751
f 6751 6839 6752
f 6839 6840 6752
f 6752 6840 6753
f 6840 6841 6753
f 6753 6841 6754
f 6841 6842 6754
f 6754 6842 6755
f 6842 6843 6755
f 6755 6843 6756
f 6843 6844 6756
f 6756 6844 6757
f 6844 6845 6757
f 6757 6845 6758
f 6845 6846 6758
f 6758 6846 6759
f 6846 6847 6759
f 6759 6847 6760
f 6847 6848 6760
f 6760 6848 6761
f 6848 6849 6761
f 6761 6849 6762
f 6849 6850 6762
f 6762 6850 6763
f 6850 6851 6763
f 6763 6851 6764
f 6851 6852 6764
f 6764 6852 6765
f 6852 6853 6765
f 6765 6853 6766
f 6853 6854 6766
f 6766 6854 6767
f 6854 6855 6767
f 6767 6855 6768
f 6855 6856 6768
f 6768 6856 6769
f 6856 6857 6769
f 6769 6857 6770
f 6857 6858 6770
f 6770 6858 6771
f 6858 6859 6771
f 6771 6859 6772
f 6859 6860 6772
f 6772 6860 6773
f 6860 6861 6773
f 6773 6861 6774
f 6861 6862 6774
f 6774 6862 6775
f 6862 6863 6775
f 6775 6863 6776
f 6863 6864 6776
f 6776 6864 6777
f 6864 6865 6777
f 6777 6865 6778
f 6865 6866 6778
f 6778 6866 6779
f 6866 6867 6779
f 6779 6867 6780
f 6867 6868 6780
f 6780 6868 236
f 6868 238 236
f 237 239 6781
f 239 6869 6781
f 6781 6869 8961
f 8983 6870 6869
f 6782 8961 8962
f 6870 6871 8962
f 8962 6871 6783
f 6871 8985 8963
f 6872 8986 6784
f 8964 6784 8986
f 6873 8987 6785
f 8965 6785 8987
f 6874 8988 6786
f 8966 6786 8988
f 6875 8989 6787
f 8967 6787 8989
f 6876 8990 6788
f 8968 6788 8990
f 6877 8991 6789
f 8969 6789 8991
f 6878 8992 6790
f 8970 6790 8992
f 6879 8993 6791
f 8971 6791 8993
f 6880 8994 6792
f 8972 6792 8994
f 6881 8995 6793
f 8973 6793 8995
f 6882 8996 6794
f 8974 6794 8996
f 6883 8997 6795
f 8975 6795 8997
f 6884 8998 6796
f 8976 6796 8998
f 6885 8999 6797
f 8977 6797 8999
f 6886 9000 6798
f 8978 6798 9000
f 6887 9001 6799
f 8979 6799 9001
f 6888 9002 6800
f 8980 6800 9002
f 6889 9003 6801
f 8981 6801 9003
f 6802 8981 8982
f 6890 9004 8982
f 6803 6891 6804
f 6891 6892 6804
f 6804 6892 6805
f 6892 6893 6805
f 6805 6893 6806
f 6893 6894 6806
f 6806 6894 6807
f 6894 6895 6807
f 6807 6895 6808
f 6895 6896 6808
f 6808 6896 6809
f 6896 6897 6809
f 6809 6897 6810
f 6897 6898 6810
f 6810 6898 6811
f 6898 6899 6811
f 6811 6899 6812
f 6899 6900 6812
f 6812 6900 6813
f 6900 6901 6813
f 6813 6901 6814
f 6901 6902 6814
f 6814 6902 6815
f 6902 6903 6815
f 6815 6903 6816
f 6903 6904 6816
f 6816 6904 6817
f 6904 6905 6817
f 6817 6905 6818
f 6905 6906 6818
f 6818 6906 6819
f 6906 6907 6819
f 6819 6907 6820
f 6907 6908 6820
f 6820 6908 6821
f 6908 6909 6821
f 6821 6909 6822
f 6909 6910 6822
f 6822 6910 6823
f 6910 6911 6823
f 6823 6911 6824
f 6911 6912 6824
f 6824 6912 6825
f 6912 6913 6825
f 6825 6913 6826
f 6913 6914 6826
f 6826 6914 6827
f 6914 6915 6827
f 6827 6915 6828
f 6915 6916 6828
f 6828 6916 6829
f 6916 6917 6829
f 6829 6917 6830
f 6917 6918 6830
f 6830 6918 6831
f 6918 6919 6831
f 6831 6919 6832
f 6919 6920 6832
f 6832 6920 6833
f 6920 6921 6833
f 6833 6921 6834
f 6921 6922 6834
f 6834 6922 6835
f 6922 6923 6835
f 6835 6923 6836
f 6923 6924 6836
f 6836 6924 6837
f 6924 6925 6837
f 6837 6925 6838
f 6925 6926 6838
f 6838 6926 6839
f 6926 6927 6839
f 6839 6927 6840
f 6927 6928 6840
f 6840 6928 6841
f 6928 6929 6841
f 6841 6929 6842
f 6929 6930 6842
f 6842 6930 6843
f 6930 6931 6843
f 6843 6931 6844
f 6931 6932 6844
f 6844 6932 6845
f 6932 6933 6845
f 6845 6933 6846
f 6933 6934 6846
f 6846 6934 6847
f 6934 6935 6847
f 6847 6935 6848
f 6935 6936 6848
f 6848 6936 6849
f 6936 6937 6849
f 6849 6937 6850
f 6937 6938 6850
f 6850 6938 6851
f 6938 6939 6851
f 6851 6939 6852
f 6939 6940 6852
f 6852 6940 6853
f 6940 6941 6853
f 6853 6941 6854
f 6941 6942 6854
f 6854 6942 6855
f 6942 6943 6855
f 6855 6943 6856
f 6943 6944 6856
f 6856 6944 6857
f 6944 6945 6857
f 6857 6945 6858
f 6945 6946 6858
f 6858 6946 6859
f 6946 6947 6859
f 6859 6947 6860
f 6947 6948 6860
f 6860 6948 6861
f 6948 6949 6861
f 6861 6949 6862
f 6949 6950 6862
f 6862 6950 6863
f 6950 6951 6863
f 6863 6951 6864
f 6951 6952 6864
f 6864 6952 6865
f 6952 6953 6865
f 6865 6953 6866
f 6953 6954 6866
f 6866 6954 6867
f 6954 6955 6867
f 6867 6955 6868
f 6955 6956 6868
f 6868 6956 238
f 6956 240 238
f 239 241 6869
f 241 6957 6869
f 6869 6957 8983
f 6957 9006 8983
f 6870 8983 8984
f 6958 6959 8984
f 6871 8984 8985
f 9008 6960 6959
f 6960 9009 6872
f 8986 6872 9009
f 6961 9010 6873
f 8987 6873 9010
f 6962 9011 6874
f 8988 6874 9011
f 6963 9012 6875
f 8989 6875 9012
f 6964 9013 6876
f 8990 6876 9013
f 6965 9014 6877
f 8991 6877 9014
f 6966 9015 6878
f 8992 6878 9015
f 6967 9016 6879
f 8993 6879 9016
f 6968 9017 6880
f 8994 6880 9017
f 6969 9018 6881
f 8995 6881 9018
f 6970 9019 6882
f 8996 6882 9019
f 6971 9020 6883
f 8997 6883 9020
f 6972 9021 6884
f 8998 6884 9021
f 6973 9022 6885
f 8999 6885 9022
f 6974 9023 6886
f 9000 6886 9023
f 6975 9024 6887
f 9001 6887 9024
f 6976 9025 6888
f 9002 6888 9025
f 6977 9026 6889
f 9003 6889 9026
f 6978 9027 6890
f 9004 6890 9027
f 6891 9004 9005
f 6979 9028 9005
f 6892 6980 6893
f 6980 6981 6893
f 6893 6981 6894
f 6981 6982 6894
f 6894 6982 6895
f 6982 6983 6895
f 6895 6983 6896
f 6983 6984 6896
f 6896 6984 6897
f 6984 6985 6897
f 6897 6985 6898
f 6985 6986 6898
f 6898 6986 6899
f 6986 6987 6899
f 6899 6987 6900
f 6987 6988 6900
f 6900 6988 6901
f 6988 6989 6901
f 6901 6989 6902
f 6989 6990 6902
f 6902 6990 6903
f 6990 6991 6903
f 6903 6991 6904
f 6991 6992 6904
f 6904 6992 6905
f 6992 6993 6905
f 6905 6993 6906
f 6993 6994 6906
f 6906 6994 6907
f 6994 6995 6907
f 6907 6995 6908
f 6995 6996 6908
f 6908 6996 6909
f 6996 6997 6909
f 6909 6997 6910
f 6997 6998 6910
f 6910 6998 6911
f 6998 6999 6911
f 6911 6999 6912
f 6999 7000 6912
f 6912 7000 6913
f 7000 7001 6913
f 6913 7001 6914
f 7001 7002 6914
f 6914 7002 6915
f 7002 7003 6915
f 6915 7003 6916
f 7003 7004 6916
f 6916 7004 6917
f 7004 7005 6917
f 6917 7005 6918
f 7005 7006 6918
f 6918 7006 6919
f 7006 7007 6919
f 6919 7007 6920
f 7007 7008 6920
f 6920 7008 6921
f 7008 7009 6921
f 6921 7009 6922
f 7009 7010 6922
f 6922 7010 6923
f 7010 7011 6923
f 6923 7011 6924
f 7011 7012 6924
f 6924 7012 6925
f 7012 7013 6925
f 6925 7013 6926
f 7013 7014 6926
f 6926 7014 6927
f 7014 7015 6927
f 6927 7015 6928
f 7015 7016 6928
f 6928 7016 6929
f 7016 7017 6929
f 6929 7017 6930
f 7017 7018 6930
f 6930 7018 6931
f 7018 7019 6931
f 6931 7019 6932
f 7019 7020 6932
f 6932 7020 6933
f 7020 7021 6933
f 6933 7021 6934
f 7021 7022 6934
f 6934 7022 6935
f 7022 7023 6935
f 6935 7023 6936
f 7023 7024 6936
f 6936 7024 6937
f 7024 7025 6937
f 6937 7025 6938
f 7025 7026 6938
f 6938 7026 6939
f 7026 7027 6939
f 6939 7027 6940
f 7027 7028 6940
f 6940 7028 6941
f 7028 7029 6941
f 6941 7029 6942
f 7029 7030 6942
f 6942 7030 6943
f 7030 7031 6943
f 6943 7031 6944
f 7031 7032 6944
f 6944 7032 6945
f 7032 7033 6945
f 6945 7033 6946
f 7033 7034 6946
f 6946 7034 6947
f 7034 7035 6947
f 6947 7035 6948
f 7035 7036 6948
f 6948 7036 6949
f 7036 7037 6949
f 6949 7037 6950
f 7037 7038 6950
f 6950 7038 6951
f 7038 7039 6951
f 6951 7039 6952
f 7039 7040 6952
f 6952 7040 6953
f 7040 7041 6953
f 6953 7041 6954
f 7041 7042 6954
f 6954 7042 6955
f 7042 7043 6955
f 6955 7043 6956
f 7043 7044 6956
f 6956 7044 240
f 7044 242 240
f 241 243 6957
f 243 7045 6957
f 6957 7045 9006
f 7045 9030 9006
f 9006 7046 6958
f 7046 7047 9007
f 6959 9007 9008
f 7047 9032 9008
f 7048 9033 6960
f 9009 6960 9033
f 7049 9034 6961
f 9010 6961 9034
f 7050 9035 6962
f 9011 6962 9035
f 7051 9036 6963
f 9012 6963 9036
f 7052 9037 6964
f 9013 6964 9037
f 7053 9038 6965
f 9014 6965 9038
f 7054 9039 6966
f 9015 6966 9039
f 7055 9040 6967
f 9016 6967 9040
f 7056 9041 6968
f 9017 6968 9041
f 7057 9042 6969
f 9018 6969 9042
f 7058 9043 6970
f 9019 6970 9043
f 7059 9044 6971
f 9020 6971 9044
f 7060 9045 6972
f 9021 6972 9045
f 7061 9046 6973
f 9022 6973 9046
f 7062 9047 6974
f 9023 6974 9047
f 7063 9048 6975
f 9024 6975 9048
f 7064 9049 6976
f 9025 6976 9049
f 7065 9050 6977
f 9026 6977 9050
f 7066 9051 6978
f 9027 6978 9051
f 7067 9052 6979
f 9028 6979 9052
f 6980 9028 9029
f 7068 9053 9029
f 6981 7069 6982
f 7069 7070 6982
f 6982 7070 6983
f 7070 7071 6983
f 6983 7071 6984
f 7071 7072 6984
f 6984 7072 6985
f 7072 7073 6985
f 6985 7073 6986
f 7073 7074 6986
f 6986 7074 6987
f 7074 7075 6987
f 6987 7075 6988
f 7075 7076 6988
f 6988 7076 6989
f 7076 7077 6989
f 6989 7077 6990
f 7077 7078 6990
f 6990 7078 6991
f 7078 7079 6991
f 6991 7079 6992
f 7079 7080 6992
f 6992 7080 6993
f 7080 7081 6993
f 6993 7081 6994
f 7081 7082 6994
f 6994 7082 6995
f 7082 7083 6995
f 6995 7083 6996
f 7083 7084 6996
f 6996 7084 6997
f 7084 7085 6997
f 6997 7085 6998
f 7085 7086 6998
f 6998 7086 6999
f 7086 7087 6999
f 6999 7087 7000
f 7087 7088 7000
f 7000 7088 7001
f 7088 7089 7001
f 7001 7089 7002
f 7089 7090 7002
f 7002 7090 7003
f 7090 7091 7003
f 7003 7091 7004
f 7091 7092 7004
f 7004 7092 7005
f 7092 7093 7005
f 7005 7093 7006
f 7093 7094 7006
f 7006 7094 7007
f 7094 7095 7007
f 7007 7095 7008
f 7095 7096 7008
f 7008 7096 7009
f 7096 7097 7009
f 7009 7097 7010
f 7097 7098 7010
f 7010 7098 7011
f 7098 7099 7011
f 7011 7099 7012
f 7099 7100 7012
f 7012 7100 7013
f 7100 7101 7013
f 7013 7101 7014
f 7101 7102 7014
f 7014 7102 7015
f 7102 7103 7015
f 7015 7103 7016
f 7103 7104 7016
f 7016 7104 7017
f 7104 7105 7017
f 7017 7105 7018
f 7105 7106 7018
f 7018 7106 7019
f 7106 7107 7019
f 7019 7107 7020
f 7107 7108 7020
f 7020 7108 7021
f 7108 7109 7021
f 7021 7109 7022
f 7109 7110 7022
f 7022 7110 7023
f 7110 7111 7023
f 7023 7111 7024
f 7111 7112 7024
f 7024 7112 7025
f 7112 7113 7025
f 7025 7113 7026
f 7113 7114 7026
f 7026 7114 7027
f 7114 7115 7027
f 7027 7115 7028
f 7115 7116 7028
f 7028 7116 7029
f 7116 7117 7029
f 7029 7117 7030
f 7117 7118 7030
f 7030 7118 7031
f 7118 7119 7031
f 7031 7119 7032
f 7119 7120 7032
f 7032 7120 7033
f 7120 7121 7033
f 7033 7121 7034
f 7121 7122 7034
f 7034 7122 7035
f 7122 7123 7035
f 7035 7123 7036
f 7123 7124 7036
f 7036 7124 7037
f 7124 7125 7037
f 7037 7125 7038
f 7125 7126 7038
f 7038 7126 7039
f 7126 7127 7039
f 7039 7127 7040
f 7127 7128 7040
f 7040 7128 7041
f 7128 7129 7041
f 7041 7129 7042
f 7129 7130 7042
f 7042 7130 7043
f 7130 7131 7043
f 7043 7131 7044
f 7131 7132 7044
f 7044 7132 242
f 7132 244 242
f 243 245 7045
f 245 7133 7045
f 7045 7133 9030
f 9055 7134 7133
f 7046 9030 9031
f 7134 7135 9031
f 9031 7135 7047
f 7135 9057 9032
f 7136 9058 7048
f 9033 7048 9058
f 7137 9059 7049
f 9034 7049 9059
f 7138 9060 7050
f 9035 7050 9060
f 7139 9061 7051
f 9036 7051 9061
f 7140 9062 7052
f 9037 7052 9062
f 7141 9063 7053
f 9038 7053 9063
f 7142 9064 7054
f 9039 7054 9064
f 7143 9065 7055
f 9040 7055 9065
f 7144 9066 7056
f 9041 7056 9066
f 7145 9067 7057
f 9042 7057 9067
f 7146 9068 7058
f 9043 7058 9068
f 7147 9069 7059
f 9044 7059 9069
f 7148 9070 7060
f 9045 7060 9070
f 7149 9071 7061
f 9046 7061 9071
f 7150 9072 7062
f 9047 7062 9072
f 7151 9073 7063
f 9048 7063 9073
f 7152 9074 7064
f 9049 7064 9074
f 7153 9075 7065
f 9050 7065 9075
f 7154 9076 7066
f 9051 7066 9076
f 7155 9077 7067
f 9052 7067 9077
f 7156 9078 7068
f 9053 7068 9078
f 7069 9053 9054
f 7157 9079 9054
f 7070 7158 7071
f 7158 7159 7071
f 7071 7159 7072
f 7159 7160 7072
f 7072 7160 7073
f 7160 7161 7073
f 7073 7161 7074
f 7161 7162 7074
f 7074 7162 7075
f 7162 7163 7075
f 7075 7163 7076
f 7163 7164 7076
f 7076 7164 7077
f 7164 7165 7077
f 7077 7165 7078
f 7165 7166 7078
f 7078 7166 7079
f 7166 7167 7079
f 7079 7167 7080
f 7167 7168 7080
f 7080 7168 7081
f 7168 7169 7081
f 7081 7169 7082
f 7169 7170 7082
f 7082 7170 7083
f 7170 7171 7083
f 7083 7171 7084
f 7171 7172 7084
f 7084 7172 7085
f 7172 7173 7085
f 7085 7173 7086
f 7173 7174 7086
f 7086 7174 7087
f 7174 7175 7087
f 7087 7175 7088
f 7175 7176 7088
f 7088 7176 7089
f 7176 7177 7089
f 7089 7177 7090
f 7177 7178 7090
f 7090 7178 7091
f 7178 7179 7091
f 7091 7179 7092
f 7179 7180 7092
f 7092 7180 7093
f 7180 7181 7093
f 7093 7181 7094
f 7181 7182 7094
f 7094 7182 7095
f 7182 7183 7095
f 7095 7183 7096
f 7183 7184 7096
f 7096 7184 7097
f 7184 7185 7097
f 7097 7185 7098
f 7185 7186 7098
f 7098 7186 7099
f 7186 7187 7099
f 7099 7187 7100
f 7187 7188 7100
f 7100 7188 7101
f 7188 7189 7101
f 7101 7189 7102
f 7189 7190 7102
f 7102 7190 7103
f 7190 7191 7103
f 7103 7191 7104
f 7191 7192 7104
f 7104 7192 7105
f 7192 7193 7105
f 7105 7193 7106
f 7193 7194 7106
f 7106 7194 7107
f 7194 7195 7107
f 7107 7195 7108
f 7195 7196 7108
f 7108 7196 7109
f 7196 7197 7109
f 7109 7197 7110
f 7197 7198 7110
f 7110 7198 7111
f 7198 7199 7111
f 7111 7199 7112
f 7199 7200 7112
f 7112 7200 7113
f 7200 7201 7113
f 7113 7201 7114
f 7201 7202 7114
f 7114 7202 7115
f 7202 7203 7115
f 7115 7203 7116
f 7203 7204 7116
f 7116 7204 7117
f 7204 7205 7117
f 7117 7205 7118
f 7205 7206 7118
f 7118 7206 7119
f 7206 7207 7119
f 7119 7207 7120
f 7207 7208 7120
f 7120 7208 7121
f 7208 7209 7121
f 7121 7209 7122
f 7209 7210 7122
f 7122 7210 7123
f 7210 7211 7123
f 7123 7211 7124
f 7211 7212 7124
f 7124 7212 7125
f 7212 7213 7125
f 7125 7213 7126
f 7213 7214 7126
f 7126 7214 7127
f 7214 7215 7127
f 7127 7215 7128
f 7215 7216 7128
f 7128 7216 7129
f 7216 7217 7129
f 7129 7217 7130
f 7217 7218 7130
f 7130 7218 7131
f 7218 7219 7131
f 7131 7219 7132
f 7219 7220 7132
f 7132 7220 244
f 7220 246 244
f 245 247 7133
f 247 7221 7133
f 7133 7221 9055
f 7221 9081 9055
f 7134 9055 9056
f 7222 7223 9056
f 7135 9056 9057
f 9083 7224 7223
f 7224 9084 7136
f 9058 7136 9084
f 7225 9085 7137
f 9059 7137 9085
f 7226 9086 7138
f 9060 7138 9086
f 7227 9087 7139
f 9061 7139 9087
f 7228 9088 7140
f 9062 7140 9088
f 7229 9089 7141
f 9063 7141 9089
f 7230 9090 7142
f 9064 7142 9090
f 7231 9091 7143
f 9065 7143 9091
f 7232 9092 7144
f 9066 7144 9092
f 7233 9093 7145
f 9067 7145 9093
f 7234 9094 7146
f 9068 7146 9094
f 7235 9095 7147
f 9069 7147 9095
f 7236 9096 7148
f 9070 7148 9096
f 7237 9097 7149
f 9071 7149 9097
f 7238 9098 7150
f 9072 7150 9098
f 7239 9099 7151
f 9073 7151 9099
f 7240 9100 7152
f 9074 7152 9100
f 7241 9101 7153
f 9075 7153 9101
f 7242 9102 7154
f 9076 7154 9102
f 7243 9103 7155
f 9077 7155 9103
f 7244 9104 7156
f 9078 7156 9104
f 7245 9105 7157
f 9079 7157 9105
f 7158 9079 9080
f 7246 9106 9080
f 7159 7247 7160
f 7247 7248 7160
f 7160 7248 7161
f 7248 7249 7161
f 7161 7249 7162
f 7249 7250 7162
f 7162 7250 7163
f 7250 7251 7163
f 7163 7251 7164
f 7251 7252 7164
f 7164 7252 7165
f 7252 7253 7165
f 7165 7253 7166
f 7253 7254 7166
f 7166 7254 7167
f 7254 7255 7167
f 7167 7255 7168
f 7255 7256 7168
f 7168 7256 7169
f 7256 7257 7169
f 7169 7257 7170
f 7257 7258 7170
f 7170 7258 7171
f 7258 7259 7171
f 7171 7259 7172
f 7259 7260 7172
f 7172 7260 7173
f 7260 7261 7173
f 7173 7261 7174
f 7261 7262 7174
f 7174 7262 7175
f 7262 7263 7175
f 7175 7263 7176
f 7263 7264 7176
f 7176 7264 7177
f 7264 7265 7177
f 7177 7265 7178
f 7265 7266 7178
f 7178 7266 7179
f 7266 7267 7179
f 7179 7267 7180
f 7267 7268 7180
f 7180 7268 7181
f 7268 7269 7181
f 7181 7269 7182
f 7269 7270 7182
f 7182 7270 7183
f 7270 7271 7183
f 7183 7271 7184
f 7271 7272 7184
f 7184 7272 7185
f 7272 7273 7185
f 7185 7273 7186
f 7273 7274 7186
f 7186 7274 7187
f 7274 7275 7187
f 7187 7275 7188
f 7275 7276 7188
f 7188 7276 7189
f 7276 7277 7189
f 7189 7277 7190
f 7277 7278 7190
f 7190 7278 7191
f 7278 7279 7191
f 7191 7279 7192
f 7279 7280 7192
f 7192 7280 7193
f 7280 7281 7193
f 7193 7281 7194
f 7281 7282 7194
f 7194 7282 7195
f 7282 7283 7195
f 7195 7283 7196
f 7283 7284 7196
f 7196 7284 7197
f 7284 7285 7197
f 7197 7285 7198
f 7285 7286 7198
f 7198 7286 7199
f 7286 7287 7199
f 7199 7287 7200
f 7287 7288 7200
f 7200 7288 7201
f 7288 7289 7201
f 7201 7289 7202
f 7289 7290 7202
f 7202 7290 7203
f 7290 7291 7203
f 7203 7291 7204
f 7291 7292 7204
f 7204 7292 7205
f 7292 7293 7205
f 7205 7293 7206
f 7293 7294 7206
f 7206 7294 7207
f 7294 7295 7207
f 7207 7295 7208
f 7295 7296 7208
f 7208 7296 7209
f 7296 7297 7209
f 7209 7297 7210
f 7297 7298 7210
f 7210 7298 7211
f 7298 7299 7211
f 7211 7299 7212
f 7299 7300 7212
f 7212 7300 7213
f 7300 7301 7213
f 7213 7301 7214
f 7301 7302 7214
f 7214 7302 7215
f 7302 7303 7215
f 7215 7303 7216
f 7303 7304 7216
f 7216 7304 7217
f 7304 7305 7217
f 7217 7305 7218
f 7305 7306 7218
f 7218 7306 7219
f 7306 7307 7219
f 7219 7307 7220
f 7307 7308 7220
f 7220 7308 246
f 7308 248 246
f 247 249 7221
f 249 7309 7221
f 7221 7309 9081
f 7309 9108 9081
f 9081 7310 7222
f 7310 7311 9082
f 7223 9082 9083
f 7311 9110 9083
f 7312 9111 7224
f 9084 7224 9111
f 7313 9112 7225
f 9085 7225 9112
f 7314 9113 7226
f 9086 7226 9113
f 7315 9114 7227
f 9087 7227 9114
f 7316 9115 7228
f 9088 7228 9115
f 7317 9116 7229
f 9089 7229 9116
f 7318 9117 7230
f 9090 7230 9117
f 7319 9118 7231
f 9091 7231 9118
f 7320 9119 7232
f 9092 7232 9119
f 7321 9120 7233
f 9093 7233 9120
f 7322 9121 7234
f 9094 7234 9121
f 7323 9122 7235
f 9095 7235 9122
f 7324 9123 7236
f 9096 7236 9123
f 7325 9124 7237
f 9097 7237 9124
f 7326 9125 7238
f 9098 7238 9125
f 7327 9126 7239
f 9099 7239 9126
f 7328 9127 7240
f 9100 7240 9127
f 7329 9128 7241
f 9101 7241 9128
f 7330 9129 7242
f 9102 7242 9129
f 7331 9130 7243
f 9103 7243 9130
f 7332 9131 7244
f 9104 7244 9131
f 7333 9132 7245
f 9105 7245 9132
f 7334 9133 7246
f 9106 7246 9133
f 7247 9106 9107
f 7335 9134 9107
f 7248 7336 7249
f 7336 7337 7249
f 7249 7337 7250
f 7337 7338 7250
f 7250 7338 7251
f 7338 7339 7251
f 7251 7339 7252
f 7339 7340 7252
f 7252 7340 7253
f 7340 7341 7253
f 7253 7341 7254
f 7341 7342 7254
f 7254 7342 7255
f 7342 7343 7255
f 7255 7343 7256
f 7343 7344 7256
f 7256 7344 7257
f 7344 7345 7257
f 7257 7345 7258
f 7345 7346 7258
f 7258 7346 7259
f 7346 7347 7259
f 7259 7347 7260
f 7347 7348 7260
f 7260 7348 7261
f 7348 7349 7261
f 7261 7349 7262
f 7349 7350 7262
f 7262 7350 7263
f 7350 7351 7263
f 7263 7351 7264
f 7351 7352 7264
f 7264 7352 7265
f 7352 7353 7265
f 7265 7353 7266
f 7353 7354 7266
f 7266 7354 7267
f 7354 7355 7267
f 7267 7355 7268
f 7355 7356 7268
f 7268 7356 7269
f 7356 7357 7269
f 7269 7357 7270
f 7357 7358 7270
f 7270 7358 7271
f 7358 7359 7271
f 7271 7359 7272
f 7359 7360 7272
f 7272 7360 7273
f 7360 7361 7273
f 7273 7361 7274
f 7361 7362 7274
f 7274 7362 7275
f 7362 7363 7275
f 7275 7363 7276
f 7363 7364 7276
f 7276 7364 7277
f 7364 7365 7277
f 7277 7365 7278
f 7365 7366 7278
f 7278 7366 7279
f 7366 7367 7279
f 7279 7367 7280
f 7367 7368 7280
f 7280 7368 7281
f 7368 7369 7281
f 7281 7369 7282
f 7369 7370 7282
f 7282 7370 7283
f 7370 7371 7283
f 7283 7371 7284
f 7371 7372 7284
f 7284 7372 7285
f 7372 7373 7285
f 7285 7373 7286
f 7373 7374 7286
f 7286 7374 7287
f 7374 7375 7287
f 7287 7375 7288
f 7375 7376 7288
f 7288 7376 7289
f 7376 7377 7289
f 7289 7377 7290
f 7377 7378 7290
f 7290 7378 7291
f 7378 7379 7291
f 7291 7379 7292
f 7379 7380 7292
f 7292 7380 7293
f 7380 7381 7293
f 7293 7381 7294
f 7381 7382 7294
f 7294 7382 7295
f 7382 7383 7295
f 7295 7383 7296
f 7383 7384 7296
f 7296 7384 7297
f 7384 7385 7297
f 7297 7385 7298
f 7385 7386 7298
f 7298 7386 7299
f 7386 7387 7299
f 7299 7387 7300
f 7387 7388 7300
f 7300 7388 7301
f 7388 7389 7301
f 7301 7389 7302
f 7389 7390 7302
f 7302 7390 7303
f 7390 7391 7303
f 7303 7391 7304
f 7391 7392 7304
f 7304 7392 7305
f 7392 7393 7305
f 7305 7393 7306
f 7393 7394 7306
f 7306 7394 7307
f 7394 7395 7307
f 7307 7395 7308
f 7395 7396 7308
f 7308 7396 248
f 7396 250 248
f 249 251 7309
f 251 7397 7309
f 7309 7397 9108
f 9136 7398 7397
f 7310 9108 9109
f 7398 7399 9109
f 9109 7399 7311
f 7399 9138 9110
f 7400 9139 7312
f 9111 7312 9139
f 7401 9140 7313
f 9112 7313 9140
f 7402 9141 7314
f 9113 7314 9141
f 7403 9142 7315
f 9114 7315 9142
f 7404 9143 7316
f 9115 7316 9143
f 7405 9144 7317
f 9116 7317 9144
f 7406 9145 7318
f 9117 7318 9145
f 7407 9146 7319
f 9118 7319 9146
f 7408 9147 7320
f 9119 7320 9147
f 7409 9148 7321
f 9120 7321 9148
f 7410 9149 7322
f 9121 7322 9149
f 7411 9150 7323
f 9122 7323 9150
f 7412 9151 7324
f 9123 7324 9151
f 7413 9152 7325
f 9124 7325 9152
f 7414 9153 7326
f 9125 7326 9153
f 7415 9154 7327
f 9126 7327 9154
f 7416 9155 7328
f 9127 7328 9155
f 7417 9156 7329
f 9128 7329 9156
f 7418 9157 7330
f 9129 7330 9157
f 7419 9158 7331
f 9130 7331 9158
f 7420 9159 7332
f 9131 7332 9159
f 7421 9160 7333
f 9132 7333 9160
f 7422 9161 7334
f 9133 7334 9161
f 7423 9162 7335
f 9134 7335 9162
f 7336 9134 9135
f 7424 9163 9135
f 7337 7425 7338
f 7425 7426 7338
f 7338 7426 7339
f 7426 7427 7339
f 7339 7427 7340
f 7427 7428 7340
f 7340 7428 7341
f 7428 7429 7341
f 7341 7429 7342
f 7429 7430 7342
f 7342 7430 7343
f 7430 7431 7343
f 7343 7431 7344
f 7431 7432 7344
f 7344 7432 7345
f 7432 7433 7345
f 7345 7433 7346
f 7433 7434 7346
f 7346 7434 7347
f 7434 7435 7347
f 7347 7435 7348
f 7435 7436 7348
f 7348 7436 7349
f 7436 7437 7349
f 7349 7437 7350
f 7437 7438 7350
f 7350 7438 7351
f 7438 7439 7351
f 7351 7439 7352
f 7439 7440 7352
f 7352 7440 7353
f 7440 7441 7353
f 7353 7441 7354
f 7441 7442 7354
f 7354 7442 7355
f 7442 7443 7355
f 7355 7443 7356
f 7443 7444 7356
f 7356 7444 7357
f 7444 7445 7357
f 7357 7445 7358
f 7445 7446 7358
f 7358 7446 7359
f 7446 7447 7359
f 7359 7447 7360
f 7447 7448 7360
f 7360 7448 7361
f 7448 7449 7361
f 7361 7449 7362
f 7449 7450 7362
f 7362 7450 7363
f 7450 7451 7363
f 7363 7451 7364
f 7451 7452 7364
f 7364 7452 7365
f 7452 7453 7365
f 7365 7453 7366
f 7453 7454 7366
f 7366 7454 7367
f 7454 7455 7367
f 7367 7455 7368
f 7455 7456 7368
f 7368 7456 7369
f 7456 7457 7369
f 7369 7457 7370
f 7457 7458 7370
f 7370 7458 7371
f 7458 7459 7371
f 7371 7459 7372
f 7459 7460 7372
f 7372 7460 7373
f 7460 7461 7373
f 7373 7461 7374
f 7461 7462 7374
f 7374 7462 7375
f 7462 7463 7375
f 7375 7463 7376
f 7463 7464 7376
f 7376 7464 7377
f 7464 7465 7377
f 7377 7465 7378
f 7465 7466 7378
f 7378 7466 7379
f 7466 7467 7379
f 7379 7467 7380
f 7467 7468 7380
f 7380 7468 7381
f 7468 7469 7381
f 7381 7469 7382
f 7469 7470 7382
f 7382 7470 7383
f 7470 7471 7383
f 7383 7471 7384
f 7471 7472 7384
f 7384 7472 7385
f 7472 7473 7385
f 7385 7473 7386
f 7473 7474 7386
f 7386 7474 7387
f 7474 7475 7387
f 7387 7475 7388
f 7475 7476 7388
f 7388 7476 7389
f 7476 7477 7389
f 7389 7477 7390
f 7477 7478 7390
f 7390 7478 7391
f 7478 7479 7391
f 7391 7479 7392
f 7479 7480 7392
f 7392 7480 7393
f 7480 7481 7393
f 7393 7481 7394
f 7481 7482 7394
f 7394 7482 7395
f 7482 7483 7395
f 7395 7483 7396
f 7483 7484 7396
f 7396 7484 250
f 7484 252 250
f 251 253 7397
f 253 7485 7397
f 7397 7485 9136
f 7485 9165 9136
f 7398 9136 9137
f 7486 7487 9137
f 7399 9137 9138
f 9167 7488 7487
f 7488 9168 7400
f 9139 7400 9168
f 7489 9169 7401
f 9140 7401 9169
f 7490 9170 7402
f 9141 7402 9170
f 7491 9171 7403
f 9142 7403 9171
f 7492 9172 7404
f 9143 7404 9172
f 7493 9173 7405
f 9144 7405 9173
f 7494 9174 7406
f 9145 7406 9174
f 7495 9175 7407
f 9146 7407 9175
f 7496 9176 7408
f 9147 7408 9176
f 7497 9177 7409
f 9148 7409 9177
f 7498 9178 7410
f 9149 7410 9178
f 7499 9179 7411
f 9150 7411 9179
f 7500 9180 7412
f 9151 7412 9180
f 7501 9181 7413
f 9152 7413 9181
f 7502 9182 7414
f 9153 7414 9182
f 7503 9183 7415
f 9154 7415 9183
f 7504 9184 7416
f 9155 7416 9184
f 7505 9185 7417
f 9156 7417 9185
f 7506 9186 7418
f 9157 7418 9186
f 7507 9187 7419
f 9158 7419 9187
f 7508 9188 7420
f 9159 7420 9188
f 7509 9189 7421
f 9160 7421 9189
f 7510 9190 7422
f 9161 7422 9190
f 7511 9191 7423
f 9162 7423 9191
f 7512 9192 7424
f 9163 7424 9192
f 7425 9163 9164
f 7513 9193 9164
f 7426 7514 7427
f 7514 7515 7427
f 7427 7515 7428
f 7515 7516 7428
f 7428 7516 7429
f 7516 7517 7429
f 7429 7517 7430
f 7517 7518 7430
f 7430 7518 7431
f 7518 7519 7431
f 7431 7519 7432
f 7519 7520 7432
f 7432 7520 7433
f 7520 7521 7433
f 7433 7521 7434
f 7521 7522 7434
f 7434 7522 7435
f 7522 7523 7435
f 7435 7523 7436
f 7523 7524 7436
f 7436 7524 7437
f 7524 7525 7437
f 7437 7525 7438
f 7525 7526 7438
f 7438 7526 7439
f 7526 7527 7439
f 7439 7527 7440
f 7527 7528 7440
f 7440 7528 7441
f 7528 7529 7441
f 7441 7529 7442
f 7529 7530 7442
f 7442 7530 7443
f 7530 7531 7443
f 7443 7531 7444
f 7531 7532 7444
f 7444 7532 7445
f 7532 7533 7445
f 7445 7533 7446
f 7533 7534 7446
f 7446 7534 7447
f 7534 7535 7447
f 7447 7535 7448
f 7535 7536 7448
f 7448 7536 7449
f 7536 7537 7449
f 7449 7537 7450
f 7537 7538 7450
f 7450 7538 7451
f 7538 7539 7451
f 7451 7539 7452
f 7539 7540 7452
f 7452 7540 7453
f 7540 7541 7453
f 7453 7541 7454
f 7541 7542 7454
f 7454 7542 7455
f 7542 7543 7455
f 7455 7543 7456
f 7543 7544 7456
f 7456 7544 7457
f 7544 7545 7457
f 7457 7545 7458
f 7545 7546 7458
f 7458 7546 7459
f 7546 7547 7459
f 7459 7547 7460
f 7547 7548 7460
f 7460 7548 7461
f 7548 7549 7461
f 7461 7549 7462
f 7549 7550 7462
f 7462 7550 7463
f 7550 7551 7463
f 7463 7551 7464
f 7551 7552 7464
f 7464 7552 7465
f 7552 7553 7465
f 7465 7553 7466
f 7553 7554 7466
f 7466 7554 7467
f 7554 7555 7467
f 7467 7555 7468
f 7555 7556 7468
f 7468 7556 7469
f 7556 7557 7469
f 7469 7557 7470
f 7557 7558 7470
f 7470 7558 7471
f 7558 7559 7471
f 7471 7559 7472
f 7559 7560 7472
f 7472 7560 7473
f 7560 7561 7473
f 7473 7561 7474
f 7561 7562 7474
f 7474 7562 7475
f 7562 7563 7475
f 7475 7563 7476
f 7563 7564 7476
f 7476 7564 7477
f 7564 7565 7477
f 7477 7565 7478
f 7565 7566 7478
f 7478 7566 7479
f 7566 7567 7479
f 7479 7567 7480
f 7567 7568 7480
f 7480 7568 7481
f 7568 7569 7481
f 7481 7569 7482
f 7569 7570 7482
f 7482 7570 7483
f 7570 7571 7483
f 7483 7571 7484
f 7571 7572 7484
f 7484 7572 252
f 7572 254 252
f 253 255 7485
f 255 7573 7485
f 7485 7573 9165
f 7573 9195 9165
f 9165 7574 7486
f 7574 7575 9166
f 7487 9166 9167
f 7575 9197 9167
f 7576 9198 7488
f 9168 7488 9198
f 7577 9199 7489
f 9169 7489 9199
f 7578 9200 7490
f 9170 7490 9200
f 7579 9201 7491
f 9171 7491 9201
f 7580 9202 7492
f 9172 7492 9202
f 7581 9203 7493
f 9173 7493 9203
f 7582 9204 7494
f 9174 7494 9204
f 7583 9205 7495
f 9175 7495 9205
f 7584 9206 7496
f 9176 7496 9206
f 7585 9207 7497
f 9177 7497 9207
f 7586 9208 7498
f 9178 7498 9208
f 7587 9209 7499
f 9179 7499 9209
f 7588 9210 7500
f 9180 7500 9210
f 7589 9211 7501
f 9181 7501 9211
f 7590 9212 7502
f 9182 7502 9212
f 7591 9213 7503
f 9183 7503 9213
f 7592 9214 7504
f 9184 7504 9214
f 7593 9215 7505
f 9185 7505 9215
f 7594 9216 7506
f 9186 7506 9216
f 7595 9217 7507
f 9187 7507 9217
f 7596 9218 7508
f 9188 7508 9218
f 7597 9219 7509
f 9189 7509 9219
f 7598 9220 7510
f 9190 7510 9220
f 7599 9221 7511
f 9191 7511 9221
f 7600 9222 7512
f 9192 7512 9222
f 7601 9223 7513
f 9193 7513 9223
f 7514 9193 9194
f 7602 9224 9194
f 7515 7603 7516
f 7603 7604 7516
f 7516 7604 7517
f 7604 7605 7517
f 7517 7605 7518
f 7605 7606 7518
f 7518 7606 7519
f 7606 7607 7519
f 7519 7607 7520
f 7607 7608 7520
f 7520 7608 7521
f 7608 7609 7521
f 7521 7609 7522
f 7609 7610 7522
f 7522 7610 7523
f 7610 7611 7523
f 7523 7611 7524
f 7611 7612 7524
f 7524 7612 7525
f 7612 7613 7525
f 7525 7613 7526
f 7613 7614 7526
f 7526 7614 7527
f 7614 7615 7527
f 7527 7615 7528
f 7615 7616 7528
f 7528 7616 7529
f 7616 7617 7529
f 7529 7617 7530
f 7617 7618 7530
f 7530 7618 7531
f 7618 7619 7531
f 7531 7619 7532
f 7619 7620 7532
f 7532 7620 7533
f 7620 7621 7533
f 7533 7621 7534
f 7621 7622 7534
f 7534 7622 7535
f 7622 7623 7535
f 7535 7623 7536
f 7623 7624 7536
f 7536 7624 7537
f 7624 7625 7537
f 7537 7625 7538
f 7625 7626 7538
f 7538 7626 7539
f 7626 7627 7539
f 7539 7627 7540
f 7627 7628 7540
f 7540 7628 7541
f 7628 7629 7541
f 7541 7629 7542
f 7629 7630 7542
f 7542 7630 7543
f 7630 7631 7543
f 7543 7631 7544
f 7631 7632 7544
f 7544 7632 7545
f 7632 7633 7545
f 7545 7633 7546
f 7633 7634 7546
f 7546 7634 7547
f 7634 7635 7547
f 7547 7635 7548
f 7635 7636 7548
f 7548 7636 7549
f 7636 7637 7549
f 7549 7637 7550
f 7637 7638 7550
f 7550 7638 7551
f 7638 7639 7551
f 7551 7639 7552
f 7639 7640 7552
f 7552 7640 7553
f 7640 7641 7553
f 7553 7641 7554
f 7641 7642 7554
f 7554 7642 7555
f 7642 7643 7555
f 7555 7643 7556
f 7643 7644 7556
f 7556 7644 7557
f 7644 7645 7557
f 7557 7645 7558
f 7645 7646 7558
f 7558 7646 7559
f 7646 7647 7559
f 7559 7647 7560
f 7647 7648 7560
f 7560 7648 7561
f 7648 7649 7561
f 7561 7649 7562
f 7649 7650 7562
f 7562 7650 7563
f 7650 7651 7563
f 7563 7651 7564
f 7651 7652 7564
f 7564 7652 7565
f 7652 7653 7565
f 7565 7653 7566
f 7653 7654 7566
f 7566 7654 7567
f 7654 7655 7567
f 7567 7655 7568
f 7655 7656 7568
f 7568 7656 7569
f 7656 7657 7569
f 7569 7657 7570
f 7657 7658 7570
f 7570 7658 7571
f 7658 7659 7571
f 7571 7659 7572
f 7659 7660 7572
f 7572 7660 254
f 7660 256 254
f 255 257 7573
f 257 7661 7573
f 7573 7661 9195
f 9226 7662 7661
f 7574 9195 9196
f 7662 7663 9196
f 9196 7663 7575
f 7663 9228 9197
f 7664 9229 7576
f 9198 7576 9229
f 7665 9230 7577
f 9199 7577 9230
f 7666 9231 7578
f 9200 7578 9231
f 7667 9232 7579
f 9201 7579 9232
f 7668 9233 7580
f 9202 7580 9233
f 7669 9234 7581
f 9203 7581 9234
f 7670 9235 7582
f 9204 7582 9235
f 7671 9236 7583
f 9205 7583 9236
f 7672 9237 7584
f 9206 7584 9237
f 7673 9238 7585
f 9207 7585 9238
f 7674 9239 7586
f 9208 7586 9239
f 7675 9240 7587
f 9209 7587 9240
f 7676 9241 7588
f 9210 7588 9241
f 7677 9242 7589
f 9211 7589 9242
f 7678 9243 7590
f 9212 7590 9243
f 7679 9244 7591
f 9213 7591 9244
f 7680 9245 7592
f 9214 7592 9245
f 7681 9246 7593
f 9215 7593 9246
f 7682 9247 7594
f 9216 7594 9247
f 7683 9248 7595
f 9217 7595 9248
f 7684 9249 7596
f 9218 7596 9249
f 7685 9250 7597
f 9219 7597 9250
f 7686 9251 7598
f 9220 7598 9251
f 9221 7599 7687
f 7688 9252 7600
f 9222 7600 9252
f 7689 9253 7601
f 9223 7601 9253
f 7690 9254 7602
f 9224 7602 9254
f 7603 9224 9225
f 7691 9255 9225
f 7604 7692 7605
f 7692 7693 7605
f 7605 7693 7606
f 7693 7694 7606
f 7606 7694 7607
f 7694 7695 7607
f 7607 7695 7608
f 7695 7696 7608
f 7608 7696 7609
f 7696 7697 7609
f 7609 7697 7610
f 7697 7698 7610
f 7610 7698 7611
f 7698 7699 7611
f 7611 7699 7612
f 7699 7700 7612
f 7612 7700 7613
f 7700 7701 7613
f 7613 7701 7614
f 7701 7702 7614
f 7614 7702 7615
f 7702 7703 7615
f 7615 7703 7616
f 7703 7704 7616
f 7616 7704 7617
f 7704 7705 7617
f 7617 7705 7618
f 7705 7706 7618
f 7618 7706 7619
f 7706 7707 7619
f 7619 7707 7620
f 7707 7708 7620
f 7620 7708 7621
f 7708 7709 7621
f 7621 7709 7622
f 7709 7710 7622
f 7622 7710 7623
f 7710 7711 7623
f 7623 7711 7624
f 7711 7712 7624
f 7624 7712 7625
f 7712 7713 7625
f 7625 7713 7626
f 7713 7714 7626
f 7626 7714 7627
f 7714 7715 7627
f 7627 7715 7628
f 7715 7716 7628
f 7628 7716 7629
f 7716 7717 7629
f 7629 7717 7630
f 7717 7718 7630
f 7630 7718 7631
f 7718 7719 7631
f 7631 7719 7632
f 7719 7720 7632
f 7632 7720 7633
f 7720 7721 7633
f 7633 7721 7634
f 7721 7722 7634
f 7634 7722 7635
f 7722 7723 7635
f 7635 7723 7636
f 7723 7724 7636
f 7636 7724 7637
f 7724 7725 7637
f 7637 7725 7638
f 7725 7726 7638
f 7638 7726 7639
f 7726 7727 7639
f 7639 7727 7640
f 7727 7728 7640
f 7640 7728 7641
f 7728 7729 7641
f 7641 7729 7642
f 7729 7730 7642
f 7642 7730 7643
f 7730 7731 7643
f 7643 7731 7644
f 7731 7732 7644
f 7644 7732 7645
f 7732 7733 7645
f 7645 7733 7646
f 7733 7734 7646
f 7646 7734 7647
f 7734 7735 7647
f 7647 7735 7648
f 7735 7736 7648
f 7648 7736 7649
f 7736 7737 7649
f 7649 7737 7650
f 7737 7738 7650
f 7650 7738 7651
f 7738 7739 7651
f 7651 7739 7652
f 7739 7740 7652
f 7652 7740 7653
f 7740 7741 7653
f 7653 7741 7654
f 7741 7742 7654
f 7654 7742 7655
f 7742 7743 7655
f 7655 7743 7656
f 7743 7744 7656
f 7656 7744 7657
f 7744 7745 7657
f 7657 7745 7658
f 7745 7746 7658
f 7658 7746 7659
f 7746 7747 7659
f 7659 7747 7660
f 7747 7748 7660
f 7660 7748 256
f 7748 258 256
f 257 259 7661
f 259 7749 7661
f 7661 7749 9226
f 7749 9257 9226
f 7662 9226 9227
f 7750 7751 9227
f 7663 9227 9228
f 9258 7752 7751
f 7752 9259 7664
f 9229 7664 9259
f 7753 9260 7665
f 9230 7665 9260
f 7754 9261 7666
f 9231 7666 9261
f 7755 9262 7667
f 9232 7667 9262
f 7756 9263 7668
f 9233 7668 9263
f 7757 9264 7669
f 9234 7669 9264
f 7758 9265 7670
f 9235 7670 9265
f 7759 9266 7671
f 9236 7671 9266
f 7760 9267 7672
f 9237 7672 9267
f 7761 9268 7673
f 9238 7673 9268
f 7762 9269 7674
f 9239 7674 9269
f 7763 9270 7675
f 9240 7675 9270
f 7764 9271 7676
f 9241 7676 9271
f 7765 9272 7677
f 9242 7677 9272
f 7766 9273 7678
f 9243 7678 9273
f 7767 9274 7679
f 9244 7679 9274
f 7768 9275 7680
f 9245 7680 9275
f 7769 9276 7681
f 9246 7681 9276
f 7770 9277 7682
f 9247 7682 9277
f 7771 9278 7683
f 9248 7683 9278
f 7772 9279 7684
f 9249 7684 9279
f 7773 9280 7685
f 9250 7685 9280
f 7774 9281 7686
f 9251 7686 9281
f 7776 9282 7688
f 9252 7688 9282
f 7777 9283 7689
f 9253 7689 9283
f 7778 9284 7690
f 9254 7690 9284
f 7779 9285 7691
f 9255 7691 9285
f 7692 9255 9256
f 7780 9286 9256
f 7693 7781 7694
f 7781 7782 7694
f 7694 7782 7695
f 7782 7783 7695
f 7695 7783 7696
f 7783 7784 7696
f 7696 7784 7697
f 7784 7785 7697
f 7697 7785 7698
f 7785 7786 7698
f 7698 7786 7699
f 7786 7787 7699
f 7699 7787 7700
f 7787 7788 7700
f 7700 7788 7701
f 7788 7789 7701
f 7701 7789 7702
f 7789 7790 7702
f 7702 7790 7703
f 7790 7791 7703
f 7703 7791 7704
f 7791 7792 7704
f 7704 7792 7705
f 7792 7793 7705
f 7705 7793 7706
f 7793 7794 7706
f 7706 7794 7707
f 7794 7795 7707
f 7707 7795 7708
f 7795 7796 7708
f 7708 7796 7709
f 7796 7797 7709
f 7709 7797 7710
f 7797 7798 7710
f 7710 7798 7711
f 7798 7799 7711
f 7711 7799 7712
f 7799 7800 7712
f 7712 7800 7713
f 7800 7801 7713
f 7713 7801 7714
f 7801 7802 7714
f 7714 7802 7715
f 7802 7803 7715
f 7715 7803 7716
f 7803 7804 7716
f 7716 7804 7717
f 7804 7805 7717
f 7717 7805 7718
f 7805 7806 7718
f 7718 7806 7719
f 7806 7807 7719
f 7719 7807 7720
f 7807 7808 7720
f 7720 7808 7721
f 7808 7809 7721
f 7721 7809 7722
f 7809 7810 7722
f 7722 7810 7723
f 7810 7811 7723
f 7723 7811 7724
f 7811 7812 7724
f 7724 7812 7725
f 7812 7813 7725
f 7725 7813 7726
f 7813 7814 7726
f 7726 7814 7727
f 7814 7815 7727
f 7727 7815 7728
f 7815 7816 7728
f 7728 7816 7729
f 7816 7817 7729
f 7729 7817 7730
f 7817 7818 7730
f 7730 7818 7731
f 7818 7819 7731
f 7731 7819 7732
f 7819 7820 7732
f 7732 7820 7733
f 7820 7821 7733
f 7733 7821 7734
f 7821 7822 7734
f 7734 7822 7735
f 7822 7823 7735
f 7735 7823 7736
f 7823 7824 7736
f 7736 7824 7737
f 7824 7825 7737
f 7737 7825 7738
f 7825 7826 7738
f 7738 7826 7739
f 7826 7827 7739
f 7739 7827 7740
f 7827 7828 7740
f 7740 7828 7741
f 7828 7829 7741
f 7741 7829 7742
f 7829 7830 7742
f 7742 7830 7743
f 7830 7831 7743
f 7743 7831 7744
f 7831 7832 7744
f 7744 7832 7745
f 7832 7833 7745
f 7745 7833 7746
f 7833 7834 7746
f 7746 7834 7747
f 7834 7835 7747
f 7747 7835 7748
f 7835 7836 7748
f 7748 7836 258
f 7836 260 258
f 259 261 7749
f 261 7837 7749
f 7749 7837 9257
f 7837 9288 9257
f 9257 7838 7750
f 7838 7839 7750
f 7751 7750 9258
f 7839 9289 9258
f 7840 9290 7752
f 9259 7752 9290
f 7841 9291 7753
f 9260 7753 9291
f 7842 9292 7754
f 9261 7754 9292
f 7843 9293 7755
f 9262 7755 9293
f 7844 9294 7756
f 9263 7756 9294
f 7845 9295 7757
f 9264 7757 9295
f 7846 9296 7758
f 9265 7758 9296
f 7847 9297 7759
f 9266 7759 9297
f 7848 9298 7760
f 9267 7760 9298
f 7849 9299 7761
f 9268 7761 9299
f 7850 9300 7762
f 9269 7762 9300
f 7851 9301 7763
f 9270 7763 9301
f 7852 9302 7764
f 9271 7764 9302
f 7853 9303 7765
f 9272 7765 9303
f 7854 9304 7766
f 9273 7766 9304
f 7855 9305 7767
f 9274 7767 9305
f 7856 9306 7768
f 9275 7768 9306
f 7857 9307 7769
f 9276 7769 9307
f 7858 9308 7770
f 9277 7770 9308
f 7859 9309 7771
f 9278 7771 9309
f 7860 9310 7772
f 9279 7772 9310
f 7861 9311 7773
f 9280 7773 9311
f 7862 9312 7774
f 9281 7774 9312
f 7864 9313 7776
f 9282 7776 9313
f 7865 9314 7777
f 9283 7777 9314
f 9284 7778 7866
f 7867 9315 7779
f 9285 7779 9315
f 7868 9316 7780
f 9286 7780 9316
f 7781 9286 9287
f 7869 9317 9287
f 7782 7870 7783
f 7870 7871 7783
f 7783 7871 7784
f 7871 7872 7784
f 7784 7872 7785
f 7872 7873 7785
f 7785 7873 7786
f 7873 7874 7786
f 7786 7874 7787
f 7874 7875 7787
f 7787 7875 7788
f 7875 7876 7788
f 7788 7876 7789
f 7876 7877 7789
f 7789 7877 7790
f 7877 7878 7790
f 7790 7878 7791
f 7878 7879 7791
f 7791 7879 7792
f 7879 7880 7792
f 7792 7880 7793
f 7880 7881 7793
f 7793 7881 7794
f 7881 7882 7794
f 7794 7882 7795
f 7882 7883 7795
f 7795 7883 7796
f 7883 7884 7796
f 7796 7884 7797
f 7884 7885 7797
f 7797 7885 7798
f 7885 7886 7798
f 7798 7886 7799
f 7886 7887 7799
f 7799 7887 7800
f 7887 7888 7800
f 7800 7888 7801
f 7888 7889 7801
f 7801 7889 7802
f 7889 7890 7802
f 7802 7890 7803
f 7890 7891 7803
f 7803 7891 7804
f 7891 7892 7804
f 7804 7892 7805
f 7892 7893 7805
f 7805 7893 7806
f 7893 7894 7806
f 7806 7894 7807
f 7894 7895 7807
f 7807 7895 7808
f 7895 7896 7808
f 7808 7896 7809
f 7896 7897 7809
f 7809 7897 7810
f 7897 7898 7810
f 7810 7898 7811
f 7898 7899 7811
f 7811 7899 7812
f 7899 7900 7812
f 7812 7900 7813
f 7900 7901 7813
f 7813 7901 7814
f 7901 7902 7814
f 7814 7902 7815
f 7902 7903 7815
f 7815 7903 7816
f 7903 7904 7816
f 7816 7904 7817
f 7904 7905 7817
f 7817 7905 7818
f 7905 7906 7818
f 7818 7906 7819
f 7906 7907 7819
f 7819 7907 7820
f 7907 7908 7820
f 7820 7908 7821
f 7908 7909 7821
f 7821 7909 7822
f 7909 7910 7822
f 7822 7910 7823
f 7910 7911 7823
f 7823 7911 7824
f 7911 7912 7824
f 7824 7912 7825
f 7912 7913 7825
f 7825 7913 7826
f 7913 7914 7826
f 7826 7914 7827
f 7914 7915 7827
f 7827 7915 7828
f 7915 7916 7828
f 7828 7916 7829
f 7916 7917 7829
f 7829 7917 7830
f 7917 7918 7830
f 7830 7918 7831
f 7918 7919 7831
f 7831 7919 7832
f 7919 7920 7832
f 7832 7920 7833
f 7920 7921 7833
f 7833 7921 7834
f 7921 7922 7834
f 7834 7922 7835
f 7922 7923 7835
f 7835 7923 7836
f 7923 7924 7836
f 7836 7924 260
f 7924 262 260
f 261 263 7837
f 263 7925 7837
f 7837 7925 9288
f 7925 9319 9288
f 9288 7926 7838
f 7927 9321 9289
f 7928 9322 7840
f 9290 7840 9322
f 7929 9323 7841
f 9291 7841 9323
f 7930 9324 7842
f 9292 7842 9324
f 7931 9325 7843
f 9293 7843 9325
f 7932 9326 7844
f 9294 7844 9326
f 7933 9327 7845
f 9295 7845 9327
f 7934 9328 7846
f 9296 7846 9328
f 7935 9329 7847
f 9297 7847 9329
f 7936 9330 7848
f 9298 7848 9330
f 7937 9331 7849
f 9299 7849 9331
f 7938 9332 7850
f 9300 7850 9332
f 7939 9333 7851
f 9301 7851 9333
f 7940 9334 7852
f 9302 7852 9334
f 7941 9335 7853
f 9303 7853 9335
f 7942 9336 7854
f 9304 7854 9336
f 7943 9337 7855
f 9305 7855 9337
f 7944 9338 7856
f 9306 7856 9338
f 7945 9339 7857
f 9307 7857 9339
f 7946 9340 7858
f 9308 7858 9340
f 9309 7859 7947
f 7948 9341 7860
f 9310 7860 9341
f 7949 9342 7861
f 9311 7861 9342
f 7950 9343 7862
f 9312 7862 9343
f 7952 9344 7864
f 9313 7864 9344
f 7953 9345 7865
f 9314 7865 9345
f 7955 9346 7867
f 9315 7867 9346
f 7956 9347 7868
f 9316 7868 9347
f 7957 9348 7869
f 9317 7869 9348
f 7870 9317 9318
f 7958 9349 9318
f 7871 7959 7872
f 7959 7960 7872
f 7872 7960 7873
f 7960 7961 7873
f 7873 7961 7874
f 7961 7962 7874
f 7874 7962 7875
f 7962 7963 7875
f 7875 7963 7876
f 7963 7964 7876
f 7876 7964 7877
f 7964 7965 7877
f 7877 7965 7878
f 7965 7966 7878
f 7878 7966 7879
f 7966 7967 7879
f 7879 7967 7880
f 7967 7968 7880
f 7880 7968 7881
f 7968 7969 7881
f 7881 7969 7882
f 7969 7970 7882
f 7882 7970 7883
f 7970 7971 7883
f 7883 7971 7884
f 7971 7972 7884
f 7884 7972 7885
f 7972 7973 7885
f 7885 7973 7886
f 7973 7974 7886
f 7886 7974 7887
f 7974 7975 7887
f 7887 7975 7888
f 7975 7976 7888
f 7888 7976 7889
f 7976 7977 7889
f 7889 7977 7890
f 7977 7978 7890
f 7890 7978 7891
f 7978 7979 7891
f 7891 7979 7892
f 7979 7980 7892
f 7892 7980 7893
f 7980 7981 7893
f 7893 7981 7894
f 7981 7982 7894
f 7894 7982 7895
f 7982 7983 7895
f 7895 7983 7896
f 7983 7984 7896
f 7896 7984 7897
f 7984 7985 7897
f 7897 7985 7898
f 7985 7986 7898
f 7898 7986 7899
f 7986 7987 7899
f 7899 7987 7900
f 7987 7988 7900
f 7900 7988 7901
f 7988 7989 7901
f 7901 7989 7902
f 7989 7990 7902
f 7902 7990 7903
f 7990 7991 7903
f 7903 7991 7904
f 7991 7992 7904
f 7904 7992 7905
f 7992 7993 7905
f 7905 7993 7906
f 7993 7994 7906
f 7906 7994 7907
f 7994 7995 7907
f 7907 7995 7908
f 7995 7996 7908
f 7908 7996 7909
f 7996 7997 7909
f 7909 7997 7910
f 7997 7998 7910
f 7910 7998 7911
f 7998 7999 7911
f 7911 7999 7912
f 7999 8000 7912
f 7912 8000 7913
f 8000 8001 7913
f 7913 8001 7914
f 8001 8002 7914
f 7914 8002 7915
f 8002 8003 7915
f 7915 8003 7916
f 8003 8004 7916
f 7916 8004 7917
f 8004 8005 7917
f 7917 8005 7918
f 8005 8006 7918
f 7918 8006 7919
f 8006 8007 7919
f 7919 8007 7920
f 8007 8008 7920
f 7920 8008 7921
f 8008 8009 7921
f 7921 8009 7922
f 8009 8010 7922
f 7922 8010 7923
f 8010 8011 7923
f 7923 8011 7924
f 8011 8012 7924
f 7924 8012 262
f 8012 264 262
f 263 265 7925
f 265 8013 7925
f 7925 8013 9319
f 8013 8014 9319
f 7926 9319 9320
f 8014 8015 9320
f 7927 9320 9321
f 8015 8016 9321
f 7928 8016 9322
f 8016 8017 9322
f 7929 8017 9323
f 8017 8018 9323
f 7930 8018 9324
f 8018 8019 9324
f 7931 8019 9325
f 8019 8020 9325
f 7932 8020 9326
f 8020 8021 9326
f 7933 8021 9327
f 8021 8022 9327
f 7934 8022 9328
f 8022 8023 9328
f 7935 8023 9329
f 8023 8024 9329
f 7936 8024 9330
f 8024 8025 9330
f 7937 8025 9331
f 8025 8026 9331
f 7938 8026 9332
f 8026 8027 9332
f 7939 8027 9333
f 8027 8028 9333
f 7940 8028 9334
f 8028 8029 9334
f 7941 8029 9335
f 8029 8030 9335
f 7942 8030 9336
f 8030 8031 9336
f 7943 8031 9337
f 8031 8032 9337
f 7944 8032 9338
f 8032 8033 9338
f 7945 8033 9339
f 8033 8034 9339
f 7946 8034 9340
f 8034 8035 9340
f 8036 7948 8035
f 7948 8036 9341
f 8036 8037 9341
f 7949 8037 9342
f 8037 8038 9342
f 7950 8038 9343
f 8038 8039 9343
f 8040 7952 8039
f 7952 8040 9344
f 8040 8041 9344
f 7953 8041 9345
f 8041 8042 9345
f 8043 7955 8042
f 7955 8043 9346
f 8043 8044 9346
f 7956 8044 9347
f 8044 8045 9347
f 7957 8045 9348
f 8045 8046 9348
f 7958 8046 9349
f 8046 8047 9349
f 7959 9349 9350
f 8047 8048 9350
f 7960 9350 9352
f 8048 8049 9352
f 7961 9352 9356
f 8049 8050 9356
f 7962 8050 7963
f 8050 8051 7963
f 7963 8051 7964
f 8051 8052 7964
f 7964 8052 7965
f 8052 8053 7965
f 7965 8053 7966
f 8053 8054 7966
f 7966 8054 7967
f 8054 8055 7967
f 7967 8055 7968
f 8055 8056 7968
f 7968 8056 7969
f 8056 8057 7969
f 7969 8057 7970
f 8057 8058 7970
f 7970 8058 7971
f 8058 8059 7971
f 7971 8059 7972
f 8059 8060 7972
f 7972 8060 7973
f 8060 8061 7973
f 7973 8061 7974
f 8061 8062 7974
f 7974 8062 7975
f 8062 8063 7975
f 7975 8063 7976
f 8063 8064 7976
f 7976 8064 7977
f 8064 8065 7977
f 7977 8065 7978
f 8065 8066 7978
f 7978 8066 7979
f 8066 8067 7979
f 7979 8067 7980
f 8067 8068 7980
f 7980 8068 7981
f 8068 8069 7981
f 7981 8069 7982
f 8069 8070 7982
f 7982 8070 7983
f 8070 8071 7983
f 7983 8071 7984
f 8071 8072 7984
f 7984 8072 7985
f 8072 8073 7985
f 7985 8073 7986
f 8073 8074 7986
f 7986 8074 7987
f 8074 8075 7987
f 7987 8075 7988
f 8075 8076 7988
f 7988 8076 7989
f 8076 8077 7989
f 7989 8077 7990
f 8077 8078 7990
f 7990 8078 7991
f 8078 8079 7991
f 7991 8079 7992
f 8079 8080 7992
f 7992 8080 7993
f 8080 8081 7993
f 7993 8081 7994
f 8081 8082 7994
f 7994 8082 7995
f 8082 8083 7995
f 7995 8083 7996
f 8083 8084 7996
f 7996 8084 7997
f 8084 8085 7997
f 7997 8085 7998
f 8085 8086 7998
f 7998 8086 7999
f 8086 8087 7999
f 7999 8087 8000
f 8087 8088 8000
f 8000 8088 8001
f 8088 8089 8001
f 8001 8089 8002
f 8089 8090 8002
f 8002 8090 8003
f 8090 8091 8003
f 8003 8091 8004
f 8091 8092 8004
f 8004 8092 8005
f 8092 8093 8005
f 8005 8093 8006
f 8093 8094 8006
f 8006 8094 8007
f 8094 8095 8007
f 8007 8095 8008
f 8095 8096 8008
f 8008 8096 8009
f 8096 8097 8009
f 8009 8097 8010
f 8097 8098 8010
f 8010 8098 8011
f 8098 8099 8011
f 8011 8099 8012
f 8099 8100 8012
f 8012 8100 264
f 8100 266 264
f 265 267 8013
f 267 268 8013
f 8013 268 8014
f 268 269 8014
f 8014 269 8015
f 269 270 8015
f 8015 270 8016
f 270 271 8016
f 8016 271 8017
f 271 272 8017
f 8017 272 8018
f 272 273 8018
f 8018 273 8019
f 273 274 8019
f 8019 274 8020
f 274 275 8020
f 8020 275 8021
f 275 276 8021
f 8021 276 8022
f 276 277 8022
f 8022 277 8023
f 277 278 8023
f 8023 278 8024
f 278 279 8024
f 8024 279 8025
f 279 280 8025
f 8025 280 8026
f 280 281 8026
f 8026 281 8027
f 281 282 8027
f 8027 282 8028
f 282 283 8028
f 8028 283 8029
f 283 284 8029
f 8029 284 8030
f 284 285 8030
f 8030 285 8031
f 285 286 8031
f 8031 286 8032
f 286 287 8032
f 8032 287 8033
f 287 288 8033
f 8033 288 8034
f 288 289 8034
f 8034 289 8035
f 289 290 8035
f 8035 290 8036
f 290 291 8036
f 8036 291 8037
f 291 292 8037
f 8037 292 8038
f 292 293 8038
f 8038 293 8039
f 293 294 8039
f 8039 294 8040
f 294 295 8040
f 8040 295 8041
f 295 296 8041
f 8041 296 8042
f 296 297 8042
f 8042 297 8043
f 297 298 8043
f 8043 298 8044
f 298 299 8044
f 8044 299 8045
f 299 300 8045
f 8045 300 8046
f 300 301 8046
f 8046 301 8047
f 301 302 8047
f 8047 302 8048
f 302 303 8048
f 8048 303 8049
f 303 304 8049
f 8049 304 8050
f 304 305 8050
f 8050 305 8051
f 305 306 8051
f 8051 306 8052
f 306 307 8052
f 8052 307 8053
f 307 308 8053
f 8053 308 8054
f 308 309 8054
f 8054 309 8055
f 309 310 8055
f 8055 310 8056
f 310 311 8056
f 8056 311 8057
f 311 312 8057
f 8057 312 8058
f 312 313 8058
f 8058 313 8059
f 313 314 8059
f 8059 314 8060
f 314 315 8060
f 8060 315 8061
f 315 316 8061
f 8061 316 8062
f 316 317 8062
f 8062 317 8063
f 317 318 8063
f 8063 318 8064
f 318 319 8064
f 8064 319 8065
f 319 320 8065
f 8065 320 8066
f 320 321 8066
f 8066 321 8067
f 321 322 8067
f 8067 322 8068
f 322 323 8068
f 8068 323 8069
f 323 324 8069
f 8069 324 8070
f 324 325 8070
f 8070 325 8071
f 325 326 8071
f 8071 326 8072
f 326 327 8072
f 8072 327 8073
f 327 328 8073
f 8073 328 8074
f 328 329 8074
f 8074 329 8075
f 329 330 8075
f 8075 330 8076
f 330 331 8076
f 8076 331 8077
f 331 332 8077
f 8077 332 8078
f 332 333 8078
f 8078 333 8079
f 333 334 8079
f 8079 334 8080
f 334 335 8080
f 8080 335 8081
f 335 336 8081
f 8081 336 8082
f 336 337 8082
f 8082 337 8083
f 337 338 8083
f 8083 338 8084
f 338 339 8084
f 8084 339 8085
f 339 340 8085
f 8085 340 8086
f 340 341 8086
f 8086 341 8087
f 341 342 8087
f 8087 342 8088
f 342 343 8088
f 8088 343 8089
f 343 344 8089
f 8089 344 8090
f 344 345 8090
f 8090 345 8091
f 345 346 8091
f 8091 346 8092
f 346 347 8092
f 8092 347 8093
f 347 348 8093
f 8093 348 8094
f 348 349 8094
f 8094 349 8095
f 349 350 8095
f 8095 350 8096
f 350 351 8096
f 8096 351 8097
f 351 352 8097
f 8097 352 8098
f 352 353 8098
f 8098 353 8099
f 353 354 8099
f 8099 354 8100
f 354 355 8100
f 8100 355 266
f 355 356 266
f 498 8136 8101
f 410 409 8101
f 499 8103 8102
f 411 410 8102
f 500 8104 8103
f 412 411 8103
f 501 8105 8104
f 413 412 8104
f 502 8106 8105
f 414 413 8105
f 503 8107 8106
f 415 414 8106
f 504 8108 8107
f 416 415 8107
f 505 8109 8108
f 417 416 8108
f 506 8110 8109
f 418 417 8109
f 507 8111 8110
f 419 418 8110
f 508 8112 8111
f 420 419 8111
f 509 8113 8112
f 421 420 8112
f 510 8114 8113
f 422 421 8113
f 511 8115 8114
f 423 422 8114
f 512 8116 8115
f 424 423 8115
f 513 8117 8116
f 425 424 8116
f 514 8118 8117
f 426 425 8117
f 515 8119 8118
f 427 426 8118
f 516 8120 8119
f 428 427 8119
f 517 8121 8120
f 429 428 8120
f 518 8122 8121
f 430 429 8121
f 519 8123 8122
f 431 430 8122
f 520 8124 8123
f 432 431 8123
f 521 8125 8124
f 433 432 8124
f 522 8126 8125
f 434 433 8125
f 523 8127 8126
f 435 434 8126
f 524 8128 8127
f 436 435 8127
f 525 8129 8128
f 437 436 8128
f 526 8130 8129
f 438 437 8129
f 527 8131 8130
f 439 438 8130
f 528 8132 8131
f 440 439 8131
f 529 8133 8132
f 441 440 8132
f 530 8134 8133
f 442 441 8133
f 531 8135 8134
f 443 442 8134
f 444 8135 532
f 444 443 8135
f 499 8136 587
f 499 8102 8136
f 588 8138 8137
f 500 499 8137
f 501 8138 589
f 501 8104 8138
f 590 8140 8139
f 502 501 8139
f 503 8140 591
f 503 8106 8140
f 592 8142 8141
f 504 503 8141
f 505 8142 593
f 505 8108 8142
f 594 8144 8143
f 506 505 8143
f 507 8144 595
f 507 8110 8144
f 596 8146 8145
f 508 507 8145
f 509 8146 597
f 509 8112 8146
f 598 8148 8147
f 510 509 8147
f 511 8148 599
f 511 8114 8148
f 600 8150 8149
f 512 511 8149
f 513 8150 601
f 513 8116 8150
f 602 8152 8151
f 514 513 8151
f 515 8152 603
f 515 8118 8152
f 604 8154 8153
f 516 515 8153
f 517 8154 605
f 517 8120 8154
f 606 8156 8155
f 518 517 8155
f 519 8156 607
f 519 8122 8156
f 608 8158 8157
f 520 519 8157
f 521 8158 609
f 521 8124 8158
f 610 8160 8159
f 522 521 8159
f 523 8160 611
f 523 8126 8160
f 612 8162 8161
f 524 523 8161
f 525 8162 613
f 525 8128 8162
f 614 8164 8163
f 526 525 8163
f 527 8164 615
f 527 8130 8164
f 616 8166 8165
f 528 527 8165
f 529 8166 617
f 529 8132 8166
f 618 8168 8167
f 530 529 8167
f 531 8168 619
f 8134 530 531
f 532 8169 620
f 532 8135 8169
f 676 8171 8170
f 588 8137 8170
f 677 8172 8171
f 589 588 8171
f 590 8172 678
f 590 8139 8172
f 679 8174 8173
f 591 590 8173
f 592 8174 680
f 592 8141 8174
f 681 8176 8175
f 593 592 8175
f 594 8176 682
f 594 8143 8176
f 683 8178 8177
f 595 594 8177
f 596 8178 684
f 596 8145 8178
f 685 8180 8179
f 597 596 8179
f 598 8180 686
f 598 8147 8180
f 687 8182 8181
f 599 598 8181
f 600 8182 688
f 600 8149 8182
f 689 8184 8183
f 601 600 8183
f 602 8184 690
f 602 8151 8184
f 691 8186 8185
f 603 602 8185
f 604 8186 692
f 604 8153 8186
f 693 8188 8187
f 605 604 8187
f 606 8188 694
f 606 8155 8188
f 695 8190 8189
f 607 606 8189
f 608 8190 696
f 608 8157 8190
f 697 8192 8191
f 609 608 8191
f 610 8192 698
f 610 8159 8192
f 699 8194 8193
f 611 610 8193
f 612 8194 700
f 612 8161 8194
f 701 8196 8195
f 613 612 8195
f 614 8196 702
f 614 8163 8196
f 703 8198 8197
f 615 614 8197
f 616 8198 704
f 616 8165 8198
f 705 8200 8199
f 617 616 8199
f 618 8200 706
f 618 8167 8200
f 707 8202 8201
f 619 618 8201
f 620 8202 708
f 620 8169 8202
f 765 8204 8203
f 677 8171 8203
f 766 8205 8204
f 678 677 8204
f 679 8205 767
f 679 8173 8205
f 768 8207 8206
f 680 679 8206
f 681 8207 769
f 681 8175 8207
f 770 8209 8208
f 682 681 8208
f 683 8209 771
f 683 8177 8209
f 772 8211 8210
f 684 683 8210
f 685 8211 773
f 685 8179 8211
f 774 8213 8212
f 686 685 8212
f 687 8213 775
f 687 8181 8213
f 776 8215 8214
f 688 687 8214
f 689 8215 777
f 689 8183 8215
f 778 8217 8216
f 690 689 8216
f 691 8217 779
f 691 8185 8217
f 780 8219 8218
f 692 691 8218
f 693 8219 781
f 693 8187 8219
f 782 8221 8220
f 694 693 8220
f 695 8221 783
f 695 8189 8221
f 784 8223 8222
f 696 695 8222
f 697 8223 785
f 697 8191 8223
f 786 8225 8224
f 698 697 8224
f 699 8225 787
f 699 8193 8225
f 788 8227 8226
f 700 699 8226
f 701 8227 789
f 701 8195 8227
f 790 8229 8228
f 702 701 8228
f 703 8229 791
f 703 8197 8229
f 792 8231 8230
f 704 703 8230
f 705 8231 793
f 705 8199 8231
f 794 8233 8232
f 706 705 8232
f 707 8233 795
f 707 8201 8233
f 708 8234 796
f 708 707 8234
f 854 8236 8235
f 766 8204 8235
f 855 8237 8236
f 767 766 8236
f 768 8237 856
f 768 8206 8237
f 857 8239 8238
f 769 768 8238
f 770 8239 858
f 770 8208 8239
f 859 8241 8240
f 771 770 8240
f 772 8241 860
f 772 8210 8241
f 861 8243 8242
f 773 772 8242
f 774 8243 862
f 774 8212 8243
f 863 8245 8244
f 775 774 8244
f 776 8245 864
f 776 8214 8245
f 865 8247 8246
f 777 776 8246
f 778 8247 866
f 778 8216 8247
f 867 8249 8248
f 779 778 8248
f 780 8249 868
f 780 8218 8249
f 869 8251 8250
f 781 780 8250
f 782 8251 870
f 782 8220 8251
f 871 8253 8252
f 783 782 8252
f 784 8253 872
f 784 8222 8253
f 873 8255 8254
f 785 784 8254
f 786 8255 874
f 786 8224 8255
f 875 8257 8256
f 787 786 8256
f 788 8257 876
f 788 8226 8257
f 877 8259 8258
f 789 788 8258
f 790 8259 878
f 790 8228 8259
f 879 8261 8260
f 791 790 8260
f 792 8261 880
f 792 8230 8261
f 881 8263 8262
f 793 792 8262
f 794 8263 882
f 794 8232 8263
f 883 8265 8264
f 795 794 8264
f 796 8265 884
f 796 8234 8265
f 943 8267 8266
f 855 8236 8266
f 944 8268 8267
f 856 855 8267
f 857 8268 945
f 857 8238 8268
f 946 8270 8269
f 858 857 8269
f 859 8270 947
f 859 8240 8270
f 948 8272 8271
f 860 859 8271
f 861 8272 949
f 861 8242 8272
f 950 8274 8273
f 862 861 8273
f 863 8274 951
f 863 8244 8274
f 952 8276 8275
f 864 863 8275
f 865 8276 953
f 865 8246 8276
f 954 8278 8277
f 866 865 8277
f 867 8278 955
f 867 8248 8278
f 956 8280 8279
f 868 867 8279
f 869 8280 957
f 869 8250 8280
f 958 8282 8281
f 870 869 8281
f 871 8282 959
f 871 8252 8282
f 960 8284 8283
f 872 871 8283
f 873 8284 961
f 873 8254 8284
f 962 8286 8285
f 874 873 8285
f 875 8286 963
f 875 8256 8286
f 964 8288 8287
f 876 875 8287
f 877 8288 965
f 877 8258 8288
f 966 967 8289
f 878 877 8289
f 879 878 967
f 968 8291 8290
f 880 879 8290
f 881 8291 969
f 881 8262 8291
f 970 8293 8292
f 882 881 8292
f 883 8293 971
f 883 8264 8293
f 884 8294 972
f 884 883 8294
f 1032 8296 8295
f 944 8267 8295
f 1033 8297 8296
f 945 944 8296
f 946 8297 1034
f 946 8269 8297
f 1035 8299 8298
f 947 946 8298
f 948 8299 1036
f 948 8271 8299
f 1037 8301 8300
f 949 948 8300
f 950 8301 1038
f 950 8273 8301
f 1039 8303 8302
f 951 950 8302
f 952 8303 1040
f 952 8275 8303
f 1041 8305 8304
f 953 952 8304
f 954 8305 1042
f 954 8277 8305
f 1043 8307 8306
f 955 954 8306
f 956 8307 1044
f 956 8279 8307
f 1045 8309 8308
f 957 956 8308
f 958 8309 1046
f 958 8281 8309
f 1047 8311 8310
f 959 958 8310
f 960 8311 1048
f 960 8283 8311
f 1049 8313 8312
f 961 960 8312
f 962 8313 1050
f 962 8285 8313
f 1051 8315 8314
f 963 962 8314
f 964 8315 1052
f 964 8287 8315
f 1053 8317 8316
f 965 964 8316
f 966 8317 1054
f 966 8289 8317
f 1055 8319 8318
f 967 966 8318
f 968 8319 1056
f 968 8290 8319
f 1057 8321 8320
f 969 968 8320
f 970 8321 1058
f 970 8292 8321
f 1059 8323 8322
f 971 970 8322
f 972 8323 1060
f 972 8294 8323
f 1121 8325 8324
f 1033 8296 8324
f 1122 8326 8325
f 1034 1033 8325
f 1035 8326 1123
f 1035 8298 8326
f 1124 8328 8327
f 1036 1035 8327
f 1037 8328 1125
f 1037 8300 8328
f 1126 8330 8329
f 1038 1037 8329
f 1039 8330 1127
f 1039 8302 8330
f 1128 8332 8331
f 1040 1039 8331
f 1041 8332 1129
f 1041 8304 8332
f 1130 8334 8333
f 1042 1041 8333
f 1043 8334 1131
f 1043 8306 8334
f 1132 8336 8335
f 1044 1043 8335
f 1045 8336 1133
f 1045 8308 8336
f 1134 8338 8337
f 1046 1045 8337
f 1047 8338 1135
f 1047 8310 8338
f 1136 8340 8339
f 1048 1047 8339
f 1049 8340 1137
f 1049 8312 8340
f 1138 8342 8341
f 1050 1049 8341
f 1051 8342 1139
f 1051 8314 8342
f 1140 8344 8343
f 1052 1051 8343
f 1053 8344 1141
f 1053 8316 8344
f 1142 8346 8345
f 1054 1053 8345
f 1055 8346 1143
f 1055 8318 8346
f 1144 8348 8347
f 1056 1055 8347
f 1057 8348 1145
f 1057 8320 8348
f 1146 8350 8349
f 1058 1057 8349
f 1059 8350 1147
f 1059 8322 8350
f 1060 8351 1148
f 1060 1059 8351
f 1210 8353 8352
f 1122 8325 8352
f 1211 8354 8353
f 1123 1122 8353
f 1124 8354 1212
f 1124 8327 8354
f 1213 8356 8355
f 1125 1124 8355
f 1126 8356 1214
f 1126 8329 8356
f 1215 8358 8357
f 1127 1126 8357
f 1128 8358 1216
f 1128 8331 8358
f 1217 8360 8359
f 1129 1128 8359
f 1130 8360 1218
f 1130 8333 8360
f 1219 8362 8361
f 1131 1130 8361
f 1132 8362 1220
f 1132 8335 8362
f 1221 8364 8363
f 1133 1132 8363
f 1134 8364 1222
f 1134 8337 8364
f 1223 8366 8365
f 1135 1134 8365
f 1136 8366 1224
f 1136 8339 8366
f 1225 8368 8367
f 1137 1136 8367
f 1138 8368 1226
f 1138 8341 8368
f 1227 8370 8369
f 1139 1138 8369
f 1140 8370 1228
f 1140 8343 8370
f 1229 8372 8371
f 1141 1140 8371
f 1142 8372 1230
f 1142 8345 8372
f 1231 8374 8373
f 1143 1142 8373
f 1144 8374 1232
f 1144 8347 8374
f 1233 8376 8375
f 1145 1144 8375
f 1146 8376 1234
f 1146 8349 8376
f 1235 8378 8377
f 1147 1146 8377
f 1148 8378 1236
f 1148 8351 8378
f 1299 8380 8379
f 1211 8353 8379
f 1300 8381 8380
f 1212 1211 8380
f 1213 8381 1301
f 1213 8355 8381
f 1302 8383 8382
f 1214 1213 8382
f 1215 8383 1303
f 1215 8357 8383
f 1304 8385 8384
f 1216 1215 8384
f 1217 8385 1305
f 1217 8359 8385
f 1306 8387 8386
f 1218 1217 8386
f 1219 8387 1307
f 1219 8361 8387
f 1308 8389 8388
f 1220 1219 8388
f 1221 8389 1309
f 1221 8363 8389
f 1310 8391 8390
f 1222 1221 8390
f 1223 8391 1311
f 1223 8365 8391
f 1312 8393 8392
f 1224 1223 8392
f 1225 8393 1313
f 1225 8367 8393
f 1314 8395 8394
f 1226 1225 8394
f 1227 8395 1315
f 1227 8369 8395
f 1316 8397 8396
f 1228 1227 8396
f 1229 8397 1317
f 1229 8371 8397
f 1318 8399 8398
f 1230 1229 8398
f 1231 8399 1319
f 1231 8373 8399
f 1320 8401 8400
f 1232 1231 8400
f 1233 8401 1321
f 1233 8375 8401
f 1322 8403 8402
f 1234 1233 8402
f 1235 8403 1323
f 1235 8377 8403
f 1236 8404 1324
f 1236 1235 8404
f 1388 8406 8405
f 1300 8380 8405
f 1389 8407 8406
f 1301 1300 8406
f 1302 8407 1390
f 1302 8382 8407
f 1391 8409 8408
f 1303 1302 8408
f 1304 8409 1392
f 1304 8384 8409
f 1393 8411 8410
f 1305 1304 8410
f 1306 8411 1394
f 1306 8386 8411
f 1395 8413 8412
f 1307 1306 8412
f 1308 8413 1396
f 1308 8388 8413
f 1397 8415 8414
f 1309 1308 8414
f 1310 8415 1398
f 1310 8390 8415
f 1399 8417 8416
f 1311 1310 8416
f 1312 8417 1400
f 1312 8392 8417
f 1401 8419 8418
f 1313 1312 8418
f 1314 8419 1402
f 1314 8394 8419
f 1403 8421 8420
f 1315 1314 8420
f 1316 8421 1404
f 1316 8396 8421
f 1405 8423 8422
f 1317 1316 8422
f 1318 8423 1406
f 1318 8398 8423
f 1407 8425 8424
f 1319 1318 8424
f 1320 8425 1408
f 1320 8400 8425
f 1409 8427 8426
f 1321 1320 8426
f 1322 8427 1410
f 1322 8402 8427
f 1411 8429 8428
f 1323 1322 8428
f 1324 8429 1412
f 1324 8404 8429
f 1477 8431 8430
f 1389 8406 8430
f 1478 8432 8431
f 1390 1389 8431
f 1391 8432 1479
f 1391 8408 8432
f 1480 8434 8433
f 1392 1391 8433
f 1393 8434 1481
f 1393 8410 8434
f 1482 8436 8435
f 1394 1393 8435
f 1395 8436 1483
f 1395 8412 8436
f 1484 8438 8437
f 1396 1395 8437
f 1397 8438 1485
f 1397 8414 8438
f 1486 8440 8439
f 1398 1397 8439
f 1399 8440 1487
f 1399 8416 8440
f 1488 8442 8441
f 1400 1399 8441
f 1401 8442 1489
f 1401 8418 8442
f 1490 8444 8443
f 1402 1401 8443
f 1403 8444 1491
f 1403 8420 8444
f 1492 8446 8445
f 1404 1403 8445
f 1405 8446 1493
f 1405 8422 8446
f 1494 8448 8447
f 1406 1405 8447
f 1407 8448 1495
f 1407 8424 8448
f 1496 8450 8449
f 1408 1407 8449
f 1409 8450 1497
f 1409 8426 8450
f 1498 8452 8451
f 1410 1409 8451
f 1411 8452 1499
f 1411 8428 8452
f 1412 8453 1500
f 1412 1411 8453
f 1566 8455 8454
f 1478 8431 8454
f 1567 8456 8455
f 1479 1478 8455
f 1480 8456 1568
f 1480 8433 8456
f 1569 8458 8457
f 1481 1480 8457
f 1482 8458 1570
f 1482 8435 8458
f 1571 8460 8459
f 1483 1482 8459
f 1484 8460 1572
f 1484 8437 8460
f 1573 8462 8461
f 1485 1484 8461
f 1486 8462 1574
f 1486 8439 8462
f 1575 8464 8463
f 1487 1486 8463
f 1488 8464 1576
f 1488 8441 8464
f 1577 8466 8465
f 1489 1488 8465
f 1490 8466 1578
f 1490 8443 8466
f 1579 8468 8467
f 1491 1490 8467
f 1492 8468 1580
f 1492 8445 8468
f 1581 8470 8469
f 1493 1492 8469
f 1494 8470 1582
f 1494 8447 8470
f 1583 8472 8471
f 1495 1494 8471
f 1496 8472 1584
f 1496 8449 8472
f 1585 8474 8473
f 1497 1496 8473
f 1498 8474 1586
f 1498 8451 8474
f 1587 8476 8475
f 1499 1498 8475
f 1500 8476 1588
f 1500 8453 8476
f 1655 8478 8477
f 1567 8455 8477
f 1656 8479 8478
f 1568 1567 8478
f 1569 8479 1657
f 1569 8457 8479
f 1658 8481 8480
f 1570 1569 8480
f 1571 8481 1659
f 1571 8459 8481
f 1660 8483 8482
f 1572 1571 8482
f 1573 8483 1661
f 1573 8461 8483
f 1662 8485 8484
f 1574 1573 8484
f 1575 8485 1663
f 1575 8463 8485
f 1664 8487 8486
f 1576 1575 8486
f 1577 8487 1665
f 1577 8465 8487
f 1666 8489 8488
f 1578 1577 8488
f 1579 8489 1667
f 1579 8467 8489
f 1668 8491 8490
f 1580 1579 8490
f 1581 8491 1669
f 1581 8469 8491
f 1670 8493 8492
f 1582 1581 8492
f 1583 8493 1671
f 1583 8471 8493
f 1672 8495 8494
f 1584 1583 8494
f 1585 8495 1673
f 1585 8473 8495
f 1674 8497 8496
f 1586 1585 8496
f 1587 8497 1675
f 1587 8475 8497
f 1588 8498 1676
f 1588 1587 8498
f 1744 8500 8499
f 1656 8478 8499
f 1745 8501 8500
f 1657 1656 8500
f 1658 8501 1746
f 1658 8480 8501
f 1747 8503 8502
f 1659 1658 8502
f 1660 8503 1748
f 1660 8482 8503
f 1749 8505 8504
f 1661 1660 8504
f 1662 8505 1750
f 1662 8484 8505
f 1751 8507 8506
f 1663 1662 8506
f 1664 8507 1752
f 1664 8486 8507
f 1753 8509 8508
f 1665 1664 8508
f 1666 8509 1754
f 1666 8488 8509
f 1755 8511 8510
f 1667 1666 8510
f 1668 8511 1756
f 1668 8490 8511
f 1757 8513 8512
f 1669 1668 8512
f 1670 8513 1758
f 1670 8492 8513
f 1759 8515 8514
f 1671 1670 8514
f 1672 8515 1760
f 1672 8494 8515
f 1761 8517 8516
f 1673 1672 8516
f 1674 8517 1762
f 1674 8496 8517
f 1763 8519 8518
f 1675 1674 8518
f 1676 8519 1764
f 1676 8498 8519
f 1833 8521 8520
f 1745 8500 8520
f 1834 8522 8521
f 1746 1745 8521
f 1747 8522 1835
f 1747 8502 8522
f 1836 8524 8523
f 1748 1747 8523
f 1749 8524 1837
f 1749 8504 8524
f 1838 8526 8525
f 1750 1749 8525
f 1751 8526 1839
f 1751 8506 8526
f 1840 8528 8527
f 1752 1751 8527
f 1753 8528 1841
f 1753 8508 8528
f 1842 8530 8529
f 1754 1753 8529
f 1755 8530 1843
f 1755 8510 8530
f 1844 8532 8531
f 1756 1755 8531
f 1757 8532 1845
f 1757 8512 8532
f 1846 8534 8533
f 1758 1757 8533
f 1759 8534 1847
f 1759 8514 8534
f 1848 8536 8535
f 1760 1759 8535
f 1761 8536 1849
f 1761 8516 8536
f 1850 8538 8537
f 1762 1761 8537
f 1763 8538 1851
f 1763 8518 8538
f 1764 8539 1852
f 1764 1763 8539
f 1922 8541 8540
f 1834 8521 8540
f 1923 8542 8541
f 1835 1834 8541
f 1836 8542 1924
f 1836 8523 8542
f 1925 8544 8543
f 1837 1836 8543
f 1838 8544 1926
f 1838 8525 8544
f 1927 8546 8545
f 1839 1838 8545
f 1840 8546 1928
f 1840 8527 8546
f 1929 8548 8547
f 1841 1840 8547
f 1842 8548 1930
f 1842 8529 8548
f 1931 8550 8549
f 1843 1842 8549
f 1844 8550 1932
f 1844 8531 8550
f 1933 8552 8551
f 1845 1844 8551
f 1846 8552 1934
f 1846 8533 8552
f 1935 8554 8553
f 1847 1846 8553
f 1848 8554 1936
f 1848 8535 8554
f 1937 8556 8555
f 1849 1848 8555
f 1850 8556 1938
f 1850 8537 8556
f 1939 8558 8557
f 1851 1850 8557
f 1852 8558 1940
f 1852 8539 8558
f 2011 8560 8559
f 1923 8541 8559
f 2012 8561 8560
f 1924 1923 8560
f 1925 8561 2013
f 1925 8543 8561
f 2014 8563 8562
f 1926 1925 8562
f 1927 8563 2015
f 1927 8545 8563
f 2016 8565 8564
f 1928 1927 8564
f 1929 8565 2017
f 1929 8547 8565
f 2018 8567 8566
f 1930 1929 8566
f 1931 8567 2019
f 1931 8549 8567
f 2020 8569 8568
f 1932 1931 8568
f 1933 8569 2021
f 1933 8551 8569
f 2022 8571 8570
f 1934 1933 8570
f 1935 8571 2023
f 1935 8553 8571
f 2024 8573 8572
f 1936 1935 8572
f 1937 8573 2025
f 1937 8555 8573
f 2026 8575 8574
f 1938 1937 8574
f 1939 8575 2027
f 1939 8557 8575
f 1940 8576 2028
f 1940 1939 8576
f 2100 8578 8577
f 2012 8560 8577
f 2101 8579 8578
f 2013 2012 8578
f 2014 8579 2102
f 2014 8562 8579
f 2103 8581 8580
f 2015 2014 8580
f 2016 8581 2104
f 2016 8564 8581
f 2105 8583 8582
f 2017 2016 8582
f 2018 8583 2106
f 2018 8566 8583
f 2107 8585 8584
f 2019 2018 8584
f 2020 8585 2108
f 2020 8568 8585
f 2109 8587 8586
f 2021 2020 8586
f 2022 8587 2110
f 2022 8570 8587
f 2111 8589 8588
f 2023 2022 8588
f 2024 8589 2112
f 2024 8572 8589
f 2113 8591 8590
f 2025 2024 8590
f 2026 8591 2114
f 2026 8574 8591
f 2115 8593 8592
f 2027 2026 8592
f 2028 8593 2116
f 2028 8576 8593
f 2189 8595 8594
f 2101 8578 8594
f 2190 8596 8595
f 2102 2101 8595
f 2103 8596 2191
f 2103 8580 8596
f 2192 8598 8597
f 2104 2103 8597
f 2105 8598 2193
f 2105 8582 8598
f 2194 8600 8599
f 2106 2105 8599
f 2107 8600 2195
f 2107 8584 8600
f 2196 8602 8601
f 2108 2107 8601
f 2109 8602 2197
f 2109 8586 8602
f 2198 8604 8603
f 2110 2109 8603
f 2111 8604 2199
f 2111 8588 8604
f 2200 8606 8605
f 2112 2111 8605
f 2113 8606 2201
f 2113 8590 8606
f 2202 8608 8607
f 2114 2113 8607
f 2115 8608 2203
f 2115 8592 8608
f 2116 8609 2204
f 2116 2115 8609
f 2278 8611 8610
f 2190 8595 8610
f 2279 8612 8611
f 2191 2190 8611
f 2192 8612 2280
f 2192 8597 8612
f 2281 8614 8613
f 2193 2192 8613
f 2194 8614 2282
f 2194 8599 8614
f 2283 8616 8615
f 2195 2194 8615
f 2196 8616 2284
f 2196 8601 8616
f 2285 8618 8617
f 2197 2196 8617
f 2198 8618 2286
f 2198 8603 8618
f 2287 8620 8619
f 2199 2198 8619
f 2200 8620 2288
f 2200 8605 8620
f 2289 8622 8621
f 2201 2200 8621
f 2202 8622 2290
f 2202 8607 8622
f 2291 8624 8623
f 2203 2202 8623
f 2204 8624 2292
f 2204 8609 8624
f 2367 8626 8625
f 2279 8611 8625
f 2368 8627 8626
f 2280 2279 8626
f 2281 8627 2369
f 2281 8613 8627
f 2370 8629 8628
f 2282 2281 8628
f 2283 8629 2371
f 2283 8615 8629
f 2372 8631 8630
f 2284 2283 8630
f 2285 8631 2373
f 2285 8617 8631
f 2374 8633 8632
f 2286 2285 8632
f 2287 8633 2375
f 2287 8619 8633
f 2376 8635 8634
f 2288 2287 8634
f 2289 8635 2377
f 2289 8621 8635
f 2378 8637 8636
f 2290 2289 8636
f 2291 8637 2379
f 2291 8623 8637
f 2292 8638 2380
f 2292 2291 8638
f 2456 8640 8639
f 2368 8626 8639
f 2457 8641 8640
f 2369 2368 8640
f 2370 8641 2458
f 2370 8628 8641
f 2459 8643 8642
f 2371 2370 8642
f 2372 8643 2460
f 2372 8630 8643
f 2461 8645 8644
f 2373 2372 8644
f 2374 8645 2462
f 2374 8632 8645
f 2463 8647 8646
f 2375 2374 8646
f 2376 8647 2464
f 2376 8634 8647
f 2465 8649 8648
f 2377 2376 8648
f 2378 8649 2466
f 2378 8636 8649
f 2467 8651 8650
f 2379 2378 8650
f 2380 8651 2468
f 2380 8638 8651
f 2545 8653 8652
f 2457 8640 8652
f 2546 8654 8653
f 2458 2457 8653
f 2459 8654 2547
f 2459 8642 8654
f 2548 8656 8655
f 2460 2459 8655
f 2461 8656 2549
f 2461 8644 8656
f 2550 8658 8657
f 2462 2461 8657
f 2463 8658 2551
f 2463 8646 8658
f 2552 8660 8659
f 2464 2463 8659
f 2465 8660 2553
f 2465 8648 8660
f 2554 8662 8661
f 2466 2465 8661
f 2467 8662 2555
f 2467 8650 8662
f 2468 8663 2556
f 2468 2467 8663
f 2634 8665 8664
f 2546 8653 8664
f 2635 8666 8665
f 2547 2546 8665
f 2548 8666 2636
f 2548 8655 8666
f 2637 8668 8667
f 2549 2548 8667
f 2550 8668 2638
f 2550 8657 8668
f 2639 8670 8669
f 2551 2550 8669
f 2552 8670 2640
f 2552 8659 8670
f 2641 8672 8671
f 2553 2552 8671
f 2554 8672 2642
f 2554 8661 8672
f 2643 8674 8673
f 2555 2554 8673
f 2556 8674 2644
f 2556 8663 8674
f 2723 8676 8675
f 2635 8665 8675
f 2724 8677 8676
f 2636 2635 8676
f 2637 8677 2725
f 2637 8667 8677
f 2726 8679 8678
f 2638 2637 8678
f 2639 8679 2727
f 2639 8669 8679
f 2728 8681 8680
f 2640 2639 8680
f 2641 8681 2729
f 2641 8671 8681
f 2730 8683 8682
f 2642 2641 8682
f 2643 8683 2731
f 2643 8673 8683
f 2644 8684 2732
f 2644 2643 8684
f 2812 8686 8685
f 2724 8676 8685
f 2813 8687 8686
f 2725 2724 8686
f 2726 8687 2814
f 2726 8678 8687
f 2815 8689 8688
f 2727 2726 8688
f 2728 8689 2816
f 2728 8680 8689
f 2817 8691 8690
f 2729 2728 8690
f 2730 8691 2818
f 2730 8682 8691
f 2819 8693 8692
f 2731 2730 8692
f 2732 8693 2820
f 2732 8684 8693
f 2901 8695 8694
f 2813 8686 8694
f 2902 8696 8695
f 2814 2813 8695
f 2815 8696 2903
f 2815 8688 8696
f 2904 8698 8697
f 2816 2815 8697
f 2817 8698 2905
f 2817 8690 8698
f 2906 8700 8699
f 2818 2817 8699
f 2819 8700 2907
f 2819 8692 8700
f 2820 8701 2908
f 2820 2819 8701
f 2990 8703 8702
f 2902 8695 8702
f 2991 8704 8703
f 2903 2902 8703
f 2904 8704 2992
f 2904 8697 8704
f 2993 8706 8705
f 2905 2904 8705
f 2906 8706 2994
f 2906 8699 8706
f 2995 8708 8707
f 2907 2906 8707
f 2908 8708 2996
f 2908 8701 8708
f 3079 8710 8709
f 2991 8703 8709
f 3080 8711 8710
f 2992 2991 8710
f 2993 8711 3081
f 2993 8705 8711
f 3082 8713 8712
f 2994 2993 8712
f 2995 8713 3083
f 2995 8707 8713
f 2996 8714 3084
f 2996 2995 8714
f 3168 8716 8715
f 3080 8710 8715
f 3169 8717 8716
f 3081 3080 8716
f 3082 8717 3170
f 3082 8712 8717
f 3171 8719 8718
f 3083 3082 8718
f 3084 8719 3172
f 3084 8714 8719
f 3257 8721 8720
f 3169 8716 8720
f 3258 8722 8721
f 3170 3169 8721
f 3171 8722 3259
f 3171 8718 8722
f 3172 8723 3260
f 3172 3171 8723
f 3346 8725 8724
f 3258 8721 8724
f 3347 8726 8725
f 3259 3258 8725
f 3260 8726 3348
f 3260 8723 8726
f 3435 8728 8727
f 3347 8725 8727
f 3348 8728 3436
f 3348 3347 8728
f 3436 8729 3524
f 3436 8728 8729
f 4934 8730 5022
f 4934 9355 8730
f 5110 8732 8731
f 5022 8730 8731
f 5023 8732 5111
f 5023 5022 8732
f 8734 5110 5198
f 8731 5109 5110
f 5199 8735 8734
f 5111 8732 8734
f 5112 8735 5200
f 5112 5111 8735
f 5286 8737 8736
f 5198 8733 8736
f 8738 5199 5287
f 5199 5198 8737
f 5288 8739 8738
f 5200 8735 8738
f 5201 8739 5289
f 5201 5200 8739
f 5374 8741 8740
f 8736 5285 5286
f 5375 8742 8741
f 5287 5286 8741
f 5288 8742 5376
f 5288 8738 8742
f 5377 8744 8743
f 5289 8739 8743
f 5290 8744 5378
f 5290 5289 8744
f 8746 5374 5462
f 5374 8740 8745
f 5463 8747 8746
f 5375 5374 8746
f 5376 8747 5464
f 8742 5375 5376
f 5377 8748 5465
f 5377 8743 8748
f 5466 8750 8749
f 5378 8744 8749
f 5379 8750 5467
f 5379 5378 8750
f 5550 8752 8751
f 5462 8745 8751
f 8753 5463 5551
f 5463 5462 8752
f 5464 8753 5552
f 5464 8747 8753
f 5465 8754 5553
f 5465 8748 8754
f 5466 8755 5554
f 5466 8749 8755
f 5555 8757 8756
f 5467 8750 8756
f 5468 8757 5556
f 5468 5467 8757
f 5638 8759 8758
f 8751 5549 5550
f 5639 8760 8759
f 5551 5550 8759
f 5552 8760 5640
f 5552 8753 8760
f 5553 8761 5641
f 5553 8754 8761
f 5554 8762 5642
f 5554 8755 8762
f 5555 8763 5643
f 5555 8756 8763
f 5644 8765 8764
f 5556 8757 8764
f 5557 8765 5645
f 5557 5556 8765
f 8767 5638 5726
f 5638 8758 8766
f 5727 8768 8767
f 5639 5638 8767
f 5640 8768 5728
f 8760 5639 5640
f 5641 8769 5729
f 5641 8761 8769
f 5642 8770 5730
f 5642 8762 8770
f 5643 8771 5731
f 5643 8763 8771
f 5644 8772 5732
f 5644 8764 8772
f 5733 8774 8773
f 5645 8765 8773
f 5646 8774 5734
f 5646 5645 8774
f 5814 8776 8775
f 5726 8766 8775
f 8777 5727 5815
f 5727 5726 8776
f 5728 8777 5816
f 5728 8768 8777
f 5729 8778 5817
f 5729 8769 8778
f 5730 8779 5818
f 5730 8770 8779
f 5731 8780 5819
f 5731 8771 8780
f 5732 8781 5820
f 5732 8772 8781
f 5733 8782 5821
f 5733 8773 8782
f 5822 8784 8783
f 5734 8774 8783
f 5735 8784 5823
f 5735 5734 8784
f 5902 8786 8785
f 8775 5813 5814
f 5903 8787 8786
f 5815 5814 8786
f 5816 8787 5904
f 5816 8777 8787
f 5817 8788 5905
f 5817 8778 8788
f 5818 8789 5906
f 5818 8779 8789
f 5819 8790 5907
f 5819 8780 8790
f 5820 8791 5908
f 5820 8781 8791
f 5821 8792 5909
f 5821 8782 8792
f 5822 8793 5910
f 5822 8783 8793
f 5911 8795 8794
f 5823 8784 8794
f 5824 8795 5912
f 5824 5823 8795
f 8797 5902 5990
f 5902 8785 8796
f 5991 8798 8797
f 5903 5902 8797
f 5904 8798 5992
f 8787 5903 5904
f 5905 8799 5993
f 5905 8788 8799
f 5906 8800 5994
f 5906 8789 8800
f 5907 8801 5995
f 5907 8790 8801
f 5908 8802 5996
f 5908 8791 8802
f 5909 8803 5997
f 5909 8792 8803
f 5910 8804 5998
f 5910 8793 8804
f 5911 8805 5999
f 5911 8794 8805
f 6000 8807 8806
f 5912 8795 8806
f 5913 8807 6001
f 5913 5912 8807
f 6078 8809 8808
f 5990 8796 8808
f 8810 5991 6079
f 5991 5990 8809
f 5992 8810 6080
f 5992 8798 8810
f 5993 8811 6081
f 5993 8799 8811
f 5994 8812 6082
f 5994 8800 8812
f 5995 8813 6083
f 5995 8801 8813
f 5996 8814 6084
f 5996 8802 8814
f 5997 8815 6085
f 5997 8803 8815
f 5998 8816 6086
f 5998 8804 8816
f 5999 8817 6087
f 5999 8805 8817
f 6000 8818 6088
f 6000 8806 8818
f 6089 8820 8819
f 6001 8807 8819
f 6002 8820 6090
f 6002 6001 8820
f 6166 8822 8821
f 8808 6077 6078
f 6167 8823 8822
f 6079 6078 8822
f 6080 8823 6168
f 6080 8810 8823
f 6081 8824 6169
f 6081 8811 8824
f 6082 8825 6170
f 6082 8812 8825
f 6083 8826 6171
f 6083 8813 8826
f 6084 8827 6172
f 6084 8814 8827
f 6085 8828 6173
f 6085 8815 8828
f 6086 8829 6174
f 6086 8816 8829
f 6087 8830 6175
f 6087 8817 8830
f 6088 8831 6176
f 6088 8818 8831
f 6089 8832 6177
f 6089 8819 8832
f 6178 8834 8833
f 6090 8820 8833
f 6091 8834 6179
f 6091 6090 8834
f 8836 6166 6254
f 6166 8821 8835
f 6255 8837 8836
f 6167 6166 8836
f 6168 8837 6256
f 8823 6167 6168
f 6169 8838 6257
f 6169 8824 8838
f 6170 8839 6258
f 6170 8825 8839
f 6171 8840 6259
f 6171 8826 8840
f 6172 8841 6260
f 6172 8827 8841
f 6173 8842 6261
f 6173 8828 8842
f 6174 8843 6262
f 6174 8829 8843
f 6175 8844 6263
f 6175 8830 8844
f 6176 8845 6264
f 6176 8831 8845
f 6177 8846 6265
f 6177 8832 8846
f 6178 8847 6266
f 6178 8833 8847
f 6267 8849 8848
f 6179 8834 8848
f 6180 8849 6268
f 6180 6179 8849
f 6342 8851 8850
f 6254 8835 8850
f 8852 6255 6343
f 6255 6254 8851
f 6256 8852 6344
f 6256 8837 8852
f 6257 8853 6345
f 6257 8838 8853
f 6258 8854 6346
f 6258 8839 8854
f 6259 8855 6347
f 6259 8840 8855
f 6260 8856 6348
f 6260 8841 8856
f 6261 8857 6349
f 6261 8842 8857
f 6262 8858 6350
f 6262 8843 8858
f 6263 8859 6351
f 6263 8844 8859
f 6264 8860 6352
f 6264 8845 8860
f 6265 8861 6353
f 6265 8846 8861
f 6266 8862 6354
f 6266 8847 8862
f 6267 8863 6355
f 6267 8848 8863
f 6356 8865 8864
f 6268 8849 8864
f 6269 8865 6357
f 6269 6268 8865
f 6430 8867 8866
f 8850 6341 6342
f 6431 8868 8867
f 6343 6342 8867
f 6344 8868 6432
f 6344 8852 8868
f 6345 8869 6433
f 6345 8853 8869
f 6346 8870 6434
f 6346 8854 8870
f 6347 8871 6435
f 6347 8855 8871
f 6348 8872 6436
f 6348 8856 8872
f 6349 8873 6437
f 6349 8857 8873
f 6350 8874 6438
f 6350 8858 8874
f 6351 8875 6439
f 6351 8859 8875
f 6352 8876 6440
f 6352 8860 8876
f 6353 8877 6441
f 6353 8861 8877
f 6354 8878 6442
f 6354 8862 8878
f 6355 8879 6443
f 6355 8863 8879
f 6356 8880 6444
f 6356 8864 8880
f 6445 8882 8881
f 6357 8865 8881
f 6358 8882 6446
f 6358 6357 8882
f 8884 6430 6518
f 6430 8866 8883
f 6519 8885 8884
f 6431 6430 8884
f 6432 8885 6520
f 8868 6431 6432
f 6433 8886 6521
f 6433 8869 8886
f 6434 8887 6522
f 6434 8870 8887
f 6435 8888 6523
f 6435 8871 8888
f 6436 8889 6524
f 6436 8872 8889
f 6437 8890 6525
f 6437 8873 8890
f 6438 8891 6526
f 6438 8874 8891
f 6439 8892 6527
f 6439 8875 8892
f 6440 8893 6528
f 6440 8876 8893
f 6441 8894 6529
f 6441 8877 8894
f 6442 8895 6530
f 6442 8878 8895
f 6443 8896 6531
f 6443 8879 8896
f 6444 8897 6532
f 6444 8880 8897
f 6445 8898 6533
f 6445 8881 8898
f 6534 8900 8899
f 6446 8882 8899
f 6447 8900 6535
f 6447 6446 8900
f 6606 8902 8901
f 6518 8883 8901
f 8903 6519 6607
f 6519 6518 8902
f 6520 8903 6608
f 6520 8885 8903
f 6521 8904 6609
f 6521 8886 8904
f 6522 8905 6610
f 6522 8887 8905
f 6523 8906 6611
f 6523 8888 8906
f 6524 8907 6612
f 6524 8889 8907
f 6525 8908 6613
f 6525 8890 8908
f 6526 8909 6614
f 6526 8891 8909
f 6527 8910 6615
f 6527 8892 8910
f 6528 8911 6616
f 6528 8893 8911
f 6529 8912 6617
f 6529 8894 8912
f 6530 8913 6618
f 6530 8895 8913
f 6531 8914 6619
f 6531 8896 8914
f 6532 8915 6620
f 6532 8897 8915
f 6533 8916 6621
f 6533 8898 8916
f 6534 8917 6622
f 6534 8899 8917
f 6623 8919 8918
f 6535 8900 8918
f 6536 8919 6624
f 6536 6535 8919
f 6694 8921 8920
f 8901 6605 6606
f 6695 8922 8921
f 6607 6606 8921
f 6608 8922 6696
f 6608 8903 8922
f 6609 8923 6697
f 6609 8904 8923
f 6610 8924 6698
f 6610 8905 8924
f 6611 8925 6699
f 6611 8906 8925
f 6612 8926 6700
f 6612 8907 8926
f 6613 8927 6701
f 6613 8908 8927
f 6614 8928 6702
f 6614 8909 8928
f 6615 8929 6703
f 6615 8910 8929
f 6616 8930 6704
f 6616 8911 8930
f 6617 8931 6705
f 6617 8912 8931
f 6618 8932 6706
f 6618 8913 8932
f 6619 8933 6707
f 6619 8914 8933
f 6620 8934 6708
f 6620 8915 8934
f 6621 8935 6709
f 6621 8916 8935
f 6622 8936 6710
f 6622 8917 8936
f 6623 8937 6711
f 6623 8918 8937
f 6712 8939 8938
f 6624 8919 8938
f 6625 8939 6713
f 6625 6624 8939
f 8941 6694 6782
f 6694 8920 8940
f 6783 8942 8941
f 6695 6694 8941
f 6696 8942 6784
f 8922 6695 6696
f 6697 8943 6785
f 6697 8923 8943
f 6698 8944 6786
f 6698 8924 8944
f 6699 8945 6787
f 6699 8925 8945
f 6700 8946 6788
f 6700 8926 8946
f 6701 8947 6789
f 6701 8927 8947
f 6702 8948 6790
f 6702 8928 8948
f 6703 8949 6791
f 6703 8929 8949
f 6704 8950 6792
f 6704 8930 8950
f 6705 8951 6793
f 6705 8931 8951
f 6706 8952 6794
f 6706 8932 8952
f 6707 8953 6795
f 6707 8933 8953
f 6708 8954 6796
f 6708 8934 8954
f 6709 8955 6797
f 6709 8935 8955
f 6710 8956 6798
f 6710 8936 8956
f 6711 8957 6799
f 6711 8937 8957
f 6712 8958 6800
f 6712 8938 8958
f 6801 8960 8959
f 6713 8939 8959
f 6714 8960 6802
f 6714 6713 8960
f 6870 8962 8961
f 6782 8940 8961
f 8963 6783 6871
f 6783 6782 8962
f 6784 8963 6872
f 6784 8942 8963
f 6785 8964 6873
f 6785 8943 8964
f 6786 8965 6874
f 6786 8944 8965
f 6787 8966 6875
f 6787 8945 8966
f 6788 8967 6876
f 6788 8946 8967
f 6789 8968 6877
f 6789 8947 8968
f 6790 8969 6878
f 6790 8948 8969
f 6791 8970 6879
f 6791 8949 8970
f 6792 8971 6880
f 6792 8950 8971
f 6793 8972 6881
f 6793 8951 8972
f 6794 8973 6882
f 6794 8952 8973
f 6795 8974 6883
f 6795 8953 8974
f 6796 8975 6884
f 6796 8954 8975
f 6797 8976 6885
f 6797 8955 8976
f 6798 8977 6886
f 6798 8956 8977
f 6799 8978 6887
f 6799 8957 8978
f 6800 8979 6888
f 6800 8958 8979
f 6801 8980 6889
f 6801 8959 8980
f 6890 8982 8981
f 6802 8960 8981
f 6803 8982 6891
f 6803 6802 8982
f 6958 8984 8983
f 8961 6869 6870
f 6959 8985 8984
f 6871 6870 8984
f 6872 8985 6960
f 6872 8963 8985
f 6873 8986 6961
f 6873 8964 8986
f 6874 8987 6962
f 6874 8965 8987
f 6875 8988 6963
f 6875 8966 8988
f 6876 8989 6964
f 6876 8967 8989
f 6877 8990 6965
f 6877 8968 8990
f 6878 8991 6966
f 6878 8969 8991
f 6879 8992 6967
f 6879 8970 8992
f 6880 8993 6968
f 6880 8971 8993
f 6881 8994 6969
f 6881 8972 8994
f 6882 8995 6970
f 6882 8973 8995
f 6883 8996 6971
f 6883 8974 8996
f 6884 8997 6972
f 6884 8975 8997
f 6885 8998 6973
f 6885 8976 8998
f 6886 8999 6974
f 6886 8977 8999
f 6887 9000 6975
f 6887 8978 9000
f 6888 9001 6976
f 6888 8979 9001
f 6889 9002 6977
f 6889 8980 9002
f 6890 9003 6978
f 6890 8981 9003
f 6979 9005 9004
f 6891 8982 9004
f 6892 9005 6980
f 6892 6891 9005
f 9007 6958 7046
f 6958 8983 9006
f 7047 9008 9007
f 6959 6958 9007
f 6960 9008 7048
f 8985 6959 6960
f 6961 9009 7049
f 6961 8986 9009
f 6962 9010 7050
f 6962 8987 9010
f 6963 9011 7051
f 6963 8988 9011
f 6964 9012 7052
f 6964 8989 9012
f 6965 9013 7053
f 6965 8990 9013
f 6966 9014 7054
f 6966 8991 9014
f 6967 9015 7055
f 6967 8992 9015
f 6968 9016 7056
f 6968 8993 9016
f 6969 9017 7057
f 6969 8994 9017
f 6970 9018 7058
f 6970 8995 9018
f 6971 9019 7059
f 6971 8996 9019
f 6972 9020 7060
f 6972 8997 9020
f 6973 9021 7061
f 6973 8998 9021
f 6974 9022 7062
f 6974 8999 9022
f 6975 9023 7063
f 6975 9000 9023
f 6976 9024 7064
f 6976 9001 9024
f 6977 9025 7065
f 6977 9002 9025
f 6978 9026 7066
f 6978 9003 9026
f 6979 9027 7067
f 6979 9004 9027
f 7068 9029 9028
f 6980 9005 9028
f 6981 9029 7069
f 6981 6980 9029
f 7134 9031 9030
f 7046 9006 9030
f 9032 7047 7135
f 7047 7046 9031
f 7048 9032 7136
f 7048 9008 9032
f 7049 9033 7137
f 7049 9009 9033
f 7050 9034 7138
f 7050 9010 9034
f 7051 9035 7139
f 7051 9011 9035
f 7052 9036 7140
f 7052 9012 9036
f 7053 9037 7141
f 7053 9013 9037
f 7054 9038 7142
f 7054 9014 9038
f 7055 9039 7143
f 7055 9015 9039
f 7056 9040 7144
f 7056 9016 9040
f 7057 9041 7145
f 7057 9017 9041
f 7058 9042 7146
f 7058 9018 9042
f 7059 9043 7147
f 7059 9019 9043
f 7060 9044 7148
f 7060 9020 9044
f 7061 9045 7149
f 7061 9021 9045
f 7062 9046 7150
f 7062 9022 9046
f 7063 9047 7151
f 7063 9023 9047
f 7064 9048 7152
f 7064 9024 9048
f 7065 9049 7153
f 7065 9025 9049
f 7066 9050 7154
f 7066 9026 9050
f 7067 9051 7155
f 7067 9027 9051
f 7068 9052 7156
f 7068 9028 9052
f 7157 9054 9053
f 7069 9029 9053
f 7070 9054 7158
f 7070 7069 9054
f 7222 9056 9055
f 9030 7133 7134
f 7223 9057 9056
f 7135 7134 9056
f 7136 9057 7224
f 7136 9032 9057
f 7137 9058 7225
f 7137 9033 9058
f 7138 9059 7226
f 7138 9034 9059
f 7139 9060 7227
f 7139 9035 9060
f 7140 9061 7228
f 7140 9036 9061
f 7141 9062 7229
f 7141 9037 9062
f 7142 9063 7230
f 7142 9038 9063
f 7143 9064 7231
f 7143 9039 9064
f 7144 9065 7232
f 7144 9040 9065
f 7145 9066 7233
f 7145 9041 9066
f 7146 9067 7234
f 7146 9042 9067
f 7147 9068 7235
f 7147 9043 9068
f 7148 9069 7236
f 7148 9044 9069
f 7149 9070 7237
f 7149 9045 9070
f 7150 9071 7238
f 7150 9046 9071
f 7151 9072 7239
f 7151 9047 9072
f 7152 9073 7240
f 7152 9048 9073
f 7153 9074 7241
f 7153 9049 9074
f 7154 9075 7242
f 7154 9050 9075
f 7155 9076 7243
f 7155 9051 9076
f 7156 9077 7244
f 7156 9052 9077
f 7157 9078 7245
f 7157 9053 9078
f 7246 9080 9079
f 7158 9054 9079
f 7159 9080 7247
f 7159 7158 9080
f 9082 7222 7310
f 7222 9055 9081
f 7311 9083 9082
f 7223 7222 9082
f 7224 9083 7312
f 9057 7223 7224
f 7225 9084 7313
f 7225 9058 9084
f 7226 9085 7314
f 7226 9059 9085
f 7227 9086 7315
f 7227 9060 9086
f 7228 9087 7316
f 7228 9061 9087
f 7229 9088 7317
f 7229 9062 9088
f 7230 9089 7318
f 7230 9063 9089
f 7231 9090 7319
f 7231 9064 9090
f 7232 9091 7320
f 7232 9065 9091
f 7233 9092 7321
f 7233 9066 9092
f 7234 9093 7322
f 7234 9067 9093
f 7235 9094 7323
f 7235 9068 9094
f 7236 9095 7324
f 7236 9069 9095
f 7237 9096 7325
f 7237 9070 9096
f 7238 9097 7326
f 7238 9071 9097
f 7239 9098 7327
f 7239 9072 9098
f 7240 9099 7328
f 7240 9073 9099
f 7241 9100 7329
f 7241 9074 9100
f 7242 9101 7330
f 7242 9075 9101
f 7243 9102 7331
f 7243 9076 9102
f 7244 9103 7332
f 7244 9077 9103
f 7245 9104 7333
f 7245 9078 9104
f 7246 9105 7334
f 7246 9079 9105
f 7335 9107 9106
f 7247 9080 9106
f 7248 9107 7336
f 7248 7247 9107
f 7398 9109 9108
f 7310 9081 9108
f 9110 7311 7399
f 7311 7310 9109
f 7312 9110 7400
f 7312 9083 9110
f 7313 9111 7401
f 7313 9084 9111
f 7314 9112 7402
f 7314 9085 9112
f 7315 9113 7403
f 7315 9086 9113
f 7316 9114 7404
f 7316 9087 9114
f 7317 9115 7405
f 7317 9088 9115
f 7318 9116 7406
f 7318 9089 9116
f 7319 9117 7407
f 7319 9090 9117
f 7320 9118 7408
f 7320 9091 9118
f 7321 9119 7409
f 7321 9092 9119
f 7322 9120 7410
f 7322 9093 9120
f 7323 9121 7411
f 7323 9094 9121
f 7324 9122 7412
f 7324 9095 9122
f 7325 9123 7413
f 7325 9096 9123
f 7326 9124 7414
f 7326 9097 9124
f 7327 9125 7415
f 7327 9098 9125
f 7328 9126 7416
f 7328 9099 9126
f 7329 9127 7417
f 7329 9100 9127
f 7330 9128 7418
f 7330 9101 9128
f 7331 9129 7419
f 7331 9102 9129
f 7332 9130 7420
f 7332 9103 9130
f 7333 9131 7421
f 7333 9104 9131
f 7334 9132 7422
f 7334 9105 9132
f 7335 9133 7423
f 7335 9106 9133
f 7424 9135 9134
f 7336 9107 9134
f 7337 9135 7425
f 7337 7336 9135
f 7486 9137 9136
f 9108 7397 7398
f 7487 9138 9137
f 7399 7398 9137
f 7400 9138 7488
f 7400 9110 9138
f 7401 9139 7489
f 7401 9111 9139
f 7402 9140 7490
f 7402 9112 9140
f 7403 9141 7491
f 7403 9113 9141
f 7404 9142 7492
f 7404 9114 9142
f 7405 9143 7493
f 7405 9115 9143
f 7406 9144 7494
f 7406 9116 9144
f 7407 9145 7495
f 7407 9117 9145
f 7408 9146 7496
f 7408 9118 9146
f 7409 9147 7497
f 7409 9119 9147
f 7410 9148 7498
f 7410 9120 9148
f 7411 9149 7499
f 7411 9121 9149
f 7412 9150 7500
f 7412 9122 9150
f 7413 9151 7501
f 7413 9123 9151
f 7414 9152 7502
f 7414 9124 9152
f 7415 9153 7503
f 7415 9125 9153
f 7416 9154 7504
f 7416 9126 9154
f 7417 9155 7505
f 7417 9127 9155
f 7418 9156 7506
f 7418 9128 9156
f 7419 9157 7507
f 7419 9129 9157
f 7420 9158 7508
f 7420 9130 9158
f 7421 9159 7509
f 7421 9131 9159
f 7422 9160 7510
f 7422 9132 9160
f 7423 9161 7511
f 7423 9133 9161
f 7424 9162 7512
f 7424 9134 9162
f 7513 9164 9163
f 7425 9135 9163
f 7426 9164 7514
f 7426 7425 9164
f 9166 7486 7574
f 7486 9136 9165
f 7575 9167 9166
f 7487 7486 9166
f 7488 9167 7576
f 9138 7487 7488
f 7489 9168 7577
f 7489 9139 9168
f 7490 9169 7578
f 7490 9140 9169
f 7491 9170 7579
f 7491 9141 9170
f 7492 9171 7580
f 7492 9142 9171
f 7493 9172 7581
f 7493 9143 9172
f 7494 9173 7582
f 7494 9144 9173
f 7495 9174 7583
f 7495 9145 9174
f 7496 9175 7584
f 7496 9146 9175
f 7497 9176 7585
f 7497 9147 9176
f 7498 9177 7586
f 7498 9148 9177
f 7499 9178 7587
f 7499 9149 9178
f 7500 9179 7588
f 7500 9150 9179
f 7501 9180 7589
f 7501 9151 9180
f 7502 9181 7590
f 7502 9152 9181
f 7503 9182 7591
f 7503 9153 9182
f 7504 9183 7592
f 7504 9154 9183
f 7505 9184 7593
f 7505 9155 9184
f 7506 9185 7594
f 7506 9156 9185
f 7507 9186 7595
f 7507 9157 9186
f 7508 9187 7596
f 7508 9158 9187
f 7509 9188 7597
f 7509 9159 9188
f 7510 9189 7598
f 7510 9160 9189
f 7511 9190 7599
f 7511 9161 9190
f 7512 9191 7600
f 7512 9162 9191
f 7513 9192 7601
f 7513 9163 9192
f 7602 9194 9193
f 7514 9164 9193
f 7515 9194 7603
f 7515 7514 9194
f 7662 9196 9195
f 7574 9165 9195
f 9197 7575 7663
f 7575 7574 9196
f 7576 9197 7664
f 7576 9167 9197
f 7577 9198 7665
f 7577 9168 9198
f 7578 9199 7666
f 7578 9169 9199
f 7579 9200 7667
f 7579 9170 9200
f 7580 9201 7668
f 7580 9171 9201
f 7581 9202 7669
f 7581 9172 9202
f 7582 9203 7670
f 7582 9173 9203
f 7583 9204 7671
f 7583 9174 9204
f 7584 9205 7672
f 7584 9175 9205
f 7585 9206 7673
f 7585 9176 9206
f 7586 9207 7674
f 7586 9177 9207
f 7587 9208 7675
f 7587 9178 9208
f 7588 9209 7676
f 7588 9179 9209
f 7589 9210 7677
f 7589 9180 9210
f 7590 9211 7678
f 7590 9181 9211
f 7591 9212 7679
f 7591 9182 9212
f 7592 9213 7680
f 7592 9183 9213
f 7593 9214 7681
f 7593 9184 9214
f 7594 9215 7682
f 7594 9185 9215
f 7595 9216 7683
f 7595 9186 9216
f 7596 9217 7684
f 7596 9187 9217
f 7597 9218 7685
f 7597 9188 9218
f 7598 9219 7686
f 7598 9189 9219
f 7599 9220 7687
f 7599 9190 9220
f 7600 9221 7688
f 7600 9191 9221
f 7601 9222 7689
f 7601 9192 9222
f 7602 9223 7690
f 7602 9193 9223
f 7691 9225 9224
f 7603 9194 9224
f 7604 9225 7692
f 7604 7603 9225
f 7750 9227 9226
f 9195 7661 7662
f 7751 9228 9227
f 7663 7662 9227
f 7664 9228 7752
f 7664 9197 9228
f 7665 9229 7753
f 7665 9198 9229
f 7666 9230 7754
f 7666 9199 9230
f 7667 9231 7755
f 7667 9200 9231
f 7668 9232 7756
f 7668 9201 9232
f 7669 9233 7757
f 7669 9202 9233
f 7670 9234 7758
f 7670 9203 9234
f 7671 9235 7759
f 7671 9204 9235
f 7672 9236 7760
f 7672 9205 9236
f 7673 9237 7761
f 7673 9206 9237
f 7674 9238 7762
f 7674 9207 9238
f 7675 9239 7763
f 7675 9208 9239
f 7676 9240 7764
f 7676 9209 9240
f 7677 9241 7765
f 7677 9210 9241
f 7678 9242 7766
f 7678 9211 9242
f 7679 9243 7767
f 7679 9212 9243
f 7680 9244 7768
f 7680 9213 9244
f 7681 9245 7769
f 7681 9214 9245
f 7682 9246 7770
f 7682 9215 9246
f 7683 9247 7771
f 7683 9216 9247
f 7684 9248 7772
f 7684 9217 9248
f 7685 9249 7773
f 7685 9218 9249
f 7686 9250 7774
f 7686 9219 9250
f 7687 9251 7775
f 7687 9220 9251
f 7688 7687 7776
f 7688 9221 7687
f 7689 9252 7777
f 7689 9222 9252
f 7690 9253 7778
f 7690 9223 9253
f 7691 9254 7779
f 7691 9224 9254
f 7780 9256 9255
f 7692 9225 9255
f 7693 9256 7781
f 7693 7692 9256
f 7750 9226 9257
f 7839 9258 7750
f 7752 9258 7840
f 9228 7751 7752
f 7753 9259 7841
f 7753 9229 9259
f 7754 9260 7842
f 7754 9230 9260
f 7755 9261 7843
f 7755 9231 9261
f 7756 9262 7844
f 7756 9232 9262
f 7757 9263 7845
f 7757 9233 9263
f 7758 9264 7846
f 7758 9234 9264
f 7759 9265 7847
f 7759 9235 9265
f 7760 9266 7848
f 7760 9236 9266
f 7761 9267 7849
f 7761 9237 9267
f 7762 9268 7850
f 7762 9238 9268
f 7763 9269 7851
f 7763 9239 9269
f 7764 9270 7852
f 7764 9240 9270
f 7765 9271 7853
f 7765 9241 9271
f 7766 9272 7854
f 7766 9242 9272
f 7767 9273 7855
f 7767 9243 9273
f 7768 9274 7856
f 7768 9244 9274
f 7769 9275 7857
f 7769 9245 9275
f 7770 9276 7858
f 7770 9246 9276
f 7771 9277 7859
f 7771 9247 9277
f 7772 9278 7860
f 7772 9248 9278
f 7773 9279 7861
f 7773 9249 9279
f 7774 9280 7862
f 7774 9250 9280
f 7775 9281 7863
f 7775 9251 9281
f 7776 7775 7864
f 7776 7687 7775
f 7777 9282 7865
f 7777 9252 9282
f 7778 9283 7866
f 7778 9253 9283
f 7779 9284 7867
f 7779 9254 9284
f 7780 9285 7868
f 7780 9255 9285
f 7869 9287 9286
f 7781 9256 9286
f 7782 9287 7870
f 7782 7781 9287
f 7927 7839 7926
f 7838 9257 9288
f 9289 7839 7927
f 7838 7926 7839
f 7840 9289 7928
f 7840 9258 9289
f 7841 9290 7929
f 7841 9259 9290
f 7842 9291 7930
f 7842 9260 9291
f 7843 9292 7931
f 7843 9261 9292
f 7844 9293 7932
f 7844 9262 9293
f 7845 9294 7933
f 7845 9263 9294
f 7846 9295 7934
f 7846 9264 9295
f 7847 9296 7935
f 7847 9265 9296
f 7848 9297 7936
f 7848 9266 9297
f 7849 9298 7937
f 7849 9267 9298
f 7850 9299 7938
f 7850 9268 9299
f 7851 9300 7939
f 7851 9269 9300
f 7852 9301 7940
f 7852 9270 9301
f 7853 9302 7941
f 7853 9271 9302
f 7854 9303 7942
f 7854 9272 9303
f 7855 9304 7943
f 7855 9273 9304
f 7856 9305 7944
f 7856 9274 9305
f 7857 9306 7945
f 7857 9275 9306
f 7858 9307 7946
f 7858 9276 9307
f 7859 9308 7947
f 7859 9277 9308
f 7860 9309 7948
f 7860 9278 9309
f 7861 9310 7949
f 7861 9279 9310
f 7862 9311 7950
f 7862 9280 9311
f 7863 9312 7951
f 7863 9281 9312
f 7864 7863 7952
f 7864 7775 7863
f 7865 9313 7953
f 7865 9282 9313
f 7866 9314 7954
f 7866 9283 9314
f 7867 7866 7955
f 7867 9284 7866
f 7868 9315 7956
f 7868 9285 9315
f 7869 9316 7957
f 7869 9286 9316
f 7958 9318 9317
f 7870 9287 9317
f 7871 9318 7959
f 7871 7870 9318
f 8014 9320 9319
f 7926 9288 9319
f 8015 9321 9320
f 7927 7926 9320
f 7928 9321 8016
f 7928 9289 9321
f 7929 9322 8017
f 7929 9290 9322
f 7930 9323 8018
f 7930 9291 9323
f 7931 9324 8019
f 7931 9292 9324
f 7932 9325 8020
f 7932 9293 9325
f 7933 9326 8021
f 7933 9294 9326
f 7934 9327 8022
f 7934 9295 9327
f 7935 9328 8023
f 7935 9296 9328
f 7936 9329 8024
f 7936 9297 9329
f 7937 9330 8025
f 7937 9298 9330
f 7938 9331 8026
f 7938 9299 9331
f 7939 9332 8027
f 7939 9300 9332
f 7940 9333 8028
f 7940 9301 9333
f 7941 9334 8029
f 7941 9302 9334
f 7942 9335 8030
f 7942 9303 9335
f 7943 9336 8031
f 7943 9304 9336
f 7944 9337 8032
f 7944 9305 9337
f 7945 9338 8033
f 7945 9306 9338
f 7946 9339 8034
f 7946 9307 9339
f 7947 9340 8035
f 7947 9308 9340
f 7947 8035 7948
f 7948 9309 7947
f 7949 9341 8037
f 7949 9310 9341
f 7950 9342 8038
f 7950 9311 9342
f 7951 9343 8039
f 7951 9312 9343
f 7951 8039 7952
f 7952 7863 7951
f 7953 9344 8041
f 7953 9313 9344
f 7954 9345 8042
f 7954 9314 9345
f 7954 8042 7955
f 7955 7866 7954
f 7956 9346 8044
f 7956 9315 9346
f 7957 9347 8045
f 7957 9316 9347
f 7958 9348 8046
f 7958 9317 9348
f 8047 9350 9349
f 7959 9318 9349
f 8048 9352 9350
f 7960 7959 9350
f 3524 9351 3612
f 3524 8729 9351
f 8049 9356 9352
f 7961 7960 9352
f 497 498 9353
f 409 408 9353
f 3612 9354 3700
f 3612 9351 9354
f 4846 9355 4934
f 4846 4845 9355
f 7962 9356 8050
f 7962 7961 9356
f 3700 9357 3788
f 3700 9354 9357
f 496 497 9358
f 408 407 9358
