v 8.5898437499998086e-06 -0.042705910156249992 0.00071528906250000238
v 1.2438796004974364 -0.012942399343872072 0.18616048240051269
v 1.0959066960754393 -0.018150920715332031 0.59512915429687485
v 1.2498304691215516 -0.007197936453247073 -0.19279902763290407
v 1.0509377759552003 -0.030002153607177735 -0.62310611756439216
v 0.77420291165618893 -0.030002089384460452 -0.94492231974334706
v 0.45734184361114499 -0.0071982084548950203 -1.1784188313278197
v -0.034908084551811221 -0.0010087265071868903 -1.275241360961914
v -0.46921637291717522 -0.00093169055461883457 -1.1863286438379288
v -0.84690865371131885 -0.0009316300601959226 -0.95425419041728965
v -1.1224496520242693 -0.00093175283336639249 -0.60699838887310031
v -1.2023845820129395 -0.029053560075378418 -0.21816984051971436
v -1.2361266563568116 -0.014708596633911133 0.20624249000549316
v -1.1125807793470381 0.0004508315343856829 0.62468630418968196
v -0.81480959528350838 -0.014708413322448727 0.95273348216247555
v -0.45120087617187499 0.00045496700515746964 1.1938682593328476
v 0.033178760894775394 -0.018150957031249994 1.2469907841491701
v 0.45743138052368165 -0.018150630554199215 1.1604852264404297
v 0.82651227374267577 -0.018150826812744138 0.93409685919189456
v 1.26529209770298 0.099665410988807684 0.27885448312091832
v 1.1262873503124236 0.086254379753112786 0.65024403147201537
v 1.2575168097667695 0.13547492527389526 -0.20017310535240174
v 1.1444706424398423 0.081657348629951471 -0.61724258147048949
v 0.83419350416755678 0.13547499091720583 -0.96148142298316963
v 0.47950883011245726 0.08165736393070222 -1.2083140326166153
v -0.0098316731805801385 0.10655399018573762 -1.2912476553220749
v -0.45111226955604555 0.10655370455360413 -1.2099615981292726
v -0.8379791509628296 0.10655370456504822 -0.98265408861541736
v -1.1237721041927338 0.10655370456504822 -0.63673920630455016
v -1.2479383672690392 0.15632888746881485 -0.248475810649395
v -1.2587529413824081 0.13821993192338944 0.21322583664608
v -1.1101548775815964 0.13821996068048478 0.63093384394741059
v -0.82765381247186665 0.13821996134996414 0.97262762857675555
v -0.44532353088474275 0.13822009856891632 1.1970948310055731
v 0.0006377439624786381 0.086254432397270209 1.3008584936651229
v 0.44527704649238586 0.086254328010177614 1.222233966618347
v 0.8362104395332336 0.086254371620178211 0.99627879256134033
v 1.2569958459749224 0.15980918019104004 0.21042761516952513
v 1.0886609491796493 0.16758759619140629 0.66356755672836298
v 1.1144317073726655 0.16297768433380128 -0.60117294950294498
v 0.44683406631207467 0.18701314366197586 -1.1970197583847046
v 0.045333519747734072 0.15907461774635315 -1.2656771864299774
v -0.39876999225807186 0.16305638514328002 -1.2035514153442384
v -0.78660159107780458 0.16305638493156432 -0.99453270162582397
v -1.0795552046737671 0.16305638493156432 -0.66547292008781422
v -0.029714104003906248 0.16758771245384216 1.2749320424861907
v 0.40788898859500883 0.16758762084865569 1.2082555686712264
v 0.79629641110706328 0.16758762419605255 0.99593060972213743
v 1.2550906757698059 0.1843639078450203 -0.23304560901975629
v 1.0983199413313867 0.18836363118219374 -0.65552885232305524
v 0.81120475671482084 0.18436398317956923 -0.98510374082279206
v 0.056364644319057466 0.22083423987722398 -1.2895411390647886
v -0.37265805775928501 0.21325307219219206 -1.2328528769578933
v -0.79128415048599243 0.23096761345100403 -1.0231877603721617
v -1.0783875970611572 0.21325295319461823 -0.7047037579498292
v -1.2775893310585023 0.2333305661869049 0.20415866102409364
v -1.1309671847181322 0.23333715527343751 0.62886254271793363
v -0.84791050920009614 0.2333305661869049 0.97778951408767711
v -0.45728255540323259 0.2613560868110657 1.2020863402967454
v 1.2670937621641158 0.24536863509464263 0.24845123868465424
v 1.0965746277818682 0.25912418112850188 0.67612171430492407
v 1.2549775831799508 0.2854319663529396 -0.24261940586090092
v 1.1184198732070922 0.25289507904434205 -0.64697624132347109
v 0.80496153646230706 0.28543148861312867 -0.99236134162425993
v 0.47407879789304735 0.27752284283866879 -1.1894510152778626
v 0.016710422036170961 0.27739065688037873 -1.283169509850502
v -0.42926648974437714 0.27440277600479129 -1.2103677462047575
v -0.81245611749744417 0.27739014947700502 -0.99352980269908908
v -1.1072990563732148 0.27440260443115233 -0.65109181542778016
v -1.2604124148492812 0.28662724939346312 -0.20075549104881285
v -1.2524250571211815 0.28226839846200946 0.26741838274211882
v -1.1058779073934555 0.297164541267395 0.62430318603515622
v -0.78797127348508833 0.2822683990151405 1.0100739635612488
v 0.047360458243846888 0.25586917352724076 1.2875638936123848
v 0.40588104231882094 0.25912434237098692 1.2229593003907202
v 0.86345872821092606 0.25586920799350743 0.9560651587257385
v 1.2229951372861865 0.3294521280727386 0.20975539170551299
v 1.0551114681701659 0.34719331606674197 0.60979120347976679
v 1.2222401750583649 0.33447705257987975 -0.17228661656188968
v 1.1135393487533569 0.30284817184562685 -0.60277493582077013
v 0.83306836656379701 0.33180320122051238 -0.91386274364280706
v -0.003901981212615967 0.34210684401798253 -1.2235242756938933
v -0.40245144243125919 0.33891006249046329 -1.1623681933780672
v -0.82165841860961908 0.33489723688507078 -0.91959900393676763
v -1.0391059834138869 0.35587153327560428 -0.61898158165168771
v -1.1909127866153719 0.35112846553611754 -0.23100743774795529
v -1.2114445843219757 0.33768294409942623 0.22536038152503968
v -0.78361320471572882 0.33768294514465336 0.95151347448158274
v -0.44209196012496954 0.34254964007186894 1.1422084038066864
v -0.027194910101699825 0.34403425877227783 1.2251432368503572
v 0.41675232218360903 0.34719357710266108 1.145495375520706
v 0.76622212848014826 0.34403426030387874 0.95617120771408071
v 1.1024231895583017 0.42842656989560807 0.17871114501353674
v 0.9578316273651124 0.42868079643249513 -0.57253935171508785
v 0.40142174343872072 0.43279516853332517 -1.0340756759338379
v -0.39422975539670674 0.44740490422003609 -1.0196087564473832
v -0.98973216033009115 0.41145211736161369 -0.56201435621942797
v -1.0757610848203387 0.45320614588328767 0.16481473839242117
v -0.71859259263447339 0.45320741762706213 0.81791809278815131
v 0.0074458962222508042 0.41304255555343627 1.1375722746129719
v 0.73094490001678469 0.42868666191864013 0.84447341679382326
v 0.97725146208953861 0.55856886758422852 0.1768535850982666
v 0.58747100433349608 0.57774937985229491 0.78416737094879141
v 0.85171649485015877 0.59133857050323491 -0.46685499808502195
v 0.34678120979309079 0.62770777954864498 -0.88494906408691409
v -0.30737586143493656 0.60209850177001956 -0.91334133419799801
v -0.83595373059082023 0.59975371738433836 -0.4856821266021728
v -0.96998107536315914 0.58136665681457522 0.11779503648376465
v -0.66624956642150879 0.58501593879699709 0.71261863749694832
v -0.05356421920013428 0.57774937985229491 0.97848105057525636
v 0.89467759190368656 0.7501470682525635 0.17936450545120239
v 0.60485993027496343 0.79127107947921749 0.67888620446777337
v 0.79144894112777719 0.77272950325012202 -0.44851986838531493
v 0.29943867796897883 0.82954247457313535 -0.85915313991928099
v -0.27183782246017457 0.7747419974861145 -0.86758891029739382
v -0.76413210333061221 0.83507362009811392 -0.49815747786140435
v -0.88469661015129097 0.80868061790847778 0.21199585634803772
v -0.56392556272888184 0.82004741612434384 0.71639819862556453
v -0.029102613349914555 0.79579010884857171 0.91023807332611084
v 0.94348868498611438 0.96969370183181769 0.16685134780120853
v 0.59935556856209882 0.98248340939985002 0.75887561025129036
v 0.85822270540836887 0.99395322674560538 -0.45929189640045165
v 0.36166952636391775 0.99369937957763677 -0.90157199511391772
v -0.27525196119526452 0.95559555523463646 -0.90905358080673215
v -0.83266709580285203 0.98562655467823579 -0.49360278860064916
v -0.94714264676448279 0.96233181029728465 0.10860786260005406
v -0.66995507725906367 0.967689800895146 0.68394957823944091
v -0.038254067733764649 0.97788654664611818 0.96353561585998537
v 1.0544503681426729 1.1395970299826008 -0.15139346270101409
v 1.0570215050573348 1.1393085463950632 0.13883577652978896
v 0.92404658048295985 1.2335288434152605 -0.53756791907215118
v 0.65707239506573689 1.1613872654922963 -0.83992210534563072
v 0.38059393173050882 1.1245861897814273 -0.99057671519458301
v 0.038799185868944444 1.1329784156881062 -1.0629956374784195
v -0.37058155368900303 1.168537191705513 -1.0065482300209045
v -0.68022471351887837 1.2072453854219027 -0.82688126094289505
v -0.9411089297261237 1.1730647927682101 -0.52305366474834081
v -1.0578556644214392 1.2122245282262905 -0.22102775924311369
v -1.0584379190521238 1.160406688688278 0.18957785752868653
v -0.9110967884608745 1.188766876734519 0.57569622197277548
v -0.73258691851633784 1.1700664662806988 0.78532947826611998
v -0.38198063889939449 1.1827555069956777 1.002325338001115
v -0.046787500038743025 1.1781959946756362 1.0696730162715913
v 0.3813427431162596 1.151086450265135 1.0016048754581042
v 0.68234650893129112 1.2106662145666958 0.82146778206353188
v 0.92375566514281204 1.200172723525456 0.55329809307794908
v 1.063148714066267 1.22852479432354 0.17938909295594693
v 1.0820582886909851 1.2111111292884844 -0.013757166484772231
v 1.0533091324580668 1.239920935295391 -0.20733442420082093
v 1.0081891285298019 1.2260232257632389 -0.37177674603258815
v 0.84156436635560161 1.2387351519320271 -0.65105627954602241
v 0.69030486416202774 1.264735428055644 -0.79345861783134941
v 0.53216312905925511 1.1797525982800723 -0.92604939839378009
v 0.39030446652174 1.2409818564210415 -0.9797649928165435
v 0.17138030514025687 1.204597372140169 -1.0494261055792569
v -0.011516241292272295 1.1964305315452304 -1.0672087734649862
v -0.21108210594507304 1.2171814790262954 -1.0391492386471406
v -0.41850394150787595 1.2665596781437278 -0.96615805388000009
v -0.55217221537578098 1.2390742851895693 -0.90386363504606493
v -0.84458435198628901 1.1739229477180837 -0.6676052578294277
v -0.93876970034437179 1.2448109511318683 -0.51002632489299771
v -1.0235265816472769 1.1796275844003303 -0.33861618821380823
v -1.0772390632395017 1.2372632524996214 -0.0080999310021232802
v -1.0554673637708902 1.2250024953571081 0.21297938575655223
v -1.0178774276475837 1.2323029683488302 0.34370775999216274
v -0.93692923706070352 1.2415363689515795 0.50939370806611606
v -0.82631394718182083 1.2250968920008543 0.67321705702579027
v -0.67018217834839811 1.2230647131047725 0.8186085597806454
v -0.57047427509044857 1.2124111711675525 0.89475208961962904
v -0.38239961159486768 1.2430449177347183 0.96080353743724822
v -0.21111526070022582 1.2584307119140625 0.99747548657131202
v -0.02256990660381317 1.2431018612599374 1.0325582898025512
v 0.16281403292942048 1.250959527696371 1.0126179213075637
v 0.40690752434239386 1.233103099037838 0.96254351624279022
v 0.55915247759771347 1.1802073626012801 0.91580454771590225
v 0.82796754169917097 1.2496220183167459 0.65971333842897417
v 1.0145638456681967 1.1654179249868393 0.35747113658982516
v -0.0068800713922381393 4.2297067877199659 -0.35625977818119525
v 0.051803183219779808 4.3319623855074347 -0.28252199239798953
v 0.084426261598587043 4.2205480123419763 -0.33647249784135824
v 0.23324650982170106 1.4088328714488985 0.89132625124168396
v 0.077270013675349095 1.3747583693398748 0.97787253955943254
v 0.34914546580314632 1.4295240710697175 0.84143522759246836
v 0.49874247011716027 1.4958175661938531 0.72433431851073671
v 0.64810339134311679 1.4359462045550346 0.67443891734313954
v 0.7913320561180115 1.494856825901985 0.51327956427955623
v 0.89385186890220647 1.4532683322029114 0.41204099174404141
v 0.96185730457878105 1.4233086371898649 0.28022270774841307
v 0.99180967112922669 1.4215253873815537 0.15387809345531461
v 0.97388226616954809 1.4685244004821778 -0.027479350023269653
v 0.98804579716939933 1.4215309142210009 -0.16554046983489989
v 0.90830622317041665 1.4641489885647638 -0.38519502470493316
v 0.82311514250249862 1.466277385669041 -0.56047891761836999
v 0.76709136213684082 1.4621351787643433 -0.6401450225868226
v 0.67402796945381172 1.4527627986297607 -0.75271053236198426
v 0.51295911224174495 1.40427758486557 -0.90955433598470692
v 0.38430040809249877 1.4586826608047487 -0.98854200052070618
v 0.16258525602197649 1.4290355318384169 -1.0659857993569375
v 0.050352286593437198 1.4224937275476455 -1.0750674941358567
v -0.053155550284132366 1.926656850437358 0.96637997097651662
v 0.033769668943600992 1.8265586631408333 0.98229293079921187
v 0.090978047698531822 1.7650743243407607 0.95544082895456894
v 0.05118894569015503 1.8994439950794577 0.97227890427947039
v 0.080566021509873867 2.2371679496040819 0.88018401039260619
v -0.015620887328147887 2.2864422546424867 0.9242123357983828
v -0.037549386002185943 2.1241837629504827 0.94372315692468889
v 0.035832078628420833 2.1094616577482226 0.94543698744463933
v 0.086214874780225756 2.5534457584981443 0.92924470264401426
v 0.0080700363382101067 2.5600292334237698 0.96750142115622761
v 0.015034716579318045 2.4471882556790714 0.93112547673612833
v 0.085996986796379099 2.4670402859923843 0.9101518829007148
v 0.034559870962291954 2.7406316063544152 0.99094483096852892
v 0.088812487508867471 2.8218602164643469 0.96280065554000016
v -0.048258929121323998 2.8847205059867247 0.98826856977237976
v -0.030284514217048884 3.3994507555640339 1.0735549860397577
v 0.05803656681656838 3.3763248167212008 1.0637439343869686
v 0.073385948929880346 3.4573566028784262 1.0483514881436142
v -0.037873592965379357 3.4729174967548997 1.0578004703468382
v 0.0050651236578822135 3.571146951351702 1.0684393877301812
v 0.087638873756647112 3.5816522847292425 1.0407799927055834
v 0.077146069197297093 3.7107229572182892 1.0288317041988373
v -0.074858156431632128 3.7290739590430082 1.0275514205098124
v 7.9751394867897361e-05 3.8256816733098926 1.0415032174351215
v 0.074565415077775712 3.7866066417956388 1.0396853765753451
v 0.073043040249228475 3.8481647123914957 1.015623072347045
v 0.039613598442792892 3.9035229380199912 1.0081059697793722
v 0.018986303558960554 4.0204515873778162 0.96719705593705185
v 0.078210711571276181 3.9701208180252907 0.97755963100713483
v 0.090327154478311536 4.0266002729834911 0.91936992383271465
v -0.030111412524402137 4.0707510553966459 0.92457324585983158
v 0.12647200447177886 1.8014922662210464 0.72338619476222998
v 0.30255442734909055 1.8072745198097229 0.66189539035415645
v 0.23022084440612794 2.2128531667709352 0.6738553567924499
v 0.0979754190642039 2.1808636736659999 0.75098307175509127
v 0.2045612647228241 2.601689321082115 0.68705607451725015
v 0.10313367009735107 2.5899520540231977 0.74993816184888562
v 0.13552776573061942 2.7944492414090636 0.7192873858721256
v 0.097110423236846932 2.812746291448593 0.7847420438232422
v 0.11476759966504574 3.1410833404957055 0.85847644386223942
v 0.19111346990871431 3.1152195644388199 0.78897764075279242
v 0.18400378336906431 3.3863129664783478 0.83299037599945058
v 0.11681610323664121 3.4108080740213054 0.87619079849696169
v 0.16140978339529038 3.6419681089205742 0.8566874346117973
v 0.10896138239359857 3.6040189831018448 0.90965147225570675
v 0.11023014033842087 3.7694742283063531 0.86568300646114349
v 0.16403371350313428 3.7608296373244885 0.82229757179651264
v 0.13262588882716 3.8458749868953976 0.79830185694743694
v 0.15321759158179163 3.9070099443185931 0.76391701367142795
v 0.42876970710487361 1.7947153501262665 0.61846033284015656
v 0.40972464497184746 2.1528503608951568 0.60475089020156858
v 0.31327119236278533 2.5824997497634889 0.64097019570827485
v 0.30148572594356537 2.7472343103561396 0.62696307537651064
v 0.26008526987791059 3.0993845790362355 0.73185493125176426
v 0.22834418099856377 3.4317866233856673 0.81256959462881095
v 0.20119803432989122 3.5825361222586629 0.8415634965333938
v 0.21945326257133485 3.7434632945032118 0.80223421240162851
v 0.48150358103532792 1.8385853279385567 0.57090101435251239
v 0.4969076912279129 2.2028732835540774 0.49232889709568023
v 0.37549951631736755 2.5268901074447632 0.58002540830612181
v 0.33613164722633365 2.7712766148204806 0.57367017439651491
v 0.26820025393342972 3.3259056469836237 0.76102411382842061
v 0.27355307033538817 3.6022012048175336 0.78437027799367898
v 0.27020771784756181 3.7002910493647221 0.76423190059066415
v 0.65814882164859778 1.796360424337387 0.38782173982334134
v 0.54634090642261501 2.1011847563204764 0.4494956676082611
v 0.42579525842332838 2.5300970697357652 0.50536484690570838
v 0.37742931442117689 2.7444803307170869 0.51886232942533494
v 0.31928001376914983 3.0415172767715455 0.65450547080993648
v 0.32719977645444875 3.3454887406201359 0.69179919293737413
v 0.32625320064765218 3.6034657740703819 0.70737808779925104
v 0.20405337888002395 4.0407149025006293 0.7718267599344254
v 0.23053511103296279 3.9143244214395523 0.78480372349185945
v 0.32299694043295535 4.0810306669803396 0.89626284633556152
v 0.32612046882709733 4.1279937110682701 0.8458004035289739
v 0.72513884494590752 1.7297726412334442 0.34635576065826412
v 0.57456684541130065 2.1587580160722735 0.40236310109710693
v 0.47722085873126985 2.5234094212465283 0.44124729625034337
v 0.41610595488739011 2.755929386627197 0.469007191898346
v 0.38222768117260936 3.0236915949618814 0.56541024602603907
v 0.35401765200424196 3.2966885310912133 0.64805719940567008
v 0.37993645953559879 3.5656547636101248 0.61797376547527305
v 0.3436490295107365 3.6983688676756623 0.62581742336881163
v 0.30749142679357527 3.7113791794968249 0.71411340911883114
v 0.76805457838821423 1.7648492113075256 0.26409968990325927
v 0.65577518304061888 2.1452440667610171 0.29723307235717772
v 0.53274255725479125 2.5249150311813358 0.32789608283042915
v 0.44958258959496022 2.8004990546270609 0.3935226468726396
v 0.40918175710201266 2.9881464061717984 0.50178421493101122
v 0.40402105839204788 3.2536299622271061 0.56942623726534847
v 0.40925766400675778 3.5561252088220598 0.54990081096639631
v 0.39123376867423743 3.6562649202765396 0.52371845917769844
v 0.80902527889633169 1.7340739932937623 0.072963215900421152
v 0.67410775956273072 2.0973973981733325 0.14518940158605576
v 0.53251407578682897 2.5098508928067682 0.27088049415564541
v 0.45328746593523028 2.7452737469959256 0.30812689751625061
v 0.48447270152537825 3.2603833864660263 0.47402504601216311
v 0.44496076601476664 3.4771725961651327 0.52670352240643503
v 0.79676755369567864 1.7465978954887391 -0.068073222553253168
v 0.6830560711212158 2.0613214101562498 0.055030917198181151
v 0.55110403998374946 2.440929935070991 0.18552610853195189
v 0.44791244005870823 2.7354980425405504 0.22147713791799545
v 0.51926475310850151 3.2056670964207648 0.34433475451993945
v 0.53270628487014771 3.4442334365081786 0.3328800812602043
v 0.50476509914731982 3.438018964056015 0.46505886263751983
v 0.53654600609540948 3.6165250545554164 0.25973977742767329
v 0.5091768520087514 3.631853949593169 0.41138270163212498
v 0.42326966602754595 3.8788606668939591 0.34961651330566407
v 0.51210893553829195 3.8308939730596543 0.22767694992828369
v 0.79299744715554377 1.7514561735561915 -0.15049161561802454
v 0.66815676027679449 2.0909567460289002 -0.07146988297271728
v 0.52707767039012909 2.4749591835217477 0.0099239968829154986
v 0.45382776812601089 2.7057986264593605 0.15060543598103521
v 0.49502135737371439 3.1243265100333693 0.29290894349408153
v 0.49501281412315368 3.3758414849305156 0.17135293147993089
v 0.51792206202936186 3.5947040888206958 0.17309248659658433
v 0.80753310213546747 1.7294448436767578 -0.28799587817535399
v 0.67316529170227057 2.0468011793823244 -0.21267878947448729
v 0.52842953355121614 2.4402831560306546 -0.049520102478027343
v 0.43031659712600706 2.6796576557712553 0.00085052731513976867
v 0.45613290905671122 3.037336380280256 0.2033014145562172
v 0.47008311987853046 3.333785254789114 0.081192077959299086
v 0.47196370420045852 3.5273649866151811 0.014357836277961731
v 0.48879081904007704 3.7570225753387896 0.018658124656873089
v 0.53072128933119767 3.7237368861215119 0.1305941818983555
v 0.74915538155174266 1.6804401072826387 -0.45847461771202086
v 0.55947158843421929 2.035833638187408 -0.41579759575843811
v 0.42360475196075442 2.475009831185341 -0.21162619240522385
v 0.37117662036323551 2.7018741985664367 -0.076135710917472843
v 0.44089061283765518 3.057689249990327 0.11874742912037033
v 0.45113129405784608 3.3000604052371978 0.012107340235710147
v 0.46760838904739022 3.5786755573311151 -0.056991944255620236
v 0.47925620029120447 3.6752836842972263 -0.032840599645787477
v 0.64788430181694034 1.7330362490463258 -0.56529197862052916
v 0.53351888206481934 2.0074543068981168 -0.4837022835254669
v 0.35850969649195669 2.4631540742335316 -0.32792023814582827
v 0.3329858727874756 2.636511716596603 -0.20225942221260071
v 0.3693040259810686 3.0457262485921381 -0.035763923139095308
v 0.42458532773780822 3.334653703723907 -0.095207025840759268
v 0.43208613969492909 3.5652568447980881 -0.15857180476379393
v 0.41496034667328852 3.6492301647372543 -0.16244794140269181
v 0.55418786438274381 1.7104662714328769 -0.72778042975902557
v 0.44420513968896869 2.0102500250988005 -0.61907115555000303
v 0.330169653678894 2.4292296342964175 -0.41043345530605313
v 0.28900643942403792 2.6153982174298762 -0.30510457162928584
v 0.34740494028091434 3.1891036461935043 -0.16038916337442397
v 0.39398466451978686 3.3421024798777106 -0.19594575300335887
v 0.37303055229341986 3.5178841609320641 -0.27886761543691158
v 0.39401258622559476 3.6030885364383032 -0.23689678467409953
v 0.44429371868896483 1.710148000419617 -0.88256390381240846
v 0.3822698168907166 1.9832635811233521 -0.73225594635772706
v 0.24771581172847751 2.3838307947578432 -0.56857103380584717
v 0.23183675382614133 2.5974609183321 -0.4068450644836426
v 0.27403600876235962 3.1560275254192351 -0.34059040002727503
v 0.33581024670553206 3.3766446759204864 -0.3493849576063156
v 0.32211379150712494 3.5374558935874698 -0.38588732464931697
v 0.2906141169422865 3.6706197641047242 -0.42971454837810996
v 0.31215812985420227 1.7490181638584139 -1.0024946414737701
v 0.27125680505371097 2.0066291911220553 -0.88879558242416379
v 0.17667709062957765 2.3777786112842558 -0.6456065826153754
v 0.19198658257865903 2.5984531263351442 -0.45960610548210146
v 0.15569440117430686 2.963498939375639 -1.0873996171137095
v 0.18307638695210215 2.9377650570354463 -1.0273151374125482
v 0.13323164485168454 2.9012442037875652 -1.0361340989351273
v 0.077587711851719227 2.9706766789208796 -1.1428360937000088
v 0.11494976155404747 3.0458586748009844 -1.1421359092261567
v 0.19961960672457518 3.0082470184587389 -1.0516547076646088
v 0.14992969995224475 3.2905542075151204 -1.1519722971072197
v 0.088487709775090212 3.2942235910588202 -1.191198910423541
v 0.086491815967549596 3.40730672247033 -1.1515898478607349
v 0.12173714070944275 3.4483516187924224 -1.084835863303655
v 0.16467188331985472 1.7106783664703369 -1.0526589566011428
v 0.13683286064338684 2.0086556672325133 -0.94106820459556584
v 0.10193016614464351 2.3414935052438466 -0.70653228374304089
v 0.11536999902772904 2.633076801377773 -0.47829715190076832
v 0.022099444248063226 2.9046064875826154 -1.1030093744679605
v 0.096467488901235382 3.1666475875172169 -1.2094418275191119
v 0.080508685852274303 3.0981630679277181 -1.2057252908732594
v 0.051341927418082953 3.240032574333966 -1.2094024774291983
v 0.068156462329590328 3.3594573443748708 -1.1845597752999901
v 8.084756374358848e-05 1.7208481048889159 -1.0625857934675218
v -0.0027795488662719736 2.0690140079717638 -0.93612157447433475
v 0.03030037337548392 2.3621949785996845 -0.71160191451719823
v -0.011494034808456899 2.9980425365538297 -0.31988102709341054
v 0.077012744917422535 3.011888953413874 -0.28334619377544523
v 0.083267911639213557 2.7941533579225539 -0.35202262870407103
v 0.0090964087443351754 2.7724393707261084 -0.37362247415828698
v -0.05585453049039947 2.9587364666684675 -1.1468242801749282
v -0.01133694994946516 3.0283940236508764 -1.1701969322614714
v -0.0062567210341408861 3.0954222785525367 -1.2181674235470235
v -0.0056792311260700232 3.1984179716685674 -1.2228379584259814
v -0.00088142181408192456 3.3841253178629884 -1.1710818888535681
v 0.28661193613767627 3.20485555370903 -0.45063543819236757
v 0.28118465816436494 3.3338296789415902 -0.47770363489573348
v 0.26072582463690341 3.2517818903418449 -0.58730612110750369
v 0.2339686401364803 3.1058959942755697 -0.67437848534631728
v 0.24794410981939435 3.0329137787829339 -0.80814651201454391
v 0.26708322189463379 3.1242839018641511 -0.81392268869451112
v 0.23779234970664981 3.2595154773597717 -0.71402376560783387
v 0.22069657578009369 2.9672816869313539 -0.98743412630380389
v 0.23224894753099978 3.0320838148682565 -0.97241145754125702
v 0.25026210695047452 3.0427134374996871 -0.87810547897698876
v 0.26495503757181166 3.492989362349415 -0.51848124603848456
v 0.24715091904640196 3.4193778910427097 -0.61131125623321536
v 0.2159466957976818 3.4063145480298997 -0.76760237881183624
v 0.25569652727454045 3.2255910445915292 -0.89794489621451079
v 0.22406340594577789 3.3088295932502745 -0.86511245778989787
v 0.24533232742242961 3.224741597047216 -0.99629037275435783
v 0.25240781622507236 3.127550539024055 -0.9655234142752811
v 0.24117764392037902 3.58792177466447 -0.56819014200282947
v 0.22177342900085445 3.5533344108326435 -0.67016779806995397
v 0.19476270753526687 3.5472770761003494 -0.75027886325836179
v 0.17752629504544395 3.4613800204502172 -0.89509183259861813
v 0.22551157424388188 3.3692214064656878 -0.97029729228519113
v 0.18619573326599256 3.3820361814142803 -1.0480962776164482
v 0.20248876743194164 3.2952708842659115 -1.034040334176457
v 0.16824702562363586 3.3167154632351523 -1.091741240876142
v 0.19985320004344415 3.0923094198693715 -0.61609400704873463
v 0.2179441003882289 3.0507471001143753 -0.71628374064722666
v 0.20606613794468642 2.9329189738914012 -0.82585797877098321
v 0.11633012714791297 2.9688076887195112 -0.76448852109479903
v 0.16423175086045266 2.885882809212565 -0.8908951349656582
v 0.11755483904409408 3.0611473666386604 -0.60013341146278387
v 0.22892712907838822 3.1067429306955336 -0.34368751088738442
v 0.11352239901793003 3.0521575767513509 -0.49099907264041898
v 0.2151026994967461 3.0661873220720288 -0.19876039783191679
v 0.13947798875415324 2.9967623451375962 -0.2154333952343464
v 0.040259977553427223 2.947958941273928 -0.80197699951624868
v 0.085534196609973911 2.8776163785848614 -0.89595163019466395
v 0.043283299188256269 3.0267605160894395 -0.63887625175535678
v 0.058393457660198218 3.0239336750917429 -0.46845684381961822
v 0.0049097452572584152 3.0130164204136136 -0.50585088099670417
v -0.020300361765146255 2.8636379512753489 -0.94255229421591746
v -0.032262236774206157 3.0122543702074291 -0.68140746767151361
v 0.19559432612938543 3.4397092099558542 -0.95102710163944104
v 0.1443935426596914 4.0674578497810074 -0.13335836699143053
v 0.23816736366076469 4.0428334906176806 -0.16672784946639538
v 0.22193963842976094 3.9415742309309243 -0.3228235276721716
v 0.078688189991354934 3.9411133765931128 -0.3480345009659529
v -0.063103268107026822 4.3596686514768006 0.1005132837375924
v 0.067702153581608082 4.3557630359478559 0.092252701902836562
v 0.066086127126693733 4.3507821937254665 -0.0073589499216079705
v -0.024914271919727324 4.3616244649821514 -0.029498709314227104
v 0.045342518815264105 4.3691420405462384 0.25365771621632577
v 0.072703192999402685 4.3489337053191264 0.1778102475616932
v -0.020624031617999077 4.3596170605129396 0.16359195681389171
v 0.041072958396077157 4.3508105172425502 0.41069732166898248
v 0.051450776787728067 4.3313509070668221 0.47440746655565497
v 0.066644339096546171 4.3361098092081551 0.35712378208762408
v -0.031214757464766502 4.3470104373813871 0.3687882936518192
v -0.011043282350301742 4.3033576210865974 0.60914846935451039
v 0.055318401081740853 4.3026477822448461 0.59925364218245436
v 0.088134139785051344 4.2773778489443659 0.53541841426014902
v -0.01489599617099762 4.3112335846570726 0.52556542308139809
v -0.011562054249823097 4.2338980355064866 0.75243409055340293
v 0.095509583559866995 4.1721487171308844 0.73446886522265342
v 0.097020173223257067 4.1946191893818376 0.67279057894825933
v -0.047013167043685911 4.2520417959547645 0.68469751446652416
v 0.0019573983670473105 4.1317035441748509 0.88157988086402406
v 0.073789373001769187 4.101632541719944 0.88890703440682595
v 0.048365371333494785 4.1872687830452922 0.79937188388583058
v -0.03006792047870159 4.1901386623940464 0.80220496618950365
v 0.10285620069997012 4.1177115750784425 0.12362054596380889
v 0.10952347283183336 4.0926551571750283 0.043388885877346989
v 0.097183196063411248 4.1247438635539773 -0.011481180337285995
v 0.14546760047662258 4.0702086086487768 -0.00044080468916893149
v 0.11832742317628861 4.0857230436638599 0.20710032924044131
v 0.14342691676336528 4.0794990022262336 0.26972566848522422
v 0.10614720378257333 4.109187154346496 0.38468789452987906
v 0.1752865599849224 4.0647829791252015 0.36875538424623011
v 0.11450502098989487 4.0547890551849299 0.56010667611888043
v 0.17337869813561441 4.0376732852807047 0.51408278759765624
v 0.13634752911112136 4.0032961368608984 0.66432974922462873
v 0.21488331755971907 4.0567570234445327 -0.019243520226120952
v 0.16963915086489917 4.0668000800434347 0.099484657544374466
v 0.21337283363780379 4.0347718924865728 0.45115061980989579
v 0.23336328969703615 4.0463113593845668 0.54354496953569353
v 0.35397877744650841 4.0325856511553688 -0.049446792381031168
v 0.31961005703845025 4.0233944372876635 -0.19623095653333664
v 0.27943765457797054 4.0434071608519551 0.084136934724688528
v 0.24235958687603473 4.0528294294894938 0.14124507807469366
v 0.24677850890195369 4.0513772993118762 0.26700230587953333
v 0.27011103289422389 4.029073634692967 0.37114447213745116
v 0.26522023544242979 4.0743025076576469 0.5954536281192303
v 0.44801812626126469 3.9588213217704702 -0.095512004027476061
v 0.41061130571761129 4.0099863615163329 -0.15837409940786362
v 0.36273821803627015 4.0188435320826059 0.063018412216067313
v 0.41555997007274631 3.9797541489434245 0.13049992521953585
v 0.41677609467336107 3.9622072268416542 0.18852387196608952
v 0.36327715130656107 3.9739429466308867 0.29022795483773095
v 0.30999239633304732 3.9963133008394292 0.41365701217379569
v 0.31020201853222079 4.0207803816745669 0.50554578268945205
v 0.21800985084710123 4.0754294711212147 0.70772394577474596
v 0.47380192921337061 3.9482301054823061 0.0012634768192938406
v 0.49677497344142196 3.8857508575420381 0.047211079554855817
v 0.36337429058521137 3.9535945714979004 0.47102210675320455
v 0.053592997677609319 3.6526710183605999 -0.77198717462906241
v 0.11071680181254148 3.7276714201712133 -0.65014693678447011
v 0.18732901611709593 3.7134416177847385 -0.59372158235096939
v 0.04663013700389862 3.575518948760033 -0.88597138937377928
v 0.13015423092532158 3.5455671580221648 -0.87350769261121752
v 0.054105553770031248 3.5144214378477758 -0.971775068669813
v -0.028244877689749003 3.5557103203890024 -0.91707634076043965
v -0.024974651406347751 3.4825293316608668 -1.0261068605993391
v 0.036658211231255532 3.6905585241198775 -0.71994822092037203
v -0.010992426520490647 3.7277225061065673 -0.66801369082438944
v 0.044331529682502147 3.7845084391314536 -0.58202863623873879
v 0.081824507004363195 3.8522538956282308 -0.47397069970260353
v 0.1778400599333082 3.8309713042629925 -0.47747459538188319
v 0.015621083639144899 3.8443052682447436 -0.49638839336729046
v -0.014681442313023976 3.4471919991662161 -1.0812630796100411
v 0.055903355057179922 3.4370739177568557 -1.1067404436597825
v 0.28804596624648571 3.7712308758857249 -0.41051439502131937
v 0.35929377918282152 3.955238648697883 -0.28223633364316819
v 0.019799407828330992 4.0372663974323277 -0.31981025436067589
v 0.35673714970697679 3.7797497475214001 0.59095136664911685
v 0.40384819223737717 3.8558740536591412 0.4666617957918644
v 0.40021681235928541 3.9070657419861554 0.53637405548882489
v 0.30438686524087188 3.9471584633489254 -0.3097066233653426
v 0.16453087103893754 2.8934900337228653 -0.97324689466809633
v 0.10093700563496352 2.8643070234640238 -0.98136849065375331
v 0.020175408729553222 2.8565815444610121 -0.99290525657862427
v 0.43126620321822168 2.9674264811463953 0.32566232005047796
v 0.42361090661942957 2.9435292346012591 0.25490801087641712
v 0.42405509678120612 2.9785201663310525 0.18111463868741989
v 0.3732864707098007 2.8787702644376756 0.092800333030700677
v 0.34283698893489156 2.9538621726234982 0.0085754789502450399
v 0.30277815029583488 2.9914429333222818 -0.061433827442818029
v 0.43369719742132939 2.9913474272896732 0.40915081154608729
v 0.37999134547424318 3.9744889780530928 0.68084685888338081
v 0.23117054036206003 3.8261172301758526 0.7875761762096285
v 0.34039366195088627 3.8329911444031595 0.75797267203390595
v 0.0027463265767097463 1.3555050362651349 1.0066590512742994
v 0.37671917549419398 3.9037898775610924 -0.2377143348354101
v 0.31143620867443078 3.7298989966030121 -0.3696845056068897
v 0.41404741750754737 3.9308993963520109 -0.17266871112107915
v 0.26283360833668706 2.8968882041530608 -0.13525502107691767
v 0.19435709654092789 2.854148386546612 -0.24747659054994584
v 0.13473406187295911 2.8181204100437167 -0.31352177951216698
v -0.011012524133205413 2.5699609743938447 -0.55549974504232402
v -0.018224700008613724 3.2864569151682428 1.0382044923928637
v 0.068239034947497501 3.3168426063005243 1.0290350409065314
v 0.5141193948638354 3.8759039736673238 0.11829942821324722
v 0.52039855651358868 3.8075395752095069 0.091321656705152146
v 0.43762657206201405 3.7388553745208277 -0.1202335167489961
v 0.45315607171442507 3.8318220919809001 -0.084451768906112015
v 0.46025949245295672 3.7793561993744671 -0.030568467586733407
v 0.45116063955477842 3.6449285833228071 -0.096446909580600051
v 0.31150103148084884 3.7523151984852552 -0.25280027377033232
v 0.34852390404184036 3.7156736506505013 -0.19202166733798898
v 0.36089061185318227 3.6618910806272327 -0.25659784889230136
v 0.37632284930770099 3.849657263934398 -0.1825553189733535
v 0.4541427467956799 3.8897991241561729 -0.053336024786336089
v 0.42882135103976726 3.8928750532390772 -0.11177538044553995
v 0.46810697845101357 3.8466170413738636 0.0044549800037592627
v 0.39265156707178356 3.7579771861341444 -0.16772301169455348
v 0.4294529142659545 3.8225291701146245 -0.14100326197931767
v 0.26708405769757282 3.1511745472259696 -0.90920429306239314
v 0.22871638634481428 3.0851157622210321 -1.0004579344263136
v 0.17369221624492662 3.0633180685422898 -1.1117622642698415
v 0.21111384070515696 3.0822734243276502 -1.059296164190811
v 0.21144081328707934 3.1610043871204003 -1.1175103111483882
v 0.16787478471314907 3.1093601076646875 -1.1657147601863829
v 0.17042167099823272 3.4515672696833994 -1.0189637822801982
v -0.0070068221876621265 4.3395646694129706 -0.23449712175583839
v 0.098378246398857658 4.2947688810939786 -0.17663345766741889
v 0.076063531689586114 1.4944547367368992 1.097982122605957
v 0.0025465610715150818 1.464234545847118 1.1010200905589462
v -0.01583473262372613 1.5796867071002128 1.083154992308639
v -0.01525602412557602 4.3575628024625779 -0.14662822600448128
v 0.097130144810460506 4.3076555541547608 -0.07490455683545022
v -0.0597155585644722 2.9661799468921064 1.0061061872232318
v 0.08432644592009611 2.9429062583829078 0.98331838499722657
v 0.087992384632110593 3.1060269836969372 0.99090602971410746
v 0.004439512583881618 3.0949480672449772 1.0197333128249646
v 0.022473893320041041 2.6598534873706443 0.96629149828365024
v 0.096278910394038464 2.7271179101324146 0.91849874412692445
v 0.070353723955821984 2.3027384791650771 0.91969035302443503
v -0.067710802661597722 2.0513501063694952 0.92509704714888341
v 0.093586812269210812 1.9810400508570671 0.89260351527500159
v 0.017899816970795394 1.7439901640564499 1.0222009116142095
v 0.075257807209137204 1.6946020302389717 1.022578638536729
v 0.088129485490282378 1.6204380673948924 1.0217009689186809
v 0.051285499885067351 3.1549891688627003 1.0311972753533871
v -0.013848144807457923 3.2256725733606819 1.0447991236208676
v -0.083046607907712455 4.2909279505078199 -0.32426339500975609
v -0.11388225221681596 1.416649655673504 0.93773936662054069
v -0.18774181089954375 1.4023416242397309 0.90818274656162257
v -0.34769564693832394 1.4526799184074402 0.82598396912193306
v -0.50618347748879022 1.4896860477921623 0.72409154035309387
v -0.64081463779830927 1.4642136364974976 0.65819869260787955
v -0.79779668791770941 1.4346464358711244 0.55885329668045047
v -0.87264600429916384 1.4904827662277222 0.40609274954986574
v -0.93336762911319737 1.4932680230207445 0.24026555020046234
v -0.98065107446289068 1.4437100595335961 0.14591108926296234
v -0.99474716117668138 1.4347875215435026 0.0037958901205062843
v -0.96964276461219789 1.4483247210189818 -0.18531808318138124
v -0.93871592490243916 1.460330548327446 -0.29313737520885474
v -0.89093436752424238 1.3878543539201735 -0.50726062785453796
v -0.75872474367523191 1.4585716371011732 -0.65241053793334958
v -0.67092303510808948 1.4247027245483399 -0.7671533183670044
v -0.50466724055242529 1.4888565162277223 -0.90272493570041656
v -0.36856392032337187 1.4470317270498274 -0.99690871487998955
v -0.16560423329162599 1.4770329190979004 -1.0713015728912354
v -0.090491759678721417 1.8046953126928806 0.93961373341333865
v -0.093403721856474872 2.2338183466419936 0.85421098478411439
v -0.062105322164893145 2.5676020575264693 0.96167451727330688
v -0.097495668155670151 2.444594898111343 0.86882432356452943
v -0.059184573409132663 2.7276224716797697 0.97852036940666665
v -0.084096813828110684 3.5682764736233503 1.0299224307736976
v -0.098664411526203158 3.6580125975322724 0.99578483632898329
v -0.094410703258812428 3.859967172449708 0.97681283399826291
v -0.065129531857509165 3.8007030528713091 1.0423347673960888
v -0.085978552317619319 4.0193589443588253 0.93865583722853652
v -0.09435746944269538 3.9392336855333747 0.94939034141519663
v -0.1444862314880371 1.7674623459041594 0.71866360376243577
v -0.34106359703636169 1.8210424445018769 0.64910312976837159
v -0.23435281973075867 2.2336981704158783 0.67299306098937994
v -0.096263868296146402 2.2109218852591517 0.76713893150186541
v -0.18386089388847349 2.5846454986095431 0.69199448264694219
v -0.10519835165473393 2.5641141196005686 0.75426350078501025
v -0.13908879568529131 2.7867938764948841 0.71559592237377168
v -0.10481338877248764 2.8655767064633371 0.77261222934627538
v -0.17877155921459198 3.3906920063304904 0.83624193660259238
v -0.13236560776901246 3.1206484469814302 0.82506312477493293
v -0.10591277860101064 3.1501397637147903 0.87270273883597049
v -0.11352820163195473 3.4589350188367023 0.88986353772401805
v -0.11528304445433617 3.6065718638300557 0.89886570282503542
v -0.12152936965286731 3.713536701251626 0.87209818446975951
v -0.16408685354101657 3.7384471994078154 0.82977897404098511
v -0.12738874328646066 3.8636145908153949 0.78849303442883489
v -0.42157311838836664 1.8072670580802916 0.61914032273998254
v -0.42833541979503631 2.2049269891843797 0.58302018693351743
v -0.32801275949287412 2.513836649046898 0.63953371316909791
v -0.28255659625530249 2.8137583905229571 0.65148700599479681
v -0.25607162062978744 3.3589385497317314 0.77944631101751338
v -0.22734619037580489 3.0502137707705499 0.74633253220748896
v -0.23170997461652756 3.5908907666027545 0.82220830417966839
v -0.26308570229021311 3.7142030139921425 0.76930790010229355
v -0.52790810949707034 1.7908998684387205 0.5484128796691895
v -0.46526014837837215 2.1642955730190279 0.54136565189743047
v -0.40218769449424741 2.5464621405763626 0.53238086518764494
v -0.35166256781768801 2.763535635951996 0.55393562863826751
v -0.27562595382261279 3.0278324059052464 0.70186318983221052
v -0.30655487695324424 3.574928323821664 0.74319684686887266
v -0.65259956454277035 1.79979805809021 0.39415399656009675
v -0.53816098961544034 2.1986585581903455 0.43996565222144129
v -0.44235983463215828 2.5599953231213091 0.47572826062035556
v -0.39860675661182404 2.7806698580150604 0.49262855362319946
v -0.35552378621697428 3.3009117214050292 0.64672119664502148
v -0.3213151923046112 3.0550572626438139 0.65490777479362494
v -0.34046706965668627 4.1043790285293884 0.8868519181823169
v -0.22867792245583535 3.9316921221079348 0.78977062054347991
v -0.19317586679315565 4.0148341199090485 0.75977862372970584
v -0.26919659779516292 4.1273250812737858 0.81509236062656987
v -0.73028210660409942 1.7608666850466728 0.31676015818166736
v -0.60623540893840788 2.1079421279830934 0.37249372522926327
v -0.49770674519920344 2.4964144363632199 0.42252067478179933
v -0.43445435162031654 2.7553974417747256 0.44555983563876156
v -0.39088984593236448 3.0937994708431962 0.56448167301106456
v -0.36694566190457345 3.5091267791919707 0.65793033955907831
v -0.35340623380118608 3.6783758760114313 0.60710557358705997
v -0.3260561108671427 3.678456305402964 0.67911090027979015
v -0.790464020283699 1.7441180981731415 0.2393831709518433
v -0.64784796929168709 2.145774637863159 0.31081473632431034
v -0.54070281757354732 2.4911809633293149 0.35539808619880675
v -0.45771581223106383 2.771350943297386 0.37861866928052901
v -0.41438985010933871 3.2537650407669547 0.55330627239394192
v -0.40694511180448534 3.0097959024219514 0.51103197080898288
v -0.41148379704005722 3.528530415895033 0.55898717702925205
v -0.39362461645133151 3.6943303968830787 0.50335581581878663
v -0.81658060472297667 1.7196910858936312 0.086908517360687262
v -0.67484437188911439 2.0943683269195557 0.13856777984809876
v -0.53583886590003971 2.482824189122677 0.19679646457767486
v -0.45711558716678619 2.734643903276444 0.31730443443870548
v -0.46287597580327988 3.4817310430937769 0.50967721014165879
v -0.46280050887250901 3.2660128590736388 0.49533996797180174
v -0.78789703850841519 1.7682341426496506 -0.035956954839706422
v -0.66723955478095998 2.1035861875352859 0.019953062625885011
v -0.44307160122346878 2.755808018026829 0.23760410675096511
v -0.53034332439613341 3.4320999822425837 0.30800114303016668
v -0.5038854182190895 3.1500733178882596 0.31074569786405559
v -0.51431705965552332 3.2750466348557952 0.43530344545402527
v -0.51220114254140858 3.4825939515490534 0.45024762724065781
v -0.53762219155788427 3.6513466857004166 0.27582064740657802
v -0.50796469808898648 3.6344377167498725 0.40809188021956172
v -0.49662369763767716 3.8478124542412759 0.24362314602398877
v -0.44643148087954521 3.8701971485867501 0.31358692120242121
v -0.80062818102782107 1.7360392570378438 -0.14446850645828246
v -0.68871116388797748 2.0354518202610015 -0.073716454793930061
v -0.52578043428039545 2.4737034814052583 -0.00037241319274902186
v -0.46389547305679324 2.6685755029773714 0.11755313821411133
v -0.49833272341537477 3.3878647462067604 0.18065908146905899
v -0.47527684520936009 3.0707213408240079 0.28670213016200069
v -0.52529771008491521 3.612857794850826 0.19474158633089067
v -0.8097182153059006 1.7065419873165131 -0.31917869851322173
v -0.65593847393989568 2.0693209712123872 -0.22756480797481538
v -0.50030384304380415 2.4872451025729179 -0.068471450938701633
v -0.45177844688129426 2.6502214280152323 0.015770682008743285
v -0.47387308151078222 3.306105670117617 0.10443584471344948
v -0.44964863606452943 3.0222796836957935 0.2115545026869774
v -0.48238849246408599 3.5645102901776111 0.027262233085135049
v -0.53106395572662357 3.7534544103584291 0.12314113243055343
v -0.51262899877286805 3.7538497845859187 0.04332355149888141
v -0.75915793678855892 1.673382207983017 -0.44857663317489621
v -0.58359313618469244 2.0393255596847535 -0.37627988720703126
v -0.43886838487672808 2.4608450291166304 -0.20211291854000091
v -0.38402034665107726 2.671898442676544 -0.08554140672683716
v -0.45297954435825349 3.374244969954491 -0.0014762887687683106
v -0.43041706473948615 3.0415522671313964 0.10405486724443436
v -0.460457516635704 3.5465014910789971 -0.054669496936368939
v -0.46660894770729844 3.6769602446569412 -0.055007629286187881
v -0.64198390936279293 1.70092893642807 -0.60489901425933834
v -0.49177688969612127 2.0674372054767609 -0.49296841232681277
v -0.38783141314506531 2.4014902088108059 -0.33916506108474737
v -0.32075920587921147 2.6728380932579041 -0.1922521562576294
v -0.4349149871840477 3.3225535373911859 -0.056473750338554382
v -0.37512770417594909 3.0536127467269898 -0.041262619682312013
v -0.43704589725685117 3.519661944090843 -0.12683765108203887
v -0.42257583795595166 3.6279394871815951 -0.17187049572004592
v -0.57713786915779108 1.6871724294490815 -0.71431027246570578
v -0.435321343126297 1.9765475165653228 -0.6621546554393769
v -0.32579466366767884 2.3902979061183931 -0.45433610795211793
v -0.24730613828516007 2.6448683963208199 -0.34590532370138172
v -0.39094934025669098 3.3461693371992109 -0.21004312427425384
v -0.30828963450050356 3.1547715050678251 -0.19451954283905029
v -0.39485038468670841 3.5793297430645739 -0.23769356394137653
v -0.34890557791435722 3.6284091728199721 -0.31954834072864058
v -0.49092472045755386 1.7033921329360009 -0.82045232088327413
v -0.37475466674804686 1.9819336355113983 -0.74686904563522338
v -0.25328277604293825 2.3533381831092837 -0.58718720601654062
v -0.22060672668743134 2.6012250070838929 -0.41934936757373809
v -0.32464705318784715 3.3360599492487903 -0.36892285786128043
v -0.25737119115447993 3.1353780655856136 -0.30813102785396573
v -0.33816276899388859 3.4957829286020141 -0.35061615149886266
v -0.31496337724733353 3.6349365994493961 -0.39258812560772899
v -0.34694517031192779 1.6997303029527664 -0.99755567866039274
v -0.28441894234275822 1.9967895884189604 -0.88333657114219655
v -0.17521814309501646 2.37785574855566 -0.64710186985015872
v -0.15742395283865929 2.6292138443834783 -0.46348174121594432
v -0.10436479031836987 2.9038665846650602 -1.0645650517064036
v -0.21306428459528087 2.941322647199315 -0.96313016298267839
v -0.16192087223613857 2.9308199649520992 -1.0470069114154756
v -0.17266154615622759 2.9857337748512927 -1.0863296819721759
v -0.18813047577727096 3.0607764180570283 -1.0868357310072898
v -0.088749750836998223 3.0334681119303193 -1.145397372536078
v -0.12713367460846903 2.9939185084203483 -1.1230147128841876
v -0.071927848108536432 3.4245392073899357 -1.1278116822229327
v -0.11728511022055149 3.2463000391049386 -1.1859977299568654
v -0.14681704874789714 3.3143094597566125 -1.1411733205040693
v -0.14226737722506694 3.3917340187268259 -1.1308531375712754
v -0.1929023103691101 1.6456722497528076 -1.060385722467613
v -0.1242248630104065 1.9813879462852482 -0.95908652129745486
v -0.097766318367958072 2.3499422904195786 -0.70142761170196533
v -0.075085381902933124 2.6580546229439972 -0.4681135660965442
v -0.039289276846393939 2.8918671120740176 -1.0796942244020848
v -0.058487594534897797 3.26680070717926 -1.2042525437886238
v -0.068609450855243198 3.1683491983907164 -1.2167924373486518
v -0.081221131928145895 3.3805870848342181 -1.1702460898006797
v -0.10104285198521613 2.7809574299073221 -0.35923822204852102
v -0.059179740587651734 2.9303909473465088 -0.26534961962997916
v -0.3038491434278488 3.2486952912256717 -0.40886740900242324
v -0.29109923204374311 3.2955843348779679 -0.45736979905891417
v -0.25771528612709044 3.2106319226336479 -0.60598046046018605
v -0.26460972260825633 3.2960276416533469 -0.5577518770835399
v -0.26252413615915166 3.1294861423830378 -0.88354179348716722
v -0.25325601264432146 3.065140727584093 -0.78574037384639084
v -0.22102479267209768 3.0791936723785103 -0.68555287000417708
v -0.24333621483266354 3.2308452212300978 -0.69682989556947772
v -0.24496108959361912 3.0063586047814486 -0.83254879749202726
v -0.247543102196075 3.0612306817706463 -0.89325263631757501
v -0.23493552214387059 3.0731893706116975 -0.96984471041834353
v -0.2624302688544512 3.4867461749796389 -0.52932123157734867
v -0.24249500623083114 3.4435604861397744 -0.6330523896536826
v -0.2173674537577629 3.3736731323093179 -0.77902452483242746
v -0.21813520113933088 3.3600120232642885 -0.88435444439661504
v -0.25539986333447695 3.2172203957527428 -0.96502591917730862
v -0.25781144763813912 3.149331050394371 -0.97454960182514783
v -0.25264000367130551 3.6286815204824725 -0.51625553389031553
v -0.22997752768778801 3.5125652629532818 -0.66777298391294482
v -0.18990845667433739 3.5211978948665852 -0.78851156666910649
v -0.18303095130116601 3.461477201558556 -0.87441500458138322
v -0.22397593366340229 3.3569197440524698 -0.97010148946205632
v -0.1776364002841348 3.3369777344285732 -1.0647695982842287
v -0.22523551452136636 3.2584391861916302 -1.0233162480624136
v -0.17184425609314274 3.4287793911897859 -1.0595179921456976
v -0.2007177782355547 2.9938300959905391 -0.75963177773821355
v -0.19296688224218572 3.0958939419479199 -0.58044590929547379
v -0.19817705750559567 2.9242811582647201 -0.83296668652448658
v -0.1106215774677992 2.8800442220027449 -0.8859574109251499
v -0.12107878131830692 2.9936573251386882 -0.7341379819695949
v -0.13391332711744308 3.0695459625058175 -0.57870516582536702
v -0.15307341339087488 3.0626352703402042 -0.40417471996235849
v -0.22303570921373367 3.1023450692305561 -0.35616139688587189
v -0.1464314482266903 2.9749547844343187 -0.21073138650345802
v -0.20724706538271903 3.0396796093628407 -0.18108819006133081
v -0.076332884527951478 2.8611516506639871 -0.96503078984586899
v -0.060920220038175578 2.9661445573256016 -0.77253872781372068
v -0.066439541484355935 3.0365791785356997 -0.63572589132618906
v -0.071376160952270035 3.0369578791365024 -0.52988797052448988
v -0.15844014125311076 2.881119020689896 -0.9316971427258014
v -0.18747631157094241 3.4470150422935824 -0.94889512039890456
v -0.18026953624010086 3.9652093774952886 -0.29948134844732288
v -0.22679522242689132 4.0510438617720599 -0.14330246040439606
v -0.15881634551787377 4.0541029901463981 -0.17271661500799657
v -0.12070849293395451 3.949020033829723 -0.33029651400143761
v -0.091977734852155046 4.3349090691898668 -0.038919164071400961
v -0.09325758633473516 4.3129832432666024 0.18632830855164925
v -0.092093791705131531 4.3349025126683713 0.25747811137175558
v -0.08704271703815461 4.3182049055153131 0.31895084599483015
v -0.072736617743253712 4.328447792151958 0.45990181260263918
v -0.093895962481245404 4.2667356472904983 0.48441273644441363
v -0.088942324443727738 4.2623137467966981 0.62911346670563528
v -0.094799254702329624 4.2012955498239997 0.69060636601912972
v -0.084605057503456246 4.2022167825854773 0.75096143682835992
v -0.081717875940382489 4.1474304586879915 0.81580047519576548
v -0.065466846613645546 4.1314863924866918 0.8731921869674325
v -0.12420392881669998 4.0793384548842422 -0.01912897126914263
v -0.099980208011859667 4.1211633747096403 0.047460210884447393
v -0.11004381258741619 4.0889667449165348 0.12559880388399364
v -0.14165376788019537 4.0757239271618957 0.19177661089519263
v -0.12904471627223491 4.0855559130514862 0.26063674316471819
v -0.12887147889828682 4.079496338534832 0.39011748289954662
v -0.1548069111802578 4.0487812013611197 0.46249000851911304
v -0.10129431581044196 4.0794616433818334 0.54230554515528673
v -0.11264642052191497 4.0309530323717855 0.64831040463207024
v -0.12706984364048499 3.9978834138927164 0.71322285458734846
v -0.20716196325874328 4.0587896733140951 -0.063984724470615401
v -0.19473027822446826 4.0609036973094943 0.034005265078067781
v -0.185288413071692 4.0640370364288394 0.11002038491812348
v -0.19813545941263438 4.0644258363886472 0.31097720315223931
v -0.22640801669776439 4.0335717014721633 0.47785312465971708
v -0.18101796206376553 4.034806547880482 0.61422971232612134
v -0.35664408173227313 4.030464432160187 -0.15212623666071892
v -0.31614541717692779 4.0370158722043374 -0.0028333664518424432
v -0.29683466421437266 4.0394985529072285 0.061782034690380093
v -0.31203637317585947 4.0314205575077535 0.12690250766825678
v -0.23530276303106545 4.0551237765548827 0.2010984200410843
v -0.29938352495110038 4.0198036950895784 0.33285254655790331
v -0.21488505347616674 4.046204362863028 0.55189531040408613
v -0.39576743711811302 3.9956074123981358 -0.20162890228382349
v -0.45487816160456196 3.9570687755392528 -0.057125960242846177
v -0.43920067924370765 3.979753625838411 0.060505288671541216
v -0.36921348269557952 4.0070676835432053 0.12236372096061707
v -0.36837184392569744 3.9902636257898294 0.20614659112124784
v -0.35896055789852144 3.9624945458611252 0.34815545287072658
v -0.32063259185381443 3.9886313221709462 0.43212858672694732
v -0.30379357718621836 4.0337416815135221 0.52917423985273504
v -0.19807615850830079 4.0469652721340177 0.67442617059020993
v -0.48300326054255449 3.9309902266969599 0.03069601193164502
v -0.37369158916851453 3.9300441756556204 0.42567159171603408
v -0.14133060976004599 3.6685872676205635 -0.70855760510253918
v -0.10333460807919502 3.6186668289148809 -0.80740575015187266
v -0.150851195843935 3.7868013880934712 -0.55066129251980778
v -0.13186482248084674 3.4775587578190734 -0.99651656349113593
v -0.12338306342709066 3.5595175409289594 -0.86405144440698622
v -0.057891173630869389 3.6609349593393685 -0.76018556136250504
v -0.092098806294631949 3.6999869168630601 -0.69720719210386284
v -0.09275669256067276 3.7715002951928973 -0.59333866409921643
v -0.18345141836423876 3.8618204173084734 -0.43778353989624974
v -0.08681568142336607 3.8385471242707032 -0.49420011008311165
v -0.3449320831206143 3.9501470853973331 -0.29562372259697317
v -0.27666355121618513 3.7386746023285982 -0.43051804012066125
v -0.38831074628851248 3.7716484326341488 0.5079828565471769
v -0.36113463506439752 3.8038540866209609 0.58949149156248581
v -0.39815504862225054 3.8515321612360478 0.51658539271342752
v -0.26874003279781344 3.9683452247219089 -0.28613972434329987
v -0.42962707464688166 2.946283769719737 0.36028731497471678
v -0.42093080366706848 2.9135666079487805 0.2760496857504845
v -0.41887525818824767 2.957811785949588 0.19242369878840448
v -0.37675402711195943 2.9213837096117259 0.10290993302977086
v -0.33371920378541942 2.9360705239213365 0.00023941879548345377
v -0.266255825637424 2.9605748592698218 -0.10067066135886907
v -0.43704005106881688 3.0187629510914595 0.41970330237320497
v -0.38673661452975872 3.9359708337510231 0.49963982212725283
v -0.3593628743362427 4.0299865744812493 0.60815257317662241
v -0.31615105324065684 3.7832934181136744 0.74431267777955534
v -0.21294580735969543 3.8423864727168082 0.78766969413924226
v -0.31283213999044901 3.7663956271182299 -0.32051930038416387
v -0.32777036341511012 3.8202555239939811 -0.23990014443770649
v -0.28041971447086333 2.8781373887305262 -0.11776425323820114
v -0.22967102238750459 2.8032077572612764 -0.25385320367002484
v -0.15069081861567496 2.8288187807657716 -0.29650223573446277
v -0.089942175379378445 3.2973872129322457 1.0060223561191217
v -0.49208640569237294 3.9048419222585133 0.15392830393518719
v -0.52265095521817218 3.8065268756322261 0.096911275799536706
v -0.45250365904171019 3.7427342682019411 -0.08913240835733266
v -0.45745489796764705 3.8087119972917094 -0.089609810068377857
v -0.48132559941447423 3.7248846894464682 -0.007951693084231444
v -0.46669544637943594 3.7955967703591673 0.00034287677978191849
v -0.38839549327387679 3.7029573775676448 -0.16420734480828811
v -0.32475639691823721 3.6953032889809014 -0.29762338780075309
v -0.36920448440948128 3.671775364407456 -0.21377445857320429
v -0.32452230185222619 3.750963482767582 -0.2162313312472105
v -0.35955222652349472 3.8297781394182921 -0.18950481333225966
v -0.39905621632191324 3.8975033486731201 -0.16507971375362468
v -0.41795007987866994 3.8351644769391324 -0.14615975481513441
v -0.43646836610873047 3.878662976295665 -0.093311746867299095
v -0.46360857626595031 3.8783603355668803 -0.022761254958246435
v -0.40530637170806227 3.7721441151034831 -0.16197586600835923
v -0.22398773000659347 3.0877104927256434 -1.0334172149808243
v -0.13218895493722388 3.0780585040100474 -1.1624830628227634
v -0.20686677014528004 3.1183504515441358 -1.1178654271596202
v -0.17008814177741111 3.1611062698624131 -1.1679191477598549
v -0.096798342685384398 3.461163122488967 -1.0676472249201536
v -0.072071432042213848 4.3304794768999137 -0.25118961064876144
v -0.12586309529846906 4.0782516545031662 -0.11104518810904027
v -0.094557729108989241 1.4995649334906935 1.0740289870622157
v -0.05046129790517874 1.5120724683055393 1.1144942733921575
v -0.089988345734416192 4.3232255140853209 -0.11187968564447263
v -0.065863694934844952 3.0661053738999366 1.0111065510518551
v -0.082191714161523752 2.6720436477869578 0.94106635936309613
v -0.076831065503597265 2.3097537683410643 0.91436287537503247
v -0.092164119724273685 1.9746323341937064 0.91136464326071742
v -0.06971043179218657 1.7002775523816962 1.0190851985125486
v -0.09010870283025503 1.5585699497535228 1.060557886919558
v -0.074436067005446971 3.2095864937494483 1.0307291205913851
v 0.46028823416137699 -0.09059807104492186 0.082887813049316389
v 0.95203255761718752 -0.11255292213439941 0.17407643241882326
v 0.4175924328308106 -0.089309440841674803 0.26009098951721188
v 0.83416483096313487 -0.10708770747375487 0.48944259703063964
v 0.42469661986287438 -0.08792046589152018 -0.076047534250895193
v 0.89593026843261714 -0.12950186584472656 -0.15354514355468746
v 0.449748614013672 -0.10414948120117187 -0.25229380908203125
v 0.79866006262207034 -0.1281917497558594 -0.4506295680236817
v 0.32856422749328618 -0.099959093078613281 -0.36758929675292973
v 0.62799194348144538 -0.12031458263397218 -0.72216820445251473
v 0.15470967949422201 -0.087920664133707666 -0.40217566416422523
v 0.3130423000488281 -0.12233982836914063 -0.89619029174804687
v 0.0052127988586425757 -0.090598698944091782 -0.466814164642334
v 0.0073957889862060512 -0.11255729530334471 -0.96695059512329096
v -0.17684603843688965 -0.089309441757202152 -0.45795111468505856
v -0.32443250285339353 -0.10709064225769041 -0.91001534101867676
v -0.56065065075683584 -0.031437367889404294 -1.0602553073730467
v -0.68701312213134758 -0.017611145202636718 -1.0317531037597654
v -0.4302900289154053 -0.089302307800292968 -0.23696302995300295
v -0.83392771669006338 -0.10709048065185545 -0.48839549279785155
v -0.48562812580871584 -0.089302309387207027 -0.075455873443603522
v -0.9509187712097168 -0.10709025689697264 -0.17367293139648438
v -0.48239022932434084 -0.089302268920898431 0.095237640029907228
v -0.95320463171386716 -0.10708455020141601 0.16208259338378905
v -0.42096670677185061 -0.089301715652465821 0.2545291709442139
v -0.84052492820739755 -0.10708399902343749 0.47837056626892094
v -0.30876787857055665 -0.089301149520874035 0.38320678808593756
v -0.62646449302673335 -0.10708399902343749 0.73704575213623036
v -0.18115239746093748 -0.092844804931640615 0.4818628176269531
v -0.31797013685607911 -0.11227230152893065 0.87647200944519044
v -0.015824895843505861 -0.089301872085571291 0.49203627592468269
v -0.0061646694793701167 -0.10708731561279297 0.96747184538269049
v 0.15317332876586914 -0.089301859176635745 0.46782214340209965
v 0.3248600355377198 -0.10708658485412598 0.91128020297241208
v 0.30369829788208008 -0.089301724761962881 0.38726886186218268
v 0.61670239192199705 -0.10708660241699219 0.74526287712097161
v 0.32524350424003601 0.10487856080436707 -1.2487800932149886
v 0.13713563725852967 0.069998545524597167 -1.2953670746288299
v -0.47900298646621703 0.054351902097702028 -1.2168012062274933
v -0.61390904374122623 0.07053180008506775 -1.1485429148044584
v -0.71778325232887275 0.084450769659042357 -1.084711572330475
v -0.73326303570079787 0.09223366319131851 1.0745990526061058
v -0.60808077783584591 0.084890217569351195 1.1500470078525542
v 0.11535181872138978 0.019780227553558353 1.2937066907455446
v 0.29611645692920685 0.065885532889366161 1.2710570217208863
v 1.0110432044277191 0.15973624350738524 -0.76993834369850167
v 0.88808015821504593 0.16378163306570054 -0.90617221146774285
v 0.12899799396896361 0.14462081216049194 -1.2628657671165469
v -0.32305110696411132 -0.089301838882446291 -0.36980275601196283
v -0.61635078608703608 -0.10708983042907713 -0.74412369598388683
v -1.2221824734668731 0.17371417345428464 0.36762815683937072
v -1.1901510247290135 0.1714905885353088 0.45520536072516438
v -0.70039121337890631 0.17371417394638061 1.0673995848789213
v -0.6195601171252727 0.1714907176709175 1.1138981692664625
v 0.9616587950668336 0.14264790435934066 -0.84103219804978369
v -1.1565561548533441 0.15937405904006957 -0.52199559231710446
v -1.2270908511617185 0.1512944324529171 -0.34506122540855411
v 1.0224463221063615 0.21466813001918789 0.78577105857658391
v 0.92329152684116367 0.22412590054035189 0.90191774795341495
v 1.1724507178544998 0.22215568718385698 0.5372219472231865
v 1.2423590075235367 0.21948721446323394 0.35247975039672852
v 1.1361631368861198 0.2452573234138489 0.61336930949878687
v -0.56885585647010806 0.24329699122667314 -1.1581489552216531
v -0.6817065760984421 0.28451238426876069 -1.0818999147720338
v -1.1806659292964938 0.24329698829746246 -0.52136402627801892
v -1.2381625576839448 0.25872602194786071 -0.34998296882820129
v 0.11514046887588501 0.28844548430252076 1.2741777819461821
v 0.30442513319289682 0.28716698331999779 1.2421367773388625
v 0.2912199192199707 0.34891001972961427 -1.1827301295318602
v 0.16969570292282105 0.34422680087471014 -1.2107575519695282
v -0.60278744841670995 0.29006202130317688 -1.1240568151845931
v -0.71924838587007522 0.31262375682382582 1.0317946976535799
v -0.58464413080072397 0.30392546184635161 1.1237448985819816
v -0.0093971610519409179 0.29956722786674506 1.2713809983333588
v 0.24948804259300231 0.32859845622634887 1.2181245783672334
v 0.43153196191024784 0.34609817611045834 -1.1423907814779279
v 0.43988944946152819 0.39113894435065133 -1.0771955485734939
v -0.66014380487823487 0.45826881196975711 -0.8541052448654175
v -0.81431668191528317 0.44516667762756346 -0.7312807782592774
v -0.71993030488981524 0.38432181698594775 0.92806834572287977
v 0.48126654416179659 3.3652874838609694 0.49338957061243061
v 0.73523139295196538 0.56866090887451182 -0.65676354698181161
v 0.54517508054351804 0.60779886663436888 -0.78941241841125487
v -0.36729201084899898 0.50427395803070074 -0.96853792758941648
v -0.56948169501876822 0.49326847841644283 -0.8765053076705932
v -0.73035656893157963 0.55035238745880122 -0.67776572803497315
v 0.82329232849502565 0.7006023004455566 -0.41450145402908323
v 0.70552860687255858 0.63377454528808597 -0.63144393630981455
v 0.52193558578491217 0.73408968113708495 -0.74830278916931159
v 0.40951515425109863 0.74507002761840824 0.81563565116882342
v 0.19173056460571289 0.78695990763854984 0.88916346699523929
v 0.72643465143585195 0.87190890883636474 0.56058219508361806
v 0.86554296363830563 0.93623950281524659 0.36849617395019529
v 0.63681526671981803 0.86600956574630739 0.65970886184310906
v 0.61821545859854565 0.92689625357927596 0.7036767249308995
v 0.94425136548287525 0.94568194253403803 0.0084837591748918827
v 0.90753812625994001 0.95746413467407221 -0.28161130410766599
v 0.9872905014855522 1.0182390992867605 0.062554040784563336
v 1.0548084470901489 1.1209444635200501 -0.067735774494171133
v 0.98492625953238355 1.0340470455736432 0.17746292445700507
v 1.0226422362289429 1.1034335198478697 0.22094510689163208
v -0.79239580618575634 1.2018742267021452 -0.72513675292246682
v -0.1635140625087193 1.0302660285873413 0.98760890508815236
v -0.30065968731548104 1.1356140777640342 1.0212555773458138
v -0.031489307929992674 1.0799539783363343 1.0375955030021666
v 0.035765280341148377 1.1461711677689552 1.0675022912521359
v 0.11595544115447998 1.0001248295555114 0.97217748688125605
v 0.24243535673904421 1.099259047982216 1.0187469013252257
v 0.46971838110685349 1.1815263275782721 0.96563847497115807
v 0.93510843418230327 1.0081978837520054 0.30355117870439802
v 0.9658187328796386 1.1024684913024902 0.40541084403991701
v 0.77922990807247172 1.2676519944925309 -0.71023418142032624
v 0.74281700474322188 1.2194473707373756 -0.76412748283833087
v -0.61298372707618975 1.1839140767557279 -0.88140631931611457
v -0.72955248957991603 1.1612329103401899 -0.78875119045102593
v -0.9771280416278838 1.2587973753204345 0.42430048920154573
v -0.97308854692555835 1.2015164542530741 0.46576901487749645
v 0.28706112173569204 1.1679973681911147 1.0300033887623505
v 0.26862902352294921 1.2411074267771958 0.99882255234591966
v 0.50065922561264042 1.2222893901681902 0.93003990656185143
v 0.22125257915115357 1.2942532091474535 0.97095327874946591
v 0.16411830405191014 1.3852393278047868 0.92553100733186522
v 0.34137940750169748 1.2137764796341486 1.0001990760478292
v 0.84754481802940362 1.4714493913135529 0.46538625494575497
v 0.11430218607788085 -0.019991006079101564 1.2340133987365722
v 0.34716317138214109 -0.0047023236480712863 1.2187737925979616
v 0.84749545882415778 1.3212070831718448 -0.61152660297393813
v 0.87653812578582757 1.3514028743629456 -0.5551565264816285
v 0.78305552979373938 1.358260695207596 -0.67305660748004914
v 0.71738203965187086 1.4834861622867583 -0.68635011656570433
v 0.088663822098595746 1.8383389450073242 0.94958551425007409
v -0.22900639871573447 4.0402293723699447 0.39771930679672962
v -0.47774199973297121 2.4640618312931064 -0.13873548654365542
v 0.045690969839777267 3.5186342742430825 1.0538830514276709
v -0.63527622434043884 1.2596458530693053 -0.84208237768173211
v 0.092896204124927523 1.7621221539487841 0.87235828439283369
v 0.092063495172882065 1.8173903252033234 0.80121884419975276
v 0.15922164085451762 2.2207923220100403 0.68924121380392722
v 0.23131315285348891 2.3064237376446721 0.67542631244897833
v 0.22304678285980223 2.45522071619606 0.68152191880607615
v 0.1685436757581234 3.4885965740242004 0.85157148429012297
v 0.10039206797613415 3.5471168345903328 0.97594053061636854
v 0.09935304886865616 3.8143312241110801 0.95589136965608601
v 0.10106153501534462 3.8692720710322859 0.88673068013668066
v 0.10144037334394454 3.9319093954529762 0.8166038623719214
v 0.3949312715597153 1.9576332206249238 0.61276637471103679
v 0.42671495462799069 2.0403853846511839 0.59161862932586673
v 0.29597255935573574 2.274374817481041 0.65965933820629119
v 0.29414179701042176 2.4374478544034957 0.66137190492153164
v 0.43444494104843134 1.8858453012666703 0.59450874110679619
v 0.48109664687347414 2.0132414379348758 0.54082484782028195
v 0.7203182396297455 1.5615346083526611 0.52045398684883115
v 0.69464095940780646 1.6863738926467895 0.42686955950355526
v 0.56260177952575685 1.9011065838146211 0.47134358698654177
v 0.53305897014665615 1.9892005364255905 0.48683448461008072
v -0.52731771191787724 2.1495626117973328 -0.35838665382766721
v -0.46612504685974121 2.301806561290741 -0.30970011116409302
v 0.28699849037599567 4.00698879764595 0.86093575763101571
v 0.79034178130626676 1.5700965952215196 0.43293227037715909
v 0.74834300815010069 1.6528293481750489 0.39105942510986325
v 0.60296552262878411 1.8976175185585022 0.41816537698364259
v 0.6296181445007325 2.0294853745317458 0.35734584933662417
v 0.38115152628326415 3.3721116111860274 0.62008235226440434
v 0.36119987319850921 3.4837758950634004 0.66732161461877837
v 0.44581709159805777 3.1436778492397073 0.47682416209876538
v 0.40552478242969514 3.1454762362976076 0.54807908040809639
v 0.40167261039891244 3.4862137126366139 0.5927321041775464
v 0.4480450838518143 3.3134172271175384 0.51761916895437243
v 0.43022626819896698 3.4006702260575294 0.54948420404624942
v 0.53161007667350768 3.4757114892816547 0.39052564632415776
v 0.53538239306592939 3.5599050697894095 0.34739466715645795
v 0.52891699350261689 3.5518198810982708 0.24867051383829117
v 0.50283600108766557 2.5623735515477657 0.11257248252844812
v 0.47677877578544614 2.6343904261665338 0.12619115895652772
v 0.52079155316042902 3.3987269339730735 0.26609117043161395
v 0.51853883513164511 3.4783895623769761 0.23170223557758329
v 0.49301223923492432 2.5647973379402162 0.024644671962738035
v 0.46134883437538149 2.6186478951187135 -0.0011315909042358403
v 0.78462235077667242 1.5349181511650087 -0.55692132970047004
v 0.70536437294578558 1.6690205903298514 -0.54117272980376652
v 0.40209871585845947 2.5869657583503725 -0.13749209808349611
v 0.72939490254211425 1.5406648082180023 -0.62949951527976988
v 0.65564669129371644 1.6582557692689897 -0.62480162672901152
v 0.39944039126777653 2.4535409152374266 -0.26929560300827027
v 0.39427492445468904 2.387149548548698 -0.34237779159927362
v 0.37196949506187438 2.5672279188442229 -0.20267112111377716
v 0.31544660183811185 2.5546670702676773 -0.31400658738803866
v 0.2964707846069336 2.3916437417049412 -0.4956285077209473
v 0.29582662278938293 2.4957531781120301 -0.40342936685752867
v 0.23519130405426025 2.5480685860271453 -0.44555331535530096
v 0.2356778940896988 2.4555622657327651 -0.52391897198390958
v 0.19308575595641136 2.5279455353784561 -0.51431337675118449
v -0.45179510811614992 2.1439649486179349 -0.48409762030792242
v -0.41471179830360405 2.3002835203361514 -0.39321549706268311
v 0.16270891101717949 2.4495245428979393 -0.59914876703691489
v 0.12219048586845399 2.5714005180063246 -0.52621327379322047
v -0.020896683554634456 3.319688329944849 -1.2025184431011082
v 0.06550295174666812 2.25367591672366 -0.78836578765092569
v 0.0084233742942810066 2.1492994044523241 -0.88160756549835206
v 0.23226654483294487 3.4188883226053717 -0.68677515066814432
v 0.24252561966359615 3.5014574187756775 -0.61526619845056529
v 0.2215037939081192 3.469414813173771 -0.72390576943683627
v 0.19785891184132443 3.4586439005123548 -0.81523998267228259
v 0.082061553416132915 3.033923101868182 -0.36498998087996243
v 0.0020037443002462385 2.8995581910506485 -0.87413045826935765
v 0.023862897958278659 2.9913396250708102 -0.72977929926538465
v -0.3895851240053177 2.1401965743989946 -0.58295727600765246
v -0.32961731243515013 2.2813059135913853 -0.54471425953578945
v 0.10046170622103555 1.3064750279116972 0.98659756623932293
v 0.025095782473087309 3.8857904915418624 -0.43076180102062223
v 0.26223158195924756 4.0483633960767129 -0.081283110264505659
v -0.08924140069422723 3.736173968159723 -0.64575283771014225
v 0.41923800143147705 4.0044293291227575 0.0036039297477602952
v 0.17261001973485945 3.5381618817369933 -0.81153519871604429
v 0.11002653671755111 3.8206407733486722 -0.51701713837732588
v 0.4055697317631245 2.8010206943488121 0.098635484297990794
v 0.43303724342182703 3.0443575356069972 0.4477535416970253
v 0.36625459567880631 3.9907606471452715 0.54194800886631012
v 0.38974924825620655 3.9480748811795712 0.58995167661380754
v 0.33780561353076999 3.8810231014328149 -0.32953736513300236
v 0.31517029634881022 3.7807941537134648 -0.32832091851258283
v 0.38017633095018266 3.9973611977794348 -0.22200121358605623
v 0.23926422365188599 2.8587737504158017 -0.20287850437927246
v 0.074859191688537594 2.4856468743991851 -0.60669065546798717
v 0.3273233060493469 2.5889963364086146 -0.25788383739185333
v -0.31917960343742369 2.1257185500965119 -0.69726604370117196
v -0.28651230375862125 2.2741542358093261 -0.6101412894153595
v -0.023881524318242073 4.3261948701102728 -0.31314517595992086
v 0.11962173828874315 4.0049969258195333 -0.26741316344921928
v 0.10903942685973644 4.0626398657501941 -0.23432281219470502
v 0.053692805854570862 2.3802438698690533 0.9280283579738855
v 0.037410975903987884 1.548737313738227 1.1042030437932013
v 0.097311786351541682 1.5561615725376208 1.0388204995138643
v -0.57273259056391035 1.4441565477474758 0.71525996364321021
v -0.97689807913780213 1.3126450557899476 0.38409438045120237
v -0.95298752826499944 1.3801616195421218 0.37230643885040282
v -1.016338884581566 1.2928777277135848 0.28900974359512333
v -0.99138332093238835 1.359943507522106 0.28110532997035975
v -0.92109279731968474 1.4429007540631975 -0.37945532299532209
v -0.87341921366138453 1.4906494974149704 -0.44072391469039918
v -0.5645609070687293 1.324670094833851 -0.88126635861635205
v -0.6307786263370514 1.331948873052597 -0.82920035107040402
v -0.46895261499404906 1.3773909811811449 -0.93783682105255117
v -0.060362329701423648 2.4754665453033446 0.93199760829710965
v 0.27624889287853244 2.569663500831127 -0.36668993426179886
v -0.36486046990081245 3.8395671160320557 0.67018783048820496
v -0.09195646791486739 1.7978171345689775 0.84171314226202965
v -0.39421535005950925 1.5539634957809447 0.74065961223602295
v -0.37895469940185544 1.6807795853996277 0.6802403901901245
v -0.2531660859603882 1.8990954335803985 0.65892195733261105
v -0.24924286249542235 2.0323326633796692 0.6605946116828918
v -0.20072748534119128 3.7851016252714391 0.8012990718047619
v -0.15563823677464328 3.2248144276713133 0.83299265523592636
v -0.094086514214813705 3.4415253168145248 1.0229223971420867
v -0.10008221346381732 3.396799812608974 0.93654676448190211
v -0.35278239239311221 1.9212371180534364 0.63289875461769118
v -0.37107012005996703 2.0655288735485082 0.6262321985645295
v -0.20447467337203026 3.3005874292552466 0.81287776510071752
v -0.19481004065203666 3.1510568481287957 0.79499024342966085
v -0.50866783000510085 1.5707549890409198 0.67287343989889958
v -0.52143204061508175 1.6556467490940092 0.61730759109401701
v -0.32430704302072522 3.9777875075678826 0.85837221285009391
v -0.28666200758323074 4.0453483395483198 0.88044161344215277
v -0.23058738100671766 4.0510803511986726 0.82281979758501056
v -0.39678472337794302 3.1950386747264861 0.57193351212263099
v -0.35936199406611918 3.1466996145080328 0.62125551259171963
v -0.36258306331062318 3.371360212753296 0.64840807259178157
v -0.37951223309803006 3.4420963258647919 0.63405295487737656
v -0.41453345248842238 3.3124305371708869 0.56213880855798726
v -0.42812018594646456 2.8341280153212547 0.4538103712182045
v -0.40369980757927898 2.920970608016014 0.50063547030091282
v -0.39879625831270216 3.3743377536642551 0.59315509775471686
v -0.41944764962024683 3.4542678430519578 0.5646075472090244
v -0.5050309677610636 3.199243297366452 0.41984792010650634
v -0.90858130074392052 1.5216082162167686 -0.27684853714697705
v -0.85333440178407938 1.6320337950254169 -0.2131211256198883
v -0.63845216128540039 2.1744431020355224 -0.038959947875976564
v -0.58278601298522947 2.3260153902549745 -0.014849870737075804
v -0.52388444112014765 3.2367156154127117 0.34242099965572359
v -0.51502093132305138 3.3477917424440382 0.25300942850637437
v -0.87498212690544119 1.5778151694259641 -0.30260332048225402
v -0.83654912061023712 1.6296078481817244 -0.35101816310787198
v -0.67220329576110838 2.0750135143699646 -0.13655329515838621
v -0.58212274382019047 2.2980129221954346 -0.093837976699829101
v -0.8363386119232179 1.5819584790992736 -0.40597354070663449
v -0.7912875092773437 1.6723172298202515 -0.39525611956024165
v -0.44514739054965968 2.5292090172195438 -0.12622853364753722
v -0.41641280577230455 2.6004067965521815 -0.10294703318452836
v -0.54454331349945062 2.0201070429153445 -0.4542185921783447
v -0.47630280956077581 2.0260034565887448 -0.55632268389701844
v -0.47212283781433106 1.9832701533889769 -0.60210647839927667
v -0.40467297792243961 2.2544639394264223 -0.45517463930702207
v -0.32656614517211913 2.0202758802499772 -0.7976118677549362
v -0.23133013916778566 2.2429789920349119 -0.71695488460922241
v -0.32844379265117646 3.8277476418476106 -0.3060673156423569
v -0.17415831928348538 2.0456867575979234 -0.90872487671566016
v -0.19526571372413637 2.120899721561432 -0.84863106534767141
v -0.16936472891998292 2.2549198348979953 -0.75316921146392823
v -0.2736023838133812 3.2093186515173908 -0.52099878840494163
v -0.23723743394649027 2.9698087749140263 -0.88564775827932363
v -0.24054782621889115 3.0016568517540216 -0.94953230810432432
v -0.28428753898354941 3.3615571953874999 -0.46752757838003978
v -0.27773865783653262 3.4198225179067614 -0.48112563386831286
v -0.25582253512156006 3.4172119335382583 -0.56740785943382976
v -0.25505464083116397 3.217641693720358 -0.8623238700987611
v -0.13026612734276055 2.9264266049439911 -0.81092509944283964
v -0.050987567544221873 2.9281884747297764 -0.82806148836827276
v -0.45728188833999633 1.6032558585433958 0.68367043000411976
v -0.47764701110496521 1.7453385106546402 0.60614411056404127
v -0.12719609131336213 2.1293982131423954 -0.8651460967521668
v -0.10544966635063717 2.2778149665637697 -0.75580394514574323
v -0.14438260339440617 4.0138514280124138 -0.24709922466089895
v -0.070467850411951541 4.2994562565665237 0.57800890990424159
v -0.097724303856134412 4.2459318654551517 0.54635649323463431
v -0.096917920683860764 4.1851193331356047 0.4541865641736984
v -0.13093382178804702 4.0332332589951498 0.57625216113662714
v -0.15762950204484463 3.9255514947327796 0.75775486553391813
v -0.43993851033496861 2.8510214935379024 0.38972143376922608
v -0.43079810589960643 2.9255180913295065 0.42107338165548869
v -0.15932541429376601 3.6072744079070089 -0.76206931082344065
v -0.14775637748718262 3.7262861854691511 -0.63313876104545597
v -0.21501767753519119 2.9912194250592963 -1.0199304079265894
v -0.47763963815447263 3.1161145366993637 0.41068776174732613
v -0.44942315263438226 3.0193378460083009 0.34468995265722274
v -0.35602965502815248 2.8759549712388992 0.055829922384262085
v -0.38582938239498482 3.8896368775120296 0.57993585097041134
v -0.38134991818022729 3.9764082312424183 0.63756463738751401
v -0.37103147988953594 4.004941781681012 0.83293880484023086
v -0.36299765511202808 3.8952752823441026 0.77664097237110141
v -0.26574623418426513 3.7992518742334846 0.78011753342938417
v -0.071915107066154477 3.3486835008187295 1.0457696016469002
v -0.43849591693305967 2.8019445477333065 0.31034797039318085
v -0.42811936266374584 2.8836371507110594 0.33292245772886275
v -0.073219290930736064 3.0795213399901029 -1.1963824875876188
v -0.10622508368088518 4.0814069545524463 -0.21306380466251715
v -0.046724163515499656 1.7781301637097426 0.99862153598998282
v -0.051712932184219365 1.641962926767826 1.048673800862074
v 0.070597718852996816 2.5570198962783817 -0.55371741685867304
v 0.099494753178834924 3.4090641504092218 0.99247489362692842
v 0.10867242816325595 3.4605539898643154 0.9115118345644474
v 0.33808834735488891 2.2251802658004758 0.64485933784484861
v 0.35189033172798156 2.1349653489494327 0.63752635896682741
v -0.19169086599636079 3.2273082366856634 -1.1253464397488533
v 0.52315077915573127 1.893444621635437 0.51955879504394531
v 0.56741345740699767 1.8196595172348022 0.4941288664073944
v 0.62059756441497804 1.7683945863113402 0.45236859796905515
v 0.58226843638277048 1.9894279177260399 0.42377505149078371
v -0.26509104188919064 2.1067283481178283 -0.80897017758560175
v 0.84057105384063724 0.93541290210342409 0.4222804482383728
v 0.7770232427787781 0.99347651840972895 0.58801786355590835
v -0.096593972766876229 4.1516317934169766 0.52290169831848143
v 0.39908305755281448 3.3262263737101554 0.58653495982217796
v 0.099442697750091541 2.3824477218389513 0.80639597453022005
v 0.096298313854217527 2.3250238851013183 0.789090726398468
v 0.14026686541875205 2.3136175353012089 0.69741534602864586
v 0.15228647864818573 2.5069407235552923 0.70235583143942693
v 0.10786127837181092 2.3647046412239074 0.73213336299896237
v 0.12891647784226282 3.5557050825670107 0.88151989900044025
v 0.36879194303131102 2.3019702978763581 0.62780183119392396
v 0.36881154328918453 2.4211760803375242 0.61456794091033951
v -0.69339289453792574 1.3244497375335693 -0.77492478837966927
v -0.75535785710144043 1.3742482026548386 -0.69821521307468415
v 0.4598774314460754 2.1988042714481351 0.54374027832984917
v 0.4148077794342041 2.3021225971975325 0.58412667180919642
v 0.40239002317905426 2.4425244847288132 0.56304238163089759
v 0.46596973180961609 2.2832024962863922 0.5154670966243744
v 0.45056130713272091 2.4405065996093751 0.49591814763832093
v 0.84273866680145271 1.5708973595199587 0.35800577183532717
v 0.78480452034950254 1.6834152672319411 0.31159757658672338
v 0.55592269795131688 2.259651555009365 0.40419578264331818
v 0.50632052259159088 2.4103688689031602 0.43209008102989199
v -0.89548577492523207 1.2768894822750092 0.54998168292999261
v -0.84081502590560919 1.3595989340562822 0.56615562779045114
v 0.37227267214536663 3.6268286184949878 0.59073808792209626
v 0.51922655843687071 3.5313127674322131 0.42776183739280704
v 0.4416108262500763 2.7179124747734074 0.089275818731307979
v 0.47223148357009881 3.1340053991737369 0.15975967390251161
v 0.47346113089466091 3.2047251467132574 0.13050345476627351
v 0.34346306098754065 4.0140968025543184 0.15792166360551971
v 0.65990070935153966 1.5097880079956054 -0.73816821442365632
v 0.67853527998352048 1.5911471321716308 -0.65298753225326533
v 0.35912124749755858 2.6507925154190066 -0.14429633900833133
v 0.62514357342720039 1.4969002838497163 -0.78435516976833353
v 0.58513152439117433 1.6164031858386991 -0.75814608606910705
v 0.29553217283201216 2.6617501530046463 -0.25290351353406904
v 0.24794772773766521 2.6767772143280508 -0.32045096325969702
v 0.025963672564506532 2.6491059385075575 -0.48639356577682491
v 0.049095477122068409 2.7233978582203386 -0.41449404785466193
v 0.25188396499204635 3.2042815382218359 -0.7601381875941754
v 0.22507244215297698 3.340211600790977 -0.74195747374582288
v 0.22928228415721655 3.2789359517230396 -0.79468651340466745
v 0.21033613106490884 3.3749264873139517 -0.84185938187108711
v 1.2846444131097794 0.23545952299118042 0.12479300746250152
v 1.2781565569229125 0.28575630593299872 -0.037726352838516233
v 0.23578529131487438 3.133273572069236 -0.49929714888722554
v 0.18300703253245354 3.0789649123015401 -0.4122291787085533
v 0.16601751495490755 3.0810653983447209 -0.51942956332656309
v 0.20388808009793077 2.9834186404431211 -0.16717055875679426
v -0.018767954920768735 2.712539064256668 -0.4265963416824341
v -0.33457644053077701 2.1804847399663925 0.6446485520439148
v -0.36787509449195865 2.2419509911060334 0.63100486417770385
v -0.0015286595928668979 4.3718086153519149 0.041919548972606663
v -0.014733945352077487 4.3468159845359331 0.44743852816736696
v -0.099837942089706672 3.7936372093952593 0.97140456281608345
v 0.037404055249214169 4.2430251476467848 0.70867006638550767
v 1.2053681466918944 -0.017529133288574215 0.30715227592163086
v 1.1252304025085449 -0.019991346252441405 0.51838599565429688
v 1.2390122640686037 -0.023348075561523438 0.045608146942138682
v 1.2351824290100097 -0.021708294409179686 -0.11725587526245118
v -0.88970964163208011 -0.031437536071777343 -0.80451204534912124
v -0.9987036956176758 -0.017611691040039061 -0.73451074389648441
v 0.52922404664917 -0.019990412683105467 1.1205451001464843
v 0.7428296540374757 -0.0047022799606323213 1.026583490512085
v 1.2848405076438905 0.025959353524780272 0.2098351535926819
v 1.2948860876331327 0.02468473433113098 0.061806663574218754
v 1.3045078561820986 0.065777422088623055 -0.020679490535736079
v -0.12314029943962096 0.080943984614944453 -1.2945598871173858
v -0.303259301738739 0.084450766263961793 -1.2647556803092956
v -0.86652742200088495 0.05435191984786987 -0.979542266817093
v -0.96995221547698973 0.070531799804687503 -0.869259989435196
v -1.0457304942283632 0.084450769659042357 -0.77375119579505924
v -0.30442536135959619 0.083988219573974607 1.2671721642265319
v -0.15599463436222077 0.077562278235435489 1.2916511649045943
v 0.55062669371261597 0.019780402981567382 1.1762793396152498
v 0.71030485644340513 0.077562001430511479 1.0899067238445284
v 0.7192005066030025 0.16477129014265535 -1.0509377663228512
v 0.53779608718776695 0.16734401429700854 -1.1562218728027345
v -0.30598101104688641 0.15517074177789691 -1.2351200758104326
v -1.0229811345806121 0.17371409259605408 0.76351672592544551
v -0.94476413858604424 0.19180262204027176 0.86569892491674416
v -0.27886862144088742 0.16167044101428985 1.2459965358562468
v -0.14262396471977234 0.15067844199562072 1.2615775690803528
v 1.2269284919614794 0.16477112448501585 -0.34261677054727074
v 1.1950937809810638 0.19485079142379763 -0.46493842899227145
v 0.61618668585109715 0.19485083722114563 -1.1241785398874282
v -1.2739688105068205 0.17371526137351989 -0.072515682878494261
v -1.2797327113757133 0.19180266745519639 0.056036289552688592
v 1.2060183690366746 0.31070224419860842 0.36817461003322605
v 1.1536972152237892 0.31947421462202075 0.48560513692426682
v 1.2346234129254818 0.22282233453941347 -0.3779068980998993
v 1.1884200796566009 0.28351920738983155 -0.47151372857093815
v -0.90619681236648564 0.24173165390205384 -0.91887601495361326
v -1.0287269741377829 0.2620960807561874 -0.77273771246242529
v -1.2622209413700103 0.22067190375900267 -0.27552079553604125
v -1.2821771943292617 0.27051332911968234 -0.080809470745086667
v 0.57210006093025212 0.3194742305088043 1.1137309985156056
v 0.73631996483802797 0.2685661324424744 1.0575390301284791
v 1.2596192585639954 0.30891623033523563 0.088096362804412839
v 0.093627823781132699 2.3655997458467484 0.88681299906861788
v -0.18851127691078187 0.28823811362314222 -1.2584170444321634
v -0.24390947601127624 0.3496112775592804 -1.191616181159973
v -0.90665029121780394 0.33062069926548004 -0.84306581705284112
v -0.95325225158691407 0.34960454383850098 -0.75587443471527105
v 0.041767178607404233 3.4655065387724044 -1.0547370633285642
v -0.2982166421260834 0.3266259968180657 1.2080996956677437
v -0.18819971140861511 0.30174479623985295 1.2542445190887452
v 0.66159157101440424 0.30174497809791567 1.0819564387989042
v 0.26368532154900687 0.39404780691187724 -1.128651023653984
v -0.062423888488769529 0.35947148771286008 -1.2006811548576355
v -0.23652909032876149 0.40348827780369356 -1.1226395258004325
v -1.0419489504699708 0.46276658039093016 -0.26605264315032962
v -1.1198776642785755 0.42477263700839452 -0.00068535730116708188
v -0.52961473517131807 0.33332547762203218 1.1171159898719787
v -0.64613963965279719 0.38708122559683666 0.9763328462475368
v -0.30733188593292238 0.3913970359344483 1.1220120351409912
v -0.16732562932750156 0.39641943294143678 1.1461587848330907
v 0.16789148199462892 0.59874602507400509 -0.95050870979309088
v -0.11886580306625368 0.58494942859268184 -0.96515274571418752
v -0.95426227593939639 0.45425260954557145 -0.51873923784419462
v -0.89899731801986693 0.50585905373001094 -0.51315368824768059
v -1.0211790482319423 0.46510742657252718 -0.33094112100546696
v -1.0142885831298827 0.5220636080627441 -0.093416608673095702
v 0.34692148976135251 0.72919342391586306 -0.8461584876365662
v 0.14716137552070618 0.67448750744247443 -0.91791056925582881
v -0.08168244140625 0.73398808160400386 -0.90823446806335451
v 0.79941574391174319 0.841122169769287 -0.43954320886230469
v 0.80302052486310682 0.91472243797302233 -0.47222058906555175
v 0.69402603750228886 0.87243990840530394 -0.59866444087982174
v 0.54092834161376957 0.91062099642181393 -0.752912552772522
v 0.41362407798767092 0.96619771728324899 0.86418397971534733
v 0.26535273311042784 0.99050602909278873 0.93620299232673643
v 1.0691388255825713 1.1436481517513024 -0.012060531300287693
v 1.0753783370375634 1.1662934622147083 0.062785312659025191
v 1.0290960060654437 1.1520200064492359 -0.29660456518572142
v 0.96203610632157321 1.1901919220536947 -0.48471852446210384
v -0.98996582177615167 1.1822535045933722 -0.43254435377740863
v 0.49275126096098765 1.0177430906821661 0.86083510121073026
v 0.46897737317466737 1.0980191330013276 0.93697350420570369
v 0.66663673180389393 1.0817983007583618 0.79397655398178102
v 0.68429937121391293 1.1443530013141632 0.82239558700942994
v 0.75026174952697755 1.0182452550964354 0.64658959953308115
v 0.82891920484624593 1.0970478749348778 0.632930644096102
v 1.0757282768134602 1.2191926935037587 -0.080152634096997119
v 1.0480685656878863 1.1679544783934013 -0.23825054324448958
v 0.60006827543138608 1.2116482545930702 -0.87876704836076924
v 0.51273176456785197 2.3313389347348217 0.44204124147295953
v -0.72426898927764882 1.228242038941574 -0.78087452338638297
v -0.87821275950241096 1.2407101718292237 0.5994993986968995
v 0.72648406788998843 1.1017804049463273 0.7531345774599314
v 0.78729837154775861 1.1754994714514018 0.73187313360476502
v 0.076999944826769834 4.2900220769315363 -0.32945453133583069
v 0.3338530446613312 1.2789735221191405 0.95144068829956052
v 0.28004704912147521 1.3390133224227905 0.92436285853576661
v 0.37453312374305725 1.3189234360313415 0.90936673645400989
v 0.32809301507663724 1.3830125413551331 0.88005875036621095
v 0.22177759380197526 3.3651162651603221 -0.90438543227362622
v 0.87466907341194156 1.5116848733558654 0.37668974434471131
v 0.91854294160652161 1.4891274893884658 0.30610625798034669
v 0.73566961001853937 1.2991435301155088 -0.74083234788665764
v 0.64703280066680913 1.3591205126876833 -0.80768722694778439
v 0.61377477662277224 1.4143718700170518 -0.82532059286594395
v 0.5326870361995697 1.4803665429394246 -0.88174906059288971
v -0.022635035348027945 3.9515891032937467 1.0045734250306784
v 0.09645588787031173 1.8522693268008232 0.87291874668955804
v -0.45267466327166561 3.3653853211233615 0.52076693144822117
v -0.48684951340389249 3.4079637493619916 0.48939351004409787
v -0.51269737953395844 3.3368817365013124 0.45576739102153774
v -0.49689149878144262 3.5569892835702897 0.45579540983843803
v -0.50678423602461808 2.5497856128418448 0.097833267472982405
v 0.09934829887866975 2.2710308927898408 0.75964701083183295
v 0.096098714542961122 2.3166871728229523 0.84843789525399216
v -0.49296413682556151 2.5539899168395994 0.0042577530765533474
v -0.83629505038681029 1.4946480761020662 -0.51410904020767212
v -0.79166560458564761 1.6044423698806765 -0.46856252061271669
v -0.38278845697355268 2.5744696009473804 -0.17891221032094956
v -0.42255290813446045 2.4217211009674071 -0.26386044013214105
v -0.37635532575750352 2.4618698320565224 -0.29845891355609894
v -0.37196142814064026 2.5187173637084963 -0.24931134002494809
v -0.32846171799945834 2.4378201707477567 -0.40526278702306751
v -0.32930578318119053 2.5085248399477007 -0.33432987093448641
v -0.28486049820852277 2.5813765452804565 -0.34202835664129261
v -0.27491301998329165 2.4289069670486452 -0.49333330989646912
v -0.29245599081039431 2.3596610459213254 -0.52870808167266858
v -0.28782212094020843 2.4801296235952379 -0.42984502844238281
v -0.25694954524612423 2.5466209755630493 -0.41572393268012997
v -0.48741268167495722 1.8325397221889494 0.56940542878723144
v -0.24077853368282318 2.4977564234771732 -0.48127649648475646
v -0.18604344551467897 2.5407719422676562 -0.51095267485404017
v -0.1728121375873089 2.4418535090134146 -0.60017003613710407
v -0.14141879032611845 2.5136288986248974 -0.56311667260932929
v -0.048042279421985148 2.8195187055577637 -0.33386911969006061
v -0.24459964146155119 3.1540556237378121 -0.63903192255979779
v -0.23975907944667341 3.2898283675514461 -0.91845779752266399
v -0.23674216239035129 3.1368250463347431 -0.5613272564752102
v -0.52748278556442263 1.8629274150323867 0.52461964710330955
v -0.47696900447845458 2.063626512718201 0.53931583315277098
v -0.045015177025590616 4.0361935277773995 -0.31455597039287431
v -0.080637078024268144 4.3419996943715216 0.022683283150017261
v -0.57571152717590324 1.8156839634304047 0.48635645767593383
v -0.018414539308428766 3.7825479611159567 -0.58800156842780116
v 0.42984653545522694 2.7987560696718692 0.20176741190981862
v 0.41829437362957 2.8672848908967974 0.22418091379356384
v -0.4134154310054779 2.7472895461854936 0.050660351496696468
v -0.40396827096080778 2.8670347653331758 0.15505830771398546
v -0.38162460451688768 2.8223443840395452 0.069572588130712515
v 0.40012159101867673 2.8942775661566253 0.15693379619407655
v -0.44560355880112651 3.1661429534214496 0.48596222021298408
v -0.4333289164061887 3.0959107077146086 0.4746413227229459
v -0.37966942326998709 3.9735289996929168 0.56289010992884636
v -0.2935554502043724 3.8688087661618509 0.78659145439386358
v -0.60649700790452954 1.8824186965694427 0.41960501949071882
v -0.56940704341125481 1.999696350326061 0.43838840227842335
v -0.29648164958477019 2.9165757750745502 -0.059883371715818132
v -0.1014925234896342 3.200568475329399 0.91730021141370144
v -0.099299605356965748 3.2282106305644169 0.97509860477168231
v 0.14222915087246896 4.0627550928779232 0.42560609505760671
v 0.098312496957242493 4.1319346214532855 0.48233425939682123
v 0.19818356069064141 4.0632237213375575 0.19563528235805033
v 0.094054187744478379 2.1568675651016234 0.80575305200431746
v 0.094490010141372677 2.0771220797863004 0.81605827267074582
v -0.055836351997613901 3.9078917386715415 -0.39515438189327712
v -0.12301889916324615 3.8915165077323914 -0.40865537719249723
v 0.44121478259344099 3.9762029221539263 0.069294412318110468
v 0.13116439452545986 3.4872907704593796 -0.95792288552263805
v -0.033720106058359144 3.8198771301264762 -0.530756084590435
v 0.0539393045732975 2.8624337338289019 -0.9437742093479633
v 0.35203796941184995 2.774092132446289 -0.034950354004859921
v 0.36023608030939103 2.8193807612957951 0.024566289483070373
v 0.3267765078213215 2.7240335803916453 -0.12869730685353281
v 0.31466635067427162 2.8100779605847599 -0.076733258965611451
v 0.25196531770161218 3.0443288053358284 -0.13511493856613976
v 0.25511501292312999 2.9624032569785888 -0.10927503613714662
v 0.36017688220777511 4.0394657598462107 0.86775054838533394
v 0.35131358484404429 3.9141599679475512 0.80100405274214059
v 0.29996603063583371 2.7111578925576207 -0.20176909817123412
v 0.2865873394880295 2.8143545379829407 -0.15010628632736206
v 0.18843895484232903 2.9308376651885508 -0.19785849764800073
v 0.10116988927149773 3.3336863774006025 0.94404347672660005
v 0.47779266049793784 3.9319986963791846 0.1209879659030097
v 0.31015566615206852 2.8866147699915681 -0.040876666348763878
v 0.46439216010141371 3.5438542569289209 0.49233184883785247
v 0.37392853070259091 4.0354668413867945 0.7280827694091796
v 0.36866009490242002 4.058454405319214 0.80558887200088503
v 0.077877395460844032 4.3466782401313786 -0.12560288181304932
v 0.64006164029884327 0.78241630487442015 -0.64520748264122008
v 0.51559580982589726 0.812298472869873 -0.74905769720077509
v 0.094904239866971968 1.9171644017050267 0.9173798346395492
v -0.06509586414909363 4.1789357741940023 -0.33903381077718736
v -0.72766271501445778 1.4413514912815093 0.61346195521736158
v -0.93309544967555991 1.3297102934637071 0.45283411415958402
v -0.90480548270416261 1.420844684791565 0.42479965789604185
v -0.80668620789337164 1.4458993185214997 -0.60039147069644938
v -0.088372235726761811 2.174516523509741 0.89932889336049548
v -0.058749880842959887 2.372685261555052 0.92348489129929545
v -0.057868025465250016 3.6482977318782805 1.0525155087158085
v -0.05218295069611073 3.8945551517236234 1.0088430802983046
v -0.13307657356897989 2.2310954806372325 0.7019563409824372
v -0.241607566280365 2.3074839407463075 0.67374478034591667
v -0.21673123831939697 2.44312371270752 0.68228225059890746
v -0.12724205797433855 3.3157466274347303 0.85818090068435682
v -0.10468887247622014 3.6631950970350502 0.92741392786478993
v -0.10246113074731827 3.7268373274812698 0.94798209587883941
v -0.42496619209499364 1.9543124374996186 0.59605977719535841
v -0.4223569995059967 2.1187747548427582 0.5952937928371429
v -0.30585483950257303 2.3030107225205896 0.6573458013858795
v -0.33450388741397863 2.3945640206279752 0.643996878194809
v -0.58924143029594411 1.5837580497093202 0.61088490693473818
v -0.58908759503555297 1.6647385254001619 0.55767713696670529
v -0.39988475052690509 2.7081715217599864 -0.022126336967468262
v -0.6391844176712036 1.5284883945388794 0.61228027531051643
v -0.64111414352035523 1.6435940967884064 0.51999931780624387
v -0.56149531647586814 1.8990938050737383 0.47448393186950688
v -0.52222853325843821 2.0152472379369732 0.49460578591346749
v -0.59375602595520016 2.0455705812835689 0.39765503171920774
v 0.25211335586738587 2.7836793870267869 -0.23887952926540376
v 0.20335700188302996 2.7796997147781846 -0.29718502623617649
v 0.17914578556346894 2.7158736924443243 -0.3691733312973976
v -0.32886800936841964 2.5973320339884758 -0.24756882541656494
v 0.14302867072367667 2.7679578307368753 -0.3527821262319088
v -0.4259572030528716 3.670571032925821 -0.12620413447348092
v -0.380707584862709 3.9047285274980066 -0.22447584133136272
v -0.08813725766212599 4.3194254185358805 -0.1780982699511392
v -0.099360754704747895 4.1887488470583651 -0.18790009791932788
v -0.098862485589663179 3.1513089884072545 0.96714666577752428
v -0.10012581343396504 3.0662562488222123 0.880508800555865
v -0.097102550282001487 3.0482210955513711 0.96355157798111435
v 0.83996086919867996 1.154475139572978 0.66485869520890706
v -0.88730523885160684 1.2281703314011692 -0.60052654517984383
v 0.6316981180553437 1.198984784670353 0.86677696145915983
v -0.32785093701019286 2.9978359387506486 -0.043686588845348359
v -0.10329484400268962 2.4228177805458819 -0.6448981986471245
v -0.073462868906021134 2.5366036724300383 -0.56839728317832949
v -0.096733036281994408 4.0501598782363626 -0.27571983306421549
v 0.116872873108387 2.7029360485134126 -0.42020522730255128
v 0.10060953428459168 2.4511928543262487 0.82519981357383732
v 0.1004966124010086 2.5050375026961733 0.77516342092732016
v 0.28279767086410523 4.0394790608627797 0.20654447281026839
v 0.21830326747894285 4.0603596427559854 0.3200819587340355
v 0.26162348172998429 4.125355933009148 0.74897209000444409
v 0.30395110580301282 4.1123337594401832 0.67895223729133614
v -0.16697675747756957 3.8212163811336515 -0.49669658358407021
v 0.34240447149814879 4.0059618202239449 0.22072165739955221
v 0.32319746709513664 4.0018406346579791 0.32864377411055562
v 0.34597841837787624 4.1083843402919769 0.75760270641613014
v 0.26559492117043904 4.117196650825365 0.83600333180754538
v -0.036601072424565041 3.5144024796552831 -0.97461607088804247
v -0.035569135871768 3.6058642359851598 -0.84382913253188141
v 0.03176843594145775 3.6103231304700376 -0.83791776263141626
v 0.044710446939468379 4.1604426261215215 -0.34262137024116518
v 0.38235051673419135 3.7889339704977272 0.52493470088933192
v 0.082081031777858734 2.8963566057890655 -1.068057919327855
v 0.46565252195644374 3.0486183263912201 0.28145812184214591
v 0.40232215115213393 3.0171170117003916 0.057966217485904692
v 0.36591627380695346 2.9503587341330526 0.066756174382591252
v 0.37553630958025797 3.8628961522817611 0.59320073894562042
v 0.27504653789246081 3.772699618077159 0.7690817385721207
v 0.1017817637205124 2.9163023385140896 -0.25098145397591592
v 0.42359893162972584 3.9313178364549364 0.24969188500411171
v 0.36215364042186737 2.5996887050390241 0.57724972314834588
v 0.35621866580390926 2.6846244916920661 0.55761624298954005
v 0.33918371847357753 3.7811213055937767 -0.19654921471531392
v 0.25618087478196616 3.1417331945520637 -0.42545130786955354
v 0.17257995023155212 3.225638047127724 -1.1553198811969756
v 0.19337869932752849 3.2534211185920237 -1.1042168801005483
v 0.37043284535312648 3.8963207655010224 0.65716280250835424
v 0.051907447233302248 4.3428941581070424 -0.17860398432268415
v 0.10412452010583878 4.2104887656455041 -0.24288076419210436
v 0.098697845555782315 4.1306654687395099 -0.21964585481119159
v 0.13366332037734985 0.7530920415382385 -0.90109684329605111
v -0.087632320875167841 0.81202753448867793 -0.90536587598228446
v -0.77590220876598348 1.3029145893573761 0.67204835408115382
v -0.69888595045661928 1.3760765180721282 0.68128379456138621
v -0.84435576053619377 1.296982163898468 0.60590449252128598
v -0.78295910700702664 1.3689576677017212 0.62135984943580636
v -0.84531106530857092 1.4275541087923047 0.50790582849884025
v -0.8106264847917557 1.5055448931016921 0.47717543097686765
v -0.83310665326595301 1.2914214224581717 -0.64561576187849046
v -0.85170246214914314 1.3975107085814475 -0.56872690741682042
v -0.81470343858337391 1.3699110104312897 -0.6346780649871826
v -0.6934921686124802 1.4894573062677385 -0.71093202347373963
v 0.026028371998965738 2.8175815414979457 0.9939363453654646
v -0.05115568335751125 2.7921950188538007 0.99171346016556883
v 0.45624644809937476 2.6080917226753231 0.44568136865651609
v 0.41406367541027067 2.6858048451662064 0.47975950634384157
v -0.14581079805755615 2.3659801322441099 0.69764517802047732
v -0.15392468508529664 2.4593235160350799 0.69776432949256895
v -0.11510698078028361 2.3111837144953409 0.71687905762100224
v -0.10412010303708485 2.4611367892744882 0.75386383065618789
v -0.13411394220411776 3.5380257945556641 0.87789257303595547
v -0.40821625832176212 2.2934056963958742 0.59152586326408385
v -0.40890273477745059 2.436072422264099 0.55523783386230474
v -0.73709769245338441 1.5735131226558687 0.49282150122642521
v -0.65079538530349723 1.6960903321533205 0.46825817107009887
v -0.50742520890903475 2.1231539554491041 0.49395867065525062
v -0.464203845489502 2.3079828005065917 0.5112767642059326
v -0.47205849314308168 2.3692745996208187 0.48543977896690371
v -0.73530455543899542 1.6927190041236877 0.36583774510955813
v -0.50954467408943172 2.2910503084259028 0.45544587987899776
v -0.51250637034654611 2.3885472258248326 0.42889399649906157
v -0.35441968289184567 3.5934601346006394 0.65947706344413759
v -0.38576442795753479 3.5452080567455289 0.61402036251258862
v -0.3851812082605362 3.5949564176111219 0.58233655850934984
v -0.38802427499239789 3.6444119105858119 0.53657064313840863
v 0.68975123270225525 0.98125082005310071 -0.67543048175430298
v 0.53566082061767584 0.96509870318603519 -0.78860492643737801
v -0.52788152488136286 3.5297243011460306 0.40310820003223419
v -0.53753462285280218 3.5804449499616622 0.31955065488100054
v -0.46766177630043032 3.1531636531295777 0.13432348148059844
v -0.49111661565732956 3.451387745639801 0.13469298625469206
v -0.48533696437890195 3.5051521797808922 0.088699989546707686
v -0.77627991107940675 1.5191530099372863 -0.58384254122161872
v -0.72685144225059228 1.6631505781361033 -0.51284930061067846
v -0.45851311618232726 3.3247417712516785 0.03742742192745209
v -0.44758216369479042 3.1253579681572234 0.08193169950294496
v -0.73546101837921141 1.5378862009506222 -0.62362425951385503
v -0.70639962505340581 1.5962649580564496 -0.61004804488563535
v -0.34457390517711639 2.695266795899868 -0.12544935636901855
v -0.29443927792644509 2.6352837566776275 -0.27757952632522587
v -0.057683764131546023 2.7445554527034757 -0.39582463872241969
v -0.2457963863052845 3.2950541150779249 -0.64885794149184228
v -0.23719109137463568 3.389251002164364 -0.6689987069590092
v -0.12060822817796468 3.0404083674304485 -0.66561196200281381
v -0.10158153883186977 4.2646802377530735 -0.031286586512724555
v -0.096035479406595237 4.1571408366141327 -0.063285214718103402
v -0.096866715550978977 4.2278504993499126 0.024027062515179318
v -0.092592051444768897 4.1732569985823629 0.10299212180304528
v -0.098726609336376198 4.165671814355612 0.60052483395302292
v 0.37854909979483059 3.7199008019376141 0.52296276796942109
v -0.26880815747087 3.8147894459398746 -0.41225213178920744
v -0.24918407593059538 3.930879617586136 -0.33097505444622038
v -0.429624405194521 2.7692201689989568 0.13541731692028047
v -0.42354536034870149 2.8535505683417322 0.2563544836139679
v -0.34813712654733658 2.7835967144956584 -0.032493931615352627
v -0.30536496835398674 2.7415877173171044 -0.16103635154628751
v -0.32578032246780397 2.8467082395910879 -0.027827475703580039
v -0.27557945726585387 2.7884642881469723 -0.19593511978340147
v -0.26049144789814949 2.7187212080338004 -0.27056834383106232
v -0.21831388366508486 2.6963125755596158 -0.343154351518631
v -0.18140624051809309 2.7651623548526758 -0.32693542936134334
v -0.098191389008113319 3.3579348928802526 0.99232024620487014
v -1.1114546256103515 -0.031437604431152344 -0.45164786480712893
v -1.1899360798034668 -0.017611819885253906 -0.34858920773315427
v 1.048902921322632 -0.0047019807662963854 0.71065925271148678
v 0.88031544036865228 -0.019990827362060544 0.87201119798583981
v 1.1774511674591066 0.019780216823577883 0.54732323651733394
v 1.2442487913942337 0.07756123521614075 0.37851961411571505
v -0.55872023236980439 0.080944112648010255 -1.1743205646539687
v -1.1495343657878874 0.054351901534652712 -0.62405110947914122
v -1.2090031019210814 0.070531785278320297 -0.48504597127532961
v -1.2472223035888672 0.084473372596740703 -0.37051463648605343
v 0.15548749320220948 0.15012445052528384 1.2638950349826814
v 0.2867776942749023 0.14183265201950074 1.2429775655031203
v 0.27344041495895388 0.19301178473377228 -1.2516170924248695
v -0.71020524776554106 0.15517066693401338 -1.0559329175238608
v 0.14105765325736999 0.20931947810935975 -1.27917177705574
v 1.0557941194858551 0.24465864040565491 -0.74351025469779974
v 0.95442460622978209 0.28576205999183657 -0.85030798590087886
v -1.2315988863372804 0.24105578106307984 0.394063932668686
v -1.1876726039314269 0.23300321254539488 0.51266203465843208
v 1.0311817840185167 0.28716681925153731 0.75602744671463973
v 0.90677654419136045 0.28844543869209294 0.90224269076156616
v -0.53015840015411375 0.32611713427162176 -1.1252749139118194
v -0.67475292182302482 0.335628004632473 -1.0319747581372261
v -1.1492873827123642 0.31451257294082635 -0.50571355140209207
v 0.1436743011918068 0.33112760988807677 1.2320735134587286
v 0.79190247659397128 0.29897733354663847 0.99498102031230928
v -0.40479805049324036 0.39684000205039982 -1.0839166508989333
v -0.98238865361022953 0.47128413217926024 0.41766409989547737
v -0.8979924107131958 0.43937501915740962 0.63938375626373289
v 1.0531784835207461 1.1883350959189891 0.23894488882446288
v 1.0379316674804091 1.1833552527552249 0.29946570701336861
v -0.55599330070495601 0.56639294288635256 -0.81615327005004867
v -0.68075998786926273 0.6175305269470216 -0.66857311186218271
v -1.0031457688446044 0.52507924330139155 0.18085565872192383
v -0.7773427249450684 0.56090052814483649 0.61337893964385981
v -0.33795919582748413 0.65523956882667544 -0.87552124009513865
v -0.52082679405212406 0.64067354250335695 -0.78566717256927487
v -0.6653273747329711 0.73761100849914552 -0.6231160172729493
v 0.33738672906930106 0.91575992613220225 -0.86723472702462334
v 0.098722029834747316 0.82470067813110348 -0.90285751606369014
v -0.07203508313751221 0.91079073078155515 -0.92535198894500725
v 0.93746501077270517 1.0414439643096927 -0.36352199589538581
v 1.005807929409027 1.0817785319023132 -0.2316213117828369
v 0.87290252296393267 1.0505526408538821 -0.5156150460300446
v 0.91095429718282817 1.129112542197749 -0.54479740401999655
v 0.78837708615112301 1.0083548581695558 -0.58761642174530038
v 0.78106583424949649 1.1067359833889006 -0.70236661920547494
v -1.073545960845709 1.1697982323351588 -0.077044137399639404
v -1.0812939534035029 1.1904609774553476 0.054799836011171346
v 0.98338080400336647 1.1611993769878319 0.43722996289064203
v 0.45991405046224593 1.2238765840292931 -0.95403980062539573
v -1.0710488130627156 1.1843106157822472 -0.14151609014721597
v -0.78270257173991209 1.228471961867571 0.71657052843713753
v -0.73294846473057274 1.2434001675160884 0.75234515149531367
v 0.87950006859176932 1.1900298546137129 0.61866610159423097
v 0.96254980458377437 1.2165003017979348 0.48569329506213321
v 0.49240903527450564 1.3061664243240356 0.87152702232360835
v 0.44206485623931879 1.3597939740104676 0.85405401949691773
v 0.55466386498451237 1.2787397432794569 0.85636698573780068
v 0.51303925443826393 1.3660167081245695 0.81078580052334925
v 0.95718807399845129 1.47120067258358 0.18908890634918213
v 0.61601020167303089 1.2801383382496834 -0.8481402057323455
v 0.53403542955493932 1.2593661543908119 -0.90729587622404095
v 0.51970652011108398 1.3427689657993316 -0.90871757989883428
v 0.46093893944168091 1.4882875136928559 -0.93601914936065667
v -0.33940844999122621 2.7452570118999482 -0.084850089498519896
v 0.091795317818427091 2.1653006854089498 0.89064345157243008
v 0.035478917901515958 2.1862258510417938 0.92804545997095111
v 0.063083107281625264 3.6345213491739035 1.0539738450945912
v 0.91948979052925117 0.019780244140625 0.91706413561668398
v 1.0434059134578706 0.065885545977592469 0.78352233475780475
v 0.35134914204846107 3.7744834219467811 0.66676812951782771
v 0.14448966974449159 2.5753415778658733 0.70487753103215356
v 0.18847030619049074 2.6816484166412353 0.69091655663299556
v 0.19362392715835569 2.7439435547637938 0.69123225412750244
v 0.11167114875531196 3.6867201232049465 0.88961428534698483
v 0.15865939780087471 3.6997142337695124 0.84480261380896571
v 0.24566900468730926 2.5410147007055288 0.67655153648185729
v 0.24712694936680796 2.6972166923420424 0.6721215063502789
v 0.34000395572662356 2.5014760283269886 0.62975853635025025
v 0.38242317547798155 2.634765838245392 0.53337942147827144
v 0.44925805700969701 2.7032166408958433 0.43279059434127809
v 0.88092592211341869 1.5659333487586973 0.28238947509956358
v 0.83488025235366825 1.6737175497989654 0.21515481201934814
v 0.90319628139495856 1.5585172859840393 0.20306755517959596
v 0.84275000704669956 1.6710218327112196 0.1498218180093765
v 0.759991534491539 1.8343546653270721 -0.021815456737518307
v 0.70214187328338618 2.000978039625168 0.014488787454605103
v 0.5335340346388816 3.6454694126849176 0.33693408140134806
v 0.53614406502509115 3.7020559615817072 0.25352197316384317
v 0.49954711324572565 3.794022754589081 0.30772221954488754
v 0.71811472418403621 1.9484561856060028 -0.095659653392791755
v 0.49218232376670834 3.1834067706985478 0.21548316423797609
v 0.50384613171648973 3.3173126922647955 0.21872288124251366
v 0.4767696586266994 3.1005027318544389 0.21105389964351653
v 0.48098247882461542 3.2815547759761818 0.1371678211517334
v 0.47880088316345215 3.4247712389421463 0.091967866828918471
v 0.48358406196750914 3.4875351154211418 0.089620235751628877
v 0.5306840569210054 3.6532644231481557 0.19300575739765169
v 0.53195396262836447 3.7680800844664573 0.20955203390359878
v 0.46314247021484378 3.2401024207191469 0.080567153928756713
v 0.45250641882296971 3.1562392830330985 0.079024731385367253
v 0.41385641313743599 3.1781608598880768 -0.05683353521728516
v 0.4315055661047697 3.2781664192907813 -0.053042496122598648
v 0.52620270808744429 1.568136536921978 -0.8547073127703666
v 0.38054193762016297 3.1032791161031721 -0.066781215919494624
v 0.36229118880271916 3.1436882456092836 -0.10573414457511901
v 0.34850346800851822 3.2416993684878346 -0.22500159926319124
v 0.45070230126380917 1.6291569881849288 -0.91025104884910579
v 0.30278424009251592 3.1593110272638798 -0.21119344319438932
v 0.30504003948020936 3.2208947831850052 -0.36181801497459409
v 0.32970277527999881 3.3033708166942599 -0.34719336990165706
v 0.13386442975802931 3.3486807906072906 -1.1492652765296614
v 0.30228445233970025 3.2877033184670719 -0.42347350209077772
v 0.27636355538749696 3.2366365418319702 -0.51039434618735302
v 0.26042276588818003 3.1986612642948629 -0.83316867204717227
v 0.23832430184760095 3.2991161085305931 -0.94039503764176369
v 0.18405762427902223 2.9763394704718591 -0.76630231189298637
v 0.13307115047442913 3.0450822801778914 -0.66361000770699974
v 0.22800397748661042 3.1024159822940831 -0.27143254005861284
v 0.096785428787231453 4.1632117512397766 -0.31224218161010742
v 0.076197550664629257 4.031087083843504 -0.30311852263150896
v 0.095205833325386041 4.302603846604109 0.44085357412195209
v -0.18542529760360715 2.6772967620372774 -0.39630723720455169
v 0.39966011968507764 2.969066486964512 0.12388038434019089
v 0.30961222128200527 3.0864772205181126 -0.11650097098541259
v -0.093909161544799793 2.1076264604759216 0.77824804543685921
v -0.095592630722045907 2.0474273848972322 0.83711949612617498
v -0.099048247166633602 4.1133621824350355 0.6680641172308921
v -0.43234811100625992 3.9348171135060785 -0.13006509275209904
v -0.24022516123506427 3.1763802519284488 -1.0503160538791418
v -0.022844888033151625 3.1608468315439224 1.0394966151773928
v -0.096264620367050191 2.3124055021066665 0.8021037298431396
v -0.096891313233375548 2.3243102005672451 0.86003473233127592
v 0.0083019704122543336 3.686568585777759 1.0485651499190332
v 0.23924699487602713 3.1543205132625105 -1.0551852259359955
v 0.97366235256958011 0.32859785736656189 0.77294610340690617
v 0.12366927528619766 3.2232369092042448 -1.1889348377404214
v 0.15473767092990875 3.1722571134677615 -1.1825215946418899
v -0.23680858833503721 4.0738052273278242 0.62964691405963902
v -0.2243039263981581 3.7216942897100447 -0.51892713157343862
v -0.2242398698108673 3.7871225015941619 -0.47407918695783613
v 0.31618710239601133 2.6680278605251311 0.62268472656249996
v 1.299274837331772 0.082369337055206299 0.094961822809219359
v 1.2889754986104964 0.10023904848098755 -0.11253512534427643
v 0.099608681461334225 2.6709790887617384 0.7943760623959133
v 0.098410628363881786 2.6341748865676609 0.87144977299349646
v -0.74713106706118582 1.8685578441722392 -0.052989556491136548
v -0.71833646374130256 1.9590248567657471 0.053027503185272218
v -0.53053997742176051 3.6561187493829728 0.3457184971971512
v -0.51786712617254249 3.786959587714672 0.2645796449766159
v -0.72238062759780886 1.9380139717941283 -0.075633623992919924
v -0.28682271022558214 2.5854720149728059 0.65765897418916219
v -0.26105313163948063 2.7497137293224334 0.66501728144454952
v -0.49156793271446231 3.241213526463032 0.18864159858655929
v -0.49017722893428806 3.1548192641868589 0.22906460843467713
v -0.50703404592895507 3.5312420707201957 0.16453886258840561
v -0.53473023938560482 3.7235162490665914 0.19488637234115599
v -0.44681175745391843 3.2463563184051512 0.014017528760910034
v -0.43343477082061765 3.1460601995620729 0.0097653792190551779
v -0.47262546562528607 3.403994019706249 0.072448727498531346
v -0.46887471914930345 3.5020448938299182 0.017524652328777313
v -0.65882017822647088 1.6361382269268034 -0.63987206862831103
v -0.42741956794118885 3.4323492398033144 -0.12935631101274489
v -0.63165980283451084 1.5089670402307509 -0.77095607295799251
v -0.56161749873256683 1.6528479029073715 -0.76213592378044126
v -0.41285860809707642 3.3235615592546459 -0.12460927858924864
v -0.40783203233718873 3.2372478193278313 -0.088499537220001229
v -0.35808653622531889 3.2146272739944459 -0.16749750922584533
v -0.36970440796256065 3.4126386041300298 -0.28055446593070033
v -0.37973208231544492 3.4710437887911798 -0.26249148762750624
v -0.36032948864746095 3.3428979577922826 -0.2866346195611954
v -0.31291776073813438 3.2200018264062402 -0.32069097098779675
v -0.33280087024116517 3.3967925847654339 -0.35781106516361233
v -0.10018794480781557 1.6557763479494094 -1.0706002791028975
v -0.012687892461776731 1.8013342864246367 -1.0430635564727782
v -0.043956645351409911 1.8797820675172805 -1.0168946482295991
v 0.0021580978751182551 2.4953391736559869 -0.61311635223436345
v -0.26538542814493071 3.1392317009671951 -0.77247074899110091
v -0.24488068073058128 3.2285140155625687 -0.76810310879864008
v 0.43243775270020957 3.7585186843243839 0.449092972640872
v -0.22273718534822123 3.6212319823355337 -0.60351042961708146
v -0.23782269920349119 3.5419515009064675 -0.6155171265439987
v -0.38257205755043033 2.6442765937566755 0.53083121651172638
v -0.33371796027565004 2.6559274519643781 0.60231158501863491
v -0.11973576800537108 3.0563073408474923 -0.49833733632469179
v -0.071238143724679945 4.1073540794470311 -0.31574786705732349
v -0.29808047708071983 4.0419780561453411 -0.10449301943666595
v -0.25968440365791323 4.1123715812187198 0.70745390573453903
v -0.4235895934262276 4.0072285946533679 -0.099860013157129279
v -0.33161470208549498 4.1086899719943997 0.71427993075752261
v -0.22402716633129119 4.081304656454277 0.7636309701440811
v -0.18824988354301453 3.680408486021042 -0.62691178245162971
v -0.18837604803085328 3.7224511503543858 -0.58544532310628883
v -0.11331422390079499 3.5213214432327749 -0.92460941040635114
v -0.30313600217938419 4.0038429385106564 -0.23781614740252494
v -0.43759104069924354 2.9894750301384923 0.28305425457096101
v -0.44085983528280259 2.6221751023468971 0.46100367263317105
v -0.39172680274963378 2.7017330040397645 0.50539514752388004
v -0.33049794185883663 4.1284222222221914 0.78708479421888078
v -0.34924911653164459 3.7685442798430664 0.66362185998380196
v -0.25040632739126684 2.8730784687869546 -0.1753315192148685
v 0.10143551804637908 4.2710843840961452 0.38886698035478595
v 0.099916418062210077 4.1889706841697691 0.40002302406883239
v 0.098582406949043272 4.1379967329864504 0.59141954226589211
v 0.10599582825582368 4.0513795698933137 0.62358455671475621
v -0.53259930252838128 3.5825269387245178 0.24795133124160768
v 0.32794501514577867 2.8652263260369306 0.59704392175149923
v 0.28422636898136139 2.9687951859925983 0.67777754588043693
v 0.38893889838674667 3.9321887085369229 0.33216904905784128
v 0.36684130839814455 3.9378061465670209 0.41425589744191516
v 0.17065062866449357 3.6236579414219858 -0.72285295608115185
v 0.11988727655112744 3.675133544489384 -0.71961797609770295
v 0.12764689102554322 3.6037317724179028 -0.80466696571898466
v 0.22955874123096465 3.7695906443102363 -0.47887237607836725
v 0.25384277512409686 3.8430695911601545 -0.40930179032785885
v 0.10607257133916531 4.1102316097364664 -0.068491679526442278
v -0.0009486078523993479 3.0198715857174996 1.0207887762960195
v 0.083060874402195228 3.0400900822334291 0.99430093555712684
v 0.050830074998617178 2.0428485540814401 0.93560533998107909
v -0.63034858071899413 1.3045688657913208 0.78226707289886466
v -0.58375420953600743 1.3694843168988911 0.76201192932551254
v -0.68307737218556408 1.3233055623660563 0.73083427332572937
v -0.90398976944780352 1.4987860798883439 0.33055321181297304
v -0.96363195644474042 1.4385057724647521 0.23923163861274721
v -0.93187723519783017 1.3162812927711487 -0.47599149911308286
v -0.95752728424399236 1.3683833280476163 -0.37439030267878948
v -0.61940947294807436 1.460464006632805 -0.80698346504688256
v -0.56309084548473354 1.480873764717102 -0.85400952773094185
v -0.025688281978845595 2.2069059613101483 0.92027710087990755
v -0.095609464235615726 2.5233525730280637 0.90188358272871971
v -0.12708629871913363 2.6137415997298108 0.71171324226106913
v -0.21041386918306348 2.6735957325780388 0.68469162461948396
v -0.17465774629211425 2.7292085534114836 0.69586639353752133
v -0.16178099286842346 3.6446410148279158 0.85627940224463606
v -0.10187840056633948 3.8558336570801734 0.8655961773135662
v -0.35834438400077817 2.5687856750946043 0.59384249642181408
v -0.82998139957237238 1.5420889767665864 0.40884195156097414
v -0.80033046691322318 1.6212512342128753 0.35696699511528013
v -0.4388977769460678 2.6894530890090462 0.44855703416442871
v -0.86604163726043693 1.5486461030578615 0.34704462331390384
v -0.80455504687166224 1.6788842155523303 0.28982493811178206
v 0.14259404230117798 2.6432685728754657 0.70572665172903881
v 0.13328434510850906 2.7194386548075675 0.71131287197971349
v 0.10083262224912642 2.7329475596179957 0.76701957615423211
v 0.27213467580032347 2.8952831894931794 0.67464941748428342
v 0.26534269904994967 3.0239787227621076 0.71118950818824767
v 0.32126256634569167 2.9440801088044646 0.62598044207811365
v 0.63637347543525702 1.9344975357103351 0.36547375822734829
v 0.41694658740496637 2.8315909527871606 0.47060574883115291
v 0.37733164025259019 2.9267530121934415 0.54766323906040193
v 0.71051354424285895 1.7974949318037035 0.31822964930438991
v 0.71325207432556148 1.905375797990799 0.27480076804733278
v 0.68923839562606815 1.9714586344680787 0.29176628379058839
v 0.90056986542797091 1.5775419465456011 0.13674278716468813
v 0.84343877461814887 1.6727319546699526 0.085650447019577025
v 0.91790100364303595 1.5583800939445496 0.051127018344879149
v 0.84767736641216285 1.6617952054138183 -0.0052989671297073368
v 0.62668453773880017 2.2250602610692978 0.10723544991588593
v 0.599653773399353 2.3054894318284989 0.16307695582771303
v 0.4558930838984081 3.6701854333922519 0.45265591190406251
v 0.50316670127977636 3.7089913733280047 0.37806180443695614
v 0.43768594713544851 3.8341241521153453 0.38632071553421021
v 0.67728300617980952 2.0710912197113034 -0.013569746139526367
v 0.62828684317970285 2.2077444926595686 0.0005280662593841589
v 0.56343264789676661 2.3860269117307662 0.01941433849430084
v 0.50726893928527828 3.5366614851102831 0.164503025182724
v 0.50173401146697993 3.4690731720657353 0.17032792846584321
v 0.49382161343818048 3.6076356412338186 0.024565507851481434
v 0.51520148733408111 3.6921643553831913 0.036012357998916084
v 0.45873636260223383 3.449014898923874 -0.0015125509738922113
v 0.42880224902176856 3.1434691097359657 -0.001553455023527146
v 0.44756144563722611 3.3727321440224647 -0.024336249940872193
v 0.43321242635488511 3.4035289012784959 -0.094755730904102317
v 0.41652006748676296 3.5131716662864685 -0.18300195265960692
v 0.39020704761028291 3.206708820871353 -0.10582735883331298
v 0.37733804564666751 3.3919271506156923 -0.26232704547691343
v 0.39719331042659278 3.4515708021130562 -0.22295338079035282
v 0.38887545282602309 1.5183953543543818 -0.9846801178050042
v 0.35895581387424469 3.3250562689647674 -0.28248658475780486
v 0.30867449582672113 3.2012143621058469 -0.29029000632524493
v 0.3495069330115318 3.4481347084751128 -0.32489499201229644
v 0.34433235955619812 1.5674780192089082 -1.0151189779624938
v 0.37124952950572965 1.6525948984889984 -0.98873440294742587
v -0.40860856634998322 3.1397429620704651 -0.051053611754417416
v 0.01867703264141083 1.8842738216648103 -1.0189612672491073
v 0.26857987188965932 3.3127730206819264 -0.53168255509022311
v 0.25487279104971888 3.3458200938618186 -0.58940722409236435
v 0.27194082823125298 3.3893392634324209 -0.50286732645726895
v 0.25851203193244932 3.4322133323944568 -0.54998935058708187
v 0.11983879049384594 2.9108862313101289 -0.83364429326164724
v 0.082982322803497321 3.0039952226910596 -0.71846629736566547
v 0.099823565444946291 4.2907059843549726 0.010489460969924929
v -0.38702759485149379 3.2920208056554792 -0.17525837779903411
v 0.090517164037704462 4.24639519891715 0.6346097707474232
v 0.097108624481201167 4.254046777033806 0.061116286312103273
v 0.093202768582105633 4.1790808859639172 0.073501229476928706
v 0.099567245650291458 4.2758523878822325 0.32282020564126968
v 0.098616340946197506 4.137134574041367 0.30318175541687009
v 1.1737896609252929 -0.031954784265136718 -0.33340012818603515
v 1.1474722341613768 -0.023068152191162112 -0.47003455813598627
v -1.2162269413452149 -0.026092270080566405 -0.068422404296874989
v -1.212543090499115 -0.027315267926025392 0.08850072197036743
v 1.190980185075283 0.09387356084537507 0.51503336738538752
v 1.279622906545639 0.034129766689300532 -0.23931841911125185
v 1.2916866542549132 0.073305531883239738 -0.18945810004615782
v 1.2376922431278228 0.024674983650207521 -0.38474693985366815
v 1.2118571696929932 0.08915739341545105 -0.4615216320962906
v -0.92690811451625832 0.08094411296195983 -0.91235866485595707
v -1.2818651404271126 0.090996812931060794 -0.20820385470628738
v -1.2943323893241883 0.018924862363815308 -0.047901043495178229
v -1.2993864351310729 0.084890220132827751 0.048750394939422612
v 0.58174606925678252 0.093873435142993927 1.1602401242046354
v 1.2710614308128356 0.17452546578359604 0.091225681075096141
v 1.275590305823326 0.13907142479753495 -0.049606754968166342
v -0.12147449330735206 0.17360489946508406 -1.2660336181347369
v -1.0287662575192451 0.15517066624736786 -0.74929935487699506
v 0.52867690666103362 0.1359481823568344 1.1618334679050446
v 0.70121816553878791 0.15067810391044617 1.0582769642543792
v -0.18755505973196029 0.19606486336755752 1.2680390409865381
v 1.2082577686958311 0.29725564194011689 -0.38967094359016419
v 0.70241052255249015 0.22282233976459503 -1.0829176140942574
v 0.61058432570838928 0.26393236193656922 -1.135015562789917
v -1.0455839329986572 0.24855757736968997 0.76229976494598395
v 1.145699652797699 0.33625046208000181 -0.45683550069236756
v -1.2478347202234268 0.28826867391014099 -0.26897418177700044
v -1.2620046899683952 0.30485707502450943 0.072811656462097168
v 1.164137359312875 0.37786371715829031 0.20916652361559185
v -0.50524874799619401 0.41808927449362621 -1.0094203642869677
v -0.84136053919982923 0.3790296674919128 -0.82456085291290293
v -0.90326359687587199 0.40350792167990551 -0.70789283633313849
v -0.47945698007202142 0.47601601548767092 0.94853726661300652
v -0.26835959117889402 0.44105199821472174 1.067219962837219
v 0.45180138720703122 0.38616472748565678 1.07859937052536
v 0.60810595203181683 0.39641943352563047 0.98573971016148165
v -0.91713811814880364 0.60165539266967771 -0.30102855764770503
v -0.95328672907257084 0.61579784204101562 -0.070748249687194814
v -0.65265372715759273 0.52507933468627921 0.7835296429748535
v -0.2679315882835388 0.53447343394470215 0.97336810302352916
v -0.80580465771484389 0.67394814875793452 -0.46655478064727784
v -0.76718895264434817 0.74327701642608646 -0.49328890499114991
v -0.89137181659698483 0.66905641001129146 -0.27226065105819702
v -0.91114029442596445 0.72465487420082098 -0.079665258724212637
v -0.28824990374374393 0.87476753634643556 -0.87300702405548103
v -0.34901901349639897 0.92198839018249501 -0.8657278289489746
v -0.5152769033355713 0.83950634368896482 -0.75085994780731191
v -0.70378893465042114 0.87960386528778078 -0.59198254903411862
v 0.85311257672128082 1.1512523305530102 -0.64567845695894954
v 0.79413054369851088 1.1886270388250906 -0.72271577858731573
v 0.371792428307397 1.0534584563007354 -0.94639890730367382
v 0.17354641726684569 1.0166362330131531 -0.97433051624298084
v 0.14390009149169922 1.1113079545364379 -1.044282302368164
v -1.0334168484746216 1.1506889722900391 0.28242721997272968
v -0.98961005391114965 1.1666851667269467 0.42075592963296171
v 1.0694215763691663 1.2501366588393452 0.095855375790119157
v 0.9854542890567779 1.2141165600633621 -0.43276567723321913
v 0.89740214516663541 1.1917634530932903 -0.59172203856706618
v 1.1975758996620178 0.36336728512573246 0.086846576786041255
v 1.2048719450464249 0.35876838765335084 -0.032353739911079399
v -0.9992511038162708 1.2554956113095284 -0.37806449067759512
v -1.0730200083529948 1.2045954631041289 0.13294813921344281
v 0.74430094403119085 1.223623250769186 0.76075207642011644
v 1.0135590021085736 1.2646069532222748 0.33561439912986757
v 0.1105593180798122 1.4467723093248095 0.92534442470972877
v 0.25906151509094233 1.4672119098281859 0.8429796026420594
v 0.61254936121559145 1.3224323109292984 0.78338517836093891
v 0.56066738046210163 1.4057534109418051 0.75100909140614103
v 0.71191096365394602 1.283934497287369 0.74286137872133251
v 0.66245481889629376 1.3564415201730728 0.72385901843261724
v 1.0411236458091735 1.3001670350482941 0.17668767012023928
v 0.99504256264972679 1.3826938804168702 0.22818300012111664
v 1.0221158718185424 1.3568652002182007 0.1603176215133667
v 0.98696849453544622 1.4469414688529967 0.082883884305953975
v 0.96032969873428331 1.4930123533992767 0.038521586803436279
v 0.43149650036525722 1.3974759352312089 -0.9587008874101639
v 0.37051768255376816 1.316634925618553 -0.9829351687224388
v 0.31848283005142208 1.4784530306320189 -1.0250342771492005
v 0.25096240278720855 1.4809554553461075 -1.0512451720666887
v 0.22193667928612232 2.9391321820745464 -0.91926579007321596
v 0.19673477110099793 1.5288093894062043 0.8215573414783478
v 0.16630342492446898 1.661942143106079 0.75231150599136365
v 0.099212961624145501 4.2240636903743738 -0.15448237024688719
v 0.095853332685470569 4.1627016839509006 -0.11610370623493195
v 0.30935052023506165 0.37699015153121951 1.1404807851409913
v 0.13215189184788295 0.38708292827224733 1.1634224138842992
v 0.096770665306091311 4.0458780739517213 0.69855064967155456
v -0.48337265138244628 0.76139288441848763 -0.77132443083190916
v -0.66643020265960695 0.80144673055648807 -0.61776423931503299
v 0.13405968206787111 0.94437284819793699 -0.93290613622283924
v -0.081475948089599598 1.0055207545013429 -0.98104986336517341
v 0.48899635935974128 1.0327959225006103 -0.87164997457885751
v 0.58894649761962892 1.1306007928237918 -0.8811308417053223
v 0.10015514428138733 4.2388437808265689 -0.071190002943992609
v -0.097905924236297612 2.5762963201713562 0.83442125027656555
v -0.10583348685012545 4.2569475145694184 -0.26706822357504711
v -0.10237127440929414 4.1482766888389584 -0.2751612977228165
v -0.11795824947600364 3.7933270954422955 0.84694621631336209
v 0.33424562373638156 1.1941460260642052 -1.0148165403407574
v 0.27612569368124007 1.24546640296278 -1.0179237610849858
v 0.35768823566269869 2.828228376619339 0.54947418362593647
v -0.3650181511614663 3.725664483971153 0.54470242122244839
v -0.47595605665765489 3.7199358741452353 0.41464171058831895
v -0.42232104437112805 3.7340362043585777 0.46595967916321751
v -0.071100493124791553 1.4025153668226173 0.99849087649675772
v -0.062925072222828865 1.4438820848203897 1.0710084773635864
v -0.099867048747198928 2.6244148018930979 0.77171638583987101
v -0.098583063047272823 2.6200590238106587 0.88961489346953804
v -0.86901872150993342 1.5883953262186052 0.27502990957117079
v -0.84416395978355407 1.6630115130348204 0.19552719725990295
v 0.099998042679922919 2.8865501496560233 0.91905306741224013
v 0.96961939490890503 0.37698985105133054 0.67497547060775753
v 0.86209357288714816 0.38494206107575546 0.79588338544109893
v 0.10026945568752289 3.9750688147768973 0.8922836711730957
v -0.28337471311405726 3.0970983173141482 -0.15189113761425019
v -0.31050506787919996 3.0603626917643552 -0.096876219188690188
v 0.7617056714951651 0.38595109455163135 0.89196902190235683
v -0.31867598937129982 2.8883646124763485 0.61412872424983977
v -0.30391079631567003 2.9556010996513367 0.65175429780697824
v -0.36746254420232771 2.8431177616438861 0.54053351638221747
v -0.36437369689488414 2.9361946272301669 0.56725608361339575
v 0.27260948716926581 3.1924461525554655 0.73685807934093472
v 0.3094945218782425 3.2438151999168392 0.70052834625196447
v -0.86159548955154419 0.81327505942153921 -0.29093930624389647
v -0.90603029216766351 0.80065920537185664 -0.074300725223541253
v 0.3213001840276718 3.1427207079830168 0.67112582512521746
v 0.35402086084675788 3.2217360133008954 0.63836496928405762
v -0.51803355575561527 0.98351738657760623 -0.81761037867736808
v -0.69519748930931091 0.98420838520050047 -0.67483286384201047
v -0.095897587868690487 4.2518895063505173 0.24176356741333008
v -0.093448411709308621 4.1622370243473057 0.2737035624499321
v 0.61608344587326047 2.1626483382682804 0.35146417529869078
v 1.0137286923217774 -0.025395657763671874 -0.70183416174011226
v 0.91726837841796871 -0.023068058502197269 -0.83409785406494141
v -1.1665228398437502 -0.026092434814453124 0.35172636126708984
v -1.1093899898826598 -0.027315165103912353 0.49792522702789316
v 1.1203584341697692 0.034129786848068236 -0.6624933579692841
v 1.031217334558487 0.024674990167617799 -0.78481017160606381
v 0.99458071979141238 0.085172198655128484 -0.83544054802799228
v 0.75061309689712519 1.8724639020729066 0.10765591836929322
v 0.71002165255069738 1.9861855093393328 0.10029107472276688
v -1.1832954629728316 0.080944112576293942 -0.54026763440380088
v -1.2875170857572555 0.057387886961460105 0.20777918124485015
v -1.2328995805778504 0.018924442853927612 0.39772367951202392
v -1.2045913868713378 0.084890102666854858 0.49027468544006347
v 1.0182027704915999 0.14183265198516848 0.76801451281738287
v 0.9310741956472397 0.15012442939186096 0.86842974570178988
v 1.1513503924684525 0.13594833757305144 0.55036577252006535
v 1.2243870703368187 0.15233590768527985 0.3373704587135315
v -0.54998181603479379 0.15937406043815611 -1.1431364547486305
v -0.041644430577993392 4.3681383996045593 0.26901976487886903
v 0.33041385960960384 0.24465755611419679 -1.2480352482013701
v 0.18558144822120665 0.28506121138763429 -1.264717013305664
v -0.69061156033897397 0.2410557922821045 1.093703253232956
v -0.58072890838813773 0.23300332285308836 1.1563193652572632
v 1.0341014646623612 0.31026037132110595 -0.72105406208457934
v -1.1782024310593604 0.34122606711483 -0.33991763826751709
v -1.2137419058266641 0.3126237207110405 0.3282318647678375
v -1.1697334400539399 0.30392536693143846 0.48519183699369439
v 0.90157042863559722 0.33112741345643998 0.8516474056248664
v 1.0501010413970948 0.38675844662475589 0.51320174619293213
v 1.0972641757638115 0.39987700661577497 0.35521022360447474
v 0.29389185704040521 0.42886979794311531 1.0761629376144408
v 0.47893890976715081 0.43962489783477787 0.99269309574127207
v 0.24090282495117185 0.48490919520568854 1.0255938046874999
v 0.41996974413299565 0.53447343394470215 0.91804268933868416
v -0.88538599678802488 0.6002669425182342 0.38656680900192264
v -0.78845537803649912 0.62746202411651608 0.53142387487411502
v -0.043527784219469345 0.46848336624526971 1.0706825900832584
v 0.0031924890594482429 0.52499119970703134 1.0197730306549071
v -0.93553143821716311 0.63889666481018059 0.14306942973327635
v -0.91008748836135855 0.69439763320541381 0.1632768500328064
v -0.86870757980346691 0.67059431267547609 0.33800129129791256
v -0.76530512511062621 0.70993273386001587 0.5071933765716552
v -0.79120046926879883 0.89135246771240229 -0.47680918603515626
v -0.8775626321258545 0.84461345410156241 -0.24342565174102784
v -0.92008644749069213 0.88115055483627314 -0.020677531780242925
v 0.47936308323335652 1.154598099919796 -0.95801421767616279
v -0.18491288704681397 1.032981871368408 -0.98636943672561639
v -0.070713043968200689 1.0974745315475467 -1.044664630590439
v -0.35466568622861588 1.0119023891917638 -0.92095610807037354
v -0.32030829449081422 1.1014951866378784 -0.99966845866394038
v -0.44834172496359687 1.0166372122693743 -0.88215458568572991
v -0.59295524272918709 1.1117657703933714 -0.87041910413360601
v -0.86928178201413142 1.182912225309968 0.64009091381180294
v 0.75565123476382678 1.1547557755101747 -0.75926843321527748
v 0.050940477922797198 1.2023695590082406 -1.0640309335360527
v -1.0303543099899293 1.2478685304317474 -0.29849449330139161
v -0.49654718904805184 1.2091135142021179 0.93803749778604506
v -0.43934582916043485 1.1947916884980201 0.97509799291804855
v 0.7808730977916718 1.2659794896316527 0.6968601614646911
v 0.72384996618556974 1.3630851664266588 0.67518113140201574
v 0.82933805109024039 1.3035567784538271 0.623074706249237
v 0.81293280374336252 1.3768334185791016 0.58869726163005831
v 1.0378681080312728 1.3506410310292245 0.048652550339698793
v 1.0157941871414184 1.3913386152191161 0.093696011495590217
v 1.0623699646320344 1.287500190202713 -0.018646828532218933
v 1.0308538770303728 1.3563979212203026 -0.05928171820640564
v 0.98855917821216588 1.4352727459807397 -0.094381618505954751
v 0.1886636969385147 1.2787531330890656 -1.037397811723709
v 0.27658665647029879 1.338404437781334 -1.0207105875549316
v 0.18695342695236206 1.354996845111847 -1.0480661590213776
v 0.027759855958461761 2.9118833341350552 0.99652345231699935
v 0.020122401037693024 3.7453733492741583 1.0507314442613125
v 0.10109993820780516 3.7225055440146324 0.94879132658654441
v 0.10237058542442323 1.5486289309654238 0.92604855405330655
v 0.098917982373952856 1.6931221116101742 0.81995834614348417
v 0.10016367151274 2.9812499511015074 0.89630034960447036
v 0.099662827794790257 3.0607692485095264 0.89846293916720155
v 0.1664012621536255 2.9021950107364649 0.72967521051979056
v 0.17239204139566422 3.0289034422705172 0.77124719456052782
v 0.097821330484390262 3.6472769684131148 0.99303797189474108
v 0.248867297203064 2.7770900881862639 0.6736639010562897
v 0.36983443058562282 3.130712300140142 0.60426056169223785
v 0.75061781901741031 1.871986808570862 0.1936310320520401
v 0.7076847670397759 2.0034280996336937 0.1985933815741539
v 0.56966903814506531 2.3931250915355684 0.35062522979259492
v 0.8064298404388428 1.7420119674835206 0.15106864602661133
v 0.9323461196556091 1.5335209086914061 -0.034317835060119629
v 0.49568564276623728 2.591164964684725 0.22412571975016593
v 0.46986943343114851 2.6616481122989657 0.20251340211868285
v 0.46567594267702095 3.8699925557532309 0.27779227239799498
v 0.85800280385357985 1.6378423102186748 -0.10114785141590663
v 0.53627425922346117 2.4735166801886557 0.10355198608016968
v 0.79079434429740902 1.7642522568283081 0.0035419233150482173
v 0.49490219005475722 3.5570375888474328 0.098316450758934013
v 0.51727222591754374 3.6461802143456423 0.10357191824686526
v 0.45304370196847921 3.5121042799692153 -0.06010621993350982
v 0.32476198126935962 3.620175055097103 -0.37384635682582856
v 0.30362143018531801 1.6678992237071992 -1.0277025521659851
v 0.17320449371623992 1.5037690061197284 -1.071346121494293
v 0.12876851119995114 1.6147776063194275 -1.07324516557045
v -0.029503949383735656 2.2385573225336071 -0.81049841573619852
v 0.31613350686454766 3.4264468053398129 -0.39272008974647521
v 0.29735418348935672 3.3838333348970755 -0.43163560608114515
v 0.24910632319879533 3.16308419580555 -0.63596090692186358
v 0.24787544640098302 3.2233109714451857 -0.66380044695741791
v 0.29206222985458374 3.4714971841282845 -0.44508431626769474
v 0.52593019193179269 3.7496501122844563 0.073826788673945834
v 0.28406171242458478 3.5727201758861877 -0.46408801167014668
v 0.24568304068517685 3.148879554311752 -0.55766305757355694
v 0.15105372338438033 3.0160370362448692 -0.71174741760087012
v 0.094539092120587837 4.1142339787122015 0.82216157485544683
v 0.10047798941993713 4.0383554450178147 0.83590724471473699
v 0.098899709225654608 4.0007441610456196 0.76294241438906529
v 0.0046936530082225796 3.9329485728180407 -0.36488725352001194
v 0.064561655877590177 1.4149163457808496 1.0287271638522149
v -0.0010891717510223388 1.4071629070358276 1.0509120843067168
v 0.037028505471229559 4.3655308126976493 -0.0660785081372261
v 0.096746519530091973 1.4879854904645511 1.0127070110331946
v 0.058570559735008645 3.2432437100100859 1.0338636625394311
v -0.46881074499130249 1.3045302534637453 0.88093713840484611
v -0.39207616018676755 1.3723996632003785 0.86413891550064081
v -0.53171832647418982 1.2808408743667603 0.86528916517066945
v -0.47894890919188093 1.4363113323681014 0.77559011593130656
v -1.0072164339122773 1.309302606372833 -0.30819165349769595
v -1.004868010772705 1.3552175690078734 -0.24885192591857908
v -0.97023128133801051 1.3890723822751725 -0.3134294162370137
v -0.44547307929420465 1.4484499683656691 -0.95086900870704649
v -0.099506386571884153 2.3952859466133116 0.83081462009620677
v -0.12753270717341558 2.698690244206837 0.71596235424109866
v -0.25653250448942183 2.8728622821412086 0.6807860640773773
v -0.31682256663990022 2.7973060731620789 0.60449796853733062
v -0.34598413952755924 2.9902306520450113 0.60593935743474958
v -0.67696596019935606 1.9177733166332245 0.31853543097496029
v -0.62618417863273623 1.9724615319738388 0.37054273016977313
v -0.72154465631103526 1.8777590898361205 0.27433760517501826
v -0.69199206769108768 1.9879480838463306 0.28417999106025693
v -0.88929811095237721 1.5831868881473541 0.19655262426948547
v -0.85013017843246463 1.6592831293392183 0.11206682486915588
v -0.43772723270535469 3.5577783273837564 0.51051034278392793
v -0.62674748312473305 2.2250490239524843 0.10732960082530975
v -0.59064692048454281 2.3298729107227327 0.16213456900215148
v -0.4355044001681464 3.6574241933672091 0.47360067252349858
v -0.5162344511126109 3.7228931865212576 0.34312458317933758
v -0.48226947533082959 3.778661183057785 0.36165080609273909
v -0.44492322385311123 3.8150397482252121 0.39209909706306456
v -0.63383683029937743 2.19827029300499 0.031636564659118654
v -0.47080423814315792 3.0924670829868317 0.19307392493076322
v -0.50226742638153266 3.6439042509760817 0.016627720766689096
v -0.41723705373982017 3.0694908009703497 0.022704449222564697
v -0.51165944671916952 1.5897185225362778 -0.86032738256454466
v -0.55399277032375327 1.5742500785484315 -0.82196713154888157
v -0.35960963146841529 3.1515052520539766 -0.11443172698080539
v -0.46125969885253909 1.5964798120346071 -0.90915131747055056
v -0.30951258838772772 3.1902283899910451 -0.260462774443388
v -0.056272372063636777 1.9888514304318428 -0.97157094793176657
v -0.080335712197303774 2.0573868166265488 -0.9281935828094483
v -0.28920353152751921 3.1883572880210878 -0.38704958288669589
v -0.25277719248955588 3.5535694894223555 -0.55020216832372104
v -0.22048680635404588 3.4824490458972459 -0.72153002924680709
v -0.10400909697556496 3.0277666093561653 -0.27824246566224098
v -0.27638972281265256 3.1423881362113955 -0.24305854373168945
v -0.098392884522914892 4.2419727794793447 0.16517740192143121
v -0.094147593672990804 4.1511844659562112 0.18171526255130768
v -0.11419700336015223 4.0945278896306752 0.33171789641332627
v -0.096866081420660013 4.1336285400085444 0.74023043105840691
v -0.25114951247406003 4.0501291530737866 -0.021700634169101712
v -0.37556825240928449 4.0261338439343044 -0.03698633229670184
v -0.19781643010807037 3.5962157972183224 -0.69900054901742936
v -0.39734997102594372 2.977775849696159 0.10512509756326674
v -0.36259278298196795 4.0199509239583495 0.056869500817489621
v -0.9027759320373534 0.95389926634216304 -0.28871847677612306
v -0.9525820642850058 0.96244814542416157 -0.034482230758939476
v 0.34477751626300807 3.6424581685571669 -0.32016888115692144
v 0.3190265618132353 3.7018570100806953 -0.31472355727243417
v -0.48451568305665255 3.8458491516759992 0.032285648271799083
v -0.37368823853302002 4.0232107743415835 0.68921151194000252
v -0.36047232845373151 4.0815066181074142 0.82180552435035703
v -0.10230007900452616 2.8150770858030318 0.90237084411692625
v -0.10075723772048951 2.7560956937141414 0.92265558575057993
v -0.5082286854293091 3.8855723810583527 0.099351754834072936
v -0.17842001911354063 2.9100271922473908 0.72869930841732022
v -0.095241388509273522 1.4869459215431213 0.98314066681051249
v -0.93576902928161609 1.5252919651870729 0.11714743654251097
v 0.2742732288928032 3.4472522379264832 0.77497271282792091
v 0.28292228891801835 3.515581772842884 0.77542694281101232
v -0.861437051577568 1.6384024188957214 -0.0047276174278259274
v -0.095053757592746188 2.9219858094542368 0.95293548266090666
v -0.10048878169441224 4.0286171679964067 0.87342959562587741
v -0.10285221020317079 3.917060030969143 0.7969686430563927
v 0.10728295819091796 2.9160403642673494 0.78091407814979552
v 0.14179156704807283 3.0845852336833479 0.80807791038370136
v -0.10030930855178832 1.2903672696743009 -1.0503720463294983
v -0.13243923281478881 1.3920387909431455 -1.0638403625450135
v 0.23603749553489684 3.5207401348278524 0.81845246509456637
v -1.0495979552125931 1.3101863527812956 -0.081741508887290953
v -1.0229102704730033 1.3772832273104192 -0.043785630942106246
v 0.32269095619702343 3.5191053322877881 0.72454980460071561
v 0.37144723254299161 3.4272089686565401 0.64411698486495017
v 0.60486017114448554 2.283848316398621 0.33238978962516785
v 0.56590739748382568 2.4245164289925101 0.276923828756094
v 0.48490819344139102 2.6605443288421631 0.37331339338970188
v -0.32696229737186433 1.3222771988964079 0.92049707648468004
v -0.22429917966308591 1.3384512944244387 0.93909174129943851
v 0.67024783394718179 2.129789500893593 0.22783980307483676
v 0.63841799381351472 2.2269642789659496 0.24948471678352355
v 0.66424186659622186 2.1165331011314397 0.06817311933135986
v 0.63217559792613987 2.2216278182468416 0.18261429394340517
v 0.93672418243122102 1.5144481219816206 -0.13962212257957457
v 0.73169531222915651 1.886060719347 -0.27934458518981936
v 0.69755358810806278 1.9883789378509524 -0.21939073048019408
v 0.5235762547559738 3.8334769605190759 0.16245269141817092
v 0.79471137041511541 1.697291780234909 -0.36533923839836119
v 0.72986935095310213 1.7661203830554144 -0.40804019694873261
v 0.76859863433446884 1.8135614560085296 -0.27168038764886859
v 0.65356760177993767 1.9284075237998961 -0.374980977815628
v 0.35033202716922762 3.5807872049283982 -0.32751788073349003
v 0.040920580749988562 1.4976422574138639 -1.0837554878602029
v -0.053726605240821838 1.5586436483025552 -1.0827379887595177
v -0.019651877170562743 1.6385101699867248 -1.0770874668207169
v 0.24118294312405586 3.3713747851600648 -0.65106109195947659
v 0.26285734307854519 3.6435809264948027 -0.48817299002977782
v 0.21207172057106494 4.0610329059062957 0.64864000739742522
v 0.057397925590753553 3.0329062601847649 -0.55049719475150116
v 0.1888755729265213 4.0310033730828767 -0.21177373826932908
v 0.1862353717610836 3.9955607764878271 -0.26109122159695625
v 0.033564479328393938 4.3568044577589031 0.3122700391321182
v -0.09639680588150025 2.8575471380634307 0.94665842862606053
v -0.099581892452240001 2.8354342066860201 0.84261270729255677
v 0.71231144040222172 -0.025395569085693362 -1.0061771488769531
v 0.57643160067749033 -0.023068501037597659 -1.0974742033081053
v -0.97611651464843752 -0.02609234954833984 0.72953678619384765
v -0.8724263710205078 -0.027315163016510009 0.84737838121337905
v 1.2531567903461456 0.082369458805084228 -0.35509533986282349
v 1.1781378228378294 0.091388488035202026 -0.54561749005889892
v 0.82596559294700622 0.034129871692657472 -1.0056774583263397
v 0.86725612330627433 0.073305546348571782 -0.97523623892021183
v 0.70036592657661445 0.024675488174438476 -1.0901312543010713
v 0.63122528342342377 0.089157630657196049 -1.1323382367362975
v -1.2875319969758987 0.10606734427952767 -0.11629449854969978
v -1.105438103951454 0.035195903576850894 0.68499688632678979
v -1.1476124437026978 0.078646396844863881 0.62178437863540648
v -1.0227583476791384 0.018924452032089235 0.79546230553436281
v -0.96450333161163326 0.084890102724075309 0.87275004605484008
v 1.1556400064001084 0.16734396792411804 -0.53987334850502011
v -0.90729746876358985 0.1736048544433117 -0.89157928050398827
v -0.31440666576194765 0.2201304635028839 1.2506617889270784
v 0.67095274927186965 0.19606486616754532 1.0921091428489684
v 0.20373333347511291 3.7540284249353411 -0.53209367676067343
v 0.69791396365737923 0.29744913141059875 -1.0608499574661254
v -0.29088462367725376 0.26209641611480716 -1.253048711391449
v -1.0279017595796585 0.30267247260570529 0.74235010063743601
v 0.56678716854095468 0.31021156259536742 -1.1258235126743315
v -1.2057755097446441 0.35783051880455014 -0.047019806806564327
v -0.92040014761571887 0.30485708888235097 0.86715340865983959
v 1.1386910161891666 0.41047424904509955 0.017277561578205661
v 1.0503078379344939 0.48029777545738223 -0.12044403432655335
v 1.0340415945053101 0.45840119709014898 -0.30877924437713622
v -1.0616569752037865 0.41307323707444327 -0.40119179880155831
v -1.1797679279670716 0.3699123741188049 -0.15105065031433104
v -1.1964079066414834 0.36463894337844849 0.074923614419460299
v 1.0045345891265869 0.439624941947937 0.45275435819244381
v 0.91643837765884406 0.42886989631652828 0.63563457736206042
v 0.8433293478012085 0.4849090642929077 0.63097706709289547
v 0.91136858768844609 0.53447232096481323 0.43348589317321778
v 0.65442505914660865 0.46848337080437796 0.8483461083510262
v 0.65749101387023923 0.52499119970703134 0.77931635998535165
v 1.0725447738778251 0.46568285212816513 -0.032837410100664419
v 0.95540006297302249 0.56411102140045166 -0.24806711527633668
v -0.45941058489990239 0.6147242972717285 0.84099712507629398
v -0.25279094165802007 0.60316375718688975 0.9303271373519898
v -0.625138138092041 0.6388884319610596 0.71111364410400379
v -0.59265361246490489 0.69438518434524532 0.710234870891571
v -0.44871284776306153 0.67058911784362785 0.81748003691864013
v -0.21011401625061035 0.74506999501037607 0.88819990264892579
v -0.079763232995033267 1.481964601451397 -1.0808079380931854
v -0.90385800064849864 0.86030338352203373 0.14837623418426513
v -0.91745621682902745 0.9199408470290048 0.1707106820351737
v -0.81940923839187629 0.83453630889701846 0.39673698714447025
v -0.77142441102600101 0.91888081677246092 0.52221381736755368
v 0.25295578319561479 1.1635700740124881 -1.0403501463076175
v 0.10922574327976363 1.1871902430263588 -1.063536095620496
v -0.82764395191628592 1.0488795734427314 -0.58480646855708529
v -0.75416564798545838 1.1125039950351714 -0.73834318755531303
v -0.9071154324283599 1.094855575662613 -0.51407854861831659
v -0.90361584600996969 1.1499068745632171 -0.57500967848682416
v -0.92048289634786329 1.0266307174696241 -0.37430352411515377
v -1.0149351546993257 1.1131787814224787 -0.26875328554589406
v -0.57792474365043633 1.1118486470136641 0.88049127526855464
v 1.0238197252750396 1.2629267268671989 -0.29712821134328843
v 0.42999790386724479 1.1768637014312744 -0.9828017154674531
v -0.062523662413477898 1.2281700344084503 -1.055498162337303
v -1.0698277408833503 1.2511995305604935 -0.080793823989391333
v -0.63151283731174468 1.1883177146463395 0.86599187956213952
v -0.32874820909633634 1.2161246475851057 1.0006396196413994
v -0.25958957947610106 1.200271990415454 1.0294999640138491
v 0.99923876810359957 1.2240860492668153 0.40323723085021979
v 0.42303839328002935 1.4208944614315031 0.81798323328399647
v 0.47246511185945783 1.4343598576818193 0.78129783807318542
v 0.87759039217834467 1.3034556280145646 0.56151557420921328
v 0.91720776960830697 1.2951312628364564 0.50903627922821049
v 0.91370730951881418 1.351705158859253 0.47188764419555662
v 1.0576481943195342 1.2714457403816224 -0.12163392047157288
v 1.0372459610125542 1.3034077506710053 -0.18053477779159546
v 1.0236858768987656 1.3514510125494004 -0.14678897552871706
v 0.97162038257045746 1.415368308283758 -0.25771298012623789
v 0.94352693854631708 1.44573714415196 -0.30364728670501706
v 0.068247107685089112 1.3262842443656921 -1.0563473054351806
v 0.12283775119018556 1.3549724335937501 -1.058228111351013
v -0.010898229717254633 1.3347270519590377 -1.0583969985656738
v 0.31482209719181059 3.4137696653213503 0.7205533933410645
v 0.24585825542449952 1.5934807264823911 0.7636666879825591
v 0.31821744144439701 1.5644470684509277 0.76285323730087273
v 0.27431119012546534 1.6930444877538682 0.70602904944801326
v -0.81231042039966583 1.7298251978034975 0.14546655818462373
v -0.74079413587188714 1.8987422129116056 0.21470182085800171
v -0.7013308150787354 2.0270902446994779 0.19493514331436157
v -0.8176932347221374 1.7136630214099884 0.027298217960357668
v -0.7642005173645019 1.832737195175171 0.053383697219848633
v -0.5040650015935898 2.5656648614397048 0.19987974469661712
v -0.4802236140589714 2.6288226559419634 0.17037387795305253
v 1.1690556892604826 0.35210447637176512 -0.3248494774723053
v 1.0237581052627562 0.42543313444519043 -0.45317267942047118
v -0.54233420280861844 2.4568881808607577 0.1018220456225872
v -0.51683096473683632 3.6289321917682713 0.12798246114598003
v -0.52545864073644366 3.7011012355485642 0.08652652123750959
v -0.47837115692009924 3.6093363369426248 -0.050225016027474395
v -0.44655124237756733 3.4449651202949525 -0.055225044631528851
v -0.45521124909669164 3.6069917871975727 -0.10544651363423892
v -0.42735701264572146 3.5663943263890747 -0.17094657017302514
v -0.40928120745992663 3.4946278674166202 -0.1977345638718605
v -0.40651787976074216 3.4332882039785386 -0.197537646651268
v -0.361089131934762 3.5472250249818567 -0.30572509448814389
v -0.44296663226318367 1.5429733735809328 -0.93998384325027473
v -0.32186686091859007 3.5514115630870546 -0.38786973257364543
v -0.38648250739288331 1.5337186347084044 -0.98624090748596194
v -0.33901336279296873 1.6209398692817687 -1.0164379949378968
v -0.75082534280395508 1.8733333951311111 0.10862538289260865
v -0.71885587776207915 1.9657603684911726 0.13804326564431191
v -0.14305578197669983 1.5713263630151748 -1.0748109676227571
v -0.036753990810803008 2.3823759119337629 -0.69460138623496448
v -0.30717794800458631 3.4225839939874243 -0.41144398000594551
v -0.25155616998013852 3.1730266756964411 -0.71679222981298407
v 0.51241792634701733 2.5319625335123543 0.39267220431423189
v -0.29659867256927491 3.5034833072047231 -0.43739586218214033
v -0.28763625113463404 3.5681819929733276 -0.45818233470845221
v -0.074476074560642244 3.0294948121747973 -0.38835257176733018
v -0.16969931181406972 3.0669325063614847 -0.31092897799730301
v -0.17529635479385514 3.0490361640453338 -0.23282877206659316
v -0.10115664076471328 3.998421553740978 0.81314314135360721
v 1.0642892342703685 0.45407699577985494 0.21788548647853309
v 1.0123644319458007 0.50760619384765626 0.20616913882446292
v -0.28956493468737599 3.4631526425879002 0.76099802378320691
v -0.27005416823863981 3.5126233660535817 0.78910718814468384
v -0.44909894471733913 3.9309529314352614 0.20013919797882013
v -0.31897101124268767 3.8744789107239841 -0.35086799802404645
v -0.3501105704712868 3.8806823706336022 -0.29151557625007629
v -0.10645662754058838 2.8672285348873139 -0.2820202500662804
v -0.51990721200716505 3.8356209030159709 0.18369809963202477
v 0.59524534876060486 2.3301683505115509 0.22026712708091734
v 0.48968533493709565 3.8886348865470888 0.19363408163261414
v -0.33266109365224839 3.4504714719135761 0.70340025335216516
v 0.13692811129778623 3.7809119877478476 -0.56723709136754286
v 0.43667679619121552 2.8177152337036135 0.31240772963881491
v 0.43040354527497293 2.8834870261795524 0.34519031852078441
v 0.35315419746208188 4.0291095145063398 0.58614401433372498
v 0.3324283753047943 3.8306009596554755 -0.26372460751883986
v -0.0012213880477803113 2.4267042005452599 -0.66400651142670419
v -0.096720895298957818 4.0905063945693971 0.83875127805900573
v 0.096034403072357166 2.7634543445663451 0.83751919158935539
v 0.094239613475990289 2.1055501427396299 0.88613557170491219
v 0.012319539723157882 1.6677942593212127 1.0472980184231997
v -0.39106113036575318 1.3129381689598083 0.90591376107177735
v -0.97044795897197722 1.4741121938490869 0.074099866104125972
v -1.0340645531654358 1.3174461781330109 -0.17717976506042482
v -1.0125971502285003 1.3767934764038086 -0.14897393733215333
v -0.2799663238554001 1.4122290229802132 -1.0333322273044585
v -0.21540540295696259 1.4032466461181641 -1.0515468383903501
v -0.11400644818087988 1.5258303399500164 0.88377132689394267
v -0.097071941379833215 1.6886818417881013 0.82204880995635987
v -0.83849437786865244 0.77906314706420898 0.35246301634216309
v -0.75254711048507694 0.77878394711303711 0.51110081280899045
v -0.16200517989253999 2.8522046233539582 0.71813204551076892
v -0.12708481326341628 3.0521388014700412 0.80819770424103732
v -0.09862890072536469 2.9995746553497318 0.92483636088943477
v -0.21289914932107928 2.7904684773464199 0.68988517607498157
v -0.26801009467387199 3.1696477932395939 0.73701326638674736
v -0.23696879163551332 3.435083788107872 0.80834411591529842
v -0.21888935771560669 3.5214410403442384 0.82930097313404083
v -0.30799231154060369 3.2787872569208143 0.7072931527080536
v -0.30777686193847653 3.3835025149612425 0.72436404545354838
v -0.32683424598598482 3.204343016864061 0.67261137472915644
v -0.58978494222354894 2.2536478004465108 0.36397838402366639
v -0.54643127499580391 2.4233226772232053 0.37861330350685118
v 0.61821451751708989 1.8121991668663024 -0.53602036528968811
v 0.55846305645751948 1.8876070085639953 -0.55814217620658868
v -0.35821774307203297 3.0614203457260132 0.60833667513608936
v 0.53020813290500635 1.8030134742879866 -0.68204609991741183
v 0.48809509755706793 1.9158650099182131 -0.64022629548645016
v 0.44405028661060331 1.8019465427818298 -0.81328194632911688
v 0.42967184129142766 1.8827696199722292 -0.75733856185913084
v -0.097674694913864143 2.7671958525390625 0.78894306726646435
v -0.10111276649652209 2.7238960224659783 0.87043797988673621
v -0.61657361367034913 2.261147869190216 0.17261098550796505
v -0.59697093233013143 2.3289128778114314 0.23227859623622893
v -0.09889729835319519 4.2410192996416081 0.37740438008403776
v -0.096120012583255782 4.1672849116420743 0.37013114486360549
v 0.47816608075087408 1.576496374828066 0.68656630694988796
v 0.34443727357101439 1.6782683792533875 0.69416003110885627
v 0.35270566637992856 1.7970783982534408 -0.95427620133590696
v 0.26563363109111787 1.8816634570422173 -0.96864285424995422
v -0.046175030284643169 1.9835206509993075 0.94819801271724702
v 0.19745116965436935 1.7942031209053992 -1.0238475467781065
v 0.13074684720611571 1.8875930148649214 -1.0005440650939943
v -0.29559090897703172 4.0337450740380287 0.20542841695117953
v 0.09306655767059327 1.9150751104669572 0.81937381987285618
v 0.09720254869778952 1.6837976096159615 0.94540439775276175
v 0.88388945492935189 1.565920802055359 -0.28423751885223392
v 0.83866413684520724 1.6421048744939801 -0.32724803542251585
v 0.11131297991538047 3.9686834975351606 0.71233251899654526
v 0.97835343861389168 0.5783132192764282 -0.046034934181213377
v 0.92032805586242683 0.61740933773803708 -0.25421101989746092
v 0.15772238270619937 4.0278857098213265 0.59641001897719925
v 0.3254503198282242 4.0380449587202545 -0.12829738897378445
v 0.31301459119081498 4.0380377606096953 -0.0064921446062837307
v 0.41809123201465603 4.0128842957592017 -0.086036886593818668
v 0.17543892096461566 4.0161749929726636 0.71047420899500169
v 0.16653513335800171 3.6679875257892607 -0.67739829788875583
v 0.22646663372080666 3.6845140937697547 -0.54530111249133517
v 0.098421016577720649 3.533540978266716 -0.92310329646086697
v 0.24272621676397321 3.7117039271872043 -0.49146914509344103
v 0.25937987869238854 3.9918107010800838 -0.25638952385830882
v -0.0070225946160554879 3.3415339886727331 1.0575551305348874
v -0.24595542738962176 3.888865641702175 -0.37686449319982529
v 0.10032478126782179 3.1759839936801195 0.94408142464530465
v 0.08430667413633211 2.6279540281265801 0.94421118936719217
v 0.047280517233848574 1.9741415538957119 0.95132016779446604
v 0.096741078771591188 3.2014289908123019 0.9997702730398178
v -0.1460667246379852 1.2886134211368563 0.98749600967884066
v -0.10170827204063962 1.336040452129909 0.97176213236509057
v -0.16497894704399108 1.3423113541484832 0.95024692306537628
v -0.26014594776649469 1.3890106191684723 0.89618709337463376
v -0.32529356482410432 1.3861109045114517 0.87831967954063417
v -1.0544859699077604 1.3121969035129548 0.0061103173732757546
v -1.0199411297006606 1.3851538929662706 0.072426526068687436
v -0.9858237912254334 1.4418645024719239 -0.087325735370635996
v -0.23449597159576416 1.3365166515011788 -1.0344598482832907
v -0.32438665118217463 1.3776719801158905 -1.0111672629299164
v -0.1891949327468872 1.281747077419281 -1.0379756170816421
v -0.17533053894996642 1.5536307856636047 0.81521865876960753
v -0.14286953926506041 1.6886749682697295 0.75083027618827813
v -0.11765173139095306 2.9555781841244699 0.77857167241907121
v -0.41605278874969481 0.77907182928466789 0.80909701366424558
v -0.26632225076532362 3.2626334883065224 0.75455136651611332
v -0.29699067838692661 3.1085880507726671 0.69511128083801266
v -0.49875470382976528 2.5870971869299408 0.39096830781102176
v -0.63378022566986081 2.2263080135612485 0.2966546378135681
v -0.5730860556221008 2.4070556441249846 0.31667521003913879
v -0.47711227280139923 2.6863127035322192 0.36860773738193509
v -0.6676850887069703 2.080137355202675 0.29532484759950639
v -0.68146471658134455 2.0934557560863496 0.21046267213249206
v -0.57442035210800169 2.3955590595207212 0.2559842831954956
v -0.94118885472679126 1.5206008246698379 0.030444198942184451
v -0.65669095225906371 2.1413141016788479 0.10240957349205018
v -0.91448627656936643 1.5551465572433472 -0.071080068325042725
v -0.84006795920140398 1.6614624790633066 -0.14726338574028014
v -0.45492458826971055 2.706299323068142 0.1829444953484535
v -0.76701410229187017 1.8139265406505587 -0.28398780474433905
v -0.70917900312471405 1.964635391702652 -0.21979510552692413
v -0.74598012717933659 1.7871069709270477 -0.36437992964973454
v -0.75492286193629665 1.7210398607981545 -0.40950681718662807
v -0.71121459758853911 1.8772429533309938 -0.33383513208675386
v -0.64227755326271052 1.919307555185318 -0.39886537544059752
v -0.89384192137146012 0.98834429134750357 0.37649666923904418
v -0.79707819424819948 0.99115025670242296 0.55561507760620121
v -0.31111315169715881 1.5292044502334594 -1.0311076083106994
v -0.26363337049198154 1.6042522395238876 -1.0496575752487183
v -0.21400946373558044 1.5412910889663693 -1.0642611174068453
v -0.22646085275340083 3.2904573601810934 -0.83456700680851936
v -0.28370872432518002 3.6302984806737899 -0.45576158038616182
v -0.20521908543648038 3.4048420491349014 -0.84376892594180786
v -0.16958729118585586 3.0286260863866805 -0.70170889500665656
v -0.41203798700237271 3.9244661630964277 0.2888480099463463
v -0.21186521975767611 4.0134178237643248 -0.23160816588044167
v -0.096064053152084355 4.2991882505860328 0.39115380836296082
v -0.097449030550956717 4.2330160073556904 0.30490301290798189
v -0.39890041327762604 3.908130401442528 0.3572118921432495
v 0.1108525746997595 3.2534412622328999 0.88120169206384813
v 0.10007097580569131 3.2550352223794121 0.96114892559569221
v -0.40834460864142008 3.8644575707944462 0.42321477056272538
v -0.17918525558733941 3.9170404662876126 -0.3649475051443577
v -0.42506167715740206 3.7987151131162644 0.44879737488317489
v -0.31301153548240662 3.7041692484703064 -0.36776222514200207
v -0.20095543447589875 2.9251137650089261 -0.19234600344324113
v -0.1446228601231575 2.8970278609895708 -0.24360421816730499
v -0.43702228119611741 3.9619980546178817 0.14112923296451568
v 0.26635111573791503 -0.023191155029296875 -1.2101765667266846
v 0.16607987466430663 -0.023026663574218748 -1.2283901474914551
v -0.66797560699462899 -0.026092229003906245 1.0194413037719725
v -0.53023683691558832 -0.027311338065338128 1.0947128375305177
v 1.0523080385789871 0.10487838827419282 -0.74740100820064548
v 0.91462447623538967 0.10023905279159548 -0.91456728889751426
v 0.43195132429313654 0.034129754625320433 -1.227479987630844
v 0.2850409942054748 0.024675044450759888 -1.263881884218216
v -1.2519908693561554 0.092233348063468931 0.35201359316301351
v -0.85318906702613839 0.057388116637229918 0.98694379421472556
v -0.68925656250762946 0.018924807397842407 1.0973441346263888
v 0.4977739566845894 2.6089787810175418 0.30390454314780235
v 0.46757668314266204 2.6835895914182659 0.2840226804075241
v 1.2043942055473327 0.17324137086105348 0.4061618677120209
v 0.12800011082935334 0.22412572681999207 1.2845444934568406
v 0.2786144094982147 0.2146680742883682 1.2593069629230498
v -0.74025370166873938 0.21380897672080995 -1.0542110582332609
v 0.99649578723678589 0.35277383044414523 -0.69233908587627402
v 0.90893178992080692 0.34424057763862614 -0.81824482898807527
v 0.32822118152427676 0.31025032305183409 -1.2168728254623411
v 1.0632994174892425 0.35952865845832821 -0.56747442084274291
v 1.0069306021139965 0.39254138478306361 -0.58260135665675583
v 0.76069756465911875 0.46977032205200192 -0.74769892970657348
v 0.58948789584922801 0.43685714686584476 -0.93279072914886485
v -1.1475902271988732 0.38432203960023609 0.24833478697041106
v 0.87161182092285161 0.6031632498779298 0.41110189993286134
v 0.74776003370666511 0.61472410985565196 0.59907062353515617
v 0.91467465929303848 0.46839900569806781 -0.5570881433268956
v 0.89554699460220344 0.51496180694198612 -0.50260301672744756
v 0.78083926873779297 0.50293567135620121 -0.68203860476684575
v 0.56158347211837767 0.50959387103080744 -0.86076467886733998
v 0.92644118993377678 0.64720685795211796 0.17674624044799803
v 0.18127984264373778 0.67058964292144774 0.91482976889801038
v 0.94207134330749509 0.64610914677429188 -0.012623605255126954
v 0.87302284632110605 0.73755869731140145 -0.26341124736785893
v -0.049607137481689455 0.6362273144912719 0.9462487234802246
v 0.0019164083213806162 0.69438429089355469 0.92516432166290286
v -0.56799409218215935 0.92977370528793335 0.74726325346374511
v -0.42521163208770751 0.8719091576538085 0.81331349298095712
v -0.20168793557085307 0.94483948501777659 0.92278801857921056
v -0.13224893673573221 1.1418992529756682 -1.0599755169877665
v -0.22282446401214601 1.1565953590126039 -1.0497848064613342
v -1.0021568172378539 1.0385780952911376 -0.0029903635025024383
v -1.0200166898841858 1.0685411686668393 -0.075661048583984369
v -0.97663386389378148 1.0214359059960501 0.16960118171146937
v -1.049594551753998 1.1225555813102721 0.1237156050605774
v -0.93601984303610664 1.0085755852628435 0.29890171717398506
v -0.94065609938812256 1.0754001992340088 0.4185379031829834
v -0.136782758312881 1.203063205728844 1.0520298300820738
v 0.98149850414657602 1.2797383290824891 -0.39470659224510196
v -0.063576345192500522 1.1679908095218114 -1.0727039406215122
v -0.14444967610263826 1.2077329309282303 -1.054580618072033
v -0.29655576083612445 1.1856479221806526 -1.0274800291647315
v -1.0688207367882729 1.2612869694449902 0.067158056935310365
v 0.97738115492248534 1.2980894969482422 0.40093480329895015
v 0.95045417973327639 1.3569126871013641 0.40410257562828061
v 0.98286544615173344 1.3517499603424072 0.32955749086761477
v 1.0006704161331177 1.3791885370552064 -0.21184193730316159
v 0.9615595195366996 1.3727943985552105 -0.35436087375640868
v 0.86794768036117553 1.4778539666553496 -0.47079847425765992
v 0.017569855357646942 3.4485602439889909 1.0652917367448809
v 0.21792641374206542 1.7965499446372986 0.68199688519287105
v 0.16558656345367431 1.9433359847469331 0.68034502989959711
v 0.17661955885314939 2.0702833652954102 0.68149915406799311
v 0.11175870187988282 1.9137146206649782 0.71787403345069878
v 0.10164941518402099 2.0986274320096969 0.7385040579471589
v 0.097291584252357483 2.5732802033571516 0.81120776449952814
v 0.132104826382058 3.3442270865203314 0.85800117522859587
v 0.44732070392684942 1.7211658586692811 0.63353502834396358
v 0.22235845596814158 3.6631945505628587 0.81820201075935373
v 0.51784204037284853 1.6958766524143218 0.59876435547351847
v 0.34397550533580779 3.6364993585772512 0.65575993040752412
v 0.4171770049929619 2.9266245031824112 0.4769262023830414
v 0.50961102552242288 3.1960477600841521 0.41299815942859652
v 0.52892139425873752 3.2942634136943818 0.3794273937737942
v 0.5295583540916442 3.3523086427545548 0.33103231477403638
v 0.521012403166771 3.3576407759780889 0.43360203346729276
v 0.85346246293939854 1.6314054703805108 -0.24786078469426293
v 0.76566485127203798 1.8213893377734593 -0.17394714905330114
v 0.79158208450851442 1.7663191006702423 -0.21548185028381348
v 0.71895027646636955 1.9469855724945067 -0.17860959490203857
v 0.60257200352478035 2.1802347039756773 -0.21279304607582095
v 0.57275658073806768 2.3006276832542421 -0.12427344482421876
v 0.87790742493820195 1.5431297790431975 -0.35817586223220826
v 0.79234195640182503 1.6229311066747392 -0.44606281811959403
v 0.67386381700897213 1.833106348146166 -0.43079279747172761
v 0.63297533784103399 1.9044008229103091 -0.42601616561508182
v 0.52498087187385556 2.2826011105861661 -0.24038200048637393
v 0.70003522692108155 1.7354360449006216 -0.48164471771022255
v 0.58282471162796023 1.9219682439994812 -0.48719516238403321
v 0.59757897052383424 1.724307034942627 -0.65138078025817858
v 0.57418549924850459 1.8065746232643127 -0.610357353975296
v 0.52326029406738273 1.6746020209617614 -0.79743969161033634
v 0.47889627353572845 1.7261697853126527 -0.82227680434513095
v 0.48724726255416873 1.8001960674276352 -0.74770290446662901
v 0.40198580034065245 1.7100200180950165 -0.94078257186317449
v 0.40460817246532438 1.7971903375110627 -0.88455992319583898
v 0.34735292069768908 1.9488589902427196 -0.84097495333290095
v 0.28422113229370116 1.8036294601135257 -0.99768723040771479
v 0.18269386722373959 1.9324584336719512 -0.97016442637920386
v 0.64785029927825932 2.0523503544540409 -0.26606520099639897
v 0.58093961869430544 2.0816546403923035 -0.34206870175456999
v 0.027430804505527019 3.144977719340563 -1.2274029663380981
v 0.084530153612375258 1.6832535973734857 -1.0670028172048092
v 0.023218917985200885 2.9094387155433892 -0.27819412617993355
v 0.043948224501609803 2.8313446976604464 -0.32368756792068482
v 0.25587739437764878 3.1398345808846955 -0.73274574424099914
v -0.036565398505449292 3.0165435722186564 -0.44067087284564976
v 0.09521355952239037 4.3036064971759318 0.26752385276472568
v -0.18752295734596253 1.8096894027500152 -1.0203116319274903
v -0.19017014431762694 1.8717801510314942 -0.99612403672981253
v -0.61519426629829399 1.7787090849494933 -0.57269992667388903
v -0.55338449468994133 1.9071825564880371 -0.54771501467895511
v 0.10082123375988006 4.2269271619666817 0.4746779738121033
v 0.097915698595881451 4.0925028889958854 0.75949144254326817
v 0.84659074074363716 0.72039607287979124 0.35039792548751825
v 0.71796557278442386 0.78695990153503415 0.55807268118286135
v -0.2674824054889679 3.1650888794922825 -0.46441401145362848
v -0.25510452287769314 3.13641024417901 -0.39413947122025483
v -0.30325562005233769 1.6991900711402894 0.69687794876480103
v -0.44421085009765626 0.98889234572982798 0.86479815695571904
v -0.25956803601074219 0.98723755181884765 0.93551217376708984
v -0.094610062880039217 1.8796632145433427 0.91787764146518702
v -0.093289294517326343 1.8398415269220352 0.78327375537948618
v 0.46631726769924164 2.4807695404767989 -0.14028661426639558
v 0.49331897395133972 2.4149252931575775 -0.16134309225273133
v -0.10048356240332126 3.5317463198832098 0.95120932880166598
v -0.095851011116981508 1.621694460237503 0.91218984250259405
v 0.44650564960288996 2.142136731784821 -0.4942459816074371
v 0.41480817488861083 2.2849759196019175 -0.4079993709321022
v 0.3648058106613159 2.1506094528236384 -0.60813618987941753
v 0.36819879383277887 2.2591870323638918 -0.50850616514205926
v -0.48556580133366584 1.2607193692538741 -0.93616008895063407
v -0.54104743195223803 2.4935398880960937 0.28865351669383049
v -0.51996098291873927 2.5607187917575835 0.3357100320587158
v -0.49470187685489653 2.6238878291177752 0.32324332351779939
v 0.31322763840866086 2.1564754492149349 -0.67681758253478996
v 0.26666161097908025 2.3040508043518066 -0.61209429002666471
v 0.43324778957009313 2.8889789896271227 0.42038685092520711
v -0.52774450720882427 3.298455694954872 0.32802786885643009
v -0.53108082045948501 3.394453174756527 0.38375043961024285
v -0.53467947970795637 3.493123671385765 0.34240110891366005
v -0.9189382191505433 1.529768302801132 -0.18805287427330017
v -0.76229292919567648 1.8258341070720128 -0.1223918350276947
v -0.51850569212341302 3.4539796300964354 0.24077588903808597
v -0.78568113584688737 1.7804881730033331 -0.20452019637346266
v -0.80288644799957276 1.7454583930152892 -0.27139318175048832
v -0.75710550061416626 1.8488742411460877 -0.19090847191238403
v -0.6322038759155274 2.1428196917610167 -0.1876110500679016
v -0.55611411769104002 2.3044330448989867 -0.16345350494194028
v -0.69166819940948487 1.8329162218666077 -0.40407529960632327
v -0.59477838025283813 2.2147345066680906 -0.18712389918136596
v -0.50368255444908139 2.2950281610717775 -0.26035086971664428
v -0.70712955125522603 1.7551857584762574 -0.45151274987602236
v -0.66629647392654423 1.729693329788208 -0.53999419821548456
v -0.60896616429519657 1.6995754299736021 -0.65642372180557262
v -0.57411069811820981 1.7628950904178617 -0.65180044866561893
v -0.4874778458709717 1.9226680210723879 -0.63503415351104731
v -0.52670562601852411 1.7517489086828233 -0.73254493895435335
v -0.40374115353393558 1.8973117068023684 -0.78651801641845709
v -0.44323526370620725 1.6740350928573609 -0.90238127244186406
v -0.40309799999618534 1.7149836351242067 -0.937693884311676
v -0.41665211896848675 1.8331561222162247 -0.83083472750234599
v -0.3653892558135986 1.8889796634674074 -0.8699237448730468
v -0.49077307985401153 2.6085817103176119 0.2529778719792366
v -0.46647078454113006 2.6787158824539183 0.25686057760715486
v -0.31022298465156556 1.752442798330307 -1.0029398677406312
v -0.27367410238075257 1.8288410869731904 -0.99088853192329407
v 0.23629288211441041 2.1211892100105283 -0.82579236855697635
v 0.1968968699398041 2.2983638900928494 -0.70053458482360842
v -0.22934317719948294 3.3222551596507177 -0.72704625087572849
v -0.17110777368330954 3.0833969074475767 -0.51378799826979638
v -0.21472200701158387 3.1055168845068728 -0.45789983929552353
v -0.016633109233856202 3.0224348224754332 -0.57393058278179176
v -0.10177419718718529 4.1056628094985488 0.44141840503716467
v -0.26248896492242813 3.6451204857425692 0.78822445775079719
v -0.27247209835290909 4.0290565213180543 -0.19166459427404403
v 0.047152258882284165 1.2272600098903181 1.043272054493904
v 0.10560547652721405 1.2337761487216949 1.0329625768947601
v -0.27910739929652217 4.0380317426388261 0.28010049764776229
v -0.2372085382211549 3.0047937968573573 -0.13153763663911822
v -0.2995400226511955 3.646508692428112 0.73601967216968534
v 0.20708493360805511 3.6116515233416555 -0.65784249740743639
v 0.049917939907550814 3.734408073116779 -0.65536998705196381
v 0.15069898861980438 3.9137206871442793 -0.37292963416290281
v 0.19593549272937774 3.8754559357145313 -0.4182400934215546
v 0.48226965915679931 3.1094713140439989 0.39209736085319524
v 0.45820144969832899 3.0460388303019998 0.36296697889542578
v 0.16682827868175507 2.1071837187986375 -0.86931704861927028
v 0.016754229337215425 1.296592252538681 1.0060672250614167
v -0.049431060317039484 1.3128625701212884 0.99491486175775534
v -0.40626897473526002 1.4733877936820983 0.78811722142219554
v -0.6210926365013123 2.0579653408393863 -0.30471658908271787
v -1.0457458379613878 1.2902279042289735 0.16530127809810638
v -1.013608022974968 1.3621425035972596 0.18337187358951568
v -0.35319237787485119 1.2932875543046951 -0.99136891874723432
v -0.38648880904579164 1.3667975852851868 -0.98061369865798953
v -0.32329370306587224 1.5221752255096437 0.78764684542655949
v -0.2364115141582489 1.6836642634334564 0.71694480342960354
v -0.2535155878562928 1.8272671846218107 0.66832740576171867
v -0.18174635275268552 1.9291060477676392 0.67402296638488768
v -0.18661112769317628 2.0846228969001768 0.6773052118225098
v -0.11129998826923371 1.909846327464485 0.7185745940374374
v -0.11750369518157414 3.3845348660248344 0.8762661111779213
v -0.18847495320749283 3.4686461388306618 0.84049585688495632
v -0.20959401798224447 3.674368149735451 0.82341166631913187
v 0.26284315976715089 1.9657983580760958 0.65641108091735834
v 0.25993699088287353 2.0591011493339542 0.66115178044891354
v 0.15763543733119967 3.2149396940650941 0.82962125297451028
v -0.34868881582862987 3.9894065166079655 0.27483806533101629
v 0.36931528453063966 1.8170694268493652 0.63969084010696409
v 0.33249390581130983 1.9124174010276795 0.63943235037422186
v 0.35837396191406251 2.0528006860971448 0.63206232435607912
v -0.65096001008387971 1.8021372768996102 -0.49414665616825654
v -0.58926156288146969 1.9159981421508789 -0.48282907591247559
v 0.18377934934282303 3.3002772093987467 0.82518372305393228
v 0.58717087108230581 1.5685642576847076 0.62242905426025397
v 0.58301043555259713 1.6890547013540269 0.54762894991111755
v 0.64074618201065059 1.6070806622905731 0.55109003100013731
v 0.637918295211792 1.6552886756877898 0.51455034371566777
v 0.18102797443085908 3.9727963710771501 0.76202338004878156
v 0.23231331051540374 4.0168331935420039 0.82107062700080868
v 0.51098716300964364 3.203077630695343 0.28210413560867309
v 0.68478200106143949 2.042101028447151 -0.13024529465770721
v 0.61212907968521113 2.2225445672760009 -0.10528258186912537
v 0.4867281677951813 2.5381102435245513 -0.038717157293319697
v 0.8242145018768311 1.5417272609062196 -0.48447065156745905
v 0.53911934786796567 2.1413823468513487 -0.34885850267791751
v 0.48729876025009156 2.2688084086570734 -0.3084184846801758
v 0.45083616734123233 2.5732615804843904 -0.073388165075302131
v 0.41098806331872939 2.6347709499492646 -0.078376309254169468
v 0.43521516420841216 2.3194839883489609 -0.34080548296546936
v 0.48270458756923673 2.0182198279924393 -0.55337153195667255
v 0.40661462446022034 2.0084176582775117 -0.67383971515750885
v 0.33115687512588499 2.2637922120723726 -0.55750828459930424
v 0.29160506907081601 2.051226288594246 -0.82561406194019327
v 0.33791027557373049 2.0769850721664427 -0.71297178022384644
v 0.26143420564985276 2.2448639935507773 -0.67417539388227454
v 0.19474366888809203 1.9897889965972901 -0.93762093692398074
v 0.1807836318664551 2.1543899190711975 -0.82966646220397955
v 0.14603527572631836 2.2161383655624389 -0.79238552133178708
v 0.065789038673400885 1.8334463086242676 -1.0297092052764891
v 0.048639719012260441 2.0178175577354427 -0.95844519131183625
v -0.46447516092491148 1.8983021227436065 -0.69172723422622673
v 0.15909219081170217 3.053661471031325 -0.25905060615907399
v 0.15683089989280702 3.0641657221860887 -0.33390809376239777
v 0.15423641487503051 3.9591289548330306 -0.31056270997714996
v 0.097408019218683251 4.2186727010345457 0.15594977451586722
v 0.096430468423080451 4.1353262621311186 0.18061812106075287
v 0.098789658975919098 4.2847571286455794 0.16353663277578354
v 0.093662186669349667 4.1536299631910323 0.24187137514305113
v -0.1639473208618164 -0.031518613189697266 -1.1880376571655276
v -0.29245760342407223 -0.017612651062011719 -1.204467804962158
v -0.25383227384090423 -0.0065986621789932247 1.2350010253953934
v -0.090375488085937483 -0.0047023876251220693 1.2640497731033327
v -0.093008828251838691 1.8910379992761612 0.81383520876216886
v -0.095945824417114259 1.9674277664146425 0.84238300260543819
v 0.73127192251968387 0.082369570978164677 -1.0773567921543119
v 0.55133908030128476 0.091388538190841667 -1.175086079486847
v -0.033700328644180294 0.054348698617172245 -1.3072167521705627
v -0.18381756933403015 0.07053164946746826 -1.2892117204608917
v -1.0563321043224336 0.092233420622825635 0.75903817619276048
v -0.40696007806777951 0.035200352193832399 1.2354809875907897
v -0.47989944670867918 0.078646339490890504 1.2141653654422759
v -0.33662797222290036 0.015179424450683592 1.2487932386764524
v -0.46574281507873538 1.7763670727233887 -0.80132890033340454
v 0.55328827624082566 0.22215581427717207 1.1653278048372269
v -0.10308559332847594 0.2417317618980408 -1.2862362037658692
v -0.11525950671005251 0.26856601299095151 1.2835739875564576
v 0.47654384549856188 0.24525745937633514 1.2003350816154481
v 0.56465781513977054 0.35984098532104491 -1.0632076137924193
v -0.97699504979515073 0.35165676658535006 0.72169173253345487
v 0.90870218761008137 0.39732730795805798 -0.71378816910607468
v 0.6860479210910797 0.35209833873939511 -0.99997572000503543
v 0.52933005175018311 0.40352068929290774 -1.0170460619125365
v 0.1274696955947876 0.45157086294555665 -1.0786227793273926
v -0.13502136801147463 0.46582367077636722 -1.0612614289855957
v -1.1233172215728759 0.33332517130947115 0.51548600195121774
v -1.1220870676089696 0.3870815412706648 0.33273940977587019
v -0.950812062681198 0.38957070033264163 0.67369212999916084
v -0.86879232908058157 0.36464373999977112 0.82660613163852692
v 0.33876886091559277 0.48858245700127734 -0.99400939000320432
v 0.35226198973083495 0.5489108473510742 -0.93388631372070319
v 0.15858022947692871 0.5028204466094971 -1.0234874241333007
v 0.40390190312194818 0.60316376053619392 0.87533916027069092
v 0.18820206088256836 0.6147241433410644 0.93972041160583486
v 0.72645761859130853 0.67058964292144774 0.58445234854888917
v 0.56978385443115231 0.63622731465148918 0.75693170517730712
v 0.59570042057800288 0.69438429089355469 0.70766119549560547
v 0.90680748457527172 0.79041526998329159 -0.058257829235076906
v 0.88269644018936166 0.79389555098342901 -0.21586969783401488
v 0.89530741069030773 0.82964628914642335 0.17029625339508059
v 0.91120526895141607 0.89054999594116224 0.15202094812011718
v 0.19660453661346433 0.87191029486846916 0.89652789115905751
v 0.91083008350372308 0.8560391097259521 -0.063982233810424796
v 0.87618081273651116 0.88216792789077758 -0.28464378806686402
v -0.35234620278739925 1.8164001835441592 -0.94133944894599919
v -0.32938093194007872 1.8730964154911045 -0.93137040986251818
v 0.021711579886300215 0.92688925875091566 0.93664011609431674
v -0.473380561842978 1.185242793072939 -0.9618034492108225
v -0.75133102637481697 1.0551526723766327 0.68385152206993105
v -0.86208174019295825 1.1247869097317289 0.61508488541357853
v -0.64164957057952887 1.0263403780495779 0.76453905006790157
v -0.67242598674201959 1.0980303344039917 0.80276760538673408
v -0.58412094752883914 1.054302523551941 0.83380683716201776
v -0.45343757113647459 1.0772703436279298 0.93000054496765139
v 0.089782852169513705 1.1764509690589904 1.0711735740098953
v 0.70223419448661806 1.4424912218847274 0.63291610037231438
v 0.75749219315528871 1.4298125877571106 0.6013108054590226
v 0.9492297326717376 1.2940813122875214 -0.45106423040618898
v 0.90798847345046996 1.3319257411699295 -0.50906142226219186
v -0.10159226522111893 3.3056851672551635 0.91650235029244431
v -0.095875208191871647 4.071990190339088 0.74870870562553404
v -0.10323809407043458 2.9929545363807675 0.84018677192687985
v -0.10076847919940948 2.6864659146661758 0.78148904891204829
v -0.093135903109277995 1.7254882316831863 0.90261240389864783
v -0.095197203833580019 2.1696793962402339 0.83521164434719086
v -0.094528285139083859 2.099724948886871 0.8676245303211213
v -0.094110258626461024 2.0063924843034746 0.76441364349555974
v -0.31507631070828435 4.0857658264807464 0.63549327190047511
v -0.37746761464643475 3.9637367737932205 0.73105226498937603
v -0.4244058822979927 2.8207542067909239 0.20413515244293212
v -0.19674774687910079 2.9708982688117027 0.73991058838891977
v -0.25665968055725097 2.9410603331069947 0.69848576573181154
v -0.30575059843778613 2.8017488627381324 -0.10535677483606339
v -0.25876771571922302 3.680279584968567 -0.47845608844375614
v -0.29955028144073492 3.936610492321968 0.8220560087738038
v -0.37967275857305527 3.0114482984313966 0.0096930377397537251
v -0.36965406967878339 2.967003299293518 0.053135050722122198
v -0.20565954436397552 3.4468318674039842 -0.79616751203918446
v -0.065725163818359383 2.1252542010726927 -0.8879453512077331
v -0.10232325311851501 1.7915368200054167 -1.0385962576217651
v -0.26523701907539371 1.9366697015705108 -0.94068657118225096
v -0.20125822509574892 2.4780140484762194 -0.54902361296749125
v -0.28816521252250671 2.2180497475986476 -0.65800560748291015
v -0.40348984780311581 1.639785960507393 -0.95964879467296604
v -0.35907334620285031 2.1215722081222532 -0.64106880964660651
v -0.40480394868659975 2.1937517255039216 -0.512012940463066
v -0.51407579763221745 1.9393472562618257 -0.57858390451431263
v -0.6817187191061973 1.561113546989441 -0.67371485163927081
v -0.6251900807628632 1.6268760347518922 -0.69579405525588989
v -0.49267706428718572 2.1324325123672487 -0.42868616323852543
v -0.8017067033061982 1.5540377850284577 -0.50956574995422366
v -0.74420892212772372 1.5899286941623689 -0.56228967832565302
v -0.43418463529777529 2.6254204633541107 -0.050780169532775879
v -0.58600480597686766 2.140938916700363 -0.280337406042099
v -0.68107173048400882 1.9626835049991607 -0.29993238065338135
v -0.48221519656372075 2.6036610717811586 0.055686738498687743
v -0.63657149465942375 2.1667078903656005 -0.10978009851074219
v -0.70074151534271245 1.9990618905410766 -0.15269004637527467
v -0.52575806692504878 3.5159883023834229 0.24612611665344242
v -0.57372586499691014 2.3713934365987774 0.09900672716617584
v -0.70967038549804684 1.9782916238422392 -0.016301996709823605
v -0.86539784127044672 1.6261532979488371 -0.086349804571151739
v -0.63384951207160944 2.2345973824234009 0.23588417503738401
v -0.93684635067749022 1.5088064387836457 0.17593147866058351
v -0.54633711974430077 2.3073428350496292 0.40545194705104826
v -0.71857704618549345 1.6465197166366576 0.43770975643634796
v -0.24886975223350527 3.9887997805700302 0.82906550440692894
v -0.6808104448051453 1.5610066514778138 0.5528174585189819
v -0.29356890977954864 2.7034833018345834 0.64094648123216624
v -0.37520883382606507 2.4419956953926087 0.60510520032882686
v -0.43945071917343137 2.0360304881629943 0.58050678760528562
v -0.47203906304550175 1.9723795383987426 0.55506409184837346
v -0.22399552976274489 3.2364489343314169 0.79039471735429767
v -0.27123923763656616 2.4034953753280641 0.66884213532638548
v -0.3073795385761261 2.0143283455305099 0.64552962977218631
v -0.20913579409408573 2.3596513601617812 0.68091084235954291
v -0.23274531857872011 1.5634095377502439 0.78627900591850286
v -0.034883353069305421 1.8492957420196534 0.98060526895046229
v -0.044371101780891417 1.4094476252379415 -1.073024932803154
v -0.30114893855667113 1.3172407295837401 -1.0123314526748657
v -0.78527341575384135 1.2725963638505937 -0.70499919302368164
v -0.86500949773788449 1.311794061228752 -0.59557292584323873
v -0.91817231465530391 1.3973552668781282 -0.43922809280395503
v -0.9578262065620422 1.3219615758132934 -0.41735359523963927
v -1.0349380275745392 1.2839847789764405 -0.23669016468429566
v -1.0453186700649262 1.3262639292526246 0.08650335132598877
v -0.88902280663871758 1.3767169806194306 0.48680831541633607
v -0.5815967923908234 1.2858693927021028 0.83011374139213556
v -0.43735730435562137 1.3962523459463119 0.82793914258480061
v -0.43605097160720824 1.2697422173233033 0.92037133290100093
v -0.27906483873672483 1.2799992328821181 0.96515437135391235
v -0.10915319540929795 1.2535300242228509 1.0175510133070946
v 0.44822733875656129 3.2095444881591799 0.49547869739627837
v 0.41043551984977722 3.0610057042217251 0.51560244088935847
v 0.36852528984451294 3.8886598997964859 0.71933458158302299
v 0.10459852267074585 2.4291468849334716 0.75269901537322992
v 0.099042046277999868 2.5073337776613238 0.85889593599224079
v 0.095360767988204947 2.0037160137934684 0.76594475154972086
v 0.10001363933753968 1.6328127784299851 0.9048121970567703
v 0.10140549774169921 2.9451960964126584 0.83996089765930171
v 0.1006770357761383 4.1139782359714516 0.67110774574279786
v 0.099064043646335614 4.2065219322314267 0.31641425288772584
v 0.078719354062080388 4.1032101537723547 -0.30902548924827578
v 0.094026335922241217 4.2162855698862067 0.24284408434081081
v 0.098459150591850286 4.192756720900535 0.56003351369285581
v 0.097918765490055085 2.8110079760823243 0.88858424559211735
v 0.35602580059051514 4.0556356898536681 0.6468948023834229
v 0.21369907010889055 2.8697881602077482 0.70379748653888696
v 0.29468228750944137 3.8714596356420516 0.78613157676362988
v 0.1335445441017151 1.5097636495590212 0.86413158383941657
v 0.43914093085837369 3.6023018864982128 0.49235431201791763
v 0.26356274353981018 3.11469977551651 -0.2038256799583435
v 0.018713305146217347 3.0137923294334414 -0.39994190783214567
v 0.24053287477493288 3.3030862807884218 -0.66839261594390864
v 0.087236464529991148 2.1559611771001816 -0.85683915100955965
v 0.077745958775520346 1.9378057206459045 -0.98987050672054289
v 0.094172544134140015 1.7755219104881286 -1.0439875793231965
v 0.1267163207130432 1.5485275284614564 -1.0778468981971741
v 0.20711243743515015 2.2150642411708832 -0.76537137224292762
v 0.21797783031463622 1.6474206284093857 -1.0558717194900513
v 0.2877929945983887 1.5729828349819184 -1.0428428881511689
v 0.28436442063140871 2.1228741591339109 -0.76161488323974613
v 0.39478811440277101 1.8711468807525633 -0.83621427466964726
v 0.40758274584388732 1.5878033346977234 -0.9646789536666871
v 0.46474215624618526 1.5595287755470277 -0.91735573513793944
v 0.3369048957715034 3.2674672890262602 -0.29880598529577251
v 0.27416593904876707 2.471157432443142 -0.45744005414962774
v 0.36562778023910525 2.0950816044845579 -0.65504491440200807
v 0.45142426312923434 1.9119682319259645 -0.69718279721164711
v 0.49079447070312493 1.6450551239242555 -0.85695557148742674
v 0.60358985255336761 1.5533486548700335 -0.77704890248489367
v 0.42528341494655614 3.4427695550470352 -0.14098768968200684
v 0.39184778872489934 3.279018398042679 -0.14874068409061431
v 0.39615983077430722 2.1892581197814942 -0.52948047228431694
v 0.51820468182563784 1.9445909195718767 -0.56711145057964318
v 0.64493134711933131 1.5846171974096297 -0.70382943110370633
v 0.6829083288879394 1.5387861933288574 -0.69013401541137687
v 0.36376707658576962 2.5189037455825805 -0.26289517558479308
v 0.50046946460342401 2.1253883793792725 -0.42315801653289797
v 0.43898409239196778 2.5367178117713927 -0.12954870801925658
v 0.559710442249298 2.2818250488357545 -0.18205871742630006
v 0.53823042736053472 2.1976984029998778 -0.29975513810348509
v 0.68173952266693116 1.9642668759841917 -0.29511019103622432
v 0.70246828185176846 1.8854726744956969 -0.34106832323932651
v 0.81159126393127456 1.6432056190414428 -0.38699976197052
v 0.84368392712783813 1.5600391485042571 -0.4192092087163925
v 0.4716727802886963 2.6298310524101254 0.05749551614570618
v 0.58889192008972158 2.2968196117057804 -0.055395016292572027
v 0.74099464430904394 1.8873973969202043 -0.1900380134382248
v 0.89313298167133337 1.5629288998041153 -0.2213916159992218
v 0.57026785866737362 2.3807424168291087 0.097308219723701475
v 0.72767436721420287 1.9229744755363465 -0.01944331925201416
v 0.76751840498352042 1.8098945332221985 -0.10339716062164306
v 0.77337149806118011 1.8088681540699003 0.052094542003631603
v 0.21279633642292023 3.2485049593071937 0.80087396069526673
v 0.26448791234683994 2.6253923351049426 0.66723550251674646
v 0.43335155299949646 1.6694040450353622 0.66237517833995829
v 0.38247588663101195 1.5406627171115876 0.75480199578475937
v 0.12263188611221314 1.2791480713310242 -1.0487509003372191
v 0.44994387591052054 1.3022270023603437 -0.94754376815080643
v 0.58341784762382509 1.340263715122223 -0.86263229215717319
v 0.7297518259105682 1.3937422887921334 -0.71576768499231336
v 0.88378201325798034 1.2728558203630449 -0.58152916425323486
v 0.83114224688072202 1.396042813961792 -0.59750408411846168
v 0.91584704857158661 1.3949350378918646 -0.44445940412187579
v 1.0129724025802611 1.3154141013784408 -0.27213310274696345
v 1.013478107492447 1.3229228584918977 0.26083617326545716
v 0.95321486361961361 1.2755003572683334 0.46315170444297793
v 0.83889986421108254 1.4104288383512498 0.53169741287040717
v 0.44436936285018919 1.2847888257102968 0.90896205187416079
v 0.15654272206652167 1.1609133828816416 1.0601833854541778
v 0.99041463482856751 1.0872130613689424 0.3047455687503815
v 0.84095609765625001 1.0383070543823245 0.55165355737304689
v 0.76466220195770263 1.0868149018669129 0.69987357761764524
v 0.5333399854049683 1.1028887368240354 0.90422599871063225
v 0.3512016667518616 1.0300798311386108 0.93708181091690068
v 0.14716406357955933 1.0970692049751283 1.0353090061378478
v -0.084453979268210272 1.037660209265709 1.0034709046456474
v -0.38869079903411863 1.0454914277038574 0.93435174897766116
v -0.76209621965789798 1.1204570775680542 0.73324218093490601
v -0.84388039888000499 1.0085497384185791 0.50480448925018306
v -0.977100689871788 1.0861266991062162 0.34486079833126071
v -1.0490817838125228 1.1117554767503739 0.023958721703529362
v -0.98227816747283936 1.0168544554710386 -0.1090719921798706
v -0.97297989050483702 1.1271380610923767 -0.41811672761535645
v -0.80957095010757452 1.1127515746040344 -0.67680630972290046
v -0.69152245521981381 1.0806626549557277 -0.7713764663914271
v -0.44789572099685671 1.0791703430557251 -0.93156118949890143
v -0.22075072031402587 1.0994387324886321 -1.0258660135307314
v 0.085938740360260002 1.0353546307353974 -1.0017542851963044
v 0.46018202993774415 1.0915928848533631 -0.93563885878753661
v 0.6506344111480713 1.0165374875946045 -0.74745743156433098
v 0.84177372790527338 1.0841282415466309 -0.60682499147796642
v 0.95357126325607311 1.084050039773941 -0.40469062325477601
v 0.98515087099456788 1.034488327703476 -0.17968188641357422
v 1.0210355447139741 1.0637775003881456 0.01192354873371124
v 0.43416835551452637 0.8370084080162048 0.80321859542846685
v -0.1832475496673584 0.83700749590301515 0.89453586906814575
v -0.86428506513977055 0.91465742653656001 0.34302780406188971
v -0.7425256158866882 0.84709885781097405 0.53207713566970827
v -0.87272526492309566 0.89639070225524908 -0.29959460188293457
v -0.53163009096527103 0.90727378292083738 -0.75810800139617918
v -0.64147494081497203 0.87196271170806894 -0.65639387635040269
v 0.10133704887771607 0.89480011124801639 -0.9154886175193786
v 0.83794144718933106 0.84174264476776117 0.36258340959167479
v 0.16039744981765747 0.73095963687896726 0.90229332859420763
v 0.37067632288360597 0.66382826498413083 0.8565518943634034
v -0.45665074531173705 0.73095958551788331 0.79445537419891354
v -0.26616710600280757 0.66382811289215082 0.89457852492523204
v -0.86004459420776369 0.73097301955795291 0.3152109890403747
v -0.87807946182250973 0.74199292691421515 -0.2507330333557129
v -0.92908371482086183 0.6720742981643677 -0.026165083877563479
v -0.64592031131744387 0.66660178583145147 -0.66971159840011607
v -0.11221049070358276 0.66706550799179076 -0.92316978835296637
v 0.6765897518768309 0.73242147702026372 -0.61457408587646478
v 0.50823539658737182 0.66712054872512816 -0.77952516640090952
v 0.91997666125679012 0.7055624237613678 -0.031292560955047607
v 0.90400825644302374 0.66655541947555541 -0.22349069765472412
v 0.702402610469818 0.73095963687896726 0.58827140886306761
v 0.83408293245697029 0.66382802490234383 0.41806721681213382
v 0.22659947608947756 0.53418016755676268 0.98705677464294439
v 0.47137057608032229 0.48873092883300784 0.93511268795776359
v -0.46042378387451172 0.53418048883056635 0.90194019076538079
v -0.23952870443725588 0.48873092883300784 1.0194844684753419
v -0.91742459483337413 0.54149916196060177 0.41338718933105467
v -0.81309304847335817 0.50185215423202512 0.64264051607513428
v -0.96994753274154666 0.54163941689491268 -0.26597759597587589
v -1.0623950434570313 0.47084169958496097 -0.091059232223510742
v -0.72434471258544919 0.50982721887207028 -0.72906367166137698
v 0.14813009837341307 0.54900886857604969 -0.98700170443725588
v -0.11600844540405274 0.5143556439208985 -1.0159918244018553
v 1.0088452562656403 0.53785290665054319 0.0071766602993011512
v 0.99423507751464846 0.50982494290161129 -0.26172244686889651
v 0.80760099731445312 0.53418009822082524 0.61065061972045898
v 0.96097519841003409 0.50029975934600834 0.38799781605911254
v 1.1753623208727837 0.35277005473842621 0.3039565469089508
v 0.97179672154617314 0.42889702037811278 0.54712485437393188
v 0.65948967666625968 0.35240803578567503 1.020960857067108
v 0.39292197160720821 0.42839681899261473 1.0447294121055606
v -0.12877163857002261 0.35306165889320373 1.2076875289520261
v -0.4259084309043884 0.41648707028579712 1.0476949563903808
v -0.98831957980346674 0.42213705578708649 0.53507023038864143
v -1.1052932016220092 0.41882892292022705 -0.22061683789825437
v -1.0682490369153703 0.38372860024751937 -0.48710466998890467
v -0.99144643000221244 0.36105997188186645 -0.6813642069416046
v -0.71126591514587401 0.40170865893554691 -0.90145318722534185
v -0.50476720137296405 0.38375031512396673 -1.0596559032178605
v -0.32106261085319521 0.36107309793090819 -1.1590964891166688
v 0.006595445133209225 0.43739557904052734 -1.1028932719802855
v 0.7627570243377686 0.40392667467117316 -0.85407291304779065
v 1.0788994054145813 0.37978034193992616 -0.47626639849090574
v 1.1129849249725341 0.41997050735473629 -0.17052804835128782
v 0.56260136773967739 0.2421234948682785 -1.1632648825941083
v 0.9638346607971191 0.22316887123107909 -0.86156596527099605
v 1.1822048442668913 0.24686334698867796 -0.52030536037063602
v 1.2926042620010376 0.22316851568603518 -0.040301341751098632
v 0.9497752744197846 0.070913240541458145 0.89717810141849519
v 0.15133433218002318 0.070913240541458145 1.2979395303821564
v -0.53505422839946748 0.028118432445144653 1.1820056477306367
v -0.9068105783132554 0.028117920255279542 0.9277575007118225
v -1.1691917427257539 0.028117906117439268 0.56169646908664705
v -1.2905496298002244 0.02811787744655609 0.12797278428134917
v -1.2431423866893767 0.015051333083724975 -0.35205729965515131
v -1.0475097536170959 0.015050703711700439 -0.75596658521308902
v -0.72553755494117733 0.015050990467834473 -1.0686077383937835
v -0.3160537111431122 0.015050449851989745 -1.2522754464820862
v 0.19106722930717468 0.0085528851242065405 -1.2734047426719666
v 0.61531604277610785 0.0085481874217987058 -1.1312225664577484
v 0.96535010701942447 0.0085479806346893308 -0.85251144810295121
v 1.1989522793998717 0.00854795767211914 -0.47089287974548333
v 1.2849123506374358 0.0067245948276519769 -0.023446444309234614
v 0.6209795449523926 -0.10515012890625 0.56393449771118176
v 0.39089672442626949 -0.10514997058105469 0.74234967596435542
v 0.11366761727905274 -0.10515079998779298 0.83131411013793932
v -0.17724573748779293 -0.10514483309936523 0.82010881604003905
v -0.40069489456176755 -0.10514184286499023 0.73709310726928712
v -0.62836112506103503 -0.10514764785766602 0.55564603231811516
v -0.78026507257080091 -0.10514776748657227 0.30726199487304684
v -0.83805619198608405 -0.10514799624633789 0.021902947052001954
v -0.79476923165893554 -0.10515321893310546 -0.26601556771850587
v -0.65561286810302732 -0.10515324981689454 -0.52176252722167971
v -0.43737783749389647 -0.10515295672607422 -0.71449146441650391
v -0.16637477612304691 -0.1052152960205078 -0.82095872796630864
v 0.166421606048584 -0.12913236871337891 -0.88105518038940445
v 0.43885375396728515 -0.13414543572998047 -0.71938434609985358
v 0.6586741480712891 -0.13414492221069335 -0.5258654907531739
v 0.79905117651367186 -0.13414526968383791 -0.26883536944580078
v 0.89734194110107424 -0.12913161358642578 0.0018498994445800779
v 0.77616789822387688 -0.10521236355590821 0.31757403091430664
v 0.28474757046508792 -0.061771460067749022 0.071847416091918942
v 0.37910149688720707 -0.076239912994384762 0.1248803938293457
v 0.25794754154459631 -0.06131010896809895 0.1492974298502604
v 1.1067393344177248 -0.075326749414062505 -0.11490213493041992
v 1.1454010101760863 -0.055620748246765134 -0.19755202607421873
v 1.120258619995117 -0.01989318229980469 -0.54080379719238292
v 0.96524030334472655 -0.09399156616210938 -0.43108641061401365
v 1.0059267263793945 -0.059161050317382828 -0.56452414932861339
v 0.86749178642578118 -0.019893143182373049 -0.89129187962036138
v 0.75934789697265626 -0.09399132791137696 -0.73517156268310546
v 0.75194256551513661 -0.059161023449707043 -0.87447822086181637
v 0.51009523900146492 -0.019893657812500003 -1.1341947398559571
v 0.46186932000732428 -0.09399211141967774 -0.95050153729248044
v 0.42670584104614262 -0.07022269759521485 -1.0408191849792481
v 0.099037693331146232 -0.0067855231277465823 -1.2618870671806333
v 0.087798689337158203 -0.076246122912597664 -1.1047520416564942
v 0.0089618920776367121 -0.058241123864746086 -1.1522489205932618
v -0.06382727604370117 -0.07152823623046875 -1.0983516781311036
v -0.066699557681274418 -0.033082584158325191 -1.2082395604400635
v -0.41660560877685548 -0.063111132690429686 -1.0524655189697265
v -0.44304708276367188 -0.074742755126953137 -0.98752757739257813
v -0.47620481484069821 -0.032859769607543943 -1.1124762531829835
v -0.75168646133422845 -0.063111004571533208 -0.84645798583984377
v -0.7543234316406251 -0.074742723144531259 -0.77639303515625002
v -0.82821657902526857 -0.032859751400756837 -0.88246551782226557
v -0.9961019395507813 -0.063111401403808581 -0.53827092241210939
v -0.97461614404296881 -0.074743059326171854 -0.47152941015625005
v -1.0803318328125 -0.032859953952026365 -0.54593214492187503
v -1.1203791186767578 -0.063105762530517584 -0.1650760981994629
v -1.0773588005371093 -0.074722198974609369 -0.1097131904296875
v -1.2119001565246581 -0.028628452957153321 -0.14273027104187014
v -1.1095079669738768 -0.063102077947998048 0.22811998053588867
v -1.0501511196289062 -0.074721902099609369 0.26543021240234377
v -1.1878708038787842 -0.028627487228393554 0.28042034577941893
v -0.96481583339843757 -0.063101746459960945 0.59388438198852533
v -0.89627789501953137 -0.074721575927734374 0.60864334179687485
v -1.0205650408935547 -0.028627327850341795 0.66983239164733888
v -0.70375183452758783 -0.06310172100219727 0.88810362517700192
v -0.63429958886718751 -0.074721562500000005 0.87853142993164068
v -0.73016331663513179 -0.028627213424682618 0.9785392514190675
v 0.027608274159749348 -0.054203324320475255 0.23560139211018882
v -0.070479885742187498 -0.081783976562499999 0.43924837042236331
v -0.12015927322387696 -0.05995007113647461 0.26051703820800781
v 0.12636760909016925 -0.061019211344401039 0.26704305269368489
v 0.083706279418945331 -0.08178546148681641 0.43690082635498051
v 0.20983769576009112 -0.061021514322916665 0.20776622981770831
v 0.22784501867675777 -0.081785109069824211 0.38197105700683598
v 0.34450337121582031 -0.081787261840820302 0.28105623114013678
v 1.2638452425597189 0.029725690049552916 0.29504705483283999
v 1.1008375634340286 0.024311023674964904 0.68377419072208401
v 0.051350900040817257 0.028753909417533877 -1.2948349160881043
v 0.067666486110687263 0.10892355626487731 -1.2884199301242829
v -0.39485351246604916 0.028852012784004209 -1.234228935419464
v -0.37732004393196106 0.1089210480003357 -1.2338088585681914
v -0.79341312270641329 0.02885216332607269 -1.0246992035064697
v -0.77679317926025382 0.10892104558181762 -1.0303013108310699
v -1.0962741342380524 0.028852007272911071 -0.69149139883747091
v -1.0825723261013032 0.10892104558181762 -0.70243957131385804
v -1.2641108173742293 0.078829566653251651 -0.30575927634429934
v -1.2914209431821824 0.041722688213920583 -0.17625486103172303
v -1.2639181271320341 0.0094626322303771986 0.26622917361679077
v -0.79754051090774536 0.0094629285148620616 1.0165505722957611
v -0.041124980903244013 0.024310926829147341 1.2955838993795394
v 0.40422885139141085 0.024310917714309693 1.2315610673480988
v 0.80082748599338538 0.024310910038948058 1.0190823875404358
v 1.266545818464279 0.17467232349109652 -0.12972933835411071
v 1.2818335614824297 0.10416693710517885 0.15989332078361512
v -1.2768668803529737 0.12102004874897003 0.12177241044712066
v -1.1584552482690813 0.12102000804710389 0.55119110741615285
v -1.2698319683647157 0.086173537361145025 0.2874223673782349
v -1.2376794117870331 0.14531117716407776 0.28037645914936066
v -0.9003149068222045 0.12102000545024871 0.91421336110496521
v -1.0730639697785378 0.1437044571723938 0.69788947957181935
v -0.53358160330390925 0.12102014051437376 1.1670556458864212
v -0.78844822166824335 0.086173855459213272 1.036586779279709
v -0.76834703597640996 0.14531106629943846 1.0105225548372267
v -0.37387670983600618 0.14370902524185181 1.2245768646392823
v 0.089504567939758306 0.098296885211944574 1.2936686083698272
v 0.89966532521820064 0.098296882909774785 0.93364925822639466
v 1.1177330463943482 0.15955633165931701 0.60370008255767815
v -0.038195736949920657 0.18816633254528045 -1.2770712812347411
v -0.4802463853302002 0.2280558309249878 -1.1980102059864999
v -0.85059758532333363 0.18816615350818633 -0.95356611771488198
v -1.138408913374424 0.22805581126165392 -0.60885635192251208
v -1.261908437475681 0.18199317398166656 -0.18953956679725648
v -1.2738736759138107 0.19451332875919342 -0.13184553372669222
v -0.089364905767917627 0.12093790007519722 1.281610384915471
v 0.35411939314043522 0.12093770317637921 1.2349311242150067
v 0.063954799913406371 0.16403051878356933 1.2681558809013365
v 0.7548927716488838 0.12093769940376284 1.0393873696655036
v 0.46864181341361999 0.15955633901977537 1.1810814906578062
v 1.0646175053337812 0.12093770913732052 0.71856466823434828
v 0.86369534323406216 0.16403045487403869 0.9305303829021454
v 1.2873891938066482 0.25302616165733338 -0.10675103197288513
v 1.1468962197704313 0.22826661310100554 -0.59348118906116487
v 0.90275489852666857 0.26828197382497787 -0.91405602441978451
v 0.097528062885284428 0.28581179727554318 -1.2751606964006423
v -0.34530768058757783 0.31588552518224716 -1.2048767887085439
v -0.7529173959388733 0.28409642410469055 -1.0356866253185273
v -1.039451265432501 0.31588241520690918 -0.70085275991654394
v -1.2673982797250749 0.18399820896434785 0.14742872518539427
v -1.1407828284358978 0.18399819417381286 0.57206191078758239
v -1.2541613370475768 0.21354869817256927 0.29426222795724871
v -0.87656982814884188 0.18399818548870087 0.92778144454193112
v -1.0793075911655425 0.2486184274196625 0.70892402332210547
v -0.50662776771068574 0.18399814865112304 1.1716820503406524
v -0.77204670894432059 0.21354870285701749 1.0317535795965196
v -0.049750042998313912 0.2450259307374954 1.2922039773101806
v -0.3708887803144455 0.24145246935367584 1.2399149668445588
v 0.35607620206260682 0.22181289428329468 1.2438169173927307
v 0.79205042986011498 0.24502593736362455 1.0220411708927153
v 1.0718286015281677 0.22181289000892634 0.72411328006935116
v 1.1476022042446137 0.29091000632476804 0.55700264947891232
v 1.2458545537776946 0.32210406203174591 -0.090616267328262334
v 1.2646134014415742 0.29223036736297608 -0.16584358657264708
v 1.2480755123586655 0.31476499505863187 0.14989004781665805
v 1.1309167309677126 0.3207344730258942 -0.52868274535427084
v 1.1954139329490661 0.34300834521102908 -0.26265428129577634
v 0.50197513956832895 0.34783284015274041 -1.1107161748046874
v 0.75379507972908022 0.35055902006912232 -0.95078095785903938
v 0.074466364259719836 0.33341825186920165 -1.2326314108991623
v 0.35584845408916471 0.35217371545200349 -1.1604545899848937
v -1.2829750489940643 0.26480237379837035 0.12289331930351258
v -1.2416298565483095 0.32090446941137313 -0.12640610934019086
v -1.1616235206394196 0.26445543638610836 0.55848996813011176
v -0.90427230852508533 0.26480237379837035 0.91899815358924863
v -1.0562798284626007 0.3186678699207306 0.67305808123397826
v -0.53131653074836738 0.26445550317955013 1.174681735710144
v -0.37073598221302034 0.31451220648956302 1.1998906164636614
v 0.047528006998825083 0.32924306348857879 1.2409983286584856
v 0.52153813475227362 0.29091010048675536 1.1645076509590147
v 0.8336549490640639 0.32924305409870147 0.92028598955821994
v 1.1874198852492741 0.36705555194228034 0.14633242442403521
v 1.1174913518447878 0.4242635947265625 0.10414705173492433
v 1.0773696284397669 0.46179268249184746 0.052684719430106025
v 1.0313969205245974 0.39774860523223876 -0.52288264198303214
v 0.95745198971884604 0.39602126949255806 -0.65156772879082814
v 0.87906346707916261 0.44866003166580204 -0.64779638871383671
v 0.47889071545846118 0.43378878668539866 -0.99836472605895998
v 0.31544247097451344 0.42463613656561716 -1.074759552013397
v -0.27783267704718456 0.44286736477824618 -1.0616433714659554
v -0.17596461628341675 0.40766332233428959 -1.1275734213714599
v -0.31333653734588623 0.39994397264480591 -1.109306640777588
v -0.74190565471935277 0.34448961493110652 -0.96951995652866363
v -0.86933216801343649 0.44013216441890174 -0.67470807269614097
v -0.87141876041030897 0.39648065501022339 -0.75974353722000121
v -0.94063210850088952 0.40385414582334245 -0.65775443025371005
v -1.1156209827101571 0.42633694017301282 0.085809605631147118
v -1.1617177242055621 0.38629409834262307 0.15246159935528891
v -1.0067989180145265 0.37394441240692139 0.62450979145050056
v -1.0513623383331299 0.36673051049804684 0.56550207756042492
v -0.79237788521603181 0.38629395371791292 0.86370575329821453
v -0.37027764218139647 0.37395436012268068 1.125740119682312
v 0.36106300401306152 0.32796824073791503 1.1895022398910524
v 0.47374925038146976 0.3285813379821777 1.1486980526809694
v 0.5192132863464356 0.34550276692581172 1.1073428336296081
v 0.78080309106445311 0.4342773967895508 0.78930023875427247
v 0.84890403407110493 0.42752257266208105 0.72785712726197938
v 1.1008313818931579 0.32858129082489013 0.57561020968246468
v 1.1090767758331299 0.34550274364471434 0.51470594059371955
v 0.76257774593026295 0.47612680036817284 0.74303946526663633
v 0.90011618779754643 0.56243005638885502 -0.40980493978881838
v 0.93785045004272449 0.53220179911041265 -0.3757941418228149
v 0.96425849657821661 0.60366551564407345 0.042967061122894286
v 0.46685348704147334 0.59569871121978768 -0.84633735923385611
v 0.47594858587646488 0.53220162883758548 -0.88951270645904545
v 0.790180886642456 0.5634280749397278 -0.59724932516860962
v -0.19572956501770022 0.59119008888244629 -0.94917939402771001
v -0.26564021353530887 0.54902198195648189 -0.96104092744827274
v -0.35772871817016605 0.56504210107421871 -0.92008711543273924
v 0.27806251789283754 0.57992416763877874 -0.93776958336448668
v -0.7521742413635254 0.57974944668579087 -0.62342531098937992
v -0.80084540798950199 0.526895149093628 -0.6224308175506591
v -0.75227775415039067 0.63604635397338871 -0.57385132972717279
v -1.0582897922286987 0.47668096511077884 0.073652739723205574
v -0.95937894274902347 0.61029481132888797 0.013107159687042241
v -0.98049569233703626 0.57342478929901119 -0.03549326865386962
v -1.0015193698425295 0.54328566796493527 0.048967778720855712
v -0.82495439211763655 0.45572550873838152 0.70231161824580601
v -0.79991032863344458 0.42634949090848651 0.78301708662196567
v -1.0241603688637868 0.47614619128526958 0.28996314014979774
v -0.56510762820189342 0.44500499360711238 0.94009770813097271
v -0.59862384727369033 0.47613342342485698 0.88059897471073678
v 0.17093412528773716 0.44500517671394357 1.0835769919479916
v 0.1070117465700422 0.47612679875946046 1.0595322948968069
v 0.70388434718322757 0.59174243317413333 0.67085933999633796
v 0.6809860693817138 0.67194430823135376 0.6379977379302979
v 0.83237173789596564 0.78811940349578857 -0.3653410222549438
v 0.85073028288269037 0.71662088952636727 -0.34093421638488769
v 0.90691009920120247 0.76376526119613652 0.086537369277954107
v 0.42589113043975829 0.79891859805297849 -0.80291724998474123
v 0.43208675262451174 0.71669295248413079 -0.80768523521423341
v 0.75479128543090812 0.74172553199768076 -0.51452655745697018
v 0.70329522361755359 0.76988572383117682 -0.57643604812622073
v -0.19077323912048341 0.79875211131286616 -0.88883199432754523
v -0.18864971862792967 0.71661661956787093 -0.89599194721984865
v 0.23241897548294066 0.69993864580154419 -0.89283268778228764
v 0.1880282332611084 0.810229315109253 -0.88852657302093507
v -0.71988919538116458 0.79656212091064449 -0.55555628883361818
v -0.72113538578796399 0.71662822781372071 -0.56503968057250986
v -0.91068901531219493 0.81966992969894403 0.023527227062225348
v -0.91236210729217526 0.73135663115310667 0.049672395664215087
v -0.71935844406127925 0.64006008018112182 0.61168449770355227
v -0.73191976076507581 0.57417171056365957 0.65435775202178958
v -0.93227246511840822 0.59174495749664302 0.27522168968200683
v -0.89238066720199605 0.67195149416351319 0.27182145178985595
v -0.53772938562011707 0.59174489996337898 0.81025634812927239
v -0.50933264660644528 0.67194392332077024 0.78200785488128655
v 0.10844653936767579 0.59174244442749035 0.96651097047424306
v 0.11202812644577026 0.67194430824661255 0.92661948570632935
v 0.86216669331359874 0.83506704491424544 0.29717899065399167
v 0.86504311934280398 0.7682104993476867 0.28145674781799312
v 0.66720519501113884 0.80868441508102418 0.61792526540374759
v 0.87223371254239768 0.91952546652221678 -0.33181556908416743
v 0.83484545020457679 0.88717651554107657 -0.39390052277374271
v 0.45294810387257167 0.89199873240661631 -0.80321866784885954
v 0.47534373985181538 0.97882199198150643 -0.83539375311170305
v -0.21169141843359812 0.88611907352120534 -0.89811387826919553
v -0.20362183482578822 0.97895771301051537 -0.94183310520935049
v -0.12437746870749336 0.96544158009774339 -0.94725994221496579
v -0.72869799912997657 0.94620719069562642 -0.60081179562105458
v -0.76128354874965121 0.9069003428791591 -0.53157342287554066
v -0.42261394885362902 0.95668897079358772 -0.85048412062072742
v -0.92979156026785714 0.91329128473336352 0.039382591899326864
v -0.8662596005150931 0.9487785280903408 -0.37876566822542462
v -0.097898982246398925 0.81141995983123782 0.90576111383056634
v -0.49197088432693481 0.8086843840332032 0.76494240545654302
v -0.5172871525878906 0.86324443286132824 0.75617408660888674
v 0.52837676048660276 0.81374202050781252 0.74160756699752794
v 0.061683017982482921 0.76657374097633357 0.9100392230014801
v 0.064102424247741707 0.85692660532760612 0.91296968347549434
v 0.90149657291521346 1.029065650115967 -0.42690751908111574
v 0.92376297834559851 1.0013656804962159 -0.31983042758941649
v 0.67552979386138934 1.0893337089462278 -0.78889878595733642
v 0.0044141253076280824 1.0761278847931455 -1.0343270249699184
v -0.40752259138488772 1.1175307396240235 -0.97615407860183723
v -0.65739492673683164 1.1426950642147065 -0.84074873564147956
v -0.63740498889160158 1.0789573654937743 -0.81546295623779297
v -0.861831095603943 1.1115551736450195 -0.6065591034469604
v -1.0447898217697145 1.1439383531515936 -0.21574332742582047
v -1.0210804904556274 1.0870145144468035 -0.16535608705684116
v -0.92854536426162726 0.96935510878753661 0.23183788845443726
v -0.98295879261997765 1.051359277166094 0.24285543255070277
v -0.88089740211595813 1.1024344969765798 0.56330662056241709
v -0.56269506076812748 0.99569449624851769 0.79747333849334712
v -0.5062093938598633 1.0038275532226562 0.84129085284423832
v 0.019395482565607344 0.99695673574066168 0.97767089444964284
v -0.10888255240195138 0.96298873074340818 0.94934166350664417
v 0.052547051322937022 1.0686993910369873 1.0286706509628296
v 0.089486702057974682 0.93292686899566646 0.93577652822331014
v 0.64496367391640796 1.0287049095600673 0.76332863946424212
v 0.56487065703146788 1.0174869931651525 0.81518168473924901
v 0.69799890147617871 1.0161681272844587 0.70055166638510569
v 0.96553399732153755 1.0268411953863417 0.24339574106924874
v 0.90075809326825818 0.98311081897626607 0.35124337914167131
v -0.94397296253367835 1.1376623510184969 0.4922510830829484
v -0.65621647189903254 1.1390996833820344 0.84217449199104299
v 0.93968029215996607 1.1332501485532349 0.49774246000204764
v 0.63104462832813268 1.2634231968852996 0.8186047465393067
v 1.0375041559610367 1.2527499583482742 0.26648770743846895
v -0.0041725625438690196 1.2747560721859932 -1.0522924003171923
v 0.066136778881073 1.2607471455726624 -1.0516243891601564
v 0.14358588602104189 1.7176363295082091 0.7371218428302766
v 0.18969344346809386 1.7403018592281341 0.70657424649810785
v 0.22606812444496155 2.1254746277008056 0.67211622719001762
v 0.35514208091545102 1.737971127735138 0.66652308710479735
v 0.28643495925903317 2.192096317619324 0.66120913333129883
v 0.20068684816265109 3.1807044738130568 0.7977209242954254
v 0.52777066693305974 1.7609961495132447 0.56027193934917441
v 0.46545148534584047 2.1126239410438536 0.54790066327285769
v 0.41157447491168975 2.2302231179056169 0.59785799255847927
v 0.66659848673439026 1.5041467522201537 0.61116212415695192
v 0.60304755800819398 2.0981853490753175 0.37866161712265012
v 0.53640104742050165 2.189217174442291 0.44439798406982423
v 0.50503793254280083 2.4703097854557035 0.41964716082000736
v 0.66868614251518255 2.0720912831516269 0.29870257849788662
v 0.61825531074237827 2.2241397446441651 0.33081884288692476
v 0.54153760372161863 2.4633854155921937 0.37290243551635738
v 0.93225910064125062 1.4938775278511045 0.24431509594345097
v 0.78364856391906745 1.785898515678406 0.20233027629852296
v 0.77932796930885317 1.8021464858989715 0.13781217225265502
v 0.74584667559814455 1.8302613807983401 0.25320873626327511
v 0.94590122207450866 1.5128516406402586 0.096588587961196903
v 0.65109132653141022 2.1596290257081989 0.12845662696170806
v 0.52735936902999869 2.5031530834007265 0.18201649283599852
v 0.81928558647891458 1.7015256653733934 -0.20559919118772235
v 0.64819731024551386 2.1371270017204282 -0.11356929458236695
v 0.65165147864723205 2.141722471593857 -0.016114626150131227
v 0.51831135164260878 2.5140872088336947 0.060654267345428468
v 0.91367428985840937 1.5065812337428504 -0.29362450916290284
v 0.76714673856506344 1.7686401147331239 -0.34688169658584594
v 0.62781803810882564 2.0081926425361631 -0.33952210715293885
v 0.59628654379272461 2.1340362270050051 -0.27278979066848752
v 0.64517412894344339 2.122258360639572 -0.1795571401863098
v 0.47501620239257814 2.3770983658523557 -0.22678402865219116
v 0.77273725475692756 1.6054259132881166 -0.50212783447647102
v 0.660774197441101 1.7825765958360944 -0.4973481944460188
v 0.48099914247894288 2.0791018434333806 -0.4989184362487793
v 0.34982174075794215 2.339717282175064 -0.4633438154392242
v 0.31575193821525571 2.3309413822402956 -0.52097226273155206
v 0.33849787995910646 2.0351582994537356 -0.75549247349548343
v 0.21722326575088502 2.0530450738487245 -0.88879617505264286
v 0.033002896959304813 1.5835870453672409 -1.0821051666650772
v 0.010351381052085332 2.3143076247442451 -0.75062387134148389
v 0.12361469932079315 3.8831068627932073 -0.42071256787729266
v 0.090477292979512902 2.4118941890607566 -0.65649115983976647
v 0.40899806855773924 2.7324007992849348 0.019413977064132691
v 0.11649028164672851 2.8591451638717649 0.74911344759178156
v 0.27541859095954896 2.8369441996040345 0.6618644944839478
v 0.094017265337944023 3.8960962002820967 0.97452357531642908
v 0.093854597109985366 1.8738996218215944 0.76087440325622557
v 0.095823802161407456 1.7507792476512909 0.78470485967330939
v 0.1884022458000183 2.6532288829126358 -0.4148509409532547
v -1.0564413857434274 1.2664875139619827 -0.15135298833093644
v -0.58831706563949593 1.3919529714546204 -0.85464073837471011
v -0.2835048323020935 1.7744531557884216 0.67506442372894282
v -0.58371069087409977 1.7345026340484619 0.5192888720302582
v -0.53243983538818362 1.7305339071960448 0.57078427313232427
v -0.42295756459732059 1.8730219521461486 0.60480808585014345
v -0.38701470616912842 2.4974724529647823 0.57100534256362923
v -0.69055847183227537 1.5125512710266116 0.5852551759338378
v -0.56109372675275793 2.0941505163555147 0.43126184983682631
v -0.45149398338079449 2.4669211887893674 0.48811380651283259
v -0.47626236337566374 2.2428630812487604 0.51080093561887741
v -0.75308494246292113 1.5119078648777009 0.53602846863365161
v -0.67322826649284362 1.8488896705951692 0.34359846316146853
v -0.72276551603317263 1.8202645857429505 0.29402851451492307
v -0.56822734317207335 2.3947106078023914 0.19063147496509553
v -0.82598805072784431 1.6921428637008669 -0.053219393646240232
v -0.69408010842895507 2.0334879640417101 0.092701543051719668
v -0.69548210422515866 2.0230798635559082 0.024020551628112792
v -0.55727965615653985 2.4004394725341798 0.015665211322784423
v -0.53423880771636967 2.4097565815391544 -0.078404066326141358
v -0.58812165248107906 1.9743010577850342 -0.42953704792785646
v -0.62346606259155279 1.9971637893085479 -0.3566407700252533
v -0.46687421747589108 2.3606470430755615 -0.25431182763290405
v -0.36345702505683902 2.6335528341407777 -0.15401505094337464
v -0.53372998834228524 1.9750534388637542 -0.51433607528877245
v -0.38074722513866421 2.3572876821203232 -0.3948216904153824
v -0.42712408634567256 2.3491749043693542 -0.32578041759490972
v -0.5746444753646851 2.1003159259262083 -0.33399589746856684
v -0.53842961049652094 2.0838962448234555 -0.40294907941818237
v -0.6820039548568726 1.6681830813140868 -0.57598993969726553
v -0.35218963131904601 2.3250204783763886 -0.47286431045913702
v -0.41602960122299193 1.9435386748237609 -0.71939179976654055
v -0.42712285891723634 2.0516009373893738 -0.60705135510635377
v -0.3508273164424896 3.2628914665126798 -0.25205087716865537
v -0.42742390509271622 1.7494349943060876 -0.8828496879324913
v -0.22780822948837282 2.3038155154447555 -0.66413140697479256
v -0.32943954211044313 2.0623237053337098 -0.74455205190277096
v -0.24005640981578827 2.422958564058304 -0.54607141204261789
v -0.27639090320205689 1.6738857524986266 -1.0377086014213561
v -0.25685604087066649 2.0481456112747192 -0.86870381943511954
v -0.15769255841436386 1.7284382561599732 -1.0493408195922851
v -0.079629697868347171 1.7377006444244385 -1.0557427043533323
v -0.22833160964393615 3.0992822455463407 -0.24885648697090151
v -0.14527793803482056 1.4477838702819825 0.89486781421813955
v -0.20246170954513551 2.8585798056049345 -0.23892360293197631
v -0.12808271225420634 2.1475224093214673 0.70285135796737674
v -0.096054169387817384 1.7663035676002505 0.77613529334640496
v -0.096849375319242481 1.6168250163230897 0.99729840678954118
v -0.1024125593863896 2.9147298727212636 0.88557739970043725
v -0.097303830069405697 4.1269922378232131 -0.1639242235189165
v -0.37252335855102536 3.9091934359464648 0.68015265874481201
v -0.12093524834442139 2.7159992208299637 -0.40716203263759615
v -0.097605046175003041 4.2847745570952096 0.1152620502360662
v -0.098866632190704351 4.2233524736480721 -0.085732090736389155
v -0.10231536340059552 4.2606134944637839 -0.18014759755761284
v -0.10093868978500367 2.3575036731491088 0.7600461508712768
v -0.098654003847122182 2.5084506266746525 0.83388131035995483
v -0.097822718940734868 1.5518350003433228 0.96530705196380617
v -0.11145041771698 1.6088080779285432 0.82904445247459413
v -0.11057614518737793 2.0721075726318361 0.71424980214691169
v -0.36927194306945804 4.049999084727288 0.75368164392089843
v -0.53261202621459958 3.7296821603927612 0.27588832416534426
v -0.081116729373931884 2.4855016224269866 -0.60478694719314574
v -0.10504341975784302 2.5823934720783237 -0.52342621079826357
v -0.0001431754875183093 4.1128234172496798 -0.33125677431678774
v -0.04860578342219761 3.9563577937214713 -0.33633997689873829
v 0.014243675397872923 2.2051521815032959 -0.83952259882736213
v -0.073955657196998592 2.1763760207319258 -0.84725300669097903
v 0.0019472788324356068 1.9589057962522509 -0.99180229808425902
v -0.10583601642608642 1.8580792103958128 -1.0158627892742156
v -0.13299243650436401 1.9276295779647827 -0.98296871831893917
v -0.14242978842353821 2.1988035664138792 -0.80685236037635799
v -0.21340945140266415 2.1940857212257385 -0.77950730035781857
v -0.15876284767532348 2.3214890048484804 -0.7042833122253418
v -0.23337617761611937 1.7380469706497192 -1.0338830582141876
v -0.18892505602645876 1.9516616675643921 -0.95974668409728991
v -0.22910626730346678 1.4834558080215454 -1.0584153965911867
v -0.27162925347518924 2.1787593099555966 -0.72490705492401131
v -0.36948222117614749 1.7615318905754089 -0.95548765511322031
v -0.32684278693389895 1.9458854551162723 -0.87808562503814691
v -0.36324413897132879 1.9401488912448883 -0.81723794508171088
v -0.34095881151580809 2.2079297083740235 -0.59194910015106195
v -0.37950879734039311 2.052124409851074 -0.67320758853530882
v -0.49948700940513607 1.8431835797863005 -0.69130156844329826
v -0.45465031130409239 1.8406181060523987 -0.75873404470825201
v -0.60896945945310588 1.587813862062931 -0.74740366005229952
v -0.53149865128707885 1.4134458981399534 -0.8970007186546326
v -0.52709792846679682 1.6480237688369752 -0.81017657866668702
v -0.46922444251823425 2.2256537132263183 -0.37655928554248808
v -0.44746607923126219 2.0807649493942262 -0.55031983801269524
v -0.53869561316680903 1.8514259001255036 -0.62344615956687921
v -0.58261778076934811 1.8448255475807189 -0.56093757818222045
v -0.71337057976913454 1.41232937084198 -0.72741413593673709
v -0.45094818304634088 3.1896871866436003 0.054926560449600224
v -0.43336399097824096 3.2001925888824463 -0.020841775852203367
v -0.5062412152099609 2.2267574910736085 -0.3187274487609863
v -0.62570789561462403 1.8619592982044222 -0.47684031545448302
v -0.46312249077415468 2.5669841325540541 -0.05723456050014495
v -0.50743786792850498 2.3813869613409042 -0.17140790346240997
v -0.55077699410247805 2.2674535047149655 -0.21505134118652344
v -0.53787396036720292 2.2355484953899385 -0.2647964193649292
v -0.74208288425445557 1.882784079612732 -0.24785101925277708
v -0.89278590736280172 1.5124047343880789 -0.36078732805960517
v -0.49425250432968143 3.3136263430290223 0.17975654248428347
v -0.66265726408576964 2.1056027892913818 -0.076298499778747572
v -0.61031487397766115 2.2337505022430419 -0.089699688461303717
v -0.61516324791908261 2.2416114669952392 -0.013182203506469726
v -0.56188015779113776 2.3517788427734376 -0.074791575660705573
v -0.73492163138008115 1.9040124453430176 -0.14491777247428894
v -0.89147653743171695 1.5781520549163819 -0.15733322185897824
v -0.88555695654678346 1.5739017728748321 -0.22618869610404968
v -0.85026686493682857 1.6360549783706668 -0.28848976700592038
v -0.82482981853485104 1.692707216194153 -0.23176111070251465
v -0.51025886812305443 3.2486999487295156 0.26094621828937525
v -0.60219932208251947 2.2889897103905676 0.062110519332885736
v -0.73558673706245425 1.904690563053131 0.0031000536708831791
v -0.95643842807197565 1.4929326599464414 -0.06276952780342103
v -0.94410758378601067 1.5042981981269836 -0.12580212127685547
v -0.89830712813186642 1.5829550710649491 -0.013320527412414553
v -0.65122155571842177 2.1695090006570816 0.18140842450809477
v -0.78740261929321287 1.776151691268921 0.043064890670776367
v -0.78432082239341727 1.7903170016841892 0.12362918118286133
v -0.891080205950737 1.5962061554555893 0.074347711076736447
v -0.89275258714199057 1.5879933905801773 0.13574315751075744
v -0.65992723009490961 2.163759007003784 0.24202493431091307
v -0.598298855337143 2.3367120676956179 0.30435702107048035
v -0.76607994547557834 1.8130110596666338 0.22223366874599454
v -0.71929059083557134 1.9707779109039307 0.21085678757858273
v -0.57063670923614507 2.3551082648639681 0.36429647483634953
v -0.59474940219020844 2.1822983248071672 0.37329069873332976
v -0.78281599273681635 1.58756523746109 0.41858979203796387
v -0.67439918907165519 1.7323592677955628 0.41163049880218505
v -0.43174994573879244 2.3519560091190339 0.5452965693912506
v -0.52262080913639075 1.9550251219663619 0.5059888707256317
v -0.685163144613266 1.6053616860599518 0.51041899980545047
v -0.62261463629913338 1.752475563194275 0.46023982051086426
v -0.39648075147724149 2.380548012928009 0.58917574590301514
v -0.47313953278236393 1.9008599710105896 0.56531387293014523
v -0.46416705371665956 1.6715578134021758 0.64571205945968624
v -0.57329702380943304 1.5139492906150818 0.66817647918128964
v -0.27248568574142457 2.4912039526367185 0.66826000918388362
v -0.21409159080123902 2.5163705251865389 0.68431436098861687
v -0.35883839492034908 1.9891560025062562 0.63012224105453507
v -0.32215564149284359 2.1054939880580901 0.64545236692237862
v -0.25631284050559999 2.1051610247306822 0.66363998592948914
v -0.38965272303771975 1.6173400059585572 0.70652803629302974
v -0.29156419571685793 1.6063394504852295 0.74429192239952091
v -0.39883360039825438 1.7367555836635589 0.6505569261650086
v -0.15466708559799194 2.5193610568122864 0.69891688740348812
v -0.16329462612915041 2.2853919103012088 0.68803020951652527
v -0.18360178739166261 2.1639392847976682 0.67991144058990483
v -0.24573324282836917 2.168335760154724 0.669402991065979
v -0.15747159109687806 2.0006552336635588 0.6834310724029542
v -0.24953129349517822 1.9610742237396239 0.65775835081481926
v -0.19493788579559329 1.8421338719940188 0.67729833033943176
v -0.1315622040802002 1.8458743097053527 0.70577169540939322
v -0.25576825069580078 1.4683680778194426 0.84402929043693553
v -0.15755391529655455 1.6185870227241514 0.78167930247306816
v -0.22175462980651856 1.761187011199951 0.69037278106689448
v -0.15726603797912597 1.3364001934356691 -1.0501380106277465
v -0.26517690799999238 1.2599435855226515 -1.021009423945427
v -0.8987603937339782 1.3012118998336792 -0.54826337310791007
v -0.97206766083049778 1.2464028193254471 -0.44554346736431122
v -0.97998473602104186 1.4109555876617432 -0.23923339843559266
v -0.93538241288757318 1.4375835761413573 0.34224718144989014
v -0.63899253498268127 1.4058827079105378 0.70091506299972539
v -0.51404534709167482 1.3450065275878904 0.82472018244934087
v 0.35077490687179569 3.9726078506202698 0.84630764139842984
v 0.37535899107933041 3.9652164410209654 0.77566836637878422
v 0.36147280952344618 3.8367466131629944 0.65779136011723105
v 0.096346866695404057 2.0283275008506774 0.85064352360534656
v 0.1348237964890798 2.1367169749431607 0.69811622297604892
v 0.11263010124778748 1.5718818198566438 0.85460253372001649
v 0.10829182612991332 3.0110286481323243 0.81552496789550777
v 0.097325071739196772 2.8534859540395736 0.83839787619972217
v 0.105983247215271 4.2733603163719174 -0.25608978121948245
v 0.096296059514999394 4.1994788613986973 -0.0166476948633194
v 0.21198389528846742 2.9647080176992411 0.73061003584098805
v 0.14574983068466185 2.9644489000406264 0.76038877025747298
v 0.34606932061495094 2.8937711049336019 0.041153548876626152
v 0.28700886875152587 3.9542137122497554 0.82491570860290531
v 0.18518125499124527 1.4658752324086191 0.8684038816256523
v 0.14835982717037202 1.5909980460062028 0.80266223714351659
v 0.4878355844917297 3.5865730243816376 0.45683315051269535
v 0.22716178680419924 4.08817490030098 0.7990011093559265
v 0.087138239512443538 2.0743825973873138 -0.91424186474132529
v 0.10973532968139649 1.4816604275360108 -1.0790666491699219
v 0.12762332043647767 2.5051493765563961 -0.57489126717758177
v 0.25943471662521367 1.961272284164429 -0.92984292684555048
v 0.31366178969192504 1.9305654154701233 -0.90828241899108886
v 0.21220868040275576 1.8522186855659486 -0.99960823665904996
v 0.2410194125213623 1.7254081735000613 -1.0359018586044311
v 0.21278868848657606 1.5754824361033442 -1.0635165091276169
v 0.30434521825408933 2.2080982112922669 -0.64323020653915408
v 0.26143708727455139 2.1930052515392298 -0.72486166099166871
v 0.35281879201698302 1.8604103516292572 -0.91338460135078425
v 0.42669052258110046 2.0918315813980102 -0.57142700658416756
v 0.34193467076492307 2.2038217018699648 -0.59405006237411506
v 0.57340802195167551 1.5046015879554751 -0.83529263463973991
v 0.41235183467864989 2.2303674511871341 -0.46574636815261838
v 0.45158597507286069 2.2061855849800107 -0.42391851222038268
v 0.52567938085937493 1.8692399907798767 -0.62652205406570427
v 0.60637103148174276 1.6606575968999862 -0.69463727286434174
v 0.731368087527275 1.5881848924760817 -0.58362708787345874
v 0.44596982559108733 3.219083694923401 0.019740917673110963
v 0.43172037115900858 3.0914689644598283 0.051918341306005207
v 0.47435330289363864 2.2242843461084365 -0.36966993452930452
v 0.44848978968620301 2.3561480142650604 -0.28578130899047849
v 0.5909013723373413 1.9741657667465211 -0.42555028787994387
v 0.52417483377075191 2.3540951032104496 -0.16850663640594482
v 0.55599887684631333 2.3646645945281985 -0.074263399734497082
v 0.50386598966598517 3.2424521756248477 0.23735154239273071
v 0.48932639785766596 3.2412011789093018 0.1796916627883911
v 0.60046654843997949 2.2878985582542422 0.025251067556381228
v 0.69245197136688241 2.0242427323532102 -0.058384683612823486
v 0.74266501519012451 1.8772522611694336 -0.079206636291503901
v 0.94273998135452264 1.4878246916549682 -0.20455748395195006
v 0.8880434962730408 1.5845125906600952 -0.15817392709732053
v 0.51935657920265199 3.2827870873451235 0.28477144201278687
v 0.60387485258102414 2.2883254103984831 0.10601577765464783
v 0.73463597330093389 1.9094563301773073 0.043425243679046634
v 0.89589052236175526 1.589346788450241 -0.0014003022174835216
v 0.8240468116536821 1.6932063310955594 -0.099184162355695465
v 0.89633002827835084 1.5819282616653443 -0.09181927297210693
v 0.69547434539031983 2.0346001628246309 0.14852220471763611
v 0.73621247820758828 1.916131291882992 0.15723126020431519
v 0.87866021221160884 1.6172436935672763 0.071810949163436888
v 0.60366588438367841 2.3240036956672672 0.28022728582572937
v 0.72249009811592102 1.9481469999179841 0.22442502227783201
v 0.80556031978225717 1.7248667643775941 0.22206838823127745
v 0.8655890546188354 1.6222925414028166 0.20479505898284911
v 0.56870672358989727 2.3371266245145796 0.37160041176986697
v 0.68094717611312872 1.8518887049212456 0.33181837794876101
v 0.80430719614410395 1.626252120326996 0.34814788139057162
v 0.8466168197479248 1.6220656638221742 0.28259499077224726
v 0.60626343432044982 1.8301745188350675 0.43915840595817568
v 0.66831510110092163 1.7399451060371398 0.41317647212982178
v 0.62929473094177246 1.7103026986160277 0.48152636570358276
v 0.70574075589752205 1.62038975566864 0.47931198901367189
v 0.45206371605682377 2.3593589139003752 0.51487041263389588
v 0.50756928682708746 2.0901540610218046 0.50003102937316901
v 0.7200032281684875 1.5100156283340453 0.56660169837379448
v 0.4131684208250046 2.3730751392030713 0.56738471792507172
v 0.32963216020488739 2.3633939841499325 0.6456848169031143
v 0.45294410931110385 1.9714979562559127 0.57214634781837459
v 0.51970728802108768 1.6284143694801332 0.63270126773834223
v 0.57385446514129645 1.6278407909851071 0.59443030468750002
v 0.58425372967529299 1.5078238382835389 0.6653685311279296
v 0.56152839181900027 1.4688433426132201 0.70572307654953004
v 0.2427848461380005 2.3701706339054107 0.67526743330955508
v 0.24241721737670896 1.8814948636016844 0.66315523582839964
v 0.30658127270507818 2.0115786829795841 0.6473561766357423
v 0.38961567805862429 1.6173636485748291 0.70664210976028441
v 0.43079966635131839 1.496618916290283 0.75999136599731443
v 0.34928349737358094 1.4919590257472992 0.79865704349327094
v 0.31158657165908821 1.6329771261901853 0.7257732072029115
v 0.16359706440353394 2.3953104405155186 0.6932743589630127
v 0.16790322800598145 1.8514975414520265 0.68581053276100157
v 0.21815298562240601 2.0110779166641235 0.66794026716995236
v 0.14928478623962399 2.0039244065113069 0.68819222558593751
v 0.26811935905456541 1.7519202824554445 0.68495451634216309
v 0.35010386447906494 1.386272030982971 -0.99994604578781121
v 0.26894713547706606 1.4025926640338897 -1.0338475648689269
v 0.69042561132049551 1.3700469620285032 -0.76370909389495845
v 0.88210853994235994 1.4116192839216233 -0.50546631283836363
v 0.95545956069946292 1.3379205240783691 -0.40344598910903928
v 1.0037095354480743 1.4197041828308103 0.0067134824867248555
v 0.93271782330322262 1.4341838885116576 0.356091416847229
v 0.20978081082543731 1.1854907515200972 1.0502020761336088
v -0.12538801412582395 1.1396335116958618 1.0595905112800597
v -0.51538207423019411 1.1217099864311217 0.92534787127685547
v -0.44103189156025646 1.1337821143641471 0.96973155041211845
v -0.82448062418746937 1.1559268996505736 0.68653046026039122
v -1.0131362541228375 1.1467767034217193 0.34399122093130924
v -0.53916391181373602 1.1399204456672667 -0.91883704339218153
v 0.98896285935521133 1.1366910965476036 -0.39596205346465108
v 0.94251741342926021 1.0469452669906616 0.36520327748489373
v 0.6695356937146868 0.93288440030561182 0.65934592391858793
v 0.84747201541137684 0.99045309072875987 0.47881100131225585
v 0.79631063315963746 0.89073437459945681 0.46597506260299681
v 0.90974316901969909 1.0484133345184325 0.4448156182117462
v 0.88998488068389903 1.0724547561569213 0.51591329973602296
v 0.88444610293470105 1.1120034277436393 0.56956880922099518
v 0.60380491162109373 1.1349256562194823 0.87781401922607416
v 0.60694615883254999 1.0791925169029235 0.8384013311843872
v 0.37529332695770268 1.0866693598262243 0.96962813276345394
v 0.21114879683685306 1.0310662815551759 0.97867287248992907
v 0.30689270127868651 1.0771521121063232 0.98685773204803473
v 0.43644610375976561 1.0482952162628174 0.91551107135009768
v 0.32946490607070922 0.95857854851150504 0.89441092664718624
v 0.47895300674002511 0.95301989371599471 0.81927993196596405
v -0.19719692408275608 1.1053321057720185 1.0321690879354477
v -0.36336660800606857 1.1146318127441406 0.99172539153180805
v -0.49890989720916745 1.0533942922439576 0.88740697484970088
v -0.30429190067481993 1.0461872887153625 0.96547190762138368
v -0.23735793669128419 1.0479484065093994 0.98541192190551752
v -0.31390726779937739 0.93821095915985109 0.88708131098175047
v -0.32367086502075193 0.99259968286132816 0.9193275637512206
v -0.20206043215942382 0.9961034512634277 0.95523599792480463
v -0.70335872909164432 1.063283857684544 0.74315846882629399
v -0.81646127846527095 1.1007873340530396 0.65355561054229727
v -0.8156275327835083 1.056618833633423 0.60609400692749027
v -0.8680231922607422 0.98981371157836895 0.43521986856079098
v -0.80896098562240604 0.90902287847518926 0.45708801684951783
v -0.73693525010299687 0.97356285108457297 0.61635771827316277
v -1.02255634690094 1.1014103492546079 0.21461821957778932
v -1.0049951004382545 1.0508944969166347 0.10942548376573835
v -0.96534648253304611 0.9849716491121564 0.039912939579554961
v -0.9647640680007934 1.0193922133636475 -0.22403395027160644
v -0.95265542795562741 0.9856462815628052 -0.17292480707550048
v -0.97617443366241452 1.0639397923583984 -0.29490725837707521
v -0.9370122958679199 1.0012837595520021 -0.27877762261962891
v -0.98437809253692632 1.0998770903396606 -0.34508370862579346
v -0.93552964314651499 1.0764900647315978 -0.42759852070236204
v -0.8846531594805036 1.0358260362679617 -0.47027546185520713
v -0.78005843489946636 0.9795620001569475 -0.56668739956229075
v -0.76450881820678707 1.0671859937896726 -0.68732516455841064
v -0.77382308035278313 1.0330123995094298 -0.63786714110946652
v -0.71385462128448474 1.0393096147689818 -0.71282480907440193
v -0.60653116290283204 1.0110008295059205 -0.7809335038833618
v -0.61351218572235111 0.96757868806457514 -0.73552098235321051
v -0.52558118776226048 1.0548808140935897 -0.87110692892837527
v -0.48018623113250725 1.1274028345870972 -0.94573742893981927
v -0.39176112783050543 1.0669845309600832 -0.94960048757934568
v -0.26063840313175746 1.0257127033745901 -0.96326972393035892
v -0.1445095862121582 1.068201700782776 -1.0196054329681399
v -0.004197646270751954 0.98385724545288089 -0.96899346144103993
v 0.060306239646911612 0.97919794305419916 -0.96350763835144038
v 0.2696973532774789 1.0376292487449645 -0.96797550465229576
v 0.2245385224974496 0.95929326196289066 -0.92297880070332106
v 0.204261040725708 1.0910080721969606 -1.0233032259902952
v 0.30396465980529785 1.1166151892833709 -1.012444682398796
v 0.42526941355105807 1.0112621666088104 -0.88688101038333345
v 0.51888255354309076 1.0917322615966798 -0.90273419776916497
v 0.54426848369789127 1.0295892303066254 -0.83626281468963626
v 0.6088433921508789 1.0719655145874023 -0.82830382540893566
v 0.6023196283187866 1.0158055579910279 -0.78509467292022705
v 0.61016774827575682 0.94562226304626473 -0.71968870531845086
v 0.71498270592498792 1.0735972020034792 -0.74141117926025391
v 0.7875451560058595 1.0571978616333009 -0.64746633306884771
v 0.73641867304992692 1.0356514654388429 -0.68263912341308597
v 0.80913661718314034 0.98068473433685299 -0.52398305645751964
v 0.94277057695770261 1.115367914428711 -0.4756600771331787
v 0.98112556619644176 1.0754013814544678 -0.30918215788650505
v 0.96288047822897771 0.98827283041708824 0.10903042038290842
v 0.94726717276000982 1.0029609640197754 -0.25009819944763179
v 0.97281895797729501 0.99530493715667723 -0.05309740280151367
v 0.94421417752075198 0.97345814321899415 -0.17790818980407713
v 1.014653198310852 1.0573728349761964 -0.06662104584121703
v 1.0274613109741209 1.0867953135375976 -0.13039214694213866
v 1.0121658358808245 1.061486130695888 0.12547871078927175
v -0.017451059020996099 0.87433024203491216 0.91959707803344726
v 0.26503620956802365 0.90468495959854123 0.88811157946395869
v 0.36236731138610839 0.87714029859542841 0.84422441084671018
v 0.30213787993621832 0.82055193102264401 0.85814952958679203
v 0.26642941290664668 0.75730985819244379 0.87179874209213248
v 0.49495591967773428 0.88955668751525874 0.78005960143280029
v -0.3840381323661804 0.94225742941665658 0.86245304388046262
v -0.26460850164031979 0.87713902744293226 0.87979591531753543
v -0.30353401956558229 0.74752661090087891 0.86075354681396488
v -0.31912305537414554 0.82872737887573245 0.85218014964294442
v -0.081546670616967354 0.90365563619422917 0.92505957412174777
v -0.8871733695373536 0.90864925824737552 0.27198078038024903
v -0.64538284411621094 0.88774404496383663 0.66048771842193599
v -0.78283830326843273 0.81125391975402827 0.46322639318847653
v -0.63828753884124745 0.82624444384765627 0.65043237403869636
v -0.80418821225738535 0.75835502134323118 0.42890923190307617
v -0.68989722042465207 0.77385472518539422 0.59357972111511237
v -0.91377747032546996 0.90455567489624022 -0.14886339598464968
v -0.83990917210388183 0.88051160094833381 -0.37381383972930904
v -0.8384131526489258 0.81870900553894044 -0.3510324744415283
v -0.89603898242187507 0.84127237103271479 -0.16630960686492924
v -0.89048621549987794 0.78007615172576905 -0.18304854726409914
v -0.85298380427169795 0.73165629753112804 -0.33300859323120119
v -0.60431684375381467 0.90433935523605347 -0.7013165987319947
v -0.40385836796188362 0.85767699074554438 -0.82001480191802978
v -0.41506443501281742 0.78535750996398934 -0.80816301666259771
v -0.57685926905059826 0.84206706608581539 -0.70529165977478026
v -0.60197078667068482 0.78308940412139894 -0.68048695149993899
v 0.25732898729515075 0.87704868558692939 -0.8809322703151703
v 0.016945730209350588 0.91697359893798835 -0.92914336956787102
v -0.015925285926818848 0.8650345230331421 -0.91481530788421628
v -0.01015598051834106 0.78633802563476562 -0.9078805691375732
v 0.7503745081233979 0.83950181377601618 -0.51698126412773138
v 0.57839525624084465 0.85911153753662117 -0.70604167880249014
v 0.75781957071358808 0.93487422467041004 -0.5530893912658692
v 0.57359167806243894 0.79360757519531244 -0.70404104734802253
v 0.90872260488891599 0.82472323418426519 0.037433908233642586
v 0.90693303959655758 0.88036926628112799 -0.1456372163696289
v 0.92055928268432619 0.88646623227691645 0.024038538276672371
v 0.91383508860778817 0.93136810372924805 -0.20638940901184083
v 0.84669253503417963 0.84879463104248043 -0.34548363345336919
v 0.89866351251220711 0.81678178240966792 -0.14054642097473147
v 0.90630236337280279 0.7225875766983032 -0.13061471612930298
v 0.78181439232254024 0.94177290165710459 0.52847967740631097
v 0.88750482410485398 0.91288448971802838 0.28348331299454826
v 0.78260710650634768 0.82055188162231452 0.4633463076782226
v 0.76402626971817011 0.75730986083984375 0.49675524164581297
v 0.26473721729278565 0.68809575101852416 0.88692514800643929
v 0.52305426584625248 0.72051304603958133 0.75409720632171628
v 0.30328629051971434 0.63211490080261235 0.89833839805603033
v 0.47432178485870358 0.64737996994781499 0.8126851528396607
v 0.33401810259246822 0.5763677428588867 0.92233487355804444
v 0.51317006831359868 0.5893187127304077 0.82621279493713373
v -0.53850698181152334 0.73749882677078249 0.73978125605392453
v -0.37986430532646176 0.68342853363990774 0.84672395996856697
v -0.08523170849227904 0.72105895368194584 0.91389810349273681
v -0.3446508717803955 0.63211478196716309 0.88327121983337398
v -0.15857317066192628 0.64737995390319825 0.92759665292358395
v -0.3365335344467163 0.57636780985260017 0.92140747318649296
v -0.13750852587127688 0.5893187127304077 0.9629302213287354
v -0.88759393263244624 0.73751282057189937 0.22071237731552124
v -0.90003456893920908 0.75813396850585946 0.13868935552978517
v -0.83679378869628906 0.65543798508834838 0.42100169058799741
v -0.85834680313110356 0.58445834350585946 0.4640498070220947
v -0.68614175666809074 0.69655568800353995 0.6166872958984374
v -0.84890894214820867 0.66548393023872376 -0.39068803194427487
v -0.88942959783935538 0.61290972706604008 -0.35845675000762944
v -0.90026470359802246 0.70776658587646479 -0.18502647314453124
v -0.92094935559463509 0.6581420360641479 -0.16076069987106323
v -0.9389310268058777 0.60078718718338009 -0.22340169657897946
v -0.93364954082107543 0.65877689019393926 0.077867906845092774
v -0.40934875392150877 0.6937755463905334 -0.82941889457321172
v -0.43057356827926635 0.59550151661300665 -0.86763995333099375
v -0.57180555972099312 0.70584833284950255 -0.71929577947616585
v -0.47538167080688476 0.67597561262130734 -0.79874632026290893
v -0.59169478636169437 0.63147432231903078 -0.73908530113983162
v -0.65583986007118233 0.55571847335433966 -0.7465354312953949
v -0.020676105857849118 0.72098878101348873 -0.91385034188842762
v -0.0066598906631469687 0.66365241576385503 -0.93104907307434082
v -0.19404688171386719 0.65632749763488774 -0.91510970167541505
v 0.012963826084136966 0.58565466747283934 -0.97214187071990965
v 0.57234588713836676 0.7210705291366577 -0.71346329938507091
v 0.71131642448425292 0.68766018804168705 -0.5923721252746581
v 0.59429151406860348 0.66369990557861325 -0.7178076923828125
v 0.79223506307983405 0.68022336490631097 -0.48504734725952148
v 0.7523765341262818 0.65659814105224612 -0.56058215463256833
v 0.41740401449012754 0.65664640440177913 -0.83763177600479133
v 0.63588066422271727 0.58568489756393427 -0.73658657352828971
v 0.92159959117126466 0.69326851002502443 0.078100285831451427
v 0.8718411572875977 0.62581112396240235 -0.38157782290649411
v 0.87729180170822141 0.66259693158721933 -0.31930501376724241
v 0.92948828571319575 0.64605909565734865 -0.14314003723144531
v 0.9607337496490479 0.58333408734130854 -0.16829551461791992
v 0.63432418248367306 0.73749853145217892 0.65940004332733149
v 0.77245288495254516 0.68809573528671264 0.50943077623367317
v 0.89757939279174803 0.6704366012115478 0.25364829559326174
v 0.80931977680969247 0.63211474689483649 0.49339531421661376
v 0.84828592923736579 0.57636738093185436 0.49202319153213503
v 0.93594188246917742 0.59306671008300782 0.25443711988830564
v 0.067921099563598639 0.53927940561676024 1.0069430648269653
v 0.24260814315032958 0.58731261487960817 0.94427196171188355
v 0.28553571446228032 0.52521131850433345 0.97724589031982423
v 0.5633395754852295 0.51824925585937509 0.8534398872833252
v 0.33047852115631104 0.47197770862579347 1.0128002928390503
v 0.57935665024348659 0.46926761832863945 0.89782106458500455
v 0.65242458421979621 0.41193363735226218 0.93259207952608392
v -0.59478191676330572 0.53930965865325931 0.815221078742981
v -0.42065893079376221 0.58731300939178466 0.87945539278030394
v -0.40896944627761833 0.52521136709594729 0.93230789945602421
v -0.1165776609954834 0.51824925585937498 1.0160357225646972
v -0.38755512926101687 0.4596692966613769 1.0069681161003115
v -0.1328356689431327 0.46926761812591555 1.0603295139476232
v -0.11460386662074498 0.42416241616821293 1.1162099127284459
v -0.97918374730682367 0.53930956674194341 0.24233273625183108
v -0.89623801851654061 0.50807085083770753 0.51176239975738524
v -1.036744706045968 0.44503873465783256 0.35711579802404131
v -0.7137073122444153 0.5269970038528442 0.72323235853576662
v -0.94730645502471922 0.50074004259490956 -0.43203267932891842
v -1.0045465123846871 0.44727364546258108 -0.4342320306674412
v -0.98222039894866953 0.5558855182456971 -0.15082286388778685
v -0.92655703265380851 0.55328873240661625 -0.37124856111907956
v -1.0652221401062012 0.47137589518737788 -0.0204635890045166
v -1.0186529746475219 0.50093245962142952 -0.19143397362899778
v -1.0587753747558595 0.45899965425109862 -0.20643016133117675
v -0.47302192768914358 0.48240880925205776 -0.94536544064113071
v -0.61562185736846919 0.5411236907806396 -0.79469061662292484
v -0.42804451446914671 0.52843017351531985 -0.92149618839645386
v -0.84903574902343748 0.49775538728332525 -0.60201454291534429
v -0.77035960974121098 0.44933870904922485 -0.77079745135116573
v -0.5428290527997699 0.44635441095951622 -0.9494614759232658
v 0.0058579672698974563 0.50581829943084722 -1.0309390138244627
v 0.25046004095840457 0.5248835462493896 -0.98650490473556518
v 0.24429882593427388 0.47797642000688823 -1.0312283180618285
v -0.24536848994445803 0.4930720260162354 -1.0139787049865721
v 0.19803187204633441 0.43819928259386337 -1.0847052111816406
v 0.67875650016784661 0.53642505251693728 -0.74416248887252801
v 0.85825078967285173 0.5128777620620727 -0.56802152539825435
v 0.50991566812460776 0.46650518048531664 -0.93979067653656001
v 0.70494449528503422 0.47047277591705317 -0.79862353059387203
v 1.0105324459037779 0.51119930691146853 -0.18858183278274537
v 1.0078901855468749 0.53401765386962896 0.095693948226928727
v 0.99632950393240782 0.46650455122702461 -0.39203308676583426
v 0.69882911626434319 0.53927940001678476 0.72788137371063233
v 0.79236306442642213 0.58731246441650387 0.56758561608123781
v 0.84644239256668097 0.52521116020584113 0.56525122869110112
v 0.96763922026062021 0.54229000548553463 0.26577625627136225
v 0.90372634410858144 0.47197746463012696 0.56359576148986823
v 1.0115313558731081 0.48955171321868896 0.27449907967376708
v 1.026145266324997 0.45169352506446836 0.35974523159790039
v 1.0690108875895912 0.43542308237402783 0.29030893128858293
v 1.1189178090362548 0.39970118792724607 0.28313210032653813
v 1.0834005715789794 0.38476426733398439 0.44769000062942504
v 1.1404120175790786 0.35572092520046233 0.40571716458129881
v 1.0069721843338013 0.38915079726028445 0.58588453586959843
v 0.92331615713119519 0.37229787074661252 0.7491682358703613
v 1.0407361895599365 0.32796783084869385 0.67930133552551264
v 0.80927164092063897 0.38488175949192049 0.85049455441284183
v 0.54261202003860465 0.38476434149932864 1.0395058897171021
v 0.71251579334640502 0.36901831690025333 0.95899308800697325
v 0.60267203200721731 0.34475271365737914 1.065910348548889
v 0.72590223337268833 0.32240099614715578 1.0166053016443253
v 0.21567857650566102 0.39757495677948002 1.1356738389358523
v 0.091236665908813463 0.43427722686767578 1.1066853888549806
v 0.53761955185372479 0.44481635319028584 0.95526039553778508
v 0.062202910736083986 0.38597336563777929 1.1710416538810728
v 0.19703138075256349 0.36399086709976197 1.1843575714416503
v -0.067419831493377685 0.38823794493579866 1.1677684153718948
v -0.25205737985610965 0.38476430419158936 1.1452473474006655
v -0.22302061633491516 0.34475265468406679 1.2040804822273254
v -0.071950495261287689 0.30878264465980532 1.2605887057587624
v -0.56431851092529306 0.39757409751510631 1.0087668800849916
v -0.66380983391680037 0.43158754982648573 0.89374728989955354
v -0.47522264236450196 0.37887918534851073 1.0789038130569457
v -0.49941487439727789 0.41086873266601565 1.0228871635665895
v -0.34494107402420038 0.42152193479919431 1.0706888404922483
v -0.2017297104688372 0.44481635316085816 1.0775024066292898
v -0.60989345409774787 0.36398377393341064 1.0340691821975709
v -0.65438481902408596 0.31475818133544919 1.0724353015127182
v -1.0802580054893491 0.39757634742736819 0.41018077023315436
v -1.0825397924445017 0.43158980868421282 0.25811945178440643
v -1.059882496433258 0.38409962769317629 0.50069611536407477
v -1.0322051497192382 0.42072948031616209 0.44859498620605476
v -0.94984032464981072 0.4211023802871704 0.60318255325698855
v -0.87219652764892575 0.41309862796783453 0.72709798535919201
v -1.1314328735160828 0.36398365394592291 0.40026632209777835
v -1.1901767340850831 0.31475804308605193 0.40105787353610994
v -1.1490731567649841 0.3998064061088562 -0.077152684329986565
v -1.1406043506774901 0.38348503363800046 -0.26897997274780272
v -1.1029606071662903 0.39713093207883832 -0.34290443018817901
v -1.1116729844436644 0.42437765701103214 -0.14042541995811461
v -1.0720192313121797 0.35680530567359925 -0.55772958522224436
v -1.1109866781074524 0.30920874424552919 -0.59694698381233224
v -1.1337028387641905 0.35059939309501653 -0.43904683206367495
v -0.96163723822402958 0.31302276067733764 -0.8108427034912109
v -0.77299980636596688 0.39690545779418945 -0.85732835157775877
v -0.66291972139549249 0.40309309613800048 -0.9355823535060882
v -0.59680801267051697 0.40797348243236542 -0.97221358285236359
v -0.72574746807098389 0.43588481853103633 -0.83411525715255741
v -0.46225721883087156 0.3568195659637452 -1.1161801623874665
v -0.46689547993602759 0.3092099271717072 -1.1712611769397738
v -0.58579612864494313 0.35061205117607119 -1.0649098081626893
v -0.13709276840209961 0.3533521140155792 -1.2035764450416564
v -0.10885468490982056 0.41623375219345093 -1.1242927037582398
v 0.066386905448913569 0.38800462670898439 -1.1633529033508299
v 0.12292799402141572 0.4092865720357895 -1.1314906398868561
v 0.16966789601135254 0.38492178696441648 -1.1579661279830931
v 0.24528173948192594 0.32348661086225511 -1.222468031056881
v 0.60853174490737916 0.37847855368614203 -1.0099484919204711
v 0.64384419927406311 0.29630238083457949 -1.0943254556884767
v 0.66601406011199948 0.39640584322357175 -0.94302703411865241
v 0.82246819614696509 0.40937862486171722 -0.78744112381839759
v 0.87534191123962413 0.38494785789489749 -0.77774048518753047
v 0.66828024227905281 0.44318878181457516 -0.86854595538330082
v 0.83675317057800291 0.43787423974609374 -0.71990259346771235
v 0.97422544196271899 0.3235037047634125 -0.77865179716253285
v 1.0653366446380614 0.33490781272888182 -0.62531031429290762
v 1.1203277493076325 0.37310904891014096 -0.39258803760337835
v 1.060601855026245 0.42572256755065918 -0.35540229076385499
v 1.0714895532684325 0.44329120817565915 -0.23553863357543942
v 1.117448035079956 0.39653817862701413 -0.29404788500976564
v 1.1369641744632721 0.40953890787410735 -0.074342258679389941
v 1.1655646108322144 0.37808079840087888 -0.17591629806518555
v 1.2472691932072641 0.32349741667604442 0.02989361642885208
v 0.96384821854495994 0.27727441969776156 0.848823449710846
v 0.62811686766719821 0.25992054732131964 1.1277479333114622
v 0.19319675718307494 0.27727448783206943 1.2699413337488175
v -0.24327718768215181 0.25992043743991849 1.2678054733276367
v -0.63040264033317572 0.26134755113220215 1.1262973397636413
v -0.96234494989585873 0.31144624338531501 0.81251876678657542
v -1.0018427555675506 0.23603260747909546 0.81783221113204951
v -0.84263298732528691 0.31830461394386289 0.92610562957267761
v -1.2064271664505004 0.26134754885101319 0.45773396160507207
v -1.2590182444038391 0.31144608372497562 0.003997503387451173
v -1.292690509174347 0.2360327121105194 -0.017321279878616334
v -1.2403247374378203 0.3183046129520416 0.16795945820121766
v -1.2057505424051285 0.2808101776123047 -0.43426972325038909
v -0.87501445492458352 0.29164015954208372 -0.92441228780555718
v -0.96501061257743836 0.26323879715251924 -0.85320159469032286
v -0.075639963444709774 0.29164157711029054 -1.2704348616952896
v 0.39987858614158628 0.29575324494819644 -1.2077763420772554
v 0.26033295449447635 0.27222106432724003 -1.259722318611145
v 0.7501374589195251 0.29137566541671756 -1.0310109780693053
v 1.0831313248058319 0.29575526630477905 -0.66802011845474241
v 1.0097543486323357 0.24728564374113082 -0.80203765392446524
v 1.2378287870025635 0.29137755216979982 -0.30746869511413577
v 1.2895161424250603 0.24728389670610429 0.034816374197959896
v 1.2020536332120897 0.2722182239370346 0.45278359805464752
v 1.2459468560857774 0.27630442192459104 0.3077148818721771
v 0.96373542196464546 0.21328033209991454 0.85676473198509218
v 0.60140725377655024 0.18553521974563597 1.1272329731388091
v 0.18800565475273134 0.21328013873481749 1.2759523894577025
v -0.98151981806850441 0.172029688542366 0.81237898461532587
v -1.2736153089323043 0.17202994053173065 -0.0084348468818664524
v -1.2112716239662171 0.20673458872795103 -0.43041169309997551
v -0.99068698640346531 0.20802635583782197 -0.81828027803897863
v -0.65076446385574349 0.206734732840538 -1.1081482803659439
v -0.23247013838481903 0.20802651565408706 -1.2634847031245231
v 0.38734521350288392 0.23648679442024229 -1.2342311102561951
v 0.34977404959583286 0.17750638953018189 -1.222952614136696
v 0.21228825610923768 0.20930179332256316 -1.2689614188117981
v 0.79172400763416295 0.22969098025798798 -1.0227961474046707
v 1.090532172454834 0.23648696777915951 -0.69634039790916447
v 1.0545011703948974 0.17750629436302184 -0.71185031226253503
v 1.2643966433639526 0.22969099810886381 -0.27444139051532745
v 1.2824070932660103 0.12860938224041463 0.023701553160190583
v 1.1848247232513427 0.18553510818862914 0.47710970512962336
v 0.97521781967735288 0.14977622032165527 0.8173570269966125
v 0.63311997916221618 0.11546427422523498 1.1216239901695251
v 0.22213235272789 0.14977621605873109 1.2531460625228883
v -0.23550930154609678 0.11546460161590576 1.2663338036003111
v -1.1153164595527647 0.16336047021102906 -0.59945091054153443
v -1.2013206464366912 0.13120719877815246 -0.43294183311080936
v -0.98055387397003169 0.13120749354934691 -0.81767070022010802
v -0.46860290861892695 0.16336047021102906 -1.1759624817562102
v -0.64151603784561151 0.13120749354934691 -1.1036912798366547
v -0.22510007807540894 0.13120759702682494 -1.2565060962333678
v 0.19444484365177156 0.13377303398036955 -1.2599185343093873
v 0.67357598111486439 0.11420301211738587 -1.0968517924036978
v 1.2214903460965156 0.11420284264612197 -0.4071154186291695
v 1.2055125930118562 0.11546445336341858 0.4524288593101502
v 0.98602722574615476 0.097872265193939212 0.8460993957138061
v 0.21193785365676879 0.097872265193939212 1.2821125728302003
v -0.68058864200878144 0.084255508844375618 1.1096922641859055
v -1.0188367691879274 0.084255161029815673 0.81003025246238713
v -1.234196834312439 0.084255151929855332 0.41275447439670565
v -1.3006925466861725 0.084255731990814209 -0.034220865686416621
v -1.1494805097999572 0.11767405190086365 -0.57719731247329709
v -0.88250176368713384 0.11767405190086365 -0.9354958552360535
v -0.50907885178184509 0.11767405190086365 -1.1808748915748595
v -0.074250953081130971 0.11767422981452942 -1.2837401631355285
v 0.40562697841262818 0.11271211852455139 -1.2232974884433747
v 0.22501860158348083 0.085114612323760983 -1.2790409240245819
v 0.79979890954399102 0.11271211254310609 -1.0107514734802245
v 1.0975057698860169 0.11271219718933106 -0.67621103783988956
v 1.2628395748481749 0.11271197769927979 -0.26002478608131407
v 1.0024799686889649 0.023612558479309084 0.82144429980850209
v 0.94962763912963877 -2.6514791488648978e-05 0.84770145429420474
v 1.0049725686798097 -0.0056406824455261222 0.76358606485366809
v 0.53107920353698734 0.07667182317352296 1.1942709931716919
v 0.66131562155342105 0.023612596632003782 1.1148100128993987
v 0.60267031982231145 -2.6263101577758685e-05 1.1214072951030731
v 0.68344658139801029 -0.00564091222000122 1.0612935535354615
v 0.2403895264530182 0.023612417125701904 1.2738010071773529
v 0.18302439620780944 -2.6696701049805545e-05 1.259943151529312
v 0.27948964156723022 -0.0056411264724731437 1.2310808788490295
v -0.20953022379875183 0.023612576366424561 1.2792386519203187
v -0.35245944053344724 -0.017476196954345703 1.1964908411743163
v -0.15817704235839841 -0.0056411167755126947 1.2524682660636901
v -0.61084206155014031 0.009046792690277099 1.1278804629096986
v -0.62132090528869632 -0.019465597244262695 1.0613676229476927
v -0.95951617350387575 0.0090463383064269993 0.8509760795288086
v -0.94661453224182113 -0.019466065223693846 0.78489103431701657
v -1.1924582538452149 0.0090463372230529786 0.47151944352722169
v -1.1577322773437499 -0.019466088294982906 0.41383254541015624
v -1.2815703294944765 0.0090464262847900403 0.03527629196548461
v -1.2292083268661498 -0.019466042289733882 -0.0070548956985473669
v -1.227120891143799 0.041050898815155029 -0.43632084118270875
v -1.1935402298400879 -0.026443758569335937 -0.27826048801879877
v -1.1388507750854491 -0.029410204711914061 -0.38837763177490237
v -1.1767890565994263 0.0010293352539062495 -0.50113827438964842
v -1.0036416924095155 0.041050850315093992 -0.82967004626083374
v -1.0392407397781371 -0.031802187669372553 -0.62903375050048826
v -0.93709282641601555 -0.029410193725585936 -0.75442754101562493
v -0.93417731552124017 0.0010293638885498042 -0.87336356248474134
v -0.65910717515182493 0.041050888061523433 -1.1228628332595825
v -0.76118098675537094 -0.031801784735107419 -0.94650139764404295
v -0.6223059403076171 -0.02940975842285156 -1.0293968457031248
v -0.5788879684387207 0.0010294135055541988 -1.1401635059112547
v -0.23507299396514894 0.041049695705413815 -1.28053849533844
v -0.39131054141540528 -0.031802082901000978 -1.1497232948883056
v -0.23245570648193359 -0.029424162475585935 -1.1801236649780276
v -0.15376645409851075 0.00099664764633178565 -1.2693620062332154
v 0.36725868903770442 0.041355939013671877 -1.249449745149994
v 0.36258066086730956 -0.02587746065063477 -1.1764540019775391
v 0.77268871118965154 0.041356168785858155 -1.0484486967254638
v 0.54526485842285155 0.023646300366210939 -1.1771829769531248
v 0.64015366891479486 -0.023680567199707032 -1.0608829257202146
v 1.0849227480621337 0.041355938882446291 -0.72090636909828198
v 0.91524268114624019 0.023646153102111815 -0.91965845237960819
v 0.96463261254882826 -0.023680436553955079 -0.77791943048095702
v 1.2663026081119537 0.04135592714653015 -0.30632856199378966
v 1.1748319815254211 0.023646151232147215 -0.55112795391693115
v 1.1727662091369628 -0.023680538543701172 -0.40104476797485356
v 1.2007479579681395 -0.025877417306518557 -0.27388194100646968
v 1.2880163907302855 0.01299362622375488 0.12976331351394654
v 1.2927220294021606 0.023646229841613766 -0.11603788137893677
v 1.20902785307312 -0.03787789245605469 -0.014407736495971681
v 1.2297206235626221 -0.024317155801391606 0.11761881209411622
v 1.1740417954216003 0.076671835723876952 0.57367085117340078
v 1.2227311255054474 0.023610724685668945 0.42908524794578551
v 1.1820478506736753 -2.8216287612916301e-05 0.47183554994010923
v 1.2052855104293825 -0.0056705338783264152 0.37385734262466436
v 0.76849835305786141 -0.067576229370117188 0.79761577134399408
v 0.74404166814422601 -0.053291921134948725 0.89332185096588135
v 0.49611733276367187 -0.10531792578125 0.44157077087402352
v 0.63191253234863287 -0.10759208813476563 0.64922124670410164
v 0.41237002778625487 -0.11177017614746093 0.52879890611267089
v 0.81303731066894536 -0.062041264801025384 0.73531644052124023
v 0.86254334597778337 -0.062732603332519538 0.67721017221069335
v 0.56811891279602045 -0.11177311451721189 0.35591838368225098
v 0.69052285589599616 -0.10597831872558593 0.52793662286376952
v 0.92051158376464848 -0.067294791809082044 0.62313086762084957
v 1.0044638583999634 -0.053292183128356929 0.58501982169952393
v 0.44959545460205075 -0.067575905126953134 1.0123927364624024
v 0.39388048778381346 -0.053291792750549308 1.0939628027557373
v 0.3154155924072265 -0.10531758142089842 0.58466002008056639
v 0.37200085839843755 -0.10759195019531249 0.82623242553710941
v 0.20688535504150393 -0.11177038018798828 0.63798491403198232
v 0.51275561822509763 -0.062041065490722656 0.96908352432250977
v 0.5791492581481934 -0.062732666015624994 0.93141333193969733
v 0.46855764068603512 -0.10597800756835937 0.73230765106201168
v 0.65211760501098626 -0.067294765563964826 0.90042137921752929
v 0.076465921160888656 -0.067576693444824226 1.1051487793029784
v -0.0037876217102050759 -0.053292245953369136 1.1627442875854492
v 0.096671787414550792 -0.10531828112792969 0.65731771533203132
v 0.067221420776367183 -0.10759286914062501 0.90367588195800774
v -0.0038245555725097639 -0.11475738342285155 0.69201158767700199
v 0.15062990121459963 -0.062041830017089843 1.0860528805541994
v 0.22590386386108399 -0.06273310903930665 1.0733617084045413
v 0.19008004083251956 -0.10597851971435548 0.84843866766357423
v 0.30507192111816406 -0.067294878833007804 1.0691947651428224
v -0.30585012047119137 -0.067565742742919904 1.0647096516845704
v -0.38632740544433586 -0.063417918112182614 1.066423520703125
v -0.20574042155456546 -0.11020651097106934 0.62957704927062985
v -0.24285450402832032 -0.11460718786621094 0.81192587280273432
v -0.30245445690917971 -0.11507451947021485 0.6890204213867186
v -0.22966084957885741 -0.062037614746093754 1.0721134968261719
v -0.15458785989379883 -0.062732737518310544 1.0859329694824216
v -0.10915318432617187 -0.10378608593750002 0.63944069500732426
v -0.11132300189208982 -0.10597788092041016 0.86232185449218757
v -0.078769267126464843 -0.06729521610717773 1.1090951280395509
v -0.46498088130187987 -0.060723481964111314 1.0294294519500733
v -0.57326063711547848 -0.075515382751464841 0.88043253897094731
v -0.50667516934204104 -0.073000169494628897 0.91850896243286129
v -0.34565593432617187 -0.11460228430175781 0.77372876403808588
v -0.26614910876464842 -0.10718192321777344 0.58669624572753909
v -0.47819214166259766 -0.10598164196777343 0.72603355010986337
v -0.4193065780029297 -0.11177020780944824 0.52328331590270993
v -0.33431583416748045 -0.10378550738525391 0.55579158068847656
v -0.23290504644775389 -0.081783470397949226 0.37890662438964845
v -0.17424380613199869 -0.054203136057535808 0.160613099416097
v -0.78053968914794924 -0.067454282989501957 0.78183852120971686
v -0.83956974276733387 -0.075515833099365229 0.63130604705810545
v -0.7900204660644532 -0.073004293609619145 0.68986034072875979
v -0.64041994628906251 -0.1075846075439453 0.64077649377441404
v -0.50188881665039065 -0.10531731292724608 0.43495099340820309
v -0.69742698870849607 -0.10598258026123047 0.51873404919433597
v -0.57274884005737303 -0.11177044773864747 0.34835146441650389
v -0.34816042297363287 -0.081785042419433601 0.27646185083007813
v -0.26957656595865886 -0.0610193164469401 0.11994989485677084
v -1.00062866595459 -0.067454283233642581 0.46776518591308602
v -1.0046138222351075 -0.075516046447753893 0.30612149237060549
v -0.97807933929443347 -0.07300433966064454 0.37809137191772463
v -0.82071296020507822 -0.10758462292480467 0.38313413769531246
v -0.62013981127929696 -0.1053175723876953 0.23710179986572266
v -0.83254131854248048 -0.10598293151855469 0.24895415612792965
v -0.6571080427703857 -0.11177106910705566 0.13148930863952635
v -0.42147591448974608 -0.08178547515869139 0.14074879705810545
v -0.29410091422526047 -0.061019636759440096 0.020552923543294271
v -1.1000256191101077 -0.067454566925048823 0.097358100494384772
v -1.0484846044006346 -0.07551592050170898 -0.055900840179443356
v -1.0481657995910645 -0.073004438140869127 0.020804367004394531
v -0.90201469055175776 -0.1075850714111328 0.079365637573242193
v -0.66359131927490245 -0.10531786358642578 0.010739940368652341
v -0.86723707891845703 -0.10598286346435545 -0.050768295837402347
v -0.67984780563354485 -0.11475758172607423 -0.12458027438354492
v -0.4439533811645508 -0.081785760498046881 -0.011855288513183597
v -0.28315028251139318 -0.061019684855143225 -0.081237705851236991
v -1.066771615081787 -0.067511714050292965 -0.28470448580932617
v -1.0132654832763672 -0.062891091033935545 -0.41726272692871091
v -0.99184825637817375 -0.073057422546386724 -0.33890070193481447
v -0.87452957971191403 -0.10759439550781251 -0.23389511120605472
v -0.62700228454589846 -0.10531868395996094 -0.21683294793701174
v -0.79733082226562502 -0.10598496343994139 -0.34428319921875
v -0.58743404910278318 -0.11177145156860352 -0.32149955355834958
v -0.41288117486572268 -0.081785760498046881 -0.16294438439941406
v -0.23804576407877603 -0.061019527872721351 -0.17314424747721352
v -0.90481889483642575 -0.067511922912597652 -0.63235461437988283
v -0.80920244485473636 -0.062890955383300778 -0.73861799230957037
v -0.81587832257080073 -0.073057486938476565 -0.65765687402343742
v -0.74154884643554686 -0.10759469970703125 -0.51885904516601555
v -0.51478488653564458 -0.10531852716064452 -0.41816641198730464
v -0.63125072772216795 -0.10598463317871093 -0.59618584155273435
v -0.44180479237365722 -0.11177084460449219 -0.50298732162475579
v -0.33200783636474607 -0.081785412353515621 -0.29429400994873045
v -0.1642279112955729 -0.061021621012369791 -0.24408024747721352
v -0.63372970150756835 -0.067511267639160155 -0.90364716119384769
v -0.50753591116333008 -0.062890810363769534 -0.97080001498413071
v -0.54149923846435544 -0.073057092468261725 -0.89700434106445304
v -0.51912397497558582 -0.10759409985351562 -0.74115472460937493
v -0.3404750883178711 -0.10531846716308593 -0.56897709252929696
v -0.38903104095458985 -0.10598470666503906 -0.77609449444580081
v -0.24288637374877931 -0.11177352545166015 -0.62372196322631834
v -0.21108795715332032 -0.081787274230957024 -0.39006108874511719
v -0.097805324788411474 -0.061310248372395827 -0.28042859700520834
v -0.28620285192871092 -0.067513156494140608 -1.0658632734985352
v -0.14461189440917968 -0.063053537109375002 -1.0858150126953126
v -0.20179673056030273 -0.073100807067871088 -1.0280786906433106
v -0.23408353027343748 -0.10760318847656249 -0.87397252514648427
v -0.12506180548095705 -0.10556283538818359 -0.65110103753662107
v -0.099777767089843761 -0.10659751391601563 -0.86237990844726564
v 0.0065507646179199215 -0.12380343029785157 -0.69209851290893554
v -0.05119873321533204 -0.076240300079345694 -0.3948943025512695
v -0.016713488540649416 -0.0617717967376709 -0.29229820178222654
v 0.090620958801269538 -0.090477829284667965 -0.4357496229858398
v 0.10923636238606772 -0.055335349589029942 -0.20925143720499675
v 0.091160803619384778 -0.12730526214599608 -0.90066132595825188
v 0.10822189617919921 -0.12731572705078126 -0.65832306597900381
v 0.2448980309753418 -0.12801826422119145 -0.87576527987670905
v 0.28554011209106445 -0.13192422351074218 -0.63748919009399407
v 0.16299217428588866 -0.080753033325195317 -1.0865624362487791
v 0.23797008029174804 -0.080743648620605471 -1.0728543947448732
v 0.31657860049743658 -0.076907829809570324 -1.0614106012756348
v 0.21636739044189454 -0.090799143554687503 -0.38908946875
v 0.21300860213216147 -0.063447869059244794 -0.20366211612955731
v 0.38443666247558594 -0.13215726812744139 -0.7895671580810546
v 0.34839126940917969 -0.12792758441162111 -0.56920143823242197
v 0.52049431719970707 -0.1283556703491211 -0.74267188919067384
v 0.44954694964599612 -0.12950774966430667 -0.50059220027160645
v 0.52524900192260748 -0.095947895812988293 -0.91148978045654294
v 0.61570060552978512 -0.079896533386230484 -0.91242213504028324
v 0.68264241696777339 -0.079968450854492196 -0.86064722072753919
v 0.33663798114013677 -0.090801018188476551 -0.29158414056396487
v 0.2594043043823242 -0.062145034515380844 -0.12113206417846679
v 0.65428225329589851 -0.12864016848754883 -0.62261812261962901
v 0.49612921002197274 -0.12608747106933593 -0.42273548126220706
v 0.55998222863769542 -0.12821105093383789 -0.35287147628784177
v 0.71980110812377929 -0.13382375578308103 -0.47112150355529792
v 0.63307497082519537 -0.13583778466796875 -0.41153955694580074
v 0.80556264892578122 -0.095947227325439449 -0.67683595440673827
v 0.89087817651367196 -0.079896255340576178 -0.64677630093383798
v 0.93607515545654296 -0.079968407934570329 -0.57522913198242187
v 0.42335208630371096 -0.090799087219238267 -0.13906423260498046
v 0.23926450349934897 -0.055915874979654945 -0.042481933695475253
v 0.8024770844726562 -0.13215703662109377 -0.3575766482543945
v 0.584156267578125 -0.12598661999511718 -0.27725239636230464
v 0.64516442596435541 -0.12901474392700196 -0.21373253866577147
v 0.87656082202148422 -0.12835543045043946 -0.23419745367431638
v 0.66500619305419928 -0.13033238595581054 -0.13710781539916994
v 0.98871634219360338 -0.095947596405029312 -0.3604624801330566
v 1.0586060778808593 -0.079896467071533209 -0.30303595257568361
v 1.0416677953292846 -0.090734130451965336 -0.23158265991058349
v 0.44571504083251956 -0.090477369628906262 -0.0068178624267578149
v 0.87266162139892578 -0.13264448724365235 -0.084808649261474606
v 0.66766060095214841 -0.12731493243408204 0.01744369970703125
v 0.87555814605712901 -0.13109445568847655 0.074490163452148442
v 0.68186013784790045 -0.12380200146484374 0.12363240899658204
v 1.0529608704223632 -0.095231501770019544 -0.045938985015869141
v 1.0986851241760256 -0.080809313110351569 0.039039745941162107
v 1.0566536061706544 -0.091864943420410156 0.10786516424560548
v 1.1253400334960937 -0.059979626684570311 0.22200945632324215
v 0.99471208308715831 -0.067577847686767584 0.48672109776000982
v 0.61701287426757812 -0.10556206933593749 0.2452769302368164
v 0.81560948327636718 -0.10760133459472657 0.39398977526855467
v 1.0152591587829591 -0.062067675781250005 0.41294002780151368
v 1.0419189708862304 -0.062894874420166016 0.34137350296020508
v 0.82929006140136718 -0.10659051531982423 0.25987990765380858
v 1.0779606784790039 -0.067878953332519532 0.27066217236938483
v 0.15886691770935057 -0.047853594970703121 0.043871047119140631
v 0.38069931748962405 -0.077520158416748045 0.025175887908935542
v 0.33990127050272623 -0.075563721150716134 0.20742778354899088
v 1.1887084022705077 -0.040517247204589851 -0.15649288980712892
v 1.1800982562561035 -0.047608482604980476 -0.098379679840087886
v 0.97700248034667969 -0.11431799566650391 -0.1267138865356445
v 1.0406786936584471 -0.096546671026611339 -0.13358994096679686
v 1.0693189049682617 -0.044272116491699223 -0.52355524147949217
v 0.96562715148925782 -0.08101816591796876 -0.51805799960937504
v 0.90943548080444336 -0.10346995704345704 -0.47349588087768557
v 0.82552358255615244 -0.044272049960327159 -0.85766111368713394
v 0.7299656834960937 -0.081018123181152341 -0.81703078140869145
v 0.69240392869262701 -0.10346986508789063 -0.75593721739501962
v 0.48216032758178712 -0.044272666699218755 -1.088238017828369
v 0.39356364815979006 -0.04796847815856934 -1.1131540556610109
v 0.38014297533264163 -0.10500192464904785 -0.9458163439239502
v 0.01584907028503417 -0.031378690438842768 -1.2174486242980957
v 0.085265688122558608 -0.04510864389648437 -1.184895859588623
v 0.026949897009277343 -0.08164658140869141 -1.0880397353210449
v -0.031211276629638671 -0.092362519628906251 -1.0367037550354006
v -0.10603585070800779 -0.05479567620849609 -1.1373052227783202
v -0.38433155185546874 -0.090526533386230457 -0.96310801229248044
v -0.4889160215454102 -0.054529196716308598 -1.0323617052612306
v -0.69079656210327145 -0.090526273480224601 -0.77352793408203135
v -0.81276054382324214 -0.05452923461914063 -0.80283521093749999
v -0.91394063811035164 -0.09052678154296874 -0.49056454653320314
v -1.038572734741211 -0.054529449523925771 -0.47639029296874996
v -1.0268499228637695 -0.090524632623290996 -0.14834589237670898
v -1.1387589207305906 -0.052263641067504876 -0.063505187561035153
v -1.1820256955322264 -0.039062676904296878 0.20504578872070311
v -1.0158979109313966 -0.090521681658935538 0.21185229268188477
v -1.0920448099975584 -0.052263732147216795 0.32985141267395024
v -1.0408519994567871 -0.03906244665527344 0.59700424057006829
v -0.88241509577636723 -0.090521228088378897 0.5465811990661622
v -0.91361178713989244 -0.052263576858520504 0.68350804716491687
v -0.77413518994750974 -0.039062408666992184 0.91704120017089852
v -0.64249911649780267 -0.090521223919677735 0.81547033616332998
v -0.62498322358703606 -0.052263286773681639 0.95481036775207517
v -0.021618463236490883 -0.047171477701822909 0.15859370619710284
v -0.057437619059244785 -0.053690826334635414 0.22679146858723956
v -0.061996538085937497 -0.071449329467773437 0.36740143289184568
v -0.010299671162923177 -0.076194071919759104 0.40268622275797528
v -0.14274471666208902 -0.079847076807657874 0.40315752399953209
v 0.064736390747070299 -0.046904885681152343 0.14019599743652342
v 0.056220935546874996 -0.071450592620849601 0.3683213168640137
v 0.13792202627563477 -0.075764864044189459 0.37536658737182615
v 0.12862719075520831 -0.053692212565104168 0.19530286629231769
v 0.17856176123046874 -0.071450395111083975 0.32692789672851563
v 0.25774512429809571 -0.075765048583984376 0.30560537759399414
v 0.18742213484700521 -0.053698630777994784 0.1395793135579427
v 0.27936616601562497 -0.071452682678222648 0.24618834005737306
v 1.1917286586181639 -0.030737351751708986 0.25099684954223633
v 1.1430635128723143 0.017596610816955564 0.61474284601440421
v -1.2867610981811524 0.011315155665588378 -0.11629469221343994
v -1.2491787566665651 0.011314674589538576 0.33086605949554448
v -1.0609223846191407 0.011314697677612307 0.73820436974334713
v -0.74470206953277596 0.011315096009826661 1.0565916701187135
v -0.039583093347167961 -0.030513838000488274 1.2177723237426759
v 0.37906439577636719 -0.030513610394287106 1.1579149712158203
v 0.039770998078918457 0.017596570994567871 1.297636648577881
v 0.75199199996948241 -0.030513638275146485 0.95848437224731453
v 0.48094814916076667 0.017596660511779785 1.2058219942230224
v 1.034221587652588 -0.030513569732666012 0.64353329741821286
v 0.86411713047790528 0.017596590812683104 0.96865632350006114
v 1.2390430196189881 0.16038411567115785 0.26753779474449157
v 1.281675509033203 0.23446568200683593 -0.17608526258277893
v 0.86123305627250679 0.25570396900081632 -0.95918185798072819
v -0.12023673793792725 0.20629604772186277 1.2842419078369141
v 0.73293653224945066 0.20629608379364012 1.0612501526794433
v 0.96885494513375425 0.44920572674996517 -0.50222448414175858
v -0.21622337784031459 0.44174462720598495 -1.076466084814889
v -0.91508758027757919 0.44972029494694304 -0.592753697933742
v 0.76770272722462252 0.52626752782004216 0.6717951522004264
v 0.71069838482666015 0.47306692237854003 0.79666279681396479
v 0.97947278553771966 0.50647815045166023 -0.32424108474731445
v 0.91522452766418461 0.58253638425445553 -0.33824818501281739
v 0.94798332042312616 0.62163479711914071 0.11921966072845458
v 0.40499480124664305 0.57507447505187992 -0.89152032723236085
v 0.42025407655334479 0.51304104576873777 -0.93522829135894781
v 0.82011881729888914 0.57335368647766116 -0.54230271099090577
v -0.1816673623008728 0.4983543275604248 -1.0218709113922118
v -0.80555431268310551 0.57468588391113273 -0.5596485929565429
v -1.0166328847427368 0.52452054395675662 -0.0077105308036804158
v -0.74654693127441396 0.47520331278991701 0.75740723928833009
v -1.0446826690979003 0.47309660218811034 0.21821898458862304
v -0.96501543149076185 0.52628015098626268 0.33001729282270159
v -0.52756928758185251 0.52627061943108688 0.87326950586809426
v -0.66045702226257319 0.47309672183227536 0.83885064158630374
v 0.15673277790996007 0.5262675614318848 1.0082499501865931
v 0.032801556442260738 0.47306691923522948 1.0672627435760496
v 0.64200722438049307 0.61682328247070317 0.71188386688995364
v 0.91096950631713869 0.75867073320007328 0.021024169342041019
v 0.47385628280639647 0.76509508629608147 -0.77657466291809074
v -0.13680958119201658 0.76496552549743646 -0.89922009637451161
v -0.24364771913146971 0.6915914939727783 -0.89042858573913575
v 0.25327505152893071 0.79082688017272951 -0.87206693824768067
v -0.7601975438690185 0.68503265799713131 -0.52968864505767821
v -0.90361515059280395 0.81011135875701912 0.10713820709609986
v -0.90984997967529302 0.7606610481567383 -0.0078948395385742155
v -0.93688261579132082 0.61682909769439698 0.20112127507019043
v -0.58886469697570798 0.61682562518310546 0.75645683715820322
v 0.034675718162536617 0.61682328254699703 0.95816405780029301
v 0.88235250745391847 0.82456025838470448 0.22856324270629882
v 0.87697809330858489 0.97712885028839103 -0.39529908237457273
v 0.39613624649701801 0.94700728070068363 -0.8556396982029506
v 0.3816102078399658 0.8838165956878663 -0.83726248185729979
v -0.14568666674586706 0.89277390370396192 -0.91236085688781732
v -0.91742100959777828 0.88331905294799795 0.090522409301757811
v -0.82592129428318573 0.92205937194170273 -0.43587367687116352
v -0.86062316195678723 0.81857483155059818 0.29574490206909176
v -0.15202655507659912 0.77688512129211418 0.89721221814727781
v 0.45980588514709475 0.77688512795257569 0.78520152979278568
v 0.1412044220199585 0.81856580005645752 0.89948182133483878
v -0.90003227072906489 0.96002782756805405 0.30902366618347166
v -0.48181037445831298 0.93711873609161378 0.80920509829330434
v 0.14621316563606263 0.91000956274032585 0.91843885291862493
v 0.15398768696594239 1.042462402404785 0.99789907417297363
v 0.64478280399649468 0.97944437806047713 0.71703997164263034
v -0.6327536962356568 2.0471152433719637 0.34953567602157598
v -0.16809278641815184 1.4916732430107116 0.85894250350036616
v -0.45717610099029543 2.1893223367996217 -0.43125463098907474
v -0.46678880726623539 3.2306277249679565 0.099493973457336432
v -0.20930388188171387 1.6345030462646484 0.74920808345031742
v 0.14777706643022809 2.2751537869055611 -0.74436520403725759
v 0.52556888664627066 2.4033459331741334 -0.11228650777435303
v 0.57200086809539785 2.3819164340591432 0.17256766996765138
v 0.58594718085861208 1.7600667930335998 0.50102537702560423
v 0.27067083314514157 1.5260754070281981 0.79911322619628899
v 0.71244135997009272 0.93696699563598629 0.61538695244216923
v 0.54888471456037247 0.94633576759556348 0.77067644816044401
v -0.89564839749908454 1.0693084196472167 0.49819151258087163
v -0.91125779476928703 0.93678321612167359 -0.23244757180023196
v -0.66415526226806643 1.0125790065917968 -0.73476178607177745
v -0.5600924971008302 0.96235949800109866 -0.77284982669067392
v -0.58408233880615246 1.0435463945159911 -0.82557334643554681
v 0.297191569467817 0.95804428147506715 -0.9013976502402169
v 0.92868796198272707 0.92291339126586913 -0.098471772171020502
v 0.24645659874725345 0.83391685369110102 0.87731537995910647
v 0.36752352638244634 0.79651750986480718 0.83225543103027344
v 0.54856454444122316 0.88771504021835324 0.7428028594703675
v -0.36028369501495361 0.87248063894653327 0.84343583483123785
v -0.25296493818664556 0.79651748125457755 0.87393955042266847
v -0.36407848605346682 0.79533268405151358 0.83302865013122562
v -0.84247072038269044 0.9232282254180908 0.40233515408325193
v -0.71185449463272099 0.8882413075447082 0.58791813640975943
v -0.64155715470504759 0.74675004339218143 0.64982054034042358
v -0.93721580537414551 0.94392912916564931 -0.09868086122131349
v -0.91350090130615236 0.87446769903564459 -0.093655965408325215
v -0.81049834934616083 0.82251644551086422 -0.41578531710433964
v -0.45205143010711674 0.89368229757690432 -0.8037791594467163
v -0.35322206657028199 0.82246617770385733 -0.83933381597137457
v -0.46434479895019537 0.83875134660339357 -0.78278749868774411
v -0.54629798641967775 0.7832359467010499 -0.72664561971282959
v 0.17677152240753174 0.88549637085723876 -0.90180975061798097
v 0.047421333694458015 0.85615419534301751 -0.91061571495056137
v 0.062919224086761483 0.7435915844459533 -0.91009136651992795
v 0.62603125315093988 0.85835753498840328 -0.66410953205871581
v 0.65243513491821292 0.92143913397216792 -0.66363756469726565
v 0.72676575022888179 0.95106964184570308 -0.60607374404907222
v 0.37211271719360356 0.81724793580627442 -0.82984246702575681
v 0.90963241877746581 0.85676231118774426 0.097751413131713871
v 0.89116262894821174 0.8749833967113495 -0.22215377579307555
v 0.92817291802978519 0.92081534405517584 0.10121218968200685
v 0.86126297249603267 0.80558281702423096 -0.29260062714385981
v 0.75227262990570076 0.8339165844955444 0.51381955506896959
v 0.81605065065002447 0.79651757099151599 0.40148134484863285
v 0.91009410897064225 0.9164899914627076 0.20654105493927005
v 0.33955322080993655 0.73346324084472658 0.84898185890197753
v 0.46109055506896973 0.7128932867431641 0.79381566859436037
v -0.15657943058776858 0.71289325198364262 0.90463699992370616
v -0.83115821438598636 0.71689018663024906 0.39044357180786132
v -0.71716297300720211 0.71740813067626963 0.57095982984924309
v -0.6493047519226075 0.67380733093261724 0.66748728802490231
v -0.8657664927062988 0.59955318241882316 -0.4307275930938721
v -0.81681155375671399 0.73750083879089356 -0.41023431678771971
v -0.95131633959960937 0.60737180963134763 -0.13473684851074219
v -0.36143024167633059 0.73751131317901608 -0.83889678832244874
v -0.79632454460144042 0.6312816356048585 -0.51631210015869144
v -0.69854644126892096 0.66661211933898934 -0.61640255833435065
v -0.48465228500366209 0.60000332777404797 -0.83484233526611329
v 0.29072539691162103 0.66319362275695803 -0.88835660055541998
v -0.25099511315917966 0.63046597804260252 -0.91432674131774905
v -0.066246156234741213 0.61938500871276858 -0.95003933715820321
v 0.083494408264160158 0.59064265713500974 -0.96584322528076183
v 0.054834456604003906 0.64700726846313472 -0.93715143560791014
v -0.049710720664978024 0.55932885808563237 -0.98794304940795896
v 0.6361287631378173 0.70535820571899421 -0.66320105065917978
v 0.79223098632812516 0.63213893035888669 -0.52319836315917967
v 0.68594593673706061 0.59066191485595709 -0.68653836907958987
v 0.64541314569091801 0.647032163269043 -0.68301960552978513
v 0.59795410213470468 0.55938534214019775 -0.78878246181488043
v 0.83772371098327647 0.64405457202911376 -0.43364283376312251
v 0.95457549382781992 0.61097439061737058 -0.094899049049377432
v 0.80537566212463374 0.73346321243286128 0.43227351701354977
v 0.8918628695220947 0.62636472279739386 0.33082709484863282
v 0.50043921490859988 0.52888746619415294 0.88133993259811405
v 0.46493421379089356 0.57766230233764648 0.86181214079284663
v 0.61016278173828131 0.52498636956787104 0.81501994880676265
v 0.37567541612243655 0.50468564292907714 0.96264500389099128
v 0.42645795336151127 0.4686612783508301 0.97927404929351813
v -0.18269609410858154 0.52888746619415294 0.99697686243820183
v -0.19734221086120607 0.57766230233764648 0.95919549072265631
v -0.05601297406005859 0.52498636956787104 1.016701581741333
v -0.33053301953125003 0.50468564102172853 0.97906375097656251
v -0.30232024396514895 0.46866127755737308 1.0244447499771119
v -0.93771817100524912 0.49656032821655272 0.4537682278747559
v -0.84926691761398321 0.53345702615737922 0.54862694789123534
v -0.90435127256774894 0.46210684110260009 0.58264803582000724
v -0.97536160107421876 0.50001279309082025 -0.36351589837646486
v -0.89958736105346682 0.54350491522216804 -0.44844156094360355
v -1.0105845415191652 0.52519082106018067 0.12210283966064453
v -0.50022154942321773 0.5439894378814697 -0.87108741442871085
v -0.78480273234558107 0.49477081348419188 -0.6843862010116577
v -0.69704863793945315 0.4875053832702636 -0.78284516697692874
v 0.085224291612625111 0.52273829332160959 -1.0138303977851866
v -0.30637203140476771 0.48721910982622418 -1.0047486359470912
v -0.067438351512908945 0.46888229908752443 -1.0645538007659912
v 0.058442912796020499 0.47539261663818355 -1.0581067958221435
v 0.72509650622558608 0.53075884258270267 -0.70696861313629156
v 0.83006876669747487 0.48681871332223076 -0.64702465679495669
v 0.42296709336962024 0.46955690221296043 -0.97946139797210696
v 0.63888842472839369 0.49319913576507568 -0.82303809976196285
v 0.99754575550842295 0.54322573924255368 -0.10816665861511229
v 1.0506316850624087 0.47930114296722409 0.14916263473892211
v 0.94686008088684082 0.49111347772216801 -0.44624309773254395
v 0.92126306562042237 0.56873414496612551 0.34743907846832278
v 0.90610768811035158 0.50468493772888179 0.49612532168579104
v 0.95570080126190193 0.46866110988616944 0.47621832476806641
v 0.37303755386352544 0.38753250238037107 1.1064957262878417
v -0.026702355651855469 0.40057171340179443 -1.1485752383499146
v 0.83304542263793935 0.37192107189941409 -0.8452668737182617
v 1.1955666816902162 0.36048415020751956 -0.12447067570114136
v 1.2727804152984619 0.27198329687118528 0.18712184716796876
v -1.2570395650009156 0.005331600718688964 -0.26499043004455569
v -1.1896104655303956 -0.0068484909057617187 -0.4235468861541748
v -0.97276250268554687 -0.0068484361572265628 -0.80483658117675783
v -0.63858355297851555 -0.0068481472473144542 -1.0889657460632325
v -0.22737839598083495 -0.0068592427673339861 -1.2416672722930908
v 0.85867714892120361 0.0050900798477172835 -0.95507588109283448
v 1.1337907585525513 0.0050900279357910128 -0.60375576049499513
v 0.71025677630615225 -0.078054188995361318 0.82540927637939454
v 0.63233282046508787 -0.090480687377929692 0.82346362304077136
v 0.82313134138488775 -0.043312066543579095 0.84779019611511219
v 0.41710292407226557 -0.096577207824707023 0.37396853530883789
v 0.40355521368408204 -0.10590489587402344 0.46121630505371092
v 0.51793457876586912 -0.11403271496582032 0.54134926010131834
v 0.58014888391113284 -0.10727765856933594 0.48490025616455079
v 0.55480958142089842 -0.11657922814941407 0.69138878851318353
v 0.56064036117553717 -0.11692547174072265 0.61445699200439452
v 0.70548838272094727 -0.090733615966796868 0.72266241299438483
v 0.74948544262695316 -0.083159425811767579 0.65966717111206052
v 0.86681306005859371 -0.039128753204345702 0.79887131442260739
v 0.91586006054687508 -0.037677542388916019 0.74101025375366203
v 0.48058976013183591 -0.10094231176757812 0.33813767102050785
v 0.53671928338623054 -0.10591205517578124 0.29542615802001954
v 0.75757846771240245 -0.11658052084350587 0.45998601843261722
v 0.66197076818847655 -0.119477775390625 0.40964108532714844
v 0.73674501040649409 -0.11693184252929686 0.38569906869506831
v 0.64289356079101567 -0.11230881152343751 0.46701427270507812
v 0.77006062039184586 -0.098454366333007803 0.56298537075805666
v 0.87559888370361327 -0.090481118530273436 0.55758115587768553
v 0.96636099957275401 -0.04110495922851562 0.68301574380493157
v 0.38536061369018554 -0.078054023535156253 1.0185905888183595
v 0.31280154274902344 -0.090480745495605461 0.99011106359252932
v 0.48377286562499999 -0.043311680508422851 1.0782268207946777
v 0.26428781994628903 -0.096576575103759763 0.49411026876831049
v 0.22171675207519531 -0.10590493927001954 0.57146295184326168
v 0.30179108038330082 -0.11403266131591797 0.68588321923828122
v 0.37955964465332026 -0.10727735968017578 0.65411679003906253
v 0.28512583303833011 -0.11657932022094727 0.83948661495971688
v 0.31691713665771493 -0.11692543563842774 0.7691883168029785
v 0.41602108996582032 -0.090733384582519533 0.92040893939208979
v 0.47891001440429687 -0.08315929113769531 0.87626046902465826
v 0.54155118664550783 -0.039128446533203125 1.0471979145812988
v 0.60742965368652335 -0.037677633300781242 1.0096011881408691
v 0.33620107995605475 -0.10093997009277342 0.48215405755615237
v 0.48218701232910155 -0.11947602209472656 0.61138049407958983
v 0.44463744287109375 -0.11230820251464843 0.65876912884521477
v 0.53131113845825184 -0.098454111511230458 0.79244606845092769
v 0.67472014431762695 -0.041105185058593743 0.97237625576782227
v 0.013985055010986331 -0.078054674340820307 1.0890034258483885
v -0.044457650476074223 -0.090481275836181624 1.0374244550903322
v 0.086065661413574218 -0.04331236662597656 1.178702072583008
v 0.079597295257568368 -0.096577157318115239 0.5547417942810059
v 0.013136979736328123 -0.1059055923461914 0.61286987548828131
v 0.049248167022705076 -0.11403354113769532 0.74777715121459964
v 0.13319193774414062 -0.10727803997802735 0.74452433795166018
v -0.0189477671508789 -0.11658003591918945 0.88641773245239264
v 0.034969849243164063 -0.11692632418823243 0.83123206738281241
v 0.076376631927490224 -0.090734264221191407 1.0072289170227051
v 0.15057287179565429 -0.083160057922363292 0.98725159442138677
v 0.15097217086791992 -0.039129163146972658 1.1693052614135742
v 0.22573681332397461 -0.037678081848144529 1.1565069398803711
v 0.15126328582763671 -0.10094031066894531 0.5681019584960938
v 0.24424737493896484 -0.11947618933105469 0.73946504345703123
v 0.19275420745849609 -0.112308626953125 0.77115358776855469
v 0.22848059658813474 -0.098454487823486342 0.92641314248657225
v 0.30170119152832031 -0.041105323730468747 1.1445409795837405
v -0.3548644599334716 -0.091706914328002903 0.97668041608886713
v -0.3304296216552734 -0.044603145684814445 1.1330512600585938
v -0.39948329328918453 -0.036769813858032227 1.1371118795166018
v -0.11456421737670898 -0.096573678710937499 0.54862470089721682
v -0.20934410003662107 -0.10328311358642578 0.55124267913818359
v -0.20884110961914062 -0.11402229196166994 0.71979193682861331
v -0.12923441027832031 -0.10727528759765625 0.74522007098388676
v -0.28784971661376957 -0.12073989837646484 0.76249215655517577
v -0.27240076861572265 -0.090721832366943339 0.97268983923339847
v -0.1959226347351074 -0.083156072021484367 0.97925124707031252
v -0.25781351803588864 -0.03912560375976562 1.1504619467773436
v -0.18318211410522464 -0.037677598876953114 1.164006715332031
v -0.051918193664550777 -0.10094002734375 0.58561508532714845
v -0.043279433654785156 -0.10878429473876952 0.64860361303710934
v -0.023151524475097655 -0.11947687451171873 0.77844659851074227
v -0.082377269592285141 -0.11230850476074219 0.79061220886230466
v -0.10190736984252929 -0.098454538421630863 0.94872785400390625
v -0.10770658282470702 -0.04110550155639648 1.1787444980468749
v -0.47155677749633784 -0.092048542419433582 0.82008876986694335
v -0.53404819448852536 -0.050441917175292963 1.0072799618835448
v -0.42756980728149407 -0.090682809539794906 0.91513634341430661
v -0.38816804449462888 -0.10727497283935547 0.64902517199707033
v -0.27092433184814452 -0.096573122131347652 0.49053596173095704
v -0.56389000820922841 -0.11658024142456055 0.68397086285400388
v -0.54161306777954099 -0.098466551818847642 0.78541826779174806
v -0.56869663104248036 -0.11692220706176756 0.60696420144653318
v -0.49021313812255862 -0.11947710040283203 0.60493254028320309
v -0.34252588128662109 -0.10093937237548828 0.47765305200195318
v -0.40959573352050782 -0.1059045053100586 0.4558228285522461
v -0.45329730218505859 -0.11231077142333984 0.65281725988769534
v -0.25461726009114583 -0.076193503743489599 0.31192140439860028
v -0.19242263034057616 -0.071448943817138677 0.31894756842041017
v -0.097107378865559896 -0.048750696675618481 0.1522411897989909
v -0.80318274237365728 -0.051847136416625972 0.83579170329589847
v -0.71965296530761713 -0.077988736395263658 0.81730117282714843
v -0.72335879473876952 -0.092052093597412107 0.60938682077026374
v -0.84610411175537115 -0.050445804901123041 0.76391527597045905
v -0.71445684790039066 -0.09069483920288085 0.71379136196899418
v -0.58648816564941408 -0.10727779901123047 0.4771625183105469
v -0.52502600836181645 -0.11403051455688477 0.53442999630737298
v -0.42198512268066407 -0.096576479736328116 0.36840294592285155
v -0.76357137814331066 -0.11658025994873047 0.44989815899658203
v -0.77733430380249025 -0.098466865631103517 0.55284620831298825
v -0.74175048995971693 -0.11692222564697266 0.37589176507568361
v -0.66730501159667976 -0.11947716009521485 0.40082533056640623
v -0.48499169665527342 -0.1009401234741211 0.33173320727539063
v -0.54055098150634762 -0.10590468542480469 0.28828082678222655
v -0.64899242065429685 -0.11231133392333983 0.45844782568359377
v -0.34905133850097658 -0.075764839721679689 0.19445605386352538
v -0.28256681872558592 -0.071450202789306638 0.24246117700195313
v -0.12890095751953126 -0.046904271240234371 0.088809063354492193
v -1.0403592091552736 -0.051847138137817383 0.51072010807800294
v -0.95554251349487318 -0.077988739349365233 0.52191360522460939
v -0.88791422070312498 -0.092052212768554686 0.32527066885375977
v -1.0561090933837889 -0.050445816894531245 0.42849844631958012
v -0.915257528076172 -0.090694844085693352 0.4264235186157227
v -0.71407446417236331 -0.10727807537841796 0.2478329960327148
v -0.67590537036132825 -0.11403057797241212 0.32266812829589842
v -0.52229409750366207 -0.09657680459594728 0.2018956993408203
v -0.87115374963378911 -0.11658085128784179 0.16164693197631838
v -0.91929680062866215 -0.098467234497070302 0.25367919134521483
v -0.82533718991088867 -0.1169227900390625 0.099566796478271491
v -0.76390899145507818 -0.11947779565429686 0.14845855609130859
v -0.56895936767578126 -0.10094066625976561 0.14588793402099609
v -0.60630661773681638 -0.10590531005859374 0.086053629211425786
v -0.76640864831542976 -0.11231180688476562 0.20886924371337889
v -0.39426558651733407 -0.075765314117431648 0.063383810363769527
v -0.34820903897094729 -0.071450650421142584 0.13123283456420898
v -0.22445063566080731 -0.053691938151041667 0.064134512288411466
v -0.15331329217529299 -0.046904591796874992 0.012368990173339854
v -1.1520515942718506 -0.051847386029052728 0.12413389181213377
v -1.0761784498352049 -0.077989152795410133 0.16366131908569337
v -0.94537254281616212 -0.09205227853393555 0.0020073345947265626
v -1.13873000289917 -0.050445919281005856 0.041483883544921871
v -1.0056633429260253 -0.090695214569091798 0.087708245086669925
v -0.75553127593994152 -0.10727817590332031 -0.011303633239746093
v -0.74525941976928711 -0.11403111520385742 0.072073217437744141
v -0.55960513659667965 -0.096577157623291027 0.011122221740722655
v -0.87366369354248041 -0.11658376144409179 -0.14601807177734374
v -0.95037672555541985 -0.098467274688720685 -0.076000503997802726
v -0.80937930035400396 -0.11692722143554687 -0.18868486804199219
v -0.76837311553955079 -0.11947856390380858 -0.12173023834228516
v -0.58430005743408198 -0.10094067547607422 -0.057468491760253905
v -0.64456887713623046 -0.10878488189697265 -0.077715060363769545
v -0.59893047546386724 -0.10590543603515626 -0.12646818579101565
v -0.79138277838134763 -0.11231174261474608 -0.065817137023925776
v -0.39192337835693364 -0.075765401397705073 -0.07524829190063477
v -0.37185037533569343 -0.071450980285644533 0.0042614123840332046
v -0.23260619498697918 -0.053692114420572909 -0.01646223331705729
v -1.1324296343048095 -0.048552729882812493 -0.28195297222595211
v -1.0670228491271974 -0.078000914196777349 -0.21425099774780273
v -0.88881317306518559 -0.092063693908691402 -0.32141594808959961
v -1.0840391783142089 -0.050595078430175779 -0.35041429293823245
v -0.97478956851196286 -0.090717392150878901 -0.26150600625610354
v -0.70585930316162104 -0.10727995312499999 -0.2689929045410156
v -0.724724890411377 -0.11403365802001952 -0.18713136111450196
v -0.52941711752319343 -0.09657725750732421 -0.18090794711303712
v -0.77079032855224616 -0.11658406436157226 -0.43598577795410159
v -0.86682628991699218 -0.098471112884521483 -0.39642822363281249
v -0.69579026824951173 -0.1169275343322754 -0.45409278890991212
v -0.68015654748535159 -0.11947883703613281 -0.37715129681396486
v -0.52916331994628907 -0.10094082702636718 -0.25380838348388673
v -0.51931230236816406 -0.10590555633544922 -0.32365061700439457
v -0.72090254968261713 -0.11231256909179686 -0.33248028668212892
v -0.34230745468139645 -0.075765296051025388 -0.20471891348266602
v -0.35063881558227539 -0.071450988037109364 -0.12313883599853516
v -0.21270412394205729 -0.053692080729166661 -0.094987889322916658
v -0.1249352269897461 -0.046905113037109369 -0.088914908142089827
v -0.96745692674560546 -0.04855277456970214 -0.65222513747558586
v -0.92915039373168939 -0.078000997125244123 -0.56623587861328128
v -0.72503720922851556 -0.092063670654296881 -0.60598656762695313
v -0.89857118908691402 -0.050595144531249997 -0.70000716772460936
v -0.82631884521484378 -0.090717679870605472 -0.57909561437988288
v -0.57104653216552725 -0.10727974206542969 -0.49415123858642579
v -0.61677255120849606 -0.11403386779785156 -0.42367941986083985
v -0.43537185211181639 -0.096577032196044937 -0.35103192849731446
v -0.57494634387207033 -0.11658341918945311 -0.67328050799560546
v -0.67872033053588865 -0.098470746765136702 -0.66895485998535165
v -0.49827643371582031 -0.11692690414428711 -0.66464403704833985
v -0.50990121759033213 -0.11947818829345702 -0.5869957000732422
v -0.4102000833129883 -0.10094031036376953 -0.41944881726074212
v -0.3770556735839844 -0.10590499053955078 -0.48170968176269535
v -0.56346846929931638 -0.11231210516357422 -0.55895473181152355
v -0.25140269989013675 -0.075765166717529295 -0.30941138848876953
v -0.28713336032104486 -0.071450724670410151 -0.23560095443725584
v -0.16714519034830727 -0.053692403727213539 -0.16197062736002601
v -0.68579412663269046 -0.048552166287231441 -0.94374274725341789
v -0.67920783453369138 -0.078000398474121088 -0.8498376636962891
v -0.47380901971435541 -0.092063425537109375 -0.81738074279785145
v -0.60472031365966794 -0.05059463513183593 -0.96508312927246087
v -0.57817948275756836 -0.090717046508789062 -0.82675154901123049
v -0.36735538159179687 -0.10727971307373046 -0.65962213171386708
v -0.4344262475891113 -0.1140333272705078 -0.60903925836181638
v -0.28881270809936521 -0.096577268890380846 -0.47873042138671873
v -0.30975486709594724 -0.11658437994384764 -0.82928320767211916
v -0.40874945779418947 -0.098470825927734373 -0.86071070223999024
v -0.24066215234374999 -0.11693300805664061 -0.79494500747680663
v -0.27814359783935549 -0.11947961267089843 -0.72595497985839841
v -0.24175930584716795 -0.10094241467285156 -0.53441171643066399
v -0.18931962353515625 -0.10591200390625001 -0.58158050653076176
v -0.33807053289794925 -0.11231244396972656 -0.71792591284179696
v -0.13961329494222005 -0.075563812123616528 -0.37179404683430994
v -0.18899388574218751 -0.07145273922729492 -0.31955949279785156
v -0.10142477799479169 -0.053698741373697914 -0.20932870694986977
v -0.012730288391113283 -0.047853747772216793 -0.16340738287353515
v -0.32141373451843258 -0.048553203781127929 -1.1213477037750244
v -0.3473422942993164 -0.078001016906738274 -1.0308525940673827
v -0.16541026113891602 -0.092155659790039063 -0.93010646536254882
v -0.23792749612426758 -0.050609286621093749 -1.1136736398010254
v -0.2603022210083008 -0.090722212341308589 -0.97460570458984375
v -0.1193082230834961 -0.10754862371826174 -0.74547219372558593
v -0.19967973266601563 -0.11404616394042968 -0.7208544797363281
v -0.13252080572509767 -0.098809126770019531 -0.56073330206298833
v -0.032725249755859373 -0.11987471435546874 -0.87282457910156253
v -0.089336327758789053 -0.099237474670410164 -0.94865815649414076
v 0.048036129425048826 -0.13238853250122068 -0.83191281393432615
v -0.011950134826660155 -0.1259243228149414 -0.77832673101806638
v -0.043812465393066408 -0.10351123394775391 -0.58523948394775394
v -0.034178880004882811 -0.11249975720214843 -0.64829899890136722
v 0.022637726989746091 -0.1164415355834961 -0.61300289605712877
v -0.071658797546386724 -0.11387128680419922 -0.79044490863037109
v -0.083564153213500983 -0.091169951004028318 -0.5008152644348145
v 0.047051409805297859 -0.077520614700317375 -0.37784990742492675
v 0.026483202962239584 -0.054518495035807288 -0.23115839396158855
v 0.074330412495930989 -0.047410082560221348 -0.14026470505777994
v 0.020022745422363278 -0.12542065002441405 -0.89951075689697257
v 0.061627718048095706 -0.1328881115722656 -0.74886936135864257
v 0.14662993756103518 -0.13504074688720702 -0.74604616693115233
v 0.069482947082519522 -0.11413752087402344 -0.57483177276611319
v 0.094498189437866198 -0.1028016947479248 -0.50114377052307124
v 0.18630254129028317 -0.12050783499145508 -0.57821391653442389
v 0.23154832034301759 -0.13675280523681643 -0.74135333071899423
v 0.31521509439086914 -0.13310145059204101 -0.81715597366333004
v 0.18865855895996092 -0.1314265476074219 -0.66959154284667977
v 0.091001512969970694 -0.10600468896484372 -1.0074548417663574
v 0.16368902468872071 -0.049975617126464839 -1.1683401377868652
v 0.16628460482788085 -0.10922191998291014 -0.98841331594848647
v 0.26505544622039795 -0.048697056663513191 -1.1522905960464476
v 0.2419425093688965 -0.1084008671875 -0.9758640696105958
v 0.30297298095703129 -0.10406953350830078 -0.97742349700927733
v 0.18377787747192387 -0.076782861389160156 -0.32369593682861331
v 0.26293827883911136 -0.082010032897949225 -0.3011968182678223
v 0.34162538848876955 -0.13634486959838871 -0.72871378253173824
v 0.37652789959716798 -0.13514438903808595 -0.66063676147460937
v 0.24892359045410156 -0.11744956951904297 -0.53461326818847654
v 0.29543885043334961 -0.11271795706176757 -0.47824554071044922
v 0.46627578704833994 -0.13623913513183594 -0.59495102073669437
v 0.50762829818725586 -0.136059770111084 -0.66190707138061522
v 0.38404683038330079 -0.12173073077392577 -0.47988368243408203
v 0.41311452966308598 -0.11892460702514648 -0.86744580651855474
v 0.5619208509216308 -0.050232002746582037 -1.0372018283691404
v 0.50243229437255854 -0.11566079113769531 -0.83774341674804687
v 0.62551979196166996 -0.050319146057128908 -1.0000467182617188
v 0.57568232012939458 -0.11772620208740235 -0.77828687106323236
v 0.6885665259094238 -0.059707636413574211 -0.92557658850097657
v 0.63170704895019525 -0.10198999230957032 -0.81488640661621092
v 0.28364792141723638 -0.076785692810058592 -0.24128015426635743
v 0.34386122111002604 -0.081747565877278633 -0.20156020589192708
v 0.39429733203125006 -0.093014368438720699 -0.23150558511352537
v 0.18942711238606771 -0.054756929361979165 -0.13567365250651039
v 0.15039954994710286 -0.048142046213785802 -0.070148461252848293
v 0.5705000418090822 -0.13634467636108399 -0.56788557653808591
v 0.58001420404052739 -0.13514400427246093 -0.49197740106201177
v 0.41700270330810552 -0.1174513359375 -0.4171965014038086
v 0.44143409960937502 -0.11271828302001952 -0.34832015100097657
v 0.51185951232910165 -0.11801891900634766 -0.29569566766357419
v 0.71150012805175789 -0.11453562591552735 -0.67592954418945328
v 0.88301860406494137 -0.050231398284912111 -0.78242360180664061
v 0.74163374798583992 -0.12068817349243163 -0.59472900421142583
v 0.93007429180908208 -0.05031886203002929 -0.72575753344726568
v 0.79806061676025397 -0.11841204196166993 -0.53999142288208013
v 0.96384892059326166 -0.059707602172851565 -0.63421614736938481
v 0.87256045050048825 -0.10198988293457031 -0.54964902099609381
v 0.35302412762451174 -0.076782809661865237 -0.11925645858764647
v 0.73056596789550765 -0.13634493524169924 -0.33847885928344723
v 0.71354442517089833 -0.13514430206298828 -0.26389429449462892
v 0.64483589404296882 -0.13273280316162112 -0.29535975711059564
v 0.52570298602294918 -0.11271791824340821 -0.2001004060668945
v 0.57239478637695318 -0.11744936206054687 -0.14387931695556641
v 0.74007429406738279 -0.13623783683776855 -0.15588792779541016
v 0.81479051403808589 -0.1360591330871582 -0.18059839096069336
v 0.60353751837158209 -0.12050740951538086 -0.074219455596923833
v 0.87450482684326158 -0.11892421765136718 -0.39880117672729487
v 1.0976143064270019 -0.050231591583251953 -0.43319083090209959
v 0.92383472686767565 -0.11566058062744142 -0.31863601336669922
v 1.1224515538635254 -0.050319047027587896 -0.3638482485046387
v 0.94173029907226546 -0.117725973236084 -0.226006060546875
v 1.1228804888610839 -0.059707658172607425 -0.26627572030639646
v 0.98604272094726553 -0.10982064208984375 -0.1855713434448242
v 0.2327474051106771 -0.054518245035807288 0.017995871663411461
v 0.80251872784423828 -0.13632995520019534 -0.068163283294677732
v 0.76101200164794913 -0.13504002258300782 -0.0039116033935546867
v 0.69374855175781258 -0.13142608947753909 -0.059474455322265626
v 0.51068313667297371 -0.10280113436889649 0.0015817695007324193
v 0.57840518127441398 -0.11413676959228514 0.039914099853515621
v 0.74791486447143551 -0.13288676501464844 0.08012276690673828
v 0.82695902038574221 -0.13238621255493166 0.10897881701660156
v 0.88813625762939452 -0.12541657214355467 0.14911926086425784
v 0.60715933764648433 -0.1164406637573242 0.093061809814453125
v 0.95534339520263667 -0.1194898504638672 -0.065509579925537104
v 1.141735047027588 -0.065455861511230465 -0.029204444610595709
v 1.002795247406006 -0.10922545928955077 0.021269289337158201
v 1.1791697199401856 -0.05001687274169922 0.053875993804931646
v 0.95585859317016608 -0.11809673876953124 0.089259664062500008
v 1.1430658966308598 -0.061826556628417968 0.11415280103759766
v 1.1735911213378909 -0.045833887367248541 0.16998745288848877
v 1.0748756832519533 -0.081699506640624989 0.17552300416259764
v 1.0135695856811524 -0.092315880468749986 0.22428864873657228
v 0.94948895942993172 -0.078054934875488272 0.53275811646728521
v 1.0632109392303466 -0.043312912429809572 0.51518396866760252
v 0.52684228369140618 -0.098808914550781238 0.23573384393310548
v 0.67160923928833005 -0.11404571859741211 0.33160544802856445
v 0.71079686340332038 -0.10754622271728514 0.25724248004150385
v 0.90986662142944341 -0.090738830230712886 0.4378381720275879
v 0.92966913784790051 -0.083224938598632808 0.36358009457397461
v 1.0875272995910645 -0.039135542358398445 0.45427395907592777
v 1.1138318375549316 -0.037745155639648441 0.38311232955932623
v 0.47711762619018555 -0.091169599227905268 0.17645159654235837
v 0.56747835058593743 -0.10351044921874999 0.1531602809448242
v 0.63122702624511728 -0.11249843768310547 0.15546876959228512
v 0.85207020422363289 -0.11986841143798826 0.19595675982666017
v 0.76311627783203129 -0.12592131127929687 0.15790579754638673
v 0.76387266967773437 -0.11386688488769531 0.21882643670654298
v 0.91604420196533209 -0.099220268463134767 0.26558554696655273
v 1.1414653450317382 -0.041308547973632814 0.31131140670776375
v 0.095452041992187514 -0.044035970703124996 0.0013483300781250056
v 0.072723028320312494 -0.044016927734374996 0.062552769531249997
v 1.0274575285644529 -0.070930027099609383 -0.4602168314819336
v 0.85090401416015626 -0.11556325585937502 -0.48848927587890634
v 0.80784968261718748 -0.070929854553222677 -0.78382481774902357
v 0.015963530273437498 -0.044012378906249996 0.094824324218750006
v -0.048262229492187503 -0.044012129882812501 0.083059929687500006
v 0.026185192667643225 -0.062567514851888023 0.30616917875162764
v -0.054063652506510421 -0.06138563834635416 0.29481483113606766
v 0.69800285595703127 -0.096147969238281242 0.59801403417968757
v 0.81704605310058609 -0.081754002685546862 0.6219261387939452
v 0.36296808764648436 -0.088782592529296878 0.33782901257324216
v 0.58031258435058597 -0.11128971655273437 0.41913893078613279
v 0.45161884277343745 -0.096147825683593757 0.80071738671875003
v 0.55530405432128904 -0.081753956054687493 0.8639023065185546
v 0.22577820825195313 -0.088781977905273438 0.44163507641601568
v 0.4022050806884766 -0.11128878125000001 0.59237716198730472
v 0.15076491748046875 -0.096148564453125002 0.90692994287109385
v 0.22658695129394529 -0.081754376831054687 1.0017663470458986
v 0.061357649658203124 -0.088782483032226564 0.49226008825683598
v 0.1755882266845703 -0.11128919909667968 0.6942527161865234
v -0.14793478662109374 -0.10688810546875001 0.6877418294677734
v -0.24495316992187502 -0.10348496874999999 0.89748545068359376
v -0.16827099316406247 -0.096145234863281262 0.9038392416992187
v -0.12945902087402339 -0.081754197875976556 1.0188890102539063
v -0.11030729443359374 -0.088779326171874992 0.48368841271972657
v -0.072206339233398434 -0.11128894006347656 0.71247782861328124
v -0.39992536328125 -0.10347620947265625 0.83990194287109377
v -0.33647598962402336 -0.10688693029785157 0.61769686547851566
v -0.40998689074707029 -0.11128942016601562 0.5869921866455079
v -0.23175247424316403 -0.088778910522460924 0.4385708395996093
v -0.21923804500325522 -0.062567179524739586 0.21499400980631511
v -0.58578041931152347 -0.11129012878417968 0.41140547143554684
v -0.36737585180664067 -0.088781870483398445 0.33298471679687497
v -0.089899876953125013 -0.044012457031249994 0.03276406250000001
v -0.69091933630371105 -0.11129063500976562 0.18628365112304687
v -0.45886436462402347 -0.088782214965820311 0.18729085632324219
v -0.71272122814941408 -0.11129059216308594 -0.061221744506835943
v -0.49500550646972657 -0.08878262646484375 0.019092414672851558
v -0.089466868164062519 -0.044012643554687494 -0.032528855468749993
v -0.94160171093750011 -0.081811426879882812 -0.40765718164062503
v -0.64855628125000009 -0.11129106945800782 -0.30125808496093748
v -0.47143918029785159 -0.088782610839843748 -0.15132390551757813
v -0.74514576745605465 -0.081811188232421866 -0.70508130566406246
v -0.50616390417480472 -0.11129057592773438 -0.50487164746093749
v -0.39100869470214844 -0.08878238867187499 -0.3034024637451172
v -0.047166226562500004 -0.044017008789062499 -0.082265591796874982
v -0.45881275817871092 -0.081811134033203128 -0.91737722277832023
v -0.30271940563964839 -0.11129122875976562 -0.64750506262207019
v -0.26341523364257813 -0.088782601196289057 -0.41880027661132807
v -0.117068947265625 -0.08212310498046875 -1.0189638310546876
v -0.0014934619140625025 -0.10111438671874999 -0.53278760156249994
v -0.062467577148437509 -0.11335126513671875 -0.71226912109374996
v 0.0172055751953125 -0.044036044921875003 -0.093168507812500009
v 0.13318069047037762 -0.065307681477864588 -0.27595042842610679
v 0.053957507405598959 -0.06374155265299479 -0.29381814249674476
v 0.12815829602050782 -0.13534515161132812 -0.80544118811035159
v 0.20462782360839843 -0.10488927856445311 -0.47628851391601557
v 0.2055146502685547 -0.13579720776367188 -0.79685091149902343
v 0.073526216796875016 -0.044046747070312503 -0.060147062499999994
v 0.26920359143066408 -0.1008383662109375 -0.4177773544921875
v 0.51499881030273442 -0.072702001342773451 -0.99678547290039055
v 0.45107531372070314 -0.12571720910644532 -0.80654649194335937
v 0.57690053991699219 -0.073522589111328127 -0.96110216162109374
v 0.56933987963867194 -0.10228539282226563 -0.85810325842285162
v 0.57675622460937515 -0.13516157885742192 -0.63357935791015629
v 0.51464364453125 -0.13351579602050784 -0.50244693627929693
v 0.39609973229980466 -0.10083878247070312 -0.30047172839355463
v 0.55719057141113293 -0.13194210815429686 -0.43528144445800782
v 0.87106748217773444 -0.073522071166992192 -0.70579043115234374
v 0.82873534667968762 -0.10228499157714845 -0.61158969104003913
v 0.31126414453125001 -0.066684688232421879 -0.057086644775390619
v 0.75891331347656243 -0.13516170019531251 -0.39807109106445315
v 0.46140005883789065 -0.10083834436035155 -0.18561555944824218
v 0.50682579199218758 -0.10488908801269531 -0.11125138684082031
v 0.86443980615234373 -0.12571696044921876 -0.32774929748535153
v 1.0601739591064452 -0.073522363403320329 -0.365266808959961
v 0.98817624902343737 -0.10228527551269531 -0.29122542407226559
v 0.29943455086263027 -0.063741242350260408 0.0027029842122395847
v 0.81591322033691405 -0.13534409545898438 0.02532374487304688
v 0.52384959179687507 -0.1011136953125 0.10179299072265624
v 0.86020701464843752 -0.096254208984375006 0.3232438603515625
v 0.98027688256835943 -0.082065400268554689 0.30495780310058596
v 0.68878986694335942 -0.11334900378417968 0.19520257849121092
f 1 4919 4920
f 4919 4356 4920
f 3174 4356 4883
f 3176 4405 3174
f 3174 4405 4356
f 3175 4357 917
f 3174 4357 3175
f 3175 3176 3174
f 919 4358 3175
f 3176 3175 4358
f 1325 4359 4
f 4359 3178 4
f 4359 1325 4360
f 4360 3177 4359
f 3177 3178 4359
f 922 4882 4361
f 4882 4362 4361
f 4339 3178 4362
f 3178 3177 4362
f 3179 4363 5
f 4363 3181 5
f 1967 4363 3179
f 3180 4364 4921
f 4364 3181 4921
f 3181 4363 4921
f 3180 4365 4364
f 3182 4366 6
f 4366 3184 6
f 2099 4366 3182
f 3183 4367 4923
f 4367 3184 4923
f 3184 4366 4923
f 3183 4368 4367
f 3185 4369 7
f 4369 4370 7
f 2327 4369 3185
f 4370 4369 3187
f 3186 4371 3187
f 3188 4373 4372
f 2594 4373 3188
f 4374 3190 3189
f 3189 3190 4373
f 3190 4372 4373
f 930 4374 4828
f 4828 4374 3189
f 4375 4374 930
f 3192 4372 3190
f 4372 3192 8
f 3191 3190 4375
f 3190 4374 4375
f 3191 3192 3190
f 4376 3192 3191
f 3192 4376 2844
f 3195 4167 3193
f 4167 3195 9
f 3194 3193 4377
f 3193 4800 4377
f 3194 4378 3193
f 4378 3195 3193
f 3195 4378 933
f 3198 4163 3196
f 4163 3198 10
f 3197 3196 4379
f 3196 4781 4379
f 3197 4380 3196
f 4380 3198 3196
f 3198 4380 1326
f 3201 4159 3199
f 4159 3201 11
f 3200 3199 4381
f 3199 4763 4381
f 3200 4382 3199
f 4382 3201 3199
f 3201 4382 1667
f 3204 12 3202
f 3203 3202 4383
f 3202 4744 4383
f 3203 4384 3202
f 4384 3204 3202
f 3204 4384 1968
f 3207 4385 3205
f 4385 3207 13
f 3206 3205 4386
f 3205 4725 4386
f 3206 4387 3205
f 4387 3207 3205
f 3207 4387 2100
f 3210 4388 3208
f 4388 3210 14
f 3209 3208 4389
f 3208 4706 4389
f 3209 4390 3208
f 4390 3210 3208
f 3210 4390 2328
f 3213 4391 3211
f 4391 3213 15
f 3212 3211 4392
f 3211 4688 4392
f 3212 4393 3211
f 4393 3213 3211
f 3213 4393 2595
f 1 4924 4925
f 4924 4394 4925
f 4395 4394 3214
f 3215 4397 947
f 4396 4397 3215
f 4926 4397 4396
f 4396 4927 4926
f 4926 4927 3214
f 4927 4395 3214
f 4396 3216 4927
f 3216 4395 4927
f 3215 4398 4396
f 3216 4396 4398
f 4399 4394 4924
f 3214 4394 4399
f 3218 4401 949
f 4400 4401 3218
f 4400 3217 4401
f 4400 4926 3217
f 3217 4926 3214
f 947 4397 3218
f 3218 4397 4400
f 4397 4926 4400
f 1 4920 4924
f 4920 4399 4924
f 3217 3214 4402
f 3214 4399 4402
f 3220 4404 951
f 4403 4404 3220
f 4403 3219 4404
f 4403 3217 3219
f 3219 3217 4402
f 949 4401 3220
f 3220 4401 4403
f 4401 3217 4403
f 4356 4399 4920
f 4405 4399 4356
f 3219 4402 4405
f 4402 4399 4405
f 3221 4358 919
f 4406 4358 3221
f 4406 3176 4358
f 4406 3219 3176
f 3176 3219 4405
f 951 4404 3221
f 3221 4404 4406
f 4404 3219 4406
f 1330 3222 2
f 3222 4407 2
f 1322 4407 3222
f 4189 1322 3222
f 3 4408 3223
f 3223 4408 21
f 2331 23 2341
f 2851 25 1343
f 3224 26 3225
f 3224 3225 954
f 3226 27 3227
f 3226 3227 1334
f 3228 28 3229
f 3228 3229 957
f 3230 29 3231
f 3230 3231 1337
f 3146 13 2108
f 3146 1969 13
f 3145 2101 14
f 3234 2108 13
f 3144 15 2602
f 3144 2329 15
f 3143 2596 16
f 3235 2602 15
f 3236 4413 17
f 2847 4413 3236
f 3237 4414 18
f 1042 4414 3237
f 17 4415 3236
f 3236 4415 35
f 3238 4416 19
f 1329 4416 3238
f 18 4417 3237
f 3237 4417 36
f 3223 4418 3
f 1669 4418 3223
f 19 4419 3238
f 3238 4419 37
f 2113 3253 21
f 3241 2108 31
f 3242 2338 32
f 3245 2602 33
f 3247 2856 34
f 1347 3250 1338
f 3251 3262 35
f 1984 3264 36
f 3252 3266 37
f 3253 2113 976
f 3239 49 4421
f 2341 40 3268
f 963 51 4422
f 42 3254 52
f 1982 2860 3254
f 43 3255 53
f 44 3256 54
f 2342 1358 3256
f 45 3257 55
f 3276 3244 967
f 3280 3249 969
f 3264 1984 2859
f 62 3288 4421
f 3268 63 80
f 52 66 3270
f 52 3270 2118
f 53 67 3271
f 53 3271 2347
f 54 68 3272
f 54 3272 2609
f 2609 3272 980
f 55 69 3273
f 55 3273 1359
f 1360 1992 982
f 1360 70 1992
f 1360 30 3258
f 57 3246 3278
f 74 3281 46
f 59 3250 3282
f 2862 75 47
f 75 3283 47
f 76 3284 48
f 978 61 39
f 61 3285 39
f 3287 3288 79
f 79 3288 62
f 3291 79 62
f 2418 3291 4082
f 81 2611 3269
f 4080 4053 80
f 2121 2610 4080
f 2610 4053 4080
f 3293 81 64
f 2866 3293 4079
f 3294 986 3270
f 66 82 3294
f 4077 992 65
f 2612 3295 4077
f 3295 992 4077
f 67 83 3271
f 1367 3271 3132
f 3317 1689 3272
f 68 84 3317
f 69 85 3273
f 1369 3273 3129
f 2122 982 1992
f 2122 1992 86
f 71 4072 56
f 4072 3296 56
f 1353 3296 1993
f 72 3298 57
f 1685 3298 2124
f 73 4068 58
f 4068 3299 58
f 1346 3299 2351
f 3300 72 3278
f 2120 3301 989
f 3302 59 3282
f 3302 3282 1371
f 3307 93 3306
f 3306 93 1994
f 2024 3307 3306
f 2352 3307 2024
f 3308 3307 2352
f 2364 3308 2352
f 4425 3309 94
f 3309 2614 94
f 3309 2419 3135
f 3311 94 3310
f 3310 94 2614
f 2865 3311 3310
f 2867 3312 2616
f 3312 3975 2616
f 993 95 3312
f 3312 2867 993
f 3313 95 993
f 3315 4426 2869
f 3315 1376 4426
f 4426 1376 3314
f 3314 3316 96
f 3316 1693 96
f 3314 1376 3316
f 3320 4427 3318
f 4427 3320 97
f 3319 3318 995
f 3319 1997 3318
f 1997 3320 3318
f 2357 3321 1378
f 3322 4072 87
f 3322 1993 4072
f 3322 2357 1993
f 3324 72 3323
f 2872 3323 2864
f 4018 2870 3324
f 3325 4068 88
f 3325 2351 4068
f 3325 2873 2351
f 1381 3326 1371
f 4010 1379 89
f 3302 3326 89
f 3326 3302 1371
f 3328 2000 91
f 4584 2050 91
f 3327 91 2050
f 2000 3328 3329
f 3331 3330 2078
f 2126 3332 3333
f 3331 3334 3330
f 2359 2360 3331
f 4428 3331 2360
f 4428 3334 3331
f 3330 4429 101
f 2362 101 4429
f 3334 4429 3330
f 4430 4431 2365
f 4431 4430 3336
f 3336 3335 4431
f 2621 104 3335
f 3978 4432 102
f 3337 4432 3978
f 2626 3337 2517
f 105 4433 2875
f 2623 3338 999
f 3338 2623 3339
f 3339 4433 3338
f 4434 4433 3339
f 2875 4433 4434
f 4435 104 2621
f 1004 3340 998
f 3343 106 3342
f 3342 3341 4436
f 3341 1384 4436
f 1000 3343 3342
f 105 2875 3344
f 3345 1002 3346
f 3346 4437 3345
f 1386 107 4437
f 3346 3965 4437
f 1386 4437 3965
f 3347 3345 4437
f 1002 3345 1699
f 3321 98 3348
f 3959 1378 3348
f 1378 3321 3348
f 3351 108 3349
f 3350 3349 2003
f 3350 3351 3349
f 1388 4438 3350
f 4438 3351 3350
f 3353 4439 3352
f 3353 99 4439
f 4440 98 4017
f 3354 4440 4017
f 3355 3356 4009
f 4442 3355 1998
f 4442 3356 3355
f 4443 99 4009
f 3356 4443 4009
f 3357 3358 4000
f 2128 2130 3357
f 4444 3357 2130
f 4444 3358 3357
f 4000 4445 100
f 2134 100 4445
f 3358 4445 4000
f 2619 3360 3359
f 2879 3360 2619
f 2880 103 4446
f 3360 4446 3359
f 1003 113 3361
f 3361 3362 1003
f 3364 3365 1389
f 3366 113 3922
f 113 1003 3922
f 3368 3369 115
f 4450 115 3369
f 4450 1702 115
f 1389 4451 114
f 3370 4451 1389
f 3371 4451 3370
f 1595 3371 3370
f 3372 3373 2007
f 4452 2007 3373
f 1704 3372 2054
f 1704 3373 3372
f 3908 108 2136
f 3349 108 3908
f 117 4453 3899
f 3374 3375 4453
f 4454 2090 2009
f 4454 3375 3374
f 3376 3377 109
f 2133 1701 3376
f 2136 108 4455
f 3379 4455 3378
f 2366 3381 3380
f 2370 3381 2366
f 2368 109 4456
f 3381 4456 3380
f 2878 3383 3382
f 2625 3383 2878
f 2628 110 4457
f 3383 4457 3382
f 4458 111 2884
f 3385 111 4458
f 3385 4458 3384
f 2708 3385 3089
f 1010 112 3386
f 3387 3388 4459
f 3388 1393 4459
f 4459 1393 122
f 2888 3387 1013
f 4460 1705 123
f 3389 4461 4460
f 4461 1705 4460
f 3389 4460 3390
f 3390 1631 3389
f 1631 1395 3389
f 2010 124 3391
f 2011 124 2010
f 3391 124 3392
f 3393 4462 3392
f 4462 3391 3392
f 3393 1707 4462
f 3394 3395 3802
f 3395 125 3802
f 3395 3394 2013
f 2140 125 3395
f 2146 124 2011
f 3396 2146 2011
f 3397 2269 2142
f 3397 4463 126
f 4463 2374 126
f 4464 125 2140
f 3398 125 4464
f 117 3094 4465
f 2375 4465 2477
f 3399 3893 119
f 2371 4466 3082
f 118 3400 3401
f 112 1010 3402
f 1006 4467 3081
f 3403 4468 3404
f 119 3403 3404
f 1015 1409 1398
f 129 1409 1015
f 4459 122 3405
f 3406 4459 1708
f 4459 3405 1708
f 3387 4459 3406
f 1013 3387 3406
f 3829 1711 1401
f 2151 1713 3825
f 3407 2151 3825
f 3407 132 2151
f 2058 132 3822
f 2378 134 2152
f 2018 134 2378
f 2145 156 134
f 3408 2145 134
f 2147 135 2645
f 3409 2892 135
f 3410 1031 136
f 3411 3410 2149
f 3411 3071 3410
f 1031 3071 2380
f 1031 3410 3071
f 3412 2382 160
f 2381 137 2382
f 138 3413 1718
f 1718 3413 3414
f 1714 3414 2636
f 1718 3414 1714
f 126 3415 2637
f 3415 2639 3416
f 3415 3416 2637
f 3415 4469 2639
f 2894 140 3417
f 127 2630 2895
f 2897 2895 3418
f 3418 2895 2630
f 3418 4470 3419
f 2897 3418 3419
f 3062 128 3420
f 3421 128 3062
f 3420 1021 3062
f 3422 3420 1023
f 3423 1023 3420
f 3771 3424 1405
f 3424 3771 3425
f 3425 121 3424
f 3424 121 4473
f 1407 3058 3426
f 3424 4473 3426
f 1026 3882 3427
f 3427 3882 120
f 3427 1016 1017
f 3427 120 1016
f 1026 3427 3056
f 1729 1411 153
f 2377 155 2065
f 135 158 2788
f 135 2788 2645
f 2892 159 2725
f 137 161 1554
f 140 166 3429
f 140 2894 2150
f 141 3430 168
f 169 2390 2385
f 3430 2390 168
f 1020 2391 142
f 2770 1022 2899
f 173 3755 1034
f 1406 1415 145
f 145 1415 2028
f 176 1553 1721
f 1722 3431 1716
f 2029 177 1697
f 1418 1039 174
f 1035 1039 1418
f 175 1725 1036
f 1723 1036 1725
f 1036 1723 3054
f 3432 145 2034
f 2032 3432 2034
f 2156 176 2158
f 146 2397 2396
f 2647 2029 2649
f 177 2029 2393
f 2029 2647 2393
f 147 2036 3433
f 3433 1696 147
f 2162 2021 148
f 2160 2021 2162
f 2399 149 2400
f 149 2399 1409
f 150 2642 2386
f 131 2903 2902
f 2902 1401 131
f 1043 151 1028
f 1029 152 1425
f 1729 1728 1411
f 2065 155 2165
f 3435 3434 2404
f 3434 2152 156
f 3435 2152 3434
f 213 2168 1607
f 217 2653 216
f 2047 3437 3436
f 231 3436 3437
f 233 1054 3438
f 2800 3438 2656
f 235 1272 1744
f 1272 235 1739
f 1056 1744 1272
f 1909 236 1739
f 242 2660 241
f 3439 2410 2505
f 2803 232 3439
f 2804 3737 232
f 2804 232 2803
f 3440 1257 1064
f 3040 235 1744
f 241 261 254
f 2808 261 241
f 184 2033 3735
f 2663 2810 3442
f 1279 3443 258
f 2662 255 262
f 3734 185 3445
f 2809 3445 2811
f 1070 1260 1261
f 3727 265 258
f 268 2091 253
f 2814 271 2813
f 1068 186 1075
f 1077 3722 264
f 3447 265 276
f 266 277 1609
f 3719 1918 3455
f 1286 2097 3450
f 3451 286 2440
f 277 2440 1609
f 1748 2298 287
f 290 1083 297
f 1727 3452 188
f 3452 1751 1749
f 2180 3455 3454
f 3455 3453 3454
f 3455 284 3453
f 2301 2302 285
f 2302 3450 285
f 2302 2296 3450
f 2440 286 2604
f 1268 289 1084
f 3456 189 2039
f 3456 1923 1921
f 3038 3454 292
f 2105 3454 3038
f 2301 293 3457
f 2301 3457 2304
f 2604 294 2185
f 1086 1291 304
f 1087 305 1755
f 1753 2190 298
f 3457 2303 1931
f 1925 3457 1931
f 1089 3458 2189
f 2185 3458 1089
f 1091 1760 314
f 303 1091 1092
f 3459 2188 2670
f 309 3459 2672
f 309 2672 2671
f 2671 3037 309
f 3460 310 2816
f 3460 3461 310
f 3461 3460 2817
f 3461 2817 1931
f 1089 3462 1093
f 1762 321 314
f 3463 192 2676
f 3463 2676 2514
f 316 3464 2311
f 2312 3695 3465
f 2693 3467 317
f 3467 2693 3466
f 2674 3467 3466
f 3468 3694 327
f 3468 327 2718
f 2680 3468 3696
f 321 1762 1767
f 2191 1764 322
f 3469 325 2677
f 1096 325 3469
f 3023 2694 326
f 2694 3023 2820
f 1937 2193 322
f 547 332 331
f 333 1099 2683
f 2684 333 2683
f 2495 342 3019
f 2825 3471 334
f 1769 1938 1772
f 339 2193 1941
f 339 348 340
f 1941 347 348
f 1300 2685 341
f 2686 341 2685
f 3013 2497 350
f 3473 2730 351
f 343 1104 3011
f 3472 1104 343
f 1947 1777 3010
f 1948 347 1944
f 1731 1428 196
f 1771 1428 1731
f 349 2688 2689
f 2496 2686 2689
f 2686 349 2689
f 2828 3474 2690
f 2762 359 2730
f 2830 2762 2730
f 1779 367 368
f 1950 2195 357
f 2506 357 2691
f 2761 3475 2781
f 3475 2828 358
f 2828 3475 2761
f 3476 2314 2315
f 2692 3000 372
f 3000 2692 2510
f 3001 1842 2834
f 3477 373 1114
f 384 2697 383
f 2200 393 1955
f 1780 393 2200
f 403 1117 1956
f 1306 1116 2317
f 1306 404 1116
f 1307 398 1305
f 407 1783 405
f 2205 355 2203
f 1117 410 409
f 410 1118 411
f 1308 412 1119
f 406 405 1783
f 2201 394 2206
f 426 384 2837
f 1957 428 421
f 424 430 2320
f 1122 427 1958
f 2206 1311 417
f 2699 395 418
f 396 418 1784
f 2045 401 396
f 2045 421 519
f 1776 345 1792
f 437 2839 2322
f 456 1961 1321
f 459 2208 460
f 462 2841 466
f 1483 471 1482
f 1483 470 471
f 462 466 474
f 467 469 1564
f 473 479 2521
f 1484 467 481
f 1564 482 481
f 2521 479 486
f 490 482 475
f 1571 1570 1565
f 307 1929 2187
f 1574 1573 496
f 1879 504 497
f 507 508 1131
f 509 506 1491
f 1791 524 1472
f 1133 528 2780
f 2047 3436 2172
f 263 262 270
f 1497 1314 425
f 1738 283 282
f 1125 2782 2770
f 172 2770 2782
f 1136 518 513
f 2528 518 437
f 409 2525 2318
f 2318 2205 409
f 498 2459 2345
f 336 1301 1501
f 1502 536 1496
f 1498 1314 1497
f 1583 2697 384
f 2464 373 382
f 526 3666 1506
f 238 237 3481
f 2175 2287 3481
f 1874 260 2066
f 278 1916 267
f 1916 278 287
f 1576 515 1654
f 1295 1568 488
f 1489 1129 486
f 1765 1756 305
f 548 550 2271
f 2463 533 551
f 554 323 546
f 493 552 484
f 494 552 493
f 405 1782 397
f 557 405 397
f 368 1804 378
f 561 407 1802
f 1590 407 561
f 562 1805 561
f 1130 411 1119
f 529 2991 1508
f 491 483 2462
f 495 491 1134
f 2319 2523 492
f 271 2523 2813
f 435 473 1127
f 532 2212 2213
f 908 567 568
f 570 1510 2214
f 2323 449 448
f 205 1147 1520
f 1147 211 210
f 579 1886 2533
f 2466 1911 238
f 238 1911 237
f 2584 2531 239
f 2531 2174 239
f 1255 1504 1256
f 242 1256 1504
f 242 1504 2660
f 1871 470 1483
f 467 466 2843
f 1965 467 2843
f 463 1963 462
f 1146 1594 435
f 1594 2049 435
f 565 1592 1510
f 440 1959 441
f 1789 1869 448
f 1869 1964 448
f 2209 229 2079
f 2209 459 229
f 225 1059 3483
f 3483 1059 1060
f 226 3483 228
f 2170 221 2177
f 2076 572 213
f 2173 572 2076
f 582 1149 2171
f 3484 1053 231
f 1053 3485 231
f 1052 3485 1053
f 3485 1052 2172
f 3484 231 2657
f 3484 2657 2512
f 234 1436 1485
f 236 1812 2659
f 1562 236 2659
f 1562 1272 236
f 538 537 1542
f 1545 538 1542
f 3486 374 1560
f 395 2699 2201
f 584 1798 583
f 1133 2978 288
f 2536 586 2537
f 2300 587 2538
f 2217 2154 2974
f 2219 2154 2217
f 1889 168 1887
f 1720 168 1889
f 166 140 1288
f 1516 166 1288
f 165 1032 1151
f 1153 165 1151
f 1154 1891 2787
f 2786 2027 164
f 2541 594 2470
f 2471 3487 2292
f 2153 2026 162
f 2221 2026 2153
f 160 1554 1603
f 1603 2965 160
f 1277 1413 2965
f 136 1413 1277
f 136 1277 1051
f 600 1894 3488
f 1158 600 3488
f 2544 602 2473
f 2388 3434 156
f 2289 3434 2388
f 606 1897 1160
f 1735 1521 219
f 609 219 1521
f 2791 2547 615
f 2716 2795 3642
f 621 1900 2226
f 621 2482 1900
f 1898 2072 2226
f 1526 623 1174
f 1526 2796 623
f 1169 625 1480
f 628 2063 629
f 2712 3634 1165
f 2712 616 3634
f 3489 616 2712
f 1316 1530 1173
f 1172 2792 1166
f 2959 1172 1166
f 617 1524 1531
f 1899 1819 619
f 2798 629 638
f 3491 639 3490
f 3491 3490 1534
f 1177 3491 1534
f 1462 640 1620
f 632 1317 1616
f 2550 635 2487
f 2486 2550 2487
f 590 1536 1515
f 3495 1478 1539
f 641 1903 1850
f 2488 2486 649
f 3498 1602 591
f 1618 1602 3498
f 1601 591 1602
f 1540 4474 2231
f 649 667 1181
f 2488 649 1181
f 1182 2493 2551
f 2458 1183 2487
f 1626 644 662
f 1907 1890 592
f 1904 1907 592
f 2230 2232 3499
f 2490 665 2554
f 1188 649 1183
f 1626 1627 660
f 1627 1626 1628
f 2234 593 2074
f 1891 593 2948
f 2726 673 3501
f 2558 3501 2501
f 2558 2726 3501
f 1189 675 1432
f 3502 2414 677
f 2283 2414 3502
f 2413 672 3503
f 2435 2413 3503
f 3504 3503 678
f 3503 3504 1815
f 2238 3501 2944
f 3501 2420 2944
f 3501 673 2420
f 2758 674 679
f 2563 2758 679
f 2758 2417 2757
f 2417 2758 2563
f 2945 689 1818
f 2944 3505 1194
f 3599 688 2738
f 2562 688 3599
f 689 2942 1818
f 3594 2742 1200
f 3507 3508 705
f 2569 3508 3507
f 2745 3509 1073
f 707 3510 1204
f 1827 1639 699
f 1636 701 1828
f 1638 704 2746
f 1440 704 1638
f 2807 3511 2705
f 2806 2746 2743
f 3512 3513 714
f 1110 3513 3512
f 3514 1072 3515
f 3510 715 1544
f 1828 710 2424
f 2423 711 2425
f 2245 711 2423
f 1829 712 2748
f 1829 3516 712
f 1642 3516 1829
f 2750 721 2836
f 2704 712 2747
f 713 2934 1109
f 1447 1644 723
f 716 1833 1834
f 2427 718 2426
f 1832 720 2751
f 1832 2751 728
f 2752 3518 729
f 730 1143 1124
f 1451 731 1453
f 1445 1450 722
f 1838 724 1836
f 3520 724 1838
f 1960 724 3520
f 2429 1837 726
f 728 3521 2753
f 2928 2250 2753
f 3521 2858 2755
f 2858 3521 728
f 736 2759 3525
f 3525 2433 736
f 2573 2433 3525
f 2760 2759 2889
f 737 3526 1212
f 757 756 390
f 199 2372 2314
f 1842 380 3528
f 381 2252 2253
f 2253 2923 381
f 381 2923 1115
f 2697 760 383
f 757 2695 389
f 767 2439 1845
f 742 1238 743
f 762 1218 764
f 1846 768 2763
f 791 1648 799
f 792 1852 2443
f 1121 427 1223
f 3529 795 2080
f 3529 2445 795
f 1460 787 2765
f 2251 1839 733
f 2258 2251 733
f 801 2577 781
f 828 827 2263
f 820 829 837
f 830 821 837
f 2264 834 1854
f 837 836 2511
f 2772 837 2511
f 1806 839 2912
f 847 2912 839
f 849 841 898
f 2579 687 2583
f 501 503 1572
f 1236 851 852
f 506 1466 1491
f 684 1633 1816
f 800 789 1222
f 1629 670 2239
f 863 2588 2069
f 1241 870 2921
f 587 3530 4475
f 644 2768 2774
f 2452 2453 861
f 866 1656 861
f 2452 1656 2530
f 862 1655 1808
f 1660 715 1643
f 2773 795 2590
f 2464 382 2437
f 1557 2437 753
f 216 215 2529
f 2480 624 1175
f 2085 2228 2083
f 668 1187 2086
f 873 1187 668
f 2592 843 842
f 1546 719 2425
f 2453 879 1547
f 1796 840 895
f 899 886 887
f 1797 902 900
f 1845 765 766
f 3537 1242 1162
f 1162 1242 864
f 874 847 846
f 2912 875 2273
f 741 742 800
f 453 447 1319
f 461 460 454
f 226 1429 1522
f 222 223 612
f 223 222 2169
f 1608 608 212
f 2468 580 914
f 620 2060 2072
f 3532 3546 1793
f 618 3532 1793
f 3533 2716 615
f 3533 2476 1163
f 1163 2716 3533
f 2795 2716 2848
f 911 608 2276
f 2276 2499 911
f 2073 911 2499
f 2284 2324 214
f 2324 2284 3535
f 610 222 1528
f 611 614 1902
f 230 2285 613
f 1514 2061 585
f 1549 3536 1650
f 3536 1251 906
f 3536 906 1650
f 818 1650 817
f 1652 818 819
f 821 2261 2096
f 2503 822 2767
f 2503 2767 1231
f 1653 1267 824
f 1527 627 609
f 2719 627 1615
f 626 2796 1171
f 2904 2796 1526
f 1550 625 1551
f 1480 625 1550
f 877 1246 1168
f 386 1315 1645
f 731 723 1790
f 1664 1790 723
f 1556 872 1479
f 765 771 770
f 840 833 1862
f 1162 876 1245
f 726 719 892
f 1251 1559 1228
f 667 676 1181
f 676 1473 1181
f 1473 1474 659
f 668 1474 873
f 703 702 885
f 727 726 892
f 891 727 892
f 883 916 540
f 916 584 540
f 2216 540 584
f 910 574 1798
f 910 1798 916
f 1550 910 916
f 916 1798 584
f 866 861 1862
f 840 1862 861
f 1867 1162 864
f 3537 1162 1245
f 2913 3537 1245
f 1244 2913 1245
f 1244 651 2274
f 1244 1179 651
f 876 1162 1867
f 1867 864 661
f 801 1861 854
f 801 781 1861
f 766 770 769
f 767 1845 766
f 2439 767 1458
f 2439 1458 768
f 763 768 1458
f 768 763 1646
f 1646 763 764
f 872 880 1479
f 754 739 3538
f 3538 759 1645
f 759 1665 882
f 739 1790 3538
f 3538 1665 759
f 882 1665 881
f 1664 1665 1790
f 1790 1665 3538
f 731 1790 739
f 881 1663 1662
f 1662 1868 881
f 1663 1664 723
f 881 1665 1663
f 1663 1665 1664
f 759 1457 1645
f 1457 386 1645
f 3538 1645 754
f 1645 1315 754
f 1315 1304 754
f 754 1303 539
f 1233 652 877
f 1233 877 630
f 883 1481 916
f 1480 1550 1481
f 1481 1550 916
f 1552 910 1550
f 1552 1550 1551
f 571 1552 2481
f 2284 571 2481
f 2481 1552 1551
f 1666 1171 2904
f 883 1666 2904
f 883 2904 1481
f 1481 2904 1480
f 2904 1171 2796
f 1480 2904 1169
f 2719 626 1171
f 1170 2719 1171
f 1171 1666 1170
f 1170 1666 1247
f 1170 1247 215
f 1247 1666 883
f 2719 1170 609
f 2719 1615 626
f 1527 609 610
f 1521 610 609
f 2719 609 627
f 825 824 1232
f 1653 824 825
f 825 1795 1653
f 1653 1795 813
f 825 2905 1795
f 2905 2262 1795
f 2262 813 1795
f 814 813 2262
f 814 2262 815
f 2905 825 826
f 2465 815 2262
f 2465 2262 2905
f 2905 826 2446
f 2465 2905 2446
f 2285 2465 2446
f 230 2465 2285
f 1267 1653 1230
f 812 1230 1653
f 1653 813 812
f 1267 811 1231
f 1230 811 1267
f 824 2767 823
f 1231 2767 1267
f 824 1267 2767
f 2581 809 2502
f 811 2581 2502
f 810 2581 811
f 811 2502 1231
f 2502 2503 1231
f 2502 809 2582
f 2503 2582 2096
f 2503 2502 2582
f 2503 2096 2261
f 2261 822 2503
f 2096 2095 2260
f 808 807 2095
f 808 2095 809
f 2096 2582 2095
f 809 2095 2582
f 807 2259 2095
f 2259 2260 2095
f 821 2260 820
f 821 2096 2260
f 807 3539 2259
f 2259 1652 2260
f 1652 819 2260
f 2260 819 820
f 1464 1651 3539
f 1464 3539 439
f 3539 1652 2259
f 1651 1652 3539
f 439 3539 807
f 1464 1649 1651
f 806 1649 1464
f 1650 818 1651
f 1651 818 1652
f 3540 1650 1651
f 1651 1649 3540
f 817 1650 906
f 1228 1559 1463
f 805 1228 1463
f 1853 1559 2062
f 2062 1251 1549
f 1559 1251 2062
f 1853 2062 1514
f 3541 1549 909
f 1548 3541 909
f 1549 1650 3540
f 909 1549 3540
f 1649 909 3540
f 909 1649 806
f 905 2061 1548
f 1548 2061 3541
f 1549 3541 2061
f 2061 1514 2062
f 2061 2062 1549
f 3536 1549 1251
f 2061 905 585
f 810 449 2581
f 1230 1229 811
f 1230 812 1229
f 813 814 457
f 2446 614 2285
f 614 613 2285
f 614 2446 2286
f 1902 614 2286
f 2446 1233 2286
f 1233 2446 826
f 816 815 2465
f 816 2465 230
f 1902 1320 611
f 2063 1320 1902
f 2063 1902 630
f 1902 2286 630
f 610 1528 1527
f 1528 628 1527
f 2063 628 1528
f 2063 1528 1320
f 1320 1528 222
f 1320 222 612
f 2324 3535 2325
f 622 2325 3535
f 622 3535 2548
f 2548 3535 2906
f 2481 3535 2284
f 2906 3535 2481
f 2906 2481 1551
f 2480 2906 1551
f 624 1551 625
f 2480 1551 624
f 2072 2073 2907
f 2060 2073 2072
f 2072 2907 2226
f 2907 2073 2499
f 2498 2907 2499
f 2226 2907 2498
f 2498 621 2226
f 2498 2325 622
f 2498 622 621
f 2499 2275 2325
f 2498 2499 2325
f 2324 2325 2275
f 2275 2499 2276
f 2275 2276 1608
f 2324 2275 1608
f 2276 608 1608
f 618 1799 1613
f 618 1613 1523
f 1799 2225 3542
f 1614 3542 2225
f 1799 3542 1613
f 1611 3542 1614
f 1613 3542 1611
f 3543 2225 607
f 3543 1614 2225
f 1252 604 914
f 604 2908 914
f 907 908 915
f 3544 2279 915
f 915 2279 907
f 2070 2279 586
f 2070 2071 2279
f 2279 2071 907
f 2848 2715 2849
f 913 2849 2715
f 1163 2848 2716
f 2848 1163 2715
f 913 2715 200
f 2715 1163 604
f 604 1163 2908
f 2908 1163 2476
f 914 2908 2720
f 2720 3534 914
f 2720 2908 2476
f 3534 3544 915
f 3534 2720 3544
f 3544 2720 2475
f 3544 2475 2279
f 2720 2476 3545
f 2720 3545 2475
f 2279 2475 586
f 1520 2225 1800
f 607 2225 1520
f 2225 1799 1800
f 1800 1799 605
f 912 1520 1800
f 912 1800 605
f 1799 618 605
f 618 2909 605
f 2909 1519 605
f 1519 2909 2910
f 2910 206 1519
f 206 2910 578
f 1793 2909 618
f 2910 2909 1793
f 1793 1794 2910
f 1794 578 2910
f 913 578 1794
f 1794 2849 913
f 2911 1794 1793
f 2911 2849 1794
f 2848 2849 2911
f 2911 1793 3546
f 2848 2911 2795
f 615 2716 3642
f 911 2073 606
f 2073 2060 1897
f 606 2073 1897
f 1614 3543 620
f 2060 620 3543
f 2060 3543 1897
f 1897 3543 607
f 1160 1897 607
f 908 568 915
f 1253 915 568
f 568 2468 1253
f 914 1253 2468
f 1253 3534 915
f 3534 1253 914
f 1252 914 580
f 913 200 2508
f 578 913 2508
f 2533 2508 200
f 206 578 207
f 912 605 205
f 205 605 1896
f 209 911 606
f 911 209 575
f 1520 912 205
f 607 1520 1160
f 1160 1520 210
f 210 1520 1147
f 575 608 911
f 214 571 2284
f 214 2168 571
f 571 910 1552
f 1884 910 571
f 910 1884 574
f 219 609 218
f 218 609 1170
f 1801 2169 222
f 611 1522 614
f 1522 1429 614
f 814 815 461
f 814 461 454
f 457 812 813
f 812 457 450
f 450 457 1321
f 453 810 811
f 1319 810 453
f 2116 809 449
f 809 2116 808
f 2116 449 2323
f 439 807 445
f 442 806 1464
f 909 806 442
f 442 569 909
f 909 569 1548
f 567 908 2071
f 2070 2783 532
f 532 2213 2070
f 2071 2070 2213
f 2213 567 2071
f 2071 908 907
f 906 1251 804
f 569 564 905
f 569 905 1548
f 585 905 1144
f 564 1144 905
f 1238 742 741
f 796 755 521
f 740 796 742
f 796 740 755
f 800 742 796
f 817 906 827
f 827 906 803
f 906 804 803
f 2580 803 804
f 1233 653 652
f 826 848 653
f 825 848 826
f 1233 826 653
f 848 832 1806
f 832 839 1806
f 832 848 825
f 1246 638 1168
f 876 638 1246
f 662 638 876
f 391 1113 758
f 503 904 854
f 510 904 503
f 747 904 510
f 1475 875 847
f 2912 2273 1857
f 1866 654 1857
f 651 654 1866
f 1866 1857 3547
f 651 1866 2274
f 3547 1857 2273
f 3547 2274 1866
f 1475 847 874
f 1242 865 864
f 1475 1242 1243
f 1243 2273 875
f 3537 2913 1243
f 1243 1242 3537
f 2913 2273 1243
f 3547 2273 2913
f 3547 2913 1244
f 3547 1244 2274
f 2922 780 781
f 781 780 855
f 1861 781 855
f 855 780 1236
f 855 1236 852
f 784 1797 776
f 1797 777 776
f 750 785 747
f 747 785 904
f 904 785 854
f 801 854 785
f 1259 748 903
f 1797 784 1259
f 902 1259 903
f 1259 902 1797
f 903 757 901
f 757 903 748
f 758 1113 749
f 756 749 1113
f 765 777 771
f 1238 744 743
f 900 744 1238
f 901 745 744
f 902 903 901
f 902 744 900
f 749 748 1259
f 783 749 1259
f 784 783 1259
f 1459 784 776
f 784 1459 782
f 801 785 782
f 783 785 750
f 387 746 745
f 387 745 388
f 1217 770 771
f 1238 771 900
f 766 765 770
f 902 901 744
f 742 743 740
f 740 743 746
f 901 757 1250
f 388 745 1250
f 388 1250 389
f 745 901 1250
f 900 777 1797
f 771 777 900
f 1846 1221 765
f 1846 765 1845
f 890 892 719
f 891 892 893
f 893 879 878
f 878 879 1211
f 2272 849 898
f 886 890 1546
f 899 890 886
f 896 899 887
f 889 886 888
f 1546 711 886
f 893 899 894
f 879 893 894
f 894 899 896
f 898 897 887
f 887 886 889
f 887 889 898
f 896 887 897
f 896 895 894
f 893 892 890
f 893 890 899
f 888 886 711
f 898 889 2272
f 2277 849 2272
f 889 885 2272
f 2277 2272 885
f 841 897 898
f 841 1796 897
f 897 1796 896
f 1796 895 896
f 895 1547 894
f 1547 879 894
f 893 878 891
f 719 1546 890
f 711 1546 2425
f 888 703 889
f 889 703 885
f 2245 888 711
f 702 1824 2455
f 3548 1824 684
f 1824 3548 1817
f 2455 1824 1817
f 1873 684 694
f 1824 694 684
f 1824 702 2422
f 1824 2422 2421
f 1824 2421 694
f 735 727 891
f 2589 735 891
f 878 2589 891
f 686 2455 1817
f 2455 2277 885
f 2455 885 702
f 1856 840 1796
f 1796 841 1856
f 842 841 849
f 842 849 2277
f 2592 842 2277
f 686 2451 884
f 2455 686 884
f 884 2451 2592
f 2455 884 2277
f 884 2592 2277
f 844 2592 2451
f 843 2592 844
f 863 2067 864
f 2067 863 670
f 2067 661 864
f 1863 868 867
f 867 868 1249
f 1248 1658 679
f 868 1658 1249
f 1658 2914 679
f 1657 2563 679
f 1657 679 2914
f 2563 1657 691
f 1235 873 867
f 1249 1248 1234
f 679 674 1248
f 1248 1249 1658
f 1187 873 1235
f 1186 1235 1234
f 666 1186 1234
f 1249 1235 867
f 1235 1249 1234
f 666 1234 1248
f 674 666 1248
f 1186 1187 1235
f 1186 666 658
f 2229 2493 659
f 659 668 2229
f 668 2086 2229
f 2086 1187 2085
f 2493 2229 650
f 2085 1186 648
f 1187 1186 2085
f 658 648 1186
f 2086 2084 2229
f 2229 2084 650
f 2084 2086 2083
f 2084 643 650
f 2228 2085 642
f 2085 2083 2086
f 642 2085 648
f 2916 2084 2227
f 643 636 2551
f 643 2084 2916
f 634 2227 2228
f 2084 2083 2227
f 2228 2227 2083
f 2915 2480 636
f 2480 1175 636
f 621 2479 2482
f 2916 2278 2915
f 2479 2278 2227
f 2482 2479 2227
f 2916 2227 2278
f 636 643 2915
f 2915 643 2916
f 2482 2227 634
f 624 625 1169
f 2480 2548 2906
f 2479 621 622
f 2278 622 2548
f 622 2278 2479
f 2548 2480 2915
f 2548 2915 2278
f 1247 540 2529
f 883 540 1247
f 215 1247 2529
f 868 869 1658
f 1658 869 2914
f 869 1470 2914
f 1470 1657 2914
f 1657 1469 691
f 691 1469 698
f 1471 1657 1470
f 1657 1471 1469
f 1241 1471 870
f 869 870 1470
f 1470 870 1471
f 698 1469 1535
f 1469 1471 1659
f 1659 1535 1469
f 1661 1471 1241
f 1659 1471 1661
f 1241 871 1661
f 1535 1643 707
f 1732 1643 1535
f 1535 1659 1732
f 1659 2917 1732
f 1643 1732 1660
f 1659 1661 2917
f 2917 1660 1732
f 3549 1844 1557
f 1844 1558 539
f 1558 1844 3549
f 3550 539 1558
f 754 539 3550
f 2464 2437 1557
f 1844 2464 1557
f 794 2257 760
f 2454 2591 760
f 882 1457 759
f 1457 882 2454
f 795 2445 794
f 2590 795 794
f 3531 2590 2591
f 881 3531 882
f 3531 2591 882
f 760 2591 794
f 2591 2590 794
f 882 2591 2454
f 2773 2590 872
f 872 2590 1868
f 872 1868 880
f 881 1868 3531
f 2590 3531 1868
f 880 1868 2917
f 1660 2917 1662
f 2917 1868 1662
f 1661 880 2917
f 880 1661 1479
f 1661 871 1479
f 715 1660 1663
f 1544 1663 1644
f 715 1663 1544
f 1660 1662 1663
f 1644 1663 723
f 1848 1807 1860
f 778 1807 1848
f 1807 778 2918
f 862 1807 2918
f 1808 1807 862
f 2576 778 2442
f 778 2576 2918
f 2576 862 2918
f 2576 735 862
f 1860 1807 853
f 853 1807 1567
f 1567 1807 1808
f 1655 859 1808
f 1567 1808 859
f 1656 2452 861
f 2452 2530 1655
f 1655 2530 859
f 866 2580 802
f 1862 2580 866
f 803 2580 2769
f 2580 1862 2769
f 833 2769 1862
f 895 840 1547
f 1547 840 861
f 2453 1547 861
f 878 2452 1655
f 878 1655 862
f 878 862 2589
f 735 2589 862
f 2453 2452 1211
f 878 1211 2452
f 879 2453 1211
f 514 1463 3551
f 3551 1463 1853
f 3551 1853 1514
f 178 1514 585
f 1853 1463 1559
f 2782 2783 172
f 2976 172 2783
f 532 2783 2782
f 2783 2070 2536
f 2536 2070 586
f 876 1867 662
f 877 1476 1246
f 1476 876 1246
f 1476 877 652
f 1245 876 1476
f 1476 2919 1245
f 1245 2919 1178
f 1244 1245 1178
f 2919 652 2951
f 1476 652 2919
f 2919 2951 1178
f 1178 1179 1244
f 1475 874 1242
f 1475 1243 875
f 850 2586 874
f 1242 874 865
f 874 2586 865
f 865 2588 863
f 2773 872 2081
f 2773 2080 795
f 2773 2081 2080
f 725 2080 2249
f 662 2774 638
f 638 2774 2768
f 2774 662 644
f 2476 3533 2547
f 615 2547 3533
f 2546 2475 3545
f 3545 2476 3644
f 3644 2476 2547
f 4475 2475 2546
f 3530 2475 4475
f 587 586 3530
f 2475 3530 586
f 846 850 874
f 682 1190 676
f 676 1190 1473
f 1239 1474 1473
f 873 1474 1239
f 1240 867 873
f 1240 873 1239
f 693 1240 1239
f 1239 1190 681
f 1473 1190 1239
f 872 1556 2081
f 717 2081 1556
f 717 2249 2081
f 2080 2081 2249
f 1556 1479 871
f 717 1556 2920
f 2920 2921 709
f 2921 2920 871
f 1556 871 2920
f 2920 709 2246
f 717 2920 2246
f 871 1241 2921
f 2266 2921 870
f 709 2921 2266
f 870 869 2266
f 2266 869 709
f 700 709 869
f 869 868 1863
f 869 1863 700
f 700 693 2244
f 700 1863 693
f 1240 1863 867
f 693 1863 1240
f 1239 681 693
f 865 2586 2588
f 670 2069 2239
f 2068 685 2239
f 2239 2069 2068
f 2068 2069 2588
f 2241 2068 2588
f 2242 2241 2588
f 2242 2588 2586
f 687 2242 2586
f 1432 675 683
f 1432 1433 1431
f 1433 682 676
f 676 1431 1433
f 683 2236 1434
f 683 675 2236
f 1632 683 1434
f 675 669 2236
f 2239 2236 1629
f 2239 1434 2236
f 2239 685 1434
f 521 432 796
f 800 796 789
f 800 1222 788
f 2587 1656 802
f 859 2530 2587
f 1656 2587 2530
f 802 1656 866
f 1567 859 860
f 859 1488 860
f 2587 1488 859
f 2587 802 805
f 1487 2587 805
f 1488 2587 1487
f 863 864 865
f 670 863 2069
f 2240 1817 3548
f 2240 3548 684
f 684 1816 2240
f 1816 685 2240
f 1048 846 831
f 514 2211 1463
f 1463 2211 3552
f 3552 805 1463
f 1487 2211 1126
f 1487 3552 2211
f 805 3552 1487
f 860 1126 509
f 1126 860 1487
f 1488 1487 860
f 747 510 391
f 747 391 758
f 509 1491 860
f 858 860 1491
f 1491 1466 858
f 853 860 858
f 853 1567 860
f 1466 505 1128
f 1128 858 1466
f 505 857 1128
f 1237 1128 851
f 851 1128 857
f 1128 1237 858
f 853 858 1237
f 505 856 857
f 505 504 856
f 856 852 851
f 851 857 856
f 496 1573 856
f 856 1573 852
f 1573 499 502
f 1861 855 502
f 1573 502 855
f 852 1573 855
f 1572 503 854
f 1572 1861 502
f 1861 1572 854
f 779 1849 2265
f 2265 1849 1848
f 1848 1859 851
f 2265 1848 851
f 851 1859 1237
f 1859 1860 1237
f 1859 1848 1860
f 1860 853 1237
f 779 2265 2256
f 780 2256 2265
f 1236 780 2265
f 1236 2265 851
f 2583 687 2586
f 2583 2586 850
f 2583 850 845
f 846 845 850
f 2579 686 687
f 686 2579 2451
f 2451 2579 844
f 2579 2802 844
f 2583 845 2579
f 845 2802 2579
f 1857 654 1855
f 1855 2912 1857
f 1855 1806 2912
f 875 2912 847
f 1858 1855 654
f 1855 1858 848
f 1806 1855 848
f 1858 654 1180
f 1858 1180 653
f 848 1858 653
f 846 847 831
f 846 1048 838
f 845 846 838
f 845 838 2802
f 838 2772 2802
f 2772 2511 2802
f 2511 844 2802
f 2511 836 844
f 843 844 836
f 835 2267 836
f 843 836 2267
f 843 2267 842
f 2267 835 834
f 2264 2267 834
f 2267 2264 842
f 842 2264 841
f 2264 1856 841
f 1856 2264 833
f 840 1856 833
f 833 2264 1854
f 839 831 847
f 1048 830 838
f 830 2772 838
f 2772 830 837
f 829 836 837
f 836 829 835
f 835 829 828
f 828 2263 835
f 835 2263 834
f 827 803 1854
f 1854 2263 827
f 2263 1854 834
f 803 2769 1854
f 833 1854 2769
f 832 825 1232
f 823 839 1232
f 832 1232 839
f 839 823 831
f 831 823 1048
f 1048 823 822
f 1048 822 830
f 822 2261 830
f 821 820 837
f 820 819 829
f 818 828 829
f 818 817 828
f 817 827 828
f 2286 1233 630
f 1232 824 823
f 2767 822 823
f 2261 821 830
f 819 818 829
f 458 816 230
f 461 816 458
f 816 461 815
f 457 814 454
f 454 1321 457
f 812 450 1229
f 811 1229 453
f 453 1229 450
f 810 1319 449
f 449 809 2581
f 807 808 2116
f 2116 445 807
f 1464 439 1318
f 1464 1318 442
f 802 1228 805
f 1251 1228 804
f 804 1228 2580
f 1228 802 2580
f 775 801 782
f 2258 725 2251
f 725 2258 2080
f 2080 2258 3529
f 741 1216 1217
f 800 1216 741
f 767 766 786
f 786 766 769
f 2578 767 786
f 786 769 788
f 1216 788 769
f 1216 800 788
f 1215 1460 2710
f 1460 1215 763
f 2710 1460 2765
f 2765 2711 2710
f 793 2711 2765
f 733 2711 793
f 2711 733 2254
f 2254 761 2710
f 2710 2711 2254
f 793 792 2444
f 2444 2445 3529
f 2444 3529 733
f 2444 733 793
f 733 3529 2258
f 431 799 2766
f 429 2766 798
f 429 798 433
f 2766 799 798
f 797 427 1122
f 1223 427 797
f 797 1122 433
f 432 1121 789
f 789 796 432
f 1121 1223 789
f 2997 2443 2700
f 2997 383 2443
f 2700 799 431
f 2443 2444 792
f 2444 2443 2257
f 383 760 2257
f 2257 2443 383
f 2443 1852 2700
f 2700 1852 799
f 1852 791 799
f 798 799 1648
f 798 1648 433
f 433 1648 790
f 433 790 797
f 1222 797 790
f 1223 797 1222
f 1223 1222 789
f 2444 2257 2445
f 2445 2257 794
f 793 2765 792
f 2765 2764 792
f 787 2764 2765
f 792 2764 1852
f 1852 2764 791
f 2764 787 791
f 787 767 1648
f 1648 767 2578
f 787 1648 791
f 2578 786 790
f 1648 2578 790
f 790 786 1222
f 786 788 1222
f 1460 763 1458
f 767 787 1458
f 1460 1458 787
f 749 783 750
f 785 783 782
f 782 783 784
f 775 782 1459
f 801 775 2577
f 2577 2922 781
f 2922 2577 774
f 2256 2922 774
f 780 2922 2256
f 774 2577 775
f 2575 774 775
f 2256 773 779
f 1647 773 2256
f 1647 2256 774
f 1849 772 2255
f 1849 2255 1848
f 1848 2255 778
f 1849 773 772
f 773 1220 772
f 773 1849 779
f 2255 2442 778
f 2431 2442 2441
f 2576 2442 735
f 772 2441 2442
f 2442 2255 772
f 765 1221 777
f 1221 776 777
f 1459 776 1221
f 2575 1459 1221
f 2575 775 1459
f 1221 1846 2575
f 2763 2575 1846
f 774 2575 2763
f 2763 768 1646
f 2763 1646 1647
f 2763 1647 774
f 1647 1646 1220
f 1647 1220 773
f 1646 764 1220
f 764 1218 1220
f 1218 1219 1220
f 772 1220 1219
f 772 1219 2441
f 2441 1219 2438
f 2438 1219 1218
f 2441 2438 734
f 2438 1840 734
f 732 2438 1218
f 732 1840 2438
f 1238 741 1217
f 1238 1217 771
f 1217 1216 770
f 1216 769 770
f 1846 1845 2439
f 1846 2439 768
f 764 763 1215
f 762 764 1215
f 762 1215 761
f 1215 2710 761
f 1218 762 732
f 732 762 761
f 761 2254 1839
f 1839 2254 733
f 378 756 1113
f 756 378 390
f 2695 757 390
f 375 755 387
f 760 1457 2454
f 1457 760 2697
f 1457 2698 386
f 3477 2437 382
f 3477 753 2437
f 3553 1115 3554
f 3553 3554 2198
f 2198 1227 3477
f 753 3477 1227
f 2923 3554 1115
f 1226 3554 2923
f 1227 2198 3558
f 2198 3554 3558
f 1226 2923 2253
f 1212 2253 752
f 1843 1952 1842
f 1952 1843 3555
f 2252 3555 1843
f 2924 1843 1842
f 752 2252 3557
f 2252 1843 3557
f 2252 752 2253
f 3556 1843 2924
f 1843 3556 3557
f 3557 3556 2703
f 3556 2924 2702
f 1841 3528 380
f 2924 1842 3528
f 3527 3528 1841
f 3527 2924 3528
f 2924 3527 2702
f 2372 2315 2314
f 2316 3476 2315
f 2436 1841 2315
f 2315 1841 2316
f 380 2316 1841
f 2436 751 1841
f 3527 1841 751
f 2436 2315 2372
f 603 2436 2372
f 2574 2436 603
f 756 757 748
f 757 389 1250
f 387 740 746
f 755 740 387
f 1557 753 738
f 1455 3549 1557
f 3549 1456 1558
f 738 1455 1557
f 3549 1455 1456
f 3550 1558 1456
f 3550 739 754
f 3550 1456 1454
f 739 3550 1454
f 1212 1226 2253
f 1226 1212 1213
f 3554 1226 3558
f 3526 1213 1212
f 1213 3558 1226
f 1227 3558 1214
f 1214 3558 3559
f 1227 1214 3560
f 1227 3560 753
f 3560 738 753
f 1264 3558 1213
f 3559 3558 1264
f 1214 3559 1210
f 1214 3522 3560
f 1214 1210 3522
f 3560 3522 738
f 2702 3561 2760
f 751 3561 3527
f 2702 3527 3561
f 2703 3556 2702
f 2760 3561 2759
f 2703 2702 2760
f 2703 3562 3557
f 1212 752 3562
f 3557 3562 752
f 2703 2760 2925
f 2925 3562 2703
f 1212 2925 737
f 3562 2925 1212
f 2760 2889 2890
f 2760 2890 2925
f 602 2432 2572
f 2473 602 2572
f 2474 2473 3563
f 2572 2433 2573
f 2473 2572 3563
f 2574 3563 2572
f 3563 2574 603
f 2574 2572 2573
f 2436 2574 751
f 2574 2573 751
f 3561 3525 2759
f 3525 3561 751
f 2573 3525 751
f 750 758 749
f 747 758 750
f 749 756 748
f 746 743 744
f 744 745 746
f 739 1454 731
f 1453 731 1454
f 1454 2926 1453
f 2926 3524 1453
f 3524 738 730
f 3524 1455 738
f 2926 1454 1456
f 2926 1456 1455
f 3524 2926 1455
f 3564 2927 1210
f 2927 3522 1210
f 1143 3522 2927
f 738 3522 730
f 730 3522 1143
f 3564 1142 2927
f 3523 1209 729
f 1142 1264 3523
f 1142 3564 1264
f 1209 3523 1264
f 3564 1210 3559
f 3564 3559 1264
f 1209 3526 737
f 1209 1264 3526
f 3526 1264 1213
f 2759 3565 2889
f 736 3565 2759
f 3565 3521 2889
f 3565 2754 3521
f 3565 736 2754
f 2753 3521 2754
f 2889 3521 2755
f 2756 2889 2755
f 2889 2756 2890
f 2756 3566 2890
f 3566 737 2925
f 2890 3566 2925
f 3567 3566 2756
f 3567 737 3566
f 3567 1209 737
f 2752 2756 2755
f 2752 3567 2756
f 1209 3567 729
f 3567 2752 729
f 601 2247 2250
f 2224 601 2430
f 2430 601 2250
f 2430 2250 2928
f 602 2224 2432
f 2224 2430 2432
f 2432 2430 2928
f 2572 2928 2433
f 2572 2432 2928
f 2928 2753 2754
f 736 2928 2754
f 2928 736 2433
f 734 2429 2431
f 2431 2441 734
f 2431 2429 735
f 2442 2431 735
f 2429 727 735
f 1836 2428 1837
f 1838 1836 732
f 732 1836 1840
f 1836 1837 734
f 1840 1836 734
f 2429 734 1837
f 2249 1835 725
f 1835 3520 2251
f 1960 3520 1835
f 725 1835 2251
f 3520 1839 2251
f 732 3520 1838
f 761 3520 732
f 3520 761 1839
f 731 1451 1447
f 1447 723 731
f 1451 1450 1447
f 1446 1447 1450
f 1450 1451 1453
f 1448 1450 1453
f 722 1450 1448
f 3524 1448 1453
f 1449 3524 730
f 1448 3524 1449
f 1449 730 1124
f 1143 3568 1124
f 3517 1449 1124
f 3568 1123 2930
f 3568 2930 1124
f 1208 3517 1124
f 3517 722 1449
f 1449 722 1448
f 3569 3519 2929
f 3519 1123 2929
f 3519 3569 721
f 3568 2929 1123
f 3569 729 721
f 2927 3568 1143
f 2929 3568 2927
f 2927 1142 2929
f 2929 1142 3569
f 3569 1142 3523
f 3569 3523 729
f 2751 3570 3571
f 3570 2836 3571
f 3571 2836 2752
f 2836 3518 2752
f 729 3518 721
f 721 3518 2836
f 2751 3571 2858
f 2751 2858 728
f 3571 2752 2755
f 2858 3571 2755
f 1831 1894 600
f 3572 2248 1831
f 2248 1895 1831
f 1894 1831 1895
f 3572 1832 2248
f 2248 2247 1895
f 2247 601 1895
f 1895 601 3573
f 3574 2248 1832
f 3574 1832 728
f 2247 3574 728
f 2248 3574 2247
f 2250 728 2753
f 2250 2247 728
f 726 727 2429
f 2426 719 726
f 2427 2426 726
f 2426 718 2425
f 1830 1833 716
f 1830 724 1833
f 718 2427 1830
f 2428 1830 2427
f 1830 2428 724
f 1836 724 2428
f 2428 2427 1837
f 1837 2427 726
f 2249 717 1951
f 2249 1951 1834
f 2249 1834 1835
f 1833 1960 1834
f 1835 1834 1960
f 1833 724 1960
f 1446 1544 1447
f 1447 1544 1644
f 1544 1446 1444
f 1443 1445 714
f 1445 1443 1446
f 1446 1450 1445
f 722 3512 1445
f 722 3517 3512
f 3512 3517 1110
f 1208 1110 3517
f 1208 2930 4476
f 4476 2930 1109
f 3575 1208 4476
f 1208 3575 1110
f 3512 714 1445
f 1109 1123 3576
f 3576 713 1109
f 1206 713 3576
f 2930 1123 1109
f 1206 3519 1207
f 3519 1206 3576
f 2930 1208 1124
f 3519 3576 1123
f 1207 3519 721
f 721 2750 1207
f 3577 2931 2750
f 1207 2750 2931
f 1207 2931 1206
f 2749 2704 3578
f 3577 2705 2931
f 3577 3578 2705
f 3511 2931 2705
f 1206 2931 3511
f 1206 3511 713
f 2704 2749 712
f 3578 3577 2749
f 712 2749 2748
f 3577 2750 2836
f 3570 3577 2836
f 2749 3570 2751
f 2749 3577 3570
f 720 2749 2751
f 2932 1641 1642
f 599 1641 2932
f 1606 599 2932
f 599 1606 3579
f 1642 1829 2932
f 1606 1831 600
f 2933 2932 1829
f 1606 2932 3572
f 1606 3572 1831
f 2932 2933 3572
f 2933 1829 2748
f 720 2748 2749
f 2748 720 2933
f 1832 3572 2933
f 1832 2933 720
f 710 2423 2425
f 2426 2425 719
f 708 1827 2424
f 708 2424 716
f 716 2424 1830
f 1830 2424 718
f 2424 710 718
f 710 2425 718
f 1640 2246 709
f 2246 1640 1826
f 3580 1825 3581
f 3580 3581 1826
f 2246 1826 1951
f 717 2246 1951
f 3581 1825 1834
f 1951 1826 3581
f 1951 3581 1834
f 716 1825 1639
f 716 1639 708
f 1834 1825 716
f 1441 3510 1544
f 715 3510 1643
f 706 1441 1444
f 1441 1204 3510
f 1643 3510 707
f 1444 1443 706
f 706 1443 1442
f 1444 1441 1544
f 1444 1446 1443
f 3575 1073 1110
f 1073 3513 1110
f 714 3513 1442
f 1443 714 1442
f 1072 3582 3575
f 2745 1073 3582
f 3575 3582 1073
f 3509 3513 1073
f 1442 3513 3509
f 705 3515 1205
f 3575 4476 2934
f 2934 1072 3575
f 3515 1072 2934
f 713 3515 2934
f 3515 713 1205
f 4476 1109 2934
f 713 3511 1205
f 3507 3511 2807
f 1205 3511 3507
f 2806 2743 3583
f 2569 2807 3583
f 2569 3583 2743
f 2569 3507 2807
f 705 1205 3507
f 2746 2806 2747
f 1638 2746 2747
f 3583 2807 3578
f 3583 3578 2806
f 3578 2807 2705
f 2704 2806 3578
f 2747 2806 2704
f 1604 598 1439
f 598 1156 1439
f 1518 1439 1637
f 1439 2935 1637
f 1439 1518 1604
f 1440 1638 2936
f 2935 1440 2936
f 1637 2935 2936
f 599 1518 1637
f 1637 1641 599
f 1637 2936 1641
f 1642 1641 2936
f 3516 1638 2747
f 3516 2936 1638
f 1642 2936 3516
f 3516 2747 712
f 710 1828 701
f 710 701 2423
f 2423 701 2245
f 888 2422 703
f 692 1827 699
f 1635 1636 1827
f 1636 1828 1827
f 1639 1827 708
f 2424 1827 1828
f 700 2244 709
f 699 4477 1821
f 1634 1821 4477
f 709 2244 1634
f 1634 4477 3580
f 1634 3580 1640
f 1640 709 1634
f 4477 1825 3580
f 4477 699 1825
f 1640 3580 1826
f 1639 1825 699
f 2937 1535 707
f 1204 3584 2937
f 707 1204 2937
f 697 3584 1203
f 2937 3584 698
f 2937 698 1535
f 1049 697 1203
f 3584 1204 1203
f 706 1049 1203
f 1203 1441 706
f 1204 1441 1203
f 1442 3585 706
f 3509 3585 1442
f 2742 2745 3586
f 2742 3509 2745
f 3585 3509 2742
f 706 3585 1049
f 2742 3586 2744
f 3506 3585 3594
f 3585 2742 3594
f 697 1049 3506
f 1049 3585 3506
f 2938 2785 696
f 2938 696 2741
f 2745 3587 3586
f 2744 3586 3587
f 2744 3587 2938
f 2744 2938 2741
f 2938 3514 2785
f 3587 2745 3582
f 2938 3582 1072
f 3587 3582 2938
f 2938 1072 3514
f 705 2785 3514
f 3514 3515 705
f 3508 2785 705
f 2939 2569 2568
f 2939 3508 2569
f 3508 2939 2785
f 2785 2939 696
f 2568 2564 3588
f 2568 3588 2565
f 2939 2568 2565
f 696 2939 2565
f 2564 2566 695
f 2566 2564 2568
f 2743 2566 2568
f 2568 2569 2743
f 2566 2743 2746
f 2566 2746 2567
f 704 2567 2746
f 1156 1155 3589
f 1201 1156 3589
f 704 1201 1202
f 704 1440 1201
f 1156 2935 1439
f 1201 2935 1156
f 1201 1440 2935
f 3589 1191 1197
f 597 1191 3589
f 1197 1201 3589
f 1155 597 3589
f 1201 1197 1198
f 1202 1201 1198
f 2567 695 2566
f 2567 1202 695
f 695 1202 1198
f 1202 2567 704
f 701 2421 2245
f 2421 2422 2245
f 2245 2422 888
f 703 2422 702
f 701 1636 2421
f 1636 1823 2421
f 1635 2737 1823
f 1823 694 2421
f 1823 1636 1635
f 692 1635 1827
f 692 699 3590
f 699 1821 3590
f 3600 1821 1822
f 1196 3590 1821
f 692 3590 1196
f 1822 2244 693
f 1822 1821 1634
f 1822 1634 2244
f 2940 698 1438
f 697 690 1438
f 1438 698 3584
f 1438 3584 697
f 690 2420 1435
f 1435 1438 690
f 1438 1435 2940
f 698 2940 691
f 3591 1193 2941
f 3591 1199 689
f 3592 2941 1193
f 3591 2941 2741
f 2741 1199 3591
f 3592 1200 2742
f 2744 3592 2742
f 2941 2744 2741
f 2941 3592 2744
f 2741 696 1199
f 3592 1193 3593
f 3592 3593 1194
f 1194 3594 1200
f 3592 1194 1200
f 3594 1194 3505
f 690 697 3506
f 3506 3505 690
f 3505 3506 3594
f 3588 3595 2565
f 3595 3588 2740
f 2738 2740 2564
f 2564 2739 2738
f 2564 2740 3588
f 695 2739 2564
f 2738 2736 2740
f 2736 2738 688
f 2740 2736 3595
f 2942 2565 3595
f 3595 1818 2942
f 2942 689 1199
f 696 2942 1199
f 696 2565 2942
f 3596 3597 2735
f 596 2735 1191
f 597 596 1191
f 1192 3596 2562
f 3596 1192 3597
f 1191 3597 1197
f 1191 2735 3597
f 3597 1192 1197
f 1197 1192 3598
f 1197 3598 1198
f 3599 1192 2562
f 2738 2739 3599
f 1192 3599 3598
f 3599 695 3598
f 695 3599 2739
f 1198 3598 695
f 2943 1873 1823
f 1873 694 1823
f 2734 2943 2737
f 1633 2943 2734
f 1633 1873 2943
f 1873 1633 684
f 2737 680 2734
f 680 2737 1196
f 2943 1823 2737
f 1196 2737 692
f 692 2737 1635
f 1195 2732 3600
f 3600 2732 1196
f 2733 1196 2732
f 1196 2733 680
f 3600 681 1195
f 1821 3600 1196
f 3600 1822 681
f 1822 693 681
f 673 2416 1435
f 673 1435 2420
f 1435 2417 691
f 2940 1435 691
f 2416 2757 2417
f 1435 2416 2417
f 2417 2563 691
f 3601 3593 2243
f 2560 2243 678
f 678 2243 1193
f 3593 3601 1194
f 1193 2243 3593
f 3591 678 1193
f 689 678 3591
f 2560 2237 2243
f 3601 2238 2944
f 3601 2944 1194
f 2237 3601 2243
f 3505 2944 2420
f 3505 2420 690
f 3602 1818 1814
f 1814 2736 677
f 1814 1818 3595
f 1814 3595 2736
f 688 677 2736
f 3602 1815 2945
f 3602 2945 1818
f 3504 2945 1815
f 689 3504 678
f 689 2945 3504
f 2946 3596 2561
f 3603 2561 3604
f 3603 3604 2542
f 3596 2946 2562
f 3596 2735 3604
f 3596 3604 2561
f 596 3604 2735
f 3604 596 2542
f 3603 2559 2561
f 595 3603 2542
f 2559 3605 2561
f 3605 2283 2946
f 2561 3605 2946
f 2946 2283 3502
f 3502 677 688
f 2946 3502 2562
f 2562 3502 688
f 687 686 1817
f 1817 2241 687
f 2242 687 2241
f 2240 2241 1817
f 2068 2240 685
f 2068 2241 2240
f 685 1633 1632
f 1633 685 1816
f 685 1632 1434
f 2734 1632 1633
f 683 1632 2734
f 683 2734 2733
f 2734 680 2733
f 682 1433 2733
f 2733 1433 1432
f 1432 683 2733
f 2732 682 2733
f 1190 682 1195
f 682 2732 1195
f 681 1190 1195
f 2726 2416 673
f 2726 2757 2416
f 2500 2237 3606
f 3606 2237 2560
f 2500 2238 3601
f 2237 2500 3601
f 2557 3606 672
f 3606 2560 672
f 2501 2238 2500
f 2501 3501 2238
f 3608 2415 3607
f 3608 2434 2415
f 671 3608 3607
f 2434 2435 1815
f 2415 2434 3602
f 671 3607 2414
f 2434 1815 3602
f 2415 3602 1814
f 677 2415 1814
f 3607 2415 677
f 2414 3607 677
f 3503 672 2560
f 3503 1815 2435
f 3503 2560 678
f 2559 2470 2280
f 2559 3609 3605
f 2280 3609 2559
f 2283 3605 3609
f 2559 3603 595
f 2470 2559 595
f 594 2280 2470
f 2235 3609 3610
f 3609 2235 2283
f 2235 671 2283
f 2283 671 2414
f 1189 1431 1188
f 1185 676 667
f 1431 1189 1432
f 676 1185 1431
f 2727 2726 665
f 2757 2728 2758
f 2727 2728 2757
f 2726 2727 2757
f 2552 2555 2728
f 2727 2552 2728
f 2555 666 674
f 2758 2555 674
f 2728 2555 2758
f 3611 2553 2947
f 664 3611 2556
f 2501 2947 2553
f 2556 3611 2557
f 2500 2947 2501
f 3611 2947 3606
f 2947 2500 3606
f 3611 3606 2557
f 664 2553 3611
f 2553 3612 2501
f 3612 2558 2501
f 2726 2554 665
f 2726 2558 2554
f 3612 2554 2558
f 663 3613 2411
f 2412 2435 2434
f 3613 2412 2434
f 3613 3608 2411
f 3608 3613 2434
f 2411 3608 671
f 2233 2413 3614
f 2412 2233 3614
f 3614 2413 2435
f 2412 3614 2435
f 2557 2413 2556
f 2413 2233 2556
f 2413 2557 672
f 594 1891 2948
f 2280 594 2948
f 2280 3610 3609
f 2948 3610 2280
f 2948 593 2234
f 2948 2234 3610
f 2235 2411 671
f 2234 2075 3610
f 3610 2075 2235
f 2411 2235 2075
f 2234 2074 2075
f 2411 2075 663
f 1629 1628 661
f 670 1629 2067
f 2067 1629 661
f 661 1628 1626
f 669 1627 1628
f 1628 1629 2236
f 1628 2236 669
f 1189 669 675
f 1189 660 1627
f 669 1189 1627
f 1189 1188 1184
f 1184 1188 1183
f 660 1189 1184
f 649 1188 1185
f 1431 1185 1188
f 1182 1181 659
f 667 649 1185
f 1181 1473 659
f 1474 668 659
f 666 2555 658
f 2555 2552 1906
f 2555 1906 658
f 1906 2552 1864
f 665 657 2552
f 2552 2727 665
f 3615 2489 2949
f 665 2490 657
f 2490 3615 1625
f 3615 2949 1625
f 2490 1625 657
f 664 656 3616
f 2490 2554 3615
f 2553 3616 2489
f 664 3616 2553
f 3612 3615 2554
f 3615 3612 2489
f 3612 2553 2489
f 4474 2556 2233
f 2231 2233 2230
f 2233 2231 4474
f 2556 656 664
f 2556 4474 656
f 3499 2232 3500
f 2230 2233 2232
f 3613 3500 2232
f 3500 3613 655
f 2232 2233 2412
f 663 655 3613
f 3613 2232 2412
f 593 1891 1890
f 593 1890 2074
f 1890 1907 2074
f 2074 1908 2075
f 2075 1908 663
f 1905 2074 1907
f 1908 2074 1905
f 663 1908 655
f 1907 1904 1905
f 1905 1623 1908
f 655 1908 1623
f 661 662 1867
f 1626 662 661
f 660 1184 2458
f 660 644 1626
f 660 2458 644
f 2487 1183 649
f 1184 1183 2458
f 1182 2488 1181
f 2493 1182 659
f 1865 1906 1864
f 658 1906 648
f 648 1906 1865
f 647 1864 2552
f 657 647 2552
f 657 1625 3496
f 1622 1625 1624
f 3496 1625 1622
f 657 3496 647
f 1625 2949 1624
f 2949 646 1624
f 656 646 3616
f 646 2949 2489
f 646 2489 3616
f 656 4474 1540
f 2231 1477 1478
f 2231 1478 1540
f 3495 656 1540
f 3495 646 656
f 3495 1540 1478
f 645 1477 3499
f 2231 2230 1477
f 1477 2230 3499
f 3499 3500 655
f 3499 655 645
f 1904 592 1602
f 1904 3617 1905
f 1602 1618 3617
f 3617 1904 1602
f 2950 1905 3617
f 1623 1905 2950
f 2950 3617 1618
f 1623 2950 3618
f 655 1623 3618
f 3618 645 655
f 2950 1619 3618
f 1180 654 1179
f 1179 654 651
f 653 1180 2951
f 653 2951 652
f 1180 1179 2951
f 2951 1179 1178
f 2458 2449 644
f 644 2449 2450
f 2458 2487 2449
f 2487 649 2486
f 2550 2488 2483
f 2488 2550 2486
f 643 2551 650
f 2551 2483 2488
f 2551 2488 1182
f 650 2551 2493
f 1865 1850 642
f 648 1865 642
f 1851 642 1850
f 1850 1865 1864
f 647 641 1850
f 647 1850 1864
f 647 3496 641
f 3619 1622 1621
f 3619 1617 1622
f 1617 3496 1622
f 641 3496 3493
f 3496 1617 3493
f 3497 646 1620
f 640 3497 1620
f 1624 3497 1621
f 646 3497 1624
f 1622 1624 1621
f 646 3495 1620
f 1539 1620 3495
f 1461 3620 1538
f 1620 1539 1462
f 1465 1461 1538
f 1461 1465 639
f 1538 3620 1478
f 1465 1538 1477
f 3620 1539 1478
f 1538 1478 1477
f 1465 1477 645
f 591 1515 3498
f 3494 3498 1515
f 3494 2952 3498
f 1618 3498 2952
f 1618 3621 2950
f 2952 3621 1618
f 1536 3494 1515
f 3494 1536 2952
f 3621 2952 1537
f 2950 3621 1537
f 1619 2950 1537
f 3618 3622 645
f 1619 3622 3618
f 645 3622 1465
f 1537 2952 1533
f 3490 1619 1537
f 3490 1537 1534
f 3622 1619 3490
f 3622 3490 1465
f 1536 1533 2952
f 1537 1533 1534
f 1465 3490 639
f 638 2768 2798
f 2768 637 2798
f 644 637 2768
f 2485 644 2450
f 637 644 2485
f 2450 2484 2485
f 2450 2449 2484
f 2484 2449 635
f 2487 635 2449
f 2957 2550 2483
f 2550 2957 1174
f 635 2550 1174
f 1175 2483 636
f 636 2483 2551
f 2953 642 1851
f 642 2953 2228
f 1851 1819 2953
f 2953 1820 2228
f 2228 1820 634
f 1851 1903 1819
f 1819 1903 633
f 1850 1903 1851
f 3493 1903 641
f 1617 3623 2954
f 2954 3493 1617
f 633 3493 2954
f 1903 3493 633
f 1616 1531 3623
f 2954 3623 1532
f 1532 633 2954
f 3623 3619 1616
f 632 1616 3497
f 3619 3623 1617
f 1616 3619 1621
f 3497 1616 1621
f 640 632 3497
f 2955 2956 1529
f 1530 1462 2955
f 640 1462 1530
f 640 1530 632
f 3492 1529 3624
f 631 3492 1452
f 2956 2955 1462
f 3624 1529 2956
f 3492 3624 1452
f 1452 3624 1461
f 2956 1462 1539
f 2956 1539 3620
f 2956 3620 1461
f 2956 1461 3624
f 1452 1461 639
f 1225 3491 1177
f 639 3491 1225
f 639 1225 1452
f 1177 1176 1224
f 1177 1224 3625
f 3625 1225 1177
f 1225 631 1452
f 1176 1177 1533
f 3626 1176 1533
f 3626 589 1176
f 1150 3626 590
f 589 3626 1150
f 1533 1177 1534
f 3626 1533 1536
f 3626 1536 590
f 877 2063 630
f 629 2063 1168
f 2063 877 1168
f 1168 638 629
f 2798 628 629
f 628 2798 1901
f 637 1901 2798
f 1615 637 2485
f 2485 2797 1615
f 1901 637 1615
f 1901 1615 627
f 2485 2484 2797
f 623 2797 2484
f 635 1174 623
f 635 623 2484
f 1169 1526 1174
f 1169 1174 2957
f 2957 1175 1169
f 1175 2957 2483
f 634 1820 2482
f 2482 1820 1899
f 1900 2482 1899
f 1820 2953 1899
f 1819 1899 2953
f 2958 3627 1532
f 1532 3627 633
f 1819 633 3627
f 1819 3627 3628
f 1524 2958 1531
f 2960 2958 1524
f 2958 2960 1525
f 1525 3627 2958
f 619 1819 3628
f 2958 1532 1531
f 1317 1316 1531
f 617 1531 1316
f 1532 3623 1531
f 1317 1531 1616
f 1317 632 1316
f 1530 1316 632
f 1172 2959 3629
f 2959 1173 3629
f 2959 3630 1173
f 1316 1173 3630
f 1166 3640 2959
f 1167 3630 2959
f 1167 3631 3630
f 1316 3630 3631
f 1316 3638 617
f 3638 1316 3631
f 2792 1172 616
f 616 3492 631
f 1172 3492 616
f 1529 3629 1173
f 2955 1173 1530
f 1172 3629 1529
f 1529 1173 2955
f 1529 3492 1172
f 2784 2790 1164
f 588 2790 2784
f 3633 2712 3632
f 3633 3632 1164
f 3632 2712 1165
f 589 2784 1164
f 2220 2784 589
f 1176 1164 1224
f 1176 589 1164
f 1224 3632 3625
f 3632 1165 3625
f 1164 3632 1224
f 631 3634 616
f 3634 3625 1165
f 3625 3634 1225
f 631 1225 3634
f 627 1527 1901
f 628 1901 1527
f 626 1615 2797
f 626 2797 623
f 626 623 2796
f 2904 1526 1169
f 624 1169 1175
f 2072 1898 620
f 1898 2226 1899
f 1898 1899 619
f 2226 1900 1899
f 3628 3635 619
f 619 620 1898
f 619 3635 620
f 1611 1614 1612
f 3635 1614 620
f 3635 1612 1614
f 1525 3628 3627
f 3635 1525 1612
f 3628 1525 3635
f 1611 1525 2960
f 1525 1611 1612
f 3636 1524 617
f 2960 1524 3636
f 617 1523 3636
f 2960 3636 1611
f 1611 3636 1613
f 1613 3636 1523
f 3637 3638 2794
f 3638 3631 2794
f 617 3638 3637
f 3532 3637 2794
f 3637 3532 1523
f 3637 1523 617
f 2795 3639 2793
f 3546 2794 3639
f 2911 3639 2795
f 3639 2911 3546
f 3546 3532 2794
f 1523 3532 618
f 1167 2959 3640
f 3639 3640 2793
f 3639 1167 3640
f 2794 1167 3639
f 3631 1167 2794
f 1166 2792 3641
f 3640 1166 2793
f 615 3642 3641
f 1166 3641 2793
f 2795 2793 3642
f 2793 3641 3642
f 587 3643 2538
f 587 4475 3643
f 3545 3644 2546
f 3643 4475 2546
f 3643 2546 2961
f 2539 3643 588
f 4478 2547 2791
f 2961 3644 4478
f 4478 3644 2547
f 2961 2546 3644
f 588 3643 2790
f 3643 2961 2790
f 2791 3633 4478
f 3633 2961 4478
f 2961 3633 2790
f 1164 2790 3633
f 3633 2791 2712
f 2791 615 3645
f 3641 3645 615
f 3641 2792 3645
f 3645 2792 3489
f 3489 2712 3645
f 2712 2791 3645
f 3489 2792 616
f 1429 227 614
f 614 227 613
f 230 613 227
f 612 611 1320
f 1522 611 612
f 1522 612 223
f 1522 223 226
f 1521 222 610
f 1521 1735 1801
f 1801 222 1521
f 1170 215 218
f 2653 218 215
f 2324 1608 214
f 1608 1607 214
f 606 1160 209
f 1160 210 209
f 1896 1519 206
f 1519 1896 605
f 1734 1896 206
f 2962 201 203
f 1252 201 2962
f 200 2962 203
f 1252 2962 604
f 604 2962 200
f 604 200 2715
f 2963 2372 199
f 3434 2289 2406
f 2406 2289 2963
f 2289 2290 2963
f 2372 2963 2290
f 2290 603 2372
f 603 2290 2474
f 2289 3646 2290
f 2545 3646 2289
f 3646 2543 2290
f 2545 2289 2644
f 2644 157 2545
f 2543 2545 3647
f 2474 2543 2473
f 2473 2543 2544
f 2964 2544 2543
f 2543 2474 2290
f 2545 2543 3646
f 2474 3563 603
f 157 3647 2545
f 2964 3647 2788
f 3647 2645 2788
f 2543 3647 2964
f 2789 2544 2788
f 2544 2964 2788
f 2544 2789 602
f 1159 2224 2789
f 602 2789 2224
f 1159 2789 158
f 2789 2788 158
f 1159 3573 601
f 2224 1159 601
f 1159 158 2725
f 1159 2725 1157
f 2725 159 1157
f 1157 1158 3488
f 3488 1894 1895
f 3573 1157 3488
f 3573 3488 1895
f 1159 1157 3573
f 1157 159 1051
f 1157 1051 1158
f 1051 1277 1158
f 1277 600 1158
f 1606 600 3579
f 1277 3579 600
f 1278 1277 2965
f 1278 3579 1277
f 3579 1278 599
f 599 1278 1605
f 2965 1603 1278
f 1278 1603 1605
f 2965 1018 160
f 599 1605 1518
f 1518 1605 1604
f 1603 2966 1605
f 1605 2966 1604
f 598 1604 2966
f 2966 3648 598
f 1554 2966 1603
f 3648 2966 1554
f 3648 1554 161
f 3648 161 1892
f 1156 598 2967
f 598 1892 2967
f 3648 1892 598
f 1156 2967 1155
f 2967 2968 1893
f 1155 2967 1893
f 1155 1893 2223
f 597 1155 2223
f 1892 2968 2967
f 1893 2968 2026
f 161 3649 1892
f 3649 2968 1892
f 3649 2026 2968
f 2223 1893 2221
f 2026 2221 1893
f 3650 596 597
f 597 2223 3650
f 2221 2222 2223
f 2222 3650 2223
f 2472 3650 2222
f 596 3650 2472
f 2222 2221 2969
f 2471 2472 2222
f 2222 2969 2471
f 2221 2153 2969
f 138 2969 2153
f 2471 2969 3487
f 2969 138 3487
f 596 2472 2542
f 2471 2292 2472
f 2542 2472 2293
f 2542 2293 595
f 2472 2292 2293
f 2540 2293 2292
f 3487 2389 2292
f 2540 2292 2389
f 2540 2389 163
f 2970 2541 2540
f 2541 2293 2540
f 595 2541 2470
f 2293 2541 595
f 2646 2540 163
f 2786 2646 2027
f 2540 2646 2970
f 2646 2786 2970
f 2970 2787 2541
f 2786 2787 2970
f 594 2541 2787
f 1891 594 2787
f 1153 2786 164
f 2786 1153 2787
f 164 165 1153
f 2787 1153 1154
f 3651 1154 1152
f 1891 1154 3651
f 3651 1890 1891
f 1151 1154 1153
f 1154 1151 1152
f 1517 592 1890
f 3651 1517 1890
f 3651 1152 1517
f 1516 1517 1152
f 1151 1516 1152
f 1516 1151 1032
f 1032 1033 166
f 166 1516 1032
f 1602 592 1517
f 1517 1516 2971
f 1517 2971 1601
f 1517 1601 1602
f 1288 2971 1516
f 2971 1288 1289
f 1601 2971 1289
f 591 1601 1289
f 591 1289 1600
f 1289 1288 1599
f 1600 1289 1599
f 1414 1288 140
f 1599 1288 1414
f 1599 1414 167
f 1597 1599 167
f 1597 1598 1600
f 1599 1597 1600
f 1600 1598 1515
f 1600 1515 591
f 167 1719 1597
f 1719 1720 1889
f 1889 1597 1719
f 1597 1889 1598
f 1515 3652 590
f 1515 1598 3652
f 3652 1150 590
f 1889 1888 3652
f 1598 1889 3652
f 1150 3652 1888
f 1888 1889 1887
f 2220 1150 1888
f 1150 2220 589
f 1888 1887 2972
f 3653 1888 2972
f 2220 1888 3653
f 3653 2972 2219
f 2972 1887 168
f 2972 168 169
f 2972 169 2219
f 2154 2219 169
f 3653 2973 2220
f 2784 2220 2973
f 3653 2219 2217
f 2973 2217 2218
f 3653 2217 2973
f 588 2784 2973
f 588 2973 2218
f 2217 2974 2469
f 2218 2217 2469
f 2974 2155 170
f 2974 2154 2155
f 2469 2974 170
f 170 2975 2299
f 2299 2469 170
f 2538 2299 2300
f 2538 2539 2299
f 2469 2299 2218
f 2299 2539 2218
f 2538 3643 2539
f 2218 2539 588
f 2975 170 2391
f 171 2975 2392
f 2392 2975 2391
f 2299 2975 2300
f 2537 171 2535
f 171 2537 2300
f 2300 2975 171
f 587 2300 2537
f 2535 2536 2537
f 2537 586 587
f 171 2976 2535
f 2641 2976 171
f 2976 2536 2535
f 172 2976 2641
f 2536 2976 2783
f 1144 179 178
f 1144 178 585
f 1082 1081 2977
f 289 2977 296
f 1082 2977 289
f 2978 1133 1081
f 2204 323 543
f 348 550 340
f 2271 550 2270
f 583 2216 584
f 540 2216 541
f 573 583 574
f 1798 574 583
f 513 518 2528
f 513 2528 1138
f 3654 1500 3655
f 1499 3654 1509
f 1509 3655 1508
f 1500 2979 3655
f 3655 1509 3654
f 529 2979 1591
f 529 3655 2979
f 531 2979 1500
f 2979 531 3656
f 3656 531 1738
f 1591 2979 3656
f 515 3656 1738
f 282 515 1738
f 412 2526 500
f 2526 412 1490
f 1490 563 501
f 397 418 396
f 397 2699 418
f 408 400 558
f 400 408 401
f 394 2201 2202
f 2201 2699 2202
f 527 1506 1498
f 1506 527 526
f 1498 1506 536
f 538 1545 385
f 1543 1560 1545
f 1304 385 1545
f 1545 1560 1304
f 1303 1560 374
f 3486 1543 1302
f 1542 1543 1545
f 360 3486 352
f 360 374 3486
f 1543 3486 1560
f 1302 1501 1301
f 1302 1542 1541
f 1501 1302 1541
f 1541 537 1139
f 1502 1541 1139
f 1139 536 1502
f 537 1541 1542
f 1542 1302 1543
f 352 3486 1302
f 386 1304 1315
f 1304 1303 754
f 1560 1303 1304
f 385 1304 386
f 246 256 530
f 247 530 248
f 248 530 272
f 1273 2980 1269
f 1270 1273 1269
f 1270 1436 1273
f 1270 1269 1437
f 1272 1562 2980
f 1561 2980 1562
f 1561 1562 2981
f 1561 1269 2980
f 1269 1561 1365
f 211 1561 2981
f 2981 1562 2659
f 211 2981 208
f 1813 208 2659
f 2659 208 2981
f 2659 1812 1813
f 208 1813 2532
f 1813 576 2532
f 1486 2467 3657
f 1886 3657 2467
f 3657 1886 579
f 1486 1485 2467
f 2467 1485 1733
f 2467 1733 207
f 204 1485 1436
f 1733 1485 204
f 577 204 1437
f 577 1365 1147
f 1437 204 1436
f 577 1437 1365
f 1270 1437 1436
f 1269 1365 1437
f 1561 211 1365
f 2512 2982 579
f 2982 3657 579
f 2982 1486 3657
f 2982 2512 2657
f 1486 2982 2658
f 1486 2658 1485
f 234 2658 3658
f 2658 234 1485
f 582 2513 581
f 1052 2983 2172
f 2513 2983 202
f 2983 1052 202
f 2513 202 581
f 1047 202 1052
f 1052 1053 1430
f 1430 1047 1052
f 1047 1430 1513
f 203 1047 1513
f 2512 1430 1053
f 2512 1513 1430
f 3484 2512 1053
f 1513 2512 579
f 3485 2172 3436
f 3485 3436 231
f 2983 3659 2172
f 582 2983 2513
f 2983 582 2171
f 2171 3659 2983
f 2171 2215 2030
f 2030 2215 182
f 2215 2171 1149
f 182 2215 2212
f 1149 566 2215
f 213 212 576
f 239 2174 2288
f 3660 2173 2984
f 3660 2174 2173
f 2288 2174 3660
f 2076 2984 2173
f 3661 2984 2076
f 3661 2287 2984
f 238 3481 3661
f 2287 3661 3481
f 1274 244 1058
f 1274 1058 1256
f 1256 1058 1255
f 224 221 2170
f 225 224 1059
f 224 2170 1059
f 1059 2170 245
f 1742 245 2170
f 244 2170 2177
f 1742 2170 244
f 2079 229 228
f 1060 2079 228
f 2079 1060 1061
f 3483 1060 228
f 1060 247 1061
f 1060 245 247
f 245 1060 1059
f 2707 2208 2209
f 2208 459 2209
f 2210 2707 2209
f 2052 2707 2210
f 2052 2516 472
f 2052 2210 2516
f 2516 2210 248
f 248 2210 1061
f 2079 1061 2209
f 2210 2209 1061
f 248 1061 247
f 2052 2985 2707
f 455 2985 456
f 455 2707 2985
f 455 460 2208
f 2208 2707 455
f 455 456 1321
f 1871 2985 1872
f 1872 470 1871
f 1871 456 2985
f 1872 2985 2052
f 1872 2052 472
f 451 1961 452
f 1870 2986 1869
f 1483 1870 2706
f 1789 2706 1869
f 1869 2706 1870
f 1789 452 2706
f 452 1789 447
f 467 1965 468
f 1965 2986 468
f 2986 1964 1869
f 1870 468 2986
f 444 443 2701
f 1963 2840 462
f 2840 2841 462
f 179 3662 1417
f 570 2059 565
f 2048 2059 2049
f 2048 565 2059
f 570 565 1510
f 179 565 3662
f 1593 2048 2049
f 1593 565 2048
f 3662 565 1593
f 3662 1593 1417
f 1594 1593 2049
f 1417 1593 180
f 1593 1787 180
f 180 1787 1575
f 1593 1594 1787
f 2987 1787 1594
f 2987 1594 1146
f 1788 2987 1146
f 1145 1788 1146
f 1788 1145 438
f 1959 2059 570
f 1959 3663 2059
f 2059 3663 2049
f 2049 3663 1883
f 3663 464 1883
f 2049 1883 435
f 444 2842 440
f 2840 1963 1962
f 1962 2842 2840
f 440 2842 1962
f 1959 440 1962
f 441 1959 570
f 1962 1963 3663
f 3663 1959 1962
f 3663 1963 464
f 464 1963 463
f 2701 448 1964
f 2843 2986 1965
f 2986 2843 2988
f 2701 1964 2988
f 2986 2988 1964
f 2842 2701 2988
f 2701 2842 444
f 2988 2843 2840
f 2988 2840 2842
f 2840 2843 2841
f 2843 466 2841
f 2989 456 1871
f 1961 456 2989
f 452 1961 2989
f 1871 1483 2989
f 452 2989 2706
f 2706 2989 1483
f 468 1483 1482
f 1483 468 1870
f 1050 1058 220
f 1058 244 2177
f 2177 220 1058
f 2177 1735 220
f 1504 2585 2584
f 2531 2584 2585
f 1504 2584 2660
f 2585 1504 541
f 541 1504 1255
f 216 541 1255
f 216 1255 217
f 1058 217 1255
f 1885 2173 2174
f 2173 1885 572
f 573 1885 2174
f 573 2174 2531
f 573 2531 583
f 583 2531 2534
f 583 2534 2216
f 2534 2585 2216
f 2534 2531 2585
f 541 2216 2585
f 236 1909 1812
f 1910 1911 1812
f 1812 1911 2466
f 1812 2466 576
f 1813 1812 576
f 576 2466 2990
f 213 576 2990
f 2990 2466 3661
f 2466 238 3661
f 2076 213 3661
f 213 2990 3661
f 1148 1149 582
f 1148 582 568
f 1148 566 1149
f 2468 582 581
f 582 2468 568
f 2468 581 580
f 580 581 202
f 202 201 580
f 1252 580 201
f 200 203 2533
f 1886 578 2508
f 2508 2533 1886
f 1513 2533 203
f 579 2533 1513
f 1886 2467 207
f 578 1886 207
f 204 577 205
f 205 577 1147
f 209 208 2532
f 209 2532 575
f 211 1147 1365
f 2532 576 575
f 576 212 575
f 575 212 608
f 572 2168 213
f 2168 572 571
f 571 572 1884
f 574 1885 573
f 1884 1885 574
f 1885 1884 572
f 1735 219 220
f 220 219 1050
f 1058 1050 217
f 218 1050 219
f 223 2169 224
f 2169 221 224
f 1801 221 2169
f 225 3483 226
f 1429 226 228
f 1429 228 227
f 230 227 459
f 459 458 230
f 459 227 229
f 1321 451 450
f 451 1321 1961
f 446 1319 447
f 452 447 453
f 2116 2323 443
f 443 448 2701
f 443 2323 448
f 439 445 440
f 1318 439 440
f 444 440 445
f 442 441 2214
f 2214 569 442
f 2214 441 570
f 1510 1592 569
f 569 1592 564
f 2214 1510 569
f 566 1148 567
f 1148 568 567
f 567 2213 2212
f 2212 566 567
f 2215 566 2212
f 182 2212 532
f 179 1144 564
f 564 1592 179
f 565 179 1592
f 361 366 362
f 375 521 755
f 1577 521 375
f 1577 520 521
f 519 520 363
f 363 520 1577
f 362 519 363
f 435 1883 473
f 248 272 2813
f 248 2813 2523
f 248 2523 2516
f 472 2516 2523
f 2319 483 476
f 2319 472 2523
f 472 2319 2519
f 1582 530 256
f 263 1582 256
f 263 283 1582
f 391 511 369
f 369 379 391
f 1370 511 510
f 503 1370 510
f 391 510 511
f 1370 503 501
f 1370 370 511
f 1370 501 370
f 434 563 1490
f 434 1490 412
f 517 495 1134
f 1135 1134 2462
f 1508 2991 1566
f 529 2462 2991
f 1134 491 2462
f 2991 2462 483
f 483 1566 2991
f 274 1570 1571
f 1566 1570 1508
f 274 1509 1570
f 273 1499 274
f 3656 1581 1591
f 515 1581 3656
f 1591 1135 529
f 1581 1135 1591
f 1509 1508 1570
f 1508 3655 529
f 1499 1509 274
f 515 1576 1581
f 1581 1576 516
f 517 1581 516
f 517 1135 1581
f 500 1880 1130
f 412 500 1130
f 412 1130 1119
f 407 408 1802
f 563 434 413
f 370 501 563
f 370 563 414
f 511 370 369
f 1589 1590 561
f 1804 1589 1805
f 561 1805 1589
f 367 1589 1804
f 1804 1805 376
f 368 367 1804
f 378 1804 376
f 377 1805 562
f 376 1805 377
f 1779 368 379
f 1779 379 369
f 401 408 397
f 408 557 397
f 388 365 364
f 400 399 366
f 400 366 558
f 559 561 560
f 561 559 562
f 1779 416 367
f 416 1779 370
f 416 1590 367
f 1590 1589 367
f 407 1590 415
f 1590 416 415
f 1783 407 415
f 1783 415 413
f 563 413 414
f 370 414 416
f 558 366 560
f 560 366 559
f 396 401 397
f 377 388 389
f 387 388 364
f 2695 377 389
f 365 377 562
f 562 559 365
f 365 388 377
f 408 558 1802
f 561 1802 560
f 1802 558 560
f 1782 1305 397
f 1307 1305 1782
f 550 549 340
f 548 1137 2463
f 548 2271 1137
f 548 2463 1587
f 554 552 494
f 544 556 545
f 556 544 555
f 556 555 551
f 547 544 332
f 544 340 549
f 544 549 555
f 551 1587 2463
f 1587 551 555
f 552 554 545
f 535 553 551
f 553 556 551
f 545 556 553
f 545 554 546
f 545 553 552
f 549 1587 555
f 548 1587 549
f 547 340 544
f 546 332 544
f 323 554 543
f 494 543 554
f 552 553 484
f 553 535 484
f 533 535 551
f 549 550 548
f 332 546 323
f 323 1936 332
f 546 544 545
f 1755 305 1756
f 1756 1766 1757
f 308 1766 2308
f 1766 308 1757
f 2308 1766 324
f 1756 1765 324
f 1756 324 1766
f 2192 324 1765
f 1765 305 315
f 1765 315 2192
f 2270 550 348
f 2271 2270 2194
f 2194 356 2271
f 2271 356 534
f 494 1505 542
f 543 494 542
f 543 542 2308
f 543 2308 324
f 484 535 485
f 486 487 1489
f 1129 1489 493
f 1489 494 493
f 494 1489 1505
f 1489 487 1505
f 488 487 1295
f 1505 487 488
f 2308 542 2457
f 542 1505 2457
f 1505 488 2457
f 488 1584 2457
f 2457 1584 2187
f 2457 308 2308
f 308 2457 2187
f 515 282 1654
f 1468 523 2460
f 1467 1468 2460
f 1467 301 312
f 2461 523 522
f 2460 523 2461
f 2460 295 1467
f 1467 295 301
f 522 528 2461
f 2461 528 2731
f 2731 287 2461
f 2460 2461 287
f 287 295 2460
f 1133 288 528
f 2665 528 288
f 528 2665 2731
f 1917 1916 2665
f 2978 279 288
f 1917 2665 288
f 1917 288 279
f 2731 2665 1916
f 2731 1916 287
f 267 1916 2066
f 2066 1916 1917
f 1917 1874 2066
f 1914 1917 279
f 268 1875 1914
f 279 268 1914
f 1914 1874 1917
f 2066 260 267
f 253 2176 1913
f 1913 1875 268
f 253 1913 268
f 1874 1914 1912
f 1875 1912 1914
f 1912 3482 1874
f 1874 3482 252
f 252 260 1874
f 2176 3665 3664
f 2175 3664 3665
f 253 240 2176
f 2176 240 2288
f 2992 3664 2175
f 1875 3664 2992
f 2176 3664 1913
f 1913 3664 1875
f 1875 2992 1912
f 237 2178 2992
f 1912 2992 3482
f 3482 2992 2178
f 252 3482 2178
f 3660 3665 2176
f 2176 2288 3660
f 2287 3665 2984
f 2984 3665 3660
f 239 2288 240
f 2287 2175 3665
f 2992 3481 237
f 2175 3481 2992
f 541 216 2529
f 540 541 2529
f 1467 312 1132
f 312 1292 1132
f 1292 319 3480
f 523 1472 524
f 1468 1472 523
f 1467 1472 1468
f 1132 1472 1467
f 1292 3480 1132
f 1132 525 1472
f 1494 525 1132
f 525 1494 3666
f 3480 1494 1132
f 328 3480 319
f 1493 3480 328
f 1494 3480 1493
f 336 1501 1298
f 1501 1495 1298
f 1496 1493 1495
f 1495 328 1298
f 328 1495 1493
f 1506 1494 1496
f 1494 1493 1496
f 1494 1506 3666
f 2464 1844 1140
f 3479 2464 1140
f 2464 3479 373
f 1140 1844 539
f 1254 1140 539
f 1303 1254 539
f 374 1254 1303
f 2698 1583 538
f 2698 538 385
f 537 538 1583
f 1583 384 426
f 426 1314 1503
f 1583 426 1503
f 1583 1503 537
f 1139 537 1503
f 1139 1503 536
f 536 1503 1314
f 1314 1498 536
f 1495 1501 1502
f 1502 1496 1495
f 1496 536 1506
f 1502 1501 1541
f 1302 1301 344
f 512 2527 1881
f 1881 2345 508
f 2318 2527 356
f 356 2527 512
f 2345 2527 2525
f 2345 1881 2527
f 2525 2527 2318
f 2345 2525 498
f 1882 512 1881
f 508 1882 1881
f 437 518 1882
f 518 1136 1882
f 2322 2321 2528
f 2321 436 2528
f 2528 437 2322
f 478 2528 436
f 1138 2528 478
f 535 533 1138
f 535 1138 485
f 513 1138 533
f 1136 513 533
f 1136 533 2463
f 1137 512 1136
f 1137 534 512
f 512 534 356
f 1137 2271 534
f 2463 1137 1136
f 438 514 1788
f 1788 514 2987
f 1787 2987 1575
f 3551 1575 2987
f 180 1575 178
f 514 3551 2987
f 178 1575 1514
f 1575 3551 1514
f 1125 532 2782
f 532 1125 182
f 531 1582 283
f 283 1738 531
f 273 1074 1499
f 3654 3667 1500
f 1074 3667 3654
f 1074 3654 1499
f 1500 272 2993
f 3667 272 1500
f 531 1500 2993
f 2993 272 530
f 531 2993 530
f 531 530 1582
f 1134 1135 517
f 529 1135 2462
f 495 517 516
f 527 1498 1497
f 527 1497 1792
f 283 263 270
f 2664 283 270
f 3668 1038 181
f 2172 3669 2047
f 2994 2046 3659
f 3669 3659 2046
f 3668 2030 1038
f 3659 3669 2172
f 2994 3659 2171
f 3668 2994 2030
f 2171 2030 2994
f 495 490 491
f 1877 490 495
f 1081 296 2977
f 2666 296 1081
f 2666 1081 2779
f 1133 2779 1081
f 2779 1133 2780
f 2666 2779 302
f 2779 313 302
f 522 2780 528
f 526 527 337
f 1792 1773 1772
f 1772 337 1792
f 337 527 1792
f 1792 345 1773
f 525 3666 1580
f 1580 3666 526
f 1579 1580 526
f 1579 526 337
f 329 320 524
f 524 1791 329
f 1579 329 1791
f 1580 1579 1791
f 525 1791 1472
f 1791 525 1580
f 1578 1761 313
f 1761 1578 320
f 320 1578 523
f 523 524 320
f 2779 2780 313
f 1578 313 2780
f 1578 2780 522
f 523 1578 522
f 1929 307 516
f 516 1877 495
f 1847 1929 516
f 1847 1927 1928
f 1576 1654 1847
f 1654 1927 1847
f 997 2669 304
f 2669 997 296
f 1084 296 997
f 1085 997 304
f 1085 304 297
f 1291 1507 304
f 1291 306 3670
f 3670 1507 1291
f 304 1507 297
f 290 297 1507
f 2995 290 1507
f 2995 291 290
f 1654 291 1927
f 291 2995 1927
f 2995 1507 3670
f 1927 3670 306
f 1927 2995 3670
f 1927 306 1928
f 1492 432 521
f 521 520 1492
f 428 1492 520
f 428 520 421
f 519 421 520
f 2839 2777 438
f 438 2777 3478
f 2839 437 2777
f 437 2778 2777
f 2778 508 3478
f 2777 2778 3478
f 507 3478 508
f 508 2778 1882
f 1882 2778 437
f 516 1576 1847
f 1756 1757 1928
f 1755 1756 1928
f 1755 1928 306
f 475 491 490
f 507 1126 3478
f 3478 1126 438
f 438 1126 2211
f 438 2211 514
f 512 1882 1136
f 509 507 506
f 507 509 1126
f 1131 506 507
f 2459 506 1131
f 2459 497 506
f 1131 508 2459
f 2345 2459 508
f 2776 497 504
f 504 505 2776
f 506 497 2776
f 2776 505 506
f 505 1466 506
f 498 497 2459
f 496 856 504
f 504 1879 496
f 1878 496 1879
f 2524 1879 497
f 1573 1574 499
f 1880 1574 496
f 1880 499 1574
f 499 500 2526
f 1880 500 499
f 502 501 1572
f 502 499 501
f 499 2526 501
f 1490 501 2526
f 498 2525 409
f 498 2775 2524
f 498 2524 497
f 2775 498 409
f 2775 409 410
f 1878 2524 2775
f 2524 1878 1879
f 1878 2775 410
f 1878 1880 496
f 1880 1878 411
f 1130 1880 411
f 410 411 1878
f 1876 490 1877
f 490 1876 1569
f 489 1569 1876
f 1877 516 307
f 1876 1877 307
f 1876 1584 489
f 1568 489 488
f 488 489 1584
f 307 2187 1876
f 1584 1876 2187
f 2187 1757 308
f 493 484 1129
f 2814 1571 3671
f 271 2814 3671
f 2523 271 492
f 1565 271 3671
f 3671 1571 1565
f 271 1565 492
f 1565 1566 492
f 2319 492 1566
f 2319 1566 483
f 1570 1566 1565
f 476 483 491
f 491 475 476
f 482 490 1569
f 481 1569 1568
f 481 1568 1563
f 1568 1569 489
f 1569 481 482
f 1563 1295 480
f 1295 1563 1568
f 486 1295 487
f 1295 486 479
f 479 480 1295
f 477 486 1129
f 484 2522 1129
f 2522 477 1129
f 486 477 2521
f 2520 485 1138
f 2520 1138 478
f 485 2520 2522
f 2520 477 2522
f 484 485 2522
f 476 475 471
f 1564 469 482
f 482 469 475
f 481 467 1564
f 1484 1563 480
f 474 1484 480
f 1484 481 1563
f 473 474 479
f 479 474 480
f 1127 473 2521
f 477 1127 2521
f 436 1127 2520
f 477 2520 1127
f 436 2520 478
f 1127 436 435
f 470 476 471
f 2519 470 1872
f 476 470 2519
f 476 2519 2319
f 1482 471 475
f 475 469 1482
f 467 468 469
f 1484 474 466
f 1484 466 467
f 463 462 474
f 1883 465 473
f 463 474 465
f 465 474 473
f 1872 472 2519
f 1482 469 468
f 464 465 1883
f 464 463 465
f 461 458 460
f 460 458 459
f 460 1321 454
f 460 455 1321
f 453 450 451
f 451 452 453
f 446 448 449
f 1319 446 449
f 1789 448 446
f 447 1789 446
f 445 443 444
f 2116 443 445
f 440 441 1318
f 442 1318 441
f 1146 435 2321
f 1146 2322 1145
f 2321 2322 1146
f 2322 2839 1145
f 1145 2839 438
f 435 436 2321
f 1422 434 1308
f 434 412 1308
f 434 1422 413
f 353 1947 1786
f 1947 1776 1786
f 1786 1776 2996
f 1776 1792 2996
f 1497 2996 1792
f 1497 425 2996
f 2045 519 399
f 362 399 519
f 2045 400 401
f 2045 399 400
f 2045 396 419
f 2045 419 421
f 396 1784 419
f 392 1311 1781
f 392 1588 1311
f 1311 2206 394
f 1781 1311 394
f 1311 1588 1312
f 1588 423 1312
f 1786 425 2837
f 425 1786 2996
f 1786 423 353
f 353 423 1588
f 1777 353 1588
f 392 1777 1588
f 431 2766 2320
f 2320 2766 429
f 2320 430 431
f 433 1122 429
f 429 1122 1958
f 1492 428 1121
f 1121 432 1492
f 1121 428 1957
f 1121 1957 427
f 430 1120 2997
f 430 2997 431
f 2997 1120 383
f 431 2997 2700
f 383 1120 384
f 1120 430 424
f 1120 2838 384
f 424 2320 422
f 429 422 2320
f 429 1958 1785
f 427 420 1958
f 2207 1958 420
f 1958 2207 1785
f 1785 422 429
f 420 427 1957
f 1120 1312 2838
f 2838 2837 384
f 1312 1120 424
f 1312 423 2838
f 1786 2837 423
f 2838 423 2837
f 426 2837 425
f 1314 426 425
f 1311 1313 417
f 424 422 1313
f 417 1313 422
f 1311 1312 1313
f 1313 1312 424
f 2207 1784 418
f 2207 420 1784
f 2207 418 1785
f 418 417 1785
f 417 422 1785
f 1957 421 419
f 1957 1784 420
f 1784 1957 419
f 395 417 418
f 395 2201 417
f 417 2201 2206
f 413 415 414
f 415 416 414
f 1422 406 1783
f 1783 413 1422
f 1119 404 1308
f 1118 404 1119
f 1119 411 1118
f 1306 1308 404
f 1308 1307 406
f 1422 1308 406
f 1116 1118 1117
f 1118 410 1117
f 404 1118 1116
f 1117 409 402
f 1956 1117 402
f 1117 403 1116
f 355 2205 2194
f 356 2205 2318
f 2205 356 2194
f 402 409 2205
f 2203 402 2205
f 405 557 407
f 407 557 408
f 1307 405 406
f 1306 398 1307
f 1307 1308 1306
f 1307 1782 405
f 2317 1116 403
f 2317 1954 2998
f 394 2998 1954
f 2202 398 2998
f 394 2202 2998
f 2998 1306 2317
f 398 1306 2998
f 402 1955 1956
f 393 1953 1955
f 1953 1954 1955
f 1955 1954 1956
f 403 1954 2317
f 1956 1954 403
f 354 1780 2200
f 354 2200 2199
f 354 2199 1948
f 355 2199 2203
f 1948 2199 355
f 2200 2203 2199
f 1955 2203 2200
f 402 2203 1955
f 399 362 366
f 1305 2699 397
f 2202 2699 1305
f 2202 1305 398
f 1781 1780 392
f 393 1780 1781
f 393 1781 1953
f 1781 394 1953
f 1953 394 1954
f 1777 1947 353
f 1777 1778 3010
f 1780 1777 392
f 1778 1777 1780
f 1778 1780 354
f 379 1113 391
f 376 377 2695
f 390 378 2695
f 375 387 364
f 2698 1457 2697
f 2698 385 386
f 2697 1583 2698
f 373 3477 382
f 3553 2198 1114
f 3477 1114 2198
f 3672 381 1115
f 3672 2835 381
f 1115 3553 2999
f 1115 2999 3672
f 2835 3672 372
f 2999 3553 1114
f 2833 2999 1114
f 3672 2999 2781
f 3000 2510 1952
f 372 3000 2835
f 2834 1842 1952
f 3555 3000 1952
f 2835 3000 3555
f 2835 2252 381
f 2252 2835 3555
f 380 1842 3001
f 2834 1952 2510
f 2696 380 3001
f 2834 2509 3001
f 2510 2509 2834
f 371 2696 3001
f 371 3001 2509
f 2197 2696 371
f 2197 3476 2696
f 2696 3476 2316
f 2696 2316 380
f 3476 2197 3002
f 3476 3002 2314
f 3002 3673 2314
f 199 2314 3673
f 3673 198 199
f 3002 2197 3679
f 2196 3673 3002
f 3673 2196 198
f 368 1113 379
f 378 1113 368
f 378 376 2695
f 1577 364 361
f 375 364 1577
f 1108 3674 1112
f 3674 1108 1111
f 374 1108 1112
f 374 1112 1254
f 1112 3674 1254
f 1140 3674 1111
f 3674 1140 1254
f 359 3479 1111
f 1140 1111 3479
f 373 3479 359
f 2762 3003 4479
f 2762 373 359
f 3003 2761 2832
f 2833 3003 2832
f 373 2762 4479
f 3003 2833 4479
f 2833 1114 4479
f 373 4479 1114
f 2833 2832 2999
f 2832 2781 2999
f 2781 2832 2761
f 372 3475 2831
f 2781 3475 372
f 2781 372 3672
f 3676 3675 358
f 2507 3675 3676
f 3675 2692 2831
f 3675 2831 358
f 2831 3475 358
f 2691 2507 2506
f 2692 2507 3677
f 2507 2692 3675
f 2831 2692 372
f 2509 2507 2691
f 2509 3677 2507
f 2510 2692 3677
f 3677 2509 2510
f 2509 2691 357
f 3678 357 2195
f 357 3678 2509
f 371 2509 3678
f 2197 371 3004
f 3004 3678 2195
f 371 3678 3004
f 3004 3679 2197
f 3002 3679 2196
f 3004 2195 3005
f 3005 3679 3004
f 3679 2044 2196
f 198 2196 2044
f 3679 3005 2044
f 2043 2044 3005
f 1949 3005 2195
f 2195 1950 1949
f 3005 1949 2043
f 1945 2043 1949
f 2043 1945 197
f 369 370 1779
f 366 361 559
f 365 559 361
f 364 365 361
f 362 363 361
f 361 363 1577
f 1108 1106 3011
f 360 1106 1108
f 1106 360 352
f 374 360 1108
f 1108 1107 1111
f 351 359 1111
f 1107 351 1111
f 2829 2729 3012
f 3474 2829 350
f 3680 3681 2830
f 2729 2829 3681
f 3680 2729 3681
f 2730 3680 2830
f 2730 359 351
f 3006 3681 2829
f 2762 2830 3003
f 2830 3681 3003
f 3003 3006 2761
f 3003 3681 3006
f 3474 2828 2829
f 2828 3006 2829
f 2828 2761 3006
f 350 2690 3474
f 2690 2497 3007
f 2497 2496 3007
f 3007 2496 2689
f 2690 3007 3682
f 3007 2689 3682
f 2690 3676 358
f 2690 358 2828
f 3682 3676 2690
f 3676 3682 2507
f 3682 2689 2506
f 2506 2507 3682
f 2689 2688 2506
f 1950 357 2688
f 2506 2688 357
f 349 1775 2688
f 3014 1775 349
f 3008 1950 1775
f 1775 1950 2688
f 3008 1945 1949
f 3008 1949 1950
f 3009 1771 1731
f 1771 3009 1775
f 3008 3009 1945
f 3009 3008 1775
f 1731 1945 3009
f 1945 1731 197
f 2270 348 2313
f 2313 355 2194
f 2270 2313 2194
f 347 2313 348
f 2313 347 355
f 1948 355 347
f 1948 1944 1943
f 354 1948 1943
f 354 1943 1946
f 1943 346 1946
f 1778 1946 3010
f 1946 1778 354
f 346 1774 1946
f 3010 1946 1774
f 1947 3010 1774
f 1774 345 1776
f 1776 1947 1774
f 1105 343 3011
f 1105 3011 1106
f 1105 1106 1161
f 335 1105 1161
f 1161 1106 352
f 1302 1161 352
f 344 1161 1302
f 1108 3011 1107
f 1107 3011 1104
f 351 1107 1104
f 3012 2723 3683
f 342 3012 3683
f 2826 3012 342
f 3018 3684 2827
f 3018 2827 2724
f 2723 3684 3018
f 2827 2730 3473
f 1104 3473 351
f 3472 3473 1104
f 2724 2827 3473
f 3473 3472 2724
f 3684 2723 3680
f 3680 2827 3684
f 2730 2827 3680
f 3012 2729 2723
f 2729 3680 2723
f 2829 3012 2826
f 2829 2826 350
f 341 2687 2494
f 2497 3013 2687
f 2687 3013 2494
f 3013 350 2826
f 342 3013 2826
f 2690 350 2497
f 2497 2687 2496
f 341 2686 2687
f 2686 2496 2687
f 3014 2686 2685
f 2686 3014 349
f 3014 2685 1771
f 3014 1771 1775
f 2685 1300 1771
f 1771 3685 1428
f 1771 3015 3685
f 1428 3685 1427
f 3015 1771 1300
f 1299 3685 3015
f 3685 1299 1427
f 1299 195 1427
f 1941 348 339
f 347 1941 1944
f 1943 1944 346
f 1944 1941 3016
f 1944 3016 346
f 3016 1940 346
f 346 1940 338
f 338 1770 3017
f 3017 1942 345
f 346 338 3017
f 3017 345 1774
f 3017 1774 346
f 1769 1942 1770
f 3017 1770 1942
f 1773 1769 1772
f 1942 1769 1773
f 1942 1773 345
f 1103 3022 335
f 3022 1103 1141
f 1103 344 1141
f 344 1301 1141
f 1141 1301 336
f 1103 1161 344
f 1161 1103 335
f 335 343 1105
f 2721 3023 3471
f 3686 2724 2722
f 3686 3687 2721
f 3687 3686 2722
f 2722 2724 3472
f 1101 3472 343
f 2722 3472 1101
f 335 1101 343
f 2824 2722 1101
f 3686 2721 3018
f 2724 3686 3018
f 2825 3683 3471
f 3683 2721 3471
f 3018 2721 3683
f 342 3683 2825
f 2723 3018 3683
f 333 2684 2491
f 2495 3019 3688
f 2492 3688 3019
f 2684 3688 2492
f 2491 2684 2492
f 3019 342 2825
f 2495 3013 342
f 2494 3688 2684
f 2495 3688 3013
f 3013 3688 2494
f 2683 2494 2684
f 2494 2683 341
f 341 3689 1300
f 3689 1099 3020
f 2683 3689 341
f 3020 1300 3689
f 3015 1300 3020
f 1099 3689 2683
f 3020 1099 1297
f 1296 3020 3021
f 1296 3015 3020
f 1299 3015 1296
f 1296 195 1299
f 3020 1297 3021
f 1046 1296 3021
f 195 1296 1046
f 195 1046 3046
f 3690 1297 1099
f 1098 1297 3690
f 3021 1297 1098
f 1098 1046 3021
f 1098 194 1046
f 340 547 339
f 547 331 339
f 331 2193 339
f 2193 1940 3016
f 2193 3016 1941
f 1937 1940 2193
f 338 1940 1939
f 1939 1940 1937
f 1770 338 1939
f 1770 1939 330
f 1770 330 3691
f 1770 3691 1769
f 1772 1938 337
f 1938 1769 3691
f 1938 3692 337
f 337 3692 1579
f 3691 1768 1938
f 3692 1938 1768
f 1579 3692 329
f 1298 1102 336
f 1097 1102 1298
f 2823 1298 328
f 1298 2823 1097
f 1141 336 1102
f 3022 1102 327
f 3022 1141 1102
f 1100 3022 327
f 1100 335 3022
f 1101 335 1100
f 2821 3693 2824
f 3026 2820 3693
f 2821 3026 3693
f 3694 1101 1100
f 2824 1101 3694
f 3694 2821 2824
f 327 3694 1100
f 3023 3693 2820
f 3693 3023 3687
f 2824 3693 2722
f 3023 2721 3687
f 3693 3687 2722
f 3023 326 334
f 3471 3023 334
f 2681 3470 2678
f 2310 2681 2678
f 2679 2678 2682
f 2491 2682 2678
f 326 3695 334
f 334 3695 2682
f 3695 2679 2682
f 3019 2682 2492
f 334 2682 2825
f 2825 2682 3019
f 2491 2492 2682
f 2491 2678 3470
f 2681 1096 333
f 3470 2681 333
f 333 2491 3470
f 333 1096 1099
f 1099 1096 3690
f 325 1096 2681
f 3469 3690 1096
f 1095 1098 3690
f 1098 1095 194
f 193 194 1095
f 3690 3469 1095
f 3469 2819 1095
f 2819 193 1095
f 193 2819 2652
f 1936 1935 332
f 1936 2192 1935
f 331 332 1935
f 1935 322 331
f 331 322 2193
f 1937 322 1764
f 1939 1937 321
f 1939 321 330
f 1763 1937 1764
f 1937 1763 321
f 330 321 1767
f 330 1767 3691
f 1768 3691 1767
f 329 3692 1768
f 1768 1767 1294
f 329 1768 1293
f 1767 1762 1294
f 1768 1294 1293
f 2717 2822 2818
f 318 2717 2818
f 2823 1094 2822
f 1094 2818 2822
f 2823 328 319
f 319 1094 2823
f 1097 2822 3024
f 1097 2823 2822
f 1102 3024 327
f 1102 1097 3024
f 2822 2717 3024
f 327 3024 2717
f 2718 327 2717
f 2674 2680 3025
f 2675 2817 3025
f 2674 3025 2817
f 3696 3468 2718
f 3025 2680 3696
f 2675 3025 3696
f 4480 2718 2717
f 3696 2718 4480
f 4480 2717 318
f 3696 4480 3697
f 3694 2680 2821
f 3468 2680 3694
f 2680 2674 3026
f 3026 2821 2680
f 3026 2674 3466
f 2694 3466 2693
f 2820 3026 3466
f 2820 3466 2694
f 2694 3465 326
f 3027 3028 2312
f 2306 2311 3028
f 2306 3028 3027
f 3027 2312 3465
f 2693 3465 2694
f 3465 2693 3027
f 2306 3027 2307
f 2307 2693 317
f 3027 2693 2307
f 3695 2312 2679
f 326 3465 3695
f 2312 3028 2678
f 2312 2678 2679
f 2310 2311 3464
f 3028 2311 2310
f 2309 2310 3464
f 3028 2310 2678
f 2681 2310 325
f 2309 316 2515
f 316 2309 3464
f 2515 3029 2309
f 2515 2514 2676
f 2515 2676 3030
f 2515 3030 3029
f 2309 3029 325
f 3029 2677 325
f 2309 325 2310
f 3029 3030 2677
f 2677 3030 2819
f 3469 2677 2819
f 3030 2676 192
f 3030 192 2652
f 2819 3030 2652
f 543 324 2204
f 2204 324 2192
f 2192 1936 2204
f 1936 323 2204
f 2191 2192 315
f 322 1935 2191
f 2191 1935 2192
f 314 1934 1092
f 1933 1934 1764
f 1933 1764 2191
f 1933 2191 315
f 1934 314 1764
f 314 1763 1764
f 321 1763 314
f 1761 1759 313
f 3698 3699 1760
f 3698 1759 3699
f 1760 1762 314
f 3699 1759 1294
f 1760 3699 1762
f 1294 1759 1293
f 1294 1762 3699
f 1761 1293 1759
f 320 329 1761
f 1293 1761 329
f 1090 3031 1292
f 1094 3031 1093
f 1089 1093 3031
f 1292 3031 319
f 3031 1094 319
f 1094 1093 2818
f 311 1093 3462
f 1093 311 2818
f 2818 311 318
f 1932 3700 3032
f 3697 1932 3032
f 1932 318 311
f 318 1932 3697
f 3032 3700 2817
f 3700 1931 2817
f 3697 3032 2675
f 3697 4480 318
f 3697 2675 3696
f 3032 2817 2675
f 3467 3460 2816
f 3467 2817 3460
f 2674 2817 3467
f 3467 2816 317
f 1758 2816 3701
f 310 3701 2816
f 1758 3702 3033
f 1758 2673 2816
f 2671 3033 3702
f 1758 3033 2673
f 2307 2816 2673
f 317 2816 2307
f 2306 2673 3033
f 2307 2673 2306
f 3033 2671 2311
f 2311 2671 2672
f 2306 3033 2311
f 2311 2672 316
f 2672 3459 316
f 3459 2670 316
f 2515 316 2670
f 2515 2670 2514
f 2670 3034 2514
f 192 3463 2403
f 3034 3463 2514
f 3703 3463 3034
f 3463 2402 2403
f 3703 2402 3463
f 3704 2670 2188
f 3034 2670 3704
f 3034 3704 2305
f 3703 3034 2305
f 3703 2305 191
f 2402 3703 191
f 1087 303 1092
f 1087 1092 1088
f 1088 315 305
f 1088 1933 315
f 1934 1933 1092
f 1933 1088 1092
f 1092 1091 314
f 2668 3705 1760
f 3705 302 2815
f 2668 2667 3705
f 2667 302 3705
f 2668 1760 1091
f 303 2668 1091
f 3698 3705 2815
f 3698 1760 3705
f 3698 2815 1759
f 2815 302 313
f 1759 2815 313
f 2185 1090 2186
f 2186 1090 312
f 2186 312 301
f 2185 1089 1090
f 312 1090 1292
f 3031 1090 1089
f 1089 2189 3462
f 311 3462 2189
f 1926 3706 3035
f 300 3035 2189
f 3700 3706 1925
f 3706 3700 3035
f 3700 1925 1931
f 1932 3035 3700
f 2189 3035 1932
f 2189 1932 311
f 2303 3461 1931
f 299 3461 2303
f 3461 299 1930
f 310 3461 1930
f 3707 3036 1754
f 299 1754 1930
f 3036 3707 1753
f 3036 1753 3702
f 1754 3036 1758
f 1754 3701 1930
f 1754 1758 3701
f 310 1930 3701
f 3037 3702 1753
f 3702 1758 3036
f 2671 3702 3037
f 1753 298 3037
f 3037 298 309
f 1924 3708 2188
f 1924 2188 3709
f 298 1924 3709
f 3708 2184 3710
f 3708 3710 2188
f 3709 309 298
f 3459 3709 2188
f 309 3709 3459
f 2188 3710 3704
f 2305 3704 3710
f 2305 3710 2184
f 190 2164 2305
f 190 2305 2184
f 191 2305 2164
f 1757 2187 1929
f 1847 1757 1929
f 1757 1847 1928
f 1087 306 1291
f 306 1087 1755
f 1087 1088 305
f 1086 1087 1291
f 1087 1086 303
f 2667 2668 2669
f 296 2667 2669
f 2669 2668 303
f 2669 303 1086
f 304 2669 1086
f 2667 296 2666
f 2667 2666 302
f 2605 2604 2185
f 295 2605 301
f 2605 2185 2186
f 301 2605 2186
f 300 3458 294
f 2185 294 3458
f 300 2189 3458
f 1926 2456 2304
f 4481 2456 1926
f 300 2456 4481
f 4481 1926 3035
f 300 4481 3035
f 1926 2304 1925
f 3706 1926 1925
f 3457 1925 2304
f 2303 3457 293
f 3712 2105 2106
f 2106 293 3711
f 2106 2105 3707
f 293 2106 299
f 2303 293 299
f 1754 299 2106
f 3707 2105 3038
f 2106 3707 1754
f 1753 3707 3038
f 3038 292 2190
f 1753 3038 2190
f 1921 3713 1922
f 1923 3713 1921
f 1922 3713 1924
f 292 1922 1924
f 2190 1924 298
f 2190 292 1924
f 3713 1923 3708
f 1924 3713 3708
f 3708 1923 2184
f 3456 2039 2040
f 1923 3456 2040
f 2184 1923 2040
f 2184 2040 190
f 1084 1085 1268
f 1083 1085 297
f 997 1085 1084
f 289 296 1084
f 2605 2298 2604
f 2605 295 2298
f 2604 286 294
f 3451 2297 286
f 2297 2182 3714
f 286 2297 294
f 3714 2296 2302
f 300 2297 2456
f 2297 300 294
f 3714 2456 2297
f 3714 2302 2456
f 2304 2456 2302
f 2301 2304 2302
f 1920 3715 2181
f 2301 3449 2181
f 3715 2180 3712
f 3712 2181 3715
f 2301 2181 293
f 2106 3711 2181
f 2181 3711 293
f 2181 3712 2106
f 2180 2105 3712
f 3454 3453 2183
f 3454 2105 2180
f 292 3454 2183
f 3453 3716 2183
f 3716 1750 1752
f 2183 3716 1752
f 1921 3717 1751
f 3717 1921 1752
f 1750 3717 1752
f 2183 1752 292
f 292 1752 1922
f 1752 1921 1922
f 1751 3452 1727
f 1751 1727 1921
f 3456 1921 1727
f 1727 189 3456
f 1290 291 282
f 282 291 1654
f 291 1290 290
f 290 1290 281
f 281 1083 290
f 1080 2295 1083
f 281 1080 1083
f 1083 2295 1085
f 1085 2295 1079
f 1085 1079 1268
f 1082 2179 279
f 1082 289 2092
f 280 289 1268
f 1082 279 2978
f 1082 2978 1081
f 1748 1609 2298
f 287 278 1748
f 287 2298 295
f 2440 2298 1609
f 2604 2298 2440
f 276 2097 1286
f 2296 3718 1286
f 3718 2182 1287
f 3718 1287 1412
f 2182 3451 1287
f 3451 2440 3448
f 3451 3448 1287
f 3448 2440 277
f 2297 3451 2182
f 3718 2296 3714
f 2182 3718 3714
f 3450 2296 1286
f 285 3450 2097
f 1919 1915 3719
f 1915 1919 1920
f 1915 1920 1078
f 1078 1920 3449
f 2097 3449 285
f 3446 3449 2097
f 1078 3449 3446
f 3446 2097 276
f 1920 2181 3449
f 2301 285 3449
f 1920 1919 3715
f 3715 1919 2180
f 3455 1919 3719
f 284 3455 1918
f 2180 1919 3455
f 275 284 1918
f 275 1285 284
f 3721 3720 1284
f 3720 3721 1285
f 3716 284 1285
f 3716 1285 1750
f 284 3716 3453
f 1749 3721 1284
f 1750 1285 3721
f 1750 3721 3717
f 1749 1751 3717
f 3717 3721 1749
f 1423 1749 1284
f 1424 1749 1423
f 1749 1424 3452
f 1424 188 3452
f 282 283 2664
f 282 2664 1290
f 1290 2664 281
f 281 2664 270
f 269 2295 2407
f 2407 2295 1080
f 2294 1080 281
f 2294 281 270
f 1079 2295 269
f 1079 269 280
f 1079 280 1268
f 268 2179 2091
f 2091 2179 2092
f 2088 2092 280
f 280 2092 289
f 1082 2092 2179
f 279 2179 268
f 1610 1748 278
f 1609 1748 1610
f 3447 1286 258
f 3448 277 1283
f 1287 3448 1283
f 1283 277 266
f 1412 1286 3718
f 276 1286 3447
f 1078 1263 1915
f 1263 1077 1915
f 1263 1078 3446
f 265 3446 276
f 1263 3446 265
f 3719 1077 264
f 1915 1077 3719
f 1918 3719 264
f 275 1918 264
f 3724 1069 3723
f 275 3723 1069
f 3723 275 264
f 3725 1068 1075
f 3725 1076 1069
f 1075 1076 3725
f 275 1069 1076
f 275 1076 1285
f 3720 1076 1075
f 1076 3720 1285
f 3720 1075 1284
f 1075 186 1040
f 1040 187 1423
f 1075 1040 1423
f 1423 1284 1075
f 1074 1571 2814
f 1074 273 1571
f 273 274 1571
f 3667 2814 272
f 3667 1074 2814
f 272 2814 2813
f 261 2407 2281
f 2407 2294 2281
f 2282 2281 2294
f 270 262 2294
f 2282 2294 262
f 2294 2407 1080
f 2407 261 269
f 2087 253 2091
f 2087 2091 2088
f 261 2088 269
f 280 269 2088
f 2092 2088 2091
f 1747 1610 1586
f 267 1586 1610
f 260 1586 267
f 278 267 1610
f 1609 1610 1747
f 1585 266 1747
f 1747 266 1609
f 1281 1283 266
f 3726 1282 1412
f 1287 3726 1412
f 1283 3726 1287
f 1412 1282 258
f 3447 258 265
f 1412 258 1286
f 1071 1260 1070
f 1071 265 3727
f 265 1071 1263
f 1071 1070 1077
f 1263 1071 1077
f 3722 1070 1261
f 1077 1070 3722
f 1262 3722 1261
f 264 3722 1262
f 3442 2810 4482
f 1261 3442 4482
f 3442 1261 257
f 3733 2809 2811
f 2810 2811 2812
f 3733 2811 2810
f 3724 4482 2810
f 1261 4482 1262
f 2812 3724 2810
f 4482 3724 1262
f 3724 2812 1069
f 1262 3723 264
f 1262 3724 3723
f 3725 2812 2811
f 2812 3725 1069
f 3725 2811 1068
f 3445 1068 2811
f 1068 3445 3728
f 2900 2901 3728
f 2900 3728 3445
f 186 3728 2901
f 1068 3728 186
f 256 2662 263
f 2662 262 263
f 2281 2282 2291
f 254 2281 2291
f 255 2291 262
f 262 2291 2282
f 2281 254 261
f 3441 253 2087
f 3039 2087 261
f 2088 261 2087
f 252 1809 1586
f 260 252 1586
f 1809 251 1586
f 1585 1586 251
f 1586 1585 1747
f 1746 1585 251
f 1746 259 1585
f 266 1585 259
f 3444 1280 1275
f 1276 3729 1281
f 3729 1275 1280
f 3729 1276 3730
f 3730 1275 3729
f 1746 1281 259
f 1276 1281 1746
f 259 1281 266
f 1281 3729 1283
f 3726 3729 1280
f 3726 1280 1282
f 1283 3729 3726
f 250 1279 3444
f 1282 3444 1279
f 1282 1280 3444
f 1282 1279 258
f 3731 1067 1063
f 1062 1066 3731
f 1063 1067 3443
f 1279 250 3443
f 1063 3443 250
f 3443 1071 3727
f 1067 1071 3443
f 3443 3727 258
f 1067 3731 1071
f 1071 3731 1260
f 3731 1066 1260
f 1260 1066 257
f 1260 257 1261
f 3041 3732 2663
f 3732 3041 2504
f 3442 257 249
f 249 2663 3442
f 2661 3041 2663
f 249 2661 2663
f 3732 2504 2809
f 3732 3733 2663
f 2663 3733 2810
f 3732 2809 3733
f 184 2809 2504
f 184 3735 3734
f 3734 2809 184
f 3734 3735 185
f 2809 3734 3445
f 247 246 530
f 2662 1743 243
f 1743 2662 246
f 246 2662 256
f 255 2662 243
f 1274 1057 255
f 1274 255 243
f 2291 1057 254
f 255 1057 2291
f 1057 241 254
f 3039 2808 2801
f 2808 241 2660
f 2808 3039 261
f 3441 3039 2801
f 3441 240 253
f 2087 3039 3441
f 3040 1745 235
f 235 1745 1740
f 1740 1745 1741
f 1741 1745 2178
f 1741 2178 237
f 252 2178 1745
f 1745 3040 1809
f 1745 1809 252
f 251 3040 1744
f 1809 3040 251
f 1064 1055 233
f 233 3440 1064
f 3736 3730 1065
f 1064 3736 1055
f 1056 3736 1065
f 1746 251 1744
f 1056 1065 1744
f 1746 1744 1065
f 1746 1065 1276
f 1064 3730 3736
f 1276 1065 3730
f 3730 1064 1275
f 1257 1275 1064
f 3444 1275 1257
f 3444 1258 250
f 1258 3444 1257
f 1062 2805 3738
f 3738 2804 1062
f 2799 2804 3738
f 3738 2805 2800
f 3440 1258 1257
f 2800 2805 1258
f 3438 1258 3440
f 3440 233 3438
f 1258 3438 2800
f 2805 1063 250
f 1258 2805 250
f 1062 1063 2805
f 3731 1063 1062
f 1066 2803 249
f 2804 2803 1066
f 1066 1062 2804
f 1066 249 257
f 249 2803 3439
f 2661 3439 3041
f 3439 2661 249
f 3041 3439 2505
f 3041 2505 3739
f 3041 3739 2504
f 184 3740 2395
f 3739 3042 2504
f 3042 184 2504
f 3740 184 3042
f 3740 3042 3741
f 3740 3741 2394
f 2395 3740 2394
f 3739 2505 3742
f 3739 2409 3042
f 3739 3742 2409
f 3741 3042 2409
f 183 2394 3741
f 247 245 246
f 246 245 1743
f 245 1742 1743
f 243 1743 1742
f 1742 244 243
f 244 1274 243
f 1057 1274 1256
f 1256 242 1057
f 1057 242 241
f 2801 2808 2584
f 2584 2808 2660
f 239 2801 2584
f 240 3441 239
f 239 3441 2801
f 1909 1910 1812
f 1911 1910 237
f 1741 237 1910
f 1909 1740 1910
f 1910 1740 1741
f 1909 1739 235
f 235 1740 1909
f 3736 1056 3743
f 1055 3736 3743
f 1054 233 1055
f 1056 1272 3743
f 3743 1271 1055
f 1054 1055 1271
f 1436 1054 1271
f 1436 1271 1273
f 234 1054 1436
f 1273 1271 3743
f 1273 3743 2980
f 1272 2980 3743
f 1739 236 1272
f 3737 2804 2799
f 3737 2654 232
f 2799 2800 3745
f 3738 2800 2799
f 2799 3745 2655
f 3737 2799 2655
f 3737 3744 2654
f 3744 3737 2655
f 3745 2800 2656
f 2656 3746 3745
f 3745 3746 2655
f 3744 2655 2657
f 3744 2657 231
f 3746 2657 2655
f 2658 3746 2656
f 2658 2982 3746
f 3746 2982 2657
f 3658 2656 3438
f 3658 3438 1054
f 3658 2658 2656
f 3658 1054 234
f 232 2654 3747
f 3439 3747 2410
f 232 3747 3439
f 231 2654 3744
f 2654 3437 3747
f 3747 3437 2410
f 2408 3742 2410
f 2410 3742 2505
f 3437 2654 231
f 2410 3437 2047
f 2410 2047 2408
f 3742 2408 2409
f 3741 2409 4483
f 4483 2409 2408
f 3741 2031 183
f 4483 2046 2031
f 2408 2046 4483
f 3741 4483 2031
f 3669 2408 2047
f 2408 3669 2046
f 3668 2031 2046
f 181 2031 3668
f 3668 2046 2994
f 227 228 229
f 226 223 225
f 224 225 223
f 1801 1735 221
f 2177 221 1735
f 216 2653 215
f 1050 2653 217
f 218 2653 1050
f 1608 212 1607
f 1607 2168 214
f 1607 212 213
f 210 211 208
f 208 209 210
f 1733 1734 207
f 1734 206 207
f 1734 1733 204
f 1896 204 205
f 1734 204 1896
f 1047 203 201
f 202 1047 201
f 2165 155 3043
f 3043 2152 3435
f 2378 2152 3043
f 155 2378 3043
f 2165 3043 2405
f 2167 2165 2405
f 3435 2404 3043
f 2405 3043 2404
f 2167 2405 198
f 199 2405 2404
f 198 2405 199
f 2404 3434 2406
f 2406 199 2404
f 2963 199 2406
f 2065 154 2064
f 2042 154 2065
f 2166 2042 2065
f 2165 2166 2065
f 3748 2042 2166
f 2043 3748 3749
f 3748 2043 197
f 3749 3748 2166
f 2044 2043 3749
f 2166 2165 2167
f 2167 3749 2166
f 3749 198 2044
f 3749 2167 198
f 3044 1729 1717
f 1730 1729 3044
f 154 3044 1717
f 2041 1730 3044
f 1730 2041 196
f 197 1731 2041
f 1731 196 2041
f 154 2042 3044
f 2041 3044 2042
f 2042 3748 2041
f 197 2041 3748
f 1411 1728 132
f 152 132 1728
f 3750 152 1426
f 152 1728 1426
f 1426 1728 3045
f 3750 1427 195
f 3750 1426 1427
f 1426 3045 1427
f 1427 3045 1428
f 1729 3045 1728
f 1730 3045 1729
f 196 1428 3045
f 3045 1730 196
f 1028 1029 1425
f 1045 1028 1425
f 194 1045 3046
f 194 3046 1046
f 1425 3750 3046
f 1425 3046 1045
f 195 3046 3750
f 3750 1425 152
f 151 3047 2023
f 3047 131 2023
f 131 3047 2903
f 2903 3047 1044
f 1043 3047 151
f 1044 3047 1043
f 2903 1044 3751
f 193 3751 3048
f 1043 3048 1044
f 3048 3751 1044
f 1045 1043 1028
f 3048 1043 1045
f 3048 1045 194
f 193 3048 194
f 2642 150 2022
f 2642 2022 2902
f 2651 2642 3752
f 2902 2022 1401
f 2642 2902 3752
f 2651 3752 3049
f 2651 3049 192
f 2903 3049 2902
f 3752 2902 3049
f 2652 192 3049
f 3751 3049 2903
f 3049 3751 2652
f 3751 193 2652
f 149 2386 3050
f 149 3050 2400
f 3050 2650 2400
f 2401 2400 2650
f 191 2401 2650
f 191 2650 2402
f 3050 2402 2650
f 3050 2386 2642
f 2651 3050 2642
f 2402 3050 2651
f 2403 2402 2651
f 2651 192 2403
f 2162 148 1409
f 1409 2163 2162
f 1409 2399 2163
f 3753 2164 190
f 3753 2163 2164
f 2163 2399 2401
f 2164 2163 2401
f 2401 2399 2400
f 2164 2401 191
f 147 2021 2036
f 2036 2021 2160
f 2036 2160 2038
f 2038 2160 2161
f 189 2161 2039
f 2039 2161 3753
f 2040 2039 3753
f 2163 2160 2162
f 3753 2161 2160
f 3753 2160 2163
f 3753 190 2040
f 2029 3433 3051
f 3051 2037 2649
f 2029 3051 2649
f 3433 2036 3051
f 2036 2037 3051
f 188 2037 1727
f 1727 2037 189
f 2038 2037 2036
f 2038 189 2037
f 2161 189 2038
f 1722 3052 146
f 146 3052 2397
f 2393 2647 3052
f 2393 3052 1722
f 2397 3052 2398
f 2647 2648 3052
f 2398 3052 2648
f 2398 2648 187
f 1423 187 3754
f 3754 187 2648
f 2649 3754 2648
f 1424 3754 188
f 1423 3754 1424
f 2649 2648 2647
f 188 3754 2649
f 2037 188 2649
f 176 1721 2158
f 2396 1721 146
f 1721 2396 2158
f 2396 3053 2159
f 2158 2396 2159
f 2901 2159 3053
f 3053 1040 186
f 3053 2396 2398
f 2398 2396 2397
f 2398 1040 3053
f 1040 2398 187
f 145 2028 2034
f 2028 2156 2034
f 2157 2035 2034
f 1416 2156 2028
f 2034 2156 2157
f 185 2157 2900
f 3445 185 2900
f 2901 2900 2157
f 2156 2158 2157
f 2157 2158 2159
f 2159 2901 2157
f 2901 3053 186
f 175 3432 1725
f 2032 1725 3432
f 1726 1725 2032
f 2032 2033 1726
f 2395 1726 2033
f 2033 184 2395
f 2033 185 3735
f 2035 2032 2034
f 2032 2035 2033
f 2033 2035 185
f 2157 185 2035
f 1418 174 1420
f 174 1036 3054
f 174 1025 1036
f 1420 174 3054
f 1724 1420 3054
f 1421 1420 1724
f 1421 1724 183
f 183 1724 2394
f 1724 3054 1723
f 2395 2394 1726
f 1726 1723 1725
f 1723 1726 1724
f 1726 2394 1724
f 1035 173 1034
f 1037 173 1035
f 1035 1418 1037
f 1037 1418 1419
f 1038 1037 1419
f 1038 1419 181
f 1421 181 1419
f 2031 181 1421
f 1419 1418 1420
f 1421 1419 1420
f 2031 1421 183
f 2771 173 1125
f 2770 2771 1125
f 182 1125 1038
f 182 1038 2030
f 1037 1125 173
f 1125 1037 1038
f 178 1417 180
f 179 1417 178
f 1697 3433 2029
f 3433 1697 1696
f 130 147 1696
f 177 2393 1716
f 1722 146 3431
f 2393 1722 1716
f 1416 1553 176
f 1416 2028 1415
f 1416 176 2156
f 175 1555 3432
f 145 3432 1555
f 1036 1025 175
f 1555 1406 145
f 144 174 1039
f 1025 174 144
f 1039 1035 1034
f 173 2899 3055
f 3055 3755 173
f 1039 1034 144
f 2770 172 143
f 2770 143 1022
f 2771 2770 2899
f 173 2771 2899
f 172 2641 143
f 3756 2641 2392
f 143 2641 3756
f 2392 2391 1020
f 171 2392 2641
f 170 2155 142
f 170 142 2391
f 2154 3758 2155
f 169 2385 3757
f 169 3757 2154
f 168 2390 169
f 1720 141 168
f 1719 167 3759
f 1719 141 1720
f 2150 3759 167
f 1414 140 167
f 140 2150 167
f 165 2020 1032
f 2020 1033 1032
f 1033 3429 166
f 165 164 2019
f 165 3760 2020
f 3760 165 2019
f 2646 163 1715
f 2646 1715 2027
f 2027 139 164
f 1714 163 2389
f 3067 163 1714
f 163 3067 1715
f 2389 3487 1718
f 3487 138 1718
f 2389 1718 1714
f 162 138 2153
f 2384 138 162
f 2384 3413 138
f 162 2026 1402
f 1402 161 137
f 3649 1402 2026
f 161 1402 3649
f 1554 2382 137
f 2382 1554 160
f 160 1018 3070
f 136 1031 1413
f 1031 1018 1413
f 1413 1018 2965
f 136 1030 3410
f 1051 1030 136
f 159 1030 1051
f 1030 159 3761
f 3761 159 2892
f 135 2892 158
f 2892 2725 158
f 157 2645 3647
f 2645 157 2634
f 157 2644 2633
f 2634 157 2633
f 2644 2388 2633
f 2633 2388 2643
f 156 2643 2388
f 2289 2388 2644
f 134 156 2152
f 155 2018 2378
f 3818 2377 2064
f 2377 2065 2064
f 133 2064 154
f 133 154 2387
f 1717 2387 154
f 153 1717 1729
f 1717 153 2143
f 2143 2387 1717
f 153 1411 2058
f 1029 132 152
f 1029 2015 2151
f 1028 2015 1029
f 2015 1028 151
f 1029 2151 132
f 2014 2015 151
f 2023 2014 151
f 131 1711 2023
f 131 1401 1711
f 3762 2022 150
f 1400 3762 150
f 1401 2022 3762
f 2386 1400 150
f 2386 149 1410
f 1400 2386 1410
f 149 129 1410
f 129 149 1409
f 1398 1409 148
f 1399 1398 148
f 1399 148 2021
f 1399 2021 130
f 130 2021 147
f 3431 1027 1716
f 1026 3056 3763
f 3056 1027 3763
f 177 1027 3056
f 1716 1027 177
f 177 3056 1697
f 3056 3427 1017
f 1697 3056 1017
f 1696 1017 130
f 1697 1017 1696
f 3426 4484 1407
f 3764 4484 3426
f 3764 3426 4473
f 3881 3765 3057
f 3766 3765 3881
f 1266 3881 3057
f 1407 4484 1266
f 1266 3057 1408
f 1407 1266 1408
f 3428 3767 1009
f 1009 3767 1265
f 3765 1265 3767
f 3428 1026 3763
f 3763 3767 3428
f 3057 3765 3768
f 3765 3767 3768
f 1027 3767 3763
f 1027 3431 3767
f 3768 3767 3431
f 3057 3768 3769
f 3057 3769 1408
f 3769 3431 146
f 3768 3431 3769
f 1415 1406 1405
f 1415 3058 1416
f 1553 1416 3058
f 3426 1415 3424
f 3424 1415 1405
f 3058 1415 3426
f 3058 1407 1408
f 1408 1553 3058
f 1721 1408 3769
f 3769 146 1721
f 1553 1408 1721
f 1025 144 1404
f 1404 1403 3059
f 1025 3059 175
f 1025 1404 3059
f 175 3059 3770
f 3425 3771 1403
f 3059 1403 3771
f 3771 1405 1406
f 3771 3770 3059
f 3771 1406 3770
f 3770 1406 1555
f 175 3770 1555
f 3774 1034 1024
f 144 3774 3772
f 144 1034 3774
f 3774 1397 3060
f 3773 1397 3774
f 3774 1024 3773
f 3772 3774 3060
f 144 3772 1404
f 3775 3772 3060
f 1404 3775 1403
f 1404 3772 3775
f 3773 4472 1023
f 3773 4471 1397
f 1023 4471 3773
f 3776 1396 3060
f 1397 3776 3060
f 3775 3060 1396
f 1403 3775 1396
f 1403 1396 3777
f 3425 4485 121
f 3425 1403 3777
f 3420 3422 1021
f 1022 1021 3422
f 2899 1022 3061
f 3055 1024 3755
f 2899 3061 3055
f 3061 3422 1023
f 1022 3422 3061
f 4472 3061 1023
f 3773 1024 3061
f 3773 3061 4472
f 3055 3061 1024
f 3755 1024 1034
f 1020 3778 2392
f 3778 1019 3062
f 3062 3756 3778
f 3778 3756 2392
f 3756 3062 1021
f 1022 143 1021
f 3756 1021 143
f 3758 3779 142
f 3779 1020 142
f 2898 2713 3063
f 2898 3780 2713
f 3757 3780 2898
f 3758 2898 3063
f 3063 3779 3758
f 3781 3779 3063
f 3779 3781 1020
f 1019 3778 3782
f 1020 3781 3782
f 3778 1020 3782
f 2897 3419 3780
f 2713 3780 3419
f 3419 4470 2713
f 3063 2713 3844
f 3784 3783 2714
f 3783 3784 3844
f 3063 3844 3784
f 3063 3784 3781
f 2714 3781 3784
f 2714 3782 3781
f 3785 2714 2632
f 3785 3782 2714
f 1019 3782 3785
f 1019 3785 2632
f 3062 1019 3421
f 141 2896 3430
f 2896 2897 3430
f 3430 2897 2385
f 3430 2385 2390
f 2897 2896 2895
f 2385 2897 3780
f 3757 2385 3780
f 3758 3757 2898
f 3758 142 2155
f 3757 3758 2154
f 1719 3759 3064
f 1719 3064 141
f 141 3064 3786
f 2896 141 3786
f 2896 3786 2895
f 2894 3759 2150
f 3787 3759 2894
f 3064 3759 3787
f 3788 3787 2894
f 3788 2893 3787
f 3787 2893 3064
f 3786 3064 2893
f 3786 127 2895
f 140 3429 3417
f 2640 3066 2570
f 4486 3789 3065
f 4486 2640 3789
f 2640 2570 3789
f 4486 3429 2640
f 4486 3065 3417
f 3429 4486 3417
f 3788 3065 2571
f 3788 3417 3065
f 3417 3788 2894
f 2570 3066 2639
f 2639 4469 2570
f 3790 3065 3789
f 2893 3788 3791
f 3788 2571 3791
f 2893 3791 127
f 3786 2893 127
f 3792 2019 164
f 3792 164 139
f 3792 2637 3416
f 3416 3066 3792
f 2638 3792 139
f 2019 3792 3066
f 3760 2019 3066
f 3066 3416 2639
f 2020 3066 2640
f 2020 3760 3066
f 3429 2020 2640
f 2020 3429 1033
f 2027 1715 2638
f 139 2027 2638
f 2638 1715 3067
f 3793 2638 3067
f 3792 3793 2637
f 2638 3793 3792
f 1714 2636 3067
f 2636 2635 3067
f 3793 3067 2635
f 3793 126 2637
f 3794 3793 2635
f 126 3793 3794
f 3414 3068 2636
f 2636 3068 2635
f 3794 2635 2269
f 2269 2635 3068
f 3795 3796 3068
f 2268 4487 3798
f 3796 3795 4487
f 2269 3068 4502
f 3068 3796 4502
f 3414 3413 2384
f 3795 3414 2384
f 3068 3414 3795
f 3798 3797 2383
f 3795 2384 3797
f 3798 3795 3797
f 2268 3798 2383
f 3795 3798 4487
f 2383 125 3398
f 2268 2383 3398
f 162 1402 3069
f 3799 162 3069
f 3799 2384 162
f 3800 3799 3069
f 3797 3799 2383
f 2383 3799 3800
f 3799 3797 2384
f 3069 1402 137
f 137 2381 3069
f 2381 3800 3069
f 3800 2381 3801
f 3801 2383 3800
f 125 3801 2381
f 2383 3801 125
f 2379 125 2381
f 3802 125 2379
f 3412 2381 2382
f 2379 2381 3412
f 2379 3412 3070
f 3070 2380 3803
f 3803 3804 3070
f 2379 3070 3804
f 160 3070 3412
f 2380 3070 1018
f 1031 2380 1018
f 3804 3802 2379
f 3802 3804 3394
f 3804 2094 3394
f 3805 2380 3071
f 3805 3803 2380
f 3805 2094 3803
f 2094 3804 3803
f 4488 3805 3071
f 3805 4488 2094
f 3806 4488 3071
f 2094 4488 3807
f 3807 4488 3806
f 3807 3806 4489
f 3806 3071 3411
f 4490 2149 3808
f 3411 2149 4490
f 2093 4490 3808
f 3806 3411 4490
f 2093 3806 4490
f 2093 3808 2148
f 3806 2093 4489
f 3396 2148 2146
f 2093 2148 3396
f 2149 3410 1030
f 2892 3809 3761
f 2149 1030 3761
f 3808 3809 3072
f 3808 3761 3809
f 2149 3761 3808
f 3072 2148 3808
f 2147 3409 135
f 3809 2892 3409
f 3072 3809 3409
f 3810 2147 2146
f 3810 3409 2147
f 3409 3810 3072
f 2146 3072 3810
f 3072 2146 2148
f 2146 2147 3811
f 124 2146 3811
f 3073 3811 2147
f 2144 3811 3073
f 3812 2633 2145
f 3073 2633 3812
f 3812 2144 3073
f 2645 3073 2147
f 2634 3073 2645
f 2633 3073 2634
f 2145 2643 156
f 2145 2633 2643
f 3392 2144 3393
f 3811 2144 3392
f 3811 3392 124
f 2056 2145 3408
f 3812 2145 2056
f 2056 2144 3812
f 3074 3813 3408
f 3813 2056 3408
f 3393 2144 2056
f 3813 3074 3814
f 2018 3074 134
f 3408 134 3074
f 2017 3074 2018
f 3814 3074 2055
f 3074 2017 2055
f 3815 4491 3816
f 2017 3815 3816
f 3815 2016 123
f 4491 3815 123
f 3817 2017 2018
f 2017 3817 3815
f 3818 3817 2377
f 3815 3817 3818
f 2016 3815 3818
f 3817 2018 2377
f 155 2377 2018
f 133 3818 2064
f 3819 123 2016
f 133 3075 2016
f 3818 133 2016
f 3819 2016 3075
f 2057 3819 3075
f 3821 3820 2058
f 3821 2057 3820
f 2057 3075 3820
f 2387 2143 133
f 3075 133 2143
f 3820 3075 153
f 3075 2143 153
f 2058 3820 153
f 132 2058 1411
f 2057 3390 3819
f 3390 3821 1631
f 4460 3819 3390
f 4460 123 3819
f 3822 3821 2058
f 3821 3822 3823
f 3390 2057 3821
f 1631 3821 3823
f 3824 3076 1630
f 3823 3076 3824
f 1631 3823 1395
f 3823 3824 1395
f 3407 3822 132
f 3823 3407 3076
f 3407 3825 3076
f 3823 3822 3407
f 3827 3826 1712
f 3826 3827 1713
f 3825 1713 3827
f 1630 3825 3827
f 3825 1630 3076
f 1712 1630 3827
f 1712 4514 1630
f 1710 1712 3077
f 122 3828 1710
f 1712 1710 3828
f 3077 3826 1713
f 3826 3077 1712
f 3077 1711 1710
f 1713 2151 2015
f 3077 1713 2014
f 1713 2015 2014
f 1711 3077 2014
f 1711 2014 2023
f 3405 122 1710
f 1710 1711 3829
f 1710 3829 3078
f 3078 3405 1710
f 1708 3405 3078
f 3830 3078 3762
f 1708 3078 3830
f 3829 1401 3762
f 3829 3762 3078
f 3830 3762 1400
f 1709 3830 1400
f 1709 1400 1410
f 3831 1012 1014
f 1013 3832 3877
f 3832 3834 3877
f 4492 3079 3833
f 4492 3834 3079
f 4492 3833 1012
f 3833 3079 3835
f 1012 3833 3080
f 3080 3833 3835
f 1012 3080 1014
f 3835 3079 3836
f 3835 3836 1015
f 3406 3832 1013
f 3834 3832 3079
f 3830 3406 1708
f 3832 3406 3830
f 1709 3832 3830
f 3079 3832 1709
f 129 3836 1709
f 3836 3079 1709
f 129 1709 1410
f 3836 129 1015
f 1016 3831 3837
f 3831 1014 3837
f 120 3831 1016
f 3080 3835 1015
f 3080 3837 1014
f 3837 3080 130
f 1017 3837 130
f 1016 3837 1017
f 1398 3080 1015
f 1399 3080 1398
f 3080 1399 130
f 3420 2891 3423
f 128 2891 3420
f 3404 3838 119
f 3404 4471 3423
f 2891 3404 3423
f 3838 3404 2891
f 3839 4471 2886
f 3839 1397 4471
f 3423 4471 1023
f 1397 3839 3776
f 4471 4468 2886
f 3404 4468 4471
f 2886 4493 3839
f 3840 3776 3839
f 3776 3840 1396
f 3081 3777 1396
f 3777 4485 3425
f 3403 3090 4468
f 4468 1007 2886
f 1006 3081 4494
f 3840 4494 3081
f 4493 3842 3841
f 4493 1007 3842
f 3841 4494 3840
f 1007 4493 2886
f 3081 1396 3840
f 4493 3841 3839
f 3839 3841 3840
f 3402 3081 4467
f 4495 3402 1010
f 1010 1011 4495
f 3402 4495 3843
f 3402 3843 3081
f 3843 4495 4485
f 1011 4485 4495
f 1011 121 4485
f 3777 3843 4485
f 3081 3843 3777
f 2630 4470 3418
f 2630 118 3401
f 3401 4470 2630
f 3844 4470 2631
f 3844 2713 4470
f 4470 3400 2631
f 3401 3400 4470
f 2631 4496 3844
f 3845 3783 4496
f 3783 3844 4496
f 3783 2632 2714
f 3783 3845 2632
f 1019 2632 3421
f 3400 2549 2631
f 2371 3082 4497
f 3845 4497 3082
f 3846 4497 3847
f 3847 4498 3846
f 3847 4497 3845
f 4496 4498 3847
f 2631 4498 4496
f 2549 4498 2631
f 3082 2632 3845
f 4496 3847 3845
f 3399 3082 4466
f 3838 3848 119
f 3399 119 3848
f 3838 2891 3848
f 3399 3848 3082
f 3421 3848 128
f 2891 128 3848
f 2632 3082 3421
f 3082 3848 3421
f 126 2374 3415
f 2374 2373 117
f 2374 117 3849
f 3415 2374 3849
f 4469 3849 3083
f 2570 4469 3083
f 3415 3849 4469
f 3790 2571 3065
f 4499 3790 3789
f 3789 2570 4499
f 3083 4499 2570
f 3849 4465 2375
f 3083 3849 2375
f 117 4465 3849
f 3790 3084 2376
f 3083 2375 4499
f 4499 2375 3790
f 3790 2376 2571
f 3791 2376 4500
f 2571 2376 3791
f 127 4500 3850
f 127 3791 4500
f 2630 127 3850
f 3851 3790 2375
f 4500 2376 3084
f 3850 4500 3852
f 118 3850 3852
f 2630 3850 118
f 3853 2375 2477
f 3084 3790 3851
f 3851 2375 3853
f 3851 2478 3084
f 3854 4500 3084
f 3852 4500 3854
f 3084 2478 3854
f 4501 3852 3854
f 118 3852 4501
f 3794 2269 3397
f 3397 126 3794
f 2268 3085 4487
f 3855 3796 4487
f 4502 3796 3855
f 4503 4502 3855
f 2142 2269 4503
f 2269 4502 4503
f 4487 2141 3858
f 3085 2141 4487
f 3858 3855 4487
f 3856 3398 4464
f 3085 3398 3856
f 3085 2268 3398
f 4504 4464 2140
f 4504 2140 116
f 3856 4464 4504
f 2089 3856 3857
f 2089 3085 3856
f 2141 3085 2089
f 3856 4504 3857
f 117 2373 4453
f 4454 3374 2090
f 4463 2373 2374
f 3374 4453 4463
f 4453 2373 4463
f 2090 3374 2142
f 4503 2090 2142
f 3095 3859 2089
f 2090 3858 3859
f 3374 4463 3397
f 2142 3374 3397
f 4503 3855 3858
f 4503 3858 2090
f 2141 3859 3858
f 3859 2141 2089
f 3860 3857 4504
f 2089 3857 3860
f 4489 3086 3861
f 3086 4489 2093
f 3861 3807 4489
f 2094 3807 3861
f 3087 2094 3861
f 2013 3394 3087
f 3394 2094 3087
f 3086 2012 3864
f 3864 3861 3086
f 3396 2011 3862
f 4505 3396 3862
f 2093 3396 4505
f 3086 2093 4505
f 4506 2011 2010
f 3862 2011 4506
f 4505 2012 3086
f 4507 4505 3862
f 2012 4505 4507
f 115 4506 2010
f 3863 3862 4506
f 4507 3862 3863
f 2007 116 3372
f 2013 116 3395
f 116 2140 3395
f 3372 116 2013
f 3087 2054 2013
f 3372 2013 2054
f 3087 3865 2054
f 2053 4508 2012
f 3865 3864 4508
f 3087 3861 3864
f 3865 3087 3864
f 3864 2012 4508
f 2053 4507 3863
f 2012 4507 2053
f 4509 3371 1706
f 114 4451 3866
f 3371 3866 4451
f 3088 4510 3867
f 4510 3868 3867
f 1706 4510 3088
f 4509 1706 3088
f 3866 3371 4509
f 2055 4509 3088
f 3866 1705 114
f 2056 1707 3393
f 3867 3868 1707
f 3813 1707 2056
f 3867 1707 3813
f 3814 3867 3813
f 3088 3814 2055
f 3867 3814 3088
f 3866 4509 3816
f 4509 2055 3816
f 4491 3866 3816
f 2017 3816 2055
f 4491 123 1705
f 3866 4491 1705
f 115 2010 3391
f 3368 115 3391
f 3391 4462 3368
f 3368 4462 1596
f 4449 3368 1596
f 1595 4511 1706
f 3869 1706 4511
f 1707 1596 4462
f 1596 1707 3868
f 3869 1596 3868
f 4510 3869 3868
f 1706 3869 4510
f 1706 3371 1595
f 113 3870 1392
f 3871 1395 3824
f 1394 4512 4513
f 4512 3871 3824
f 3872 3870 1394
f 3870 1393 1392
f 4513 4512 3824
f 4513 3824 1630
f 1394 4513 1630
f 1630 4514 1394
f 1394 4514 3872
f 1393 3870 3872
f 3828 3872 1712
f 3872 4514 1712
f 3828 122 1393
f 1393 3872 3828
f 1389 4515 3364
f 1389 114 4515
f 3364 4461 3389
f 3364 4515 4461
f 4515 114 4461
f 114 1705 4461
f 3364 3389 1512
f 4448 3364 1512
f 1395 1512 3389
f 1512 1395 3871
f 3873 1512 3871
f 1394 1511 4512
f 4512 3873 3871
f 1511 3873 4512
f 3367 1394 3870
f 1511 1394 3367
f 3366 3870 113
f 3367 3870 3366
f 2887 3874 2882
f 3363 4516 2884
f 3363 3874 4516
f 111 3363 2884
f 3875 4517 3877
f 2887 4492 1012
f 2887 3875 4492
f 3876 3874 2887
f 3874 3876 4516
f 1012 3876 2887
f 4516 4518 2885
f 4516 3876 4518
f 4516 2885 2884
f 3877 4517 2888
f 2888 1013 3877
f 3875 3877 4492
f 3877 3834 4492
f 3876 1012 4518
f 120 4518 3831
f 4518 1012 3831
f 4518 120 2885
f 3361 113 1392
f 3878 3361 3388
f 3361 1392 3388
f 1392 1393 3388
f 2883 4519 2888
f 3878 2888 4519
f 4519 3361 3878
f 4517 2883 2888
f 3880 2883 3879
f 2888 3878 3387
f 3878 3388 3387
f 3879 3875 2887
f 3879 4517 3875
f 3879 2883 4517
f 2882 3879 2887
f 4447 3874 3363
f 2882 3874 4447
f 4473 1011 3764
f 121 1011 4473
f 1010 4484 3764
f 1011 1010 3764
f 3881 4484 1008
f 3881 1266 4484
f 3766 1265 3765
f 4484 3386 1008
f 1010 3386 4484
f 1008 4520 3881
f 3881 4520 3766
f 3428 1009 3882
f 1026 3428 3882
f 3386 2709 1008
f 2708 3089 4521
f 4520 3884 3883
f 4520 2709 3884
f 3883 4521 3766
f 2709 4520 1008
f 3766 4521 3089
f 1265 3089 1009
f 3089 1265 3766
f 4520 3883 3766
f 3089 3385 3384
f 4458 2884 4522
f 4522 2884 2885
f 3384 4458 3882
f 3882 4458 4522
f 3384 3882 3089
f 3089 3882 1009
f 120 4522 2885
f 3882 4522 120
f 119 2629 3403
f 4468 3090 1007
f 3403 3383 3090
f 3403 2629 3383
f 3842 4523 3841
f 3841 4523 4494
f 3090 3842 1007
f 2628 4457 2629
f 4457 3383 2629
f 3090 3383 2625
f 1006 4523 3091
f 3885 3091 4523
f 2625 3885 3090
f 3090 3885 3842
f 3885 4523 3842
f 4494 4523 1006
f 3886 4467 4524
f 4467 1006 4524
f 112 3402 3886
f 3402 4467 3886
f 112 3886 2881
f 3887 3091 3885
f 3886 4524 3888
f 3091 3888 1006
f 3888 4524 1006
f 3886 2880 2881
f 2880 3886 3888
f 2878 3885 2625
f 3885 3938 3887
f 2878 3938 3885
f 3889 3887 3938
f 3091 3889 2877
f 3091 3887 3889
f 3091 2877 3888
f 2877 4552 3888
f 103 2880 3890
f 3888 3890 2880
f 118 2369 3891
f 3400 3092 2549
f 3891 3092 3400
f 118 3891 3400
f 3891 3381 3092
f 3891 2369 3381
f 4498 3892 3846
f 4498 2549 3892
f 3092 3892 2549
f 2368 4456 2369
f 4456 3381 2369
f 3092 3381 2370
f 2371 3846 3093
f 3892 3093 3846
f 2370 3892 3092
f 4497 3846 2371
f 3893 4466 4525
f 4466 2371 4525
f 3399 4466 3893
f 119 3893 2629
f 3894 3093 3892
f 3893 4525 3895
f 3093 3895 2371
f 3895 4525 2371
f 3893 2628 2629
f 2628 3893 3895
f 2366 3892 2370
f 3892 3945 3894
f 2366 3945 3892
f 3896 3894 3945
f 3093 3896 2367
f 3093 3894 3896
f 3093 2367 3895
f 2367 4557 3895
f 110 2628 3897
f 3895 3897 2628
f 3899 2137 3898
f 4465 3094 2477
f 3898 3094 117
f 3899 3898 117
f 3898 3379 3094
f 3898 2137 3379
f 3853 2478 3851
f 3094 4526 2477
f 2477 4526 3853
f 2136 4455 2137
f 4455 3379 2137
f 3094 3379 2138
f 3900 2139 3853
f 3853 4526 3900
f 2138 3900 4526
f 2138 4526 3094
f 2478 3853 2139
f 2478 2139 4527
f 2478 4527 3854
f 2132 2138 3379
f 3379 3378 2132
f 3901 2133 3900
f 2132 3901 3900
f 2132 3900 2138
f 3900 2133 2139
f 4528 109 2368
f 3376 109 4528
f 4528 2368 2369
f 3902 4528 4501
f 3902 3376 4528
f 4527 3376 3902
f 2139 2133 3376
f 4501 4528 2369
f 2139 3376 4527
f 118 4501 2369
f 3854 3902 4501
f 4527 3902 3854
f 3903 3904 2008
f 107 3903 2006
f 4529 3903 107
f 4529 3904 3903
f 3905 3906 2009
f 2008 3905 3095
f 3095 3860 2008
f 3903 2008 3860
f 2007 2006 4530
f 3903 4530 2006
f 4530 3903 3860
f 3905 2009 3859
f 3095 3905 3859
f 3859 2009 2090
f 3860 3095 2089
f 2007 4530 116
f 116 4530 4504
f 4504 4530 3860
f 3904 2002 2008
f 2003 3096 3906
f 3906 4531 2003
f 3907 4531 3906
f 2008 2002 3907
f 2008 3907 3906
f 3096 2009 3906
f 2008 3906 3905
f 3908 3096 3349
f 3096 2003 3349
f 3908 2136 2137
f 3375 3908 2137
f 3908 3375 3096
f 2009 3096 3375
f 4453 3375 3899
f 3899 3375 2137
f 3375 4454 2009
f 3910 3912 3909
f 1702 3910 3909
f 3343 1702 106
f 3912 3911 2053
f 1703 3911 3912
f 1702 3909 4532
f 3865 1704 2054
f 3911 1704 3865
f 3911 4508 2053
f 3911 3865 4508
f 3909 3912 2053
f 3909 2053 3863
f 115 4532 4506
f 4506 4532 3863
f 3909 3863 4532
f 1702 4532 115
f 107 2006 4533
f 4533 3347 4437
f 107 4533 4437
f 4452 2006 2007
f 3373 3347 4452
f 4533 2006 4452
f 3347 4533 4452
f 4534 3097 1699
f 3345 4534 1699
f 3345 3347 4534
f 1699 3097 3913
f 1699 3913 3914
f 4534 1704 3097
f 4534 3373 1704
f 4534 3347 3373
f 3911 3097 1704
f 3097 3911 3913
f 1703 3913 3911
f 1698 3913 1703
f 4535 3912 3910
f 3910 1702 3343
f 1703 3912 4535
f 1698 1703 4535
f 4449 1596 1391
f 3368 4449 3369
f 3915 3869 4511
f 3869 1391 1596
f 3915 1391 3869
f 4511 1595 1390
f 3916 3915 4511
f 1390 1595 3370
f 4536 3370 1389
f 1389 105 4536
f 3370 4536 3344
f 3344 4536 105
f 1390 3370 1383
f 3370 3344 1383
f 4537 106 1702
f 3917 3341 4537
f 3342 4537 3341
f 3342 106 4537
f 3369 3917 4450
f 4537 4450 3917
f 4537 1702 4450
f 3098 3341 3917
f 1384 3341 3098
f 3916 4538 3098
f 1384 3098 4538
f 3918 4540 4539
f 3918 4538 3916
f 4541 4538 3918
f 1391 3098 4449
f 3098 3369 4449
f 3098 3917 3369
f 3915 3098 1391
f 3916 3098 3915
f 4540 4511 1390
f 3916 4511 4540
f 3918 3916 4540
f 4539 1390 1383
f 4539 4540 1390
f 4448 1512 1005
f 3364 4448 3365
f 1511 3099 4542
f 3919 3873 1511
f 3873 1005 1512
f 3919 1005 3873
f 3919 1511 4542
f 4542 3099 3920
f 4542 3920 1004
f 3921 3919 4542
f 3099 1511 3367
f 3920 3367 3366
f 3099 3367 3920
f 3366 3922 3923
f 3920 3366 3923
f 3923 3922 4543
f 104 4543 3922
f 1004 3920 3923
f 4433 3924 3338
f 105 3924 4433
f 1389 3924 105
f 3100 3338 3924
f 3338 3100 999
f 3921 999 3100
f 3925 4545 4544
f 3925 999 3921
f 4546 999 3925
f 3365 3924 1389
f 1005 3100 4448
f 3100 3365 4448
f 3100 3924 3365
f 3919 3100 1005
f 3921 3100 3919
f 4545 4542 1004
f 3921 4542 4545
f 3925 3921 4545
f 4544 1004 998
f 4544 4545 1004
f 4435 4543 104
f 3340 4543 4435
f 3340 3923 4543
f 3340 1004 3923
f 2883 2627 4519
f 2627 3361 4519
f 3361 2627 3362
f 3880 2882 3101
f 3879 2882 3880
f 3880 2627 2883
f 3926 3363 111
f 4447 3363 3926
f 3101 2882 4447
f 3101 4447 3926
f 2624 3926 111
f 4432 3926 2624
f 3337 3926 4432
f 2626 3101 3926
f 102 4432 2624
f 2626 3926 3337
f 3335 104 3927
f 104 4547 3927
f 3362 3928 1003
f 3927 1003 3928
f 4547 1003 3927
f 104 3922 4547
f 3922 1003 4547
f 3928 3102 2518
f 4431 3927 3928
f 4431 3928 2518
f 2518 3102 3929
f 3930 3929 4548
f 2518 3929 3930
f 2365 2518 3930
f 3928 2627 3102
f 3928 3362 2627
f 3880 3102 2627
f 3880 3101 3929
f 3102 3880 3929
f 2626 4548 3101
f 3929 3101 4548
f 2517 4548 2626
f 112 2881 3931
f 3386 3103 2709
f 3931 3103 3386
f 112 3931 3386
f 3931 3360 3103
f 3931 2881 3360
f 3884 4549 3883
f 3883 4549 4521
f 3103 3884 2709
f 2880 4446 2881
f 4446 3360 2881
f 3103 3360 2879
f 2708 4549 3104
f 3932 3104 4549
f 2879 3932 3103
f 3103 3932 3884
f 3932 4549 3884
f 4521 4549 2708
f 3385 2708 3933
f 111 3385 3933
f 3934 3104 3932
f 3933 2708 4550
f 3104 4550 2708
f 111 3933 2624
f 2619 3932 2879
f 3932 3981 3934
f 2619 3981 3932
f 3935 3934 3981
f 3104 3935 2618
f 3104 3934 3935
f 3104 2618 4550
f 2618 4581 4550
f 3933 4550 3936
f 2624 3936 102
f 3933 3936 2624
f 4457 3937 3382
f 110 2135 4457
f 2135 3937 4457
f 3937 4445 3358
f 3937 2135 4445
f 2135 2134 4445
f 3358 4444 3937
f 4444 3105 3938
f 3382 3937 4444
f 3938 2878 4444
f 2878 3382 4444
f 4444 2130 3105
f 2130 3939 3105
f 3105 3939 3938
f 3889 3938 3939
f 2877 3889 2131
f 4551 4552 2131
f 4552 4551 3890
f 3888 4552 3890
f 2131 4552 2877
f 3940 3890 4551
f 4553 2363 103
f 103 3940 4553
f 3940 103 3890
f 3939 2130 3941
f 4554 3939 3941
f 3889 4554 2131
f 3939 4554 3889
f 3106 4551 2131
f 3942 3940 4551
f 2362 3940 3942
f 2363 4553 2362
f 2362 4553 3940
f 3941 2130 2128
f 4555 3941 3123
f 2129 3106 4555
f 4554 4555 2131
f 2131 4555 3106
f 3941 4555 4554
f 2129 4001 3106
f 4001 4551 3106
f 4551 4001 3942
f 3943 2362 3942
f 4456 3944 3380
f 109 2004 4456
f 2004 3944 4456
f 3944 4443 3356
f 3944 2004 4443
f 2004 99 4443
f 3356 4442 3944
f 4442 3107 3945
f 3380 3944 4442
f 3945 2366 4442
f 2366 3380 4442
f 4442 1998 3107
f 1998 3946 3107
f 3107 3946 3945
f 3896 3945 3946
f 2367 3896 2005
f 4556 4557 2005
f 4557 4556 3897
f 3895 4557 3897
f 2005 4557 2367
f 3947 3897 4556
f 4558 2135 110
f 110 3947 4558
f 3947 110 3897
f 3946 1998 3948
f 4559 3946 3948
f 3896 4559 2005
f 3946 4559 3896
f 3108 4556 2005
f 3949 3947 4556
f 2134 3947 3949
f 2135 4558 2134
f 2134 4558 3947
f 1999 3108 4560
f 4559 4560 2005
f 2005 4560 3108
f 3948 4560 4559
f 1999 4013 3108
f 4013 4556 3108
f 4556 4013 3949
f 3950 2134 3949
f 4455 3951 3378
f 108 1700 4455
f 1700 3951 4455
f 3951 4440 3354
f 3951 1700 4440
f 1700 98 4440
f 3354 4441 3951
f 4441 3109 2132
f 3378 3951 4441
f 2132 3378 4441
f 2132 3109 3901
f 3901 4562 2133
f 4441 1694 3109
f 4561 3109 1694
f 3952 3109 4561
f 3901 3952 4562
f 3901 3109 3952
f 2133 4562 1701
f 3376 1701 3377
f 3953 4441 3354
f 3953 1694 4441
f 3953 3354 4017
f 3110 4563 1695
f 4562 4563 3110
f 4563 4562 3952
f 3952 3126 4563
f 3952 4561 3126
f 4561 1694 3126
f 1701 4562 3110
f 3110 1695 3352
f 4439 99 3954
f 3954 99 2004
f 3352 4439 3954
f 3110 3352 3954
f 3954 2004 109
f 3377 3954 109
f 1701 3110 3377
f 3954 3377 3110
f 3956 4564 3955
f 1385 3955 1386
f 1385 3956 3955
f 1387 3111 4564
f 3958 4564 3111
f 3958 3955 4564
f 4565 3955 3958
f 1386 3955 4565
f 1388 3350 3957
f 3350 2003 3957
f 3907 3111 3957
f 2003 4531 3957
f 3907 3957 4531
f 2002 3111 3907
f 2002 3958 3111
f 3904 3958 2002
f 4529 3958 3904
f 4565 4529 107
f 4565 3958 4529
f 1386 4565 107
f 3956 1387 4564
f 1378 3959 3112
f 3960 4027 3112
f 3960 3961 4027
f 3960 1377 3961
f 1388 3960 3112
f 3111 1377 3960
f 3111 1387 1377
f 3957 3960 1388
f 3957 3111 3960
f 4438 3959 3348
f 3348 98 4566
f 4566 98 1700
f 3351 3348 4566
f 4438 3348 3351
f 3112 3959 1388
f 3959 4438 1388
f 4566 1700 108
f 3351 4566 108
f 96 3962 1000
f 3963 1698 1001
f 4567 3962 1001
f 3962 4567 3964
f 1000 3962 3964
f 1699 3914 1002
f 1698 3963 3913
f 3913 3963 3914
f 1001 1698 4567
f 4567 4535 3910
f 1698 4535 4567
f 3964 4567 3910
f 3343 3964 3910
f 1000 3964 3343
f 3318 4427 3965
f 97 1385 4427
f 3965 3346 4568
f 1385 1386 4427
f 1386 3965 4427
f 3966 4568 3113
f 3966 995 4568
f 3318 3965 4568
f 3318 4568 995
f 4569 3966 3113
f 3966 4569 4035
f 4035 4569 994
f 3113 4568 1002
f 1002 4568 3346
f 3914 3113 1002
f 4569 3914 3963
f 4569 3113 3914
f 3963 994 4569
f 1001 994 3963
f 3962 3967 1001
f 3962 96 3967
f 3967 96 1995
f 994 1001 3967
f 4570 1383 3114
f 4539 1383 4570
f 4538 4541 1384
f 3918 4539 4570
f 3968 4541 3918
f 2876 4570 3114
f 3918 4570 3968
f 2874 3344 2875
f 3344 2874 3969
f 3344 3969 1383
f 3969 3114 1383
f 3114 3969 2876
f 3969 2874 3970
f 2876 3969 3970
f 2874 95 3313
f 3970 2874 3313
f 4426 4436 2869
f 96 4571 3314
f 4571 3342 3971
f 4571 1000 3342
f 96 1000 4571
f 3314 4571 3971
f 2869 4436 3115
f 3314 3971 4426
f 4426 3971 4436
f 4572 2869 3115
f 3968 4573 3133
f 3968 3133 4572
f 3115 4436 1384
f 3971 3342 4436
f 4541 3115 1384
f 3968 4570 4573
f 4572 4541 3968
f 3115 4541 4572
f 2876 2868 4570
f 2868 4573 4570
f 3970 3972 2876
f 2868 2876 3972
f 3970 3313 3972
f 4544 998 4574
f 3973 4544 4574
f 3925 4544 3973
f 3973 4546 3925
f 2623 999 4546
f 2622 4574 998
f 3974 4435 2621
f 3340 4435 3974
f 2620 3974 2621
f 998 3340 2622
f 3974 2620 3311
f 3974 4575 3340
f 4575 3974 3311
f 2622 3340 4575
f 3311 2620 94
f 3312 4576 3975
f 2874 4576 95
f 95 4576 3312
f 2874 2875 4434
f 3339 2623 3975
f 3975 4434 3339
f 4576 4434 3975
f 2874 4434 4576
f 2616 3975 2623
f 4050 2623 4577
f 3976 4050 4577
f 4577 4546 3973
f 2623 4546 4577
f 3973 3976 4577
f 2622 2615 4574
f 3973 4574 2615
f 2615 3976 3973
f 4575 4051 2622
f 2615 2622 4051
f 4051 4575 3311
f 2365 4431 2518
f 3927 4431 3335
f 4548 2517 4578
f 3930 4548 4578
f 3977 2365 3930
f 3116 4578 2517
f 2364 2353 3116
f 4578 3116 2353
f 3930 4578 3977
f 3978 3116 3337
f 3116 2517 3337
f 2448 4579 102
f 4579 3978 102
f 2447 4579 2448
f 3978 4579 3308
f 3978 3308 3116
f 2364 3116 3308
f 3307 4579 93
f 2447 93 4579
f 3308 4579 3307
f 3979 2419 4580
f 2419 4425 4580
f 4055 3979 2354
f 94 2620 4425
f 3336 4580 3335
f 3335 4580 2621
f 3336 4430 3979
f 3979 4580 3336
f 2620 2621 4425
f 2621 4580 4425
f 2354 4430 3117
f 2354 3979 4430
f 3977 2354 3117
f 4056 2354 3977
f 2353 4056 3977
f 3117 4430 2365
f 3977 3117 2365
f 3977 4578 2353
f 4446 3980 3359
f 103 2363 4446
f 2363 3980 4446
f 3980 4429 3334
f 3980 2363 4429
f 2363 2362 4429
f 3334 4428 3980
f 4428 3118 3981
f 3359 3980 4428
f 3981 2619 4428
f 2619 3359 4428
f 4428 2360 3118
f 2360 3982 3118
f 3118 3982 3981
f 3935 3981 3982
f 2618 3935 2361
f 3983 3936 4581
f 3936 4550 4581
f 2361 4581 2618
f 3936 3983 102
f 3982 2360 3984
f 4582 3982 3984
f 3935 4582 2361
f 3982 4582 3935
f 3119 4581 2361
f 3985 3983 3119
f 3983 4581 3119
f 102 3983 2448
f 3983 3985 2448
f 3984 2360 2359
f 4583 3984 3121
f 2358 3119 4583
f 4582 4583 2361
f 2361 4583 3119
f 3984 4583 4582
f 2358 3986 3119
f 3985 3119 3986
f 3986 3987 3985
f 2448 3985 2447
f 2447 3987 93
f 3985 3987 2447
f 3987 2127 3988
f 93 3988 1994
f 3987 3988 93
f 2127 3990 3120
f 2127 3989 3990
f 3120 3988 2127
f 3988 3120 1994
f 2126 3333 3989
f 1355 3989 3333
f 3990 3989 1355
f 3120 3990 1354
f 1994 3120 77
f 3987 3986 2127
f 3121 3984 2359
f 4583 3121 2358
f 2126 3121 3991
f 3989 2358 2126
f 2358 3121 2126
f 3986 2358 3989
f 2127 3986 3989
f 2359 3331 3992
f 2359 3992 2077
f 3991 2359 2077
f 3121 2359 3991
f 3993 78 2077
f 78 3991 2077
f 2126 78 3332
f 3991 78 2126
f 3994 2078 3330
f 101 2082 3994
f 3330 101 3994
f 3305 2082 92
f 3331 2078 3992
f 3994 2082 3305
f 3994 3305 2125
f 3994 2125 2078
f 3992 2125 1803
f 3992 2078 2125
f 2077 3992 1803
f 2077 1803 1686
f 3993 2077 1686
f 101 3943 2082
f 2362 3943 101
f 3943 3122 3996
f 3122 3943 2001
f 3943 3996 2082
f 2082 3996 92
f 2000 3329 3995
f 1362 3995 3329
f 3997 3995 1362
f 3122 2001 3997
f 3995 3997 2001
f 3122 3997 1373
f 3998 3996 3122
f 1373 3998 3122
f 3996 3998 92
f 3357 4000 2051
f 3123 2128 4584
f 2050 4584 2128
f 3999 2050 2128
f 3999 3357 2051
f 3357 3999 2128
f 3123 2129 4555
f 2128 3123 3941
f 2000 4584 91
f 3123 4584 2000
f 3995 2129 2000
f 2129 3123 2000
f 4001 3995 2001
f 2129 3995 4001
f 4001 3943 3942
f 4001 2001 3943
f 4002 2051 4000
f 4000 100 4002
f 3303 4002 90
f 90 4002 100
f 3999 2051 4003
f 4002 3303 1691
f 2051 4002 1691
f 4003 1691 991
f 2051 1691 4003
f 3999 4003 2050
f 2050 4003 991
f 2050 991 984
f 3327 2050 984
f 3950 1382 4004
f 2134 4004 100
f 3950 4004 2134
f 3124 4004 1382
f 100 4004 90
f 1381 1371 4005
f 4006 4005 1371
f 3124 1382 4006
f 4005 4006 1382
f 3124 4006 1372
f 1372 4007 3124
f 4004 3124 4007
f 4004 4007 90
f 3355 4009 1380
f 4011 4008 4010
f 4010 4008 1379
f 3125 4011 4010
f 4008 3355 1380
f 3125 1998 4011
f 3355 4011 1998
f 3355 4008 4011
f 3948 1999 4560
f 3948 4012 1999
f 3948 3125 4012
f 3125 3948 1998
f 89 3326 4010
f 4012 3125 3326
f 4010 3326 3125
f 4012 3326 1381
f 1381 1999 4012
f 4013 4005 1382
f 1999 4005 4013
f 1999 1381 4005
f 4013 3950 3949
f 4013 1382 3950
f 996 1380 4009
f 99 996 4009
f 996 3325 88
f 4008 1380 4014
f 988 996 88
f 1380 996 988
f 4014 4015 989
f 1380 4015 4014
f 1380 988 4015
f 1379 4014 989
f 4008 4014 1379
f 2864 3323 3300
f 72 3300 3323
f 2864 4066 2873
f 2864 2873 4021
f 3353 2873 3325
f 3325 99 3353
f 3325 996 99
f 3953 4017 2871
f 4018 4016 2870
f 4016 4018 4019
f 4016 3953 2871
f 4019 4018 3126
f 3126 1694 4019
f 3953 4019 1694
f 3953 4016 4019
f 4563 4020 1695
f 4563 3126 4020
f 4020 3126 3323
f 4018 3324 3126
f 3324 3323 3126
f 2872 2864 4021
f 4020 3323 2872
f 2872 1695 4020
f 4021 1695 2872
f 4021 3352 1695
f 3353 4021 2873
f 3352 4021 3353
f 2617 2871 4017
f 98 2617 4017
f 2617 3322 87
f 4016 2871 4022
f 2123 2617 87
f 2871 2617 2123
f 4022 4023 2124
f 2871 4023 4022
f 2871 2123 4023
f 2870 4022 2124
f 4016 4022 2870
f 2870 72 3324
f 86 70 2356
f 70 3297 2356
f 2350 4070 2357
f 2356 3297 2350
f 2350 2357 1378
f 3321 2357 3322
f 3322 98 3321
f 3322 2617 98
f 86 4025 2122
f 4024 2350 1378
f 2356 4024 4027
f 2350 4024 2356
f 2356 4027 3127
f 86 3127 4025
f 3127 86 2356
f 4026 4025 3127
f 2122 4025 4026
f 4024 3112 4027
f 3112 4024 1378
f 3961 1377 3127
f 3127 4027 3961
f 4026 1387 2355
f 4026 1377 1387
f 3127 1377 4026
f 2355 1387 3956
f 3956 97 3128
f 3956 1385 97
f 2355 3956 3128
f 1690 4028 4029
f 4029 4028 85
f 4030 3128 1690
f 3128 4028 1690
f 4026 4030 2122
f 4030 2355 3128
f 4026 2355 4030
f 4028 97 85
f 3128 97 4028
f 3273 85 3129
f 1369 1368 4031
f 3320 3129 97
f 97 3129 85
f 1997 3129 3320
f 3319 1368 1369
f 1368 3319 1996
f 1997 3319 1369
f 1997 1369 3129
f 84 1368 1996
f 84 4032 3317
f 4032 84 1996
f 3966 1996 3319
f 3317 4032 3130
f 4033 3317 3130
f 1689 3317 4033
f 1689 4033 4034
f 3966 3319 995
f 4035 4032 3966
f 3130 4032 4035
f 1996 3966 4032
f 3130 4035 4033
f 4033 4035 994
f 4034 994 3967
f 4033 994 4034
f 3967 1995 4034
f 1995 1693 3131
f 1995 96 1693
f 1688 4036 4037
f 83 4036 1693
f 4037 4036 83
f 4038 3131 1688
f 3131 4036 1688
f 4034 4038 1689
f 4038 1995 3131
f 4038 4034 1995
f 3131 1693 4036
f 3271 83 3132
f 1693 3132 83
f 1367 4039 1366
f 3316 3132 1693
f 1376 3132 3316
f 3315 4039 1367
f 1376 3315 1367
f 1376 1367 3132
f 986 3294 4041
f 3294 82 4041
f 1375 4040 4585
f 3315 4040 4039
f 4039 4040 1375
f 4585 82 1375
f 3133 4041 4585
f 82 4585 4041
f 4043 3972 1374
f 986 4041 4043
f 4041 4042 4043
f 4040 3315 2869
f 3133 4040 4572
f 3133 4585 4040
f 2869 4572 4040
f 4041 3133 2868
f 3133 4573 2868
f 4042 2868 3972
f 4041 2868 4042
f 4043 4042 3972
f 3313 1374 3972
f 986 1374 4044
f 986 4043 1374
f 4044 1374 985
f 3295 3313 993
f 3313 3295 1374
f 3295 993 992
f 985 1374 3295
f 985 3295 2612
f 65 992 3292
f 2863 3292 2867
f 992 993 3292
f 4046 4045 2866
f 2867 3292 993
f 4045 2863 2867
f 2866 4045 4047
f 2611 81 4586
f 81 3134 4586
f 4047 4045 2616
f 3293 2866 4047
f 3293 4047 3134
f 3134 81 3293
f 4049 4051 2865
f 4586 3134 4048
f 2611 4586 4049
f 4586 4048 4049
f 2616 4045 2867
f 4047 2616 4050
f 3134 4047 4050
f 2623 4050 2616
f 3976 2615 3134
f 3134 4050 3976
f 4048 2615 4051
f 3134 2615 4048
f 4049 4048 4051
f 4051 3311 2865
f 2611 2865 4052
f 2865 3310 2610
f 2611 4049 2865
f 4052 2865 2610
f 2610 3310 2614
f 2610 2614 2613
f 4053 2610 2613
f 3290 80 2613
f 4053 2613 80
f 3309 2613 2614
f 3309 3135 2613
f 2613 3135 3290
f 3135 1991 3290
f 1987 4054 2418
f 1991 4054 1987
f 2419 4054 3135
f 2418 4054 4057
f 4054 1991 3135
f 2419 3979 4055
f 4425 2419 3309
f 2353 3136 4056
f 4055 2354 4057
f 4057 2354 4056
f 4056 3136 4057
f 2419 4055 4054
f 4055 4057 4054
f 4058 2364 2352
f 4058 2353 2364
f 3136 2353 4058
f 4058 2352 2025
f 4058 2025 4587
f 4059 4058 4587
f 3136 4058 4059
f 4059 4057 3136
f 2418 4057 3291
f 4057 4059 3291
f 79 4059 4587
f 4059 79 3291
f 4587 2025 3287
f 79 4587 3287
f 2025 2352 4060
f 4060 2352 2024
f 77 3306 1994
f 2024 3306 3289
f 3289 3306 77
f 1692 3305 92
f 2125 3305 1687
f 3305 1692 76
f 1687 3305 76
f 2125 1687 4061
f 2125 4061 1803
f 3993 61 78
f 1803 4061 1686
f 3993 1686 61
f 3328 91 75
f 1362 3329 3304
f 3329 3328 3304
f 3304 3328 2862
f 3328 75 2862
f 3997 1362 1373
f 92 3998 1692
f 1363 3998 1373
f 1373 1362 4062
f 3998 1363 1692
f 3284 76 1692
f 1692 1363 3284
f 990 3303 90
f 1691 3303 983
f 3303 990 74
f 983 3303 74
f 1691 983 4063
f 1691 4063 991
f 3327 75 91
f 991 4063 984
f 3327 984 75
f 3302 89 59
f 4006 1371 1372
f 90 4007 990
f 2861 4007 1372
f 1372 1371 4064
f 3281 74 990
f 4007 2861 3281
f 990 4007 3281
f 988 88 73
f 2120 989 4065
f 989 4015 4065
f 988 2119 4015
f 3301 59 1379
f 3301 1379 989
f 89 1379 59
f 2864 3300 2348
f 2348 3300 3278
f 4066 2864 2348
f 2351 2873 4066
f 3278 1990 2348
f 4066 4067 2351
f 4067 2348 1990
f 2348 4067 4066
f 2351 3299 4068
f 73 88 4068
f 2123 87 71
f 1685 2124 4069
f 2124 4023 4069
f 2123 1684 4023
f 3298 72 2870
f 3298 2870 2124
f 86 1992 70
f 2350 3297 1361
f 4070 2350 1361
f 1993 2357 4070
f 4070 4071 1993
f 1361 4071 4070
f 1993 3296 4072
f 71 87 4072
f 1690 4029 981
f 2122 4073 982
f 4030 4073 2122
f 4073 4030 1690
f 4029 85 69
f 981 4073 1690
f 3257 981 4029
f 4029 69 3257
f 1369 4031 1359
f 4074 84 68
f 4074 1368 84
f 4092 1359 4031
f 1369 1359 3273
f 4075 4031 1368
f 4075 4092 4031
f 1358 4075 1368
f 1358 1368 4074
f 987 1688 979
f 1688 4037 979
f 4038 980 1689
f 980 4038 987
f 4038 1688 987
f 4037 83 67
f 68 3317 3272
f 3272 1689 980
f 3255 979 4037
f 4037 67 3255
f 1367 1366 2347
f 4076 82 66
f 4076 1366 4039
f 4076 4039 1375
f 4076 1375 82
f 4094 2347 1366
f 1367 2347 3271
f 2860 1366 4076
f 3270 986 2118
f 2612 4044 985
f 2118 986 4044
f 66 3294 3270
f 2612 4078 4044
f 2118 4044 4078
f 4078 2612 2117
f 4077 2117 2612
f 2349 3292 2863
f 3292 2349 65
f 2346 4046 2866
f 2863 4045 4046
f 4046 2349 2863
f 4079 2346 2866
f 64 4079 3293
f 1989 3137 2349
f 3137 65 2349
f 1989 2349 4046
f 3269 2611 1683
f 2121 4052 2610
f 1683 2611 4052
f 4080 80 63
f 4422 81 3269
f 64 81 4422
f 2121 4081 4052
f 1683 4052 4081
f 4081 2121 1682
f 4080 1682 2121
f 1991 1987 1357
f 4082 1987 2418
f 62 4082 3291
f 3290 3139 3268
f 3268 80 3290
f 1357 3139 3290
f 1991 1357 3290
f 1364 4060 2024
f 1310 2025 4060
f 3287 2025 1310
f 1364 2024 3289
f 4588 77 60
f 77 4588 3289
f 1309 3289 4588
f 3289 1309 1364
f 3267 4421 3288
f 3288 3287 3267
f 3267 3287 1310
f 1364 4083 4060
f 1310 4060 4083
f 4083 1364 1309
f 3332 78 61
f 1355 3333 3286
f 3333 3332 3286
f 3286 3332 978
f 3332 61 978
f 4084 1354 3990
f 3990 1355 4084
f 3120 4085 77
f 3120 1354 4085
f 977 4085 1354
f 77 4085 60
f 1687 76 975
f 4061 975 4086
f 1686 4061 974
f 975 4061 1687
f 4086 974 4061
f 1686 974 3285
f 1686 3285 61
f 2859 3304 2862
f 1362 3304 2859
f 2859 4062 1362
f 2344 1373 4062
f 2344 1363 1373
f 4087 2344 4062
f 2859 4087 4062
f 1363 4424 3284
f 4424 1363 2344
f 983 74 2607
f 4063 2607 4088
f 984 4063 2608
f 2607 4063 983
f 4088 2608 4063
f 984 2608 3283
f 984 3283 75
f 3282 2343 1371
f 2343 4064 1371
f 1986 1372 4064
f 1986 2861 1372
f 34 3250 59
f 1347 1986 4064
f 2343 1347 4064
f 2861 4423 3281
f 4423 2861 1986
f 73 58 3280
f 2119 988 3280
f 988 73 3280
f 4065 4015 2119
f 969 2119 3280
f 33 3280 58
f 969 970 2119
f 2120 4065 970
f 4065 2119 970
f 3301 3279 59
f 3301 2120 3279
f 72 57 3278
f 1346 2351 4067
f 3278 1345 1990
f 32 3246 57
f 1345 4089 4067
f 4089 1346 4067
f 1990 1345 4067
f 3299 3277 58
f 3299 1346 3277
f 71 56 3276
f 1684 2123 3276
f 2123 71 3276
f 4069 4023 1684
f 967 1684 3276
f 31 3276 56
f 967 968 1684
f 1685 4069 968
f 4069 1684 968
f 3298 3275 57
f 3298 1685 3275
f 3259 70 3258
f 3297 70 3259
f 1360 3258 70
f 1361 3297 3259
f 1353 1993 4071
f 3259 1352 1361
f 1352 4090 4071
f 4090 1353 4071
f 1361 1352 4071
f 3296 3274 56
f 3296 1353 3274
f 972 981 3257
f 55 3257 69
f 4091 4073 981
f 1360 982 973
f 973 982 4091
f 4073 4091 982
f 4075 1358 2342
f 4074 3256 1358
f 54 3256 68
f 4074 68 3256
f 55 1359 1983
f 1359 4092 1983
f 2342 4092 4075
f 2115 979 3255
f 53 3255 67
f 987 4093 980
f 4093 987 979
f 1680 2609 4093
f 980 4093 2609
f 1366 2860 1982
f 4076 3254 2860
f 52 3254 66
f 4076 66 3254
f 53 2347 1344
f 2347 4094 1344
f 1982 4094 1366
f 4095 65 41
f 1679 4097 4078
f 4078 4097 2118
f 2117 1679 4078
f 4095 2117 4077
f 65 4095 4077
f 1681 52 2118
f 4097 1681 2118
f 4096 4095 41
f 4096 2117 4095
f 2117 4096 1679
f 4098 64 51
f 4046 1988 1989
f 1988 4046 2346
f 1988 2346 4079
f 4098 1988 4079
f 64 4098 4079
f 3137 41 65
f 3137 1343 41
f 1351 1343 3137
f 1988 1351 1989
f 1351 3137 1989
f 1342 4098 51
f 1342 1988 4098
f 4099 63 50
f 4081 3138 1683
f 4099 1682 4080
f 63 4099 4080
f 51 64 4422
f 3269 963 4422
f 971 3269 3138
f 971 963 3269
f 971 3138 4081
f 3138 3269 1683
f 4081 1682 962
f 4100 4099 50
f 4100 1682 4099
f 1682 4100 962
f 4101 62 49
f 1987 1356 1357
f 1356 1987 4082
f 4101 1356 4082
f 62 4101 4082
f 50 63 3268
f 3139 2341 3268
f 1350 2341 3139
f 1356 1350 1357
f 1350 3139 1357
f 1349 4101 49
f 1349 1356 4101
f 4083 3140 1310
f 4588 38 1309
f 38 4588 60
f 49 62 4421
f 3267 3239 4421
f 1981 3267 3140
f 1981 3239 3267
f 4102 3140 4083
f 3140 3267 1310
f 4083 1309 1980
f 976 3286 978
f 1355 3286 976
f 976 4084 1355
f 977 1354 4084
f 976 4103 4084
f 4085 977 60
f 3266 975 76
f 76 48 3266
f 4086 4104 974
f 975 3266 2112
f 975 2112 4086
f 4104 4086 2112
f 974 2111 3265
f 3285 3265 39
f 3285 974 3265
f 4104 2111 974
f 2859 2862 3264
f 2862 47 3264
f 2859 1984 4087
f 4424 1985 3263
f 4424 2344 1985
f 3284 3263 48
f 3284 4424 3263
f 4105 2344 4087
f 3262 2607 74
f 74 46 3262
f 4088 4106 2608
f 2607 3262 1677
f 2607 1677 4088
f 4106 4088 1677
f 2608 1678 3261
f 3283 3261 47
f 3283 2608 3261
f 4106 1678 2608
f 3282 3250 2343
f 2343 3250 1347
f 4423 1348 3260
f 4423 1986 1348
f 3281 3260 46
f 3281 4423 3260
f 4107 1986 1347
f 3249 3280 33
f 970 3279 2120
f 59 3279 34
f 3278 3246 1345
f 58 3277 33
f 3244 3276 31
f 968 3275 1685
f 57 3275 32
f 56 3274 31
f 4091 981 972
f 972 3257 4108
f 45 4108 3257
f 973 4091 4109
f 30 1360 973
f 972 4109 4091
f 45 55 1983
f 1983 4092 4110
f 2342 4110 4092
f 4093 979 2115
f 2115 3255 4111
f 43 4111 3255
f 44 2609 1680
f 1680 4093 4112
f 54 2609 44
f 2115 4112 4093
f 43 53 1344
f 1344 4094 4113
f 1982 4113 4094
f 42 1681 964
f 4114 964 4097
f 42 52 1681
f 4114 4097 1679
f 964 1681 4097
f 4115 1351 1988
f 4115 1988 1342
f 971 4081 962
f 24 51 963
f 4116 1350 1356
f 50 3268 40
f 4116 1356 1349
f 3240 1980 38
f 4102 1981 3140
f 4102 4083 1980
f 38 1980 1309
f 22 49 3239
f 976 978 3253
f 978 39 3253
f 4103 2606 4084
f 976 2113 4103
f 977 4084 2606
f 977 2606 2114
f 977 2114 60
f 4117 2606 4103
f 2114 4420 60
f 4420 38 60
f 3266 3252 2112
f 48 37 3266
f 4104 2112 4118
f 4118 2112 3141
f 2111 4104 4118
f 1737 3265 2111
f 39 3265 21
f 47 36 3264
f 1984 1979 4087
f 4087 1979 4105
f 1985 2344 1341
f 4105 1341 2344
f 1341 3263 1985
f 48 3263 37
f 3262 3251 1677
f 46 35 3262
f 4106 1677 4119
f 4119 1677 3142
f 1678 4106 4119
f 961 3261 1678
f 47 3261 36
f 1348 1986 1339
f 4107 1339 1986
f 4107 1347 1338
f 1339 3260 1348
f 46 3260 35
f 3249 33 3248
f 3279 970 3247
f 3249 958 969
f 959 970 4120
f 958 4120 969
f 969 4120 970
f 959 3247 970
f 3247 34 3279
f 3277 1346 3245
f 3246 2854 1345
f 2340 1346 4121
f 4121 1346 4089
f 2854 4121 1345
f 1345 4121 4089
f 2340 3245 1346
f 3245 33 3277
f 3244 31 3243
f 3275 968 3242
f 3244 2601 967
f 2110 968 4122
f 2601 4122 967
f 967 4122 968
f 2110 3242 968
f 3242 32 3275
f 3259 2336 1352
f 3258 2336 3259
f 3258 1976 2336
f 30 1976 3258
f 3274 1353 3241
f 1978 1353 4123
f 4123 1353 4090
f 2336 4123 1352
f 1352 4123 4090
f 1978 3241 1353
f 3241 31 3274
f 4108 4124 972
f 45 29 4108
f 29 4124 4108
f 973 1676 3232
f 1976 30 3232
f 973 4109 1676
f 3232 30 973
f 1675 972 2107
f 1675 4109 972
f 4124 2107 972
f 3256 4125 2342
f 44 28 3256
f 28 4125 3256
f 3231 1983 1337
f 29 45 3231
f 1983 4110 1337
f 1983 3231 45
f 1336 2342 1975
f 1336 4110 2342
f 4125 1975 2342
f 4111 4126 2115
f 43 27 4111
f 27 4126 4111
f 3229 1680 957
f 28 44 3229
f 1680 4112 957
f 1680 3229 44
f 956 2115 1673
f 956 4112 2115
f 4126 1673 2115
f 3254 4127 1982
f 42 26 3254
f 26 4127 3254
f 3227 1344 1334
f 27 43 3227
f 1344 4113 1334
f 1344 3227 43
f 2853 1982 1333
f 2853 4113 1982
f 4127 1333 1982
f 953 1679 4096
f 41 953 4096
f 4128 953 41
f 25 4128 41
f 3225 964 954
f 26 42 3225
f 954 964 4114
f 3225 42 964
f 4114 1679 4129
f 4129 1679 953
f 2335 1351 4115
f 4130 1342 51
f 24 4130 51
f 1343 25 41
f 2335 1343 1351
f 2851 1343 2335
f 4115 1342 2850
f 2597 962 4100
f 50 2597 4100
f 4131 2597 50
f 23 50 40
f 23 4131 50
f 2333 24 2598
f 2598 24 963
f 971 962 2104
f 2598 963 971
f 2104 962 2597
f 1974 1350 4116
f 4132 1349 49
f 22 4132 49
f 2341 23 40
f 1974 2341 1350
f 2331 2341 1974
f 4116 1349 2330
f 3240 38 20
f 1972 22 1811
f 1811 22 3239
f 1981 1811 3239
f 4102 1980 1810
f 3240 1810 1980
f 39 21 3253
f 2113 1970 4103
f 4103 1970 4117
f 2114 2606 1672
f 4117 1672 2606
f 4420 20 38
f 4420 2114 20
f 20 2114 1672
f 3252 1736 3141
f 2112 3252 3141
f 1736 3252 4419
f 3252 37 4419
f 3141 1736 4134
f 4118 3141 4133
f 1737 4118 4133
f 2111 4118 1737
f 4134 1736 1670
f 4419 19 1736
f 19 1670 1736
f 4133 4135 1737
f 4134 4135 4133
f 4134 4133 3141
f 4135 1669 1737
f 1737 1669 3223
f 1737 3223 3265
f 3223 21 3265
f 1984 4136 1979
f 36 4136 1984
f 4136 1340 1979
f 1340 4136 4417
f 4136 36 4417
f 1979 1340 4138
f 4105 1979 4137
f 1341 4105 4137
f 4138 1340 1328
f 4417 18 1340
f 18 1328 1340
f 4137 4139 1341
f 4138 4139 4137
f 4138 4137 1979
f 4139 1329 1341
f 1341 1329 3238
f 1341 3238 3263
f 3238 37 3263
f 3251 960 3142
f 1677 3251 3142
f 960 3251 4415
f 3251 35 4415
f 3142 960 4141
f 4119 3142 4140
f 961 4119 4140
f 1678 4119 961
f 4141 960 1041
f 4415 17 960
f 17 1041 960
f 4140 4142 961
f 4141 4142 4140
f 4141 4140 3142
f 4142 1042 961
f 961 1042 3237
f 961 3237 3261
f 3237 36 3261
f 34 2855 3250
f 2856 2855 34
f 1338 2855 2857
f 3250 2855 1338
f 1338 2857 2846
f 4107 1338 4143
f 1339 4107 4143
f 2857 4144 2846
f 2855 4144 2857
f 16 4144 2855
f 4143 4145 1339
f 2846 4145 4143
f 2846 4143 1338
f 4145 2847 1339
f 1339 2847 3236
f 1339 3236 3260
f 3236 35 3260
f 3249 3248 958
f 33 2602 3248
f 3248 2602 3235
f 2603 958 4412
f 3235 4412 958
f 958 3248 3235
f 958 2603 4120
f 3143 2856 3247
f 959 3143 3247
f 2603 4412 2595
f 4412 3213 2595
f 3235 3213 4412
f 15 3213 3235
f 4147 2596 4146
f 4147 2603 2595
f 4146 2603 4147
f 4146 3143 959
f 4146 959 4120
f 2603 4146 4120
f 2596 3143 4146
f 2856 3143 16
f 2855 2856 16
f 32 2337 3246
f 2338 2337 32
f 3246 2337 2854
f 2339 2854 4411
f 2337 4411 2854
f 2854 2339 4121
f 3144 2602 3245
f 2340 3144 3245
f 2339 4411 2328
f 4411 3210 2328
f 2337 3210 4411
f 14 3210 2337
f 4149 2329 4148
f 4149 2339 2328
f 4148 2339 4149
f 4148 3144 2340
f 4148 2340 4121
f 2339 4148 4121
f 2329 3144 4148
f 3244 3243 2601
f 31 2108 3243
f 3243 2108 3234
f 2109 2601 4410
f 3234 4410 2601
f 2601 3243 3234
f 2601 2109 4122
f 3145 2338 3242
f 2110 3145 3242
f 2109 4410 2100
f 4410 3207 2100
f 3234 3207 4410
f 13 3207 3234
f 4151 2101 4150
f 4151 2109 2100
f 4150 2109 4151
f 4150 3145 2110
f 4150 2110 4122
f 2109 4150 4122
f 2101 3145 4150
f 2338 3145 14
f 2337 2338 14
f 1976 3233 2336
f 1977 2336 4409
f 3233 4409 2336
f 2336 1977 4123
f 3146 2108 3241
f 1978 3146 3241
f 1977 4409 1968
f 4409 3204 1968
f 3233 3204 4409
f 12 3204 3233
f 4153 1969 4152
f 4153 1977 1968
f 4152 1977 4153
f 4152 3146 1978
f 4152 1978 4123
f 1977 4152 4123
f 1969 3146 4152
f 11 2107 1674
f 4109 4154 1676
f 1675 4154 4109
f 4124 1674 2107
f 29 1674 4124
f 1976 4589 3233
f 4155 3147 1668
f 4589 3147 4155
f 4155 12 4589
f 3233 4589 12
f 4589 1976 3232
f 3147 4589 3232
f 4156 4590 1667
f 4590 4157 1667
f 3147 4154 4590
f 1668 4590 4156
f 1668 3147 4590
f 3147 3232 1676
f 4154 3147 1676
f 4157 4154 1675
f 4590 4154 4157
f 2107 4157 1675
f 4157 2107 11
f 3201 4157 11
f 4157 3201 1667
f 10 1975 1335
f 4110 4158 1337
f 1336 4158 4110
f 4125 1335 1975
f 28 1335 4125
f 4159 3148 1327
f 3230 3148 4159
f 3230 4159 11
f 1674 3230 11
f 29 3230 1674
f 4160 4591 1326
f 4591 4161 1326
f 3148 4158 4591
f 1327 4591 4160
f 1327 3148 4591
f 3148 3230 1337
f 4158 3148 1337
f 4161 4158 1336
f 4591 4158 4161
f 1975 4161 1336
f 4161 1975 10
f 3198 4161 10
f 4161 3198 1326
f 9 1673 955
f 4112 4162 957
f 956 4162 4112
f 4126 955 1673
f 27 955 4126
f 4163 3149 934
f 3228 3149 4163
f 3228 4163 10
f 1335 3228 10
f 28 3228 1335
f 4164 4592 933
f 4592 4165 933
f 3149 4162 4592
f 934 4592 4164
f 934 3149 4592
f 3149 3228 957
f 4162 3149 957
f 4165 4162 956
f 4592 4162 4165
f 1673 4165 956
f 4165 1673 9
f 3195 4165 9
f 4165 3195 933
f 8 1333 2852
f 4113 4166 1334
f 2853 4166 4113
f 4127 2852 1333
f 26 2852 4127
f 4167 3150 2845
f 3226 3150 4167
f 3226 4167 9
f 955 3226 9
f 27 3226 955
f 4168 4593 2844
f 4593 4169 2844
f 3150 4166 4593
f 2845 4593 4168
f 2845 3150 4593
f 3150 3226 1334
f 4166 3150 1334
f 4169 4166 2853
f 4593 4166 4169
f 1333 4169 2853
f 4169 1333 8
f 3192 4169 8
f 4169 3192 2844
f 2600 953 4170
f 4129 954 4114
f 2600 4129 953
f 4128 4170 953
f 2599 4170 4128
f 25 2599 4128
f 3188 4372 3224
f 3224 4372 8
f 2852 3224 8
f 26 3224 2852
f 3151 3188 954
f 3188 3224 954
f 3188 3151 2594
f 3151 2600 2593
f 2594 3151 2593
f 3151 4129 2600
f 954 4129 3151
f 7 4171 2599
f 4170 2599 4171
f 2600 4170 2593
f 2593 4170 4171
f 2334 2850 4172
f 2334 4115 2850
f 2334 2335 4115
f 4130 4172 1342
f 4172 2850 1342
f 2332 4172 4130
f 24 2333 4130
f 2333 2332 4130
f 25 7 2599
f 7 4173 3185
f 4173 7 25
f 3185 4173 2327
f 4173 3152 2327
f 4174 2334 2326
f 3152 2334 4174
f 2327 3152 4174
f 4173 25 2851
f 2335 4173 2851
f 3152 4173 2335
f 3152 2335 2334
f 6 2326 2332
f 4172 2332 2326
f 2334 4172 2326
f 2103 2597 4175
f 2104 2598 971
f 2103 2104 2597
f 4131 4175 2597
f 2102 4175 4131
f 23 2102 4131
f 2333 4594 2332
f 4594 4176 3182
f 3182 6 4594
f 2332 4594 6
f 4176 4594 2333
f 3182 4176 2099
f 4176 3153 2099
f 4177 2103 2098
f 3153 2103 4177
f 2099 3153 4177
f 4176 2333 2598
f 2104 4176 2598
f 3153 4176 2104
f 3153 2104 2103
f 5 2098 2102
f 4175 2102 2098
f 2103 4175 2098
f 1973 2330 4178
f 1973 4116 2330
f 1973 1974 4116
f 4132 4178 1349
f 4178 2330 1349
f 1971 4178 4132
f 22 1972 4132
f 1972 1971 4132
f 23 4595 2102
f 4595 4179 3179
f 3179 5 4595
f 2102 4595 5
f 4179 4595 23
f 3179 4179 1967
f 4179 3154 1967
f 4180 1973 1966
f 3154 1973 4180
f 1967 3154 4180
f 4179 23 2331
f 1974 4179 2331
f 3154 4179 1974
f 3154 1974 1973
f 4 4181 1971
f 4178 1971 4181
f 1973 4178 1966
f 1966 4178 4181
f 1331 1810 4182
f 3240 4182 1810
f 1330 4182 3240
f 1332 1811 1981
f 1331 4102 1810
f 1331 1332 4102
f 4102 1332 1981
f 1330 3240 20
f 1972 4 1971
f 4 4183 1325
f 4183 4 1972
f 1325 4183 3155
f 3155 1331 1324
f 4184 3155 1324
f 1325 3155 4184
f 4183 1972 1811
f 1332 4183 1811
f 3155 4183 1332
f 3155 1332 1331
f 4182 2 4185
f 4182 1330 2
f 1331 4185 1324
f 1331 4182 4185
f 2113 4186 1970
f 21 4186 2113
f 4186 1671 1970
f 1671 4186 4408
f 4186 21 4408
f 1970 1671 4188
f 4117 1970 4187
f 1672 4117 4187
f 4188 1671 1323
f 4408 3 1671
f 3 1323 1671
f 4187 4189 1672
f 4188 4189 4187
f 4188 4187 1970
f 4189 3222 1672
f 1330 20 3222
f 1672 3222 20
f 4190 4596 4605
f 4596 952 4605
f 4596 4597 952
f 1670 4598 4607
f 4598 4191 4190
f 4191 4596 4190
f 1670 19 4598
f 19 4191 4598
f 4599 4600 951
f 4194 4600 4192
f 4192 4600 4599
f 4193 4604 3156
f 4601 3156 4604
f 4601 4602 3156
f 4192 4602 4601
f 4601 4194 4192
f 4632 4194 4601
f 4603 4604 4193
f 4632 4601 4604
f 4603 4193 952
f 4193 4605 952
f 4605 4193 4606
f 4606 4193 4928
f 4193 3156 4928
f 4190 4605 4195
f 4195 4605 4606
f 4598 4190 4607
f 4607 4190 4195
f 4195 4606 4196
f 4196 4606 4929
f 1669 4135 4617
f 4135 4608 4617
f 4134 4608 4135
f 4607 4195 4608
f 4608 4195 4196
f 4134 4607 4608
f 1670 4607 4134
f 4930 4599 951
f 4930 951 3221
f 4609 4599 919
f 4599 4930 919
f 4930 3221 919
f 4192 4599 4609
f 4602 4192 4931
f 4610 4609 919
f 4610 4197 4609
f 4192 4609 4197
f 4198 4614 4611
f 4612 4611 4614
f 4612 4613 4611
f 4612 4931 4197
f 4612 4614 4931
f 4192 4197 4931
f 4602 4614 3156
f 3156 4614 4198
f 4931 4614 4602
f 3156 4198 4928
f 4198 4615 4928
f 4615 4606 4928
f 4929 4606 4615
f 4616 4615 920
f 4615 4611 920
f 4198 4611 4615
f 4196 4929 4199
f 4199 4929 4616
f 4929 4615 4616
f 4608 4196 4617
f 4617 4196 4199
f 4199 4616 4200
f 4200 4616 4902
f 4418 4200 3
f 4617 4199 4418
f 4418 4199 4200
f 1669 4617 4418
f 4201 4618 4627
f 4618 950 4627
f 4618 4619 950
f 1328 4620 4629
f 4620 4202 4201
f 4202 4618 4201
f 1328 18 4620
f 18 4202 4620
f 4621 4622 949
f 4205 4622 4203
f 4203 4622 4621
f 4204 4626 3157
f 4623 3157 4626
f 4623 4624 3157
f 4203 4624 4623
f 4623 4205 4203
f 4650 4205 4623
f 4625 4626 4204
f 4650 4623 4626
f 4625 4204 950
f 4204 4627 950
f 4627 4204 4628
f 4628 4204 4932
f 4204 3157 4932
f 4201 4627 4206
f 4206 4627 4628
f 4620 4201 4629
f 4629 4201 4206
f 4206 4628 4207
f 4207 4628 4933
f 1329 4139 4635
f 4139 4630 4635
f 4138 4630 4139
f 4629 4206 4630
f 4630 4206 4207
f 4138 4629 4630
f 1328 4629 4138
f 4934 4621 949
f 4934 949 3220
f 4631 4621 951
f 4621 4934 951
f 4934 3220 951
f 4203 4621 4631
f 4624 4203 4935
f 4600 4631 951
f 4600 4194 4631
f 4203 4631 4194
f 4208 4633 4603
f 4632 4603 4633
f 4632 4604 4603
f 4632 4935 4194
f 4632 4633 4935
f 4203 4194 4935
f 4624 4633 3157
f 3157 4633 4208
f 4935 4633 4624
f 3157 4208 4932
f 4208 4634 4932
f 4634 4628 4932
f 4933 4628 4634
f 4597 4634 952
f 4634 4603 952
f 4208 4603 4634
f 4207 4933 4209
f 4209 4933 4597
f 4933 4634 4597
f 4630 4207 4635
f 4635 4207 4209
f 4209 4597 4191
f 4191 4597 4596
f 4416 4191 19
f 4635 4209 4416
f 4416 4209 4191
f 1329 4635 4416
f 4210 4636 4645
f 4636 948 4645
f 4636 4637 948
f 1041 4638 4647
f 4638 4211 4210
f 4211 4636 4210
f 1041 17 4638
f 17 4211 4638
f 4639 4640 947
f 4214 4640 4212
f 4212 4640 4639
f 4213 4644 3158
f 4641 3158 4644
f 4641 4642 3158
f 4212 4642 4641
f 4641 4214 4212
f 4668 4214 4641
f 4643 4644 4213
f 4668 4641 4644
f 4643 4213 948
f 4213 4645 948
f 4645 4213 4646
f 4646 4213 4936
f 4213 3158 4936
f 4210 4645 4215
f 4215 4645 4646
f 4638 4210 4647
f 4647 4210 4215
f 4215 4646 4216
f 4216 4646 4937
f 1042 4142 4653
f 4142 4648 4653
f 4141 4648 4142
f 4647 4215 4648
f 4648 4215 4216
f 4141 4647 4648
f 1041 4647 4141
f 4938 4639 947
f 4938 947 3218
f 4649 4639 949
f 4639 4938 949
f 4938 3218 949
f 4212 4639 4649
f 4642 4212 4939
f 4622 4649 949
f 4622 4205 4649
f 4212 4649 4205
f 4217 4651 4625
f 4650 4625 4651
f 4650 4626 4625
f 4650 4939 4205
f 4650 4651 4939
f 4212 4205 4939
f 4642 4651 3158
f 3158 4651 4217
f 4939 4651 4642
f 3158 4217 4936
f 4217 4652 4936
f 4652 4646 4936
f 4937 4646 4652
f 4619 4652 950
f 4652 4625 950
f 4217 4625 4652
f 4216 4937 4218
f 4218 4937 4619
f 4937 4652 4619
f 4648 4216 4653
f 4653 4216 4218
f 4218 4619 4202
f 4202 4619 4618
f 4414 4202 18
f 4653 4218 4414
f 4414 4218 4202
f 1042 4653 4414
f 4220 4654 4219
f 4219 4654 4662
f 4144 4655 2846
f 2846 4655 4664
f 4656 4655 4144
f 4656 4220 4655
f 4655 4220 4219
f 16 4656 4144
f 4657 4658 945
f 4657 4221 4658
f 4659 3159 4222
f 4659 4660 3159
f 4940 4660 4659
f 4940 4659 4221
f 4223 4221 4659
f 4661 4222 946
f 4661 4659 4222
f 4223 4659 4661
f 4941 946 4222
f 4941 4662 946
f 4662 4654 946
f 4662 4941 4663
f 4663 4941 4942
f 4941 3159 4942
f 4222 3159 4941
f 4219 4662 4224
f 4224 4662 4663
f 4655 4219 4664
f 4664 4219 4224
f 4224 4663 4225
f 4225 4663 4943
f 2847 4145 4671
f 4145 4665 4671
f 2846 4665 4145
f 4664 4224 4665
f 4665 4224 4225
f 2846 4664 4665
f 4398 4944 945
f 4944 4657 945
f 4944 4398 3215
f 4666 4657 947
f 4657 4944 947
f 4944 3215 947
f 4226 4657 4666
f 4221 4657 4226
f 4660 4940 4945
f 4945 4940 4226
f 4221 4226 4940
f 4640 4666 947
f 4667 4640 4214
f 4640 4667 4666
f 4226 4666 4667
f 4227 4669 4643
f 4668 4643 4669
f 4668 4644 4643
f 4668 4945 4214
f 4945 4667 4214
f 4668 4669 4945
f 4226 4667 4945
f 4660 4669 3159
f 3159 4669 4227
f 4945 4669 4660
f 3159 4227 4942
f 4227 4670 4942
f 4670 4663 4942
f 4943 4663 4670
f 4637 4670 948
f 4670 4643 948
f 4227 4643 4670
f 4225 4943 4228
f 4228 4943 4637
f 4943 4670 4637
f 4665 4225 4671
f 4671 4225 4228
f 4228 4637 4211
f 4211 4637 4636
f 4413 4211 17
f 4671 4228 4413
f 4413 4228 4211
f 2847 4671 4413
f 4220 4229 4654
f 4229 4674 4654
f 4656 4229 4220
f 4656 2596 4229
f 2596 4656 16
f 4393 4147 2595
f 4230 4672 4231
f 4231 4393 4230
f 4231 4673 4393
f 4673 4147 4393
f 4147 4673 2596
f 4673 4229 2596
f 4229 4673 4231
f 4232 4946 3160
f 3160 4946 4672
f 4674 4672 4946
f 4674 4231 4672
f 4674 4229 4231
f 946 4946 4232
f 4654 4674 946
f 946 4674 4946
f 4223 4675 4947
f 4675 4223 3160
f 4223 4232 3160
f 4658 4676 945
f 4233 4658 4221
f 4233 4676 4658
f 4221 4223 4233
f 4233 4223 4947
f 4232 4661 946
f 4232 4223 4661
f 4230 4393 3212
f 4234 4678 4677
f 4677 4678 944
f 4678 4392 944
f 4678 4230 4392
f 4392 4230 3212
f 3160 4672 4234
f 4234 4672 4678
f 4672 4230 4678
f 4679 4680 4677
f 4680 4683 4677
f 4234 4677 4683
f 4681 4682 943
f 4236 4235 4681
f 4235 4682 4681
f 4235 4948 4680
f 4236 4948 4235
f 4683 4680 4948
f 4675 4683 4948
f 4234 4683 3160
f 4683 4675 3160
f 4236 4947 4948
f 4947 4675 4948
f 4233 4947 4236
f 4676 943 4949
f 4949 943 4237
f 4676 4681 943
f 4681 4676 4236
f 4233 4236 4676
f 4398 4949 4237
f 4676 4949 945
f 945 4949 4398
f 4684 4237 943
f 4685 4684 4950
f 4685 4237 4684
f 4394 4686 4925
f 3216 4686 4395
f 4686 4394 4395
f 3216 4238 4686
f 4238 3216 4950
f 3216 4685 4950
f 4398 4685 3216
f 4237 4685 4398
f 4392 4688 944
f 4239 4691 4688
f 4691 944 4688
f 4688 4687 4239
f 3211 4687 4688
f 4391 2329 4687
f 3211 4391 4687
f 2329 4391 15
f 4390 4149 2328
f 4240 4689 4241
f 4241 4390 4240
f 4241 4690 4390
f 4690 4149 4390
f 4149 4690 2329
f 4690 4687 2329
f 4239 4690 4241
f 4239 4687 4690
f 3161 4242 4689
f 4691 4689 4242
f 4691 4241 4689
f 4691 4239 4241
f 4677 944 4242
f 944 4691 4242
f 4693 4692 4243
f 4692 4693 3161
f 4693 4679 3161
f 4242 3161 4679
f 4682 4694 943
f 4235 4243 4682
f 4243 4694 4682
f 4235 4693 4243
f 4680 4693 4235
f 4679 4693 4680
f 4677 4242 4679
f 4240 4390 3209
f 4244 4696 4695
f 4695 4696 942
f 4696 4389 942
f 4696 4240 4389
f 4389 4240 3209
f 3161 4689 4244
f 4244 4689 4696
f 4689 4240 4696
f 4697 4698 4695
f 4698 4701 4695
f 4244 4695 4701
f 4699 4700 941
f 4243 4245 4699
f 4245 4700 4699
f 4245 4951 4698
f 4243 4951 4245
f 4701 4698 4951
f 4692 4701 4951
f 4244 4701 3161
f 4701 4692 3161
f 4243 4692 4951
f 4694 941 4952
f 4952 941 4246
f 4694 4699 941
f 4699 4694 4243
f 943 4952 4246
f 4694 4952 943
f 4702 4246 941
f 4703 4702 4247
f 4703 4246 4702
f 1 4925 4953
f 4686 4704 4925
f 4925 4704 4953
f 4686 4238 4704
f 4238 4950 4247
f 4950 4703 4247
f 4684 4703 4950
f 943 4246 4684
f 4246 4703 4684
f 4389 4706 942
f 4248 4709 4706
f 4709 942 4706
f 4706 4705 4248
f 3208 4705 4706
f 4388 2101 4705
f 3208 4388 4705
f 2101 4388 14
f 4387 4151 2100
f 4249 4707 4250
f 4250 4387 4249
f 4250 4708 4387
f 4708 4151 4387
f 4151 4708 2101
f 4708 4705 2101
f 4248 4708 4250
f 4248 4705 4708
f 3162 4251 4707
f 4709 4707 4251
f 4709 4250 4707
f 4709 4248 4250
f 4695 942 4251
f 942 4709 4251
f 4711 4710 4252
f 4710 4711 3162
f 4711 4697 3162
f 4251 3162 4697
f 4700 4712 941
f 4245 4252 4700
f 4252 4712 4700
f 4245 4711 4252
f 4698 4711 4245
f 4697 4711 4698
f 4695 4251 4697
f 4249 4387 3206
f 4253 4714 4713
f 4713 4714 940
f 4714 4386 940
f 4714 4249 4386
f 4386 4249 3206
f 3162 4707 4253
f 4253 4707 4714
f 4707 4249 4714
f 4715 4716 4713
f 4716 4719 4713
f 4253 4713 4719
f 4717 4718 939
f 4252 4254 4717
f 4254 4718 4717
f 4254 4954 4716
f 4252 4954 4254
f 4719 4716 4954
f 4710 4719 4954
f 4253 4719 3162
f 4719 4710 3162
f 4252 4710 4954
f 4712 939 4955
f 4955 939 4255
f 4712 4717 939
f 4717 4712 4252
f 941 4955 4255
f 4712 4955 941
f 4720 4255 939
f 4721 4720 4256
f 4721 4255 4720
f 4704 4723 4953
f 4247 4722 4238
f 4722 4704 4238
f 4704 4722 4723
f 4722 4247 4256
f 4247 4721 4256
f 4702 4721 4247
f 941 4255 4702
f 4255 4721 4702
f 4386 4725 940
f 4257 4728 4725
f 4728 940 4725
f 4725 4724 4257
f 3205 4724 4725
f 4385 1969 4724
f 3205 4385 4724
f 1969 4385 13
f 4384 4153 1968
f 4258 4726 4259
f 4259 4384 4258
f 4259 4727 4384
f 4727 4153 4384
f 4153 4727 1969
f 4727 4724 1969
f 4257 4727 4259
f 4257 4724 4727
f 3163 4260 4726
f 4728 4726 4260
f 4728 4259 4726
f 4728 4257 4259
f 4713 940 4260
f 940 4728 4260
f 4730 4729 4261
f 4729 4730 3163
f 4730 4715 3163
f 4260 3163 4715
f 4718 4731 939
f 4254 4261 4718
f 4261 4731 4718
f 4254 4730 4261
f 4716 4730 4254
f 4715 4730 4716
f 4713 4260 4715
f 4258 4384 3203
f 4262 4733 4732
f 4732 4733 938
f 4733 4383 938
f 4733 4258 4383
f 4383 4258 3203
f 3163 4726 4262
f 4262 4726 4733
f 4726 4258 4733
f 4734 4735 4732
f 4735 4739 4732
f 4262 4732 4739
f 4736 4738 937
f 4261 4737 4736
f 4737 4738 4736
f 4263 4738 4737
f 4737 4956 4263
f 4263 4956 4735
f 4261 4956 4737
f 4739 4735 4956
f 4729 4739 4956
f 4262 4739 3163
f 4739 4729 3163
f 4261 4729 4956
f 4731 937 4957
f 4957 937 4264
f 4731 4736 937
f 4736 4731 4261
f 939 4957 4264
f 4731 4957 939
f 4740 4264 937
f 4741 4740 4265
f 4741 4264 4740
f 1 4953 4958
f 4953 4723 4958
f 4256 4742 4722
f 4742 4723 4722
f 4742 4256 4265
f 4256 4741 4265
f 4720 4741 4256
f 939 4264 4720
f 4264 4741 4720
f 4743 4155 1668
f 4383 4744 938
f 4266 4747 4744
f 4747 938 4744
f 4744 4743 4266
f 3202 4743 4744
f 12 4155 4743
f 3202 12 4743
f 4267 4959 4268
f 4959 4745 4268
f 4268 4746 4267
f 4746 1667 4267
f 4746 4156 1667
f 1668 4156 4743
f 4156 4746 4743
f 4266 4746 4268
f 4266 4743 4746
f 3164 4269 4745
f 4747 4745 4269
f 4747 4268 4745
f 4747 4266 4268
f 4732 938 4269
f 938 4747 4269
f 4749 4748 4270
f 4748 4749 3164
f 4749 4734 3164
f 4269 3164 4734
f 4738 4750 937
f 4263 4270 4738
f 4270 4750 4738
f 4263 4749 4270
f 4735 4749 4263
f 4734 4749 4735
f 4732 4269 4734
f 4267 4382 3200
f 4267 1667 4382
f 4271 4752 4751
f 4751 4752 936
f 4752 4381 936
f 4752 4959 4381
f 4381 4959 3200
f 4959 4267 3200
f 3164 4745 4271
f 4271 4745 4752
f 4745 4959 4752
f 4753 4754 4751
f 4754 4757 4751
f 4271 4751 4757
f 4755 4756 935
f 4270 4272 4755
f 4272 4756 4755
f 4272 4960 4754
f 4270 4960 4272
f 4757 4754 4960
f 4748 4757 4960
f 4271 4757 3164
f 4757 4748 3164
f 4270 4748 4960
f 4750 935 4961
f 4961 935 4273
f 4750 4755 935
f 4755 4750 4270
f 937 4961 4273
f 4750 4961 937
f 4758 4273 935
f 4759 4758 4274
f 4759 4273 4758
f 4723 4761 4958
f 4265 4760 4742
f 4760 4723 4742
f 4723 4760 4761
f 4760 4265 4274
f 4265 4759 4274
f 4740 4759 4265
f 937 4273 4740
f 4273 4759 4740
f 4762 4159 1327
f 4381 4763 936
f 4275 4766 4763
f 4766 936 4763
f 4763 4762 4275
f 3199 4762 4763
f 3199 4159 4762
f 4276 4962 4277
f 4962 4764 4277
f 4277 4765 4276
f 4765 1326 4276
f 4765 4160 1326
f 1327 4160 4762
f 4160 4765 4762
f 4275 4765 4277
f 4275 4762 4765
f 3165 4278 4764
f 4766 4764 4278
f 4766 4277 4764
f 4766 4275 4277
f 4751 936 4278
f 936 4766 4278
f 4768 4767 4279
f 4767 4768 3165
f 4768 4753 3165
f 4278 3165 4753
f 4756 4769 935
f 4272 4279 4756
f 4279 4769 4756
f 4272 4768 4279
f 4754 4768 4272
f 4753 4768 4754
f 4751 4278 4753
f 4276 4380 3197
f 4276 1326 4380
f 4280 4771 4770
f 4770 4771 966
f 4771 4379 966
f 4771 4962 4379
f 4379 4962 3197
f 4962 4276 3197
f 3165 4764 4280
f 4280 4764 4771
f 4764 4962 4771
f 4772 4773 4770
f 4773 4776 4770
f 4280 4770 4776
f 4774 4775 965
f 4279 4281 4774
f 4281 4775 4774
f 4281 4963 4773
f 4279 4963 4281
f 4776 4773 4963
f 4767 4776 4963
f 4280 4776 3165
f 4776 4767 3165
f 4279 4767 4963
f 4769 965 4964
f 4964 965 4282
f 4769 4774 965
f 4774 4769 4279
f 935 4964 4282
f 4769 4964 935
f 4777 4282 965
f 4778 4777 4283
f 4778 4282 4777
f 1 4958 4965
f 4958 4761 4965
f 4274 4779 4760
f 4779 4761 4760
f 4779 4274 4283
f 4274 4778 4283
f 4758 4778 4274
f 935 4282 4758
f 4282 4778 4758
f 4780 4163 934
f 4379 4781 966
f 4284 4784 4781
f 4784 966 4781
f 4781 4780 4284
f 3196 4780 4781
f 3196 4163 4780
f 4285 4966 4286
f 4966 4782 4286
f 4286 4783 4285
f 4783 933 4285
f 4783 4164 933
f 934 4164 4780
f 4164 4783 4780
f 4284 4783 4286
f 4284 4780 4783
f 3166 4287 4782
f 4784 4782 4287
f 4784 4286 4782
f 4784 4284 4286
f 4770 966 4287
f 966 4784 4287
f 4786 4785 4288
f 4785 4786 3166
f 4786 4772 3166
f 4287 3166 4772
f 4775 4787 965
f 4281 4288 4775
f 4288 4787 4775
f 4281 4786 4288
f 4773 4786 4281
f 4772 4786 4773
f 4770 4287 4772
f 4285 4378 3194
f 4285 933 4378
f 4289 4789 4788
f 4788 4789 932
f 4789 4377 932
f 4789 4966 4377
f 4377 4966 3194
f 4966 4285 3194
f 3166 4782 4289
f 4289 4782 4789
f 4782 4966 4789
f 4790 4791 4788
f 4791 4794 4788
f 4289 4788 4794
f 4792 4793 931
f 4288 4290 4792
f 4290 4793 4792
f 4290 4967 4791
f 4288 4967 4290
f 4794 4791 4967
f 4785 4794 4967
f 4289 4794 3166
f 4794 4785 3166
f 4288 4785 4967
f 4787 931 4968
f 4968 931 4291
f 4787 4792 931
f 4792 4787 4288
f 965 4968 4291
f 4787 4968 965
f 4795 4291 931
f 4796 4795 4292
f 4796 4291 4795
f 4761 4798 4965
f 4283 4797 4779
f 4797 4761 4779
f 4761 4797 4798
f 4797 4283 4292
f 4283 4796 4292
f 4777 4796 4283
f 965 4291 4777
f 4291 4796 4777
f 4799 4167 2845
f 4377 4800 932
f 4293 4803 4800
f 4803 932 4800
f 4800 4799 4293
f 3193 4799 4800
f 3193 4167 4799
f 4294 4969 4295
f 4969 4801 4295
f 4295 4802 4294
f 4802 2844 4294
f 4802 4168 2844
f 2845 4168 4799
f 4168 4802 4799
f 4293 4802 4295
f 4293 4799 4802
f 3167 4296 4801
f 4803 4801 4296
f 4803 4295 4801
f 4803 4293 4295
f 4788 932 4296
f 932 4803 4296
f 4805 4804 4297
f 4804 4805 3167
f 4805 4790 3167
f 4296 3167 4790
f 4793 4806 931
f 4290 4297 4793
f 4297 4806 4793
f 4290 4805 4297
f 4791 4805 4290
f 4790 4805 4791
f 4788 4296 4790
f 4294 4376 3191
f 4294 2844 4376
f 4298 4808 4807
f 4807 4808 930
f 4808 4375 930
f 4808 4969 4375
f 4375 4969 3191
f 4969 4294 3191
f 3167 4801 4298
f 4298 4801 4808
f 4801 4969 4808
f 4809 4807 4819
f 4819 4807 930
f 4809 4810 4807
f 4810 4814 4807
f 4298 4807 4814
f 4811 4813 4970
f 4297 4812 4811
f 4812 4813 4811
f 4299 4813 4812
f 4812 4971 4299
f 4299 4971 4810
f 4297 4971 4812
f 4814 4810 4971
f 4804 4814 4971
f 4298 4814 3167
f 4814 4804 3167
f 4297 4804 4971
f 4300 4815 929
f 929 4815 4970
f 4815 4811 4970
f 4815 4806 4811
f 4811 4806 4297
f 931 4815 4300
f 4806 4815 931
f 4816 4300 929
f 4300 4816 4301
f 1 4965 4972
f 4965 4798 4972
f 4292 4301 4797
f 4301 4798 4797
f 4301 4817 4798
f 4300 4301 4292
f 4795 4300 4292
f 931 4300 4795
f 4816 929 4302
f 4816 927 4973
f 4816 4302 927
f 4817 4974 4303
f 4303 4974 4973
f 4974 4816 4973
f 4817 4301 4974
f 4301 4816 4974
f 4818 4817 4303
f 4798 4818 4972
f 4818 4798 4817
f 4809 4819 4304
f 4820 4810 4809
f 4975 4304 3168
f 4820 4821 4305
f 4821 4820 4975
f 4820 4809 4975
f 4809 4304 4975
f 4299 4820 4305
f 4299 4810 4820
f 4822 4813 4305
f 4813 4299 4305
f 4813 4822 4970
f 4822 4823 4970
f 4970 4823 929
f 4302 929 4823
f 4305 4821 4827
f 4823 4822 4824
f 4824 4822 4305
f 4302 4823 927
f 927 4823 4976
f 4823 4824 4976
f 3168 4977 4975
f 4977 4821 4975
f 4977 3168 4306
f 4825 4821 4977
f 4825 4827 4821
f 4826 4306 928
f 4825 4977 4826
f 4977 4306 4826
f 4307 4827 4825
f 4824 4827 4307
f 4305 4827 4824
f 4828 4304 930
f 4304 4819 930
f 2594 4829 4373
f 4308 3189 4829
f 3189 4373 4829
f 4830 4828 4308
f 4828 3189 4308
f 3168 4304 4830
f 4304 4828 4830
f 2593 4829 2594
f 2593 4831 4829
f 4309 4308 4831
f 4308 4829 4831
f 4832 4830 4309
f 4830 4308 4309
f 4830 4832 3168
f 4832 4306 3168
f 4310 4309 4831
f 4833 4832 4310
f 4832 4309 4310
f 928 4306 4833
f 4306 4832 4833
f 4171 4831 2593
f 4370 4171 7
f 4370 4831 4171
f 4310 4370 3187
f 4310 4831 4370
f 4371 4310 3187
f 4833 4371 928
f 4833 4310 4371
f 4834 927 4311
f 4973 927 4834
f 4834 4835 4312
f 4834 4311 4835
f 4311 925 4835
f 4303 4973 4312
f 4973 4834 4312
f 1 4972 4978
f 4972 4818 4978
f 4836 4826 4313
f 4825 4826 4836
f 4837 4836 3169
f 4836 4313 3169
f 4836 4837 4307
f 4825 4836 4307
f 4314 4838 4307
f 4838 4824 4307
f 4824 4838 4976
f 4976 4311 927
f 4838 4839 4976
f 4839 4979 4976
f 4979 4311 4976
f 4307 4837 4314
f 4314 4839 4838
f 4979 4839 925
f 925 4311 4979
f 4840 3169 4841
f 4841 3169 4315
f 4840 4837 3169
f 4314 4837 4840
f 4841 4315 926
f 4316 4314 4840
f 4839 4842 925
f 4839 4314 4842
f 4314 4316 4842
f 928 4371 4826
f 4371 4843 4826
f 4843 4371 3186
f 4313 4826 4843
f 2327 4844 4369
f 4317 3186 4980
f 4844 4980 4369
f 3186 3187 4980
f 3187 4369 4980
f 4845 4843 4317
f 4317 4843 3186
f 4313 4981 3169
f 4845 4981 4843
f 4313 4843 4981
f 4174 4844 2327
f 2326 4846 4174
f 4982 4846 4318
f 4174 4846 4844
f 4318 4317 4982
f 4846 4982 4844
f 4317 4980 4982
f 4980 4844 4982
f 4318 4983 4317
f 4845 4317 4983
f 4845 4315 4981
f 4981 4315 3169
f 4847 4845 4983
f 4847 4315 4845
f 4848 4846 2326
f 4848 4318 4846
f 4319 4849 4318
f 4847 4983 4849
f 4849 4983 4318
f 4315 4847 926
f 4847 4849 926
f 4848 2326 6
f 4319 4318 4848
f 6 3184 4848
f 4319 4848 3184
f 3184 4367 4319
f 4368 4319 4367
f 4849 4368 926
f 4368 4849 4319
f 4320 4835 925
f 4850 4835 4320
f 4312 4835 4850
f 4850 4851 4321
f 4850 4320 4851
f 4320 4852 4851
f 4853 4312 4321
f 4312 4850 4321
f 4818 4854 4978
f 4818 4853 4854
f 4818 4303 4853
f 4303 4312 4853
f 4984 4841 926
f 4855 4984 4322
f 4984 926 4322
f 4855 4841 4984
f 4840 4841 4855
f 4856 4855 3170
f 4855 4322 3170
f 4855 4856 4985
f 4323 4316 4985
f 4316 4840 4985
f 4840 4855 4985
f 4323 4857 4316
f 4842 4857 925
f 4842 4316 4857
f 4857 4858 925
f 4858 4986 925
f 4986 4320 925
f 4324 4323 4987
f 4323 4985 4987
f 4985 4856 4987
f 4323 4858 4857
f 4324 4858 4323
f 4852 4986 923
f 4986 4858 923
f 4852 4320 4986
f 4326 3170 4325
f 4326 4856 3170
f 4987 4856 4326
f 4324 4987 4326
f 4858 4859 923
f 4858 4324 4859
f 4860 4368 3183
f 4860 926 4368
f 4860 4322 926
f 2099 4861 4366
f 4327 3183 4923
f 4861 4923 4366
f 4862 4860 4327
f 4327 4860 3183
f 3170 4322 4862
f 4862 4322 4860
f 4177 4861 2099
f 2098 4863 4177
f 4988 4863 4328
f 4177 4863 4861
f 4328 4327 4988
f 4863 4988 4861
f 4327 4923 4988
f 4923 4861 4988
f 4328 4989 4327
f 4862 4327 4989
f 4864 4862 4989
f 4864 4325 4862
f 4325 3170 4862
f 4865 4863 2098
f 4865 4328 4863
f 4329 4866 4328
f 4864 4989 4866
f 4866 4989 4328
f 4325 4864 924
f 924 4864 4922
f 4864 4866 4922
f 4865 2098 5
f 4329 4328 4865
f 5 3181 4865
f 4329 4865 3181
f 3181 4364 4329
f 4365 4329 4364
f 4866 4365 4922
f 4365 4866 4329
f 4867 4851 4330
f 4851 4852 4330
f 4867 4321 4851
f 4867 921 4990
f 4867 4330 921
f 4331 4321 4990
f 4321 4867 4990
f 4854 4321 4331
f 1 4978 4919
f 4978 4854 4919
f 4853 4321 4854
f 4991 4325 924
f 4868 4991 4332
f 4991 924 4332
f 4868 4325 4991
f 4326 4325 4868
f 4869 4868 3171
f 4868 4332 3171
f 4868 4869 4870
f 4326 4868 4870
f 4859 4871 923
f 4871 4859 4333
f 4859 4324 4333
f 4326 4870 4324
f 4324 4870 4333
f 4871 4992 923
f 923 4992 4852
f 4330 4852 4992
f 4333 4870 4334
f 4870 4869 4334
f 4333 4334 4871
f 4872 4871 4334
f 4330 4993 921
f 4872 4993 4871
f 4330 4992 4993
f 4992 4871 4993
f 4873 3171 4874
f 4874 3171 4335
f 4873 4869 3171
f 4334 4869 4873
f 4874 4335 922
f 4336 4334 4873
f 4872 4875 4993
f 4334 4336 4872
f 4872 4336 4875
f 4365 4876 4922
f 4922 4876 924
f 4876 4365 3180
f 4332 924 4876
f 1967 4877 4363
f 4337 3180 4921
f 4877 4921 4363
f 4878 4876 4337
f 4337 4876 3180
f 4332 4994 3171
f 4878 4994 4876
f 4332 4876 4994
f 4180 4877 1967
f 1966 4879 4180
f 4995 4879 4338
f 4180 4879 4877
f 4338 4337 4995
f 4879 4995 4877
f 4337 4921 4995
f 4921 4877 4995
f 4338 4996 4337
f 4878 4337 4996
f 4878 4335 4994
f 4994 4335 3171
f 4880 4878 4996
f 4880 4335 4878
f 4881 4879 1966
f 4881 4338 4879
f 4880 4996 4339
f 4339 4996 4338
f 4882 4880 4339
f 4335 4880 922
f 922 4880 4882
f 4881 1966 4181
f 4339 4338 4881
f 3178 4181 4
f 3178 4881 4181
f 4339 4881 3178
f 4362 4882 4339
f 4357 921 4340
f 4990 921 4357
f 4340 917 4357
f 4883 4997 3174
f 4997 4357 3174
f 4883 4331 4997
f 4331 4990 4997
f 4990 4357 4997
f 4854 4356 4919
f 4854 4883 4356
f 4854 4331 4883
f 4341 4874 922
f 4884 4874 4341
f 4873 4874 4884
f 4885 4884 4998
f 4998 4884 3172
f 4884 4885 4886
f 4341 3172 4884
f 4336 4873 4886
f 4873 4884 4886
f 4342 4875 4886
f 4336 4886 4875
f 4875 4887 4993
f 4993 4887 921
f 4887 4340 921
f 4886 4885 4342
f 4342 4888 4875
f 4888 4887 4875
f 917 4887 4999
f 4887 4888 4999
f 917 4340 4887
f 4343 4998 3172
f 4889 4998 4890
f 4890 4998 4343
f 4889 4885 4998
f 4342 4885 4889
f 4889 4890 4915
f 4343 4891 4890
f 4344 4889 4915
f 4344 4342 4889
f 4888 4892 4999
f 4888 4342 4892
f 4342 4344 4892
f 4361 4341 922
f 4893 4361 4362
f 4893 4341 4361
f 4345 3177 4894
f 4894 3177 4360
f 3177 4345 4362
f 4345 4893 4362
f 4895 4893 4345
f 4895 3172 4893
f 3172 4341 4893
f 1325 4184 4360
f 4184 4894 4360
f 4184 1324 4896
f 4896 4894 4184
f 4896 4346 4894
f 4346 4345 4894
f 4345 4346 4895
f 4895 4897 3172
f 4897 4343 3172
f 4347 4346 4898
f 4898 4346 4896
f 4346 4347 4895
f 4347 4897 4895
f 918 4897 4347
f 4891 4897 918
f 4891 4343 4897
f 1324 4185 4896
f 4185 4898 4896
f 4899 4898 4185
f 4185 2 4899
f 4348 4900 4899
f 4900 4898 4899
f 4900 4347 4898
f 4901 918 4900
f 918 4347 4900
f 4349 4902 4907
f 4902 920 4907
f 4902 4616 920
f 1323 4903 4909
f 4903 4200 4349
f 4200 4902 4349
f 1323 3 4903
f 3 4200 4903
f 4904 4610 919
f 4197 4610 4350
f 4350 4610 4904
f 4351 4613 3173
f 4905 3173 4613
f 4905 4906 3173
f 4350 4906 4905
f 4905 4197 4350
f 4612 4197 4905
f 4611 4613 4351
f 4612 4905 4613
f 4611 4351 920
f 4351 4907 920
f 4907 4351 4908
f 4908 4351 5000
f 4351 3173 5000
f 4349 4907 4352
f 4352 4907 4908
f 4903 4349 4909
f 4909 4349 4352
f 4352 4908 4353
f 4353 4908 5001
f 1322 4189 4918
f 4189 4910 4918
f 4188 4910 4189
f 4909 4352 4910
f 4910 4352 4353
f 4188 4909 4910
f 1323 4909 4188
f 4911 4904 919
f 4911 919 3175
f 4912 4911 4999
f 4999 4911 917
f 4911 3175 917
f 4350 4904 4912
f 4904 4911 4912
f 4906 4350 5002
f 4892 4912 4999
f 4913 4892 4344
f 4892 4913 4912
f 4350 4912 4913
f 918 4914 4891
f 4914 4890 4891
f 4354 4916 4914
f 4915 4914 4916
f 4915 4890 4914
f 4915 5002 4344
f 5002 4913 4344
f 4915 4916 5002
f 4350 4913 5002
f 4906 4916 3173
f 3173 4916 4354
f 5002 4916 4906
f 3173 4354 5000
f 4354 4917 5000
f 4917 4908 5000
f 5001 4908 4917
f 4901 4917 918
f 4917 4914 918
f 4354 4914 4917
f 4353 5001 4355
f 4355 5001 4901
f 5001 4917 4901
f 4910 4353 4918
f 4918 4353 4355
f 4355 4901 4348
f 4348 4901 4900
f 4407 4899 2
f 4407 4348 4899
f 4918 4355 4407
f 4407 4355 4348
f 1322 4918 4407
