v 8.5898437499998086e-06 -0.042705910156249992 0.00071528906250000238
v 1.2643600540706634 0.0065084770904541003 0.1979978179965973
v 1.1194851044738767 -0.00027715494918823316 0.60493600015563953
v 1.2677426247609138 0.023259856416511532 -0.20359364360580445
v 1.0509377759552003 -0.030002153607177735 -0.62310611756439216
v 0.77420291165618893 -0.030002089384460452 -0.94492231974334706
v 0.45734184361114499 -0.0071982084548950203 -1.1784188313278197
v -0.034908084551811221 -0.0010087265071868903 -1.275241360961914
v -0.46921637291717522 -0.00093169055461883457 -1.1863286438379288
v -0.84690865371131885 -0.0009316300601959226 -0.95425419041728965
v -1.1224496520242693 -0.00093175283336639249 -0.60699838887310031
v -1.2275009854637147 -0.011208529301834106 -0.25660279715690615
v -1.209076175944519 -0.026885636769104007 0.20564413936309814
v -1.109009441649246 0.017823367555618287 0.65484159525823582
v -0.79447239261550906 -0.026885410994720457 0.93488734116668704
v -0.42908047711982722 0.017827659599494936 1.2146746234618186
v 0.036474879486846926 -0.00027719301834106154 1.2723137163635254
v 0.46918976484222419 -0.00027698502120971497 1.1831536103317259
v 0.84531470211029047 -0.00027711800003051706 0.95137659134597785
v 1.2645686701313494 0.0646955505191803 0.28695076897687916
v 1.1262873503124236 0.086254379753112786 0.65024403147201537
v 1.2595716588082313 0.13631569712936881 -0.23831707163369653
v 1.1357726194005013 0.050633628010940547 -0.62518357035131455
v 0.81124901999258991 0.13631579979574682 -0.99202202769160275
v 0.47950883011245726 0.08165736393070222 -1.2083140326166153
v -0.021766000912380217 0.080451344401454933 -1.2992322037463189
v -0.46505762801113126 0.080452803325653077 -1.2133814021783831
v -0.85225328648185728 0.080452812206459043 -0.98109817771625518
v -1.1366532349903107 0.08045280304985046 -0.63039515789184564
v -1.2550796543195246 0.18850039561390874 -0.2619983030927181
v -1.2562543157291413 0.12698114459300042 0.24856262495493886
v -1.1288836606421471 0.10843317876267433 0.62635911129140853
v -0.80302572064709665 0.126981211114645 0.99809114781761177
v -0.46261148879671099 0.10843321902990341 1.2056300982239245
v 0.0006377439624786381 0.086254432397270209 1.3008584936651229
v 0.44527704649238586 0.086254328010177614 1.222233966618347
v 0.8362104395332336 0.086254371620178211 0.99627879256134033
v 1.2480194327969554 0.16009664793109896 0.23898270495700835
v 1.1031969977869989 0.16357196392536166 0.63363381964302057
v 1.1266360220612288 0.20196863542950153 -0.61091604498708252
v 0.44683406631207467 0.18701314366197586 -1.1970197583847046
v 0.056500002929210667 0.13399908700561522 -1.27704855827713
v -0.38571402500867846 0.18815472866773603 -1.2182021461510657
v -0.7816973851690292 0.13598871525669098 -1.012417006228447
v -1.078971400867462 0.18815466906309128 -0.68508833901882171
v -0.059539504885911934 0.14426280626451971 1.278271213700831
v 0.43826540100431444 0.16357197993421552 1.1946685296645163
v 0.7755945913779736 0.14426266179990771 1.0176589896938206
v 0.036537533177614212 0.24911244837880137 -1.2863553244576453
v -0.77739376496529577 0.26913765278434754 -1.0220227034270764
v -1.2775893310585023 0.2333305661869049 0.20415866102409364
v -1.1184225460557937 0.26525084827041623 0.62658286437654498
v -0.84791050920009614 0.2333305661869049 0.97778951408767711
v -0.45728255540323259 0.2613560868110657 1.2020863402967454
v 1.2565203091249466 0.26083652850961681 0.27808306027841567
v 1.084201614655018 0.24046853556871411 0.70011749718713756
v 1.2487579501372577 0.27446951720035073 -0.28299954665112498
v 1.0916208352570533 0.29455056857275963 -0.64194092204618447
v 0.79834277204823501 0.25756123443555834 -1.0075787445144653
v 0.47407879789304735 0.27752284283866879 -1.1894510152778626
v -0.42526621363573081 0.31535820703935624 -1.1765913274751665
v -1.1237758903073787 0.25993074279999734 -0.61643787577128417
v -1.254123567536354 0.28744796165180209 -0.23486483641290665
v -1.2532931970843793 0.24790854831728937 0.28084030534968374
v -0.78000899121470446 0.247908550936079 1.0209137715788841
v 0.047360458243846888 0.25586917352724076 1.2875638936123848
v 0.38097862219071388 0.24046861832714078 1.2333881088917256
v 0.86345872821092606 0.25586920799350743 0.9560651587257385
v 1.241711550557375 0.31141313701882356 0.1891306695989132
v 1.0779714250316619 0.33788730344581608 0.59270070658111573
v 1.2434267882499697 0.31335370997142792 -0.16906510156726839
v 0.83306836656379701 0.33180320122051238 -0.91386274364280706
v -0.03316293485069275 0.3507891658654213 -1.2121027152757644
v -0.82165841860961908 0.33489723688507078 -0.91959900393676763
v -1.0555626073630333 0.35633841947460176 -0.58835558343696603
v -1.1909127866153719 0.35112846553611754 -0.23100743774795529
v -1.2258846608798981 0.32799377852573391 0.19665991986312867
v -0.81312309602050781 0.32799377954425812 0.93880955202713023
v -0.44209196012496954 0.34254964007186894 1.1422084038066864
v -0.033934369129157066 0.32410459751777654 1.245564044448209
v 0.44525078628253939 0.33788745754241939 1.1470967141008377
v 0.73263559714298254 0.33946364237461091 0.98709372475242607
v 1.0669939484883719 0.46027646290247781 0.1737304752424785
v 0.95255404423141488 0.44887281390762335 -0.53351911583137523
v 0.42065559645012446 0.41196705644198828 -1.0556356122536659
v -0.39422975539670674 0.44740490422003609 -1.0196087564473832
v -0.97199721813474382 0.43285236345359257 -0.5403767970318113
v -1.0602218769591194 0.463151374035699 0.19151686149052211
v -0.68952480744852329 0.46315206972966871 0.82838436718722752
v 0.034824403479167397 0.39950796059560778 1.1543069642470223
v 0.68762335078416559 0.45968008147648404 0.83445710757746006
v 0.99480794701766961 0.53308753071594239 0.19151136196136476
v 0.57862742938232414 0.60698834725189199 0.77054953806304927
v 0.85171649485015877 0.59133857050323491 -0.46685499808502195
v 0.31875330335235591 0.64545070115280145 -0.88665283232116709
v -0.3325522898025513 0.58357030142211919 -0.91671422481536857
v -0.81097189765548716 0.64473291262626642 -0.48377594701385496
v -0.98842311527252202 0.55325084449768069 0.13463714283752443
v -0.66624956642150879 0.58501593879699709 0.71261863749694832
v -0.051585678340911864 0.6069883471717834 0.96236488702774048
v 0.89467759190368656 0.7501470682525635 0.17936450545120239
v 0.61959205637931825 0.7643848054656982 0.66914312389755248
v 0.79543234251976025 0.80692583650970451 -0.44403153862380984
v 0.26684292602205273 0.84361668147993085 -0.87327115469932559
v -0.27183782246017457 0.7747419974861145 -0.86758891029739382
v -0.76413210333061221 0.83507362009811392 -0.49815747786140435
v -0.88614527139186861 0.77309671924018852 0.21635411683177946
v -0.53427729059314721 0.82800591228580478 0.73847822232913973
v -0.063500797798156733 0.80360503433990482 0.90799959357833859
v 0.92706918697357177 0.9366068477668763 0.17306617466545107
v 0.56949539929635173 0.99094829083142955 0.7899788569725581
v 0.87841886623518806 0.99431914435958857 -0.41919939505767823
v 0.38263094913244244 1.0279696146969795 -0.9203127050261497
v -0.27525196119526452 0.95559555523463646 -0.90905358080673215
v -0.85866012764167787 1.0107262954730987 -0.48193912522792814
v -0.95624456464876451 0.97365172970472047 0.074260401089804515
v -0.66995507725906367 0.967689800895146 0.68394957823944091
v -0.0094292925840786523 0.98742164119338993 0.97060325515481405
v 1.0409558395583969 1.1131961717600993 -0.14089280482157637
v 1.0570215050573348 1.1393085463950632 0.13883577652978896
v 0.91072436282479763 1.2126461482542754 -0.56464497881960862
v 0.65707239506573689 1.1613872654922963 -0.83992210534563072
v 0.38059393173050882 1.1245861897814273 -0.99057671519458301
v 0.021606655588286262 1.1045531502406258 -1.048661331224169
v -0.37058155368900303 1.168537191705513 -1.0065482300209045
v -0.71589967048908987 1.1894883112609642 -0.79631454130783252
v -0.9411089297261237 1.1730647927682101 -0.52305366474834081
v -1.0578556644214392 1.2122245282262905 -0.22102775924311369
v -1.0649863248822509 1.1986500275634109 0.16711338042803109
v -0.9110967884608745 1.188766876734519 0.57569622197277548
v -0.73258691851633784 1.1700664662806988 0.78532947826611998
v -0.36888201779636653 1.2212424975125549 0.9811430081292527
v -0.046787500038743025 1.1781959946756362 1.0696730162715913
v 0.36136107530897854 1.1824314649496417 1.0009019757529667
v 0.65751052906397289 1.1882471963053911 0.84435432299782032
v 0.92375566514281204 1.200172723525456 0.55329809307794908
v 1.063148714066267 1.22852479432354 0.17938909295594693
v 1.0788932827522226 1.2151519113961216 -0.046954900290884671
v 1.0533091324580668 1.239920935295391 -0.20733442420082093
v 0.99484381633818897 1.2528807774228641 -0.38324166913884505
v 0.84156436635560161 1.2387351519320271 -0.65105627954602241
v 0.69030486416202774 1.264735428055644 -0.79345861783134941
v 0.53216312905925511 1.1797525982800723 -0.92604939839378009
v 0.39030446652174 1.2409818564210415 -0.9797649928165435
v 0.17138030514025687 1.204597372140169 -1.0494261055792569
v -0.050034977827932155 1.2051903524709857 -1.0627272596902761
v -0.23265771367298627 1.2547039318727198 -1.0297859259049091
v -0.45203487142077092 1.2636395236988009 -0.95115907141531708
v -0.55217221537578098 1.2390742851895693 -0.90386363504606493
v -0.82707765104693176 1.143337261161059 -0.67220578377616413
v -0.94364795789263245 1.2809440889999033 -0.47688819762086865
v -1.0235265816472769 1.1796275844003303 -0.33861618821380823
v -1.0761482041676949 1.2315686129748951 0.026439507735558788
v -1.0178774276475837 1.2323029683488302 0.34370775999216274
v -0.93692923706070352 1.2415363689515795 0.50939370806611606
v -0.80450825946086646 1.2267844269342127 0.6948937927314639
v -0.65084750783007139 1.205691213875556 0.84230021967139246
v -0.57047427509044857 1.2124111711675525 0.89475208961962904
v -0.21111526070022582 1.2584307119140625 0.99747548657131202
v -0.02256990660381317 1.2431018612599374 1.0325582898025512
v 0.16281403292942048 1.250959527696371 1.0126179213075637
v 0.40690752434239386 1.233103099037838 0.96254351624279022
v 0.55915247759771347 1.1802073626012801 0.91580454771590225
v 0.81687918541783089 1.2806787662140131 0.65068072809803479
v 1.0069013068858981 1.1947519871268273 0.3803541837200225
v -0.0068800713922381393 4.2297067877199659 -0.35625977818119525
v 0.064401564023274821 4.310992231219485 -0.30598826186691008
v 0.077587099730968473 4.1911876005113129 -0.33195213688349728
v 0.23324650982170106 1.4088328714488985 0.89132625124168396
v 0.070915834776469636 1.3948373575603621 1.0032998517058238
v 0.33861924043989178 1.4062683062124253 0.86074698897933966
v 0.49874247011716027 1.4958175661938531 0.72433431851073671
v 0.64810339134311679 1.4359462045550346 0.67443891734313954
v 0.7913320561180115 1.494856825901985 0.51327956427955623
v 0.91328484610271454 1.4437261103572845 0.38406620429563521
v 0.96185730457878105 1.4233086371898649 0.28022270774841307
v 0.99659550598382962 1.4203327147088052 0.12108402067804336
v 0.98879590080881119 1.444114291656494 -0.010382933768272399
v 0.99435810665125857 1.4003597256381037 -0.18869120356903074
v 0.90830622317041665 1.4641489885647638 -0.38519502470493316
v 0.82311514250249862 1.466277385669041 -0.56047891761836999
v 0.74223670089435578 1.4728106705255508 -0.66324756957626341
v 0.65827505542159082 1.4780534722762106 -0.75698611222898959
v 0.51633281617641447 1.3735232753324507 -0.9091359579417706
v 0.38658793045926093 1.4885390075795653 -0.98661105916285519
v 0.16258525602197649 1.4290355318384169 -1.0659857993569375
v 0.045636433671712884 1.4600679924807547 -1.0794114909980297
v -0.061162562644295398 1.9528666715169325 0.94808064948274939
v 0.056202845605626703 1.8659463995767682 0.96910906340205671
v 0.090978047698531822 1.7650743243407607 0.95544082895456894
v 0.080566021509873867 2.2371679496040819 0.88018401039260619
v -0.04170568025071323 2.3138308847952724 0.92156810956777346
v -0.037549386002185943 2.1241837629504827 0.94372315692468889
v 0.043331076813519005 2.0761551059148315 0.94052116371285921
v 0.086214874780225756 2.5534457584981443 0.92924470264401426
v -0.027017642913341518 2.5638156454751195 0.96458796921476719
v 0.015034716579318045 2.4471882556790714 0.93112547673612833
v 0.092911388538837431 2.4731518009930853 0.87609987884187701
v 0.034559870962291954 2.7406316063544152 0.99094483096852892
v 0.057420429753916605 2.8197208789811463 0.97836850045273238
v -0.048258929121323998 2.8847205059867247 0.98826856977237976
v -0.048132283903572715 3.4283360811743728 1.0569582098921102
v 0.063137800882032941 3.3465837115108625 1.0463894876467501
v 0.04558443599177045 3.4857963488383952 1.0553523319359592
v 0.0050651236578822135 3.571146951351702 1.0684393877301812
v 0.086591160501763229 3.627681892682344 1.0202074453974141
v 0.045679127461135387 3.7133469623721238 1.0392400006445051
v -0.076562187463679349 3.6911145618741426 1.0258507965161041
v -0.032524890231320637 3.8131923630906011 1.0419189924156051
v 0.074565415077775712 3.7866066417956388 1.0396853765753451
v 0.069929236069798464 3.8739871407712698 1.0034689224474729
v 0.018986303558960554 4.0204515873778162 0.96719705593705185
v 0.078210711571276181 3.9701208180252907 0.97755963100713483
v 0.095298305082917215 4.0008345438801944 0.90582679750290518
v -0.030111412524402137 4.0707510553966459 0.92457324585983158
v 0.12647200447177886 1.8014922662210464 0.72338619476222998
v 0.30255442734909055 1.8072745198097229 0.66189539035415645
v 0.25832790183258059 2.2024747421951298 0.66753224506187436
v 0.09601480340434114 2.1688656193838116 0.77836806187970442
v 0.24009679661107064 2.577277764399529 0.67684866249942777
v 0.12381166992092132 2.5826468159445355 0.72740784644051959
v 0.12116405908620356 2.8151974845346213 0.74310756578981874
v 0.11476759966504574 3.1410833404957055 0.85847644386223942
v 0.16942227993702891 3.0644029206658008 0.78488748506438744
v 0.17091682710919209 3.332773617949043 0.83533974933397781
v 0.11274426569994858 3.4356810319428104 0.89385131653070449
v 0.13585286967669727 3.6787806472749951 0.8701796547786832
v 0.11893893011793069 3.5798620328344279 0.8955856856280735
v 0.11023014033842087 3.7694742283063531 0.86568300646114349
v 0.19174348803723457 3.7521464659138504 0.81226589209907063
v 0.13262588882716 3.8458749868953976 0.79830185694743694
v 0.19882894701964407 3.927113789568712 0.77388696017598213
v 0.39904249581775664 1.8058923884878157 0.62907558647356032
v 0.38080748834991451 2.1439078549222947 0.621138624584198
v 0.31327119236278533 2.5824997497634889 0.64097019570827485
v 0.30148572594356537 2.7472343103561396 0.62696307537651064
v 0.26008526987791059 3.0993845790362355 0.73185493125176426
v 0.25130870494568347 3.439519430656075 0.79377115372836593
v 0.20119803432989122 3.5825361222586629 0.8415634965333938
v 0.45797426104187966 1.8622153146026135 0.58270487772965429
v 0.47839256133699415 2.2008387775011062 0.51803458771276467
v 0.35775173602199556 2.5141830678858756 0.60489197232818603
v 0.34690994144451615 2.7997524957199098 0.56157217901122569
v 0.26820025393342972 3.3259056469836237 0.76102411382842061
v 0.27355307033538817 3.6022012048175336 0.78437027799367898
v 0.28884957232056852 3.7058351144307737 0.7391726548547477
v 0.65814882164859778 1.796360424337387 0.38782173982334134
v 0.52695509662485129 2.0956694086711405 0.47476334849071505
v 0.42579525842332838 2.5300970697357652 0.50536484690570838
v 0.41421425043213367 2.7223578008515834 0.47510490550220019
v 0.29703227389240267 3.0189521155744492 0.67449449892213942
v 0.34060871422934536 3.3210886358556744 0.66992819617152211
v 0.33511435299172998 3.6199825663238165 0.68156900910338758
v 0.22396044667875767 4.0406390474714042 0.80324228082299232
v 0.34158691132036523 4.0602482134132751 0.88200669736044768
v 0.29585769499876818 4.1225951809468171 0.84090186766825958
v 0.72513884494590752 1.7297726412334442 0.34635576065826412
v 0.55548394641590115 2.173987595257282 0.42338054258346558
v 0.49481939253914359 2.5276859773794413 0.4169597502822876
v 0.39633160051119332 3.0423486495918031 0.54050634345769877
v 0.39268111492362023 3.5761834499373082 0.57712836883254048
v 0.3436490295107365 3.6983688676756623 0.62581742336881163
v 0.75695062699317939 1.7975552960529328 0.25865421308326719
v 0.63592931445693968 2.153946202514649 0.32434862382793428
v 0.53262831652081011 2.517382961994052 0.29938828849303728
v 0.44958258959496022 2.8004990546270609 0.3935226468726396
v 0.39525551065003872 2.9420692334352729 0.51850922385871412
v 0.40402105839204788 3.2536299622271061 0.56942623726534847
v 0.38489143423453398 3.6880828611070768 0.52334061357355977
v 0.80902527889633169 1.7340739932937623 0.072963215900421152
v 0.66259954304707047 2.1285132119407657 0.13682301427388191
v 0.46043207453894619 2.7144316692070958 0.29607478896188733
v 0.46635002014096977 3.2349639373126031 0.48475187170422074
v 0.44496076601476664 3.4771725961651327 0.52670352240643503
v 0.79676755369567864 1.7465978954887391 -0.068073222553253168
v 0.67364896885871883 2.0889272556438447 0.061602018264770506
v 0.56155245403957366 2.4114231845650673 0.17904688924980164
v 0.43887948775696761 2.7671270561062098 0.21162227491390703
v 0.51443788931546219 3.2008574282524584 0.37866645697426798
v 0.53215818077182764 3.4599724628949167 0.36170286379218103
v 0.50476509914731982 3.438018964056015 0.46505886263751983
v 0.53273149979901313 3.5841724678268436 0.25420514563298224
v 0.5091768520087514 3.631853949593169 0.41138270163212498
v 0.43047780658149726 3.8564924095046522 0.36796861441993711
v 0.52203144908332821 3.799487028763056 0.21861449191594123
v 0.80578767615547187 1.7302066512433052 -0.19429296206932067
v 0.68258592729759227 2.052633357611656 -0.050452249084472656
v 0.52775360197067256 2.4576211697762012 -0.019798052797555921
v 0.4477192971880436 2.7118555506163839 0.11994062735617159
v 0.49502135737371439 3.1243265100333693 0.29290894349408153
v 0.4994294729198217 3.3465770885976553 0.19503790636122226
v 0.50374884535603859 3.5613601879064611 0.1335571033242941
v 0.80753310213546747 1.7294448436767578 -0.28799587817535399
v 0.66050779549026495 2.0495757669181827 -0.23937199523544311
v 0.41965733284187312 2.706029227528095 0.01013225218963623
v 0.45613290905671122 3.037336380280256 0.2033014145562172
v 0.47008311987853046 3.333785254789114 0.081192077959299086
v 0.46614487485419664 3.536377452632673 -0.022095622908301648
v 0.47452515574651688 3.7681893873566281 -0.005955171464930159
v 0.52694283177694423 3.7511658649342468 0.10658420229395224
v 0.76584749356555948 1.6473093086320332 -0.46628497200502672
v 0.55435268122529979 2.0062270046825406 -0.45218811267232895
v 0.38764482410001755 2.4915895593969823 -0.25167803664577004
v 0.34897656409227851 2.7129538894790413 -0.10241650888550283
v 0.44089061283765518 3.057689249990327 0.11874742912037033
v 0.45113129405784608 3.3000604052371978 0.012107340235710147
v 0.47925620029120447 3.6752836842972263 -0.032840599645787477
v 0.64788430181694034 1.7330362490463258 -0.56529197862052916
v 0.35850969649195669 2.4631540742335316 -0.32792023814582827
v 0.34605356014251709 2.6436521160078046 -0.17327788061046601
v 0.3693040259810686 3.0457262485921381 -0.035763923139095308
v 0.42804544692128899 3.3064100615073442 -0.074124760981678958
v 0.424303103590846 3.5392142555422783 -0.17078687871170042
v 0.4330604931140335 3.6470793740300307 -0.12944742549164592
v 0.55418786438274381 1.7104662714328769 -0.72778042975902557
v 0.42540988207459451 2.0093338416881563 -0.64645543535375594
v 0.30758296729898449 2.4563424697870015 -0.42043408290481565
v 0.31180573728740213 2.5784321735934612 -0.29775039594930414
v 0.34740494028091434 3.1891036461935043 -0.16038916337442397
v 0.39398466451978686 3.3421024798777106 -0.19594575300335887
v 0.37303055229341986 3.5178841609320641 -0.27886761543691158
v 0.37745159903938852 3.6324898085327679 -0.24674731678320044
v 0.46159499611234667 1.7181588928661349 -0.8524203540787697
v 0.3822698168907166 1.9832635811233521 -0.73225594635772706
v 0.24771581172847751 2.3838307947578432 -0.56857103380584717
v 0.21275030575942991 2.5856089392573836 -0.44290264770078663
v 0.25148156892037393 3.1313852280573844 -0.34213895545732975
v 0.32127704594124212 3.3908923730194651 -0.38078140276006289
v 0.32211379150712494 3.5374558935874698 -0.38588732464931697
v 0.27673573001041585 3.6571003452997637 -0.45894376920394386
v 0.3254476487269401 1.7867011051197053 -0.97718356863832467
v 0.28950377526569371 1.9572580765566827 -0.90880083681297297
v 0.17667709062957765 2.3777786112842558 -0.6456065826153754
v 0.17822372260982172 2.9719420672983543 -1.0584571434375509
v 0.10765633831477164 2.8988004047883154 -1.0520960091314913
v 0.077587711851719227 2.9706766789208796 -1.1428360937000088
v 0.11494976155404747 3.0458586748009844 -1.1421359092261567
v 0.15507204523938645 3.3181664811481788 -1.1211800138472912
v 0.069914818596586575 3.2671280826963933 -1.2003006939263696
v 0.077324139148569962 3.3833820334226004 -1.1680748115803625
v 0.12173714070944275 3.4483516187924224 -1.084835863303655
v 0.16467188331985472 1.7106783664703369 -1.0526589566011428
v 0.17424106599473951 1.9658403827934265 -0.95475449856948857
v 0.10193016614464351 2.3414935052438466 -0.70653228374304089
v 0.11536999902772904 2.633076801377773 -0.47829715190076832
v -0.0085949162991653567 2.8982367998283163 -1.0913517994350226
v 0.088488087376754843 3.1324053277224673 -1.2075835591961857
v 8.084756374358848e-05 1.7208481048889159 -1.0625857934675218
v 0.022930085072994235 2.0434157828536033 -0.94728338289308556
v 0.020325877213784628 2.3382513016719648 -0.73111289292934112
v -0.011494034808456899 2.9980425365538297 -0.31988102709341054
v 0.077012744917422535 3.011888953413874 -0.28334619377544523
v 0.06360806807041168 2.8127490277914999 -0.33785509831237792
v -0.014564725390911103 2.7504933146030899 -0.39241648218035696
v -0.05585453049039947 2.9587364666684675 -1.1468242801749282
v -0.01133694994946516 3.0283940236508764 -1.1701969322614714
v 0.010587041735693067 3.1201999989465499 -1.2227851949425608
v -0.03714434099065661 3.1833835850296417 -1.2198151978873166
v -0.01088905268435819 3.3519068239039189 -1.1868001659773382
v 0.28148774576258662 3.2207460477705001 -0.48051489218986032
v 0.27488226502701213 3.3233013498117581 -0.50469309499297832
v 0.26072582463690341 3.2517818903418449 -0.58730612110750369
v 0.23300862164437877 3.1310934514390105 -0.64059857655969477
v 0.24910310838493444 3.0378136081413105 -0.84312599549576639
v 0.26708322189463379 3.1242839018641511 -0.81392268869451112
v 0.24168338641437465 3.2722497525954504 -0.67865236111326732
v 0.23640552440797155 3.0692084827453998 -0.97770106594602724
v 0.26495503757181166 3.492989362349415 -0.51848124603848456
v 0.24193783151245116 3.4072547224627141 -0.64011468877351296
v 0.22050956897532939 3.3732630744104384 -0.7547799262788295
v 0.26257185213946654 3.181650350834583 -0.88738053859661736
v 0.22006013418960996 3.3394254847437059 -0.86911743243112727
v 0.24533232742242961 3.224741597047216 -0.99629037275435783
v 0.24117764392037902 3.58792177466447 -0.56819014200282947
v 0.21442918130445476 3.5824929670871493 -0.66400514773869523
v 0.18368636363506316 3.5427194789186713 -0.78090703098720304
v 0.15886235255643727 3.4689176928312078 -0.94049117632083379
v 0.22551157424388188 3.3692214064656878 -0.97029729228519113
v 0.18619573326599256 3.3820361814142803 -1.0480962776164482
v 0.20248876743194164 3.2952708842659115 -1.034040334176457
v 0.2179441003882289 3.0507471001143753 -0.71628374064722666
v 0.20606613794468642 2.9329189738914012 -0.82585797877098321
v 0.1501938757134676 2.9725735795956849 -0.76539541649389276
v 0.16423175086045266 2.885882809212565 -0.8908951349656582
v 0.11755483904409408 3.0611473666386604 -0.60013341146278387
v 0.085957928339064127 3.0380456259215469 -0.47972795823001857
v 0.2151026994967461 3.0661873220720288 -0.19876039783191679
v 0.1492850897829277 3.0252119080844606 -0.2372420006967102
v 0.040259977553427223 2.947958941273928 -0.80197699951624868
v 0.085336878113299611 2.8671660398354528 -0.95061570521253347
v 0.043283299188256269 3.0267605160894395 -0.63887625175535678
v 0.0072603630950748912 3.0226980813873112 -0.55105231032794721
v -0.048316623146548866 2.862394800969668 -0.95379154203089322
v -0.049350889129281046 3.0244167743715646 -0.65856667949885139
v 0.1443935426596914 4.0674578497810074 -0.13335836699143053
v 0.23816736366076469 4.0428334906176806 -0.16672784946639538
v 0.18808802665239571 3.9503515928819777 -0.31669311882466078
v 0.078688189991354934 3.9411133765931128 -0.3480345009659529
v -0.041863649862512953 4.3596428559948706 0.13205262027574205
v 0.067702153581608082 4.3557630359478559 0.092252701902836562
v 0.051557316298961646 4.3581565032115579 -0.036718729029417037
v -0.055610839178969459 4.350039423381423 -0.018808324887459475
v 0.045342518815264105 4.3691420405462384 0.25365771621632577
v 0.072703192999402685 4.3489337053191264 0.1778102475616932
v 0.046261867591902608 4.3410807121546862 0.44255239411231873
v 0.050104409212470058 4.3464571334835291 0.33469691060987117
v -0.031214757464766502 4.3470104373813871 0.3687882936518192
v 0.022137559365719556 4.3030027016657222 0.60420105576848238
v 0.088134139785051344 4.2773778489443659 0.53541841426014902
v -0.01489599617099762 4.3112335846570726 0.52556542308139809
v 0.012921000499695537 4.2384615915766357 0.73055207846945525
v 0.095509583559866995 4.1721487171308844 0.73446886522265342
v 0.093768668630480764 4.2205071941494943 0.65370017484784126
v -0.06835766157328943 4.226898981079751 0.70274070794513444
v 0.0019573983670473105 4.1317035441748509 0.88157988086402406
v 0.073789373001769187 4.101632541719944 0.88890703440682595
v 0.048365371333494785 4.1872687830452922 0.79937188388583058
v -0.03006792047870159 4.1901386623940464 0.80220496618950365
v 0.099643334561525285 4.1265189186047806 0.15211933351228088
v 0.11456171017775812 4.0994598097785619 -0.0092561946688875553
v 0.13087716996982696 4.0826110229450467 0.23841299886283276
v 0.13245252960563453 4.0864780951740292 0.39093431709089876
v 0.1210547650519354 4.046358476198221 0.60092145213139803
v 0.1933757658867091 4.0362225888836392 0.48261670370377602
v 0.11571914487124872 4.0062603243623212 0.71530689054174501
v 0.21488331755971907 4.0567570234445327 -0.019243520226120952
v 0.16963915086489917 4.0668000800434347 0.099484657544374466
v 0.24929176256973296 4.0603069335211064 0.56949929882746186
v 0.3334966843186617 4.0353117058825321 -0.027969468493657449
v 0.32253018843333725 4.030719698003959 -0.16226417275356053
v 0.26089862072700265 4.048118295170724 0.1126910063996911
v 0.23254088819044827 4.0558684710339303 0.29354213230678439
v 0.2900517146136356 4.0126934677661978 0.39240074215562343
v 0.43305467913796036 3.9858528087648359 -0.090774445310647364
v 0.39539381833389697 4.0036737796478841 -0.19018765649695993
v 0.36273821803627015 4.0188435320826059 0.063018412216067313
v 0.41616803237305366 3.9709806878925393 0.15951189859281267
v 0.36608810379379775 3.9600402495906781 0.32080245676599228
v 0.31020201853222079 4.0207803816745669 0.50554578268945205
v 0.21504078570908308 4.0682311885137548 0.67818197658608559
v 0.45201416061291483 3.9692731155603242 0.01885632392611461
v 0.48244097594621776 3.8661839494579509 0.025833029779307539
v 0.36510779949167793 3.9457003590324606 0.44263900209755985
v 0.045125604454432422 3.6716147712402387 -0.74596769777471716
v 0.080317370860046144 3.7310397466439964 -0.65275846191821696
v 0.20689782491895131 3.6989778557772466 -0.56951134742115228
v 0.039199286472678188 3.5929210396150353 -0.86194457600259777
v 0.11428762375152111 3.5395540681444402 -0.89830549453604225
v 0.054105553770031248 3.5144214378477758 -0.971775068669813
v -0.028244877689749003 3.5557103203890024 -0.91707634076043965
v -0.030787861915456398 3.4984659056580751 -1.0003614657436908
v -0.010992426520490647 3.7277225061065673 -0.66801369082438944
v 0.01295849518703669 3.7835282001237052 -0.58501510233326992
v 0.095925521860957152 3.8364473344884518 -0.4954939190399647
v 0.1778400599333082 3.8309713042629925 -0.47747459538188319
v -0.009049511209607123 3.8320911991856099 -0.51357223897886273
v 0.01707691225963405 3.4492411137154231 -1.0810009165521073
v 0.28804596624648571 3.7712308758857249 -0.41051439502131937
v 0.33184032221184667 3.951198556023404 -0.29597147850425543
v 0.063358916654280256 4.0686934472051348 -0.31024493887218407
v 0.36954383322058404 3.7843418590095634 0.55794303376922438
v 0.40384819223737717 3.8558740536591412 0.4666617957918644
v 0.39498303030774595 3.9275703115828633 0.56316286605131616
v 0.16453087103893754 2.8934900337228653 -0.97324689466809633
v 0.020175408729553222 2.8565815444610121 -0.99290525657862427
v 0.42743855491882565 2.9554778578738272 0.29028516546344751
v 0.41185760823314188 2.9737933266477823 0.15249751151380539
v 0.35702726351664915 2.9191905690319571 0.052321383810040777
v 0.30277815029583488 2.9914429333222818 -0.061433827442818029
v 0.43336722042157821 3.017852481448335 0.42845217662155632
v 0.37999134547424318 3.9744889780530928 0.68084685888338081
v 0.25310853912726039 3.799408424126506 0.7783289573908746
v 0.31753797473016382 3.8522253900226056 0.77205212439876791
v 0.0097502779569625855 1.3260486444019079 1.0063631381678579
v 0.37671917549419398 3.9037898775610924 -0.2377143348354101
v 0.3152008407963216 3.7483360785276592 -0.33526247497612238
v 0.41404741750754737 3.9308993963520109 -0.17266871112107915
v 0.2589743106299085 2.9296457305658246 -0.12226502860703214
v 0.21681066009640693 2.8564610684812068 -0.22517754746460916
v 0.17111918409067392 2.7863694175842406 -0.3151684895541072
v -0.011012524133205413 2.5699609743938447 -0.55549974504232402
v -0.012623647312334606 3.3139954519204879 1.0478798114638757
v 0.50426657987350021 3.8716626768201445 0.1670050707241616
v 0.43762657206201405 3.7388553745208277 -0.1202335167489961
v 0.4413932709539567 3.8592563598726937 -0.09764160902932642
v 0.31150103148084884 3.7523151984852552 -0.25280027377033232
v 0.35722077340726044 3.742611448257231 -0.18707889027146135
v 0.37632284930770099 3.849657263934398 -0.1825553189733535
v 0.19240302847504179 3.07279574643497 -1.0855292142303261
v 0.22534390408155325 3.1576624501914554 -1.0863477685421918
v 0.16787478471314907 3.1093601076646875 -1.1657147601863829
v 0.17042167099823272 3.4515672696833994 -1.0189637822801982
v -0.03953912711493799 4.3350220731564422 -0.2428433662022999
v 0.081635333872965399 4.3197775401065943 -0.16436844536764281
v 0.076063531689586114 1.4944547367368992 1.097982122605957
v -0.014730280457705261 1.4448785208876134 1.080990185697049
v 0.010788121640130877 1.5642120104192199 1.0936790180509202
v -0.01525602412557602 4.3575628024625779 -0.14662822600448128
v 0.097130144810460506 4.3076555541547608 -0.07490455683545022
v -0.0597155585644722 2.9661799468921064 1.0061061872232318
v 0.056043150939278932 2.9273947962589815 0.98992091865711296
v 0.085526629517152911 3.0730585329651832 0.99260348263561715
v 0.0017454523657411351 3.0574098264812384 1.020261044560492
v 0.053390283728186577 2.6439037577486122 0.95525134382542121
v 0.096278910394038464 2.7271179101324146 0.91849874412692445
v 0.072007019386836874 2.3378301435114892 0.91355551577284344
v -0.067710802661597722 2.0513501063694952 0.92509704714888341
v 0.070763021650969982 1.9616218900883795 0.92815592137587077
v 0.030844245218471469 1.712594154418271 1.0285696200470871
v 0.092720635920912037 1.5882998199662566 1.0302607342162726
v 0.051285499885067351 3.1549891688627003 1.0311972753533871
v -0.018346516420304774 3.193259702452302 1.0421478693991302
v -0.053464066112977264 4.3085614103090464 -0.31870428548483848
v -0.092491372670803762 1.4095825112480607 0.96811512155864921
v -0.1911904371265411 1.371361474263096 0.92642603937201495
v -0.37698231083679201 1.4630338560447691 0.80705059527206435
v -0.50618347748879022 1.4896860477921623 0.72409154035309387
v -0.64081463779830927 1.4642136364974976 0.65819869260787955
v -0.82155387661314017 1.4311002723317146 0.53337956258964536
v -0.87883085382664206 1.5070994288504125 0.37244583355665206
v -0.9484997927789689 1.4658868977427484 0.23974859440660479
v -0.98065107446289068 1.4437100595335961 0.14591108926296234
v -0.99474716117668138 1.4347875215435026 0.0037958901205062843
v -0.96964276461219789 1.4483247210189818 -0.18531808318138124
v -0.92364861282317978 1.4909693822721073 -0.28499295617791587
v -0.87131841483669281 1.3926825312508107 -0.53799376763567919
v -0.78270547578430172 1.4522354778113364 -0.62640100431489953
v -0.69214680743861201 1.4185160476951599 -0.74728372715187075
v -0.50466724055242529 1.4888565162277223 -0.90272493570041656
v -0.36856392032337187 1.4470317270498274 -0.99690871487998955
v -0.1935810494055748 1.4947031837959288 -1.0663199149451257
v -0.06564775898556198 1.8092041327787893 0.96461356794178066
v -0.092594220818322887 2.2029581532584905 0.86074062681897878
v -0.098501027363777152 2.4199404223623273 0.8498194718303681
v -0.055170128383321956 2.7599087452667854 0.98511691478611774
v -0.084096813828110684 3.5682764736233503 1.0299224307736976
v -0.073296826977461579 3.8772611620866657 0.99282795714828376
v -0.085978552317619319 4.0193589443588253 0.93865583722853652
v -0.09435746944269538 3.9392336855333747 0.94939034141519663
v -0.1444862314880371 1.7674623459041594 0.71866360376243577
v -0.34106359703636169 1.8210424445018769 0.64910312976837159
v -0.23435281973075867 2.2336981704158783 0.67299306098937994
v -0.096263868296146402 2.2109218852591517 0.76713893150186541
v -0.15547359630380356 2.5991935491696769 0.70185386245400561
v -0.10519835165473393 2.5641141196005686 0.75426350078501025
v -0.14509201120902812 2.7503716376520222 0.71075514813154084
v -0.10481338877248764 2.8655767064633371 0.77261222934627538
v -0.17877155921459198 3.3906920063304904 0.83624193660259238
v -0.11913919318501155 3.1353941053481105 0.84888293180545171
v -0.11116057797732523 3.4248011790768031 0.89813498777696488
v -0.10998595846527814 3.6348834804325527 0.91313981534491262
v -0.14280811159694196 3.7259919503297207 0.85093857925537231
v -0.13637498939483017 3.9079444028125243 0.77524285213826594
v -0.42226534149284362 1.8401445051132201 0.611974204295063
v -0.44679778408670423 2.184611281101704 0.562192919415474
v -0.32801275949287412 2.513836649046898 0.63953371316909791
v -0.29968958144760138 2.805532231842518 0.62799248726606371
v -0.25607162062978744 3.3589385497317314 0.77944631101751338
v -0.25148607209920881 3.0390230883378981 0.72409786101984974
v -0.23170997461652756 3.5908907666027545 0.82220830417966839
v -0.27205009803851243 3.6800088015387415 0.76571498253126746
v -0.51757159057521818 1.8373236051731108 0.54176440066576004
v -0.37647279216623303 2.5453764859325885 0.57276780014872553
v -0.35166256781768801 2.763535635951996 0.55393562863826751
v -0.30655487695324424 3.574928323821664 0.74319684686887266
v -0.65259956454277035 1.79979805809021 0.39415399656009675
v -0.53816098961544034 2.1986585581903455 0.43996565222144129
v -0.44160983495748041 2.5910852127341029 0.46836596662676333
v -0.41653055411607032 2.768033649894893 0.46909419463098051
v -0.35552378621697428 3.3009117214050292 0.64672119664502148
v -0.33976646768832208 3.0582388041849136 0.63162222496485709
v -0.34046706965668627 4.1043790285293884 0.8868519181823169
v -0.22867792245583535 3.9316921221079348 0.78977062054347991
v -0.20860151656222342 4.0480693881816627 0.76170479693689352
v -0.26919659779516292 4.1273250812737858 0.81509236062656987
v -0.73028210660409942 1.7608666850466728 0.31676015818166736
v -0.60974513501691818 2.0771425201554301 0.37304453954982758
v -0.49770674519920344 2.4964144363632199 0.42252067478179933
v -0.39088984593236448 3.0937994708431962 0.56448167301106456
v -0.36694566190457345 3.5091267791919707 0.65793033955907831
v -0.35340623380118608 3.6783758760114313 0.60710557358705997
v -0.3260561108671427 3.678456305402964 0.67911090027979015
v -0.77827198287963872 1.7785645789198876 0.23080841984891892
v -0.65776652899932864 2.112955996532917 0.30306979196190836
v -0.54087512476289268 2.4923604257127043 0.32202580144631865
v -0.45276078214049337 2.7698225844011306 0.34622243584823609
v -0.41446165129888057 3.283097788968921 0.55772254047596459
v -0.40694511180448534 3.0097959024219514 0.51103197080898288
v -0.42460551487270592 3.5431543716393947 0.53474875990658999
v -0.40306855470929187 3.737429570444605 0.4909828333485573
v -0.79938316747736926 1.7575375717663768 0.11990835947775841
v -0.66576766207408911 2.1178412142992018 0.12048867667007447
v -0.53583886590003971 2.482824189122677 0.19679646457767486
v -0.44116181271176336 3.4679994430728671 0.53714237867534154
v -0.46280050887250901 3.2660128590736388 0.49533996797180174
v -0.78789703850841519 1.7682341426496506 -0.035956954839706422
v -0.66723955478095998 2.1035861875352859 0.019953062625885011
v -0.44307160122346878 2.755808018026829 0.23760410675096511
v -0.53251140205204495 3.4626118268141743 0.32520112597191336
v -0.5038854182190895 3.1500733178882596 0.31074569786405559
v -0.51350721959474088 3.3059641856785538 0.44553541823778153
v -0.5122938271864057 3.5129753719536065 0.43984971608799694
v -0.53762219155788427 3.6513466857004166 0.27582064740657802
v -0.50796469808898648 3.6344377167498725 0.40809188021956172
v -0.50826545482242114 3.8417166786286234 0.21366062282800677
v -0.42923473394095896 3.8973316558415889 0.30121746557438378
v -0.79315465843735422 1.7582637150205884 -0.17449435141587255
v -0.67807072190570827 2.0628799860458376 -0.090071176131248487
v -0.5130421386620998 2.4804742919890881 -0.03442193206572533
v -0.46349206591379644 2.6774992012639047 0.16345400171601771
v -0.49833272341537477 3.3878647462067604 0.18065908146905899
v -0.47527684520936009 3.0707213408240079 0.28670213016200069
v -0.52894850630664825 3.5976923667876717 0.22134645878624917
v -0.80630233165273668 1.7260001901659012 -0.29528594013185505
v -0.65593847393989568 2.0693209712123872 -0.22756480797481538
v -0.4669968217225075 2.6269412498981954 0.035728710253715518
v -0.47387308151078222 3.306105670117617 0.10443584471344948
v -0.43426194712638855 2.990045734822691 0.20198910073769094
v -0.47563160580669472 3.5332775920037647 0.022393442706956181
v -0.52685745547239793 3.7799906429953278 0.11002620411504507
v -0.49697729909367117 3.7393672370161934 0.017685929207324983
v -0.77416395431988572 1.6847641321054185 -0.41214892237050188
v -0.60352959938812267 2.0182446744966507 -0.36646032861614231
v -0.43886838487672808 2.4608450291166304 -0.20211291854000091
v -0.3642971259140968 2.683582619288206 -0.10549538154792786
v -0.45574633027029038 3.3494933706030849 0.017975566579341889
v -0.43041706473948615 3.0415522671313964 0.10405486724443436
v -0.46362435982204975 3.577332776574548 -0.066252630883612801
v -0.46660894770729844 3.6769602446569412 -0.055007629286187881
v -0.66414520301818847 1.7071246693296431 -0.56521933759689325
v -0.49177688969612127 2.0674372054767609 -0.49296841232681277
v -0.40747774974536893 2.37533255659008 -0.33247273933982857
v -0.32075920587921147 2.6728380932579041 -0.1922521562576294
v -0.42388679764056203 3.3230575483229159 -0.090541514463901518
v -0.39731864255716121 3.0510106617747716 0.0034598291256427768
v -0.43704589725685117 3.519661944090843 -0.12683765108203887
v -0.40990840499377246 3.5882483249249546 -0.20455104844395602
v -0.59305201672649388 1.6933739297113419 -0.6853669971356392
v -0.45756084248447421 1.9647583018980026 -0.64036248569726939
v -0.33899214749336243 2.3576591922473908 -0.4636002092056275
v -0.2091176542893648 2.6739436239887473 -0.37041853740727904
v -0.38898846755409239 3.3190950714273448 -0.19265075103664397
v -0.30092613352215292 3.1694041053153277 -0.23962590886437893
v -0.34890557791435722 3.6284091728199721 -0.31954834072864058
v -0.49092472045755386 1.7033921329360009 -0.82045232088327413
v -0.39539213398551942 1.9627361551675797 -0.73313042270088191
v -0.27286938342666628 2.3564996145153048 -0.5579476438446046
v -0.23877813596677777 2.5739229913234709 -0.41753665012693403
v -0.32872396171450613 3.3664262670071121 -0.36336696151244641
v -0.24822065360009665 3.1273778611451983 -0.34164073095351455
v -0.34962595046432532 3.5215039767919354 -0.3281706229935033
v -0.31496337724733353 3.6349365994493961 -0.39258812560772899
v -0.32858407748174667 1.7260865506415368 -1.0002477732005119
v -0.27063749160671235 2.0224675998468395 -0.87602019528865804
v -0.17521814309501646 2.37785574855566 -0.64710186985015872
v -0.15742395283865929 2.6292138443834783 -0.46348174121594432
v -0.13314283127725424 2.9173432748085797 -1.0557859815609396
v -0.22091186647113858 2.9813545872679823 -0.98813082173504541
v -0.14989761038234831 2.9898261416358203 -1.1046721974281817
v -0.19749862296127552 3.0895634348005823 -1.1023505790834549
v -0.091844321908923554 3.0676423239801434 -1.1751613526335198
v -0.10942093362170405 3.3971485824194514 -1.1399410117915407
v -0.087886352377724644 3.2565503731420993 -1.1951251368727447
v -0.14681704874789714 3.3143094597566125 -1.1411733205040693
v -0.1929023103691101 1.6456722497528076 -1.060385722467613
v -0.15876685289192199 1.9530852148447038 -0.96538715195274349
v -0.12826458302164079 2.3357156476340295 -0.70285546196365356
v -0.075085381902933124 2.6580546229439972 -0.4681135660965442
v -0.074542565703600641 2.8002380677325429 -0.34655367086929079
v -0.059179740587651734 2.9303909473465088 -0.26534961962997916
v -0.29652633747768398 3.2185262896233797 -0.39795849594455956
v -0.29109923204374311 3.2955843348779679 -0.45736979905891417
v -0.2511574637943208 3.18234377318573 -0.62250619150999187
v -0.26460972260825633 3.2960276416533469 -0.5577518770835399
v -0.25503361917761336 3.095358412076842 -0.88839721490237111
v -0.25932072039462606 3.102186214275644 -0.77910556141874587
v -0.22102479267209768 3.0791936723785103 -0.68555287000417708
v -0.24616343656849116 3.2152249820129191 -0.73745708574493551
v -0.2410992617700547 2.9880836898477376 -0.8590982778856755
v -0.22946162607523202 3.0804499316686704 -1.0016309626995838
v -0.25760373067200354 3.5201578322009972 -0.5397616999505348
v -0.23984304880273341 3.416405744152069 -0.65102554830634585
v -0.22335531547862292 3.3479641459800176 -0.75303538785407798
v -0.21167714328790563 3.3824270361995952 -0.86406168516921145
v -0.25660565548630804 3.1832757230735567 -0.96978776050122817
v -0.26193911184675356 3.6419852766518255 -0.49168218415263726
v -0.2339001134456396 3.5272583819298746 -0.64164505522847182
v -0.18990845667433739 3.5211978948665852 -0.78851156666910649
v -0.18525363143605422 3.4542461219260692 -0.91165506249014383
v -0.22397593366340229 3.3569197440524698 -0.97010148946205632
v -0.1776364002841348 3.3369777344285732 -1.0647695982842287
v -0.22523551452136636 3.2584391861916302 -1.0233162480624136
v -0.17184425609314274 3.4287793911897859 -1.0595179921456976
v -0.2007177782355547 2.9938300959905391 -0.75963177773821355
v -0.2148545223162685 3.1163594941413315 -0.570886582885342
v -0.16422159242417811 2.9253538816043556 -0.82194589298366316
v -0.13453085936045497 2.8805816213463205 -0.90882727682547571
v -0.1330882705001086 3.0140872760236261 -0.70889920523716499
v -0.1396675489808917 3.069699043326676 -0.54238391656130558
v -0.15307341339087488 3.0626352703402042 -0.40417471996235849
v -0.17369344135129453 2.9500342747216224 -0.20153869497334959
v -0.19127171008828708 3.0443578867040872 -0.20695848106396197
v -0.055953893791198722 2.9471665160276892 -0.80030010809099672
v -0.071376160952270035 3.0369578791365024 -0.52988797052448988
v -0.16483713508718356 3.9370775859750591 -0.33991821818436896
v -0.22679522242689132 4.0510438617720599 -0.14330246040439606
v -0.13252071459937947 4.0677549723494222 -0.19289020983525684
v -0.095628275841847063 4.28817845577694 0.16327401731519897
v -0.076955914089858538 4.3348626808258892 0.29109989206007125
v -0.043735281547665601 4.337631888343946 0.45367017038500307
v -0.095810133168689915 4.2563337563728254 0.51538461483952402
v -0.079705087427839633 4.2808850016816109 0.60356118830493843
v -0.085156628287985925 4.114982410078369 0.84162380457030239
v -0.12420392881669998 4.0793384548842422 -0.01912897126914263
v -0.099980208011859667 4.1211633747096403 0.047460210884447393
v -0.11004381258741619 4.0889667449165348 0.12559880388399364
v -0.13534924207621513 4.080639920106691 0.22620667702995539
v -0.12153424112921953 4.0870121140827536 0.36091768965643645
v -0.1906074639390111 4.0411764514166411 0.47017156658941506
v -0.098944144288659094 4.115546718399405 0.53260362173688414
v -0.13431115622391063 4.0324864679048007 0.62177567068172224
v -0.12706984364048499 3.9978834138927164 0.71322285458734846
v -0.22915573786640164 4.0544594131939409 -0.042842679319858558
v -0.19473027822446826 4.0609036973094943 0.034005265078067781
v -0.185288413071692 4.0640370364288394 0.11002038491812348
v -0.19813545941263438 4.0644258363886472 0.31097720315223931
v -0.37620575942519308 4.0130359222791618 -0.17687756947227121
v -0.33454141183880909 4.029104068257066 0.043171917468379221
v -0.34062492793571952 4.0192441205254799 0.12463311431443692
v -0.26544683600404861 4.0444344252964557 0.20326341849613191
v -0.2892454621238113 4.0289177188642018 0.30647652210283283
v -0.21488505347616674 4.046204362863028 0.55189531040408613
v -0.43923387751539478 3.9821486850963104 -0.078492986699987721
v -0.46110196989313107 3.9553719262676852 0.045600650301593118
v -0.35853032987716366 3.9898350711988977 0.24049232822613206
v -0.37631103737829413 3.9326783246537236 0.38917763211151107
v -0.32063259185381443 3.9886313221709462 0.43212858672694732
v -0.30379357718621836 4.0337416815135221 0.52917423985273504
v -0.217442373421669 4.0603852497309205 0.65203654232492447
v -0.11671470802733896 3.6842870922418118 -0.70288239860320101
v -0.13133001118648052 3.6129706184109449 -0.78473753048765671
v -0.1589139766607523 3.8040088846135616 -0.52367893805193899
v -0.13186482248084674 3.4775587578190734 -0.99651656349113593
v -0.11834864366394282 3.5404194920808671 -0.89433042740666868
v -0.057891173630869389 3.6609349593393685 -0.76018556136250504
v -0.090999046627449995 3.7538371316763102 -0.61954575090467934
v -0.15323515876374244 3.8766684625204322 -0.42321945854437348
v -0.08681568142336607 3.8385471242707032 -0.49420011008311165
v -0.3449320831206143 3.9501470853973331 -0.29562372259697317
v -0.27666355121618513 3.7386746023285982 -0.43051804012066125
v -0.36113463506439752 3.8038540866209609 0.58949149156248581
v -0.39199221550861768 3.8705845193740389 0.54826062184191948
v -0.25896205436420439 3.9496124211540224 -0.30855738939476013
v -0.43021259027324404 2.935900930524622 0.39068034831510273
v -0.42452508316540716 2.8986018793299202 0.30448607173967362
v -0.38012802373216148 2.9468866420532822 0.091020003586232662
v -0.32147568184764386 2.962079544124296 -0.036754282652757847
v -0.25173218192928948 2.9826843280635895 -0.11610414899899364
v -0.43704005106881688 3.0187629510914595 0.41970330237320497
v -0.38673661452975872 3.9359708337510231 0.49963982212725283
v -0.37501290976411106 3.9883632012773753 0.59287435760545726
v -0.31615105324065684 3.7832934181136744 0.74431267777955534
v -0.23629144026735424 3.8064979616138039 0.78730095820069312
v -0.31585805309538545 3.7330659479219168 -0.32660605342777072
v -0.34366129496930242 3.8250168317061366 -0.21470247888498306
v -0.26541302093106511 2.8756079287587406 -0.14654788622653481
v -0.21606636596632006 2.8308937814331054 -0.24638840330100059
v -0.13659829160064457 2.8725257594080569 -0.26643273053383831
v -0.087497711708256182 3.3253482048908682 1.0125336400225033
v -0.50015754556084102 3.895207151658433 0.12664002938463007
v -0.45497927850467862 3.7757231327468253 -0.089371109212855265
v -0.46960707049199729 3.8495416482922318 -0.0032234962162279671
v -0.37879998884167904 3.6873663709875504 -0.1889909016907462
v -0.32452230185222619 3.750963482767582 -0.2162313312472105
v -0.42608526488640852 3.8974116036926323 -0.12044207506008048
v -0.41162822579336611 3.8036542960213078 -0.15406781041174683
v -0.17008814177741111 3.1611062698624131 -1.1679191477598549
v -0.096798342685384398 3.461163122488967 -1.0676472249201536
v -0.12586309529846906 4.0782516545031662 -0.11104518810904027
v -0.071397256937400427 1.5205699549638236 1.0908938551915222
v -0.092607328132888467 4.3066224852925767 -0.14550130969942432
v -0.08148312260842322 3.0571632347256541 0.98732906451648472
v -0.090387388604398294 2.6460513357988082 0.91534062641631708
v -0.078780528653722731 1.6439726279489255 1.0155889532384261
v -0.093522670360427523 3.19741864701263 0.97256865063857334
v 0.49206891297912603 -0.095855883178710938 0.092340401885986315
v 0.95203255761718752 -0.11255292213439941 0.17407643241882326
v 0.4175924328308106 -0.089309440841674803 0.26009098951721188
v 0.83416483096313487 -0.10708770747375487 0.48944259703063964
v 0.42469661986287438 -0.08792046589152018 -0.076047534250895193
v 0.89593026843261714 -0.12950186584472656 -0.15354514355468746
v 0.449748614013672 -0.10414948120117187 -0.25229380908203125
v 0.79866006262207034 -0.1281917497558594 -0.4506295680236817
v 0.32856422749328618 -0.099959093078613281 -0.36758929675292973
v 0.62799194348144538 -0.12031458263397218 -0.72216820445251473
v 0.15470967949422201 -0.087920664133707666 -0.40217566416422523
v 0.27897016551208498 -0.12517904629516605 -0.88597778581237796
v 0.0018596684722900366 -0.095856542831420893 -0.49980088310241699
v 0.0073957889862060512 -0.11255729530334471 -0.96695059512329096
v -0.17684603843688965 -0.089309441757202152 -0.45795111468505856
v -0.32443250285339353 -0.10709064225769041 -0.91001534101867676
v -0.59554769869995106 -0.02478316036224365 -1.0597183016281126
v -0.70627533853626245 -0.0012800773674011227 -1.0501804210767745
v -0.4302900289154053 -0.089302307800292968 -0.23696302995300295
v -0.83392771669006338 -0.10709048065185545 -0.48839549279785155
v -0.48562812580871584 -0.089302309387207027 -0.075455873443603522
v -0.9509187712097168 -0.10709025689697264 -0.17367293139648438
v -0.48239022932434084 -0.089302268920898431 0.095237640029907228
v -0.95320463171386716 -0.10708455020141601 0.16208259338378905
v -0.42096670677185061 -0.089301715652465821 0.2545291709442139
v -0.84052492820739755 -0.10708399902343749 0.47837056626892094
v -0.30876787857055665 -0.089301149520874035 0.38320678808593756
v -0.62646449302673335 -0.10708399902343749 0.73704575213623036
v -0.18115239746093748 -0.092844804931640615 0.4818628176269531
v -0.31797013685607911 -0.11227230152893065 0.87647200944519044
v -0.015824895843505861 -0.089301872085571291 0.49203627592468269
v -0.0061646694793701167 -0.10708731561279297 0.96747184538269049
v 0.15317332876586914 -0.089301859176635745 0.46782214340209965
v 0.3248600355377198 -0.10708658485412598 0.91128020297241208
v 0.30369829788208008 -0.089301724761962881 0.38726886186218268
v 0.61670239192199705 -0.10708660241699219 0.74526287712097161
v 0.32524350424003601 0.10487856080436707 -1.2487800932149886
v 0.13713563725852967 0.069998545524597167 -1.2953670746288299
v -0.63650810944652558 0.055791344073295591 -1.1357028740320203
v -0.71778325232887275 0.084450769659042357 -1.084711572330475
v -0.69809120068120956 0.053584696707844742 1.0947448965111972
v -0.60808077783584591 0.084890217569351195 1.1500470078525542
v 0.11142382169523239 0.07182180962972641 1.2947458594668388
v 0.29611645692920685 0.065885532889366161 1.2710570217208863
v 1.0430883959491253 0.15490680512690544 -0.73525999410605425
v 0.9013523172252178 0.13201034292864799 -0.91036975018262856
v 0.13502782361316679 0.17697014513492584 -1.2710187720861434
v -0.32305110696411132 -0.089301838882446291 -0.36980275601196283
v -0.61635078608703608 -0.10708983042907713 -0.74412369598388683
v -1.2268906799020769 0.20738497725868224 0.38084604475402839
v -1.1901510247290135 0.1714905885353088 0.45520536072516438
v -0.69550138685894014 0.20738498311424255 1.0805514190559387
v -0.6195601171252727 0.1714907176709175 1.1138981692664625
v 0.97811975742912294 0.11391005150723457 -0.83823637303888798
v -1.1444773197648526 0.14994566004800797 -0.55515985191226014
v -1.2413787058216332 0.11647295103895663 -0.34159909091186524
v 1.0224463221063615 0.21466813001918789 0.78577105857658391
v 0.95368084647393225 0.2479887680089474 0.86408234484004975
v 1.1786377205529213 0.20384539768624305 0.50716582617640493
v 1.2188836222387551 0.1795764659676552 0.37554348613357547
v 1.1361631368861198 0.2452573234138489 0.61336930949878687
v -0.585821652443409 0.26667950626492498 -1.1411028852031231
v -0.6782297489607334 0.31007019445061684 -1.0569373364546299
v -1.1806659292964938 0.24329698829746246 -0.52136402627801892
v -1.2381625576839448 0.25872602194786071 -0.34998296882820129
v 0.12940738503384591 0.30978654709529874 1.2531256477024555
v 0.27695658789294958 0.30788271977317333 1.2301306778530479
v 0.33278450223064426 0.34087694342136382 -1.1801280337409972
v 0.16969570292282105 0.34422680087471014 -1.2107575519695282
v -0.71924838587007522 0.31262375682382582 1.0317946976535799
v -0.58177305256760126 0.26568295975279804 1.1452608348282576
v 0.43153196191024784 0.34609817611045834 -1.1423907814779279
v -0.66014380487823487 0.45826881196975711 -0.8541052448654175
v -0.79233814582824702 0.44725269333839412 -0.75103911480522156
v -0.71993030488981524 0.38432181698594775 0.92806834572287977
v 0.46465581400680545 3.3393523554892539 0.50550436978340152
v 0.70625758402061467 0.55662667970752722 -0.69860825451755526
v 0.52670523856544493 0.63745970767974858 -0.78446879240608225
v -0.36729201084899898 0.50427395803070074 -0.96853792758941648
v -0.56948169501876822 0.49326847841644283 -0.8765053076705932
v -0.74126540514755246 0.56505091707229604 -0.65059551951217653
v 0.85117458851337435 0.64906978009986882 -0.40282498340129846
v 0.70842251567840575 0.66071736666488645 -0.61190803079223632
v 0.50674587206077581 0.78094542829322811 -0.75574821162223804
v 0.43498168717956542 0.74497961748313912 0.80257212518119825
v 0.18153601496315003 0.83733657435798636 0.89542526766204822
v 0.72643465143585195 0.87190890883636474 0.56058219508361806
v 0.85305700873947143 0.93582620245933534 0.39538831109428407
v 0.63681526671981803 0.86600956574630739 0.65970886184310906
v 0.63149913129752022 0.95317031581987655 0.71035834828676492
v 0.94425136548287525 0.94568194253403803 0.0084837591748918827
v 0.93145886253138954 0.99118793580245979 -0.27540953264808654
v 0.97508548985726495 1.0032559648519244 0.085792230583735876
v 1.0619736363363601 1.1322963076356762 -0.039898152897229415
v 0.99854604770660405 1.0477665881347655 0.15147081762313841
v 1.0226422362289429 1.1034335198478697 0.22094510689163208
v -0.78883461096979879 1.2372352952763694 -0.71506797297307423
v -0.1635140625087193 1.0302660285873413 0.98760890508815236
v -0.33201314766077483 1.1251229452540874 1.006490484438811
v -0.057971643599101473 1.0588070938010217 1.020533203823907
v 0.062774066255331037 1.1613110684139727 1.0693379326310155
v 0.11595544115447998 1.0001248295555114 0.97217748688125605
v 0.24243535673904421 1.099259047982216 1.0187469013252257
v 0.48518880335974696 1.201907858873231 0.94783919076650469
v 0.93022533857727052 1.0212998091773986 0.3463002782039642
v 0.97459976844150253 1.1318339341451611 0.42132040346527955
v 0.7574497590455056 1.2833977623040198 -0.72553326465349199
v 0.75885394698719533 1.1955693889525041 -0.75255979436981368
v -0.61407228481784892 1.1375351704392944 -0.8657483158062016
v -0.97701306038284297 1.2857212155551911 0.40419743482637405
v -0.981349300418354 1.1841008104900104 0.44326247225522908
v 0.28706112173569204 1.1679973681911147 1.0300033887623505
v 0.26862902352294921 1.2411074267771958 0.99882255234591966
v 0.22125257915115357 1.2942532091474535 0.97095327874946591
v 0.16411830405191014 1.3852393278047868 0.92553100733186522
v 0.84754481802940362 1.4714493913135529 0.46538625494575497
v 0.11641055110931396 -0.030605885482788087 1.2040085328674317
v 0.375696011386776 0.0098042970331192036 1.2251674299730302
v 0.86563873604106911 1.2970314517674448 -0.59652788361358655
v 0.89226329961814876 1.3416643077664374 -0.53210897437191018
v 0.78305552979373938 1.358260695207596 -0.67305660748004914
v -0.22900639871573447 4.0402293723699447 0.39771930679672962
v -0.46144469514131548 2.4966354242563251 -0.13248201009559632
v -0.63302742533874512 1.2957973630609512 -0.83564136437606806
v 0.092896204124927523 1.7621221539487841 0.87235828439283369
v 0.092063495172882065 1.8173903252033234 0.80121884419975276
v 0.15922164085451762 2.2207923220100403 0.68924121380392722
v 0.23704899949574471 2.3382971857750414 0.67534687287926665
v 0.25859428993511202 2.4463342852997778 0.6714469118638039
v 0.1685436757581234 3.4885965740242004 0.85157148429012297
v 0.10039206797613415 3.5471168345903328 0.97594053061636854
v 0.09935304886865616 3.8143312241110801 0.95589136965608601
v 0.10106153501534462 3.8692720710322859 0.88673068013668066
v 0.10144037334394454 3.9319093954529762 0.8166038623719214
v 0.3949312715597153 1.9576332206249238 0.61276637471103679
v 0.44686766636013986 2.0163775408732891 0.57405211357259756
v 0.31703045335531232 2.2497775416407584 0.6522593380255699
v 0.7201607338991165 1.5357751183433532 0.54352784261131282
v 0.68147803025436404 1.7131594993419648 0.42002301581668855
v 0.54287627934074401 1.897275602725029 0.49545119101524354
v 0.53305897014665615 1.9892005364255905 0.48683448461008072
v -0.52731771191787724 2.1495626117973328 -0.35838665382766721
v -0.47588900906515119 2.3295322021284104 -0.26966865903663634
v 0.31888929321777826 3.9766045527840612 0.84461668725769523
v 0.79034178130626676 1.5700965952215196 0.43293227037715909
v 0.74834300815010069 1.6528293481750489 0.39105942510986325
v 0.61966949903202062 1.9160575271344187 0.39181956760549541
v 0.6296181445007325 2.0294853745317458 0.35734584933662417
v 0.39011729191803934 3.3491689924480914 0.6033086560432912
v 0.36632355287075041 3.4554924318599705 0.65571929974186427
v 0.44581709159805777 3.1436778492397073 0.47682416209876538
v 0.38767960650765898 3.1380942682188748 0.57616982105016712
v 0.40167261039891244 3.4862137126366139 0.5927321041775464
v 0.43022626819896698 3.4006702260575294 0.54948420404624942
v 0.53538239306592939 3.5599050697894095 0.34739466715645795
v 0.50283600108766557 2.5623735515477657 0.11257248252844812
v 0.47677877578544614 2.6343904261665338 0.12619115895652772
v 0.52079155316042902 3.3987269339730735 0.26609117043161395
v 0.51013642329931252 3.4737313672213554 0.20101508202171325
v 0.47976152328348159 2.5945184058523179 0.026413317291736602
v 0.78462235077667242 1.5349181511650087 -0.55692132970047004
v 0.70536437294578558 1.6690205903298514 -0.54117272980376652
v 0.42054140412521362 2.5618417850608823 -0.13352040305137636
v 0.73038149503469463 1.5644248503470419 -0.60656330157661431
v 0.65564669129371644 1.6582557692689897 -0.62480162672901152
v 0.4180637007009983 2.3624827749278543 -0.32783559378862376
v 0.37196949506187438 2.5672279188442229 -0.20267112111377716
v 0.31462881204676629 2.3634865369563105 -0.49389327340316769
v 0.2356778940896988 2.4555622657327651 -0.52391897198390958
v 0.19308575595641136 2.5279455353784561 -0.51431337675118449
v -0.47223608620166779 2.1381987304925918 -0.45639189177322392
v -0.39772951172113413 2.3287856012282373 -0.39401859373903275
v 0.16270891101717949 2.4495245428979393 -0.59914876703691489
v 0.096394102360725403 2.5642102071423531 -0.53996534532594676
v 0.06550295174666812 2.25367591672366 -0.78836578765092569
v 0.0084233742942810066 2.1492994044523241 -0.88160756549835206
v 0.24252561966359615 3.5014574187756775 -0.61526619845056529
v 0.2215037939081192 3.469414813173771 -0.72390576943683627
v 0.19785891184132443 3.4586439005123548 -0.81523998267228259
v 0.050387429281175129 3.023857715650812 -0.38246594435605408
v 0.0020037443002462385 2.8995581910506485 -0.87413045826935765
v 0.05342261038088799 2.9976674238809347 -0.72412279831552506
v -0.374329235104084 2.1308843912606239 -0.61201304282712954
v -0.32961731243515013 2.2813059135913853 -0.54471425953578945
v 0.10046170622103555 1.3064750279116972 0.98659756623932293
v 0.025095782473087309 3.8857904915418624 -0.43076180102062223
v 0.26223158195924756 4.0483633960767129 -0.081283110264505659
v 0.4055697317631245 2.8010206943488121 0.098635484297990794
v 0.35970439657044406 4.0099350808258052 0.56404601160001755
v 0.33780561353076999 3.8810231014328149 -0.32953736513300236
v 0.10124125606250764 2.4953981254777906 -0.59079096132278441
v -0.31917960343742369 2.1257185500965119 -0.69726604370117196
v -0.28733875814056398 2.2461019917039868 -0.63407344844913482
v 0.11433058257423979 4.0338183957848637 -0.25086798782196218
v -0.57273259056391035 1.4441565477474758 0.71525996364321021
v -0.94418497057628636 1.4088725978417396 0.35727681015014645
v -1.0038611027569773 1.3264106176178454 0.28505753678274154
v -0.91963255598749427 1.4201280104706628 -0.40934170789963853
v -0.87341921366138453 1.4906494974149704 -0.44072391469039918
v -0.5645609070687293 1.324670094833851 -0.88126635861635205
v -0.45721284714412685 1.412920474773407 -0.94435291487979889
v -0.07798589696851968 2.499409559165704 0.91694059551291462
v 0.27624889287853244 2.569663500831127 -0.36668993426179886
v -0.3686919142259189 3.8743802759892603 0.67517024461650843
v -0.094005318651342387 1.782060351084614 0.8089242178042173
v -0.39193403654861447 1.585651750869751 0.72359382426452634
v -0.38889414990005489 1.7087675845315933 0.6653986581775666
v -0.21654752124023438 1.9295954382138252 0.66618156022930142
v -0.24924286249542235 2.0323326633796692 0.6605946116828918
v -0.15563823677464328 3.2248144276713133 0.83299265523592636
v -0.35278239239311221 1.9212371180534364 0.63289875461769118
v -0.34661288077640529 2.0855114308032991 0.635842282743454
v -0.20447467337203026 3.3005874292552466 0.81287776510071752
v -0.19481004065203666 3.1510568481287957 0.79499024342966085
v -0.48297485917254857 1.5870054237921578 0.67827193495150961
v -0.49279954716587065 1.6636022812480924 0.63150982527685162
v -0.34766926145513055 3.9913646446244471 0.84565550884516238
v -0.26319528710167112 4.0326442027163356 0.85319213221906121
v -0.39678472337794302 3.1950386747264861 0.57193351212263099
v -0.35936199406611918 3.1466996145080328 0.62125551259171963
v -0.38010094695484636 3.4074726545367837 0.62741727002531289
v -0.43402934814071659 2.8425747544295783 0.42176590249371526
v -0.40369980757927898 2.920970608016014 0.50063547030091282
v -0.5050309677610636 3.199243297366452 0.41984792010650634
v -0.83908211015946521 1.6623705056097848 -0.22244111816120149
v -0.63147610019731526 2.1971919910178186 -0.014866383649826049
v -0.57739373189544674 2.3254556363697052 -0.049582323458671571
v -0.5258144741644859 3.2675856551837921 0.33522443425607684
v -0.51502093132305138 3.3477917424440382 0.25300942850637437
v -0.85919505983948707 1.60532329135108 -0.31117864276957508
v -0.8363386119232179 1.5819584790992736 -0.40597354070663449
v -0.4442106056545973 2.5899488812536005 -0.067049080929398527
v -0.56633248299026484 1.9972040503501893 -0.44187782005310061
v -0.44450365165662764 2.0524925701904295 -0.58018630803060534
v -0.40467297792243961 2.2544639394264223 -0.45517463930702207
v -0.32800284364128113 2.0412997927918433 -0.77108195982885364
v -0.25147969632148748 2.2108691509952543 -0.72093096976661686
v -0.32912409640195966 3.8643469584822951 -0.32482972198513149
v -0.17415831928348538 2.0456867575979234 -0.90872487671566016
v -0.19526571372413637 2.120899721561432 -0.84863106534767141
v -0.13740719763531004 2.2663674007308825 -0.75448657830483579
v -0.27054239465117458 3.1872037655048366 -0.49270639992928505
v -0.29409552320731369 3.4066369253172777 -0.44288529306506091
v -0.25582253512156006 3.4172119335382583 -0.56740785943382976
v -0.25505464083116397 3.217641693720358 -0.8623238700987611
v -0.50504342324657436 1.7379362089253425 0.58846419184818277
v -0.08520814238142968 2.1518511139197347 -0.86189936533546452
v -0.17812391157604113 4.0136346258883693 -0.2393536952706703
v -0.096917920683860764 4.1851193331356047 0.4541865641736984
v -0.16803467163705826 3.7138580018284326 -0.61965865691220756
v -0.47763963815447263 3.1161145366993637 0.41068776174732613
v -0.44350709666681287 3.0044064380733966 0.3138721036140919
v -0.36882712977252008 2.8491496776392222 0.062701255257487293
v -0.31391341704946757 3.9093262582874724 0.80183611107814312
v 0.099494753178834924 3.4090641504092218 0.99247489362692842
v -0.19169086599636079 3.2273082366856634 -1.1253464397488533
v 0.58683844586372369 1.824917018034935 0.46664363618278504
v 0.61628355178928373 1.7372666941442487 0.47911167660045623
v 0.58226843638277048 1.9894279177260399 0.42377505149078371
v -0.26509104188919064 2.1067283481178283 -0.80897017758560175
v 0.76364249615287783 1.0058608867530823 0.61730373154449469
v 0.097820605974340433 2.3516516254005433 0.81258014267822509
v 0.14026686541875205 2.3136175353012089 0.69741534602864586
v 0.15228647864818573 2.5069407235552923 0.70235583143942693
v 0.13491348246240617 2.396118101797104 0.71784527407455445
v 0.40168716807222365 2.2661347827212808 0.60191112203001973
v 0.38560078323411939 2.4318502825331687 0.58880516127061855
v -0.69339289453792574 1.3244497375335693 -0.77492478837966927
v -0.75535785710144043 1.3742482026548386 -0.69821521307468415
v 0.46596973180961609 2.2832024962863922 0.5154670966243744
v 0.45056130713272091 2.4405065996093751 0.49591814763832093
v 0.82352293147277833 1.5985747399234773 0.35307682661294937
v 0.78480452034950254 1.6834152672319411 0.31159757658672338
v 0.55592269795131688 2.259651555009365 0.40419578264331818
v 0.51480414536190033 2.4386082347135543 0.41418243959903717
v -0.86560251387500764 1.2778909954752922 0.59032251666736602
v -0.84081502590560919 1.3595989340562822 0.56615562779045114
v 0.51922655843687071 3.5313127674322131 0.42776183739280704
v 0.4745005710983991 3.1172540655140879 0.18540678677301409
v 0.47672811944794652 3.241895880579472 0.13198252315878869
v 0.312865718553475 4.0247541861259553 0.19793306665640217
v 0.67122755899357789 1.5764244137704373 -0.67498462775540347
v 0.59436068847227097 1.5848759203543663 -0.7675974942770003
v 0.29774910173392294 2.6864540227811338 -0.22733630585265158
v 0.24794772773766521 2.6767772143280508 -0.32045096325969702
v 0.025963672564506532 2.6491059385075575 -0.48639356577682491
v 0.08298417511522771 2.7131669533668754 -0.4173496375786066
v 0.25388067968484757 3.1720580595532657 -0.74644196591758727
v 0.22928228415721655 3.2789359517230396 -0.79468651340466745
v 1.2778529219613075 0.20499249438738823 0.10800934426879882
v 1.2863848016343116 0.25374428623342515 -0.072882439633846274
v 0.24073416600002562 3.1410765631904942 -0.52848010323039118
v 0.18300703253245354 3.0789649123015401 -0.4122291787085533
v 0.16601751495490755 3.0810653983447209 -0.51942956332656309
v 0.19616351747012989 2.957128152815836 -0.1825145282023975
v -0.3512257675113678 2.2112178655362129 0.63782670811080933
v -0.0015286595928668979 4.3718086153519149 0.041919548972606663
v -0.10114953641851247 3.7602372684382646 0.95969332934746143
v 1.1700068738433838 -0.032720895246887205 0.29519298471984867
v 1.1002997609596252 -0.030607786823272705 0.501557479763031
v 1.2090594225387572 -0.037280183303833009 0.017667166938781738
v 1.2097928791366577 -0.032885579656982425 -0.1223460800430298
v -0.92231865309143068 -0.024783425506591794 -0.79207205322265628
v -1.0231067246173859 -0.0012804936641693113 -0.74523866455478671
v 0.52094303639221196 -0.030605238101959229 1.0916287339172364
v 0.77182857001543059 0.0098043150391578689 1.0228329390262605
v 1.2925484266063689 0.033260330958461759 0.1040737783528328
v 1.2947101034097672 0.036251008458137515 -0.022062967422485348
v -0.098695626260375965 0.09930910721473693 -1.2891500251264572
v -0.303259301738739 0.084450766263961793 -1.2647556803092956
v -0.98679695394325262 0.055791325059890748 -0.84946501784801487
v -1.0457304942283632 0.084450769659042357 -0.77375119579505924
v -0.28080716142654416 0.11127787044453621 1.2616686669774055
v -0.15599463436222077 0.077562278235435489 1.2916511649045943
v 0.54498820780091295 0.10349897823355197 1.1672955566020489
v 0.71030485644340513 0.077562001430511479 1.0899067238445284
v 0.71080551457774632 0.19379681495362519 -1.0669276902085543
v 0.53779608718776695 0.16734401429700854 -1.1562218728027345
v -0.30598101104688641 0.15517074177789691 -1.2351200758104326
v -1.0020466159460546 0.20445224902415277 0.80289003320121766
v -0.94476413858604424 0.19180262204027176 0.86569892491674416
v -0.16508951222586632 0.17337165268158911 1.2648083050334455
v 1.2307759524434805 0.19379672951221466 -0.36026183432358505
v 1.1950937809810638 0.19485079142379763 -0.46493842899227145
v 0.61618668585109715 0.19485083722114563 -1.1241785398874282
v -1.2832412844469547 0.20445265653157235 -0.028898272379398345
v -1.2797327113757133 0.19180266745519639 0.056036289552688592
v 1.2060183690366746 0.31070224419860842 0.36817461003322605
v 1.1394945998865367 0.31169924272906779 0.52857909411895276
v 1.1853124619617461 0.26519127718925473 -0.49590954447078706
v -0.89060563364553458 0.26668590672206877 -0.92164415137958522
v -1.0287269741377829 0.2620960807561874 -0.77273771246242529
v -1.2821771943292617 0.27051332911968234 -0.080809470745086667
v 0.53359740419530877 0.31169929960203169 1.1375222835158108
v 0.73462824854373932 0.23743110811805726 1.0593945914039611
v 1.2534442258856298 0.31620682350564 0.058994989616632458
v -0.18851127691078187 0.28823811362314222 -1.2584170444321634
v -0.24390947601127624 0.3496112775592804 -1.191616181159973
v -0.9349871083092689 0.30937573909020422 -0.837543983071804
v -0.95325225158691407 0.34960454383850098 -0.75587443471527105
v -0.33447631216955187 0.32056910165381436 1.2039951560657025
v -0.21573844954538346 0.2808326168398857 1.261024996208191
v 0.64485421934080123 0.28083276270961766 1.1048521860551832
v 0.26368532154900687 0.39404780691187724 -1.128651023653984
v -0.21123511557320185 0.42366021363748829 -1.1007862792004177
v -1.0403315625858307 0.47136631866359713 -0.23249235531520845
v -1.0925499021923883 0.4480742660978862 -0.010574473152841841
v -0.52961473517131807 0.33332547762203218 1.1171159898719787
v -0.61662281108215877 0.38393008066054757 0.99887543869440898
v -0.27969463289451602 0.38808067006301883 1.1336296912708284
v -0.14096474797412328 0.41029092455482485 1.1311843487807685
v 0.16789148199462892 0.59874602507400509 -0.95050870979309088
v -0.071133350157737738 0.58074803836917877 -0.97276954542207716
v -0.89899731801986693 0.50585905373001094 -0.51315368824768059
v -0.99827032465308052 0.48256010983167374 -0.34722850969096591
v -1.038341813293457 0.49645265382385251 -0.092237920448303229
v 0.34692148976135251 0.72919342391586306 -0.8461584876365662
v 0.14716137552070618 0.67448750744247443 -0.91791056925582881
v -0.098439166087150559 0.78075216901969902 -0.90454657910060876
v 0.80302052486310682 0.91472243797302233 -0.47222058906555175
v 0.69402603750228886 0.87243990840530394 -0.59866444087982174
v 0.5382945811157227 0.93785984980392456 -0.77075873960495001
v 0.41362407798767092 0.96619771728324899 0.86418397971534733
v 0.26535273311042784 0.99050602909278873 0.93620299232673643
v 1.0753783370375634 1.1662934622147083 0.062785312659025191
v 1.0385822858766649 1.1599872424213187 -0.2674275542151055
v 0.97374519768917556 1.2021542410585284 -0.45874210084766148
v -0.9814728561404944 1.1546957828428743 -0.42533054069638254
v 0.49275126096098765 1.0177430906821661 0.86083510121073026
v 0.45271173846721646 1.0731571746320725 0.92624228777790063
v 0.65580020286015095 1.0552516051592145 0.77865259672301157
v 0.83444003702246294 1.125761507253928 0.64889466965250453
v 0.60006827543138608 1.2116482545930702 -0.87876704836076924
v 0.51273176456785197 2.3313389347348217 0.44204124147295953
v 0.74557313492384547 1.09429765340662 0.72650407753878832
v 0.76579965778947479 1.1995613611102938 0.74631260501244068
v 0.3541930842021942 1.298948479075241 0.93040371237678521
v 0.28004704912147521 1.3390133224227905 0.92436285853576661
v 0.87466907341194156 1.5116848733558654 0.37668974434471131
v 0.92540102112388611 1.4915025086197851 0.27521067696189883
v 0.66872920599365226 1.3645837373580934 -0.78569816042137142
v 0.61377477662277224 1.4143718700170518 -0.82532059286594395
v 0.5530475290756226 1.4924840654474498 -0.85852084761631486
v -0.022635035348027945 3.9515891032937467 1.0045734250306784
v 0.09645588787031173 1.8522693268008232 0.87291874668955804
v -0.46976208833777905 3.3866745352426766 0.50508022074615955
v -0.50678423602461808 2.5497856128418448 0.097833267472982405
v 0.09934829887866975 2.2710308927898408 0.75964701083183295
v -0.49296413682556151 2.5539899168395994 0.0042577530765533474
v -0.83629505038681029 1.4946480761020662 -0.51410904020767212
v -0.7966861539459229 1.5792400774545672 -0.48906413528347015
v -0.37312274101519582 2.604011217544079 -0.1664636306321621
v -0.39945411694598199 2.441795466511965 -0.28115967684412002
v -0.37196142814064026 2.5187173637084963 -0.24931134002494809
v -0.30814191946983338 2.4589748971714975 -0.41755390773272516
v -0.32930578318119053 2.5085248399477007 -0.33432987093448641
v -0.28486049820852277 2.5813765452804565 -0.34202835664129261
v -0.25748471489953995 2.4259327655534744 -0.51970236096954348
v -0.21341098959875107 2.5192641828724147 -0.49611458566939831
v -0.18703518134152891 2.459933778744817 -0.57459682455229766
v -0.10935429473304747 2.5123407730267049 -0.57485439389753346
v -0.23975907944667341 3.2898283675514461 -0.91845779752266399
v -0.45820986182594298 2.0498285004405976 0.5599113103790283
v -0.070874106653792512 4.043176703006881 -0.29513790172854493
v -0.57571152717590324 1.8156839634304047 0.48635645767593383
v 0.40920798232412336 2.8807812285267111 0.1905573549938202
v -0.4134154310054779 2.7472895461854936 0.050660351496696468
v -0.40396827096080778 2.8670347653331758 0.15505830771398546
v -0.43946623760365761 3.1310268305680289 0.48030177146796499
v -0.58399616219019879 1.8907562508215905 0.44704447568011285
v -0.56940704341125481 1.999696350326061 0.43838840227842335
v 0.098312496957242493 4.1319346214532855 0.48233425939682123
v 0.19818356069064141 4.0632237213375575 0.19563528235805033
v 0.095418438418388374 2.0527247903184889 0.83335089813804619
v -0.038896208602300711 3.9262724609706487 -0.37288399855132615
v 0.33335216004306079 2.7920850465155245 -0.055841806485235686
v 0.36023608030939103 2.8193807612957951 0.024566289483070373
v 0.28078876949180875 3.0654030129269705 -0.12580795477577617
v 0.36333628796168738 3.9396882044842583 0.78833620956046246
v 0.2865873394880295 2.8143545379829407 -0.15010628632736206
v 0.10116988927149773 3.3336863774006025 0.94404347672660005
v 0.47779266049793784 3.9319986963791846 0.1209879659030097
v 0.31015566615206852 2.8866147699915681 -0.040876666348763878
v 0.45762740157747273 3.5837577635767461 0.48346840584659578
v 0.36562389367136949 4.0594431070961949 0.75483927930884365
v 0.64006164029884327 0.78241630487442015 -0.64520748264122008
v -0.075950286608040332 4.1533755791684985 -0.31724419658362868
v -0.72766271501445778 1.4413514912815093 0.61346195521736158
v -0.91105912815713874 1.3532136370415688 0.46982121478796002
v -0.90480548270416261 1.420844684791565 0.42479965789604185
v -0.13613868851184846 2.264691646517754 0.7022054872756005
v -0.22537168018722536 2.3335676504540444 0.67732781135272979
v -0.23000993829536437 2.4734554758095744 0.67928471784257882
v -0.11441716159772874 3.3107158973449469 0.88734162548840056
v -0.46082108017630585 1.9321029794798852 0.57043790372600556
v -0.4223569995059967 2.1187747548427582 0.5952937928371429
v -0.30585483950257303 2.3030107225205896 0.6573458013858795
v -0.30287156252527236 2.3990296979780199 0.65641950676059724
v -0.58924143029594411 1.5837580497093202 0.61088490693473818
v -0.58908759503555297 1.6647385254001619 0.55767713696670529
v -0.39988475052690509 2.7081715217599864 -0.022126336967468262
v -0.66243443799495694 1.5326336778955461 0.59065829626846322
v -0.66313864406681056 1.6244778914241791 0.51520915880584717
v -0.52242467119741454 1.9851361799516676 0.50029732831954954
v 0.25211335586738587 2.7836793870267869 -0.23887952926540376
v 0.17914578556346894 2.7158736924443243 -0.3691733312973976
v -0.31165364364743237 2.6163078953330516 -0.26257417587089538
v -0.4259572030528716 3.670571032925821 -0.12620413447348092
v -0.380707584862709 3.9047285274980066 -0.22447584133136272
v -0.098332292387076803 4.1578705424407891 -0.17591216071912219
v -0.10764363355044523 3.044401458873808 0.85235051931991179
v -0.88730523885160684 1.2281703314011692 -0.60052654517984383
v -0.10329484400268962 2.4228177805458819 -0.6448981986471245
v 0.1004966124010086 2.5050375026961733 0.77516342092732016
v 0.26162348172998429 4.125355933009148 0.74897209000444409
v 0.30395110580301282 4.1123337594401832 0.67895223729133614
v -0.035569135871768 3.6058642359851598 -0.84382913253188141
v 0.46565252195644374 3.0486183263912201 0.28145812184214591
v 0.40232215115213393 3.0171170117003916 0.057966217485904692
v 0.37074456850927218 3.8647149208068847 0.6253389101292065
v 0.1017817637205124 2.9163023385140896 -0.25098145397591592
v 0.42359893162972584 3.9313178364549364 0.24969188500411171
v 0.36425353687691686 2.6509258816671371 0.55646540765142438
v 0.25618087478196616 3.1417331945520637 -0.42545130786955354
v 0.15143114184439183 3.1983472958168728 -1.1773244770552942
v 0.19337869932752849 3.2534211185920237 -1.1042168801005483
v 0.10505388366055489 4.2419245410087107 -0.2494852727057934
v 0.098697845555782315 4.1306654687395099 -0.21964585481119159
v 0.098291272232055665 0.7483418129920959 -0.90559410490798953
v -0.77590220876598348 1.3029145893573761 0.67204835408115382
v -0.66893924271965033 1.390979612991333 0.69109942878055586
v -0.78295910700702664 1.3689576677017212 0.62135984943580636
v -0.8106264847917557 1.5055448931016921 0.47717543097686765
v -0.83310665326595301 1.2914214224581717 -0.64561576187849046
v -0.81470343858337391 1.3699110104312897 -0.6346780649871826
v -0.6934921686124802 1.4894573062677385 -0.71093202347373963
v 0.45624644809937476 2.6080917226753231 0.44568136865651609
v -0.14581079805755615 2.3659801322441099 0.69764517802047732
v -0.15429588534164429 2.4893422864236832 0.69834060844802859
v -0.10412010303708485 2.4611367892744882 0.75386383065618789
v -0.13411394220411776 3.5380257945556641 0.87789257303595547
v -0.40821625832176212 2.2934056963958742 0.59152586326408385
v -0.39426826788949965 2.4097910358781816 0.58467363149929041
v -0.73709769245338441 1.5735131226558687 0.49282150122642521
v -0.65555209993648522 1.7283211077346803 0.43793974729633334
v -0.50742520890903475 2.1231539554491041 0.49395867065525062
v -0.46001769437861445 2.3496220022168157 0.50686322288274765
v -0.73530455543899542 1.6927190041236877 0.36583774510955813
v -0.52794089691686619 2.2991965717377658 0.43044891346502301
v -0.52946882267117501 2.4059349515240189 0.40375365000295638
v -0.36994625050044061 3.5817711858894823 0.62882776197755341
v -0.38802427499239789 3.6444119105858119 0.53657064313840863
v 0.67109318381023408 0.95134497701263432 -0.66953402322578426
v -0.53753462285280218 3.5804449499616622 0.31955065488100054
v -0.4576219699976104 3.1392608106434006 0.1081275904917717
v -0.48822679001811575 3.4782699627103466 0.11169648790069987
v -0.74058736915993695 1.5608082157766818 -0.5949511309866905
v -0.72685144225059228 1.6631505781361033 -0.51284930061067846
v -0.2457963863052845 3.2950541150779249 -0.64885794149184228
v -0.099224127191424372 4.2462653685514926 -0.0036297619987726189
v -0.097451055798649794 4.1902466551311024 -0.074508652727246272
v -0.092592051444768897 4.1732569985823629 0.10299212180304528
v -0.098726609336376198 4.165671814355612 0.60052483395302292
v -0.26880815747087 3.8147894459398746 -0.41225213178920744
v -0.429624405194521 2.7692201689989568 0.13541731692028047
v -0.4239756213233471 2.837152387566328 0.23024481802845001
v -0.32476169335353378 2.7830878629679678 -0.082014392696499822
v -0.2904722128099203 2.7650260027320384 -0.17848573566484449
v -0.32578032246780397 2.8467082395910879 -0.027827475703580039
v -0.26049144789814949 2.7187212080338004 -0.27056834383106232
v -0.18140624051809309 2.7651623548526758 -0.32693542936134334
v -1.1378426229591367 -0.024783476119995117 -0.42880506188583378
v -1.2165392332464218 -0.0012802434007644654 -0.35032325369415279
v 1.0748702423783303 0.0098045214543342595 0.69721672171678539
v 0.8626438205451965 -0.030605618618011473 0.8476709766273498
v 1.1673568628631354 0.10349906556630134 0.54406548906772145
v 1.2442487913942337 0.07756123521614075 0.37851961411571505
v -0.55872023236980439 0.080944112648010255 -1.1743205646539687
v -1.2180619965324402 0.055791342046737663 -0.46068340622901915
v 0.18626129819726944 0.13697434557580951 1.2657621763296127
v 0.32044854370766873 0.13138517759793997 1.2389543448590636
v 0.24286433553409578 0.20115678902816772 -1.2602892556183338
v -0.72522947471714017 0.18448982182741167 -1.0550719878785608
v 1.0557941194858551 0.24465864040565491 -0.74351025469779974
v 0.98444199107289321 0.2508755546762943 -0.82898731475520138
v -1.1813641827688217 0.26568289117848876 0.50351945034682755
v 1.0311817840185167 0.28716681925153731 0.75602744671463973
v 0.90417348641347883 0.30978642607426643 0.87694504819321628
v -0.49620780949249266 0.34146835011768351 -1.1207275381496431
v -1.1492873827123642 0.31451257294082635 -0.50571355140209207
v 0.79197645322704313 0.27200163545513151 1.0085110956025123
v -0.40479805049324036 0.39684000205039982 -1.0839166508989333
v -0.96005341230773933 0.48392223019790648 0.43571616388511664
v -0.9255060831451416 0.43592165520858761 0.60709922464942934
v 1.0415296157308072 1.2192975663426906 0.26784650267869237
v -0.55599330070495601 0.56639294288635256 -0.81615327005004867
v -0.68094329543113719 0.65433913786411291 -0.64277245673274996
v -0.7546312428550721 0.56753611935424808 0.6338683458328247
v -0.33795919582748413 0.65523956882667544 -0.87552124009513865
v -0.49810423242950441 0.65832457756233209 -0.7922067464160919
v -0.66587878869628903 0.76952886952781685 -0.62044012829399109
v 0.37781735747582568 0.9233977708053589 -0.85394415132195611
v 0.073071681764602658 0.84042743673706055 -0.9067366155071257
v -0.035762430498123172 0.90089739588356021 -0.9236656638355254
v 0.94551813701438914 1.0627470020418168 -0.38410630957508091
v 0.99547940020179748 1.0581334298028946 -0.20565159909820557
v 0.87290252296393267 1.0505526408538821 -0.5156150460300446
v 0.91095429718282817 1.129112542197749 -0.54479740401999655
v 0.79875685166713173 0.99451979625320441 -0.55579973910141001
v 0.77152387438869485 1.0765803234624862 -0.68370967372322089
v -1.0722973869542123 1.1770544240587029 -0.1092801137734277
v 0.45729727200627329 1.194803742352414 -0.96222388359860189
v -0.73294846473057274 1.2434001675160884 0.75234515149531367
v 0.87950006859176932 1.1900298546137129 0.61866610159423097
v 0.96254980458377437 1.2165003017979348 0.48569329506213321
v 0.46838919906234744 1.2954776250171662 0.89024453709888451
v 0.44206485623931879 1.3597939740104676 0.85405401949691773
v 0.55466386498451237 1.2787397432794569 0.85636698573780068
v 0.51303925443826393 1.3660167081245695 0.81078580052334925
v 0.95718807399845129 1.47120067258358 0.18908890634918213
v 0.59971402464842805 1.3102010266859532 -0.85538624894475934
v 0.53403542955493932 1.2593661543908119 -0.90729587622404095
v 0.46284054784393308 1.5239081446199418 -0.92668744224929811
v 0.093017465647208697 2.1354254140742901 0.88838951163867108
v 0.0048953179613351813 2.1965659061759713 0.92416128042542933
v 0.91714892884635923 0.071821812625408182 0.92038518837199212
v 1.0434059134578706 0.065885545977592469 0.78352233475780475
v 0.35134914204846107 3.7744834219467811 0.66676812951782771
v 0.16553217424583436 2.6624584947583507 0.69832160418101719
v 0.23418628077375891 2.7288667569085359 0.67728479197108749
v 0.8637713709306718 1.5939995062904357 0.28249223293590542
v 0.82022028606796271 1.6992921570882797 0.21861160012531278
v 0.88373606401515004 1.5951610788338184 0.18735011507749558
v 0.84309439083242421 1.6718768936905861 0.11773613251447676
v 0.77103722783541673 1.8104574353880882 0.0030013879609108018
v 0.70214187328338618 2.000978039625168 0.014488787454605103
v 0.5335340346388816 3.6454694126849176 0.33693408140134806
v 0.53614406502509115 3.7020559615817072 0.25352197316384317
v 0.49954711324572565 3.794022754589081 0.30772221954488754
v 0.71811472418403621 1.9484561856060028 -0.095659653392791755
v 0.49980445005226137 3.2030858369293216 0.23760550161933899
v 0.48119247256548064 3.4561531771816441 0.090794051290273681
v 0.5306840569210054 3.6532644231481557 0.19300575739765169
v 0.43545782200637884 3.1336616167412146 0.031959040661079539
v 0.38672414679265021 3.1579592606179712 -0.083794063636302943
v 0.52620270808744429 1.568136536921978 -0.8547073127703666
v 0.34850346800851822 3.2416993684878346 -0.22500159926319124
v 0.47074838598346702 1.6371060560545923 -0.88360331016826632
v 0.28317349181616303 3.1370054013901951 -0.20750956157636641
v 0.30685726765346522 3.211054572645426 -0.32605401064991951
v 0.34612982469999787 3.305237660912514 -0.30274313117825979
v 0.30228445233970025 3.2877033184670719 -0.42347350209077772
v 0.23832430184760095 3.2991161085305931 -0.94039503764176369
v 0.14206243692940473 3.0305596582113803 -0.68767871265393499
v 0.22800397748661042 3.1024159822940831 -0.27143254005861284
v 0.098320675685882569 4.2868441153501271 0.41486027723836905
v -0.10224265336608887 2.0898670165538791 0.74624892379188545
v -0.09506045793056489 2.0735761668920514 0.85237201322364808
v -0.099048247166633602 4.1133621824350355 0.6680641172308921
v -0.24022516123506427 3.1763802519284488 -1.0503160538791418
v -0.096577966800212869 2.3183578513369558 0.83106923108720776
v 0.9484892548503876 0.35044786405658723 0.76105716963863368
v -0.2243039263981581 3.7216942897100447 -0.51892713157343862
v -0.2242398698108673 3.7871225015941619 -0.47407918695783613
v 0.31618710239601133 2.6680278605251311 0.62268472656249996
v 1.2889754986104964 0.10023904848098755 -0.11253512534427643
v 0.099608681461334225 2.6709790887617384 0.7943760623959133
v 0.098410628363881786 2.6341748865676609 0.87144977299349646
v -0.73186976482981447 1.9123190877034069 -0.050289187701523304
v -0.7104563543014526 1.9798553002324104 0.028443390322208405
v -0.52338721426718571 3.6895059679521154 0.34442154018824439
v -0.52523957619357109 3.7583208740537168 0.27023398457098008
v -0.28682271022558214 2.5854720149728059 0.65765897418916219
v -0.27731102070951463 2.7265985155785084 0.65298188133835788
v -0.49291021852207184 3.2774199347460273 0.18419907053542139
v -0.48049073353872296 3.1236431735868453 0.21106926668272019
v -0.50703404592895507 3.5312420707201957 0.16453886258840561
v -0.53473023938560482 3.7235162490665914 0.19488637234115599
v -0.4400878742160797 3.2232744536437989 -0.0034121235456466663
v -0.42102166858530043 3.142901580816269 -0.020644116267681117
v -0.47262546562528607 3.403994019706249 0.072448727498531346
v -0.64200512949466704 1.6315071308393478 -0.66783306194210046
v -0.42741956794118885 3.4323492398033144 -0.12935631101274489
v -0.6255346378912926 1.4847155234317779 -0.78896976900243754
v -0.54435771359968177 1.6504358358721734 -0.78615625122356414
v -0.40783203233718873 3.2372478193278313 -0.088499537220001229
v -0.35808653622531889 3.2146272739944459 -0.16749750922584533
v -0.37471824513900276 3.4418411964606048 -0.27152297677910331
v -0.36032948864746095 3.3428979577922826 -0.2866346195611954
v -0.31291776073813438 3.2200018264062402 -0.32069097098779675
v -0.10018794480781557 1.6557763479494094 -1.0706002791028975
v -0.012687892461776731 1.8013342864246367 -1.0430635564727782
v -0.01263980635499954 1.8820279445910453 -1.0179279577393532
v 0.0021580978751182551 2.4953391736559869 -0.61311635223436345
v 0.43243775270020957 3.7585186843243839 0.449092972640872
v -0.22273718534822123 3.6212319823355337 -0.60351042961708146
v -0.38714943015003206 2.6730047988982202 0.51811318201780321
v -0.33371796027565004 2.6559274519643781 0.60231158501863491
v -0.29808047708071983 4.0419780561453411 -0.10449301943666595
v -0.29564955287170414 4.1105307766065593 0.71086691824603077
v -0.28780405026614664 4.0164497299143553 -0.21474037083828448
v -0.3454851351562841 4.1049644201648032 0.8044451592846189
v -0.34924911653164459 3.7685442798430664 0.66362185998380196
v 0.099916418062210077 4.1889706841697691 0.40002302406883239
v 0.098520778770446779 4.1653767269434923 0.57572652797937396
v 0.32794501514577867 2.8652263260369306 0.59704392175149923
v 0.15693091680952909 3.647609238280654 -0.71068054653719059
v 0.12764689102554322 3.6037317724179028 -0.80466696571898466
v 0.21993790623629092 3.7473378553420309 -0.50863221867328878
v 0.25384277512409686 3.8430695911601545 -0.40930179032785885
v -0.65671297645227911 1.3139372140786887 0.75655067311229707
v -0.58375420953600743 1.3694843168988911 0.76201192932551254
v -0.95767674540301728 1.3451724519304549 -0.3958719489592144
v -0.56309084548473354 1.480873764717102 -0.85400952773094185
v -0.21041386918306348 2.6735957325780388 0.68469162461948396
v -0.18568750542533397 3.6595045822816834 0.83984553428188402
v -0.10991832502117156 3.8245803762612347 0.8562711968134642
v -0.80639869615459436 1.5648271071138382 0.413715871799469
v -0.80033046691322318 1.6212512342128753 0.35696699511528013
v -0.4388977769460678 2.6894530890090462 0.44855703416442871
v -0.80455504687166224 1.6788842155523303 0.28982493811178206
v 0.11705848367881774 2.7261931072127816 0.73916622406697274
v 0.27377663337993619 2.866113694548607 0.66825695598411561
v 0.32126256634569167 2.9440801088044646 0.62598044207811365
v 0.41694658740496637 2.8315909527871606 0.47060574883115291
v 0.69573036017799383 1.8246918183624745 0.32502401362657546
v 0.70355474092340464 1.9491100167112352 0.27068958947658539
v 0.89277798760700222 1.5955535673823358 0.04833715361356735
v 0.84767736641216285 1.6617952054138183 -0.0052989671297073368
v 0.62668453773880017 2.2250602610692978 0.10723544991588593
v 0.60176431299018862 2.2969074211134908 0.13454636674118042
v 0.4558930838984081 3.6701854333922519 0.45265591190406251
v 0.50316670127977636 3.7089913733280047 0.37806180443695614
v 0.63996916091346745 2.1747334821267126 -0.007793279945373534
v 0.56343264789676661 2.3860269117307662 0.01941433849430084
v 0.49382161343818048 3.6076356412338186 0.024565507851481434
v 0.51520148733408111 3.6921643553831913 0.036012357998916084
v 0.45873636260223383 3.449014898923874 -0.0015125509738922113
v 0.44756144563722611 3.3727321440224647 -0.024336249940872193
v 0.42924792065072059 3.4231492281627656 -0.11787171029305457
v 0.38726567803663015 3.4217489763643743 -0.24264021313363313
v 0.3495069330115318 3.4481347084751128 -0.32489499201229644
v 0.31606267707729341 1.5702304270954133 -1.0289809330568314
v 0.37124952950572965 1.6525948984889984 -0.98873440294742587
v 0.25487279104971888 3.3458200938618186 -0.58940722409236435
v 0.26522643008185115 3.4107762979134391 -0.52642833852217541
v 0.11983879049384594 2.9108862313101289 -0.83364429326164724
v 0.098466094963073736 4.2723763806943893 0.035802873641014102
v 0.093202768582105633 4.1790808859639172 0.073501229476928706
v 0.097390402586340907 4.2897294425290822 0.29517202920299768
v 0.096342226796030994 4.1783930098375084 0.27607786694711445
v 1.160443408265686 -0.032408727095031738 -0.37483447816009524
v 1.1732122567806242 -0.007260097259521486 -0.4704637189407348
v -1.2227176341056825 -0.022779156185150144 -0.037738649997711177
v -1.212543090499115 -0.027315267926025392 0.08850072197036743
v 1.2487109711784363 0.043268838313007353 -0.35772944539098739
v 1.2166737578947544 0.10168011803078651 -0.43431852536273008
v -0.90470493910169614 0.099309082431411733 -0.92392726004600534
v -1.2866430418046475 0.066359750572490689 -0.19222935786900519
v -1.2975124680051804 0.05159029717731476 -0.041060954590797422
v -1.2993864351310729 0.084890220132827751 0.048750394939422612
v 1.278998699544668 0.1338404035189748 -0.012952600903987879
v -0.12147449330735206 0.17360489946508406 -1.2660336181347369
v -1.0287662575192451 0.15517066624736786 -0.74929935487699506
v 0.68608545740532878 0.17337148503899574 1.0751930535516738
v 1.2082577686958311 0.29725564194011689 -0.38967094359016419
v 0.57669000763249401 0.28161974549889562 -1.1374818676831722
v -1.0580252187273502 0.26211672620368009 0.73062447805690778
v 1.1383081918827058 0.32849246755294803 -0.4927591230233192
v -1.2724898694812299 0.28482972441143989 0.097852487882804873
v 1.164137359312875 0.37786371715829031 0.20916652361559185
v -0.50500797468457903 0.40091979480879647 -1.034538133752414
v -0.85638964980506915 0.38775516125106813 -0.79215219506645207
v -0.91346499547277182 0.41283709443637306 -0.67452744238417495
v -0.47945698007202142 0.47601601548767092 0.94853726661300652
v -0.26243431100463865 0.4717937833595276 1.0326584124412537
v 0.45180138720703122 0.38616472748565678 1.07859937052536
v 0.63026526812580652 0.40417653543894633 0.95916589484378278
v -0.91492044532394401 0.58028564613723754 -0.35049560747337338
v -0.96313507672691356 0.60245306349945071 -0.020006799741744987
v -0.62371782196044923 0.53219449666976926 0.79937536085891725
v -0.29923230390739441 0.51957953748321528 0.97621592700004589
v -0.76718895264434817 0.74327701642608646 -0.49328890499114991
v -0.89137181659698483 0.66905641001129146 -0.27226065105819702
v -0.91114029442596445 0.72465487420082098 -0.079665258724212637
v -0.28824990374374393 0.87476753634643556 -0.87300702405548103
v -0.34901901349639897 0.92198839018249501 -0.8657278289489746
v -0.55382335696411134 0.8267191056404114 -0.72202222176742548
v -0.70378893465042114 0.87960386528778078 -0.59198254903411862
v 0.85311257672128082 1.1512523305530102 -0.64567845695894954
v 0.17354641726684569 1.0166362330131531 -0.97433051624298084
v 0.17408056610870359 1.1011580133666992 -1.0337927641792297
v -1.0232765512987294 1.1487328378558792 0.31320922045201949
v 1.0694215763691663 1.2501366588393452 0.095855375790119157
v 1.192497892455646 0.3652114185340064 0.11658950060503823
v 1.2048719450464249 0.35876838765335084 -0.032353739911079399
v -0.9992511038162708 1.2554956113095284 -0.37806449067759512
v 1.0135590021085736 1.2646069532222748 0.33561439912986757
v 0.1105593180798122 1.4467723093248095 0.92534442470972877
v 0.25906151509094233 1.4672119098281859 0.8429796026420594
v 0.62179699477186201 1.292927753907299 0.8009949624501228
v 0.56066738046210163 1.4057534109418051 0.75100909140614103
v 0.71191096365394602 1.283934497287369 0.74286137872133251
v 0.66245481889629376 1.3564415201730728 0.72385901843261724
v 1.031619758813858 1.3285161176332474 0.16850264581680299
v 1.0042603350710868 1.352808369454384 0.2445095866932869
v 0.95311546040439599 1.5029319970197677 0.067555087382316595
v 0.43149650036525722 1.3974759352312089 -0.9587008874101639
v 0.36031077351641655 1.3514534783007619 -0.99144060725512495
v 0.28472261641931529 1.4797042429890632 -1.0381397246079445
v 0.22193667928612232 2.9391321820745464 -0.91926579007321596
v 0.17804883532373905 1.5083144151950121 0.84391253710544112
v 0.16647154483451843 1.6954556187371255 0.73707977532777791
v 0.097533147154808042 4.1933826871626376 -0.13529303824090957
v 0.34119403704929352 0.38226132695579529 1.1234882557144164
v 0.16925343523849762 0.38393292010593416 1.1617190595365252
v -0.48337265138244628 0.76139288441848763 -0.77132443083190916
v 0.14723494394016268 0.90254142529010772 -0.91300356374454494
v -0.10292670839854648 0.98548116729954316 -0.96415490279006955
v 0.49598808069031586 1.0050072841925621 -0.84467507387297491
v 0.58894649761962892 1.1306007928237918 -0.8811308417053223
v 0.098225601898193363 4.2191613211126331 -0.043918848903656008
v -0.098279964041709897 2.5423734734230043 0.83415128031826025
v -0.10583348685012545 4.2569475145694184 -0.26706822357504711
v 0.33424562373638156 1.1941460260642052 -1.0148165403407574
v 0.27612569368124007 1.24546640296278 -1.0179237610849858
v -0.47595605665765489 3.7199358741452353 0.41464171058831895
v -0.10031776397330421 2.6554403582796366 0.77660271737595965
v -0.86901872150993342 1.5883953262186052 0.27502990957117079
v -0.84416395978355407 1.6630115130348204 0.19552719725990295
v 0.099998042679922919 2.8865501496560233 0.91905306741224013
v 0.96961939490890503 0.37698985105133054 0.67497547060775753
v 0.86209357288714816 0.38494206107575546 0.79588338544109893
v -0.29693989049662861 3.0787305045392515 -0.12438367840147019
v 0.78548865620790198 0.38541642702177592 0.87123178815759927
v -0.31867598937129982 2.8883646124763485 0.61412872424983977
v -0.28028523843646047 2.9483307163791657 0.67512003176939483
v -0.36746254420232771 2.8431177616438861 0.54053351638221747
v -0.35517891821122172 2.9632126396375891 0.58659772052407266
v 0.29105200452375413 3.2181306762361523 0.7186932127964496
v -0.87115216288089747 0.86266747950839995 -0.28338854043769834
v -0.90603029216766351 0.80065920537185664 -0.074300725223541253
v 0.3213001840276718 3.1427207079830168 0.67112582512521746
v 0.35402086084675788 3.2217360133008954 0.63836496928405762
v -0.51803355575561527 0.98351738657760623 -0.81761037867736808
v -0.69210121554279325 1.005076347940445 -0.69931308070755005
v -0.096673309209823602 4.2424527568531039 0.273333290160656
v -0.093448411709308621 4.1622370243473057 0.2737035624499321
v 1.0137286923217774 -0.025395657763671874 -0.70183416174011226
v 0.94130924271869665 -0.007260038933753969 -0.84330465108394637
v -1.1621275585937501 -0.022779261554718017 0.38277945333862307
v -1.1093899898826598 -0.027315165103912353 0.49792522702789316
v 1.031217334558487 0.024674990167617799 -0.78481017160606381
v 0.74701412275481227 1.8832614761499169 0.14154353224873545
v 0.71002165255069738 1.9861855093393328 0.10029107472276688
v -1.1832954629728316 0.080944112576293942 -0.54026763440380088
v -1.2875170857572555 0.057387886961460105 0.20777918124485015
v -1.2379967162060739 0.053584346425294874 0.39005385664594172
v -1.2045913868713378 0.084890102666854858 0.49027468544006347
v 1.0414101379126905 0.13138518056124449 0.74328959052586563
v 0.95584835917949673 0.13697433607482912 0.85007897852849967
v -0.51941134811758993 0.14994566074705123 -1.1607775707070827
v 0.35432679307603837 0.2090392823987007 -1.2320428966827393
v 0.21919439760470391 0.29145752449119094 -1.2529060940698384
v 1.0152986259495735 0.33151710088262559 -0.70669657398042673
v -1.1782024310593604 0.34122606711483 -0.33991763826751709
v -1.2137419058266641 0.3126237207110405 0.3282318647678375
v 1.0667508064880371 0.38576135697937014 0.48044587341117861
v 1.0956142620383673 0.40871957088320598 0.32096536970601763
v 0.29389185704040521 0.42886979794311531 1.0761629376144408
v 0.46203450382232669 0.47143700846290593 0.96054813023757935
v 0.24848521011352542 0.50730246911811827 1.0038725685844421
v 0.3978225801277161 0.51957953843688964 0.94034384661483772
v -0.9014052958106995 0.57088305223941793 0.39997699916648866
v -0.78845537803649912 0.62746202411651608 0.53142387487411502
v -0.043527784219469345 0.46848336624526971 1.0706825900832584
v -0.026410242500305173 0.52498878463745124 1.01823730619812
v -0.92314725768280026 0.66113025722885133 0.1676861012172699
v -0.88054412350273148 0.67127290341949464 0.30491137154388426
v -0.76530512511062621 0.70993273386001587 0.5071933765716552
v -0.80856088177599228 0.90670591982705251 -0.45634143145315986
v -0.92008644749069213 0.88115055483627314 -0.020677531780242925
v -0.16471123662948609 1.050591786075592 -1.0029874348468781
v -0.070713043968200689 1.0974745315475467 -1.044664630590439
v -0.35466568622861588 1.0119023891917638 -0.92095610807037354
v -0.32030829449081422 1.1014951866378784 -0.99966845866394038
v -0.43547783690861297 0.98666309153148102 -0.86631935315322872
v -0.86928178201413142 1.182912225309968 0.64009091381180294
v 0.080083110601280413 1.1947799010172997 -1.0637835145782744
v -1.0268616997628213 1.2812851736893653 -0.27001661904191976
v -0.49654718904805184 1.2091135142021179 0.93803749778604506
v -0.44018886036034566 1.1642869014310837 0.9724147716650835
v 0.72384996618556974 1.3630851664266588 0.67518113140201574
v 0.82591633397722253 1.3936311284651757 0.56019733725023269
v 1.0378681080312728 1.3506410310292245 0.048652550339698793
v 1.0623699646320344 1.287500190202713 -0.018646828532218933
v 1.0308538770303728 1.3563979212203026 -0.05928171820640564
v 0.98855917821216588 1.4352727459807397 -0.094381618505954751
v 0.1886636969385147 1.2787531330890656 -1.037397811723709
v 0.27276689597368242 1.370498550907612 -1.0272790762119293
v 0.18695342695236206 1.354996845111847 -1.0480661590213776
v 0.10109993820780516 3.7225055440146324 0.94879132658654441
v 0.10237058542442323 1.5486289309654238 0.92604855405330655
v 0.097370892267680156 1.7219506796307327 0.80233160290839678
v 0.10453820537856646 2.9871258359447035 0.84182779576369682
v 0.099662827794790257 3.0607692485095264 0.89846293916720155
v 0.19005016613125802 2.8859915854721065 0.71673634852933876
v 0.70157955621504786 2.0190141312291621 0.17355779314589501
v 0.56918788086748129 2.365125858025074 0.36111282078123097
v 0.79395905352640161 1.7680172341361047 0.16056993515110016
v 0.9323461196556091 1.5335209086914061 -0.034317835060119629
v 0.49568564276623728 2.591164964684725 0.22412571975016593
v 0.46986943343114851 2.6616481122989657 0.20251340211868285
v 0.46567594267702095 3.8699925557532309 0.27779227239799498
v 0.84102480775363098 1.6655243206571171 -0.10016600688580105
v 0.52729280543303503 2.4938019445111754 0.082103126712799068
v 0.51727222591754374 3.6461802143456423 0.10357191824686526
v 0.34255088796770572 3.6060519083777667 -0.33726274986243254
v 0.30362143018531801 1.6678992237071992 -1.0277025521659851
v 0.12984786844801902 1.5039043474133016 -1.0768315795078278
v 0.12876851119995114 1.6147776063194275 -1.07324516557045
v -0.0076301369929313665 2.2218547520184515 -0.82501050728178038
v 0.29206222985458374 3.4714971841282845 -0.44508431626769474
v 0.28406171242458478 3.5727201758861877 -0.46408801167014668
v 0.096227395358234644 4.1033684338540439 0.79082650869935756
v 0.10047798941993713 4.0383554450178147 0.83590724471473699
v 0.096746519530091973 1.4879854904645511 1.0127070110331946
v 0.058570559735008645 3.2432437100100859 1.0338636625394311
v -0.45243085829925533 1.2871362353935243 0.90065423565292346
v -0.41471673227119443 1.3843260045733452 0.84603902904272066
v -0.55665755943250661 1.2833551335344315 0.84770145328140245
v -0.47894890919188093 1.4363113323681014 0.77559011593130656
v -0.98132882736744198 1.3860794803049905 -0.27873603920704981
v -0.25653250448942183 2.8728622821412086 0.6807860640773773
v -0.69862609975910195 1.8661716657018661 0.30762500345659249
v -0.62618417863273623 1.9724615319738388 0.37054273016977313
v -0.69199206769108768 1.9879480838463306 0.28417999106025693
v -0.89102534904718389 1.5855901393637657 0.16614789089012144
v -0.85013017843246463 1.6592831293392183 0.11206682486915588
v -0.62166054839754104 2.2430984465713504 0.13997029316663739
v -0.58101813478970521 2.3620517510347367 0.19391902879214287
v -0.4355044001681464 3.6574241933672091 0.47360067252349858
v -0.46359634959197038 3.7968504656414988 0.37687495157790185
v -0.50226742638153266 3.6439042509760817 0.016627720766689096
v -0.53282610852146139 1.5819843005423546 -0.84114725705671312
v -0.35960963146841529 3.1515052520539766 -0.11443172698080539
v -0.45211316555786141 1.5697265928077699 -0.92456758036041264
v -0.027162546615600587 1.973878613342047 -0.98168662300801279
v -0.080335712197303774 2.0573868166265488 -0.9281935828094483
v -0.22048680635404588 3.4824490458972459 -0.72153002924680709
v -0.10400909697556496 3.0277666093561653 -0.27824246566224098
v -0.094147593672990804 4.1511844659562112 0.18171526255130768
v -0.096370644806265837 4.1028093651738162 0.74446956834197042
v -0.37556825240928449 4.0261338439343044 -0.03698633229670184
v -0.19781643010807037 3.5962157972183224 -0.69900054901742936
v -0.91557595436096184 0.95718736453437803 -0.25809781074905397
v -0.9525820642850058 0.96244814542416157 -0.034482230758939476
v -0.37447385272383688 4.0001708516638281 0.72624942145991322
v -0.099348442443013205 2.8363121119332311 0.92451463637149334
v -0.10093500210850581 2.7399958580900599 0.89654678281865807
v -0.1702125995030403 2.8811159078006745 0.72341567696404452
v -0.096532053725004202 1.5193904609432221 0.97422385938715927
v -0.93630768997955316 1.5170492019853592 0.14653945760154724
v 0.25947989222645762 3.518160953835368 0.79693970395278935
v -0.861437051577568 1.6384024188957214 -0.0047276174278259274
v -0.098733158489567902 2.91835784108775 0.91925644118067196
v -0.10082271122956277 4.0135193608686919 0.84328636848974226
v 0.12651639443778989 2.9402446321539877 0.77065142420363419
v -0.10030930855178832 1.2903672696743009 -1.0503720463294983
v -0.14485263539695739 1.3642194921894073 -1.0569891865863799
v -1.0597128480479716 1.2806929416708945 -0.081267666438341143
v -1.0229102704730033 1.3772832273104192 -0.043785630942106246
v 0.32269095619702343 3.5191053322877881 0.72454980460071561
v 0.61155774094343185 2.253994030521393 0.33160431625604631
v 0.56590739748382568 2.4245164289925101 0.276923828756094
v 0.48490819344139102 2.6605443288421631 0.37331339338970188
v -0.35901171386880876 1.3176076839281081 0.91320541877822869
v 0.67024783394718179 2.129789500893593 0.22783980307483676
v 0.63529679586982724 2.2242960486063956 0.21604950536346434
v 0.93973208189287183 1.5011364068182944 -0.17208980326576231
v 0.71708179704046249 1.8857666969213485 -0.31020645421457294
v 0.70825193228721617 1.9676822551727295 -0.19900016269111631
v 0.82090772700920112 1.656176787066078 -0.35170876780347826
v 0.74850804475908284 1.7673802488942691 -0.37746094676728925
v 0.76859863433446884 1.8135614560085296 -0.27168038764886859
v 0.64327146981048577 1.9164041733551027 -0.40049857171535491
v -0.053726605240821838 1.5586436483025552 -1.0827379887595177
v 0.0066755098943710352 1.6110486076769828 -1.079596316742897
v 0.18755547234380243 4.0132820747853515 -0.23643247993314265
v -0.099581892452240001 2.8354342066860201 0.84261270729255677
v 0.71231144040222172 -0.025395569085693362 -1.0061771488769531
v 0.59587382172679915 -0.0072601568078994767 -1.114348384882927
v -0.96136552344512927 -0.022779207386016843 0.75721391025543205
v -0.8724263710205078 -0.027315163016510009 0.84737838121337905
v 1.1764849021816253 0.057517319633674624 -0.54837272198791509
v 0.852644003523922 0.029403894434165953 -0.97276636485805512
v 0.72617312171564108 0.043269179028224948 -1.0765169993704795
v 0.65240063226914402 0.10168032138729097 -1.1145950145699977
v -1.2875319969758987 0.10606734427952767 -0.11629449854969978
v -1.0397124014521602 0.051681932840585712 0.77568377598321436
v -0.96450333161163326 0.084890102724075309 0.87275004605484008
v 1.1556400064001084 0.16734396792411804 -0.53987334850502011
v -0.90729746876358985 0.1736048544433117 -0.89157928050398827
v -0.34264772303819657 0.23079146642827986 1.2452883778858186
v 0.72402571128845217 0.29441239841365818 -1.0459304677677155
v -0.29088462367725376 0.26209641611480716 -1.253048711391449
v -1.2057755097446441 0.35783051880455014 -0.047019806806564327
v -0.91233622807040216 0.28482973134036066 0.89307578112454411
v 1.1386910161891666 0.41047424904509955 0.017277561578205661
v 1.0503078379344939 0.48029777545738223 -0.12044403432655335
v 1.0473217247657776 0.44206188232040411 -0.3320907675704956
v -1.0823087911850384 0.40510208457664076 -0.37204811449486863
v -1.1797679279670716 0.3699123741188049 -0.15105065031433104
v -1.1964079066414834 0.36463894337844849 0.074923614419460299
v 0.98011769519424441 0.45414302591705324 0.46448634148025514
v 0.91643837765884406 0.42886989631652828 0.63563457736206042
v 0.8351755213708878 0.50730234675312047 0.60946399564933773
v 0.90873813789939883 0.51957862934684751 0.46480560742950439
v 0.63382689780426027 0.52498878463745124 0.79716815439605715
v 1.0725447738778251 0.46568285212816513 -0.032837410100664419
v 0.95540006297302249 0.56411102140045166 -0.24806711527633668
v -0.44003475784683233 0.60101865333175652 0.86022625892829896
v -0.25947902383041382 0.63349593503952029 0.91245283113861086
v -0.61493752873611451 0.67536653289604187 0.69976766847801208
v -0.47902274718475341 0.67126652058219904 0.79974394589996334
v -0.18220850454139709 0.74497959082412724 0.89456225584220883
v -0.079763232995033267 1.481964601451397 -1.0808079380931854
v -0.91065710873876304 0.89012211527551921 0.15954345810971943
v -0.81940923839187629 0.83453630889701846 0.39673698714447025
v -0.79019269832420358 0.91395184762382509 0.48965091710853575
v 0.27846022150045635 1.1400926316479296 -1.0263974143532066
v -0.82764395191628592 1.0488795734427314 -0.58480646855708529
v -0.75416564798545838 1.1125039950351714 -0.73834318755531303
v -0.9071154324283599 1.094855575662613 -0.51407854861831659
v -0.88272347080695635 1.1307310241041182 -0.59078439096689228
v -0.92800626974718914 1.0515603911006108 -0.40095102240875791
v -1.02986248823452 1.1285585672870362 -0.24224830648585727
v -0.57792474365043633 1.1118486470136641 0.88049127526855464
v 1.0183960639276504 1.28917041412282 -0.28463065704512591
v -0.25958957947610106 1.200271990415454 1.0294999640138491
v 0.44775175256974359 1.4276271595566612 0.79964053567859095
v 0.87759039217834467 1.3034556280145646 0.56151557420921328
v 0.92445931306638718 1.318510484455824 0.47899081801557541
v 1.0440570566375971 1.2994375609959126 -0.14264789856586457
v 0.95757366055838733 1.430552726217859 -0.28068013341562748
v 0.094963380967140201 1.3052879737157821 -1.0537376765708921
v -0.0075353961305618267 1.3047415620725156 -1.0553446994414331
v 0.31482209719181059 3.4137696653213503 0.7205533933410645
v 0.27015119635963436 1.5693709821109771 0.77232495986556993
v 0.27121527459001538 1.7224823851046565 0.69549178289508817
v -0.74079413587188714 1.8987422129116056 0.21470182085800171
v -0.71458329035961632 1.9823472231464385 0.17046961554539203
v -0.8176932347221374 1.7136630214099884 0.027298217960357668
v -0.77580156832885738 1.8044444432220459 0.048224293945312496
v -0.49741904072380067 2.5871232858786586 0.22642880833792686
v 1.1822348111047742 0.3475564107913971 -0.29375187938404079
v 1.0513287553386688 0.40260673819255832 -0.46471953895568846
v -0.54233420280861844 2.4568881808607577 0.1018220456225872
v -0.51683096473683632 3.6289321917682713 0.12798246114598003
v -0.52545864073644366 3.7011012355485642 0.08652652123750959
v -0.44655124237756733 3.4449651202949525 -0.055225044631528851
v -0.40789954361033443 3.4639580356975794 -0.19763610526156425
v -0.3069921613852723 3.5436221065880398 -0.41782941550947084
v -0.38648250739288331 1.5337186347084044 -0.98624090748596194
v -0.33901336279296873 1.6209398692817687 -1.0164379949378968
v -0.75082534280395508 1.8733333951311111 0.10862538289260865
v -0.14305578197669983 1.5713263630151748 -1.0748109676227571
v -0.01898768942929166 2.4045400562395116 -0.67930394883083434
v -0.055520736533045768 3.0230191921967267 -0.41451172230648997
v -0.16969931181406972 3.0669325063614847 -0.31092897799730301
v -0.2798095514630079 3.487888004320741 0.77505260596394532
v -0.44306061295672827 3.9464754930265715 0.1706342154716679
v 0.59945561657214164 2.327086023089409 0.25024720645332332
v -0.32021897779536246 3.4169869934374093 0.71388214940285677
v 0.13692811129778623 3.7809119877478476 -0.56723709136754286
v 0.43354017073309425 2.850601129941583 0.32879902407979966
v 0.3324283753047943 3.8306009596554755 -0.26372460751883986
v 0.096828160843491551 2.7978506548136473 0.85050512624263752
v -0.95581840684938424 1.4973565092594625 0.05227203252315521
v -1.0452529694544315 1.2919668460474969 -0.16426637669568062
v -1.0125971502285003 1.3767934764038086 -0.14897393733215333
v -0.30217648751878734 1.3949505015480519 -1.0222497451171875
v -0.22495068727636336 1.3698816488096714 -1.0430033433368204
v -0.13534590520368306 1.4977794482981817 0.88033824287659779
v -0.097071941379833215 1.6886818417881013 0.82204880995635987
v -0.8549463239974977 0.78679645743083948 0.31479095238018034
v -0.75510916138172157 0.82105889562225332 0.50962036933422095
v -0.09862890072536469 2.9995746553497318 0.92483636088943477
v -0.21289914932107928 2.7904684773464199 0.68988517607498157
v -0.26801009467387199 3.1696477932395939 0.73701326638674736
v -0.22032547354853155 3.4650636888476609 0.82162126546239844
v -0.30799231154060369 3.2787872569208143 0.7072931527080536
v -0.32683424598598482 3.204343016864061 0.67261137472915644
v -0.59226717220687863 2.217973062626839 0.36863454137849805
v 0.61821451751708989 1.8121991668663024 -0.53602036528968811
v 0.53833386914157866 1.916098964067936 -0.56262681339311593
v 0.53020813290500635 1.8030134742879866 -0.68204609991741183
v 0.50688723920822143 1.8925525003490449 -0.63337417477607727
v 0.44405028661060331 1.8019465427818298 -0.81328194632911688
v 0.440548052210331 1.8973689259490969 -0.72726067953538898
v -0.097674694913864143 2.7671958525390625 0.78894306726646435
v -0.097480675752639773 4.2701037751138209 0.38427909422349926
v -0.096120012583255782 4.1672849116420743 0.37013114486360549
v 0.47816608075087408 1.576496374828066 0.68656630694988796
v 0.3588138003368378 1.6364932006483077 0.7083043644580842
v 0.26563363109111787 1.8816634570422173 -0.96864285424995422
v 0.20482992502856257 1.8232109032356738 -1.0117278917185781
v 0.10424640299081803 1.9126993677554129 -0.99520728590726859
v 0.09306655767059327 1.9150751104669572 0.81937381987285618
v 0.098608094017664599 1.6583051940229732 0.92510829740476597
v 0.90109275407937606 1.5355030423362939 -0.27321953829431533
v 0.98200511086463937 0.56893477209472654 -0.089316825115203849
v 0.91216815615272528 0.64198237860679619 -0.23885085877609252
v 0.25937987869238854 3.9918107010800838 -0.25638952385830882
v -0.24595542738962176 3.888865641702175 -0.37686449319982529
v 0.099301952912698901 3.2218708573128114 0.96653738721912674
v -0.12760996002364158 1.2710717226798536 1.0025235114929676
v -0.075569666178839548 1.3244515111255986 0.98333849706142296
v -0.2927197562952995 1.3875607618399619 0.88725338645763396
v -1.0544859699077604 1.3121969035129548 0.0061103173732757546
v -1.0326298998827934 1.3557089111094476 0.079464938697338103
v -0.9576193467173576 1.4858483896680832 -0.10042487643194199
v -0.20403792876434326 1.5585201617069244 0.80074883234405525
v -0.1631492189270973 1.6576100013820647 0.75813698457498546
v -0.11765173139095306 2.9555781841244699 0.77857167241907121
v -0.43635176703071593 0.75501570740127555 0.80177619393157951
v -0.24515889026403426 3.2495412113189697 0.7724730419352055
v -0.29699067838692661 3.1085880507726671 0.69511128083801266
v -0.5020298601145744 2.5988979092307689 0.3432912467263341
v -0.63381486887073513 2.2304526979923249 0.26626940642547603
v -0.57911049307584761 2.3736087590513231 0.31032824728536607
v -0.47711227280139923 2.6863127035322192 0.36860773738193509
v -0.68146471658134455 2.0934557560863496 0.21046267213249206
v -0.90639670235061642 1.5690508141541482 -0.042200297868728642
v -0.85273290023592541 1.6438078885060718 -0.11680659515571594
v -0.76701410229187017 1.8139265406505587 -0.28398780474433905
v -0.70496025923371319 1.9818486411218643 -0.18624257595109939
v -0.74598012717933659 1.7871069709270477 -0.36437992964973454
v -0.71121459758853911 1.8772429533309938 -0.33383513208675386
v -0.64227755326271052 1.919307555185318 -0.39886537544059752
v -0.88093255681610116 0.98907900146293626 0.40585826889991761
v -0.82047929656410223 0.99984999756050108 0.53020978342819214
v -0.31111315169715881 1.5292044502334594 -1.0311076083106994
v -0.27001213684701919 1.639068996011257 -1.0436830883350372
v -0.22646085275340083 3.2904573601810934 -0.83456700680851936
v 0.1108525746997595 3.2534412622328999 0.88120169206384813
v -0.41670314289941107 3.8315863419553553 0.43600607272295011
v 0.26570328097915652 -0.035944105846405033 -1.1812335813865662
v 0.17857355198574065 -0.0072368892250061038 -1.2508974450817107
v -0.64464825614166266 -0.02277891312408447 1.0404044633598326
v -0.53023683691558832 -0.027311338065338128 1.0947128375305177
v 0.39960500666542048 0.037742846819496155 -1.238464866390419
v 0.2850409942054748 0.024675044450759888 -1.263881884218216
v -0.85318906702613839 0.057388116637229918 0.98694379421472556
v 0.4977739566845894 2.6089787810175418 0.30390454314780235
v 0.17559981998705865 0.2479887103047371 1.2750948876030446
v 0.2786144094982147 0.2146680742883682 1.2593069629230498
v 0.90893178992080692 0.34424057763862614 -0.81824482898807527
v 1.0412315894042696 0.37733682673298974 -0.56010821008131839
v 0.77076841669845586 0.48635299670410159 -0.71486876723670956
v 0.58948789584922801 0.43685714686584476 -0.93279072914886485
v -1.1475902271988732 0.38432203960023609 0.24833478697041106
v 0.85284737668991095 0.63349563739013681 0.41458455837249758
v 0.77006154906654367 0.60101828713607786 0.58332811980819699
v 0.87689889213752759 0.51391978450202935 -0.53531227106285095
v 0.56158347211837767 0.50959387103080744 -0.86076467886733998
v 0.93721225517845141 0.63442082753562934 0.1479829505882263
v 0.14143338633823394 0.68635947407341003 0.91759051722621909
v 0.93102400228214255 0.67583578526782984 -0.021958083105087282
v 0.86956130787563324 0.78565497058582312 -0.26612054987239836
v 0.0019164083213806162 0.69438429089355469 0.92516432166290286
v -0.56799409218215935 0.92977370528793335 0.74726325346374511
v -0.42521163208770751 0.8719091576538085 0.81331349298095712
v -0.23072110993794032 0.9788545099797249 0.93726209100954871
v -0.13834930641918525 1.1748160919519492 -1.0572780675298996
v -0.22178759216308594 1.128017045750618 -1.0378254099960329
v -1.0021568172378539 1.0385780952911376 -0.0029903635025024383
v -1.0011474286785127 1.042697812068939 -0.092366520381927483
v -0.99081448216601797 1.0361652014563423 0.13951333273860386
v -1.049594551753998 1.1225555813102721 0.1237156050605774
v -0.92328571057210651 0.9768284076014927 0.26790029006658278
v -0.94065609938812256 1.0754001992340088 0.4185379031829834
v -0.13108538621935248 1.1713483587123528 1.0558101706810668
v -0.29655576083612445 1.1856479221806526 -1.0274800291647315
v 0.96391766732788087 1.3275010920248032 0.40251868946361535
v 0.98286544615173344 1.3517499603424072 0.32955749086761477
v 0.9585095401180812 1.3553574613167898 -0.37890343143272398
v 0.86794768036117553 1.4778539666553496 -0.47079847425765992
v 0.19291482087402345 1.8240237430446626 0.68390370897693631
v 0.15743567484664917 1.97363019562912 0.68426862774276731
v 0.20134384164905547 2.0978789964981077 0.67680769062900537
v 0.10280664949493409 1.8938071212432863 0.73937421835346218
v 0.11823660583655039 2.1176722034764288 0.71831014046160391
v 0.097291584252357483 2.5732802033571516 0.81120776449952814
v 0.44033612846317294 1.6952849518523216 0.64795510334196094
v 0.22235845596814158 3.6631945505628587 0.81820201075935373
v 0.52280635365295414 1.7284364009637834 0.57951814741134644
v 0.52923987417519092 3.3232860282244685 0.35522985427391529
v 0.521012403166771 3.3576407759780889 0.43360203346729276
v 0.85346246293939854 1.6314054703805108 -0.24786078469426293
v 0.76659162812777915 1.8156419354978288 -0.13867215483747208
v 0.59942927365875254 2.1571354654903412 -0.24279141837215423
v 0.56623351149368284 2.2912263660449983 -0.15316608112525942
v 0.87790742493820195 1.5431297790431975 -0.35817586223220826
v 0.67386381700897213 1.833106348146166 -0.43079279747172761
v 0.52498087187385556 2.2826011105861661 -0.24038200048637393
v 0.68040471218109122 1.7590063203683579 -0.48949645607812065
v 0.58282471162796023 1.9219682439994812 -0.48719516238403321
v 0.59757897052383424 1.724307034942627 -0.65138078025817858
v 0.57418549924850459 1.8065746232643127 -0.610357353975296
v 0.52326029406738273 1.6746020209617614 -0.79743969161033634
v 0.48724726255416873 1.8001960674276352 -0.74770290446662901
v 0.40198580034065245 1.7100200180950165 -0.94078257186317449
v 0.40460817246532438 1.7971903375110627 -0.88455992319583898
v 0.34735292069768908 1.9488589902427196 -0.84097495333290095
v 0.56002948328113555 2.1115184936218263 -0.34546360221624373
v 0.084530153612375258 1.6832535973734857 -1.0670028172048092
v 0.023218917985200885 2.9094387155433892 -0.27819412617993355
v -0.18884655083179475 1.8407347768907547 -1.0082178343286514
v -0.59890602353382105 1.8117673162651062 -0.5668187524280548
v -0.53373006725168226 1.9491591726193427 -0.53874276744270322
v 0.10082123375988006 4.2269271619666817 0.4746779738121033
v 0.84659074074363716 0.72039607287979124 0.35039792548751825
v 0.71796557278442386 0.78695990153503415 0.55807268118286135
v -0.26983356710529327 1.6914271672868728 0.70691137609720234
v -0.47851024821853638 0.96673934278392792 0.83112480159664148
v -0.094610062880039217 1.8796632145433427 0.91787764146518702
v -0.09314906138458251 1.8654397630990982 0.79855448207082746
v 0.46631726769924164 2.4807695404767989 -0.14028661426639558
v 0.51680938203477855 2.3816153581881525 -0.1526607182097435
v -0.10048356240332126 3.5317463198832098 0.95120932880166598
v -0.095851011116981508 1.621694460237503 0.91218984250259405
v 0.46375239604091645 2.1106192876091008 -0.49658220892810823
v 0.41480817488861083 2.2849759196019175 -0.4079993709321022
v 0.35337024071311951 2.1772155773468018 -0.60109312612676624
v 0.34967783447933193 2.2614896222181322 -0.53300722487068175
v 0.28511103739678856 2.2006107263993022 -0.6797712109869718
v 0.26666161097908025 2.3040508043518066 -0.61209429002666471
v 0.43324778957009313 2.8889789896271227 0.42038685092520711
v -0.53108082045948501 3.394453174756527 0.38375043961024285
v -0.89538216741895682 1.5639309758667945 -0.19944087208509445
v -0.76229292919567648 1.8258341070720128 -0.1223918350276947
v -0.5221318795242309 3.4849839662399291 0.24345100284576421
v -0.74959419243431091 1.8658291603794099 -0.21937974558258055
v -0.6322038759155274 2.1428196917610167 -0.1876110500679016
v -0.55611411769104002 2.3044330448989867 -0.16345350494194028
v -0.69166819940948487 1.8329162218666077 -0.40407529960632327
v -0.59477838025283813 2.2147345066680906 -0.18712389918136596
v -0.70712955125522603 1.7551857584762574 -0.45151274987602236
v -0.57411069811820981 1.7628950904178617 -0.65180044866561893
v -0.52670562601852411 1.7517489086828233 -0.73254493895435335
v -0.38349264625263219 1.9187302990236283 -0.80187798075008399
v -0.42529526847195626 1.7219721791484357 -0.90144363315463072
v -0.41665211896848675 1.8331561222162247 -0.83083472750234599
v -0.33774847665691377 1.8952644873914721 -0.90268754740905754
v -0.46647078454113006 2.6787158824539183 0.25686057760715486
v -0.27367410238075257 1.8288410869731904 -0.99088853192329407
v 0.20504941869425775 2.125988014472723 -0.83764206198430058
v 0.17233696818501609 2.286758838499205 -0.72244989443043295
v -0.21472200701158387 3.1055168845068728 -0.45789983929552353
v -0.10177419718718529 4.1056628094985488 0.44141840503716467
v 0.076378867704749109 1.2305180793060067 1.0381173156943322
v 0.16654616834983826 3.8869348553416372 -0.40753059722082619
v 0.47023555442756415 3.0777550721729994 0.37753216987431049
v -0.60070863858604429 2.0892963810763359 -0.3059416204190254
v -1.0457458379613878 1.2902279042289735 0.16530127809810638
v -1.013608022974968 1.3621425035972596 0.18337187358951568
v -0.32717065821576119 1.3052641419442175 -1.00185018571105
v -0.38648880904579164 1.3667975852851868 -0.98061369865798953
v -0.32329370306587224 1.5221752255096437 0.78764684542655949
v -0.23842823394012452 1.8012603059010504 0.67776573522424688
v -0.18661112769317628 2.0846228969001768 0.6773052118225098
v -0.12143109617471695 1.877860318584919 0.71217314472341531
v 0.26187860224437715 2.0118890267634395 0.65821482629299166
v 0.19597873958492279 3.2231635216231345 0.80727252466511734
v 0.33249390581130983 1.9124174010276795 0.63943235037422186
v 0.35837396191406251 2.0528006860971448 0.63206232435607912
v -0.65096001008387971 1.8021372768996102 -0.49414665616825654
v -0.60748472924804686 1.8889787201776507 -0.47983469568347931
v 0.56697587383174897 1.598345918958664 0.61799742023658755
v 0.58301043555259713 1.6890547013540269 0.54762894991111755
v 0.63933223861122124 1.6311846689891816 0.5328201873579026
v 0.68478200106143949 2.042101028447151 -0.13024529465770721
v 0.61212907968521113 2.2225445672760009 -0.10528258186912537
v 0.46878216756820679 2.5556859120044706 -0.056052661184310917
v 0.83394921450233461 1.5508832047052383 -0.45183993014192581
v 0.48729876025009156 2.2688084086570734 -0.3084184846801758
v 0.41098806331872939 2.6347709499492646 -0.078376309254169468
v 0.48270458756923673 2.0182198279924393 -0.55337153195667255
v 0.29160506907081601 2.051226288594246 -0.82561406194019327
v 0.33820407776641848 2.0560716858100889 -0.73423212685966499
v 0.17657385658073427 2.2156013033666611 -0.77887844678735729
v 0.079980791403770457 1.8044841095561981 -1.0368483922998428
v -0.4819810851650238 1.8707428512649535 -0.6915144013347625
v 0.15683089989280702 3.0641657221860887 -0.33390809376239777
v 0.098098839097301174 4.251714914840063 0.15974320364582539
v -0.19693218604660034 -0.024830157905578614 -1.1994665629005432
v -0.30425565728359222 -0.0012811006050109869 -1.2283716257221222
v -0.25383227384090423 -0.0065986621789932247 1.2350010253953934
v -0.065750234494590748 0.0098042696020126351 1.2798168362414359
v -0.095945824417114259 1.9674277664146425 0.84238300260543819
v 0.5483019693620681 0.057517419278526299 -1.1761345282199858
v -0.20944528164958953 0.055790672586441034 -1.2848751078996659
v -0.34454370637817378 -0.0011483862518310555 1.2226420399253843
v -0.46574281507873538 1.7763670727233887 -0.80132890033340454
v 0.57734776500868801 0.20384551701140402 1.146280388988018
v -0.089362778386592859 0.26668666950416564 -1.2783355327305794
v -0.083749082661151886 0.24122848054695128 1.2880559625034331
v 0.47654384549856188 0.24525745937633514 1.2003350816154481
v 0.5865947800235749 0.36915976950359347 -1.0365780528564452
v -0.96390355623817436 0.37061373345899584 0.69769193126630791
v 0.90870218761008137 0.39732730795805798 -0.71378816910607468
v 0.67603099060153959 0.37425209098148343 -0.97150137706184392
v 0.50411038360432214 0.4186547379891532 -1.0077053939857483
v 0.16275078382056102 0.44488507276971001 -1.0816639952545166
v -0.12503388180732727 0.48685398533630375 -1.0409194913864135
v -1.1233172215728759 0.33332517130947115 0.51548600195121774
v -1.1139662535558428 0.38393077097865513 0.36898147797066827
v -0.86879232908058157 0.36464373999977112 0.82660613163852692
v 0.33876886091559277 0.48858245700127734 -0.99400939000320432
v 0.378628395488739 0.56199266120147706 -0.91270332047653202
v 0.11928972776889801 0.52432647545719147 -1.0095374810352324
v 0.38728911300277707 0.63349601276016232 0.8659455273170471
v 0.21540510201644897 0.60101837911033629 0.9419961866588592
v 0.69770809195613848 0.68635947406578057 0.61217980831813812
v 0.59570042057800288 0.69438429089355469 0.70766119549560547
v 0.90881878403949745 0.82322718985462184 -0.061120031522750848
v 0.88882995907211315 0.82710327376556392 0.19942974805068969
v 0.87420726263945436 0.90084669720649724 -0.30822967857551575
v -0.36091421198177337 1.788966037059784 -0.94841355202960975
v 0.0021302604326520584 0.90060975039291391 0.928118597063882
v -0.50797365415073936 1.1481216297486423 -0.93630374123375115
v -0.75133102637481697 1.0551526723766327 0.68385152206993105
v -0.87148957115445813 1.1136107033541545 0.58919575298799787
v -0.6725041498355866 1.0448121178670609 0.75384875944709773
v -0.66432122932052606 1.118565008893013 0.82247104868888854
v -0.57340800414848325 1.0249985099002292 0.81564008782768238
v -0.49577790420150758 1.0935211521835329 0.91702581559276575
v 0.72986319382095344 1.436151904820919 0.61711345291566855
v 0.9492297326717376 1.2940813122875214 -0.45106423040618898
v -0.093135903109277995 1.7254882316831863 0.90261240389864783
v -0.094110258626461024 2.0063924843034746 0.76441364349555974
v -0.31507631070828435 4.0857658264807464 0.63549327190047511
v -0.19674774687910079 2.9708982688117027 0.73991058838891977
v -0.20565954436397552 3.4468318674039842 -0.79616751203918446
v -0.12433451695389747 1.7465284941874504 -1.0482551502899169
v -0.26523701907539371 1.9366697015705108 -0.94068657118225096
v -0.40348984780311581 1.639785960507393 -0.95964879467296604
v -0.40480394868659975 2.1937517255039216 -0.512012940463066
v -0.6817187191061973 1.561113546989441 -0.67371485163927081
v -0.68107173048400882 1.9626835049991607 -0.29993238065338135
v -0.6234431843185424 2.2002291963043215 -0.099739893486022954
v -0.57372586499691014 2.3713934365987774 0.09900672716617584
v -0.71857704618549345 1.6465197166366576 0.43770975643634796
v -0.33310896674823759 2.0017421740183829 0.63782593541336063
v -0.044371101780891417 1.4094476252379415 -1.073024932803154
v -0.88188494573593135 1.3065029805312156 -0.5719181494755744
v -0.27906483873672483 1.2799992328821181 0.96515437135391235
v 0.36852528984451294 3.8886598997964859 0.71933458158302299
v 0.095360767988204947 2.0037160137934684 0.76594475154972086
v 0.1006770357761383 4.1139782359714516 0.67110774574279786
v 0.35602580059051514 4.0556356898536681 0.6468948023834229
v 0.087236464529991148 2.1559611771001816 -0.85683915100955965
v 0.21538325940060615 1.6114515322563649 -1.0596941143088341
v 0.28436442063140871 2.1228741591339109 -0.76161488323974613
v 0.39478811440277101 1.8711468807525633 -0.83621427466964726
v 0.40758274584388732 1.5878033346977234 -0.9646789536666871
v 0.36562778023910525 2.0950816044845579 -0.65504491440200807
v 0.39184778872489934 3.279018398042679 -0.14874068409061431
v 0.39615983077430722 2.1892581197814942 -0.52948047228431694
v 0.50046946460342401 2.1253883793792725 -0.42315801653289797
v 0.53823042736053472 2.1976984029998778 -0.29975513810348509
v 0.68173952266693116 1.9642668759841917 -0.29511019103622432
v 0.58889192008972158 2.2968196117057804 -0.055395016292572027
v 0.74099464430904394 1.8873973969202043 -0.1900380134382248
v 0.57026785866737362 2.3807424168291087 0.097308219723701475
v 0.73115517025756838 1.9162154028568268 0.011990962213516237
v 0.37796063693237303 1.5052999212241174 0.77802686219215389
v 0.44994387591052054 1.3022270023603437 -0.94754376815080643
v 0.7297518259105682 1.3937422887921334 -0.71576768499231336
v 0.83114224688072202 1.396042813961792 -0.59750408411846168
v 0.89897779425697322 1.403277160906744 -0.47496285848011971
v 0.18316176644597948 1.1732020672008694 1.0551927307938933
v 0.99041463482856751 1.0872130613689424 0.3047455687503815
v 0.86408579473277503 1.0652680731663025 0.54719730592577798
v 0.5333399854049683 1.1028887368240354 0.90422599871063225
v 0.33507009906673435 1.0677633537943705 0.97010635194410599
v 0.14716406357955933 1.0970692049751283 1.0353090061378478
v -0.38869079903411863 1.0454914277038574 0.93435174897766116
v -0.76209621965789798 1.1204570775680542 0.73324218093490601
v -0.977100689871788 1.0861266991062162 0.34486079833126071
v -1.0490817838125228 1.1117554767503739 0.023958721703529362
v -0.69152245521981381 1.0806626549557277 -0.7713764663914271
v -0.42376879030227665 1.0857139891738892 -0.94721923629474647
v 0.085938740360260002 1.0353546307353974 -1.0017542851963044
v 0.48953229174041746 1.0916625732250216 -0.91918652827835079
v 0.62647701973342895 1.0161715227928161 -0.76627605224227902
v 0.84177372790527338 1.0841282415466309 -0.60682499147796642
v 1.0210355447139741 1.0637775003881456 0.01192354873371124
v 0.43416835551452637 0.8370084080162048 0.80321859542846685
v -0.1832475496673584 0.83700749590301515 0.89453586906814575
v -0.85337789276123055 0.91894282597732535 0.37268147907257082
v -0.54586129403305061 0.93481664046096802 -0.76547891404342661
v -0.62289589228439335 0.88815103347206126 -0.6788552375411987
v 0.82699604891967771 0.81913010787963858 0.38203237722015382
v -0.87807946182250973 0.74199292691421515 -0.2507330333557129
v -0.92908371482086183 0.6720742981643677 -0.026165083877563479
v -0.11221049070358276 0.66706550799179076 -0.92316978835296637
v 0.68994248774719225 0.75115360042572021 -0.59550506700134276
v -0.43469661507606505 0.52969592796325682 0.91712404511070256
v -0.81309304847335817 0.50185215423202512 0.64264051607513428
v -0.96994753274154666 0.54163941689491268 -0.26597759597587589
v -0.71069667526245117 0.49866630107116694 -0.75595441931915286
v 1.0088452562656403 0.53785290665054319 0.0071766602993011512
v 0.98685393152618406 0.50815154667663576 -0.29298176580810548
v 0.96097519841003409 0.50029975934600834 0.38799781605911254
v 1.1753623208727837 0.35277005473842621 0.3039565469089508
v 0.98938445293998722 0.40902390881919859 0.56650469512176516
v 0.63108085433673855 0.34858037472152709 1.0434356028079985
v 0.39292197160720821 0.42839681899261473 1.0447294121055606
v -0.12877163857002261 0.35306165889320373 1.2076875289520261
v -0.45661359464263918 0.40568051464653015 1.0492952223510743
v -0.98831957980346674 0.42213705578708649 0.53507023038864143
v -1.1229487761497496 0.40115697827911379 -0.24479840532302855
v -1.0682490369153703 0.38372860024751937 -0.48710466998890467
v -1.0154488477173567 0.33847119354438782 -0.69110848342907427
v -0.68709281827068325 0.40240087753677367 -0.91851777036571502
v -0.31719957409954069 0.38050853528785705 -1.1342015649471284
v -0.010053455259323121 0.41898364622116091 -1.1257342551651002
v 0.7627570243377686 0.40392667467117316 -0.85407291304779065
v 1.1129849249725341 0.41997050735473629 -0.17052804835128782
v -0.53505422839946748 0.028118432445144653 1.1820056477306367
v -0.9068105783132554 0.028117920255279542 0.9277575007118225
v -1.1691917427257539 0.028117906117439268 0.56169646908664705
v -1.2905496298002244 0.02811787744655609 0.12797278428134917
v 0.65762120043945316 -0.10310663644409179 0.56345491311645512
v 0.42549248307800291 -0.10310644360351562 0.75443109742736814
v 0.14204504821777345 -0.10310717103576661 0.85449920770263665
v -0.21005012075805662 -0.10987601048278808 0.81601734442138674
v -0.40069489456176755 -0.10514184286499023 0.73709310726928712
v -0.62836112506103503 -0.10514764785766602 0.55564603231811516
v -0.78026507257080091 -0.10514776748657227 0.30726199487304684
v -0.83805619198608405 -0.10514799624633789 0.021902947052001954
v -0.79476923165893554 -0.10515321893310546 -0.26601556771850587
v -0.65561286810302732 -0.10515324981689454 -0.52176252722167971
v -0.43737783749389647 -0.10515295672607422 -0.71449146441650391
v -0.16637477612304691 -0.1052152960205078 -0.82095872796630864
v 0.166421606048584 -0.12913236871337891 -0.88105518038940445
v 0.43885375396728515 -0.13414543572998047 -0.71938434609985358
v 0.6586741480712891 -0.13414492221069335 -0.5258654907531739
v 0.79905117651367186 -0.13414526968383791 -0.26883536944580078
v 0.89734194110107424 -0.12913161358642578 0.0018498994445800779
v 0.81045821812438956 -0.10331736285400392 0.30456795745849607
v 0.28474757046508792 -0.061771460067749022 0.071847416091918942
v 0.37910149688720707 -0.076239912994384762 0.1248803938293457
v 0.21626126697794595 -0.059262942097981768 0.17610230076090494
v 1.1067393344177248 -0.075326749414062505 -0.11490213493041992
v 1.1341407495185851 -0.057664203209686279 -0.2319138731903076
v 1.0947887624816892 -0.032082649395751957 -0.53217951933593755
v 0.99634891595458974 -0.082460796630859381 -0.44565162104797362
v 0.97838893992614739 -0.069827168621826183 -0.55558385756225592
v 0.84650768449096681 -0.032082596571350104 -0.87447649665374771
v 0.7186880204421997 -0.10663311120758057 -0.71074196711425786
v 0.72912330787353508 -0.069827155233764648 -0.85665861096496587
v 0.49612778329162599 -0.032083162255859381 -1.1112163788421632
v 0.46186932000732428 -0.09399211141967774 -0.95050153729248044
v 0.42670584104614262 -0.07022269759521485 -1.0408191849792481
v 0.075194296685981737 0.010984193144893647 -1.2783609916343688
v 0.057374293173217773 -0.078946352160644537 -1.0963958884887695
v 0.048835584651947025 -0.044959275524139398 -1.1848723160171508
v -0.11477172889251708 -0.063107746664428713 -1.1018217315750123
v -0.066699557681274418 -0.033082584158325191 -1.2082395604400635
v -0.38197395153808594 -0.070556074798583973 -1.0416590565185546
v -0.470636524559021 -0.066726379333496094 -0.9945542187576295
v -0.47620481484069821 -0.032859769607543943 -1.1124762531829835
v -0.71544714793395991 -0.070555701522827141 -0.84814782476806649
v -0.78265246298980717 -0.066726409072875983 -0.77355981838989263
v -0.82821657902526857 -0.032859751400756837 -0.88246551782226557
v -0.96262616664123535 -0.070556199264526359 -0.55225340051269534
v -1.000267626525879 -0.066726664802551253 -0.45917796005249023
v -1.0803318328125 -0.032859953952026365 -0.54593214492187503
v -1.0937009839019776 -0.070553338363647466 -0.18966354797363283
v -1.062921702468872 -0.075119059738159175 -0.082807015304565426
v -1.2119001565246581 -0.028628452957153321 -0.14273027104187014
v -1.092843208404541 -0.07054561537170409 0.19589064981079102
v -1.027382470932007 -0.075118974273681638 0.28577585238647463
v -1.1878708038787842 -0.028627487228393554 0.28042034577941893
v -0.96017917344665538 -0.070545242904663089 0.55789899360656736
v -0.86792381889343262 -0.075118704513549794 0.6199746944274902
v -1.0307085201751709 -0.033844887252807619 0.63341831610870358
v -0.71170239991760242 -0.070545228698730464 0.85270239900207523
v -0.60378011299133294 -0.07511847262573243 0.879481984451294
v -0.73016331663513179 -0.028627213424682618 0.9785392514190675
v 0.027608274159749348 -0.054203324320475255 0.23560139211018882
v -0.090393590087890621 -0.085281651367187489 0.46146839157104491
v -0.087954954503377286 -0.058744151738484698 0.2606600940348307
v 0.12749739992268877 -0.0573557119547526 0.23117295949300129
v 0.072531964538574231 -0.085283972259521487 0.46458045730590825
v 0.22681161346435547 -0.085283543487548824 0.41180306671142586
v 0.35373572943115233 -0.08528492718505859 0.30944262185668947
v -0.39485351246604916 0.028852012784004209 -1.234228935419464
v -0.37732004393196106 0.1089210480003357 -1.2338088585681914
v -0.79341312270641329 0.02885216332607269 -1.0246992035064697
v -1.0962741342380524 0.028852007272911071 -0.69149139883747091
v -1.0825723261013032 0.10892104558181762 -0.70243957131385804
v -1.2565484418992996 0.010388653409957888 0.29854761655616763
v -0.77112129022026066 0.010389012262344361 1.0365711212072373
v 1.266545818464279 0.17467232349109652 -0.12972933835411071
v 1.2818335614824297 0.10416693710517885 0.15989332078361512
v -1.2721325800390244 0.15250912885665893 0.13460056781625745
v -1.1496190383524896 0.15250910111045837 0.56162650910186762
v -0.88844236748552319 0.15250909546947478 0.92099740282344822
v -1.0730639697785378 0.1437044571723938 0.69788947957181935
v -0.52010468550729749 0.15250914458274839 1.1693688481135367
v -0.37387670983600618 0.14370902524185181 1.2245768646392823
v -0.038195736949920657 0.18816633254528045 -1.2770712812347411
v -0.4802463853302002 0.2280558309249878 -1.1980102059864999
v -0.85059758532333363 0.18816615350818633 -0.95356611771488198
v -1.2678910566947459 0.18825325137042997 -0.16069255026197435
v 0.063954799913406371 0.16403051878356933 1.2681558809013365
v 0.86369534323406216 0.16403045487403869 0.9305303829021454
v 0.88199397739958774 0.26199297141289712 -0.93661894120025635
v 0.085997213572502132 0.30961502457237244 -1.2538960536499024
v -0.34530768058757783 0.31588552518224716 -1.2048767887085439
v 1.2458545537776946 0.32210406203174591 -0.090616267328262334
v 0.50197513956832895 0.34783284015274041 -1.1107161748046874
v 0.75379507972908022 0.35055902006912232 -0.95078095785903938
v -1.2416298565483095 0.32090446941137313 -0.12640610934019086
v -1.0562798284626007 0.3186678699207306 0.67305808123397826
v 0.047528006998825083 0.32924306348857879 1.2409983286584856
v 0.8336549490640639 0.32924305409870147 0.92028598955821994
v 1.0974304901422773 0.44302813860920498 0.07841588558251518
v 0.95745198971884604 0.39602126949255806 -0.65156772879082814
v 0.85456611688831874 0.46773937249401643 -0.6474105227543967
v 0.31544247097451344 0.42463613656561716 -1.074759552013397
v -0.27685146886089873 0.46650646634973797 -1.0355035209663934
v -0.74190565471935277 0.34448961493110652 -0.96951995652866363
v -1.1156209827101571 0.42633694017301282 0.085809605631147118
v -1.1617177242055621 0.38629409834262307 0.15246159935528891
v -1.0067989180145265 0.37394441240692139 0.62450979145050056
v -1.0556224173831938 0.37541506909561156 0.53309909646224984
v -0.79237788521603181 0.38629395371791292 0.86370575329821453
v -0.37027764218139647 0.37395436012268068 1.125740119682312
v 0.36106300401306152 0.32796824073791503 1.1895022398910524
v 0.77169041849735809 0.45520209857886185 0.7661698520104544
v 0.84890403407110493 0.42752257266208105 0.72785712726197938
v 0.91710392329216006 0.56492615600204465 -0.36552386290931704
v 0.96425849657821661 0.60366551564407345 0.042967061122894286
v 0.46685348704147334 0.59569871121978768 -0.84633735923385611
v 0.47594858587646488 0.53220162883758548 -0.88951270645904545
v 0.80514985197067257 0.56839088070869448 -0.56977601807975775
v -0.19572956501770022 0.59119008888244629 -0.94917939402771001
v -0.26564021353530887 0.54902198195648189 -0.96104092744827274
v 0.27806251789283754 0.57992416763877874 -0.93776958336448668
v -0.82494057850646973 0.51232526818847668 -0.61222268023300175
v -0.74647210948944098 0.66843839843940733 -0.56060774627113341
v -1.0582897922286987 0.47668096511077884 0.073652739723205574
v -1.0090761272926332 0.53390310596084589 0.020628623958587649
v -0.84857545988328109 0.43441206835310803 0.71470480180249907
v -0.79991032863344458 0.42634949090848651 0.78301708662196567
v -1.0304525374548774 0.4605924629715511 0.32353946908691955
v -0.58186573773779182 0.46056920851598471 0.91034834142085475
v 0.17093412528773716 0.44500517671394357 1.0835769919479916
v 0.065962881340844284 0.46413446602439878 1.0751857927259716
v 0.70388434718322757 0.59174243317413333 0.67085933999633796
v 0.83237173789596564 0.78811940349578857 -0.3653410222549438
v 0.86401104229545589 0.6896089105567933 -0.33011961507606502
v 0.91526969696521765 0.72724325361156472 0.065940527570724494
v 0.39900192381668093 0.80808326692962651 -0.81637985850524908
v 0.42474538355731961 0.6866696784429549 -0.82265850560951237
v 0.75479128543090812 0.74172553199768076 -0.51452655745697018
v -0.19077323912048341 0.79875211131286616 -0.88883199432754523
v -0.22804645672798154 0.6553408776226044 -0.90924336269760131
v 0.23241897548294066 0.69993864580154419 -0.89283268778228764
v 0.1880282332611084 0.810229315109253 -0.88852657302093507
v -0.71988919538116458 0.79656212091064449 -0.55555628883361818
v -0.91089752939796453 0.78283938467693326 0.022208002562522894
v -0.71935844406127925 0.64006008018112182 0.61168449770355227
v -0.93227246511840822 0.59174495749664302 0.27522168968200683
v -0.53772938562011707 0.59174489996337898 0.81025634812927239
v 0.10844653936767579 0.59174244442749035 0.96651097047424306
v 0.86360490632820142 0.80163877213096613 0.2893178692359924
v 0.66720519501113884 0.80868441508102418 0.61792526540374759
v 0.84076899261937821 0.8679855732917785 -0.36969207811355598
v 0.45294810387257167 0.89199873240661631 -0.80321866784885954
v -0.17868904258973259 0.88944648861258369 -0.90523736757850637
v -0.20362183482578822 0.97895771301051537 -0.94183310520935049
v -0.75437821701472152 0.96288459542628702 -0.58374959759167266
v -0.76128354874965121 0.9069003428791591 -0.53157342287554066
v -0.92360628493281771 0.89830516884068068 0.064952500600542334
v -0.8662596005150931 0.9487785280903408 -0.37876566822542462
v 0.52837676048660276 0.81374202050781252 0.74160756699752794
v 0.061683017982482921 0.76657374097633357 0.9100392230014801
v 0.064102424247741707 0.85692660532760612 0.91296968347549434
v 0.69525624989318868 1.0814654554748535 -0.76515498260879511
v -0.61635586987304691 1.053115488752365 -0.80935819069862358
v -1.0210804904556274 1.0870145144468035 -0.16535608705684116
v -1.0027575697604587 1.0763848132103511 0.22873682606424606
v -0.095214611509459368 0.93332218346881868 0.93720061881419592
v 0.052547051322937022 1.0686993910369873 1.0286706509628296
v 0.11784993384701865 0.9214682158679961 0.92710769057096754
v 0.69799890147617871 1.0161681272844587 0.70055166638510569
v 0.96553399732153755 1.0268411953863417 0.24339574106924874
v -0.94397296253367835 1.1376623510184969 0.4922510830829484
v 0.93968029215996607 1.1332501485532349 0.49774246000204764
v 0.35514208091545102 1.737971127735138 0.66652308710479735
v 0.46545148534584047 2.1126239410438536 0.54790066327285769
v 0.66659848673439026 1.5041467522201537 0.61116212415695192
v 0.60304755800819398 2.0981853490753175 0.37866161712265012
v 0.66868614251518255 2.0720912831516269 0.29870257849788662
v 0.52735936902999869 2.5031530834007265 0.18201649283599852
v 0.64668571959447863 2.1296926811799999 -0.14656321738433836
v 0.62781803810882564 2.0081926425361631 -0.33952210715293885
v 0.47501620239257814 2.3770983658523557 -0.22678402865219116
v 0.21722326575088502 2.0530450738487245 -0.88879617505264286
v 0.090477292979512902 2.4118941890607566 -0.65649115983976647
v 0.1884022458000183 2.6532288829126358 -0.4148509409532547
v -0.55990785846328739 1.4026994347972868 -0.8758207285146713
v -0.58371069087409977 1.7345026340484619 0.5192888720302582
v -0.56109372675275793 2.0941505163555147 0.43126184983682631
v -0.45149398338079449 2.4669211887893674 0.48811380651283259
v -0.47626236337566374 2.2428630812487604 0.51080093561887741
v -0.75308494246292113 1.5119078648777009 0.53602846863365161
v -0.82598805072784431 1.6921428637008669 -0.053219393646240232
v -0.69408010842895507 2.0334879640417101 0.092701543051719668
v -0.55727965615653985 2.4004394725341798 0.015665211322784423
v -0.53423880771636967 2.4097565815391544 -0.078404066326141358
v -0.53842961049652094 2.0838962448234555 -0.40294907941818237
v -0.3508273164424896 3.2628914665126798 -0.25205087716865537
v -0.22780822948837282 2.3038155154447555 -0.66413140697479256
v -0.22833160964393615 3.0992822455463407 -0.24885648697090151
v -0.15584224982293449 2.1557308470595675 0.69138139927864084
v -0.12093524834442139 2.7159992208299637 -0.40716203263759615
v -0.10093868978500367 2.3575036731491088 0.7600461508712768
v -0.11145041771698 1.6088080779285432 0.82904445247459413
v -0.10504341975784302 2.5823934720783237 -0.52342621079826357
v -0.0001431754875183093 4.1128234172496798 -0.33125677431678774
v -0.10583601642608642 1.8580792103958128 -1.0158627892742156
v -0.17791961991310118 2.1964446438198086 -0.79317983036708828
v -0.23337617761611937 1.7380469706497192 -1.0338830582141876
v -0.34095881151580809 2.2079297083740235 -0.59194910015106195
v -0.37950879734039311 2.052124409851074 -0.67320758853530882
v -0.45465031130409239 1.8406181060523987 -0.75873404470825201
v -0.60896945945310588 1.587813862062931 -0.74740366005229952
v -0.46320027175426481 2.20748802501297 -0.40390695826578138
v -0.53869561316680903 1.8514259001255036 -0.62344615956687921
v -0.45886849515628814 3.2101574558057786 0.077210266953468332
v -0.5062412152099609 2.2267574910736085 -0.3187274487609863
v -0.50743786792850498 2.3813869613409042 -0.17140790346240997
v -0.54432547723484048 2.251501000052452 -0.23992388027572631
v -0.89278590736280172 1.5124047343880789 -0.36078732805960517
v -0.73492163138008115 1.9040124453430176 -0.14491777247428894
v -0.51025886812305443 3.2486999487295156 0.26094621828937525
v -0.60219932208251947 2.2889897103905676 0.062110519332885736
v -0.65557439290666575 2.166634003830433 0.21171667940950392
v -0.891080205950737 1.5962061554555893 0.074347711076736447
v -0.57329702380943304 1.5139492906150818 0.66817647918128964
v -0.25102304166698458 2.1367483924427031 0.66652148849773407
v -0.29156419571685793 1.6063394504852295 0.74429192239952091
v -0.15747159109687806 2.0006552336635588 0.6834310724029542
v -0.25576825069580078 1.4683680778194426 0.84402929043693553
v -0.51404534709167482 1.3450065275878904 0.82472018244934087
v 0.13049496420907974 1.5814399329314233 0.82863238543176654
v 0.21198389528846742 2.9647080176992411 0.73061003584098805
v 0.087138239512443538 2.0743825973873138 -0.91424186474132529
v 0.2410194125213623 1.7254081735000613 -1.0359018586044311
v 0.35281879201698302 1.8604103516292572 -0.91338460135078425
v 0.42669052258110046 2.0918315813980102 -0.57142700658416756
v 0.41235183467864989 2.2303674511871341 -0.46574636815261838
v 0.46296963898324967 2.2152349655442238 -0.3967942233748436
v 0.60637103148174276 1.6606575968999862 -0.69463727286434174
v 0.44596982559108733 3.219083694923401 0.019740917673110963
v 0.55599887684631333 2.3646645945281985 -0.074263399734497082
v 0.60046654843997949 2.2878985582542422 0.025251067556381228
v 0.74266501519012451 1.8772522611694336 -0.079206636291503901
v 0.89218676227569582 1.5832204261627196 -0.12499660003471373
v 0.51935657920265199 3.2827870873451235 0.28477144201278687
v 0.70574075589752205 1.62038975566864 0.47931198901367189
v 0.43261606844091416 2.3662170265517233 0.5411275652794838
v 0.32963216020488739 2.3633939841499325 0.6456848169031143
v 0.57289106074714669 1.4883335904483794 0.68554580383872987
v 0.24241721737670896 1.8814948636016844 0.66315523582839964
v -0.82047095132637016 1.1283571168518067 0.67004303540134424
v 0.98896285935521133 1.1366910965476036 -0.39596205346465108
v 0.69098852684238976 0.93492569797079905 0.63736643818037853
v 0.84747201541137684 0.99045309072875987 0.47881100131225585
v 0.79631063315963746 0.89073437459945681 0.46597506260299681
v 0.90974316901969909 1.0484133345184325 0.4448156182117462
v 0.60537553522682186 1.1070590865612029 0.85810767520523068
v 0.18256824190139773 1.0367643419799806 0.9882859733314513
v 0.32946490607070922 0.95857854851150504 0.89441092664718624
v 0.47895300674002511 0.95301989371599471 0.81927993196596405
v -0.19719692408275608 1.1053321057720185 1.0321690879354477
v -0.27082491868305203 1.0470678476123809 0.97544191476345055
v -0.31878906641006466 0.96540532101058962 0.90320443736648559
v -0.8156275327835083 1.056618833633423 0.60609400692749027
v -0.73693525010299687 0.97356285108457297 0.61635771827316277
v -0.9587097479782104 1.0025192474632263 -0.19847937867355347
v -0.98027626309967042 1.0819084413490296 -0.31999548350143436
v -0.7691659492797851 1.0500991966495512 -0.66259615283393858
v -0.61351218572235111 0.96757868806457514 -0.73552098235321051
v -0.52558118776226048 1.0548808140935897 -0.87110692892837527
v -0.26063840313175746 1.0257127033745901 -0.96326972393035892
v 0.028054296688079829 0.98152759425353997 -0.96625054989624015
v 0.2696973532774789 1.0376292487449645 -0.96797550465229576
v 0.26086504598263327 0.95866877171897891 -0.91218822547176903
v 0.6088433921508789 1.0719655145874023 -0.82830382540893566
v 0.61016774827575682 0.94562226304626473 -0.71968870531845086
v 0.94277057695770261 1.115367914428711 -0.4756600771331787
v 0.98112556619644176 1.0754013814544678 -0.30918215788650505
v 0.9937360781440735 1.0263388860664369 -0.059859224321365354
v 0.92902463306427008 0.9524131234741211 -0.19214879940795898
v 0.26503620956802365 0.90468495959854123 0.88811157946395869
v 0.36236731138610839 0.87714029859542841 0.84422441084671018
v 0.27036332612419128 0.79227212527465818 0.86976559843254087
v 0.52176023205947875 0.88863586386680593 0.7614312304515839
v -0.3840381323661804 0.94225742941665658 0.86245304388046262
v -0.26460850164031979 0.87713902744293226 0.87979591531753543
v -0.27824947887611395 0.77202204607772829 0.86734654861831673
v -0.35094223286437987 0.84225533520507812 0.84302011735916138
v -0.8871733695373536 0.90864925824737552 0.27198078038024903
v -0.64183519147872925 0.85699424440574645 0.65546004623031617
v -0.81767321332168585 0.73762260398674018 0.40967640185546872
v -0.69577479263114927 0.74041831726264951 0.59370164199447628
v -0.92542749559497839 0.9167204080657958 -0.10997027095890047
v -0.82482975586128227 0.83606337437725065 -0.38910423709487918
v -0.89326259896087645 0.81067426137924192 -0.17467907706451419
v -0.85298380427169795 0.73165629753112804 -0.33300859323120119
v -0.43102824124526984 0.86194690641784666 -0.80664906549262994
v -0.41506443501281742 0.78535750996398934 -0.80816301666259771
v -0.60197078667068482 0.78308940412139894 -0.68048695149993899
v -0.01015598051834106 0.78633802563476562 -0.9078805691375732
v 0.7503745081233979 0.83950181377601618 -0.51698126412773138
v 0.58790246637916566 0.82617105572891236 -0.6945583263893127
v 0.74229266047123499 0.94297193325805662 -0.57958156765747071
v 0.91464094378662109 0.85559473323059088 0.030736223255157478
v 0.90279827605438234 0.84857552434539796 -0.14309181867218018
v 0.90630236337280279 0.7225875766983032 -0.13061471612930298
v 0.78181439232254024 0.94177290165710459 0.52847967740631097
v 0.88750482410485398 0.91288448971802838 0.28348331299454826
v 0.76573306896209714 0.79227204694938669 0.49266908650970453
v 0.26473721729278565 0.68809575101852416 0.88692514800643929
v 0.52305426584625248 0.72051304603958133 0.75409720632171628
v 0.31865219655609128 0.60424132183074952 0.91033663580703739
v 0.47432178485870358 0.64737996994781499 0.8126851528396607
v 0.49474567798042302 0.55618898686409002 0.86267620023155211
v -0.53850698181152334 0.73749882677078249 0.73978125605392453
v -0.37986430532646176 0.68342853363990774 0.84672395996856697
v -0.08523170849227904 0.72105895368194584 0.91389810349273681
v -0.34059220311355587 0.60424129590988163 0.90233934650993342
v -0.15857317066192628 0.64737995390319825 0.92759665292358395
v -0.1750607312374115 0.55618898686409002 0.97901985923194879
v -0.90182485976600657 0.78412266363143934 0.12291378131294252
v -0.83679378869628906 0.65543798508834838 0.42100169058799741
v -0.85834680313110356 0.58445834350585946 0.4640498070220947
v -0.84890894214820867 0.66548393023872376 -0.39068803194427487
v -0.91060702959632878 0.68295431097030634 -0.17289358650779724
v -0.9389310268058777 0.60078718718338009 -0.22340169657897946
v -0.93364954082107543 0.65877689019393926 0.077867906845092774
v -0.38538949779891968 0.71564342978477469 -0.83415784144783023
v -0.47891723803234099 0.57087093003749856 -0.86116427936363216
v -0.57180555972099312 0.70584833284950255 -0.71929577947616585
v -0.59169478636169437 0.63147432231903078 -0.73908530113983162
v -0.63573085871982582 0.54842108206748963 -0.77061302395915987
v -0.013667998260498044 0.69232059838867188 -0.92244970748138422
v 0.041064129259109503 0.60223981513595581 -0.96181960058212279
v 0.6120448275089263 0.68429020092582704 -0.69437291198921214
v 0.78226941165351871 0.66229595030593869 -0.51346880307769771
v 0.61691738317871092 0.57253511985206607 -0.76268451767158507
v 0.94511101768112182 0.61469659149932854 -0.15571777592468261
v 0.77245288495254516 0.68809573528671264 0.50943077623367317
v 0.89757939279174803 0.6704366012115478 0.25364829559326174
v 0.82880285302352918 0.60424106391334542 0.49270925287437439
v 0.95179055136489876 0.56767835778427123 0.26010668807983395
v 0.067921099563598639 0.53927940561676024 1.0069430648269653
v 0.57134811286435805 0.49375843709400724 0.87563047593416488
v 0.33047852115631104 0.47197770862579347 1.0128002928390503
v -0.12470666496930805 0.49375843699264527 1.0381826182561602
v -0.38755512926101687 0.4596692966613769 1.0069681161003115
v -0.97918374730682367 0.53930956674194341 0.24233273625183108
v -0.87275246806526185 0.52076393849754332 0.53019467382431029
v -0.73012712175941463 0.50110015832138055 0.74031979891204835
v -0.92344690803909302 0.5221224789085388 -0.44023712013626098
v -1.0045465123846871 0.44727364546258108 -0.4342320306674412
v -0.96676836927413945 0.58162866393852242 -0.14277985619926453
v -0.45053322107914517 0.5054194913836888 -0.93343081451879228
v -0.56981853273514349 0.42716394669594082 -0.96083752938781464
v 0.032150440032958978 0.49060545803451538 -1.0445229048233031
v 0.24737943344633923 0.50142998312813891 -1.0088666113986968
v 0.50991566812460776 0.46650518048531664 -0.93979067653656001
v 0.67926441439437868 0.46933336735343928 -0.82220777908325193
v 1.0105324459037779 0.51119930691146853 -0.18858183278274537
v 1.0078901855468749 0.53401765386962896 0.095693948226928727
v 0.99632950393240782 0.46650455122702461 -0.39203308676583426
v 0.69882911626434319 0.53927940001678476 0.72788137371063233
v 0.90372634410858144 0.47197746463012696 0.56359576148986823
v 1.0115313558731081 0.48955171321868896 0.27449907967376708
v 1.026145266324997 0.45169352506446836 0.35974523159790039
v 1.1404120175790786 0.35572092520046233 0.40571716458129881
v 1.0407361895599365 0.32796783084869385 0.67930133552551264
v 0.54261202003860465 0.38476434149932864 1.0395058897171021
v 0.53761955185372479 0.44481635319028584 0.95526039553778508
v -0.067419831493377685 0.38823794493579866 1.1677684153718948
v -0.22302061633491516 0.34475265468406679 1.2040804822273254
v -0.66380983391680037 0.43158754982648573 0.89374728989955354
v -0.34494107402420038 0.42152193479919431 1.0706888404922483
v -0.2017297104688372 0.44481635316085816 1.0775024066292898
v -0.65438481902408596 0.31475818133544919 1.0724353015127182
v -1.0825397924445017 0.43158980868421282 0.25811945178440643
v -1.0322051497192382 0.42072948031616209 0.44859498620605476
v -1.1901767340850831 0.31475804308605193 0.40105787353610994
v -1.1490731567649841 0.3998064061088562 -0.077152684329986565
v -1.1116729844436644 0.42437765701103214 -0.14042541995811461
v -1.1337028387641905 0.35059939309501653 -0.43904683206367495
v -0.74937363721847539 0.41639513816261287 -0.84572180436515809
v -0.58579612864494313 0.35061205117607119 -1.0649098081626893
v -0.13709276840209961 0.3533521140155792 -1.2035764450416564
v -0.10885468490982056 0.41623375219345093 -1.1242927037582398
v 0.066386905448913569 0.38800462670898439 -1.1633529033508299
v 0.14629794501638413 0.39710417950010302 -1.1447283839349747
v 0.64384419927406311 0.29630238083457949 -1.0943254556884767
v 0.84097523816561703 0.38454215663886071 -0.81392883911061287
v 0.83675317057800291 0.43787423974609374 -0.71990259346771235
v 0.97422544196271899 0.3235037047634125 -0.77865179716253285
v 1.1203277493076325 0.37310904891014096 -0.39258803760337835
v 1.0714895532684325 0.44329120817565915 -0.23553863357543942
v 1.117448035079956 0.39653817862701413 -0.29404788500976564
v 1.1369641744632721 0.40953890787410735 -0.074342258679389941
v 1.1805656462612153 0.36928247430419925 -0.15019348688316345
v -0.96234494989585873 0.31144624338531501 0.81251876678657542
v -1.2590182444038391 0.31144608372497562 0.003997503387451173
v -1.2085110831856727 0.24377238317012787 -0.43234070817518233
v 0.39987858614158628 0.29575324494819644 -1.2077763420772554
v 1.2895161424250603 0.24728389670610429 0.034816374197959896
v 1.2020536332120897 0.2722182239370346 0.45278359805464752
v -0.99068698640346531 0.20802635583782197 -0.81828027803897863
v -0.6461402508506775 0.16897111319494246 -1.1059197801012992
v -0.23247013838481903 0.20802651565408706 -1.2634847031245231
v 0.63311997916221618 0.11546427422523498 1.1216239901695251
v -1.2013206464366912 0.13120719877815246 -0.43294183311080936
v -0.98055387397003169 0.13120749354934691 -0.81767070022010802
v -0.22510007807540894 0.13120759702682494 -1.2565060962333678
v 0.20973172261762618 0.10944382315206527 -1.2694797291669846
v 1.2055125930118562 0.11546445336341858 0.4524288593101502
v 0.40562697841262818 0.11271211852455139 -1.2232974884433747
v 1.0975057698860169 0.11271219718933106 -0.67621103783988956
v 0.97605380390930185 0.011793021843910217 0.83457287705135341
v 1.0049725686798097 -0.0056406824455261222 0.76358606485366809
v 0.6319929706878662 0.011793166765213012 1.1181086540012359
v 0.68344658139801029 -0.00564091222000122 1.0612935535354615
v 0.21170696133041383 0.01179286021232605 1.2668720793533326
v 0.27948964156723022 -0.0056411264724731437 1.2310808788490295
v -0.18385363307857511 0.0089857297954559334 1.2658534589920043
v -0.61084206155014031 0.009046792690277099 1.1278804629096986
v -0.95951617350387575 0.0090463383064269993 0.8509760795288086
v -1.1924582538452149 0.0090463372230529786 0.47151944352722169
v -1.2815703294944765 0.0090464262847900403 0.03527629196548461
v -1.1767890565994263 0.0010293352539062495 -0.50113827438964842
v -1.0392407397781371 -0.031802187669372553 -0.62903375050048826
v -0.93417731552124017 0.0010293638885498042 -0.87336356248474134
v -0.76118098675537094 -0.031801784735107419 -0.94650139764404295
v -0.5788879684387207 0.0010294135055541988 -1.1401635059112547
v -0.39131054141540528 -0.031802082901000978 -1.1497232948883056
v -0.15376645409851075 0.00099664764633178565 -1.2693620062332154
v 0.37807215451354981 -0.036922969404602053 -1.1448040288192751
v 0.63283673043823241 -0.036999856628417968 -1.0304648219909667
v 1.0849227480621337 0.041355938882446291 -0.72090636909828198
v 0.91524268114624019 0.023646153102111815 -0.91965845237960819
v 0.91518602812194827 -0.043615523788452147 -0.76713104188537595
v 1.2007479579681395 -0.025877417306518557 -0.27388194100646968
v 1.2927220294021606 0.023646229841613766 -0.11603788137893677
v 1.2297206235626221 -0.024317155801391606 0.11761881209411622
v 1.2023894880895614 0.011791254199028014 0.45046039894294737
v 1.2052855104293825 -0.0056705338783264152 0.37385734262466436
v 0.73937756468200688 -0.07281520918273926 0.81151252386169426
v 0.74801683405685426 -0.041902779705047605 0.92590311160659788
v 0.49611733276367187 -0.10531792578125 0.44157077087402352
v 0.63191253234863287 -0.10759208813476563 0.64922124670410164
v 0.40728755423736573 -0.11152947869873048 0.5605880340499878
v 0.81303731066894536 -0.062041264801025384 0.73531644052124023
v 0.83979469953918473 -0.0722433030090332 0.64956815550231928
v 0.57421574857330326 -0.11153141553497313 0.38752865723419189
v 0.92051158376464848 -0.067294791809082044 0.62313086762084957
v 1.0193427230262757 -0.041902876430511472 0.6142765595588684
v 0.41747803414611817 -0.072814964331054693 1.0154916626403809
v 0.38647244178009033 -0.041902701572418211 1.1259388869857787
v 0.3154155924072265 -0.10531758142089842 0.58466002008056639
v 0.37200085839843755 -0.10759195019531249 0.82623242553710941
v 0.19123679086303713 -0.11152978964233398 0.66611881510925286
v 0.51275561822509763 -0.062041065490722656 0.96908352432250977
v 0.56722665623474122 -0.072243311035156244 0.89765781922912602
v 0.65211760501098626 -0.067294765563964826 0.90042137921752929
v 0.045225488085937494 -0.072815683892822267 1.0970761025756834
v -0.021685357528686517 -0.041903041976928707 1.1902583056640625
v 0.096671787414550792 -0.10531828112792969 0.65731771533203132
v 0.067221420776367183 -0.10759286914062501 0.90367588195800774
v -0.047879166923522946 -0.11152988957214355 0.69139271448516837
v 0.15062990121459963 -0.062041830017089843 1.0860528805541994
v 0.22624540757751466 -0.072243742935180669 1.0375640277252201
v 0.30507192111816406 -0.067294878833007804 1.0691947651428224
v -0.30585012047119137 -0.067565742742919904 1.0647096516845704
v -0.3756419314582824 -0.052052198941802977 1.1007525452453613
v -0.22174351297760009 -0.10771951468658447 0.59927325585174562
v -0.30245445690917971 -0.11507451947021485 0.6890204213867186
v -0.22966084957885741 -0.062037614746093754 1.0721134968261719
v -0.14202344038391113 -0.072243467697143543 1.0524109898681639
v -0.10915318432617187 -0.10378608593750002 0.63944069500732426
v -0.12085218368530272 -0.099758048156738277 0.91590420104980463
v -0.078769267126464843 -0.06729521610717773 1.1090951280395509
v -0.49951453789520261 -0.055582699569702139 1.0183547069168091
v -0.50667516934204104 -0.073000169494628897 0.91850896243286129
v -0.31675282546997074 -0.11767109133911133 0.76811046029663088
v -0.47819214166259766 -0.10598164196777343 0.72603355010986337
v -0.41464673437499999 -0.11152981398773193 0.55513775127410891
v -0.33431583416748045 -0.10378550738525391 0.55579158068847656
v -0.23232876034545896 -0.085281190460205075 0.40873873199462885
v -0.14362398716227215 -0.051015310007731116 0.14056911299641928
v -0.81898266375808726 -0.055048257302093506 0.78636519411163341
v -0.7900204660644532 -0.073004293609619145 0.68986034072875979
v -0.64041994628906251 -0.1075846075439453 0.64077649377441404
v -0.50188881665039065 -0.10531731292724608 0.43495099340820309
v -0.69742698870849607 -0.10598258026123047 0.51873404919433597
v -0.57926462968444825 -0.11153028826141358 0.37987846792602536
v -0.3577681373901368 -0.085283456451416023 0.30472328381347658
v -0.24701360080973309 -0.05735562729899088 0.092042203572591158
v -1.0383015154693602 -0.055048263790130614 0.45887054665756233
v -0.97807933929443347 -0.07300433966064454 0.37809137191772463
v -0.82071296020507822 -0.10758462292480467 0.38313413769531246
v -0.62013981127929696 -0.1053175723876953 0.23710179986572266
v -0.83254131854248048 -0.10598293151855469 0.24895415612792965
v -0.67401368953704832 -0.11153085205841064 0.15888647988128662
v -0.44017013955688478 -0.08528384506225585 0.16401982669067383
v -0.26335355460611981 -0.057355875590006503 0.0020453451131184908
v -1.1323843047950746 -0.055048447879028316 0.076114939849090568
v -1.0481657995910645 -0.073004438140869127 0.020804367004394531
v -0.90201469055175776 -0.1075850714111328 0.079365637573242193
v -0.66359131927490245 -0.10531786358642578 0.010739940368652341
v -0.86723707891845703 -0.10598286346435545 -0.050768295837402347
v -0.68746478476715089 -0.11153091198730469 -0.081184705940246599
v -0.46947944381713869 -0.085284193481445308 0.0036185630798339806
v -0.24792720322672523 -0.057355882792154943 -0.088112797587076824
v -1.0918199015037535 -0.054313650198364254 -0.31687151097793581
v -0.99184825637817375 -0.073057422546386724 -0.33890070193481447
v -0.87452957971191403 -0.10759439550781251 -0.23389511120605472
v -0.62700228454589846 -0.10531868395996094 -0.21683294793701174
v -0.79733082226562502 -0.10598496343994139 -0.34428319921875
v -0.61799516517639164 -0.11153126051330567 -0.3113788192596435
v -0.44216017758178716 -0.085284185668945314 -0.15713414495849609
v -0.20259547721354165 -0.057355965799967448 -0.16755743741861978
v -0.91735454993896481 -0.05431374663619995 -0.67114852182617191
v -0.81587832257080073 -0.073057486938476565 -0.65765687402343742
v -0.74154884643554686 -0.10759469970703125 -0.51885904516601555
v -0.51478488653564458 -0.10531852716064452 -0.41816641198730464
v -0.63125072772216795 -0.10598463317871093 -0.59618584155273435
v -0.47398434827423097 -0.11153071026611328 -0.50392948454284658
v -0.36150826553344728 -0.085283900512695299 -0.29884823684692385
v -0.13192148134358725 -0.059263057942708336 -0.24447944972737629
v -0.63224111386489867 -0.054313176047515864 -0.94438904174804683
v -0.54149923846435544 -0.073057092468261725 -0.89700434106445304
v -0.51912397497558582 -0.10759409985351562 -0.74115472460937493
v -0.3404750883178711 -0.10531846716308593 -0.56897709252929696
v -0.38903104095458985 -0.10598470666503906 -0.77609449444580081
v -0.27280288969421385 -0.11153237710571288 -0.63561351292419421
v -0.23725159539794921 -0.085284937713623041 -0.40443068267822263
v -0.27086789467391964 -0.054321233379364009 -1.1036395642189025
v -0.20179673056030273 -0.073100807067871088 -1.0280786906433106
v -0.23408353027343748 -0.10760318847656249 -0.87397252514648427
v -0.12506180548095705 -0.10556283538818359 -0.65110103753662107
v -0.099777767089843761 -0.10659751391601563 -0.86237990844726564
v -0.038140817420959476 -0.11575142944335938 -0.6912339384994507
v -0.05119873321533204 -0.076240300079345694 -0.3948943025512695
v 0.011753433321634926 -0.06045091029103597 -0.27739323500569657
v 0.092559574119567861 -0.096639762016296385 -0.46844669675445549
v 0.10923636238606772 -0.055335349589029942 -0.20925143720499675
v 0.091160803619384778 -0.12730526214599608 -0.90066132595825188
v 0.10822189617919921 -0.12731572705078126 -0.65832306597900381
v 0.28554011209106445 -0.13192422351074218 -0.63748919009399407
v 0.20048112728881834 -0.080748340972900401 -1.0797084154968262
v 0.31657860049743658 -0.076907829809570324 -1.0614106012756348
v 0.24278549093627932 -0.095818754882812496 -0.40343341162109375
v 0.21871215525817872 -0.060949425498962401 -0.16603248723602296
v 0.33912305993652347 -0.13367625972747804 -0.78814822198486323
v 0.34839126940917969 -0.12792758441162111 -0.56920143823242197
v 0.54808831866455088 -0.12304093621826173 -0.76047938012695315
v 0.48209529708862309 -0.13151177284240725 -0.50151956827545163
v 0.57179750675201424 -0.087913102783203134 -0.91077933388519283
v 0.36636885671997071 -0.095819900329589841 -0.29602793447875975
v 0.65428225329589851 -0.12864016848754883 -0.62261812261962901
v 0.49612921002197274 -0.12608747106933593 -0.42273548126220706
v 0.53592087048339854 -0.12311498497009277 -0.32428357197570801
v 0.71980110812377929 -0.13382375578308103 -0.47112150355529792
v 0.63307497082519537 -0.13583778466796875 -0.41153955694580074
v 0.84906091357421887 -0.08791263635253907 -0.66024809438323984
v 0.4423760725708008 -0.095818715789794909 -0.16233989602661131
v 0.27067765100097657 -0.060215012649536132 -0.019717430648803706
v 0.75563058343505851 -0.13500215182495118 -0.35815136447143553
v 0.61449608081054685 -0.12935971157836915 -0.28630607673645014
v 0.64516442596435541 -0.12901474392700196 -0.21373253866577147
v 0.90914556054687479 -0.12304070184326173 -0.23010175711059569
v 0.66500619305419928 -0.13033238595581054 -0.13710781539916994
v 1.0239181570510862 -0.087912925598144537 -0.3299976664352417
v 1.0416677953292846 -0.090734130451965336 -0.23158265991058349
v 0.47819908875274664 -0.096639251998901374 -0.0026180464630126978
v 0.83759017462158203 -0.13448722122192386 -0.076485966278076162
v 0.66766060095214841 -0.12731493243408204 0.01744369970703125
v 0.85125858322143566 -0.13174033412170411 0.091734490234374994
v 0.67266672449493414 -0.11574961167907714 0.16737658389282226
v 1.0529608704223632 -0.095231501770019544 -0.045938985015869141
v 1.0986851241760256 -0.080809313110351569 0.039039745941162107
v 1.0657646447113038 -0.086782225030517579 0.14169408420410157
v 1.1016503559875488 -0.063929290008544915 0.24633581434631349
v 0.97210052125854496 -0.072816391281127935 0.50973960711364752
v 0.61701287426757812 -0.10556206933593749 0.2452769302368164
v 0.81560948327636718 -0.10760133459472657 0.39398977526855467
v 1.0152591587829591 -0.062067675781250005 0.41294002780151368
v 1.0110979267272948 -0.072480137344360346 0.32316565303039552
v 0.15886691770935057 -0.047853594970703121 0.043871047119140631
v 0.38069931748962405 -0.077520158416748045 0.025175887908935542
v 0.33990127050272623 -0.075563721150716134 0.20742778354899088
v 1.01110064715271 -0.1043079949523926 -0.14486627797851559
v 0.87636509899139403 -0.10575324469299317 -0.51532079968719491
v 0.38014297533264163 -0.10500192464904785 -0.9458163439239502
v -0.031211276629638671 -0.092362519628906251 -1.0367037550354006
v -0.38433155185546874 -0.090526533386230457 -0.96310801229248044
v -0.69079656210327145 -0.090526273480224601 -0.77352793408203135
v -0.91394063811035164 -0.09052678154296874 -0.49056454653320314
v -1.0268499228637695 -0.090524632623290996 -0.14834589237670898
v -1.1387589207305906 -0.052263641067504876 -0.063505187561035153
v -1.0158979109313966 -0.090521681658935538 0.21185229268188477
v -1.0920448099975584 -0.052263732147216795 0.32985141267395024
v -0.88241509577636723 -0.090521228088378897 0.5465811990661622
v -0.91361178713989244 -0.052263576858520504 0.68350804716491687
v -0.64249911649780267 -0.090521223919677735 0.81547033616332998
v -0.62498322358703606 -0.052263286773681639 0.95481036775207517
v -0.021618463236490883 -0.047171477701822909 0.15859370619710284
v -0.036148104624430334 -0.073821700693766271 0.38504382782491048
v -0.14274471666208902 -0.079847076807657874 0.40315752399953209
v 0.054539835021972648 -0.045459769500732425 0.10944227215576172
v 0.041203064107259109 -0.067009053736368812 0.33724524780782067
v 0.15824189375305175 -0.073607629577636724 0.35114724205017089
v 0.26855564515686037 -0.073608865631103512 0.2758968588256836
v -1.2867610981811524 0.011315155665588378 -0.11629469221343994
v 1.281675509033203 0.23446568200683593 -0.17608526258277893
v -0.91508758027757919 0.44972029494694304 -0.592753697933742
v 0.76770272722462252 0.52626752782004216 0.6717951522004264
v 0.42161058496148252 0.4912989739908491 -0.95734484466552738
v -0.80555431268310551 0.57468588391113273 -0.5596485929565429
v -0.96501543149076185 0.52628015098626268 0.33001729282270159
v -0.52756928758185251 0.52627061943108688 0.87326950586809426
v 0.15673277790996007 0.5262675614318848 1.0082499501865931
v 0.64200722438049307 0.61682328247070317 0.71188386688995364
v -0.58886469697570798 0.61682562518310546 0.75645683715820322
v 0.034675718162536617 0.61682328254699703 0.95816405780029301
v -0.89564839749908454 1.0693084196472167 0.49819151258087163
v 0.92868796198272707 0.92291339126586913 -0.098471772171020502
v 0.35353837359619145 0.76499037535476688 0.84061864496612548
v -0.71185449463272099 0.8882413075447082 0.58791813640975943
v -0.64155715470504759 0.74675004339218143 0.64982054034042358
v -0.35322206657028199 0.82246617770385733 -0.83933381597137457
v 0.91890266840362544 0.88878882762146005 0.09948180140686036
v 0.89116262894821174 0.8749833967113495 -0.22215377579307555
v -0.8657664927062988 0.59955318241882316 -0.4307275930938721
v -0.81681155375671399 0.73750083879089356 -0.41023431678771971
v 0.80537566212463374 0.73346321243286128 0.43227351701354977
v 0.90656296757125854 0.59754943388175974 0.3391330866584778
v -0.78480273234558107 0.49477081348419188 -0.6843862010116577
v 0.94686008088684082 0.49111347772216801 -0.44624309773254395
v 0.63233282046508787 -0.090480687377929692 0.82346362304077136
v 0.44884634210205077 -0.098759759796142571 0.35605310316467287
v 0.36987814682006837 -0.10342243298339843 0.47168518130493164
v 0.51793457876586912 -0.11403271496582032 0.54134926010131834
v 0.58014888391113284 -0.10727765856933594 0.48490025616455079
v 0.55480958142089842 -0.11657922814941407 0.69138878851318353
v 0.56064036117553717 -0.11692547174072265 0.61445699200439452
v 0.70548838272094727 -0.090733615966796868 0.72266241299438483
v 0.74948544262695316 -0.083159425811767579 0.65966717111206052
v 0.91586006054687508 -0.037677542388916019 0.74101025375366203
v 0.53178078353881841 -0.10236048486328124 0.26558000097656254
v 0.75757846771240245 -0.11658052084350587 0.45998601843261722
v 0.65243216448974617 -0.11589329345703125 0.43832767901611325
v 0.73674501040649409 -0.11693184252929686 0.38569906869506831
v 0.77006062039184586 -0.098454366333007803 0.56298537075805666
v 0.87559888370361327 -0.090481118530273436 0.55758115587768553
v 0.96636099957275401 -0.04110495922851562 0.68301574380493157
v 0.31280154274902344 -0.090480745495605461 0.99011106359252932
v 0.26428781994628903 -0.096576575103759763 0.49411026876831049
v 0.18649001895141601 -0.10342262496948243 0.56978245516967774
v 0.30179108038330082 -0.11403266131591797 0.68588321923828122
v 0.37955964465332026 -0.10727735968017578 0.65411679003906253
v 0.28512583303833011 -0.11657932022094727 0.83948661495971688
v 0.31691713665771493 -0.11692543563842774 0.7691883168029785
v 0.41602108996582032 -0.090733384582519533 0.92040893939208979
v 0.47891001440429687 -0.08315929113769531 0.87626046902465826
v 0.60742965368652335 -0.037677633300781242 1.0096011881408691
v 0.46341222760009765 -0.11589211230468749 0.6350748114624023
v 0.53131113845825184 -0.098454111511230458 0.79244606845092769
v 0.67472014431762695 -0.041105185058593743 0.97237625576782227
v -0.044457650476074223 -0.090481275836181624 1.0374244550903322
v 0.079597295257568368 -0.096577157318115239 0.5547417942810059
v -0.019390606964111327 -0.10342280984497071 0.59924248040771488
v 0.049248167022705076 -0.11403354113769532 0.74777715121459964
v 0.13319193774414062 -0.10727803997802735 0.74452433795166018
v -0.0189477671508789 -0.11658003591918945 0.88641773245239264
v 0.034969849243164063 -0.11692632418823243 0.83123206738281241
v 0.076376631927490224 -0.090734264221191407 1.0072289170227051
v 0.15057287179565429 -0.083160057922363292 0.98725159442138677
v 0.22573681332397461 -0.037678081848144529 1.1565069398803711
v 0.21850079119873045 -0.11589240814208984 0.75530931561279302
v 0.22848059658813474 -0.098454487823486342 0.92641314248657225
v 0.30170119152832031 -0.041105323730468747 1.1445409795837405
v -0.3548644599334716 -0.091706914328002903 0.97668041608886713
v -0.11456421737670898 -0.096573678710937499 0.54862470089721682
v -0.17371285403442382 -0.11055199424743653 0.71813644352722172
v -0.27240076861572265 -0.090721832366943339 0.97268983923339847
v -0.1959226347351074 -0.083156072021484367 0.97925124707031252
v -0.22049781607055663 -0.038401601318359367 1.1572343310546873
v -0.052764397033691401 -0.11589268963623046 0.78452940368652346
v -0.10770658282470702 -0.04110550155639648 1.1787444980468749
v -0.43574107038879395 -0.097762375946044922 0.82999535636901856
v -0.42756980728149407 -0.090682809539794906 0.91513634341430661
v -0.3623220170593261 -0.10708095156860352 0.63336101873779294
v -0.27092433184814452 -0.096573122131347652 0.49053596173095704
v -0.56389000820922841 -0.11658024142456055 0.68397086285400388
v -0.54161306777954099 -0.098466551818847642 0.78541826779174806
v -0.56869663104248036 -0.11692220706176756 0.60696420144653318
v -0.47175522015380861 -0.11589393591308594 0.62887490008544922
v -0.37606080740356446 -0.10342193884277344 0.46673794027709964
v -0.22351994521586099 -0.073821223780314138 0.31543448640950522
v -0.72335879473876952 -0.092052093597412107 0.60938682077026374
v -0.71445684790039066 -0.09069483920288085 0.71379136196899418
v -0.58648816564941408 -0.10727779901123047 0.4771625183105469
v -0.52502600836181645 -0.11403051455688477 0.53442999630737298
v -0.42198512268066407 -0.096576479736328116 0.36840294592285155
v -0.76357137814331066 -0.11658025994873047 0.44989815899658203
v -0.77733430380249025 -0.098466865631103517 0.55284620831298825
v -0.74175048995971693 -0.11692222564697266 0.37589176507568361
v -0.65814871612548831 -0.11589424700927733 0.429636578125
v -0.51277133908081052 -0.10342240444946289 0.31000701702880862
v -0.34863018873596197 -0.073607745071411129 0.16284444421386718
v -0.25090243186442057 -0.067008691157023112 0.22872759340413412
v -0.88791422070312498 -0.092052212768554686 0.32527066885375977
v -0.915257528076172 -0.090694844085693352 0.4264235186157227
v -0.71407446417236331 -0.10727807537841796 0.2478329960327148
v -0.67590537036132825 -0.11403057797241212 0.32266812829589842
v -0.52229409750366207 -0.09657680459594728 0.2018956993408203
v -0.87115374963378911 -0.11658085128784179 0.16164693197631838
v -0.91929680062866215 -0.098467234497070302 0.25367919134521483
v -0.82533718991088867 -0.1169227900390625 0.099566796478271491
v -0.76515881988525392 -0.11589480126953125 0.17866389990234374
v -0.58763299270629887 -0.10342298815917968 0.11597078161621094
v -0.38305798092651377 -0.073608147201538091 0.033822611373901364
v -0.12149833236694338 -0.045458571044921868 0.0062432968444824316
v -0.94537254281616212 -0.09205227853393555 0.0020073345947265626
v -1.0056633429260253 -0.090695214569091798 0.087708245086669925
v -0.75553127593994152 -0.10727817590332031 -0.011303633239746093
v -0.74525941976928711 -0.11403111520385742 0.072073217437744141
v -0.55960513659667965 -0.096577157623291027 0.011122221740722655
v -0.87366369354248041 -0.11658376144409179 -0.14601807177734374
v -0.95037672555541985 -0.098467274688720685 -0.076000503997802726
v -0.80937930035400396 -0.11692722143554687 -0.18868486804199219
v -0.77987794696044921 -0.11589515325927732 -0.093773687683105469
v -0.59161526644897466 -0.10342305575561524 -0.091968338775634775
v -0.37128109696960454 -0.073608194717407219 -0.099193563949584965
v -0.88881317306518559 -0.092063693908691402 -0.32141594808959961
v -0.97478956851196286 -0.090717392150878901 -0.26150600625610354
v -0.70585930316162104 -0.10727995312499999 -0.2689929045410156
v -0.724724890411377 -0.11403365802001952 -0.18713136111450196
v -0.52941711752319343 -0.09657725750732421 -0.18090794711303712
v -0.77079032855224616 -0.11658406436157226 -0.43598577795410159
v -0.86682628991699218 -0.098471112884521483 -0.39642822363281249
v -0.69579026824951173 -0.1169275343322754 -0.45409278890991212
v -0.70052954858398442 -0.11589570306396484 -0.35481579174804689
v -0.52423781115722656 -0.1034231916809082 -0.28872950024414068
v -0.31472040750122066 -0.073608010360717763 -0.22015993395996092
v -0.1249352269897461 -0.046905113037109369 -0.088914908142089827
v -0.72503720922851556 -0.092063670654296881 -0.60598656762695313
v -0.82631884521484378 -0.090717679870605472 -0.57909561437988288
v -0.57104653216552725 -0.10727974206542969 -0.49415123858642579
v -0.61677255120849606 -0.11403386779785156 -0.42367941986083985
v -0.43537185211181639 -0.096577032196044937 -0.35103192849731446
v -0.57494634387207033 -0.11658341918945311 -0.67328050799560546
v -0.67872033053588865 -0.098470746765136702 -0.66895485998535165
v -0.49827643371582031 -0.11692690414428711 -0.66464403704833985
v -0.53668484344482426 -0.11589514672851561 -0.57297521594238288
v -0.39362787844848635 -0.10342265045166016 -0.45057924951171874
v -0.22019829281616213 -0.073608952972412101 -0.31448544064331052
v -0.47380901971435541 -0.092063425537109375 -0.81738074279785145
v -0.57817948275756836 -0.090717046508789062 -0.82675154901123049
v -0.36735538159179687 -0.10727971307373046 -0.65962213171386708
v -0.4344262475891113 -0.1140333272705078 -0.60903925836181638
v -0.2652860069732666 -0.098759841781616203 -0.5065710689086913
v -0.30975486709594724 -0.11658437994384764 -0.82928320767211916
v -0.40874945779418947 -0.098470825927734373 -0.86071070223999024
v -0.24066215234374999 -0.11693300805664061 -0.79494500747680663
v -0.3081070653686524 -0.1158960283203125 -0.72194044635009769
v -0.16092021463012696 -0.10236056533813477 -0.57115690429687505
v -0.13961329494222005 -0.075563812123616528 -0.37179404683430994
v -0.013855307037353517 -0.04594013731384277 -0.12556221633911133
v -0.16541026113891602 -0.092155659790039063 -0.93010646536254882
v -0.2603022210083008 -0.090722212341308589 -0.97460570458984375
v -0.1193082230834961 -0.10754862371826174 -0.74547219372558593
v -0.19967973266601563 -0.11404616394042968 -0.7208544797363281
v -0.0063512521667480476 -0.1226476821899414 -0.88616766799926761
v -0.089336327758789053 -0.099237474670410164 -0.94865815649414076
v 0.048036129425048826 -0.13238853250122068 -0.83191281393432615
v -0.041804466186523441 -0.11989780480957031 -0.78438581982421873
v -0.043812465393066408 -0.10351123394775391 -0.58523948394775394
v 0.046060337036132805 -0.11528952822875976 -0.59391733441162098
v -0.083564153213500983 -0.091169951004028318 -0.5008152644348145
v 0.047051409805297859 -0.077520614700317375 -0.37784990742492675
v 0.074330412495930989 -0.047410082560221348 -0.14026470505777994
v 0.061627718048095706 -0.1328881115722656 -0.74886936135864257
v 0.13739411679077151 -0.13519294924926756 -0.77574367752075202
v 0.18630254129028317 -0.12050783499145508 -0.57821391653442389
v 0.21853148530578614 -0.13627500650024416 -0.76910212110900877
v 0.18865855895996092 -0.1314265476074219 -0.66959154284667977
v 0.091001512969970694 -0.10600468896484372 -1.0074548417663574
v 0.16368902468872071 -0.049975617126464839 -1.1683401377868652
v 0.16628460482788085 -0.10922191998291014 -0.98841331594848647
v 0.27245774516296389 -0.10623520034790039 -0.97664378330993662
v 0.15847928397115074 -0.071045271433512372 -0.29982318262736007
v 0.27329310012817387 -0.079397862854003909 -0.27123848626708985
v 0.37652789959716798 -0.13514438903808595 -0.66063676147460937
v 0.23840452202606202 -0.10998652092742919 -0.4913589591827392
v 0.46627578704833994 -0.13623913513183594 -0.59495102073669437
v 0.50762829818725586 -0.136059770111084 -0.66190707138061522
v 0.40052476684570315 -0.11959103335571289 -0.44854009191894528
v 0.41311452966308598 -0.11892460702514648 -0.86744580651855474
v 0.53845983061218261 -0.06146700204467774 -1.0169936506347654
v 0.47675380404663081 -0.12068900012207032 -0.82214495434570312
v 0.6885665259094238 -0.059707636413574211 -0.92557658850097657
v 0.63170704895019525 -0.10198999230957032 -0.81488640661621092
v 0.36907927657063805 -0.087380967157999673 -0.21653289550272622
v 0.15039954994710286 -0.048142046213785802 -0.070148461252848293
v 0.57362813320922867 -0.13575312760925295 -0.6007324672241211
v 0.56860238772583016 -0.13354305621337889 -0.46362942276000979
v 0.44143409960937502 -0.11271828302001952 -0.34832015100097657
v 0.74163374798583992 -0.12068817349243163 -0.59472900421142583
v 0.79806061676025397 -0.11841204196166993 -0.53999142288208013
v 0.96384892059326166 -0.059707602172851565 -0.63421614736938481
v 0.35302412762451174 -0.076782809661865237 -0.11925645858764647
v 0.71354442517089833 -0.13514430206298828 -0.26389429449462892
v 0.52793733909606932 -0.10998636408233642 -0.14162062417602539
v 0.74007429406738279 -0.13623783683776855 -0.15588792779541016
v 0.81479051403808589 -0.1360591330871582 -0.18059839096069336
v 0.60353751837158209 -0.12050740951538086 -0.074219455596923833
v 0.87450482684326158 -0.11892421765136718 -0.39880117672729487
v 1.0976143064270019 -0.050231591583251953 -0.43319083090209959
v 0.89413726651000969 -0.12068877053833009 -0.32319265542602538
v 0.78846261099243153 -0.1351920590209961 0.010706070739746096
v 0.69374855175781258 -0.13142608947753909 -0.059474455322265626
v 0.59278225946044916 -0.11528871667480467 0.06648795483398437
v 0.74791486447143551 -0.13288676501464844 0.08012276690673828
v 0.87010323092651376 -0.12264249179077147 0.17253801034545901
v 0.95534339520263667 -0.1194898504638672 -0.065509579925537104
v 1.141735047027588 -0.065455861511230465 -0.029204444610595709
v 1.002795247406006 -0.10922545928955077 0.021269289337158201
v 0.95585859317016608 -0.11809673876953124 0.089259664062500008
v 1.1583285089843753 -0.053830221997833258 0.14207012696304322
v 1.0135695856811524 -0.092315880468749986 0.22428864873657228
v 0.67160923928833005 -0.11404571859741211 0.33160544802856445
v 0.71079686340332038 -0.10754622271728514 0.25724248004150385
v 0.90986662142944341 -0.090738830230712886 0.4378381720275879
v 0.92966913784790051 -0.083224938598632808 0.36358009457397461
v 1.1138318375549316 -0.037745155639648441 0.38311232955932623
v 0.47711762619018555 -0.091169599227905268 0.17645159654235837
v 0.56747835058593743 -0.10351044921874999 0.1531602809448242
v 0.76349447375488277 -0.11989409808349609 0.18836611712646484
v 0.91604420196533209 -0.099220268463134767 0.26558554696655273
v 0.084489129394531265 -0.04404135888671875 -0.029399366210937493
v 0.80784968261718748 -0.070929854553222677 -0.78382481774902357
v -0.048262229492187503 -0.044012129882812501 0.083059929687500006
v -0.24495316992187502 -0.10348496874999999 0.89748545068359376
v -0.94160171093750011 -0.081811426879882812 -0.40765718164062503
v -0.74514576745605465 -0.081811188232421866 -0.70508130566406246
v -0.45881275817871092 -0.081811134033203128 -0.91737722277832023
v -0.117068947265625 -0.08212310498046875 -1.0189638310546876
f 1 2995 2763
f 2995 2742 2763
f 2179 2742 2720
f 2179 2181 2742
f 2180 2743 786
f 2179 2743 2180
f 2180 2181 2179
f 788 2744 2180
f 2181 2180 2744
f 1087 2183 4
f 2182 2183 1087
f 2727 2183 2745
f 2183 2182 2745
f 2184 2186 5
f 2186 2184 2185
f 2185 2746 2186
f 2187 2189 6
f 2188 2189 2996
f 2189 2187 2996
f 2190 2590 7
f 2590 2190 2192
f 2191 2747 2192
f 1874 2195 2193
f 799 2194 2942
f 2748 2194 799
f 2195 2197 8
f 2196 2195 2748
f 2195 2194 2748
f 2196 2197 2195
f 2197 2196 2022
f 2200 2588 2198
f 2588 2200 9
f 2199 2198 2749
f 2199 2200 2198
f 2200 2199 802
f 2203 2586 2201
f 2586 2203 10
f 2202 2201 2750
f 2202 2203 2201
f 2203 2202 1088
f 2206 2584 2204
f 2584 2206 11
f 2205 2204 2751
f 2205 2206 2204
f 2206 2205 1297
f 2209 12 2207
f 2208 2207 2752
f 2208 2753 2207
f 2753 2209 2207
f 2209 2753 1479
f 2212 13 2210
f 2211 2210 2754
f 2211 2755 2210
f 2755 2212 2210
f 2212 2755 1576
f 2214 2213 2756
f 2214 2757 2213
f 2757 2215 2213
f 2215 2757 1718
f 2218 15 2216
f 2217 2216 2758
f 2217 2759 2216
f 2759 2218 2216
f 2218 2759 1875
f 1 2763 2997
f 2763 2760 2997
f 2221 2760 2219
f 2220 2761 816
f 2761 2221 2764
f 2764 2221 2219
f 2220 2762 2761
f 2221 2761 2762
f 2219 2760 2763
f 2223 2765 818
f 2764 2765 2223
f 2764 2222 2765
f 2222 2764 2219
f 816 2761 2223
f 2223 2761 2764
f 2219 2763 2222
f 2224 2766 820
f 2765 2766 2224
f 2765 2181 2766
f 2765 2222 2181
f 818 2765 2224
f 2181 2763 2742
f 2222 2763 2181
f 2225 2744 788
f 2766 2744 2225
f 2766 2181 2744
f 820 2766 2225
f 20 1084 2
f 2599 1084 20
f 1299 3 21
f 1720 23 1727
f 2027 25 1103
f 2193 26 42
f 2193 42 823
f 2226 27 2227
f 2226 2227 1095
f 2228 28 44
f 2228 44 825
f 2229 29 2230
f 2229 2230 1097
f 2160 13 1582
f 2160 1480 13
f 2159 1577 14
f 2231 1582 13
f 2158 15 1879
f 2158 1719 15
f 2157 1876 16
f 2232 1879 15
f 2025 2619 17
f 903 2611 18
f 2025 17 35
f 1091 2601 19
f 903 18 36
f 1299 2609 3
f 1091 19 37
f 1301 39 21
f 2235 1582 31
f 2237 1879 33
f 828 2245 35
f 1100 47 36
f 1351 2246 37
f 39 1301 844
f 2233 22 2768
f 831 24 2247
f 42 2241 49
f 1488 2032 2241
f 44 2243 50
f 1728 1116 2243
f 64 31 835
f 65 33 837
f 47 1100 2031
f 57 71 2768
f 49 2248 1589
f 43 61 2249
f 43 2249 1731
f 1308 50 848
f 45 62 2151
f 45 2151 1117
f 30 63 850
f 52 2238 1493
f 66 2033 46
f 54 2240 1729
f 2034 67 47
f 68 1316 48
f 846 56 39
f 1781 71 57
f 72 1883 2247
f 2252 72 59
f 2038 2252 1730
f 49 73 2248
f 2558 857 60
f 853 857 2558
f 1123 2249 2153
f 2262 848 50
f 50 74 2262
f 62 75 2151
f 1591 850 63
f 1591 63 76
f 64 77 51
f 77 1495 51
f 65 78 53
f 78 1733 53
f 2254 52 1493
f 1126 54 1729
f 2257 83 1520
f 1520 83 1496
f 1734 2257 1520
f 1745 2257 1734
f 2259 84 2258
f 2258 84 1884
f 2037 2259 2258
f 2039 2515 1886
f 2261 2153 86
f 2153 1317 86
f 2261 1130 2153
f 2769 1499 87
f 1498 1499 859
f 1739 2263 1132
f 2264 1495 77
f 2264 1739 1495
f 2266 52 2265
f 2267 1733 78
f 2267 2044 1733
f 1135 2268 1126
f 2147 1133 79
f 1126 2268 79
f 2269 81 1540
f 1502 81 1119
f 2271 2270 1558
f 1593 70 1114
f 1741 1742 2271
f 2770 2271 1742
f 2770 2270 2271
f 2140 2272 1746
f 1890 94 2272
f 2518 1892 92
f 2273 1892 2518
f 1894 2273 1837
f 1891 2274 863
f 2274 1891 2275
f 2275 2046 2274
f 2771 2046 2275
f 2276 94 1890
f 868 2276 862
f 2278 2277 2041
f 2277 1138 2041
f 864 96 2278
f 95 2046 2279
f 2280 2772 866
f 1139 97 2772
f 1139 2772 2280
f 2281 866 2772
f 2263 88 2282
f 1132 2263 2282
f 2283 98 1505
f 1141 2283 1505
f 2285 2507 2284
f 2285 89 2507
f 2286 88 2534
f 2774 2287 1500
f 2287 89 2530
f 1595 1597 2288
f 2775 2288 1597
f 2775 2289 2288
f 1601 90 2289
f 1889 2050 2290
f 2050 2776 2290
f 867 103 2291
f 2291 2292 867
f 2294 2295 1142
f 2296 103 2493
f 103 867 2493
f 2297 2298 105
f 2298 1324 105
f 2299 104 1142
f 2300 104 2299
f 1254 2300 2299
f 2301 2281 1508
f 1326 2281 2301
f 2484 98 1603
f 1505 98 2484
f 2302 1567 1510
f 2303 1323 99
f 1600 1323 2303
f 1604 1603 2304
f 1747 1750 2305
f 1749 99 2777
f 1750 2777 2305
f 2049 1893 2306
f 1893 2778 2306
f 2307 101 2053
f 1948 2307 2130
f 874 102 2308
f 2054 2309 112
f 2309 1145 112
f 2310 1327 1545
f 1545 1147 2310
f 1511 114 2311
f 1512 114 1511
f 2311 114 2312
f 1544 2311 2312
f 1544 1329 2311
f 2314 115 2313
f 2314 2313 1514
f 1606 115 2314
f 1610 114 1512
f 1612 1610 1512
f 2315 1682 1607
f 2315 1753 116
f 2316 115 1606
f 102 874 2317
f 2318 871 2319
f 109 2318 2319
f 119 138 879
f 877 112 1330
f 2054 112 877
f 2434 1333 1152
f 893 1335 2320
f 2320 122 893
f 1546 122 2432
f 1517 124 1614
f 1609 146 124
f 1611 125 1909
f 2119 2057 125
f 2321 2118 894
f 126 2118 1758
f 126 894 2118
f 1759 127 1760
f 128 1762 1336
f 1336 1762 2322
f 1336 2322 1903
f 116 1906 1904
f 1906 2323 1904
f 117 1897 2060
f 2062 2060 1897
f 2324 118 885
f 2325 118 887
f 2326 887 118
f 1156 2414 111
f 1156 111 875
f 1046 1160 2327
f 1156 875 2327
f 890 2465 2328
f 2328 2465 110
f 2328 880 881
f 2328 110 880
f 890 2328 2109
f 1347 1158 143
f 1756 145 1551
f 125 148 1993
f 125 1993 1909
f 2057 149 148
f 127 151 1237
f 130 155 2329
f 130 2059 1613
f 131 2061 157
f 158 157 1763
f 161 2108 897
f 135 1160 1161
f 164 1157 1339
f 1340 2330 891
f 1523 165 1320
f 1162 134 162
f 898 134 1162
f 163 1343 889
f 1341 889 1343
f 1526 135 1528
f 136 1768 1767
f 1910 1523 1911
f 1523 1910 165
f 137 1530 1320
f 1621 1519 138
f 1620 1519 1621
f 139 1769 138
f 121 905 2065
f 2065 1152 121
f 904 141 892
f 893 142 892
f 1347 1346 1158
f 1551 145 1624
f 1772 1614 146
f 1771 1614 1772
f 218 912 1916
f 1049 220 221
f 914 220 1049
f 2331 1775 1830
f 233 217 2331
f 2001 2407 217
f 2001 217 233
f 225 244 238
f 172 1527 2406
f 1921 239 245
f 2406 173 2333
f 2005 2333 2007
f 251 1568 237
f 923 174 930
f 932 1042 247
f 249 259 1262
f 1059 264 1699
f 1060 265 259
f 250 1701 266
f 261 938 274
f 1345 1165 176
f 1165 1358 1356
f 1579 263 1635
f 1703 1704 264
f 1704 1699 264
f 259 265 1880
f 934 268 861
f 1532 1453 1358
f 1360 1635 270
f 1579 1635 1360
f 1703 271 1704
f 1880 265 1637
f 280 1063 281
f 940 282 1362
f 271 276 1459
f 1455 271 1459
f 941 2336 1641
f 1637 2336 941
f 280 943 944
f 286 1640 1925
f 2337 287 2008
f 2337 1459 287
f 1459 2337 2009
f 941 1641 945
f 1065 297 291
f 1836 180 1929
f 293 1709 1710
f 1711 302 2338
f 2337 294 1927
f 2339 951 303
f 2339 303 1955
f 1931 2339 1955
f 292 1367 298
f 2096 1941 302
f 314 307 298
f 308 950 1934
f 1935 308 1934
f 1823 316 1821
f 2014 1958 302
f 313 322 314
f 313 321 322
f 1068 1936 315
f 323 315 1936
f 953 1963 325
f 1467 321 1466
f 1348 1168 184
f 1371 1168 1348
f 323 1938 1939
f 1824 323 1939
f 2015 2016 1940
f 1984 333 1963
f 1962 1984 1963
f 1469 1644 331
f 2340 2015 332
f 2015 2340 1983
f 1713 187 1712
f 350 344 960
f 352 1943 351
f 328 361 1471
f 1377 361 328
f 369 962 1471
f 1074 366 1073
f 373 1378 371
f 1649 329 1648
f 962 375 374
f 375 963 376
f 372 377 964
f 372 371 1378
f 363 362 1077
f 1472 390 384
f 1073 363 381
f 364 381 383
f 1536 384 464
f 1374 319 1203
f 416 1650 417
f 1197 424 422
f 1197 423 424
f 419 421 427
f 421 422 432
f 426 431 429
f 1198 421 432
f 429 431 436
f 256 1210 1240
f 447 1242 444
f 1432 444 445
f 246 245 253
f 1203 1080 387
f 1353 246 262
f 970 474 1987
f 160 1987 474
f 1839 459 397
f 374 446 330
f 330 1649 374
f 446 1800 1434
f 1205 478 1201
f 478 1080 1203
f 1246 1943 352
f 1793 344 350
f 1632 1693 222
f 1450 250 266
f 1368 1363 282
f 486 322 476
f 1802 475 488
f 441 485 434
f 442 485 441
f 1251 373 490
f 491 1250 490
f 471 2087 1210
f 439 428 974
f 443 439 974
f 254 425 232
f 395 426 972
f 474 170 496
f 780 496 497
f 499 494 401
f 506 198 197
f 1803 1447 222
f 1871 1841 223
f 1841 1631 223
f 1040 1206 226
f 226 1206 225
f 1430 423 1197
f 420 1474 419
f 979 1253 395
f 1253 1539 395
f 400 1473 401
f 1381 1475 406
f 1651 416 214
f 211 917 918
f 1627 207 206
f 1556 501 200
f 1630 501 1556
f 1917 911 216
f 911 1629 216
f 910 1629 911
f 221 1392 1919
f 1239 221 1919
f 1239 1049 221
f 2342 345 1072
f 470 260 267
f 1843 514 515
f 1656 1616 1654
f 1338 157 1436
f 155 130 1061
f 1214 155 1061
f 982 154 895
f 982 521 1992
f 1846 522 1804
f 1615 1522 152
f 150 1237 1259
f 1259 882 150
f 1053 126 882
f 126 1053 909
f 528 1409 2343
f 909 528 2343
f 1694 1772 146
f 206 208 205
f 536 205 208
f 1950 1849 540
f 544 1553 546
f 1219 548 998
f 1219 550 548
f 995 549 785
f 1950 541 992
f 1996 541 1950
f 1081 1221 997
f 996 1996 993
f 2080 996 993
f 542 1217 1222
f 1440 1398 544
f 1441 552 561
f 1031 562 2344
f 1031 2344 1225
f 1001 1031 1225
f 1188 555 1271
f 555 1081 1267
f 1852 558 1799
f 1817 1852 1799
f 518 1227 1213
f 2345 1196 1229
f 1818 1817 570
f 2348 1258 519
f 1269 1258 2348
f 570 587 1004
f 1818 570 1004
f 1005 571 1853
f 1276 565 582
f 1275 585 1856
f 1663 521 1554
f 585 593 1666
f 1856 585 1666
f 2349 1778 596
f 1690 1778 2349
f 1777 592 2350
f 1395 2350 597
f 1666 1783 2078
f 1666 593 1783
f 1981 586 598
f 610 1981 598
f 1981 610 1780
f 1395 608 1394
f 2078 2351 1012
f 1860 607 1010
f 608 1862 1394
f 1865 623 1018
f 625 1177 1017
f 1406 626 617
f 1283 622 1974
f 1176 622 1283
f 2003 1974 1972
f 1990 927 2353
f 1177 633 1232
f 619 628 1786
f 1669 629 628
f 1407 630 638
f 1282 630 1407
f 1182 1232 641
f 1787 636 637
f 1410 638 1976
f 1410 1976 645
f 647 978 969
f 1414 642 1413
f 2354 642 1414
f 651 1413 637
f 2073 1672 1978
f 1978 2030 1979
f 2030 1978 645
f 1869 1790 653
f 1982 653 2055
f 1417 348 2071
f 349 1673 1674
f 1674 1032 349
f 349 1032 961
f 1943 670 351
f 677 678 676
f 657 658 659
f 672 1028 674
f 699 698 704
f 700 699 1794
f 966 389 703
f 2356 702 1559
f 643 1415 650
f 717 725 730
f 726 717 730
f 1679 728 1424
f 739 732 2068
f 738 2068 732
f 734 733 772
f 603 1279 1396
f 1277 590 1667
f 1023 753 1840
f 750 1289 1389
f 1293 633 625
f 758 702 701
f 1238 1793 667
f 203 202 482
f 1236 549 999
f 1563 557 1561
f 588 1008 1564
f 759 1008 588
f 1797 729 734
f 1233 637 628
f 1023 765 1234
f 1385 660 680
f 989 752 751
f 760 738 737
f 2068 761 1683
f 658 657 697
f 410 405 710
f 418 417 411
f 211 1169 537
f 209 208 207
f 545 1548 1553
f 543 2357 1382
f 990 1953 540
f 783 535 1685
f 1691 1684 201
f 537 539 1442
f 215 1692 538
f 1212 1549 513
f 1235 707 779
f 1235 779 1286
f 715 1286 714
f 1287 715 716
f 717 718 1573
f 1828 718 1986
f 1828 1986 1034
f 1956 551 1266
f 785 549 1236
f 989 762 1039
f 707 1189 1033
f 587 595 1004
f 595 1194 1004
f 588 1194 759
f 644 637 773
f 764 644 773
f 769 785 482
f 785 512 482
f 1653 482 512
f 782 503 512
f 782 512 785
f 753 749 1426
f 727 1426 749
f 1428 989 751
f 1683 989 1039
f 1002 1683 1039
f 1002 572 1427
f 1002 1003 572
f 762 989 1428
f 1428 751 581
f 689 744 743
f 676 675 679
f 678 677 673
f 678 673 1284
f 1284 673 674
f 758 766 757
f 668 656 2358
f 2358 669 354
f 669 1296 768
f 656 641 2358
f 2358 1296 669
f 768 1296 767
f 641 1296 2358
f 648 641 656
f 767 1295 1293
f 1293 766 767
f 767 1296 1295
f 1295 1296 641
f 2358 354 668
f 354 1072 668
f 668 1071 481
f 553 573 763
f 782 785 1236
f 500 782 1813
f 1691 500 1813
f 1813 782 1236
f 769 550 1219
f 769 1219 785
f 785 1219 995
f 202 1956 550
f 550 769 202
f 1956 202 536
f 1956 1266 550
f 551 536 208
f 1956 536 551
f 1288 720 721
f 721 1384 1288
f 1288 1384 414
f 721 1678 1384
f 1678 414 1384
f 414 1678 713
f 1678 721 722
f 1678 722 1692
f 713 1678 1692
f 215 713 1692
f 720 1288 711
f 712 711 1288
f 1288 414 712
f 720 711 1034
f 720 1986 719
f 1034 1986 720
f 710 1827 711
f 711 1827 1034
f 1827 1828 1034
f 1827 709 1572
f 1828 1572 1573
f 1828 1827 1572
f 1828 1573 718
f 1573 1572 1677
f 709 708 1572
f 708 1677 1572
f 717 1573 1677
f 708 1287 1677
f 1287 716 1677
f 1677 716 717
f 402 1285 708
f 402 708 399
f 1285 1287 708
f 1286 715 1285
f 1285 715 1287
f 714 1286 779
f 705 1033 1189
f 1212 707 1235
f 1189 707 1212
f 781 1235 1286
f 1285 781 1286
f 781 1285 402
f 493 1549 781
f 1235 781 1549
f 1549 1212 1235
f 1549 493 513
f 710 407 1827
f 539 538 1692
f 539 1692 553
f 1442 539 553
f 553 1692 722
f 1442 1083 537
f 208 1083 551
f 1083 552 551
f 1442 552 1083
f 1083 208 209
f 1684 1691 1715
f 547 1715 1691
f 547 1691 1850
f 1850 1691 1236
f 1236 1691 1813
f 1548 783 1553
f 1553 783 1685
f 1826 1553 1685
f 546 1553 1826
f 1826 1715 547
f 1826 547 546
f 1685 1684 1715
f 1826 1685 1715
f 1684 1685 535
f 543 1386 1216
f 1386 534 2359
f 1265 2359 534
f 1386 2359 1216
f 1263 2359 1265
f 1216 2359 1263
f 1548 1265 534
f 532 2066 784
f 514 496 1687
f 1687 496 780
f 1953 1952 2026
f 188 2026 1952
f 1953 990 1952
f 1952 990 532
f 532 990 2066
f 2066 990 1810
f 784 2066 1957
f 1957 2066 1810
f 784 1687 780
f 784 1957 1687
f 1687 1957 1809
f 1957 1810 2360
f 1957 2360 1809
f 1687 1809 514
f 192 534 1386
f 192 1386 533
f 1386 543 533
f 1383 193 533
f 193 1383 507
f 1382 533 543
f 1383 533 1382
f 188 507 1383
f 1383 2026 188
f 2067 1383 1382
f 2067 2026 1383
f 1953 2026 2067
f 1953 2067 1998
f 540 1953 1998
f 783 1548 987
f 196 783 987
f 1265 1548 545
f 987 1548 534
f 784 780 497
f 497 509 784
f 532 784 509
f 193 507 194
f 192 533 1350
f 783 196 504
f 534 192 987
f 987 192 197
f 197 192 506
f 504 535 783
f 201 500 1691
f 201 501 500
f 503 782 500
f 205 536 202
f 537 1169 539
f 414 713 418
f 414 418 411
f 712 414 408
f 408 414 411
f 410 710 711
f 709 407 406
f 402 498 781
f 514 1843 474
f 474 496 514
f 498 493 781
f 393 346 465
f 393 657 346
f 697 657 393
f 714 779 723
f 723 779 706
f 779 707 706
f 1033 706 707
f 553 574 573
f 722 739 574
f 721 739 722
f 553 722 574
f 721 732 739
f 762 561 763
f 582 561 762
f 451 778 743
f 457 778 451
f 662 778 457
f 2068 1683 1425
f 1427 575 1425
f 572 575 1427
f 1427 1425 1683
f 761 738 760
f 989 1683 761
f 761 752 989
f 1683 1002 1427
f 2070 688 689
f 689 688 744
f 744 688 741
f 692 1385 685
f 662 693 778
f 778 693 743
f 689 743 693
f 1041 663 777
f 1385 692 1041
f 660 1041 777
f 1041 660 1385
f 777 358 661
f 358 777 663
f 662 359 664
f 663 664 359
f 675 685 680
f 658 660 659
f 680 660 658
f 660 777 661
f 664 663 1041
f 691 664 1041
f 692 691 1041
f 1187 692 685
f 692 1187 690
f 689 693 690
f 691 693 662
f 355 659 661
f 355 661 356
f 658 675 680
f 356 661 357
f 680 685 1385
f 678 1030 675
f 678 675 676
f 764 773 774
f 774 765 764
f 764 765 1023
f 771 773 1233
f 776 773 771
f 772 771 621
f 1233 629 771
f 774 776 765
f 772 775 771
f 776 771 775
f 776 775 765
f 774 773 776
f 621 771 629
f 770 734 772
f 770 772 620
f 733 775 772
f 775 1234 765
f 637 1233 773
f 629 1233 628
f 772 621 620
f 1669 621 629
f 620 1403 605
f 1397 1403 603
f 605 1403 1397
f 1403 613 603
f 1403 620 1785
f 1403 1785 1784
f 1403 1784 613
f 652 644 764
f 605 770 620
f 733 727 775
f 1797 734 770
f 605 1797 770
f 729 1797 735
f 590 581 751
f 1037 755 754
f 586 1291 598
f 1290 610 598
f 1290 598 1291
f 755 586 1007
f 586 755 1291
f 1008 759 754
f 754 755 1007
f 1007 1008 754
f 1007 586 569
f 1564 571 579
f 579 588 1564
f 1564 1008 1563
f 1563 1007 569
f 1008 1007 1563
f 1564 1562 571
f 1562 1564 1561
f 1562 559 571
f 557 1563 564
f 1563 1561 1564
f 564 1563 569
f 1562 1561 1659
f 557 1659 1561
f 2069 1236 559
f 1236 999 559
f 546 1686 1814
f 1562 1686 2069
f 1814 1686 1659
f 1562 1659 1686
f 2069 559 1562
f 1814 1659 557
f 1686 546 547
f 1686 547 1850
f 1850 1236 2069
f 1850 2069 1686
f 202 769 482
f 755 618 1291
f 618 1193 1291
f 1193 1290 1291
f 1290 1192 610
f 610 1192 616
f 1038 1290 1193
f 1290 1038 1192
f 618 756 1193
f 1193 756 1038
f 616 1192 1226
f 1192 1038 1292
f 1292 1226 1192
f 1292 1038 1294
f 1038 757 1294
f 1292 625 1226
f 625 1292 1293
f 1186 1419 1238
f 1419 1186 481
f 2361 481 1186
f 668 481 2361
f 1419 1793 1238
f 701 1676 670
f 767 701 768
f 670 768 701
f 758 701 766
f 701 767 766
f 1292 766 1293
f 1294 766 1292
f 766 1294 757
f 633 1293 1295
f 633 1295 1232
f 1232 1295 641
f 1421 1388 1035
f 686 1388 1421
f 750 1388 686
f 1389 1388 750
f 686 652 750
f 1035 1388 742
f 742 1388 1389
f 1289 747 1389
f 742 1389 747
f 753 1023 749
f 1023 1840 1289
f 1289 1840 747
f 753 1033 705
f 1426 1033 753
f 706 1033 1426
f 775 727 1234
f 1234 727 749
f 1023 1234 749
f 764 1023 1289
f 764 1289 750
f 652 764 750
f 460 1189 2362
f 2362 1189 1212
f 166 1212 513
f 474 1843 160
f 1842 160 1843
f 762 1428 582
f 1039 762 763
f 1039 763 573
f 1039 573 1003
f 1039 1003 1002
f 761 760 752
f 736 1872 760
f 760 1872 752
f 752 1872 590
f 758 1559 702
f 643 1559 1671
f 561 582 565
f 1810 990 1849
f 540 1849 990
f 1848 1809 2360
f 2360 1810 1849
f 515 514 1809
f 737 736 760
f 601 1009 595
f 595 1009 1194
f 759 1194 1036
f 1037 754 759
f 1037 759 1036
f 612 1037 1036
f 1036 1009 600
f 1194 1009 1036
f 758 757 1559
f 635 1559 757
f 635 1671 1559
f 635 756 627
f 756 635 757
f 757 1038 756
f 756 618 627
f 618 755 1037
f 618 612 1401
f 618 1037 612
f 1036 600 612
f 1552 604 1667
f 1667 590 1552
f 1552 590 1872
f 1668 1552 1872
f 606 1668 1872
f 1171 594 602
f 595 1171 601
f 602 594 589
f 1667 589 1277
f 1667 602 589
f 1667 604 602
f 747 1840 705
f 753 705 1840
f 742 747 748
f 747 705 1200
f 590 751 752
f 1396 1397 603
f 907 737 719
f 460 1200 1189
f 1200 705 1189
f 748 971 456
f 971 748 1200
f 747 1200 748
f 662 457 359
f 746 748 456
f 456 453 746
f 742 748 746
f 453 452 746
f 452 740 746
f 1035 746 740
f 742 746 1035
f 452 745 740
f 452 444 745
f 745 741 740
f 444 1242 745
f 745 1242 741
f 1242 447 450
f 1242 450 744
f 741 1242 744
f 451 744 450
f 744 451 743
f 1680 687 1421
f 1421 1035 740
f 1680 1421 740
f 687 1680 1675
f 688 1675 1680
f 741 688 1680
f 741 1680 740
f 736 606 1872
f 605 606 1797
f 1797 606 735
f 736 735 606
f 1425 739 2068
f 761 2068 738
f 574 1425 575
f 1425 574 739
f 574 575 1003
f 737 738 719
f 737 907 731
f 736 737 731
f 736 731 735
f 731 730 735
f 730 729 735
f 729 728 734
f 728 1679 734
f 734 1679 733
f 733 1679 727
f 727 1679 1424
f 732 719 738
f 907 726 731
f 731 726 730
f 725 729 730
f 729 725 728
f 728 725 724
f 724 723 728
f 723 706 1424
f 723 1424 728
f 706 1426 1424
f 727 1424 1426
f 719 732 721
f 907 719 718
f 907 718 726
f 717 716 725
f 715 724 725
f 715 714 724
f 714 723 724
f 721 720 719
f 1986 718 719
f 718 717 726
f 716 715 725
f 415 713 215
f 418 713 415
f 711 712 410
f 410 712 408
f 407 709 1827
f 709 399 708
f 402 399 1082
f 684 689 690
f 1559 643 2356
f 697 679 658
f 677 676 694
f 694 676 679
f 698 677 694
f 694 679 696
f 679 697 696
f 695 1027 673
f 1027 695 1985
f 1985 650 1027
f 1027 650 671
f 650 700 1795
f 1795 702 2356
f 1795 2356 650
f 650 2356 643
f 391 392 394
f 392 704 394
f 703 389 967
f 703 967 394
f 393 966 697
f 966 703 697
f 965 351 1794
f 1794 704 392
f 1794 1795 700
f 1795 1794 1676
f 351 670 1676
f 1676 1794 351
f 1794 699 704
f 394 704 698
f 394 698 703
f 696 703 698
f 703 696 697
f 1795 1676 702
f 702 1676 701
f 650 1985 700
f 1985 699 700
f 695 699 1985
f 695 677 698
f 695 698 699
f 698 694 696
f 677 695 673
f 664 691 662
f 693 691 690
f 690 691 692
f 684 690 1187
f 684 2070 689
f 2070 684 683
f 1675 2070 683
f 688 2070 1675
f 1870 683 684
f 1675 682 687
f 682 1675 683
f 687 681 1421
f 1421 681 686
f 687 682 681
f 682 1029 681
f 681 1788 686
f 686 1788 652
f 675 1030 685
f 1187 685 1030
f 1870 1187 1030
f 1870 684 1187
f 1030 678 1870
f 683 1870 678
f 683 678 1284
f 683 1284 682
f 682 1284 1029
f 1284 674 1029
f 674 1028 1029
f 681 1029 1028
f 681 1028 1788
f 1788 1028 651
f 1028 649 651
f 658 679 675
f 674 673 1027
f 672 674 1027
f 672 1027 671
f 1028 672 649
f 649 672 671
f 1415 671 650
f 339 663 359
f 663 339 358
f 670 669 768
f 669 670 1943
f 669 353 354
f 350 667 1793
f 1647 961 1032
f 1647 1026 350
f 667 350 1026
f 1026 1647 2364
f 1647 1032 2364
f 1024 1674 666
f 2071 1418 1417
f 1673 1418 666
f 1673 666 1674
f 2363 1418 2071
f 1418 2363 666
f 666 2363 1944
f 2363 2071 1944
f 1416 2071 348
f 1752 1712 187
f 1792 1416 1712
f 1712 1416 1713
f 348 1713 1416
f 1792 665 1416
f 2071 1416 665
f 1792 1712 1752
f 531 1792 1752
f 358 357 661
f 355 657 659
f 346 657 355
f 1238 667 655
f 1185 1186 1238
f 655 1185 1238
f 2361 656 668
f 2361 1186 1184
f 656 2361 1184
f 1024 1032 1674
f 1032 1024 1025
f 654 1025 1024
f 1025 2364 1032
f 1045 2364 1025
f 1026 2364 1022
f 1026 2355 667
f 1026 1022 2355
f 667 2355 655
f 1944 2365 1982
f 665 2365 2071
f 1944 2071 2365
f 1982 2365 653
f 1944 1982 2072
f 2072 666 1944
f 1024 2072 654
f 666 2072 1024
f 1982 2055 1980
f 1982 1980 2072
f 530 1789 1868
f 1807 530 1868
f 1808 1807 531
f 1868 1790 1869
f 1807 1868 531
f 531 1868 1869
f 1792 531 665
f 531 1869 665
f 2365 1869 653
f 1869 2365 665
f 660 661 659
f 656 1184 648
f 1185 1183 1184
f 1183 655 647
f 1183 1185 655
f 1185 1184 1186
f 978 2355 1022
f 655 2355 647
f 647 2355 978
f 1022 977 978
f 977 1045 1021
f 977 1022 1045
f 1022 2364 1045
f 1021 1045 654
f 654 1045 1025
f 2055 653 1978
f 2055 1978 1979
f 1980 2055 1979
f 1980 654 2072
f 1977 654 1980
f 1977 1021 654
f 1977 1980 1979
f 1021 1977 646
f 529 1670 1672
f 986 529 1672
f 530 986 1789
f 986 1672 1789
f 1789 1672 2073
f 1868 2073 1790
f 1868 1789 2073
f 653 2073 1978
f 2073 653 1790
f 1788 651 652
f 651 644 652
f 1414 1413 649
f 649 1413 651
f 1671 1412 643
f 1412 2354 643
f 642 2354 1412
f 2354 1415 643
f 649 2354 1414
f 671 2354 649
f 2354 671 1415
f 1182 641 648
f 648 1180 1182
f 1181 1182 1180
f 1180 648 1184
f 1183 1180 1184
f 640 1180 1183
f 978 2366 969
f 640 647 969
f 2366 968 2074
f 2366 2074 969
f 1020 640 969
f 647 640 1183
f 2367 1019 968
f 1019 2367 639
f 2367 646 639
f 968 2366 978
f 978 977 968
f 968 977 2367
f 2367 977 1021
f 2367 1021 646
f 1976 2019 2368
f 2368 2019 1977
f 2019 646 1977
f 639 646 2019
f 1976 2368 2030
f 1976 2030 645
f 2368 1977 1979
f 2030 2368 1979
f 2369 1670 1409
f 1670 1439 1409
f 2369 1410 1670
f 1670 529 1439
f 1439 529 2343
f 1670 1410 645
f 1672 645 1978
f 1672 1670 645
f 637 644 651
f 637 636 628
f 1408 642 634
f 636 1787 1408
f 1408 1787 642
f 1413 642 1787
f 1413 1787 637
f 1671 635 1405
f 1671 1405 1411
f 1671 1411 1412
f 634 642 1411
f 1412 1411 642
f 1181 1232 1182
f 1232 1181 1179
f 1178 1180 632
f 1180 1178 1181
f 640 957 1180
f 1020 957 640
f 1020 2074 2370
f 2370 2074 956
f 1020 2370 957
f 957 632 1180
f 956 968 1019
f 1019 631 956
f 2074 968 956
f 2074 1020 969
f 2371 1946 639
f 639 1946 1019
f 2371 1945 1946
f 1019 1946 631
f 1945 1975 630
f 1945 2371 1975
f 630 1975 638
f 2371 639 2019
f 1975 2019 1976
f 1975 2371 2019
f 638 1975 1976
f 527 1282 2075
f 1261 527 2075
f 527 1261 528
f 1282 1407 2075
f 1261 1409 528
f 1261 2075 2369
f 1261 2369 1409
f 2075 1407 2369
f 1410 2369 1407
f 1410 1407 638
f 626 1406 1786
f 626 1786 634
f 634 1786 1408
f 1408 1786 636
f 1786 628 636
f 1280 635 627
f 635 1280 1405
f 2372 1404 1405
f 1405 1404 1411
f 634 1404 626
f 1411 1404 634
f 633 1177 625
f 624 1177 1179
f 1179 1178 624
f 1179 1177 1232
f 1179 1181 1178
f 2370 928 957
f 928 632 957
f 927 2373 2370
f 2370 2373 928
f 1178 632 928
f 623 2353 1018
f 956 927 2370
f 2353 927 956
f 631 2353 956
f 2353 631 1018
f 631 1946 1018
f 1018 1946 2004
f 2003 1972 2004
f 1865 2004 1972
f 1865 1018 2004
f 1974 2003 630
f 1283 1974 630
f 2004 1945 2003
f 1945 2004 1946
f 630 2003 1945
f 526 984 1175
f 527 1175 1282
f 1175 1176 1282
f 1175 527 526
f 1176 1283 1282
f 630 1282 1283
f 628 619 1669
f 611 1406 617
f 1281 619 1406
f 1786 1406 619
f 618 1401 627
f 617 2372 1400
f 1280 1400 2372
f 627 1401 1280
f 2372 617 1404
f 1280 2372 1405
f 626 1404 617
f 1017 1226 625
f 609 1017 908
f 1017 616 1226
f 908 1177 624
f 1017 1177 908
f 1178 2374 624
f 928 2374 1178
f 1971 928 2375
f 2374 928 1971
f 624 2374 908
f 1971 2375 1973
f 2352 2374 1012
f 2374 1971 1012
f 609 908 2352
f 908 2374 2352
f 1990 615 1970
f 1973 2375 1990
f 1973 1990 1970
f 2375 928 2373
f 1990 2373 927
f 2375 2373 1990
f 1990 2353 623
f 2076 1865 1864
f 2076 623 1865
f 623 2076 1990
f 1990 2076 615
f 1864 1861 1969
f 1864 1969 1862
f 2076 1864 1862
f 615 2076 1862
f 1861 1863 614
f 1863 1861 1864
f 1972 1863 1864
f 1864 1865 1972
f 1863 1972 1974
f 1863 1974 622
f 984 983 2376
f 1016 984 2376
f 622 1176 1016
f 984 1176 1175
f 1016 1176 984
f 2376 525 1015
f 1015 1016 2376
f 983 525 2376
f 622 1016 1015
f 622 614 1863
f 614 622 1015
f 619 1784 1669
f 1784 1785 1669
f 1669 1785 621
f 621 1785 620
f 619 1281 1784
f 1281 1402 1784
f 1281 1968 1402
f 1402 613 1784
f 611 1281 1406
f 611 617 1400
f 2378 1400 1401
f 611 1400 1014
f 1401 1400 1280
f 1174 616 1017
f 1174 1017 609
f 609 1783 1172
f 1172 1174 609
f 1174 1172 616
f 608 1011 2077
f 608 2077 1970
f 2077 1012 1971
f 1973 2077 1971
f 2077 1973 1970
f 1970 615 608
f 2077 1011 1012
f 2352 2351 609
f 2351 2352 1012
f 1969 2377 1862
f 607 1969 1861
f 1861 614 607
f 607 1967 1969
f 1969 1967 2377
f 2377 1394 1862
f 615 1862 608
f 524 1966 525
f 1010 1966 1860
f 525 1966 1015
f 1966 1010 1015
f 607 614 1010
f 1010 614 1015
f 1968 613 1402
f 1279 1968 599
f 1279 613 1968
f 613 1279 603
f 599 1968 1014
f 1014 1968 611
f 611 1968 1281
f 2378 1013 1014
f 1965 1014 1013
f 1014 1965 599
f 2378 600 1013
f 1400 2378 1014
f 2378 1401 600
f 1401 612 600
f 593 1780 1172
f 593 1172 1783
f 616 1172 610
f 1172 1780 610
f 592 1011 597
f 1011 2379 1012
f 608 597 1011
f 592 1665 1011
f 2379 1666 2078
f 2379 2078 1012
f 1665 2379 1011
f 2351 2078 1783
f 2351 1783 609
f 1394 1967 596
f 1394 2377 1967
f 607 596 1967
f 608 1395 597
f 1860 1966 1859
f 1966 1847 1859
f 524 1847 1966
f 1847 1804 1859
f 1859 1690 1860
f 1860 1690 2349
f 2349 596 607
f 1860 2349 607
f 606 605 1397
f 1397 1668 606
f 1396 1668 1397
f 1552 1396 604
f 1552 1668 1396
f 604 1279 602
f 1279 604 1396
f 599 602 1279
f 602 599 1965
f 1965 601 1171
f 1171 602 1965
f 1013 601 1965
f 1009 601 1013
f 600 1009 1013
f 585 1780 593
f 2380 1665 592
f 1665 1666 2379
f 1858 2380 592
f 591 1791 1779
f 1791 1777 1395
f 1779 1791 1394
f 591 1779 1778
f 1791 1395 1394
f 596 1779 1394
f 1778 1779 596
f 2350 1395 1777
f 2350 592 597
f 1804 2381 1859
f 1688 2381 1804
f 1690 1859 2381
f 1804 1847 523
f 522 1688 1804
f 1664 2381 1663
f 2381 1664 1690
f 1664 591 1690
f 1690 591 1778
f 594 1171 1006
f 595 587 1171
f 1780 1854 1981
f 585 1854 1780
f 1981 1857 586
f 1854 1857 1981
f 584 2380 1858
f 1665 1855 1666
f 1855 1665 2380
f 584 1855 2380
f 1855 1856 1666
f 1776 1777 1791
f 583 1776 1791
f 591 583 1791
f 1776 1662 1777
f 1858 1777 584
f 1777 1662 584
f 1777 1858 592
f 522 521 1688
f 1688 1663 2381
f 1688 521 1663
f 1663 1555 1664
f 591 1664 1555
f 1663 1554 1555
f 591 1555 583
f 1277 1276 581
f 590 1277 581
f 1276 1277 589
f 594 580 1276
f 589 594 1276
f 580 594 1006
f 570 1006 587
f 1171 587 1006
f 1005 1004 579
f 1004 1194 579
f 1194 588 579
f 586 1857 569
f 1857 1854 1445
f 1857 1445 569
f 1445 1854 568
f 585 578 1854
f 1856 1819 1274
f 585 1275 578
f 1856 1274 1275
f 584 577 1819
f 584 1819 1855
f 1856 1855 1819
f 577 584 1662
f 1661 1662 1660
f 1662 1661 577
f 1660 583 576
f 1660 1662 1776
f 583 1660 1776
f 521 520 1554
f 1554 1446 1555
f 1555 1446 583
f 1444 1554 520
f 1446 1554 1444
f 583 1446 576
f 520 1443 1444
f 1444 1273 1446
f 576 1446 1273
f 581 582 1428
f 1276 582 581
f 580 1006 1799
f 580 565 1276
f 580 1799 565
f 1799 1006 570
f 1005 1818 1004
f 571 1005 579
f 1422 1445 568
f 569 1445 1422
f 578 568 1854
f 578 1275 2346
f 1272 1275 1274
f 2346 1275 1272
f 578 2346 568
f 577 567 1819
f 567 1274 1819
f 1661 1195 1196
f 1661 1196 577
f 2345 567 577
f 2345 577 1196
f 566 1195 1660
f 1661 1660 1195
f 1660 576 566
f 1443 520 1258
f 1258 1269 1443
f 2079 1444 1443
f 1273 1444 2079
f 2079 1443 1269
f 1273 2079 1270
f 576 1273 1270
f 1270 566 576
f 1003 575 572
f 574 1003 573
f 1799 1796 565
f 1799 570 1817
f 1852 1818 1815
f 1818 1852 1817
f 559 1853 571
f 1853 1815 1818
f 1853 1818 1005
f 569 1422 564
f 1423 564 1422
f 568 563 1422
f 568 2346 563
f 1268 2346 1272
f 2346 1268 563
f 2347 567 1271
f 555 2347 1271
f 1274 2347 1272
f 567 2347 1274
f 567 2345 1271
f 1229 1271 2345
f 562 1229 1195
f 1271 1229 1188
f 1190 562 1195
f 1195 1229 1196
f 1190 1195 566
f 519 1213 2348
f 1227 2348 1213
f 1269 2348 1227
f 1269 1228 2079
f 1227 1228 1269
f 1270 2079 1228
f 566 1270 1190
f 1228 1227 1224
f 2344 1270 1228
f 2344 1228 1225
f 1270 2344 1190
f 1228 1224 1225
f 1190 2344 562
f 561 560 1441
f 565 560 561
f 1816 565 1796
f 560 565 1816
f 1816 1796 558
f 1799 558 1796
f 558 1852 998
f 999 1815 559
f 559 1815 1853
f 1399 564 1423
f 564 1399 557
f 1423 1398 1399
f 1423 563 1398
f 1398 563 556
f 1422 563 1423
f 556 563 1268
f 1267 1222 1268
f 1223 556 1268
f 1268 1272 1267
f 555 1267 2347
f 2347 1267 1272
f 555 1188 1221
f 554 1220 562
f 1220 1188 1229
f 1220 1229 562
f 1031 554 562
f 1000 1001 1224
f 2382 1000 1224
f 2382 517 1000
f 980 2382 518
f 517 2382 980
f 1224 1001 1225
f 2382 1224 1227
f 2382 1227 518
f 763 1442 553
f 552 1442 763
f 763 561 552
f 1266 560 1816
f 1441 560 1266
f 1441 1266 551
f 558 998 548
f 558 548 1816
f 995 1219 998
f 995 998 1852
f 1852 999 995
f 999 1852 1815
f 557 1399 1814
f 1814 1399 1440
f 546 1814 1440
f 1398 1440 1399
f 1223 1218 556
f 1398 556 1218
f 1217 1223 1222
f 1223 1217 1218
f 544 1398 1218
f 542 1222 1081
f 1223 1268 1222
f 1081 1222 1267
f 1221 1081 555
f 994 997 2080
f 994 2383 997
f 1081 997 2383
f 1081 2383 542
f 1996 996 541
f 996 554 541
f 1220 2080 997
f 1188 997 1221
f 996 2080 1220
f 1220 997 1188
f 1220 554 996
f 516 1995 991
f 2384 1950 991
f 991 1950 992
f 517 516 991
f 1657 516 517
f 1000 517 991
f 1000 991 1001
f 991 992 1001
f 554 992 541
f 1001 992 1031
f 554 1031 992
f 552 1441 551
f 550 1266 1816
f 550 1816 548
f 549 995 999
f 1553 544 545
f 544 546 1440
f 1218 1264 544
f 544 1264 545
f 1263 1265 1264
f 1264 1265 545
f 1263 1218 1217
f 1218 1263 1264
f 1216 1217 542
f 1217 1216 1263
f 2357 2383 1997
f 542 2383 2357
f 2357 1216 542
f 1998 2385 993
f 1382 1997 2385
f 2067 2385 1998
f 2385 2067 1382
f 1382 2357 1997
f 1216 2357 543
f 994 2080 993
f 2385 994 993
f 1997 994 2385
f 2383 994 1997
f 540 1998 1996
f 993 1996 1998
f 515 2386 1844
f 515 1809 2386
f 2360 1849 1848
f 2386 1809 1848
f 1844 2386 516
f 516 2386 1995
f 2386 1848 1995
f 1950 2384 1849
f 2384 1848 1849
f 1848 2384 1995
f 991 1995 2384
f 1950 540 1996
f 1169 212 539
f 539 212 538
f 215 538 212
f 209 537 1083
f 537 209 211
f 208 206 207
f 1684 535 201
f 535 200 201
f 987 197 196
f 1350 533 193
f 188 532 189
f 532 188 1952
f 2081 1752 187
f 1772 1694 2081
f 1694 1695 2081
f 1752 2081 1695
f 1695 531 1752
f 531 1695 1808
f 147 1695 1694
f 147 1694 1900
f 1993 1807 1808
f 147 1808 1695
f 147 1909 1993
f 1808 147 1993
f 1994 1807 1993
f 1807 1994 530
f 530 1994 986
f 986 1994 148
f 1994 1993 148
f 986 2343 529
f 986 148 985
f 148 149 985
f 985 909 2343
f 2343 1409 1439
f 986 985 2343
f 985 149 909
f 1053 528 909
f 1054 1053 882
f 1054 528 1053
f 528 1054 527
f 527 1054 1260
f 882 1259 1054
f 1054 1259 1260
f 527 1260 526
f 1259 2082 1260
f 1260 2082 526
f 1237 2082 1259
f 2082 1237 151
f 984 526 983
f 526 151 983
f 2082 151 526
f 983 1438 1658
f 525 983 1658
f 151 1438 983
f 151 1522 1438
f 1658 1438 1615
f 1522 1615 1438
f 1658 524 525
f 524 1658 1806
f 1805 1806 1658
f 1658 1615 1805
f 1615 128 1805
f 524 1806 1847
f 1805 1696 1806
f 1847 1806 1697
f 1847 1697 523
f 1806 1696 1697
f 1845 1697 1696
f 1845 1696 153
f 1846 1697 1845
f 523 1846 1804
f 1697 1846 523
f 1991 153 129
f 1845 153 1846
f 153 1991 1846
f 1991 1992 1846
f 522 1846 1992
f 521 522 1992
f 982 1991 129
f 1991 982 1992
f 129 154 982
f 521 982 981
f 981 520 521
f 982 895 981
f 981 1215 520
f 1214 1215 981
f 895 1214 981
f 895 896 155
f 155 1214 895
f 1258 520 1215
f 1215 1214 519
f 1215 519 1258
f 1214 1061 1062
f 519 1214 1062
f 519 1062 1257
f 1257 1062 1061
f 1255 1061 156
f 1255 1256 1257
f 1061 1255 1257
f 1257 1256 1213
f 1257 1213 519
f 156 1338 1436
f 1436 1255 156
f 1255 1436 1256
f 1213 1256 518
f 1256 980 518
f 1436 1437 1256
f 980 1256 1437
f 1657 980 1437
f 980 1657 517
f 1437 1436 1656
f 2387 1437 1656
f 1657 1437 2387
f 1656 1436 157
f 1656 157 158
f 1616 1656 158
f 2387 1655 1657
f 516 1657 1655
f 2387 1656 1654
f 2387 1654 1655
f 1655 1654 1702
f 1654 1617 132
f 1654 1616 1617
f 1702 1654 132
f 132 2083 1702
f 1844 1702 515
f 1702 1844 1655
f 1655 1844 516
f 159 2083 1765
f 1765 2083 132
f 1702 2083 515
f 515 159 1842
f 515 2083 159
f 1842 1843 515
f 1908 1842 159
f 160 1842 1908
f 513 167 166
f 937 936 273
f 937 273 268
f 260 470 936
f 476 322 1643
f 511 1653 512
f 482 1653 203
f 502 511 503
f 512 503 511
f 459 1839 435
f 255 929 1210
f 1204 1210 929
f 471 2084 1245
f 471 1204 2084
f 473 2084 1204
f 2084 473 1245
f 1245 473 1353
f 461 1245 1353
f 262 461 1353
f 377 492 449
f 365 381 364
f 365 1073 381
f 362 363 366
f 363 1073 366
f 469 1208 478
f 1208 469 468
f 1231 1072 480
f 1072 353 480
f 1071 1072 345
f 2342 1231 1070
f 326 345 2342
f 1231 2342 1072
f 1070 480 1230
f 1069 1070 1230
f 1205 1230 479
f 479 478 1205
f 479 1230 480
f 480 1070 1231
f 326 2342 1070
f 1072 1071 668
f 353 1072 354
f 231 472 232
f 1047 1173 1050
f 1049 1239 1050
f 198 1050 1239
f 198 1047 1050
f 1047 198 506
f 198 1239 1919
f 1393 195 1919
f 1919 195 198
f 1919 1392 1393
f 195 1393 504
f 1393 505 504
f 194 1199 1349
f 1199 194 508
f 1199 219 1349
f 191 219 1173
f 1349 219 191
f 506 191 1047
f 1047 191 1173
f 1834 2085 508
f 2085 1199 508
f 2085 1834 1917
f 1199 2085 1918
f 1199 1918 219
f 510 1835 509
f 910 1835 1629
f 1835 910 190
f 1835 190 509
f 189 190 910
f 910 911 1170
f 1170 189 910
f 189 1170 508
f 1834 1170 911
f 1834 508 1170
f 1917 1834 911
f 1629 1538 216
f 1835 2388 1629
f 1835 510 1628
f 1628 2388 1835
f 1628 1652 1524
f 1524 1652 170
f 1652 1628 510
f 510 495 1652
f 200 199 505
f 223 1631 224
f 224 1631 1630
f 1803 1630 1556
f 1803 1693 1630
f 1693 1803 222
f 228 916 226
f 226 916 1040
f 210 207 1627
f 211 210 917
f 210 1627 917
f 917 1627 229
f 227 229 1627
f 228 1627 206
f 227 1627 228
f 918 214 213
f 214 918 919
f 211 918 213
f 918 231 919
f 918 229 231
f 229 918 917
f 1650 416 1651
f 425 1650 1651
f 232 425 919
f 214 919 1651
f 425 1651 919
f 232 919 231
f 425 2086 1650
f 412 2086 413
f 412 1650 2086
f 412 417 1650
f 412 413 411
f 1430 2086 423
f 1430 413 2086
f 423 2086 425
f 408 413 409
f 1429 1476 1381
f 1197 1429 1947
f 1381 1947 1429
f 1381 409 1947
f 409 1381 405
f 421 1476 422
f 1476 1475 1381
f 1429 422 1476
f 404 403 1475
f 1474 2021 419
f 499 1547 494
f 1539 494 1547
f 167 494 1252
f 1252 494 1539
f 1253 1252 1539
f 167 1252 168
f 1252 1253 168
f 460 168 1253
f 460 1253 979
f 460 979 398
f 1473 1547 499
f 1539 1547 420
f 1539 420 395
f 404 2021 400
f 2021 1474 1473
f 400 2021 1473
f 401 1473 499
f 1473 1474 1547
f 1547 1474 420
f 2021 1475 1476
f 1475 2021 404
f 2021 1476 419
f 1476 421 419
f 409 413 1430
f 409 1430 1947
f 1947 1430 1197
f 1197 422 1429
f 204 916 206
f 916 228 206
f 1206 1841 1871
f 1206 1871 225
f 1841 1206 203
f 203 1206 1040
f 203 1040 204
f 916 204 1040
f 502 1630 1631
f 1630 502 501
f 502 1631 1841
f 502 1841 511
f 511 1841 1653
f 203 1653 1841
f 221 1354 1392
f 1392 1447 1803
f 1392 1803 505
f 1393 1392 505
f 200 505 1803
f 1556 200 1803
f 497 495 510
f 510 509 497
f 190 189 509
f 532 509 189
f 188 189 508
f 194 507 188
f 188 508 194
f 191 506 192
f 196 195 504
f 505 199 504
f 504 199 535
f 500 501 503
f 502 503 501
f 206 205 204
f 202 204 205
f 209 207 210
f 1169 211 213
f 1169 213 212
f 215 212 416
f 416 415 215
f 416 212 214
f 408 411 413
f 409 405 410
f 709 406 403
f 403 406 1475
f 1082 399 400
f 404 400 399
f 401 498 402
f 498 494 493
f 401 494 498
f 495 497 496
f 170 495 496
f 1652 495 170
f 167 513 493
f 493 494 167
f 335 465 346
f 335 390 465
f 464 390 335
f 334 464 335
f 395 420 426
f 425 440 423
f 246 472 230
f 359 457 340
f 457 451 449
f 457 449 341
f 463 443 974
f 1210 2087 1241
f 471 974 2087
f 2087 974 428
f 428 1241 2087
f 1245 463 471
f 1210 1204 471
f 255 1210 256
f 1245 461 462
f 463 1245 462
f 448 1433 376
f 377 448 376
f 377 376 964
f 373 367 490
f 492 377 378
f 341 449 492
f 341 492 379
f 457 341 340
f 1250 1251 490
f 339 338 1250
f 339 1250 347
f 347 1250 491
f 338 339 340
f 364 367 365
f 367 371 365
f 356 337 336
f 490 489 491
f 1251 1250 338
f 373 1251 380
f 1251 338 380
f 1378 373 380
f 1378 380 378
f 492 378 379
f 341 379 338
f 367 334 489
f 347 356 357
f 355 356 336
f 337 347 491
f 491 489 337
f 337 356 347
f 490 367 489
f 371 1073 365
f 1074 1073 371
f 322 487 314
f 486 476 1802
f 486 1802 487
f 485 484 487
f 485 487 488
f 314 484 307
f 484 314 487
f 488 487 1802
f 477 485 488
f 485 442 299
f 299 307 484
f 299 442 300
f 485 477 434
f 475 477 488
f 487 322 486
f 299 1462 307
f 299 484 485
f 1362 282 1363
f 1363 285 1364
f 483 285 300
f 1363 1368 300
f 1363 300 285
f 1642 300 1368
f 1368 282 292
f 1368 292 1642
f 1643 330 476
f 442 1207 483
f 300 442 483
f 434 477 435
f 436 437 441
f 442 441 1207
f 441 437 1207
f 1207 437 483
f 437 1247 483
f 483 1247 1639
f 285 483 1639
f 461 262 269
f 1191 466 1801
f 278 1191 1801
f 1801 272 278
f 466 470 1801
f 1801 470 1964
f 1964 266 1801
f 266 272 1801
f 470 267 1964
f 1964 267 1450
f 1964 1450 266
f 250 1450 243
f 243 1450 267
f 267 1431 243
f 1449 267 260
f 260 251 1449
f 1449 1431 267
f 237 224 251
f 1431 1449 1448
f 251 1448 1449
f 1431 1448 236
f 236 243 1431
f 224 1693 2389
f 1632 2389 1693
f 251 2389 1632
f 224 2389 251
f 251 1632 1448
f 222 1355 1632
f 1448 1632 1355
f 236 1448 1355
f 1630 1693 224
f 278 289 973
f 466 1191 467
f 973 1191 278
f 289 295 973
f 973 468 1191
f 1202 468 973
f 295 1202 973
f 1201 295 304
f 1202 295 1201
f 1069 304 310
f 1208 1202 1201
f 1202 1208 468
f 1793 1419 976
f 2341 1793 976
f 1793 2341 344
f 976 1419 481
f 959 976 481
f 1071 959 481
f 345 959 1071
f 353 1246 480
f 479 480 1246
f 1246 352 388
f 1246 388 1080
f 1246 1080 479
f 479 1080 478
f 304 1069 1205
f 1205 1201 304
f 1201 478 1208
f 1205 1069 1230
f 1070 1069 318
f 330 1434 458
f 446 1434 330
f 1435 458 1434
f 455 1435 1434
f 397 459 1435
f 459 975 1435
f 1714 396 1839
f 1839 397 1714
f 430 1839 396
f 435 1839 430
f 477 475 435
f 459 435 475
f 975 459 475
f 975 475 1802
f 476 458 975
f 458 476 330
f 1802 476 975
f 2362 168 460
f 166 168 1212
f 168 2362 1212
f 474 970 170
f 473 472 246
f 246 1353 473
f 1204 232 473
f 929 232 1204
f 473 232 472
f 471 463 974
f 443 463 462
f 469 478 1203
f 1537 900 169
f 1629 2388 1538
f 1537 1524 900
f 1537 2388 1628
f 1628 1524 1537
f 443 433 439
f 279 273 936
f 279 936 1989
f 470 1989 936
f 1989 290 279
f 466 1989 470
f 468 469 311
f 1370 311 1203
f 311 469 1203
f 1203 319 1370
f 1244 468 311
f 305 296 467
f 1244 305 467
f 468 1244 467
f 468 467 1191
f 1243 1064 290
f 1064 1243 296
f 296 1243 466
f 466 467 296
f 1243 290 1989
f 1243 1989 466
f 1420 284 462
f 1420 1457 1458
f 461 269 1420
f 269 1457 1420
f 861 1924 281
f 1924 861 273
f 939 861 281
f 939 281 274
f 1063 1209 281
f 1063 283 1209
f 281 1209 274
f 261 274 1209
f 1209 269 261
f 269 1209 1457
f 1457 1209 283
f 1457 283 1458
f 390 393 465
f 464 384 390
f 397 1988 398
f 454 1988 455
f 455 1988 1435
f 1435 1988 397
f 462 461 1420
f 1363 1364 1458
f 1362 1363 1458
f 1362 1458 283
f 424 439 433
f 454 971 1988
f 1988 971 398
f 398 971 1200
f 398 1200 460
f 458 1435 975
f 456 454 453
f 454 456 971
f 1800 453 454
f 1800 445 453
f 454 455 1800
f 1434 1800 455
f 444 452 445
f 445 452 453
f 446 445 1800
f 1433 447 444
f 1433 448 447
f 450 449 451
f 450 447 449
f 447 448 449
f 377 449 448
f 446 375 1432
f 446 1432 445
f 375 446 374
f 1432 1433 444
f 1433 1432 376
f 375 376 1432
f 438 433 443
f 443 462 284
f 438 443 284
f 1066 438 437
f 437 438 1247
f 284 1639 438
f 1247 438 1639
f 1639 1364 285
f 425 254 440
f 254 256 1240
f 254 1240 440
f 1240 1241 440
f 440 1241 428
f 1210 1241 1240
f 439 424 428
f 432 438 1066
f 438 432 433
f 436 1066 437
f 1066 436 431
f 429 436 441
f 434 429 441
f 435 430 434
f 430 429 434
f 432 422 433
f 433 422 424
f 1198 1066 431
f 427 1198 431
f 1198 432 1066
f 426 427 431
f 972 426 429
f 396 972 430
f 429 430 972
f 972 396 395
f 423 428 424
f 428 423 440
f 1198 427 421
f 420 419 427
f 420 427 426
f 418 415 417
f 417 415 416
f 417 412 411
f 408 409 410
f 405 406 407
f 710 405 407
f 1381 406 405
f 399 403 404
f 709 403 399
f 400 401 1082
f 402 1082 401
f 979 395 1714
f 1714 397 979
f 979 397 398
f 395 396 1714
f 377 372 378
f 327 1375 1380
f 1375 1374 1380
f 1203 387 1374
f 1536 464 334
f 1536 367 364
f 1536 334 367
f 1536 364 382
f 1536 382 384
f 364 383 382
f 360 1249 1077
f 360 1077 362
f 1077 1249 1078
f 1249 327 1078
f 1380 387 388
f 387 1380 1374
f 1375 327 1249
f 360 1375 1249
f 394 967 391
f 966 393 390
f 966 390 1472
f 966 1472 389
f 386 965 392
f 392 965 1794
f 351 965 352
f 965 2020 352
f 386 392 385
f 391 385 392
f 391 967 1379
f 389 383 967
f 1379 967 383
f 1379 385 391
f 383 389 1472
f 965 1078 2020
f 2020 388 352
f 1078 965 386
f 1078 327 2020
f 1380 388 327
f 2020 327 388
f 1080 388 387
f 1077 1079 363
f 386 385 1079
f 363 1079 385
f 1077 1078 1079
f 1079 1078 386
f 1379 383 381
f 381 363 1379
f 363 385 1379
f 1472 384 382
f 383 1472 382
f 378 380 379
f 380 338 379
f 1378 378 372
f 964 370 372
f 963 370 964
f 964 376 963
f 369 963 962
f 963 375 962
f 370 963 369
f 962 374 368
f 1471 962 368
f 329 1649 1643
f 1649 330 1643
f 368 374 1649
f 1648 368 1649
f 373 371 367
f 1074 371 372
f 370 366 1074
f 1074 372 370
f 369 1470 366
f 362 366 1470
f 366 370 369
f 361 1470 1471
f 1471 1470 369
f 329 328 1648
f 1467 328 329
f 1471 1648 328
f 368 1648 1471
f 361 1377 360
f 360 362 361
f 361 362 1470
f 1377 1375 360
f 1376 1375 1377
f 1376 1377 328
f 358 339 357
f 346 355 336
f 353 669 1943
f 1943 1246 353
f 350 960 1647
f 2390 349 961
f 961 1647 2088
f 961 2088 2390
f 349 2390 343
f 2088 1647 960
f 2017 2088 960
f 2390 2088 1983
f 343 1833 349
f 2018 1417 1418
f 1673 1833 1418
f 349 1833 1673
f 348 1417 2018
f 2018 1418 1833
f 1942 348 2018
f 1833 1832 2018
f 342 1942 2018
f 342 2018 1832
f 1646 1942 342
f 1646 1713 1942
f 1942 1713 348
f 1713 1646 1645
f 1713 1645 187
f 1645 186 187
f 1645 1646 2089
f 339 359 340
f 339 347 357
f 335 336 334
f 346 336 335
f 955 976 959
f 976 955 958
f 345 955 959
f 333 2341 958
f 976 958 2341
f 344 2341 333
f 1984 344 333
f 2017 960 1984
f 344 1984 960
f 2017 1983 2088
f 1983 2340 343
f 1983 343 2390
f 343 2340 332
f 343 1831 1832
f 1831 343 332
f 1832 1831 331
f 1833 343 1832
f 2391 331 1644
f 331 2391 1832
f 342 1832 2391
f 1646 342 2089
f 2089 2391 1644
f 342 2391 2089
f 2089 1644 1468
f 2089 1535 1645
f 186 1645 1535
f 2089 1468 1535
f 1644 1469 1468
f 185 1535 1468
f 340 341 338
f 337 489 334
f 336 337 334
f 955 326 317
f 345 326 955
f 955 954 958
f 325 333 958
f 954 325 958
f 2016 1962 2093
f 1963 333 325
f 2090 1962 2016
f 1984 1962 2017
f 2017 2090 1983
f 2017 1962 2090
f 2015 2090 2016
f 2015 1983 2090
f 324 1940 2016
f 1940 1825 2091
f 1825 1824 2091
f 2091 1824 1939
f 1940 2091 2392
f 2091 1939 2392
f 1940 332 2015
f 2392 332 1940
f 332 2392 1831
f 2392 1939 331
f 331 1831 2392
f 1939 1938 331
f 1469 331 1938
f 323 1373 1938
f 2092 1469 1373
f 1373 1469 1938
f 2092 185 1468
f 2092 1468 1469
f 1371 1348 1373
f 2092 1348 185
f 1348 2092 1373
f 321 1643 322
f 1643 321 329
f 1467 329 321
f 328 1467 1466
f 328 1466 1376
f 1466 320 1376
f 320 1372 1376
f 1375 1376 1372
f 1372 319 1374
f 1374 1375 1372
f 317 326 988
f 309 317 988
f 1070 988 326
f 318 988 1070
f 955 317 954
f 954 317 953
f 325 954 953
f 2093 1960 2393
f 316 2093 2393
f 2095 1960 1961
f 1961 1963 953
f 1962 1961 1960
f 1963 1961 1962
f 2093 1962 1960
f 2016 2093 316
f 2016 316 324
f 315 1937 1822
f 1937 1825 1822
f 1825 324 316
f 1940 324 1825
f 1825 1937 1824
f 315 323 1937
f 323 1824 1937
f 1373 323 1936
f 1373 1936 1371
f 1936 1068 1371
f 1371 1068 1168
f 183 1168 1068
f 1168 183 1167
f 321 313 1466
f 1466 313 1465
f 1466 1465 320
f 320 1465 312
f 2094 1370 319
f 320 312 2094
f 2094 319 1372
f 2094 1372 320
f 2094 312 1370
f 318 303 309
f 318 1069 310
f 988 318 309
f 2394 1961 1959
f 2394 2395 1958
f 2395 2394 1959
f 1959 1961 953
f 951 953 317
f 1959 953 951
f 309 951 317
f 2394 1958 2095
f 1961 2394 2095
f 2014 2393 1958
f 2095 1958 2393
f 316 2393 2014
f 1960 2095 2393
f 308 1935 1820
f 1935 1823 1821
f 1820 1935 1821
f 1821 316 2014
f 1823 1825 316
f 1822 1823 1935
f 1825 1823 1822
f 1934 1822 1935
f 1822 1934 315
f 315 2396 1068
f 2396 950 1067
f 1934 2396 315
f 1067 1068 2396
f 950 2396 1934
f 183 1068 1067
f 182 183 1067
f 183 182 2105
f 949 1067 950
f 949 182 1067
f 314 298 313
f 298 1465 313
f 1463 1465 298
f 312 1465 1464
f 1464 1465 1463
f 312 1464 306
f 312 306 2397
f 312 2397 1370
f 1370 1369 311
f 1369 1370 2397
f 311 1369 1244
f 1244 1369 305
f 948 952 310
f 2013 310 304
f 310 2013 948
f 318 310 952
f 303 318 952
f 951 309 303
f 2012 2395 951
f 2097 1941 2395
f 2012 2097 2395
f 2096 2395 1941
f 951 2395 1959
f 2096 1958 2395
f 1958 2096 302
f 1709 1932 1930
f 1711 1930 1933
f 1820 1933 1930
f 302 1711 1933
f 302 1933 2014
f 2014 1933 1821
f 1820 1821 1933
f 1820 1930 1932
f 1932 947 308
f 308 1820 1932
f 308 947 950
f 950 947 949
f 301 947 1932
f 301 949 947
f 949 946 182
f 181 182 946
f 949 301 946
f 301 2011 946
f 2011 181 946
f 181 2011 1913
f 1462 1461 307
f 1462 1642 1461
f 298 307 1461
f 1463 298 1367
f 1464 1463 297
f 1464 297 306
f 1463 1367 297
f 306 297 1065
f 306 1065 2397
f 1369 2397 1065
f 305 1369 1064
f 1369 1065 1064
f 288 1954 2010
f 2013 945 2010
f 2013 304 295
f 295 945 2013
f 948 2013 2010
f 952 948 303
f 2010 1954 948
f 303 948 1954
f 1955 303 1954
f 1927 1931 1928
f 1927 1928 2009
f 1928 1931 1955
f 1955 1954 288
f 951 1931 2012
f 2339 1931 951
f 1931 1927 2097
f 2097 2012 1931
f 1941 1927 294
f 1941 2097 1927
f 1941 2338 302
f 2098 1706 1711
f 2098 1711 2338
f 294 2338 1941
f 2338 294 2098
f 1706 2098 1707
f 2098 294 1707
f 1711 1706 1930
f 1706 1710 1709
f 1706 1709 1930
f 1932 1709 301
f 293 1708 1709
f 1708 1836 1929
f 1708 1929 2011
f 1708 301 1709
f 1708 2011 301
f 2011 1929 180
f 2011 180 1913
f 1642 1462 300
f 1462 299 300
f 298 1461 292
f 292 1461 1642
f 292 944 1367
f 944 291 1367
f 297 1367 291
f 1064 1366 290
f 1366 1065 291
f 1065 1366 1064
f 296 305 1064
f 942 945 289
f 289 945 295
f 288 945 1641
f 945 288 2010
f 1460 2399 2099
f 2398 1460 2099
f 288 1460 2398
f 2099 2399 2009
f 2399 1459 2009
f 2398 2099 1928
f 2398 1955 288
f 2398 1928 1955
f 2099 2009 1928
f 1927 2009 2337
f 2337 2008 294
f 1365 2008 287
f 1365 2400 2100
f 1365 1707 2008
f 1926 2100 2400
f 1365 2100 1707
f 294 2008 1707
f 1706 1707 2100
f 2100 1926 1710
f 1710 1926 286
f 1706 2100 1710
f 1710 286 293
f 286 1925 293
f 1708 293 1925
f 1708 1925 1836
f 180 1836 1770
f 1705 1770 1836
f 2401 1925 1640
f 1836 1925 2401
f 1836 2401 1705
f 1770 1705 179
f 940 280 944
f 940 944 282
f 292 282 944
f 944 943 291
f 1923 2402 291
f 2402 279 1366
f 1923 279 2402
f 1923 291 943
f 280 1923 943
f 1366 291 2402
f 1366 279 290
f 1637 942 1638
f 1638 942 289
f 1638 289 278
f 1637 941 942
f 945 942 941
f 277 2101 1641
f 2399 1456 1455
f 1456 2399 2101
f 2399 1455 1459
f 1460 2101 2399
f 1641 2101 1460
f 1641 1460 288
f 1459 276 287
f 276 1361 287
f 2102 1360 2400
f 1361 2102 1365
f 1361 1365 287
f 1926 2400 1360
f 2400 1365 2102
f 1360 275 1926
f 1926 275 286
f 1454 1453 1640
f 275 1454 1640
f 1453 1636 2401
f 1453 2401 1640
f 1640 286 275
f 1705 2401 1636
f 178 1623 1705
f 178 1705 1636
f 179 1705 1623
f 1364 1639 284
f 1420 1364 284
f 1364 1420 1458
f 940 283 1063
f 283 940 1362
f 280 940 1063
f 273 1923 1924
f 1924 1923 280
f 281 1924 280
f 1923 273 279
f 272 1880 1637
f 272 1637 1638
f 278 272 1638
f 277 2336 265
f 1637 265 2336
f 277 1641 2336
f 1456 1798 1704
f 277 1798 1456
f 277 1456 2101
f 1456 1704 1455
f 271 1455 1704
f 1580 271 1633
f 1580 1579 2102
f 271 1580 276
f 1361 276 1580
f 2102 1579 1360
f 1580 2102 1361
f 1358 1453 1359
f 1359 1453 1454
f 270 1359 1454
f 1360 1454 275
f 1360 270 1454
f 1636 1453 1532
f 1636 1532 178
f 861 939 934
f 938 939 274
f 268 273 861
f 272 1701 1880
f 1060 1700 265
f 1700 1634 1798
f 1798 1699 1704
f 277 1700 1798
f 1700 277 265
f 1703 2335 1633
f 1579 1633 1452
f 1703 1633 271
f 1633 1579 1580
f 1635 1357 1359
f 1357 1358 1359
f 1635 1359 270
f 1358 1165 1345
f 1532 1358 1345
f 1345 177 1532
f 261 269 262
f 261 935 938
f 938 935 939
f 939 935 934
f 937 268 1569
f 252 268 934
f 937 260 936
f 250 1262 1701
f 266 1701 272
f 259 1701 1262
f 1880 1701 259
f 258 264 1059
f 1699 1634 1059
f 1634 1060 1159
f 1700 1060 1634
f 1634 1699 1798
f 1452 932 1451
f 932 1452 933
f 933 1452 2335
f 2334 2335 264
f 933 2335 2334
f 2334 264 258
f 1452 1633 2335
f 1703 264 2335
f 263 1452 1451
f 1579 1452 263
f 257 263 1451
f 257 1058 263
f 1057 1356 1058
f 1357 263 1058
f 263 1357 1635
f 1357 1058 1356
f 1357 1356 1358
f 1164 1356 1057
f 1165 1356 1164
f 262 246 253
f 262 253 261
f 252 935 1773
f 1698 935 261
f 1698 261 253
f 934 935 252
f 251 937 1568
f 1568 937 1569
f 1565 1569 252
f 252 1569 268
f 260 937 251
f 258 1059 241
f 1060 259 1056
f 1056 259 249
f 1159 1059 1634
f 933 1044 932
f 1044 933 2334
f 248 2334 258
f 1044 2334 248
f 1451 932 247
f 257 1451 247
f 924 257 247
f 2403 923 930
f 2403 931 924
f 930 931 2403
f 257 924 931
f 257 931 1058
f 1057 931 930
f 931 1057 1058
f 930 174 901
f 901 175 1164
f 930 901 1164
f 1164 1057 930
f 929 256 254
f 929 255 256
f 929 254 232
f 244 1773 238
f 1773 1698 238
f 1689 238 1698
f 253 245 1698
f 1689 1698 245
f 1698 1773 935
f 1773 244 252
f 1565 237 1568
f 244 1565 252
f 1569 1565 1568
f 243 1248 250
f 1262 250 1248
f 1248 249 1262
f 1052 1056 249
f 2404 1055 1159
f 1060 2404 1159
f 1056 2404 1060
f 1159 1055 241
f 258 241 248
f 1159 241 1059
f 248 926 1044
f 926 925 932
f 1044 926 932
f 932 925 1042
f 247 1042 1043
f 1922 2006 1043
f 1042 1922 1043
f 1922 1042 240
f 2005 2007 2006
f 2007 1043 2006
f 1043 2007 924
f 1043 924 247
f 2007 2403 924
f 2403 2007 923
f 2333 923 2007
f 2064 923 2333
f 174 923 2064
f 230 1921 246
f 1921 245 246
f 239 1689 245
f 2000 237 1565
f 2000 1565 244
f 236 1390 1248
f 243 236 1248
f 1390 235 1248
f 242 1248 235
f 249 1248 242
f 2404 1052 2405
f 2405 1051 2404
f 242 1052 249
f 1052 2404 1056
f 2404 1051 1055
f 234 241 1051
f 1055 1051 241
f 920 240 921
f 241 234 2332
f 921 2332 234
f 2332 926 248
f 921 926 2332
f 2332 248 241
f 926 921 925
f 921 240 925
f 925 240 1042
f 1920 2005 1922
f 2005 1920 1829
f 1922 240 233
f 233 1920 1922
f 1922 2005 2006
f 172 2005 1829
f 2406 2005 172
f 2005 2406 2333
f 231 230 472
f 227 1921 230
f 239 1921 227
f 228 915 239
f 228 239 227
f 1689 915 238
f 239 915 1689
f 915 225 238
f 225 2000 244
f 2000 224 237
f 220 1355 1354
f 1355 220 1390
f 1355 1390 236
f 1390 220 235
f 922 913 218
f 913 2405 914
f 242 235 220
f 242 220 914
f 242 914 1052
f 922 2405 913
f 1052 914 2405
f 2405 922 1051
f 234 1051 922
f 920 2002 1999
f 1999 2001 920
f 218 234 922
f 1999 2002 234
f 1916 234 218
f 234 1916 1999
f 2002 921 234
f 920 921 2002
f 2001 233 240
f 240 920 2001
f 2331 1920 233
f 1920 2331 1830
f 1920 1830 1829
f 172 2103 1766
f 1830 2103 1829
f 2103 172 1829
f 1830 1774 2103
f 171 1766 2103
f 231 229 230
f 230 229 227
f 915 228 226
f 915 226 225
f 2000 225 1871
f 223 2000 1871
f 224 2000 223
f 1354 1447 1392
f 1355 222 1447
f 1447 1354 1355
f 1354 221 220
f 913 914 1050
f 912 218 913
f 914 1049 1050
f 1050 1048 913
f 912 913 1048
f 1173 912 1048
f 1173 1048 1050
f 219 912 1173
f 2407 2001 1999
f 2407 1914 217
f 2407 1999 1915
f 1914 2407 1915
f 1916 1915 1999
f 1914 1915 1917
f 1914 1917 216
f 1918 1915 1916
f 1918 2085 1915
f 1915 2085 1917
f 1918 1916 912
f 1918 912 219
f 217 1914 1775
f 217 1775 2331
f 1914 1538 1775
f 1774 1830 1775
f 1538 1914 216
f 1775 1538 1774
f 2103 1525 171
f 1774 1537 1525
f 2103 1774 1525
f 2388 1774 1538
f 1774 2388 1537
f 169 1525 1537
f 212 213 214
f 210 211 209
f 203 204 202
f 535 199 200
f 200 501 201
f 197 198 195
f 195 196 197
f 1349 1350 194
f 1350 193 194
f 1350 1349 191
f 1350 191 192
f 1624 145 1771
f 145 1614 1771
f 1626 1624 1771
f 1626 1771 186
f 186 1771 187
f 1772 187 1771
f 2081 187 1772
f 1551 144 1550
f 1534 144 1551
f 1625 1534 1551
f 1624 1625 1551
f 1535 1534 1625
f 1534 1535 185
f 1625 1624 1626
f 1625 186 1535
f 1625 1626 186
f 2104 1347 1337
f 184 1347 2104
f 144 2104 1337
f 1533 184 2104
f 185 1348 1533
f 1348 184 1533
f 144 1534 2104
f 1533 2104 1534
f 185 1533 1534
f 1158 1346 122
f 142 122 1346
f 142 1346 1166
f 1166 1167 183
f 1166 1346 1167
f 1167 1346 1168
f 184 1346 1347
f 184 1168 1346
f 182 906 2105
f 892 1166 2105
f 892 2105 906
f 183 2105 1166
f 1166 892 142
f 141 904 121
f 121 904 905
f 181 2107 2106
f 904 2106 905
f 2106 2107 905
f 906 904 892
f 2106 904 906
f 2106 906 182
f 181 2106 182
f 140 1152 2065
f 140 2065 1912
f 1912 2107 180
f 905 2107 2065
f 1912 2065 2107
f 1913 180 2107
f 2107 181 1913
f 139 1764 1769
f 1764 179 1769
f 1764 1770 179
f 1912 1764 140
f 1770 1764 1912
f 1912 180 1770
f 138 1622 1621
f 138 1769 1622
f 178 1622 1623
f 1623 1622 1769
f 1623 1769 179
f 137 1519 1530
f 1530 1519 1620
f 1530 1620 177
f 1532 177 178
f 1622 1620 1621
f 178 177 1620
f 178 1620 1622
f 1523 1320 1531
f 1523 1531 1911
f 1320 1530 1531
f 176 1531 1345
f 1345 1531 177
f 1530 177 1531
f 1340 1768 136
f 165 1910 1768
f 165 1768 1340
f 1768 1910 175
f 1911 175 1910
f 1165 175 176
f 1164 175 1165
f 176 175 1911
f 1531 176 1911
f 1767 1339 136
f 1339 1767 164
f 164 1767 1619
f 1619 901 174
f 1619 1767 1768
f 1768 901 1619
f 901 1768 175
f 135 1161 1528
f 1161 164 1528
f 1618 1529 1528
f 1528 164 1618
f 173 1618 2064
f 2333 173 2064
f 1618 164 1619
f 1619 2064 1618
f 2064 1619 174
f 163 1526 1343
f 1344 1343 1526
f 1526 1527 1344
f 1766 1344 1527
f 1527 172 1766
f 1527 173 2406
f 1529 1526 1528
f 1526 1529 1527
f 1527 1529 173
f 1618 173 1529
f 162 889 1341
f 1162 162 1341
f 1342 1162 1341
f 171 1162 1342
f 171 1342 1766
f 1344 1341 1343
f 1341 1344 1342
f 1344 1766 1342
f 898 161 897
f 899 161 898
f 898 1162 899
f 899 1162 1163
f 900 899 1163
f 900 1163 169
f 171 169 1163
f 1525 169 171
f 171 1163 1162
f 1987 161 970
f 170 970 900
f 170 900 1524
f 899 970 161
f 970 899 900
f 166 167 168
f 120 137 1320
f 1340 136 2330
f 165 1340 891
f 1161 1157 164
f 163 135 1526
f 889 162 134
f 134 898 897
f 161 886 2108
f 1987 160 133
f 1987 133 886
f 161 1987 886
f 160 1908 133
f 1765 132 884
f 159 1765 1908
f 158 1763 2063
f 158 2063 1616
f 1338 131 157
f 156 131 1338
f 1613 2408 156
f 1061 130 156
f 130 1613 156
f 154 896 895
f 896 2329 155
f 154 129 1518
f 154 1518 896
f 1336 153 1696
f 2117 153 1336
f 1696 1805 1336
f 1805 128 1336
f 152 128 1615
f 1762 128 152
f 152 1522 1153
f 1153 151 127
f 151 1153 1522
f 1237 1760 127
f 1760 1237 150
f 909 894 126
f 149 894 909
f 894 149 2057
f 125 2057 148
f 1909 147 1901
f 1901 147 1900
f 1694 146 1900
f 124 146 1614
f 145 1517 1614
f 1756 1551 1550
f 123 1550 144
f 123 144 1337
f 143 1337 1347
f 143 1158 1546
f 893 122 142
f 893 892 141
f 1515 893 141
f 121 1515 141
f 121 1152 1333
f 2409 1152 140
f 1151 2409 140
f 1764 1151 140
f 1764 139 1151
f 139 119 1151
f 119 139 138
f 1150 879 138
f 1150 138 1519
f 1150 1519 120
f 120 1519 137
f 2109 891 890
f 165 891 2109
f 165 2109 1320
f 2109 2328 881
f 1320 2109 881
f 1320 881 120
f 2327 2410 1046
f 2410 2327 875
f 2464 2411 2110
f 2412 2411 2464
f 1046 2464 2110
f 1046 2110 1157
f 890 2413 873
f 2411 873 2413
f 2411 2413 2110
f 891 2413 890
f 891 2330 2413
f 2110 2413 2330
f 2110 2330 136
f 1160 135 1156
f 1157 1161 1160
f 2327 1160 1156
f 1160 1046 1157
f 1339 1157 2110
f 2110 136 1339
f 889 134 1155
f 1155 1154 2111
f 889 2111 163
f 889 1155 2111
f 163 2111 2414
f 111 2414 1154
f 2111 1154 2414
f 2414 1156 135
f 163 2414 135
f 2112 897 888
f 134 897 2112
f 2415 1149 2112
f 2112 888 2415
f 134 2112 1155
f 2415 2326 1149
f 887 2326 2415
f 2416 1148 2112
f 1149 2416 2112
f 1155 2112 1148
f 1154 1155 1148
f 1154 1148 2417
f 111 1154 2417
f 118 2325 885
f 886 885 2325
f 886 2113 2108
f 2113 2325 887
f 886 2325 2113
f 2415 2113 887
f 2415 888 2113
f 2108 2113 888
f 2108 888 897
f 884 2418 1765
f 2418 883 885
f 885 1908 2418
f 2418 1908 1765
f 886 133 885
f 1908 885 133
f 1617 884 132
f 2063 1951 2114
f 1617 2063 2114
f 2114 884 1617
f 2419 884 2114
f 883 2418 2419
f 2418 884 2419
f 2062 1951 2063
f 2114 1951 2442
f 2114 2442 2420
f 2114 2420 2419
f 1899 2419 2420
f 883 2419 1899
f 885 883 2324
f 2061 2062 1763
f 2061 1763 157
f 2062 2061 2060
f 1763 2062 2063
f 2063 1617 1616
f 156 2408 2115
f 156 2115 131
f 131 2115 2060
f 2061 131 2060
f 2059 2408 1613
f 2421 2408 2059
f 2421 2058 2408
f 2408 2058 2115
f 2060 2115 2058
f 130 2329 2059
f 1907 2116 1866
f 2779 1866 1867
f 2779 1907 1866
f 2779 2329 1907
f 2779 1867 2059
f 2329 2779 2059
f 2421 2059 1867
f 1866 2116 1906
f 1755 1867 1866
f 2058 2421 2422
f 2421 1867 2422
f 2058 2422 117
f 2060 2058 117
f 2323 1518 129
f 1905 2323 129
f 1518 2323 2116
f 2116 2323 1906
f 896 2116 1907
f 896 1518 2116
f 2329 896 1907
f 129 153 1905
f 1905 153 2117
f 1904 1905 2117
f 1905 1904 2323
f 1336 1903 2117
f 1903 1902 2117
f 1904 2117 1902
f 116 1904 1902
f 116 1902 1682
f 1682 1902 1903
f 1682 1903 2450
f 1903 2423 2450
f 2423 2322 1762
f 1903 2322 2423
f 1681 2424 1761
f 2423 1762 2424
f 1681 2423 2424
f 1761 115 2316
f 1681 1761 2316
f 2424 152 1153
f 2424 1762 152
f 1761 2424 1153
f 127 1759 1153
f 1759 1761 1153
f 1761 1759 115
f 1757 115 1759
f 2313 115 1757
f 1757 1759 1760
f 1757 1760 150
f 150 1758 2425
f 1757 150 2425
f 1758 150 882
f 126 1758 882
f 2425 2313 1757
f 2425 1571 2313
f 1571 1758 2118
f 1571 2425 1758
f 2321 1571 2118
f 2426 1571 2321
f 2426 2321 2128
f 2321 894 2427
f 1570 2321 2427
f 1570 2427 1612
f 2321 1570 2128
f 2427 2057 2119
f 894 2057 2427
f 2119 1612 2427
f 1611 2119 125
f 2119 1611 1610
f 2119 1610 1612
f 1610 1611 2428
f 114 1610 2428
f 1901 2428 1611
f 1608 2428 1901
f 1608 1900 1609
f 1901 1900 1608
f 1909 1901 1611
f 1609 1900 146
f 2312 1608 1544
f 2428 1608 2312
f 2428 2312 114
f 1544 1609 124
f 1608 1609 1544
f 2120 2429 124
f 2429 1544 124
f 1517 2120 124
f 1516 2120 1517
f 2429 2120 1543
f 2120 1516 1543
f 1516 2430 2431
f 2431 2430 113
f 1516 1517 2430
f 2430 1517 1756
f 113 2430 1756
f 145 1756 1517
f 123 1756 1550
f 123 2121 113
f 1756 123 113
f 1545 113 2121
f 1545 2121 1546
f 2121 123 1337
f 2121 1337 143
f 1546 2121 143
f 122 1546 1158
f 1327 113 1545
f 2432 1545 1546
f 1545 2432 2122
f 1147 1545 2122
f 2433 2122 1278
f 2122 2433 1147
f 2320 2432 122
f 2122 2432 2320
f 1278 2320 1335
f 2320 1278 2122
f 1334 1278 1335
f 1334 2460 1278
f 1332 1334 2123
f 112 1334 1332
f 1335 2123 1334
f 2123 1333 1332
f 2123 1335 1515
f 1335 893 1515
f 1333 2123 1515
f 1333 1515 121
f 1332 1333 2434
f 1332 2434 1330
f 1330 112 1332
f 2435 1330 2409
f 2434 1152 2409
f 2434 2409 1330
f 2435 2409 1151
f 1331 2435 1151
f 2780 1331 2436
f 2780 2437 1331
f 2780 2436 876
f 876 2436 2124
f 876 2124 878
f 2436 1331 119
f 2436 119 879
f 2437 877 1331
f 2435 877 1330
f 1331 877 2435
f 119 1331 1151
f 110 878 880
f 2124 2436 879
f 2124 880 878
f 880 2124 120
f 881 880 120
f 1150 2124 879
f 2124 1150 120
f 118 2056 2326
f 2319 2056 109
f 2056 2319 2326
f 2438 2326 871
f 2438 1149 2326
f 1149 2438 2416
f 2319 871 2326
f 871 2440 2438
f 2439 2416 2438
f 2416 2439 1148
f 2125 2417 1148
f 2318 1893 871
f 870 2125 2781
f 2439 2781 2125
f 2440 2781 2439
f 2125 1148 2439
f 2438 2440 2439
f 2317 2125 870
f 2441 2317 874
f 874 875 2441
f 2317 2441 2125
f 875 111 2441
f 2417 2441 111
f 2125 2441 2417
f 1897 1951 2062
f 108 1951 1897
f 2442 1951 1898
f 1951 108 1898
f 1898 2445 2442
f 2443 2420 2445
f 2420 2442 2445
f 2420 2443 1899
f 883 1899 2324
f 108 1851 1898
f 1751 2126 2444
f 2443 2444 2126
f 2445 2444 2443
f 1851 2445 1898
f 2126 1899 2443
f 109 2126 1751
f 2056 2324 109
f 109 2324 2126
f 2056 118 2324
f 1899 2126 2324
f 116 1753 1906
f 1753 107 2446
f 1906 1753 2446
f 1906 2446 2127
f 1866 1906 2127
f 2127 1755 1866
f 2446 1811 1754
f 2127 2446 1754
f 107 1811 2446
f 2127 1754 1755
f 2422 1755 2782
f 1867 1755 2422
f 117 2782 2447
f 117 2422 2782
f 1897 117 2447
f 1812 1755 1754
f 2782 1755 1812
f 1897 2447 108
f 2448 1754 1811
f 1812 1754 2448
f 2449 2782 1812
f 2447 2782 2449
f 2783 2447 2449
f 108 2447 2783
f 116 1682 2315
f 2450 2423 1681
f 1607 1682 2450
f 1681 1566 2452
f 2452 2450 1681
f 2451 2316 1606
f 1566 2316 2451
f 1566 1681 2316
f 2451 1606 106
f 107 1753 2478
f 2302 2478 2315
f 2478 1753 2315
f 1567 2302 1607
f 2450 1567 1607
f 2131 2452 1566
f 1607 2302 2315
f 2450 2452 1567
f 1566 2451 2453
f 2129 2426 2128
f 1571 2426 2129
f 1514 2313 2129
f 2313 1571 2129
f 1513 2129 2128
f 1612 1512 2454
f 1570 1612 2454
f 2128 1570 2454
f 2784 1512 1511
f 2454 1512 2784
f 2454 1513 2128
f 105 2784 1511
f 2455 2454 2784
f 1508 106 2301
f 1514 106 2314
f 106 1606 2314
f 2301 106 1514
f 2129 1326 1514
f 2301 1514 1326
f 2129 2456 1326
f 2456 2129 1513
f 1542 2454 2455
f 1513 2454 1542
f 1543 2300 1328
f 1543 1328 1329
f 104 2300 1543
f 2429 1329 1544
f 1329 2429 1543
f 104 1543 2431
f 1516 2431 1543
f 2431 113 1327
f 104 2431 1327
f 105 1511 2311
f 2297 105 2311
f 2297 2311 1144
f 2457 1328 1254
f 1329 1144 2311
f 2457 1144 1329
f 1328 2457 1329
f 1328 2300 1254
f 2459 1147 2433
f 1146 2459 1278
f 2460 2458 1146
f 2458 1145 103
f 1278 2459 2433
f 1278 2460 1146
f 1145 2458 2460
f 1334 112 1145
f 1145 2460 1334
f 1142 104 2294
f 2294 1327 2310
f 2294 104 1327
f 2294 2310 869
f 1147 869 2310
f 869 1147 2459
f 1146 1211 2459
f 2134 1146 2458
f 1211 1146 2134
f 2296 2458 103
f 2134 2458 2296
f 2293 2785 2053
f 2293 2461 2785
f 101 2293 2053
f 2462 2786 2437
f 2052 2780 876
f 2052 2462 2780
f 876 2461 2052
f 2785 110 2053
f 2437 2786 2054
f 2054 877 2437
f 2462 2437 2780
f 2461 876 2785
f 110 2785 878
f 2785 876 878
f 2291 103 2309
f 103 1145 2309
f 2309 2054 1895
f 1895 2291 2309
f 2786 1895 2054
f 2463 1895 2462
f 2462 1895 2786
f 2052 2461 2293
f 875 874 2410
f 2464 2410 872
f 2464 1046 2410
f 2412 873 2411
f 2410 2308 872
f 874 2308 2410
f 872 2466 2464
f 2464 2466 2412
f 890 873 2465
f 2308 1949 872
f 2466 2130 2412
f 1949 2466 872
f 2130 873 2412
f 2307 2053 2465
f 2465 2053 110
f 2307 2465 2130
f 2130 2465 873
f 109 1896 2318
f 2318 1896 1893
f 1893 2440 871
f 100 2778 1896
f 2778 1893 1896
f 870 2781 2048
f 2467 2048 2781
f 1893 2467 2440
f 2467 2781 2440
f 102 2317 2468
f 2317 870 2468
f 102 2468 2051
f 2469 2048 2467
f 2468 870 2470
f 2048 2470 870
f 2468 93 2051
f 93 2468 2470
f 2049 2467 1893
f 2467 2049 2469
f 2048 2471 2470
f 2470 2471 93
f 108 1749 2472
f 2472 1851 108
f 2472 1750 1851
f 2472 1749 1750
f 2445 2473 2444
f 2445 1851 2473
f 2777 1750 1749
f 1751 2444 1748
f 2473 1748 2444
f 1750 2473 1851
f 109 1751 2474
f 109 2474 1896
f 2475 1748 2473
f 2474 1751 2476
f 1748 2476 1751
f 2474 100 1896
f 100 2474 2476
f 1747 2473 1750
f 2473 1747 2475
f 1748 2477 2476
f 2476 2477 100
f 2478 1603 107
f 107 1604 1811
f 107 1603 1604
f 2479 1605 2448
f 1604 2479 2448
f 1604 2448 1811
f 1812 2448 1605
f 1812 1605 2449
f 1604 2304 1599
f 2480 1600 2479
f 1599 2480 2479
f 1599 2479 1604
f 2479 1600 1605
f 2303 99 1749
f 2449 1749 2783
f 2449 2303 1749
f 1605 1600 2303
f 1605 2303 2449
f 108 2783 1749
f 2481 1504 1509
f 2787 2481 97
f 2787 1504 2481
f 1509 2482 2131
f 2131 2453 1509
f 2481 1509 2453
f 1508 97 2788
f 2481 2788 97
f 2788 2481 2453
f 2482 1510 2452
f 2131 2482 2452
f 2452 1510 1567
f 2453 2131 1566
f 1508 2788 106
f 106 2788 2451
f 2451 2788 2453
f 1505 2132 2482
f 2482 2510 1505
f 2483 2510 2482
f 1509 1504 2483
f 1509 2483 2482
f 2132 1510 2482
f 2484 2132 1505
f 2302 2484 1603
f 2484 2302 2132
f 1510 2132 2302
f 2478 2302 1603
f 2486 1325 2485
f 1324 2486 2485
f 1325 2487 1542
f 2487 1326 2456
f 2487 1513 1542
f 2487 2456 1513
f 2485 1325 1542
f 2485 1542 2455
f 105 2485 2784
f 2784 2485 2455
f 1324 2485 105
f 97 2281 2772
f 2281 97 1508
f 866 2281 1322
f 1322 2488 2489
f 1322 2281 1326
f 2487 1322 1326
f 1322 2487 2488
f 1325 2488 2487
f 1321 2488 1325
f 2486 1324 96
f 1321 1325 2486
f 2297 1144 2298
f 2490 2457 1254
f 2490 1144 2457
f 1143 1254 2299
f 95 2299 1142
f 2299 95 2279
f 1143 2299 1137
f 2299 2279 1137
f 2298 96 1324
f 2278 2298 2277
f 2278 96 2298
f 2133 2277 2298
f 1138 2277 2133
f 2490 1138 2133
f 2491 1138 2490
f 2133 2298 1144
f 2490 2133 1144
f 2491 1254 1143
f 2490 1254 2491
f 2491 1143 1137
f 2294 869 2295
f 1211 2134 2492
f 2492 2459 1211
f 2492 869 2459
f 2492 2134 868
f 868 2134 2296
f 868 2296 2493
f 2046 2295 2274
f 95 2295 2046
f 1142 2295 95
f 863 2274 2295
f 2494 2492 862
f 2494 863 2492
f 863 2295 869
f 2492 863 869
f 862 2492 868
f 2276 2493 94
f 2276 868 2493
f 2291 1895 2292
f 2463 2052 1894
f 2462 2052 2463
f 1894 2052 2293
f 1892 2293 101
f 2273 2293 1892
f 1894 2293 2273
f 2272 94 867
f 94 2493 867
f 2272 867 2292
f 2272 2292 1838
f 1746 1838 2495
f 2292 1895 1838
f 2463 1838 1895
f 2463 1894 2495
f 1838 2463 2495
f 2495 1894 1837
f 2308 2050 1949
f 102 2050 2308
f 102 2051 2050
f 2466 2789 2130
f 2050 2466 1949
f 93 2776 2051
f 2776 2050 2051
f 1948 2789 1888
f 2496 1888 2789
f 2050 2496 2466
f 2496 2789 2466
f 2130 2789 1948
f 2307 1948 2497
f 101 2307 2497
f 2498 1888 2496
f 2497 1948 2790
f 1888 2790 1948
f 101 2497 1892
f 1889 2496 2050
f 2496 1889 2498
f 2497 2790 2499
f 1892 2499 92
f 2497 2499 1892
f 2778 2500 2306
f 100 1602 2778
f 1602 2500 2778
f 2500 1602 2289
f 1602 1601 2289
f 2289 2775 2500
f 2775 1597 2049
f 2306 2500 2775
f 2049 2306 2775
f 2469 2049 1597
f 2048 2469 1598
f 1598 2471 2048
f 93 2501 1744
f 2501 93 2471
f 1598 1597 2502
f 1597 1598 2469
f 1596 2471 1598
f 91 1744 2501
f 2502 1597 1595
f 1596 2502 2145
f 2502 1596 1598
f 2527 2471 1596
f 2471 2527 2501
f 1503 91 2501
f 2777 1506 2305
f 99 1506 2777
f 1506 89 2287
f 2287 2774 1506
f 2774 2135 1747
f 2305 1506 2774
f 1747 2305 2774
f 2774 1500 2135
f 2475 1747 2135
f 1748 2475 1507
f 1507 2477 1748
f 100 2503 1602
f 2503 100 2477
f 2135 1500 2504
f 1507 2135 2504
f 2135 1507 2475
f 1501 2477 1507
f 1601 1602 2503
f 2504 1501 1507
f 2532 2477 1501
f 2477 2532 2503
f 1136 1601 2503
f 1603 2505 2304
f 98 2505 1603
f 2505 88 2286
f 2505 98 88
f 2286 2773 2505
f 2304 2505 2773
f 1599 2304 2773
f 2480 2506 1600
f 2773 1318 1599
f 2506 1599 1318
f 2480 1599 2506
f 1600 2506 1323
f 2286 1318 2773
f 2506 1319 2136
f 2506 2148 1319
f 2506 1318 2148
f 1323 2506 2136
f 2136 1319 2284
f 2507 89 1506
f 2136 2284 2507
f 2507 1506 99
f 1323 2507 99
f 2507 1323 2136
f 2509 1140 2508
f 87 2508 1139
f 87 2509 2508
f 1504 1140 2137
f 1504 2508 1140
f 1141 1505 2510
f 2483 2137 2510
f 1504 2137 2483
f 2508 2787 97
f 2508 1504 2787
f 1139 2508 97
f 1131 2538 1141
f 2137 1140 1131
f 2510 1131 1141
f 2510 2137 1131
f 2283 1132 2282
f 2282 88 98
f 2283 2282 98
f 1132 2283 1141
f 86 2511 864
f 2489 1321 865
f 2486 2511 865
f 1322 2489 866
f 1321 2489 2488
f 865 1321 2486
f 96 2511 2486
f 864 2511 96
f 1499 2769 2280
f 87 1139 2769
f 1139 2280 2769
f 859 2791 2138
f 1499 2280 2791
f 1499 2791 859
f 859 2138 2540
f 2540 2138 858
f 2138 2791 866
f 866 2791 2280
f 2489 2138 866
f 2489 858 2138
f 865 858 2489
f 2511 2512 865
f 2511 86 2512
f 2512 86 1497
f 858 865 2512
f 2491 1137 2047
f 2513 1138 2491
f 2491 2047 2513
f 2045 2279 2046
f 2279 2045 2514
f 2279 2514 1137
f 2514 2047 1137
f 2045 85 2260
f 2514 2045 2260
f 2261 864 2278
f 86 864 2261
f 1130 2261 2041
f 2513 2154 2041
f 2261 2278 2041
f 2041 1138 2513
f 2040 2513 2047
f 2514 2040 2047
f 2514 2260 2040
f 1891 863 2494
f 862 2276 1885
f 1890 84 2259
f 1890 2259 2276
f 1885 2276 2259
f 2039 2771 2515
f 2045 2771 85
f 85 2771 2039
f 2045 2046 2771
f 2275 1891 2515
f 2515 2771 2275
f 1886 2515 1891
f 2516 2494 862
f 1891 2494 2516
f 1885 2516 862
f 2259 2548 1885
f 1746 2272 1838
f 2517 1746 2495
f 1745 1735 2139
f 1837 2139 1735
f 2495 1837 2517
f 2518 2139 2273
f 2139 1837 2273
f 83 2518 92
f 2518 83 2257
f 2518 2257 2139
f 1745 2139 2257
f 2519 1782 2792
f 1782 84 2792
f 2272 2792 1890
f 2272 2140 2519
f 2519 2792 2272
f 1890 2792 84
f 1736 2519 2140
f 2517 1736 2140
f 2551 1736 2517
f 1735 2551 2517
f 2517 2140 1746
f 2517 1837 1735
f 2776 2520 2290
f 93 1744 2776
f 1744 2520 2776
f 2520 91 2270
f 2520 1744 91
f 2270 2770 2520
f 2770 1742 1889
f 2290 2520 2770
f 1889 2290 2770
f 2498 1889 1742
f 1888 2498 1743
f 1743 2790 1888
f 1743 1742 2521
f 1742 1743 2498
f 2141 2790 1743
f 2522 2499 2141
f 2499 2790 2141
f 2499 2522 92
f 2521 1742 1741
f 1740 2521 2143
f 1743 1740 2141
f 2521 1740 1743
f 1740 2523 2141
f 2522 2141 2523
f 2523 1594 2522
f 92 2522 83
f 2522 1594 83
f 83 1594 1496
f 1594 2524 2142
f 1594 1593 2524
f 1594 2142 1496
f 2524 1593 1114
f 2142 2524 1113
f 1496 2142 69
f 2143 2521 1741
f 1740 2143 1593
f 2523 1740 1593
f 1594 2523 1593
f 1741 2271 1387
f 1741 1387 1557
f 2143 1741 1557
f 2525 70 1557
f 70 2143 1557
f 2143 70 1593
f 1560 1558 2270
f 2270 91 1560
f 2256 1560 82
f 2271 1558 1387
f 1560 2256 1313
f 1560 1313 1558
f 1387 1558 1313
f 1557 1387 1312
f 2525 1557 1312
f 91 1503 1560
f 1503 2144 82
f 1503 82 1560
f 1502 1119 2526
f 2144 2526 1119
f 2526 2144 1503
f 1128 82 2144
f 2288 2289 1541
f 2145 1595 1540
f 1541 1540 1595
f 2288 1541 1595
f 1595 2145 2502
f 1502 1540 81
f 2145 1540 1502
f 2526 1596 1502
f 1596 2145 1502
f 2527 2526 1503
f 1596 2526 2527
f 2527 1503 2501
f 90 1541 2289
f 2255 90 80
f 90 2255 851
f 1541 90 851
f 1541 851 852
f 1540 1541 852
f 2269 1540 852
f 1601 2528 90
f 1136 2528 1601
f 2146 2528 1136
f 90 2528 80
f 2529 1135 1126
f 2146 1136 2529
f 1135 2529 1136
f 2146 2529 1127
f 1127 80 2146
f 2528 2146 80
f 2287 2530 1134
f 2147 1134 1133
f 2287 2147 1500
f 2287 1134 2147
f 2504 2531 1501
f 2504 2147 2531
f 2147 2504 1500
f 79 2268 2147
f 2531 2147 2268
f 2531 2268 1135
f 1135 1501 2531
f 2532 1135 1136
f 1501 1135 2532
f 2532 1136 2503
f 860 1134 2530
f 89 860 2530
f 860 2267 78
f 855 860 78
f 1134 860 855
f 1134 2533 856
f 1134 855 2533
f 1133 1134 856
f 2036 2265 2254
f 52 2254 2265
f 2036 2555 2044
f 2036 2044 2284
f 2285 2044 2267
f 2267 89 2285
f 2267 860 89
f 2286 2534 2043
f 2266 2043 2042
f 2043 2266 2535
f 2535 2266 2148
f 2148 1318 2535
f 2286 2535 1318
f 2286 2043 2535
f 1319 2148 2265
f 2266 2265 2148
f 1319 2265 2036
f 2284 1319 2036
f 2285 2284 2044
f 1887 2043 2534
f 88 1887 2534
f 1887 2264 77
f 1592 1887 77
f 2043 1887 1592
f 2043 2536 1311
f 2043 1592 2536
f 2042 2043 1311
f 2042 52 2266
f 76 63 1738
f 63 2253 1738
f 1732 2556 1739
f 1738 2253 1732
f 1732 1739 1132
f 2263 1739 2264
f 2264 88 2263
f 2264 1887 88
f 76 2149 1591
f 2537 1732 1132
f 1738 2537 2538
f 1732 2537 1738
f 1738 2538 2149
f 2149 76 1738
f 1591 2149 1737
f 2537 1141 2538
f 1141 2537 1132
f 2149 2538 1131
f 1737 1131 1140
f 2149 1131 1737
f 1737 1140 2509
f 2509 87 2150
f 1737 2509 2150
f 1315 75 62
f 2539 2150 1315
f 2150 75 1315
f 1737 2539 1591
f 2539 1737 2150
f 2150 87 75
f 1499 2151 87
f 87 2151 75
f 1498 1124 1125
f 1499 1498 1125
f 1499 1125 2151
f 74 1124 1498
f 74 2540 2262
f 2540 74 1498
f 2262 2540 2152
f 848 2262 2152
f 848 2152 2512
f 1498 859 2540
f 2152 2540 858
f 2152 858 2512
f 1497 86 1317
f 61 1314 1317
f 2541 1497 1314
f 2512 2541 848
f 2541 2512 1497
f 1497 1317 1314
f 2249 61 2153
f 1317 2153 61
f 1123 2542 1122
f 1130 2542 1123
f 1130 1123 2153
f 854 2248 2544
f 2248 73 2544
f 73 2543 2154
f 1130 2543 2542
f 2542 2543 73
f 73 2154 2544
f 2545 2040 1129
f 854 2544 2545
f 2543 1130 2041
f 2154 2543 2041
f 2544 2154 2040
f 2154 2513 2040
f 2544 2040 2545
f 2260 1129 2040
f 854 1129 1589
f 854 2545 1129
f 1589 1129 853
f 853 2260 85
f 2260 853 1129
f 853 85 857
f 60 857 2251
f 2035 2251 2039
f 857 85 2251
f 2546 2035 2038
f 2039 2251 85
f 1883 72 2547
f 72 2155 2547
f 2038 2035 1886
f 2252 2038 2155
f 2155 72 2252
f 2547 2548 2037
f 1886 2035 2039
f 2038 1886 2516
f 2155 2038 2516
f 1891 2516 1886
f 2516 1885 2155
f 2547 1885 2548
f 2155 1885 2547
f 2548 2259 2037
f 1883 2037 2549
f 2037 2258 1590
f 1883 2547 2037
f 2549 2037 1590
f 1590 2258 1884
f 58 1590 1884
f 1494 58 1884
f 1884 1782 1494
f 1491 2550 1781
f 1494 2550 1491
f 1781 2550 2552
f 2550 1494 1782
f 1782 2519 1736
f 84 1782 1884
f 1735 2156 2551
f 2552 1736 2551
f 2551 2156 2552
f 1782 1736 2550
f 1736 2552 2550
f 2553 1745 1734
f 2553 1735 1745
f 2156 1735 2553
f 2553 1734 1521
f 2553 1521 2554
f 2156 2553 2554
f 2554 2552 2156
f 2552 2554 1781
f 2554 71 1781
f 2554 1521 2250
f 71 2554 2250
f 1521 1734 1121
f 1121 1734 1520
f 69 1520 1496
f 1316 2256 82
f 2256 1316 68
f 1313 2256 68
f 1313 843 1387
f 2525 56 70
f 1387 843 1312
f 2525 1312 56
f 1119 81 2034
f 81 67 2034
f 2144 1119 1128
f 1120 82 1128
f 82 1120 1316
f 2255 80 66
f 851 2255 66
f 851 1881 852
f 2269 67 81
f 2269 852 67
f 1126 79 54
f 2529 1126 1127
f 2033 80 1127
f 2033 66 80
f 855 78 65
f 855 837 2533
f 856 54 1133
f 79 1133 54
f 2036 2254 1493
f 2555 2036 1493
f 1733 2044 2555
f 2555 1105 1733
f 1493 1105 2555
f 1592 77 64
f 1592 835 2536
f 1311 52 2042
f 1732 2253 1118
f 2556 1732 1118
f 1495 1739 2556
f 2556 1111 1495
f 1118 1111 2556
f 1315 62 849
f 1591 2557 850
f 2539 2557 1591
f 2557 2539 1315
f 849 2557 1315
f 1125 1124 1117
f 1116 74 50
f 1116 1124 74
f 2561 1117 1124
f 1125 1117 2151
f 1314 61 847
f 848 2541 847
f 2541 1314 847
f 2242 847 61
f 1123 1122 1731
f 2032 73 49
f 2032 1122 2542
f 2032 2542 73
f 2563 1731 1122
f 1123 1731 2249
f 2248 854 1589
f 1589 853 1588
f 2558 1588 853
f 1492 2251 2035
f 2251 1492 60
f 1730 2546 2038
f 2546 1492 2035
f 59 1730 2252
f 2247 1883 1310
f 1310 1883 2549
f 59 72 2247
f 1590 1310 2549
f 1310 1590 1309
f 58 1309 1590
f 1494 1491 1115
f 57 1491 1781
f 1494 1115 40
f 40 58 1494
f 1076 1521 1121
f 2250 1521 1076
f 1121 1520 69
f 69 1075 1121
f 1076 2768 71
f 71 2250 1076
f 1076 1121 2559
f 2559 1121 1075
f 1114 70 846
f 70 56 846
f 2560 1113 2524
f 2524 1114 2560
f 2142 55 69
f 2142 1113 55
f 845 55 1113
f 1313 68 843
f 1312 843 842
f 1312 842 56
f 2031 1119 2034
f 2031 1128 1119
f 1490 1120 1128
f 2031 1490 1128
f 851 66 1881
f 852 1881 1882
f 852 1882 67
f 1729 1127 1126
f 1107 2033 1127
f 34 2240 54
f 1098 1107 1127
f 1729 1098 1127
f 837 855 65
f 856 2533 837
f 33 65 53
f 856 837 838
f 856 2239 54
f 1106 1733 1105
f 32 2238 52
f 1733 2237 53
f 1733 1106 2237
f 835 1592 64
f 1311 2536 835
f 31 64 51
f 1311 835 836
f 1311 2236 52
f 2253 63 2244
f 30 2244 63
f 1118 2253 2244
f 1112 1495 1111
f 2244 1111 1118
f 1495 2235 51
f 1495 1112 2235
f 840 849 62
f 30 850 841
f 841 850 2557
f 1124 1116 1728
f 1116 50 2243
f 45 1117 1489
f 1117 2561 1489
f 1728 2561 1124
f 1587 847 2242
f 43 2242 61
f 847 2562 848
f 848 2562 1308
f 1122 2032 1488
f 2032 49 2241
f 43 1731 1104
f 1731 2563 1104
f 1488 2563 1122
f 1588 60 41
f 1588 1307 1589
f 60 1588 2558
f 832 49 1589
f 1307 832 1589
f 2546 1102 1492
f 1102 2546 1730
f 59 1102 1730
f 1492 41 60
f 1492 1103 41
f 1110 1103 1492
f 1102 1110 1492
f 1102 59 24
f 24 59 2247
f 839 2247 1310
f 839 831 2247
f 1310 1309 830
f 830 58 40
f 830 1309 58
f 1491 1108 1115
f 1108 1491 57
f 1115 1727 40
f 1109 1727 1115
f 1108 1109 1115
f 1108 57 22
f 69 38 1075
f 38 69 55
f 22 57 2768
f 1076 2233 2768
f 1487 2233 1076
f 1487 1076 2559
f 844 1114 846
f 844 2560 1114
f 845 1113 2560
f 2246 843 68
f 68 48 2246
f 843 1586 842
f 843 2246 1586
f 56 1585 39
f 56 842 1585
f 1586 1585 842
f 2031 2034 47
f 1120 1490 48
f 1316 1120 48
f 2564 1490 2031
f 2245 1881 66
f 66 46 2245
f 1881 1305 1882
f 1881 2245 1305
f 67 1306 47
f 67 1882 1306
f 1305 1306 1882
f 1729 2240 1098
f 2033 1107 46
f 838 2239 856
f 54 2239 34
f 1493 2238 1105
f 53 2237 33
f 836 2236 1311
f 52 2236 32
f 51 2235 31
f 2557 849 840
f 45 840 62
f 841 2557 2565
f 840 2565 2557
f 1489 2561 2566
f 1728 2566 2561
f 2562 847 1587
f 43 1587 2242
f 50 1308 44
f 1104 2563 2567
f 1488 2567 2563
f 2568 832 1307
f 42 49 832
f 1723 1110 1102
f 839 1310 830
f 1482 1109 1108
f 2234 1075 38
f 1487 2559 1075
f 844 846 39
f 844 845 2560
f 2569 845 844
f 845 38 55
f 2246 1351 1586
f 48 37 2246
f 39 1585 21
f 2031 1100 2564
f 2564 1101 1490
f 1101 48 1490
f 2245 828 1305
f 46 35 2245
f 47 1306 36
f 1098 1099 1107
f 1099 46 1107
f 33 826 837
f 827 838 826
f 837 826 838
f 827 2239 838
f 2238 1725 1105
f 1726 1106 1725
f 1725 1106 1105
f 1726 2237 1106
f 31 1583 835
f 1584 836 1583
f 835 1583 836
f 1584 2236 836
f 2244 1724 1111
f 2244 1484 1724
f 30 1484 2244
f 1486 1112 1485
f 1485 1112 1111
f 1724 1485 1111
f 1486 2235 1112
f 45 29 840
f 1484 30 841
f 1304 840 1581
f 1304 2565 840
f 2243 1483 1728
f 44 28 2243
f 28 1483 2243
f 2230 1489 1097
f 29 45 2230
f 1489 2566 1097
f 1489 2230 45
f 1096 1728 1483
f 1096 2566 1728
f 43 27 1587
f 44 1308 825
f 1308 2562 825
f 824 1587 1303
f 824 2562 1587
f 2241 1094 1488
f 42 26 2241
f 26 1094 2241
f 2227 1104 1095
f 27 43 2227
f 1104 2567 1095
f 1104 2227 43
f 2028 1488 1094
f 2028 2567 1488
f 822 1307 1588
f 41 822 1588
f 2570 822 41
f 25 2570 41
f 42 832 823
f 823 832 2568
f 2568 1307 822
f 1103 25 41
f 1723 1103 1110
f 2027 1103 1723
f 1723 1102 1722
f 2571 830 40
f 23 2571 40
f 1721 24 831
f 1727 23 40
f 1482 1727 1109
f 1720 1727 1482
f 1482 1108 1481
f 2234 38 20
f 4 22 1391
f 1391 22 2233
f 1487 1391 2233
f 1487 1075 1092
f 2234 1092 1075
f 844 1301 2569
f 2569 1302 845
f 38 845 20
f 20 845 1302
f 1351 37 19
f 1586 1351 2572
f 1352 1586 2572
f 1585 1586 1352
f 2572 1351 1300
f 19 1300 1351
f 2572 2573 1352
f 2573 1299 1352
f 1352 1299 1585
f 1299 21 1585
f 1100 36 18
f 2564 1100 2574
f 1101 2564 2574
f 2574 1100 1090
f 18 1090 1100
f 2574 2575 1101
f 2575 1091 1101
f 1101 1091 48
f 1091 37 48
f 828 35 17
f 1305 828 2576
f 829 1305 2576
f 1306 1305 829
f 2576 828 902
f 17 902 828
f 2576 2577 829
f 2577 903 829
f 829 903 1306
f 903 36 1306
f 34 16 2240
f 1098 16 2029
f 2240 16 1098
f 1098 2029 2024
f 1099 1098 2578
f 2024 2578 1098
f 2578 2025 1099
f 1099 2025 46
f 2025 35 46
f 33 1879 2232
f 826 33 2232
f 2157 34 2239
f 827 2157 2239
f 826 2232 1875
f 2232 2218 1875
f 15 2218 2232
f 1875 1876 2579
f 2579 826 1875
f 2579 2157 827
f 2579 827 826
f 1876 2157 2579
f 34 2157 16
f 32 14 2238
f 2238 14 1725
f 2158 1879 2237
f 1726 2158 2237
f 1725 2215 1718
f 14 2215 1725
f 1718 1719 2580
f 2580 1725 1718
f 2580 2158 1726
f 2580 1726 1725
f 1719 2158 2580
f 31 1582 2231
f 1583 31 2231
f 2159 32 2236
f 1584 2159 2236
f 1583 2231 1576
f 2231 2212 1576
f 13 2212 2231
f 1576 1577 2581
f 2581 1583 1576
f 2581 2159 1584
f 2581 1584 1583
f 1577 2159 2581
f 32 2159 14
f 1485 1724 2767
f 1484 2767 1724
f 2160 1582 2235
f 1486 2160 2235
f 1485 2767 1479
f 2767 2209 1479
f 1484 2209 2767
f 12 2209 1484
f 1479 1480 2582
f 2582 1485 1479
f 2582 2160 1486
f 2582 1486 1485
f 1480 2160 2582
f 11 1581 29
f 2565 1304 841
f 840 29 1581
f 12 1484 841
f 1298 12 841
f 1298 1304 1297
f 1304 1298 841
f 1297 1304 2583
f 1581 2583 1304
f 2583 1581 11
f 2206 2583 11
f 2583 2206 1297
f 10 1483 28
f 2566 1096 1097
f 2229 1089 2584
f 2229 2584 11
f 29 2229 11
f 1089 1096 1088
f 1089 2229 1097
f 1096 1089 1097
f 1088 1096 2585
f 1483 2585 1096
f 2585 1483 10
f 2203 2585 10
f 2585 2203 1088
f 9 1303 27
f 2562 824 825
f 1587 27 1303
f 2228 803 2586
f 2228 2586 10
f 28 2228 10
f 803 824 802
f 803 2228 825
f 824 803 825
f 802 824 2587
f 1303 2587 824
f 2587 1303 9
f 2200 2587 9
f 2587 2200 802
f 8 1094 26
f 2567 2028 1095
f 2226 2023 2588
f 2226 2588 9
f 27 2226 9
f 2023 2028 2022
f 2023 2226 1095
f 2028 2023 1095
f 2022 2028 2589
f 1094 2589 2028
f 2589 1094 8
f 2197 2589 8
f 2589 2197 2022
f 1878 822 1877
f 1878 2568 822
f 2570 1877 822
f 25 1877 2570
f 2193 2195 8
f 26 2193 8
f 1874 2193 823
f 1874 1878 1873
f 1874 2568 1878
f 823 2568 1874
f 7 2590 1877
f 1878 1877 1873
f 1873 1877 2590
f 24 1722 1102
f 1721 1722 24
f 25 7 1877
f 7 2027 2190
f 2027 7 25
f 2190 2027 1717
f 2591 1722 1716
f 1717 1722 2591
f 1717 2027 1723
f 1717 1723 1722
f 6 1716 1721
f 1722 1721 1716
f 1578 830 2592
f 1578 839 830
f 2571 2592 830
f 23 2592 2571
f 1721 2593 2187
f 2187 6 1721
f 2187 2593 1575
f 2594 1578 1574
f 1575 1578 2594
f 2593 1721 831
f 839 2593 831
f 1575 2593 839
f 1575 839 1578
f 5 1574 23
f 2592 23 1574
f 1578 2592 1574
f 22 1481 1108
f 4 1481 22
f 23 1720 2184
f 2184 5 23
f 2184 1720 1478
f 1478 1481 1477
f 1478 1720 1482
f 1478 1482 1481
f 1481 4 2595
f 1477 1481 2595
f 2 1092 2234
f 1093 1391 1487
f 1092 1093 1487
f 2 2234 20
f 4 2596 1087
f 1087 2596 1093
f 1093 1092 1086
f 1087 1093 1086
f 2596 4 1391
f 1093 2596 1391
f 1092 2 2597
f 1092 2597 1086
f 1301 21 3
f 2569 1301 2598
f 1302 2569 2598
f 2598 1301 1085
f 3 1085 1301
f 2598 2599 1302
f 2599 20 1302
f 2600 821 2800
f 2600 2793 821
f 1300 2601 2600
f 19 2601 1300
f 2794 2795 820
f 2604 2795 2602
f 2602 2795 2794
f 2603 2799 2161
f 2796 2161 2799
f 2796 2797 2161
f 2602 2797 2796
f 2796 2604 2602
f 2820 2604 2796
f 2798 2799 2603
f 2820 2796 2799
f 2798 2603 821
f 2603 2800 821
f 2800 2603 2801
f 2801 2603 2161
f 2600 2800 2605
f 2605 2800 2801
f 1300 2600 2605
f 2605 2801 2606
f 1299 2573 2809
f 2573 2802 2809
f 2572 2802 2573
f 1300 2605 2802
f 2802 2605 2606
f 2572 1300 2802
f 2225 2794 820
f 2794 2225 788
f 2797 2602 2607
f 2803 2794 788
f 2803 2607 2794
f 2602 2794 2607
f 2161 2805 2804
f 2805 2806 2804
f 2797 2805 2161
f 2607 2805 2797
f 2807 2801 2161
f 2606 2801 2807
f 2808 2807 789
f 2807 2804 789
f 2161 2804 2807
f 2608 2606 2808
f 2606 2807 2808
f 2802 2606 2809
f 2809 2606 2608
f 2608 2808 2609
f 2609 2808 2737
f 2809 2608 2609
f 1299 2809 2609
f 2610 819 2817
f 2610 2810 819
f 1090 2611 2610
f 18 2611 1090
f 2811 2812 818
f 2614 2812 2612
f 2612 2812 2811
f 2613 2816 2162
f 2813 2162 2816
f 2813 2814 2162
f 2612 2814 2813
f 2813 2614 2612
f 2833 2614 2813
f 2815 2816 2613
f 2833 2813 2816
f 2815 2613 819
f 2613 2817 819
f 2817 2613 2818
f 2818 2613 2162
f 2610 2817 2615
f 2615 2817 2818
f 1090 2610 2615
f 2615 2818 2616
f 1091 2575 2822
f 2575 2819 2822
f 2574 2819 2575
f 1090 2615 2819
f 2819 2615 2616
f 2574 1090 2819
f 2224 2811 818
f 2795 2811 820
f 2811 2224 820
f 2612 2811 2795
f 2814 2612 2604
f 2612 2795 2604
f 2162 2820 2798
f 2820 2799 2798
f 2814 2820 2162
f 2604 2820 2814
f 2821 2818 2162
f 2616 2818 2821
f 2793 2821 821
f 2821 2798 821
f 2162 2798 2821
f 2617 2616 2793
f 2616 2821 2793
f 2819 2616 2822
f 2822 2616 2617
f 2617 2793 2601
f 2601 2793 2600
f 2822 2617 2601
f 1091 2822 2601
f 2618 817 2830
f 2618 2823 817
f 902 2619 2618
f 17 2619 902
f 2824 2825 816
f 2622 2825 2620
f 2620 2825 2824
f 2621 2829 2163
f 2826 2163 2829
f 2826 2827 2163
f 2620 2827 2826
f 2826 2622 2620
f 2842 2622 2826
f 2828 2829 2621
f 2842 2826 2829
f 2828 2621 817
f 2621 2830 817
f 2830 2621 2831
f 2831 2621 2163
f 2618 2830 2623
f 2623 2830 2831
f 902 2618 2623
f 2623 2831 2624
f 903 2577 2835
f 2577 2832 2835
f 2576 2832 2577
f 902 2623 2832
f 2832 2623 2624
f 2576 902 2832
f 2223 2824 816
f 2812 2824 818
f 2824 2223 818
f 2620 2824 2812
f 2827 2620 2614
f 2620 2812 2614
f 2163 2833 2815
f 2833 2816 2815
f 2827 2833 2163
f 2614 2833 2827
f 2834 2831 2163
f 2624 2831 2834
f 2810 2834 819
f 2834 2815 819
f 2163 2815 2834
f 2625 2624 2810
f 2624 2834 2810
f 2832 2624 2835
f 2835 2624 2625
f 2625 2810 2611
f 2611 2810 2610
f 2835 2625 2611
f 903 2835 2611
f 2627 2836 2626
f 2626 2836 2839
f 2029 2627 2024
f 2024 2627 2841
f 16 2627 2029
f 2837 2628 814
f 2629 2628 2838
f 2637 2164 815
f 2637 2838 2164
f 2629 2838 2637
f 2998 815 2164
f 2998 2839 815
f 2839 2836 815
f 2839 2998 2840
f 2840 2998 2633
f 2998 2164 2633
f 2626 2839 2630
f 2630 2839 2840
f 2627 2626 2841
f 2841 2626 2630
f 2630 2840 2631
f 2025 2578 2843
f 2578 2841 2843
f 2024 2841 2578
f 2841 2630 2631
f 2762 2220 814
f 2220 2837 814
f 2825 2837 816
f 2837 2220 816
f 2632 2837 2825
f 2628 2837 2632
f 2622 2838 2632
f 2628 2632 2838
f 2632 2825 2622
f 2633 2842 2828
f 2842 2829 2828
f 2838 2842 2164
f 2164 2842 2633
f 2622 2842 2838
f 2631 2840 2633
f 2823 2633 817
f 2633 2828 817
f 2634 2631 2823
f 2631 2633 2823
f 2841 2631 2843
f 2843 2631 2634
f 2634 2823 2619
f 2619 2823 2618
f 2843 2634 2619
f 2025 2843 2619
f 2627 2635 2836
f 2635 2845 2836
f 2627 1876 2635
f 1876 2627 16
f 2217 2844 2636
f 2636 2759 2217
f 2636 2635 2759
f 2635 1875 2759
f 1875 2635 1876
f 2637 2844 2165
f 2845 2636 2844
f 2845 2635 2636
f 815 2844 2637
f 2836 2845 815
f 815 2845 2844
f 2846 2629 2165
f 2629 2637 2165
f 2628 2847 814
f 2628 2629 2846
f 2638 2849 2848
f 2848 2849 813
f 2849 2758 813
f 2849 2217 2758
f 2165 2844 2638
f 2638 2844 2849
f 2844 2217 2849
f 2850 2851 2848
f 2638 2848 2851
f 2640 2639 2852
f 2846 2851 2639
f 2638 2851 2165
f 2851 2846 2165
f 2640 2846 2639
f 2628 2846 2640
f 2847 812 2641
f 2847 2852 812
f 2852 2847 2640
f 2628 2640 2847
f 2847 2641 814
f 814 2641 2762
f 2853 2641 812
f 2760 2642 2997
f 2642 2760 2221
f 2642 2221 2865
f 2221 2853 2865
f 2762 2853 2221
f 2641 2853 2762
f 2758 2216 813
f 2643 2855 2216
f 2855 813 2216
f 15 1719 2643
f 2216 15 2643
f 2214 2854 2644
f 2644 2757 2214
f 2644 2643 2757
f 2643 1718 2757
f 1718 2643 1719
f 2166 2645 2854
f 2855 2854 2645
f 2855 2644 2854
f 2855 2643 2644
f 2848 813 2645
f 813 2855 2645
f 2857 2856 2646
f 2856 2857 2166
f 2857 2850 2166
f 2645 2166 2850
f 2852 2858 812
f 2639 2646 2852
f 2646 2858 2852
f 2639 2857 2646
f 2851 2857 2639
f 2850 2857 2851
f 2848 2645 2850
f 2647 2860 2859
f 2859 2860 811
f 2860 2756 811
f 2860 2214 2756
f 2166 2854 2647
f 2647 2854 2860
f 2854 2214 2860
f 2861 2862 2859
f 2647 2859 2862
f 2646 2648 2863
f 2856 2862 2648
f 2647 2862 2166
f 2862 2856 2166
f 2646 2856 2648
f 2858 810 2649
f 2858 2863 810
f 2863 2858 2646
f 2858 2649 812
f 2864 2649 810
f 2865 2864 2650
f 2865 2649 2864
f 1 2997 2877
f 2997 2642 2877
f 2642 2865 2650
f 812 2649 2853
f 2649 2865 2853
f 2756 2213 811
f 2651 2867 2213
f 2867 811 2213
f 2215 1577 2651
f 2213 2215 2651
f 1577 2215 14
f 2211 2866 2652
f 2652 2755 2211
f 2652 2651 2755
f 2651 1576 2755
f 1576 2651 1577
f 2167 2653 2866
f 2867 2866 2653
f 2867 2652 2866
f 2867 2651 2652
f 2859 811 2653
f 811 2867 2653
f 2869 2868 2654
f 2868 2869 2167
f 2869 2861 2167
f 2653 2167 2861
f 2863 2870 810
f 2648 2654 2863
f 2654 2870 2863
f 2648 2869 2654
f 2862 2869 2648
f 2861 2869 2862
f 2859 2653 2861
f 2655 2872 2871
f 2871 2872 809
f 2872 2754 809
f 2872 2211 2754
f 2167 2866 2655
f 2655 2866 2872
f 2866 2211 2872
f 2873 2874 2871
f 2655 2871 2874
f 2654 2656 2875
f 2868 2874 2656
f 2655 2874 2167
f 2874 2868 2167
f 2654 2868 2656
f 2870 808 2657
f 2870 2875 808
f 2875 2870 2654
f 2870 2657 810
f 2876 2657 808
f 2864 2876 2658
f 2864 2657 2876
f 2642 2650 2877
f 2650 2864 2658
f 810 2657 2864
f 2754 2210 809
f 2659 2879 2210
f 2879 809 2210
f 13 1480 2659
f 2210 13 2659
f 2208 2878 2660
f 2660 2753 2208
f 2660 2659 2753
f 2659 1479 2753
f 1479 2659 1480
f 2168 2661 2878
f 2879 2878 2661
f 2879 2660 2878
f 2879 2659 2660
f 2871 809 2661
f 809 2879 2661
f 2881 2880 2662
f 2880 2881 2168
f 2881 2873 2168
f 2661 2168 2873
f 2875 2882 808
f 2656 2662 2875
f 2662 2882 2875
f 2656 2881 2662
f 2874 2881 2656
f 2873 2881 2874
f 2871 2661 2873
f 2663 2884 2883
f 2883 2884 807
f 2884 2752 807
f 2884 2208 2752
f 2168 2878 2663
f 2663 2878 2884
f 2878 2208 2884
f 2885 2886 2883
f 2663 2883 2886
f 2662 2664 2887
f 2880 2886 2664
f 2663 2886 2168
f 2886 2880 2168
f 2662 2880 2664
f 2882 806 2665
f 2882 2887 806
f 2887 2882 2662
f 2882 2665 808
f 2888 2665 806
f 2876 2888 2666
f 2876 2665 2888
f 2658 2877 2650
f 2658 2876 2666
f 808 2665 2876
f 2667 12 1298
f 2752 2207 807
f 2667 2890 2207
f 2890 807 2207
f 2207 12 2667
f 2205 2999 2668
f 2999 2889 2668
f 2668 2667 2205
f 2667 1297 2205
f 1298 1297 2667
f 2169 2669 2889
f 2890 2889 2669
f 2890 2668 2889
f 2890 2667 2668
f 2883 807 2669
f 807 2890 2669
f 2892 2891 2670
f 2891 2892 2169
f 2892 2885 2169
f 2669 2169 2885
f 2887 2893 806
f 2664 2670 2887
f 2670 2893 2887
f 2664 2892 2670
f 2886 2892 2664
f 2885 2892 2886
f 2883 2669 2885
f 2671 2895 2894
f 2894 2895 805
f 2895 2751 805
f 2895 2999 2751
f 2751 2999 2205
f 2169 2889 2671
f 2671 2889 2895
f 2889 2999 2895
f 2896 2897 2894
f 2671 2894 2897
f 2670 2672 2898
f 2891 2897 2672
f 2671 2897 2169
f 2897 2891 2169
f 2670 2891 2672
f 2893 804 2673
f 2893 2898 804
f 2898 2893 2670
f 2893 2673 806
f 2899 2673 804
f 2888 2899 2674
f 2888 2673 2899
f 2666 2877 2658
f 2877 2666 2900
f 2666 2888 2674
f 806 2673 2888
f 2675 2584 1089
f 2751 2204 805
f 2675 2902 2204
f 2902 805 2204
f 2204 2584 2675
f 2202 3000 2676
f 3000 2901 2676
f 2676 2675 2202
f 2675 1088 2202
f 1089 1088 2675
f 2170 2677 2901
f 2902 2901 2677
f 2902 2676 2901
f 2902 2675 2676
f 2894 805 2677
f 805 2902 2677
f 2904 2903 2678
f 2903 2904 2170
f 2904 2896 2170
f 2677 2170 2896
f 2898 2905 804
f 2672 2678 2898
f 2678 2905 2898
f 2672 2904 2678
f 2897 2904 2672
f 2896 2904 2897
f 2894 2677 2896
f 2679 2907 2906
f 2906 2907 834
f 2907 2750 834
f 2907 3000 2750
f 2750 3000 2202
f 2170 2901 2679
f 2679 2901 2907
f 2901 3000 2907
f 2908 2909 2906
f 2679 2906 2909
f 2678 2680 2910
f 2903 2909 2680
f 2679 2909 2170
f 2909 2903 2170
f 2678 2903 2680
f 2905 833 2681
f 2905 2910 833
f 2910 2905 2678
f 2905 2681 804
f 2911 2681 833
f 2899 2911 2682
f 2899 2681 2911
f 1 2877 2923
f 2877 2900 2923
f 2674 2900 2666
f 2674 2899 2682
f 804 2681 2899
f 2683 2586 803
f 2750 2201 834
f 2683 2913 2201
f 2913 834 2201
f 2201 2586 2683
f 2199 3001 2684
f 3001 2912 2684
f 2684 2683 2199
f 2683 802 2199
f 803 802 2683
f 2171 2685 2912
f 2913 2912 2685
f 2913 2684 2912
f 2913 2683 2684
f 2906 834 2685
f 834 2913 2685
f 2915 2914 2686
f 2914 2915 2171
f 2915 2908 2171
f 2685 2171 2908
f 2910 2916 833
f 2680 2686 2910
f 2686 2916 2910
f 2680 2915 2686
f 2909 2915 2680
f 2908 2915 2909
f 2906 2685 2908
f 2687 2918 2917
f 2917 2918 801
f 2918 2749 801
f 2918 3001 2749
f 2749 3001 2199
f 2171 2912 2687
f 2687 2912 2918
f 2912 3001 2918
f 2919 2920 2917
f 2687 2917 2920
f 2916 2921 800
f 2686 2688 2916
f 2688 2921 2916
f 2914 2920 2688
f 2687 2920 2171
f 2920 2914 2171
f 2686 2914 2688
f 2916 800 2689
f 2916 2689 833
f 2922 2689 800
f 2911 2922 2682
f 2911 2689 2922
f 2682 2900 2674
f 2900 2682 2923
f 833 2689 2911
f 2690 2588 2023
f 2749 2198 801
f 2690 2925 2198
f 2925 801 2198
f 2198 2588 2690
f 2196 3002 2691
f 3002 2924 2691
f 2691 2690 2196
f 2690 2022 2196
f 2023 2022 2690
f 2172 2692 2924
f 2925 2924 2692
f 2925 2691 2924
f 2925 2690 2691
f 2917 801 2692
f 801 2925 2692
f 2927 2926 2693
f 2926 2927 2172
f 2927 2919 2172
f 2692 2172 2919
f 2688 2693 2921
f 2688 2927 2693
f 2920 2927 2688
f 2919 2927 2920
f 2917 2692 2919
f 2694 2929 2928
f 2928 2929 799
f 2929 2748 799
f 2929 3002 2748
f 2748 3002 2196
f 2172 2924 2694
f 2694 2924 2929
f 2924 3002 2929
f 2930 2931 2928
f 2694 2928 2931
f 2932 2933 798
f 2693 2695 2932
f 2695 2933 2932
f 2926 2931 2695
f 2694 2931 2172
f 2931 2926 2172
f 2693 2926 2695
f 2696 2934 798
f 2934 2932 798
f 2934 2921 2932
f 2932 2921 2693
f 800 2934 2696
f 2921 2934 800
f 2935 2696 798
f 2696 2935 2697
f 2697 2923 2682
f 2696 2697 2682
f 2922 2696 2682
f 800 2696 2922
f 2935 798 2698
f 2935 796 2946
f 2935 2698 796
f 2699 2697 2946
f 2697 2935 2946
f 2936 2697 2699
f 2936 2923 2697
f 2930 2928 2700
f 2937 2931 2930
f 2938 2700 2173
f 2937 2938 2701
f 2937 2930 2938
f 2930 2700 2938
f 2695 2937 2701
f 2695 2931 2937
f 2933 2695 2701
f 2933 2698 798
f 2701 2938 2941
f 2698 2933 2939
f 2939 2933 2701
f 796 2698 2949
f 2698 2939 2949
f 2173 2940 2938
f 2940 2173 797
f 2940 2941 2938
f 2940 797 2707
f 2702 2941 2940
f 2939 2941 2702
f 2701 2941 2939
f 2942 2700 799
f 2700 2928 799
f 1874 2943 2195
f 2703 2194 2943
f 2194 2195 2943
f 2944 2942 2703
f 2942 2194 2703
f 2173 2700 2944
f 2700 2942 2944
f 1873 2943 1874
f 2703 2943 1873
f 2945 2944 2703
f 2944 2945 2173
f 2945 797 2173
f 2704 2703 1873
f 2945 2703 2704
f 2704 2590 2192
f 2704 1873 2590
f 2747 2704 2192
f 2945 2747 797
f 2945 2704 2747
f 2946 796 2705
f 2946 2947 2706
f 2946 2705 2947
f 2705 794 2947
f 2699 2946 2706
f 1 2923 2995
f 2923 2936 2995
f 2948 2707 2174
f 2707 2948 2702
f 2940 2707 2702
f 2708 2949 2702
f 2949 2939 2702
f 2949 2705 796
f 2702 2948 2708
f 2705 2949 794
f 2950 2174 2951
f 2951 2174 2709
f 2950 2948 2174
f 2708 2948 2950
f 2951 2709 795
f 2710 2708 2950
f 2949 2952 794
f 2949 2708 2952
f 2708 2710 2952
f 797 2747 2707
f 2747 2953 2707
f 2953 2747 2191
f 1717 2954 2190
f 2711 2191 2954
f 2191 2192 2954
f 2192 2190 2954
f 2955 2953 2711
f 2711 2953 2191
f 2707 2955 2174
f 2707 2953 2955
f 2591 2954 1717
f 2591 2711 2954
f 2955 2709 2174
f 2709 2955 2711
f 2956 2591 1716
f 2956 2711 2591
f 2189 2957 2711
f 2709 2711 2957
f 2709 2957 795
f 2956 1716 6
f 2189 2711 2956
f 6 2189 2956
f 2957 2188 795
f 2188 2957 2189
f 2712 2947 794
f 2947 2958 2706
f 2947 2712 2958
f 2936 2959 2995
f 2936 2706 2959
f 2936 2699 2706
f 2960 2951 795
f 2960 795 2713
f 2950 2951 2960
f 2961 2960 2175
f 2960 2713 2175
f 2960 2961 2710
f 2950 2960 2710
f 2714 2952 2710
f 2952 2962 794
f 2962 2712 794
f 2715 2714 2961
f 2714 2710 2961
f 2714 2962 2952
f 2715 2962 2714
f 2958 2712 792
f 2712 2962 792
f 2717 2175 2716
f 2717 2961 2175
f 2715 2961 2717
f 2962 2715 792
f 2188 2713 795
f 1575 2594 2187
f 2718 2188 2996
f 2594 2996 2187
f 2963 2188 2718
f 2175 2713 2963
f 2963 2713 2188
f 2996 2594 2718
f 2964 2963 2718
f 2964 2716 2963
f 2716 2175 2963
f 2965 2594 1574
f 2965 2718 2594
f 2186 2746 2718
f 2964 2718 2746
f 2716 2964 793
f 793 2964 2746
f 2965 1574 5
f 2186 2718 2965
f 5 2186 2965
f 2966 2958 2719
f 2966 2706 2958
f 2966 790 2720
f 2966 2719 790
f 2706 2966 2720
f 2959 2706 2720
f 2721 2716 793
f 2717 2716 2721
f 2967 2721 2176
f 2721 2967 2722
f 2717 2721 2722
f 2715 2968 792
f 2968 2715 2722
f 2717 2722 2715
f 2968 2719 792
f 792 2719 2958
f 2722 2967 2723
f 2722 2723 2968
f 2719 2968 790
f 2969 2176 2970
f 2970 2176 2724
f 2969 2967 2176
f 2723 2967 2969
f 2970 2724 791
f 2725 2723 2969
f 2723 2725 2968
f 2968 2725 2971
f 2746 2972 793
f 2972 2746 2185
f 2721 793 2972
f 1478 2973 2184
f 2973 2185 2184
f 2974 2972 2726
f 2726 2972 2185
f 2721 2974 2176
f 2721 2972 2974
f 1477 2973 1478
f 1477 2726 2973
f 2185 2973 2726
f 2974 2724 2176
f 2724 2974 2726
f 2183 2726 1477
f 2724 2726 2727
f 2745 2724 2727
f 791 2724 2745
f 2183 1477 2595
f 2727 2726 2183
f 2183 2595 4
f 2743 790 2728
f 2720 790 2743
f 2728 786 2743
f 2720 2743 2179
f 2959 2742 2995
f 2959 2720 2742
f 2729 2970 791
f 2969 2970 2729
f 2975 2729 2177
f 2729 2975 2976
f 2725 2969 2976
f 2969 2729 2976
f 2730 2971 2976
f 2725 2976 2971
f 2971 2728 2968
f 2968 2728 790
f 2976 2975 2730
f 2730 2977 2971
f 2977 2728 2971
f 2728 2977 786
f 2731 2975 2177
f 2978 2975 2731
f 2730 2975 2978
f 2978 2731 2993
f 2732 2978 2993
f 2732 2730 2978
f 2730 2732 2977
f 2745 2729 791
f 2980 2729 2745
f 2733 2182 2981
f 2981 2182 1087
f 2182 2733 2745
f 2733 2980 2745
f 2982 2980 2733
f 2982 2177 2980
f 2177 2729 2980
f 1086 2981 1087
f 1086 2734 2981
f 2734 2733 2981
f 2733 2734 2982
f 2982 2983 2177
f 2983 2731 2177
f 2735 2734 2984
f 2984 2734 1086
f 2734 2735 2982
f 2735 2983 2982
f 787 2983 2735
f 2979 2983 787
f 2979 2731 2983
f 2597 2984 1086
f 2597 2 2984
f 2736 2735 2984
f 2985 787 2735
f 2737 789 2988
f 2737 2808 789
f 1085 2609 2737
f 3 2609 1085
f 2607 2803 2738
f 2739 2806 2178
f 2986 2178 2806
f 2986 2987 2178
f 2738 2987 2986
f 2986 2607 2738
f 2805 2607 2986
f 2804 2806 2739
f 2805 2986 2806
f 2804 2739 789
f 2739 2988 789
f 2988 2739 2989
f 2989 2739 2178
f 2737 2988 2740
f 2740 2988 2989
f 1085 2737 2740
f 2740 2989 2741
f 2599 2990 1084
f 2598 2990 2599
f 1085 2740 2990
f 2990 2740 2741
f 2598 1085 2990
f 2991 2803 788
f 2991 788 2180
f 2992 2991 786
f 2991 2180 786
f 2738 2803 2992
f 2803 2991 2992
f 2987 2738 2732
f 2977 2992 786
f 2977 2732 2992
f 2738 2992 2732
f 2178 2993 2979
f 2993 2731 2979
f 2987 2993 2178
f 2732 2993 2987
f 2994 2989 2178
f 2741 2989 2994
f 2985 2994 787
f 2994 2979 787
f 2178 2979 2994
f 2736 2741 2985
f 2741 2994 2985
f 2990 2741 1084
f 1084 2741 2736
f 2736 2985 2735
f 1084 2984 2
f 1084 2736 2984
