v 8.5898437499998086e-06 -0.042705910156249992 0.00071528906250000238
v 1.2438796004974364 -0.012942399343872072 0.18616048240051269
v 1.0959066960754393 -0.018150920715332031 0.59512915429687485
v 1.2275053604034425 -0.019485920236206059 -0.20606922796325686
v 1.0807655103759766 -0.015740735278320313 -0.63302348960571297
v 0.79883979890747081 -0.015740642663574222 -0.96444325568847644
v 0.43468685727844236 -0.019486226519775392 -1.1657198774047852
v -0.010189123709106447 -0.0074877582061767577 -1.2667736019744873
v -0.44309688969116207 -0.0073831189575195282 -1.1868194077331542
v -0.82253210783386221 -0.0073830210662841787 -0.96364860739135738
v -1.1027563710998536 -0.0073832024291992163 -0.6241635814697265
v -1.2241328504516602 -0.019035700338745118 -0.22477659952087403
v -1.2361266563568116 -0.014708596633911133 0.20624249000549316
v -1.0912809837646482 -0.014708482444763181 0.61663234828948976
v -0.81480959528350838 -0.014708413322448727 0.95273348216247555
v -0.44006364333343506 -0.014701700325012206 1.1740056896133422
v 0.033178760894775394 -0.018150957031249994 1.2469907841491701
v 0.45743138052368165 -0.018150630554199215 1.1604852264404297
v 0.82651227374267577 -0.018150826812744138 0.93409685919189456
v 1.2816930060043337 0.078946209060668945 0.24528753110504151
v 1.1161330625228882 0.11410320082092286 0.64490016065979006
v 1.2575168097667695 0.13547492527389526 -0.20017310535240174
v 1.1314139664936065 0.10420429698753357 -0.62586632082366944
v 0.83419350416755678 0.13547499091720583 -0.96148142298316963
v 0.46396330853271484 0.10420413886451722 -1.2065270269794464
v -0.0011295477313995328 0.090199194025039675 -1.3013649635295867
v -0.44639510466384891 0.090199103572845468 -1.222444297821045
v -0.83781597799682617 0.090199103595733632 -0.99599742565917959
v -1.1281825581703187 0.090199103595733632 -0.64933373521041871
v -1.2503604402303696 0.13577922988796234 -0.23942522023582458
v -1.2675715742225646 0.11616541995620727 0.22439531875991819
v -1.114621209465027 0.11616556539154053 0.64444540554046625
v -0.82722964099121088 0.11616556697463989 0.9868521681518555
v -0.44005975637817385 0.11616699036026 1.2103190965995789
v 0.00018851833343506031 0.11410323907089231 1.289392257587433
v 0.44093328676605226 0.11410311976623533 1.2116136942138671
v 0.82849631960296621 0.11410320082092285 0.98778446320343005
v 1.2531734298171999 0.17874644104003906 0.22036032835006714
v 1.0849708334884642 0.14495777727699283 0.65993599181556695
v 1.1144317073726655 0.16297768433380128 -0.60117294950294498
v 0.46682564994812015 0.16297776556015015 -1.1766918406906128
v 0.024502177305221556 0.16205847427749631 -1.2689484434661864
v -0.39876999225807186 0.16305638514328002 -1.2035514153442384
v -0.78660159107780458 0.16305638493156432 -0.99453270162582397
v -1.0795552046737671 0.16305638493156432 -0.66547292008781422
v -1.2499343085422516 0.16027444389057158 0.2020563545322418
v -1.1056885456981658 0.16027435596942902 0.61742228235435481
v -0.8280779839525223 0.16027435572528839 0.95840308900165561
v -0.45058730539131164 0.16027320677757262 1.1838705654115675
v -0.028414229164123533 0.1449580051574707 1.2699215387020111
v 0.40739685541343684 0.14495777042579649 1.2031018910541535
v 0.79407114385986333 0.14495777709770202 0.99125608907699581
v 1.1053186377258299 0.19206504771423341 0.64799769928741457
v 1.2634060095443727 0.19211279693031311 -0.20930069693374631
v 1.113122981742859 0.20011222885894775 -0.643379455291748
v 0.83283741719818116 0.19211288283538816 -0.97225903010559078
v 0.43869363118743898 0.20011222885894775 -1.2081819964904785
v 0.029557583034515382 0.22465506186676026 -1.2921192322578428
v -0.41439556352615359 0.22465269044876096 -1.2242513184547423
v -0.80836849176025383 0.22465508758926389 -1.0086444811096191
v -1.1048314471893312 0.22465262587356566 -0.6712862235946655
v -1.2543065490837098 0.18630132931137086 -0.23792184396743776
v -1.2735581860389709 0.22635055517578123 0.22859696346664432
v -1.1188132192630769 0.22635220797348024 0.65044384015846246
v -0.82911396610450749 0.22635055517578123 0.99391923431396489
v -0.4394151810493469 0.22635243395233151 1.2176049000720979
v -0.0079013107833862308 0.19206504835510252 1.2815719843826294
v 0.4306572808074951 0.19206513504028322 1.2070354493560791
v 0.8172744150543213 0.19206513500213623 0.98699681690979002
v 1.2673190826950074 0.26744218872070313 0.23806969222259522
v 1.090989772325516 0.2835811161518097 0.67272769900703433
v 1.2659904323568343 0.26707878608417512 -0.24352148723411562
v 1.1184198732070922 0.25289507904434205 -0.64697624132347109
v 0.81281964082241065 0.26707942999649048 -1.0001338542194367
v 0.44043932108306882 0.25289514315414424 -1.2143427143592835
v 0.016710422036170961 0.27739065688037873 -1.283169509850502
v -0.42926648974437714 0.27440277600479129 -1.2103677462047575
v -0.81245611749744417 0.27739014947700502 -0.99352980269908908
v -1.1072990563732148 0.27440260443115233 -0.65109181542778016
v -1.267199662448883 0.27227386445999147 -0.22716280069732664
v -1.2619228103084563 0.28128089588356014 0.22801582667160036
v -1.108191833366394 0.28137060423278804 0.64598797271537778
v -0.82057433532905577 0.28128089588356014 0.98599485963439948
v -0.43414219660377501 0.28137179143524171 1.2073654369869231
v 0.018324145441055293 0.24340698490333557 1.2943989405727385
v 0.40378449662113192 0.28358135074996949 1.2167691346101761
v 0.84560924009895322 0.24340698728179933 0.97996512974548344
v 1.2306175117778779 0.31871034063034054 0.2332930862400055
v 1.0569964039611817 0.33741864069366451 0.63126296784210201
v 1.2150089565010069 0.33739384665298461 -0.19567232422637942
v 1.1135393487533569 0.30284817184562685 -0.60277493582077013
v 0.8283821688194275 0.32019751976776123 -0.93700544211196901
v 0.45872454378318789 0.30573427441444395 -1.1781089273052217
v -0.016066032863616943 0.32598808152008057 -1.2437669957962036
v -0.40245144243125919 0.33891006249046329 -1.1623681933780672
v -0.8122345805358886 0.32598951159667966 -0.94229911221313478
v -1.055898967090988 0.33890265355300903 -0.63155649465179442
v -1.2091860198402407 0.33711129445266719 -0.23100966405487058
v -1.2114445843219757 0.33768294409942623 0.22536038152503968
v -1.0871529740409851 0.32853958048248294 0.60066707967758182
v -0.78361320471572882 0.33768294514465336 0.95151347448158274
v -0.44715820049285893 0.32854040245819094 1.1591228892173766
v -0.027194910101699825 0.34403425877227783 1.2251432368503572
v 0.40439668248367311 0.33741891711425775 1.1631545217933654
v 0.76622212848014826 0.34403426030387874 0.95617120771408071
v 1.1024231895583017 0.42842656989560807 0.17871114501353674
v 0.96945546324811671 0.42847288536725731 -0.55356561875261578
v 0.40142174343872072 0.43279516853332517 -1.0340756759338379
v -0.36114582608686174 0.43589670885794501 -1.0459809569440568
v -0.96477364062935966 0.42847197104753776 -0.56171993693760469
v -1.1005881414751326 0.42848059803989957 0.19001830343191961
v -0.7214100337044852 0.42848070640781949 0.85318300497872479
v -0.00466678467668806 0.42847709732055661 1.1174615485185897
v 0.71426312510027201 0.4284771646859305 0.85920148580060685
v 0.96846001719665531 0.56527379766845698 0.19721382669067383
v 0.60982181848144545 0.5802301537322998 0.76586109413146963
v 0.84754113900756844 0.57644193206787109 -0.49282469387817374
v 0.34678120979309079 0.62770777954864498 -0.88494906408691409
v -0.30737586143493656 0.60209850177001956 -0.91334133419799801
v -0.83361920364379882 0.61917175527954094 -0.46798371965026853
v -0.96755357998657221 0.5802487300567627 0.14624507052612304
v -0.64763375332641604 0.58024682847595221 0.73413643481445312
v -0.024675427001953125 0.5802301537322998 0.97882441340637216
v 0.89629752972412113 0.78283185049438475 0.1514861736755371
v 0.60485993027496343 0.79127107947921749 0.67888620446777337
v 0.78666201427459725 0.79559349528503409 -0.45426768997192379
v 0.31013297165679932 0.79557819106292726 -0.8532613689117432
v -0.27393165546417242 0.79810227841186521 -0.86590762966918944
v -0.76688188871002194 0.79812400480651857 -0.48708891497039797
v -0.88901005249404919 0.79203600009155284 0.18867781806182859
v -0.56284008083343506 0.79127128483963016 0.71413284017562861
v -0.019940773376464844 0.77063391178894036 0.91014753898620604
v 0.95041841997092102 0.9868110165437971 0.18512573461478099
v 0.59935556856209882 0.98248340939985002 0.75887561025129036
v 0.85234714161682135 0.977949933654785 -0.44696488064575191
v 0.36663066941833494 0.97853036428833007 -0.88786026063537593
v -0.29324855793762206 0.97785992053222648 -0.91702420909118643
v -0.80976357690429679 0.95390952114868166 -0.49450165008544927
v -0.95345616322326654 0.97818629808044411 0.12946955490112305
v -0.64985927825927736 0.9645062442997524 0.70090067439270021
v -0.038254067733764649 0.97788654664611818 0.96353561585998537
v 1.0614957358458381 1.1616122809411455 -0.17966155777427126
v 1.0564225684280395 1.1496237504806517 0.18131642041778565
v 0.92653393466472622 1.2107546619682314 -0.54623072922897342
v 0.68817847244051533 1.1745240491205626 -0.82451767665944786
v 0.38698862572574616 1.1542727697839736 -0.99998411915540686
v 0.011982689805167059 1.1363642345177789 -1.0654493092629567
v -0.36064369113349914 1.1867993532444001 -1.0113313003890991
v -0.68022471351887837 1.2072453854219027 -0.82688126094289505
v -0.93027556793117516 1.1832798921477794 -0.5445784054718017
v -1.0681117684713364 1.1944928584512708 -0.18491689690227509
v -1.0584379190521238 1.160406688688278 0.18957785752868653
v -0.92276691098439345 1.1933964036518643 0.5575014380424772
v -0.71173982254409784 1.1611570911521909 0.80732821395874033
v -0.38198063889939449 1.1827555069956777 1.002325338001115
v -0.030851034795999526 1.1614396264419555 1.0724025057921409
v 0.35614619318389895 1.1522660870263235 1.0121284427479336
v 0.68767052646157745 1.1916534978435278 0.83014340660181052
v 0.91818175735650742 1.1793474995638984 0.56684720685168666
v 1.0560923604545593 1.2508237491062166 0.18789926579093935
v 1.0801607536925095 1.2238197175770793 0.008093620224120095
v 1.0618352530753135 1.2271969169641497 -0.18435032824478148
v 1.0081891285298019 1.2260232257632389 -0.37177674603258815
v 0.92155922630119336 1.2563030248622893 -0.52890510891532905
v 0.81380635824537273 1.2350734309072493 -0.68526307460165026
v 0.69144401864998339 1.2371603815461634 -0.80148164168915748
v 0.53091631459128852 1.2055394219019413 -0.92379370093184709
v 0.39030446652174 1.2409818564210415 -0.9797649928165435
v 0.17138030514025687 1.204597372140169 -1.0494261055792569
v -0.0054495429196357728 1.2160336387391091 -1.0596719061493873
v -0.19272638240669665 1.2073936430506409 -1.0450825676651001
v -0.39636081154084202 1.2337655215894223 -0.98042321967763901
v -0.54535321211123466 1.2127018439903261 -0.91494204520130151
v -0.85815029076838489 1.1847767144535779 -0.65045602440118788
v -0.94970115861263271 1.2295102799772262 -0.49957911567306523
v -1.0264300424194337 1.2052620697445868 -0.3375384965209961
v -1.0579301623912811 1.2349500648273468 -0.20119556121749879
v -1.0772390632395017 1.2372632524996214 -0.0080999310021232802
v -1.0584358399641038 1.2386404841707228 0.18887923831272127
v -1.0273845133122839 1.2095756026694719 0.33372372336324307
v -0.93645966493828636 1.2216213135085514 0.52404766092898503
v -0.83191816806578633 1.2428657726678849 0.65546973417615895
v -0.68383235894060135 1.2035772145037651 0.82343511882543563
v -0.54991289582578839 1.2121986503860951 0.90762585098941617
v -0.36091834972629544 1.2414691978900909 0.96960124023475647
v -0.19537194642639161 1.2452420314674377 1.0102952965850831
v -0.006509570600509643 1.2308383863744736 1.0410379986400602
v 0.15793511240196229 1.2237838978071212 1.0336798611927034
v 0.39599787381191254 1.217816728757763 0.97878291737852097
v 0.56245330482053757 1.2124156664328574 0.90305019719219204
v 0.67702249140100479 1.2296789312898637 0.81279215752525336
v 0.82796754169917097 1.2496220183167459 0.65971333842897417
v 0.91926456383323663 1.2395603611831665 0.54456642481040962
v 1.0235166187074185 1.1830186690263749 0.34778287544691561
v -0.0099671294696331014 4.2725724296388634 -0.35610353905534742
v 0.030994631804001332 4.3244340640822658 -0.31826766655170913
v 0.073818157630893153 4.3311427341190569 -0.26814908212553601
v 0.082322396171569834 4.2488919283924105 -0.34742082379341133
v 0.21540649252090455 1.4232517487495424 0.88701051487350457
v 0.08831665770612443 1.3925483117995943 0.97178743580954419
v 0.37012017629623412 1.4185119781990052 0.84190824491882321
v 0.50259996901266923 1.4707104635445731 0.73850250010899143
v 0.65024246438598632 1.4631126729278563 0.65322946836853024
v 0.79253543656921388 1.4769502387084961 0.52938748105621336
v 0.8790264901580811 1.4757806347961426 0.41373732673645019
v 0.96185730457878105 1.4233086371898649 0.28022270774841307
v 0.99049011193275449 1.4315224485416413 0.1317618811302185
v 0.97388226616954809 1.4685244004821778 -0.027479350023269653
v 0.98804579716939933 1.4215309142210009 -0.16554046983489989
v 0.9122231135482789 1.4787290696678161 -0.35337345597457887
v 0.84840104980545039 1.449415414223862 -0.53601423368873591
v 0.77786897232055663 1.4386418312530518 -0.64220520784759527
v 0.6588862774658204 1.457712548171997 -0.76709222625732421
v 0.48863340790557863 1.4364341525001525 -0.92406949548149098
v 0.36478331874847414 1.4558670802764893 -0.99983036603164677
v 0.18573503479003906 1.4447683774108886 -1.0646753075256348
v 0.03085428903198242 1.4435406865463256 -1.0799917684707643
v -0.026365144399344922 1.9386447946012617 0.96852557764142755
v 0.033769668943600992 1.8265586631408333 0.98229293079921187
v 0.079702615299088606 1.7861237520272732 0.98352127111438337
v 0.074817876571655284 1.9184910606904031 0.96790459677410134
v 0.066961635191988944 2.2385352929576157 0.9060255334857702
v 0.014781650369167327 2.2637045083765983 0.91779440563392645
v -0.013365108738422393 2.1319772550566194 0.94626253943204885
v 0.051479103578329091 2.1315848666062354 0.94437106335210808
v 0.084370967471122743 2.5649599032506942 0.95259821142387391
v 0.0093045849592685703 2.5838050613175634 0.97021558028328414
v 0.0032603176544904727 2.4209756384367944 0.9265628660658598
v 0.092322978452682503 2.4475978584766391 0.89398148888587947
v 0.034559870962291954 2.7406316063544152 0.99094483096852892
v 0.083932628194911138 2.8460996963856564 0.97295060349692619
v -0.048258929121323998 2.8847205059867247 0.98826856977237976
v -0.0069755042064189908 3.4005535089612007 1.075847463306427
v 0.078110342682838452 3.3767354706559178 1.0572549204540254
v 0.077518262958594736 3.4804499107285229 1.0382544058316774
v -0.025833752610713245 3.4912297301011384 1.0544813951390384
v 0.0064815089290142054 3.5928249342730041 1.0734600617984533
v 0.087638873756647112 3.5816522847292425 1.0407799927055834
v 0.092052661362409582 3.7224327205808163 1.0165280672800541
v -0.055499208375368272 3.7186915536551122 1.0432476412467901
v -0.0064411637663841243 3.7907572700365781 1.0556855799646376
v 0.074565415077775712 3.7866066417956388 1.0396853765753451
v 0.073043040249228475 3.8481647123914957 1.015623072347045
v 0.021544301420688628 3.8892742952823638 1.0116707019090652
v 0.012605937688350676 4.0047901663026817 0.9829588873758317
v 0.063331205640673627 3.9736417972538471 0.99541362676048284
v 0.090327154478311536 4.0266002729834911 0.91936992383271465
v -0.00087618361234664864 4.0713606656470294 0.92767055921649932
v 0.10865109378662111 1.7966848178009032 0.7397048293243409
v 0.32349792455291748 1.8079800938796997 0.6563705296707153
v 0.23272776725769043 2.1859253719024663 0.6728397292938233
v 0.0979754190642039 2.1808636736659999 0.75098307175509127
v 0.20719826990127566 2.5805045010089875 0.68649733556938175
v 0.10276636596679686 2.5673489211676461 0.75152607742745536
v 0.17058134621715546 2.8002246295728686 0.70356398294162759
v 0.097110423236846932 2.812746291448593 0.7847420438232422
v 0.10726657628202438 3.1741450912652018 0.87685149498097104
v 0.19111346990871431 3.1152195644388199 0.78897764075279242
v 0.18400378336906431 3.3863129664783478 0.83299037599945058
v 0.11681610323664121 3.4108080740213054 0.87619079849696169
v 0.14143453035368239 3.6492995991710933 0.86567489624302718
v 0.11210503313732148 3.6258089461307526 0.89817876418685916
v 0.1110416615037918 3.7448732210140228 0.87086572750854496
v 0.16403371350313428 3.7608296373244885 0.82229757179651264
v 0.13262588882716 3.8458749868953976 0.79830185694743694
v 0.13028135376107691 3.9169959304593807 0.75570129606437675
v 0.42015291147537226 1.8175978441429139 0.61687238754577645
v 0.39357907057189939 2.1714232174453736 0.61789947826385505
v 0.29702136875534058 2.5673200869178769 0.65599082019615174
v 0.29712756667423246 2.7705104871196742 0.63139369267940526
v 0.24573011997985841 3.1339791308536529 0.75305399360179903
v 0.23804970456457139 3.4089628093595503 0.8025602877817154
v 0.20119803432989122 3.5825361222586629 0.8415634965333938
v 0.22530058117866517 3.7656330575828552 0.79525762620782858
v 0.51672595773315433 1.8185342223968506 0.54815761161041254
v 0.49890703384017948 2.1762419653167724 0.49545864127349853
v 0.37549951631736755 2.5268901074447632 0.58002540830612181
v 0.32767985265731814 2.7877717484054569 0.58550139187622074
v 0.28498898284912111 3.0718426652050015 0.7028706267070769
v 0.28229461954689028 3.3540831699743272 0.7502706467142104
v 0.28122182732200618 3.5826291966581341 0.77874717290782924
v 0.25779820530076025 3.7176858014027596 0.77607633925313957
v 0.64382737676620483 1.789351169090271 0.41029468066024777
v 0.5440248593502045 2.1302255110435486 0.44697289526748651
v 0.4428419953746795 2.5223492497081752 0.48514143406009674
v 0.37742931442117689 2.7444803307170869 0.51886232942533494
v 0.33570991385459897 3.0591759100475309 0.63745513720512403
v 0.31634645347309115 3.3234078444566721 0.70259875966930385
v 0.34046163927555084 3.5897445974416731 0.68899320104980477
v 0.20405337888002395 4.0407149025006293 0.7718267599344254
v 0.21644019693183897 3.9462904065376279 0.78645741376571654
v 0.34551325975404085 4.0895301972110296 0.89647331685363352
v 0.30983389116254451 4.1343832993045151 0.86715208702272173
v 0.73338972671508784 1.7430861143341063 0.32422519024276736
v 0.58034335216903676 2.1356753550834657 0.39984524659729004
v 0.47722085873126985 2.5234094212465283 0.44124729625034337
v 0.41610595488739011 2.755929386627197 0.469007191898346
v 0.38895401264190677 3.0030970494766231 0.55072438147258751
v 0.36366829772186277 3.2828782762851718 0.63299525285148617
v 0.37051333748245241 3.5731219490914348 0.63625545203971856
v 0.35663149753189088 3.6799883850364683 0.5901913794822693
v 0.30615286768913264 3.7382280674659016 0.72134323637711995
v 0.76752126264190679 1.782661262489319 0.25048648542785645
v 0.65577518304061888 2.1452440667610171 0.29723307235717772
v 0.53274255725479125 2.5249150311813358 0.32789608283042915
v 0.44892093949747081 2.773919414480686 0.42249833927774427
v 0.40918175710201266 2.9881464061717984 0.50178421493101122
v 0.42232505832481382 3.2635125987825395 0.54236221267986295
v 0.41512167494020469 3.533952005527115 0.54977215547494884
v 0.39123376867423743 3.6562649202765396 0.52371845917769844
v 0.80121617037200921 1.750320628578186 0.092522914203643808
v 0.66448319268798828 2.1282760550994873 0.1643940471191406
v 0.53037507708072673 2.5040273135442734 0.23818201503658293
v 0.44688304271793367 2.751627469367981 0.28044473311901091
v 0.46668127624988553 3.2607968567333221 0.49110914288711544
v 0.45496948247623442 3.458012278011799 0.51973012851381295
v 0.80500924403762819 1.7312910067062377 -0.048958534416198733
v 0.6830560711212158 2.0613214101562498 0.055030917198181151
v 0.54656249848175054 2.4498350470046995 0.15803544908332823
v 0.4443241570491791 2.7460523547821047 0.20336209606456757
v 0.49746385757026679 3.2360842897329336 0.45837646967124934
v 0.50896032983779904 3.155334003070831 0.36556194108200069
v 0.53272827360916142 3.4231336692848204 0.34741136532592776
v 0.49855524081420904 3.4768450427246096 0.47450327283096316
v 0.53654600609540948 3.6165250545554164 0.25973977742767329
v 0.50896664545127313 3.6521648128117832 0.40281913710873463
v 0.42326966602754595 3.8788606668939591 0.34961651330566407
v 0.51210893553829195 3.8308939730596543 0.22767694992828369
v 0.79299744715554377 1.7514561735561915 -0.15049161561802454
v 0.66815676027679449 2.0909567460289002 -0.07146988297271728
v 0.53617064286422722 2.4532677588539125 0.010518931087493898
v 0.46112529496002197 2.6826369104309085 0.14611959452056883
v 0.48681148433113097 3.0974378853254318 0.28331034265136723
v 0.50487367051506038 3.3966763018741606 0.20488265010261536
v 0.51792206202936186 3.5947040888206958 0.17309248659658433
v 0.80753310213546747 1.7294448436767578 -0.28799587817535399
v 0.67316529170227057 2.0468011793823244 -0.21267878947448729
v 0.51654380706405645 2.4630242956581112 -0.05507503620529175
v 0.43856398072814939 2.6837237011413571 0.022495451171874997
v 0.45613290905671122 3.037336380280256 0.2033014145562172
v 0.47814157946395874 3.3562553661613466 0.1084294652557373
v 0.4793997862215042 3.5382107173299788 0.041495442323684691
v 0.49423655607083866 3.7330989135152275 0.010651121803436959
v 0.53150663032722467 3.7481074997806552 0.12443421374893189
v 0.75484377446746831 1.6921449109856741 -0.43645520659037995
v 0.56549763057327262 2.0457098387985226 -0.3971343496742249
v 0.43695130773544311 2.4516565100212095 -0.21377229835128783
v 0.36248640933799747 2.6951313745594025 -0.09652845951080323
v 0.43318523471260073 3.0535256700115205 0.09503857463264466
v 0.45338961015701296 3.3244057389144896 0.014363340673446657
v 0.4740707343373417 3.5813536147986058 -0.033730820529520512
v 0.49277878632253413 3.6644281954210403 -0.016220556366652251
v 0.63796027861404414 1.7247999110641481 -0.58844956900405876
v 0.52225002354431149 2.0294157448539734 -0.48060760709762573
v 0.36885314309501649 2.4383443602542876 -0.33459458695983885
v 0.3329858727874756 2.636511716596603 -0.20225942221260071
v 0.40025906764316554 3.059707570932388 -0.010189073755264283
v 0.43054506880187993 3.3306368450393675 -0.075113445083618169
v 0.43993680665636059 3.5680689941396713 -0.13919538291263578
v 0.42829387693090099 3.6360996782328909 -0.15124965670821711
v 0.56994834903144831 1.6893802826919557 -0.72264755297279348
v 0.43403024679565427 2.0363354208068847 -0.61058646096801761
v 0.33548404510307306 2.4067140036048889 -0.42318965597534181
v 0.28900643942403792 2.6153982174298762 -0.30510457162928584
v 0.34285693498420722 3.1693226550283429 -0.14775951172351837
v 0.38397319825363163 3.3186942148895264 -0.21014300664138796
v 0.38487998137950896 3.5289999456787111 -0.25524763251113891
v 0.37652508529186246 3.5988001277916433 -0.27252134860706334
v 0.44429371868896483 1.710148000419617 -0.88256390381240846
v 0.36747552526855476 1.9969741626281738 -0.74253303395843506
v 0.26739785105895997 2.3627962314834594 -0.55990638916015634
v 0.23183675382614133 2.5974609183321 -0.4068450644836426
v 0.27403600876235962 3.1560275254192351 -0.34059040002727503
v 0.33317050067710874 3.35349453882885 -0.35256021232986451
v 0.32388613143682482 3.5045157379508014 -0.38023296996872769
v 0.30659788356065754 3.6743263877334598 -0.40144615734004974
v 0.3473416497344971 1.7299412567100525 -0.989485559638977
v 0.29119032664489747 1.9957013739280702 -0.88027808592987056
v 0.1987734947052002 2.353468477283478 -0.65159622763824454
v 0.19198658257865903 2.5984531263351442 -0.45960610548210146
v 0.14258985278195141 2.9418557833855745 -1.0841483422147036
v 0.18307638695210215 2.9377650570354463 -1.0273151374125482
v 0.13323164485168454 2.9012442037875652 -1.0361340989351273
v 0.1687989495666623 2.9851420953657031 -1.0906508920127154
v 0.11047711576214433 2.9784189129373431 -1.1338542048161626
v 0.11495424886748196 3.0271619727111458 -1.1278640966722668
v 0.19716179784289004 3.0289799714479746 -1.0555968314113617
v 0.14992969995224475 3.2905542075151204 -1.1519722971072197
v 0.10658782264351846 3.2811738004557491 -1.1855093406472683
v 0.086491815967549596 3.40730672247033 -1.1515898478607349
v 0.12730808892766066 3.4340705655826222 -1.1085936585382947
v 0.18667797104644773 1.6888420599365235 -1.0544681579780577
v 0.14369165194702146 1.9791792971343993 -0.95608154988098148
v 0.087332513765607564 2.3633355738263813 -0.69392663234819685
v 0.08771710267829895 2.6380565294208522 -0.48319452748107916
v 0.016707674945831297 2.8906783215312957 -1.0836792802418471
v 0.050646623827832089 2.96166974628491 -1.154856304254898
v 0.067814745142017074 3.001908375359978 -1.1546156366104228
v 0.096467488901235382 3.1666475875172169 -1.2094418275191119
v 0.057884708474248647 3.0877879337873457 -1.2063515099964142
v 0.039360859307646753 3.2588931683840157 -1.2092394478503958
v 0.081269691191673279 3.2317423919401169 -1.2028291767384052
v 0.068156462329590328 3.3594573443748708 -1.1845597752999901
v -0.027160656784057623 1.7095209980545045 -1.0650702184486391
v -0.0039895461387634288 2.0488342908649448 -0.94825843472290039
v 0.03030037337548392 2.3621949785996845 -0.71160191451719823
v -0.0028030885431766504 2.9741249380697012 -0.28904425441980364
v 0.073362012538909921 2.9925751024513247 -0.25893756752777097
v 0.083267911639213557 2.7941533579225539 -0.35202262870407103
v -0.011675723715782165 2.7675466208591457 -0.37788325920772547
v -0.030574119469542589 2.9535484539459902 -1.1542533598563458
v 0.0050335592304021105 2.9997504949375537 -1.1669135237629411
v 0.045389050083671292 3.0393757038504439 -1.1648571013865812
v -0.02589721876126826 3.1033181539155335 -1.2206121777914642
v -0.0056792311260700232 3.1984179716685674 -1.2228379584259814
v -0.016342043565988541 3.371985371573925 -1.1833448325542211
v 0.28661193613767627 3.20485555370903 -0.45063543819236757
v 0.28118465816436494 3.3338296789415902 -0.47770363489573348
v 0.26376994845014812 3.213670705004275 -0.57484724051541081
v 0.2559852793921471 3.2666127455376626 -0.60833066629934307
v 0.2339686401364803 3.1058959942755697 -0.67437848534631728
v 0.25583157026555536 3.0589423053020237 -0.80506000431514968
v 0.26654748637351816 3.1088152947685037 -0.8265239775452955
v 0.2719658482529691 3.1494557132948469 -0.84319161201781034
v 0.23779234970664981 3.2595154773597717 -0.71402376560783387
v 0.22397567520022393 2.9581128606951239 -0.96705745998048775
v 0.22646476171743868 3.0236928857932091 -0.99649713459920874
v 0.23604176261794568 2.9782737360756397 -0.8319025389249326
v 0.24614757243216034 3.0690599646614194 -0.89585447725683442
v 0.26495503757181166 3.492989362349415 -0.51848124603848456
v 0.24715091904640196 3.4193778910427097 -0.61131125623321536
v 0.2159466957976818 3.4063145480298997 -0.76760237881183624
v 0.26286569386349401 3.2027521142140292 -0.89651436946242202
v 0.22406340594577789 3.3088295932502745 -0.86511245778989787
v 0.25760898974561691 3.2205114750804897 -0.95514435634613037
v 0.25196954063563792 3.1408625519011024 -1.0015887997978032
v 0.24591889831760952 3.5965462860480715 -0.55062118895830425
v 0.22604473641586301 3.5616574925384521 -0.64864206448745731
v 0.20209510366153716 3.5210178055515287 -0.75618793964004516
v 0.18935241213566917 3.4429443581684653 -0.89513282715838283
v 0.22415069412027086 3.391268912293417 -0.9743384032529252
v 0.17395597333158763 3.3863655178325858 -1.0702628153258222
v 0.19935326241168977 3.2783173337032796 -1.0530243756170989
v 0.16827133120942117 3.2977549722008703 -1.1036016006782057
v 0.16822272003785055 3.3356759542694343 -1.0798808810740783
v 0.2268724543674929 3.3471739006379586 -0.96625618131745705
v 0.2056242724521935 3.3122244348285435 -1.0150562927358151
v 0.20723268608474732 3.1087415206661224 -0.56287350306320183
v 0.21281588912963867 3.0239208591465947 -0.73704245665788648
v 0.20606613794468642 2.9329189738914012 -0.82585797877098321
v 0.11633012714791297 2.9688076887195112 -0.76448852109479903
v 0.1429621373538971 2.8756600680236812 -0.90313038280701641
v 0.11755483904409408 3.0611473666386604 -0.60013341146278387
v 0.23054308093070985 3.1084957516231535 -0.36702951304626463
v 0.1112737752110958 3.0476338026964664 -0.46488285431575777
v 0.20282942786107747 3.0483977764222283 -0.18947417331722805
v 0.12828949142909049 3.0106816021461489 -0.22764583202695848
v 0.065793186839938164 2.9494789580557348 -0.79624277759957318
v 0.085534196609973911 2.8776163785848614 -0.89595163019466395
v 0.058129625044822698 3.0363268798360825 -0.62425601610374459
v 0.058393457660198218 3.0239336750917429 -0.46845684381961822
v 0.010241446721792223 3.0112921112167834 -0.48307683342552188
v 0.014726768266916275 2.9464389244921207 -0.80771122143292429
v -0.020300361765146255 2.8636379512753489 -0.94255229421591746
v -0.013622658769607544 3.0171475560271741 -0.65980241006755835
v 0.1855013643670082 2.8961055504014492 -0.8786598871243001
v 0.19559432612938543 3.4397092099558542 -0.95102710163944104
v 0.12568378355591639 4.058553932700157 -0.18771619422054292
v 0.21696037332773208 4.0506723909182547 -0.15356214086198805
v 0.21888021045303346 3.9587632175502776 -0.30145813921356202
v 0.080248088721036906 3.9580102164525983 -0.32904130640101431
v -0.022956804820537569 4.3713918614959715 0.10492166300535201
v 0.079971290644228463 4.3606531738712198 0.061872958710610867
v 0.086682352348804476 4.3421000721476073 -0.0023401426069736483
v -0.019567957846164705 4.3605499241080281 -0.0063048234848976144
v 0.018969170245409013 4.3749190948765282 0.24471584777772426
v 0.071715867385119203 4.3633649862159487 0.26259958465492728
v 0.077562099971135459 4.3427957680207889 0.15529301541042329
v 0.004673228906869888 4.3604309870615001 0.15742204839754104
v 0.041072958396077157 4.3508105172425502 0.41069732166898248
v 0.073799431075513358 4.3288446663379672 0.46830671153581138
v 0.084266197883605953 4.327796476222515 0.34913622294723984
v -0.010956203032016755 4.3475699768261906 0.3542945382926464
v 0.012974617467880249 4.2950365310277938 0.63886568620729445
v 0.058747194760918615 4.2976188341515957 0.62475196861049531
v 0.080709160304069522 4.293907387316942 0.51653391184139252
v 0.010059933154582978 4.3106409145836828 0.5300455605342389
v -0.011562054249823097 4.2338980355064866 0.75243409055340293
v 0.090623786142103369 4.191139250771017 0.7536966238588505
v 0.093962094139099117 4.2069898690663576 0.69260839989972112
v -0.034039457766532902 4.262078118265153 0.67076844368028643
v 0.0015166570732593554 4.11762134459281 0.90242785389280311
v 0.072731889981418857 4.1260669976233846 0.87649511988410356
v 0.076189101163148878 4.1780349932146077 0.79415798376822466
v -0.027001853143215182 4.1735329433689117 0.81533051319384575
v 0.10847064908331633 4.0966052841601961 0.095073460400402543
v 0.10952347283183336 4.0926551571750283 0.043388885877346989
v 0.097183196063411248 4.1247438635539773 -0.011481180337285995
v 0.14546760047662258 4.0702086086487768 -0.00044080468916893149
v 0.11832742317628861 4.0857230436638599 0.20710032924044131
v 0.11650894923460484 4.0885278987039335 0.27254231656622885
v 0.10097869252586365 4.1159497175331117 0.41121174542427064
v 0.1752865599849224 4.0647829791252015 0.36875538424623011
v 0.12780858235073089 4.0361653679172393 0.55168697669607403
v 0.17337869813561441 4.0376732852807047 0.51408278759765624
v 0.12546287529504299 3.9939899494069984 0.6802427204159327
v 0.14723218292719975 4.0126023243147984 0.64841677803332476
v 0.19522766492462157 4.0604311985940935 0.014515569252967835
v 0.19731760056281089 4.0599383568916325 -0.041596860350370413
v 0.15772182113170624 4.0694878993217944 0.1240575920023918
v 0.1695620643119812 4.069855371658802 0.2422198851044178
v 0.2364785216423273 4.0283677504521016 0.45509863037359716
v 0.21621984488487245 4.0488167188095456 0.56725152475589513
v 0.34139060778474806 4.0363498590463225 -0.071390680343764168
v 0.31961005703845025 4.0233944372876635 -0.19623095653333664
v 0.29677141048049926 4.0395504208216666 0.054790758003711706
v 0.26438088849139213 4.0474889183633334 0.14361126111984251
v 0.22400497398805619 4.0593899405789369 0.25854862035584453
v 0.24815888577866552 4.0445025905261041 0.35473161880326276
v 0.28407086399126058 4.0709009493556021 0.57892470062637336
v 0.45236533677291868 3.981124587063074 -0.065800721176385885
v 0.4193576362271309 3.9975200560336113 -0.17564802513122557
v 0.36756080597825047 4.0204315839870937 0.039291797875881197
v 0.39790032317447666 3.9922659992561345 0.12310167255878449
v 0.39311505616801123 3.9785726390241893 0.19251275649397714
v 0.36327715130656107 3.9739429466308867 0.29022795483773095
v 0.30999239633304732 3.9963133008394292 0.41365701217379569
v 0.31277502392887213 4.0080704224131534 0.48571065066981312
v 0.21800985084710123 4.0754294711212147 0.70772394577474596
v 0.47380192921337061 3.9482301054823061 0.0012634768192938406
v 0.48428939999365805 3.896877329974175 0.012264823591709136
v 0.45781388938005907 3.9363126368817598 -0.068203329738046437
v 0.38109908190236774 3.9369365845250743 0.48434078599507469
v 0.0936155886875987 3.6435635514883398 -0.77624533776223659
v 0.10681917973377704 3.7123355765730381 -0.67373847222917083
v 0.17857807296228406 3.7376062889127732 -0.58516573776960379
v 0.027114040402412415 3.5691679994597436 -0.89831351989269259
v 0.11216503347110748 3.5574657936687464 -0.88338925541114799
v 0.081442681298664638 3.4868295154282709 -1.0092042846429687
v -0.015802846872150896 3.5460832731968761 -0.9321969847852587
v -0.0016007828049659722 3.4808897476873399 -1.0294772733217479
v 0.026338802654266358 3.6496079768795968 -0.78146466403651238
v 0.060180831252384187 3.6975386807883264 -0.70720198914012911
v 0.0039865860277414318 3.7150492091566325 -0.68739901914393897
v 0.092027563162803652 3.7496310708522795 -0.62569607422018048
v 0.020066957235753538 3.8021150607345704 -0.55906408264893281
v 0.09767920826189859 3.8592943924113001 -0.46034863767807827
v 0.1989711545642853 3.821070003216839 -0.47838348009343146
v 0.010407785831451417 3.8579376445856095 -0.47622048389434812
v 0.00040234436655044517 3.4388111224510669 -1.0933413261971472
v 0.055903355057179922 3.4370739177568557 -1.1067404436597825
v 0.2617487436523438 3.7777614996900559 -0.43153065791893008
v 0.34199714939945935 3.968197897418916 -0.29119431637006998
v 0.014849760985374452 4.0121265093812948 -0.31903104474925997
v 0.35789156279427664 3.7718053535308838 0.57101779553638188
v 0.4124921893677711 3.8250813939969541 0.45967894002509119
v 0.40257057112898831 3.8802041197061534 0.53651822812914851
v 0.29502427376651763 3.9629888173828127 -0.29316325195407866
v 0.14825996090266702 2.885777678184223 -0.98559031872889991
v 0.087784531868338594 2.8655166253607272 -1.0062824430065156
v 0.020175408729553222 2.8565815444610121 -0.99290525657862427
v 0.43635247260904308 2.9889789860473872 0.33169885343599315
v 0.4200042108530998 2.9176595335717201 0.26775032572031021
v 0.42405509678120612 2.9785201663310525 0.18111463868741989
v 0.3732864707098007 2.8787702644376756 0.092800333030700677
v 0.33098616325146812 2.9329376338013922 0.0027360453585897181
v 0.31021867254420349 2.9703315308105367 -0.045463857734547343
v 0.43836890686907093 3.0151879299512592 0.40419967358589171
v 0.38188478002929688 3.9803681610755919 0.64320649106025696
v 0.25401518276625867 3.8257075363864304 0.78370728811651458
v 0.35712675796508786 3.8212230857315062 0.72913166280364983
v -0.019014144223213195 1.3540136108336451 1.0074250972042083
v 0.36452754740762711 3.8897824441928863 -0.25275594162106513
v 0.31143620867443078 3.7298989966030121 -0.3696845056068897
v 0.41404741750754737 3.9308993963520109 -0.17266871112107915
v 0.27811007775115965 2.8881607317142484 -0.11523675826644897
v 0.21168688264322283 2.8348247345848083 -0.25009397501230241
v 0.15344196304893493 2.8055378324203493 -0.31600834809684752
v 0.00075010984039306644 2.5943053756713867 -0.538988528251648
v -0.018224700008613724 3.2864569151682428 1.0382044923928637
v 0.088426557068416053 3.3037894812176569 1.0127458714528763
v 0.5141193948638354 3.8759039736673238 0.11829942821324722
v 0.51168149552401132 3.8178117670538594 0.07184567164757083
v 0.44189906536507606 3.7614087084766625 -0.12908455193465951
v 0.45315607171442507 3.8318220919809001 -0.084451768906112015
v 0.46156983197277784 3.7544755580069422 -0.060045629580736171
v 0.44843599200845363 3.7238623041520356 -0.09011002552821637
v 0.46328818542835115 3.7582619083501099 -0.015461670656055214
v 0.48334508200931547 3.7809462371623517 0.026665127510309215
v 0.46573361425987481 3.6861391731734123 -0.049460642924922707
v 0.40162681641567605 3.6623606512416176 -0.17364622609716654
v 0.440580684826538 3.6661942012477966 -0.10008409762044251
v 0.31105559901893143 3.7753522424335477 -0.2452742823778391
v 0.36427167687750206 3.7030753388946058 -0.18505677304296325
v 0.35922377736485001 3.673694902395785 -0.2376470782148242
v 0.36624927044585942 3.8668886622100596 -0.19575030979924202
v 0.4541427467956799 3.8897991241561729 -0.053336024786336089
v 0.42165318930530549 3.876041940730274 -0.12212831199121475
v 0.45888886430120468 3.8540508045134843 -0.016833555898815394
v 0.41827216550945046 3.7087417769779503 -0.13265493759844899
v 0.39265156707178356 3.7579771861341444 -0.16772301169455348
v 0.4294529142659545 3.8225291701146245 -0.14100326197931767
v 0.38639642816954256 3.8324258656587364 -0.16936032814746499
v 0.26708405769757282 3.1511745472259696 -0.90920429306239314
v 0.24742090000511707 3.1053204523906706 -0.95133713114419582
v 0.22871638634481428 3.0851157622210321 -1.0004579344263136
v 0.16465260527883085 3.0463423309799196 -1.099112482592012
v 0.21111384070515696 3.0822734243276502 -1.059296164190811
v 0.18273182721102238 3.0802938061046601 -1.124412045947671
v 0.21931169055557254 3.1383984346678258 -1.1075932282837631
v 0.11494527424061299 3.0645553768908229 -1.1564077217800468
v 0.18630710096549988 3.1188892432202611 -1.1555917993939264
v 0.013383776692986488 3.08752640318954 -1.2157226693025829
v 0.25540624500100911 3.0708212417925598 -0.8503465378351569
v 0.25989078003595767 3.1198024104791138 -0.87050734855300194
v 0.20161064000034334 3.4298800311921838 -1.0118281279513837
v 0.23234032136741281 3.2260280452975039 -1.0414870415850581
v -0.0070068221876621265 4.3395646694129706 -0.23449712175583839
v 0.09771789411313192 4.3004995680160523 -0.20027153588908059
v 0.11330370125746728 4.0781047231248619 -0.14246506852161886
v 0.063984882892847053 1.4708659315078259 1.0990541438183785
v -0.020469530259609223 1.4791982136797905 1.1127837611651421
v 0.088142180486325175 1.5180435419659726 1.0969101013935356
v -0.022995108531236649 1.5582276976777316 1.0986529435683487
v -0.024983890402317046 4.3686595100517271 -0.11333644908428192
v 0.090474061617940665 4.3428698406005202 -0.075103940411716696
v -0.032727207073974612 2.9595287640226124 1.0141595110010861
v 0.064239578003406517 2.9609094736545085 1.011065762106657
v 0.087992384632110593 3.1060269836969372 0.99090602971410746
v -0.0037581916233897189 3.1155029305681587 1.0234494415535926
v 0.023347127584338184 2.684654308703184 0.96882431301629546
v 0.090678136854784833 2.693801394371603 0.93864262202068738
v -0.020209217508554457 2.3118090056769849 0.93108480393433579
v 0.070353723955821984 2.3027384791650771 0.91969035302443503
v -0.026728514720678331 2.0538457564563748 0.94172765952467918
v 0.090278416784286497 1.9878170129652024 0.91545127208518984
v 0.0063324229430556309 1.7242712009328007 1.0339072669251561
v 0.078398880896501238 1.7303740324515329 1.0159692997074425
v 0.078872773524204895 1.6109373504556022 1.0439982239625452
v -0.0086743567162156088 1.6011457165226937 1.0676570410489292
v 0.077738637798309335 3.1576162071173193 1.024023594123602
v -0.013848144807457923 3.2256725733606819 1.0447991236208676
v -0.084731018386840815 4.2590951305694578 -0.3458634459857941
v -0.093905420188117011 4.3035563049117336 -0.30521527077550886
v -0.10697471010017395 1.3823177435855865 0.95095773546791085
v -0.18774181089954375 1.4023416242397309 0.90818274656162257
v -0.36306438557052612 1.433424679462433 0.83385673017120365
v -0.51442842176600867 1.4667631802618843 0.73427644595118924
v -0.65968900865936275 1.4597413336334228 0.64863793579864504
v -0.80490989549636849 1.4469017651290894 0.54139134033966063
v -0.87264600429916384 1.4904827662277222 0.40609274954986574
v -0.94533383545684813 1.4749187710266114 0.23369453863525391
v -0.99353138796234131 1.4222628261976245 0.13998706820106505
v -0.9846797352066039 1.4517059227447509 -0.0081027540206909197
v -0.97677655580520617 1.4460088325737002 -0.1551099835548401
v -0.93942906323623665 1.4453956408576967 -0.3197328648681641
v -0.88296491340751637 1.4156521849216461 -0.50210232098903651
v -0.75830980951690674 1.4828292102966307 -0.6377041280670166
v -0.67508914551544197 1.4465159391517639 -0.75480428981018066
v -0.50547724144363404 1.461794911911011 -0.90897873870086676
v -0.344504301197052 1.4545828616371155 -1.010651340084076
v -0.16560423329162599 1.4770329190979004 -1.0713015728912354
v -0.074641097182512287 1.9361348435124159 0.95951379293513295
v -0.088622428228378292 1.7917384412870407 0.96403392733097082
v -0.088530580952167509 2.2533927151669499 0.88134566705698969
v -0.076170881826889525 2.1326526903045298 0.93459360654912005
v -0.068510774153232562 2.5925331308465007 0.95942776611113545
v -0.097495668155670151 2.444594898111343 0.86882432356452943
v -0.082707012756451967 2.7333036120201797 0.97180917981951687
v -0.086865269806861864 3.5368874534436632 1.0352288860814232
v -0.053593524227678775 3.3983480021668671 1.0712625087730885
v -0.097496110678672795 3.6826742187423704 0.9983859172058106
v -0.062096914019107816 3.5865404151903393 1.0672262539164423
v -0.094410703258812428 3.859967172449708 0.97681283399826291
v -0.065129531857509165 3.8007030528713091 1.0423347673960888
v -0.085978552317619319 4.0193589443588253 0.93865583722853652
v -0.089558743041217317 3.9515251661402582 0.97540930528694392
v -0.11802441057128907 1.7815065436889648 0.73397894778747552
v -0.32197858393859863 1.8119607034454346 0.65591997518920897
v -0.27576393492889406 2.2219283825912477 0.66480785608673099
v -0.09926791060002646 2.2009441017621363 0.74591772246170041
v -0.20636782193756104 2.5854373242759703 0.68678830430984505
v -0.10568997729601179 2.578136743964059 0.73977475471823562
v -0.15963191452598574 2.7877388383388517 0.70512187281417849
v -0.10143089313602446 2.8381788110456467 0.76991069303512583
v -0.17929232337951662 3.4150509191131597 0.83842128637218472
v -0.14980070313644409 3.1318863868675235 0.8164931495475769
v -0.10591277860101064 3.1501397637147903 0.87270273883597049
v -0.12154989584990911 3.4433063541277473 0.87372734291362764
v -0.11528304445433617 3.6065718638300557 0.89886570282503542
v -0.10871145106434822 3.7258625251553057 0.88523468287003038
v -0.15102413337159157 3.757610701086521 0.83005299466276172
v -0.12738874328646066 3.8636145908153949 0.78849303442883489
v -0.43273160312499998 1.82116952421875 0.6096711911514282
v -0.41057865789031983 2.1828589336013797 0.60476704324340813
v -0.32063226858901978 2.5402807614097593 0.6433046296958923
v -0.28255659625530249 2.8137583905229571 0.65148700599479681
v -0.24125668153095248 3.3396955393285754 0.79119078223800665
v -0.2420813178844452 3.0860719482326511 0.74559625595474244
v -0.23170997461652756 3.5908907666027545 0.82220830417966839
v -0.23134737445583345 3.7220475709255219 0.79721500744833951
v -0.52790810949707034 1.7908998684387205 0.5484128796691895
v -0.46594623268890384 2.1911976958007813 0.53645914936065675
v -0.38554600244140624 2.5476003104400635 0.55632302035522463
v -0.33147479146194458 2.7418008865776065 0.58320568945121776
v -0.27627795446014403 3.3596660713787081 0.75863099489784247
v -0.2789062378873825 3.0524840356149672 0.70488677164840707
v -0.27995949458885194 3.5719551196565629 0.78054184377670288
v -0.26352824435849187 3.7428005859364508 0.76906144195146564
v -0.6306343079967498 1.7967678664512634 0.42371925606727601
v -0.54483295210170746 2.1703379769039151 0.43759074804592135
v -0.45567498634576797 2.5458278256840705 0.46262475623941418
v -0.39119259822654723 2.7588167090320588 0.5010586510391235
v -0.34026723371315004 3.3074313795137407 0.66848300257396698
v -0.3213151923046112 3.0550572626438139 0.65490777479362494
v -0.32543518263339999 3.5907598870110515 0.71353942178583152
v -0.35328084414339067 4.0878410209515099 0.8888513744356632
v -0.22671440266466142 3.9092365877346991 0.78153446619510647
v -0.20054841854763028 4.0067983686699868 0.78362551776313794
v -0.29156757207434514 4.134392177672046 0.86623524620785031
v -0.71164430726051342 1.7642993728332519 0.33730461007976531
v -0.60623540893840788 2.1079421279830934 0.37249372522926327
v -0.48239708565139777 2.5002859208068848 0.44042452283859251
v -0.44826286682057381 2.7500081915729044 0.42758367418241505
v -0.37110613238239287 3.3185600306835177 0.62775174748897555
v -0.39557909199762342 3.0635197145953179 0.5508662379589081
v -0.36307319039201735 3.5296055841541292 0.66368951514434815
v -0.3498883068333864 3.7062331707235581 0.60009594234585761
v -0.30863927810573583 3.6973133287618163 0.70648735744690894
v -0.79517851645278936 1.7523524656562803 0.21633240929412842
v -0.64784796929168709 2.145774637863159 0.31081473632431034
v -0.53247276924514775 2.5125479351310727 0.36192800680541992
v -0.46407707146835331 2.7461371534576418 0.37543881517887112
v -0.41438985010933871 3.2537650407669547 0.55330627239394192
v -0.41281300634765627 3.0275986935100558 0.49952630273437504
v -0.41148379704005722 3.528530415895033 0.55898717702925205
v -0.39362461645133151 3.6943303968830787 0.50335581581878663
v -0.80622867368316653 1.739407815567017 0.086766503318786631
v -0.67484437188911439 2.0943683269195557 0.13856777984809876
v -0.5430495420608521 2.4667778659057618 0.22133148423004151
v -0.45711558716678619 2.734643903276444 0.31730443443870548
v -0.44601215965156554 3.491230255581093 0.5237770181312561
v -0.45928642907905581 3.2441188732862472 0.49348316650772095
v -0.79945287455749514 1.7444157842788699 -0.018454347808837888
v -0.67510420788192738 2.082955317285538 0.034945724845886234
v -0.54684909254646297 2.4503135425224305 0.17323911361312866
v -0.45107180376815792 2.7238544074649811 0.22703950156784058
v -0.53034332439613341 3.4320999822425837 0.30800114303016668
v -0.50167961681938167 3.1282624186267851 0.34651740636444089
v -0.50420152662925721 3.2661186688121795 0.45876704177017213
v -0.51879132235240943 3.4626324803075796 0.43864531885051727
v -0.53779741817092896 3.633118522872925 0.25769642531394954
v -0.48805529810346876 3.6679078300011501 0.42246429657568252
v -0.51141339846038814 3.831557898262024 0.23306170865631107
v -0.43322606489467619 3.8672992975578309 0.3448598235387802
v -0.79817615194702141 1.7403983080825804 -0.11543781005096435
v -0.67965423078918452 2.0601291128234864 -0.073279340698242199
v -0.53346357180023196 2.4669382608261108 0.028250221103668215
v -0.45768990853881836 2.6881134376220706 0.12740970704650878
v -0.5052158078727722 3.3945217472181319 0.20618016231536865
v -0.4841659601593018 3.0966977867660521 0.26663169517135621
v -0.52016565247821811 3.5911273230800629 0.18477517214107514
v -0.7920827208496094 1.7435821087287904 -0.32138794029159545
v -0.67336835316467292 2.046826579772949 -0.21259110360717776
v -0.50884352043151848 2.4626191803092956 -0.078155988140106214
v -0.4492911054916382 2.6794110758991243 0.049791894424438474
v -0.47703811213684083 3.3292910623302459 0.11049997351646423
v -0.44903681915092464 3.0258535124931338 0.18752964529132843
v -0.48535944461372921 3.5563707019974844 0.051114315603937421
v -0.52983101111984254 3.7643154341297151 0.10456083872699737
v -0.51262899877286805 3.7538497845859187 0.04332355149888141
v -0.75915793678855892 1.673382207983017 -0.44857663317489621
v -0.57728558930969243 2.0289632039031984 -0.3949096595611572
v -0.45602053960418704 2.4392462611923218 -0.1969854294204712
v -0.38402034665107726 2.671898442676544 -0.08554140672683716
v -0.45297954435825349 3.374244969954491 -0.0014762887687683106
v -0.43244481378637045 3.0604454144257138 0.085048135139465339
v -0.460457516635704 3.5465014910789971 -0.054669496936368939
v -0.48036083976641297 3.6666854576816261 -0.040644375905990605
v -0.64198390936279293 1.70092893642807 -0.60489901425933834
v -0.50375949143981935 2.0344008296737668 -0.50535699324035643
v -0.37562257432937618 2.4035802877464292 -0.35756226045227057
v -0.32075920587921147 2.6728380932579041 -0.1922521562576294
v -0.43584169517421723 3.3452371177511218 -0.061124719739913937
v -0.39054139878082272 3.0685842964096071 -0.036685866523742672
v -0.43476347449111935 3.5357089079151156 -0.14114387584877014
v -0.42257583795595166 3.6279394871815951 -0.17187049572004592
v -0.57713786915779108 1.6871724294490815 -0.71431027246570578
v -0.41773576630783082 1.9942905187530515 -0.67119097917175297
v -0.32579466366767884 2.3902979061183931 -0.45433610795211793
v -0.24730613828516007 2.6448683963208199 -0.34590532370138172
v -0.38132846139717103 3.3255254702739716 -0.22511945696067809
v -0.30641217174911506 3.1405541392898559 -0.17491202071189882
v -0.39470691689157489 3.5523019716920854 -0.23862412484359741
v -0.3557109161360264 3.6364795006201271 -0.30092817022252083
v -0.4740007934036255 1.7154421539001465 -0.83674808455276484
v -0.37789957035827637 1.9970910850944519 -0.72545435457611085
v -0.26782655942535399 2.3494004510803226 -0.5708490489196778
v -0.23239750045776367 2.603007075080872 -0.4014541830787659
v -0.33855478588104249 3.3491463298530579 -0.34017296593856811
v -0.27005959660625456 3.1498635691413881 -0.32221749666309357
v -0.32439375791454317 3.4861145635633468 -0.37835924760627748
v -0.31530878440666199 3.6556428740134237 -0.38587229605722428
v -0.33044373941040039 1.7069354060058592 -1.0074226752929687
v -0.26523257574462894 2.0035185346374509 -0.8977835518493652
v -0.19234311695480347 2.3536352846755979 -0.65741327573776243
v -0.15568582223939895 2.6071179071812631 -0.48254508913660049
v -0.10092524588257075 2.888444686741233 -1.0434855649256112
v -0.19381757410688399 2.9282107843633653 -0.99248249881038664
v -0.16005349038875102 2.9421091558062433 -1.066695827388823
v -0.10780433475416899 2.919288482588887 -1.085644538487196
v -0.17266154615622759 2.9857337748512927 -1.0863296819721759
v -0.18798217721710886 3.039653904266272 -1.0715104594084024
v -0.088749750836998223 3.0334681119303193 -1.145397372536078
v -0.12713367460846903 2.9939185084203483 -1.1230147128841876
v -0.097116854627920052 3.4252899117315114 -1.1319351296234132
v -0.096466313603639608 3.2381024837310317 -1.1964446508519648
v -0.16153541917550565 3.3008864365207549 -1.1217692165409325
v -0.14226737722506694 3.3917340187268259 -1.1308531375712754
v -0.17532780607604981 1.6708132719421387 -1.0596135695800779
v -0.1242248630104065 1.9813879462852482 -0.95908652129745486
v -0.095378143139157989 2.3326213939653124 -0.71560318148912705
v -0.065727145687103264 2.6274235407066344 -0.49762672192096707
v -0.047193444127559658 2.9071423123161795 -1.100992251405716
v -0.041761442048597337 3.2493251790598867 -1.2107377679943083
v -0.09428939330387115 3.1383049389978646 -1.2125074066618682
v -0.081221131928145895 3.3805870848342181 -1.1702460898006797
v -0.098350856121063229 2.7972778914318086 -0.34623797570228576
v -0.046802997735977167 2.9506921953415874 -0.26309726152420043
v -0.29827309305119515 3.2484106305897233 -0.43366747854399679
v -0.28375063218266622 3.2930626131341119 -0.47880086479296002
v -0.25771528612709044 3.2106319226336479 -0.60598046046018605
v -0.2587910273749352 3.2793815019089698 -0.59289536507415774
v -0.26983088368421737 3.1566640682057603 -0.85845313566019332
v -0.26427925280607045 3.0921010116475789 -0.81240673757830861
v -0.2431463249130249 3.1070975115840436 -0.69512998237347601
v -0.239963754045248 3.2452637513243126 -0.71738018335516096
v -0.24496108959361912 3.0063586047814486 -0.83254879749202726
v -0.247543102196075 3.0612306817706463 -0.89325263631757501
v -0.23024526712381843 3.0525363647682071 -0.97288232718896861
v -0.22104273216924669 2.9601369505933759 -0.98341064046916959
v -0.26491889855842587 3.4591152773368838 -0.51948438021545407
v -0.24249500623083114 3.4435604861397744 -0.6330523896536826
v -0.21855822844791412 3.3956504169042114 -0.75990306374299532
v -0.21813394083046914 3.3426572369787695 -0.86536211473155022
v -0.25904252259206773 3.2188204214320182 -0.94051888054800026
v -0.25322106012284751 3.1473710471141931 -0.99918494195669894
v -0.25369454601287844 3.6089964933757788 -0.52357447419357306
v -0.22533239525556564 3.537273335879326 -0.67278509309482581
v -0.19533841770315169 3.498233263424873 -0.79499500365734099
v -0.18919066140856061 3.4432558238100324 -0.88580012431989386
v -0.2280014456948144 3.3750410538182258 -0.95519822201082372
v -0.18810279826867582 3.3013549009977581 -1.0575874030365944
v -0.22700714536254407 3.2743311472122909 -0.9999774916740416
v -0.21212126516075136 3.3537563339066505 -0.99755435598688136
v -0.18309976460008962 3.4110485149840968 -1.0598061721816574
v -0.16583147844146379 3.3529045042697563 -1.083374982365219
v -0.21109875957703589 3.0144591927125459 -0.7477925280306339
v -0.19654886221994672 3.1010213658143453 -0.5589037522704261
v -0.21571565055460928 2.9461193122828959 -0.8166777723716736
v -0.13243512166571619 2.875826888356924 -0.89116285290718067
v -0.12363681692409516 2.9753290246725088 -0.75572725644207006
v -0.13391332711744308 3.0695459625058175 -0.57870516582536702
v -0.14937204496860504 3.0622364296083449 -0.43317770709896086
v -0.22303570921373367 3.1023450692305561 -0.35616139688587189
v -0.13237001980972288 2.992752621009827 -0.2176944873962402
v -0.21053619274336949 3.0243405394062997 -0.16489222590017319
v -0.078848055509448053 2.8621623758876327 -0.93923326008093366
v -0.08536757198047637 2.963235396381855 -0.77467737839126594
v -0.066439541484355935 3.0365791785356997 -0.63572589132618906
v -0.071494187131762504 3.0331298461117742 -0.50392841109037401
v -0.17370268661665916 2.8860537128748893 -0.90884694524943832
v -0.21170306624463625 3.4262112637929918 -0.97494607892114771
v -0.18026953624010086 3.9652093774952886 -0.29948134844732288
v -0.20343282162666321 4.0544043402080536 -0.14913362218856813
v -0.15881634551787377 4.0541029901463981 -0.17271661500799657
v -0.099903375232151564 3.9575242522469249 -0.32473938880266462
v -0.091977734852155046 4.3349090691898668 -0.038919164071400961
v -0.059613557537078851 4.3718743071246147 0.072230624858587972
v -0.087823843674719335 4.3365753028809628 0.18247493150810401
v -0.092093791705131531 4.3349025126683713 0.25747811137175558
v -0.097116252280235293 4.2953500146987444 0.31498755965876579
v -0.08585265996694566 4.3247208021178842 0.44334388128924368
v -0.088745220779627557 4.288892531923354 0.49924008910262585
v -0.086200563685297965 4.2803089771482945 0.61821072710931302
v -0.094799254702329624 4.2012955498239997 0.69060636601912972
v -0.074572600591648372 4.2127913531593801 0.76702036278578634
v -0.081717875940382489 4.1474304586879915 0.81580047519576548
v -0.065466846613645546 4.1314863924866918 0.8731921869674325
v -0.12420392881669998 4.0793384548842422 -0.01912897126914263
v -0.11704758712720872 4.082136257134735 0.068791954675376424
v -0.11004381258741619 4.0889667449165348 0.12559880388399364
v -0.12566606768535377 4.0807734983426807 0.20677274411113264
v -0.10716993159747124 4.0970334557268622 0.25265819296836856
v -0.12887147889828682 4.079496338534832 0.39011748289954662
v -0.14461546514058116 4.0385425707478522 0.52123510427188879
v -0.1025491606736183 4.0758536449828142 0.51560451589536671
v -0.12509638847448146 4.0095798887262175 0.64607467660416029
v -0.10331843052613734 3.9941072670506239 0.69747393191486595
v -0.18698860284900665 4.0620643137159353 -0.044745008456230168
v -0.21862704011797907 4.0566633154506686 0.044732213359355927
v -0.18982944730949405 4.0638809088163379 0.1444135341348648
v -0.1509195009469986 4.0740783703761103 0.26861529336106776
v -0.212767956409812 4.0593401498950712 0.34160085282671449
v -0.22640801669776439 4.0335717014721633 0.47785312465971708
v -0.18101796206376553 4.034806547880482 0.61422971232612134
v -0.34227200411510467 4.0292163106580743 -0.17091082981443406
v -0.30304586202423911 4.0403577265945154 -0.021090938896860395
v -0.29683466421437266 4.0394985529072285 0.061782034690380093
v -0.28395568739986421 4.0415732979555123 0.13540065808010099
v -0.24859695145249366 4.0518418394486906 0.23916967564487457
v -0.2809492853496075 4.0302365514559746 0.34658762822723388
v -0.23980015618155004 4.0543386081226584 0.56219454951460368
v -0.4239761525712013 3.9994264051474571 -0.15781239349069595
v -0.45291591773557666 3.981618863389611 -0.049367342329382891
v -0.43069231783156392 3.9964743556145668 0.019575439196205139
v -0.36921348269557952 4.0070676835432053 0.12236372096061707
v -0.3491539148055145 4.0062634778469288 0.19286682956045015
v -0.34397937343978885 3.9781046466729642 0.35378858604693414
v -0.33978403930376255 3.973464271340915 0.44200323394773688
v -0.32580678270517083 4.0091697941880904 0.50539008539976393
v -0.21431092855167388 4.0629363999670502 0.67725744628443718
v -0.46419902827637538 3.9319011094250338 -0.043716673757961816
v -0.49289289515173434 3.909480675128937 0.047129891761481767
v -0.3782247726441792 3.9234567999233518 0.44871654788357868
v -0.1429491501750946 3.689990982538224 -0.68336725848579416
v -0.10454279648256301 3.6313611129260064 -0.78904746448993679
v -0.16813661784887313 3.772371538443565 -0.56006479969549172
v -0.11935430559437191 3.4872621149178236 -0.97632059573370222
v -0.10208848338079453 3.5649286270623204 -0.88244642657470707
v -0.04068690850734711 3.5653373675811286 -0.90195569673562048
v -0.048348520007729531 3.4841689156343936 -1.0227364478769303
v -0.04026782399189472 3.6511956716874838 -0.77722497981286054
v -0.092098806294631949 3.6999869168630601 -0.69720719210386284
v -0.11299335035467148 3.7618914717698098 -0.60359479600906363
v -0.20505857414569856 3.8543715066674231 -0.43848929089212418
v -0.11199024560546876 3.8499466006071907 -0.47268471314661842
v -0.046738841589152813 3.4237885030483604 -1.1236882348224522
v -0.34709102276790138 3.9743884382313492 -0.28287390444743632
v -0.26250554982376101 3.7570278965358734 -0.43879689889335632
v -0.38831074628851248 3.7716484326341488 0.5079828565471769
v -0.36921257226194654 3.8123172319184713 0.56198620063686378
v -0.39227462339153291 3.8403728963835242 0.53678960116686825
v -0.26874003279781344 3.9683452247219089 -0.28613972434329987
v -0.12761336830377579 2.8664103236589433 -0.94190065559720981
v -0.049142241040349005 2.8568624488987924 -0.9955729060939551
v -0.42962707464688166 2.946283769719737 0.36028731497471678
v -0.42339675183296205 2.9150408686475755 0.29820898472118379
v -0.41144083289241795 2.9348209984166624 0.19373183707666397
v -0.37086634149703979 2.9371070717016221 0.089434532524108892
v -0.3225971791696548 2.9049986603691238 -0.012670622337205069
v -0.27086531948494913 2.9844454508435727 -0.090470164766550065
v -0.42972950590031489 3.0153645465074943 0.44353752714770184
v -0.37634353484636546 3.9568901858617069 0.50132339682084326
v -0.36906100616073606 4.0251637383604049 0.62779541151523588
v -0.32545143231201173 3.8186857181659426 0.76025079454660416
v -0.23728156685924529 3.8426303123950958 0.78608871971893313
v -0.31483361284589767 3.7642141083147527 -0.34388480508780478
v -0.33786979913482662 3.8413324441713335 -0.23885961689586643
v -0.41649946530342108 3.967941609931946 -0.19283710281944275
v -0.28041971447086333 2.8781373887305262 -0.11776425323820114
v -0.22967102238750459 2.8032077572612764 -0.25385320367002484
v -0.15069081861567496 2.8288187807657716 -0.29650223573446277
v -0.084155568110397871 3.3119709523177825 1.0204474304727145
v -0.49208640569237294 3.9048419222585133 0.15392830393518719
v -0.51638045209708217 3.8041025735893248 0.073567479588127135
v -0.46045650434182583 3.7516715177973028 -0.068916044375929242
v -0.45294758611201946 3.8083607917142892 -0.11125570324100853
v -0.44455081374159455 3.7337970186065794 -0.10934877233873606
v -0.46196220982327463 3.8090632028691291 -0.067963916895747184
v -0.4670887176112235 3.7311018267192542 -0.023287717067360877
v -0.45285705564818385 3.6872350316322562 -0.069370882666385164
v -0.47605938041409424 3.7830046124468617 0.018309248444650851
v -0.39440451711978652 3.682053338315491 -0.1626542365877543
v -0.34035327037096025 3.6837898470487596 -0.26559363870310781
v -0.35488164594632388 3.6878701532569647 -0.20913398625894786
v -0.33311831870222092 3.7701257674031261 -0.20122017656707764
v -0.35955222652349472 3.8297781394182921 -0.18950481333225966
v -0.39905621632191324 3.8975033486731201 -0.16507971375362468
v -0.41837449706619978 3.8555755671350775 -0.13653510270246866
v -0.43646836610873047 3.878662976295665 -0.093311746867299095
v -0.45544027345106008 3.8592102534932788 -0.032457808556675911
v -0.4013004366014481 3.7292108866758107 -0.15568538273267746
v -0.38431568173170089 3.7783701804355383 -0.17593087173795702
v -0.41752566269114016 3.8147533867431878 -0.15578440692780016
v -0.26240183515343068 3.1512910536745489 -0.94991426169359683
v -0.23986461077845095 3.1014292947027089 -0.98673546515226374
v -0.2393869435493946 3.0862554582076669 -0.94687872214317326
v -0.21567302496286633 3.0687473554172096 -1.02290213858687
v -0.23230243505032061 3.1066736300340771 -1.0439322913747788
v -0.14188666200792788 3.0672452215259076 -1.1430559083622098
v -0.22272313436126712 3.1384544526643756 -1.1033295221662522
v -0.038595735716998578 3.0530317640171649 -1.1766170505717994
v -0.12249124786651985 3.0888717864941868 -1.1819102172833169
v -0.15997811764832906 3.1265140242446066 -1.1799341210694567
v -0.25916652992802858 3.1114349278820246 -0.86043742453634886
v -0.22346388368018866 3.2425472251709699 -1.0466550044507859
v -0.087472665440201755 3.4530093094223737 -1.0878674811351299
v -0.085654099254029142 4.3220511027294224 -0.23663246731001991
v -0.11718815968060492 4.0793048462362282 -0.13739688066506386
v -0.094557729108989241 1.4995649334906935 1.0740289870622157
v -0.05046129790517874 1.5120724683055393 1.1144942733921575
v -0.08127887517289073 4.3500265175244586 -0.11451385686716437
v -0.070934492640495284 3.092146890370846 1.0071137256875038
v -0.086703910054969788 2.9728311297616004 0.99805286344537736
v -0.095817705401693071 2.6951637374524391 0.92981119082553043
v -0.076831065503597265 2.3097537683410643 0.91436287537503247
v -0.091471146777153012 1.9994811374444961 0.90779211969518658
v -0.090321118051715193 1.7187345651654378 0.99811609932924072
v -0.087979661192178732 1.5897675414807795 1.0468670810289384
v -0.07704855894732475 3.1809425371708868 1.0302411388547421
v 0.46028823416137699 -0.09059807104492186 0.082887813049316389
v 0.92925486328125007 -0.11460523803710936 0.19046124682617188
v 0.40343696990966799 -0.085869488128662103 0.23548048794555665
v 0.80747752612304691 -0.11061009448242187 0.49701826342773436
v 0.45304688562011719 -0.093318433105468751 -0.07843498425292969
v 0.89593026843261714 -0.12950186584472656 -0.15354514355468746
v 0.449748614013672 -0.10414948120117187 -0.25229380908203125
v 0.79866006262207034 -0.1281917497558594 -0.4506295680236817
v 0.30169856155395508 -0.095024948852539051 -0.35764023986816407
v 0.59612995654296874 -0.12819173995971681 -0.69656253216552733
v 0.16234806164550783 -0.093318649536132808 -0.42958183361816399
v 0.3130423000488281 -0.12233982836914063 -0.89619029174804687
v 0.0052127988586425757 -0.090598698944091782 -0.466814164642334
v -0.012916278564453126 -0.11461267358398436 -0.94762816040039066
v -0.15531100167846679 -0.085869529632568359 -0.43944995568847656
v -0.33682114819335934 -0.11061616479492185 -0.88522075708007808
v -0.53790801611328121 -0.029302809082031249 -1.0860742353515627
v -0.68701312213134758 -0.017611145202636718 -1.0317531037597654
v -0.40190151718139655 -0.085859082397460929 -0.23663342416381838
v -0.82748041357421864 -0.11061620336914062 -0.4614385791015625
v -0.45883889480590823 -0.08585912365722656 -0.084855650573730471
v -0.93564065991210932 -0.11061603906249998 -0.15054673217773437
v -0.4604315364074707 -0.085859092407226556 0.077242329010009755
v -0.93094181469726556 -0.11061303173828124 0.17858877172851562
v -0.40648703268432618 -0.085858540557861324 0.23010881576538086
v -0.81395929833984371 -0.11061246215820311 0.48626698315429689
v -0.3035128930053711 -0.085858069671630857 0.35530680566406253
v -0.5988003078613281 -0.11061246215820311 0.73538006591796867
v -0.18115239746093748 -0.092844804931640615 0.4818628176269531
v -0.34515277294921876 -0.10998515771484375 0.89012614062499995
v -0.0015895646362304693 -0.085858767852783208 0.46747241061401373
v -0.026069155273437498 -0.11060993652343749 0.94814788281250018
v 0.15814950543212891 -0.08585860104370116 0.43987114556884765
v 0.29954680566406255 -0.11060925415039063 0.89992943749999998
v 0.29881459649658204 -0.085858556823730461 0.35930165634155276
v 0.58903348901367192 -0.11060919165039063 0.74325417651367176
v 0.31845243139266965 0.082369582962036142 -1.2624486133556365
v 0.13713563725852967 0.069998545524597167 -1.2953670746288299
v -0.45661820877990722 0.04819184185409546 -1.2259625154518128
v -0.60439677918624868 0.049492927280426022 -1.1572725847358702
v -0.69956360824584962 0.085917868797302233 -1.0959058775558472
v -0.73326303570079787 0.09223366319131851 1.0745990526061058
v -0.60808077783584591 0.084890217569351195 1.1500470078525542
v 0.0010931463211059584 0.053097507272338876 1.3093086212173461
v 0.11535181872138978 0.019780227553558353 1.2937066907455446
v 0.27206660829162599 0.067341039840698239 1.2775060679244996
v 1.0197291355705262 0.17750187147521973 -0.76072475740432732
v 0.91175845788002019 0.14902870108222963 -0.87829260895729067
v 0.33203457708740236 0.127387538646698 -1.2351115730743407
v 0.12899799396896361 0.14462081216049194 -1.2628657671165469
v -0.29648739886474607 -0.085858648956298828 -0.35978359124755854
v -0.61951215698242179 -0.11061557739257812 -0.71658740820312505
v -1.2151973676109313 0.1502443459396362 0.36499705985641479
v -1.1683128714733124 0.17984491162109376 0.5091803700237274
v -0.69673167335510255 0.15024424802398684 1.060894470020294
v -0.60020799373626699 0.15123806195259093 1.1198477886104583
v 0.94698192682838433 0.16881896464920043 -0.84669744597816465
v -1.1597951726474762 0.19049263766479493 -0.53850128764534
v -1.2173974275884629 0.1721321936864853 -0.37448520608520508
v 1.0370609155158996 0.21511031896018978 0.76824817201805118
v 0.91878419579696657 0.20228292252349855 0.90123165892028811
v 1.1810772347373961 0.24175201625442505 0.52988819244766239
v 1.2372656967182158 0.22939610869026186 0.37377746517944338
v 1.1339507827262878 0.22335729046249392 0.62181137483596793
v -0.59479226240539551 0.25594852464485168 -1.1459291482982636
v -0.7012804077491761 0.28461571816253661 -1.0700968211364748
v -1.1882339449596406 0.21363404004287723 -0.50036965508079523
v -1.2453677704925536 0.23207681921768186 -0.35149015165710445
v 0.11514046887588501 0.28844548430252076 1.2741777819461821
v 0.2769306720085144 0.28579679637527466 1.2511386708908081
v 0.2912199192199707 0.34891001972961427 -1.1827301295318602
v 0.19039851750183107 0.33180855416107174 -1.2239332639541627
v -0.57959935391044615 0.30291295405960084 -1.1267083601589203
v -0.69764252373886104 0.33644267934417721 1.0186162248153687
v -0.5966296188097 0.31360465423774725 1.1079693535604478
v -0.0093971610519409179 0.29956722786674506 1.2713809983333588
v 0.24948804259300231 0.32859845622634887 1.2181245783672334
v 0.41073718221282962 0.34737106924972533 -1.1484744405498502
v 0.39457572245243622 0.39691903918239047 -1.0871243519096376
v -0.63328504885864256 0.45524848237609861 -0.87812943957519529
v -0.81431668191528317 0.44516667762756346 -0.7312807782592774
v -0.74309559991673069 0.38366150410624911 0.9113207254938398
v 0.47211439531898503 3.3471066208286286 0.49989932715702057
v 0.49041869300460816 3.3834683468933107 0.48687981406784059
v 0.72117841029357921 0.58825412356567397 -0.65244620407104503
v 0.52118409550476064 0.61545115669250494 -0.80032675166320799
v -0.37246921830749513 0.46319357092285157 -1.0092782637939453
v -0.36729201084899898 0.50427395803070074 -0.96853792758941648
v -0.54381610134887692 0.48817048135375973 -0.89814656735229492
v -0.71135138331604009 0.56410040913391102 -0.68427604959106447
v 0.82570193847656259 0.62012355194091795 -0.4807936700439453
v 0.81231407806396483 0.70175473597717286 -0.43544899110412594
v 0.6856897485351563 0.64473356018066408 -0.64503042492675788
v 0.52193558578491217 0.73408968113708495 -0.74830278916931159
v 0.41285271321105954 0.76652522863769534 0.81109535594177251
v 0.19173056460571289 0.78695990763854984 0.88916346699523929
v 0.7223875788116455 0.84948524189758301 0.55728554840087885
v 0.8598685517883301 0.91616264369201661 0.35757901672363279
v 0.59522143417358386 0.85746668719482422 0.69625222396850583
v 0.61821545859854565 0.92689625357927596 0.7036767249308995
v 0.93609832916259772 0.92978321216583248 -0.038473243789672852
v 0.90753812625994001 0.95746413467407221 -0.28161130410766599
v 0.9806445847909111 1.0071246012856621 0.044610395749773303
v 1.0548084470901489 1.1209444635200501 -0.067735774494171133
v 0.98492625953238355 1.0340470455736432 0.17746292445700507
v 1.0318478162841798 1.1038839477233886 0.18172688034057616
v -0.78018925972516195 1.1914225948957033 -0.74122648638187139
v -0.16949383205413815 1.0499292398605347 1.0012050083236697
v -0.28185146519688198 1.1161918553848267 1.0187794537767683
v -0.016732341567993161 1.0610392936019899 1.0255026169891357
v 0.011732465938568115 1.1174079511032105 1.0600402285919188
v 0.092945067452566976 1.0121990474472047 0.98354963309696741
v 0.2614326824798584 1.0882418062744141 1.0077518509979249
v 0.48359663029861449 1.1639589944204602 0.96204418825694482
v 0.59304316472196583 1.1772694029068946 0.89933478402805322
v 0.93510843418230327 1.0081978837520054 0.30355117870439802
v 0.95485657056426998 1.0988597698287963 0.42652217551422122
v 0.77543191001892098 1.2437189967422486 -0.72273072697448726
v 0.74281700474322188 1.2194473707373756 -0.76412748283833087
v -0.62918482840701506 1.1977470755325044 -0.86902563027817858
v -0.58121887298274033 1.218967346214056 -0.89086596590352063
v -0.75051783065809519 1.1790300662853377 -0.7751332533867018
v -0.80460235264635083 1.212325858508587 -0.70904701946306226
v -0.9771280416278838 1.2587973753204345 0.42430048920154573
v -0.96820890332088472 1.222078167404747 0.46780620076160428
v 0.29447254603958123 1.196575539844513 1.0283608408775331
v 0.25125222840499878 1.205195584865093 1.031570432324648
v 0.26862902352294921 1.2411074267771958 0.99882255234591966
v 0.45584013191509248 1.199093660736084 0.96923276168537131
v 0.50750394986724856 1.2047978760490419 0.93963595674896239
v 0.1798659676589966 1.2939865085563662 0.98008945628356936
v 0.18160669394893647 1.3493312807665825 0.94324382971334475
v 0.34137940750169748 1.2137764796341486 1.0001990760478292
v 0.85284025753784176 1.4488294043922425 0.48085441896057124
v 0.84224937852096549 1.4940693782348631 0.44991809093093871
v 0.11430218607788085 -0.019991006079101564 1.2340133987365722
v 0.33727934992675779 -0.017418171179199214 1.1978039417541506
v 0.83896980772399909 1.3091265497817997 -0.62796623350524905
v 0.87653812578582757 1.3514028743629456 -0.5551565264816285
v 0.78302790612602247 1.2915849922428131 -0.69773763586616522
v 0.79462250659179678 1.38762031496048 -0.64855786737823484
v 0.72251259466171269 1.463541797679901 -0.69308300585174554
v 0.68916966144180303 1.4478130490875243 -0.73832883846664443
v 0.088663822098595746 1.8383389450073242 0.94958551425007409
v 0.075273332951784136 1.87579646114254 0.96940140402483932
v -0.24657965573072432 4.0415764348053935 0.37262255214834217
v -0.26157106096935273 4.0249845280809406 0.40881832289409636
v -0.48423849987030032 2.4428595505905153 -0.14946689933013918
v 0.042926731215238566 2.4607734087483886 0.93067338360118868
v 0.060973767356804445 3.5353347516392981 1.0539684492603711
v 0.030408172322750088 3.5019337968468669 1.0537976535949707
v -0.65558202519989006 1.2612354166183473 -0.82654146146392815
v 0.094882932735443112 3.9448246141574383 0.95842465261721599
v 0.091297502268314359 3.9883750634360311 0.960986617890358
v 0.095319876314163207 1.796982379573822 0.88082973512840268
v 0.092063495172882065 1.8173903252033234 0.80121884419975276
v 0.17740686943054199 2.2024562224960329 0.6828774660701753
v 0.14103641227849326 2.2391284215240477 0.69560496153767915
v 0.25587200363159179 2.3014223148498534 0.67114576800537107
v 0.22412152507781982 2.4785630314445495 0.68184621886825569
v 0.16987476896095274 3.459837365108013 0.84778280073213574
v 0.1456505308895111 3.5092621223754885 0.86461621599864968
v 0.096324093251637044 3.5365555215811053 1.0075526879636219
v 0.10581773164987564 3.582229020072937 0.92112418032455445
v 0.10023434067440033 3.8011660355672836 0.93724984724235527
v 0.10941861917304993 3.7940752355986831 0.86050028541374202
v 0.1006763017578125 3.8848686047592165 0.92074542053604125
v 0.10158248883914947 3.9046549480552675 0.8118986637334823
v 0.40829958501434327 1.9344176330795291 0.60662400472259526
v 0.42671495462799069 2.0403853846511839 0.59161862932586673
v 0.31101411205863949 2.2958812291698458 0.65511440688133238
v 0.31825250183868414 2.4188266141777035 0.65169672520065314
v 0.45868929052200313 1.8375143065681456 0.58888475596466061
v 0.45549030688629144 1.8992541230106355 0.57889906590805051
v 0.48109664687347414 2.0132414379348758 0.54082484782028195
v 0.74141158265686036 1.5618853467407225 0.50130655379486089
v 0.68207200879669205 1.6829570526885984 0.44540704443359369
v 0.55654320900344856 1.9213318541679383 0.47310474239349365
v 0.54236997391510022 2.0134651319732662 0.47116919296646115
v -0.52731771191787724 2.1495626117973328 -0.35838665382766721
v -0.47037429452514645 2.3133804102478028 -0.2924721065063477
v 0.28699849037599567 4.00698879764595 0.86093575763101571
v 0.77026172314453123 1.5729574100341797 0.45605162243652342
v 0.74834300815010069 1.6528293481750489 0.39105942510986325
v 0.60296552262878411 1.8976175185585022 0.41816537698364259
v 0.61570311113357556 2.0403913727703094 0.37230718311309813
v 0.36927248333358764 3.3644456569385528 0.63729121769332886
v 0.36119987319850921 3.4837758950634004 0.66732161461877837
v 0.42543755438995362 3.118021911535263 0.49759149084091192
v 0.40572705273628235 3.1694525689277651 0.55254117308044437
v 0.39303056923294066 3.3797775654335025 0.6028734868354797
v 0.40692101677904136 3.46176059217844 0.58485349997000691
v 0.43497695954513554 3.1628868754291535 0.49655957415866853
v 0.4480450838518143 3.3134172271175384 0.51761916895437243
v 0.44465822837352753 3.3915550594987867 0.53032001629066472
v 0.53161007667350768 3.4757114892816547 0.39052564632415776
v 0.53648842018318177 3.5211551994838715 0.32276292184066779
v 0.53431015828704831 3.5515908164062502 0.27520087438583374
v -0.30934768837094306 4.0006661467881681 0.39684846672410967
v 0.49841508526802059 2.5684137879495621 0.077303741719245922
v 0.47677877578544614 2.6343904261665338 0.12619115895652772
v 0.52420462722539896 3.4207223203520769 0.2746670473327637
v 0.51737847909545898 3.37673154759407 0.25751529353046421
v 0.52341691434860227 3.4980889326515197 0.24440834270477294
v 0.52352382871818548 3.5520489457902911 0.2221401532907486
v 0.49301223923492432 2.5647973379402162 0.024644671962738035
v 0.4713426573829651 2.5996184101867676 0.0011971393051147458
v 0.77951747908020019 1.5218016321945191 -0.57754805516052254
v 0.72561434697341909 1.6549560698116847 -0.52462092317090714
v 0.41782699671936041 2.5057693310356139 -0.19106755322074886
v 0.40209871585845947 2.5869657583503725 -0.13749209808349611
v 0.72939490254211425 1.5406648082180023 -0.62949951527976988
v 0.67982505350494382 1.6395268312759401 -0.60738954769134512
v 0.39944039126777653 2.4535409152374266 -0.26929560300827027
v 0.40384326393127445 2.3963151948089596 -0.31746331288146967
v 0.40268939565277101 2.4909569736633301 -0.2278926196975708
v 0.35796354430007937 2.5894994672737122 -0.20358882857322691
v 0.33472033969783777 2.490968645608902 -0.34215813008499146
v 0.31544660183811185 2.5546670702676773 -0.31400658738803866
v 0.2964707846069336 2.3916437417049412 -0.4956285077209473
v 0.25898517756271366 2.3996176487350462 -0.54002384466552744
v 0.29582662278938293 2.4957531781120301 -0.40342936685752867
v 0.25105127701377872 2.5429307959575649 -0.42724517234992981
v 0.23224010914611817 2.3864546494064331 -0.58717695069885256
v 0.20592089423370361 2.3824165002441404 -0.62125568737030035
v 0.2202200443572998 2.4564434130897519 -0.54386392807006834
v 0.17776044699001312 2.5625435690116882 -0.50296774444675441
v -0.46153409288024905 2.1475473641510008 -0.4648029700622559
v -0.41471179830360405 2.3002835203361514 -0.39321549706268311
v 0.14437332385635376 2.3718618716506956 -0.66998331415367118
v 0.14153300693178178 2.4424171137557025 -0.61699612217140198
v 0.12628460134124755 2.5538155517253873 -0.53830457413291932
v 0.070387596906661978 3.3072733816618918 -1.1968884801998139
v 0.016895123108327387 3.3259863221812247 -1.2030264347758293
v 0.04311719564056396 2.2607562862472532 -0.79059268463134758
v 0.028390667613983154 2.1414630097007752 -0.88550583411407469
v 0.029868541204452516 2.777332120593071 -0.36936168910884853
v -0.012356766057729722 3.2899682770402432 -1.2101190779004098
v 0.42206921352386473 2.6755916104011535 -0.020794396541595459
v 0.37986683138847349 2.7086170225734709 -0.055742962324142456
v 0.23226654483294487 3.4188883226053717 -0.68677515066814432
v 0.23778124209070206 3.4798189371428485 -0.64829601452064511
v 0.2215037939081192 3.469414813173771 -0.72390576943683627
v 0.20305796225357056 3.4639825155420305 -0.79207568841552733
v 0.19265986142907826 3.4533052854826796 -0.83840427692903785
v 0.10674867224502563 3.0450036509170531 -0.35244380850982671
v 0.095201727787017826 3.0311390911560059 -0.29251530027771
v 0.015163015357017516 2.9113344100794789 -0.85686470446968077
v 0.0082568954277038569 2.882726421348095 -0.90053078879594806
v 0.0175553859910965 2.9807572069377897 -0.75005656006431576
v -0.047076381624698634 2.9975862801423072 -0.72137550011587137
v -0.40080916649055481 2.1176010031757357 -0.58668101979637155
v -0.34490639122009276 2.2599261336784364 -0.54191343569755557
v 0.11131571503928303 4.1024245911598802 0.35816404363548754
v 0.14596062212276459 1.2684120513257979 1.0023628704195022
v 0.12004690554223743 1.3189194762607301 0.97525961945193163
v 0.1711277042722702 4.0710848398382655 0.29159815570402142
v 0.077128291261672977 3.9242165367336272 -0.36702769553089143
v 0.058749068392753595 3.8964078410539629 -0.41064356422233583
v 0.24102821671056746 4.0521536964054103 -0.09834739615106583
v 0.28343494720792772 4.0445730957480155 -0.064218824377945488
v 0.24969509634017945 4.0502068421268458 -0.017463086540222168
v 0.30564176186180114 4.0352795636043544 0.10195126788282395
v -0.17428019091415403 4.0391625713014605 0.47959953327465055
v 0.35791563009428978 4.0172554801781182 0.086745026556253435
v -0.08924140069422723 3.736173968159723 -0.64575283771014225
v 0.4326802341091156 3.9938687503963477 0.025644747954368587
v 0.16695797612953187 3.5590515987806319 -0.80267940156555162
v 0.17826206334018707 3.5172721646933551 -0.82039099586653697
v 0.14773678158664705 3.5201797520608902 -0.87988994719123848
v 0.0432885402970314 3.7699413076214787 -0.60404796822690954
v 0.070682080900192262 3.7960360805482862 -0.5609545258522034
v 0.11002653671755111 3.8206407733486722 -0.51701713837732588
v 0.40705580722618101 2.7746682503128053 0.067144364442825316
v 0.41472469737672812 2.8026069416160584 0.12350151307058332
v 0.38577372507286067 2.8242006438503262 0.080394546607971185
v 0.46142692622857095 3.1469013049972059 0.45657279169774057
v 0.43303724342182703 3.0443575356069972 0.4477535416970253
v 0.36625459567880631 3.9907606471452715 0.54194800886631012
v 0.38974924825620655 3.9480748811795712 0.58995167661380754
v 0.22423614605140685 3.8932431576761246 0.77834278535003665
v 0.3494827047593253 3.8553512637179237 0.76863790673119681
v 0.35153919030857089 3.8920889525651932 -0.30684879324245451
v 0.32407203675296903 3.8699572503004371 -0.35222593702355026
v 0.31956948440170296 3.7965011444835666 -0.3437101770000458
v 0.37659040896618368 3.94227939997685 -0.2732783509162664
v 0.39751195923013688 3.9821332384967087 -0.22854707476148606
v 0.24755713892221448 2.9056156765918733 -0.15527328388738634
v 0.23926422365188599 2.8587737504158017 -0.20287850437927246
v 0.11602616069698332 2.8307029876670837 -0.31103521092748643
v 0.074859191688537594 2.4856468743991851 -0.60669065546798717
v 0.023460433172225952 2.5453036582870481 -0.57580998605537403
v 0.49514242200040814 3.9160763823838236 0.057998990596294403
v 0.50383403588581088 3.8650248589050769 0.059290252015709873
v 0.36161216007995606 2.4849589308166502 -0.30033364857864375
v 0.3273233060493469 2.5889963364086146 -0.25788383739185333
v 0.47732509260082245 3.839183278234243 0.025743515906333919
v -0.31896548379516598 2.1443958372840881 -0.67907796253585817
v -0.27204636830520629 2.2761327723312381 -0.6287432580451966
v 0.0056464527132511141 3.0558026761372088 -1.1843374235323667
v 0.11616619249122484 3.462632672002222 -1.0610780680690153
v 0.17133642795753479 3.4452739131550789 -1.0549059368729592
v 0.23738750357728003 3.2547573515047072 -0.9962431208393574
v -0.023881524318242073 4.3261948701102728 -0.31314517595992086
v 0.11962173828874315 4.0049969258195333 -0.26741316344921928
v 0.11818744980788232 4.0403459381043909 -0.23099026216864588
v 0.019313509872436525 2.3504495871710778 0.93464673667287834
v 0.029467210998535158 1.7637091271800993 1.0104945563032628
v 0.037410975903987884 1.548737313738227 1.1042030437932013
v 0.093435193430622426 1.558517400553147 1.0617452864727974
v -0.55415386351612639 1.4413179262559073 0.72828286212376181
v -0.62194026693725579 1.4686859393615723 0.66775944941711418
v -0.98590961289978019 1.3119919043426513 0.36459045353698727
v -0.94217868778228764 1.3864888440856933 0.3901019748916626
v -1.0058081504745484 1.3041204172439573 0.31379494883728026
v -0.97673951167297357 1.3940918245754241 0.27727786258316039
v -0.92109279731968474 1.4429007540631975 -0.37945532299532209
v -0.87130419331817621 1.4676440163589477 -0.47609648233947754
v -0.57955974196624749 1.3134716664810182 -0.87190522710418705
v -0.64037114941024775 1.3527827481136323 -0.81707201227378845
v -0.54256314904022207 1.3156604562454224 -0.89718321194458017
v -0.50120327407073972 1.3574448441543581 -0.9204747616729736
v -0.04975937447738648 2.4947356659164432 0.94339452532339108
v -0.070965284925460809 2.4561974246902465 0.92060069127082822
v 0.28702001829814916 2.5502250604925161 -0.36718799817085263
v -0.35961705451529369 3.8140074516405376 0.60815951323699957
v -0.36389728296279911 3.8198249887569968 0.70161507546997071
v -0.095227385799680431 1.7960155176358903 0.91751233800942555
v -0.092585520910263064 1.8278332792510987 0.83737689344692234
v -0.41905358414459226 1.5594881080169676 0.72590904208755491
v -0.35641740723419191 1.6795259085464478 0.6894069568862915
v -0.27378355688476563 1.9065297346229553 0.65456404625701903
v -0.2639924836578369 2.0519337619247437 0.65842231246185301
v -0.20072748534119128 3.7851016252714391 0.8012990718047619
v -0.14489057756233215 3.1826373262958523 0.83102512306404108
v -0.095328239275813104 3.4137036589028837 1.0307226669969558
v -0.099976916617393483 3.4270680496506687 0.96279718477582943
v -0.34718046138000491 1.8482809681167602 0.64166997429656991
v -0.39564685062255861 1.8095990510208129 0.63130357250671387
v -0.33214024834060674 1.9058760923194886 0.64033744802856452
v -0.38777270606994629 2.076602486675263 0.61965568196487442
v -0.18066108399200442 3.2233162204246519 0.81872254587554938
v -0.19046948612546921 3.3135753932890886 0.82310293893289566
v -0.1878352532262802 3.1118478372745515 0.78972443252372737
v -0.21380638565444948 3.1437384413185123 0.78080841197967532
v -0.18861004786014557 3.8421426330385207 0.78925066855955128
v -0.50866783000510085 1.5707549890409198 0.67287343989889958
v -0.51972106274414065 1.6815789286956786 0.60479824008178706
v -0.096045801979064954 1.676480640029907 0.97753406770706175
v -0.31250687208271022 3.9934537929639817 0.86622704423809049
v -0.24935014428405761 3.9511226526901244 0.80718682076263426
v -0.32342111217343805 4.0538989345797303 0.89967053882491588
v -0.23058738100671766 4.0510803511986726 0.82281979758501056
v -0.32064394295308596 4.1144033425494317 0.90495461755595208
v -0.38452405129432676 3.2082670220127101 0.59411219613265986
v -0.37474303406476972 3.1564121864523891 0.60154855687475206
v -0.3750123092765808 3.3772242139892579 0.6318317929496764
v -0.37951223309803006 3.4420963258647919 0.63405295487737656
v -0.40214432616043089 3.3035869223480221 0.57933407898521416
v -0.43686371558856968 2.811674756136894 0.43906599534034729
v -0.41652933321857455 2.9116771810426716 0.47657404825305938
v -0.39959984811115262 3.3964625814785956 0.59447894230890275
v -0.4058509010255813 3.4635193416997909 0.58569716366100311
v -0.44073641946125031 2.7688884681339263 0.25721592499065399
v -0.5069502535896302 3.1678159579706193 0.39299028281116488
v -0.5183961970762252 3.2158925001098631 0.39809427535209652
v -0.91433497402572639 1.518350751804352 -0.25392267369461063
v -0.84656160985020223 1.6448054633265903 -0.19773828730773926
v -0.63893130755615224 2.1771132889099123 -0.016725459350585937
v -0.57744668975067137 2.3457619938583374 0.0054458109436035162
v -0.52388444112014765 3.2367156154127117 0.34242099965572359
v -0.50818233344459529 3.3365588030433653 0.22949064630508423
v -0.49780072918319707 3.1255506711959837 0.30134242170715331
v -0.87144082299423209 1.5778375402297973 -0.32482898402023314
v -0.8303458143062592 1.6495335261516568 -0.34172088973045345
v -0.67220329576110838 2.0750135143699646 -0.13655329515838621
v -0.63797301501464854 2.1717729151611325 -0.061194436401367194
v -0.58212274382019047 2.2980129221954346 -0.093837976699829101
v -0.49176416565608982 2.5118710248365401 -0.058786913737297053
v -0.46107000027275086 2.6248198227691653 0.0061312546195983891
v -0.86036045300292963 1.559847065612793 -0.3798447137145996
v -0.7912875092773437 1.6723172298202515 -0.39525611956024165
v 0.2511357438220978 2.4546811183757784 -0.50397401589775082
v 0.21933133109474182 2.5532063760967256 -0.46386145836067205
v -0.456530319732666 2.5317629266967776 -0.1060181155052185
v -0.40878118022060395 2.6202381281461715 -0.096105846753120422
v -0.55288423242187501 2.0257941179199217 -0.43555637496948241
v -0.53620239457702634 2.0144199679107668 -0.472880809387207
v -0.47630280956077581 2.0260034565887448 -0.55632268389701844
v -0.47212283781433106 1.9832701533889769 -0.60210647839927667
v -0.4420561233520508 2.1403825330848694 -0.50339227055358893
v -0.3882679959373474 2.2702596450195314 -0.46711740354537967
v -0.30097823921203615 2.2721756992874145 -0.5915393207855224
v -0.3392737680587769 1.9962782102508543 -0.79990575997161861
v -0.30915445563507082 2.0007481076889038 -0.85151505872344968
v -0.31939372307968145 2.1070412629089357 -0.71545412486648563
v -0.24150386463928225 2.248825959777832 -0.69900125993347162
v -0.16021047429331711 3.0450185792502253 -1.1054163586908579
v -0.31083066713500029 3.7685771459217072 -0.29715379568052291
v -0.32844379265117646 3.8277476418476106 -0.3060673156423569
v -0.20269130029296872 2.0204098148689269 -0.91697980775833132
v -0.15270234657669066 2.026455729576111 -0.92717079714202888
v -0.18896244219970704 2.1393774642944337 -0.83773172436523424
v -0.17094476508331299 2.2337019186820988 -0.76933915473175052
v -0.03138510956522822 2.8765919118318557 -1.0583961973984539
v -0.14092132668800864 3.1784889435593482 -1.1896782065354161
v -0.27067316993236545 3.2648435528826711 -0.54046555538368213
v -0.26725001385688785 3.1981600311908722 -0.54343223565864562
v -0.2680109318847656 3.3259916123275755 -0.52894805154037483
v -0.2609637612409591 3.3138938994941709 -0.56869853633594514
v -0.24490917243087293 2.9919376805915832 -0.89433955204153059
v -0.24054782621889115 3.0016568517540216 -0.94953230810432432
v -0.27498630728517259 3.3616866132665364 -0.49354917665358961
v -0.27773865783653262 3.4198225179067614 -0.48112563386831286
v -0.25317167928743362 3.3820043162147999 -0.58848099026656153
v -0.25773784451089587 3.2149750446026668 -0.88506746223054611
v -0.22777957810322896 3.3238405346667768 -0.97245515783969672
v -0.19077984598493578 3.3407470281770228 -1.0347410253698825
v -0.19959744297676085 2.910487954461479 -0.85575777657518393
v -0.14877676594185829 2.9017402410378459 -0.83946401809740068
v -0.1777976935142517 2.9300294118530275 -0.80367342057590485
v -0.17114907600784302 2.9651471257209776 -0.76789468200111388
v -0.088808033269882208 2.8842615556485653 -0.88075196894311913
v -0.064473487475872032 2.9157820302658082 -0.84156559312295909
v 0.17637144898796081 2.4784443260307309 -0.56991570108985901
v 0.16810921678924562 2.5289055440216064 -0.53781002916717524
v -0.45728188833999633 1.6032558585433958 0.68367043000411976
v -0.46256221136474612 1.7179570574951173 0.62665746308898929
v -0.11478508001136781 2.1176785664901736 -0.87765016217041025
v -0.10296431968879699 2.2597582731342314 -0.77103219853210447
v -0.14438260339440617 4.0138514280124138 -0.24709922466089895
v -0.084921355035245422 4.3477042186433081 0.1124504235432148
v -0.045921292142868039 4.3588031339643791 0.16976186523024242
v -0.039851925496578219 4.3118262547304633 0.52108528562855727
v -0.059620575519561771 4.3321747821860317 0.47645974391603474
v -0.070467850411951541 4.2994562565665237 0.57800890990424159
v -0.097724303856134412 4.2459318654551517 0.54635649323463431
v -0.091684085202157498 4.2443185164451007 0.64001620630195744
v -0.15862889588952064 4.067587834499836 -0.091485737904548642
v -0.099726252553939826 4.228930295310974 0.49265490152740476
v -0.09692131957054137 4.1669316676902772 0.47286616924858088
v -0.13093382178804702 4.0332332589951498 0.57625216113662714
v -0.13146134321761133 3.9455871401550775 0.73608217156875133
v 0.92779885788536065 0.24596887855720523 0.90260383698654179
v -0.16346268619680404 4.0678346265268326 0.095804627703189843
v -0.43993851033496861 2.8510214935379024 0.38972143376922608
v -0.43324633298233578 2.8995995896219524 0.41800903084877561
v -0.20393743908143044 4.0471782632967228 0.40471817607223992
v -0.18996995077078344 4.0380701176033966 0.54159607129356857
v -0.31781776455259325 4.0093708387231821 0.31911746488857273
v -0.36915840569284986 3.9366315513878893 0.40262663554848943
v -0.12568738752508163 3.6674677148213388 -0.72819745990324036
v -0.15932541429376601 3.6072744079070089 -0.76206931082344065
v -0.14775637748718262 3.7262861854691511 -0.63313876104545597
v -0.21501767753519119 2.9912194250592963 -1.0199304079265894
v -0.098493186052560799 2.8634194019818904 -0.98608373312765363
v -0.48375095139401297 3.1098400265771327 0.39150217641060692
v -0.45772142831277846 3.0380496989336017 0.35118720734500886
v -0.35602965502815248 2.8759549712388992 0.055829922384262085
v -0.33962997774696346 2.9210317527294158 0.022757409832000731
v -0.45195993001610896 3.0447139983509608 0.39691205290276665
v -0.37285364230128698 3.8572206272408622 0.58906016285705565
v -0.38134991818022729 3.9764082312424183 0.63756463738751401
v -0.36618319336299898 4.0186163313983911 0.85830356690483089
v -0.37040477192592619 3.9276066129846572 0.80185918323516847
v -0.26574623418426513 3.7992518742334846 0.78011753342938417
v -0.037501647612571715 2.9405949191937446 -0.81455738361358643
v -0.071915107066154477 3.3486835008187295 1.0457696016469002
v -0.43849591693305967 2.8019445477333065 0.31034797039318085
v -0.42811936266374584 2.8836371507110594 0.33292245772886275
v -0.32324206797945498 3.6885577958887819 -0.32139902239060397
v -0.45733151234477765 3.8081889282714725 -0.017623494885087014
v -0.26054956551218034 3.1249227867221832 -0.90763830687606339
v -0.20216462579932892 3.0792165943558079 -1.0852080529649495
v -0.19101040592929297 3.098246450423896 -1.1324013321529884
v -0.073219290930736064 3.0795213399901029 -1.1963824875876188
v -0.36962534912109379 3.8619331775360108 0.69003568085479727
v -0.37684736777496342 4.0089624524536127 0.79220173382186898
v -0.11128597542800223 4.0642430589745384 -0.20106162356584412
v 0.094738436061314171 1.7425760598030089 0.94712472623743338
v 0.095171417926390972 1.6882668625023762 0.99595961790478227
v -0.063918139838150562 1.7601698569339344 1.0054561648477147
v -0.051712932184219365 1.641962926767826 1.048673800862074
v 0.073983758514404294 2.535003909790039 -0.56986714053344723
v 0.05768289546489716 3.9177715807576181 1.0045412376496792
v 0.098621838638782516 3.4269225600595474 1.0052671617712976
v 0.10109655379295349 3.4704977868652342 0.94503274904441836
v 0.42700838175419398 2.9697410320578981 0.43858477186870581
v 0.33808834735488891 2.2251802658004758 0.64485933784484861
v 0.34552953394317631 2.1671789131851202 0.64163307160949712
v -0.22956569546210764 2.9476798692364694 -0.87695596451711655
v -0.16257770952261685 3.9006333980749726 0.76757879123532768
v -0.1739012459165335 3.9553520426260946 0.75977970809626572
v -0.18972656138665334 3.169711055822849 -1.1510321317172734
v -0.21424339176321031 3.2007779143408541 -1.1045138084725141
v 0.51191193046188355 1.9112329296913146 0.52667202581405637
v 0.5136393568916322 2.0176490733985899 0.50488776438522343
v 0.56741345740699767 1.8196595172348022 0.4941288664073944
v 0.62059756441497804 1.7683945863113402 0.45236859796905515
v 0.57736416585826866 2.014350433701515 0.42541324996757507
v -0.23799269486999511 2.1300608543853761 -0.81842154187011706
v -0.22115641369628908 2.2371320242919923 -0.7349085092849732
v 0.67313344888687132 1.7843630543670654 0.37453920537948604
v 0.86112982333374011 0.97039101599121103 0.42303430343627935
v 0.77598647042083746 0.97655287834167481 0.57106629064941417
v -0.09584046751022339 4.1285565279617309 0.51496008625411993
v 0.38516998212432862 3.3187358320827482 0.60670446618461615
v 0.39345744970893859 3.2666317634353641 0.58776566932296759
v -0.15392480876207354 4.0685429935522084 0.035607513443946838
v 0.099442697750091541 2.3824477218389513 0.80639597453022005
v 0.096298313854217527 2.3250238851013183 0.789090726398468
v 0.14026686541875205 2.3136175353012089 0.69741534602864586
v 0.17127545243835451 2.4812072175827029 0.69374403620147707
v 0.10786127837181092 2.3647046412239074 0.73213336299896237
v 0.12886620166015622 2.4872058635248457 0.71042258070264541
v 0.11645894506250108 3.471198326097829 0.88515817675209041
v 0.11351878797245026 3.5367684336347582 0.89341883172988878
v 0.37390439039611811 2.3239735975227358 0.62317847851943975
v 0.35441874276733398 2.4275123564071657 0.62887008910369879
v -0.70663916443634034 1.292465466720581 -0.7721885793190002
v -0.75535785710144043 1.3742482026548386 -0.69821521307468415
v 0.43608078792572019 2.155958686038971 0.58100348515319822
v 0.4598774314460754 2.1988042714481351 0.54374027832984917
v 0.4148077794342041 2.3021225971975325 0.58412667180919642
v 0.40591889328002928 2.4207507946624758 0.56415686445617674
v 0.47463487574005131 2.2978131582794186 0.4996991913375855
v 0.46195762609863278 2.4195456600646974 0.48614330429077146
v 0.82891165289306645 1.5721492173156737 0.3777660661468506
v 0.76727621347045893 1.6836871859283447 0.33369544388580324
v 0.5331754436759949 2.2816556008739468 0.42738704498291014
v 0.52360926639556893 2.414777314994812 0.40972823452758789
v -0.89239355632019057 1.2962641915550233 0.54088781796264651
v -0.83357351324844364 1.379651136734009 0.56080171464157114
v 0.37227267214536663 3.6268286184949878 0.59073808792209626
v 0.85656568070983885 1.5696455017242434 0.33824547752380374
v 0.80233282722854615 1.6831433485355376 0.28949970928764346
v 0.41299613298130033 3.3337169153375625 0.56636545345973976
v 0.41579430802440642 3.4097853926162722 0.56864839180183413
v 0.51834350968551646 3.5110421233329774 0.43412077630996704
v 0.53792222065544126 3.579889680530548 0.32837169772338864
v 0.52010960718822485 3.5515834115314489 0.42140289847564699
v 0.50938705856622968 3.6115430863745552 0.41994626615551539
v 0.4416108262500763 2.7179124747734074 0.089275818731307979
v 0.46572916362380978 3.128597402503968 0.13844098814010622
v 0.47346113089466091 3.2047251467132574 0.13050345476627351
v 0.36377088479784558 4.0039370778329717 0.15727166467360087
v 0.45502065112876888 3.0677989995517732 0.14885636337661745
v 0.65990070935153966 1.5097880079956054 -0.73816821442365632
v 0.67578387357330316 1.6088923336639405 -0.64127894748687742
v 0.35912124749755858 2.6507925154190066 -0.14429633900833133
v 0.62514357342720039 1.4969002838497163 -0.78435516976833353
v 0.56622209494781495 1.6275221041946411 -0.77443310636138918
v 0.30643223401641845 2.6403297811126709 -0.24968592066764828
v 0.24478335290956499 2.6562072344708447 -0.34021099455070503
v 0.14302289537715912 2.6280970733346942 -0.47339977632045749
v 0.037931543834686277 2.6632963607006075 -0.47149430894756317
v 0.068104393418788919 2.7317563686947821 -0.40550436137437817
v 0.025357650550842287 2.7305103116989136 -0.40957388167572018
v 0.014579199937824692 3.3962652641520519 -1.1588189451529149
v 0.26792854353027684 3.1268456254005601 -0.78615864847367145
v 0.25188396499204635 3.2042815382218359 -0.7601381875941754
v 0.2203923813920021 3.3481644141387936 -0.76717594957256319
v 0.22217632275581362 3.3016505252380375 -0.81304116021347039
v 0.20614982521060535 3.3992918238539014 -0.85282838636180336
v 1.2888989529228212 0.24512746457290652 0.094048498722076407
v 1.2781565569229125 0.28575630593299872 -0.037726352838516233
v 0.19219192641871316 3.0771105265120098 -0.63977607106385903
v 0.20814320711994172 3.0574010606951711 -0.69184537543654445
v 0.17344684971880914 3.0845497176294328 -0.5897857855877876
v 0.21586182097775597 3.1121503023797441 -0.50112254507936749
v 0.20707264277648926 3.0935952316818236 -0.42274037533569331
v 0.16601751495490755 3.0810653983447209 -0.51942956332656309
v -0.09571529969835281 2.2349627567572594 0.83232966744041437
v -0.095434866990407319 2.238262056263288 0.77595793786048894
v 0.19388108645190513 3.0049925333712442 -0.17351597745057515
v -0.018767954920768735 2.712539064256668 -0.4265963416824341
v -0.046821381209373479 2.6690622946972846 -0.46406700278377533
v -0.32101524993896491 2.2171007589683533 0.65137986556243899
v -0.38508915787124637 2.2215119523468019 0.62174211589813233
v 0.0480924244145155 4.370627348663807 0.10583591118335724
v -0.0015286595928668979 4.3718086153519149 0.041919548972606663
v -0.016124587916851046 4.352765798633099 0.42619499246621129
v -0.09421710448789597 3.7394563644309042 1.0118551997728347
v -0.097868192153275024 3.7960332228285667 0.99809024674499047
v -0.013343302787303927 4.3408661704387663 0.46868206386852268
v 0.029102122499942783 4.333857147795678 0.48050822157549855
v 0.03372513583472371 4.2043604722747805 0.7896834873610139
v 0.057003241830587387 4.2371484516949653 0.72192700798010834
v 0.017804868667840958 4.2489018435986043 0.69541312479090689
v 0.10864916893148421 4.0926243820250034 0.14238415059983728
v 1.2053681466918944 -0.017529133288574215 0.30715227592163086
v 1.1252304025085449 -0.019991346252441405 0.51838599565429688
v 1.2385390017089846 -0.023010778564453126 0.066936101318359392
v 1.2351824290100097 -0.021708294409179686 -0.11725587526245118
v -0.13097847544097901 2.9435007336730958 -0.78976697599315648
v -0.87716896069335926 -0.029302882568359379 -0.83655219335937503
v -0.9987036956176758 -0.017611691040039061 -0.73451074389648441
v 0.52922404664917 -0.019990412683105467 1.1205451001464843
v 0.72636974404907229 -0.017418112609863277 1.0102587172668458
v 1.2848405076438905 0.025959353524780272 0.2098351535926819
v 1.3048704255180357 0.045208188205718994 0.056122853713989264
v 1.3045078561820986 0.065777422088623055 -0.020679490535736079
v -0.13616575576019285 0.10384421273040771 -1.2879177537384034
v -0.28230976222229004 0.085917874488830565 -1.2690435902328492
v -0.84862588398742678 0.048191872433471679 -0.99580704857254032
v -0.96399937772369382 0.049492926719665521 -0.88071666946792604
v -1.0324382555465701 0.085917868797302233 -0.79050182086181642
v -0.32493534644508359 0.0919290146522522 1.2600028278999327
v -0.18010665405654908 0.11404710412979126 1.2772773892745972
v 0.44859516841430669 0.053097471052551269 1.2300183804199218
v 0.55062669371261597 0.019780402981567382 1.1762793396152498
v 0.69234976864242548 0.067341043445587154 1.1074579385070802
v 0.69780745879745476 0.17750198305511475 -1.0635666579856873
v 0.5561372025985718 0.14902890134048463 -1.1371168924732209
v -0.28376262392330165 0.17213316590785982 -1.241197038497925
v -1.0173173469047545 0.15024419662094118 0.75865537240600589
v -0.92394641165351876 0.17984489976882934 0.8781079381542205
v -0.3100538740348816 0.15009617411804199 1.231271481502533
v -0.14262396471977234 0.15067844199562072 1.2615775690803528
v 1.2186580811424257 0.1775018596420288 -0.36604229538726807
v 1.1824935862236021 0.17770729002761843 -0.47471365894317624
v 0.60025107806777955 0.17770738122558594 -1.1235674169044494
v -1.2814316609420775 0.19718528594207763 -0.072432318252563466
v -1.2717612147274018 0.1798449336948395 0.078923572484970089
v 1.2159075787029268 0.30577839817962649 0.34992699944725036
v 1.1688276486940383 0.30422125767421726 0.489598201628685
v 1.2442837782287597 0.22644467154788972 -0.35065761198139195
v 1.1977681539459226 0.26393093526458744 -0.47684122137069707
v -0.91124780784606929 0.26259418478012087 -0.91198446727371207
v -1.0162703581848143 0.28264909689331053 -0.77939814836883547
v -1.2682272162132262 0.22453932004547117 -0.25532649194717405
v -1.2905036149559019 0.24855772212028504 -0.087978125247955313
v -1.2921151977176666 0.23464287067222594 0.064997161582946772
v 0.58112389697647093 0.3042212848930359 1.1265155786886214
v 0.71748158209609991 0.26886168337249755 1.0695919819030761
v 1.2596192585639954 0.30891623033523563 0.088096362804412839
v 0.093253946237802504 2.3868381964015959 0.88487406539416313
v 0.066836728996324535 2.3566586149880884 0.92914331728916166
v -0.15833886861419677 0.3134488265018463 -1.2470892035942076
v -0.26388690444183349 0.33497961418151856 -1.2057219141464233
v -0.92335892121887198 0.31344595232200623 -0.85337034347534169
v -0.97762169165802004 0.33497310897827148 -0.75383552394104003
v 0.041767178607404233 3.4655065387724044 -1.0547370633285642
v -0.27587339550018314 0.33472674021911619 1.2054677614288332
v -0.17213422145843504 0.3156260269927979 1.2456248404464723
v 0.66835766364288329 0.31562613523101807 1.0650265923309326
v 0.14287684497070313 0.35884922415161136 -1.1959328756408691
v 0.23614054012625557 0.39729501080186025 -1.1302749820461271
v -0.065136307937622068 0.37514156795501707 -1.1802808077697753
v -0.23652909032876149 0.40348827780369356 -1.1226395258004325
v -1.0533843267822265 0.44909670101928711 -0.28168849826049802
v -1.1041209869286674 0.43694876924242299 -0.034940079279218404
v -0.54833144866943373 0.34287883715057377 1.0965586306571962
v -0.62942847644914912 0.39978567682538718 0.96704161846705849
v -0.31721233767700197 0.37889666357421881 1.1360081345825197
v -0.16884149929373604 0.40944279913330084 1.1282917595694406
v 0.14169490420532227 0.59974653179168702 -0.95402814483642584
v -0.1156901964569092 0.61544688435363759 -0.94744322030639661
v -0.93474375160217282 0.46322430799865721 -0.53371031172180172
v -0.87677447317504875 0.53548294735717761 -0.50175177557373041
v -1.0121971677398682 0.47806011277770993 -0.31399132226562498
v -1.0142885831298827 0.5220636080627441 -0.093416608673095702
v 0.30752703771972656 0.73341116790771488 -0.86067935989379896
v 0.11634193446350098 0.67081981649780276 -0.92232842022705075
v -0.08168244140625 0.73398808160400386 -0.90823446806335451
v 0.79941574391174319 0.841122169769287 -0.43954320886230469
v 0.80912373886108402 0.89141225650024403 -0.44574583908081056
v 0.68719950152587894 0.84702117053222659 -0.59760793912506105
v 0.52635849691772463 0.89145160476684571 -0.75463175661468518
v 0.39438249250793461 0.98685433438110359 0.88696520182800298
v 0.22786352132415771 0.97769836489105222 0.93706507053375243
v 1.0691388255825713 1.1436481517513024 -0.012060531300287693
v 1.069037110458374 1.1453094533538819 0.050296364524841305
v 1.0392159178393505 1.1805201050282057 -0.29585073675606932
v 0.97145959298205375 1.1726475523788928 -0.46809614564490321
v -0.98212308608245857 1.1889451212501525 -0.45219049567604064
v -1.0373562814874648 1.1827612756744794 -0.30286886653464185
v 0.52412912807464596 1.0351892388992308 0.85717567545318585
v 0.45343269395065305 1.1117785970878602 0.95368235213088992
v 0.66663673180389393 1.0817983007583618 0.79397655398178102
v 0.66308546345520014 1.1381298116531373 0.83666730254364019
v 0.75026174952697755 1.0182452550964354 0.64658959953308115
v 0.84825779784175326 1.1058754989122663 0.61671377512686598
v 1.0782225305885331 1.1962396797497696 -0.095416716143880559
v 1.0839558236894606 1.1984025409998895 -0.035607953193664554
v 1.0563662820901021 1.1937763883871009 -0.23694499042400291
v 0.60006827543138608 1.2116482545930702 -0.87876704836076924
v 0.49946049491024014 2.3179909833383561 0.46205943472051619
v -0.72426898927764882 1.228242038941574 -0.78087452338638297
v -0.95194229152107235 1.1628496933886407 -0.50152892402487992
v -0.99780855746984476 1.1755618879365921 -0.41289821187877657
v -0.87821275950241096 1.2407101718292237 0.5994993986968995
v 0.41781717487287523 1.2483894693179129 0.94630411510705947
v 0.49381450135803229 1.2397809042873382 0.92044385637474058
v 0.73913968514978889 1.1251020623416903 0.7597923106358051
v 0.80078634531509874 1.1900392486383915 0.71986250484275827
v 0.095618511189794531 4.2919848703395136 -0.31190603752994539
v 0.3171837108268738 1.2935742186279298 0.94568215005493161
v 0.24339550389709472 1.3494420915481569 0.92761798000335705
v 0.37914091560745239 1.3012336670150755 0.92042462648773193
v 0.35516169882202142 1.3718927244873047 0.87896343777465824
v 0.22339438771724704 3.3797491280760763 -0.92141277729940407
v 0.900777845993042 1.4814908636779787 0.36637473974609375
v 0.92864924749565125 1.4688977296524048 0.3103191039676666
v 0.73588674562225331 1.2756588199279784 -0.74836408408660893
v 0.7664759482650757 1.3516118282051086 -0.69376402898788458
v 0.6891657096740722 1.2923104745651246 -0.78543559397354124
v 0.64703280066680913 1.3591205126876833 -0.80768722694778439
v 0.6242358509120941 1.4305373878307344 -0.81206368583488464
v 0.56637134189605709 1.4302966266880035 -0.86492902338600153
v 0.0036487383867502207 3.5494689684303999 1.0634187136619091
v -0.00082501225560903521 3.9441351959688067 1.005969190828979
v 0.097631741744041448 1.856001589234352 0.89359178184843069
v -0.40619776919460299 3.107543683731079 0.53812216575527194
v -0.41476831201839448 3.2026713995018006 0.54290809264945983
v -0.43781074228048328 3.3795582187695503 0.53738754165315628
v -0.43304439821491242 3.4450163444041251 0.54351793075704569
v -0.47114910842895502 3.4179065232887265 0.5053676733884811
v -0.46753858426284789 3.3512124234771727 0.50414632124328607
v -0.51269737953395844 3.3368817365013124 0.45576739102153774
v -0.50254991837883001 3.3980209754352568 0.47341934669971464
v -0.48184570402193072 3.5627219368610383 0.47081149258184435
v -0.49725556843689511 3.6274637897277562 0.43075857446697779
v -0.50831997542762752 2.5425290283908843 0.075246891030311583
v -0.47010103757476807 2.6490375683326723 0.10769656938171387
v 0.094408848495483408 2.2728306772880558 0.7933854178524018
v 0.095898601071548462 2.2933012292556763 0.85675397271318443
v -0.52793438953590388 2.4596065435981749 -0.020692433170318603
v -0.49296413682556151 2.5539899168395994 0.0042577530765533474
v -0.8405961086364746 1.5055881689025881 -0.49586752226562508
v -0.80261538735961913 1.6024797814102174 -0.45034515650939944
v -0.41595806444931033 2.5061260281600952 -0.19322550028228758
v -0.39024474496269224 2.5840340473232271 -0.15839164283180235
v -0.41234349473571774 2.440398220550537 -0.26167971206665036
v -0.38092259479045865 2.4415747055978776 -0.31115963670539853
v -0.37196142814064026 2.5187173637084963 -0.24931134002494809
v -0.37533216898441313 2.5649051545715333 -0.19943277781009677
v -0.34223185315513616 2.4245366270027158 -0.39496908484554294
v -0.32895770115089412 2.4890754066524505 -0.35424941195678716
v -0.29325493140411374 2.5931224251890184 -0.31754195314884187
v -0.27491301998329165 2.4289069670486452 -0.49333330989646912
v -0.29245599081039431 2.3596610459213254 -0.52870808167266858
v -0.28891597047805784 2.4980062659378053 -0.41213615855789182
v -0.25694954524612423 2.5466209755630493 -0.41572393268012997
v -0.4663145886659622 3.2879068448610305 0.49719676943588254
v -0.48741268167495722 1.8325397221889494 0.56940542878723144
v -0.23873899266052245 2.3572759151382447 -0.60352536311340343
v -0.20608506336975096 2.3824097451858517 -0.62122287134552012
v -0.24042810559844968 2.4774228858604435 -0.49946597607803345
v -0.19709163861846926 2.5548896253786086 -0.49074868906688696
v -0.14458671079254148 2.3719440553531648 -0.67010207188034054
v -0.10015449359675815 2.3672631868738447 -0.68725204191480371
v -0.15389423851537706 2.4487250197472572 -0.60745499513721468
v -0.12370263514900208 2.5252046061792379 -0.56174686600875856
v -0.04406254563456774 3.3313993602789642 -1.1984641298640966
v -0.075213747021198263 3.2842762352986337 -1.197767319582939
v -0.046622893475532536 2.7978172192144393 -0.35201182851314544
v -0.2401283741335869 3.1356713129649165 -0.62701123488354682
v -0.24907090878951549 3.1724399345107077 -0.65105261023604866
v -0.24670867562007906 3.216426691135883 -0.67627960778379448
v -0.24309267160367964 3.2899250574941634 -0.95172559898376463
v -0.25175720407688618 3.2156203700734673 -0.98953295780661699
v -0.24403420856404301 3.1461038415327067 -0.54352565709829337
v -0.22945011621665953 3.1275462511367795 -0.57912885585212703
v -0.52291626972198491 1.8876497579517364 0.5217638254489898
v -0.47696900447845458 2.063626512718201 0.53931583315277098
v -0.11033079254722596 2.9169647113919259 -0.8247024276876449
v -0.054727247932910915 3.0171360886330607 -0.68464955043506626
v -0.035212936798095701 4.0029808311595918 -0.3178259429597855
v -0.066159209137201302 4.3582165270030497 0.0092846570343971258
v -0.05147331189751625 4.3464508979365828 0.38328204901099205
v -0.059986876320838919 4.242005473644376 0.69862658525276189
v 0.39642420401878359 3.5106668330947874 0.60061070838508601
v -0.5617978966217041 1.8174976394081115 0.50295008231353755
v -0.58962515773010249 1.8138702874526977 0.46976283303833011
v -0.29361460043678961 4.0069305992137867 0.44765941228820594
v -0.10212641967582703 3.6059725449037554 -0.82576403581380853
v -0.1410681433005333 3.5749595166239736 -0.82700021299171456
v -0.075514523269844064 3.6706742469912532 -0.74314614291214953
v -0.018414539308428766 3.7825479611159567 -0.58800156842780116
v -0.072520034766674041 3.7811091186159853 -0.58308253218936934
v -0.087795754234313961 3.8231155225985387 -0.51725463820784423
v 0.42934282991743089 2.7916369219961168 0.17589272109746931
v 0.41829437362957 2.8672848908967974 0.22418091379356384
v -0.40334088005065916 2.7741643914146423 0.05986096736145019
v -0.40396827096080778 2.8670347653331758 0.15505830771398546
v -0.3703888499040604 2.8164255261240005 0.044478179640769958
v 0.40657459047603606 2.8717533338780399 0.16789558191776277
v -0.45830275429430012 3.1593408942028995 0.46707327559862138
v -0.42759975724703925 3.0748369357234071 0.4765086172896113
v -0.39740478765015608 3.9033003418114189 0.55763693535547254
v -0.39712969421315192 3.9150514816403392 0.4979562474336624
v -0.39004943442916873 3.9606774313201907 0.58496552640056598
v -0.29999018669033051 3.8489473041399549 0.78027630131053916
v -0.59969560433197011 1.9200514305572509 0.41651633482360839
v -0.56316325104522691 2.0251813796310421 0.44139163471221926
v -0.29648164958477019 2.9165757750745502 -0.059883371715818132
v -0.10100588065719604 3.2135959966278076 0.93397851332092285
v -0.099299605356965748 3.2282106305644169 0.97509860477168231
v 0.11505773138165473 4.0769711332349772 0.42442560894370079
v 0.10290823161482812 4.0878113584899909 0.48695616627609728
v 0.13659064460158346 4.0552944465820788 0.45440034081530567
v 0.17872777650308611 4.0667502602939605 0.18529114798307419
v 0.21763934487819672 4.0596971823811536 0.2059794167330265
v 0.093528206462860114 2.1342357352676391 0.79666021570968626
v 0.094490010141372677 2.0771220797863004 0.81605827267074582
v 0.22033828526067734 4.0581699406156542 0.13887889502954484
v 0.32315523717723571 4.0242565272756643 0.15857166253743854
v -0.057584385061740871 3.9195027925896646 -0.37748803100228306
v -0.12301889916324615 3.8915165077323914 -0.40865537719249723
v 0.45818895678329463 3.9661835225372317 0.057038973245620732
v 0.43495347916269306 2.988023644161224 0.25772098656654352
v 0.15837542103494917 3.4810463475348605 -0.9151292949207851
v 0.13116439452545986 3.4872907704593796 -0.95792288552263805
v 0.034871653414011002 3.501548472637892 -0.99549731596946733
v 0.065969805746827814 3.8452133988451616 -0.48759276172712873
v -0.033720106058359144 3.8198771301264762 -0.530756084590435
v 0.0539393045732975 2.8624337338289019 -0.9437742093479633
v 0.42617993382740027 2.9458739762454034 0.31962578666496277
v 0.37309257860565187 2.7489549451751709 -0.024001812686920164
v 0.34827081367015839 2.8416730984621048 0.021676370202064511
v 0.32162224022150043 2.7444779653868672 -0.11906330748605728
v 0.32021649813079833 2.8236599371795656 -0.0513031792755127
v 0.24497315066065106 3.0240501283095225 -0.12784640174075534
v 0.2417995233489445 2.9737664137523514 -0.12402355603143148
v 0.43104259419298174 2.9652728171982767 0.38961912714385988
v 0.35570405546092987 4.0177919629392624 0.87888605866146086
v 0.36919959289073945 3.9076812979841229 0.78410366107082363
v 0.44094663944604057 3.9589240315685235 -0.12402198259773596
v 0.29974532158851624 2.7331396842002866 -0.18340578971290589
v 0.28061932790946958 2.7953627186203001 -0.17971484850692748
v 0.21389507374395642 2.9618447475149976 -0.16082514006301335
v 0.20407467781639099 2.9159580306053163 -0.19539879302215576
v 0.15945153171348569 2.8635316333131788 -0.2637701087474823
v 0.033613856803894046 2.6256454548454289 -0.50789817056274411
v 0.10048365214988164 3.367355054313387 0.94068456526374822
v 0.10048198410333906 3.3174142600198477 0.96344447326196936
v 0.43321961697101596 3.9672422986307141 0.13789817788028719
v 0.47774223142337791 3.9382389804143907 0.0977473081521988
v 0.43598951277422904 3.9097081657478805 -0.10142244889986515
v 0.45808997620534897 3.8023436655704081 -0.023383285055071115
v 0.34731571350097656 2.7565875820922852 -0.059879517013549807
v 0.31999923563044408 2.8710066251254762 -0.026046399472645348
v 0.48373716314125059 3.537316901489258 0.4775391576843262
v 0.14944246846079826 3.0998309721091135 -1.1758377209788393
v 0.37017672897338866 4.051920655700683 0.71304380014038071
v 0.36433655110321045 4.0806839724807737 0.80664822695617677
v 0.016209129498958589 4.3647592209806447 -0.13090340842342374
v 0.060936691856384277 4.3620424931182864 -0.12632422511529923
v 0.65050318642425531 0.80480391596984857 -0.63360412062835691
v 0.5159650981140137 0.78717061006164546 -0.74726830506896968
v 0.064310492274761197 2.4069336386585234 0.9241616889667511
v 0.094904239866971968 1.9171644017050267 0.9173798346395492
v 0.07144206347322464 3.2046022767748834 1.0403679633383751
v 0.034927513282179828 3.1802174032697681 1.0444701490732431
v -0.035402506657600398 4.0612658725233075 -0.31766449799728397
v -0.039648969825744632 4.1421251425170897 -0.33854950617980956
v -0.70884666526794438 1.4602041610717775 0.61361959722900394
v -0.75429957826995864 1.4567634964675904 0.58171003865814208
v -0.92259295979309064 1.3075145574188234 0.48637883555603023
v -0.91700837037658689 1.3999378448486328 0.42405895088195794
v -0.83199399213714609 1.4837079833015441 -0.53235055814971921
v -0.80254617343139645 1.467642649394989 -0.59038389211463937
v -0.66859665841674798 1.3077054133300781 -0.80239313368988041
v -0.68271191048812863 1.3504081352729798 -0.77831379061126715
v -0.080969008980035784 2.1925909321712496 0.90970693786377899
v -0.036033296615600591 2.3698917888269424 0.93371973158645627
v -0.075876867243051538 2.3958975792298318 0.91717655364227302
v -0.07958983129286766 3.6476344911642071 1.0449321508048772
v -0.05218295069611073 3.8945551517236234 1.0088430802983046
v -0.22076413571166995 2.2095670643920897 0.6751099353942871
v -0.14710831838480631 2.2144509574686686 0.69257540721130373
v -0.241607566280365 2.3074839407463075 0.67374478034591667
v -0.21673123831939697 2.44312371270752 0.68228225059890746
v -0.12846812811930974 3.2270702528166768 0.85193737362353006
v -0.12724205797433855 3.3157466274347303 0.85818090068435682
v -0.10184465631771088 3.6502342384033204 0.94750091993904118
v -0.10246113074731827 3.7268373274812698 0.94798209587883941
v -0.42968377847900396 1.9282815384552001 0.5943053037384034
v -0.43344025900650029 2.1009458788719177 0.58490985415267938
v -0.31328371984529496 2.3250381655459402 0.65472236279678342
v -0.32439749516487126 2.4160484224815368 0.64802728338241589
v -0.6009500473175049 1.5584800717163088 0.61995886421203616
v -0.57185203406906115 1.671499830696106 0.56934055520248417
v -0.40828673690223694 2.7145755507469174 -0.00089292870140075635
v -0.39148276415157318 2.7017674927730559 -0.043359745233535765
v -0.6424399845657347 1.5463163034973144 0.59634550223541272
v -0.64416167070007324 1.6591831834449768 0.50437065191650388
v -0.56149531647586814 1.8990938050737383 0.47448393186950688
v -0.52222853325843821 2.0152472379369732 0.49460578591346749
v -0.21193274020996095 3.9571726602722168 0.78882672902107243
v -0.67141624882507323 1.7857816178741455 0.37716287462997433
v -0.59375602595520016 2.0455705812835689 0.39765503171920774
v 0.2791565700817108 2.73628918765831 -0.22644499633598328
v 0.25111210256576544 2.6973471941852569 -0.30069093196868901
v 0.24681884480476379 2.7700648245487214 -0.25590540304183962
v -0.27600711291990959 4.0315550728986942 0.50207567107166562
v 0.2114311121530533 2.7575787964920995 -0.30516705367016794
v 0.1952587726840973 2.7206319319353103 -0.34993826189136507
v -0.37178805672454834 2.4821649585151673 -0.28575819040679934
v -0.32670283390903476 2.5808042023229598 -0.26739912646484376
v 0.16303279844284055 2.7111154529533388 -0.38840840070343019
v 0.14302867072367667 2.7679578307368753 -0.3527821262319088
v -0.033133987814187998 4.2067443814191812 0.78907941918516156
v -0.28657066374397278 2.5502329852466583 -0.36818480540084836
v -0.4259572030528716 3.670571032925821 -0.12620413447348092
v -0.31767092769539357 3.7991786038166286 -0.24094067197954655
v -0.380707584862709 3.9047285274980066 -0.22447584133136272
v -0.08813725766212599 4.3194254185358805 -0.1780982699511392
v -0.099370277553558359 4.2197116854839329 -0.16020669404029847
v -0.09612300257873535 4.17687754222107 -0.16129905490112303
v -0.099730840164343512 3.1384519997982983 0.93587388045008968
v -0.095726763815402988 3.1182376516685486 0.97676592227411274
v -0.10012581343396504 3.0662562488222123 0.880508800555865
v -0.096195042343139636 3.0272115965321063 0.97069398955225938
v -0.09999616918945313 3.1742731510810858 0.97797343019294747
v 0.77235709269523634 1.1805661237277985 0.7535762416830063
v 0.85104922441482544 1.1444893800544738 0.64688330770492553
v -0.88585054132950303 1.207195547118783 -0.61183637336063379
v -0.24112896176719667 2.5180899610939029 -0.46308701689147946
v -0.16605422624778748 2.5463374239215852 -0.52551769992065434
v 0.6316981180553437 1.198984784670353 0.86677696145915983
v -0.32785093701019286 2.9978359387506486 -0.043686588845348359
v -0.47973979195499417 3.4722318306064608 0.49557740215206147
v -0.096837434179782855 2.4404858544049262 -0.63362737317991258
v -0.073462868906021134 2.5366036724300383 -0.56839728317832949
v 0.45730458787918093 2.2685918342933657 0.53123500191116335
v 0.43646455315399169 2.4113155550003054 0.52194937225341798
v -0.096733036281994408 4.0501598782363626 -0.27571983306421549
v 0.12113893301486969 2.6849995076179507 -0.43381375505065917
v 0.10030012267303468 2.4468045754776004 0.84733077908325205
v 0.1004966124010086 2.5050375026961733 0.77516342092732016
v -0.059680971619367598 3.8580108512785438 -0.46960645077013968
v 0.28279767086410523 4.0394790608627797 0.20654447281026839
v 0.16242040993475915 4.0674298318419453 0.066803825669288636
v 0.15863411375331879 4.0593773958473198 0.41179921523571017
v 0.20278030888557436 4.040893469827175 0.42924307316446308
v 0.21830326747894285 4.0603596427559854 0.3200819587340355
v 0.24483599525260927 4.1151534753131864 0.76269451385021214
v 0.28073877741670605 4.114488060120582 0.66795857474613196
v -0.15047151091766359 3.833120237730026 -0.490186792470932
v 0.34240447149814879 4.0059618202239449 0.22072165739955221
v 0.26955204381585118 4.0433646580448155 0.27545599140322208
v 0.31413898524212835 4.0136707103328702 0.30500782270431515
v 0.33504984814643857 4.1260016997756956 0.77178674312782292
v 0.2727439877891541 4.1354161502885818 0.8144532114515306
v -0.014981229421138765 3.5113980223617558 -0.98290991204690936
v -0.044851157760620118 3.5898129297699928 -0.86597864349126819
v 0.014192501596927644 3.6029919018626213 -0.85074114181232452
v 0.15670896530233111 3.840872605309146 -0.47656571067033493
v 0.044710446939468379 4.1604426261215215 -0.34262137024116518
v 0.024749054671287535 4.0624062854833607 -0.32058946397209176
v 0.34766617772674557 3.7279260238361358 0.61183192839813239
v 0.38235051673419135 3.7889339704977272 0.52493470088933192
v 0.40234824589443202 3.8401804333572391 0.50273582806229589
v 0.069574917399287228 2.8815267326101068 -1.052736277119994
v 0.46565252195644374 3.0486183263912201 0.28145812184214591
v 0.41948172560882568 2.9507742271003723 0.22641040549850464
v 0.39750572449002947 3.0007823079536982 0.071444614677974153
v 0.36591627380695346 2.9503587341330526 0.066756174382591252
v 0.354687814618315 2.9747867114456041 0.014414912541900362
v 0.35422087366008759 3.0525249555101395 -0.058506621445655826
v 0.3118596278333664 3.0138618265142445 -0.064181116283416745
v 0.37412058111844743 3.8776318060512542 0.61057123801067892
v 0.27504653789246081 3.772699618077159 0.7690817385721207
v 0.31861233507864817 3.8185141666761124 0.76321956969179428
v 0.17280323186826704 2.9457172997717858 -0.2003182022738457
v 0.19460308916378022 2.8834124437036515 -0.22594830342769623
v 0.10032274923324586 2.9521141811380387 -0.23614789130973818
v 0.41035936248997279 3.9531481992590769 0.22758523359707425
v 0.47784308957249777 3.9257584123439786 0.14422862365382058
v 0.35737068266296385 2.6226525794830318 0.57672600422096254
v 0.34525976271629327 2.6810009086713791 0.57542708779907215
v 0.33277613120617866 3.7282719624063967 -0.19898656163301467
v 0.31194646394276621 3.7292781545369627 -0.26032626516282559
v 0.33918371847357753 3.7811213055937767 -0.19654921471531392
v 0.26628013547325136 3.1585973949432371 -0.45165605642318724
v 0.23998788467121124 3.1254059702701569 -0.44731571035861972
v 0.2341352534787059 3.062029509598911 -0.95259543560552595
v 0.2485273606855869 3.2484299749690297 -0.89937542296659956
v 0.23384770910644531 3.2665949793453217 -0.84560870275497446
v 0.17257995023155212 3.225638047127724 -1.1553198811969756
v 0.19337869932752849 3.2534211185920237 -1.1042168801005483
v 0.37043284535312648 3.8963207655010224 0.65716280250835424
v 0.37768033243179322 4.0190130270729068 0.74312173867797848
v 0.051907447233302248 4.3428941581070424 -0.17860398432268415
v 0.10529478230953217 4.2057787827920912 -0.2713875173444748
v 0.099238845129013056 4.1344735187120438 -0.24746841040420536
v -0.026124667799472812 4.3484162394089694 -0.17113652325510975
v -0.035662134061813351 2.7219413313393597 0.98523155899381631
v 0.14458264376068117 0.77376418997955321 -0.896996380607605
v -0.0858217837524414 0.78700199601745602 -0.90398626295471185
v -0.75572434575080871 1.3167258791122438 0.68034981030082697
v -0.71691027441787725 1.3642768035430908 0.67694273860931409
v -0.82962832288360588 1.3018279405975342 0.62089458719635005
v -0.78802382357025147 1.3864264594421387 0.6048183708114625
v -0.84391823013496392 1.4466855506992338 0.49349275679016114
v -0.83040417412185663 1.4967870808563233 0.46075301129150387
v -0.84777039015197753 1.2699233457183838 -0.63639917103385923
v -0.85643552139739987 1.3703063183837889 -0.57885339626464838
v -0.80857855538558954 1.3022623541240694 -0.67036345016670229
v -0.81470343858337391 1.3699110104312897 -0.6346780649871826
v -0.74268587770080563 1.4476039993782044 -0.67875869996643079
v -0.70784437899589536 1.4712330233478548 -0.70541438209915164
v -0.0069062419533729566 2.8329590911417011 0.99165742756128306
v -0.068749290250369494 2.8121412861502515 0.98462603633226675
v -0.033562076464653014 2.77224875155735 0.9988008839988709
v -0.050193354700565337 3.5443263182349884 1.0601787680162023
v -0.038119060324668885 3.6278902443456649 1.0677535618987084
v -0.034997779815554617 4.0040200466196536 0.9831167767772675
v -0.044445058440446855 3.9590430106186867 1.003177659232378
v 0.42720608934593202 2.6242917860689161 0.47767361345434189
v 0.41406367541027067 2.6858048451662064 0.47975950634384157
v -0.095775462473487852 2.156442114848232 0.88895084885721198
v -0.094917828603744495 2.1662193267478944 0.77072212782478333
v -0.15525609916687011 2.3454929957427977 0.69259180232238771
v -0.15392468508529664 2.4593235160350799 0.69776432949256895
v -0.11510698078028361 2.3111837144953409 0.71687905762100224
v -0.10453877334635599 2.4896243796754565 0.74820843791798186
v -0.10550650741400038 3.4745636835456573 0.90599973253440858
v -0.15926238825178146 3.5639203784351348 0.86171392659664148
v -0.11330587093782427 3.5404078461799626 0.89380452231979368
v -0.39050219699096678 2.3006369209594726 0.61109113096237178
v -0.44083832597732553 2.1741978940162658 0.57299371295928947
v -0.40890273477745059 2.436072422264099 0.55523783386230474
v -0.74131321849823006 1.5535951383666993 0.50837432822418216
v -0.65079538530349723 1.6960903321533205 0.46825817107009887
v -0.50891656606674185 2.1510817620925904 0.48731050338172921
v -0.464203845489502 2.3079828005065917 0.5112767642059326
v -0.46768616084480286 2.3921466819400785 0.48553535951805116
v -0.2540969456228529 4.1083359520465308 0.83875900070108689
v -0.73288216640853876 1.593431106945038 0.4772686742286682
v -0.72426427091217049 1.6882749251632689 0.38530260772323605
v -0.50954467408943172 2.2910503084259028 0.45544587987899776
v -0.49305368489074708 2.4132508673133852 0.44755645153427126
v -0.35441968289184567 3.5934601346006394 0.65947706344413759
v -0.3569241607689857 3.6505185812993051 0.61411520482826232
v -0.38576442795753479 3.5452080567455289 0.61402036251258862
v -0.3851812082605362 3.5949564176111219 0.58233655850934984
v -0.3982335200819288 3.6334403771414072 0.5210025072851181
v -0.44045468930244447 3.193457909236908 0.49908607901000979
v 0.70659627222824095 0.97788846836853038 -0.65455496170806882
v 0.53566082061767584 0.96509870318603519 -0.78860492643737801
v -0.26164633178989882 2.9367042676960704 -0.11087115795118808
v -0.52503247395706176 3.513626578742981 0.41664949894332881
v -0.53713430121231076 3.5761237950401306 0.34273821117973324
v -0.52327396290779116 3.6211896236352921 0.38957232491779326
v -0.47622958688640599 3.2819808704538347 0.11929616174602509
v -0.46352122572708132 3.1309352605400083 0.13129454096221924
v -0.48580819975090028 3.4551088122787474 0.11203491618347167
v -0.48533696437890195 3.5051521797808922 0.088699989546707686
v -0.77627991107940675 1.5191530099372863 -0.58384254122161872
v -0.74356522363771704 1.6482603434322902 -0.50227473710523329
v -0.46372707795715329 3.3417540984039307 0.054221590564727778
v -0.4651865148830413 3.2838596853561404 0.077447270074844365
v -0.45279122139739991 3.1462596160507204 0.085959523834228529
v -0.73546101837921141 1.5378862009506222 -0.62362425951385503
v -0.70639962505340581 1.5962649580564496 -0.61004804488563535
v -0.33827077713012699 2.687401973180771 -0.14392073499679564
v -0.33103318482780453 2.6138598656539918 -0.22773852436828612
v -0.29443927792644509 2.6352837566776275 -0.27757952632522587
v -0.15916208343791963 2.6513097815856934 -0.44441839329528809
v -0.10373484784936904 2.7646369683828356 -0.37223846839475627
v -0.20881595291709901 2.5994429390869138 -0.43724455206871032
v -0.086101661975349714 2.9427082817273478 -1.1271639974085605
v -0.076168221047163004 2.9851406770545417 -1.1516264035784602
v -0.078634848546981814 2.6895941578006743 -0.44001057410621636
v -0.057683764131546023 2.7445554527034757 -0.39582463872241969
v -0.24788657876482009 3.2677805468400956 -0.6468699042110444
v -0.24672114406585693 3.3365252329988482 -0.63308041749858857
v -0.23237301327610016 3.375939784923554 -0.69474339332485202
v -0.19940110665255956 3.4228691043599673 -1.022368280486514
v -0.10514322199440002 3.0271496750159264 -0.68518039788818352
v -0.15831606255412103 3.0551424289846416 -0.65501018618607521
v -0.1055751580247879 3.0004471525039675 -0.72514325405311575
v -0.071258134772777565 3.0407859121612311 -0.55584752995860576
v -0.093456415366172801 4.3331039562203877 0.056489307518243791
v -0.10176617893473308 4.2488193395029707 -0.016996519877115885
v -0.096548264081001284 4.1325831448383337 -0.037065151520729062
v -0.098358534268061321 4.2512449127184553 0.032411417983373006
v -0.091073630030632027 4.1724707978725428 0.068670847537040711
v -0.15764146807503698 4.0706743559811116 0.17678047767925262
v -0.10057039752388 4.137689586717606 0.61999980904006957
v -0.09675396690750121 4.1376203522739399 0.57231882740592965
v -0.15433653723117285 3.9894215946037432 0.70942998124694823
v -0.20574546952056882 4.0623214606609341 0.21897071934270856
v 0.3650101394491877 3.7196830594987187 0.54663979704465193
v -0.18580331503868103 4.0228698711481092 0.73593172969627374
v -0.18348200403747558 3.809312524537277 -0.50320637469720841
v -0.24600426546440121 3.8189176822034834 -0.42919156591892238
v -0.24918407593059538 3.930879617586136 -0.33097505444622038
v -0.42666581730318076 2.7858996501145361 0.15248905058288575
v -0.41961966892814639 2.8690660245857238 0.24106566642570496
v -0.36702804808425904 2.7528284492263788 -0.028507927089691163
v -0.30984845052528381 2.752731033252716 -0.13893384189414976
v -0.3130164133987427 2.852574720518998 -0.051873183285440716
v -0.34966474251174928 4.0348094106020929 0.58850973483800884
v -0.30088148618268973 2.7304444013814928 -0.18313886119842526
v -0.28006140690994263 2.8014128441925048 -0.17710569701385495
v -0.2568039731864929 2.6899941261177061 -0.29823860044860839
v -0.21831388366508486 2.6963125755596158 -0.343154351518631
v -0.20657628046798704 2.7429896587600706 -0.32113420244407653
v -0.099614256939206808 3.368344184206145 0.9324024059877396
v -0.097419619467871532 3.3366626145263742 0.98506045685676169
v -1.1106286420898439 -0.029302987304687497 -0.48604494921875002
v -1.1899360798034668 -0.017611819885253906 -0.34858920773315427
v 1.02785231328125 -0.017417813537597655 0.70094851694946292
v 0.88031544036865228 -0.019990827362060544 0.87201119798583981
v 1.1774511674591066 0.019780216823577883 0.54732323651733394
v 1.2417782278480531 0.067340742439270018 0.40350555902099616
v 1.1338328135726927 0.053097503089904789 0.6540746029922484
v -0.5686883547897339 0.10384385080718994 -1.163624332748413
v -1.1382753206642149 0.048191840727996829 -0.64545770952072146
v -1.207327539779663 0.049492932205200187 -0.49784778016662601
v -1.2472223035888672 0.084473372596740703 -0.37051463648605343
v 0.1314095589141846 0.10815261030578613 1.2891853114318848
v 0.28046047740554808 0.1221838184642792 1.2527098098201752
v 0.84199076419830321 0.053097471481323245 1.0024589382125855
v 0.40101482914686204 3.8775833839998244 0.47415492248439789
v 0.27508737967491148 0.16834859698486326 -1.2407391027650834
v -0.69140560260200501 0.1721330355987549 -1.0692427080659865
v -0.568136538930893 0.17984506832504271 1.1412079363918304
v 0.12952381051635742 0.15009511507415771 1.2631096312561034
v 0.29309491114425656 0.16148148557472231 1.2332453211860654
v 0.12816182837295531 0.19087888288497923 -1.2739467521362302
v -1.229167579322815 0.1971840009689331 0.37025925382232666
v 1.0563603871421814 0.22375211081314084 -0.74581923551177987
v 0.95442460622978209 0.28576205999183657 -0.85030798590087886
v -1.1926799802570345 0.25594852357482911 -0.49533160239791868
v -1.2255123714370728 0.28461634177398687 -0.36879142790603642
v -1.2315988863372804 0.24105578106307984 0.394063932668686
v -1.1876726039314269 0.23300321254539488 0.51266203465843208
v 1.0159060973892213 0.28579669956588749 0.78059641110610967
v 0.90677654419136045 0.28844543869209294 0.90224269076156616
v 1.1961291593704224 0.31562609021759036 0.38642222061920167
v -0.53015840015411375 0.32611713427162176 -1.1252749139118194
v -0.65664237998580932 0.3304317043418884 -1.0518660921859742
v -1.1686866880073548 0.30291246955299372 -0.49037318601036073
v 0.11987824324798585 0.33644940845489502 1.2289240611839294
v 0.80957777567176814 0.29956731621894833 0.98015156646537771
v -0.39289162848663334 0.37285785878753663 -1.1215209060707092
v -0.98534589654541016 0.45815091682434084 0.44387793439483653
v -0.8979924107131958 0.43937501915740962 0.63938375626373289
v -0.0026874315621512237 0.39739854758453369 1.158242509728568
v 1.0533520384774206 1.2115820960523607 0.24570577300691604
v 1.039485314673543 1.2036661513236764 0.30502556416678428
v -0.52698262530517581 0.57868845129394531 -0.82520839227294918
v -0.69890240997314457 0.61553662153625499 -0.65169333018493658
v -1.0546023980255126 0.47265162716674802 0.16057048165893556
v -1.0031457688446044 0.52507924330139155 0.18085565872192383
v -0.9794314106750488 0.48441734753417964 0.39145026539611816
v -0.77813381036376961 0.57468505299377437 0.5973386036529541
v -0.30039618263244627 0.65083240911865237 -0.88974609425354001
v -0.29487958280944826 0.70168775074768064 -0.8725330260009766
v -0.52082679405212406 0.64067354250335695 -0.78566717256927487
v -0.64720937406921386 0.73411698924255375 -0.64317689038085946
v 0.32968741618347164 0.84121171070861811 -0.84957856002807608
v 0.33354052151489255 0.89173204183959964 -0.85967847677612297
v 0.12148705715942384 0.83091733158874503 -0.90069478521728508
v -0.084101899932861338 0.89076128332519522 -0.91719216700744632
v 0.93746501077270517 1.0414439643096927 -0.36352199589538581
v 1.0115166414642334 1.0984476816864013 -0.25466593908691404
v 0.89166685283224922 1.0589564529876709 -0.4953643363990784
v 0.92644216276317837 1.1531187024603784 -0.54064850939497344
v 0.80996734311785024 1.0192502331390383 -0.57161289066314702
v 0.76275500134277363 1.0965361947860717 -0.71421635369873049
v -1.0701497650127409 1.1510212664221355 -0.060258403636523662
v -1.0789046393203141 1.179091353464186 0.072531373293399815
v 1.0363780202872754 1.1630443541867734 0.29390584985995294
v 0.98338080400336647 1.1611993769878319 0.43722996289064203
v 1.0702050676779746 1.2062258395408632 0.17087892012095451
v 1.0722404876365663 1.169981731303215 0.13435438450050355
v 1.0817195636167527 1.1872774710755349 0.075274260793209077
v 0.45991405046224593 1.2238765840292931 -0.95403980062539573
v 0.3362159532403946 4.0960687132921212 0.67465067696952818
v -0.88875993637371065 1.2491451156835556 -0.58921671699905387
v -1.0526903634115696 1.209727594813272 -0.24899928942634039
v -1.0760215309544563 1.2057658556541444 -0.13168075668401719
v -1.0816293542485238 1.1946927695913996 -0.073335502596582683
v -0.78578166813802719 1.2031255820679667 0.73034346116352078
v -0.75202509203553203 1.2381754238142966 0.73990321105146406
v 0.8737231204593352 1.2314257900390966 0.61495113707271643
v 0.86451870819115628 1.1978723232309818 0.64421325751543046
v 0.9393945820249967 1.2024355337908608 0.53493153379801339
v 0.96254980458377437 1.2165003017979348 0.48569329506213321
v 0.50095146120452883 1.2876590930480956 0.88134939361572262
v 0.41127778866577147 1.3762943911132812 0.8556185224609375
v 0.54853119244384763 1.3013547043914795 0.84202671437072762
v 0.50139719308062958 1.3856167522095273 0.80191155327905927
v 0.96122065375900267 1.455585588853836 0.21266412799263001
v 0.96574927764892582 1.4666262685546876 0.16319594810485841
v 0.59405509169387816 1.2824049477081298 -0.86369709939956663
v 0.55426886835670475 1.2593359946069715 -0.89490448865413663
v 0.51970652011108398 1.3427689657993316 -0.90871757989883428
v 0.44962035682678225 1.4684502004165649 -0.94738234797668452
v 0.40381749743652345 1.461498241333008 -0.97725363500976559
v -0.33940844999122621 2.7452570118999482 -0.084850089498519896
v 0.091795317818427091 2.1653006854089498 0.89064345157243008
v 0.035478917901515958 2.1862258510417938 0.92804545997095111
v 0.03338274111199379 2.7944268962316512 0.99764061941421034
v 0.056642779311180114 3.6128561463699338 1.06930911702919
v 0.025462299810171125 3.6447097847027776 1.0619153483558894
v 0.062239477032184604 3.6990131938557624 1.0411353411176205
v 0.91948979052925117 0.019780244140625 0.91706413561668398
v 1.0291279437141418 0.067341040290832516 0.80392131738281236
v 0.35134914204846107 3.7744834219467811 0.66676812951782771
v 0.044553983902454374 4.029521714906215 0.95787594096946727
v -0.016539602699279784 4.0319254601726531 0.95703813208961486
v 0.094580169026096658 2.1794993949356076 0.81484588829894855
v 0.095561500752766926 2.2360800528411868 0.76765055807050064
v 0.164031659198761 2.57819343391037 0.69662684667015085
v 0.12494768029022217 2.5724897218213765 0.71312821539415627
v 0.18847030619049074 2.6816484166412353 0.69091655663299556
v 0.19362392715835569 2.7439435547637938 0.69123225412750244
v 0.11167114875531196 3.6867201232049465 0.88961428534698483
v 0.15865939780087471 3.6997142337695124 0.84480261380896571
v 0.24566900468730926 2.5410147007055288 0.67655153648185729
v 0.23939670738124849 2.662372614132881 0.67616899456310275
v 0.23877747141170502 2.7198642176589964 0.67585880008316046
v 0.18138503643689835 3.6346366186700547 0.84769997298056743
v 0.3403531498413086 2.5358498098449704 0.62791123849487307
v 0.32952101597023009 2.5976794126091005 0.62594957122039796
v 0.40760621363067628 2.5136246193847658 0.53382428541946414
v 0.40989082931327825 2.5620651601419451 0.51735223408317565
v 0.38242317547798155 2.634765838245392 0.53337942147827144
v 0.44925805700969701 2.7032166408958433 0.43279059434127809
v 0.33514922139215469 3.6927805309150221 0.65062319279742242
v 0.88092592211341869 1.5659333487586973 0.28238947509956358
v 0.83004507768249525 1.6753193224601746 0.23622617364501952
v 0.35558273661967688 3.787694141511917 0.61088493776185171
v 0.90319628139495856 1.5585172859840393 0.20306755517959596
v 0.85338145675086974 1.6517221250247955 0.15305568908119199
v 0.43495204955329891 3.496332914318466 0.53367691629905711
v 0.7527352360839844 1.8538384599456785 -0.009444491355895996
v 0.71246841252899173 1.9713373031158445 0.025806472816467287
v 0.53612204066753377 3.6524138227262499 0.31671159682369227
v 0.53094602861022944 3.6385250026435854 0.35715656597900391
v 0.53513351077365878 3.705907057818413 0.28042740969657898
v 0.5143066757020951 3.7959683018550869 0.27095848153877256
v 0.78852586335372921 1.7619047842712403 -0.08718791069030761
v 0.7672478328990936 1.8148708707084658 -0.034186422119140622
v 0.71401010514068608 1.9611224815368653 -0.062510579193115229
v 0.4938758423271179 3.1693966195602421 0.23123282453155516
v 0.51298251379680637 3.3130711054887771 0.25346278496456148
v 0.48287525766324996 3.1141212143497468 0.22937464074516295
v 0.49048880520629878 3.1974169218368536 0.19973350394439698
v 0.48098247882461542 3.2815547759761818 0.1371678211517334
v 0.47880088316345215 3.4247712389421463 0.091967866828918471
v 0.47716929584203444 3.4872527987139565 0.062609938482284549
v 0.5306840569210054 3.6532644231481557 0.19300575739765169
v 0.53318930160713196 3.7663311963224411 0.18417211651325227
v 0.46314247021484378 3.2401024207191469 0.080567153928756713
v 0.45250641882296971 3.1562392830330985 0.079024731385367253
v 0.46607490105342864 3.3684470165128708 0.055391521954536435
v 0.4071385778142384 3.0334517154470855 0.044487820293835231
v 0.40320477563095103 3.1554694478473664 -0.066446881982803352
v 0.42505113500952718 3.2555280732846259 -0.063459926296710975
v 0.54624531960296641 1.5552712096099854 -0.84059860175323475
v 0.54096365827751158 1.5954241501369477 -0.82531354621696473
v 0.38054193762016297 3.1032791161031721 -0.066781215919494624
v 0.36229118880271916 3.1436882456092836 -0.10573414457511901
v 0.36535615072822575 3.2187459182357792 -0.15469550043678282
v 0.36231802889442444 3.2468949059658048 -0.19364720822143555
v 0.50880092723464965 1.5609253939704895 -0.87645855155563357
v 0.46773883270263666 1.6167541919555664 -0.89550705773925787
v 0.3018566753616333 3.1477907997283934 -0.19173878049850462
v 0.3037118048233986 3.1708312547993662 -0.23064810589027404
v 0.31413980545806885 3.2374703902778625 -0.34378671257400506
v 0.32970277527999881 3.3033708166942599 -0.34719336990165706
v -0.094353513567924513 3.5940735264768602 1.0322546785237787
v -0.099023337577819823 3.5767115478602136 0.98850364752326692
v 0.13386442975802931 3.3486807906072906 -1.1492652765296614
v -0.25055239934444429 2.7456173125438692 -0.26710457884883881
v 0.02749121355029515 2.9185346536339352 -1.122339468694074
v 0.29594027350234986 3.2043191760921474 -0.37984931737518313
v 0.29511735256099697 3.2755840476942062 -0.44510579714727405
v 0.27476905081367492 3.2127607863903047 -0.51381096964645379
v 0.21741747635996345 2.9764505131675838 -1.00781079262712
v 0.2020774156062603 2.9875140654695032 -1.047712583917856
v 0.22975250291395186 3.3322587874431608 -0.71673899791908258
v 0.26042276588818003 3.1986612642948629 -0.83316867204717227
v 0.22929582035827636 3.2786625674848557 -0.76984168000602726
v 0.26281992425441741 3.1586986994137769 -0.95783059501492973
v -0.098697816295941668 4.296424510646184 -0.1092455144217809
v 0.23942460034279825 3.294524385183716 -0.96225030606174466
v 0.2557087616519928 3.1543968417587278 -0.49747175269508359
v 0.16414045483016967 2.9771446698083874 -0.7558404314603806
v 0.15124449454116823 3.0543785172653197 -0.65404712366485596
v 0.24836720376777649 3.120429037769318 -0.27349042459201811
v 0.2273759711324147 3.0839768677218298 -0.20804662234660556
v -0.19989366486358642 2.7861870398998256 -0.29665303941726684
v 0.096785428787231453 4.1632117512397766 -0.31224218161010742
v 0.084072927038601475 4.0521795629249304 -0.29518915851375033
v 0.092790899441987262 4.3304305854340495 0.11447351542651654
v 0.091584049646377563 4.3223520099840167 0.42078644361209872
v 0.4488729779586792 3.2757150715599059 0.0098513397979736357
v -0.17146344678115844 2.6957415742263793 -0.39512158522033691
v -0.16295293068695066 2.7465025255947109 -0.35878132218933106
v 0.42531182828303749 3.0173684711014888 0.11828885787023817
v 0.39966011968507764 2.969066486964512 0.12388038434019089
v 0.36851528896093366 3.0181475124158856 -0.015853375909805296
v 0.30562334828376769 3.1066305993900301 -0.1367057624130249
v 0.27881562826156614 3.011246845153809 -0.090626478018760684
v -0.093090210437774656 2.1198166133804319 0.79743893454360959
v -0.095592630722045907 2.0474273848972322 0.83711949612617498
v -0.099048247166633602 4.1133621824350355 0.6680641172308921
v -0.098419113314356113 4.0419016482535763 0.6704983206330708
v -0.38352732287263869 3.6556805755579473 -0.21841493088746072
v -0.43234811100625992 3.9348171135060785 -0.13006509275209904
v -0.24022516123506427 3.1763802519284488 -1.0503160538791418
v -0.10139689872900645 4.2805411360031762 -0.045576653148333229
v -0.095772454963684084 4.1784586717681886 -0.09751833515930175
v -0.022844888033151625 3.1608468315439224 1.0394966151773928
v -0.094961475582122812 2.2835418927459719 0.80931894731521603
v -0.097086408271789548 2.2975888308048247 0.8583117949981689
v -0.089599250079631793 2.0587561006355282 0.91047586032629024
v 0.0083019704122543336 3.686568585777759 1.0485651499190332
v 0.23884618469619753 3.1783517595868114 -1.0568651530566215
v -0.1818413884649277 4.0309941443009851 0.67159489489598267
v 0.97366235256958011 0.32859785736656189 0.77294610340690617
v 0.2589574847425733 3.0646074823621343 -0.14238347539152416
v 0.12366927528619766 3.2232369092042448 -1.1889348377404214
v 0.15473767092990875 3.1722571134677615 -1.1825215946418899
v -0.071823575063569206 3.2382304503280097 1.0312171023280281
v -0.23680858833503721 4.0738052273278242 0.62964691405963902
v -0.058488764830398561 4.3389078510704042 -0.26574675398750303
v -0.20785381603002551 3.755375863576889 -0.52386687047290803
v -0.2242398698108673 3.7871225015941619 -0.47407918695783613
v 0.31618710239601133 2.6680278605251311 0.62268472656249996
v 0.2917359151878357 2.7224616710605618 0.64106154751396183
v 1.299274837331772 0.082369337055206299 0.094961822809219359
v 1.2919854643630981 0.098725064788818373 -0.086811071144103996
v 0.097718796226501453 2.637267158974784 0.7959117514937265
v 0.098389193749019083 2.6451532336265018 0.89073791321836193
v -0.75837531646728518 1.8412119400939941 0.00094260058593749994
v -0.72282280637359619 1.9439723471832275 0.033209746215820311
v -0.5356045506229401 3.6379241574802399 0.33549817631912227
v -0.52547540422058103 3.6743133412857056 0.35593881807518007
v -0.53744696494483946 3.6695748485279083 0.29394486949920651
v -0.52805402330112461 3.7780208675270077 0.2397848808517456
v -0.79719820079040526 1.7451944318847656 -0.066586379413604735
v -0.75855261107444771 1.8379373424282073 -0.042338760187149042
v -0.72238062759780886 1.9380139717941283 -0.075633623992919924
v -0.30582036732864382 2.5982584593276976 0.64685097423934934
v -0.26105313163948063 2.7497137293224334 0.66501728144454952
v -0.49798259903335573 3.2578607359580998 0.20836444301223755
v -0.49575423478698732 3.1793742447967528 0.23481691722869874
v -0.49642503156375883 3.4476666790008546 0.15735105632591248
v -0.51424694673728943 3.5216669838466643 0.19826837418556215
v -0.49033998930931094 3.3591198894062044 0.15545437848281859
v -0.53725572920227049 3.6965834089479443 0.23099035580444338
v -0.53432324962139122 3.7511482853851321 0.18618051420974729
v -0.44203724534034727 3.2538304150047299 -0.0090204288711547842
v -0.43665135329055788 3.1368326904029846 0.028906758701324468
v -0.46124119649696349 3.4278746375255587 0.017057895570755006
v -0.46694380452480316 3.5190248563320159 -0.0010909142908096313
v -0.67913995822906492 1.5076815891876221 -0.71644966484832762
v -0.6602026182861328 1.6172912861824034 -0.65495185404586787
v -0.43021818835067749 3.1552877087211613 -0.0093760002632141126
v -0.42566698906421663 3.4057398518810276 -0.12613723235225677
v -0.43932832002258304 3.5036149802665708 -0.1125314263153076
v -0.61396612717437749 1.5178900864257812 -0.78587144298171996
v -0.57015400426864615 1.6173108071479796 -0.77634921590805051
v -0.41342873790931706 3.3444045925617218 -0.13681743228721616
v -0.40057021911621093 3.3668132041244503 -0.19496679158782959
v -0.39669149016189575 3.2292663068971637 -0.10469159497833253
v -0.36864689448547361 3.2178971957855227 -0.14757357981491087
v -0.38174554947233202 3.4086262164292331 -0.2546782726054192
v -0.37973208231544492 3.4710437887911798 -0.26249148762750624
v -0.35846248918628687 3.3207669983978274 -0.282275064371109
v -0.31575364311552045 3.2166786997179986 -0.29870244173145294
v -0.33280087024116517 3.3967925847654339 -0.35781106516361233
v -0.33451247115543908 3.44918302936009 -0.35622669875008722
v -0.16378825408352612 2.9195307740979555 -1.0273179954421283
v -0.13209867832028865 3.3277324829924702 -1.160577424467206
v -0.075219023622512815 1.6692185033874511 -1.0705692872867583
v -0.033369835319519037 1.7943717894973754 -1.0442908563537598
v -0.069926235534667966 1.9109033676452638 -1.0020980955505372
v -0.023068056901931762 2.5155081274166111 -0.59807100663948054
v -0.32889116040039063 3.3044498783226013 -0.35094370393753049
v -0.31410839621925357 3.3234735900135037 -0.3948956460199356
v -0.26828906164060323 3.1515055227137552 -0.78928869427637549
v -0.26248179464925825 3.1269578792206345 -0.75565280370582644
v -0.24488068073058128 3.2285140155625687 -0.76810310879864008
v 0.44885978397941584 3.729208663778782 0.4396939699730873
v 0.45121228570508953 3.7774039811534879 0.41537896831035614
v -0.235742571402141 3.599422310634341 -0.5805083546851022
v -0.2330373508758545 3.5649350143957137 -0.61949462530136112
v -0.36584303780937194 2.6582820216827394 0.55022341582870493
v -0.33996487428855898 2.6835607064857485 0.58291746507835396
v -0.11973576800537108 3.0563073408474923 -0.49833733632469179
v -0.11383040616893769 3.0521916907052997 -0.63707686604881286
v -0.20744039573013781 2.9206786731613872 -0.93888372017002109
v -0.071238143724679945 4.1073540794470311 -0.31574786705732349
v -0.31040466373327796 4.0391331246388571 -0.12637722504200255
v -0.26469996307975907 4.1307714779139584 0.7878925068722793
v -0.25968440365791323 4.1123715812187198 0.70745390573453903
v -0.38822203736305239 4.0201421482501978 -0.17891603597793582
v -0.43962690688896178 3.9939543973169327 -0.11131230193805694
v -0.31341619008636479 4.1337687478332521 0.73840146842956544
v -0.21968173800468443 4.0755104622692109 0.74169321004066457
v -0.22543037733098439 3.6498877548963002 -0.57132492391429635
v -0.18824988354301453 3.680408486021042 -0.62691178245162971
v -0.18837604803085328 3.7224511503543858 -0.58544532310628883
v -0.11331422390079499 3.5213214432327749 -0.92460941040635114
v -0.058220915427991321 3.5174069369488103 -0.96632222972917559
v -0.029765228992598397 3.4555728758813653 -1.069184833022935
v -0.38023559410095215 4.0023518814808847 -0.22265714579076767
v -0.25158546132973258 3.6483665475891658 -0.50893659358705801
v -0.28213844853138925 3.7019240560801028 -0.43555075681900979
v -0.35609185896505624 3.7750842112842968 0.57966073913908001
v -0.32437244981670377 4.0046261531019214 -0.23730853958702086
v -0.15874182347534896 2.8859583333508612 -0.96719402480711936
v -0.45026045297813416 3.0187058548984531 0.23557936008262634
v -0.4264643546142578 2.9660820812091826 0.25669359113597873
v -0.44085983528280259 2.6221751023468971 0.46100367263317105
v -0.39172680274963378 2.7017330040397645 0.50539514752388004
v -0.33049794185883663 4.1284222222221914 0.78708479421888078
v -0.35682964543914797 4.0755074277572625 0.69592891028594972
v -0.34666696254743845 3.748696506572621 0.63123226610517502
v -0.34707483018159868 3.7689577967009544 0.68808936838150037
v -0.27189430513763424 2.8491358501091004 -0.15908113111114502
v -0.24484939570283892 2.8522180825634003 -0.20038905153560635
v 0.10143551804637908 4.2710843840961452 0.38886698035478595
v 0.098482303604125979 4.1657336495513917 0.39984744436645508
v 0.10035752889633179 4.1437937664947508 0.61398072944641113
v 0.096807285001754756 4.13219969947815 0.56885835508537297
v 0.11099834798846926 4.0307517604817411 0.61175488390489985
v -0.42629706168442372 3.765918049771428 -0.14802086027876141
v -0.53259930252838128 3.5825269387245178 0.24795133124160768
v 0.25022062683689594 4.0314360958707329 0.40082222515273092
v 0.30783644936561583 2.8703178017482762 0.6259108268737793
v 0.3005186214199066 2.9868347573804859 0.66494518295288085
v 0.29103230948066711 4.0201779261875146 0.36451202229690549
v 0.36627932178699968 3.9534165750000483 0.35120601824522019
v 0.36684130839814455 3.9378061465670209 0.41425589744191516
v 0.17065062866449357 3.6236579414219858 -0.72285295608115185
v 0.11988727655112744 3.675133544489384 -0.71961797609770295
v 0.10905598582649231 3.6073029137132169 -0.81913992013120651
v 0.23236363711738586 3.7851870489239694 -0.46482845073461532
v 0.39208806014047348 3.7201185443765095 0.49928573889419015
v 0.4148394705581665 3.7637310461826328 0.47064947614002228
v 0.24863473754215243 3.8662912391958235 -0.39546935306930536
v 0.24929941365098954 3.9236650750985147 -0.33914674710607529
v 0.18080178117520809 2.901202389261508 -0.96090347060729275
v 0.39366859156131745 2.9168017984352113 0.14597201047039032
v 0.33086704844740455 3.7842726812698499 0.7336589471592222
v 0.37209287172546385 4.0322185740585326 0.82561660292358408
v 0.094818099065303793 4.3313139871444708 -0.1248815385107994
v 0.1088964516347885 4.088974539751721 -0.034989607643795009
v 0.10627720834691184 4.0930173020403391 -0.094025848953485494
v -0.0009486078523993479 3.0198715857174996 1.0207887762960195
v 0.064003477089214333 3.0225227246265414 1.0162747144258497
v -0.0083415892925262428 3.072375281874657 1.0162133596496583
v 0.034916172194957733 2.0227781489272116 0.9389034847450255
v -0.63034858071899413 1.3045688657913208 0.78226707289886466
v -0.54880106409999296 1.3943103516791209 0.76462374910518105
v -0.68538801656188975 1.2963734793121338 0.74983867101593016
v -0.68086162649536131 1.3878762326011658 0.68562485051345834
v -0.90358775949859615 1.4841597406616209 0.35553257236480712
v -0.95446301285934454 1.4433113123512267 0.26660439191246033
v -0.94012929764862063 1.290419423800659 -0.478000124130249
v -0.94514521330915169 1.3860199268624442 -0.38494602769797193
v -0.91819585619354249 1.3135539742889406 -0.50583108967590329
v -0.89043688098335272 1.3553291282043456 -0.53208984839820861
v -0.60361034421157833 1.4583575371608735 -0.82351562876319884
v -0.56030484136009207 1.4553346378479004 -0.86540071909713756
v -0.036846764664649964 2.2584464988393784 0.91688532969093317
v -0.025688281978845595 2.2069059613101483 0.92027710087990755
v -0.047296444705009461 2.1001278513841628 0.94777394228553757
v -0.097857982418680198 2.5454409501389978 0.90137303469724661
v -0.093360946052551269 2.5012641959171296 0.90239413076019281
v -0.16135396583938597 2.5838536729431154 0.69720066098403921
v -0.12708629871913363 2.6137415997298108 0.71171324226106913
v -0.18430437119674681 2.6368354791002275 0.6920461593532562
v -0.17465774629211425 2.7292085534114836 0.69586639353752133
v -0.14093124148368835 3.6553357250143801 0.86542517860453472
v -0.13434728824138642 3.701210877347946 0.85896168606948853
v -0.10238053073167801 3.8418858226938246 0.88672012364721298
v -0.10137627040100097 3.8697814914665223 0.84447223097991941
v -0.25670142500495913 2.5934885961728096 0.67203283021688454
v -0.27894868124008182 2.5518825450630187 0.66490111806106555
v -0.23729777273941041 2.6647739353790278 0.6767919010124207
v -0.22708666705512998 2.7122304063129423 0.68001811406135559
v -0.45050913882427218 3.0666222769241331 0.13540730775146487
v -0.18263074425315856 3.6339463046414515 0.84713362588473728
v -0.17714957371044157 3.7192836977291104 0.82950495341920849
v -0.35834438400077817 2.5687856750946043 0.59384249642181408
v -0.33775209471988682 2.634054723297119 0.60353721385383607
v -0.41566211827468874 2.5260084613475797 0.51931194537162773
v -0.8413978836212157 1.5469192745513918 0.38772041169738769
v -0.790370910522461 1.6455777926940915 0.34321527929687501
v -0.42458484286594395 2.6948391156845091 0.46534899783325195
v -0.33262460645151137 3.6969969328465462 0.65566700799274447
v -0.85622719631958 1.5693933369750979 0.33818730276489262
v -0.82389053566169745 1.6667868905296328 0.26896811800193787
v 0.13272719467735289 2.6638888921779222 0.71058242201777866
v 0.13328434510850906 2.7194386548075675 0.71131287197971349
v 0.10242983652877807 2.6643515199437822 0.75432434474291132
v 0.10600424330711365 2.7473033970756529 0.74185310563087459
v 0.27213467580032347 2.8952831894931794 0.67464941748428342
v 0.26534269904994967 3.0239787227621076 0.71118950818824767
v 0.34458344179534917 2.7547814812355043 0.56183895691680907
v 0.34252439265155799 2.8815964069919588 0.57976970342731482
v 0.33782959839248661 2.9335563958625794 0.6003639850845337
v 0.64923661294364932 1.9120140309600833 0.35395240322303767
v 0.64353317786788933 2.0185793762931823 0.34238451556015015
v 0.38768393931961065 2.8490797934303282 0.51501334865188597
v 0.39355616892910006 2.9324028028211595 0.52599881510734559
v 0.72528804973220828 1.7957148437709809 0.30115904757118223
v 0.71325207432556148 1.905375797990799 0.27480076804733278
v 0.67556963847351081 1.9752076409683228 0.31041176862335207
v 0.91391283979034421 1.5622305216522219 0.1060315500717163
v 0.85288481280899053 1.6572431369094849 0.0744306728630066
v 0.44504715706157683 3.5503916123685837 0.50712453999137874
v 0.91790100364303595 1.5583800939445496 0.051127018344879149
v 0.86554585439681997 1.6348724922866822 0.015995863056182863
v 0.62729363897705082 2.2214228583259583 0.083370612892150892
v 0.5906632925338744 2.3299105758686069 0.16203895382308961
v 0.4558930838984081 3.6701854333922519 0.45265591190406251
v 0.48900062871674127 3.7120449607711521 0.40202185118157518
v 0.51340637059756689 3.7271923919557848 0.34649370399420609
v 0.45175141283416753 3.826152978084564 0.36503533481121064
v 0.67728300617980952 2.0710912197113034 -0.013569746139526367
v 0.63607674336624154 2.1901957428112029 0.021672668041229252
v 0.57261727926445005 2.3595127577228547 0.010595818750381469
v 0.51366075591468796 3.4586901921024324 0.21899612845039368
v 0.50726893928527828 3.5366614851102831 0.164503025182724
v 0.49111587809944157 3.3509637673912049 0.16220066457748414
v 0.49873641210937497 3.4484164587478645 0.16595556554985047
v 0.48999882809298378 3.4878174321283271 0.1166305330209732
v 0.49382161343818048 3.6076356412338186 0.024565507851481434
v 0.51520148733408111 3.6921643553831913 0.036012357998916084
v 0.46252856721496577 3.4368534382305147 0.019245368377685548
v 0.47414324321079254 3.5543953010110854 0.0018497487087249754
v 0.41975341856431964 3.1264504347009661 -0.02091542743062973
v 0.44392275493621824 3.3506400193328858 -0.033257648416519167
v 0.42746762405395511 3.397960332355499 -0.11559745315170286
v 0.43023102120971679 3.5063848041114807 -0.14452564241409299
v 0.39020704761028291 3.206708820871353 -0.10582735883331298
v 0.41862558667373656 3.338670562408447 -0.11530060659790038
v 0.41042982737922667 3.3673574879045489 -0.16114798401355743
v 0.38688213075828554 3.3861697794551855 -0.24031696507453917
v 0.38073898526144029 3.4484233238124844 -0.26020080236291887
v 0.40635147717380526 1.5303857194013597 -0.97192026130580911
v 0.42758251847839357 1.6232169482612611 -0.93780302318572994
v 0.35895581387424469 3.3250562689647674 -0.28248658475780486
v 0.31968250903320311 3.2170694741287233 -0.28181748777008064
v 0.33844999273395537 3.3997948130121229 -0.34620970288276676
v 0.34107128052997587 3.4575583826847076 -0.34269418706566951
v 0.34485093275833123 1.5443336040534974 -1.0148514690933228
v 0.36322874028015134 1.6334167208099368 -0.99914377177429203
v -0.41995791200256349 3.2662029700469972 -0.077632924674987794
v -0.40967872134590155 3.1596748938827512 -0.058409751401901237
v -0.00066203672027587927 1.8291688861312865 -1.0364765294189451
v 0.01867703264141083 1.8842738216648103 -1.0189612672491073
v 0.31154607681512836 3.2757363780679705 -0.39290420604753495
v 0.30735702742167881 3.3239088004119055 -0.41077820802102771
v 0.26857987188965932 3.3127730206819264 -0.53168255509022311
v 0.25956153584499364 3.3107093776437759 -0.57663373103189464
v 0.24193101321041582 3.018919978287697 -0.94405612536108485
v 0.2497473051843643 3.0154862717723843 -0.88311045040798186
v 0.27720012845554354 3.4070478947566984 -0.48209221324424745
v 0.26668152800696238 3.3716306321081433 -0.52364243967029034
v 0.25942093920707698 3.4095413998360633 -0.55001892759132387
v 0.23722400335240365 3.3037078318774702 -0.91853976922178271
v 0.22016079988670351 3.350483402244568 -0.88735808724784848
v 0.19843549320039749 3.3777068449959753 -1.0259297399070741
v 0.14042777046465874 2.9298031181066033 -0.80439313596439366
v 0.094714534189939498 2.9071363111696242 -0.8435389365537167
v 0.082982322803497321 3.0039952226910596 -0.71846629736566547
v 0.04628536111164093 3.0223854109940529 -0.66579318103933338
v 0.030170409925460814 3.0019220432038312 -0.70950203846645354
v 0.045489901904582977 4.3594643153033257 -0.012377757236242293
v 0.098088094448089608 4.3092523781166072 0.028419949314117433
v 0.049022480309486388 4.3444231421937944 0.36511134122800826
v -0.38123812457466122 3.2705468678302765 -0.17078475465583801
v -0.34143636853408815 3.1929835715026855 -0.17765706712341311
v 0.098827617004394519 4.2828556832242013 0.46092070463180546
v 0.084849573250293728 4.2483046726248261 0.65601414597463603
v 0.098188279098510745 4.2547253567085264 0.037718285415649408
v 0.093002488252639764 4.1476954467563631 0.063114805831909176
v 0.10155903644180297 4.2721595905933381 -0.0074410273742675755
v 0.099567245650291458 4.2758523878822325 0.32282020564126968
v 0.098616340946197506 4.137134574041367 0.30318175541687009
v 1.1909087309570312 -0.022706590820312501 -0.34711674804687498
v 1.1474722341613768 -0.023068152191162112 -0.47003455813598627
v -1.2372796953124998 -0.018727745361328124 -0.081880816162109377
v -1.2372527512207032 -0.01766611328125 0.098210409912109373
v 1.2259104162712098 0.11404704426956178 0.39976811042022709
v 1.1815645951385498 0.10815261030578613 0.53115638230896001
v 1.2871446867904663 0.056087477149963372 -0.23930047013854983
v 1.2916866542549132 0.073305531883239738 -0.18945810004615782
v 1.245128704082489 0.045208288528442386 -0.39350487948608392
v 1.2185215990676881 0.065777471347808841 -0.46555187379646301
v -0.93261677343750005 0.10384385080718994 -0.89889812339019781
v -1.2825182781925202 0.069118593513488757 -0.24855258510780334
v -1.288055391166687 0.011174501255035401 -0.067764583755493171
v -1.2993864351310729 0.084890220132827751 0.048750394939422612
v 0.56416947946166984 0.10815241590881347 1.1665385404357909
v 0.68259521498870845 0.11404688344955445 1.0943950116844179
v 1.2540463769741059 0.1341120925617218 0.21937127010154725
v 1.2634236264877319 0.15889175886821749 0.10903474986076356
v 1.2634619285144806 0.14902868951797488 -0.086588855234146112
v -0.14839123368930818 0.154440399892807 -1.25840442979908
v -1.0156525640115737 0.17213303422546389 -0.76823640298748008
v 0.53578226689338682 0.15197468444633483 1.1477702462654114
v 0.70121816553878791 0.15067810391044617 1.0582769642543792
v -1.0286449222564698 0.19718398857116698 0.76837807944488512
v -0.19013920597457887 0.1732405061836243 1.2571963468093874
v 1.2170111454849242 0.29745273096656799 -0.36389691907882693
v 0.727326111869812 0.22644465987968446 -1.0682529695749281
v 0.61058432570838928 0.26393236193656922 -1.135015562789917
v -1.2738507737026215 0.29246893611907965 -0.073640816242218021
v -1.0455839329986572 0.24855757736968997 0.76229976494598395
v -0.9484887727661131 0.23464287004852297 0.88052219927787778
v -0.3100818783607483 3.2233249530944823 -0.34267950024414062
v 1.1385667817535401 0.33472717156982423 0.48161207221984864
v 1.2439647340030671 0.30378514662170408 -0.24171732448768618
v 1.145699652797699 0.33625046208000181 -0.45683550069236756
v -1.238546736410141 0.3067879791488648 -0.25571076338386539
v -1.2769825373344421 0.28826998411560056 0.05592417606735231
v 0.56307622488403331 0.33472717612457276 1.1009464183425901
v 1.1819430738677981 0.36314251560668948 0.21722372194213863
v 1.1463316447579519 0.39258491870989115 0.20110932528904507
v -0.67684312998962404 0.3559398773422241 -1.0006590379104614
v -0.52659440048108785 0.4052052770494734 -1.0170468605581009
v -0.82756504449462898 0.37038122793579098 -0.85370912007141109
v -0.90326359687587199 0.40350792167990551 -0.70789283633313849
v -0.48836978887939447 0.45172322094726569 0.97243977496337886
v -0.26835959117889402 0.44105199821472174 1.067219962837219
v 0.47979065246582026 0.37174133564758299 1.0873376880645753
v 0.59546015179007394 0.40944279944719592 0.97302715939767026
v -0.91713811814880364 0.60165539266967771 -0.30102855764770503
v -0.95328672907257084 0.61579784204101562 -0.070748249687194814
v -0.70511239523315417 0.47265307072448731 0.80106656045532232
v -0.65265372715759273 0.52507933468627921 0.7835296429748535
v -0.49915841325378413 0.48432400949096677 0.92946371278381346
v -0.25871071640777588 0.55340216149902344 0.96119821805572525
v -0.80580465771484389 0.67394814875793452 -0.46655478064727784
v -0.78128417080688473 0.73368337716674803 -0.47458812820434571
v -0.88928772270202638 0.65724267280578619 -0.29488211506652828
v -0.91166221382141122 0.73174884260559081 -0.056652859680175777
v -0.30235982024383551 0.85805294735717774 -0.86397332397460946
v -0.3274448392639161 0.92282885766601552 -0.87498483866882326
v -0.5152769033355713 0.83950634368896482 -0.75085994780731191
v -0.68576367203521738 0.87541893043518071 -0.61129519779968255
v 0.86819013733136652 1.1697863517406581 -0.63601872227358824
v 0.79413054369851088 1.1886270388250906 -0.72271577858731573
v 0.34660698756190711 1.0445027203979493 -0.9491182563912528
v 0.39290368911743168 1.1082095816307069 -0.97858719538116468
v 0.20661945346069333 1.0228325926208497 -0.9719984506835937
v 0.13370363693237303 1.0921245328674316 -1.0358226798248289
v -1.0334168484746216 1.1506889722900391 0.28242721997272968
v -0.99766620209407819 1.1899432637672425 0.41671913240528102
v 1.0726896236462593 1.2324889798054697 0.11322003080558776
v 1.0723387626824379 1.2526315216631891 0.058265679586410511
v 0.99520101646423331 1.2022482257938383 -0.41836423309803006
v 0.90408252765655506 1.1692260356903077 -0.58552704798507693
v 0.89072176267671588 1.214300870496273 -0.59791702914905542
v 1.2161701700668335 0.34883132849121096 0.084448581535339351
v 1.2391848133697509 0.33182401707458498 -0.024412993827819817
v -1.0001151672916411 1.2331401671218871 -0.39316933157539369
v -1.0725440026173592 1.1850416058375837 0.14611061584830284
v -1.0575601477946281 1.1893608502455713 0.22866219228672982
v -1.0421823341417316 1.2048169324207305 0.29170515616512299
v -0.64128700381927484 1.2368742466567992 0.82945784284439084
v -0.59103565435510874 1.2126236919490099 0.88187832824984191
v 0.72901139530458448 1.2167685789652825 0.77955486910305027
v 0.75959049275779722 1.2304779225730895 0.74194928373718261
v 1.0256260472412109 1.2414382027511597 0.3207891598587036
v 0.16949661583251954 1.4088582918029786 0.90918561499023443
v 0.11205707453591485 1.4207933399598258 0.93773003781918118
v 0.27280761003112786 1.4470141853179932 0.85307127621459977
v 0.59382076644897464 1.3188328447055815 0.798296978822708
v 0.56095870942252035 1.3733338896233693 0.77510304353550508
v 0.69519492194442756 1.2767800309402466 0.7614791561996459
v 0.64769491674041757 1.3789572045822145 0.71694653438568112
v 1.0343670636405944 1.3033528344818115 0.20516281189727784
v 0.99036447944641104 1.3765876873855589 0.25964389422988887
v 1.0478802279777528 1.2969812356147767 0.1482125283432007
v 1.0221158718185424 1.3568652002182007 0.1603176215133667
v 0.98696849453544622 1.4469414688529967 0.082883884305953975
v 0.97380711328887937 1.4715124165687561 0.037097224800109865
v 0.44295734208488463 1.3761720810565947 -0.95117588621711735
v 0.35159284398746493 1.2971094605472564 -0.99062667853221886
v 0.38944252112007138 1.3361603906898498 -0.97524365891265874
v 0.31677160469055177 1.4536052231674192 -1.023630360572815
v 0.24863282295227052 1.4560217142944336 -1.0496442477264405
v 0.22193667928612232 2.9391321820745464 -0.91926579007321596
v 0.086243397948946268 2.7990958654812363 0.97259364873528908
v 0.085113675002574912 3.640259732811451 1.042335457496643
v 0.16374419315338135 1.5369148143539431 0.82976127338409422
v 0.14318435804290769 1.6610879457733154 0.76387903418426517
v 0.099212961624145501 4.2240636903743738 -0.15448237024688719
v 0.09513611073630196 4.1597012467422481 -0.15347287680053712
v 0.2965561224441528 0.3583270414123535 1.1694210620880128
v 0.13898102771432058 0.39978632400512693 1.1455621192038401
v 0.10007825230741502 4.1822485096973185 0.65297275799679755
v 0.096770665306091311 4.0458780739517213 0.69855064967155456
v -0.14437533936732155 3.4678554007203237 -1.0167125312485696
v -0.15422653129386904 3.4529600694103242 -1.0606614207196237
v -0.099236199016571047 1.5433213473949432 1.0245419382734298
v -0.50554188925170895 0.75404468194580088 -0.75824790592956548
v -0.6482176614685059 0.79734357906341546 -0.63707066172790539
v 0.11843696168518067 0.96149301472473137 -0.94460223255920406
v -0.073477067840576157 0.98392065802001949 -0.96582992127990719
v 0.48899635935974128 1.0327959225006103 -0.87164997457885751
v 0.59023642340087901 1.1079152051010133 -0.86805400489044193
v 0.33225594894814492 3.9900105589830872 0.35227972551679609
v -0.15064962182605268 3.4282398760047554 -1.0952360951949953
v 0.10118879753112793 4.2429532827758791 -0.047817409257888799
v 0.095712898063659652 4.1784146270980829 -0.09739972793579102
v -0.097905924236297612 2.5762963201713562 0.83442125027656555
v -0.31592628500223152 3.7318011981320378 -0.23124248592734337
v 0.45494415798950194 3.4611763596172329 -0.022270470325469971
v -0.10612401993056705 3.4693169355555602 -1.0474269687051774
v -0.10633259230041503 4.2495100175952913 -0.29374606386947633
v -0.10401236311340332 4.1747922724266049 -0.28286869274902349
v -0.099459906037466878 4.1561648069365358 -0.21507090627425057
v -0.060792897229194634 3.0400638574290273 1.0150993764162064
v -0.06491619576644897 2.0340424677505498 0.93770880841827398
v -0.08880842762851715 1.6766167631470561 1.02348237539047
v -0.10732837402820586 3.7788601065778735 0.87020373429012299
v 0.33424562373638156 1.1941460260642052 -1.0148165403407574
v 0.2530167997522354 1.2305739454269409 -1.025735530837536
v 0.35768823566269869 2.828228376619339 0.54947418362593647
v 0.36807794054365162 2.9420620034484863 0.56462184814548499
v -0.3650181511614663 3.725664483971153 0.54470242122244839
v -0.44948178267071931 3.9331362659527569 -0.086052482554657111
v -0.36347250225448613 3.7185119469637868 -0.17583552332496641
v -0.47595605665765489 3.7199358741452353 0.41464171058831895
v -0.42232104437112805 3.7340362043585777 0.46595967916321751
v -0.057666749091216496 1.383644621665614 1.0045148626758711
v -0.067330073024988182 1.4340711497871876 1.0506679791908264
v -0.050580648904800414 4.3602436781454088 -0.043702100798606869
v -0.099867048747198928 2.6244148018930979 0.77171638583987101
v -0.099268935500826161 2.6404860763459883 0.87067216173308237
v -0.087056062897586828 2.3550598893364905 0.90932354838199614
v -0.086609475556135171 1.5505954550691843 1.0854112641879319
v 0.068078796714305861 3.6679045681948663 -0.7487740326809883
v -0.88184156650543211 1.5677488337097167 0.27436804312133789
v -0.84416395978355407 1.6630115130348204 0.19552719725990295
v 0.097224591589450834 2.7549816462173462 0.92637716007328041
v 0.099998042679922919 2.8865501496560233 0.91905306741224013
v 0.97841474775695803 0.35832648178100585 0.70537949412536616
v 0.84236873882620678 0.39978671953691752 0.78838902719552184
v 0.10026945568752289 3.9750688147768973 0.8922836711730957
v -0.35971400957107541 3.038641197044373 -0.045839372840881354
v -0.33632482911252976 2.9591258412934032 -0.0045645561564309238
v -0.30604415630531312 3.1065145287952425 -0.13607569594573976
v -0.29232300121593469 3.043447172581673 -0.099022401185989387
v 0.7617056714951651 0.38595109455163135 0.89196902190235683
v -0.31867598937129982 2.8883646124763485 0.61412872424983977
v -0.305580691886425 2.9800441116304399 0.65589510450267796
v -0.35110662357330324 2.8526082750329969 0.56308567734527593
v -0.37184487496185309 2.9581360533733365 0.56373065357398988
v 0.27983131155395513 3.1707222231597898 0.72595001309967033
v 0.29987173157119751 3.266478578516006 0.71592055098533625
v -0.87105886825561518 0.79517353860473627 -0.25832871147155761
v -0.90783955068969724 0.79645890203857417 -0.051636141891479498
v 0.3251097183437347 3.1698010255098343 0.67036845767307274
v 0.33867519675302504 3.2235862827415467 0.65944055832195281
v -0.50778007302856443 0.94844845661926258 -0.79727578762817386
v -0.68864430917358388 0.960340629272461 -0.65802995538330078
v -0.47311362593337469 3.9524997782649827 0.014262132101808277
v -0.095086609777450565 4.2306641678867338 0.23237377902984618
v -0.09202065774536132 4.1571235227050778 0.2437670797805786
v 0.61608344587326047 2.1626483382682804 0.35146417529869078
v 1.0001253750000001 -0.022706532714843748 -0.73344866992187496
v 0.91726837841796871 -0.023068058502197269 -0.83409785406494141
v -1.1909090549316406 -0.018727945556640625 0.3462800988769531
v -1.1292885739746092 -0.017666032958984376 0.51550048535156257
v 1.1274326588821411 0.056087517448425293 -0.66504900919342047
v 1.0352099711265563 0.045208287578582765 -0.79558325619888304
v 0.98556601379775999 0.06577743789482117 -0.85418528085517886
v 0.75909395947265623 1.8500660134658813 0.10762975369262696
v 0.7153459700012208 1.9730094028320315 0.12900916876220703
v -1.1840561087036132 0.10384385080718994 -0.5256663388671875
v -1.2867552612808228 0.056649139073181143 0.24067248312683107
v -1.2908233037223815 0.078646140802383413 0.19181748085784911
v -1.2337951351089478 0.011174068210601807 0.37691135957336425
v -1.2045913868713378 0.084890102666854858 0.49027468544006347
v 1.0196190179138183 0.1221838184642792 0.77953027312469492
v 0.92888458299255372 0.10815261030578613 0.90327906631469723
v 1.1477534693431855 0.15197474435615538 0.53502531892776495
v 1.2169574125766753 0.15068016974830628 0.36012866396903992
v -0.57013453223419186 0.14664796977806091 -1.1318639100666046
v -0.54185292374610905 0.1904926381187439 -1.1578621848812103
v -0.035203109894990925 4.3636724756479266 0.29411820719313619
v -0.70405075340271006 0.19718409986877442 1.0739046997375488
v 1.0552278518295286 0.26556516999816898 -0.74120127388381962
v 0.32936374214172359 0.22375208877944947 -1.2501686521568298
v 0.18558144822120665 0.28506121138763429 -1.264717013305664
v -0.69061156033897397 0.2410557922821045 1.093703253232956
v -0.58072890838813773 0.23300332285308836 1.1563193652572632
v 1.0210977544174193 0.30892163884735108 -0.74200492525100703
v -1.1298880774173736 0.32611267632865903 -0.52105391679382329
v -1.1795966881179809 0.33042843850326542 -0.38351803646087645
v -1.2261003583106995 0.29509893929672243 0.34694316336822512
v -1.1706923853607178 0.29424626016235356 0.50498077064514169
v 0.88131715919113152 0.33644929914474486 0.86453059382629394
v 1.0660229112701416 0.37174121719360353 0.52471172393798826
v 1.0972641757638115 0.39987700661577497 0.35521022360447474
v -1.0223129997367859 0.37284041299819948 -0.60640666865158088
v 0.25050760479736323 0.45172331646728514 1.0590262366333008
v 0.48966680805969232 0.44940045886230473 0.97416403416442865
v 0.21461866139221192 0.48432406364440922 1.0330394785308836
v 0.41921067866516115 0.55340216149902344 0.90279306831359862
v -0.88176155413818358 0.61948441979980462 0.36751185839843747
v -0.78433184005737311 0.60730847259521481 0.55559660940551758
v -0.011849717651367192 0.48467315686035151 1.0552142593383789
v 0.0031924890594482429 0.52499119970703134 1.0197730306549071
v -0.93553143821716311 0.63889666481018059 0.14306942973327635
v -0.91181171654510496 0.7014142772369385 0.13989167202758787
v -0.86870757980346691 0.67059431267547609 0.33800129129791256
v -0.75174520678710943 0.70698098335266124 0.52846814375305173
v -0.78100800553894056 0.84104839901733397 -0.47145061665344234
v -0.79120046926879883 0.89135246771240229 -0.47680918603515626
v -0.8775626321258545 0.84461345410156241 -0.24342565174102784
v -0.9174838480453491 0.87331782286834714 -0.040745293113708503
v 0.58765657183837883 1.1532863805465701 -0.89420767852020266
v 0.47936308323335652 1.154598099919796 -0.95801421767616279
v -0.20292420324707033 1.0181063212280272 -0.97109352478027344
v -0.10507724157714843 1.1004583612060548 -1.0451801936035157
v -0.35389741788809637 1.0401921019635882 -0.94440467298889164
v -0.34173003278350833 1.0859380831146241 -0.9842881604995728
v -0.44163938557434079 1.0306498482666016 -0.89686299488830556
v -0.59295524272918709 1.1117657703933714 -0.87041910413360601
v -0.86928178201413142 1.182912225309968 0.64009091381180294
v 1.0732340230383872 1.2421457072577478 -0.064888552050113679
v 0.73937897460665036 1.1513656393676484 -0.77303706195013855
v 0.64901387114362719 1.2017951400879863 -0.84993636256656635
v 0.050940477922797198 1.2023695590082406 -1.0640309335360527
v -1.0303543099899293 1.2478685304317474 -0.29849449330139161
v -0.97796819053023198 1.180954741101401 0.46373182899338855
v -0.89942666593735554 1.1841373498171739 0.59389100590307375
v -0.49401931171274188 1.2290468914909363 0.92501804081916805
v -0.43934582916043485 1.1947916884980201 0.97509799291804855
v 0.7808730977916718 1.2659794896316527 0.6968601614646911
v 0.701704765592575 1.374799958185196 0.6828176434421539
v 0.81221244394683834 1.3202470995712283 0.63140684548187243
v 0.79289032181167607 1.3839627672729493 0.60525629242515566
v 1.0504686907691956 1.3231058552513124 0.047566299365997308
v 1.015994487400055 1.3961165099334716 0.068967046348571787
v 1.053228029914856 1.313185332862854 -0.02281680830001831
v 1.0273052840156556 1.3695457516956331 -0.035565672828674316
v 0.97460596684646617 1.4608235293693543 -0.095664999713897705
v 0.1886636969385147 1.2787531330890656 -1.037397811723709
v 0.2887458068695069 1.3627395184555053 -1.0208298800277711
v 0.18695342695236206 1.354996845111847 -1.0480661590213776
v 0.13943547725391389 1.4133026862659452 -1.06729629118824
v 0.07381678005218506 1.4518842612838747 -1.0789843577270508
v 0.04540153157281876 2.8972292925186158 0.99046107882356638
v 0.020122401037693024 3.7453733492741583 1.0507314442613125
v 0.099329275596380232 3.7516200443980692 0.97604118832421294
v 0.10340944422912599 1.5468866405029298 0.90157549636840817
v 0.1044829567937851 1.6562878618459702 0.81399363002681735
v 0.11557607141113282 2.8035351941890716 0.73179012918472286
v 0.10036921884019034 2.9485189147747581 0.91586006737845282
v 0.098425960083007802 3.0451541401634215 0.91533034265899671
v 0.1664012621536255 2.9021950107364649 0.72967521051979056
v 0.15073532865524292 3.0364227282752991 0.78493146194076546
v 0.095545448550701156 3.6662739839301111 1.0051519038805963
v 0.10009721241807938 3.6282799528961185 0.98092403990888599
v 0.10126824932670594 3.7468530975208285 0.9204956138372421
v 0.248867297203064 2.7770900881862639 0.6736639010562897
v 0.20737413457679749 3.0392051377916331 0.75638736520194993
v 0.26538766278457643 3.2141700819511412 0.74776614558219912
v 0.26007097661399842 3.2842954285030364 0.76419608031558994
v 0.27462973258972173 3.1099631418285369 0.72122566645050046
v 0.30526118586349493 3.0447630081214907 0.67347851728057861
v 0.32593800180053711 3.2665797262630463 0.68190307047271725
v 0.56220457820510861 2.2910312505187989 0.38980194618606567
v 0.36413463579177857 3.0257992030334471 0.59278147386741642
v 0.38686806361484533 3.062773077860832 0.56741074729156504
v 0.36474320870685578 3.1531476624145505 0.6148709448032379
v 0.36936652494049071 3.2198857438602446 0.61728938024616231
v 0.75061781901741031 1.871986808570862 0.1936310320520401
v 0.70794881301498414 1.9963200236701968 0.24239058509063721
v 0.56415538496208195 2.2329596843223571 0.39979706970214846
v 0.55974801388168338 2.4130796262016299 0.35917408942985529
v 0.8064298404388428 1.7420119674835206 0.15106864602661133
v 0.71382814645004278 1.9835296319770812 0.17946518317794802
v 0.93903786676025391 1.5250110119171141 -0.011374798492431639
v 0.85792881135559074 1.6443348072052002 -0.027308127426147463
v 0.72116570296096794 1.9523707764091491 0.085153860788345331
v 0.50655845435619351 2.5592288615121843 0.19612534969806672
v 0.46986943343114851 2.6616481122989657 0.20251340211868285
v 0.45762300675296774 3.8629840800085065 0.3035980451698303
v 0.48864208301544182 3.823271979942322 0.29820471995925907
v 0.93749037512207034 1.5241157524566651 -0.058504303237915042
v 0.87049712783813471 1.6164772617187499 -0.12098141384887695
v 0.54265067109107967 2.4550688412151338 0.088727631715774538
v 0.49973472663879398 2.5734209960107801 0.13383527989673616
v 0.79495980953598022 1.7576854766998289 0.025987182079315184
v 0.49490219005475722 3.5570375888474328 0.098316450758934013
v 0.52120403870773313 3.6502901983222964 0.1268358216743469
v 0.51834545808887478 3.6623784522953029 0.076072629443168643
v 0.44585456766319276 3.4801722011337279 -0.074009670742034905
v 0.4389572286558151 3.4090974702014925 -0.073914008656501773
v 0.45955672985610962 3.5223979051475522 -0.036855501548767086
v 0.46114604375743867 3.5759974998636244 -0.080253067981719967
v 0.41495553400802609 3.4858030848789214 -0.18385198490142821
v 0.40589837921714783 3.4367605317935945 -0.20141352385139466
v 0.4242354727334976 3.5624446954565046 -0.17794822661495208
v 0.41044685736465453 3.5302493880777357 -0.20181509166145323
v 0.35794258549308777 3.4387110342655181 -0.30709579695892331
v 0.3611811232073307 3.5067683761854171 -0.30248759836268424
v 0.31458973506355292 3.5501826021938321 -0.40220135041400362
v 0.32187514581680299 3.6012233350944518 -0.38567693585968016
v 0.25329198262214658 1.5058891963977814 -1.0528460964069368
v 0.30785434225082398 1.641770894321442 -1.0305910618019105
v 0.094587146156430241 2.9111864789680242 -1.083379561535716
v 0.17320449371623992 1.5037690061197284 -1.071346121494293
v 0.15198112136077879 1.6204607565155029 -1.0700205955993654
v -0.011543919025421142 2.1571357992038731 -0.87770929688262944
v -0.0055156826992034903 2.2513690810413358 -0.8057280820522309
v 0.31613350686454766 3.4264468053398129 -0.39272008974647521
v 0.29735418348935672 3.3838333348970755 -0.43163560608114515
v 0.2505516408748627 3.165285306828499 -0.6101914724998474
v 0.24766100552272796 3.1608830847826006 -0.66173034134387976
v 0.25306886441612247 3.2125018816995623 -0.63159860186290739
v 0.24614515716906957 3.2131603500134602 -0.68359817424215596
v 0.29206222985458374 3.4714971841282845 -0.44508431626769474
v 0.52593019193179269 3.7496501122844563 0.073826788673945834
v 0.25399249499940874 3.1976695163061617 -0.99228697224688533
v 0.28872090022563934 3.5351994736585617 -0.45558402282524113
v 0.27436577655233652 3.5872570592761717 -0.48313039877373831
v 0.24568304068517685 3.148879554311752 -0.55766305757355694
v 0.14949832313084602 2.8994691847946643 -0.8431061639747619
v 0.1341162623872757 3.0038600997533793 -0.72324059678125385
v 0.11489780640769004 3.0357860430904626 -0.67317289174914352
v 0.91068008132553091 0.15009506604766845 0.88451721273422235
v 1.0167865230693818 0.16148148550605773 0.75649875251007082
v 0.054107092700004578 4.0855086786231993 0.91640425693082816
v 0.095586619344234458 4.0688874930098056 0.8862336409282684
v 0.094539092120587837 4.1142339787122015 0.82216157485544683
v 0.10174613419723511 4.0265342092761998 0.85474477370452884
v 0.10050408455848693 3.9950316636924743 0.78567534273338313
v 0.13862409006476403 4.0713419723863602 -0.062207100738286968
v 0.17775398238098619 4.041458599214911 0.46516214532792571
v 0.25050673450919986 4.0438059999595879 0.51983841431549194
v 0.39845675548171999 3.9292342579288482 0.30995850977706907
v 0.40442259761810301 3.9414470941925051 0.2683464361190796
v 0.39256276079654695 3.9168697432899475 0.3575531584320068
v 0.39953750454044346 3.880651003282547 0.43007749259567263
v 0.13720128461980821 3.7363834566864966 -0.6274147284593582
v 0.15436980801752637 3.4655575671931675 -1.0045605321482249
v 0.013135591210126878 3.6835783674514291 -0.73269445270061495
v 0.0038966718177795411 3.9176173109169006 -0.38374498411560065
v 0.0054906341986656181 3.9482798347191812 -0.34602952292442318
v 0.42362048143672942 3.8420953261461261 0.40760609625720973
v 0.11408947940158844 2.8630974215673208 -0.95645453830099103
v 0.06622336964457376 1.3569684268801554 0.98395764330932078
v 0.046236499702589848 3.3079096804800714 1.0416373147188596
v 0.064561655877590177 1.4149163457808496 1.0287271638522149
v -0.0010891717510223388 1.4071629070358276 1.0509120843067168
v 0.0054246082425117468 1.4429476435155868 1.0873957898716926
v -0.0099405230817794787 4.3651543335671423 -0.061683089488506315
v 0.037028505471229559 4.3655308126976493 -0.0660785081372261
v 0.089639128525325226 2.9182124208382199 0.97162461312907089
v 0.0937879486263275 2.9742907182006832 0.9789585516241075
v 0.096659119033193602 3.0361596681039331 0.97684785775563709
v 0.074921782453179375 3.0655182680993085 1.0072333122913837
v 0.020185053678512574 2.0873384488902094 0.94650291153717048
v 0.095636807755606512 1.4706174150804792 0.97160441671425968
v 0.10118837927246094 1.5538057445220945 1.0158957125549315
v 0.036586814711332322 3.2374383607420922 1.0425565180709362
v -0.47679971355438233 1.2863405104370118 0.89062058613586426
v -0.41412957028198238 1.3715759310150148 0.85631413788604727
v -0.52470289746856691 1.3002835135726929 0.85431983406829826
v -0.50044944091960364 1.3850592724135262 0.80118334265300206
v -0.9728009000301362 1.4337002325782775 0.21185888531303407
v -0.97328847865295409 1.4511723344573975 0.16705903385162357
v -1.0166157120704651 1.2914601829605101 -0.29919751181030274
v -1.004868010772705 1.3552175690078734 -0.24885192591857908
v -0.986861321267128 1.2952895259113313 -0.37700208955287928
v -0.96194988570458539 1.3915580033732822 -0.3346021427424295
v -0.4536717119178772 1.4695067658748626 -0.94448842536163324
v -0.39262353944969175 1.4394805924625396 -0.98316608967590313
v -0.099506386571884153 2.3952859466133116 0.83081462009620677
v -0.096828657402038582 2.3058175292739871 0.76952586876678464
v -0.12954572591223035 2.6726740851915904 0.71432211694567549
v -0.12551968843460082 2.724706403222084 0.71760259153652184
v -0.10753308863472938 3.6761559556667804 0.9073269357905388
v -0.27746126561450957 2.8794192870855335 0.6667316926860809
v -0.22977231451034547 3.0269844812431335 0.73887241284942617
v -0.31301440172576905 2.775697442047119 0.60982550946044922
v -0.28812765714645383 3.007879710796356 0.684868114774704
v -0.35885119863510129 2.7344365648078917 0.54413031754875185
v -0.35816214058685303 2.7889525462112426 0.54420325377655032
v -0.34598413952755924 2.9902306520450113 0.60593935743474958
v -0.67696596019935606 1.9177733166332245 0.31853543097496029
v -0.65049955735015874 1.9776067906074524 0.33862968338584903
v -0.42064583642005926 2.7607866919765471 0.46353599709510807
v -0.38381846483135218 2.8336272482547757 0.51798135541915902
v -0.74481352304077153 1.7776641166992186 0.2877861298522949
v -0.77812395410156243 1.7550766348648073 0.25660128914642338
v -0.70817665232086191 1.8799979639816284 0.29173411820220946
v -0.6775630667533874 2.0053389869346616 0.30163969023132325
v -0.90290495909881585 1.5583167684135435 0.20318374644851683
v -0.84553918591308586 1.6662285888061525 0.13352528789520263
v -0.42545977799844742 3.5792546883530618 0.51337645750045779
v -0.62736377519607545 2.2214132765655519 0.083464048675537111
v -0.59064692048454281 2.3298729107227327 0.16213456900215148
v -0.43407423264258249 3.6810519564327513 0.46656237257385258
v -0.50799898758860995 3.7226175877718246 0.36442530677577423
v -0.50768022904396048 3.7958983079023358 0.28937440910148626
v -0.48226947533082959 3.778661183057785 0.36165080609273909
v -0.44492322385311123 3.8150397482252121 0.39209909706306456
v -0.6791598540344238 2.0652833628845215 -0.028026827056884765
v -0.63383683029937743 2.19827029300499 0.031636564659118654
v -0.48524672613143921 3.1683203400726319 0.19562257491302493
v -0.46849323870658871 3.0559289296340943 0.25617636042022707
v -0.47047665442657466 3.0762889266471865 0.20997753994369506
v -0.50892804093660626 3.6384497172287533 0.052133231372697014
v -0.51048089582908152 3.6751973493357895 0.024272376553297045
v -0.47080563377380369 3.4850649313278201 0.036140218948364257
v -0.47941754031444278 3.5726498783577378 0.0034101505663326794
v -0.49483038438022142 3.6309849686698916 -0.0049473624296188365
v -0.41857964939771375 3.0576293123425073 0.040446209712982177
v -0.4158944580819266 3.0813522895981924 0.0049626887321472168
v 0.092400811529159549 1.4667043326702118 1.0343375423202517
v -0.51846988342857359 1.5622221154155731 -0.86613430004119873
v -0.54096208345222463 1.5953208413124087 -0.82500198732948304
v -0.3645511891083717 3.120082590872765 -0.09121089165353774
v -0.4899581034965515 1.5454747710647583 -0.89962223268127439
v -0.46125969885253909 1.5964798120346071 -0.90915131747055056
v -0.31016709725189207 3.1689888708457947 -0.21412706496620176
v -0.29639759085845951 3.174167283508301 -0.27095322729492188
v -0.13810390683746337 3.2544975944788455 -1.1755508090617659
v -0.043929735429763798 2.013304593468666 -0.96244627534961702
v -0.10054703186798095 2.0271756939773562 -0.94032402873229981
v -0.053492216068267824 2.2257455640258788 -0.81526874942016603
v -0.037303374709725376 3.0132046456549597 -1.1626598922516704
v -0.069794303852081296 2.8346110772647855 -0.32001740789794925
v -0.045954561975479133 2.9059421146774294 -0.27446438280391694
v -0.28784803791236879 3.1804709010429382 -0.36169693890190124
v -0.29055902514266962 3.1962436749992373 -0.41240222687149053
v -0.25369058216571805 3.4443181544847494 -0.57271676236391067
v -0.27239231588983537 3.4931093357019423 -0.49422023365020751
v -0.2578642228182384 3.5584374210577692 -0.53025700028841827
v -0.25620493048477178 3.4973800434398652 -0.55179015622186656
v -0.24260804753112791 3.5189679874172213 -0.61153962778663629
v -0.21469190823173523 3.49414211265564 -0.7380989810314178
v -0.17756090989971163 3.0720238603467944 -0.37423288522434234
v -0.13598865372657776 3.0540443617973327 -0.37611058042716983
v -0.11925264109659194 3.0285306284031868 -0.26016661726617807
v -0.27638972281265256 3.1423881362113955 -0.24305854373168945
v -0.26355520106002261 3.1056175478477481 -0.18729751752090454
v -0.0030617851510047912 3.8859957105517386 -0.43310147702884672
v -0.076969181796073913 4.3410597963318818 0.3229141323308945
v -0.033303074589729309 4.2982057840719223 0.63382558838272096
v -0.098392884522914892 4.2419727794793447 0.16517740192143121
v -0.091817625740051256 4.1760550238876348 0.1253970931777954
v -0.092204883060932163 4.1758143759613038 0.17588164652538302
v -0.11419700336015223 4.0945278896306752 0.33171789641332627
v -0.096866081420660013 4.1336285400085444 0.74023043105840691
v -0.096287869573456891 4.0185831993127552 0.73655752394063123
v -0.1877422238998413 4.0617451647844316 0.010949120149612426
v -0.16536888325297833 4.0713682871893644 0.33218820550310613
v -0.25114951247406003 4.0501291530737866 -0.021700634169101712
v -0.3553359639685495 4.033259675726141 -0.057203537518637521
v -0.41150990082311628 4.0158007551107406 -0.034540682656764986
v -0.38009118087692262 4.022215269174195 0.0010024285072326652
v -0.2578553387855802 3.0697466638183597 -0.14811564104461672
v -0.47177687908084054 3.8975104176404818 -0.013064701359816961
v -0.20093990387916566 3.6091515296916961 -0.6783717513227463
v -0.17903469574356079 3.6552387345714572 -0.67444023574638368
v -0.19469295633697509 3.5832800647449492 -0.71962934671211243
v -0.47422409098577495 3.0651293234479429 0.31200023252820974
v -0.44112487695598601 3.0006259930830006 0.33819269796943663
v -0.44749498148775102 3.0125467762317655 0.28515214954423906
v -0.39734997102594372 2.977775849696159 0.10512509756326674
v -0.40908225339848658 3.0199395325742451 0.069366664499282832
v -0.32582329192352294 3.7307385557041171 0.6871360066194534
v -0.30034142597746849 3.7633763416032791 0.74284853551244745
v -0.36259278298196795 4.0199509239583495 0.056869500817489621
v -0.90199105084228504 0.96365559533691414 -0.30903803186035156
v -0.95941613337707521 0.97546252699279767 -0.051033573410034186
v -0.45698135283708574 3.9632799569692612 0.076155572367668151
v 0.34477751626300807 3.6424581685571669 -0.32016888115692144
v 0.3190265618132353 3.7018570100806953 -0.31472355727243417
v -0.17766049083518981 3.2298115862054821 -1.1474967983369826
v -0.1971990905518532 3.248831859990835 -1.1018783538489343
v 0.3625574463415146 3.6500872588586808 -0.2755486195697785
v -0.48451568305665255 3.8458491516759992 0.032285648271799083
v -0.37368823853302002 4.0232107743415835 0.68921151194000252
v -0.36759995242919918 4.0623275988819127 0.81026055828895571
v -0.08453423715836661 1.4213861119796207 0.99246689031764435
v -0.051028197380781175 4.0997835767581465 0.91068268829345711
v -0.10230007900452616 2.8150770858030318 0.90237084411692625
v -0.10075723772048951 2.7560956937141414 0.92265558575057993
v -0.048046747156620023 1.7029134713864327 1.0388582365860939
v -0.50061170070522176 3.9085036444453851 0.098036517011608398
v 0.10313266323029996 3.1085382020680905 -1.2050990717501044
v -0.19500384814262389 2.8976975680294039 0.71852699196815484
v -0.096049109207153316 1.4911122445526122 0.96207368681335437
v 0.2396478050558567 3.1302892669382096 -1.0535052988153697
v -0.93576902928161609 1.5252919651870729 0.11714743654251097
v -0.8547211709518433 1.652337669872284 0.090608361843109136
v 0.28802060971355437 3.44023353799057 0.75890828273820876
v 0.28208880883312226 3.5365397741689684 0.77835807567214976
v -0.23294180700492859 3.0680508755339382 -0.71742096523761756
v -0.25388100399374958 3.0492665437903401 -0.80620121299791336
v -0.86137025893211361 1.6398579122772217 0.018236394805908201
v -0.095053757592746188 2.9219858094542368 0.95293548266090666
v -0.10048878169441224 4.0286171679964067 0.87342959562587741
v -0.10285221020317079 3.917060030969143 0.7969686430563927
v -0.060428256901741022 2.9913457825994492 -0.26989741373634335
v 0.10728295819091796 2.9160403642673494 0.78091407814979552
v 0.14179156704807283 3.0845852336833479 0.80807791038370136
v -0.52892145833926207 3.8089511776751279 0.12025507201094628
v -0.51966243481186458 3.8640903428627427 0.12409878069700514
v -0.065393038913726803 1.2850539457931518 -1.0512300445137024
v -0.11142289437866212 1.3821779953536986 -1.0643019363555908
v 0.21863865743255614 3.4546104374117848 0.8225789014759064
v 0.23603749553489684 3.5207401348278524 0.81845246509456637
v 0.24611734881019592 3.3535959493875502 0.78822968311405184
v 0.26052584807205204 3.4542709378623964 0.79103714291763305
v -1.0458974617118837 1.3126033100471497 -0.10705893418502807
v -1.0314030366897584 1.3578640157070159 -0.059754436933517452
v 0.32044100733089448 3.4817417257404326 0.72506467811393738
v 0.45950228009319305 2.6344083415079114 0.43514298556137088
v 0.3380530994358063 3.3675696367835997 0.68099962620544441
v 0.34436700628662109 3.3104987858972552 0.66311914595985411
v 0.35878810499095914 3.4276304471063614 0.66389108623456949
v 0.60486017114448554 2.283848316398621 0.33238978962516785
v 0.5739908022699356 2.4008074335331919 0.26796255083703996
v 0.48660386412048334 2.5957657774620055 0.41056974628448484
v 0.47635766487884523 2.6915488007507324 0.38781726783370973
v -0.32583870054244995 1.2938901274795533 0.94087436912536626
v -0.22429917966308591 1.3384512944244387 0.93909174129943851
v 0.67875387249755859 2.1049511891880037 0.23369877175331116
v 0.62953701702499387 2.2518251388721464 0.25355496545791623
v 0.67548140483713148 2.0893402133026124 0.12223102657604216
v 0.66424186659622186 2.1165331011314397 0.06817311933135986
v 0.62470119403648372 2.2413579734382632 0.18091037775802615
v 0.92231005654907228 1.5355815165634155 -0.14734530951690672
v 0.84821273848560885 1.648707736266545 -0.1370242236415318
v 0.44653024129199975 2.7289603424878122 0.15509127744150161
v 0.74438525247192378 1.8627388200378419 -0.27903148889160156
v 0.70277178674316398 1.9650931709594726 -0.2463154844970703
v 0.5235762547559738 3.8334769605190759 0.16245269141817092
v 0.79471137041511541 1.697291780234909 -0.36533923839836119
v 0.74313727476310731 1.740187943807602 -0.41086004748535154
v 0.75631710243186956 1.8195651622337341 -0.30970827199668888
v 0.64832063047790522 1.9485896702499388 -0.36418572507858271
v 0.47048622101306919 3.6328577983093258 -0.073050617357015624
v 0.40268584857147077 3.6194574492760045 -0.21700886373077122
v 0.39415356246757505 3.5746391194095608 -0.24104806262779238
v 0.35033202716922762 3.5807872049283982 -0.32751788073349003
v 0.33538956446456913 3.5449426320114137 -0.35891362780053282
v 0.064205418289184579 1.5070254925384519 -1.0833432821960451
v 0.10555590103912352 1.609094456123352 -1.0764697355415347
v 0.081412362674883443 2.9407096811012883 -1.1280182291185514
v 0.045376299865365032 3.2106015686277152 -1.2163018372775962
v -0.027619531883239744 1.5507038578367234 -1.084232928437233
v -0.030579807178497315 1.6152026370582582 -1.0800089040927885
v 0.24614260684967043 3.2544213040542607 -0.65640683748245243
v 0.25000590637004377 3.0215654823951721 -0.83504751357889173
v 0.25061922875289916 3.3332420585983273 -0.61405299177265171
v 0.24118294312405586 3.3713747851600648 -0.65106109195947659
v 0.26285734307854519 3.6435809264948027 -0.48817299002977782
v 0.23708946425247193 3.0138508952922822 -0.78899101317596432
v 0.19820393511109352 4.0455629789573671 0.63792260373833176
v 0.057397925590753553 3.0329062601847649 -0.55049719475150116
v 0.022432849484920501 3.0259443625335694 -0.599662628839016
v -0.0004219562072753924 3.0147407296104434 -0.52862492856788634
v 0.15953110077095034 4.0600869365730281 -0.15669299692916872
v 0.1888755729265213 4.0310033730828767 -0.21177373826932908
v 0.1862353717610836 3.9955607764878271 -0.26109122159695625
v 0.067844286027669912 4.3550716426174638 0.20032747971296311
v 0.033564479328393938 4.3568044577589031 0.3122700391321182
v -0.011922336139678955 4.3100940846233371 0.58195130141401297
v 0.051889607402563098 4.3076767303380965 0.57375531575441352
v 0.0023981396608352655 4.1457857437568908 0.86073190783524511
v 0.1608315136089325 4.0662031206812861 -0.10938190193462372
v -0.09639680588150025 2.8575471380634307 0.94665842862606053
v -0.10022193352890016 2.8648606161918639 0.84406197217178347
v 0.68871579736328126 -0.022706453613281254 -1.0312328627929688
v 0.57643160067749033 -0.023068501037597659 -1.0974742033081053
v -1.0008947724609376 -0.018727865234374998 0.73275954125976561
v -0.88511378662109375 -0.017666032470703124 0.8706994848632813
v 1.2531567903461456 0.082369458805084228 -0.35509533986282349
v 1.1841364139633177 0.098725159152984632 -0.52341234546661375
v 0.83173909581756589 0.056087514869689943 -1.0104985057754516
v 0.86725612330627433 0.073305546348571782 -0.97523623892021183
v 0.70043314884567265 0.045208886291503908 -1.1016202576560974
v 0.63374022781562811 0.065778011837005629 -1.1397097480926512
v -1.2966401937770842 0.09223405650568009 -0.097384994436740882
v -1.1270803298080445 0.056649191547393798 0.66630161984252922
v -1.1476124437026978 0.078646396844863881 0.62178437863540648
v -1.0307181034240724 0.01117408380508423 0.77621138983154303
v -0.96450333161163326 0.084890102724075309 0.87275004605484008
v 1.2362753317604067 0.12738719482040406 -0.329664827835083
v 1.1574098440036773 0.14902870068168642 -0.51344856750106815
v -0.92301241996479033 0.15444038660717008 -0.86843274849224095
v -1.2665059600715636 0.15024523680496216 -0.072599047504425057
v -1.2692976686840058 0.15123806323814393 0.040468573083877565
v 1.270135895975113 0.1688188001384735 -0.039744235683441154
v -0.15059701309204102 0.20269370783233645 -1.2768124229507447
v -0.31282199193573001 0.19745323771667478 1.2458137732315064
v -0.1653960829753876 0.22655997105598447 1.2825603476009366
v 0.66200364027976988 0.17324046348571775 1.0854639879951475
v 0.20373333347511291 3.7540284249353411 -0.53209367676067343
v 0.22675384534454343 3.7539942396965027 -0.49291630142211917
v 0.69791396365737923 0.29744913141059875 -1.0608499574661254
v -0.30470802950477599 0.2415432080421448 -1.255953305973053
v -1.0236119815998075 0.29246915692710879 0.76257843687057503
v -0.31599133958816528 0.24280768928909302 1.2555098046226503
v 0.79710343210220347 0.30378354722976686 -0.98458882902908318
v 0.56678716854095468 0.31021156259536742 -1.1258235126743315
v -1.224723893421173 0.34333348778152462 -0.039056091831207271
v -1.2470268426023483 0.32144416593341829 0.089699136856842041
v -0.94272872164535526 0.28826998367309575 0.86384451290512088
v 1.2035671802062988 0.35888974395751955 -0.066139179931640618
v 1.1554781886087144 0.39737393983432229 0.037480298896244602
v 1.0777984122619628 0.45530958947753908 -0.10833848847961425
v 1.0340415945053101 0.45840119709014898 -0.30877924437713622
v -1.1537736592407226 0.35882568145751953 -0.34810452792358393
v -1.0678402764246804 0.40267404990441458 -0.42279872549356728
v -1.1809117112426759 0.37161873320007321 -0.12710519931030273
v -1.1746531678905487 0.38273981268310547 0.050062851438522342
v 1.0008388767852783 0.44940055439758297 0.43167061279296876
v 0.87218000128173823 0.45172331774902341 0.65040903393554683
v 0.82798042942810057 0.48432398266601567 0.65357605603027347
v 0.90098496445465093 0.5534012116775513 0.42229192910766605
v 0.66874893804931645 0.48467315686035151 0.81613448687744139
v 0.65749101387023923 0.52499119970703134 0.77931635998535165
v 1.0503303999938964 0.48806809185791022 -0.020780799224853517
v 0.94893507188415527 0.56396834287261954 -0.27279243350219728
v -0.43987925402832034 0.61948345251464842 0.84845332653808603
v -0.25279094165802007 0.60316375718688975 0.9303271373519898
v -0.086657629508256895 4.0739812248401641 0.90237805586266517
v -0.625138138092041 0.6388884319610596 0.71111364410400379
v -0.60900463412475592 0.70140080512237546 0.69342832930755605
v -0.44871284776306153 0.67058911784362785 0.81748003691864013
v -0.2155890532989502 0.72361476533508307 0.8895327327270508
v -0.053723179311752314 1.4843756387243272 -1.0827202572402954
v -0.10580328667831421 1.4795535641784667 -1.0788956189460754
v -0.90385800064849864 0.86030338352203373 0.14837623418426513
v -0.9236127121298654 0.92323687751552042 0.14462557687595912
v -0.8432525149841309 0.84948423429870612 0.34789947338867189
v -0.75808091665649413 0.92126892016601558 0.5446711005554199
v 0.27492435666179654 1.1791158448619843 -1.038359754805565
v 0.11551481195606504 1.1675032530052321 -1.0684079261643546
v -0.8158327749786376 1.0535075674896239 -0.60812082658386224
v -0.73880602090454106 1.0990593993225097 -0.7439452618713378
v -0.88786684465408316 1.0800817130699158 -0.53009756573486322
v -0.90361584600996969 1.1499068745632171 -0.57500967848682416
v -0.91001695601817545 1.0273668434017726 -0.40156622689546861
v -1.0134756986694338 1.1074610830775669 -0.26430069628470287
v -0.57553212422943112 1.1468205497398376 0.90178065103149407
v -0.49907506638336185 1.1891801369132995 0.95105695475292196
v 1.0447830118408201 1.2526449536266326 -0.23031852015686036
v 1.0338657913017271 1.2431529948797224 -0.2838972825536728
v 0.42999790386724479 1.1768637014312744 -0.9828017154674531
v -0.062523662413477898 1.2281700344084503 -1.055498162337303
v -0.12089719582939147 1.2728546076507568 -1.0474622738780976
v -1.0663286223602295 1.2561052007827758 -0.10332917766952515
v -1.0733268594064713 1.246293860338211 -0.058258470309257501
v -0.75744860169672967 1.1759962696638107 0.76738336733007428
v -0.82070972629785532 1.2073280113338234 0.69096437987542147
v -0.63151283731174468 1.1883177146463395 0.86599187956213952
v -0.3137836231781006 1.2295784240692138 0.99407539443054205
v -0.22336982702541353 1.2075001873888969 1.0335034829320908
v 0.98843451119232184 1.2392651058645248 0.41981477892971042
v 0.41590254855346681 1.4384122202072143 0.80856110797882075
v 0.46090116251918251 1.4575238681706018 0.7708249352504184
v 0.89040463651046742 1.2814461760921478 0.55924850448226926
v 0.83297528567504886 1.3697040698852541 0.57213823083496096
v 0.91720776960830697 1.2951312628364564 0.50903627922821049
v 0.89907930815124515 1.3903358155364991 0.46448306513977056
v 1.0576481943195342 1.2714457403816224 -0.12163392047157288
v 1.0456450647529603 1.2872638975784301 -0.16629237387008666
v 1.0236858768987656 1.3514510125494004 -0.14678897552871706
v 0.96399842001762392 1.4382597642864228 -0.24091917556877135
v 0.94352693854631708 1.44573714415196 -0.30364728670501706
v 0.068247107685089112 1.3262842443656921 -1.0563473054351806
v 0.11119931642150879 1.3738577391204836 -1.0626728384704589
v 0.016068276252746587 1.3201545770797729 -1.0559475051651002
v 0.0129869271774292 1.3618072417182923 -1.0638619359512331
v 0.32216701654243468 3.433458322494507 0.7147488088684083
v 0.26231820578002929 1.5746011069335937 0.77051689731597883
v 0.18942249180603027 1.6627963404388426 0.74074397779846202
v 0.31547498005676272 1.5463986487731933 0.77443196942138659
v 0.29589491342926022 1.705050337654114 0.69652951451873779
v -0.79916787071609496 1.7576234786529543 0.1475819012107849
v -0.74877967286300651 1.8756516677627562 0.20967855751800535
v -0.70030076799774177 2.0256733622169492 0.1712454878387451
v -0.80778427672576902 1.7320837901725767 0.030168846290588382
v -0.7642005173645019 1.832737195175171 0.053383697219848633
v -0.71385012110900892 1.9740773663482667 0.072845260154724131
v -0.49933610835266112 2.576562849592209 0.18037662441444396
v -0.47469288716030122 2.6451696239070897 0.18258348558902743
v 1.1620179801177977 0.36171017613220213 -0.30349826298522947
v 1.0432774786638532 0.42088298693411691 -0.42124206485421312
v -0.48551378566741943 3.8493686786231995 0.26986674142456057
v -0.46531082783889771 3.8425397200222013 0.31809397387313842
v -0.54214245486450197 2.4597244484558103 0.1239417448425293
v -0.54202280614471432 2.4552874120330808 0.075687154178619376
v -0.50655497041661401 3.5893717637695586 0.11939221438067299
v -0.5234111684913636 3.6493376622467042 0.14627769809722901
v -0.5322969003334046 3.742593386587143 0.14172142613410948
v -0.52377565560313633 3.7076898011142188 0.064460268337522234
v -0.47837115692009924 3.6093363369426248 -0.050225016027474395
v -0.44749876306266789 3.4877963205238345 -0.070291794248771661
v -0.44171683468437195 3.4366779556846616 -0.073406299476623527
v -0.45460558447265631 3.5824528996987342 -0.10643352674293517
v -0.43502874567317962 3.5840306044907573 -0.15751361479043963
v -0.41739130504035948 3.4855507937221528 -0.17670436859703062
v -0.40651787976074216 3.4332882039785386 -0.197537646651268
v -0.41968527961826324 3.5487580482873917 -0.18437952555561066
v -0.40117110987949378 3.5037049411110877 -0.21876475914669036
v -0.36895297859954834 3.5727278900527955 -0.29101416449737549
v -0.44296663226318367 1.5429733735809328 -0.93998384325027473
v -0.36426077997589112 3.5218502960939406 -0.2976299919815063
v -0.34323590173339846 3.5172939883804322 -0.3413519748382568
v -0.32186686091859007 3.5514115630870546 -0.38786973257364543
v -0.32392528328418735 3.6057271481695174 -0.38181980685710915
v -0.36662053120422367 1.5138610227508544 -1.0007350453033448
v -0.33901336279296873 1.6209398692817687 -1.0164379949378968
v -0.76362436425781244 1.8390083609619141 0.10513826116943359
v -0.71102817602920521 1.9870642312736511 0.12599746794509889
v -0.076881502983093264 1.5425669699554443 -1.082541072364807
v -0.13502126498413086 1.5931718956451415 -1.0748110145874024
v -0.036753990810803008 2.3823759119337629 -0.69460138623496448
v -0.30717794800458631 3.4225839939874243 -0.41144398000594551
v -0.29358877068192618 3.3614277775084633 -0.44150598010649
v -0.24928446506708862 3.1646026282067297 -0.69664729133194692
v 0.51928857935142525 2.5094345359630585 0.39179306536102299
v -0.29659867256927491 3.5034833072047231 -0.43739586218214033
v -0.23327203626632692 3.4184927857761385 -0.68371647694587701
v -0.27785567075014117 3.5619967036724089 -0.47873402555894851
v -0.23462266012001037 3.487857190027237 -0.66276087473106382
v -0.22628170447635651 3.4707559791388514 -0.70496107746219638
v -0.1768712411937714 3.4796985793070796 -0.86302988484287257
v -0.2040055193852186 3.0708131511980294 -0.66483026620280739
v -0.18938490226442473 3.0907665180814945 -0.60198806632052149
v -0.088765552854537966 3.0270025903091433 -0.29631831405830383
v -0.068819824013710021 3.026277668349743 -0.35014531064271925
v -0.15696065761947631 3.0579899249305726 -0.29393573301506037
v -0.19477130742073057 3.0792384408912663 -0.3093727425060272
v -0.19070659034075058 3.064003739833832 -0.2398976247062683
v -0.043288434067726138 3.0053494159436225 -0.30754782205152514
v -0.042809441382408144 3.0170166110606194 -0.38395661103391648
v -0.04808575126099586 4.3726043235611911 0.24392132256460189
v -0.10039968278884887 4.0239846700210569 0.81138410113906856
v 1.0642892342703685 0.45407699577985494 0.21788548647853309
v 1.0123644319458007 0.50760619384765626 0.20616913882446292
v -0.22439883258366586 4.0565979838453536 0.10405875013124943
v -0.28956493468737599 3.4631526425879002 0.76099802378320691
v -0.27005416823863981 3.5126233660535817 0.78910718814468384
v -0.32924497232961653 4.0336740178141586 0.015424205993175509
v -0.32284213513660431 4.0287105375642778 0.10806099949932099
v -0.47815420796251301 3.8787653418178558 0.23850242535877231
v -0.43733796691117965 3.9330404897359097 0.21863044358795031
v -0.19313802990913392 3.546994376647949 -0.75981853273010247
v -0.17376118106842042 3.4596025009136198 -0.9690217839374542
v -0.17581896138191225 3.5413306759686467 -0.80423772663164139
v -0.14828714364624024 3.5332533929672238 -0.86431271148681632
v -0.026287113982915878 3.6219155422003269 -0.82167962157249452
v -0.31073182998484372 3.896724114645064 -0.35213090204089881
v -0.28298751386404042 3.8311263021154405 -0.39476734503602984
v -0.32658114047390219 3.9420581985301375 -0.3164287680109143
v -0.42890984520721437 2.9667244868812559 0.30521912805938722
v -0.43674126245852879 2.9996087129998887 0.39482610229464943
v -0.32721019250053163 3.8522337068029047 -0.34960509400719403
v -0.3501105704712868 3.8806823706336022 -0.29151557625007629
v -0.3891727873773575 3.9559451606354714 -0.25121693193387984
v -0.091194211080789567 2.9386605710606579 -0.24597237528181076
v -0.10645662754058838 2.8672285348873139 -0.2820202500662804
v -0.51250874498748789 3.8557346775064469 0.18948960091495515
v -0.5120289054949283 3.8611918924798965 0.077235204616069808
v 0.58741728382110603 2.3519381188430786 0.22494034361267087
v 0.48968533493709565 3.8886348865470888 0.19363408163261414
v 0.30762901313556945 4.0334903409359804 0.5253809147090911
v 0.24636960689359902 4.0777040659596917 0.61198255561208725
v 0.22593950603103635 4.0765028328552244 0.65935741105651857
v 0.34564949926805499 3.970252558470726 0.45770342751133442
v -0.33130947589874266 3.405023021018982 0.69761372370147701
v -0.32760893553256987 3.4759069772386546 0.71424827046108241
v 0.1336801010427475 3.768016470395088 -0.58783155441856394
v 0.14017612155282497 3.7938075051006077 -0.54664262831652166
v 0.27914689290094374 3.6877867058207991 -0.44395630005717279
v 0.28270425164079671 3.7365307333621982 -0.42475943426370621
v 0.43438646797370906 2.8075887399559019 0.28209986302947998
v 0.42560075617218018 2.8995636432247167 0.31751424210548401
v 0.43035024099302299 2.805875217347622 0.22764210272216795
v 0.35315419746208188 4.0291095145063398 0.58614401433372498
v 0.32365380138015742 3.8099048139762877 -0.29241587796020507
v 0.31077110829591748 3.7650871629433631 -0.3129316600251198
v 0.38891080358076091 3.9177973109292985 -0.2226727280497551
v 0.30031209667369296 2.9022229148576599 -0.055706933224882405
v 0.020801195929050442 2.447611611939907 -0.64877910315847398
v 0.52911561750316616 3.7972673833651545 0.11079764176273346
v 0.332355066425991 3.831503831103706 -0.23937455981001854
v -0.096720895298957818 4.0905063945693971 0.83875127805900573
v -0.52730567902684211 3.8155071285254953 0.17790659834909439
v 0.019806558060646056 1.4918446826775074 1.1165050213272574
v 0.010118180344104766 2.926537375751495 1.0025858258104323
v 0.033616022874832154 3.0764111259689333 1.0158210085430146
v 0.094582991600036623 2.7816382001190183 0.82181973652648921
v 0.099988321542467382 2.7047069537233623 0.8825980343404497
v 0.066743977802276616 2.0629189592356685 0.93230719521713268
v 0.092819206360244738 2.1161451253840444 0.90769859877595893
v 0.063730465006828302 1.6798836130009889 1.0391928182673456
v 0.012319539723157882 1.6677942593212127 1.0472980184231997
v 0.080554304758684969 3.2490490592780796 1.0251708070079257
v -0.13890803573989868 1.3985856164093018 0.92509763809967049
v -0.3792249409988403 1.2965412652725219 0.92173724438781746
v -0.37002275009155272 1.3732233953857422 0.87196369311523436
v -0.98179669434928907 1.4562050200567245 0.061496602890014643
v -1.038161332206726 1.3162297148399351 -0.15478554203033448
v -1.0133385428695678 1.3679875165023805 -0.17472321305465702
v -0.29033405111885069 1.4358217012758254 -1.0330466288967131
v -0.21206339159584045 1.4244243220520019 -1.0559952009735107
v -0.04985036942839622 4.0534004894933702 0.93642149292826649
v -0.099654038547515866 1.5609038018074035 0.89261341568374641
v -0.104820573097229 1.6576827982330324 0.80508865077209468
v -0.83849437786865244 0.77906314706420898 0.35246301634216309
v -0.75254711048507694 0.77878394711303711 0.51110081280899045
v -0.14216533362770081 2.8566502237243654 0.72635668025493627
v -0.16183619008445738 2.9223568164653777 0.73887162486648561
v -0.1567674944267273 3.0608578887510296 0.79017338175487528
v -0.097903790327072152 2.983300771362305 0.94512076927185062
v -0.2218509098262787 2.8107871057758329 0.68950872063255297
v -0.21847986061859132 3.2875994652214051 0.80265259126853938
v -0.24196163595962525 3.1851394809913636 0.76622326586914058
v -0.24172204573822023 3.4607208934097291 0.80843792147827154
v -0.21888935771560669 3.5214410403442384 0.82930097313404083
v -0.30799231154060369 3.2787872569208143 0.7072931527080536
v -0.29776949836444855 3.1637943700199131 0.70433659537410742
v -0.3132900662670135 3.3580936590576171 0.7124740057611465
v -0.33746462421798706 3.2617625980491636 0.66605020705795281
v -0.3251788041639328 3.1760481671447751 0.67107381742572791
v -0.58285503781509407 2.2887806125259402 0.36536389261245727
v -0.52179414195251461 2.4043453306884763 0.41371130677795409
v -0.3441170276451111 3.4450489121580121 0.68749074878501892
v -0.37081813341712955 3.4886479742298127 0.65217116397380837
v -0.70438076959991447 1.9932407453346255 0.26242574689865111
v -0.54643127499580391 2.4233226772232053 0.37861330350685118
v 0.62072351322937014 1.789849786315918 -0.55339522044372558
v 0.56437167518615716 1.8973234332046509 -0.53972956975936892
v -0.36549095265960696 3.0455934761466983 0.59542603068542488
v -0.51301640474700916 2.4925429519195554 0.4046168267250061
v 0.53633433530998231 1.7781807098007203 -0.69573855404853813
v 0.48809509755706793 1.9158650099182131 -0.64022629548645016
v 0.45167732558441159 1.7772438400039674 -0.82330416412353524
v 0.41330911417388916 1.8841940519256593 -0.78374589960479735
v -0.097674694913864143 2.7671958525390625 0.78894306726646435
v -0.10139147048732214 2.702740975906917 0.88175433952658522
v -0.62453579191589359 2.2412713829803463 0.18100503704071041
v -0.58813643304824814 2.3515390190792083 0.23122034475898745
v -0.099689469219207766 4.2418145467739095 0.35530695388603212
v -0.096186134100914006 4.1543579592628479 0.39117161640262604
v 0.45458654580688473 1.5899123992156983 0.69191615391540529
v 0.34443727357101439 1.6782683792533875 0.69416003110885627
v 0.33935656867599484 1.8179192963237762 -0.95657602723693846
v 0.29186210573959348 1.8966714206771851 -0.94834128587722777
v -0.34287521249771113 3.8912404871951507 0.79766172798919677
v -0.11044716594314574 4.0868090910403723 -0.077901253201484694
v -0.058520071420669562 1.453693019853592 1.0913489755363464
v -0.046175030284643169 1.9835206509993075 0.94819801271724702
v 0.16885069412994383 1.7750785568771361 -1.0352968001113891
v 0.14886978265380857 1.8964560543212889 -0.9939531764831544
v -0.29559090897703172 4.0337450740380287 0.20542841695117953
v -0.24343431557559966 4.0531659030549534 0.17312664258837701
v 0.091573675704956059 1.9008768467063903 0.80026180509567268
v 0.096895207754135126 1.9742630887489319 0.86975575846481323
v -0.12858812492380142 3.8077940843067175 0.8236886983366013
v 0.2678620243413925 4.0404758384992601 -0.16144537178449633
v 0.093839912574768064 1.7086951166534423 0.84041289905166638
v 0.09720254869778952 1.6837976096159615 0.94540439775276175
v 0.88388945492935189 1.565920802055359 -0.28423751885223392
v 0.8266294012672426 1.6686963598297118 -0.32516586411132808
v 0.098582028685569756 3.0817986920437814 0.93674732769592606
v -0.45581691372072697 3.6315306746964113 -0.10445950052554266
v 0.11131297991538047 3.9686834975351606 0.71233251899654526
v 0.97835343861389168 0.5783132192764282 -0.046034934181213377
v 0.9147573123474122 0.61543412013244625 -0.27836949424743651
v 0.15772238270619937 4.0278857098213265 0.59641001897719925
v 0.35246652524986266 4.0347024909759526 -0.13243869544901848
v 0.31301459119081498 4.0380377606096953 -0.0064921446062837307
v 0.36656694710826876 4.028821443264416 -0.027502904418298172
v 0.40282835174942017 4.0225356891689303 -0.073762415384292609
v 0.40186497520809172 4.0224526669990546 -0.14110017368450165
v 0.17797811917522974 4.0266761105369158 0.69090795335081645
v 0.44283093399739265 3.9935994641232493 -0.016166612331628798
v 0.22653519272817885 3.6267169748607366 -0.58686894529778622
v 0.16653513335800171 3.6679875257892607 -0.67739829788875583
v 0.22646663372080666 3.6845140937697547 -0.54530111249133517
v 0.20850469303417207 3.6809476141614916 -0.58746801370811474
v 0.098421016577720649 3.533540978266716 -0.92310329646086697
v 0.049033450177431104 3.5296642230832571 -0.95060948617172236
v 0.085524641323838912 3.5067881497451237 -0.97156368808971139
v 0.066146233605384824 3.5818698980603223 -0.87362925885486598
v 0.049344370285987857 3.6176543590774535 -0.82509438345050801
v 5.7691688537597936e-05 3.0063478961009977 -0.34146601595115667
v 0.08072510574483871 3.034254402373552 -0.40435632840394969
v 0.24272621676397321 3.7117039271872043 -0.49146914509344103
v 0.25088668364620215 4.0295133421349529 -0.19834174435710905
v 0.25937987869238854 3.9918107010800838 -0.25638952385830882
v 0.26843050249731543 2.9510401002048257 -0.094526516242861763
v -0.0070225946160554879 3.3415339886727331 1.0575551305348874
v 0.037962790950298309 3.3759141627864837 1.0702329483199118
v -0.2641597108688355 3.8779163930225371 -0.37866104727363581
v 0.27772767119026187 3.6652316050922873 0.76343276020967954
v 0.10005747727715969 3.1508253278353213 0.94310135462927813
v 0.08430667413633211 2.6279540281265801 0.94421118936719217
v 0.047280517233848574 1.9741415538957119 0.95132016779446604
v 0.032662507656335826 1.9260257967116834 0.97207859702372557
v 0.096741078771591188 3.2014289908123019 0.9997702730398178
v -0.1460667246379852 1.2886134211368563 0.98749600967884066
v -0.10170827204063962 1.336040452129909 0.97176213236509057
v -0.22685857497406003 1.2716193923606871 0.98465567655754094
v -0.16497894704399108 1.3423113541484832 0.95024692306537628
v -0.23912272939300536 1.4201535419845581 0.8821405359039306
v -0.32529356482410432 1.3861109045114517 0.87831967954063417
v -1.0623366807403563 1.2917442304534912 0.0026288503265380833
v -1.0175087463779451 1.3859882042741776 0.10036384364891052
v -1.0237598771057128 1.3801345824661255 -0.016954753158569334
v -0.9862920459709168 1.4440304066352843 -0.06633548485183717
v -0.98535553647995 1.4396985983085633 -0.10831598588943482
v -0.23449597159576416 1.3365166515011788 -1.0344598482832907
v -0.31221287617111204 1.3604079660987853 -1.0138430836257935
v -0.1891949327468872 1.281747077419281 -1.0379756170816421
v -0.15758984415435792 1.3815038005828857 -1.059105562675476
v -0.03697486237215996 1.8957129201233385 0.97796672039437293
v -0.082889838887146544 1.835011774212701 0.95939633030353266
v -0.049913433320045469 3.454605263408661 1.0611195455546378
v -0.17533053894996642 1.5536307856636047 0.81521865876960753
v -0.146383668409729 1.6681928167404174 0.75866950059356686
v -0.11084440827178955 2.9356307279233933 0.78146790444850933
v -0.12954963352012633 3.0192122004756925 0.78965619050407421
v -0.11101106255340576 3.0642425583267214 0.8264806223526
v -0.41605278874969481 0.77907182928466789 0.80909701366424558
v -0.2046389792022705 0.76652522468566897 0.88686707257080077
v -0.2699336611614227 3.2382467006874087 0.74683553712654116
v -0.27932621702957156 3.105038111885071 0.71527667136383055
v -0.50093885816097261 2.5617592891631125 0.40026681676912307
v -0.4532107110261917 2.6840670623335834 0.43176507049560553
v -0.35406108248901369 3.1245160960559843 0.62531085071182257
v -0.34790678483200072 3.2254890329952239 0.6474289849510193
v 0.30882998589801791 3.6845302915277482 0.70688358186054234
v -0.62952219158172606 2.2494514758529665 0.28730211065673827
v -0.5730860556221008 2.4070556441249846 0.31667521003913879
v -0.48272249081039431 2.6679610495452879 0.38555848277664184
v -0.68023215749740595 2.0918069181365966 0.26538482369041438
v -0.68146471658134455 2.0934557560863496 0.21046267213249206
v -0.57442035210800169 2.3955590595207212 0.2559842831954956
v -0.94900432944107049 1.5084591245517731 0.0082107650108337385
v -0.86150384422302251 1.6369469255142213 -0.027691629661560056
v -0.66712452318573001 2.1101948989486696 0.084927958999633804
v 0.43335411227989196 4.0032329023494722 -0.098311357803344726
v -0.91415053834533688 1.5579734078445435 -0.050178491867065425
v -0.85333994689723425 1.6390065078266689 -0.14258938037872312
v 0.4007204188097 4.0151245509857176 0.0024687916841506954
v -0.45492458826971055 2.706299323068142 0.1829444953484535
v -0.76578180655975348 1.8269053091934206 -0.26210169335784916
v -0.71673530846595768 1.9379337952804565 -0.24642131544876097
v -0.76019037119903565 1.7670263356033327 -0.36019955933074954
v -0.75492286193629665 1.7210398607981545 -0.40950681718662807
v -0.73787715757751471 1.8517893888473511 -0.31368584256744381
v -0.64773143361282348 1.9333518282356263 -0.37856569602584839
v -0.49556248121772495 3.7186675521736827 0.0073843308988979879
v -0.40796403757190702 3.5985984266593118 -0.21452553674561636
v -0.38202366739177696 3.6141166022148132 -0.25900046933269499
v -0.87972329975891128 0.96600662785339353 0.37306131335449222
v -0.79227602620697035 0.97141997393035884 0.54032029707336426
v -0.34688198918771751 3.5724716176867486 -0.33662622949218746
v -0.34210023969268805 3.6203388450198171 -0.33816851123476033
v -0.28600950668334968 1.5450611683425906 -1.043657377342224
v -0.28100835968399052 1.6192580848274232 -1.0436977036476134
v -0.21400946373558044 1.5412910889663693 -1.0642611174068453
v -0.18660350436706544 1.6220356742759705 -1.06485395279541
v -0.046679050695848462 3.1446035947216511 -1.2243863976453064
v -0.06673467971062659 3.1952441299216749 -1.2151379725437164
v -0.2161766790676117 3.3516958477144243 -0.7981459859218597
v -0.22342901243019106 3.2990379856934551 -0.8152183269166946
v -0.28370872432518002 3.6302984806737899 -0.45576158038616182
v -0.20521908543648038 3.4048420491349014 -0.84376892594180786
v -0.20147588782630649 3.4298454735923496 -0.92766862237276349
v -0.20952451778030395 2.9812548728160859 -0.77504737289047232
v -0.14952799229955671 2.9984059708743094 -0.73053816333007815
v -0.1901764437379837 3.0291223709392545 -0.7092415499620438
v -0.15988611924695967 3.0340685882568357 -0.22575991942691803
v -0.40149910597610478 3.9257842533454896 0.30937297472763059
v -0.4225768680286407 3.9231480728473662 0.26832304516506195
v -0.21350905716037749 3.9972933969507221 -0.25498372793006896
v -0.21022138235497473 4.0295422505779266 -0.20823260383081438
v -0.097511568347930913 4.2902068242683411 0.41032730491924285
v -0.11131798807377816 4.0890661094083551 0.027409238179469109
v -0.097449030550956717 4.2330160073556904 0.30490301290798189
v -0.094659509261131286 4.1475380786609648 0.29221885656452184
v -0.15450414854264261 4.0547715174138546 0.43472752844190599
v -0.12726284830260276 4.0542958278827665 0.4805757835640907
v -0.31850553503036499 4.0266878569469462 0.15608737359428407
v -0.39890041327762604 3.908130401442528 0.3572118921432495
v -0.37394174235725397 3.9468844450492861 0.34252231969451902
v 0.10314396591949464 3.237799395805359 0.90512875070190435
v 0.10007097580569131 3.2550352223794121 0.96114892559569221
v -0.41214769346909519 3.9959802338005543 0.070134570754623413
v -0.39662352735614775 3.8911790160484312 0.40988698113632199
v -0.16296511114440645 3.4724009308753692 -0.92394399636425284
v -0.19030666450119021 3.9270020242309567 -0.34900380682945253
v -0.16806384667348861 3.9070789083442685 -0.38089120345926286
v -0.29950465668582915 3.7387185601625439 -0.40892760587692256
v -0.41800995342350006 3.8468525401902198 0.41651608228492737
v -0.41518189529037475 3.8189976654376983 0.45738175935649872
v -0.41846485550117496 2.9120923472499851 0.25389038677978515
v -0.31301153548240662 3.7041692484703064 -0.36776222514200207
v -0.16049287664365769 2.9571569478588104 -0.20376828561067581
v -0.19277193008804322 2.9066211769647596 -0.2094324656829834
v -0.12818943750095368 2.9124459463272094 -0.2409956910572052
v -0.41580727218818664 3.976297036019325 0.1448787284555435
v -0.45823729020404824 3.9476990732164383 0.13737973747348783
v 0.29423785693359372 -0.022706204589843751 -1.2045506127929686
v 0.16607987466430663 -0.023026663574218748 -1.2283901474914551
v -0.69015724780273435 -0.018727746826171874 1.0309443132324219
v -0.5341823247070312 -0.017663102294921872 1.120967265625
v 1.0558906035175322 0.08236949437904359 -0.76223616468620303
v 0.93346531087875373 0.098725065040588394 -0.89679627740478518
v 0.43572787214660641 0.056087551689147953 -1.2339851405563351
v 0.28117472503662105 0.045208317226409916 -1.2747011639671326
v -1.2519908693561554 0.092233348063468931 0.35201359316301351
v -0.83146198907165525 0.056649366603088377 1.0116520417335511
v -0.86598181863021861 0.078646419260025024 0.97684150582504281
v -0.70332044253540038 0.011174428676605223 1.0819764015846254
v 1.0487254736404421 0.12738728216934206 -0.73256585171508792
v -1.1647479835910799 0.14664796720886231 -0.50040647250556958
v -1.1791505643005371 0.15123796877479551 0.47220208001518249
v 0.50819912526512145 2.5765037907962798 0.2869525017261505
v 0.46933200959396359 2.6707232869529722 0.2657115566139221
v 1.2043942055473327 0.17324137086105348 0.4061618677120209
v 0.12498842108535767 0.20228259130477905 1.2811216066970825
v 0.30107328298568725 0.21511029040718077 1.2552778034801482
v 0.3314639770774841 0.26556302344894411 -1.2459018442459104
v -0.58814855393219001 0.21363404132080077 -1.1469311607856749
v -0.7276128655261993 0.23207545098495483 -1.069606680957794
v 0.13101180057334899 0.2459688623352051 1.2879673802165985
v 0.98408350150299073 0.34892109544372557 -0.71866004356384261
v 0.93312416939544685 0.33182975928497316 -0.81505586369323724
v 0.30479574648284913 0.30890979027175902 -1.2245643846282959
v -1.1887198092384339 0.33644257787322995 0.33202470271301271
v -1.1687744947471619 0.31360447370052336 0.46540290334224704
v -0.71668797716522215 0.29509895063400271 1.054072315109253
v -0.57265864279174805 0.29424626945495602 1.1395204436035156
v 1.0478795766212465 0.36448666594848633 -0.58342351171264639
v 1.0069306021139965 0.39254138478306361 -0.58260135665675583
v 0.74620060942077648 0.46935762298583983 -0.76307285959625237
v 0.57594075421142588 0.45670160336303711 -0.91322758843994145
v -1.1545708043561662 0.38366176239940097 0.22061492859704154
v 0.87161182092285161 0.6031632498779298 0.41110189993286134
v 0.758494639038086 0.61948340509033206 0.58113087286376952
v 0.93014809576416013 0.4631618673706055 -0.54143885813903814
v 0.88794938813781743 0.53466296522521972 -0.48163076649475101
v 0.78083926873779297 0.50293567135620121 -0.68203860476684575
v 0.56924832369995126 0.5378087120056152 -0.82762744165039059
v 0.93485156823730464 0.62406280859374996 0.1887646545410156
v 0.9019740275573731 0.73317980981445308 0.15395506051635743
v 0.18127984264373778 0.67058964292144774 0.91482976889801038
v 0.40617759529113767 0.72361482659912113 0.82017594639587421
v 0.94945807296752927 0.62933836953735334 -0.027161690948486326
v 0.88131040795898441 0.73403842672729491 -0.23762297270202637
v -0.022370398742675782 0.63888738012695301 0.94672498928833015
v -0.021450045333862303 0.70139956671905512 0.92279193079376221
v -0.58179366587829584 0.85743284146118159 0.70758994108581552
v -0.59439951899719246 0.92236648573303226 0.72213087986755375
v -0.42266783778381345 0.84948508300781245 0.80875601675415043
v -0.2282425005187988 0.94160105951309214 0.91526654811859132
v -0.11155520910378863 1.1486946187443052 -1.0647956148394857
v -0.22282446401214601 1.1565953590126039 -1.0497848064613342
v -1.0027711764526366 1.0395706363067627 0.020171515533447266
v -1.0353993300323485 1.0941745681304931 -0.094429644180297853
v -0.99273361089215972 1.0458783664637974 0.17659294011579241
v -1.0454905162277224 1.1199743521499634 0.14910277559661866
v -0.94624739017377579 1.0137917893001009 0.27893299330793109
v -0.95213347438049323 1.0801604622497556 0.40092494033813475
v -0.25492500432579857 1.1723981301937103 1.0461033736020497
v -0.11173937111592293 1.1986648790864944 1.0582330988516806
v 0.97829069871711727 1.2641402436008455 -0.41415584804534916
v 0.9535651489958763 1.2255914553136826 -0.49015868258666995
v -0.017582939664908818 1.1768274243513515 -1.0747456407805851
v -0.063576345192500522 1.1679908095218114 -1.0727039406215122
v -0.14444967610263826 1.2077329309282303 -1.054580618072033
v -0.22943782948344946 1.2269693150019498 -1.0332159096291811
v -0.31938712062072755 1.2111151026878357 -1.015507246908903
v -1.0753757289352417 1.2417578099308013 0.056364772260665892
v -1.0734960140886307 1.2241493203706741 0.11978566257858277
v -0.34371279501457208 1.2026708711009979 1.0072038448522567
v -0.3194679094340801 1.1550363001432418 1.0237317009148597
v -0.038630242607116699 1.2553653361454011 1.0240785809650419
v 0.54292857885088242 1.4269151397748674 0.74577324427359448
v 0.61511645665359493 1.4497463724803925 0.68620205308532711
v 0.97738115492248534 1.2980894969482422 0.40093480329895015
v 0.94900460450744628 1.3796396119995116 0.38631862803649897
v 1.0157306064109801 1.2848503866271974 0.30874163682556155
v 0.9751894290542602 1.3751284160308836 0.32025086444091799
v 1.0137736592483519 1.2827004588546753 -0.31035914013290405
v 1.0006704161331177 1.3791885370552064 -0.21184193730316159
v 0.98470630957603467 1.2953364145641326 -0.37525733644485471
v 0.97325134294891358 1.3504425283584593 -0.35045287540435788
v 0.89704319401550292 1.4706130994873048 -0.40845549208068849
v 0.86794768036117553 1.4778539666553496 -0.47079847425765992
v 0.022002065580844877 1.8774626617732049 0.97973101929521555
v 0.063080300217342372 2.5246257048800467 0.95377737435207355
v 0.079670995140075695 2.4864827135081295 0.92632227691555014
v 0.06925363490116597 3.4342632950283289 1.0584485704555511
v 0.017569855357646942 3.4485602439889909 1.0652917367448809
v 0.029727829080581664 3.8179798646326066 1.0478036001653672
v -0.011483829867362976 3.8469947792851924 1.0312618448052406
v 0.14471411998062134 1.7855764067352293 0.71074912744827268
v 0.23698728692626952 1.8054268700790406 0.67612154202270502
v 0.14831127969360353 1.9547154321289064 0.68598813082885735
v 0.17661955885314939 2.0702833652954102 0.68149915406799311
v 0.10181232382736206 1.9307936872268678 0.73047886636199955
v 0.11066065358734128 2.0732854794845581 0.71689667813873292
v 0.098391103895664217 2.5413644180073738 0.91088252126693725
v 0.097291584252357483 2.5732802033571516 0.81120776449952814
v 0.12560749365139007 3.1358049669227599 0.8356044832127888
v 0.11158777077198029 3.2174058162527084 0.86656121206919356
v 0.132104826382058 3.3442270865203314 0.85800117522859587
v 0.44732070392684942 1.7211658586692811 0.63353502834396358
v 0.22235845596814158 3.6631945505628587 0.81820201075935373
v 0.21360594396400451 3.7212935314235684 0.80921079859542844
v 0.50174561569486342 1.563080350440434 0.68121645998437064
v 0.53580496070480343 1.6884630521583557 0.58888726328468333
v 0.26588431334877016 3.6217732129769327 0.78999338307952871
v 0.30975788824200629 3.5975325455651284 0.73741984676432604
v 0.4146857822313309 2.8645653140516281 0.47771438969135283
v 0.34397550533580779 3.6364993585772512 0.65575993040752412
v 0.31433163579750062 3.6368413558330532 0.71410610233306882
v 0.51287173576450362 2.5654271789674761 0.37687551012039183
v 0.49080403494834901 2.6391908431682589 0.38133916071128848
v 0.4171770049929619 2.9266245031824112 0.4769262023830414
v 0.53897119793701165 2.5004031043319701 0.28903178769302368
v 0.50780848044967652 2.595549950827599 0.33699909700298314
v 0.48754411051177982 2.6319306912231446 0.29583328693103789
v 0.5482004429168702 2.4524986144676206 0.21664506223678587
v 0.50340272228431704 2.5726133045196535 0.23935198201751709
v 0.48639069721221923 2.6164088463535311 0.23051277364253997
v 0.5165664564910889 3.2168218572387697 0.41142272636413574
v 0.50265559455375675 3.1752736629295351 0.41457359249305725
v 0.52830782114028918 3.2928143023757936 0.40138020639038086
v 0.531662761680603 3.3711108927001954 0.3473003727178573
v 0.51580308900451666 3.337520123405457 0.44812855088996889
v 0.51780718979549412 3.4245619118213657 0.44621865543746947
v 0.84970263563210624 1.6393797624119351 -0.20879870673969814
v 0.75881476058959962 1.8336985163879396 -0.14231604397583009
v 0.72631204920196535 1.9241686389694213 -0.1067364367980957
v 0.79158208450851442 1.7663191006702423 -0.21548185028381348
v 0.76457798733520499 1.8278925881652832 -0.19503480889892577
v 0.72150922476196289 1.9391029001007078 -0.20412241394042968
v 0.60064811191558842 2.2063197687606806 -0.18542805023956302
v 0.57275658073806768 2.3006276832542421 -0.12427344482421876
v 0.87790742493820195 1.5431297790431975 -0.35817586223220826
v 0.79234195640182503 1.6229311066747392 -0.44606281811959403
v 0.66024766162109372 1.8288303364633833 -0.45423418032400942
v 0.63297533784103399 1.9044008229103091 -0.42601616561508182
v 0.58000154055023201 2.2035991757125855 -0.2307745842895508
v 0.52269529939270021 2.3004486006317135 -0.2268099389038086
v 0.69882983864974979 1.7210926238910129 -0.49784347065843854
v 0.69279328651618965 1.6909489568767546 -0.53787309552192686
v 0.56531139374542239 1.939836596595764 -0.49783958900451664
v 0.61158820051574714 1.7122047854156495 -0.64091191995239249
v 0.5947683358078002 1.7839289461975096 -0.59953360461425775
v 0.53164464884948726 1.6859180885086058 -0.77840857032775879
v 0.49107408559608456 1.7288085059604645 -0.8028536680145264
v 0.50786791814422616 1.7759694880218504 -0.7391473005523681
v 0.41200978533935551 1.9164251954956057 -0.75100510796356201
v 0.41628031367111201 1.7017953365669252 -0.92630272723388674
v 0.38769128701019284 1.7182446996231078 -0.95526241649246224
v 0.4008359870033264 1.8314194984207155 -0.86410182232284549
v 0.35375695291137693 1.925123758010864 -0.85651178592681876
v 0.28000394496154785 1.6872168326568604 -1.0341084966506959
v 0.28422113229370116 1.8036294601135257 -0.99768723040771479
v 0.19384590505981444 1.911069741394043 -0.97823157815551753
v 0.65628453594970715 2.030424053695679 -0.27319715869140626
v 0.60691979393005369 2.0622663746490479 -0.32201241063308716
v 0.027430804505527019 3.144977719340563 -1.2274029663380981
v 0.086123100555419912 1.7068947146606446 -1.0625545692291261
v 0.05363892047500611 1.6791295788917542 -1.0700781301956177
v 0.044285511556744581 2.9927025288921594 -0.28941660701858996
v 0.022221055918693541 2.8870053029012679 -0.28638806002473832
v 0.043948224501609803 2.8313446976604464 -0.32368756792068482
v -0.029129026884794237 2.8478293065373896 -0.31143541383600232
v 0.25548867410600185 3.1159483209033012 -0.7327251031603812
v 0.25163204576778408 3.1670064759006502 -0.71133894295120226
v 0.24267409818339347 3.0642654199205639 -0.74440175505793094
v 0.23579103949356078 3.5780862181062698 -0.59667620209264749
v 0.22468917943457195 3.1183710073056901 -0.60849424174172539
v 0.11577102282476426 3.0566813508062358 -0.51711529096508024
v -0.02229319656133652 3.0132733130383489 -0.42352509312248232
v 0.093642868381023411 4.3185161498160358 0.28943616365361213
v 0.095559119266033166 4.2608483105717898 0.55430291667890541
v -0.16152327618408202 1.8004030128173829 -1.0282486084060669
v -0.1597182858276367 1.887587616546631 -0.9957256438293457
v -0.6035384737739562 1.7970562999038695 -0.57348387903594966
v -0.55338449468994133 1.9071825564880371 -0.54771501467895511
v 0.10145926028633118 4.2235974548776154 0.45130748815917965
v 0.097178816215515135 4.153620601356506 0.46244425717163085
v 0.098691739391088482 4.1170047606482498 0.76016280430459982
v 0.44551005812740324 2.8273181641902925 0.38549904271411894
v 0.84057370821380628 0.75171232911682129 0.35174905853271482
v 0.71796557278442386 0.78695990153503415 0.55807268118286135
v -0.039283581543159488 3.6984764302278519 -0.70889185124874121
v -0.2674824054889679 3.1650888794922825 -0.46441401145362848
v -0.25510452287769314 3.13641024417901 -0.39413947122025483
v -0.22949269307661058 3.2818767346687316 -0.85391568670034412
v -0.36937711597442624 1.5484388835449221 0.75541018238449098
v -0.30352751229095465 1.674007993461609 0.70739589685821525
v 0.17289972275400162 4.0056738754084105 0.73004046463918693
v -0.43497404164123532 0.96621135975646988 0.8524661516265869
v -0.26619949160766598 0.97142509158325197 0.92265347174072265
v 0.34905163808658124 4.0066437555992369 -0.23447900765194893
v -0.098086468593597403 1.8961425485610961 0.88152144030761714
v -0.093289294517326343 1.8398415269220352 0.78327375537948618
v 0.48988956894683833 2.4575013790054321 -0.12473520977020267
v 0.49331897395133972 2.4149252931575775 -0.16134309225273133
v 0.17615382940250635 3.8970239581778054 0.77213273127847903
v 0.20832589795786141 3.8265269239652753 0.79144506430274253
v -0.10045937526822089 3.5097526430318013 0.95319108764941352
v 0.041934362783976963 2.6270120747429297 0.96441870078263958
v -0.049975420143638344 2.6513895817093167 0.96312450495631352
v -0.092857092671394345 1.9497835309429168 0.91493716682624815
v -0.091067636978530875 1.7248014253334045 0.83195156297531137
v -0.096749966861724851 1.6498622275466919 0.93296823985290533
v 0.46140934801483152 2.1475677265930178 -0.46488520450592047
v 0.42168444573211672 2.2983544093093871 -0.38311111733245851
v -0.02953018719284875 1.7960904704855509 0.99178690713225093
v 0.38683213816833495 2.1252732171325679 -0.59968250540542611
v 0.36819879383277887 2.2591870323638918 -0.50850616514205926
v 0.27998633209037782 3.8336232524099354 -0.39478376348114008
v 0.27730066147994992 3.8823635985727307 -0.36842794039249416
v -0.43850301852607726 1.2452597599430084 -0.95988360364341729
v -0.49523246465110771 1.2356089432525637 -0.93537696022224437
v -0.496570549498558 2.6124350846967697 0.38166979885292052
v -0.41937665630435944 2.8565812745056154 0.46855474709606171
v -0.53349084934091562 2.5173067480101583 0.30088069016504287
v -0.51996098291873927 2.5607187917575835 0.3357100320587158
v -0.48767963817024229 2.644237150274277 0.32730051592063908
v 0.31322763840866086 2.1564754492149349 -0.67681758253478996
v 0.2853621169281006 2.2682842992858889 -0.61726003269958496
v 0.43324778957009313 2.8889789896271227 0.42038685092520711
v -0.52991100232505806 3.3179894834575649 0.33845203287124631
v -0.53123371431350708 3.3510087527542112 0.39235525865936283
v -0.52408829810924529 3.3052513660360336 0.42217193928222652
v -0.53280201264953619 3.4340008830280304 0.38025836672782898
v -0.5336440336084366 3.497779835359573 0.30172472795391081
v -0.53693628850555419 3.5622158992309569 0.29177636952972419
v -0.9189382191505433 1.529768302801132 -0.18805287427330017
v -0.75380180519104001 1.8479892132720948 -0.12961422490692137
v -0.52198739134025574 3.3847589516220093 0.27296335696601864
v -0.52363009143257133 3.4511632715415956 0.26215745421981818
v -0.79475812616729735 1.7617192187538147 -0.21876824112701415
v -0.80288644799957276 1.7454583930152892 -0.27139318175048832
v -0.75710550061416626 1.8488742411460877 -0.19090847191238403
v -0.72311642023468026 1.9376139471588134 -0.20174571343994141
v -0.63868549660491947 2.1461056132888796 -0.16244324196624754
v -0.57060594466400139 2.2819041896057128 -0.15955182617187499
v -0.69166819940948487 1.8329162218666077 -0.40407529960632327
v -0.62444717642211911 1.9240724335327148 -0.42047136691284182
v -0.58933650635528567 2.2047468072814942 -0.21251548638153075
v -0.50392737255859377 2.3105636267089844 -0.24582994583129883
v -0.22733532366847992 4.055515032912254 -0.08322444048500062
v -0.70312096444238936 1.74003911076246 -0.47200869544110979
v -0.66291617401885983 1.7146569814376831 -0.55983840145111086
v 0.44289735166931155 2.8001638263397219 0.33275747154712676
v 0.42954815728473661 2.9077812405118939 0.36142462432765959
v -0.60896616429519657 1.6995754299736021 -0.65642372180557262
v -0.5720812210540771 1.7320099348144531 -0.6834073113632203
v -0.57514128996276859 1.7892740313034055 -0.62551463098907467
v -0.4874778458709717 1.9226680210723879 -0.63503415351104731
v -0.51366916248130801 1.6921074136352541 -0.7978667616062165
v -0.51772969245910638 1.7767707350349426 -0.72433112953567513
v -0.40721629322814945 1.9089928691101075 -0.76717627989196779
v -0.43016359211730953 1.6862846240005493 -0.91445093580627446
v -0.40309799999618534 1.7149836351242067 -0.937693884311676
v -0.40759801898002623 1.8180070975837708 -0.86224543559837341
v -0.35688024648284911 1.9080257126235964 -0.86606519835662832
v -0.4968513099632263 2.5972155854072572 0.27359619776821137
v -0.46628718898963928 2.6848821636352538 0.28060959423446658
v -0.28844262919616698 1.7472981226577757 -1.0153706212043763
v -0.22307442666625976 1.6678043785171508 -1.0522214146995545
v -0.25906467351531981 1.7974924756774904 -1.0086829146575929
v -0.2127394754180908 1.8751998292388916 -0.9900566841011047
v -0.50879389483451842 2.5547668732872006 0.21938286497879028
v -0.48469484974479676 2.6199478352279661 0.23235954619026186
v -0.27995475376987455 3.2204772718439099 -0.49856534115123752
v 0.24038374707794191 2.1356552058639529 -0.80943158817291261
v 0.19934465774536134 2.276635299282074 -0.71789788570404045
v -0.2309887609961033 3.2992379359415258 -0.72818717974713865
v -0.25237143715143207 3.2203083428380488 -0.8395802779669761
v -0.24125072502613068 3.2731462289838791 -0.90223688391923906
v -0.2181364614481926 3.3773668095498079 -0.90334677406167985
v -0.23344219613075257 3.3230959547438621 -0.91763182326841353
v -0.17110777368330954 3.0833969074475767 -0.51378799826979638
v -0.21337946038695743 3.1097356892211097 -0.49568605808312555
v -0.20548579211997986 3.0946482996892932 -0.43752717603206637
v -0.016633109233856202 3.0224348224754332 -0.57393058278179176
v -0.10972837925243378 4.0764727241888048 0.4458991491746902
v -0.27268216707038878 3.627636300151825 0.78163630591201771
v -0.27873359517326357 3.6959819495532988 0.75547757550468442
v -0.27247209835290909 4.0290565213180543 -0.19166459427404403
v -0.25015762322711943 4.0476833833360661 -0.137471298620224
v -0.28575629042816164 4.0448229876518251 -0.082608813831329342
v 0.041022915311813353 1.2436067574748995 1.031449161075592
v 0.10560547652721405 1.2337761487216949 1.0329625768947601
v -0.20720249899387361 4.0634974542350761 0.28505987713956837
v -0.29676671004581451 4.0291974387030596 0.27180337331485749
v -0.0020567675750851611 3.7420907457258106 -0.64772156519156687
v -0.40073500036253251 3.8729461867489139 0.44993993654472486
v -0.40403547385296817 3.8626914260885714 0.49638118425998684
v -0.28189955454206467 4.0030597239193915 -0.23832375521802904
v -0.38264171272687908 2.9056603475218297 0.11638533353543282
v -0.2372085382211549 3.0047937968573573 -0.13153763663911822
v -0.20913893886375429 2.9436063530530929 -0.17525954120349885
v -0.24244080436229706 2.8954799712376595 -0.17092794710636136
v 0.10018320723342895 4.230256869055748 0.4980484594650269
v 0.09598412378311158 4.1326859246101382 0.51749235696792595
v 0.20069255126142505 4.0607946896882057 0.083019620503425595
v 0.23517828062152862 4.0534578771419518 0.032849883419990539
v 0.25766872298479082 4.0493993294908996 0.089902856506109241
v -0.2995400226511955 3.646508692428112 0.73601967216968534
v 0.21750212158584592 3.5450113291268348 -0.69169353165245062
v 0.17550569865417481 3.5877469013252257 -0.75641848328018191
v 0.20571943718338012 3.597852316818237 -0.67689034584426877
v 0.049917939907550814 3.734408073116779 -0.65536998705196381
v 0.15069898861980438 3.9137206871442793 -0.37292963416290281
v 0.20069871916198728 3.9251054135246277 -0.34923108515548706
v 0.19593549272937774 3.8754559357145313 -0.4182400934215546
v 0.008302827463150024 4.2058793961582186 -0.3550804306850433
v 0.48226965915679931 3.1094713140439989 0.39209736085319524
v 0.45349054109573361 3.0309015165615079 0.34722752668380735
v 0.14433107656478883 2.0882149887809751 -0.88959123483657843
v 0.087888707852772294 2.2465955472000663 -0.7861388906705038
v 0.46291235830092431 3.0611761440424923 0.37870643110704422
v 0.016754229337215425 1.296592252538681 1.0060672250614167
v 0.075391157047271729 2.9186346015815734 -0.25718440574645995
v 0.11404145863533019 2.8833619513206483 -0.26687558787918098
v 0.092056583316394269 3.3477615830242975 1.0201196627355302
v 0.19398423011016847 3.1685716058684759 -1.1467402369341171
v 0.21315564192700384 3.1986490732774735 -1.1081145510919095
v 0.0012669553275108329 2.6430932573332786 0.96309866631937036
v -0.034158811025619504 4.2344959289245612 -0.35877471229934699
v -0.05964457286777497 4.2975040616383549 -0.34075959250221255
v -0.063434673296928396 1.3269080730743408 0.98788547936725624
v -0.26144808854722978 4.0468660465745927 0.2883976219806671
v -0.40550368194580078 1.4546609483261106 0.80157060765075694
v -0.46078707131958008 1.4577795353546144 0.7704702582015992
v -0.65432463101959226 2.0473221615219117 -0.25978484334945684
v -0.62043799185180681 2.0407211683654785 -0.32181994714355466
v -1.0395507492427827 1.2931128234176636 0.19301883920860291
v -1.0063107714614867 1.357466574645996 0.22539903649139403
v -1.0222170239639283 1.3546599843902589 0.15875254172515868
v -0.96593174452972419 1.4489436217224121 -0.2063304615097046
v -0.94719106618772231 1.4556792241456167 -0.27023358096640454
v -0.43614249630165103 1.30762170854187 -0.95405760010528562
v -0.44534668706130981 1.3705827561340331 -0.95075540232086175
v -0.36723414345550531 1.3146284504699706 -0.98537013531494133
v -0.38648880904579164 1.3667975852851868 -0.98061369865798953
v -0.092390615235328682 1.8867699458637239 0.94411773120307929
v -0.055699870176553722 2.5426709842064379 0.96392126843547832
v -0.087844177543163302 3.4870744824151307 1.0259845883680754
v -0.30231246278762819 1.5304891311645508 0.78829615909957895
v -0.21970341761398315 1.7013448834114073 0.71305781709480287
v -0.14709169743652345 1.801932725627136 0.70460160897369373
v -0.23886355828857425 1.8073705134963989 0.67478575125122064
v -0.18174635275268552 1.9291060477676392 0.67402296638488768
v -0.20553787312316896 2.0519900555267334 0.67183078416442865
v -0.10635596640014648 1.9465696950225828 0.71811865742492675
v -0.096719093795776354 2.1131610965576169 0.74737102583312987
v -0.11750369518157414 3.3845348660248344 0.8762661111779213
v -0.18847495320749283 3.4686461388306618 0.84049585688495632
v -0.10050774953842163 3.5537399967346186 0.94922756995391844
v 1.2786992351379394 0.19015917269897459 0.073416612289428723
v -0.23221553753280638 3.4094466828060148 0.80825031035232542
v -0.20959401798224447 3.674368149735451 0.82341166631913187
v -0.30061812262678145 3.597638894268036 0.75049658902597427
v -0.39601184809112555 2.9281921744880677 0.52045754859924309
v -0.32718427600121502 3.651401173266172 0.68198245554661752
v 0.26665604701232909 1.9436387078666688 0.655215150238037
v 0.25993699088287353 2.0591011493339542 0.66115178044891354
v 0.15763543733119967 3.2149396940650941 0.82962125297451028
v 0.10036766771888733 3.3912057407588962 0.97968262548255924
v -0.37820695294230322 3.9749484620859965 0.23893094338485171
v -0.33396703965057645 4.0055005225691112 0.25786453699881695
v 0.36836977444458008 1.8407797445068361 0.63491921768951409
v 0.32781565611267094 1.9560559967956546 0.6396467243804933
v 0.37616083416748047 2.0757720924377443 0.62575009617614752
v -0.66330943939535958 1.8019054683652604 -0.47481581717354915
v -0.57770531848144535 1.9131952571105957 -0.50377894464111328
v 0.19786847334289551 3.3176112368631365 0.81915433478546151
v 0.60120628137588494 1.5794015030975341 0.60502413575363156
v 0.58449232281494146 1.6703853810729981 0.55819548956298837
v 0.65439787897491453 1.5758300314407347 0.56370637664031986
v 0.65307485276794441 1.6548521905097959 0.49932721593475343
v 0.18102797443085908 3.9727963710771501 0.76202338004878156
v 0.23605581261157987 4.0414869431619644 0.83212998620891576
v 0.30947041806983949 4.0524253345191958 0.89734635777130123
v 0.25844585455172403 4.0989771513621474 0.85755345216356016
v 0.3749256524643898 3.108276937865734 0.5936501785812377
v 0.40532251212310794 3.1214999036674502 0.5436169877357484
v 0.45969188915252684 2.7389200246238707 0.3358090619134903
v 0.4515007230682373 2.7249437302989961 0.23959217977142333
v 0.52264860357666021 3.227384730697632 0.3289420721435547
v 0.52745394650268551 3.3335063928089141 0.31476425683021547
v 0.62049694299316416 2.2252932425079344 -0.020616535522460934
v 0.49438787212753293 3.1097323373718266 0.33031999343585972
v 0.51098716300964364 3.203077630695343 0.28210413560867309
v 0.6818617573852539 2.051643873840332 -0.10784069497680664
v 0.67989141401672359 2.0517060993652345 -0.16228496574401854
v 0.61995646067047117 2.2123723700752258 -0.082071079723358156
v 0.4916142410888672 2.5191921668968198 -0.051260973140716544
v 0.45135501136779788 2.637677380050659 -0.0034603211135864264
v 0.83820829836273192 1.5227304252777101 -0.48065907469940183
v 0.52593552012252809 2.1427049366378781 -0.36678537617492674
v 0.48729876025009156 2.2688084086570734 -0.3084184846801758
v 0.45433369746398927 2.5546753594284057 -0.086236979187011717
v 0.39828525001811982 2.6325425206451416 -0.10052930526065826
v 0.55344554629516596 2.0259574375762939 -0.43446084184265132
v 0.4498278897857666 2.2977105353240965 -0.33828812187194823
v 0.48972751406860354 2.030456336517334 -0.53109053707885734
v 0.466513194732666 2.0262365767211916 -0.57099592196655269
v 0.43147729333496088 2.1734376130371094 -0.48895075926208498
v 0.4095511408386231 2.0321584889221191 -0.64913889984130857
v 0.38519850208282475 2.0286377388534547 -0.68559694540786742
v 0.32767597016143796 2.2489253760681152 -0.57499991416168217
v 0.34314862026977538 1.9894753396072389 -0.80093087469482416
v 0.30555237094116211 2.0199781912231445 -0.83853457263183584
v 0.32081316300964358 2.096723555892944 -0.72242789257049567
v 0.25113844567012789 2.2660255159482956 -0.66898023684597008
v 0.25132328346252442 2.0175570083160403 -0.89731307891845713
v 0.19474366888809203 1.9897889965972901 -0.93762093692398074
v 0.1807836318664551 2.1543899190711975 -0.82966646220397955
v 0.15273779000854493 2.2316989326095582 -0.77776412600708
v 0.11262391175842286 1.8787299754085538 -1.007134953704834
v 0.044557099136352543 1.8313463981018065 -1.0328892752227783
v 0.1034447928237915 1.9994319067611694 -0.95469459804534917
v 0.04298456011772156 1.9954609257736204 -0.97166477041816712
v 0.024216780051708225 2.9318721281855105 -0.27000019233512873
v 0.25760312465782165 3.4548852649528503 -0.54995977358283998
v 0.24816160362911227 3.4725191360063552 -0.59492041421318054
v -0.47144768120193481 1.9069337215690614 -0.67383344884490959
v 0.25646544514216696 3.5503376196428023 -0.53859423166257991
v 0.24618096303558351 3.5295113461723329 -0.58818359233474726
v 0.16658695283126831 3.0690867072334287 -0.40613207720184324
v 0.21112270203208922 3.0909109599304201 -0.32370697607517246
v 0.15909219081170217 3.053661471031325 -0.25905060615907399
v 0.15683089989280702 3.0641657221860887 -0.33390809376239777
v 0.15423641487503051 3.9591289548330306 -0.31056270997714996
v 0.096784250663757329 4.2886968445358278 0.24561154187583922
v 0.09618475482511521 4.2444857252094739 0.61320539552021025
v 0.049822112501382826 4.1623191944169999 0.82396257705307008
v 0.098548205755233764 4.2286082054204943 0.13220428889656066
v 0.09715249239253998 4.1408083170642858 0.12851228642749787
v 0.096430468423080451 4.1353262621311186 0.18061812106075287
v 0.098443271490097059 4.2849100385437016 0.19122941734981536
v 0.093662186669349667 4.1536299631910323 0.24187137514305113
v -0.13373602612304686 -0.0294207109375 -1.2045231926269535
v -0.29245760342407223 -0.017612651062011719 -1.204467804962158
v -0.27834375729370109 -0.018070279785156251 1.2083720781249998
v -0.092491051037597638 -0.017418274346923827 1.2409640442871095
v -0.093008828251838691 1.8910379992761612 0.81383520876216886
v -0.096000177673339848 1.9447323468627933 0.84618900766754157
v 0.73127192251968387 0.082369570978164677 -1.0773567921543119
v 0.57020734504318238 0.098725162197113039 -1.1619313495407104
v -0.009531631439971924 0.048186371218109134 -1.3081711194763184
v -0.17189315961837767 0.049492447677612308 -1.2941616200752257
v -1.0563321043224336 0.092233420622825635 0.75903817619276048
v -0.43555546131744383 0.056649735106658938 1.2350704986358643
v -0.47989944670867918 0.078646339490890504 1.2141653654422759
v -0.33160783908386227 0.030257017953491207 1.2630172890594482
v -0.18103071080398558 0.067341467453002929 1.2935550245170593
v -0.45151199827575683 1.7770262696533203 -0.82299235884857169
v 0.73468571656417847 0.12738751362609863 -1.0470239142990112
v -0.94677791896629326 0.15123792543601988 0.84706613718605039
v 1.1718823775939939 0.19745437178039552 0.5250035617141724
v -0.93653516851425178 0.20269362313842776 -0.88111700355148326
v 0.56070691622161872 0.19745467480468748 1.1556024911270142
v 0.69726158698844909 0.22655999419593809 1.0889898153533935
v 1.2719155078277589 0.22407782731628417 0.23833388855743409
v -0.11138467692184448 0.26259438941955571 -1.2842038130874633
v -0.27706121784973148 0.28264962418746947 -1.2501441168098451
v -1.0411835900907516 0.24154306461906433 -0.7660772765560151
v -0.27901485295104977 0.30429445781517034 1.2364449598217013
v -0.13743801699066166 0.26886152119827272 1.2806979868698121
v 0.46942269494819644 0.22335738420486451 1.2053801793060304
v 0.56461043498611452 0.24175204848480225 1.1652548542747496
v 0.56474714279174809 0.34731776341247556 -1.0811255484771729
v -0.96374883597564698 0.3433375144309998 0.75749463140487672
v -0.89807157358608247 0.32144419409160613 0.87046230441455841
v 0.8789750739440918 0.35885636849975588 -0.82409649655151362
v 0.90870218761008137 0.39732730795805798 -0.71378816910607468
v 0.69430513757324219 0.36170060279846189 -0.97905573541259761
v 0.54479487997436526 0.41085396618652348 -0.99773890908813478
v 0.094594048004150388 0.44905084277343749 -1.0847969426269533
v -0.13502136801147463 0.46582367077636722 -1.0612614289855957
v -1.1244410192489624 0.34287850712203982 0.4877072397041321
v -1.1033135146963937 0.39978631552777977 0.33636386139134
v -0.97274368875122064 0.37886634478759773 0.66647959219360353
v -0.86810697575759876 0.38275622835540768 0.79357709926223752
v 0.36306083790588384 0.46314248512268064 -1.0116204274139404
v 0.36997389999389652 0.53328745690917967 -0.93921260986328137
v 0.15858022947692871 0.5028204466094971 -1.0234874241333007
v -0.10485666925048828 0.56647571234130856 -0.97825715179443351
v 0.40390190312194818 0.60316376053619392 0.87533916027069092
v 0.20795667474365231 0.61948344738769534 0.93287784973144527
v 0.72645761859130853 0.67058964292144774 0.58445234854888917
v 0.82926926058959971 0.72568949859619147 0.38564192358398436
v 0.59095453396606445 0.63888738012695312 0.73978913055419926
v 0.57627574378967283 0.70139956671905512 0.72086350590515136
v 0.90846389029312147 0.79888680086135866 -0.031013304725646968
v 0.87645030815124514 0.79736244486999519 -0.24169028326416014
v 0.89530741069030773 0.82964628914642335 0.17029625339508059
v 0.91120526895141607 0.89054999594116224 0.15202094812011718
v 0.19562389137268066 0.84948557518005363 0.89140250872802729
v 0.41302654590606691 0.94159144111251836 0.8480190239067078
v 0.91445793862915037 0.86570533856201171 -0.037469998565673818
v 0.88454984655761715 0.90568660746765128 -0.27814752116394048
v -0.33341926595687865 1.8165702504005434 -0.96247904393768302
v -0.33660603859710692 1.885635724285126 -0.91527716237258905
v -0.038264453323364263 0.82094630590820317 0.91032860766601553
v 0.021711579886300215 0.92688925875091566 0.93664011609431674
v -0.44975157333862781 1.1926112502245902 -0.97063659240853783
v -0.59678262574536456 1.1700810779789514 -0.89378700835405067
v -0.73264640061950681 1.0316470429382325 0.6802641721038819
v -0.86208174019295825 1.1247869097317289 0.61508488541357853
v -0.64164957057952887 1.0263403780495779 0.76453905006790157
v -0.69082056375885004 1.1156619587097167 0.80116380706024171
v -0.56098376582336429 1.0399011401192801 0.83779155850219722
v -0.45343757113647459 1.0772703436279298 0.93000054496765139
v 0.089782852169513705 1.1764509690589904 1.0711735740098953
v 0.25900050075054171 1.1640766370214735 1.0437667950646536
v -0.29373369503498081 1.1636783201141356 -1.03314989234972
v -0.49700955034732819 1.1778743359212875 -0.95297030601310728
v -1.0474376273607253 1.2333681628414155 0.24549687411403653
v -1.0202606530857086 1.2550229913902284 0.31938851384735106
v -0.062723965281486521 1.1949523629093168 1.0669435267510416
v 0.062934470197677617 1.3074348145589831 0.99456570913219444
v 0.70223419448661806 1.4424912218847274 0.63291610037231438
v 0.7683126738014221 1.443411341407776 0.58171175039863587
v 0.9492297326717376 1.2940813122875214 -0.45106423040618898
v 0.94513427149091456 1.3861436515862602 -0.38165299864959723
v 0.90731253468513495 1.3131628627506255 -0.52226426777763379
v 0.89802046979446415 1.364526634777832 -0.50856066052780158
v 0.81041758341598502 1.4605124411811832 -0.58481271363067622
v 0.0068354877171516431 2.5362534055299761 0.96478726202917098
v 0.010691499793052672 2.4860283370943073 0.94070279121160505
v -0.37745329428100588 3.9065513260765075 0.74719213083267211
v -0.35617984321594243 3.7875650193977357 0.64707643706703188
v -0.27109750762176515 2.7755157321014403 -0.214764542552948
v -0.098010058220863353 3.0692305945706364 0.95640916640996931
v -0.10289350695991516 3.2774643859624861 0.90396165387058258
v -0.097845400764465323 3.4516194670372009 1.0042596662063599
v -0.098963158548355107 3.3792071712341309 0.9995800355529787
v -0.09983271237373352 3.6333509763221743 0.99318375545215598
v -0.10197379182434083 4.0627507037811279 0.63059394468688956
v -0.096805315971374511 4.0676556885414117 0.77738886174392696
v -0.098139130519866946 4.1892628692989353 0.57848467166709905
v -0.09836715581178665 4.2602272300043103 0.44651586604499816
v -0.096053891065597544 4.1802118640213015 0.34909067332458493
v -0.094424958376884471 4.1408792247581481 0.030117361310005187
v -0.10248983264923096 4.2022413535919192 -0.21502373646163941
v -0.098913685398101803 3.929628912063599 0.89225577129554745
v -0.10205484763717651 3.9691599806365967 0.78900306032180789
v -0.10180769202613831 3.7912411959619519 0.94471887888717654
v -0.10323809407043458 2.9929545363807675 0.84018677192687985
v -0.099551294923782341 2.6783546281261446 0.80153335999679554
v -0.10631869199371338 2.41709582995224 0.7415613039665222
v -0.094433667811393743 1.4827795985336305 1.0042076468076706
v -0.095572552455902099 1.8489704178848267 0.90175366314697258
v -0.094360265193394244 1.720409922480447 0.92700330581746782
v -0.09485131947326661 1.6179765857543946 0.88936652769470226
v -0.096696218194961547 2.351031570329666 0.86175766966438294
v -0.095197203833580019 2.1696793962402339 0.83521164434719086
v -0.094528285139083859 2.099724948886871 0.8676245303211213
v -0.092307570178985582 2.0301667985954284 0.78133509352111818
v -0.31978203049659726 4.0999174998111725 0.6620000919418334
v -0.35334470447826383 4.1006856373329157 0.83335049041175846
v -0.36928941211080551 3.986380568065643 0.54081469345712663
v -0.37644060136413571 3.9563298940505982 0.70735546083068856
v -0.31218818134307857 3.7203077170972829 -0.28210186771869661
v -0.53301872909736625 3.695185016548157 0.17619410514068604
v -0.4244058822979927 2.8207542067909239 0.20413515244293212
v -0.45135455299377442 2.7965647331371306 0.38179852338218689
v -0.30224090074491505 2.9311580876722338 0.64761349111127853
v -0.25656368236923222 2.9984818415946961 0.71281110125732416
v -0.17647425999736782 2.9803820847406386 0.75222432346820822
v -0.25665968055725097 2.9410603331069947 0.69848576573181154
v -0.43258299308586123 2.7525406878833771 0.11834558325767516
v -0.39286035912971495 2.8282632419550895 0.094666996620655058
v -0.39443039119338985 2.755229222137451 0.022455139217376709
v -0.33854423153686525 2.8408417586631778 -0.0037817681217193599
v -0.02169057466506958 2.4774262398338323 -0.62681326636886592
v -0.16105628274536132 2.8816097756519317 -0.24621274527740478
v -0.30575059843778613 2.8017488627381324 -0.10535677483606339
v -0.28405701971721653 2.6936560809297561 -0.24982561717796326
v -0.22634137060737611 3.7007256530666353 -0.53147791247367859
v -0.25876771571922302 3.680279584968567 -0.47845608844375614
v -0.36977727015614509 3.9282218519599432 -0.28230996790337565
v -0.30023658509063716 3.790196117237091 -0.39585805028295518
v -0.035427447337150572 1.2988170671682358 1.0019442441482544
v -0.29955028144073492 3.936610492321968 0.8220560087738038
v -0.12868002333450318 1.5412819499664305 0.84944858233261111
v -0.32868713454246523 3.0772782109470374 -0.094730037191390989
v -0.37967275857305527 3.0114482984313966 0.0096930377397537251
v -0.36965406967878339 2.967003299293518 0.053135050722122198
v -0.42963205294881546 3.0192018446014948 0.1263973615875244
v -0.42630968348407744 2.9808025734825137 0.19111556050014497
v -0.43494145902442932 3.7784325607948306 0.44021299040985107
v -0.43693456769371031 3.6337964303016665 0.48063897247314458
v -0.22775114391040802 3.8998148903818128 -0.37506793912601472
v -0.14151361063575746 3.9405158154125211 -0.33585363920021061
v -0.52446991463661197 3.7231687852706905 0.321823859582901
v -0.054088318933486937 3.8962806847534184 -0.41282073278427123
v -0.13356577383899687 3.8012312377433775 -0.54125778534412372
v -0.048401932375907904 3.7248422174081801 -0.66953337629222887
v -0.21488789632987976 3.6178089319057465 -0.63110421993446353
v -0.29759905638647077 4.0870090351397987 0.62132420278608802
v -0.22837259465789794 4.0870988506393431 0.78556873024749763
v -0.40755227996349336 4.020502791989804 -0.088407724376201618
v -0.37101615934944154 4.0317125536622997 -0.13334164350700378
v -0.22995643637485505 2.9562641806791303 -0.93774379248113626
v -0.24743189688873291 3.0595976774492266 -0.76217677240467063
v -0.23453698341941834 3.1230352494277951 -0.46085894703483576
v -0.24468278570270535 3.1208925620298387 -0.29404455904483795
v -0.036472868095874786 2.9690537182693477 -0.77040007723617543
v -0.030567948940753938 2.8928375226955416 -0.8822616353421211
v -0.093137516423225403 3.0373424846444128 -0.40965418269634246
v -0.1322939747953415 3.0512632187328341 -0.33103469396209717
v -0.20565954436397552 3.4468318674039842 -0.79616751203918446
v -0.24769016216087342 3.5487015577869414 -0.57014733635902393
v -0.2974168315191269 3.5743672822742463 -0.43763064385795591
v -0.24069124362564087 3.3081301336326603 -0.66861154004669188
v -0.24155965797805784 3.3812857189788819 -0.64876747878265384
v -0.26273729686737063 3.3982071089687347 -0.5357169227409363
v -0.25382787489318848 3.1814507231861522 -0.73693716829402112
v -0.29844783190482005 3.2981060566218239 -0.43593873332486832
v -0.30942519380450245 3.24897995186162 -0.38406733946084975
v -0.065725163818359383 2.1252542010726927 -0.8879453512077331
v -0.026195106117248533 1.9031178680534362 -1.0120552784194945
v -0.10232325311851501 1.7915368200054167 -1.0385962576217651
v -0.15109029896926879 1.5494808303852079 -1.0748109206581118
v -0.13960710261535644 2.1411178597946168 -0.85264203133392336
v -0.213522638507843 1.8189757926826478 -1.0123746554489137
v -0.27122108477020268 1.9124425056457519 -0.95215345268249507
v -0.33415392758560181 1.5390687846031188 -1.020794231349945
v -0.24625838129997252 1.5892463942203521 -1.0556174468498229
v -0.20125822509574892 2.4780140484762194 -0.54902361296749125
v -0.27304792201995853 2.2335527858581541 -0.66671574303436287
v -0.26944158840942378 2.1256394731445312 -0.78521363795471188
v -0.37127313961791991 1.8162301166877748 -0.92019985395431525
v -0.38800200095367432 1.615837754348755 -0.97974042187118537
v -0.34905855803298946 3.4756753188076019 -0.32657611867523195
v -0.32262758591699592 3.2062894964737891 -0.24997232159185409
v -0.28672827140235901 2.4622529812526706 -0.44755389832687376
v -0.35249222473144526 2.1429633487472532 -0.63162791450500499
v -0.45750264064788815 1.8896705239181519 -0.70962101960754387
v -0.47997363188171388 1.7757078757934572 -0.77966544181823738
v -0.56702345719528191 1.5531793157844545 -0.81893227576828009
v -0.50484901000976556 1.6172149296569822 -0.85452046508789059
v -0.40960938242340084 2.1711003165359499 -0.52577673840713501
v -0.51787437391281133 1.9212760186271669 -0.58961174818420403
v -0.55261121067047114 1.7794265343322753 -0.67010919482421882
v -0.69656184382534025 1.5550806324310305 -0.65916480978488923
v -0.6251900807628632 1.6268760347518922 -0.69579405525588989
v -0.45300735280609133 3.4593706184329989 -0.030227300203323364
v -0.46187579919433597 2.2902327123336788 -0.32692811582183834
v -0.49219143429946899 2.150069735267639 -0.41238628794860843
v -0.60081780728149414 1.9188010271911622 -0.4618792071838379
v -0.63861058077239985 1.80236908543396 -0.51347749516296393
v -0.79247432892990111 1.5503175161514282 -0.52909118498229979
v -0.72548115382766731 1.6218621268920899 -0.55778534903335564
v -0.47368757587051391 3.4342821592979433 0.067820195699691777
v -0.4515862695674896 3.2388822218055724 0.037055486392974853
v -0.43418463529777529 2.6254204633541107 -0.050780169532775879
v -0.43376446136665342 2.5266551077423096 -0.14643895178985594
v -0.53760095031738286 2.3140693959045411 -0.18980495742034911
v -0.55477613864135744 2.164483862854004 -0.30473264987182613
v -0.68856804697418217 1.939225472114563 -0.31206996311187746
v -0.83860782226562502 1.5570636421661377 -0.43352337342834474
v -0.527141625869751 3.6945126699829101 0.10859277413749696
v -0.50638291019821169 3.5514146487655642 0.15186628933525084
v -0.48221519656372075 2.6036610717811586 0.055686738498687743
v -0.63657149465942375 2.1667078903656005 -0.10978009851074219
v -0.58812533621978758 2.3062687866516116 -0.035145552417755126
v -0.71247198843383797 1.9679398118286133 -0.16187653274536135
v -0.86010719371795652 1.6192621267242433 -0.22850396393203734
v -0.52575806692504878 3.5159883023834229 0.24612611665344242
v -0.51338129281425471 3.4567959886512751 0.21939432385635377
v -0.52173166706275942 3.3332904120674134 0.28009306444931031
v -0.50803066343688963 3.1732400908651353 0.29756148169231411
v -0.51316699018096923 2.5368260998344421 0.12482251467514038
v -0.48575434095764158 2.6124756879768372 0.15816427031707761
v -0.57558205814170837 2.3648036584224696 0.078483019128799431
v -0.7634435819244384 1.822338802581787 -0.091820944534301757
v -0.70967038549804684 1.9782916238422392 -0.016301996709823605
v -0.92701963098144535 1.5342667735595703 -0.092472746444702159
v -0.85338394789123528 1.6452590774459839 -0.077192800514221185
v -0.53655590074157722 3.5185596801395413 0.33961308576393129
v -0.52814791500091551 3.4055755559005738 0.41604371345520014
v -0.52477688725433347 3.2626978357627872 0.40150775899353031
v -0.46665438009262084 2.6725496012725829 0.23311156097984315
v -0.62613119105339055 2.2286847713394167 0.13119515297508239
v -0.93337338001251213 1.5327425247879027 0.052677632873535163
v -0.6251652721443175 2.257732465126038 0.23690307868957519
v -0.7541204268798829 1.8678106657829283 0.14744528932952883
v -0.70236086215972904 2.0285071271820065 0.21862479878997804
v -0.93684635067749022 1.5088064387836457 0.17593147866058351
v -0.61033862832641594 2.2562221210784914 0.33690533218383789
v -0.73491266030120861 1.8755202156906128 0.25694109214782712
v -0.81886430606079097 1.6436697466430665 0.3085291338806152
v -0.54633711974430077 2.3073428350496292 0.40545194705104826
v -0.62669324495887757 1.886830815635681 0.39106820371055606
v -0.81856491552352906 1.537258678981781 0.42996349142456053
v -0.69796888971710203 1.6811594840164183 0.42915367430114748
v -0.2796791858901978 4.075981260153771 0.88308396448898319
v -0.24886975223350527 3.9887997805700302 0.82906550440692894
v -0.30665996755981439 3.5401673754730227 0.74716578843307502
v -0.30226365760993956 3.4089113708648684 0.73625408514595025
v -0.39930107729148867 2.6302711658306119 0.51143901719474794
v -0.70133218945312503 1.5481378191604616 0.54665861219024658
v -0.60632315600204478 1.6579772201042176 0.54601371873092641
v -0.25229576277446747 3.6626046713333134 0.79481260958957667
v -0.26271084036922454 3.2870202759256362 0.76226719590568548
v -0.27670475393104554 3.1887938301754 0.73211525903320318
v -0.30485695558166503 2.7244014762601849 0.62756747626018528
v -0.37520883382606507 2.4419956953926087 0.60510520032882686
v -0.4259303196525574 2.2861744718322754 0.57196059556579593
v -0.43945071917343137 2.0360304881629943 0.58050678760528562
v -0.47289357638168339 1.9514477069053648 0.55711518284606942
v -0.56051559896087644 1.5760313014068603 0.63658463492584239
v -0.22399552976274489 3.2364489343314169 0.79039471735429767
v -0.26634469982147219 2.4293824048461912 0.67034644915008545
v -0.3166579815368652 2.0378748291473388 0.64370138540649413
v -0.37342453644561768 1.936598143787384 0.62546006120681774
v -0.40149199156951898 1.6820332622528076 0.6710738234939575
v -0.20478147859191898 2.3371887231597901 0.68087535749816896
v -0.16078650747680664 2.0681631827697755 0.68269340087890629
v -0.24443424278259276 1.5437013397064208 0.79554709599304207
v -0.25311961070251465 1.6659836434555055 0.72083178976440432
v -0.034173378950595856 3.6700317008390426 1.0524441713547708
v -0.034883353069305421 1.8492957420196534 0.98060526895046229
v -0.055038027679443359 1.3794339956493378 -1.0665244894218444
v -0.2187474143180847 1.3820689701843261 -1.0470984758071897
v -0.30114893855667113 1.3172407295837401 -1.0123314526748657
v -0.47589913801622397 1.2858297952551843 -0.93694321767902378
v -0.55656099530220027 1.356076590127945 -0.88407176831245426
v -0.62118610326385504 1.3111149979915619 -0.8413286898670197
v -0.71562384481048591 1.3472199348106386 -0.7468036498985291
v -0.77585227982330329 1.3101955855026246 -0.70135550872421271
v -0.86500949773788449 1.311794061228752 -0.59557292584323873
v -0.92862918167877195 1.3704604363822936 -0.43998733160400388
v -0.963579237739563 1.3015131950378418 -0.42261274213409428
v -0.98831573120117189 1.3676436487274171 -0.29115759047698975
v -1.0279072271041869 1.3036649295959473 -0.23944524315643312
v -1.0033964802742004 1.4001255215248107 -0.1373436964378357
v -1.0532984487133026 1.3077693955154417 -0.056424083589553829
v -1.0223735130233764 1.3843195816583633 0.044489208488464355
v -1.0453186700649262 1.3262639292526246 0.08650335132598877
v -1.0036872725105286 1.3817834709625245 0.19058337441635131
v -1.0268696186885833 1.2816350381832122 0.26422453835296633
v -0.96379636874771124 1.3738343949985505 0.35451090280914299
v -0.94811205545425414 1.3062706608543397 0.44527278071212761
v -0.88413752371215826 1.4005564774932862 0.47603683538055419
v -0.85908319818878176 1.292136387199402 0.59091439784622191
v -0.7636652970619201 1.3681000788192748 0.63874964871215822
v -0.72408092156028747 1.2914881521434785 0.72364298337554933
v -0.59657844731903076 1.3875342343215942 0.74071836222839349
v -0.57659280043792716 1.3061982205429077 0.81680994376373284
v -0.45642564489746096 1.3773845545043943 0.83259520124053954
v -0.4212519711532593 1.2851065614318848 0.91489039788818349
v -0.26202771908416744 1.3670139806350707 0.90996166566925041
v -0.26513488351058956 1.2983331256332398 0.9555799803657532
v -0.085687753848075865 1.259456570227623 1.0168168944196703
v 0.44822733875656129 3.2095444881591799 0.49547869739627837
v 0.41043551984977722 3.0610057042217251 0.51560244088935847
v 0.037109286682128907 3.1349653141555787 1.0291732255420687
v 0.37066552712249756 3.9092438255023954 0.72993401244735712
v 0.37662976725387576 4.0185345585250847 -0.19643169716930386
v 0.25740786693000794 2.7972939495048523 -0.2218536554889679
v 0.10459852267074585 2.4291468849334716 0.75269901537322992
v 0.098217723222732548 2.5041942338123322 0.88001555862045289
v 0.095650696990966788 2.1162891102294918 0.85162003082656867
v 0.095596176383972165 2.2482984529483323 0.83738485139942176
v 0.096298828014373783 2.3400731163902284 0.84012181779479989
v 0.092412055999755854 2.026142986717224 0.79341184795379638
v 0.094559439636230466 1.9292733742275239 0.83848583465003967
v 0.10126380891418457 1.6126782754287721 0.92599025677490232
v 0.099330999011993396 1.5074228621406556 1.0499111640396119
v 0.10224193602752685 2.9590368354721068 0.82150608335113517
v 0.10243271618366241 3.5247948455390929 0.95070905719661702
v 0.10190111395406723 3.6957745170698164 0.94931425209236142
v 0.098922073136329655 3.9017491995115279 0.87860259457397472
v 0.10232388258361816 3.8452352399291998 0.87378735271835328
v 0.099209844642639156 4.0501766807594297 0.81706971572494513
v 0.10129825784873961 3.9591638428506855 0.82130906101036061
v 0.1006770357761383 4.1139782359714516 0.67110774574279786
v 0.10099330852317809 4.0720073793048854 0.63541422952461246
v 0.10135053252029419 4.2122077187881466 0.40019860377120969
v 0.099945455891609192 4.1878928181371693 0.33098291075134278
v 0.096267832682132737 4.2087371966485971 0.17969526013517378
v 0.099121491031646719 4.2347342788772586 -0.094562596630096418
v 0.09007824592018128 4.0957402506809242 -0.29257632730484007
v 0.096028969863891603 4.2533681973590856 0.084514287208557137
v 0.09335153441238403 4.1568214901981353 0.019751402481079101
v 0.094026335922241217 4.2162855698862067 0.24284408434081081
v 0.098744372495651253 4.1990395098400111 0.58501973797225948
v 0.099143046545028701 2.6911488380641937 0.81363407667350773
v 0.097918765490055085 2.8110079760823243 0.88858424559211735
v 0.028581785813331602 4.3411300097093584 -0.27552213878917697
v 0.34364072111511229 4.0704291242523185 0.62946303545379645
v 0.34240704649165016 4.121604122832025 0.82444872003522607
v 0.37974251070404053 3.9864535944213864 0.70194118692398066
v 0.45299496755296842 3.6144681324863095 -0.11256882572449955
v 0.53624926723194122 3.7171984731445313 0.21282064204883577
v 0.42424060840358735 3.9862223217706205 0.081549851390600198
v 0.4255708771877289 2.8484294838371276 0.26472331779670721
v 0.42979472600936897 2.8164877755699154 0.45026103438377379
v 0.33472590320014955 2.9756467115383147 0.61708939113235473
v 0.22551619792938232 2.8919124219017029 0.70456413664627071
v 0.37220134694862361 2.7970884241294858 0.027456208764076236
v 0.30173377769899373 2.8439078002724649 -0.08332444684267043
v 0.34134956698703767 3.8494913624382017 -0.28373343249511718
v 0.33342757679734908 3.9206386379109794 0.81790444441345755
v 0.29468228750944137 3.8714596356420516 0.78613157676362988
v 0.39786305358958246 3.933927364266157 0.53622988284850126
v 0.1335445441017151 1.5097636495590212 0.86413158383941657
v 0.33069360793304442 3.0782360794410706 -0.091921997283935547
v 0.50706439603147513 3.2838555426645279 0.45550542860317228
v 0.48489077618408205 3.42610698985672 0.49329486684417723
v 0.40339365307331088 3.5782984121170047 0.55002946645784379
v 0.43914093085837369 3.6023018864982128 0.49235431201791763
v 0.30386543484640122 3.7853156352453228 -0.39288374395132064
v 0.020834381446838381 3.8306728919038777 -0.51655630284023279
v 0.18365522550964355 3.6976062791519166 -0.61708684015655524
v 0.20845043003273009 3.625450729865074 -0.63879464897060401
v 0.19935492416381836 3.5593257919731141 -0.73232109047317495
v 0.43429324282836912 3.9101043046112061 0.27246843804931642
v 0.29843411440658574 4.0413874264645573 -0.12415608249855041
v 0.27259948767471315 3.1134200826110838 -0.18441053141021729
v 0.25922773949170108 3.1414647064974304 -0.40141673234820363
v 0.018713305146217347 3.0137923294334414 -0.39994190783214567
v 0.17371950981330869 3.0764091390190123 -0.45290067886543273
v 0.20397479372787475 2.9755342711353303 -0.77676419232559202
v 0.29879439636802674 3.5811671113338468 -0.43450722630786898
v 0.23887463720655439 3.2469413140234948 -0.80643436403131485
v 0.24053287477493288 3.3030862807884218 -0.66839261594390864
v 0.25465519980049134 3.369664469602585 -0.58347108678245552
v 0.26090018353080746 3.1604352058315279 -0.7541938276920318
v 0.277958059961319 3.2605122972736358 -0.50697772272825237
v 0.26716279131317144 3.2602313652877806 -0.55771591131591802
v 0.088229743881225592 2.136961784614563 -0.87068054921722404
v 0.058349565254211436 1.925451829345703 -0.99923301610565185
v 0.12292984745788574 1.7935956533355712 -1.0357805646820069
v 0.065090574605941767 1.637913846473694 -1.0760212069530486
v 0.10461463068389892 1.5392224132156371 -1.0805004857559204
v 0.20116060564041138 2.2362150763130191 -0.75150059595108032
v 0.14068281336975097 2.1299017113952639 -0.86115062712097168
v 0.24262720028686521 1.8882550257110595 -0.9758968006744384
v 0.22615331926727295 1.7903862321472168 -1.0199121821403501
v 0.24175550197982787 1.6525520246257781 -1.0504483438796997
v 0.2877929945983887 1.5729828349819184 -1.0428428881511689
v 0.28436442063140871 2.1228741591339109 -0.76161488323974613
v 0.3819228431930542 1.8849219051437376 -0.84711493585205078
v 0.36605476408386228 1.7762375001831052 -0.95197637543487557
v 0.39132815962219236 1.5989916627464296 -0.97853285111618049
v 0.46474215624618526 1.5595287755470277 -0.91735573513793944
v 0.36779396053504942 3.3976845217761991 -0.28433712587928772
v 0.3369048957715034 3.2674672890262602 -0.29880598529577251
v 0.33560573516082765 3.2232787174301145 -0.23646597222900392
v 0.26113458610153201 2.4903916156721113 -0.45899012076187135
v 0.33463778009033202 2.27865904807663 -0.54001665503692631
v 0.34776478031158448 2.112613826828003 -0.66458746148681636
v 0.46219911607742309 1.8893379353599549 -0.70243628989791873
v 0.48019575807952886 1.7759417902679442 -0.78004636392211912
v 0.5050466756591796 1.632412830947876 -0.84654473052978518
v 0.58977947190666202 1.550982144060135 -0.79443938938140868
v 0.42528341494655614 3.4427695550470352 -0.14098768968200684
v 0.39184778872489934 3.279018398042679 -0.14874068409061431
v 0.38836571828460692 2.3066083256721495 -0.43185414312362669
v 0.4076089658584594 2.1663793884735107 -0.53289032816314696
v 0.51934864303588868 1.915274445526123 -0.59290791530609122
v 0.63992451395606986 1.6051219218578336 -0.69429365266609189
v 0.6829083288879394 1.5387861933288574 -0.69013401541137687
v 0.43785107947921753 3.1604877847709654 0.017808517383575438
v 0.36376707658576962 2.5189037455825805 -0.26289517558479308
v 0.49216534799575806 2.1501442967681887 -0.41252707638931274
v 0.60033802951049808 1.9040998914031984 -0.47655073576354978
v 0.63135523090362544 1.8248575170440673 -0.50321517296600349
v 0.7102565717773438 1.6392283777542114 -0.56432380500030521
v 0.78972722247314464 1.5480346701354981 -0.53629460424041753
v 0.46715589368476867 3.5084269640598298 0.0070430770397186294
v 0.42369087661933896 2.6369993792533872 -0.056223313247680665
v 0.43898409239196778 2.5367178117713927 -0.12954870801925658
v 0.54932385935974115 2.3045709620056156 -0.17659781846618655
v 0.55238676825714117 2.2007313934783932 -0.27696356465148925
v 0.68173952266693116 1.9642668759841917 -0.29511019103622432
v 0.70660896927261352 1.8605071436462399 -0.35971239619064332
v 0.81159126393127456 1.6432056190414428 -0.38699976197052
v 0.85625040667724606 1.5347019789123535 -0.42457015245056151
v 0.52858289850902551 3.7014307592992788 0.11357074186420442
v 0.49746069330787657 3.3046896933155061 0.19761079573631288
v 0.47873380351638789 3.1394133958435062 0.18107835966491698
v 0.48049251951599126 2.6108653385391234 0.064044646503448488
v 0.4818420945014954 2.5570283201522828 -0.02617334144592285
v 0.58889192008972158 2.2968196117057804 -0.055395016292572027
v 0.61287355643463126 2.211532598587036 -0.13619057821655275
v 0.71639132817077633 1.9548682448883057 -0.15309677586364745
v 0.74298314288520817 1.8838865465183259 -0.21801413810539244
v 0.83936273162841801 1.6616151071472167 -0.25657365164184576
v 0.90537405661964421 1.5444789492511748 -0.21419302708816529
v 0.51345946580505375 2.5342384262199404 0.10531562860107421
v 0.57555272466659546 2.364828033002853 0.078397075557708737
v 0.72767436721420287 1.9229744755363465 -0.01944331925201416
v 0.76751840498352042 1.8098945332221985 -0.10339716062164306
v 0.85665067454528798 1.6430921214447021 -0.073292884086608889
v 0.4843984200134277 3.7897192877845765 0.34608682820701597
v 0.53152890055084234 3.5944771508789062 0.3742959161529541
v 0.53559003087425228 3.5440982482643131 0.36414813290882109
v 0.52622171732902534 3.3777614285507203 0.41907551604461668
v 0.52743275554370883 3.2551727997760773 0.37580823909854888
v 0.62607543650054942 2.2286976638126372 0.13110028693962097
v 0.77337149806118011 1.8088681540699003 0.052094542003631603
v 0.48166703899002078 2.6722468282814025 0.34275798430252075
v 0.83971542702484125 1.6721157771377562 0.19408345039367675
v 0.91630018743133546 1.550609819129944 0.15002566713714599
v 0.38410636009502408 3.4267874902067188 0.62434288349533085
v 0.40684427582550048 3.2177437232551576 0.55981139773559585
v 0.45167355883789062 2.5779009856624602 0.45933912932586674
v 0.49105582093429562 2.4284763790168764 0.44649911787414553
v 0.70720991001892097 1.6897907326049806 0.40833207457351683
v 0.80544486908721924 1.5465668944892883 0.44097994768905641
v 0.28375576900291444 3.4946237715167996 0.77249580994987488
v 0.36717756889152525 2.6882480747127531 0.53980539818000794
v 0.62276173765563958 1.6557251608657835 0.52977347149658205
v 0.69922489660263065 1.5611838699645997 0.53960141990280153
v 0.38320434381103513 2.4148398042678831 0.60026579271698011
v 0.49987912004089352 1.7032902526702882 0.60864144766235362
v 0.55593057126617429 1.5713334948501587 0.64248100336456304
v 0.18877463422107696 3.5254494435052872 0.84610411969757071
v 0.21279633642292023 3.2485049593071937 0.80087396069526673
v 0.26448791234683994 2.6253923351049426 0.66723550251674646
v 0.28961135473632815 2.4621563845329284 0.66325431568527216
v 0.33296748214721678 2.0783766534461976 0.64305281349182142
v 0.38156295810508728 1.9808488081703186 0.61890874469947821
v 0.41086764837646483 1.6804023977050782 0.66818940185546882
v 0.38376091669464113 1.5599769632759095 0.74188587670135486
v 0.21224622242736818 2.3326382784118653 0.67940618550109866
v 0.1828618472137451 1.9319565373649596 0.67470192897033687
v 0.25272746682167052 1.6810386378536224 0.71552858437728883
v 0.21454718472290041 1.5357356717681885 0.80951785065460213
v 0.044254247725248337 2.8485132823867798 0.98880671507215501
v 0.12263188611221314 1.2791480713310242 -1.0487509003372191
v 0.28326178926086432 1.2747687447185516 -1.014153194009781
v 0.25419405322837829 1.3317009032268525 -1.0264551696052551
v 0.45930864163732527 1.2827260445518494 -0.94446237761592866
v 0.64844269631195062 1.2927329973144532 -0.82088495404815676
v 0.56574084391021728 1.3596672421569824 -0.87436202217483516
v 0.72309717906188964 1.3748026484832763 -0.72941094403839113
v 0.88378201325798034 1.2728558203630449 -0.58152916425323486
v 0.83677679374313352 1.3748182794380188 -0.60166344318389897
v 0.92222763112449646 1.370132533791542 -0.45165317340183264
v 1.0237534753952025 1.3008355976028443 -0.25242199137115479
v 0.979242345123291 1.3924768522810935 -0.27450678468370437
v 1.0440640592479706 1.3240211181564332 -0.069574689201354983
v 1.0599682955017089 1.2829371540832519 0.098715761962890614
v 1.0314283171348571 1.3683196703491209 0.026068308517456052
v 1.013478107492447 1.3229228584918977 0.26083617326545716
v 1.0047118452453612 1.3722190121421816 0.20919402670669557
v 0.95321486361961361 1.2755003572683334 0.46315170444297793
v 0.84646365823364245 1.2868664573364259 0.61474256701660157
v 0.85953910705375669 1.3945618940334321 0.51862598411178595
v 0.72862700536346436 1.2910889636344911 0.72424360124301912
v 0.74572009223937985 1.3725017139358522 0.65311517497253413
v 0.59888328325653073 1.3780439521102905 0.74881334568786617
v 0.44436936285018919 1.2847888257102968 0.90896205187416079
v 0.46501702886199947 1.3614735238571167 0.84246499024200439
v 0.24614576709365843 1.2837436972503662 0.9725950339012146
v 0.30251029369735716 1.3446212707633971 0.91405315053176883
v 0.098818543601989731 1.2806263445663451 1.001305316921234
v 0.058381378463745123 4.2880592835235589 -0.34700302514171599
v 0.83859685811185836 1.1840597657618521 0.67921995483541497
v 0.15654272206652167 1.1609133828816416 1.0601833854541778
v 0.053281602452754977 1.2109132623057366 1.0550949479122163
v -0.16182614550983909 1.2074615323711932 1.0458265613124669
v -0.28003174327659602 1.2105948220396041 1.019196499760628
v -1.0151600013411044 1.1652434960911273 -0.35702869489979744
v -0.83101841320419301 1.1630691809825895 -0.68475449125766752
v 0.83221883981132505 1.1688359724245072 -0.68157698683357237
v 1.0047496070289612 1.1094562895774842 0.30491261397171021
v 0.85558502743530274 1.0312673705749513 0.52106327670288088
v 0.77694592633056647 1.107768302345276 0.70595820415496813
v 0.54028838130187984 1.0871623165130613 0.88971657551574701
v 0.33440339622497561 1.0410261263122558 0.95174459101867681
v 0.12509142730712891 1.1173025254669189 1.0498196486206055
v -0.10880149171447753 1.0832991522598268 1.0335310599212646
v -0.35999178588867187 1.0359893454589844 0.93872382739257798
v -0.60196429603576651 1.1244513568267822 0.87354879194641111
v -0.76209621965789798 1.1204570775680542 0.73324218093490601
v -0.8570500725708009 1.0297073298797605 0.51044908946228018
v -0.98733294932174687 1.083650726448059 0.30979165079879761
v -1.0347393644866942 1.0888061832427978 0.051469771385192868
v -0.99111548101806646 1.033312123802185 -0.1318690096130371
v -0.96423596261978151 1.1291506484603882 -0.44222770669555667
v -0.82006886738586426 1.100401025756836 -0.65381637782287594
v -0.66561363464355461 1.0491175033416749 -0.76790046173095705
v -0.44789572099685671 1.0791703430557251 -0.93156118949890143
v -0.25894841836547849 1.1176999040527344 -1.0280850492553713
v 0.053695282226562495 1.0354899129943846 -1.0053494378509522
v 0.24388745975494386 1.1272863893814087 -1.034634526069641
v 0.46018202993774415 1.0915928848533631 -0.93563885878753661
v 0.6506344111480713 1.0165374875946045 -0.74745743156433098
v 0.83467230611419674 1.0938049446487428 -0.62767263204956059
v 0.96108876557922374 1.0812726215667725 -0.38142454745483401
v 0.97540723049926759 1.0125987204208375 -0.15077589505004885
v 1.0249354624481204 1.0703456346778868 0.049589630626678462
v 0.19758518185424803 0.89433501455688469 0.90165327359008784
v 0.41652361361694334 0.81628194473266602 0.80949711062622076
v -0.42775542639160152 0.89433323229980466 0.8178709692077637
v -0.20080001718139648 0.81628184667968751 0.88800248345947264
v -0.86428506513977055 0.91465742653656001 0.34302780406188971
v -0.72599914319610592 0.84077550333404538 0.55391702629852291
v -0.87272526492309566 0.89639070225524908 -0.29959460188293457
v -0.53163009096527103 0.90727378292083738 -0.75810800139617918
v -0.63924662781524666 0.84746626667785652 -0.65106271482849121
v 0.080628680229187011 0.90933164176177983 -0.92228944843292238
v -0.089442857997894296 0.83705307295989984 -0.90674548900985719
v 0.6843890974121094 0.90321070513916002 -0.62113530294799801
v 0.5152265215377807 0.83742633567810065 -0.75084708933258049
v 0.86781177891540529 0.85864924831390388 -0.29114005496978757
v 0.73048172406005851 0.89433257577514647 0.56387884176635739
v 0.83895760787963869 0.816282130493164 0.35255075833129884
v 0.1827338439025879 0.72397302458953861 0.89950088636779779
v 0.39554230373382571 0.66694872973632813 0.84442853059387213
v -0.43774619629669187 0.72397290003967285 0.80667201936340327
v -0.23932592304992678 0.66694861879730227 0.90127507627105719
v -0.85341202973937991 0.72398629466247566 0.33672483566284173
v -0.76703426458740243 0.64916864997863766 0.54243984626770025
v -0.87807946182250973 0.74199292691421515 -0.2507330333557129
v -0.92768267147827155 0.67336564318847647 -0.05049726306152344
v -0.66192453480529778 0.66757137476348882 -0.65378276442718508
v 0.12274399699401856 0.7324198930969239 -0.9051973059844971
v -0.086192371337890622 0.66753028502655032 -0.92575099923706061
v 0.6765897518768309 0.73242147702026372 -0.61457408587646478
v 0.52985947598266603 0.66758696154785158 -0.76480631704711921
v 0.91519130198669441 0.7188651109161377 -0.054115883575439457
v 0.89819121826934833 0.66753495790863038 -0.24532266828918456
v 0.71771827652740472 0.72397302458953861 0.57177476226043711
v 0.84533831549835203 0.66694841601562505 0.39279651969909668
v 0.22659947608947756 0.53418016755676268 0.98705677464294439
v 0.47137057608032229 0.48873092883300784 0.93511268795776359
v -0.46042378387451172 0.53418048883056635 0.90194019076538079
v -0.23952870443725588 0.48873092883300784 1.0194844684753419
v -0.93202259408569343 0.53420500584411623 0.39515657766723633
v -0.82019922854614269 0.52043330865478521 0.60687858276367179
v -0.95344872619628895 0.55563784667968741 -0.28804135595703129
v -1.0623950434570313 0.47084169958496097 -0.091059232223510742
v -0.54779634284973144 0.52120514495849601 -0.86241941603088379
v -0.72434471258544919 0.50982721887207028 -0.72906367166137698
v 0.14813009837341307 0.54900886857604969 -0.98700170443725588
v -0.11600844540405274 0.5143556439208985 -1.0159918244018553
v 0.74928437561035155 0.54906769418334966 -0.66108088989257818
v 0.59535427381896977 0.48761901595306395 -0.86155501719665528
v 1.0201162359085083 0.5228971691131592 -0.024483932258605956
v 0.99423507751464846 0.50982494290161129 -0.26172244686889651
v 0.80760099731445312 0.53418009822082524 0.61065061972045898
v 0.96171692056274405 0.48873017410278319 0.41352261767578125
v 1.1727133018836977 0.34953419330673219 0.33095397638626101
v 0.96810819589233388 0.4195870996398926 0.57706057377624509
v 0.88181840694808955 0.37009740261459345 0.80337774368667603
v 0.65948967666625968 0.35240803578567503 1.020960857067108
v 0.37111141706848144 0.4195870643005371 1.0645098785858156
v 0.12532275598144532 0.37437953253936768 1.1812827085647584
v -0.15060262908554078 0.35240803547286986 1.2061689766921995
v -0.40575440163421628 0.41006087580108647 1.0646095398864746
v -0.66285080285644538 0.3743767743682862 0.98562407402801511
v -0.90181259875869746 0.35384767199707035 0.81136351246643068
v -0.99513547134399416 0.40838521960449226 0.5584434123229981
v -1.1408606205215452 0.37437676701354983 0.32911495816040037
v -1.2119046277275085 0.35384527688598633 0.042021911552429202
v -1.1167690969543456 0.41271794297027586 -0.20193929515838621
v -1.0890059782028199 0.37021106842041018 -0.48387284358978266
v -0.98165776091003409 0.35727729916000367 -0.70366755999374386
v -0.71126591514587401 0.40170865893554691 -0.90145318722534185
v -0.52274616941070562 0.37023289046478269 -1.0705248541412353
v -0.29922704417037965 0.3572887173156738 -1.169887952735901
v -0.011548240837097171 0.42820882504272462 -1.1142441092529296
v 0.56456848748779298 0.37236420722961427 -1.045289679107666
v 0.7308540699462891 0.41308680097961425 -0.8664568920593263
v 1.0788994054145813 0.37978034193992616 -0.47626639849090574
v 1.1178090717926026 0.41332038520812986 -0.19372814997100829
v 1.1790720053672792 0.30310747951507566 -0.46618623577117924
v 0.15395347814178467 0.22776007333374024 -1.2843968019752501
v 0.57997744697570797 0.22777549757766721 -1.1563232530860899
v 0.9638346607971191 0.22316887123107909 -0.86156596527099605
v 1.1880181018791198 0.22777546867370604 -0.51283736374664313
v 1.2926042620010376 0.22316851568603518 -0.040301341751098632
v 0.9497752744197846 0.070913240541458145 0.89717810141849519
v 1.0602374848022462 0.041994928222656248 0.76460704348754882
v 0.58588710185432435 0.070913237595558176 1.1679503970069884
v 0.73502934085083016 0.04199490540313721 1.0811545167312624
v 0.15133433218002318 0.070913240541458145 1.2979395303821564
v 0.32116889681243899 0.041994877090454102 1.2673859436264039
v -0.13142864821624753 0.041995062210083006 1.3008395117874145
v -0.56484053037643434 0.019983809593200681 1.167187216533661
v -0.92973236512374879 0.019983427925109862 0.9036453451423645
v -1.182484497318268 0.019983427005767822 0.53119881164169325
v -1.2926098392486574 0.019983444305419918 0.094767954467773419
v -1.2518105938949584 0.040373762550354006 -0.37209246540832519
v -1.0488046481475832 0.04037304844665527 -0.7777594725570679
v -0.71930082074737545 0.040373091064453123 -1.0895292901687623
v -0.30303757036590573 0.040372877212524416 -1.2698019205322266
v 0.16361933626556396 0.0088940107192993154 -1.2779648542327879
v 0.59108245045471197 0.0088857163085937496 -1.1448961864547729
v 0.94725454367065431 0.0088856153488159183 -0.87364865634155287
v 1.1891772672805785 0.0088855938491821281 -0.49694430324554439
v 1.2996880486297608 0.021054827178955078 -0.058598005401611322
v 1.1991085068311691 0.070913239076614384 0.51827808414363863
v 1.2575567446517943 0.041992529243469238 0.3559239774856568
v 0.63878931781005854 -0.10374752148437501 0.58534393768310555
v 0.40030997741699215 -0.10374737280273437 0.76855927307128902
v 0.11354892852783204 -0.10374821984863281 0.85916269476318341
v -0.18688325354003904 -0.10374174005126953 0.84623648266601559
v -0.41045310345458985 -0.10373793975830078 0.76317491290283201
v -0.64645258581542964 -0.10374423406982422 0.5768166868286132
v -0.80450628259277346 -0.10374432928466798 0.32096826074218748
v -0.86552331719970699 -0.10374456317138672 0.026491661560058596
v -0.82215092437744142 -0.10375102160644531 -0.27109841387939454
v -0.67960481359863278 -0.10375109216308595 -0.53590392456054681
v -0.4550861858520508 -0.10375076086425782 -0.73598572790527328
v -0.17566534082031252 -0.10380512622070312 -0.84721380822753911
v 0.16625054461669925 -0.13257661242675783 -0.85355761273193376
v 0.44838397546386716 -0.13265658264160157 -0.74519023236083992
v 0.6764557189941407 -0.13265602496337892 -0.54685545916748046
v 0.82293939111328118 -0.13265641595458988 -0.28247786804199215
v 0.87029621179199212 -0.13257593029785156 -0.0031156127319335938
v 0.80022621917724601 -0.10380180755615234 0.33160272821044923
v 0.26191959562174483 -0.058210333089192698 0.059343211344401042
v 0.40953158251953126 -0.081376300048828121 0.16480090356445312
v 0.25794754154459631 -0.06131010896809895 0.1492974298502604
v 1.0806518359375001 -0.085311917236328125 -0.099404517333984366
v 1.1335127612548828 -0.061822787329101563 -0.17628306474609373
v 1.120258619995117 -0.01989318229980469 -0.54080379719238292
v 0.98605129565429683 -0.086554708984375006 -0.44399937005615236
v 1.0034765465087889 -0.064418473583984392 -0.54201629948730479
v 0.86749178642578118 -0.019893143182373049 -0.89129187962036138
v 0.77448732275390619 -0.086554499572753921 -0.75442357897949219
v 0.75733823127441402 -0.064418440161132823 -0.85248957902832023
v 0.51009523900146492 -0.019893657812500003 -1.1341947398559571
v 0.46951117175292972 -0.086555284362792972 -0.97377058532714833
v 0.39586616955566406 -0.068565155395507824 -1.0575491817626954
v 0.091200325781249994 -0.019792759020996094 -1.240203603790283
v 0.089147981994628908 -0.084243708618164062 -1.0820879658813476
v -0.012801391040039065 -0.060125246557617189 -1.1459227293701173
v -0.078213739257812484 -0.075313599853515628 -1.0795255937500001
v -0.050486986596679689 -0.026425412890625 -1.2270418294677734
v -0.40431165646972661 -0.059199423950195305 -1.0722130571533202
v -0.44304708276367188 -0.074742755126953137 -0.98752757739257813
v -0.46739459111328124 -0.026244462402343752 -1.1356958808105468
v -0.74688792102050772 -0.059199251049804689 -0.86921927734375004
v -0.7543234316406251 -0.074742723144531259 -0.77639303515625002
v -0.82787921838378908 -0.026244431616210939 -0.90729803369140627
v -0.99937763872070307 -0.059199672290039057 -0.56130077187499994
v -0.97461614404296881 -0.074743059326171854 -0.47152941015625005
v -1.0885080265136717 -0.026244623437499996 -0.56938250996093742
v -1.1313335816162109 -0.059199439843749993 -0.18559476057128907
v -1.0773588005371093 -0.074722198974609369 -0.1097131904296875
v -1.2388136670776364 -0.017490836688232422 -0.13857075676879885
v -1.1268172749755858 -0.059193902880859371 0.21258541057128905
v -1.0501511196289062 -0.074721902099609369 0.26543021240234377
v -1.2117394217468263 -0.017490379278564453 0.29353402527465822
v -0.9863943739746095 -0.05919357702636719 0.58520677746582028
v -0.89627789501953137 -0.074721575927734374 0.60864334179687485
v -1.0385090711303713 -0.017490269226074218 0.69031878048706052
v -0.72699685285644522 -0.059193551586914056 0.8873295536621093
v -0.63429958886718751 -0.074721562500000005 0.87853142993164068
v -0.74001843547973634 -0.017490113275146484 1.0039275342956544
v 0.00089993520100911314 -0.05471496952311198 0.24364699776204429
v -0.090410726562499988 -0.081143705566406238 0.43252875561523441
v -0.10597103658040366 -0.061296230550130212 0.27891951420084637
v 0.099706129313151037 -0.057555013264973962 0.24980605948893225
v 0.062634641113281264 -0.081145888427734375 0.43739499584960939
v 0.17888909025065103 -0.057556368489583329 0.20068744327799479
v 0.20821322216796873 -0.081145485107421866 0.38964218066406253
v 0.32867959814453124 -0.081146575195312501 0.29497922094726564
v 1.2515541501037597 0.0079827590423583988 0.31102409534606934
v 1.0966053453430176 0.0025418453979492196 0.66720769994506823
v 1.2959013489685058 0.08405156594848634 -0.13264667026519777
v 1.1721392317123414 0.084051816917419434 -0.5678226346511841
v 0.90700229759979256 0.084051570304870621 -0.93442516887664795
v 0.53247081555938724 0.084051914184570309 -1.1882408094329835
v 0.081683434448242193 0.051681898448944094 -1.3045930692672729
v 0.067666486110687263 0.10892355626487731 -1.2884199301242829
v -0.36967946525573731 0.05168808687973022 -1.2537949137039184
v -0.37732004393196106 0.1089210480003357 -1.2338088585681914
v -0.77644916052627566 0.051688147579193114 -1.0516952876434327
v -0.77679317926025382 0.10892104558181762 -1.0303013108310699
v -1.0895664728088379 0.051688111965179445 -0.72266132937240601
v -1.0825723261013032 0.10892104558181762 -0.70243957131385804
v -1.271098909877777 0.052525830574035641 -0.30634017990112306
v -1.2571227248706818 0.10513330273246765 -0.30517837278747562
v -1.2816664743034361 0.015610127167892455 0.20680928013687133
v -1.2848997201431276 0.011182725544738769 0.15081960695953367
v -1.2066875828826904 -0.030740768908691405 0.13125320587463379
v -1.2860030282173156 0.015192278469085692 -0.16574364961242677
v -1.282843032826233 0.021397592687988281 -0.21007286964874267
v -1.1338805749294281 0.015610145513534547 0.63274026008987427
v -1.15606853097229 0.01118274536895752 0.5812329920043946
v -1.0892653007171631 -0.030740609268188474 0.53609665475463875
v -1.2639181271320341 0.0094626322303771986 0.26622917361679077
v -0.84933064177246098 0.015610261425781249 0.98244012347526555
v -0.88779685729675295 0.011182771601867675 0.94162749593811035
v -0.84046006831054687 -0.030740604153442378 0.876364834362793
v -1.0968798416210175 0.0094626625099182137 0.6825066063289642
v -0.46233810901031491 0.015611634335327145 1.213730829052353
v -0.51244347508850097 0.011183646014404296 1.1885362196823122
v -0.49028555194702145 -0.030734468838500971 1.1110176574340822
v -0.79754051090774536 0.0094629285148620616 1.0165505722957611
v -0.028893934197998038 0.0025416341979980486 1.2836355166442872
v -0.088259925134277328 0.0080134990966796889 1.2871355019195558
v -0.40200502990036002 0.0094674617980957006 1.228068083348465
v 0.41163551085815431 0.0025417018615722675 1.2161500702453614
v 0.35704699283752439 0.0080135238830566415 1.2397436434417726
v 0.8025166033630371 0.0025416840515136733 1.0020674853149414
v 0.75928956402587899 0.0080135526885986349 1.0429082637573241
v 1.0699535293640137 0.0080138520050048838 0.72036998847351064
v 1.1549473155937195 0.11992193078994751 0.56570622611236576
v 1.2564232748641966 0.15675287024688722 -0.14661603518104555
v 1.2612366500434875 0.13776512638092042 0.16663514794921874
v 1.1434719608020782 0.13516332913780213 -0.56077457406234754
v 1.2467753419952392 0.17661501875972749 -0.25679052110576628
v 0.86778173985481266 0.15675290015983584 -0.91975180228805542
v 1.0835169009199141 0.17661503350543975 -0.66767824935436249
v 0.51503976121902473 0.1351633078365326 -1.1644126126041412
v 0.78957209623146052 0.1766150835237503 -0.99794845153999323
v 0.066164862190246587 0.15609076121520998 -1.2624059293937684
v 0.40039473030948636 0.17661508828544617 -1.2077658988647459
v -0.32819939817047117 0.13820831764793398 -1.2290431131229402
v -0.72900489292907711 0.13820829826927183 -1.0426231269817352
v -1.0418799510269166 0.13820829826927183 -0.73036230676651004
v -1.2367260395317077 0.16745576078796387 -0.27713095815849309
v -1.2735042796192169 0.12176020183372496 0.14969959136009214
v -1.278423800174713 0.11990063205337526 -0.1352040026626587
v -1.1457437195606233 0.12176019850158692 0.57628390156173692
v -1.2630069044189454 0.10713800672149659 0.28540652861022947
v -1.2359499282531738 0.1403767041053772 0.30336405233573915
v -0.87978774259185788 0.12176019750022887 0.93344540688705446
v -1.0762711501579283 0.11631493183898926 0.708040303237915
v -0.50771458703613281 0.12176038092803954 1.17810714752388
v -0.78451596276092528 0.10713827746582032 1.0306553606872559
v -0.75224607271194466 0.14037659790039062 1.0270203551807402
v -0.36981080065536498 0.11633080171203614 1.2344348428421021
v 0.088179750614166275 0.11992193295288085 1.2834091791152953
v 0.52157154642868042 0.11992168026733398 1.1758966895446776
v 0.89205603524780275 0.11992193078994751 0.92664180931854245
v 1.2318167280969621 0.15399164562225343 0.31461225345802307
v 1.1177330463943482 0.15955633165931701 0.60370008255767815
v 1.1485307448387148 0.18791275212478636 0.56017631974411008
v 1.2766683620643615 0.19259177673530581 -0.11284264152717589
v 1.160839110397339 0.19259192093849184 -0.54263512622833243
v 0.90499869527053833 0.19259203086090088 -0.90689263233757023
v 0.54000369246673574 0.19259192400550845 -1.1616789930667877
v 0.083171705603599544 0.21701341788768769 -1.2869630458717345
v -0.35194974094390874 0.19554266992950436 -1.2336347470321654
v -0.038494968929290774 0.21297182884216309 -1.2888657944641113
v -0.75289453781127935 0.19554250245666505 -1.038815435508728
v -0.50040394594192505 0.23888505842971802 -1.1903857776422502
v -1.063026619857788 0.1955424897003174 -0.7186137640914918
v -0.85840815470695486 0.21297183680534362 -0.96240878626060489
v -1.2562146665267944 0.21680448747253417 -0.29571509912490845
v -1.1489497522363663 0.23888504809474945 -0.59005866838741305
v -1.2526024866275787 0.15936430316925049 -0.18410532646369934
v -1.262341907438278 0.16897828513145446 -0.12925266770744326
v -1.0566214853477478 0.17087047372627256 0.70551430995178221
v -0.098088638064384462 0.13919558312845232 1.2702737137377262
v -0.35637933178329473 0.17085947813224792 1.2198404517211916
v 0.34204472037053113 0.13919534615874291 1.2272628758523463
v 0.036668639404296877 0.15955645749092101 1.2701759150924683
v 0.091240960422515865 0.16850458007621766 1.2661358467102048
v 0.74092358855915064 0.13919532770919801 1.0363113273704052
v 0.46864181341361999 0.15955633901977537 1.1810814906578062
v 0.5202102016448974 0.18791295266723632 1.1675364682006837
v 1.0504384558503626 0.13919534638285636 0.72045158404445653
v 0.84409132131767273 0.15955636090469361 0.94961691948509208
v 0.88329936515045171 0.16850454884338378 0.91144384631919861
v 1.2474523183288575 0.20957832023620604 0.33118203561401366
v 1.1630013038597107 0.22741593676757813 0.5680393648223877
v 1.2873891938066482 0.25302616165733338 -0.10675103197288513
v 1.1561285020866392 0.24818573425483706 -0.58080996462821965
v 0.91510942062377931 0.24553114802932741 -0.913883717004776
v 0.52897966315841671 0.24698998407363892 -1.1801207418861388
v 0.076578039627075198 0.2854441153869629 -1.2771803004837037
v -0.35764953910903935 0.29111669118309025 -1.2244248477884294
v -0.37233718562316898 0.23727425846099853 -1.2398906953125
v -0.7529173959388733 0.28409642410469055 -1.0356866253185273
v -0.77419980921173093 0.23728013931274414 -1.0377310396347044
v -1.0614724705823897 0.29111626573944094 -0.70789482592868813
v -1.0826657013397218 0.23727420750427247 -0.71030128002166748
v -1.2571227040367128 0.26974936867141719 -0.28223760017013549
v -1.2681664968166353 0.18012757781791688 0.12582918811035154
v -1.2854054443893432 0.22004837238693239 -0.13443839974594116
v -1.1488922870445251 0.18012754796218872 0.55202780519104
v -1.2587514720764159 0.20914287993812564 0.2713255065364838
v -0.89104225642967227 0.18012753125572206 0.91172904495620721
v -1.0812968564281462 0.22643453568649294 0.71150704011917121
v -0.52571756891822818 0.18012761891937257 1.1615475759162903
v -0.79030637733268738 0.20914288111305235 1.0171335464572908
v -0.049750042998313912 0.2450259307374954 1.2922039773101806
v -0.3708887803144455 0.24145246935367584 1.2399149668445588
v 0.35607620206260682 0.22181289428329468 1.2438169173927307
v 0.059669009357452389 0.21780653932189942 1.2914259252510072
v 0.79205042986011498 0.24502593736362455 1.0220411708927153
v 0.52624043589401248 0.22741601800155642 1.182861571144104
v 1.0718286015281677 0.22181289000892634 0.72411328006935116
v 0.87537010832214357 0.21780666464614867 0.95111182669067373
v 1.1383754910459518 0.26715735636520388 0.60492724416160581
v 1.136789394985199 0.30842164420318607 0.55224027476501458
v 1.2506897956237792 0.31580583632087705 -0.11062750245666504
v 1.2646134014415742 0.29223036736297608 -0.16584358657264708
v 1.2480755123586655 0.31476499505863187 0.14989004781665805
v 1.2153727627944948 0.34019391551513672 0.18621769717102049
v 1.1131541549865724 0.34023024316558836 -0.52018238699111929
v 1.1463089938911437 0.29240387898178105 -0.5593868283493042
v 1.2084140583114622 0.33058690847015382 -0.27732025993347165
v 0.86078731324005131 0.33465810232543947 -0.8846112778320312
v 0.89040037642955783 0.29103279962062834 -0.91422833183479302
v 1.0471051749073028 0.31159910379486083 -0.70010319891815176
v 1.008908072970581 0.35662656544456484 -0.66601812818870543
v 0.50197513956832895 0.34783284015274041 -1.1107161748046874
v 0.51209227405548097 0.29100084850807184 -1.1689750785045625
v 0.74691997455596915 0.33058143945312501 -0.98896724775695799
v 0.065909668964385978 0.32037834633636475 -1.2488413654308321
v 0.3516466165657044 0.31159085583190921 -1.2091812662963866
v 0.37139402648925779 0.3410772224212647 -1.1701530257110595
v -0.35442392453613281 0.33156234684753416 -1.1868760565307617
v -0.70888379733085627 0.32570873250389099 -1.0235078102664945
v -1.0348628670837403 0.3315571578063965 -0.68120306692504884
v -1.2013904290294648 0.32570833372497554 -0.32821444544219969
v -1.2829750489940643 0.26480237379837035 0.12289331930351258
v -1.2683430348777773 0.29055857570457455 -0.14469191462898254
v -1.1616235206394196 0.26445543638610836 0.55848996813011176
v -1.254019664466858 0.27110526821899417 0.2929804791793823
v -1.2140470974468229 0.32385442637748718 0.28701642962188723
v -0.90427230852508533 0.26480237379837035 0.91899815358924863
v -1.0773183259029389 0.27080231915283204 0.70634100652503973
v -1.0562798284626007 0.3186678699207306 0.67305808123397826
v -0.53131653074836738 0.26445550317955013 1.174681735710144
v -0.77276171961021412 0.27110526821899417 1.0306806423721313
v -0.74597506541099556 0.32385444668312069 1.0004179355804443
v -0.38940355712509156 0.29839816358947757 1.2110471768302917
v 0.07476971194458007 0.27164873055267336 1.2863372470626828
v 0.071155183748626727 0.32386262527351384 1.2460542139141084
v 0.48366499604892738 0.26715753454780578 1.1952899839248659
v 0.51631617288589493 0.30842166526794434 1.1539086528167724
v 0.88366689644622798 0.27164872582244881 0.93750720034790036
v 0.8550043268245695 0.32386260119895932 0.90897177539253238
v 1.1695629151823861 0.38049573700223649 0.15155193600627354
v 1.134358100167411 0.41051991897147033 0.11026763780866351
v 1.1219038437696185 0.42357455825587681 -0.0029251757398332809
v 1.0948650461469378 0.44552737141200471 0.042660911738804402
v 1.0030919020865303 0.43694598811558316 -0.46392251775905069
v 1.0313969205245974 0.39774860523223876 -0.52288264198303214
v 0.96602611182512566 0.40123484700884138 -0.62723629428754535
v 0.91208137170410153 0.43427091191101075 -0.63115561715698243
v 0.49650978506033761 0.43622308766610285 -0.98637777877807609
v 0.5827336764945984 0.42566007603454592 -0.95328628971862794
v 0.46127164585658481 0.43135448570469448 -1.0103516733398439
v 0.46433769368743893 0.3947505365524292 -1.0620385612945558
v 0.33549595412554056 0.40123471286664691 -1.1006839409179687
v 0.29157205618286131 0.43421874971008301 -1.0689431446075439
v -0.27388861522129604 0.42411387412370954 -1.0865659583653042
v -0.17508152095031737 0.42303385787963871 -1.1074211071014404
v -0.29619219484492709 0.39332389517865862 -1.1230501839534215
v -0.3782675973205567 0.4021793109436036 -1.0866646110839842
v -0.74767732789039609 0.32782495890808105 -0.99148168848991403
v -0.88745850120762426 0.43663229938180109 -0.65835834507097524
v -0.85657134656524669 0.41001648065948487 -0.74953371187591555
v -0.94063210850088952 0.40385414582334245 -0.65775443025371005
v -0.97610244212777275 0.40503635641588487 -0.60204308768681125
v -1.1780489478492737 0.34994181477355957 -0.29983354324340816
v -1.0973977195565359 0.44030545588030134 0.089741628522600453
v -1.1159468815939768 0.42790319426618306 0.025895093965802869
v -1.1338442458637783 0.41236842446572436 0.081877582739693783
v -1.1789932748947143 0.37230302393722536 0.16015495513343811
v -1.0164360717620851 0.36174270266723629 0.63883400564575199
v -1.0513623383331299 0.36673051049804684 0.56550207756042492
v -1.1073639035339355 0.33846701192474371 0.53674448062896729
v -0.80066673081588746 0.37230273426055904 0.88070374432945253
v -0.36845282044982908 0.3617565649108887 1.1429091722564699
v -0.4370257197570801 0.35655887768554689 1.1252939183959962
v -0.50372919814300543 0.33846746882629397 1.1231464596176148
v -0.37241902508926394 0.33250450050354008 1.1808649610786439
v -0.31898916002655031 0.33374139461898811 1.1952430307102204
v 0.42910796188354489 0.3569682370910644 1.1278362292480468
v 0.36106300401306152 0.32796824073791503 1.1895022398910524
v 0.47374925038146976 0.3285813379821777 1.1486980526809694
v 0.5192132863464356 0.34550276692581172 1.1073428336296081
v 0.78080309106445311 0.4342773967895508 0.78930023875427247
v 0.87080565089416506 0.41003985154724121 0.73534663622283947
v 0.82305645370428904 0.43549689358629501 0.74199925321252003
v 1.1008313818931579 0.32858129082489013 0.57561020968246468
v 1.1090767758331299 0.34550274364471434 0.51470594059371955
v 1.0532265323791503 0.35696799143981939 0.58831943911743168
v 0.78311037324305943 0.46367315048653746 0.73913961213902057
v 0.74204511861746647 0.48858045024980823 0.74693931839425221
v 0.67627565066746298 0.45330560114615304 0.8517735408913748
v 0.89823993536376956 0.5769850103759766 -0.38942826763916016
v 0.93785045004272449 0.53220179911041265 -0.3757941418228149
v 0.97432695074462883 0.58418120925903327 0.068996935089111325
v 0.48387893984222413 0.57970473902893072 -0.8475124928207397
v 0.47594858587646488 0.53220162883758548 -0.88951270645904545
v 0.33455007946777338 0.56453423779296874 -0.92856001757812501
v 0.79022946054077148 0.58418497576904294 -0.57309366519165039
v -0.19230582421875003 0.57068968679809573 -0.96227029083251958
v -0.23271808982849124 0.53734220867919924 -0.97766398341369631
v -0.35772871817016605 0.56504210107421871 -0.92008711543273924
v 0.24249662176513676 0.58728802810668945 -0.94196806506347652
v -0.7521742413635254 0.57974944668579087 -0.62342531098937992
v -0.80084540798950199 0.526895149093628 -0.6224308175506591
v -0.85318564910888672 0.5729089189147949 -0.48771718490600591
v -0.7556285205078126 0.61168537854003913 -0.58933477996826178
v -1.0583008838500976 0.47816139439392091 0.046813354812622068
v -0.96145044546508784 0.60641791742706297 0.0337552297744751
v -0.98128278942871106 0.57091380137634284 -0.05798158226013183
v -0.99130820089721694 0.5577647000427246 0.02919722955322266
v -0.78744391255187984 0.4764250742645264 0.71132385781860352
v -0.78342455098615371 0.44031413236345562 0.77431675618198936
v -1.0310469048549105 0.46369536605398992 0.30970375901140484
v -1.0172738328726632 0.4885970165165493 0.27022252128819058
v -0.5870963060122899 0.43549647267041891 0.93996778349086219
v -0.59121388635689875 0.46367370406668523 0.90013380238996221
v -0.60603380819048192 0.48859314278302868 0.86106414703151146
v 0.15400638905770436 0.43549669574356087 1.0976115225508556
v 0.12524731492832727 0.46367314407348637 1.0697430010768347
v 0.088776178211757109 0.48858045344543455 1.0493215887167793
v -0.028992372667585101 0.45330559150695793 1.0873535172794886
v 0.68675423770141597 0.59737237928771969 0.6837193755493165
v 0.6809860693817138 0.67194430823135376 0.6379977379302979
v 0.84286860464477531 0.78047229649353023 -0.34063199952697754
v 0.85073028288269037 0.71662088952636727 -0.34093421638488769
v 0.79623586798095702 0.74986551121520995 -0.44277204679870608
v 0.9083586841888428 0.7414228224029541 0.094297145797729492
v 0.90546151421356202 0.78610769998931884 0.078777592758178722
v 0.41466616612243651 0.77731540431213375 -0.80823692404174818
v 0.43208675262451174 0.71669295248413079 -0.80768523521423341
v 0.74811306369018538 0.72566483940124515 -0.5291128267517089
v 0.72451235388183588 0.78166670027160645 -0.54793428041076675
v -0.20253018418884278 0.77720700860595704 -0.88551455200195317
v -0.18864971862792967 0.71661661956787093 -0.89599194721984865
v -0.2921905274658203 0.74990452761840809 -0.8625220966491699
v 0.20696725811767577 0.72626731716918935 -0.89181874914550796
v 0.2017769501953125 0.78923201107788088 -0.88522153169250495
v -0.7248592171478272 0.77723365798950184 -0.54801509120178227
v -0.72113538578796399 0.71662822781372071 -0.56503968057250986
v -0.90859722221374517 0.79902845568847658 0.034173497650146489
v -0.9096566013259888 0.74168477946472167 0.071848658866882326
v -0.70260100648498536 0.63668755830383295 0.63413644322204599
v -0.73191976076507581 0.57417171056365957 0.65435775202178958
v -0.9348504092407226 0.59737524238586426 0.2539497895202637
v -0.89238066720199605 0.67195149416351319 0.27182145178985595
v -0.55336882739257809 0.59737483422851567 0.79561947421264645
v -0.50933264660644528 0.67194392332077024 0.78200785488128655
v 0.087057858398437493 0.59737238238525403 0.96535134048461901
v 0.11202812644577026 0.67194430824661255 0.92661948570632935
v 0.86216669331359874 0.83506704491424544 0.29717899065399167
v 0.87363262069702152 0.76029980162048338 0.25676172497558591
v 0.64851754158020014 0.79880311920166025 0.63739587728881841
v 0.65419175778198235 0.86325195765686036 0.64129845843505862
v 0.87223371254239768 0.91952546652221678 -0.33181556908416743
v 0.83484545020457679 0.88717651554107657 -0.39390052277374271
v 0.82482848875645232 0.93922854168701164 -0.45321721466064452
v 0.43223411533246725 0.91385497698974616 -0.82192782410321918
v 0.34123293662370957 0.93978781042480475 -0.87479097727312372
v 0.45244342556326733 0.95900587414550786 -0.83355188378470291
v -0.2063588448704311 0.91338589463152209 -0.90698060096740718
v -0.20362183482578822 0.97895771301051537 -0.94183310520935049
v -0.12437746870749336 0.96544158009774339 -0.94725994221496579
v -0.74389375252205991 0.94322726285008018 -0.57989793369838172
v -0.76128354874965121 0.9069003428791591 -0.53157342287554066
v -0.44020138714381635 0.9458921601889474 -0.83510158285522451
v -0.40502651056344174 0.96748578139822816 -0.86586665838623045
v -0.92979156026785714 0.91329128473336352 0.039382591899326864
v -0.85351601681082578 0.93531510297938758 -0.39039571834019249
v -0.87940714116995677 0.97613606808253706 -0.38646170166233607
v -0.87562422023010256 0.79881646057128908 0.24394310168457031
v -0.88177294668579109 0.86334151123046876 0.24673542118835451
v -0.098817277328491215 0.78929159300231944 0.90435525543212891
v -0.51439113610839837 0.79880335208129882 0.74992029920959469
v -0.5172871525878906 0.86324443286132824 0.75617408660888674
v 0.50515800849914549 0.78929159942626959 0.7564711175384522
v 0.087542438507080086 0.79880313464355468 0.90528813742065417
v 0.089380322586059574 0.86325214614868162 0.91192514221191412
v 1.0585792051293508 1.1395706685627527 -0.12566620955113
v 0.90149657291521346 1.029065650115967 -0.42690751908111574
v 0.91321025234549391 0.99716788250732424 -0.34108779003906248
v 0.77192349492100321 1.1581459116527011 -0.74549980448041642
v 0.6924969102783205 1.1070275038452149 -0.78793918426513665
v 0.64974737910679425 1.1159928717128209 -0.82901519866834372
v 0.15409654605102541 1.1304913762054443 -1.0527419249114991
v 0.065615681932721825 1.1295925968584333 -1.0605419656938824
v 0.024867693837302064 1.0877113957001825 -1.0413230622841971
v -0.052654121444702148 1.1109438218307499 -1.0532488742141723
v -0.38051941624450686 1.150275030166626 -1.00176515965271
v -0.42482148358154298 1.1304265123901369 -0.97493280512237557
v -0.66409885605948316 1.1258126437922886 -0.82676931197466175
v -0.63740498889160158 1.0789573654937743 -0.81546295623779297
v -0.71566789920806895 1.164081739967346 -0.80353401218032827
v -0.87032795161437992 1.1312477775878906 -0.61246902989196783
v -1.0372096774520876 1.1258603274111065 -0.20523377291325162
v -1.0123981302185059 1.0793371155548095 -0.18899248599243162
v -1.0660760951709747 1.1628553759103499 -0.15135142361041476
v -0.94180837237984805 0.99049423626273014 0.2335564410749163
v -0.98295879261997765 1.051359277166094 0.24285543255070277
v -0.97253605434744705 1.0111371672101701 0.15125790847342352
v -0.91501039709254672 0.9552463553183419 0.25214704786464148
v -0.92579229589843759 1.0033593812255859 0.31887044104003903
v -0.89476476892307821 1.123246187800816 0.56453916513606472
v -0.58022310668945321 1.0072840315246583 0.79515125111389162
v -0.6019199735412597 1.0505723750348772 0.81854519741821297
v -0.54516701484680175 0.98410496097237721 0.79979542587280261
v -0.5062093938598633 1.0038275532226562 0.84129085284423832
v -0.0050240372112819115 1.0061377571640013 0.98450381871632175
v -0.064036988590785437 1.0204121238250732 0.99287749285016735
v -0.10238570180838448 0.99489664288330082 0.97043842301286976
v 0.052547051322937022 1.0686993910369873 1.0286706509628296
v 0.089037070650373196 0.95516728892517089 0.94616546681649338
v 0.13896581485639298 0.98805061166381836 0.96080534066554479
v 0.62713088587515686 1.0220347869197299 0.77253553868974956
v 0.57972583975219716 1.0336317261047363 0.8193122443237304
v 0.55001547431073872 1.0013422602255686 0.81105112515476774
v 0.70841553396606438 1.0070040522766113 0.68077321070861818
v 0.68758226898629315 1.0253322022923061 0.72033012206159319
v 0.95221641974748872 1.0088853165370397 0.24583520774187362
v 0.90075809326825818 0.98311081897626607 0.35124337914167131
v 0.97885157489558627 1.0447970742356436 0.24095627439662387
v 0.84775979498983922 1.2080919578038305 -0.65616106073522573
v -0.92783824207611088 1.2601116222865105 -0.52047353411293029
v -0.94507869524492538 1.1570623806607383 0.50999511561570854
v -0.72592771450042726 1.2026645811653136 0.79071835177993777
v -0.65621647189903254 1.1390996833820344 0.84217449199104299
v 0.033209401250839238 1.1717987333230973 1.0751248549213408
v 0.20139977507019044 1.2432301103267671 1.0120660831985473
v 0.40653929304862024 1.1499068135039465 0.991081308168275
v 0.70551327897262572 1.1505761909751893 0.80812387147521969
v 0.95861812082317899 1.1542975894151413 0.48492013495404379
v 0.3505223784957886 1.2643728256103515 0.95719922654418954
v 0.56079653752517711 1.2561247821674346 0.87070725710487362
v 0.64695904568481444 1.3105646483764648 0.77038144879150383
v 0.64805253238830574 1.2716968070358277 0.80029488832702633
v 1.006439677391052 1.2660696117553711 0.35646339991760256
v 0.99054146324920656 1.3283715046539306 0.33886411729431154
v 1.0375041559610367 1.2527499583482742 0.26648770743846895
v 1.0628186060180664 1.2917863611755371 0.01433997573852539
v 0.85234565609359736 1.2558876095085143 -0.63140049142360688
v -0.0041725625438690196 1.2747560721859932 -1.0522924003171923
v 0.066136778881073 1.2607471455726624 -1.0516243891601564
v 0.13255367930526735 1.7358903146926878 0.73678294255142218
v 0.18969344346809386 1.7403018592281341 0.70657424649810785
v 0.20048724591445924 2.1226581809844971 0.67735875465774531
v 0.25164900297546389 2.1282910744171142 0.66687369972229005
v 0.18044745471954349 2.5295208799133304 0.69239336032104493
v 0.22197204064178466 2.4318784009475705 0.6811976187438965
v 0.15246088992500306 2.6226482535730091 0.70087088144029897
v 0.14037757388305663 2.7705019476852417 0.71000530217742919
v 0.14431416771207539 3.5746417314992631 0.86962096627099172
v 0.33258788224792479 1.7454999528198241 0.67143108705139154
v 0.37769627958297725 1.7304423026504516 0.66161508715820316
v 0.32838565533447267 1.8714740497589113 0.64402882186889654
v 0.37199614892578126 2.1234426223449709 0.62938607069396979
v 0.28643495925903317 2.192096317619324 0.66120913333129883
v 0.28093100665283205 2.2528684057922361 0.66420426953125
v 0.31061975955200194 2.5128145309677126 0.65194788694763184
v 0.1831543612651825 3.1834611108493807 0.81047469729995725
v 0.52154154249027795 1.5134956819240024 0.70003707350049704
v 0.51149398626327514 1.7613688029174805 0.57449879286766048
v 0.54404734760284423 1.7606234961090088 0.54604508583068845
v 0.46118634255599977 2.0874974121894834 0.55576817734146122
v 0.46971662813568116 2.1377504698982239 0.54003314920425416
v 0.43001170915031428 2.2253024955806735 0.58009540156364436
v 0.39313724067306521 2.2351437402305603 0.61562058355331417
v 0.39886115307807923 2.4642981747951507 0.56192789880561833
v 0.31995185523796077 2.7254545961246492 0.6040033686332702
v 0.28431807076263427 3.3116480400695805 0.74140004516983038
v 0.68385481063842768 1.4868544619216919 0.61197543396377563
v 0.64934216283035284 1.5214390425186157 0.61034881435012822
v 0.54865695349502563 2.0721440015974042 0.45201843994903562
v 0.49490834861564637 2.229504601791382 0.48919915291786192
v 0.43852352165603636 2.4636190799865725 0.50556090076065063
v 0.46529952762222293 2.4675461033859252 0.47001901324844358
v 0.36693659818077085 2.5767248305950163 0.57777344207572923
v 0.30495909900474549 3.1217113221645354 0.68901620193862911
v 0.3074771778411865 3.3940810081481931 0.72635797781372069
v 0.31431191321563723 3.5390452740936276 0.73728657240200035
v 0.22857080841922761 3.9921794439220433 0.81001126779270161
v 0.77455810386657709 1.5264163801460264 0.50110091484832764
v 0.64250101205444332 1.8273644195251464 0.39191386787414551
v 0.59078543337249756 2.0915104121475219 0.39468148332595826
v 0.61530968264389041 2.1048602860031131 0.36264175091934203
v 0.53640104742050165 2.189217174442291 0.44439798406982423
v 0.50503793254280083 2.4703097854557035 0.41964716082000736
v 0.88330873758697515 1.5199876695251464 0.35156694786834713
v 0.85729485503387459 1.5226304801101684 0.39440864488220218
v 0.65579434766387945 2.0887424896316533 0.31609218551063534
v 0.68327991602325444 2.0753431768875124 0.27063326566314694
v 0.60512017992401124 2.2272258669662475 0.35108773444366459
v 0.54153760372161863 2.4633854155921937 0.37290243551635738
v 0.4982228109207153 2.5435538831558233 0.4102271764144898
v 0.38935958158874517 3.5581875781288148 0.59969207891082765
v 0.93225910064125062 1.4938775278511045 0.24431509594345097
v 0.78364856391906745 1.785898515678406 0.20233027629852296
v 0.77812557884597777 1.806287663799286 0.1599763836288452
v 0.7595931162109375 1.8264436540985109 0.2313267988014221
v 0.64729897060203556 2.2021034190597533 0.24541446810913087
v 0.6313904415607452 2.2210536223220827 0.31054995133018493
v 0.94590122207450866 1.5128516406402586 0.096588587961196903
v 0.78053035977172858 1.7980053079986571 0.11564796087646485
v 0.64759953951454163 2.1720859378261568 0.14944951247978208
v 0.66174179539680489 2.1546278125991822 0.22198083439636232
v 0.52173883019256584 2.5345700490188596 0.2672763861999512
v 0.65458311354827869 2.1471721135902406 0.10746374144363402
v 0.52989784735584267 2.491964519162178 0.11837634044456481
v 0.52735936902999869 2.5031530834007265 0.18201649283599852
v 0.51477085765838626 3.1783473124542239 0.33074567344665529
v 0.50748062645339975 3.3468002769393923 0.22620714853286744
v 0.53070032793426514 3.4613342639541629 0.29654354231071467
v 0.82158097116034379 1.6931689062701634 -0.18035327626582556
v 0.77468866982814233 1.7960736583753314 -0.16340293443952289
v 0.63970318878936772 2.1592069963531495 -0.10292086318206788
v 0.64452686766052247 2.1581692062911988 -0.037555550994873052
v 0.51798469791603097 2.496650608189583 0.0093290626783370974
v 0.51831135164260878 2.5140872088336947 0.060654267345428468
v 0.4929458297786713 3.4047621030654911 0.15612774666213991
v 0.92691539110238219 1.4366406856166296 -0.37049565868377687
v 0.90362261148071288 1.5189908443374636 -0.31068481971740725
v 0.77979446580047607 1.7583176156051636 -0.33360141466369631
v 0.59823125842285152 2.0334286180419925 -0.36016838722229005
v 0.62097040182495111 1.9976128851776123 -0.35946864479827878
v 0.60746596689605714 2.1161619208450322 -0.27219573593902585
v 0.64310547631454473 2.1064153576583857 -0.21364344818115236
v 0.47501620239257814 2.3770983658523557 -0.22678402865219116
v 0.47179929699325562 2.5028601699180602 -0.10941399180984497
v 0.46805799949836729 3.3052193182411189 0.080473662313461314
v 0.7434669886360169 1.6687353035796031 -0.48049402883366177
v 0.77273725475692756 1.6054259132881166 -0.50212783447647102
v 0.660774197441101 1.7825765958360944 -0.4973481944460188
v 0.70124061519241332 1.7497794659102304 -0.4654459647620065
v 0.5447877405853272 1.9854928689422606 -0.48679695995330807
v 0.52549072550964349 2.1017406128768918 -0.40615838906097412
v 0.5667962712326049 2.0801502311859132 -0.36355168795013426
v 0.42060243863105773 2.3412574413738247 -0.3433228440589905
v 0.38470658497810362 2.3779839022884364 -0.36729227031707762
v 0.44720678049850471 3.5234491084480286 -0.092704205894470204
v 0.66021122575378421 1.676861854034424 -0.60032125917053225
v 0.64127524295806881 1.6583171958827974 -0.64574785002708435
v 0.49160678950500486 1.9641761063346863 -0.5899287596244811
v 0.45438003258228304 1.9841646293907167 -0.62755585013198856
v 0.48099914247894288 2.0791018434333806 -0.4989184362487793
v 0.35203193335342403 2.359292230480194 -0.44162076356887814
v 0.36037381573104854 2.3164203399887082 -0.46858342797470087
v 0.52610755615234361 1.7284168275985718 -0.75312134809875486
v 0.39706410851287843 1.9695529996185304 -0.72197885875701906
v 0.38349078016662597 2.0775493821411133 -0.64550236731719979
v 0.29984971318817144 2.3395704335556031 -0.53567562611389163
v 0.28338094396591185 2.3078330883216855 -0.58524738245773311
v 0.32650739821624752 2.3667362182426452 -0.47458764223861694
v 0.28719729199600219 2.4519232492141727 -0.45588998753738408
v 0.33854974042701724 3.1990233564815522 -0.19134212961387634
v 0.2976664826202392 3.1853592500829699 -0.29876252488040927
v 0.47225752205657956 1.5081248269691467 -0.92465595074462892
v 0.52292243481445322 1.5067000112686157 -0.88335923210144041
v 0.37139942847824098 1.5064049893074036 -0.99743997430419917
v 0.40478569120407104 1.7694422321205139 -0.90492528065490729
v 0.46671846147537233 1.723531064664841 -0.8416999406757355
v 0.33849787995910646 2.0351582994537356 -0.75549247349548343
v 0.25285665484237674 2.3004896249732969 -0.63502511977005005
v 0.19444908213424683 2.3200924809036252 -0.68317128394317628
v 0.36427426848602296 1.6846202611541747 -0.98963862976837158
v 0.31877309127807618 1.7008382735290528 -1.0155195884094237
v 0.28830846716690062 1.7472048550434114 -1.0153585224227903
v 0.32467393534851074 1.7717216886367797 -0.98977596141052249
v 0.23749612652587893 2.0611344094085693 -0.87439136958313002
v 0.27375752258682251 2.0723643507041931 -0.83150698727035532
v 0.15764064972305297 2.4033675959587097 -0.63959110129928587
v 0.1913981812171936 2.4348196180496213 -0.59268712271499635
v 0.19420015864944457 1.6422892321929932 -1.061295095100403
v 0.017635743210792542 1.4882590222892762 -1.0841676935243609
v 0.022314552715301514 1.5430486001930239 -1.084572949306488
v 0.15766232595825194 1.939639721961975 -0.97261854415130622
v 0.097142352296829243 1.950159611946106 -0.98050799733543403
v -0.020502938972473145 1.7525534777984617 -1.0555993778991701
v 0.016650137512207029 1.7874246805725096 -1.0471959837646483
v 0.023993493005752563 1.7106589718513487 -1.064836788761139
v 0.094728677844456266 2.314427582472665 -0.72982923828669954
v 0.038107174649102349 2.3177545489785332 -0.746108797032765
v -0.0015695515937805184 2.0891937250785828 -0.92398471422576911
v 0.23797866989898681 3.5239802557811739 -0.62966477273368837
v 0.18464902470874786 3.0767685712718968 -0.36714358343124393
v 0.10120145962905885 4.0734127424526214 0.56852637554168695
v 0.28641102662467954 4.1432407972278593 0.75375446611022956
v 0.047757631801605221 3.8747627040100094 -0.4462006858024597
v 0.136695034116745 3.8719351780781746 -0.43639998864078522
v 0.11053436452484131 3.8942785475082395 -0.40502514711380011
v 0.25722795509719848 3.924520963868332 0.79607190950164797
v 0.31374945671522614 3.9313281093150376 -0.32624999477660654
v 0.30426328007507319 2.6814594714965816 -0.21781838024902345
v 0.31669895079803467 2.6937432268753048 -0.17940722638702394
v 0.28380591389465332 2.8370307614135744 -0.14116980413818359
v 0.15066648607921598 2.9828430881290435 -0.20322095844173432
v 0.090477292979512902 2.4118941890607566 -0.65649115983976647
v 0.40899806855773924 2.7324007992849348 0.019413977064132691
v 0.13045671163558958 2.8632444826698302 0.73248595550155637
v 0.1847281740703583 2.8570773918437955 0.71072822923660284
v 0.23499224409294128 3.0817533782577513 0.75026943824768066
v 0.27541859095954896 2.8369441996040345 0.6618644944839478
v 0.33047547109603886 2.8374968602371213 0.5863132708396912
v 0.33088776949501036 3.0173671807956692 0.6336097114734649
v 0.39933829141998289 2.8085660984840395 0.4933597250795364
v 0.4583893026275635 2.7734404756469733 0.38059416278457636
v 0.36841088006591793 4.0408422554550167 0.66432656931304934
v 0.024506797376632687 1.3569964616966248 1.0058930053443909
v 0.096979799186706545 2.7593909694175718 0.78283948618698129
v 0.1005920852584839 3.2011426595249177 0.94506149466133116
v 0.10058883507537841 3.1185783368721007 0.88584531404240918
v 0.10082166120529173 3.0580620809154508 0.87088704315694176
v 0.10067526873506819 3.4293215203963689 0.93069823570919041
v 0.099138372529983518 4.1063176271762849 -0.18527437640190125
v 0.097175319435119631 4.1473972103576653 -0.19837222203445437
v 0.096851423878261012 4.1342762348651885 -0.11614249226760864
v 0.099038598684583395 4.2890381941719049 -0.1529953794457572
v 0.099136046461741123 4.2846042187474573 0.13584384820175172
v 0.10039538097763062 4.1531581834907527 0.71524110658645634
v 0.098657426922798164 3.8481164045572278 0.966267622004509
v 0.094017265337944023 3.8960962002820967 0.97452357531642908
v 0.098923082841600674 3.495961479306902 0.99003859644372127
v 0.094732703372410368 1.7890214257297516 0.94399259222902576
v 0.099932873143513998 1.6152726211077371 0.98440386266326896
v 0.094839521769205737 1.6446049475606281 1.0144035650863648
v 0.093854597109985366 1.8738996218215944 0.76087440325622557
v 0.090929451019287108 1.7703793669738772 0.83935012203216552
v 0.095823802161407456 1.7507792476512909 0.78470485967330939
v 0.12170507993240356 1.8966355541030884 0.70526920053939812
v 0.1073031859703064 2.2688041556129455 0.72838314072799681
v 0.10350097422790527 2.6125551868787489 0.74835024627031599
v 0.12855680577468873 2.5298289332002915 0.71286334853254041
v 0.1884022458000183 2.6532288829126358 -0.4148509409532547
v -0.45084997206115718 1.2543778732147217 0.92585226791381836
v -0.53873375547981261 1.2613982351608277 0.87625849627304064
v -0.67177699169311511 1.2482301767547606 0.79810615862731926
v -0.71387183742561344 1.2486249112178802 0.76478709193916317
v -0.70036042924118047 1.426208951927185 0.64483088397979749
v -0.89857799353027357 1.2575147729949951 0.55907554789733882
v -0.93739880918312068 1.2614514243946076 0.49473975520324709
v -1.0082328168888093 1.2334963072299958 0.37136404317855842
v -1.0519409266799928 1.2873429850402833 0.13758371698760985
v -1.0564413857434274 1.2664875139619827 -0.15135298833093644
v -1.0099127594146728 1.2604125850830077 -0.34891721000671383
v -0.81960075649261477 1.2484068851547243 -0.67815852491760253
v -0.63520860168457038 1.4625704761047364 -0.79045130133056629
v -0.58831706563949593 1.3919529714546204 -0.85464073837471011
v -0.65124060385704041 1.4123942031936645 -0.79194457250976558
v -0.40300943966293334 1.2795917225006104 -0.97026779209365843
v -0.33915061229419707 1.2719466581394197 -0.99736770217952719
v -0.33656042619323723 1.3949359941329955 -1.0084914422340392
v -0.15641440897216796 1.7432050571502684 0.71803692914428696
v -0.13935541012039185 1.7091571197990418 0.74299105178298952
v -0.2681676174240113 1.8471638557472227 0.6618690602722167
v -0.10432371685676574 1.889691072726059 0.7302004613941192
v -0.24639921867370607 2.2551376854400633 0.67205943881225583
v -0.20394738881587984 2.7701498489170073 0.69026163151741027
v -0.17825079504966734 3.3663330935478211 0.83406258683300016
v -0.34791488144683835 1.7756471383285521 0.65715259529113768
v -0.2835048323020935 1.7744531557884216 0.67506442372894282
v -0.41127374000549316 2.1366036308135987 0.60567773152160642
v -0.35756655269241333 2.1655268738632198 0.63579663934707642
v -0.298101095615387 1.990781861913681 0.64735787413787849
v -0.35323169767379758 2.4925461321678162 0.62171610253524778
v -0.31755480311965945 2.4822389412002566 0.64980949074935923
v -0.2984259591598511 2.2809832794952394 0.65996923997497547
v -0.18879926186370849 3.1743205569610593 0.80471406460762029
v -0.56238490354919435 1.7573217533874512 0.52996830069732659
v -0.53243983538818362 1.7305339071960448 0.57078427313232427
v -0.47403641696112497 1.5125107650800433 0.7273588571924483
v -0.52184064946201869 1.5127070655648369 0.70045441231754846
v -0.50593385175132755 2.0952261488056183 0.50060683792877203
v -0.46457406406784052 2.137393450237274 0.54627215443420418
v -0.44244573475189208 1.8733664003082275 0.59321153370895385
v -0.38701470616912842 2.4974724529647823 0.57100534256362923
v -0.43096234765625002 2.2313255645599366 0.577159995765686
v -0.25560449044036865 3.1408634917716984 0.74537794527053824
v -0.65419073908996583 1.5032830744934083 0.62022105700683594
v -0.69055847183227537 1.5125512710266116 0.5852551759338378
v -0.54773584437847123 2.0891775464630129 0.44957210518360136
v -0.53204930140686035 1.8382050721130372 0.52747546875762941
v -0.46529911289596559 2.4675355152320866 0.47008121811294556
v -0.47105400070762637 2.2639505100851056 0.51307379987239843
v -0.48147072604370117 2.2217756524124148 0.50852807136535638
v -0.39188053898620606 2.5862313291702268 0.53457654965209955
v -0.31465513974428172 3.1121379896602628 0.67494589031219487
v -0.33375344836807253 3.5385514132289888 0.70925327734088894
v -0.75308494246292113 1.5119078648777009 0.53602846863365161
v -0.78220514442443856 1.5329157871017456 0.48445804064178466
v -0.59979959116363524 1.8613962700424196 0.43541776971435542
v -0.63693145252418515 1.8308611301612854 0.39857098091316223
v -0.50702874341583248 2.4455694869918823 0.42264612229919429
v -0.51496000672912601 2.222446479236603 0.46456753678035739
v -0.42904468291854858 2.5741628205585476 0.48883176500129699
v -0.37045454505920411 3.2702240959091187 0.62216703394317618
v -0.3501538173446655 3.3654962115173341 0.66498435223388674
v -0.87585607820129396 1.527898869140625 0.35590194386291502
v -0.68355729978561397 2.0497145378837587 0.28065084167098997
v -0.67322826649284362 1.8488896705951692 0.34359846316146853
v -0.72276551603317263 1.8202645857429505 0.29402851451492307
v -0.54893286590194701 2.4698139915275572 0.34886816559219358
v -0.58297305137634292 2.2347942340908054 0.3768221556491852
v -0.47071291426849365 2.7065389556236266 0.39784667738342283
v -0.39799266851425169 3.3522129258499147 0.59183125320053109
v -0.92140142276954651 1.5116172750148773 0.24683656176567076
v -0.56446622426986692 2.4075400935573579 0.20860364674568177
v -0.54860401456356045 2.4697730281820296 0.27642634322261811
v -0.4775068430633545 2.6853754044799807 0.34551289468383789
v -0.42692257881641388 3.3212741519937516 0.54494353813076035
v -0.8269325357627868 1.6999743562202454 0.087050531402587894
v -0.82669544071960444 1.6928330237884524 -0.029948900756835935
v -0.82760219271850577 1.6952422526473998 0.024427589630126954
v -0.69408010842895507 2.0334879640417101 0.092701543051719668
v -0.69548210422515866 2.0230798635559082 0.024020551628112792
v -0.5564441316337585 2.4200431541442873 0.11424076369094849
v -0.5321396398739815 3.387227507343292 0.34634441959857942
v -0.53893360048103334 3.6073163105354311 0.30094982763481137
v -0.50561096273040773 3.5025554227905276 0.46184993563079835
v -0.53073057580566407 3.5458220235490803 0.38956690112113956
v -0.82912164261191235 1.6783803509957451 -0.17624839197540282
v -0.8244703003992353 1.6894565496041434 -0.12762639022827149
v -0.69769388747787464 2.0093319194641115 -0.076197541503906258
v -0.55283416094589233 2.40428983404541 -0.0089051079101562496
v -0.56172515136718748 2.3965891110229496 0.040235530555725096
v -0.80308021010862074 1.7316802059931073 -0.17349920286560055
v -0.7071594836120606 1.9827215163726808 -0.11952513121032715
v -0.69843214189910896 1.9914969121856689 -0.21550669660949706
v -0.52879821294403084 2.4064546306076053 -0.10051690536499022
v -0.43568268148803713 2.671834990623474 0.0010283243713378903
v -0.48985397740936282 3.1357912359390259 0.2429094707984924
v -0.7980055814071656 1.7090466539749145 -0.34830093736190798
v -0.82439227948341365 1.6867695932811735 -0.30351295819969171
v -0.59994887350463866 1.9768997827148436 -0.40884489407348634
v -0.62346606259155279 1.9971637893085479 -0.3566407700252533
v -0.76824639802398687 1.8009477721076967 -0.30587391613082887
v -0.46687421747589108 2.3606470430755615 -0.25431182763290405
v -0.62572225522613534 2.1395337702331543 -0.21277885816955566
v -0.37273819064712527 2.6417525432243352 -0.13150243570327758
v -0.47681994009780881 3.3863285936870575 0.095363241167068472
v -0.70931857844080237 1.6940129780510493 -0.50837294238935204
v -0.78071582181167598 1.6064049583511353 -0.48677988471603395
v -0.52009960627746588 1.9923689704704286 -0.51940564987564075
v -0.5473603704071045 1.95773790725708 -0.50926650070190427
v -0.71113813806806281 1.7703324061900549 -0.43101680431093492
v -0.38074722513866421 2.3572876821203232 -0.3948216904153824
v -0.4151311072463989 2.3476293307571412 -0.34620290229797368
v -0.5746444753646851 2.1003159259262083 -0.33399589746856684
v -0.53842961049652094 2.0838962448234555 -0.40294907941818237
v -0.35417585946655278 2.6253531250572206 -0.17652766618347171
v -0.4124442293930054 2.4713341493873595 -0.23184189136505126
v -0.45329915440750124 3.3077294440994263 0.020633253290176394
v -0.65743773816680906 1.6549851676712035 -0.62479228321075431
v -0.6820039548568726 1.6681830813140868 -0.57598993969726553
v -0.45290691994476318 1.9588045143775941 -0.65311833170700073
v -0.62685005882263178 1.7603618699951169 -0.5719159743118285
v -0.33556611436843875 2.3291926777305605 -0.49471687323760993
v -0.36881314826965328 2.3208482790222167 -0.45101174768066404
v -0.47564389978790289 2.0865009270324708 -0.50058449234008795
v -0.41228847828483584 3.3027185259475704 -0.11240112489128111
v -0.43398827919387817 3.29986995703125 -0.051822780937194821
v -0.53026824293518082 1.7149029754829406 -0.75794949760055541
v -0.54799521777725224 1.6732558123970032 -0.76550114232444766
v -0.5803255551071167 1.6475691796874998 -0.74119219456481933
v -0.37160976313781735 1.9667761859283446 -0.76828373669433603
v -0.41602960122299193 1.9435386748237609 -0.71939179976654055
v -0.54109487622070307 1.7385511891784668 -0.72356799914550785
v -0.41594433656311036 2.0494999978561399 -0.62521958062744143
v -0.31469158284378052 2.4511037144927976 -0.41555648920059207
v -0.35932196110916137 3.2636945575599667 -0.22663895624923708
v -0.43815296517181401 1.7266129746398926 -0.88186748812103266
v -0.42436732462310789 1.6159083720436094 -0.94213170252227796
v -0.45630693529510502 1.6617855617141724 -0.89031160907745366
v -0.41669484501361848 1.7722570139722824 -0.88383188774394994
v -0.22426192295074465 2.2875445961666103 -0.68260042193603521
v -0.34390704551696777 2.0568781090164183 -0.72244036243438714
v -0.24312216762924194 2.439062189685822 -0.5284898665809632
v -0.27639090320205689 1.6738857524986266 -1.0377086014213561
v -0.35886901385879511 1.6727341895179748 -0.99664721015548707
v -0.33200334010696414 1.7575874740028381 -0.99050911427688604
v -0.27390157467651366 2.0463132327728268 -0.85629211140441885
v -0.23981050706481932 2.0499779897766115 -0.88111552746582034
v -0.19173003665924077 2.4349819982795715 -0.59288507713699345
v -0.15785768126296995 2.4034339090080259 -0.63966926043701178
v -0.13394295650234223 1.7274213871223449 -1.0528068096054077
v -0.12515686599311832 1.6423341925113677 -1.0706312709190369
v -0.079629697868347171 1.7377006444244385 -1.0557427043533323
v -0.055796947570800788 2.0667722673797608 -0.92993208973693842
v -0.050837600449562072 3.019813831398964 -0.45781665256881715
v -0.20395793802206857 3.0550186793193816 -0.19728415422248841
v -0.22833160964393615 3.0992822455463407 -0.24885648697090151
v -0.099445618780136108 4.1172977689571377 0.42542119898796082
v -0.44359451539230343 3.8854747883834841 0.29569694369888311
v -0.4935492880953789 3.2231300014521596 0.4568290797182083
v -0.14527793803482056 1.4477838702819825 0.89486781421813955
v -0.33846992869567871 3.7877352710821972 0.73130284554672231
v -0.20246170954513551 2.8585798056049345 -0.23892360293197631
v -0.025035822738647462 2.4267660723419189 -0.66402827058410641
v 0.024384897357123236 2.405673045557295 -0.6791904013801302
v -0.42794522638893129 2.7298822855949405 0.060162649703979491
v -0.11587106093597413 2.8930937618637085 0.7523596539039612
v -0.20775881459808349 3.0608141723632816 0.76198904717636107
v -0.18184502615737916 2.847759022983551 0.70990741076660158
v -0.2356037433643341 2.8663052771968842 0.69484043546867369
v -0.32063073155403138 2.8189147042770388 0.59917042761421202
v -0.4010772172613144 2.9919931113338469 0.52253763888359073
v -0.41615107609939572 2.9570588932504656 0.47968893219566344
v -0.40602091499710086 2.8025230069980624 0.48419845620727542
v -0.42834987881687714 2.9514365930370605 0.42413773246220177
v -0.39697259314945765 3.9735790853794644 0.19992176197923933
v -0.36295962375967844 3.8382551489176073 0.64455028281402582
v -0.37565431197834021 3.8947261991844178 0.6154093703136444
v -0.34532509956359858 4.0691277358322147 0.63732459008789077
v -0.097660040124620706 2.5665353255408152 0.78003659219469346
v -0.1118743110707601 2.1596462941220604 0.7155156684074403
v -0.099256814820098876 1.703343228958893 0.79390228711776734
v -0.096054169387817384 1.7663035676002505 0.77613529334640496
v -0.090428543830490107 1.7796872457157136 0.82852128063354502
v -0.1048231315135956 1.4428476313495635 0.9374510464572906
v -0.094915376080989836 1.6370300177383426 1.0051549288134574
v -0.10268448272160122 2.8929954924327306 0.90219705093056812
v -0.088800597558975208 4.2155424482431414 -0.33634434506607058
v -0.097303830069405697 4.1269922378232131 -0.1639242235189165
v -0.10116419193376813 4.0985708501303542 -0.22506598575919018
v -0.09697523721313478 4.1374396650009153 -0.087721589797973634
v -0.096888127693176271 4.1172938660507192 0.081505524490356446
v -0.094752247230529787 4.1324078445663455 0.12330287363815307
v -0.096090304285049444 4.1265545559511185 0.18754887857723235
v -0.092453970569610591 4.1967484173622136 0.26660945689010618
v -0.10003947094726562 4.0830696417808534 0.56900657441520686
v -0.10112342335946219 3.4234428323729378 0.91858506117630001
v -0.10197916632207235 3.1875409540309905 0.90062190950647991
v -0.15620208605384825 2.784970195156097 -0.3311731533946991
v -0.1993871484260559 2.6588519498481755 -0.39749288918876646
v -0.36125734174346924 3.8557027031200954 0.75985084742736808
v -0.42535403731346133 3.1524321160430908 0.51061625064468386
v -0.43905807556533816 3.1169844797058106 0.4727740281562805
v -0.37323563506317137 3.9078025158233647 0.70208947757720941
v -0.37849462792873384 3.9711436535358429 0.75474906914806361
v -0.37491216505718233 3.9735720114736552 0.8229463517293929
v -0.10915815216827393 2.6461384985713958 -0.4707499655752182
v -0.12093524834442139 2.7159992208299637 -0.40716203263759615
v -0.0056222542152404792 2.6441855777835848 -0.4946874746494293
v -0.095728782648359018 3.2828034735467089 0.99159728176552897
v -0.099354011123657229 3.0158485393371581 0.90455195250701903
v -0.10169528898239136 3.3250373874206547 0.90856705831909179
v -0.10008497595977783 3.295201508216858 0.94491363066101086
v -0.099442942394256592 4.1981144491319657 0.63129602769899362
v -0.094945100412368769 4.0763246921367644 0.72002854950714112
v -0.094637514415264121 4.1916422120115744 0.7349025108709335
v -0.097347478023529055 4.1747070588722224 0.53084331038284294
v -0.096914521797180173 4.203306998580933 0.43550695909881587
v -0.098477171936035168 4.111582975891114 0.46893207299804684
v -0.094616537956237784 4.3081696769037245 0.37198031180667879
v -0.098105127487182614 4.2402240525093067 0.39950180628204346
v -0.098691328994750971 4.289391183652242 0.19018168559519449
v -0.098268834314346312 4.2974592756379444 0.13525299177996319
v -0.092724702777862544 4.2120943280029293 0.094597672859191906
v -0.096773478456497197 4.3184617672595973 0.015674511013031005
v -0.095374896833896633 4.2044560859813691 0.015642707046985626
v -0.096941258035659783 4.2720898385524748 0.095271108692169204
v -0.094845961368560799 4.1800818648490905 -0.030835782394409178
v -0.098866632190704351 4.2233524736480721 -0.085732090736389155
v -0.074042757989065983 4.0192615349033902 -0.3050689426171439
v -0.10073018570518494 4.1217611052513119 -0.26745390269660951
v -0.088482398523330688 4.1737676266403199 -0.33135105398750303
v -0.10231536340059552 4.2606134944637839 -0.18014759755761284
v -0.10533438139983586 4.2643850115435464 -0.24039038328061785
v -0.099264148836135851 3.9088590756225585 0.93992819605445865
v -0.099182800306320193 3.9604217563972473 0.9213733467693328
v -0.1017723498439789 3.9765568942852023 0.84080130281448362
v -0.10052070788192749 2.8928554418983463 0.79826787741088878
v -0.10202188733673097 2.921554034858703 0.84794052288055433
v -0.102259384765625 2.9513744711608889 0.88997497406005865
v -0.11493051240158081 3.1094105070953368 0.83363310000228885
v -0.10198566347503663 2.694577201206207 0.76144473782730093
v -0.10083406250572205 2.7450510690250396 0.85912162024688721
v -0.11854567684459687 2.7858489146509169 0.72606997193336487
v -0.098941851375579842 2.8060077971801762 0.84116344241333008
v -0.10093868978500367 2.3575036731491088 0.7600461508712768
v -0.096634174242019671 2.3301312932033538 0.81478505164527881
v -0.10108417346191406 2.4482025677947998 0.77747714282226554
v -0.098654003847122182 2.5084506266746525 0.83388131035995483
v -0.11978334907368252 2.5452490833565848 0.71720606403241838
v -0.09438326308822631 1.8040607675933837 0.87243311433410642
v -0.091260099884033205 1.7526329193115235 0.87337675231933598
v -0.092562982166290275 1.7085001624603273 0.88306625164031982
v -0.093142740623474121 1.6688999146270751 0.85725273896026621
v -0.097822718940734868 1.5518350003433228 0.96530705196380617
v -0.11145041771698 1.6088080779285432 0.82904445247459413
v -0.10412053037915911 1.4967781641327993 0.91627052777535578
v -0.09365370707702636 2.2119551578865053 0.87083893719863892
v -0.092737131507873521 2.0777115185852053 0.77074328682708748
v -0.094230901214599608 1.9835982802581786 0.81725925781249997
v -0.091965122922897338 1.9634984994010924 0.76552460523986809
v -0.10769007358551026 2.0488079087829592 0.71867292653656012
v -0.099860771224975595 2.0017378406219484 0.72945978170013426
v -0.087156025699070522 2.6464575345336367 0.94151855084501002
v -0.097897190593719485 2.5996319712753291 0.90855762520599359
v -0.30668020655989647 4.0471209294836523 0.55461560146975519
v -0.31111213190460202 4.1219286653671263 0.69780651907348634
v -0.34510084091186521 4.1035550470199578 0.72498282524108881
v -0.29501146672221595 4.1444506567693438 0.82541560991341723
v -0.3346626473868779 4.127430729665102 0.8647503063019889
v -0.36927194306945804 4.049999084727288 0.75368164392089843
v -0.37181108203887941 3.910584356069565 0.65821583991241461
v -0.53261202621459958 3.7296821603927612 0.27588832416534426
v -0.53042976769161221 3.6345882666215896 0.2047080005207062
v -0.46085992252349861 3.928865373134613 0.18164795236968995
v -0.42747105176925659 2.8380351120977405 0.27164330080223081
v -0.43974176220321659 2.7616007283744812 0.20894507545471191
v -0.38610697290802004 2.8869541832828522 0.52582135215568548
v -0.35690251882791518 2.9142532010869977 0.5707815136528015
v -0.21702123376083374 2.9614144528827664 0.72759685330963131
v -0.12445905451011657 2.9755256403255466 0.77567544038963321
v -0.35746111715126039 2.7943338700904841 -0.0022331140918731697
v -0.33402967047691345 2.7936122693328858 -0.049617342639923089
v -0.35087703322410579 2.7031316186189653 -0.10697797774124146
v -0.046333233409881588 2.5843822276687622 -0.53916769603347769
v -0.081116729373931884 2.4855016224269866 -0.60478694719314574
v -0.10504341975784302 2.5823934720783237 -0.52342621079826357
v -0.23667914834785464 3.7299499891300205 -0.48888583087348936
v -0.0001431754875183093 4.1128234172496798 -0.33125677431678774
v -0.043451490688323977 4.1843078793754582 -0.34989033787536622
v -0.2871207137184143 3.8886702281837464 0.792906607477188
v -0.33610721395874021 3.9621212221717834 0.85051738146209721
v -0.47152832491493224 3.1223890468215947 0.4298733470840454
v -0.50122813228301999 3.1901347299331659 0.43147804254455568
v -0.3464290365791321 3.1596058392105109 -0.13484997620391845
v -0.44999468741226195 3.5363019664144515 0.50764422806739806
v -0.51193729354095452 3.551256630279541 0.44077932709503176
v -0.16184426258277895 3.8692693279495236 -0.4370777889003753
v -0.04860578342219761 3.9563577937214713 -0.33633997689873829
v -0.1629623318862915 3.64360658203125 -0.71449624848937987
v -0.36341059200668335 3.9733125106468199 0.29181159366321563
v -0.14899813863372804 3.0281298018341065 -0.69417624005126943
v -0.3053106568918228 3.6227335016012194 -0.41678810345935824
v -0.22769759340286255 3.3452723833599092 -0.72590532200431834
v -0.31703387025070195 3.3671699988059993 -0.38967911554908752
v -0.011775072263717653 2.3298380838518145 -0.74110724638795855
v 0.014243675397872923 2.2051521815032959 -0.83952259882736213
v -0.023033752826145719 2.2918833171680992 -0.76917064491244724
v -0.048062361816406253 2.1772311503601074 -0.85523603611755372
v -0.10793501301247735 2.295871659993308 -0.74057569175938198
v -0.099848952577590938 2.1755208911037447 -0.83926997726440433
v -0.10920192177963257 2.0688270377693181 -0.91258612303161624
v -0.020722758497238161 1.9606109916439058 -0.99104349921417234
v -0.039852619876861575 1.852553517185211 -1.0267126094741821
v -0.068615008697509763 1.9643982673950195 -0.98069562051391612
v -0.085202972934722898 1.856278936214447 -1.0195202919616697
v -0.11509800794982911 1.9174670550994874 -0.9909039715881347
v -0.15088686505889892 1.937792100830078 -0.97503346504974364
v -0.12646905991744994 1.8598794845771789 -1.0122052865867615
v -0.18144216032638547 1.7294551251976014 -1.0458748295791627
v -0.082785854213714608 1.5905999075813295 -1.0799450257987977
v -0.0087239471626281741 1.6618177029151915 -1.074166029548645
v -0.10975225382559639 2.4051497066868377 -0.65616902411433631
v -0.15913494550323484 2.5020531910705568 -0.56448647920990003
v -0.15036544549560543 2.0730442646789555 -0.89795874014282229
v -0.19087418476867674 2.0628372212677002 -0.89279016181945803
v -0.16459733172988891 2.1832595796661378 -0.81200567049026495
v -0.21340945140266415 2.1940857212257385 -0.77950730035781857
v -0.15876284767532348 2.3214890048484804 -0.7042833122253418
v -0.22580008553314207 1.7582295472259521 -1.0298577676200866
v -0.24095226969909667 1.7178643940734863 -1.0379083488082885
v -0.17548334060668946 1.8491333291015626 -1.0086571348876952
v -0.26984197426223755 1.8535337099990845 -0.98233580349349969
v -0.19687404846191409 1.9312325772705079 -0.96817461065673815
v -0.18097606359100341 1.9720907578582763 -0.95131875753784167
v -0.23788876251220703 1.9672263074035645 -0.93702701481628425
v -0.32215582528305053 1.8605571066970827 -0.94746365735244742
v -0.28061714424896245 1.9545674875869752 -0.92141236454772946
v -0.29013524493408205 1.4936190633850099 -1.0391845932006836
v -0.22910626730346678 1.4834558080215454 -1.0584153965911867
v -0.21497369094467167 2.5155232958488467 -0.50202661050796515
v -0.2369906520023346 2.406854938430786 -0.56365295750427258
v -0.23135453602600098 2.3200864347229002 -0.64566239201354991
v -0.30328250302505494 2.2025467093391415 -0.64929547193145754
v -0.26817617164611818 2.1976214723510741 -0.71047749235534674
v -0.31497203870391849 2.0677693016510013 -0.76666374137115478
v -0.34377770339965819 2.0202001206817628 -0.7621801934356689
v -0.27508233530426029 2.1598971475601196 -0.73933661749267576
v -0.2764649421386719 2.0856065324707034 -0.81612276525878902
v -0.36948222117614749 1.7615318905754089 -0.95548765511322031
v -0.36802418856811525 1.712316210281372 -0.9787301539001465
v -0.37389826514434815 1.8699336143112184 -0.87378229138946528
v -0.32684278693389895 1.9458854551162723 -0.87808562503814691
v -0.36324413897132879 1.9401488912448883 -0.81723794508171088
v -0.40189610868835451 1.8537551255340576 -0.83782739756774893
v -0.42855717410278321 1.8304311328735352 -0.81163303842163081
v -0.40026601383972171 1.8856305444946291 -0.80585975294494627
v -0.47934921479797366 1.5048945245437624 -0.91983305268096927
v -0.52306082017517086 1.506651593284607 -0.88321462271881113
v -0.40100594432067871 1.5080769102478029 -0.9772026470947266
v -0.38915177702331544 1.5564683029174804 -0.98351296877288819
v -0.40079503281784057 1.6636988578186036 -0.95836152714920042
v -0.36219648810863497 3.3650289171867374 -0.29099417475128175
v -0.35766326645278934 3.4166509918308261 -0.30643065925598145
v -0.35361598739624023 3.2297311329040523 -0.19718581015014647
v -0.34233267177581783 3.2620883754653929 -0.27746279808807373
v -0.26636146628189089 2.5890283454971312 -0.36484471486663816
v -0.34095881151580809 2.2079297083740235 -0.59194910015106195
v -0.38047412701416017 2.1981953364562985 -0.54525266835021968
v -0.37950879734039311 2.052124409851074 -0.67320758853530882
v -0.49172860361862181 1.8328523269920349 -0.71219348472595212
v -0.44827801188278199 1.8597964276618959 -0.75033177658843997
v -0.50724541519165034 1.8535148325805664 -0.67040965216064441
v -0.49263105040740968 1.7330767104492186 -0.79659385639190683
v -0.6493534784946442 1.5000439940357209 -0.75604070293426517
v -0.59469635651016228 1.5744688076400757 -0.77455289350509648
v -0.62712681534767145 1.5630467999134063 -0.7424192416992188
v -0.56587684960937501 1.5064128915863035 -0.84261833636474615
v -0.53149865128707885 1.4134458981399534 -0.8970007186546326
v -0.52709792846679682 1.6480237688369752 -0.81017657866668702
v -0.48339787553787233 1.6729422537593841 -0.85060058098220825
v -0.42917214681816102 3.4589586277256013 -0.13257538967323301
v -0.40753841135406493 3.1198110302581785 -0.043697472106933595
v -0.41798723702239993 3.2242556934700013 -0.066982034248352043
v -0.38102926360702516 3.1667267389221192 -0.096816063861846921
v -0.39281706512832637 3.3134947434806818 -0.17973200094223021
v -0.32965386521148687 2.5279742732429509 -0.31441032991218565
v -0.42107795990753177 2.2386682338333133 -0.44323187506866452
v -0.41456614265441893 2.2028556245117188 -0.48851117754745477
v -0.44140301358795164 2.2522174859466553 -0.3956184653625488
v -0.44746607923126219 2.0807649493942262 -0.55031983801269524
v -0.43830138127136226 2.0537018769226076 -0.58888312958526612
v -0.54267615505981448 1.8760848792572022 -0.59369036999511715
v -0.51027722135162357 1.9574184938964843 -0.56755606084442134
v -0.58951264440917961 1.8545767565231324 -0.54094365285491941
v -0.5966090707855225 1.7508698612213132 -0.62817065748596201
v -0.52081965307617184 1.872915983810425 -0.63083701043701168
v -0.71337057976913454 1.41232937084198 -0.72741413593673709
v -0.66687559438705446 1.5671464615478514 -0.68826489349365239
v -0.60702733297729494 1.606869920349121 -0.7363212525024414
v -0.44398201895713807 3.396015586538315 -0.046974784597396853
v -0.44237310599218094 3.1044563202637265 0.077903875171661377
v -0.45094818304634088 3.1896871866436003 0.054926560449600224
v -0.43336399097824096 3.2001925888824463 -0.020841775852203367
v -0.40004025196075438 2.399400129875183 -0.32076786171722416
v -0.46945120692443848 2.2469785807952878 -0.35581913376235963
v -0.43911706544494628 2.3507204779815671 -0.30535793289184571
v -0.5062412152099609 2.2267574910736085 -0.3187274487609863
v -0.48302177478027342 2.2017093930816651 -0.37739977152252197
v -0.49316269427490239 2.114795289466858 -0.44498603852844243
v -0.62502774588012699 1.880695313369751 -0.45998589102172849
v -0.57629443145751957 1.9717023328552246 -0.45022920178222658
v -0.64920016940307623 1.8864541307373046 -0.41785874279785157
v -0.61355436842346189 1.8602818678474429 -0.49760323219680785
v -0.66967677383422852 1.7447296781387327 -0.52014999497985837
v -0.84696940290088651 1.4247150987791062 -0.55860041856899256
v -0.81093907768249518 1.5577580539054872 -0.49004031492614741
v -0.75690740441894522 1.5961952766036986 -0.53680539197158805
v -0.74722356513214105 1.5708286865768433 -0.57728398614883414
v -0.7109567432861329 1.662068647628784 -0.53847478584289554
v -0.46510761637306208 3.3901988267803191 0.045438568349838254
v -0.47113182185974117 3.108645239326477 0.17617030991783139
v -0.47180232687377932 3.1753920457191471 0.13735242199897765
v -0.46312249077415468 2.5669841325540541 -0.05723456050014495
v -0.42404443132400516 2.5805754649581916 -0.10978821961593628
v -0.4712454995956421 2.4852641119956971 -0.12800407375717165
v -0.44601839736175536 2.480980861228943 -0.17205234762573243
v -0.49706531648445129 2.3759674838695526 -0.19472184427070616
v -0.55077699410247805 2.2674535047149655 -0.21505134118652344
v -0.51781041937255856 2.3868064388122558 -0.14809396265411376
v -0.6002202541503906 2.2247222060546874 -0.16173231198120117
v -0.60411916244125363 2.1186490512199398 -0.27390526588439945
v -0.53787396036720292 2.2355484953899385 -0.2647964193649292
v -0.58100476038360593 2.1619737015075686 -0.26880644252777097
v -0.58990068305969234 2.049687915466309 -0.35765011485290532
v -0.71660444776153565 1.8927232178192139 -0.31005967829132086
v -0.68240669884109506 1.9023894907913208 -0.35646303844833371
v -0.65970655384826649 1.9788846399841309 -0.32029840225982664
v -0.65948285946655272 2.0095171554565425 -0.29043420487976068
v -0.74208288425445557 1.882784079612732 -0.24785101925277708
v -0.68755612133026123 1.9780821780471802 -0.27022329281997681
v -0.70797008617401125 1.862069715866089 -0.35513196903991701
v -0.72751005167388916 1.7944687912368775 -0.38615639052581791
v -0.89278590736280172 1.5124047343880789 -0.36078732805960517
v -0.82319308621215836 1.6054616043090819 -0.40526303784179685
v -0.87411161277770999 1.511406703994751 -0.41168836730957037
v -0.85573334149169922 1.5120135879364014 -0.45560080281066895
v -0.89252770705795292 1.4715336813697815 -0.41951000630187985
v -0.92105250399807526 1.4845681041608538 -0.31234947403444563
v -0.84275242691421504 1.6096821702117918 -0.36031543648529052
v -0.51394655154800417 3.6276816788101196 0.09998223400878907
v -0.50112341658210757 3.5004720015029909 0.15615449749755861
v -0.49255928860664366 3.4032956009845732 0.15482162276268005
v -0.49425250432968143 3.3136263430290223 0.17975654248428347
v -0.48515326639556888 3.2245663169679641 0.16891875416088104
v -0.51378938624954218 2.5086625775985718 0.011644992465972902
v -0.49733000306224817 2.5772582947511675 0.11601677315616607
v -0.66265726408576964 2.1056027892913818 -0.076298499778747572
v -0.60859602731323237 2.2309160693359376 -0.11316284933471679
v -0.61203372064208983 2.2365849351501463 -0.066236527587890628
v -0.61516324791908261 2.2416114669952392 -0.013182203506469726
v -0.56603659439849863 2.3539837701568604 -0.052440113998413085
v -0.53967940248870849 2.4130585324707035 -0.056291227287292481
v -0.77660414552647727 1.7992571272528513 -0.19027215161991118
v -0.73767657580947876 1.8981699274749757 -0.16789309799575808
v -0.77001324862888865 1.8053694800959996 -0.13677896334838868
v -0.72514331826782219 1.9304477801208495 -0.12090224203491212
v -0.73919005563354501 1.8892621463012693 -0.12298265187072752
v -0.69166729466247556 2.0227931169815063 -0.16467926077270509
v -0.95114095835876467 1.4836882506744384 -0.17367105422210694
v -0.89147653743171695 1.5781520549163819 -0.15733322185897824
v -0.93930242142486575 1.4891974892807007 -0.21703850151062015
v -0.88555695654678346 1.5739017728748321 -0.22618869610404968
v -0.90282762746211453 1.5248656806291851 -0.29977440059934346
v -0.8785234308166503 1.5777927986221312 -0.28037765694427497
v -0.85026686493682857 1.6360549783706668 -0.28848976700592038
v -0.83386336244201653 1.6725749278717044 -0.23532752374267579
v -0.52557801209259036 3.2789219064521791 0.31760370484161382
v -0.51090597709274288 3.2715848215942387 0.25464422300338746
v -0.52689551150321956 2.5030758856773376 0.16394824098777769
v -0.5287274185914993 2.4924977088098523 0.093418519778251663
v -0.65152697706604001 2.1527973390808102 0.069674067291259772
v -0.61049004245758054 2.2656224250488286 0.051673557144165036
v -0.65937490167999258 2.1242170577850343 0.0049604004058837886
v -0.60391416417694099 2.2883057934055326 0.10610636994171142
v -0.77982367657089235 1.7844930342369079 -0.050813616092681882
v -0.77511340211486823 1.7988333201980591 -0.0079734760437011713
v -0.74334869281005855 1.8775528545837403 -0.078873829498291012
v -0.72836415163421631 1.9235340356101989 -0.015864531253814696
v -0.77966613361903592 1.7816382407139368 -0.095298909362792963
v -0.74280932249069209 1.8858470904960631 0.022064638595581054
v -0.69335015892028817 2.0248529356231693 -0.027747559463500979
v -0.95643842807197565 1.4929326599464414 -0.06276952780342103
v -0.87741173464965816 1.6070475184516906 -0.095506808628082279
v -0.94410758378601067 1.5042981981269836 -0.12580212127685547
v -0.88913694316101077 1.5956572642974853 -0.030305557418823244
v -0.82528066073608408 1.6914527036132814 -0.076489886535644536
v -0.53425899224090578 3.478077585021973 0.36413331096839907
v -0.52656131748962398 2.5111294623851776 0.2286670194797516
v -0.64307913878059375 2.1912560888080597 0.17979551356697082
v -0.60861143542480467 2.2810243554000857 0.16421693397521972
v -0.65405615439224241 2.1511320843429567 0.12751813383865357
v -0.60211524797821037 2.3074775293121332 0.20888157657623291
v -0.78740261929321287 1.776151691268921 0.043064890670776367
v -0.78855648210144036 1.7786630330085758 0.10172468513107299
v -0.74277829003906248 1.8932572768898011 0.090958990535736084
v -0.72680972900199903 1.9402409267082215 0.11557342914390564
v -0.7366428567924499 1.9160236197624205 0.15432611375808714
v -0.95909922359466548 1.492019367641449 0.086703129318237315
v -0.90747731310272217 1.570252877832413 0.0036645025939941386
v -0.905567120054245 1.57424729054451 0.082924304161071771
v -0.87977618133354185 1.6098837387256622 0.12633828517532347
v -0.50172411553955076 2.6035385079612734 0.31918613111495975
v -0.65992723009490961 2.163759007003784 0.24202493431091307
v -0.60949561524581908 2.3050959437751768 0.25779211885070796
v -0.63803825975799566 2.203164551269531 0.30600716497039793
v -0.598298855337143 2.3367120676956179 0.30435702107048035
v -0.77337328701972963 1.8123577073459627 0.19719268395805356
v -0.78008516268539418 1.8019709703598026 0.14553367723464966
v -0.73280859888076777 1.9218327580604553 0.21972508419799805
v -0.70846136765766143 1.9478736161813737 0.27101483687973021
v -0.71929059083557134 1.9707779109039307 0.21085678757858273
v -0.87569126280593867 1.6080570078811647 0.18992150209045411
v -0.81803665991210939 1.7178065515747072 0.12974735015106204
v -0.8140004910583496 1.726064209411621 0.17478963122558594
v -0.8608298507461547 1.6139334329261783 0.25306575840187073
v -0.81042965647888188 1.7139666573066712 0.22799769622039798
v -0.37781502990286692 3.6553834440302166 0.55213877899169916
v -0.40332247890472411 3.1609492553787231 0.55660156357574464
v -0.57063670923614507 2.3551082648639681 0.36429647483634953
v -0.61101344887351994 2.1861755200519566 0.35314841312980649
v -0.65347544877243047 2.0895139823951721 0.31763186251831055
v -0.75878660393142705 1.8136644119873049 0.24727465353393552
v -0.91615077437782289 1.4941131406211854 0.30405520143890374
v -0.85156190228271478 1.6041502045288087 0.29831779364013666
v -0.82107348432540883 1.6018831811714171 0.35198587184524532
v -0.78773267288208015 1.7025401125183106 0.29090125028228758
v -0.7530262888545991 1.7372038778209686 0.30464528271484381
v -0.35458277722167963 3.1813540794677735 0.63285179206848152
v -0.35094453348445898 3.0772472153053285 0.62124731958675383
v -0.51409506264019011 2.3602166977291104 0.4333816961507797
v -0.47643082544136045 2.3464025173015592 0.48534419841575621
v -0.54801804752922056 2.2315117997169498 0.42011357601356503
v -0.60972880888366698 1.9832157579803467 0.3890330579528809
v -0.57445160912704463 2.0991234862480161 0.41295159449005125
v -0.57565083577728271 1.9742113210210799 0.43538516984462738
v -0.63477953941345211 1.9458078213272096 0.36547512138748173
v -0.76880398847961429 1.6356607818145754 0.38068095747375491
v -0.77200665615844732 1.5843052935791015 0.43754707891845701
v -0.73895318723678594 1.6294271855049134 0.43006846802139281
v -0.74634483996582035 1.6971630830841065 0.34637288249588016
v -0.68921207978057863 1.7299998590698242 0.39501687140655517
v -0.69843292055130002 1.6460650115203856 0.46154841540145874
v -0.65958629836273186 1.7347186765213012 0.42824412619781493
v -0.27177386613464355 4.0257565817298886 0.86950597522735595
v -0.31429367109107975 3.2216499176445006 0.69155826806068421
v -0.43768885386562345 2.4663068623466486 0.50614639491271962
v -0.43174994573879244 2.3519560091190339 0.5452965693912506
v -0.52262080913639075 1.9550251219663619 0.5059888707256317
v -0.685163144613266 1.6053616860599518 0.51041899980545047
v -0.66028870015716556 1.5738754837951663 0.55897630484771721
v -0.63806661634063722 1.6280050101318357 0.53562798369598386
v -0.62261463629913338 1.752475563194275 0.46023982051086426
v -0.59339932880401614 1.7552476438598634 0.49593969006347655
v -0.59775003745269772 1.6002604128570557 0.5934980643005372
v -0.26549516499710085 3.3966970488910677 0.77677268469619754
v -0.31940277737426759 2.6720396547775267 0.61925444728851331
v -0.28228086397743224 2.6825651274089815 0.65432548620414721
v -0.38807381744575503 2.3671178436164855 0.60435757455444339
v -0.404887685508728 2.3939781822395325 0.57399391725158688
v -0.43790749665069584 1.9772026000671388 0.58500447051239024
v -0.47118454970932011 1.9933113698921203 0.55301300085067751
v -0.40258971477127076 1.9834840730209353 0.61062403079223637
v -0.47313953278236393 1.9008599710105896 0.56531387293014523
v -0.50237097186279289 1.6294543716430663 0.64420266165161133
v -0.5439150651092528 1.6299747673416136 0.61543122256088256
v -0.475277226776886 1.7712338140186308 0.59768806505355843
v -0.46416705371665956 1.6715578134021758 0.64571205945968624
v -0.42518241668090817 1.7771301328628542 0.6259153361503601
v -0.57329702380943304 1.5139492906150818 0.66817647918128964
v -0.59131131761169431 1.4469951692390441 0.70223706516265871
v -0.61766696246337893 1.5180378966674806 0.63620903976440435
v -0.15058163868904115 3.5073671074275969 0.86224732090759282
v -0.16853315742492675 3.2662339111480714 0.8302855783805847
v -0.1929666657409668 2.6805431095199586 0.68991032405090325
v -0.27613377545166012 2.3776083458099366 0.6673378215026855
v -0.27248568574142457 2.4912039526367185 0.66826000918388362
v -0.21409159080123902 2.5163705251865389 0.68431436098861687
v -0.21349010959625245 2.3821139971637724 0.68094632722091675
v -0.34461027966308594 2.3730796187744136 0.63996647300720211
v -0.35066103111267094 2.2623900298652648 0.64026761245727537
v -0.35436753404998778 2.0544552604217534 0.63280871516418458
v -0.35883839492034908 1.9891560025062562 0.63012224105453507
v -0.32215564149284359 2.1054939880580901 0.64545236692237862
v -0.27587909434127811 2.1133857119064334 0.65947861846542355
v -0.40346939444274904 1.8726775039840697 0.61640463799133305
v -0.38773858232116698 1.4918421330566405 0.78436854072570805
v -0.34427494334411624 1.5138613198547364 0.78699753175354015
v -0.36762109679412847 1.6153612412948608 0.71675535903167731
v -0.31184437467956544 1.6254247863464357 0.72900017414855955
v -0.42632995272827146 1.4923871450195314 0.7649591296615601
v -0.41168434928131104 1.6193187706222534 0.69630071355438228
v -0.37985851592254638 1.7454377405548094 0.65529808164215086
v -0.15466708559799194 2.5193610568122864 0.69891688740348812
v -0.13636549694824218 2.386467268745422 0.70269855371856693
v -0.19448398960876465 2.2481595492401123 0.67999501366424564
v -0.15254897434997558 2.2664629601669315 0.69014166468048099
v -0.18360178739166261 2.1639392847976682 0.67991144058990483
v -0.24573324282836917 2.168335760154724 0.669402991065979
v -0.13467486324310304 2.004931582015991 0.69159151148986819
v -0.18026831895065307 1.9963788853111266 0.67527063331604009
v -0.14429111343765258 2.1353985245208742 0.6901870475273133
v -0.1134622167892456 2.095407236480713 0.70982667775726327
v -0.23674658666992188 2.096936337554931 0.66780135339355473
v -0.24953129349517822 1.9610742237396239 0.65775835081481926
v -0.23449324133300781 2.0127315648345947 0.66276691090393069
v -0.23254861503601076 1.8916611325378416 0.66327986840820308
v -0.19414323571777345 1.8212349667663577 0.68058538949584957
v -0.1957325358734131 1.8630327772216797 0.67401127118301396
v -0.14744068833007815 1.8555014887222292 0.69206957488861076
v -0.2123438684234619 1.4989432199554442 0.83735927693176271
v -0.15755391529655455 1.6185870227241514 0.78167930247306816
v -0.26035961654663081 1.4935053300781247 0.82478916830444349
v -0.27221600305175786 1.4508215635681152 0.85092301593017583
v -0.22105639437484742 1.5831177357940673 0.77701091584396365
v -0.31129640648651119 1.4699014788284301 0.82609519144439703
v -0.26828705369567873 1.6060420302200318 0.74971984815979009
v -0.22175462980651856 1.761187011199951 0.69037278106689448
v -0.017898394918441772 1.4180079998130797 -1.0759847085304262
v -0.036324061149597159 1.3284731945190429 -1.056889276573181
v -0.086649589607238786 1.4223405056762695 -1.0736058247299196
v -0.094049803634643561 1.3307059176025391 -1.0553335930480956
v -0.14932129834747315 1.4222953724822998 -1.0676520147933961
v -0.15726603797912597 1.3364001934356691 -1.0501380106277465
v -0.26959859659194946 1.3886363446846008 -1.033617825712204
v -0.26517690799999238 1.2599435855226515 -1.021009423945427
v -0.43727444667053217 1.4273931708564758 -0.95724959205245974
v -0.48391381178283693 1.4109535683021546 -0.92936171789550781
v -0.54105838820457453 1.2623139752769472 -0.90482326453971862
v -0.61497042348098763 1.2580562895202636 -0.85762329389953607
v -0.68227324554443369 1.3933848166961669 -0.7670601213378907
v -0.77559347796630862 1.4210241284332275 -0.65547519563293455
v -0.74910871312713623 1.2883770314674377 -0.73458138996505751
v -0.76394864790725714 1.2464921365242003 -0.73638230033493057
v -0.78911194618225089 1.2643484007492065 -0.70500089330291749
v -0.81082624235534673 1.4241559876480103 -0.61039904927825939
v -0.82830727737426746 1.3235766442718504 -0.63930125527954096
v -0.8987603937339782 1.3012118998336792 -0.54826337310791007
v -0.90737076229858404 1.3647839176330565 -0.49274802104187004
v -0.90771544763183587 1.4242500973739625 -0.43846885400390623
v -0.93459189347457883 1.3305758864974977 -0.4600673913230896
v -0.95207317538452152 1.3424099565887451 -0.41209444834518427
v -0.97206766083049778 1.2464028193254471 -0.44554346736431122
v -0.99781715575408936 1.3271450297851559 -0.3171857951850891
v -0.96870962274169914 1.4055298736267088 -0.29335578898620607
v -0.97998473602104186 1.4109555876617432 -0.23923339843559266
v -0.9906410682220459 1.411903559802246 -0.18447710979461673
v -1.0299677741241455 1.3186626414260865 -0.19957398809051516
v -1.0419688280448915 1.2643046283569337 -0.23393508621215819
v -1.0203150349006651 1.371073351085663 -0.10910562678146363
v -1.0050751314067838 1.413270295361519 -0.038678896742820747
v -1.0452793879928588 1.335040545158386 -0.012424172126770021
v -1.0479911301574707 1.3302586079864502 0.031607740966796874
v -1.0048145871467589 1.4178691203422547 0.015694534261703488
v -1.0622657446413042 1.2808161289591788 0.07795134160995483
v -0.98357131050872804 1.3605788289871215 0.31121309566497801
v -1.0026112307739259 1.3425516882629394 0.26796518081665038
v -0.93538241288757318 1.4375835761413573 0.34224718144989014
v -0.90431776953125009 1.4412963726501467 0.40636640789031986
v -0.96788654537582408 1.3132982072372437 0.40359830736541752
v -0.93083839172744742 1.3525279777908326 0.43984242018508912
v -0.88088742053222657 1.4422066768188477 0.44471432192993166
v -0.90640981382751451 1.3524811905441283 0.47920420139312747
v -0.88140636530303951 1.3532737769470213 0.51595538951110842
v -0.86305176504516601 1.3375317566986085 0.5536523739624023
v -0.84670390048217781 1.4084226668853759 0.52231890020751948
v -0.79068348033905034 1.4223911066131592 0.57631525302124031
v -0.83306131208038336 1.3415617060585021 0.58936670791625978
v -0.79608007178115836 1.2891032996025085 0.66374689786148067
v -0.79212348382568343 1.3348776731033327 0.63705300740814219
v -0.74714418727874754 1.4222293556594847 0.61368730100250257
v -0.77962347534179688 1.2538183416671753 0.7027975957107544
v -0.66573719246006013 1.3433119301204681 0.72845279262733453
v -0.70681325296020514 1.3289616676788332 0.70954269068908693
v -0.64375622749710093 1.4219367964057923 0.68635290666961679
v -0.61991424935913086 1.3485843244476321 0.75496814219665531
v -0.63422884246826161 1.3898286194152831 0.71547721932983399
v -0.56972307736587524 1.3475083571472166 0.78773746377181997
v -0.51404534709167482 1.3450065275878904 0.82472018244934087
v -0.58660078434371954 1.2655405648612976 0.84341753902053829
v -0.47446950404357913 1.4169315361938475 0.79221833317565915
v -0.41828896381378178 1.4151201373882294 0.8232830839290618
v -0.46082177642822264 1.3227199964904786 0.87125369067382807
v -0.40289731973266601 1.3293350726470947 0.89009027775573735
v -0.34375956520080564 1.3337449198608398 0.9072717711944579
v -0.40388087346343993 1.2446206375793458 0.95200583463973998
v -0.29449135854339598 1.3277288283843993 0.92657039442443845
v -0.2774056235046386 1.4018609734191894 0.88268450625610351
v -0.2929947939628601 1.2616653401309965 0.97472876234207151
v -0.13261863697052004 1.2476034782180785 1.018285132194519
v 0.35077490687179569 3.9726078506202698 0.84630764139842984
v 0.37464263285064692 3.9653300989341735 0.79922587910461429
v 0.36464970895462034 4.0611395567531581 0.85661503810920703
v 0.3760753493080139 3.9651027831077577 0.75211085365295416
v 0.36638505256652831 3.8680759740905759 0.70873515071868887
v 0.36216790216064448 3.835800996002197 0.67936126582336431
v 0.36077771688624793 3.8376922303237917 0.63622145441109779
v 0.1126068132019043 2.7208725894088746 -0.40659669955444339
v 0.1952828916130066 2.8018206330642696 -0.28920299880218503
v 0.034815471099853515 2.6995683837928772 -0.43739358699417114
v 0.10011966029612224 2.3064086854171753 0.74916892667643231
v 0.10091894589614868 2.4555811331748965 0.80306884806442258
v 0.099866369333267202 2.510473321510315 0.8377763133640288
v 0.098432062978744503 2.6231965395088199 0.85216163276863099
v 0.099017127536773691 2.5828330078544619 0.89972070353317257
v 0.09566934419250489 2.0736212099609377 0.87752505844116202
v 0.096346866695404057 2.0283275008506774 0.85064352360534656
v 0.092744639271545415 2.223302759552765 0.87130012319946293
v 0.094001701324462894 2.3443612952919008 0.88875193274307263
v 0.091617983505249023 1.9645343154869082 0.77025054059600828
v 0.094237663368225102 1.9797518981552122 0.81883023543548583
v 0.098051596258163454 2.0082889808177948 0.73791338511466986
v 0.10087718793106078 2.1208517105884552 0.74027563346862801
v 0.13018240141932169 2.163044245006561 0.70171683912531546
v 0.092667744583129874 1.7405634346237184 0.88462664020538329
v 0.097324993263244619 1.6741343280372618 0.89505889574813835
v 0.095280033996582025 1.8485370643672945 0.8522457115306854
v 0.10020194625854492 1.6317602348251343 0.87220937892913819
v 0.11263010124778748 1.5718818198566438 0.85460253372001649
v 0.10133172661972047 1.5503712214279175 0.95052161173820493
v 0.099617459823608395 1.5071973519668578 0.99497492105865482
v 0.10906156162370954 1.4727512786897932 0.91295881160027637
v 0.10055583477401733 2.988189002243042 0.87137978937911986
v 0.099173797662734986 3.0001028851451874 0.926581752281189
v 0.10829182612991332 3.0110286481323243 0.81552496789550777
v 0.099618823333740225 2.8736010782279973 0.86177899491119381
v 0.097603941619873041 2.8739352627410888 0.81923786126708986
v 0.10252385165786744 2.8550458450737 0.76574093968200685
v 0.10075598383712768 3.5737069961891175 0.97712871153259284
v 0.098286087203025813 3.8068764207525252 0.98279816213512428
v 0.097139657800674434 4.068001017343521 0.75882008078193663
v 0.097295333892822272 4.0064566583987649 0.74020948604474746
v 0.098182631401062023 4.2251510463256832 0.3018455950241089
v 0.096514050264358511 4.3118579597511291 0.07645853764152527
v 0.098992287300109866 4.3068219751129142 -0.042603999477386474
v 0.09952711516189576 4.2904652004528039 -0.090955143726348872
v 0.105983247215271 4.2733603163719174 -0.25608978121948245
v 0.10140296085739135 4.1930152272377015 -0.21409363969421388
v 0.10450555494689942 4.2373822697601318 -0.21465438238525392
v 0.099180448995590212 4.2095251993122105 -0.32203611166763307
v 0.099891403911590571 4.0849337933959964 -0.23765536222076419
v 0.06832217429065704 4.0099946047620776 -0.31104788674926759
v 0.09563875666809081 4.1869127596035005 -0.033622522329330447
v 0.097126403079986559 4.1338754404182438 -0.065671257480621331
v 0.093235919662475575 4.1992952930831908 0.050831121246337894
v 0.096953362361907963 4.2120449631938932 0.00032713260269164957
v 0.10683533394861222 3.2900952712016105 0.89315073801851286
v 0.10323193672943115 3.3325619352493283 0.90860039511871338
v 0.10017322325134277 2.7125479359893796 0.77169285639953622
v 0.097485814544677724 2.7452704890136719 0.85321864665222169
v 0.35690698860931397 4.0907669808082581 0.74341866970443726
v 0.31811091513824463 4.1242902042274476 0.70524112270355233
v 0.3738744056777954 4.0402311022567758 0.78344243116760248
v 0.37695203804206845 3.8481604985122679 0.57583023988056181
v 0.37859558045959474 3.9446805622940064 0.67629857062530507
v 0.14623779622459415 3.6001606311225891 -0.7901940113067627
v 0.1485500751724243 3.5471572926902768 -0.84736231243133542
v 0.17302493487548828 3.4785850179290772 -0.87497238115692144
v 0.53805997132110595 3.6792112575454712 0.24041243121337891
v 0.5307186236495971 3.7698289726104739 0.23493195129394531
v 0.53128899816131592 3.697301785625458 0.15993755823135378
v 0.3276488167219162 3.6391267750997542 -0.36201577779197691
v 0.44043713317871097 3.945841814659119 0.1845349874382019
v 0.44532052358245849 3.9205717477569584 0.23036743225097656
v 0.43093380884552002 2.8425241702384949 0.31070438504791259
v 0.43323263382148747 2.8633016104907991 0.35091120382499696
v 0.37961451099395749 2.890485239055633 0.53541044484329225
v 0.30624738189506528 2.9335586639084816 0.64323419604778298
v 0.26793411654281618 2.9507556146047111 0.690609908807993
v 0.30731418073272709 2.8172925165939331 0.61913763571548452
v 0.20338094168472293 2.9454455202922816 0.72884018018722529
v 0.18072337369537356 3.0035631747398375 0.7587384891586304
v 0.21903571050643922 2.8382504051837927 0.69533344362640381
v 0.13346726075744628 2.9781200734882356 0.77166317802715301
v 0.34606932061495094 2.8937711049336019 0.041153548876626152
v 0.33193077542114252 2.7035891953964231 -0.13833130622100831
v 0.31835756343364718 2.7863720524435043 -0.08615270487213135
v 0.34387179277038571 2.7954130012588498 -0.027960043159484867
v 0.026695511533737181 2.4942111636867521 -0.61379056796455367
v 0.067211679191589352 2.5790358827667239 -0.53756769318389885
v 0.070970668325424188 2.8784327624435422 -0.28345275634956357
v 0.13890708512115479 2.9135632144546508 -0.23542934673309326
v 0.29811820225334168 2.7879939104843139 -0.13837068852615356
v 0.28463211164760593 2.6831705248966218 -0.2561211064004898
v 0.29756479840660094 3.6325792570438384 -0.42949943605804441
v 0.23620853444747925 3.8321638466732026 -0.43023737554969782
v 0.067360462203979482 4.1106800568637851 -0.32547465119171143
v 0.057021752231597903 4.2142497223510746 -0.35439694423675538
v 0.28700886875152587 3.9542137122497554 0.82491570860290531
v 0.2965085806274414 3.0544116038513187 -0.10067036183166504
v 0.28750678959846498 3.7005609895610809 0.74134216364669792
v 0.16489531387042999 1.4626844801797869 0.87729796085262302
v 0.14835982717037202 1.5909980460062028 0.80266223714351659
v 0.4878355844917297 3.5865730243816376 0.45683315051269535
v 0.51084127425193782 3.7671314487743377 0.31563884847450258
v 0.52125917708805625 3.6846831798139297 0.36170981139046809
v 0.47372887860107421 3.8770010314979553 0.25198649962615965
v 0.22716178680419924 4.08817490030098 0.7990011093559265
v 0.27041090979003907 4.1278759841823573 0.71674486620712274
v 0.25452599940490722 3.1159794684219362 -0.2232408285064697
v 0.20764075120544434 3.0844029268188478 -0.26937465552520751
v 0.24349965242004395 3.1190692596054079 -0.31698404138183595
v 0.059389177329421047 3.0238669893848895 -0.35185133027291293
v 0.12471326777648925 3.0516551531982419 -0.40327058052444459
v 0.16799118438148497 3.0282139727363586 -0.7002542384204864
v 0.21452243691921236 3.3505611507740021 -0.83089037738037097
v 0.070608795557022097 2.0939176092681882 -0.90616184166526792
v 0.086243185178756704 2.1749605695858003 -0.84299775280189515
v 0.10366768346786499 2.054847585506439 -0.92232188781738278
v 0.087020978210449226 1.8355462191467287 -1.0265291353302002
v 0.024617316162109375 1.9572006008605958 -0.99256109695434569
v 0.070977649440765386 1.7793681343917847 -1.0452336954307557
v 0.11180503019714355 1.749755719833374 -1.0497023617492676
v 0.16864734595298769 1.8209614624500274 -1.0202690227203368
v 0.14112059735488891 1.7119027491226197 -1.0558016998657225
v 0.10650966579818724 1.6607032474899293 -1.0698524617866516
v 0.057249801998138429 1.5722438777542114 -1.0824650143203733
v 0.026223616561889648 1.6095278517608642 -1.0806913515167236
v 0.10973532968139649 1.4816604275360108 -1.0790666491699219
v 0.14881801074218748 1.5578326437072754 -1.0751933106384279
v 0.12762332043647767 2.5051493765563961 -0.57489126717758177
v 0.11809637039566041 2.5889854842872619 -0.51412197345352162
v 0.21306426922988891 2.1939134060287473 -0.77924214853477491
v 0.13832695920290267 2.3248752908499579 -0.70844663198907032
v 0.13933276144409179 2.2005777985153196 -0.80700691665649416
v 0.19695040497589111 2.0449557382888797 -0.90320098052215569
v 0.1500974989013672 2.0280057325172423 -0.9267483352279664
v 0.26224334275054934 1.9421804956665041 -0.93999145072174062
v 0.31366178969192504 1.9305654154701233 -0.90828241899108886
v 0.28541801805114747 1.853472356069565 -0.9744365297737122
v 0.22160491191864012 1.9394845493698121 -0.95718903905868546
v 0.2308353639755249 1.8383870838699341 -1.0010892093925476
v 0.19358199682998659 1.8660502872619631 -0.99812726392555229
v 0.2410194125213623 1.7254081735000613 -1.0359018586044311
v 0.18976836752319334 1.7300659076995848 -1.0445642686950682
v 0.20114002877807616 1.5952334112548829 -1.0651155944824218
v 0.22443734819507599 1.5557314609518051 -1.0619174237728117
v 0.32019405541229246 1.5033008380966186 -1.026438193725586
v 0.34381378635406495 1.5906224343643189 -1.0153864868316651
v 0.21323668002319335 2.5101665142402649 -0.50823786669540405
v 0.3550073881378174 2.0572465884399413 -0.70351566787719721
v 0.30434521825408933 2.2080982112922669 -0.64323020653915408
v 0.27424114651870735 2.1721884223899837 -0.72620014539337152
v 0.24504672817993164 2.3395962048263543 -0.61084462517929072
v 0.2486330280303955 2.2138220806884763 -0.7235231765899659
v 0.31335286016845698 2.040198261745453 -0.80090770058822636
v 0.37429916416931153 1.95716097946167 -0.77471944139099114
v 0.40765338561248782 1.857371856361389 -0.82531361348724364
v 0.38514110525512701 1.92037161995697 -0.79752896241760252
v 0.43642324763679508 1.8266492455596923 -0.80325972853469851
v 0.35821450379943848 1.9499835690002443 -0.81888193908691398
v 0.32583980720520023 1.9782633079681398 -0.84915926888275139
v 0.35281879201698302 1.8604103516292572 -0.91338460135078425
v 0.38661684296035764 1.8114730490837099 -0.90274713618469238
v 0.43974902117156983 1.6599026205673217 -0.9121870567321777
v 0.42383733206558227 1.5766150066490172 -0.9508250562171936
v 0.39426636897659301 1.658925891181946 -0.96701143847274784
v 0.47654226574707026 1.6576974169006351 -0.86736641244506829
v 0.36048437281799317 3.273345133125305 -0.23342724437332157
v 0.32485526225471495 2.4517452649879456 -0.39767725463676451
v 0.26547776745891571 2.5891019411697385 -0.36619187035274503
v 0.41879913232421873 2.0837859203186033 -0.5905453830871582
v 0.34193467076492307 2.2038217018699648 -0.59405006237411506
v 0.38471069569015504 2.2121368510894777 -0.52607061640548691
v 0.33165416324234004 2.322312330924988 -0.5062688993492126
v 0.55074720331573479 1.7346876927490236 -0.71270526499176023
v 0.48046268699645994 1.8244364957103731 -0.73580897669601442
v 0.44668423282623293 1.8652296162338258 -0.74730161993408206
v 0.52408193050003049 1.8278462387752532 -0.66835364578628542
v 0.44064941018104553 1.934598528491974 -0.69192930452537538
v 0.51487593928527831 1.6632859534149169 -0.8164708128929139
v 0.57340802195167551 1.5046015879554751 -0.83529263463973991
v 0.52398515476608276 1.4563057798995971 -0.89550299576187131
v 0.6174002332000732 1.5557151656799317 -0.75965841558837877
v 0.39623749801063535 3.4843388210525514 -0.22878567309570313
v 0.39756243419265747 3.3636640018272397 -0.20234901471710207
v 0.42450805064392094 3.2008522719287873 -0.047220188451766967
v 0.41235183467864989 2.2303674511871341 -0.46574636815261838
v 0.45158597507286069 2.2061855849800107 -0.42391851222038268
v 0.39154036708831785 2.3350976381225585 -0.39802671680450441
v 0.44727882709503175 2.0807543958282473 -0.55036706437683103
v 0.57488089488220218 1.8385921207962035 -0.57882924031066896
v 0.52567938085937493 1.8692399907798767 -0.62652205406570427
v 0.60005581270599362 1.8442395777893066 -0.53407584730529789
v 0.53093164738082887 1.9494565632133485 -0.54280456369400021
v 0.50806444674301154 1.9899498220100407 -0.5404037468147278
v 0.56801404584503179 1.7817863284072877 -0.64369589461517329
v 0.58356974053192134 1.7364092844696044 -0.66184964056396478
v 0.60459913158226009 1.6451601290111539 -0.71029663436698909
v 0.60814293138122544 1.6761550647888184 -0.67897791136169428
v 0.68128668639373768 1.5734019306793212 -0.66469611701965325
v 0.64993818028259276 1.5641124729614257 -0.71336520954132077
v 0.71225148464202892 1.5034305268936157 -0.67961722727966312
v 0.73640647275924676 1.4126819291009902 -0.7021244259462357
v 0.71472570293426507 1.5900261606941224 -0.60563074604415879
v 0.74361071215820318 1.4846976778259275 -0.65483824139404301
v 0.76901679174804682 1.4865593747253418 -0.62133143325805662
v 0.45120013633823391 3.3948242687120436 -0.01541485146522522
v 0.43795999720001222 3.3008047652969363 -0.042625065948486328
v 0.44596982559108733 3.219083694923401 0.019740917673110963
v 0.43172037115900858 3.0914689644598283 0.051918341306005207
v 0.39369280038833615 2.5532034629287721 -0.18202173559188844
v 0.37825809125900267 2.5367092779006959 -0.22148509171676634
v 0.48044327416992194 2.2393042603912354 -0.34578339244079587
v 0.4428811221351624 2.3779266321067807 -0.27402833883285527
v 0.48295010448074349 2.2017554982490539 -0.37751017308044432
v 0.4931395588989258 2.1148564553260805 -0.44502491123580934
v 0.70679070538330069 1.7802790109470912 -0.42901917609296525
v 0.57616247256469721 1.9717176834411621 -0.45032184524536134
v 0.60564027210998539 1.97661385005188 -0.40077873051452634
v 0.65780832501983655 1.7412725870285035 -0.54213438823699955
v 0.74757042953109742 1.5711614175910948 -0.57776639183044431
v 0.74845051470947266 1.6015258309249876 -0.54548046757507318
v 0.82322435337257394 1.4946692460899356 -0.53627600952339172
v 0.81022070539093027 1.5607240965347289 -0.48828222843551633
v 0.45004473722621374 3.0920638592965259 0.11280592060198102
v 0.44733863721847533 2.591847801540375 -0.060539350963592531
v 0.45179010242843631 2.4813583064918516 -0.16349862774276733
v 0.57009702513885496 2.2590791356658935 -0.18751961638641357
v 0.54035986148452753 2.2580946871261594 -0.24044846185302735
v 0.59572984096527093 2.2539009303665161 -0.12079758981323244
v 0.51191304058837894 2.3525279310607914 -0.19260198890686034
v 0.536436626953125 2.3556622753601077 -0.1444112839050293
v 0.55201248852539053 2.3614272971496582 -0.096464555358886733
v 0.4989754237976074 2.296549306274414 -0.26623265209960933
v 0.53861871496582037 2.1796800608520508 -0.31522151449584962
v 0.58324613838195805 2.1040517245483397 -0.31915902048492434
v 0.78286442245483401 1.7840387965660096 -0.27948348794937133
v 0.71900537198638914 1.9093826186561582 -0.27965768148803716
v 0.68875010768508904 1.907084175163269 -0.34222211343765263
v 0.64603524609374996 2.0008645334625244 -0.31922569829559327
v 0.68625885165405276 2.0040576237792971 -0.23853224481201168
v 0.65881457308197011 1.9082253773498534 -0.38577623055267335
v 0.68747997239685055 1.8373823598289489 -0.4073514146194458
v 0.75449901132965091 1.7789626138610839 -0.36016197850799558
v 0.72641214890289318 1.8038266336593627 -0.38142151673126212
v 0.8488544625740051 1.6062995579490662 -0.34917198062133786
v 0.85254328227233889 1.6247272203674314 -0.30948843284606931
v 0.8311174475784302 1.5853763180961609 -0.41384826498222349
v 0.50833536816583358 3.6217620084426736 0.084543400195598598
v 0.50473161082458495 3.4897298853836061 0.17470029138183593
v 0.49944303651809685 3.1450679087181093 0.27900271894454959
v 0.50386598966598517 3.2424521756248477 0.23735154239273071
v 0.48932639785766596 3.2412011789093018 0.1796916627883911
v 0.4706640595901489 3.0868842493591311 0.19273315854187012
v 0.46285304106140135 2.6487967662811278 0.050946385787963865
v 0.54031526003837582 2.417542016403198 -0.043965168750762937
v 0.55424801652908329 2.4125410657386777 0.028232858238220214
v 0.6055375425682068 2.2680091283874511 -0.0064182560958862302
v 0.55998526516723623 2.3679018919067385 -0.052062244110107424
v 0.65669143170166011 2.115047007087707 -0.12421772598266602
v 0.63891440383911136 2.1436467353210453 -0.16539016380310059
v 0.70582469319152841 1.9843649829483034 -0.10665516078186035
v 0.69911571679687501 2.0048927772979734 -0.063286337181091307
v 0.74468932247924813 1.8737248334198 -0.15127158311462402
v 0.74263415423583989 1.8764702748107911 -0.1022347805633545
v 0.69551307545852659 2.0134102667427065 -0.14301482293319703
v 0.73332296898651128 1.9080916612243652 -0.17285219442749022
v 0.70059185701751714 1.9921824783325197 -0.19635759630584718
v 0.81699020179748538 1.7098824244766235 -0.23084510610961914
v 0.86239224224853506 1.6123135059814455 -0.2630353901977539
v 0.92372596823610575 1.4941716231482371 -0.27656419860839843
v 0.88089190672302242 1.5813788503570558 -0.22859020491027832
v 0.94273998135452264 1.4878246916549682 -0.20455748395195006
v 0.8880434962730408 1.5845125906600952 -0.15817392709732053
v 0.95510016773605355 1.4828767373046874 -0.1544304640045166
v 0.51935657920265199 3.2827870873451235 0.28477144201278687
v 0.52957076164245609 3.2928842854518892 0.34602729734611515
v 0.56498299266815177 2.3966568006553648 0.11621936388969421
v 0.60387485258102414 2.2883254103984831 0.10601577765464783
v 0.61038864973449702 2.2656210918807984 0.051588987205505372
v 0.65877608963394163 2.1252757368965152 0.0053262986946105983
v 0.69847650802993777 2.009795189159393 -0.0055933526382446275
v 0.69914606454467765 2.0129844770660403 0.043335382278442386
v 0.74223337674713141 1.8885498246765138 0.047725562461853034
v 0.74269587614440913 1.8780342475280762 -0.056178492019653317
v 0.83361739994812023 1.6839867610816954 -0.0049418020744323738
v 0.89023297989654537 1.5963779586868285 -0.030461629966735838
v 0.82505345185852041 1.6934671750335695 -0.077182877723693852
v 0.8884886222610473 1.5950980227584839 -0.076486855529785153
v 0.82304017144884378 1.6929454871575493 -0.12118544698769707
v 0.90417143429565427 1.5687585005722047 -0.10715169041442869
v 0.94717644889068608 1.5037527174949648 -0.10936740727996827
v 0.53466826432800296 3.4693321435089111 0.34015405207824712
v 0.53037423870849609 3.3361822671737671 0.39449383226013185
v 0.51989621153259269 3.2010582665252683 0.37130106652832029
v 0.46582135669136049 2.69645589588356 0.3023338042011261
v 0.56309072005462646 2.4115510318069457 0.20938847372436523
v 0.6030734137001037 2.3083985821800233 0.2155939105491638
v 0.6086442542648316 2.2810682877883908 0.16411495783233643
v 0.69547434539031983 2.0346001628246309 0.14852220471763611
v 0.7292903683261871 1.9357192886915207 0.161706929145813
v 0.70178746862030039 2.0096809290580753 0.093500634670257571
v 0.81683438742065417 1.7178273580093384 0.05340351759719849
v 0.83399273642730709 1.6882207724304201 0.096870221176147464
v 0.87866021221160884 1.6172436935672763 0.071810949163436888
v 0.88722298383712772 1.6003339401588441 0.12362739702606201
v 0.89088794569396967 1.5973507274169925 0.016213317153930661
v 0.56128943449592594 2.4459581243553163 0.30777417104148863
v 0.59567504697322837 2.3451422145309451 0.29287106312179567
v 0.61165672179412844 2.3028651768035893 0.26758350852966306
v 0.55435855089950559 2.4504927245483397 0.26399604230880735
v 0.72249009811592102 1.9481469999179841 0.22442502227783201
v 0.69986336833572382 2.0298992811431886 0.19532177170181275
v 0.81354303723907473 1.7205003975524904 0.19951032556533813
v 0.79757760232543951 1.7292331312026978 0.2446264508972168
v 0.8655890546188354 1.6222925414028166 0.20479505898284911
v 0.83211855734252926 1.6903215403976439 0.146587946937561
v 0.88484345065307624 1.5969935052413939 0.16728653442382813
v 0.94056171082687379 1.5070052440719603 0.16783142130661011
v 0.55684581773185737 2.3524197151775357 0.38321564217376713
v 0.58056762944793705 2.3218335338516236 0.3599851813659668
v 0.57959006240844713 2.373170556869507 0.34207637015533449
v 0.69538506519317633 1.8533088774719237 0.31324930477905272
v 0.70290715277862548 1.9677096279678346 0.27312079895782471
v 0.73210023498535159 1.834079107498169 0.27509067372512813
v 0.80430719614410395 1.626252120326996 0.34814788139057162
v 0.8466168197479248 1.6220656638221742 0.28259499077224726
v 0.90843663571739197 1.5093572491245268 0.30189341199302677
v 0.34169899102592471 3.5165890552234647 0.69856139548492435
v 0.3300222004184723 3.1095694587478637 0.65475018321609491
v 0.52600303422546379 2.3446868861312868 0.42202304822540287
v 0.56879033865356443 2.1818406770610812 0.40488095559692383
v 0.5991385156440735 1.850438567211151 0.43971239254379269
v 0.62694667043685914 1.9768679306602479 0.36880180602264401
v 0.5871727069072723 1.9645054017505648 0.42213685301399234
v 0.6665092870330811 1.8504685323705674 0.35038745111846925
v 0.66831510110092163 1.7399451060371398 0.41317647212982178
v 0.62929473094177246 1.7103026986160277 0.48152636570358276
v 0.69874060118865977 1.6398588691024778 0.46758567225646974
v 0.75277151979827883 1.6102914070205689 0.43500973624420164
v 0.70263293753814704 1.7351147579116821 0.37092898863983154
v 0.73114298881530759 1.6978035783538821 0.3660436735076904
v 0.78896076557922368 1.5956281833801269 0.40423850679016116
v 0.29149082415390015 4.0926369389801032 0.89475839386367795
v 0.30608417707061769 3.2211012474441523 0.70214488177490231
v 0.46320879587936403 2.3674025560302736 0.49751338020324709
v 0.44091863623428351 2.3513152717704773 0.53222744506454456
v 0.53438962784957889 1.8756563135795592 0.51244556427383425
v 0.52164397460556033 1.9620311855983734 0.50577972334480292
v 0.50714500753784186 2.1139350228462219 0.49658132057952886
v 0.55458257517433174 1.963656754732132 0.46550125774383544
v 0.58152854829025269 1.7077240216350555 0.53706241025924673
v 0.62153493694305417 1.6214100450744628 0.55724788825225824
v 0.6655169751815796 1.609672527572632 0.52615797085571281
v 0.70360946327972407 1.5209401886749268 0.5704328768463135
v 0.74192989474487303 1.512556063232422 0.54673495838165287
v 0.4131684208250046 2.3730751392030713 0.56738471792507172
v 0.35145963764762878 2.3686038208885192 0.63450400334930412
v 0.36935796702575685 2.4746290840454104 0.60480640048217771
v 0.33968494648742675 2.48261068844986 0.6343686194763184
v 0.4133995752105713 1.8724364795227051 0.61011841630554198
v 0.47022742732429507 1.9614079953060148 0.55771402178573593
v 0.43566079129791258 1.9815879172058106 0.58657867385101325
v 0.41565965081787104 2.1125963226509095 0.60220111912536622
v 0.49190978536415098 1.8607784762210846 0.55767693387031558
v 0.46822839995302473 1.5283536557622637 0.72029520032446726
v 0.50108528781127937 1.6295893559875489 0.64454317051696774
v 0.53832928823089599 1.6272393829727174 0.62085936495971672
v 0.45605046016693118 1.6775714565849305 0.64742103309249877
v 0.45562045507812499 1.6392399281463623 0.66570087655639654
v 0.45711781605682378 1.778765100769043 0.60677787957534779
v 0.57385446514129645 1.6278407909851071 0.59443030468750002
v 0.59034035031127918 1.5441205296936034 0.63718694216918947
v 0.56403521042633065 1.5167286931533814 0.67233084963226319
v 0.56152839181900027 1.4688433426132201 0.70572307654953004
v 0.60447224892425533 1.4989189834136964 0.65840621262359611
v 0.16969022534275058 3.2829431819343569 0.83121311132240294
v 0.21821933506011965 3.1779478367767333 0.78496715129089356
v 0.20192425954437257 2.622874141155243 0.68761481346511855
v 0.27155614726257327 2.6867657199172972 0.66059943067169191
v 0.22771392155456543 2.2397809616394042 0.67487098429107661
v 0.27909197673034669 2.4066520343704223 0.66728226311492922
v 0.30780468276214601 2.3581841474113463 0.65686563045692448
v 0.2427848461380005 2.3701706339054107 0.67526743330955508
v 0.26945787010192868 1.8714031557159423 0.65866880583953857
v 0.30658127270507818 2.0115786829795841 0.6473561766357423
v 0.31803949511718749 2.1257972379226686 0.64970022286987317
v 0.36548426168823245 1.9032170466308593 0.62821677010345456
v 0.41765518941192625 1.7649006114501953 0.63331867669372555
v 0.41167500746154789 1.6193156775741577 0.69640453398132318
v 0.43079966635131839 1.496618916290283 0.75999136599731443
v 0.36755634865570069 1.6154116195755006 0.71687968553924564
v 0.37209284980773927 1.4759872641143799 0.80134720912170421
v 0.31158657165908821 1.6329771261901853 0.7257732072029115
v 0.32647414493942262 1.5079307873802186 0.79596687786483766
v 0.12184322815895081 3.2684645656719207 0.85996606746578208
v 0.1745340062980652 2.3703308882026675 0.68881936966323853
v 0.20126238172340394 2.2902120424671173 0.68000752828407285
v 0.15266012250900268 2.4202899928283692 0.69772934826278687
v 0.28161093014526367 1.806568945739746 0.66742025103759761
v 0.25903027252197264 1.9879580082855226 0.65760701159667967
v 0.21537656465148924 1.8915865714874267 0.66764166581726081
v 0.19014503741455077 1.8474804591674805 0.67843148897171024
v 0.21489669580841064 1.9889656388397219 0.66751207845306393
v 0.14928478623962399 2.0039244065113069 0.68819222558593751
v 0.14566141859741211 1.8555146237365723 0.6931895765502929
v 0.26811935905456541 1.7519202824554445 0.68495451634216309
v 0.24857062415313724 1.6232646821670529 0.74527986025238024
v 0.32817075531005857 1.4405361639404295 0.8409622102661134
v 0.21022598598480224 1.6014560098953246 0.76835309704589849
v 0.24531542015075686 1.4874096343383787 0.83288792906951903
v 0.20546719611206055 1.4690659846374512 0.85950980239868169
v 0.10293667460346222 1.2068772330474853 -1.0586642650766374
v 0.13447618595886232 1.3360871280670166 -1.0537833842315674
v 0.048369038644790655 1.397274981180191 -1.0706469251728059
v 0.31520738595962522 1.2459489762786866 -1.0060707886550904
v 0.30921271255493166 1.3274764262161254 -1.0091021309814454
v 0.35010386447906494 1.386272030982971 -0.99994604578781121
v 0.29294516294097905 1.4052517606887815 -1.0263353775787354
v 0.24494910801315306 1.3999335673789979 -1.0413597521591187
v 0.5138019907531739 1.2593963141746523 -0.91968726379394528
v 0.44057911018371576 1.3217279601688383 -0.9506251586856842
v 0.53526267435073849 1.3962421644744873 -0.8949722322311402
v 0.42003565864562986 1.4187797894058229 -0.96622588860321046
v 0.62748792699241629 1.2630104602680208 -0.84428167008209221
v 0.69557192660522449 1.3457203596801754 -0.76501019326782227
v 0.6024791099700928 1.3427450900154114 -0.84779073123550419
v 0.68527929603576654 1.3943735643768309 -0.76240799452209473
v 0.60331370233345039 1.3982063522033692 -0.83857749989700314
v 0.804647716053009 1.3421988094596862 -0.65614050456619266
v 0.73545247441482542 1.3226282403030394 -0.73330061168670646
v 0.85602110992431646 1.3332876165618899 -0.59508697244262709
v 0.87362591035346981 1.4049725701839448 -0.52729734781112669
v 0.82550770001831053 1.4172673484855651 -0.59334472505302438
v 0.95545956069946292 1.3379205240783691 -0.40344598910903928
v 0.9546011207580567 1.4041488859176634 -0.33488474556732178
v 0.919308354637146 1.336850604400635 -0.48315649296569829
v 0.90946646601867676 1.4197375419921874 -0.43726563484191894
v 0.89059116953125006 1.4182659976593017 -0.48363527786560057
v 1.0288468572721481 1.3195516037635804 -0.19477718171310426
v 1.0061751670913697 1.3349167299995424 -0.27156015312194826
v 0.99820749243927009 1.3250684803085329 -0.31212827512359614
v 1.0667166112976076 1.2725145333862304 -0.033055240783691403
v 1.0247408808422089 1.3624790633335113 -0.096420837966918957
v 1.0026650472946166 1.4135715935211182 -0.06833688407897949
v 1.0037095354480743 1.4197041828308103 0.0067134824867248555
v 1.0023597318611146 1.4058723316631316 -0.11785959051704407
v 1.0381471070861816 1.3428189281673431 0.094907284957885751
v 1.0155938868827818 1.3865607205047605 0.11842497664260865
v 0.98038208066177368 1.4097498099975585 0.23470005284118653
v 0.99312923032569889 1.411528326221466 0.17599430578041075
v 0.92996484265136725 1.3310134266510012 0.46239781788635254
v 0.96962265126037606 1.3393369419021606 0.38224441272735588
v 0.94159473158264162 1.354337097251892 0.42392363087463381
v 0.90867724764633184 1.4307560296096802 0.41034465675163267
v 0.93271782330322262 1.4341838885116576 0.356091416847229
v 0.86477614784622192 1.3254650799369814 0.56378264393615729
v 0.81826062136840827 1.4262957826690674 0.54476884162902839
v 0.89582024462127685 1.3544579665985106 0.49827187586975097
v 0.67721472105216984 1.3339258357639312 0.73077150247955325
v 0.72651115376281727 1.3359032770309449 0.69326736165618896
v 0.66352732216644295 1.4154628864059446 0.67916207395935058
v 0.76602932887268049 1.3245747937698364 0.67068076584625247
v 0.74667171250915532 1.4162138341064454 0.62090986051940922
v 0.60012331542968755 1.2713385109710691 0.83307885092163092
v 0.62795013310623182 1.2389606624984739 0.84075035858154301
v 0.52468131579589827 1.3464166640396118 0.81966004776763912
v 0.61559686627960208 1.3414989059295652 0.76656530700683578
v 0.59282402619171137 1.413654997077942 0.72596032139587396
v 0.36992533187866217 1.3366132050476076 0.89830884642028797
v 0.42694757856750487 1.3399344572143557 0.87566757504272452
v 0.43017423800659182 1.403376702655792 0.8274053585891723
v 0.48386660934448245 1.3246737555999755 0.86170465103149407
v 0.46608138219996859 1.4221234440373012 0.79406373099626815
v 0.21285281475830078 1.315538933532715 0.9585335909118653
v 0.27177210519409178 1.3173686566162111 0.94172715307617194
v 0.25108652712249757 1.3944139941482545 0.89564198760986335
v 0.30102433133125306 1.3941323582229614 0.88115406295776366
v 0.13587329059366501 1.3739094468466075 0.9405089696336475
v 1.0530049285640715 1.1650880957856178 0.23218400464200972
v 1.0100430250148773 1.2089069926691056 0.3866596827707291
v 1.0069417521915436 1.1621142949390411 0.38329855077552799
v 0.81914816985321048 1.1448620324211121 0.68644821059036254
v 0.8898792228582928 1.1654106525923866 0.60775000589438855
v 0.54055672042417524 1.1655721905326843 0.93041660482168198
v 0.20978081082543731 1.1854907515200972 1.0502020761336088
v 0.2993227881627083 1.1453889109883308 1.0269920502386092
v -0.15417456391143797 1.1434040969238282 1.0572320388641356
v -0.51705385398864745 1.1456196250228881 0.93725717622375493
v -0.46415124642693995 1.1465714777173996 0.96569399178493021
v -0.80891592647552479 1.1571645846862793 0.70545290576553354
v -1.0131362541228375 1.1467767034217193 0.34399122093130924
v -0.98155390572822099 1.1434270696866511 0.4247927268606424
v -1.0836832674866916 1.2018306014465094 0.037068298728942871
v -1.072522047279358 1.1526658530349732 0.0047086234207153283
v -1.0339673175811768 1.1447386875479562 -0.26753151631055561
v -0.65069099741418013 1.1595774846371243 -0.85472815930829737
v -0.55811969342422496 1.1495691053695678 -0.9120885551681519
v -0.27936853265380857 1.2041199458065033 -1.0281130850505829
v 0.21808695970392225 1.1687622169445753 -1.0500465495496987
v 0.53340994352722171 1.1539657746582033 -0.92830509585571297
v 0.95166009032630916 1.1898811281433106 -0.512523123971939
v 0.97570756164932249 1.2259848943328857 -0.44716712136840819
v 1.0039544994401932 1.1565179671459198 -0.38199047438716888
v 1.0397708492856705 1.1421325683997017 -0.23955609606497627
v 0.93121158593749997 1.111618431274414 0.49058722192382809
v 0.97607966262817381 1.0649698331604005 0.30457852352905274
v 0.97678089519500721 1.106077212776184 0.38429951256561279
v 0.94251741342926021 1.0469452669906616 0.36520327748489373
v 1.006860031730652 1.0757374492721556 0.21310780888366698
v 1.0259305484504699 1.1170563411979675 0.24447286917114258
v 0.67579962830461771 0.95508313709803994 0.667442679990496
v 0.84747201541137684 0.99045309072875987 0.47881100131225585
v 0.82143988635253906 1.0079407362060548 0.54373614282226568
v 0.80449337471008309 0.93020147155761723 0.48039425003051756
v 0.77806001513671874 1.0104001584777831 0.60496943646240242
v 0.84339973841857907 1.0570100553741457 0.57090740498352055
v 0.79923365076446529 1.0675081393051149 0.64129615103912352
v 0.91912208416748054 1.0455470668334963 0.42070766928100589
v 0.92188742984008787 1.0714192998657226 0.45613630163574215
v 0.88998488068389903 1.0724547561569213 0.51591329973602296
v 0.88444610293470105 1.1120034277436393 0.56956880922099518
v 0.71382845063018796 1.0784587475509644 0.74647684428405769
v 0.77526370286560065 1.1413532648010256 0.73419128305053716
v 0.75237847758483878 1.0658615013885497 0.69378895108032235
v 0.81992757293701168 1.1089323626098633 0.65699887509155275
v 0.52639158950805665 1.1186151571350096 0.9187354219055176
v 0.48452205239868162 1.084259668914795 0.92026465628051757
v 0.58384646301269538 1.1309906868591306 0.88914657498168936
v 0.62064079740905753 1.0718851779327392 0.82270267272949216
v 0.59325152025604244 1.0864998558731078 0.85409998963928224
v 0.62376336022949208 1.1388606255798339 0.86648146347045896
v 0.36555761398315428 1.1051507039358957 0.98598046433367048
v 0.22189147300720216 1.0490986081848146 0.98967319343566884
v 0.29051601477050781 1.0634060264129639 0.98246102250671385
v 0.38502903993225102 1.0681880157165529 0.9532758011932374
v 0.43324057751464845 1.0304750871582031 0.90258907440185543
v 0.28055280072021482 1.0105240384521486 0.94608562487792969
v 0.30799446745300291 0.93039048527526846 0.88530603572082511
v 0.36799993727874758 1.0191335359649658 0.92241903081512455
v 0.48275783071027484 0.997427327257429 0.84971648619297557
v 0.50063723608180455 0.95842434364754814 0.80999144834572911
v 0.064909852924346922 1.1236792533264159 1.0597192265739439
v 0.11233501036071777 1.0745351242980958 1.0265378947906494
v 0.17561490832519533 1.0982195850677492 1.0324392405700684
v 0.22343803099822998 1.1102762896900176 1.0297419516525268
v -0.21782483144760134 1.1367784732437134 1.0441567299003602
v -0.17259115489196777 1.0957007791213988 1.0320413082733153
v -0.077758705886840807 1.0567685520172119 1.0188402721099852
v -0.046246274291992184 1.0988686630706788 1.0496883890151978
v -0.36336660800606857 1.1146318127441406 0.99172539153180805
v -0.41791253669357298 1.1209927510108946 0.97376910903930658
v -0.44718623168945315 1.0318040935668944 0.89688794195556643
v -0.4016610107879639 1.0667279826202392 0.9455192833709718
v -0.49890989720916745 1.0533942922439576 0.88740697484970088
v -0.31672492421340942 1.066201961830139 0.97650127611923221
v -0.21812053100585937 1.0383626057128903 0.98288894796752924
v -0.39144938867187495 1.0125204001159667 0.90764460177612305
v -0.33267683628845213 0.93039291316223149 0.87632270060729978
v -0.32367086502075193 0.99259968286132816 0.9193275637512206
v -0.20206043215942382 0.9961034512634277 0.95523599792480463
v -0.15753429296330043 1.0106028173141479 0.97401280185263506
v -0.61259628492736817 1.0868354389343262 0.84109903422546384
v -0.65403140972518914 1.0803987100982666 0.80437140371322635
v -0.56710127716827385 1.0880613407440185 0.87331782904815669
v -0.51371029447174077 1.0978003478393557 0.91343856632995613
v -0.7352315353240968 1.1404479231414795 0.77588797999572767
v -0.71297726057434085 1.086417815574646 0.75630004120635985
v -0.81646127846527095 1.1007873340530396 0.65355561054229727
v -0.79994348992919917 1.0529080330657961 0.62311000187683119
v -0.75331200035095225 1.07371291381073 0.70134901923370363
v -0.69374019760894778 1.0401498997944423 0.73001689644622814
v -0.92829191780962272 1.1033954639718191 0.4846020362156459
v -0.95744254183523991 1.1331291787806919 0.46441206488473075
v -0.90796054298400886 1.0106819548416137 0.37993202512359614
v -0.92917872439575189 1.0706399362182619 0.43615086602783204
v -0.95430519593811036 1.0516561693420408 0.34039928996276853
v -0.86703003530883793 1.0816228061523436 0.56207407598876946
v -0.83131157563781732 1.0603296342010498 0.58907801197814935
v -0.88009807794189454 1.0114009623107909 0.44263825991821282
v -0.81724769944763187 0.93605350721740721 0.46293839266967773
v -0.83071072518920896 0.98739214695739741 0.49915988903808595
v -0.75292595413208008 1.0026430071018766 0.62569564785766607
v -0.72007316271972654 0.98247280025809147 0.64373789074707033
v -1.0241063154449463 1.1122992892837522 0.23974812581634522
v -1.0210063783569336 1.0905214092254638 0.18948831333923341
v -0.98338230711364738 1.1045999503173827 0.36462612628173829
v -1.0536985872802733 1.125136810470581 0.098328434524536129
v -1.0556094841766357 1.1207261093139649 -0.019497337020874021
v -1.0618798643493652 1.1337634946594237 0.046411709686279307
v -1.0179699126205448 1.0721201880416871 0.12517860205841064
v -1.0351467471923828 1.0885221562805176 -0.049186559005737304
v -0.99202028825596411 1.0296688057915824 0.093672365473066066
v -0.97383001320103224 0.99668706077357694 0.0076906270926339294
v -0.94978225391932902 0.9584132087271553 0.027783725110735208
v -1.029762850692749 1.0946919133387976 -0.14171968812125069
v -1.0047603411560058 1.0457339751281736 -0.079513995574951174
v -0.97344085392761226 1.0003967871398924 -0.086274974746704092
v -0.9647640680007934 1.0193922133636475 -0.22403395027160644
v -0.94129857838439945 0.96783576789855963 -0.16898380165100096
v -1.0014840904388427 1.0780453322753907 -0.23666916879272462
v -0.97617443366241452 1.0639397923583984 -0.29490725837707521
v -0.9370122958679199 1.0012837595520021 -0.27877762261962891
v -0.91173840222167968 0.99930091699218737 -0.34696724572753906
v -1.0108135121078492 1.1224700227890012 -0.30651176079559328
v -0.98172381838989264 1.1251254737243652 -0.39400574853515624
v -0.98437809253692632 1.0998770903396606 -0.34508370862579346
v -0.94715061892700203 1.0771619340667724 -0.40219382727050779
v -0.92636402020263664 1.10962943825531 -0.49805953150176996
v -0.92390866736602795 1.0758181953964232 -0.45300321413421629
v -0.8846531594805036 1.0358260362679617 -0.47027546185520713
v -0.83701612365068701 1.0056907796674457 -0.51230817199271061
v -0.83945512885393414 1.0442515793958389 -0.56149211053030834
v -0.77949197347586496 0.99700821873256129 -0.58697983687046595
v -0.85333423959350596 1.0918625697021485 -0.60064917700195308
v -0.79907303282928466 1.1251021234512331 -0.69979624162292486
v -0.76450881820678707 1.0671859937896726 -0.68732516455841064
v -0.76952527506637569 1.125948590747833 -0.73274111323928826
v -0.77382308035278313 1.0330123995094298 -0.63786714110946652
v -0.70291282812499989 1.0671442175292969 -0.75063500610351563
v -0.71385462128448474 1.0393096147689818 -0.71282480907440193
v -0.67898126724243157 0.98751019030761711 -0.69477918368530278
v -0.58828596276855472 1.003997962463379 -0.78846596588134765
v -0.61351218572235111 0.96757868806457514 -0.73552098235321051
v -0.54764972653198241 1.0740009465026856 -0.87372290374755868
v -0.53990112670898438 1.0012402970886232 -0.81838140817260741
v -0.48455189657592773 0.98314049551391602 -0.83640291073608397
v -0.39081380064392091 1.0129534816589356 -0.90662163398742668
v -0.48018623113250725 1.1274028345870972 -0.94573742893981927
v -0.52020813020324708 1.1302717859649658 -0.92558553161621104
v -0.50862437525558468 1.0752937352867127 -0.89686348298645013
v -0.39176112783050543 1.0669845309600832 -0.94960048757934568
v -0.32006104441615513 1.0103598663657052 -0.93288697834777834
v -0.3029234671325684 1.0511739967651366 -0.9715624686889649
v -0.27023757613917759 1.0114449673331123 -0.94927551756286621
v -0.32034072413635256 1.1257056262054443 -1.0141540473937989
v -0.29471992668151858 1.0860888252868652 -1.0005926900482176
v -0.23894993511962892 1.0782499068832396 -1.0095240469207765
v -0.19255226388549807 1.1009025595092772 -1.0329274789733889
v -0.1445095862121582 1.068201700782776 -1.0196054329681399
v -0.15294266436767578 1.1351038872070311 -1.0551554191360475
v -0.16035149069213869 1.0134747960205077 -0.9759322433013915
v -0.072466691406250006 1.067552121322632 -1.0269805803298953
v -0.11388278991699219 1.0282731888427734 -0.99458168164062499
v -0.014567889801025392 1.0008527954101563 -0.98145209280395496
v 0.051581784423828117 0.99563305554199211 -0.97589757922363285
v 0.0061725972595214843 0.96686169549560552 -0.9565348300781249
v 0.086475903640747059 1.0677461809310913 -1.0252134782028199
v 0.16853134695434568 1.0492514679107667 -1.0004745171813965
v 0.10179188778686524 1.0190912145080566 -0.98822711236572269
v 0.15951743432617188 0.99723043576049808 -0.9624245485534666
v 0.25832507488141743 1.0092916529541016 -0.94833583235822405
v 0.23113961101422992 0.97719434921264658 -0.93198908745465947
v 0.2994485408499582 1.0302407092285155 -0.95332406154087612
v 0.35670838330950055 1.0088683948669435 -0.91528372959245952
v 0.19265823591613768 1.1053786516113282 -1.0347760084381104
v 0.21586384553527832 1.076637492782593 -1.0118304435424803
v 0.32072626144409178 1.0900911054687499 -0.99354980787277214
v 0.30698205720520017 1.1396094625205992 -1.0229362361450196
v 0.39697786905288696 1.0624141922035217 -0.94367955821609484
v 0.42134123190035144 1.0263139420738219 -0.90126430132784163
v 0.5309812630004882 1.1084119141540527 -0.90775930136108385
v 0.54627294092559819 1.0596077047653198 -0.86067655642700203
v 0.4784305239366804 0.99522010841369635 -0.8460014369463239
v 0.6088433921508789 1.0719655145874023 -0.82830382540893566
v 0.56902908349609371 1.0372597290039063 -0.8272599283447265
v 0.58389350065612788 0.9990793890533447 -0.78369748637390135
v 0.67986676962280279 1.0044425555725098 -0.70881904010009766
v 0.61986744900512702 0.96718424621582033 -0.72735678521728508
v 0.72735410867309591 1.0893152881774903 -0.74364367553710942
v 0.7875451560058595 1.0571978616333009 -0.64746633306884771
v 0.73641867304992692 1.0356514654388429 -0.68263912341308597
v 0.76538713708496098 1.0131934488525391 -0.62327912895202631
v 0.7940323541085379 0.97628517968749995 -0.54170922454833992
v 0.85413819309561601 1.0421488287200931 -0.53586575566101069
v 0.86409826919991639 1.0099565198364258 -0.47161891215515139
v 0.79937666715621947 1.1169357719917297 -0.69051688471221928
v 0.84887514969635003 1.074451538444519 -0.58597735090637215
v 0.89384130545043949 1.0893190324401856 -0.53456956921386711
v 0.87263580723571776 1.1333593484039306 -0.61016110771179199
v 0.89709155775451666 1.1208937314300536 -0.56332302807617185
v 0.94277057695770261 1.115367914428711 -0.4756600771331787
v 0.94605376093292248 1.0868274579811095 -0.427956699054718
v 0.99319816913604742 1.0926736567077637 -0.3093474442520141
v 0.9690529632568361 1.058129106201172 -0.30901687152099605
v 0.97892472743988046 1.135980070930481 -0.42229917932128902
v 0.99404748310089108 1.1182862771835325 -0.35725938082885744
v 1.0272637474517823 1.1371117157745361 -0.28253537088012692
v 0.95981607005092084 0.97341859094020311 0.010714703763689317
v 0.96288047822897771 0.98827283041708824 0.10903042038290842
v 0.94726717276000982 1.0029609640197754 -0.25009819944763179
v 0.96672553753662116 0.98773990830993652 -0.076466166320800777
v 0.94129390722656248 0.96348843116760252 -0.15906263735961912
v 1.0021643573150634 1.0401959703369141 -0.077423405189514155
v 1.0274613109741209 1.0867953135375976 -0.13039214694213866
v 1.0089383086242676 1.0458592238769531 -0.0039750632781982414
v 1.0118315041198729 1.0828845359191894 -0.20842602116394041
v 1.0391473264661515 1.1176345018637521 -0.17457987392752511
v 1.0121658358808245 1.061486130695888 0.12547871078927175
v 1.0413300991592407 1.0930459191207889 0.0060546908645629869
v 1.049711482082367 1.1188143518981932 0.11983615060043334
v 0.089936333465576154 0.91068644906616203 0.92538758963012702
v -0.017451059020996099 0.87433024203491216 0.91959707803344726
v 0.24703514803314208 0.9212287455978394 0.89976038611602782
v 0.32640059440612795 0.87229892514038077 0.85707132797241203
v 0.31989101329040531 0.81062391288757318 0.85141313119506834
v 0.29157289317321772 0.75894813197326649 0.8637405182647705
v 0.43911171310424801 0.87845684245300304 0.80836622477722164
v 0.50837211550903327 0.8335485403747559 0.75744393331909177
v 0.49495591967773428 0.88955668751525874 0.78005960143280029
v -0.53121608288574207 0.92677028302001951 0.77130039039611797
v -0.3886624508743286 0.92122696131134041 0.84821057837676994
v -0.30041845367431641 0.87229817066955573 0.86651746232604987
v -0.12435195379420688 0.94745563917541498 0.93809979045540959
v -0.31036546528625492 0.78116963705444342 0.85513824722290055
v -0.31912305537414554 0.82872737887573245 0.85218014964294442
v -0.18276939379882812 0.87845369145202645 0.90165982904052733
v -0.096980687164306634 0.83354832666015621 0.90716697222900389
v -0.12179499468994141 0.8895509422988892 0.91587554344940192
v -0.89482633596801753 0.91082840463256842 0.24947252136230469
v -0.78703915126037605 0.87223867810058597 0.47066055018615721
v -0.68428369435119629 0.95080384135437013 0.65587887951660151
v -0.66447778028869631 0.88993645118713371 0.64255771255493166
v -0.78283830326843273 0.81125391975402827 0.46322639318847653
v -0.65724420220947255 0.82523300538635258 0.6319560662231446
v -0.78565850674438487 0.76227012890625001 0.46050687283325192
v -0.67666115809631344 0.75993835444641111 0.60955148602294917
v -0.94574799519293651 0.94943376385552536 -0.017930888107844763
v -0.90356081323242177 0.94414293734741206 -0.26839892169189461
v -0.91377747032546996 0.90455567489624022 -0.14886339598464968
v -0.84917697219848631 0.88629061241912843 -0.35583633448791502
v -0.8384131526489258 0.81870900553894044 -0.3510324744415283
v -0.91402152581787111 0.85064865225219721 0.036339383483886725
v -0.89824152014160163 0.8281759398193359 -0.14745969248962404
v -0.89489850320434572 0.76625438630676268 -0.16489945857238769
v -0.83842343081665027 0.76788678549194334 -0.35327943209838869
v -0.71350224573789323 0.94918711854117255 -0.62172565754372733
v -0.60431684375381467 0.90433935523605347 -0.7013165987319947
v -0.39018274559783944 0.87439059042358402 -0.83087428665161145
v -0.41753399032592781 0.84096339106750484 -0.80915531718444822
v -0.41506443501281742 0.78535750996398934 -0.80816301666259771
v -0.71491917361450197 0.81589058383178714 -0.5630974864654541
v -0.72597238021850585 0.86685378753662112 -0.5606354605712891
v -0.57685926905059826 0.84206706608581539 -0.70529165977478026
v -0.60197078667068482 0.78308940412139894 -0.68048695149993899
v 0.22708422772216796 0.8415828714904785 -0.88150272032165522
v 0.016945730209350588 0.91697359893798835 -0.92914336956787102
v 0.12204541752624512 0.88026858073425296 -0.90868778660583494
v -0.020370132186889649 0.88642785594177242 -0.91891533283996574
v 0.23668054427337643 0.88573583783721921 -0.8885099581680298
v 0.23788837932913642 0.93566251428222658 -0.90603540969412655
v -0.17901629405212405 0.82029721401977529 -0.89214943665313728
v -0.19530770944213871 0.86689149401855459 -0.89589589880371101
v 0.012990370628356937 0.78446669374084466 -0.90811225527191164
v -0.011480439666748048 0.84364119012451178 -0.91071528292846682
v 0.72456312408447276 0.83162090420532242 -0.54993653167724621
v 0.60046804754638672 0.92406027987670902 -0.71202062541961664
v 0.57839525624084465 0.85911153753662117 -0.70604167880249014
v 0.7503687824935914 0.87195677252960202 -0.52731595537567144
v 0.75781957071358808 0.93487422467041004 -0.5530893912658692
v 0.43711609475708008 0.82052179179382323 -0.79759757592773428
v 0.42735706954956054 0.86731424368286136 -0.8100782179260253
v 0.57359167806243894 0.79360757519531244 -0.70404104734802253
v 0.90872260488891599 0.82472323418426519 0.037433908233642586
v 0.90693303959655758 0.88036926628112799 -0.1456372163696289
v 0.92055928268432619 0.88646623227691645 0.024038538276672371
v 0.91252670086669929 0.91904422692871091 -0.18561833929443361
v 0.94398877243477952 0.94797693547494077 0.054363111271449507
v 0.93655895000130784 0.95257638711983827 0.14857696098763604
v 0.84669253503417963 0.84879463104248043 -0.34548363345336919
v 0.89866351251220711 0.81678178240966792 -0.14054642097473147
v 0.89916959648132322 0.7572304262542725 -0.14212469944763184
v 0.66327175912475589 0.9106856635131837 0.65124916784667974
v 0.76713080983734128 0.92114976673889171 0.53064213299560548
v 0.80050039584350574 0.87229867918395998 0.44692546386718746
v 0.90529700658961709 0.93927224738093784 0.26090185175105507
v 0.79187661566162115 0.81062391339111328 0.44677446850585933
v 0.77810755261230469 0.7589481368255615 0.47442041328430179
v 0.84672475866699215 0.86831159194946284 0.35175378178405758
v 0.88585041198730474 0.88323080844116197 0.25430130259704592
v 0.085577598045349118 0.73109087854766841 0.91284528101348883
v 0.28956617494201664 0.69578001118469235 0.8763442695465089
v 0.50470693670654299 0.74317709591674808 0.76002159368896482
v 0.52198906075286866 0.69523545435333256 0.7617753492202759
v 0.30328629051971434 0.63211490080261235 0.89833839805603033
v 0.49739971783447262 0.65133233319091799 0.79723338130187993
v 0.3071599174194336 0.58292948191833505 0.92761723753356939
v 0.50926785534667962 0.60771241641235352 0.8156846777954101
v -0.52073685955810545 0.73109103816223142 0.75446127455139156
v -0.3334858203430176 0.7420104789123535 0.85032826721191412
v -0.34102289433288574 0.69577971594238275 0.85760358332824715
v -0.081129757186889639 0.74688246015930182 0.90855873660278319
v -0.089333659797668455 0.69523544720458985 0.91923747038269044
v -0.3446508717803955 0.63211478196716309 0.88327121983337398
v -0.13096226962280272 0.65133232524108897 0.93059413357543952
v -0.36050363754272463 0.58292960214233402 0.90818993203735354
v -0.13373054263305667 0.60771241641235352 0.95235702810668954
v -0.88342007479858398 0.73110522197723382 0.24338073462677001
v -0.90003456893920908 0.75813396850585946 0.13868935552978517
v -0.80498643881225584 0.72539915254211418 0.43704274526977538
v -0.82289517799377454 0.6689640233001708 0.43576642974853519
v -0.81578353952026372 0.63995856756591796 0.47446694670104977
v -0.85834680313110356 0.58445834350585946 0.4640498070220947
v -0.68614175666809074 0.69655568800353995 0.6166872958984374
v -0.86054599159622192 0.6646468566856385 -0.36544624367523193
v -0.88942959783935538 0.61290972706604008 -0.35845675000762944
v -0.90026470359802246 0.70776658587646479 -0.18502647314453124
v -0.88430298138427732 0.69688870599365227 -0.26381327368164065
v -0.84545627635192888 0.71849584646606446 -0.35892874441528322
v -0.91946305766296388 0.65013787220764163 -0.18835863160705565
v -0.94908126094818113 0.59287629010772691 -0.20077067359924317
v -0.93205631550598145 0.66601014869689945 0.046762965026855466
v -0.91506761325836183 0.72102848284149168 0.027496132461547848
v -0.40242548019409174 0.66903656372833242 -0.84095393903350835
v -0.40729651750183105 0.61172840232849124 -0.86792547424316413
v -0.59029310831832893 0.71391037205123897 -0.70163860531616218
v -0.50246355340576176 0.68766628004455566 -0.77633054023742676
v -0.41627202764892579 0.71851452905273439 -0.81788385011291509
v -0.73792995556640628 0.65629989294433588 -0.57637277008056631
v -0.60709896325683599 0.64133811294555665 -0.7201493769226075
v -0.63144281611633302 0.58714357009887697 -0.73981168205261238
v -0.020676105857849118 0.72098878101348873 -0.91385034188842762
v -0.0066598906631469687 0.66365241576385503 -0.93104907307434082
v 0.34188879620361329 0.70181343028259269 -0.85523366812133794
v 0.23242165372467039 0.67406053814697264 -0.90037653458404532
v 0.25162515834045407 0.62474028321838393 -0.91788798454284659
v -0.19404688171386719 0.65632749763488774 -0.91510970167541505
v -0.19915330581665039 0.61169049096679684 -0.93608849722290044
v 0.022514349342346196 0.60387761061096179 -0.96084523109436037
v 0.10966875949096681 0.63095983587646487 -0.94030885211181636
v 0.57234588713836676 0.7210705291366577 -0.71346329938507091
v 0.71131642448425292 0.68766018804168705 -0.5923721252746581
v 0.59429151406860348 0.66369990557861325 -0.7178076923828125
v 0.80626966937255862 0.66812589768981923 -0.47004375238037105
v 0.7453281277008057 0.67684530661010744 -0.55595044799804683
v 0.7594249405517578 0.6363509754943848 -0.56521386126708983
v 0.44027396855163575 0.65636459939575187 -0.82585583891296388
v 0.4498280342407226 0.61169268341064464 -0.84516222564697263
v 0.63590131254577642 0.60389310958099363 -0.72187900734710697
v 0.90905491477966316 0.69518943476867667 -0.15166403631591796
v 0.92666058968353271 0.67742212741851815 -0.054914011123657229
v 0.92365705624389649 0.69352435366821286 0.052027011711120605
v 0.91803081163024902 0.67035090731048586 0.16472782635498046
v 0.95101271382904051 0.6268537491226196 0.037923865623474121
v 0.8718411572875977 0.62581112396240235 -0.38157782290649411
v 0.87052813641357418 0.65860625727844246 -0.34287887774658199
v 0.92835894264221186 0.64123533840942382 -0.16465528924560546
v 0.9607337496490479 0.58333408734130854 -0.16829551461791992
v 0.65187004815673821 0.73109087854766841 0.64444791885375985
v 0.78467164219665531 0.69577998596191404 0.48536555189514163
v 0.8851448394317627 0.69558271275329586 0.26136682400512701
v 0.80931977680969247 0.63211474689483649 0.49339531421661376
v 0.90894542733764649 0.63510237017822257 0.26676969891357422
v 0.83110695457458506 0.58292919056701664 0.51333399678039549
v 0.93172735200500501 0.58999887152099606 0.27550657901000974
v 0.089184882171630869 0.54130721195983877 1.0040636950378417
v 0.21342142211914061 0.57799186529541013 0.95754851788330075
v 0.28553571446228032 0.52521131850433345 0.97724589031982423
v 0.51707228128051763 0.57092500904846188 0.83674091207885737
v 0.5633395754852295 0.51824925585937509 0.8534398872833252
v 0.33047852115631104 0.47197770862579347 1.0128002928390503
v 0.42072880960083014 0.51554470639038086 0.93329231036376958
v 0.58574790811157229 0.47996545690917969 0.88023923446655283
v 0.36938243939208981 0.44736091357421875 1.0285477833251955
v 0.57296539237540101 0.4585697797480992 0.91540289470345626
v 0.62924230741664333 0.4241624223676409 0.9289087540762766
v -0.57663507908630363 0.54132750395202645 0.8266688297576904
v -0.4515515430908203 0.57799264080810542 0.87086524810791022
v -0.40896944627761833 0.52521136709594729 0.93230789945602421
v -0.14128650910949708 0.57092500904846188 0.97350341455078127
v -0.1165776609954834 0.51824925585937498 1.0160357225646972
v -0.39739505924224855 0.47197768698120113 0.98843300125885014
v -0.27715246015930173 0.51554470639038086 0.98553798799133308
v -0.11663822726440431 0.47996545690917969 1.05096929196167
v -0.37771519927978514 0.44736090634155273 1.0255032309417726
v -0.14903311062186106 0.45856977934265136 1.0696897359335764
v -0.11460386662074498 0.42416241616821293 1.1162099127284459
v -0.97264064836120601 0.54132748184204094 0.26276732254028323
v -0.90520635968017582 0.57799331506347662 0.37705696008300782
v -0.88293440129089362 0.52874482409667967 0.49925930834960941
v -1.0534934171774728 0.43551264402662004 0.34285617078999109
v -0.84230286340332028 0.48320151431274416 0.63271718212890626
v -0.90954163574218749 0.48739687757873534 0.52426549116516119
v -0.95890788586425768 0.44053538717651364 0.54129659219360349
v -0.73129718236541752 0.52880354942321772 0.70316097802734379
v -0.94838242707824705 0.48998698164367671 -0.45274957582092284
v -0.9939758051910399 0.46357909236907957 -0.41226024448394771
v -0.98143087358093273 0.55130307032775883 -0.17910442915344235
v -0.96942423690795909 0.52311036636352548 -0.32109293548583984
v -0.94623048297119139 0.51149310354614252 -0.41131578283691406
v -0.91681885380554196 0.55414736808776854 -0.39346350204467773
v -0.89112187622070305 0.49495028024291993 -0.54439772024536126
v -1.0652221401062012 0.47137589518737788 -0.0204635890045166
v -1.0328555020446775 0.48722544802856443 -0.18393507958984373
v -1.0587753747558595 0.45899965425109862 -0.20643016133117675
v -1.0102633239746095 0.50502664517211915 -0.21738321658325194
v -1.0117305387878419 0.52880663588714594 0.068738327888488771
v -0.43485303312683105 0.48996223089599605 -0.95596528414916992
v -0.47202294087437219 0.45948108472551619 -0.97138370384870254
v -0.60470242733764645 0.56428758627319331 -0.78158937655639638
v -0.62654128739929194 0.51795979528808589 -0.80779185668945319
v -0.4529085561904907 0.52539178474426262 -0.91322156649017328
v -0.41916076910400391 0.5694443526611328 -0.89114453036499031
v -0.84417175970458969 0.47861533151245117 -0.63808212979125978
v -0.75650343011474619 0.47352848101806638 -0.74523129693603507
v -0.66511565185546873 0.47044368035888673 -0.83287600210571289
v -0.58756548428344724 0.47017230984497066 -0.89036822982788077
v -0.53000287735857288 0.43871208667428152 -0.96709084958975655
v 0.0034133028259277359 0.56743172433471678 -0.98343851034545882
v 0.0092618200378417927 0.52415690495300304 -1.0151375538330076
v 0.22582515867614747 0.5393530651016234 -0.98027834978485107
v 0.33636200701904301 0.50879522648620601 -0.97436424600219729
v 0.27509492324066165 0.5104140273971558 -0.99273145968627929
v 0.26991764678301133 0.46922941394696915 -1.0342009389190674
v -0.26309417392839707 0.45578320840890069 -1.0492762865862164
v -0.24536848994445803 0.4930720260162354 -1.0139787049865721
v 0.00245411450195312 0.48747969390869145 -1.0467404738159178
v 0.0074042327575683572 0.45635582012939446 -1.0801940153503415
v 0.12197030529785155 0.47000603790283202 -1.058683127746582
v 0.2305266599077497 0.44542601553780692 -1.0693783073425294
v 0.53791369197082517 0.57695430487060551 -0.81612963587951648
v 0.63586001589965824 0.56747668554687491 -0.75129413970947256
v 0.66074852532958994 0.52427901628112794 -0.7715845461273193
v 0.80460084868621828 0.53938999062347404 -0.60603244016265867
v 0.90129087573242184 0.49780913973999025 -0.52259991217041024
v 0.85825078967285173 0.5128777620620727 -0.56802152539825435
v 0.87321816806902208 0.46930103366960796 -0.61858512036786761
v 0.48928377276611335 0.47611754818725582 -0.93933037878417969
v 0.70494449528503422 0.47047277591705317 -0.79862353059387203
v 0.77519451989746102 0.47018302111816401 -0.73232499981689458
v 0.86547716427176336 0.44553409054129467 -0.67072240866524824
v 1.0032633728485107 0.52430358818054201 -0.16653457022094728
v 1.0145352058868409 0.52832110559082035 0.075610536514282234
v 1.0672205700901576 0.46929480701119564 0.08749743683733259
v 0.98024543511962892 0.47611545820617679 -0.40501068978881838
v 1.054528561088562 0.47048097553253176 -0.15853167420196534
v 1.065531106414795 0.47017241021728517 -0.062619529815673841
v 0.71326729357910157 0.54130720216369643 0.71200755142211913
v 0.77853876165771485 0.57799173626708977 0.59651699029541017
v 0.84644239256668097 0.52521116020584113 0.56525122869110112
v 0.95910558877563479 0.54531766780090329 0.28696235855102536
v 0.90372634410858144 0.47197746463012696 0.56359576148986823
v 0.92175221092224124 0.51554343025207516 0.44467985723876952
v 1.0022510944671632 0.4925016203765869 0.29595743385314943
v 0.94365699571228034 0.44736087689208981 0.55064143838500978
v 1.0268700150408065 0.45857054414585652 0.333122469456264
v 1.0786664735848566 0.42416138498796735 0.30729055360630575
v 1.123126887499128 0.39278771979413712 0.30359419517299108
v 1.0972644164276122 0.37131176908874508 0.46058582851409913
v 1.0695367267303468 0.3982167655792237 0.43479417274475096
v 1.1588783055343628 0.37128697278594969 0.27684025513458255
v 1.1463781190967559 0.34475260870170599 0.42932108374786376
v 1.1971443741893768 0.34072485955429077 0.27707797972869874
v 1.0436658380900792 0.42968087861960275 0.38957841350446426
v 0.93782076802062997 0.42241992207336421 0.61872920513916008
v 0.98771084729003911 0.42432005249023436 0.53039870266723632
v 1.0178278568420409 0.39198680007171632 0.56011634482574468
v 0.90400536001586917 0.42071791494750971 0.67067367965698244
v 0.91873558269500744 0.38511032987213134 0.7276678032684325
v 0.95040622296142574 0.39263015386962885 0.66740207717132571
v 1.0407361895599365 0.32796783084869385 0.67930133552551264
v 0.79716163732147205 0.40003514933013917 0.8347525503921509
v 0.82138164451980589 0.36972836965370176 0.86623655843353276
v 0.92789673156738284 0.35948541162109371 0.77066866847228999
v 0.92182369808006293 0.32580552776813509 0.83876421742343898
v 1.0370842713661195 0.30759457198905943 0.72356570418643951
v 0.66567758108738484 0.39279046644156318 0.95465529276820604
v 0.54494777679443351 0.37131182012939457 1.0582940119476318
v 0.62075175227355961 0.38339606760406497 0.99845226092529304
v 0.54027626328277589 0.39821686286926272 1.0207177674865724
v 0.71251579334640502 0.36901831690025333 0.95899308800697325
v 0.60267203200721731 0.34475271365737914 1.065910348548889
v 0.72590223337268833 0.32240099614715578 1.0166053016443253
v 0.19485252954101562 0.41003952466583254 1.1232107022933961
v 0.091236665908813463 0.43427722686767578 1.1066853888549806
v 0.29949151965332033 0.39263024475860597 1.1223325775070192
v 0.26184519851684573 0.42071770571899419 1.0950125180664063
v 0.2365046234703064 0.38511038889312749 1.1481369755783084
v 0.32113119186401362 0.4224198288879395 1.0769595359802246
v 0.41559701498413082 0.42331964904785158 1.0429299932556153
v 0.42861892388916012 0.38557092834472656 1.0889092128295896
v 0.54952912825884126 0.42968094240352089 0.96944894944654192
v 0.074552257019042972 0.40003481327056883 1.1520189440155026
v 0.071671198669433597 0.36994117945480354 1.1916253559112551
v 0.19703138075256349 0.36399086709976197 1.1843575714416503
v 0.16747035913562774 0.32580581132125858 1.2352229657335281
v 0.32981293218564989 0.30759486794185636 1.2210636212267876
v -0.10324220320347377 0.39279046044921873 1.1593532288731165
v -0.26234483786010743 0.37131175795745852 1.1611413137207032
v -0.16580975936126707 0.38339606674957277 1.1640258100967407
v -0.24176992185211182 0.39821685042572019 1.1293533810806275
v -0.051018140785217284 0.37677105842018127 1.1838810025310518
v -0.22302061633491516 0.34475265468406679 1.2040804822273254
v -0.088359348603630067 0.31917812487716679 1.249799379709053
v -0.57226130603790282 0.41003924676513681 0.98583330518341072
v -0.64101393130493167 0.43427774188232421 0.90657149079895016
v -0.45120843258666993 0.38693727734375 1.0778377343139649
v -0.49941487439727789 0.41086873266601565 1.0228871635665895
v -0.55637571581268319 0.38510894826507575 1.0317004549865723
v -0.44606246017456053 0.42291326477050784 1.030780372894287
v -0.34494107402420038 0.42152193479919431 1.0706888404922483
v -0.37210246391296387 0.38615215533447267 1.1085710671081543
v -0.2017267197505406 0.42968094234466553 1.0960267604479106
v -0.68293321887969971 0.4000317727508545 0.93057284439086918
v -0.71059680084609989 0.36993248698043824 0.95905908751297009
v -0.60989345409774787 0.36398377393341064 1.0340691821975709
v -0.65536478459358216 0.33203049743270874 1.0524096347179412
v -0.99963683636093137 0.34545412784957891 0.70417044552612307
v -0.94495769048309319 0.37238129621124272 0.72093140767669683
v -0.78408903961617615 0.4002851731752668 0.84670776226697653
v -0.81639610628073545 0.41238484945351739 0.79171741706194199
v -1.0716023218307493 0.41004316781616212 0.38750884112548833
v -1.0733216187133789 0.43428177249145505 0.2825985571289063
v -1.0435955406875608 0.39737821762084963 0.49483514706420906
v -1.0322051497192382 0.42072948031616209 0.44859498620605476
v -1.0889136891479492 0.38510952703857426 0.43285269934082032
v -1.0035891795043945 0.42219287558364871 0.50555425669860843
v -0.94984032464981072 0.4211023802871704 0.60318255325698855
v -0.99716176426696768 0.38614612214660649 0.61018557725524913
v -0.92888043661117536 0.40027505587768553 0.68090466780471814
v -0.87219652764892575 0.41309862796783453 0.72709798535919201
v -1.1208586746597291 0.40003214753723149 0.27403475563049318
v -1.1603606254234313 0.36993248606491091 0.27807453505706792
v -1.1314328735160828 0.36398365394592291 0.40026632209777835
v -1.1780550568695067 0.33203024241447449 0.38508745757865909
v -1.2179382931785585 0.34544223384094236 -0.10297281421279908
v -1.1960637223205568 0.35440030294799807 -0.1787857583618164
v -1.2258193167266849 0.3347422626647949 -0.14781202339935301
v -1.1868271260681151 0.37232754982757565 -0.054983521781921382
v -1.1444421735164099 0.40028517274802072 0.14476824357713972
v -1.1726395533905032 0.36514563661956789 -0.23100521144104003
v -1.1490731567649841 0.3998064061088562 -0.077152684329986565
v -1.1611845670623779 0.38201172712707515 -0.17120644427490234
v -1.1406043506774901 0.38348503363800046 -0.26897997274780272
v -1.0940429250564576 0.40934495259761811 -0.31763535997581482
v -1.111878289276123 0.38491691156005858 -0.3681735004005432
v -1.0930062637329101 0.43653112585449222 -0.16455015469360351
v -1.0938173062896728 0.42493990287017824 -0.23929438063812253
v -1.0554736739828927 0.42347242424447196 -0.37958487210954939
v -1.0474920956279208 0.39724613207462856 -0.49033649638802662
v -1.0862583460891724 0.34197201448059078 -0.57015800363159186
v -1.1109866781074524 0.30920874424552919 -0.59694698381233224
v -1.1234158268470762 0.36371483857727055 -0.42043997946548467
v -1.1439898506813049 0.33748394761276246 -0.45765368466186523
v -1.0577801165351868 0.37163859686660766 -0.54530116681289675
v -1.0012350990943908 0.36484264460372928 -0.65906085388946534
v -0.92888281151580809 0.36423597869873048 -0.75791334548950196
v -0.96163723822402958 0.31302276067733764 -0.8108427034912109
v -0.88626617425537113 0.38294482936096191 -0.76995336256408697
v -0.87646795556640633 0.34344797156524653 -0.85473181410980215
v -0.83108225668334956 0.3438049621734619 -0.89689889566040037
v -0.75871973072052001 0.35802711690521238 -0.93481440489959711
v -0.78890166632080083 0.43498196056365968 -0.77627005686187744
v -0.77492907690429691 0.38537193975830075 -0.87526258807373047
v -0.66151898957824706 0.39075610623168944 -0.95589107951354979
v -0.60140125134277356 0.42087822547912601 -0.94974581929016111
v -0.61463507329559319 0.38493884495162961 -0.99658905183792112
v -0.72574746807098389 0.43588481853103633 -0.83411525715255741
v -0.66432045321273803 0.41543008604431153 -0.91527362749862662
v -0.48678823333522253 0.39726773978315083 -1.0487869522944857
v -0.46517442045745849 0.34198061681365971 -1.1348496582138061
v -0.46689547993602759 0.3092099271717072 -1.1712611769397738
v -0.58987798191452012 0.36373326511764525 -1.0440466282272338
v -0.58171427537536624 0.33749083723449708 -1.0857729880981446
v -0.45934001720428463 0.37165851511383063 -1.0975106665611267
v -0.34289817753601071 0.36485747854614259 -1.1483050254974365
v -0.223932047580719 0.36424294093704224 -1.177510448173523
v -0.21499808112716676 0.31302549918365474 -1.2391158419513701
v -0.17684771161651611 0.39229278678894042 -1.1477257356414796
v -0.12154836334228517 0.34344963509368892 -1.217982038154602
v -0.05971146903991699 0.34380140747070309 -1.2210815019454957
v 0.0082620704383850087 0.35822560651588442 -1.2032815555915832
v 0.083023059555053708 0.34645815740203856 -1.2164214563674927
v -0.10885468490982056 0.41623375219345093 -1.1242927037582398
v 0.083104193847656244 0.37647790624999999 -1.1773372654571532
v 0.12292799402141572 0.4092865720357895 -1.1314906398868561
v 0.16966789601135254 0.38492178696441648 -1.1579661279830931
v 0.049669617050170901 0.39953134716796879 -1.1493685412445067
v 0.19044469880240306 0.42340821596200129 -1.104103029586792
v 0.29123010297175816 0.39080060302189418 -1.1270270652618408
v 0.20252534197998046 0.3592943511047364 -1.1875384570617675
v 0.23773782434654234 0.33788822057247159 -1.2082383806333543
v 0.34030288168907163 0.36327020848274227 -1.1507561542587279
v 0.61013267120361325 0.35829750056457521 -1.0401687918548586
v 0.6285912468986512 0.31689133900833133 -1.0855181908874512
v 0.51386522352600106 0.396187412399292 -1.0363532147369385
v 0.59364045483398442 0.39364718255615239 -0.99558968710327145
v 0.67779070460891722 0.34249607468032839 -1.0208957045974731
v 0.77585514266967781 0.33845932096862791 -0.95316370767211911
v 0.81472181537628174 0.35215966302108764 -0.89682881251525881
v 0.65718525537109374 0.41389675907897949 -0.9220673461608887
v 0.70340679138183604 0.39507982817077636 -0.91771018814086913
v 0.78343901947021477 0.3880913160476685 -0.86256083929443361
v 0.82246819614696509 0.40937862486171722 -0.78744112381839759
v 0.87534191123962413 0.38494785789489749 -0.77774048518753047
v 0.68897493139648436 0.43660865148925776 -0.86275062396240232
v 0.75329598846435553 0.42643726560974127 -0.82471308154296885
v 0.85686647716849196 0.42351130271475657 -0.72306783739144453
v 0.94887786761256643 0.39080769197627474 -0.67589916329411093
v 0.91934060569763187 0.35930230740356445 -0.77933704193115227
v 0.95936839231777193 0.33790747134780885 -0.77259753924083707
v 1.0653366446380614 0.33490781272888182 -0.62531031429290762
v 1.0787192583572387 0.35457065096817009 -0.55152532997283932
v 1.1417396417770385 0.35511874986267089 -0.40282431490325932
v 1.1845692829284666 0.31840542184448239 -0.40965491928863529
v 1.095946236694336 0.39368154916381837 -0.3808125146942139
v 1.1760933984031676 0.3424987766113281 -0.34620069195938108
v 1.1824138075866699 0.35542978195190433 -0.24798830265808103
v 1.060601855026245 0.42572256755065918 -0.35540229076385499
v 1.1081607781524658 0.42662062950134272 -0.14732794673156738
v 1.0835480654907226 0.43674981011962888 -0.21778846243286129
v 1.0973200753479004 0.41406787614440915 -0.28365324182128909
v 1.1297224110412598 0.39526089158630368 -0.25063299066162109
v 1.1369641744632721 0.40953890787410735 -0.074342258679389941
v 1.1710497625312806 0.38504159150695799 -0.032953946804046619
v 1.1553643194808958 0.3882728985977173 -0.15697594943237303
v 1.1757649021835328 0.36788869820404047 -0.19485664669799804
v 1.2294713936157227 0.3315602585067749 -0.14890090889739993
v 1.1789816292572022 0.37790324176025392 0.089244572036743158
v 1.2056860240783693 0.35931819807434084 -0.0059088390808105474
v 1.2319986710977555 0.33790341778659816 0.0249819148645401
v 1.2052768553161619 0.3536153668823242 0.14111291284179686
v 0.98047532333564758 0.27701928598976133 0.82846638034820563
v 1.0558306699295046 0.26947930588531493 0.73935126045989985
v 0.63490229642486584 0.29848805428314207 1.1032305017242432
v 0.64664343608474739 0.25391186108016972 1.1195035635223387
v 0.75515834757995604 0.2682705815124512 1.0454860783538817
v 0.21901904569244385 0.27701938891792294 1.2650346935138703
v 0.33402625656890866 0.26947947258758542 1.2452061463470461
v -0.2223195065612793 0.29848777904510498 1.2533857237167358
v -0.22378568326187137 0.25391181069564817 1.2733986115455627
v -0.093080996429443369 0.26827050478363035 1.2864499882431031
v -0.65340485345458976 0.29748586523818965 1.0924609683074951
v -0.51806684520339963 0.30907676736068729 1.152200238555908
v -0.63040264033317572 0.26134755113220215 1.1262973397636413
v -0.98342083940505975 0.30005835986328133 0.80335930093002328
v -1.0018427555675506 0.23603260747909546 0.81783221113204951
v -0.8589820322906494 0.2986271610694885 0.93793488472518916
v -1.2022984113006592 0.29748584375762943 0.4170282894935608
v -1.1370229442596433 0.30907665906906129 0.54978504776763915
v -1.2064271664505004 0.26134754885101319 0.45773396160507207
v -1.2692758069229126 0.30005826567077643 -0.016566415096282958
v -1.292690509174347 0.2360327121105194 -0.017321279878616334
v -1.2604524638816832 0.2986271610694885 0.16651197243270877
v -1.1990724269218447 0.30188602532958986 -0.41522440035629271
v -1.2008046258697511 0.27721113185119628 -0.45650097602844236
v -0.85635171607971194 0.29668091516113282 -0.94160476467895515
v -0.87358913158035278 0.25579044635009762 -0.95203872688293445
v -0.88505848601913462 0.30704463832855222 -0.90200282983016966
v -0.96501061257743836 0.26323879715251924 -0.85320159469032286
v -0.65117999306106567 0.30188582260513308 -1.0886717037048339
v -0.62597554292297364 0.27721108854675292 -1.1214052702102661
v -0.050292396942138676 0.29668229340362551 -1.2716092601699831
v -0.05679019299697876 0.25579055520629884 -1.2906803731193541
v -0.097738631919860847 0.30704672991561888 -1.2597249067459106
v -0.19035407895088197 0.26323906440353395 -1.2737315660915376
v 0.14298210723876953 0.32695507408142088 -1.2356256112213133
v 0.25282565461730955 0.30908500115203863 -1.2366976814804076
v 0.39987858614158628 0.29575324494819644 -1.2077763420772554
v 0.26033295449447635 0.27222106432724003 -1.259722318611145
v 0.7501374589195251 0.29137566541671756 -1.0310109780693053
v 0.65909715164947502 0.27571342266082766 -1.1031327204895021
v 0.90428731064605716 0.32697387536621092 -0.85448991377639771
v 0.98908249160766593 0.3090999381790161 -0.78470605508422853
v 1.0831313248058319 0.29575526630477905 -0.66802011845474241
v 1.0096233058357238 0.27222504069137571 -0.7975117087783814
v 1.2378287870025635 0.29137755216979982 -0.30746869511413577
v 1.2144395008850097 0.27571168398284907 -0.42123501691436771
v 1.24101931193161 0.32840228774261471 -0.070605032199859613
v 1.2625397153167726 0.30909141556549069 0.03480531799316406
v 1.2825404052047729 0.26622954148864747 0.13638276482391359
v 1.2865054912872314 0.27222191034317017 0.038199086399078368
v 1.1950569921951295 0.29848804263305667 0.43719265548706054
v 1.2429214880008699 0.29092015534973142 0.29282297337722779
v 1.2194207646331789 0.23981348726654056 0.42872021900749208
v 0.96373542196464546 0.21328033209991454 0.85676473198509218
v 0.61206404204559328 0.20428605894851684 1.1329918046531677
v 0.18800565475273134 0.21328013873481749 1.2759523894577025
v -0.25894535116958617 0.20428556927871702 1.2615041047172546
v -0.75400748022842401 0.19763580256271363 1.0391536418914795
v -0.64471848817443844 0.17202984626483916 1.0991344543848038
v -0.98151981806850441 0.172029688542366 0.81237898461532587
v -1.2450990870876311 0.19763578617477418 0.3115266450996399
v -1.1999335172853471 0.17202974948787686 0.4277242404108047
v -1.2736153089323043 0.17202994053173065 -0.0084348468818664524
v -1.2112716239662171 0.20673458872795103 -0.43041169309997551
v -0.99068698640346531 0.20802635583782197 -0.81828027803897863
v -0.65076446385574349 0.206734732840538 -1.1081482803659439
v -0.23247013838481903 0.20802651565408706 -1.2634847031245231
v 0.38734521350288392 0.23648679442024229 -1.2342311102561951
v 0.34977404959583286 0.17750638953018189 -1.222952614136696
v 0.22145257019996645 0.22818738842010497 -1.2742177920188904
v 0.20312394201850889 0.19041619822502137 -1.2637050456047056
v 0.79172400763416295 0.22969098025798798 -1.0227961474046707
v 0.67749493323516841 0.21920001964950561 -1.0975822586135864
v 0.63212229363441463 0.21199429321670532 -1.1247896628704073
v 0.746501392252922 0.17669368083429335 -1.0295938350210192
v 1.090532172454834 0.23648696777915951 -0.69634039790916447
v 1.0545011703948974 0.17750629436302184 -0.71185031226253503
v 1.0098853914289476 0.22234624679088594 -0.80656359907054909
v 0.97911054924583441 0.16333443666267394 -0.81138806881618497
v 1.2643966433639526 0.22969099810886381 -0.27444139051532745
v 1.2249630476222038 0.21919999753093722 -0.40515618421840666
v 1.2076939757385254 0.21199429281997681 -0.4551631990413666
v 1.2341224738006593 0.1766935838356018 -0.3087176635794639
v 1.2835691471557618 0.21524054295158385 0.13437038315200805
v 1.2925267935628892 0.22234588306903841 0.03143366199684143
v 1.2720512726383209 0.1633341595082283 0.0079561079883575456
v 1.2489722241706849 0.26168868849945071 0.32260679036712647
v 1.1966905295906067 0.20428580609512328 0.47467110079193109
v 0.97521781967735288 0.14977622032165527 0.8173570269966125
v 0.6288173333816528 0.13305632347106933 1.1108970858879088
v 0.22213235272789 0.14977621605873109 1.2531460625228883
v -0.23191003879547117 0.13305688927841186 1.2553500209999084
v -1.1153164595527647 0.16336047021102906 -0.59945091054153443
v -1.1856158639411927 0.1479665790901184 -0.44317999698257449
v -0.8427870159397125 0.16336047021102906 -0.94472344916915896
v -0.9622943503112793 0.14796668514633177 -0.82192005852890015
v -0.46860290861892695 0.16336047021102906 -1.1759624817562102
v -0.62290451850509632 0.14796668514633177 -1.1014392883644104
v -0.03789650497055054 0.16336083624839781 -1.2652767680053711
v -0.20838102597427366 0.14796669939422608 -1.2480240515327454
v 0.19444484365177156 0.13377303398036955 -1.2599185343093873
v 0.64732700374412544 0.15156923877716064 -1.0888624751110076
v 1.1962478322772978 0.15156892399787902 -0.4178680618534088
v 1.2667172001342775 0.19226609460067751 0.18260759212493893
v 1.1953209911270144 0.13305664382553101 0.44697695877456667
v 1.0787965548171998 0.10268007189178467 0.71667775242424014
v 0.98602722574615476 0.097872265193939212 0.8460993957138061
v 0.76886195473861707 0.10268007109832765 1.0424634119606018
v 0.63742262494277946 0.097872224979400638 1.1323508944511413
v 0.36619406591033932 0.10268006019401552 1.2425993725776672
v 0.21193785365676879 0.097872265193939212 1.2821125728302003
v -0.080641173471450792 0.10268021702194213 1.2929470560932157
v -0.23910856429672242 0.097872313953399653 1.277317586200714
v -0.66155916849708551 0.090845252197265636 1.1191251840915679
v -1.0041810769653321 0.090844981914520256 0.82540270675277716
v -1.2256826243820189 0.090844976882934567 0.43221235642814637
v -1.2993469923171996 0.09084535821914673 -0.013024335769653318
v -1.1494805097999572 0.11767405190086365 -0.57719731247329709
v -1.2170254289321898 0.11444781846618651 -0.42270366923904423
v -0.88250176368713384 0.11767405190086365 -0.9354958552360535
v -0.99881339762878418 0.11444830195236205 -0.81342134191131588
v -0.50907885178184509 0.11767405190086365 -1.1808748915748595
v -0.6601275571861267 0.11444830195236205 -1.1059432713088988
v -0.074250953081130971 0.11767422981452942 -1.2837401631355285
v -0.24181913017654419 0.11444849465942381 -1.2649881409339905
v 0.40562697841262818 0.11271211852455139 -1.2232974884433747
v 0.24338560691452027 0.10456741359710692 -1.2705519441413879
v 0.79979890954399102 0.11271211254310609 -1.0107514734802245
v 0.62871033903121942 0.11253724947738647 -1.1249667253799438
v 1.0975057698860169 0.11271219718933106 -0.67621103783988956
v 0.884564985584259 0.11945451078033448 -0.93025143190383908
v 1.0035954257850648 0.1045669594154358 -0.8166958152008057
v 1.2628395748481749 0.11271197769927979 -0.26002478608131407
v 1.2051927403182983 0.11253731548309326 -0.45749139039611819
v 1.2760297167472838 0.11945449839782715 -0.14387168882369994
v 1.2942201846580508 0.104566854763031 0.019628540588378908
v 1.2935470197143557 0.079652989711761477 0.17047044246292115
v 1.2586064589099883 0.10267834819602967 0.30453720938301088
v 1.215704194896698 0.097872262901306156 0.45788075984573368
v 0.90727461518859853 0.076671835029602051 0.94065670713424687
v 0.99784843516540533 0.03604663568878174 0.83883097793579098
v 0.94938650518798839 0.0087516138038635245 0.87126227756118779
v 1.0313834895324707 0.0053581516799926761 0.76646757730865467
v 0.93133497326660164 -0.016897409515380862 0.81703673233032226
v 1.1050697815250397 0.046080201951980593 0.70034068149909978
v 0.53107920353698734 0.07667182317352296 1.1942709931716919
v 0.65101681356430063 0.036046716503143311 1.1295640927848816
v 0.59438546255111702 0.0087519071464538575 1.143464767162323
v 0.70727921022033691 0.0053579131698608404 1.0730342605438232
v 0.59596881842041016 -0.01689719122314453 1.0863354688415527
v 0.79913836862373366 0.046080136026382446 1.0360972897659302
v 0.090829385265350338 0.076671837471008308 1.3039280376243592
v 0.22566556127548221 0.036046595726013188 1.2841430189933778
v 0.1676950440788269 0.0087515380859374981 1.2778369891548156
v 0.29786946376800533 0.0053577688446044928 1.2502646508255006
v 0.18872231265258788 -0.016897749816894531 1.2246942405395509
v 0.39682219192466739 0.04608013356704712 1.2469720644508362
v -0.3882747911529541 0.065216750072479263 1.2507172850303649
v -0.22690333141708374 0.036046825775146486 1.2839209698104859
v -0.27922066497421261 0.0087522381248474126 1.2581674828681946
v -0.35245944053344724 -0.017476196954345703 1.1964908411743163
v -0.14746695053100584 0.0053577592468261725 1.2767815509262084
v -0.22888233654785156 -0.0085383035278320304 1.2367322702941894
v -0.053356027608489995 0.046080219460296633 1.3075322821147919
v -0.79238048057556143 0.065209433452606214 1.042518197872162
v -0.53372282041931152 0.060897204284667973 1.1929217895889281
v -0.6299799498062133 0.024076998802185057 1.1385492631759644
v -0.59839818395996092 -0.026052892089843748 1.0534393114013672
v -0.67519268247985842 0.02667518611907959 1.112711867668152
v -1.1009124027557373 0.065209097740173347 0.70867271280670163
v -0.90929318116760249 0.060897287963867189 0.93847057814788815
v -0.98114904488372812 0.024076812400817868 0.85445586289978026
v -0.9223623505859373 -0.02605369885253906 0.7852808944091797
v -1.0147985919342042 0.026674820259094238 0.81471322123718259
v -1.276657032310486 0.065209068000793458 0.28943820614624027
v -1.1751885266799926 0.06089728167724609 0.57091431756591793
v -1.213976636077881 0.024076811714172364 0.46739049552917478
v -1.135075994140625 -0.026053716308593745 0.42249363391113287
v -1.2320040260467529 0.026674817497253415 0.41853599945068365
v -1.2984188558425904 0.065150440849304186 -0.16460146243286133
v -1.2993376540756227 0.060897179771423345 0.13458363080596925
v -1.30037885181427 0.024076993423461916 0.024036602729797359
v -1.2108807042236327 -0.02605371179199218 0.0088328266601562459
v -1.3006093874816895 0.026675223472595214 -0.028037503234863283
v -1.1607934109115599 0.060511962341308595 -0.60264450943756098
v -1.1421429329486847 0.0055196967624664313 -0.58983319627647401
v -1.2106786640625 0.091570638351440414 -0.47224416238403322
v -1.227120891143799 0.041050898815155029 -0.43632084118270875
v -1.2460630612625121 0.0070117711517333984 -0.3274032294448852
v -1.1935402298400879 -0.026443758569335937 -0.27826048801879877
v -1.2286328303375245 0.0058080274810791014 -0.38133027432250977
v -1.1388507750854491 -0.029410204711914061 -0.38837763177490237
v -1.1627385190521242 -0.0025135763336181643 -0.51885928918151847
v -0.88442896001434324 0.060511967262268068 -0.96327748506164557
v -0.87128519958877559 0.0055197609458923335 -0.94485977344322203
v -0.97590505323028565 0.091570672889709478 -0.85780330940246585
v -1.0036416924095155 0.041050850315093992 -0.82967004626083374
v -1.0586831949630735 0.007010792456054688 -0.73379730698089596
v -1.0261412912170409 -0.026443505328369137 -0.66965549135742197
v -1.0238679763946532 0.0058081814880371081 -0.77851225433349613
v -0.93709282641601555 -0.029410193725585936 -0.75442754101562493
v -0.91491320066833492 -0.0025135343383789078 -0.88521027310180667
v -0.50138776415252684 0.060511962341308595 -1.2076398970031739
v -0.49533585614318842 0.0055197378482818591 -1.1858378799427034
v -0.62342130829620368 0.091570672889709478 -1.1398132448730467
v -0.65910717515182493 0.041050888061523433 -1.1228628332595825
v -0.74361951322174069 0.0070111739135742188 -1.0515969056701659
v -0.7349779718627929 -0.026442994274902345 -0.98019311083984373
v -0.69561037257385261 0.0058085229797363276 -1.0817078520660401
v -0.6223059403076171 -0.02940975842285156 -1.0293968457031248
v -0.55673389273376461 -0.0025135036773681657 -1.1447071587493896
v -0.057869025848388669 0.060511026016235356 -1.3062623848648069
v -0.059627045394515993 0.0054703051918029771 -1.2837091199493407
v -0.19574197904968263 0.091570851257324226 -1.2842618208465577
v -0.23507299396514894 0.041049695705413815 -1.28053849533844
v -0.33886320965118411 0.0070106264724731438 -1.2424747960556031
v -0.3551644852050781 -0.026443570190429689 -1.1724215080810545
v -0.28345085490417482 0.00580766925048828 -1.2543502732849121
v -0.23245570648193359 -0.029424162475585935 -1.1801236649780276
v -0.13139053658447267 -0.0025612292739868175 -1.2660555305480958
v 0.35543683526687619 0.017497660162353518 -1.2475112676895141
v 0.42817477643966673 0.012171957561492919 -1.2209748347053528
v 0.20665159625244139 0.065661811050415048 -1.2875299039077759
v 0.37908054280853265 0.065214217864990237 -1.2513882226104736
v 0.10687506088104248 0.0062217127655029292 -1.2835705305709837
v 0.21851512234878537 0.0082117595291137675 -1.2688446311111452
v 0.23846437454223635 -0.023676105468750003 -1.2158025206604006
v 0.28890726337432859 0.0041417716751098611 -1.2530626044692994
v 0.3524029122131348 -0.018836613000488285 -1.1952861771972656
v 0.76091690405349732 0.01749807649383545 -1.0506705165740966
v 0.82019209007644656 0.012172228515625 -1.0008564108772278
v 0.78446051832580577 0.065214261077880864 -1.046226876876831
v 0.54526485842285155 0.023646300366210939 -1.1771829769531248
v 0.63954963509750373 0.0082106585350036621 -1.1175489464607238
v 0.64015366891479486 -0.023680567199707032 -1.0608829257202146
v 0.70029870430755614 0.0041420900573730457 -1.0786422509460449
v 0.74020421336059572 -0.018836450109863283 -1.0026330259277343
v 1.074620832649231 0.017497669566345214 -0.72702030814285279
v 1.1132842094573974 0.012172056247711182 -0.65993770674514773
v 1.0952246634750367 0.065214208198547369 -0.71479243005371107
v 0.91524268114624019 0.023646153102111815 -0.91965845237960819
v 0.98344567036819464 0.0082103459205627432 -0.83137423986434944
v 0.96463261254882826 -0.023680436553955079 -0.77791943048095702
v 1.0272246979904176 0.0041416927566528313 -0.7740370870132447
v 1.0387273223876954 -0.018836605419921874 -0.68896408601684578
v 1.2587129610893251 0.017497668158721922 -0.31559729223098754
v 1.2721011263008117 0.012172056228637696 -0.23933636808395387
v 1.2738922551345824 0.065214186134338381 -0.29705983175659179
v 1.1748319815254211 0.023646151232147215 -0.55112795391693115
v 1.2087272915191649 0.0082103214950561519 -0.44484145624542232
v 1.1727662091369628 -0.023680538543701172 -0.40104476797485356
v 1.2302557821731566 0.0041416787719726553 -0.37598900022125242
v 1.2119681184265136 -0.018836621868896487 -0.29211216565551756
v 1.2880163907302855 0.01299362622375488 0.12976331351394654
v 1.2927220294021606 0.023646229841613766 -0.11603788137893677
v 1.2882098323936462 0.008171613132476805 0.0049019588470459036
v 1.20902785307312 -0.03787789245605469 -0.014407736495971681
v 1.28490174974823 0.0041612804565429682 0.06749047343444825
v 1.2483235925354004 -0.015053312481689455 0.12311562916870117
v 1.1740417954216003 0.076671835723876952 0.57367085117340078
v 1.2243259874076844 0.036046464767456057 0.44700773027420043
v 1.1898796125869751 0.0087513939933776836 0.49405819828414915
v 1.2310863730010988 0.0053426929855346682 0.36753563639068609
v 1.1543706343078615 -0.016902733154296877 0.44927599221801762
v 1.2732701433410643 0.052274698974609374 0.30128449130249024
v 0.75384893463134772 -0.074022345703124992 0.78023489532470691
v 0.71961187023925777 -0.059054987915039062 0.89359000466308602
v 0.466369255859375 -0.1068021357421875 0.46463929077148447
v 0.60977445385742191 -0.11168771630859375 0.63713417358398439
v 0.44143310507202149 -0.1147565703125 0.53274466934204101
v 0.79817644409179689 -0.067702897521972644 0.71769155267333984
v 0.8479122158813478 -0.069175894897460941 0.65957792425537098
v 0.4985695638427734 -0.10378847253417969 0.41462679522705082
v 0.59677868869018558 -0.11476035830688475 0.3496861130065918
v 0.69052285589599616 -0.10597831872558593 0.52793662286376952
v 0.89000145288085952 -0.07458789282226562 0.61808919873046875
v 0.9815990785888673 -0.059055198608398432 0.59362725124511717
v 0.44177413854980463 -0.074022040527343749 0.99104965759277341
v 0.37083232656249998 -0.059054917309570298 1.0858594027343751
v 0.27957180566406248 -0.10680202954101561 0.59616299975585929
v 0.3553319497070313 -0.11168760107421874 0.80730264892578119
v 0.23284624017333988 -0.11475668719482421 0.65163274414062489
v 0.50481905139160155 -0.067702722778320318 0.94743884088134767
v 0.57143108123779296 -0.069175933593750003 0.9098402901000977
v 0.32693524645996092 -0.10378794366455077 0.56017962487792972
v 0.46855764068603512 -0.10597800756835937 0.73230765106201168
v 0.62517183837890622 -0.074587858154296874 0.88524873876953125
v 0.076416039245605458 -0.074022858764648439 1.0824177407836912
v -0.022674301416015622 -0.059055347705078122 1.1472465922363282
v 0.059055178955078128 -0.10680282934570312 0.65586792553710938
v 0.058032115966796867 -0.11168852685546876 0.88018658520507809
v -0.0038245555725097639 -0.11475738342285155 0.69201158767700199
v 0.15057489739990235 -0.06770349353027344 1.0629990072021487
v 0.22602960003662109 -0.069176371887207044 1.0504498445434574
v 0.11586965539550782 -0.10378855999755861 0.63825341925048829
v 0.19008004083251956 -0.10597851971435548 0.84843866766357423
v 0.28494051269531251 -0.074588031494140616 1.0457212297363281
v -0.29811263073730465 -0.074011300964355445 1.0433382253417969
v -0.39316550820312496 -0.056023151049804681 1.0869147764648437
v -0.16834548950195313 -0.10679546826171875 0.63668989868164061
v -0.24604860058593753 -0.11167446557617186 0.84711678808593749
v -0.25964585803222662 -0.11860006652832031 0.6931357879638671
v -0.2218276354370117 -0.067699221191406256 1.0504311757812501
v -0.14663341973876953 -0.069176054626464839 1.0644458808593749
v -0.10915318432617187 -0.10378608593750002 0.63944069500732426
v -0.11132300189208982 -0.10597788092041016 0.86232185449218757
v -0.089658209960937499 -0.074588371337890619 1.0801517041015622
v -0.45221877886962886 -0.073877602722167951 0.98648539935302737
v -0.58086081707763659 -0.069240348266601554 0.90376073114013677
v -0.5146979176635742 -0.067658640991210939 0.94213487005615226
v -0.3662114206542969 -0.11166767065429686 0.80246751733398436
v -0.28768467382812496 -0.10679436083984375 0.59235374804687502
v -0.47819214166259766 -0.10598164196777343 0.72603355010986337
v -0.44841907672119141 -0.11475640927124024 0.52684280850219734
v -0.33431583416748045 -0.10378550738525391 0.55579158068847656
v -0.21342137915039061 -0.081143292236328129 0.38682964453125002
v -0.15926637381998698 -0.054714705790201823 0.18414487209065755
v -0.76205502380371093 -0.073888807189941397 0.77238766351318366
v -0.85469020196533196 -0.069240833312988276 0.65062789221191397
v -0.80563984423828128 -0.067662816101074219 0.7093174435424805
v -0.61812434082031253 -0.11168119018554687 0.62898492846679688
v -0.47244903369140623 -0.10680128857421875 0.45841178662109372
v -0.69742698870849607 -0.10598258026123047 0.51873404919433597
v -0.60132322314453135 -0.11475651821899414 0.34173941406249997
v -0.50398376599121097 -0.10378806378173827 0.40797712280273435
v -0.33252228320312505 -0.081145372802734372 0.29059351513671872
v -0.23812812093098959 -0.057555050130208327 0.12430065909830729
v -0.98002634069824235 -0.073888807678222646 0.46520643237304693
v -1.0254308696899415 -0.069241011596679683 0.31910657092285155
v -0.99941149670410145 -0.067662849487304694 0.39103291387939454
v -0.79572896337890631 -0.11168120385742186 0.37967924462890623
v -0.60049941625976566 -0.10680143627929686 0.26921672167968747
v -0.83254131854248048 -0.10598293151855469 0.24895415612792965
v -0.68169779873657221 -0.11475716616821288 0.1155030027770996
v -0.61288287603759772 -0.10378840716552734 0.21103813531494142
v -0.41161409887695311 -0.08114576245117186 0.15937674829101561
v -0.26603704012044271 -0.057555387288411454 0.035397394205729175
v -1.0797906415405274 -0.073889127014160144 0.10200006231689454
v -1.0724873742065428 -0.069240878723144522 -0.050818678039550785
v -1.0726377362670898 -0.067662952819824207 0.025669436889648435
v -0.87735577954101551 -0.11168169750976562 0.084664138427734376
v -0.65611945849609388 -0.10680193041992188 0.047635598632812498
v -0.86723707891845703 -0.10598286346435545 -0.050768295837402347
v -0.67984780563354485 -0.11475758172607423 -0.12458027438354492
v -0.6478576347045899 -0.10378858935546875 -0.011269932434082031
v -0.44105751977539065 -0.081146136718750012 0.0090222473144531239
v -0.26185596858723958 -0.057555473714192701 -0.057689923909505211
v -1.0493409860229492 -0.073929840209960934 -0.27342592572021485
v -0.99019244580078125 -0.069291919372558589 -0.414514921875
v -1.0165119169311523 -0.067732826293945309 -0.34269439642333988
v -0.85316810668945309 -0.11168953955078126 -0.22048167993164064
v -0.63260024243164059 -0.10680275927734374 -0.17960678881835937
v -0.79733082226562502 -0.10598496343994139 -0.34428319921875
v -0.59599535723876951 -0.1147578125 -0.34955199810791016
v -0.60468918841552732 -0.10378911499023437 -0.23213411682128909
v -0.41730048901367189 -0.081146136718750012 -0.14233543945312502
v -0.2260893594563802 -0.0575553477376302 -0.14373343806966143
v -0.89229707092285149 -0.073930077270507807 -0.61579467993164072
v -0.78846067388916019 -0.069291754028320302 -0.72814446606445316
v -0.83775702380371087 -0.067732902587890623 -0.66965723046875003
v -0.7260632690429687 -0.11168986425781249 -0.49894855175781244
v -0.53277725585937508 -0.10680279614257812 -0.3851000866699219
v -0.63125072772216795 -0.10598463317871093 -0.59618584155273435
v -0.44025523263549809 -0.11475717797851565 -0.53227608807373028
v -0.48858416290283202 -0.10378882568359374 -0.42491317364501946
v -0.34320922534179688 -0.081145861328124985 -0.27643951391601562
v -0.1630515125325521 -0.057556492757161459 -0.21235417122395828
v -0.62762687176513676 -0.07392942199707031 -0.88380319738769531
v -0.4916272466430664 -0.06929163684082032 -0.95386403631591787
v -0.55795408166503901 -0.06773247375488281 -0.91576391992187489
v -0.51138209594726558 -0.1116892451171875 -0.71714860595703112
v -0.3686916130371094 -0.10680238940429687 -0.54405857910156263
v -0.38903104095458985 -0.10598470666503906 -0.77609449444580081
v -0.23141303649902345 -0.11476070458984375 -0.65071438830566408
v -0.31354703820800783 -0.10378901287841796 -0.56635585900878904
v -0.22772033984375001 -0.081146595947265615 -0.37711485205078121
v -0.097805324788411474 -0.061310248372395827 -0.28042859700520834
v -0.28725512280273435 -0.07393148095703124 -1.0451286749267579
v -0.1354475859375 -0.069487076171874995 -1.0644614182128906
v -0.21084536407470703 -0.067766388793945309 -1.051334526916504
v -0.23501966162109372 -0.11169620263671873 -0.84876604980468751
v -0.16013299462890626 -0.10682489306640625 -0.63730760864257818
v -0.099777767089843761 -0.10659751391601563 -0.86237990844726564
v 0.0065507646179199215 -0.12380343029785157 -0.69209851290893554
v -0.10062671514892579 -0.10422336968994141 -0.63945404736328126
v -0.084736270751953113 -0.081376589111328113 -0.4322422470703125
v -0.0086909868977864627 -0.05821065096028645 -0.26753707942708332
v 0.069504135009765641 -0.089566328857421884 -0.43650798803710933
v 0.087114596516927101 -0.055916004679361975 -0.22626990793863933
v 0.090991834777832042 -0.13109638708496091 -0.87321889117431639
v 0.070237450683593744 -0.12599114282226562 -0.65689747851562497
v 0.12717679339599608 -0.12592075079345705 -0.63901519561767572
v 0.22433194311523436 -0.13225732910156252 -0.847639500732422
v 0.24111512194824219 -0.13129937927246094 -0.64149757067871094
v 0.16438342694091795 -0.088469072509765628 -1.0636228400268555
v 0.23941107098388673 -0.088268189819335929 -1.0498408253784182
v 0.29716732666015627 -0.085426851806640627 -1.0429031892089844
v 0.23287766625976564 -0.09013770849609376 -0.37591968310546875
v 0.18181255069986979 -0.059229472005208339 -0.19696711092122399
v 0.38443666247558594 -0.13215726812744139 -0.7895671580810546
v 0.32138388104248045 -0.12608746801757811 -0.5668801557617188
v 0.3763254050292969 -0.12759300903320311 -0.54349199707031248
v 0.50095288769531254 -0.13226997998046874 -0.71975651782226557
v 0.44816073950195312 -0.13214193188476564 -0.52986739102172853
v 0.53499103021240235 -0.088759645141601576 -0.93371660803222656
v 0.60102229650878902 -0.087682397338867193 -0.89521230718994149
v 0.65613691601562496 -0.08281796826171875 -0.87267287841796892
v 0.34764835180664067 -0.090138609375000012 -0.27356232885742193
v 0.26035504142252608 -0.063714525472005193 -0.14444441487630208
v 0.63154249389648442 -0.13215671112060548 -0.61042662976074225
v 0.49612921002197274 -0.12608747106933593 -0.42273548126220706
v 0.53975819921875012 -0.12759281542968748 -0.38196735205078125
v 0.71715552001953131 -0.13226961791992189 -0.50497655834960942
v 0.64425205029296873 -0.13597512854003907 -0.36828701281738274
v 0.82231912377929683 -0.088758980773925786 -0.69439029040527345
v 0.87119901757812501 -0.08768207415771484 -0.63562467852783211
v 0.9152810080566407 -0.08281787060546876 -0.59559473974609367
v 0.41349641503906254 -0.090137684326171863 -0.15774297436523435
v 0.23926450349934897 -0.055915874979654945 -0.042481933695475253
v 0.8024770844726562 -0.13215703662109377 -0.3575766482543945
v 0.60490392675781246 -0.12759308081054688 -0.26738373632812495
v 0.61762268908691409 -0.12608735369873048 -0.20904158404541012
v 0.84686150048828113 -0.13226975463867191 -0.22920424462890626
v 0.67594156726074217 -0.13129892779541016 -0.11625333636474611
v 1.0104662395629882 -0.088759324890136729 -0.37122710455322266
v 1.0362995952148437 -0.087682311584472664 -0.29928751257324215
v 1.0640322202148438 -0.082817915527343744 -0.24659461059570312
v 0.44251767895507815 -0.08956580078125001 0.014069142578124997
v 0.87532776660156253 -0.1322573779296875 -0.061280249267578121
v 0.65223115350341798 -0.12592006665039063 -0.0047824627685546881
v 0.65916845385742184 -0.1259902170410156 0.054493956054687501
v 0.87555814605712901 -0.13109445568847655 0.074490163452148442
v 0.68186013784790045 -0.12380200146484374 0.12363240899658204
v 1.0767527279052733 -0.088216112182617198 -0.041375068054199222
v 1.0763701484985353 -0.088499073486328128 0.034904884704589842
v 1.0805534224243165 -0.084356517456054686 0.11227366711425782
v 1.1253400334960937 -0.059979626684570311 0.22200945632324215
v 0.97500152862548839 -0.074024358947753915 0.47539880889892583
v 0.59691496728515625 -0.10682465649414062 0.277156490234375
v 0.79067227612304691 -0.11169487963867188 0.39020377612304685
v 0.99526701361083991 -0.067736564453125009 0.40145913836669922
v 1.0221431475830078 -0.069370848449707034 0.32980176251220705
v 0.61013245666503901 -0.10422244805908203 0.2190970153198242
v 0.82929006140136718 -0.10659051531982423 0.25987990765380858
v 1.0475617993164064 -0.07515790405273437 0.27635973242187506
v 0.15539709436035154 -0.047049570678710934 0.016111642211914069
v 0.23327943562825521 -0.055882576456705732 0.10035620235188801
v 0.13326434311930341 -0.046649399251302084 0.07139595524088542
v 0.42993073657226566 -0.083656923950195305 0.12771180163574217
v 0.34426815433756514 -0.070355407552083332 0.093609736979166649
v 0.38860320562744144 -0.07854225469970702 0.052694187683105465
v 0.32129499873860679 -0.06803286039225262 0.13216841499837237
v 0.32021629441324867 -0.071284539143880207 0.18338867252604169
v 1.1887084022705077 -0.040517247204589851 -0.15649288980712892
v 1.1767411175109863 -0.041665861004638677 -0.21532102744140624
v 1.1800982562561035 -0.047608482604980476 -0.098379679840087886
v 1.1120453280151368 -0.072464557299804694 -0.13490142379150391
v 0.99667215991210933 -0.10970785852050782 -0.12063440002441404
v 1.0430633677856442 -0.094725082287597656 -0.15768618857421873
v 1.0685071616821289 -0.029562617285156256 -0.59487843685302733
v 1.063784157409668 -0.040808004858398444 -0.55119599471435554
v 1.0748536525268553 -0.047736228125000002 -0.49591448824462891
v 0.96562715148925782 -0.08101816591796876 -0.51805799960937504
v 0.89506446838378906 -0.10970921801757813 -0.45419245300292971
v 0.92380649322509767 -0.097230696069335959 -0.49279930875244143
v 0.80036706217041009 -0.02956257600708008 -0.92440576781616202
v 0.81086904849853525 -0.04080796873779298 -0.8817420596557618
v 0.84017811661376962 -0.047736131182861338 -0.83358016771850596
v 0.7299656834960937 -0.081018123181152341 -0.81703078140869145
v 0.68550173059082042 -0.10970909167480469 -0.73288266735839847
v 0.6993061267944336 -0.097230638500976574 -0.77899176743164067
v 0.46015336868896484 -0.040808513195800783 -1.105854698034668
v 0.41566238428344726 -0.044044415997314457 -1.1149587647766115
v 0.5041672864746094 -0.047736820202636726 -1.0706213376220703
v 0.40626156972656247 -0.081018630297851571 -1.0173752213378906
v 0.37300303521728517 -0.11189552117919922 -0.92236624420166025
v 0.36436236800537108 -0.10124993260498047 -0.96711077303466797
v 0.027539453857421861 -0.02307782824707031 -1.2359540433959961
v 0.0041586867126464791 -0.039679552630615234 -1.1989432052001954
v 0.10737940899658205 -0.047744027770996088 -1.1780431580810546
v 0.063151967248535154 -0.042473260021972652 -1.1917485610961913
v 0.019627387573242186 -0.074949243286132811 -1.1074142208862305
v 0.020668797058105464 -0.10506070806884765 -1.0078440694580078
v -0.012110000646972657 -0.090416105114746098 -1.0533325595092773
v -0.060137782470703123 -0.043441382476806636 -1.1836291520996094
v -0.040995513427734373 -0.1002543995361328 -1.0005525964355471
v -0.049440812829589842 -0.067742872607421872 -1.117177762512207
v -0.1153064445800781 -0.047948914916992186 -1.1558247111816407
v -0.096035679187011724 -0.0190221587890625 -1.2386581080932617
v -0.40647168263549804 -0.039070507049560541 -1.1278917615173341
v -0.46163388778686526 -0.043146738189697262 -1.0915827706604004
v -0.38116137878417972 -0.098460884887695305 -0.92580301818847655
v -0.42889956108398436 -0.06702284143066406 -1.0327179807861329
v -0.37209883228759766 -0.088150322570800771 -0.98517656920166019
v -0.5039517891845704 -0.047745333862304687 -1.0466039407958985
v -0.51415689267578113 -0.018901139648437502 -1.1310435906005858
v -0.76796098580932604 -0.039070322637939449 -0.92080120678710942
v -0.80737831799316417 -0.043146711364746092 -0.86781562487792963
v -0.67505853051757825 -0.098460639160156238 -0.73955707812500004
v -0.75648500164794918 -0.06702275809326172 -0.8236966943359374
v -0.68684936090087889 -0.088149983239746085 -0.79844931738281255
v -0.83176075170898434 -0.047745389160156256 -0.81107599218749993
v -0.87023046173095697 -0.018901151257324219 -0.88693278784179697
v -1.0368218523498536 -0.039070691979980463 -0.60256459467773427
v -1.0557397772827148 -0.043146964935302734 -0.53929283935546868
v -0.88753297094726558 -0.098461153686523417 -0.46402506835937501
v -0.99282624038085943 -0.067023130517578106 -0.51524107294921873
v -0.91875516086425779 -0.088150529211425771 -0.51533303349609372
v -1.0592455739746094 -0.047745567016601556 -0.47763565039062494
v -1.1213397501708986 -0.018901262500000002 -0.535760391015625
v -1.1806363135742188 -0.039071419812011718 -0.21156308151855469
v -1.1898833551635741 -0.037692226867675781 -0.1674157518310547
v -0.99295705749511709 -0.098459861450195307 -0.13243848706054687
v -1.1094246557373046 -0.067012085217285161 -0.14455743582763672
v -1.039845485925293 -0.088150229052734355 -0.16997340841064451
v -1.180089936779785 -0.041839911584472651 -0.12636381879882813
v -1.1589820850830077 -0.047644051635742188 -0.086535400634765627
v -1.1820256955322264 -0.039062676904296878 0.20504578872070311
v -1.1756227540283202 -0.03768974005126953 0.24969342639160155
v -0.97861018066406236 -0.098458292602539049 0.21520833544921875
v -1.0921986589721679 -0.067010253015136717 0.24365455050048829
v -1.0355044844604493 -0.088145525610351549 0.19597380533447267
v -1.1523816179931641 -0.041839450305175788 0.28491990617675778
v -1.1189252832031249 -0.047644212280273435 0.31512693701171879
v -1.0408519994567871 -0.03906244665527344 0.59700424057006829
v -1.0195648254394531 -0.037689526550292965 0.63676942065429676
v -0.84622829077148443 -0.098457810424804684 0.53698169848632815
v -0.94323729282226565 -0.067009915893554692 0.60256198651123039
v -0.90626997487792971 -0.088145062683105471 0.53836612115478522
v -0.98567719587402347 -0.041839246398925778 0.66192258496093759
v -0.94390718774414051 -0.047644035278320312 0.67886520874023426
v -0.77413518994750974 -0.039062408666992184 0.91704120017089852
v -0.74053151843261711 -0.037689451171874999 0.94712786712646491
v -0.61177790307617186 -0.098457808837890626 0.79407317272949218
v -0.68050681619873044 -0.067009890417480483 0.88887769669189454
v -0.66772501290283204 -0.088145058068847648 0.81590941701660147
v -0.70008487714843737 -0.041839175976562504 0.95917406995849619
v -0.65503934399414065 -0.047643996826171875 0.96080899621582017
v -0.0011031021321614601 -0.047439126302083322 0.16612790445963541
v -0.057581288248697918 -0.055822601236979165 0.24775897139485675
v -0.04213382434082031 -0.046903829101562496 0.15105950793457029
v -0.050549044921874994 -0.082424247558593747 0.44596798522949221
v -0.031814662068684892 -0.069330423177083336 0.355717276163737
v 0.010960605916341144 -0.075412518839518217 0.39742202925618492
v -0.073605181681315107 -0.067876675944010409 0.33996653157552081
v -0.13497937304687499 -0.084874491699218735 0.44279550744628904
v -0.13282655275472005 -0.071270388753255198 0.34467694834391277
v 0.040141752807617184 -0.046904347290039061 0.15160850769042966
v 0.054119090169270828 -0.055823538859049476 0.24853354195149741
v 0.1047779177246094 -0.082425034545898446 0.43640665686035163
v 0.068429371297200517 -0.067878158365885413 0.34102225472005204
v 0.11293968096923829 -0.074553802551269532 0.3754169008178711
v 0.026322257609049476 -0.069330987508138014 0.35618065531412757
v 0.089331028686523428 -0.046905424072265625 0.12878348718261717
v 0.13561658919270833 -0.055823802042643228 0.21508311897786458
v 0.24747681518554684 -0.082424733032226555 0.37429993334960943
v 0.18069707588704426 -0.067878017374674471 0.29709978731282555
v 0.23428666314697263 -0.074553720703124993 0.3141970122680664
v 0.14631392606608071 -0.069330893147786454 0.325745143351237
v 0.20075585188802081 -0.055829286051432281 0.1557762899983724
v 0.36032714428710938 -0.082427948486328118 0.26713324133300786
v 0.27117017207845051 -0.067881788492838532 0.21742867598470053
v 0.24865908573404943 -0.069331926595052079 0.2561063151041667
v 1.2572865334529877 0.0063706032066345218 0.26659514138031004
v 1.213044278198242 -0.022780626586914064 0.24247904827880856
v 1.1430635128723143 0.017596610816955564 0.61474284601440421
v 1.1575273183860779 0.059110400272369384 -0.60861884211730954
v 0.49505435169219969 0.05911058899688721 -1.210101038253784
v 0.036852157234191892 0.053062832565307617 -1.307944191734314
v -0.32420884125518795 0.082983658039093022 -1.2604677703857421
v -0.4129536241226196 0.053067510719299313 -1.2416124825057984
v -0.73600289641189576 0.082983670520782468 -1.0735172671051025
v -0.81294705530548095 0.053067543304443354 -1.0254471990661622
v -1.0590227329101563 0.082983670520782468 -0.75700057072830207
v -1.1148858225326539 0.053067511978149413 -0.68551320407867422
v -1.2867610981811524 0.011315155665588378 -0.11629469221343994
v -1.2491787566665651 0.011314674589538576 0.33086605949554448
v -1.0609223846191407 0.011314697677612307 0.73820436974334713
v -0.74470206953277596 0.011315096009826661 1.0565916701187135
v -0.027481484741210933 -0.022608954406738276 1.2372929770507812
v 0.39711259863281251 -0.022608751342773434 1.17211929888916
v 0.039770998078918457 0.017596570994567871 1.297636648577881
v 0.77380997613525382 -0.022608799682617187 0.96565927032470711
v 0.48094814916076667 0.017596660511779785 1.2058219942230224
v 1.0571777351074219 -0.022608737915039055 0.64281333233642568
v 0.86411713047790528 0.017596590812683104 0.96865632350006114
v 1.1481870101623532 0.0833633832321167 0.61922477312469482
v -1.2307957931671143 0.12855443210601805 -0.33924215352630616
v -1.2293743907241819 0.17593667191314699 -0.32727538849639892
v -1.2802294810867307 0.1202798956642151 0.093845229534149172
v -1.276574074825287 0.11174129533004762 -0.18867391074752807
v -1.1711667769775391 0.12027981759262085 0.52609831327056888
v -0.92084207105255123 0.12027981340026855 0.89498131532287595
v -0.55944861957168568 0.12027990010070801 1.1560041442489624
v 0.038451086776733395 0.083363408203125017 1.3043144838485716
v 0.48199190528869629 0.083363323745727552 1.2125482924499513
v 0.86739857962799083 0.083363382308959955 0.97462029765319824
v 1.2390430196189881 0.16038411567115785 0.26753779474449157
v 1.281675509033203 0.23446568200683593 -0.17608526258277893
v 1.1376639374542235 0.20834749194717406 -0.60615241349411009
v 0.86818261065292357 0.23446585238456724 -0.95855785538864136
v 0.48142225380325321 0.20834749194335936 -1.1954392974929808
v -0.09478650973510741 0.22086913437652589 -1.2882685944442751
v -0.46008882471847534 0.21722660342025757 -1.2056346343307494
v -0.90114581688690187 0.22086912302398681 -0.92576756263351445
v -1.1278680745124816 0.21722657442855836 -0.627654035457611
v -1.2394088953208924 0.15024565022277833 0.25738886596298216
v -1.0768730189132691 0.1502455340576172 0.66581791548919678
v -0.78444799924087527 0.15024553469848634 0.99402475449371341
v -0.39740706059646613 0.15024260618972779 1.202424156097412
v 1.2618213754386902 0.22251233562088013 0.27933168173599243
v 1.1763915866546628 0.2659512253036499 -0.52777335699462891
v 0.8542835018920899 0.2769420856170654 -0.95980586057281503
v 0.48505905265045168 0.26046110527801514 -1.1963773409423828
v 0.56147091384887693 0.26595300024414059 -1.1602922823181152
v 0.11847808614349364 0.28617947916412351 -1.273141092317581
v -1.2364023183135986 0.28613410758209229 -0.32816014409255984
v -1.2666300626335145 0.18786884011077881 0.16902826226043699
v -1.2816204760780334 0.24031057719802854 0.17972035858154295
v -1.2712143883237836 0.20462204479408264 -0.19497380713081358
v -1.1326733698272706 0.187868840385437 0.59209601638412468
v -1.1431211501731875 0.24032210257339476 0.60728124527740479
v -1.2540433169498444 0.2382732466392517 0.32287125365638736
v -0.86209739986801148 0.18786883972167967 0.94383384412765503
v -0.86670705229568479 0.24031057719802854 0.96165979386138922
v -1.0893111679878236 0.192389448513031 0.67410808823013302
v -0.48753796650314335 0.18786867838287352 1.1818165247650145
v -0.48578048009872438 0.24032233560943603 1.2001650627326965
v -0.75356660088348393 0.2382732466392517 1.0535935835800172
v -0.054126646903991701 0.18836979114532471 1.2783131081581116
v -0.12023673793792725 0.20629604772186277 1.2842419078369141
v -0.40160475190353395 0.19238743263244629 1.2167704862060549
v 0.40797758801651002 0.2346673339920044 1.2291494661712645
v 0.38610496274566652 0.18836980750274657 1.2197830432205201
v 0.77976894165420529 0.18836980758666991 1.0142134438247683
v 0.73293653224945066 0.20629608379364012 1.0612501526794433
v 1.1021594832382202 0.2346672461051941 0.6795157296028137
v 1.0793834920158387 0.18836978249740602 0.68640054399490347
v 1.1584150135040283 0.27339836844635007 0.56176502419281005
v 1.1510496200065612 0.31007352679061889 -0.51497937908554081
v -0.31473333416900634 0.30930071585083008 -1.2213301939842225
v -1.0266068569801332 0.3092990794754028 -0.73311007988739019
v -1.2796345887756349 0.25871101899719234 -0.18154651371002198
v -1.2474077040863034 0.30776205705833437 -0.19715632489395141
v -1.1199749888000488 0.29737737612152093 0.60456971903228762
v -1.2397380892425538 0.30558216152648926 0.25569674593811037
v -0.46979236386108397 0.29737778624725342 1.1832099613952636
v -0.7857873193908691 0.30558216373901359 0.99293970986633306
v -0.34870232154846187 0.29464166136169434 1.2267853668670654
v 0.036678966232299805 0.29061443933105469 1.2780934615631103
v 0.52676009661865231 0.27339853570556638 1.1751066491012572
v 0.84918866797637937 0.29061445422363286 0.95567647811889644
v 1.1006246035221645 0.43800727048165466 0.098026465661185141
v 1.0960689897766112 0.44380165072631833 -0.042855226440429689
v 1.0782485993259976 0.46068925571114672 -0.0050940849217006165
v 0.96885494513375425 0.44920572674996517 -0.50222448414175858
v 1.0455711382141113 0.40695757461547855 -0.46360361730957028
v 0.9462077914821081 0.428888707497733 -0.59151308467756003
v 0.53054756348310206 0.45689281278337746 -0.94025097428894044
v 0.43630668801879879 0.37813566511535646 -1.097580719795227
v 0.3431298174067906 0.42887233397565572 -1.0604679779205322
v -0.31125374511064807 0.4357891681714739 -1.0614549543260847
v -0.21622337784031459 0.44174462720598495 -1.076466084814889
v -0.33048087984684538 0.4065640501109532 -1.0955630976017545
v -0.71354823237609866 0.36428142500305172 -0.96030204423522947
v -0.91508758027757919 0.44972029494694304 -0.592753697933742
v -0.85120583481924883 0.44363202945600239 -0.69105780032130659
v -1.0932514017551969 0.43904073115975512 0.14809968681989399
v -1.2201970109939575 0.3379820648345947 0.16940694396972658
v -1.0761694521789551 0.37082103776550296 0.50655708366394048
v -0.82628394235992431 0.33798206681823734 0.91427637442016607
v -0.49923685214233404 0.37082109335327151 1.0799698917999265
v 0.023900830249023439 0.33462350170364374 1.2359424434028625
v 0.34186291918945316 0.36437307519531248 1.1478369234619141
v 0.81230557130355829 0.33462350699844357 0.93160020372390751
v 0.74762667493329726 0.42889615915134971 0.82974534778703957
v 0.84892689831107004 0.4444647848903111 0.6942725759626116
v 0.81296986327253062 0.46456260304478236 0.7031993908168247
v 0.79141805207170768 0.50133808129664836 0.67534218523297984
v 0.71069838482666015 0.47306692237854003 0.79666279681396479
v 0.86681145095825196 0.58439439900207524 -0.44690081420898436
v 0.9019924402313233 0.54787510240173343 -0.43018161193847654
v 0.96484779144287103 0.52531107144165046 -0.3161960632019043
v 0.91522452766418461 0.58253638425445553 -0.33824818501281739
v 0.96314718751525874 0.59591918402099608 0.11027193283081055
v 1.0012451652069092 0.53971420214843757 0.11577735993957521
v 0.98068160791015635 0.57677335507202143 0.027023578155517577
v 0.38562300440979003 0.57398391702270513 -0.90124816441345212
v 0.53495140386962892 0.52529892453002924 -0.86130892727661124
v 0.43514894894409184 0.52063681260681149 -0.92116171864318841
v 0.82011881729888914 0.57335368647766116 -0.54230271099090577
v 0.7612923886566163 0.59074734274291996 -0.60383875515747065
v -0.24930705346679688 0.57394498379516601 -0.94752213607788083
v -0.29026785542297362 0.54240036767578126 -0.9594887951507568
v -0.18157845722198485 0.51549987857055668 -1.0058017817535401
v -0.15005967730712891 0.59139940533447266 -0.95665345896148679
v 0.30034897122192383 0.60218116802978527 -0.9159267446594237
v 0.28242010514831545 0.55575067343139639 -0.95261178199768071
v 0.19602559320068361 0.57677767080688469 -0.95924071490478524
v 0.19215052636718749 0.61871336590576176 -0.93473783459472648
v -0.80555431268310551 0.57468588391113273 -0.5596485929565429
v -0.74936175454711917 0.53660436578369142 -0.67125540647888182
v -0.84047319271850573 0.51695571266174323 -0.58408293881225581
v -1.0582787006072998 0.47520053582763672 0.10049212463378907
v -0.97240857073974607 0.58248458357238775 0.089345002441406252
v -0.97970859524536136 0.57593577722167966 -0.013004955047607417
v -0.95730744003295909 0.61417170523071296 -0.0075409104003906187
v -1.0110420669708251 0.53097826485443123 -0.03156225441741943
v -0.74273554636710026 0.43904282265145439 0.81635624526323591
v -0.74654693127441396 0.47520331278991701 0.75740723928833009
v -0.84583760800170893 0.45110854025268554 0.68533914195251466
v -0.82069843991524838 0.44425988018362861 0.72724433125959109
v -1.0446826690979003 0.47309660218811034 0.21821898458862304
v -0.97995722448294509 0.50136770590427948 0.3488062637285505
v -0.5506343736136301 0.46456251707240515 0.92329813088553281
v -0.53560352716936388 0.44446451201520654 0.95715713465663366
v -0.52694287466212675 0.50133869719151092 0.89723730415780201
v -0.66045702226257319 0.47309672183227536 0.83885064158630374
v 0.17122265418352398 0.46456263018798832 1.0614045395246234
v 0.20450106885201591 0.44446468518066412 1.0776803831656321
v 0.17261963718305315 0.50133811033630371 1.0262113204454693
v 0.032801556442260738 0.47306691923522948 1.0672627435760496
v 0.64740318615722658 0.59489751448059081 0.72297531538391124
v 0.73702542837524421 0.60996481462097174 0.61701037420654292
v 0.63661126260375966 0.63874905046081554 0.70079241839599615
v 0.82159553060913093 0.77143294900512682 -0.38894963125610349
v 0.82827955677795406 0.72283688372802746 -0.39061203929138183
v 0.86473528468322758 0.74107896789550787 -0.28919952203369143
v 0.91096950631713869 0.75867073320007328 0.021024169342041019
v 0.35532067370605469 0.75863397244262698 -0.8374411080627443
v 0.38294945141601561 0.72291512503051758 -0.83127981446838373
v 0.47608950216674806 0.74113448756408684 -0.7771306253967285
v 0.76146950717163087 0.75778622459411626 -0.49994028816223146
v 0.68783281802368157 0.77760054454803473 -0.59412347695159917
v -0.2472974514465332 0.75285890550231938 -0.8760182852020264
v -0.13533464422607422 0.74103305673217768 -0.90091909606933585
v -0.24364771913146971 0.6915914939727783 -0.89042858573913575
v 0.25327505152893071 0.79082688017272951 -0.87206693824768067
v 0.25786533636474607 0.72536618974304201 -0.87875893281555184
v -0.75309373448181161 0.75287065568542477 -0.51198968177795412
v -0.68344537539672845 0.74110502775573728 -0.60305514416503903
v -0.75567585131835935 0.70700304830932614 -0.5228229978942871
v -0.68464274385070811 0.80554988204956057 -0.5984578169021606
v -0.94048540568542482 0.64100781388854977 0.089057904647827146
v -0.90488545587158198 0.79017870704650883 0.086656447418212906
v -0.90984997967529302 0.7606610481567383 -0.0078948395385742155
v -0.67468593023681644 0.61150552114868162 0.68315711749267582
v -0.73611588163757324 0.64343260205841057 0.58923255218505854
v -0.94918623849487305 0.59490376658630373 0.20023137649536132
v -0.92457899308776859 0.63875442880249023 0.20201117364501953
v -0.59886352175903323 0.59490238584899902 0.76368588433837892
v -0.47894191577148437 0.60996514202880858 0.83354092361450194
v -0.57886587219238272 0.63874886451721191 0.74922778997802741
v 0.031679991577148438 0.59489751463317875 0.97012883589172372
v 0.16844744702148437 0.60996483929443357 0.94656297348022456
v 0.037671444747924804 0.63874905046081543 0.94619927970886231
v 0.88235250745391847 0.82456025838470448 0.22856324270629882
v 0.88646960635375982 0.76683518084716795 0.20458185858154299
v 0.85645361798858644 0.77612119707489002 0.30615177066040039
v 0.62278906567382808 0.84022382015991215 0.66716267382812489
v 0.68760820747375484 0.84239822117614749 0.59875312121582036
v 0.87697809330858489 0.97712885028839103 -0.39529908237457273
v 0.39613624649701801 0.94700728070068363 -0.8556396982029506
v 0.47961446287754605 0.91881814141845708 -0.79662411517551968
v 0.3816102078399658 0.8838165956878663 -0.83726248185729979
v 0.49207048597063341 0.96584187695312496 -0.81602025476946149
v -0.25055728214372908 0.96647228539167129 -0.92191340802001953
v -0.27860100234985352 0.93902500750732421 -0.89863835305786122
v -0.14726242359488351 0.9180426573529924 -0.91950939521789543
v -0.27413998724365241 0.89148212533569327 -0.88204072413635248
v -0.78062489632306775 0.96211578158133371 -0.54639496225411555
v -0.71765601431274417 0.9007238127441406 -0.58470433996582027
v -0.35389048196629114 0.98410410677882598 -0.89991114695739738
v -0.37059318772888189 0.9211479226989745 -0.85647081922912593
v -0.94082913030569892 0.9464773225141252 0.087746170298985071
v -0.92268904693603515 0.88898328680419914 -0.00060977044677734671
v -0.91742100959777828 0.88331905294799795 0.090522409301757811
v -0.84687255900573721 0.97721513822937012 -0.45529316033172607
v -0.82592129428318573 0.92205937194170273 -0.43587367687116352
v -0.87859922726876394 0.94834783832005098 -0.3478095345589774
v -0.85954985003662121 0.79473433612060551 0.29443524591064452
v -0.86169647387695314 0.84241532698059085 0.29705455822753907
v -0.88851128408813485 0.84032651052856444 0.20663395397949219
v -0.15202655507659912 0.77688512129211418 0.89721221814727781
v -0.54822842337036137 0.84021425335693356 0.7297371730651856
v -0.46954873112487794 0.84239740374755856 0.78170628521728514
v 0.5499884589691163 0.81606397111511231 0.72625760856628407
v 0.54353200517272948 0.74840417953491212 0.73281653315734863
v 0.45980588514709475 0.77688512795257569 0.78520152979278568
v 0.034138301391601567 0.79249476635742189 0.90882682031249984
v 0.038824525909423827 0.85060106450653072 0.91401422473907468
v 0.14232660539245606 0.8423983944854736 0.90081303234863275
v 0.9343157043457031 1.0055634784851075 -0.29857306513977044
v -0.69878167905535027 1.1031944494759696 -0.78348519886561796
v -0.73635632924543115 1.1377380951407297 -0.77280348405674526
v -1.0523699660873413 1.162016378892081 -0.22625288193838936
v -1.0607753698730469 1.1387861237357002 -0.10124714076886858
v -0.94235229048156743 0.9764334882507324 0.18950101701354979
v -0.96872973598807199 1.0175909231000628 0.19929596978323799
v -0.90003227072906489 0.96002782756805405 0.30902366618347166
v -0.58849634878540047 0.96524000189208992 0.75344831713867177
v -0.49160404896545412 0.96006146801757819 0.81625005839538556
v -0.11646184109061106 1.0397827372741699 1.0019429668666295
v 0.025288692998613627 0.97736885572052001 0.96338142219107492
v 0.032028581476484033 1.0269514743576051 0.99941691470009941
v 0.14870284704971312 0.931428158958435 0.9263826210899353
v 0.15398768696594239 1.042462402404785 0.99789907417297363
v 0.64478280399649468 0.97944437806047713 0.71703997164263034
v 0.66279646195765896 1.0353750322004047 0.75412174023873468
v 0.93767987594168534 1.1554661422489709 0.52487526120649064
v 0.1546180927368164 1.6993823443237304 0.7374607431091309
v 0.3702607946166992 1.7933591091918946 0.64446246252441408
v 0.30829005010986327 1.918922510925293 0.64583708514404292
v 0.80569924746704091 1.4991104460449218 0.49324238015747068
v 0.69573903875350951 1.7992750198364258 0.33530025103759764
v 0.67987595870971673 2.0355369764556883 0.29199267730712886
v 0.63965000181579601 2.2018976630554201 0.18431821012878416
v 0.78662887905883794 1.7708190369567873 -0.018903335449218749
v 0.63941606260681161 2.0742766552124023 -0.25893324330139161
v 0.61481918081665055 2.155509935714722 -0.21748477488708495
v 0.49404150646972655 2.3309836286468504 -0.24140962657165527
v 0.44656797853088376 2.123770793754578 -0.51157398133087151
v 0.42619416869354249 1.7764265704193116 -0.86646545362091065
v 0.19114961239624023 2.1053090875091556 -0.86326316625976562
v 0.2322020171508789 2.1067232141571042 -0.8421531489410401
v 0.10350914755249023 1.6988103512878419 0.78501395644378669
v 0.093199071666717537 4.1823848911476142 0.1008703462524414
v 0.098830525942666198 2.8431494385092595 0.93306472119249606
v 0.10780868413925171 1.8381314336128236 0.73234169482803346
v -0.11568371983032227 1.8362471306884762 0.71947381593017568
v -0.13019655296325683 1.9134334693832395 0.69577879593658443
v -0.1190448287531535 2.2477400038057964 0.71133727475357067
v -0.32496675186157226 1.7261653139953612 0.68048627148437502
v -0.57367019799804686 1.7134394224853515 0.54243921800231931
v -0.79949244649887086 1.4956896235923767 0.50273766068267833
v -0.6327536962356568 2.0471152433719637 0.34953567602157598
v -0.38089126126861572 3.1020672425231934 0.58446914416503915
v -0.57198846207427978 2.3818811220474245 0.17265930318450928
v -0.57186967185211179 2.3779832147750852 0.11953043520355225
v -0.69124153080749506 2.0272780995025634 -0.11750174371337893
v -0.55772372118377689 2.3495739153900148 -0.097143037322998047
v -0.54564363111877445 2.3398544044799801 -0.14490541000366208
v -0.44332959443664549 2.4053891517791746 -0.247749154510498
v -0.65523332350158703 2.0926868427734373 -0.19878441238403322
v -0.51206026776885993 2.0623461381683352 -0.46534767138671873
v -0.36565446767425536 2.1001810674972532 -0.65050970478820802
v -0.29594778748321537 1.8108044522171023 -0.99019960604858392
v -0.22260548702239991 2.1006221474380493 -0.85220927113342282
v -0.16809278641815184 1.4916732430107116 0.85894250350036616
v -0.096708565959930423 4.2731148448142999 0.25115335579681397
v -0.098783374557495127 1.5966200149078369 0.989441884765625
v -0.09695143865966796 1.6009624418945314 0.93705807476806646
v -0.097552041107177731 1.9966480916748046 0.85989473727416987
v -0.021927406135559081 2.555852635948181 -0.56803276982879636
v -0.12357120046234132 1.5043574438934324 0.87675278178405747
v -0.18053248347473144 2.1042218102188111 -0.86685154152679444
v -0.1202622451171875 2.214347553161621 -0.80169905026245103
v -0.16778469275665284 2.2761377511138918 -0.73699926819610595
v -0.29805616224670417 1.9793731767120364 -0.88626412214660644
v -0.31160655461502074 2.0323125950336456 -0.81418075880622864
v -0.31432823365020757 2.3026856935043338 -0.54751508337402344
v -0.37836108152008058 2.1627921456222534 -0.57923353221893326
v -0.46102261072540285 1.8214397844429016 -0.76713631282806394
v -0.45717610099029543 2.1893223367996217 -0.43125463098907474
v -0.57572291712951662 1.8350743386383055 -0.5809315035095215
v -0.54564332226562495 1.8283513687171935 -0.63462862891769412
v -0.42219504862976076 2.4006988109893799 -0.28433318188476564
v -0.50343773633956901 2.2794926954345707 -0.27487179360198977
v -0.65069509973144535 1.8465781437530517 -0.45216890640258789
v -0.46678880726623539 3.2306277249679565 0.099493973457336432
v -0.64082758807373053 2.09044830078125 -0.23909887255859377
v -0.6217472811508179 2.0752095133132937 -0.28761323102188108
v -0.7360297146453858 1.8199064212646485 -0.3509642094116211
v -0.5096117591533661 3.2258150758647921 0.2672482135753631
v -0.81579627462768567 1.7128395045166016 -0.22819469766235351
v -0.59765927026367183 2.2964105505828858 0.023239502799987793
v -0.59673381143188475 2.3056200725250244 0.067422647445678704
v -0.74336291885375982 1.8795510262603758 -0.033512487167358398
v -0.90262439860534671 1.5703726397247313 -0.091490543121337892
v -0.65936397265624991 2.1477619125061036 0.18302133544921872
v -0.87659329184722901 1.6181650203666686 0.065771117992401124
v -0.9622530432739258 1.479142251281738 0.1366111867980957
v -0.64253375199890139 2.2114622997207638 0.23486527138519286
v -0.72164086609268185 1.9607807381820679 0.16522835523605345
v -0.90572899295043929 1.5661030424346924 0.14514802984619141
v -0.89263278441619875 1.5327116976089479 0.30709250108337405
v -0.57848535550689695 2.1784211295623779 0.39343298433685303
v -0.79362532931518548 1.5908251813430785 0.39963250515747073
v -0.60538833314514162 1.7120017164611816 0.50880827935791018
v -0.49747137950134268 1.7209293570861814 0.60254284906005862
v -0.41780868487396239 1.7280734267723084 0.64581577068786622
v -0.30215740679931641 2.1737844531707764 0.65562106391906738
v -0.35335741012573241 1.4739688358764647 0.81012722470092779
v -0.31783830079650877 1.587848955154419 0.74872781912994391
v -0.17404027790832521 2.3043208604354861 0.68591875435256955
v -0.19006006508636475 2.1091691746520995 0.67734833112335213
v -0.22421889184265137 1.4577044881713865 0.86160464623413091
v -0.20930388188171387 1.6345030462646484 0.74920808345031742
v -0.28100070376586916 1.722578983642578 0.69223372985839848
v -0.96990935517883303 1.3507467292327882 -0.36383457765960697
v -0.50676202164677209 1.4286908544594901 0.76471910940769738
v 0.094182631286621091 2.0795208273773191 0.75656828671264642
v 0.10056905945587158 2.9313553573532105 0.85841571196746824
v 0.096038761001586925 2.8332037375946042 0.83628732431030262
v 0.098173928688049319 4.1864739319610589 0.53504728941345214
v 0.22058684889221192 2.983970515106201 0.7323798914947508
v 0.15803240061187745 2.9507777265930173 0.74911436248779295
v 0.054294877906799315 2.0401741896972654 -0.94522561220550538
v 0.14777706643022809 2.2751537869055611 -0.74436520403725759
v 0.25662609049987795 1.9803640726623537 -0.91969440296936034
v 0.27172996562957763 2.2237024711532594 -0.67937055091857901
v 0.37819355372619623 2.162794022842407 -0.57928679207611089
v 0.34709877537536621 2.1571852856597897 -0.62678773101806651
v 0.41585442745971685 1.9864372026672363 -0.6803115076904297
v 0.55546489891052242 1.4732241119537353 -0.86462054142761213
v 0.60404095383453371 1.6052842674827574 -0.74185906577682492
v 0.42379760556793211 2.260348143600464 -0.41697296821594237
v 0.42188499858093265 2.1190000891265868 -0.55425019578552259
v 0.5525544377288818 1.8778905839233397 -0.57655478265380844
v 0.55907872045898432 1.8219910976562499 -0.619370676361084
v 0.55230317561340336 2.1400597570648192 -0.33093162918090824
v 0.45106972844314575 2.2543221275444032 -0.37787599951553347
v 0.50952945796203619 2.2096507641906737 -0.32987190861511229
v 0.45409845723724368 2.3343693964233396 -0.29753427914810177
v 0.52332448153686528 2.0710763244323731 -0.43894761517333986
v 0.52556888664627066 2.4033459331741334 -0.11228650777435303
v 0.58510712068939208 2.1519105331649779 -0.27338384539794924
v 0.72576394276428224 1.8672152040100096 -0.32011666989135745
v 0.59089472677612298 2.3098303411712644 0.0033213900909423826
v 0.6597622317810059 2.0953246142578124 -0.17380478495788573
v 0.76760650622558591 1.8253209326171875 -0.24876489532470705
v 0.59504527468109125 2.3081336715774539 0.05251214902496338
v 0.72703856985473636 1.9303628356781006 0.039124924896240233
v 0.68578822593688971 2.0435926874084469 -0.053483030044555666
v 0.91155321816253665 1.5663077402801511 -0.0075662132110595696
v 0.91381836997985844 1.5599458584747312 -0.056017440017700197
v 0.57200086809539785 2.3819164340591432 0.17256766996765138
v 0.68098503588867187 2.0826331109886169 0.17190150607299803
v 0.74213223432159414 1.8948617906799319 0.10768208304595947
v 0.94685228417968736 1.5145122902297974 0.039945948806762693
v 0.69849000083160395 2.0371876832046509 0.2378521913871765
v 0.74313458808898936 1.8965432950744632 0.15275559126281738
v 0.76858789413452155 1.7470371601257324 0.27771289437866215
v 0.48700773664093017 2.3834444666061403 0.46240473719024655
v 0.61338835299682626 1.8099104704589841 0.43860441937255862
v 0.62007400541687008 1.9370941502609254 0.38518842044067381
v 0.71274091060638434 1.6009206422348021 0.49103830577087398
v 0.50799356611633306 2.0663730991973877 0.50348073816680916
v 0.56866035004806514 1.8808813134613036 0.46958243157958984
v 0.58594718085861208 1.7600667930335998 0.50102537702560423
v 0.73086409136962882 1.4856260727539061 0.5788060814208984
v 0.36367949566650393 2.2799669982299804 0.63242518386840829
v 0.36218376567077637 2.0285269992523189 0.62972319387817377
v 0.38119085656738283 1.5213484709472658 0.76771811486816399
v 0.32095990283203124 1.5824954881286621 0.75127450518035888
v 0.22140927543640138 2.0331901944885251 0.6683684558868408
v 0.13946519155883791 2.1103897048797604 0.69451560682678226
v 0.19886554055786132 1.7876730191955565 0.68787222836303707
v 0.27067083314514157 1.5260754070281981 0.79911322619628899
v 0.19410052180480958 1.506851399734497 0.83743239122009283
v 0.49267769235992431 1.3881918580131529 -0.9242033839950563
v 0.56297232664489749 1.3158974383010866 -0.8805856839828492
v 0.4967965205187117 1.435668674482073 0.76623895504978712
v -0.096601464340209955 1.1358629264678954 1.0619489836959839
v -0.84004532189941394 1.154689214614868 0.667608014755249
v 0.64134985757201068 1.1532370010478157 -0.85621918348816473
v 1.02264061151886 1.1533364892196654 -0.32549678222656248
v 1.0042803930664062 1.1335200669555665 0.35102024468994142
v 0.71756638667297368 0.95978133794403075 0.62605621369934084
v 0.83209415371704099 0.94566700207519527 0.4471837815551758
v 0.79649797480773921 0.96239603657531747 0.52631722181701657
v 0.89857365171813963 1.0102494838256837 0.40598218284606935
v 0.88634994845581039 1.0229164630126955 0.45364494351196294
v 0.3232693877868652 1.0908981977996826 0.99125444158935561
v 0.20040612066650393 1.0130339549255372 0.9676725515441893
v 0.43965163000488278 1.0661153453674315 0.92843306829833994
v 0.48136025434875485 1.0409284693145751 0.88673175700378415
v 0.272441809677124 0.9632776745758056 0.9155756490173339
v 0.32964003384399415 0.97895303747558593 0.90733945205688471
v 0.35058508914184572 0.94601763381958004 0.87765876675415033
v 0.43406072763061521 0.99475365252685544 0.87373266921997061
v 0.45726877739824567 0.94761544378444129 0.82856841558619898
v 0.54590200549752366 0.96218176290021618 0.78264637996564579
v -0.22578055509948733 1.0931483916015623 1.0204370052948
v -0.29185887713623049 1.0261726156005859 0.95444253912353516
v -0.256595342376709 1.0575342073059084 0.98793489584350591
v -0.46976293981933598 1.0080445842285157 0.86568488897705076
v -0.42707852288818354 0.99840006478881838 0.88026292922973626
v -0.37941381385803219 0.96328789752197275 0.8766955093841553
v -0.2951376993103027 0.94602900515747068 0.89783992135620116
v -0.25293658041381833 1.0030500120544434 0.94837087579345702
v -0.17513337062290735 0.94807791052246104 0.9303094890398298
v -0.084440600211007258 0.96214700173950196 0.95072865010288776
v -0.76605370417785645 1.0415378189468383 0.65244387770843504
v -0.90389861196899413 1.0657082270507812 0.47859957952880861
v -0.88739818302917484 1.0729086122436522 0.51778344563293466
v -0.85594830657958987 0.9682264608459471 0.42780147720336914
v -0.81502858160400393 1.0117892954101562 0.55373077471923837
v -0.75350703886413584 0.96214749953569689 0.58469120188903811
v -0.7887321429748535 1.0099717835388182 0.58808894155883795
v -0.69581805816650388 0.99094287362670896 0.67811808465576173
v -1.035642140686035 1.0877562479248046 0.0053477625427246125
v -0.96888683150591159 0.99239316347394668 0.062088703057425358
v -1.0015424580230712 1.0375855542755126 -0.026152242538452143
v -0.96401227752685537 1.0034567952270508 -0.1768658125
v -0.9247531275634765 0.96257995555114739 -0.23174664395141603
v -0.93857792111206051 1.0223830543518067 -0.31901218157958988
v -0.93673951168823244 1.0409471974029543 -0.36109192901611331
v -0.71501451760864265 0.99866111749267583 -0.66822292825317386
v -0.66415526226806643 1.0125790065917968 -0.73476178607177745
v -0.62222308062744136 1.032707691619873 -0.78897604324340831
v -0.62732964544677727 1.0032997014770506 -0.75782604052734381
v -0.5600924971008302 0.96235949800109866 -0.77284982669067392
v -0.58408233880615246 1.0435463945159911 -0.82557334643554681
v -0.52302532463073736 1.0351142872924803 -0.85692066448974602
v -0.45504406435285294 1.0026245762721471 -0.86744617648315425
v -0.39022369918823246 1.1046349668579101 -0.97737535208129889
v -0.25103923012433732 1.0399804394160681 -0.97726393029785164
v -0.18818792712402344 1.0501731841125488 -0.99922598941040042
v -0.065066866760253916 1.0259685131225587 -0.99795792926025395
v -0.016039443222045899 1.0645443738861085 -1.0273309876556398
v 0.069030694869995107 0.96276283056640621 -0.9511176974792479
v 0.30394064881896971 0.97772412929534913 -0.9107177317504882
v 0.19798648863220217 0.94712183514404302 -0.92190161820983885
v 0.26050789868927005 1.0554923163986207 -0.98512106235504149
v 0.2811682633666992 1.0971507266235352 -1.0103564494323729
v 0.34957972296142575 1.1276528260803222 -1.0051483508605958
v 0.50678384408569332 1.0750526090393067 -0.89770909417724609
v 0.53088595518493653 1.0107447437286377 -0.8285573869934082
v 0.42919759520176476 0.99621039114379895 -0.87249771943882526
v 0.62074575598144532 1.0325317269287111 -0.78649185946655276
v 0.6659456167297364 0.96478378790283204 -0.68379296350097651
v 0.65856267744445807 1.071639914047241 -0.7898583876495362
v 0.68954203607177744 1.0620532420043944 -0.75545208422851562
v 0.71568057028198251 1.0537049896545412 -0.72290528173828117
v 0.7681865212838308 0.98172551754760751 -0.58396077670288093
v 0.82424088025774278 0.98508428898620592 -0.50625688836669924
v 0.83940552250671385 1.1330276496429443 -0.65495701101684567
v 0.99393641818019329 1.0293535972878591 0.080497685819353376
v 0.94713444781494138 0.98342785527038568 -0.19675374224853515
v 0.93459388803100585 0.93957802688598635 -0.11249223051452636
v 0.97891237841796874 1.0028699660034179 -0.029728639282226563
v 1.0022180580444335 1.0543666109008789 -0.1609421718444824
v 1.0271420393066406 1.0745496996154786 -0.055818686492919919
v 0.98148909771728521 1.0354939897460937 -0.20350473937988281
v 0.98805206793212896 1.0628973740844727 -0.2549672657165527
v 0.1437234842224121 0.8885909665222167 0.91049508474731444
v 0.24837227397155764 0.85682140721130373 0.87927675579833986
v 0.36076376435852053 0.904074281967163 0.853337692703247
v 0.28303727110290522 0.88814117359924305 0.87646277281188967
v 0.14008223864746094 0.79473320562744143 0.89815061032104482
v 0.36589361795043945 0.77533420387268071 0.83297191416931149
v 0.36915343481445317 0.81770081585693366 0.83153894789123539
v 0.24454092352294926 0.81101230017089843 0.87535400411987296
v 0.2412859326400757 0.75567158441162108 0.87985696591949458
v 0.38115244338989251 0.86609399363708506 0.83324431135559085
v 0.46451448171997073 0.83701290014648433 0.78551393568420413
v 0.53131054417419432 0.88016379569244385 0.75288785433197025
v 0.56581854470825199 0.89526628474426262 0.73271786460876465
v 0.56945653631591808 0.93892987225341795 0.75038178213500983
v -0.55786441806030274 0.90471805050659182 0.74217342645263673
v -0.47201669995117185 0.91417600416564937 0.80216013819122312
v -0.37446539460754391 0.85682101480102535 0.83337224615478522
v -0.27169506985473629 0.90407201219177258 0.88574828829956065
v -0.34610199542236325 0.88814026309204119 0.85349942350769048
v -0.46955253396606444 0.79473342822265636 0.77822273818969734
v -0.25467390544128421 0.77533420158386224 0.87344069039916994
v -0.25125597093200686 0.81770076092529287 0.87443841044616699
v -0.36407848605346682 0.79533268405151358 0.83302865013122562
v -0.24316024151611326 0.86609296345520026 0.8834589553222657
v -0.1486207705078125 0.83701259880065915 0.9004786803131104
v -0.076480315147399905 0.88016092727661133 0.91842526015472403
v -0.063955686315264035 0.92245533760070808 0.93296874644143246
v -0.9112997215281895 0.91664481654248919 0.19679578719438826
v -0.87952040310668955 0.90647011186218263 0.29448903939819338
v -0.84247072038269044 0.9232282254180908 0.40233515408325193
v -0.8084048048858643 0.83416505598449708 0.41919386192321784
v -0.81430939233398447 0.89174582136535641 0.43181473187255859
v -0.75905208857727058 0.85342221228790272 0.51023724504089352
v -0.78476790539550789 0.91649271337890625 0.49975653417968746
v -0.72123484469604493 0.94698809744262691 0.61130613259887689
v -0.69709840839385984 0.87455060721588129 0.60048861357879635
v -0.62628790794372557 0.88555163874053955 0.67841772428894043
v -0.61933087547302246 0.82725588230895997 0.66890868185424801
v -0.81305395173645034 0.77287540196228033 0.40904365475463866
v -0.7031332827529907 0.78777109592437744 0.57760795620727545
v -0.63404562395477293 0.77094622943878177 0.652654072883606
v -0.89776246197509768 0.91098647669219968 -0.23314849964904788
v -0.93721580537414551 0.94392912916564931 -0.09868086122131349
v -0.91856115884399414 0.8966640726623536 -0.093260418212890633
v -0.80842235317230227 0.84928625706481931 -0.42562059775543215
v -0.85917591481018074 0.83887214654541009 -0.30111364370727534
v -0.81257434552001939 0.79574663395690914 -0.40595003645324707
v -0.90756508448791506 0.83315668403625498 0.088146506942749031
v -0.91154009100341804 0.82997415516662598 -0.010577470535278317
v -0.90422103364562978 0.80485950870513912 -0.096965308555603022
v -0.88607392779541017 0.79389791714477531 -0.20119763595581056
v -0.90844064376831057 0.85227132540893547 -0.094051512603759782
v -0.85697126033020021 0.78018240599060062 -0.30320122608947753
v -0.65491500038146966 0.94366160174560543 -0.67818287496948249
v -0.64370325381469728 0.89645915673828136 -0.66172503787231429
v -0.47058210215759283 0.90066376025390626 -0.79556103831481928
v -0.34533417696380619 0.84923587844848625 -0.84556588949584965
v -0.46434479895019537 0.83875134660339357 -0.78278749868774411
v -0.36110995617675784 0.79569647695922852 -0.83310174244689938
v -0.75431925953674317 0.85056103828430174 -0.51704518991088855
v -0.54629798641967775 0.7832359467010499 -0.72664561971282959
v -0.4613239200592042 0.79007082899475101 -0.78200628988647458
v 0.17677152240753174 0.88549637085723876 -0.90180975061798097
v 0.1742795163269043 0.83122661914062501 -0.8918316143493652
v 0.27896716201782223 0.84068999826049806 -0.86688631536865235
v -0.059968266342163089 0.93082017823791507 -0.93351181088256829
v 0.047421333694458015 0.85615419534301751 -0.91061571495056137
v 0.28277558859252927 0.89043801651000987 -0.87685820138549797
v 0.14968240245056152 0.92725268167114261 -0.92121003988647454
v 0.29044249011666434 0.93836443365478517 -0.89207756872994559
v -0.23874027455139163 0.85081301080322258 -0.88259841233825687
v -0.13828451815795897 0.78889799426269525 -0.89752109667968738
v -0.1441109098968506 0.86750515005493156 -0.9052123185577392
v -0.033302331665039056 0.78820935752868659 -0.90764888300323476
v 0.07321617114257814 0.77035718270874021 -0.90564359313964848
v 0.075957002510070801 0.81848402467346193 -0.90502024691009519
v 0.76328306295776371 0.82721478918457025 -0.49533628472900393
v 0.5554981863098144 0.92979038807678227 -0.75119334893035883
v 0.62182640499877917 0.88462528045654298 -0.67519323229980466
v 0.71731604954528816 0.89250658741760247 -0.57830658232116694
v 0.78119389053344723 0.89027843002319329 -0.49115520352172853
v 0.65243513491821292 0.92143913397216792 -0.66363756469726565
v 0.72676575022888179 0.95106964184570308 -0.60607374404907222
v 0.79693598130144383 0.93797052368164058 -0.49876409899902346
v 0.37211271719360356 0.81724793580627442 -0.82984246702575681
v 0.47162306344604488 0.7890556850280761 -0.77601870043945309
v 0.47258676773071284 0.86800756753540043 -0.78424451419067376
v 0.62962009417343134 0.76002869377899174 -0.65681084465408324
v 0.61684085989379878 0.83955508428955072 -0.66824407589721679
v 0.90963241877746581 0.85676231118774426 0.097751413131713871
v 0.89341675225830075 0.89485150596618657 -0.2324270457611084
v 0.9227820359344483 0.90624875564575202 -0.08445131382751464
v 0.90720222837829589 0.8463728808898926 -0.090494469055175775
v 0.92817291802978519 0.92081534405517584 0.10121218968200685
v 0.91514347634887694 0.9436919805297852 -0.22716047872924805
v 0.93710229028320313 0.93154903155517577 0.0073304654541015623
v 0.82215421168518077 0.82010007199096679 -0.39115045870971676
v 0.86126297249603267 0.80558281702423096 -0.29260062714385981
v 0.89499531913757324 0.86159789925384522 -0.19022137822723389
v 0.88894257222747819 0.79042865709686283 -0.19004911240386962
v 0.90515107885742196 0.78194373910522463 -0.085502353744506848
v 0.62987230139160144 0.88868909399414076 0.67453108160400399
v 0.70731633326721188 0.91415265332794193 0.60471769118499763
v 0.75500114497375492 0.85682089262390138 0.51409093310546861
v 0.83453011915588382 0.91279679517364509 0.40945185398101802
v 0.77974836624145505 0.88813866847228995 0.48965507264709474
v 0.87121737548828115 0.95631636193847647 0.37941333117675785
v 0.88739705899483812 0.93961776776559014 0.3145124331098284
v 0.68417748941040024 0.79473320074462894 0.59815618582153318
v 0.81526266847229012 0.77533424748229973 0.40307794825744625
v 0.81683863282775881 0.81770089450073236 0.39988474143981939
v 0.74954411483764649 0.81101227636718742 0.51354817703247058
v 0.74994498682403554 0.755671584854126 0.51909007000732421
v 0.8271258143310547 0.86609472613525385 0.393478339920044
v 0.90215997431945816 0.89398752763366707 0.20412921507263185
v 0.87147481884765621 0.88941713528442379 0.30421766452026366
v 0.91802824362182622 0.93899245529174802 0.20895289480590823
v 0.039473733985900886 0.74390618435668943 0.91319665325927735
v 0.13806105573272706 0.73794624916839591 0.90508577082061759
v 0.025282861976623536 0.68736901506805426 0.92753671253204351
v 0.24104350122070312 0.65906495429992673 0.90458254701232921
v 0.23877301806640625 0.7017580274047851 0.89042950592041015
v 0.33955322080993655 0.73346324084472658 0.84898185890197753
v 0.46109055506896973 0.7128932867431641 0.79381566859436037
v 0.34581034203338623 0.66070780023193354 0.86867525813293467
v 0.45124385188293453 0.643427606704712 0.82813692437744146
v 0.54861317489624017 0.63356724917602536 0.77407427980041499
v 0.25145754428100586 0.60417304882812506 0.93083029458618161
v 0.35967928198242183 0.59141468124389651 0.90224439624023434
v 0.56512019018554682 0.57526860597229001 0.80247364776611319
v -0.55627710406494135 0.74390661537933345 0.7251012375564575
v -0.47555529432678223 0.73794627099609378 0.78223872903442382
v -0.57630259080505375 0.68736956356811518 0.72704141247558596
v -0.3857444892959595 0.71980539264678955 0.83320128584289543
v -0.39634491883850093 0.65906451298522939 0.84804548535156254
v -0.28514239631652832 0.7334631638183593 0.86877383641052242
v -0.15657943058776858 0.71289325198364262 0.90463699992370616
v -0.29300828895568842 0.66070760698699948 0.88788197357940679
v -0.18618407170104984 0.64342758256530752 0.9245991722717285
v -0.076843876220703128 0.63356724885559079 0.94577245767211915
v -0.40523961949157716 0.60417325700378421 0.87484667541503902
v -0.30396190170288084 0.59141469946289071 0.92251195088195803
v -0.082453011398315429 0.57526860597229001 0.97813768774414067
v -0.89176779046630861 0.74392041916656493 0.19804402000427243
v -0.86667715867614747 0.73795974445343027 0.29369714241790768
v -0.90836326017761226 0.68738098917388923 0.1866620280380249
v -0.83115821438598636 0.71689018663024906 0.39044357180786132
v -0.8481066116333007 0.65906783726501472 0.39523931451416017
v -0.77886504343414309 0.71288448436737062 0.48591860939025877
v -0.71716297300720211 0.71740813067626963 0.57095982984924309
v -0.90215569628906245 0.60996552952575678 0.33090902957153318
v -0.81460517202758798 0.59631825199890143 0.52256776132202143
v -0.78785023547363287 0.65705272189331065 0.50509128250122071
v -0.87218950112915039 0.60417474017333972 0.40999991596984864
v -0.6493047519226075 0.67380733093261724 0.66748728802490231
v -0.64906868545532226 0.72255385734558109 0.64698700779724116
v -0.83727189270019542 0.66632100379180903 -0.41592982021331781
v -0.8657664927062988 0.59955318241882316 -0.4307275930938721
v -0.91061837503051768 0.71756090579605103 -0.1026776577682495
v -0.91441165464782714 0.68388940907287599 -0.14030424255371093
v -0.90260883959960947 0.66485158843994141 -0.23546510041809082
v -0.86402775495910644 0.72012127908325207 -0.30991309820556645
v -0.81681155375671399 0.73750083879089356 -0.41023431678771971
v -0.95131633959960937 0.60737180963134763 -0.13473684851074219
v -0.93106557043457039 0.6533924996032715 -0.10535566299438477
v -0.92878079266357416 0.60869808425903327 -0.24603271955871578
v -0.93048475816345211 0.67078295314025882 -0.0018329046936035199
v -0.92157103640747073 0.68708178430175781 0.086592853057861324
v -0.46818263465881349 0.65604629246520996 -0.81133702636718752
v -0.35357155752563474 0.63160641412353513 -0.88022958169555676
v -0.54838227587890631 0.71874615640258788 -0.73365661306762697
v -0.55825374636840819 0.67682643089294436 -0.74024929420471186
v -0.4626978605041504 0.70414358551025391 -0.79598068807983391
v -0.34705578553771971 0.6814853671264649 -0.86048623686218262
v -0.36143024167633059 0.73751131317901608 -0.83889678832244874
v -0.46108290696716309 0.74741134478759763 -0.78679562158203131
v -0.79632454460144042 0.6312816356048585 -0.51631210015869144
v -0.76471923641967776 0.66306226768493648 -0.53655429222106932
v -0.69854644126892096 0.66661211933898934 -0.61640255833435065
v -0.62991608782958985 0.66563219689941411 -0.68564043237304695
v -0.66261756576538089 0.6195244323577882 -0.68545289353942884
v -0.55818679476928712 0.59107324224853519 -0.79409097000122064
v -0.57629060946655264 0.62161053169250491 -0.75802122535705574
v -0.67509615383148192 0.56449982283020017 -0.72022947663116454
v -0.48465228500366209 0.60000332777404797 -0.83484233526611329
v 0.044058051757812508 0.73575610700988769 -0.91111028173828124
v 0.061186502304077149 0.69789586535644532 -0.91796799806213381
v 0.15917010418701172 0.69810168507385262 -0.90767444786071771
v 0.29072539691162103 0.66319362275695803 -0.88835660055541998
v 0.15729994673156739 0.65085683343505862 -0.92497474513244626
v -0.25099511315917966 0.63046597804260252 -0.91432674131774905
v -0.13822861006927489 0.66660073095703121 -0.92058857746887202
v -0.066246156234741213 0.61938500871276858 -0.95003933715820321
v 0.083494408264160158 0.59064265713500974 -0.96584322528076183
v 0.054834456604003906 0.64700726846313472 -0.93715143560791014
v -0.05572184698486328 0.57737167424011226 -0.97525370703124992
v 0.6361287631378173 0.70535820571899421 -0.66320105065917978
v 0.71300290454101556 0.74267510595703135 -0.56956295819091807
v 0.77820045678710947 0.69232083212280271 -0.50005094213867185
v 0.79223098632812516 0.63213893035888669 -0.52319836315917967
v 0.72536746520996087 0.62281553039550785 -0.6178574476928711
v 0.40077824787139893 0.63768227315521231 -0.85560487522888184
v 0.38828987298583983 0.67617414566040046 -0.84321055096435549
v 0.48661131719207762 0.66665413590240474 -0.79424401575469972
v 0.56080126734924307 0.6193950024871826 -0.7705966430511475
v 0.68594593673706061 0.59066191485595709 -0.68653836907958987
v 0.64541314569091801 0.647032163269043 -0.68301960552978513
v 0.58516577601623543 0.57739809426879884 -0.78301285440063473
v 0.91195975553894049 0.7110875548248291 -0.1059141455078125
v 0.89518577708435054 0.72670010700988774 -0.18534771179199222
v 0.91954212609863273 0.6930126663818359 0.10417355995178224
v 0.91902737667846679 0.71298122835540767 -0.0080701745605468757
v 0.93929054562377923 0.64079921109008797 0.10815357122802734
v 0.93468461364746092 0.66287992401123041 0.0019144804382324205
v 0.83772371098327647 0.64405457202911376 -0.43364283376312251
v 0.84026160107421877 0.67606284609985345 -0.3964957946166992
v 0.88405546700286863 0.66658760589599608 -0.29573114978790283
v 0.90982529461669914 0.66557588104248044 -0.20165872702026366
v 0.92589879937744146 0.61938455534362791 -0.23005254554748536
v 0.95966211627197273 0.59855032284545884 -0.11320633349609376
v 0.96186505406188971 0.56425369992828367 -0.22334179705047608
v 0.949488871383667 0.62339845838928221 -0.076591764602661122
v 0.61677831681060791 0.74390618435668943 0.67435216780090323
v 0.68708694441223139 0.73794624916839591 0.60476805546569823
v 0.61512509736633292 0.68736901506805426 0.69445888508605957
v 0.76565255790710451 0.65906494309997565 0.5381874156036377
v 0.75481569750976552 0.70175802612304683 0.52880458554077148
v 0.80537566212463374 0.73346321243286128 0.43227351701354977
v 0.86301161648559577 0.71289650091552736 0.31189347276306151
v 0.8939692039794922 0.7177414318542481 0.20743492903137206
v 0.82282754941558844 0.6607076337890625 0.44333791392517097
v 0.88309538348388672 0.65280205952453607 0.31717716833496096
v 0.91108246496582035 0.6554786091613769 0.22508983544921873
v 0.7905020590972901 0.60417289775085448 0.55160043977355966
v 0.85502967935180674 0.59141425849914553 0.460138303604126
v 0.90376351434326163 0.60960848541259771 0.32373700811767581
v 0.94015641293334973 0.59613454864501958 0.23336766076660156
v 0.046657316955566401 0.5372515992736816 1.0098224346160887
v 0.16202834358215334 0.54812007794952389 0.98953054831695542
v 0.25409606192016598 0.56291249656677256 0.95787873979186999
v 0.26718698851013178 0.4854943267669678 1.0181481308441163
v 0.36207329354858397 0.54819732635498042 0.93186062292480465
v 0.49782179425048828 0.5459042771606446 0.86762379421997071
v 0.46493421379089356 0.57766230233764648 0.86181214079284663
v 0.61016278173828131 0.52498636956787104 0.81501994880676265
v 0.37567541612243655 0.50468564292907714 0.96264500389099128
v 0.48245178820800783 0.51796088262939466 0.90032163403320309
v 0.52366148292541514 0.50578042782592769 0.88979050791931158
v 0.63035666122436518 0.48898243975830075 0.83949870278930661
v 0.42645795336151127 0.4686612783508301 0.97927404929351813
v 0.52570997544860831 0.45995176397705079 0.94107184162902824
v 0.62705226296997063 0.45970079763793942 0.87848865939331056
v 0.65758571032060886 0.43424377326747354 0.89346674629865375
v -0.6129287544403077 0.53729181335449216 0.80377332772827148
v -0.51148023738098147 0.54812329227447509 0.86233351618194576
v -0.42060494110107421 0.56291288275146489 0.89726297218322748
v -0.44931675775146485 0.48549428457641602 0.95184659356689449
v -0.32116496099853509 0.54819733566284179 0.94673807778930663
v -0.17588450576782227 0.5459042771606446 0.98478714709472659
v -0.19734221086120607 0.57766230233764648 0.95919549072265631
v -0.05601297406005859 0.52498636956787104 1.016701581741333
v -0.33053301953125003 0.50468564102172853 0.97906375097656251
v -0.20867659182739257 0.51796088262939466 0.99995567752075187
v -0.17033877307128906 0.5057804278259278 1.0183774780426025
v -0.056278229858398449 0.48898243975830075 1.0484341471862793
v -0.30232024396514895 0.46866127755737308 1.0244447499771119
v -0.20173270118713379 0.45995176397705079 1.0589780528106689
v -0.083871938537597668 0.45970079672241204 1.0761782424621582
v -0.070109694863455641 0.43424375698852541 1.1072786305956162
v -0.98572684625244134 0.53729165164184578 0.22189814996337892
v -0.94565406717681877 0.54812509968566892 0.33197260942077633
v -0.90282659558105471 0.54879331807708742 0.43161780099487301
v -0.94789119577026371 0.49723424774169922 0.43175082781982421
v -0.84554481660461434 0.56064469581604004 0.51681502914428712
v -0.77655163952636719 0.54711600329589849 0.62941927563476563
v -0.69504482879638674 0.56806457708740232 0.69904456286621097
v -1.014875091343471 0.46461963889857705 0.35358604538399835
v -1.0251168984854562 0.4445100116795131 0.38916480513218477
v -0.90435127256774894 0.46210684110260009 0.58264803582000724
v -0.8620093870697022 0.51050637670898436 0.56135428215026861
v -0.95992850817871078 0.45863442953491207 0.49438308822631838
v -0.7949350509719848 0.50188689698028566 0.66548314970397948
v -0.69611744212341309 0.52519045828247068 0.74330373904418945
v -0.97536160107421876 0.50001279309082025 -0.36351589837646486
v -0.97378080027662006 0.44528091109248569 -0.50376816396658763
v -0.91923693553161623 0.49747086355590808 -0.49347329568481446
v -0.98300992431640632 0.56046796616363537 -0.12254129862213134
v -0.97390816007232672 0.54605690348052982 -0.23710881496429442
v -0.98762593234252938 0.51450166151428212 -0.28220986054992675
v -0.94465303369140619 0.53608982913208003 -0.36207264141845702
v -0.89958736105346682 0.54350491522216804 -0.44844156094360355
v -0.92793738931274405 0.56877036431884764 -0.33599459896850586
v -1.0153737009844097 0.46062275752912246 -0.36257809446498324
v -1.0677358807373047 0.4610745340118409 -0.13652268434143067
v -1.0212297485961912 0.50645110011291505 -0.14703438175964356
v -1.0305135741577149 0.47643645976257321 -0.25041678804016115
v -1.0105845415191652 0.52519082106018067 0.12210283966064453
v -0.49260586837768555 0.49009596069335931 -0.92705638728332518
v -0.42165198859623504 0.44526466854967389 -1.0115879025257655
v -0.65841023516845709 0.53561525024414058 -0.76305028324890134
v -0.56940189137268071 0.54790503900146481 -0.82265685896301255
v -0.59874885159301749 0.49352597750854482 -0.85508701747131344
v -0.50022154942321773 0.5439894378814697 -0.87108741442871085
v -0.40318047274780278 0.53146856228637696 -0.92977081030273445
v -0.87102485095214854 0.47849479229736325 -0.60181016424560541
v -0.80311439706420895 0.491532951675415 -0.66823494950866702
v -0.69704863793945315 0.4875053832702636 -0.78284516697692874
v -0.74713167620849619 0.45386243405151366 -0.78541839474487296
v -0.5556552282409668 0.45399673524475098 -0.93183210225677493
v 0.093154595230102527 0.54719940596008299 -0.99429415701293944
v -0.043699594345092768 0.54128604193115237 -1.000632391784668
v 0.10688762803649901 0.51412194122314459 -1.0192317566528319
v 0.31929059171840124 0.47359688991001669 -1.0156886405944823
v 0.21868000508553642 0.4867234260668073 -1.0282556972045898
v -0.31153248395211358 0.4721702558768136 -1.0185038937508719
v -0.18175626737976075 0.48120877655029293 -1.0379400410308837
v -0.30121157885742184 0.50226796377563476 -0.99099337814331045
v -0.038504187286376959 0.47271968194580077 -1.0611391413269042
v 0.058442912796020499 0.47539261663818355 -1.0581067958221435
v -0.081983003738403323 0.45452681106567383 -1.0791973107147217
v -0.067283211288452147 0.49375589227294919 -1.0386814403076172
v 0.18071143067278178 0.46055468291364399 -1.0612364782104491
v 0.71178699316406258 0.54727425155639653 -0.70192222045898434
v 0.61074242825317393 0.54137259001159665 -0.79455206922912602
v 0.73840601928710947 0.51424343360900882 -0.71201500581359867
v 0.89920122282191683 0.47363614402553011 -0.57273742851475307
v 0.83006876669747487 0.48681871332223076 -0.64702465679495669
v 0.44318813051714223 0.4691730562046596 -0.97082164189147946
v 0.40535920416259769 0.50544527893066404 -0.94929486407470709
v 0.54677988708496095 0.48764883163452144 -0.89256732934570304
v 0.65783147372436535 0.48174561628723139 -0.82225506234741208
v 0.64758555316162114 0.44976891213989256 -0.8743412868041992
v 0.61994537573242192 0.50465265524291991 -0.82382113717651362
v 0.82199255365862167 0.46069992591203962 -0.69652604833112453
v 0.99754575550842295 0.54322573924255368 -0.10816665861511229
v 1.0344521891937255 0.49770026840972903 -0.10745298731231689
v 1.0018711477050779 0.51444609039306632 -0.21427887127685546
v 1.0098817747039797 0.53653995494079587 0.032629480453491219
v 1.0358582931060791 0.4979318027038574 0.12263833815002441
v 1.0525278513750349 0.48682118013218467 0.037919617405482699
v 1.0684523463745119 0.46068460772705078 0.15456132513427737
v 0.94686008088684082 0.49111347772216801 -0.44624309773254395
v 1.0124135727451868 0.45689364424787249 -0.3790554837428502
v 0.9940977796325684 0.48764522946166999 -0.33228610629272459
v 1.0337318902130126 0.48174396089172367 -0.20697931941223147
v 1.0594310410461425 0.44983260623168941 -0.25328880471801757
v 0.68439093894958491 0.53725159786987309 0.74375519599914552
v 0.75972685959625252 0.54812002945709226 0.65405153371429448
v 0.80990937785339367 0.56291232589721685 0.57062459448242175
v 0.85867826617431642 0.48549414591979978 0.60837807815551748
v 0.87590012844848641 0.54819688409423839 0.48128646896362309
v 0.92126306562042237 0.56873414496612551 0.34743907846832278
v 0.97617285174560564 0.53926234317016597 0.2445901539916992
v 0.90610768811035158 0.50468493772888179 0.49612532168579104
v 0.94783860549926757 0.51795863119506835 0.37974839593505855
v 0.97262834701538081 0.50578005798339842 0.34519763294982908
v 1.0208116172790529 0.48660180606079106 0.25304072549438478
v 0.95570080126190193 0.46866110988616944 0.47621832476806641
v 1.0071751971282961 0.4599521333465576 0.38315757397460937
v 1.0756389311741421 0.43579526808602465 0.2623597040187291
v 1.1147087305733816 0.40661465606035507 0.26267000548008512
v 1.1344459160614015 0.36668924169921868 0.3821132454147339
v 0.90003322787475593 0.44812033459472655 0.61840340509033209
v 1.0082303014678955 0.42984932949829102 0.47383810359191891
v 1.0341791715240478 0.40177567605590819 0.50169176844787589
v 0.99611651182556149 0.38631479444885253 0.61165272691345218
v 0.99925038595581062 0.36437261468505855 0.65971823396301266
v 0.68553614095851356 0.40661923823220386 0.91789551718357643
v 0.039825232689993724 0.42889602972412111 1.1163425304761616
v 0.37303755386352544 0.38753250238037107 1.1064957262878417
v 0.29241208703613281 0.4481203400878907 1.0524140842285157
v 0.46821101147460936 0.42984933680725101 1.0112221573181155
v 0.4701770485839844 0.40177571760559083 1.0492413683776856
v 0.028035930236816411 0.37388265655517583 1.1885033715820312
v -0.064400841199602404 0.40661920245361333 1.1439584275523595
v -0.1069406480545044 0.3537152823135376 1.2092060812118528
v -0.68660573652866908 0.4288973577706473 0.88092308900015692
v -0.45201888317871097 0.44812029583740243 0.99431031967163086
v -0.29745143418884273 0.4038974082946778 1.108015935699463
v -0.9412690603866577 0.3228341269073487 0.82167823264312745
v -0.85262487090301509 0.36098552982330323 0.85074195741271974
v -1.0917579661756243 0.42889784487697058 0.23364034643990655
v -1.2487606818847659 0.32283390177917481 0.024561421871185304
v -1.1995369154739381 0.3609853419723511 0.10380484734344483
v -1.1434959069976807 0.40633539025878906 -0.019591537857055665
v -1.1312389964904783 0.40793568982696532 -0.14782409744262692
v -1.0449481564636229 0.4436867232055664 -0.33320374502563471
v -1.009026279281616 0.40615007099151612 -0.54214720012664785
v -1.0151172195783342 0.43096819855608259 -0.4562038168509347
v -0.90341536686706547 0.35214292085266113 -0.81079076715087894
v -0.86010697821044935 0.37437665389251706 -0.81464896926116948
v -0.81766315588378924 0.39698413424682621 -0.81523635305786135
v -0.77107053582763685 0.40843897583007815 -0.83939411508178718
v -0.5697944747009277 0.40519863381958005 -0.9927736409912109
v -0.67705886694335937 0.43693940478515625 -0.87253953567504894
v -0.42401648808288578 0.40616141923522953 -1.06374054322052
v -0.48390309551130029 0.43097327193777901 -1.0017938680158343
v -0.17043515382385255 0.35214664578247068 -1.2016438730926513
v -0.13483919309997561 0.37436254009246828 -1.1766978307647706
v -0.0024245760803222674 0.39277857847595216 -1.158965204788208
v -0.050980135223388671 0.40836484832763675 -1.138185271911621
v 0.042074029449462882 0.4368088459472656 -1.1028908540649414
v 0.14665721453857422 0.44361328555297852 -1.0855055234680178
v 0.45232674160766606 0.34482528297119136 -1.1363071224060057
v 0.63671339875793465 0.36832234906768802 -1.0084458016204834
v 0.72999793969726556 0.3653055644683838 -0.94583884436035159
v 0.83304542263793935 0.37192107189941409 -0.8452668737182617
v 0.65173209684753419 0.38832339282226563 -0.96616530108642584
v 0.76240726199340814 0.3678897553863526 -0.91515403164672859
v 0.61654347619628913 0.43940683203124997 -0.91136274871826173
v 0.81128717431640618 0.44377442764282227 -0.73694865075683591
v 1.1067023704833985 0.37531781677246095 -0.42370093844604489
v 1.1369227482757569 0.36831807984161374 -0.36301438236999511
v 1.1213748269653321 0.38841197338867184 -0.32095265377807619
v 1.1955666816902162 0.36048415020751956 -0.12447067570114136
v 0.94722111375427231 0.27752955340576174 0.86918051907348626
v 0.77422717751617431 0.29838735087432861 1.0098104741592409
v 0.67474866034698477 0.27723958764648438 1.0945420688095093
v 0.60959029924964903 0.2659292335624695 1.1359923031005859
v 0.16737446867370603 0.27752958674621586 1.2748479739837646
v -0.055541641918945311 0.29838716444244384 1.2713780318084718
v -0.18621089615631103 0.27723935192871096 1.2723426717453004
v -0.26276869210243226 0.26592906418418882 1.2622123351097105
v -1.0321915375595094 0.31287578828430179 0.72212176440429687
v -1.2544187814102172 0.3128748054351807 -0.1101476851196289
v -1.1708748959846498 0.25180269478607176 -0.54487742381668092
v -1.2223204909591674 0.26693242141723633 -0.40885254058837894
v -0.54624130477142341 0.25180269947052003 -1.1698677559013366
v -0.67308549583435062 0.26693227814483644 -1.0987343131103517
v 1.2727804152984619 0.27198329687118528 0.18712184716796876
v 1.219995478767395 0.27723940688323978 0.40492443699645997
v 1.196724709476471 0.26592920302009582 0.47855970436477668
v 1.0078317286968232 0.21422594107818602 0.80329394513511665
v 0.66254212953948977 0.21121854350280761 1.1085187800521852
v 0.2561555360107422 0.21422585816955564 1.2633361223659516
v -0.20454574400329592 0.21121847004699706 1.2752031227264404
v -0.60905445790100088 0.20148516407775879 1.1337440229797364
v -0.95984345095825196 0.20148479290771484 0.85709942504882808
v -1.194860128616333 0.20148486116027831 0.47716139410400393
v -1.2857567643737791 0.20148480221557619 0.039755851058959957
v 0.27179345024299623 0.21767497248268128 -1.2624950820846557
v 0.93844904280090335 0.16678438508605958 0.85184099524307255
v 0.59075046550750732 0.16678438054275513 1.1214741416244505
v 0.17180002597808838 0.16678440283966067 1.2559271508140566
v -0.26787038623046877 0.16678463023376466 1.2389808484954834
v -1.1369334795837402 0.15370766407775879 -0.54866813661193847
v -0.88482114328765871 0.16864270401382447 -0.90838368498611444
v -0.51780527592468262 0.15370766407775879 -1.1509558139801026
v -0.093454863224029544 0.16864274506759644 -1.2644588098945617
v 1.0023572732849122 0.14197061553955076 -0.77915192999267591
v 1.2691367311096191 0.14196965992736815 0.047593023475646971
v 1.1729589169120789 0.166784410282135 0.47954830946731564
v 0.94455264833068853 0.12551515238952637 0.86776049285888668
v 1.0551302816009522 0.086865175106048589 0.76163966077804557
v 1.1069965149917602 0.094453431869506832 0.68277658911132821
v 0.59104059385681151 0.12551484947204589 1.1385211623687743
v 0.73124510129165654 0.086865173423767095 1.076619428455353
v 0.80695609470367435 0.094453431869506832 1.0202514711761475
v 0.16624266175842284 0.12551515238952637 1.2720471026611326
v 0.31916371432113649 0.086865174785614022 1.2618300074081419
v 0.40958782550048822 0.094453397476196299 1.2347554993896483
v -0.27860487432861325 0.12551539042663573 1.2522297087097165
v -0.13141252437210083 0.086865479148864749 1.2949327340393064
v -0.037181775581359863 0.094453575042724613 1.300418612007141
v -0.69961811552047726 0.0776657654914856 1.1002593442802429
v -1.0334924614105225 0.077665340145111089 0.79465779817199711
v -1.2427110442428588 0.077665326976776111 0.39329659236526493
v -1.3020381010551452 0.077666105762481702 -0.055417395603179931
v -1.1193616502151489 0.1229083055343628 -0.62414467739868162
v -0.83814232392883303 0.1229083055343628 -0.96931075157165525
v -0.4558294344482422 0.1229083055343628 -1.1974788984375
v -0.018533798629760744 0.12290878634643557 -1.281130347114563
v 0.68138279589843753 0.12591643518066406 -1.0842051774749757
v 0.68279706240844729 0.089663187255859381 -1.1071697585144042
v 0.96027135209655778 0.11921910806274415 -0.85302163870239256
v 1.2193421885223388 0.12591619280242919 -0.39240956334686283
v 1.235185681793213 0.089663126892089856 -0.40909202465820316
v 1.2843816994018553 0.1192191047668457 -0.036046964477539058
v 1.2790035564575195 0.11959664261627198 0.1319972502593994
v 1.1841391315002441 0.12551515492248536 0.49242091894531248
v 1.2622624669876099 0.11435873850250244 0.26105598261260987
v 1.2517497768058778 0.086864624912261962 0.35488080953598022
v 1.0071115022125245 0.011178481269836425 0.80405762168121331
v 0.9785616478271485 -0.01663951657104492 0.76070455239868151
v 0.96840257287597664 -0.00071187725830078189 0.83124452972412111
v 0.67161442954254147 0.011178476760864257 1.1000559330139161
v 0.65961395257568367 -0.01663973760986328 1.0495528465270998
v 0.62594153576660161 -0.00071167547607421872 1.1123641772460937
v 0.25511349163055419 0.011178238525390623 1.263458995361328
v 0.26110981936645505 -0.01664002178955078 1.2118971068725586
v 0.20798518402099611 -0.00071211315917968745 1.2594043872680665
v -0.28391537627410884 0.076047424495697014 1.2743415005531309
v -0.34164810536193846 0.0001018309478759763 1.2345691882934569
v -0.19215711618041992 0.011178326957702637 1.2745563340301516
v -0.16888713418579102 -0.016639992797851562 1.2281549812011718
v -0.56725604566955568 0.079348052032470709 1.1746040804595947
v -0.59170417329406733 -0.0059834134216308578 1.1172116626434327
v -0.54823973550415039 -0.030423890563964835 1.0734332135314943
v -0.6410458271484375 -0.0062965404663085931 1.0890318716125489
v -0.64744142608642574 -0.019460064331054683 1.0495599973754881
v -0.93453928590393076 0.079348131820678708 0.90978875350952149
v -0.93788330212402338 -0.0059841357879638676 0.84749629615783695
v -0.88206581457519539 -0.030427007720947266 0.82122460281372078
v -0.97461176544189443 -0.0062966729431152332 0.80414044165039067
v -0.9671216623535156 -0.019460190246582028 0.76486190679931632
v -1.1891022966003417 0.079348131774902353 0.53532784382629395
v -1.1709398716125488 -0.0059841372680664064 0.47564839152526861
v -1.1095030424194334 -0.030427009094238282 0.4700518840026856
v -1.190624789428711 -0.006296687286376953 0.42234542022705079
v -1.1701523316650391 -0.019460233276367186 0.38799749359130858
v -1.2917941338653565 0.071386067550659182 -0.20691501222229003
v -1.3002408252563475 0.079348049011230479 0.096384306671142575
v -1.2627618071746827 -0.0059841408538818357 0.046515981201171869
v -1.2031160139465333 -0.030427094757080077 0.062269636047363276
v -1.263028746368408 -0.0062966083068847645 -0.010305301666259771
v -1.2320431526489255 -0.019460137268066405 -0.035579934448242187
v -1.18253481724205 0.058044374345397949 -0.55486892994041437
v -1.2570395650009156 0.005331600718688964 -0.26499043004455569
v -1.1453547979125975 -0.019883283325195313 -0.45462901959228519
v -1.1896104655303956 -0.0068484909057617187 -0.4235468861541748
v -1.1908395941467287 0.0045722468414306633 -0.48341725959777831
v -0.92119945559501648 0.058044375116729732 -0.92581920632171633
v -1.0903221208053588 0.0053262025741577174 -0.6788955309494018
v -1.0571779631958007 -0.022623861389160151 -0.64135032128906244
v -0.9205457540283204 -0.019883237792968748 -0.81890794458007821
v -0.97276250268554687 -0.0068484361572265628 -0.80483658117675783
v -0.95344143037414542 0.0045722621154785162 -0.8615168518676759
v -0.54875210994987489 0.058044374488830569 -1.1850167965595246
v -0.79212813749694821 0.005326481210327149 -1.0108271636581421
v -0.773824003540039 -0.022623499389648437 -0.96421006616210936
v -0.58470333996582025 -0.019883056762695313 -1.0843295681152343
v -0.63858355297851555 -0.0068481472473144542 -1.0889657460632325
v -0.60104204414367679 0.0045723306884765634 -1.1356198530731199
v -0.11011484311904907 0.058043756499481208 -1.3012020204963684
v -0.3983904802429199 0.0053262267684936523 -1.2207541727340696
v -0.39713431518554687 -0.022623747314453123 -1.1706881484375
v -0.17832351483154296 -0.019932682250976563 -1.2188849413452152
v -0.22737839598083495 -0.0068592427673339861 -1.2416672722930908
v -0.17614237161254881 0.0045545245666503888 -1.2726684819183349
v 0.043434004240417476 0.005135453327941894 -1.283401201675415
v 0.47999682994384762 0.0050898096099853511 -1.1911177852508543
v 0.85867714892120361 0.0050900798477172835 -0.95507588109283448
v 1.1337907585525513 0.0050900279357910128 -0.60375576049499513
v 1.2721555778396605 0.0050900473297119126 -0.17952882730255126
v 1.2635416891326905 -0.010499674133300781 -0.044991689529418941
v 1.2394855264282227 -0.023685372558593751 0.024280192565917968
v 1.2111176545898439 -0.033580999121093753 0.11212199501953127
v 1.2211362636032104 0.011174984603881836 0.41116276561737064
v 1.1794846478576662 -0.016683760742187498 0.38017904885864262
v 1.1940615432128905 -0.00071291998291015714 0.44994981097412112
v 0.65294072833251948 -0.099667717773437497 0.76845665350341785
v 0.71759972448730469 -0.07238547637939452 0.84464433264160155
v 0.65758666705322266 -0.088107667297363274 0.82419560667724601
v 0.82313134138488775 -0.043312066543579095 0.84779019611511219
v 0.7752919975280762 -0.040424150604248046 0.91168581856079101
v 0.38891939746093751 -0.09734224291992187 0.39982549523925781
v 0.40355521368408204 -0.10590489587402344 0.46121630505371092
v 0.54616024157714849 -0.11049160180664062 0.53197037524414059
v 0.58014888391113284 -0.10727765856933594 0.48490025616455079
v 0.53249041381835949 -0.11685133618164062 0.57332411682128903
v 0.5831316321411133 -0.11677528002929688 0.68490723883056637
v 0.54719526239013683 -0.11984656066894532 0.63453274670410154
v 0.68876870013427738 -0.09571610107421874 0.70274159710693362
v 0.73270156005859377 -0.087959701354980463 0.63961880157470707
v 0.86681306005859371 -0.039128753204345702 0.79887131442260739
v 0.91586006054687508 -0.037677542388916019 0.74101025375366203
v 0.41952358386230465 -0.094421342407226563 0.34618467840576173
v 0.47909567260742181 -0.10055682861328125 0.31546628149414069
v 0.53671928338623054 -0.10591205517578124 0.29542615802001954
v 0.551383044555664 -0.10999086499023436 0.38012837683105472
v 0.74485528210449226 -0.11398244653320314 0.49352381408691415
v 0.67323208251953126 -0.1195037802734375 0.42984815771484375
v 0.7309772463989257 -0.11984898291015625 0.40916317156982424
v 0.62723270593261726 -0.11363820092773438 0.44682021643066405
v 0.78555568267822273 -0.093415772705078129 0.582791231262207
v 0.83924847497558597 -0.098435175903320307 0.5479128647460938
v 0.96636099957275401 -0.04110495922851562 0.68301574380493157
v 0.89958013734130859 -0.088108194030761713 0.54963174852294916
v 0.93793682097167974 -0.066780137207031257 0.61135431361083981
v 1.0112654401977541 -0.038418401550292969 0.64425326249999992
v 1.0401104046447753 -0.040424345062255854 0.59158806282348619
v 0.35098017730712894 -0.099667625061035159 0.94546939099121086
v 0.38568194451904297 -0.072385323730468742 1.0391771147460938
v 0.33628207548828126 -0.088107648400878896 0.99943609477539064
v 0.48377286562499999 -0.043311680508422851 1.0782268207946777
v 0.41696527720947263 -0.040423989312744137 1.1219074838745118
v 0.228960373046875 -0.097342143188476546 0.50876857922363283
v 0.22171675207519531 -0.10590493927001954 0.57146295184326168
v 0.33152216674804691 -0.11049148669433592 0.68672360998535154
v 0.37955964465332026 -0.10727735968017578 0.65411679003906253
v 0.30453310302734382 -0.11685129919433593 0.72090817614746094
v 0.31395670520019536 -0.11677527099609375 0.84308248522949225
v 0.29741664440917975 -0.11984657635498047 0.78345495587158198
v 0.40712306347656252 -0.095715895141601559 0.89597102893066394
v 0.46999527856445311 -0.087959572753906257 0.85168074041748054
v 0.54155118664550783 -0.039128446533203125 1.0471979145812988
v 0.60742965368652335 -0.037677633300781242 1.0096011881408691
v 0.2760651766357422 -0.094420288757324222 0.46882989501953121
v 0.34255149975585941 -0.10055351831054686 0.46033902722167974
v 0.38836280798339839 -0.10998931005859375 0.54582481335449218
v 0.53138308312988281 -0.11398173925781251 0.71855260681152333
v 0.48585780371093745 -0.11950253833007812 0.63422050427246091
v 0.43682784533691399 -0.11363746362304687 0.63443658081054677
v 0.53909772369384756 -0.09341560144042968 0.81635713934326171
v 0.60148138720703126 -0.098434725463867195 0.80194588232421871
v 0.67472014431762695 -0.041105185058593743 0.97237625576782227
v 0.67251976495361332 -0.066780045898437487 0.89531473817138674
v 0.73017402380371088 -0.038418476867675778 0.95130947416992195
v 0.0066868670043945325 -0.099668362060546856 1.0085329479370118
v 0.0072460178833007862 -0.072385921142578108 1.1084583883666992
v -0.025582501147460936 -0.088108223364257804 1.054218090600586
v 0.086065661413574218 -0.04331236662597656 1.178702072583008
v 0.0083473789794921878 -0.040424398168945309 1.1968992677246093
v 0.041386702270507808 -0.097342783081054679 0.55643363757324216
v 0.013136979736328123 -0.1059055923461914 0.61286987548828131
v 0.076898924316406242 -0.1104923670654297 0.7587354140625
v 0.13319193774414062 -0.10727803997802735 0.74452433795166018
v 0.039845501098632816 -0.11685220080566405 0.78162782995605462
v 0.0069145475463867206 -0.11677609362792968 0.89965761578369152
v 0.011765828369140627 -0.11984742962646483 0.83796882910156256
v 0.07637348345947266 -0.095716790405273436 0.98122141668701179
v 0.15060255108642578 -0.08796033435058595 0.96110510998535159
v 0.15097217086791992 -0.039129163146972658 1.1693052614135742
v 0.22573681332397461 -0.037678081848144529 1.1565069398803711
v 0.099310926025390628 -0.094420798889160162 0.53501391302490242
v 0.16469198181152342 -0.10055376196289062 0.54977435058593749
v 0.17850266418457034 -0.10998964465332031 0.64577329602050781
v 0.25382149523925784 -0.11398195642089845 0.85700017468261724
v 0.23988503649902343 -0.11950274218750001 0.76218320141601559
v 0.19373785546875 -0.11363785534667969 0.74561733703613275
v 0.22761947882080077 -0.093415995666503909 0.95154545294189452
v 0.29117018408203127 -0.098434845336914073 0.95933924841308604
v 0.30170119152832031 -0.041105323730468747 1.1445409795837405
v 0.32599031635742187 -0.066780091528320304 1.071373898815918
v 0.36101619291992182 -0.038418469445800782 1.1437106435424806
v -0.32834816796874999 -0.096775934692382798 0.96438974707031244
v -0.37948930268554681 -0.070812685174560533 1.0459322649414062
v -0.38137865915527341 -0.086708702221679673 0.98934557265625001
v -0.3304296216552734 -0.044603145684814445 1.1330512600585938
v -0.38005431342773432 -0.035951862512207028 1.1456645646240233
v -0.41891227315063473 -0.037587765203857419 1.12855919440918
v -0.15084832434082029 -0.097337112304687501 0.5372632615966797
v -0.21322448193359378 -0.11340135314941407 0.65292411694335928
v -0.20934410003662107 -0.10328311358642578 0.55124267913818359
v -0.18686591174316405 -0.11048381555175782 0.73939447766113275
v -0.12923441027832031 -0.10727528759765625 0.74522007098388676
v -0.22917417028808595 -0.11683870727539064 0.74843170324707031
v -0.29089428637695314 -0.11490788220214844 0.86283193701171879
v -0.28784971661376957 -0.12073989837646484 0.76249215655517577
v -0.26349781237792969 -0.095704242736816394 0.94825616186523443
v -0.18695224102783201 -0.087956514648437498 0.95469174169921878
v -0.25781351803588864 -0.03912560375976562 1.1504619467773436
v -0.18318211410522464 -0.037677598876953114 1.164006715332031
v -0.089385102905273434 -0.094418787597656262 0.53677460772705077
v -0.033030967407226559 -0.10055390039062501 0.57298558862304683
v -0.052886817749023436 -0.10998977185058594 0.66791878759765622
v -0.054354229858398426 -0.11398250939941404 0.89216825781250009
v -0.035020880493164062 -0.11950337475585937 0.79830270434570316
v -0.072719104003906243 -0.11363793005371094 0.76695238305664049
v -0.11131227923583983 -0.093415966979980475 0.97204997412109373
v -0.0542599296875 -0.098435381225585927 1.0011098930664062
v -0.10770658282470702 -0.04110550155639648 1.1787444980468749
v -0.059857703198242185 -0.066780469689941405 1.1182975397705079
v -0.051684701953124995 -0.038418721594238273 1.1982516704345703
v -0.46362269934082034 -0.054002628387451158 1.0571670753173827
v -0.36384880816650389 -0.099637067810058585 0.94069679052734367
v -0.60520298760986324 -0.043761046752929682 0.98966145013427731
v -0.48095251300048825 -0.087952705444335935 0.84552042840576169
v -0.5395709092407226 -0.044605098999023436 1.0278894059448243
v -0.41876020501708977 -0.09568309698486327 0.89060566864013668
v -0.32597175274658202 -0.11675432049560547 0.83867640838623048
v -0.38816804449462888 -0.10727497283935547 0.64902517199707033
v -0.34071048474121096 -0.1104810128173828 0.68223733776855466
v -0.24780959515380857 -0.11305919488525391 0.62869648028564451
v -0.23602340917968748 -0.097336736328124993 0.50562009497070304
v -0.31456435327148435 -0.11683565161132814 0.7167052285156249
v -0.54082940832519522 -0.11398727758789062 0.71144733117675774
v -0.54958955548095689 -0.093432719360351552 0.80930446282958979
v -0.55552001403808593 -0.11984453228759764 0.62721771051025388
v -0.49418721276855471 -0.11950452233886719 0.62772280297851557
v -0.34858619421386716 -0.10055316271972656 0.4557554497070313
v -0.39552785754394537 -0.10998973095703125 0.54062690612792974
v -0.40959573352050782 -0.1059045053100586 0.4558228285522461
v -0.44516524414062503 -0.11363974914550781 0.62858996813964851
v -0.25238871374511718 -0.082423648559570323 0.37098360424804688
v -0.28225928900146485 -0.094418180969238291 0.46512078991699218
v -0.1697864505004883 -0.083418678894042961 0.41842909387207028
v -0.26728387150065103 -0.075411953043619806 0.29405339717610679
v -0.20765532051595051 -0.069329961751302085 0.29039180692545574
v -0.11765438505045572 -0.05582244901529948 0.2254416104329427
v -0.090995359375000001 -0.046903911499023426 0.12758781872558594
v -0.16571779654947916 -0.067876393595377615 0.30574628316243491
v -0.82311544934082037 -0.048105862304687497 0.82592912158203124
v -0.78325003540649418 -0.055588410528564447 0.84565428500976569
v -0.72671609399414061 -0.072319333190917962 0.83689937866210939
v -0.6629275536499023 -0.099656314941406227 0.75983728295898434
v -0.90694384606933576 -0.043761604919433594 0.72302232244873044
v -0.74088586535644529 -0.087956478210449218 0.63007126654052736
v -0.85834265856933611 -0.044608819519042962 0.78139279095458991
v -0.69777767065429686 -0.095695229797363265 0.69375952801513674
v -0.59212100329589834 -0.1167730864868164 0.67711125506591796
v -0.58648816564941408 -0.10727779901123047 0.4771625183105469
v -0.55312454760742191 -0.1104891876220703 0.52467730187988271
v -0.39414697851562497 -0.097341935302734384 0.39463151953124997
v -0.54000406884765628 -0.116848490234375 0.56620851293945307
v -0.75129880798339843 -0.11398732360839843 0.48360460375976566
v -0.79299922528076161 -0.093433066711425775 0.57256370861816408
v -0.73629557171630866 -0.11984454016113281 0.39943047741699222
v -0.67883409521484372 -0.11950458728027344 0.42088190722656249
v -0.48319736987304684 -0.10055361218261719 0.30908358251953127
v -0.55633576867675782 -0.10999015319824218 0.37278168041992188
v -0.54055098150634762 -0.10590468542480469 0.28828082678222655
v -0.63306469812011712 -0.11364016479492187 0.43846295874023444
v -0.36379856274414069 -0.08242471203613283 0.26233018652343748
v -0.42403718786621092 -0.094420278625488269 0.34058942602539061
v -0.33016121044921876 -0.074553652832031247 0.21080482965087891
v -0.27399091544596355 -0.067877869425455734 0.21381278267415366
v -0.20276745231119792 -0.055823383341471355 0.15309999934895832
v -0.12890095751953126 -0.046904271240234371 0.088809063354492193
v -0.2519935508626302 -0.069330525716145827 0.25278571048990883
v -1.0557167188720704 -0.048105862304687497 0.49463494152832033
v -1.0250016994384767 -0.055588413970947263 0.52680527462768556
v -0.96888262225341815 -0.072319338317871101 0.53791411523437493
v -0.88258423138427755 -0.099656314941406227 0.48731652630615241
v -1.0992936262207031 -0.043761680664062497 0.36926322027587888
v -0.91145879003906249 -0.087956572998046878 0.33871307257080074
v -1.0735872478027342 -0.044608826660156246 0.4407360877075196
v -0.89273292065429699 -0.095695237121582011 0.41330438244628909
v -0.78775385314941415 -0.11677308697509765 0.43379679516601566
v -0.71407446417236331 -0.10727807537841796 0.2478329960327148
v -0.6989738006591798 -0.11048927758789062 0.30389334252929689
v -0.50510534997558598 -0.097342172973632818 0.23606364672851562
v -0.70084903332519533 -0.11684852307128907 0.34740738354492184
v -0.87114951696777343 -0.11398787377929687 0.19751808129882814
v -0.94076078778076166 -0.093433394287109367 0.26684984948730467
v -0.82826195111083978 -0.11984516503906249 0.12355168182373047
v -0.78160252270507824 -0.119505208984375 0.16336240490722656
v -0.55952667675781254 -0.10055420947265624 0.1252179344482422
v -0.65004033654785165 -0.10999072680664061 0.16005980957031252
v -0.60630661773681638 -0.10590531005859374 0.086053629211425786
v -0.74460627355957043 -0.11364067846679687 0.19553721374511718
v -0.43133773010253906 -0.082425187866210919 0.12212084582519531
v -0.51470970574951169 -0.094420674621582032 0.17505770562744138
v -0.3821062548217774 -0.07455413311767578 0.085207458374023437
v -0.33035205338541673 -0.067878312662760426 0.10724532344563802
v -0.2426586850992839 -0.055823784708658855 0.074553971150716158
v -0.15125768981933596 -0.04690453479003906 0.039404674316406263
v -0.32301058492024737 -0.069331013631184907 0.15139126285807292
v -1.1609814335937498 -0.048106071044921872 0.10376621874999999
v -1.1431217549499513 -0.055588701013183583 0.14450156487426757
v -1.0941865564575193 -0.07231972814941405 0.17413427923583985
v -0.99578717382812498 -0.099656833618164048 0.156103921875
v -1.1590502982788085 -0.043761608093261711 -0.028949292968750005
v -0.97209478533935556 -0.08795664984130859 0.0065863659667968755
v -1.1593396115112304 -0.044608926208496089 0.047005651855468747
v -0.98001013201904297 -0.0956956216430664 0.083084144104003915
v -0.88837091058349604 -0.11677369073486328 0.13824571661376955
v -0.75553127593994152 -0.10727817590332031 -0.011303633239746093
v -0.76051528796386725 -0.11048969921875 0.046540763061523438
v -0.55513923461914072 -0.097342706420898428 0.0491085712890625
v -0.77716014843750003 -0.11684909802246093 0.086789323974609381
v -0.88592569104003904 -0.11398862683105468 -0.1123077762451172
v -0.97505080755615237 -0.093433355041503893 -0.070965196960449214
v -0.82032991809082034 -0.11984868115234375 -0.16714634838867187
v -0.79009685559082032 -0.11950581433105467 -0.11377665832519532
v -0.56836656799316398 -0.10055416931152344 -0.073665811645507812
v -0.66533830383300785 -0.10999063024902342 -0.071882661010742199
v -0.59893047546386724 -0.10590543603515626 -0.12646818579101565
v -0.76633536206054687 -0.11364058813476562 -0.070888300781249997
v -0.44684924255371095 -0.08242538427734375 -0.032732824340820317
v -0.5432989120483398 -0.094420926147460948 -0.011503281311035155
v -0.38796155529785159 -0.074554276428222654 -0.050581958312988284
v -0.34686601346842449 -0.067878578898111983 -0.01217204825846354
v -0.25327990604654949 -0.055823987711588537 -0.012898753214518225
v -0.15536889453125002 -0.046904648803710931 -0.014666693969726554
v -0.35506620467122402 -0.069331420369466143 0.031822574747721356
v -1.1414738818237304 -0.041483141210937491 -0.30875683800048825
v -1.1233853867858885 -0.055622318554687494 -0.25514910645141597
v -1.087525737854004 -0.072330571655273443 -0.21056845257568357
v -0.98889156188964855 -0.099665166259765625 -0.19385614306640625
v -1.0949175312194823 -0.038282073547363279 -0.43295874520874023
v -0.91549234515380862 -0.087972595336914067 -0.32625226483154302
v -1.1052984745483396 -0.044789087524414059 -0.35226455780029298
v -0.94909957684326174 -0.095712683959960937 -0.25707788494873046
v -0.88184129266357414 -0.11677855798339842 -0.17389753167724609
v -0.70585930316162104 -0.10727995312499999 -0.2689929045410156
v -0.73032873266601561 -0.11049283593750001 -0.21634214111328126
v -0.53821263073730474 -0.09734272680664062 -0.14368490539550782
v -0.759736010131836 -0.11685238305664063 -0.1842137540283203
v -0.79384223632812501 -0.1139889249267578 -0.40850236718750005
v -0.89173523315429692 -0.093439593933105469 -0.400135119140625
v -0.7134469564208985 -0.11984902764892578 -0.43759863055419923
v -0.70329037768554681 -0.1195060791015625 -0.37710734436035165
v -0.50865091528320305 -0.10055427905273437 -0.26357926501464846
v -0.60038441748046867 -0.10999087634277344 -0.29507004223632816
v -0.51931230236816406 -0.10590555633544922 -0.32365061700439457
v -0.69563088452148436 -0.11364111584472655 -0.32867878234863279
v -0.40846186071777346 -0.08242538427734375 -0.18355332934570312
v -0.50635581500244142 -0.094420991210937499 -0.19659191918945312
v -0.34702086077880856 -0.074554222961425776 -0.18018516217041017
v -0.32154062833658853 -0.067878563761393229 -0.1300360654703776
v -0.23334987015787761 -0.055823962076822914 -0.098710263102213536
v -0.14073866687011721 -0.046904660034179681 -0.066883303100585934
v -0.344293370320638 -0.069331466512044276 -0.091499204305013029
v -0.96678858662109368 -0.041483188244628898 -0.680505853125
v -0.96812526687011724 -0.055622360894775388 -0.62394442182617182
v -0.94967558477783198 -0.072330550842285138 -0.56978757714843753
v -0.86270746246337882 -0.09966539770507811 -0.52034891650390624
v -0.88056192590332039 -0.038282011962890619 -0.7812940217285157
v -0.74845331542968752 -0.087972603515624997 -0.61965602099609374
v -0.91791539868164063 -0.044789142089843748 -0.70901692626953128
v -0.80369272241210932 -0.095712979125976566 -0.56614806958007813
v -0.76893958972167975 -0.11677889245605468 -0.46498074926757815
v -0.57104653216552725 -0.10727974206542969 -0.49415123858642579
v -0.61204785815429685 -0.11049295471191406 -0.45304504431152343
v -0.45636782275390625 -0.097342677368164071 -0.31906215002441407
v -0.65067009960937505 -0.11685266979980469 -0.43291232263183593
v -0.60600801696777351 -0.11398835668945312 -0.65533879833984376
v -0.70085926507568352 -0.093439271850585925 -0.68095755541992187
v -0.52050959301757815 -0.11984834344482422 -0.65518352331542973
v -0.53165492346191412 -0.11950544323730468 -0.59486662817382818
v -0.38758290490722658 -0.10055371252441406 -0.42161475170898433
v -0.46301362438964844 -0.10999031396484374 -0.48258103808593744
v -0.3770556735839844 -0.10590499053955078 -0.48170968176269535
v -0.54102106640624992 -0.11364060754394531 -0.54673906811523443
v -0.32080644738769531 -0.082424963378906257 -0.31214850598144528
v -0.40833714996337889 -0.094420648071289082 -0.3578825065307617
v -0.26422282507324218 -0.074553889831542972 -0.28796937609863282
v -0.25743107425944012 -0.067878289103190104 -0.23212999418131508
v -0.18527276542154947 -0.055824013102213535 -0.17253000858561196
v -0.10913178710937499 -0.046905566040039058 -0.11094651318359373
v -0.29199184944661455 -0.069331285359700512 -0.20369924348958332
v -0.67549348907470708 -0.041482561999511718 -0.97008938403320299
v -0.69609476419067384 -0.055621770574951164 -0.9173961104736329
v -0.69728048352050775 -0.072329989135742179 -0.86019517797851563
v -0.63246613995361334 -0.099664740173339844 -0.78399329174804699
v -0.55999562347412102 -0.038281802856445307 -1.0353087130126952
v -0.49113767224121091 -0.087972318847656245 -0.8382345817871093
v -0.61981637976074211 -0.044788610595703118 -0.98016561840820304
v -0.56134622760009767 -0.095712358886718751 -0.8068462725830079
v -0.56329027337646487 -0.11677820275878906 -0.69989384240722663
v -0.36735538159179687 -0.10727971307373046 -0.65962213171386708
v -0.4199428940429687 -0.11049253454589844 -0.63501801049804674
v -0.31947667687988279 -0.097342285522460922 -0.45586974902343752
v -0.46312158605957032 -0.11685206066894531 -0.62930894384765623
v -0.34507954284667969 -0.11398877026367187 -0.82304694885253904
v -0.42544801470947269 -0.093439296386718745 -0.87956148016357416
v -0.26479074804687497 -0.11985042431640623 -0.79365922979736325
v -0.29589331140136721 -0.11950635083007811 -0.74079148486328128
v -0.21976542224121093 -0.10055681762695311 -0.52871121606445304
v -0.26979534509277348 -0.10999160229492186 -0.61180036511230473
v -0.18931962353515625 -0.10591200390625001 -0.58158050653076176
v -0.32115493725585942 -0.11364106787109374 -0.69876951135253906
v -0.19445557446289063 -0.082427952514648434 -0.40300732543945317
v -0.26106544604492188 -0.094421367004394532 -0.47592139465332028
v -0.11967193001302084 -0.071284661336263017 -0.34796723421223957
v -0.1622700526529948 -0.067881852091471351 -0.30613835782877596
v -0.11484764225260419 -0.055829387980143225 -0.22545188151041665
v -0.044551183675130217 -0.046649518758138012 -0.14339361092122394
v -0.20447029890950522 -0.069332009114583329 -0.29124391023763019
v -0.30272316988525388 -0.041483871887207029 -1.1425826692260741
v -0.34010429915161128 -0.055622535675048823 -1.1001127383239746
v -0.36078248840332028 -0.07233045764160155 -1.0467666335449217
v -0.32593975213623044 -0.099665558776855456 -0.95299241436767579
v -0.17186487124633787 -0.03836052978515625 -1.1643712473449708
v -0.17456475567626953 -0.088050286865234376 -0.95562929205322267
v -0.24695571319580079 -0.0447984716796875 -1.1330094751586914
v -0.25129191223144531 -0.095719012573242182 -0.95014355688476559
v -0.28969956030273436 -0.11677957128906248 -0.85030517590332033
v -0.1193082230834961 -0.10754862371826174 -0.74547219372558593
v -0.17718186230468752 -0.110518943359375 -0.74031282092285156
v -0.14404986621093752 -0.097360570800781254 -0.53760270031738289
v -0.21971289453124998 -0.11685883349609374 -0.74971673571777342
v -0.042131663574218749 -0.116595453125 -0.89179009765625006
v -0.098612927978515619 -0.093981369262695305 -0.97204850390625008
v 0.024326726623535154 -0.13064025250244138 -0.83813636517333978
v -0.023762691284179686 -0.12433415710449217 -0.79805754577636723
v -0.024934844848632818 -0.10434749914550782 -0.57256857531738281
v -0.04362228540039062 -0.11297634350585936 -0.66761426147460945
v 0.022637726989746091 -0.1164415355834961 -0.61300289605712877
v -0.062266225952148445 -0.11557211901855467 -0.76672017565917971
v -0.044490803344726569 -0.083657398559570301 -0.44535861279296873
v -0.082220051818847659 -0.095051137512207035 -0.5365574854736328
v 0.021492422790527342 -0.078542781555175772 -0.39075237536621094
v -0.026981035237630215 -0.070355827229817702 -0.35483533772786457
v -0.054329961954752606 -0.055882783487955723 -0.24705720279947918
v 0.013893306518554688 -0.047049722290039057 -0.15481604101562502
v -0.069150819376627606 -0.068033129191080732 -0.33946460758463542
v 0.05182748787434896 -0.071657783121744784 -0.34320496879069007
v 0.12520560616048176 -0.081411078165690084 -0.3770177062174479
v 0.096673480265299483 -0.073729271931966128 -0.34318343562825515
v 0.11173778259277344 -0.091389329711914061 -0.43499125793457027
v 0.033825552205403647 -0.056991942667643215 -0.25087133353678387
v 0.057623445475260417 -0.047698023763020833 -0.15436953572591144
v 0.020022745422363278 -0.12542065002441405 -0.89951075689697257
v 0.052443455566406248 -0.13383865319824217 -0.78251363061523427
v 0.14662993756103518 -0.13504074688720702 -0.74604616693115233
v 0.090103770629882812 -0.1346993331298828 -0.76039949499511705
v 0.050417095947265622 -0.11016868713378906 -0.55659785742187495
v 0.1083579340209961 -0.10958853045654297 -0.53477786285400386
v 0.17399406311035154 -0.11521921557617186 -0.54839004602050778
v 0.20655737524414064 -0.13632216650390627 -0.74533242504882824
v 0.28139833386230473 -0.13598099829101562 -0.79750676501464857
v 0.25241848645019532 -0.1374044499511719 -0.76027219006347657
v 0.26736650500488279 -0.13090383422851565 -0.85485810510253912
v 0.18963194104003905 -0.12935641040039064 -0.64505852746582037
v 0.22958159790039062 -0.12279011413574219 -0.57669180639648443
v 0.091318605651855456 -0.11267505493164059 -0.98167458990478518
v 0.16368902468872071 -0.049975617126464839 -1.1683401377868652
v 0.16660804595947265 -0.11555152844238281 -0.96245242327880864
v 0.23619009048461914 -0.050439995056152348 -1.1554642548522949
v 0.24260698248291018 -0.11453022631835938 -0.95069607220458985
v 0.29392080195617676 -0.046954118270874028 -1.1491169372406005
v 0.30500266699218753 -0.10972106701660156 -0.95583743347167971
v 0.37146491203613285 -0.051892540319824224 -1.1113493465454103
v 0.34269150042724611 -0.084441649658203138 -1.030356114135742
v 0.19985711462402345 -0.091460578613281246 -0.40225925439453125
v 0.15132319803873701 -0.073763847493489576 -0.32288036909993489
v 0.23947555108642579 -0.080380827026367188 -0.31015797369384768
v 0.18533518489583337 -0.072096269938151047 -0.29368505790201826
v 0.13866724141438805 -0.057220650797526043 -0.2119565038248698
v 0.091037379516601569 -0.047122141357421869 -0.12615987438964843
v 0.3272131427001953 -0.1306315933227539 -0.8392656119384766
v 0.30567345825195313 -0.13740700671386721 -0.74048832934570319
v 0.37652789959716798 -0.13514438903808595 -0.66063676147460937
v 0.33065741748046873 -0.13633474975585938 -0.69922819384765622
v 0.27800768823242183 -0.12936623474121095 -0.61222450366210923
v 0.22673706567382812 -0.11522579528808594 -0.52879339965820304
v 0.26758599298095703 -0.10985097961425781 -0.47566213110351563
v 0.32588638317871088 -0.11228086706542968 -0.45469494067382821
v 0.42881048376464848 -0.13569846520996093 -0.63472970251464833
v 0.52982271746826171 -0.13615747772216796 -0.65148924530029295
v 0.47198361926269539 -0.13699873107910157 -0.6272783486328124
v 0.54386284350585945 -0.13090642846679687 -0.71182021008300778
v 0.38404683038330079 -0.12173073077392577 -0.47988368243408203
v 0.43716902001953128 -0.11453637652587892 -0.8784670888671875
v 0.5619208509216308 -0.050232002746582037 -1.0372018283691404
v 0.50243229437255854 -0.11566079113769531 -0.83774341674804687
v 0.62397759002685549 -0.057637050415039061 -0.98012327294921875
v 0.57210971008300793 -0.11351314099121095 -0.80322008612060547
v 0.6885665259094238 -0.059707636413574211 -0.92557658850097657
v 0.63869655102539058 -0.10556109204101563 -0.79397876049804683
v 0.74880239277343741 -0.037352569433593753 -0.94542012773437489
v 0.70151929006347646 -0.073521693554687517 -0.86866817709960942
v 0.32562761047363287 -0.091463427001953104 -0.3096059522705078
v 0.2528712762858073 -0.073769314778645831 -0.25161249934895835
v 0.32356842154947918 -0.076072949788411448 -0.1777234619954427
v 0.27484712618001306 -0.072098225992838536 -0.21254700248209635
v 0.38863913122558597 -0.094124739013671868 -0.25243721228027344
v 0.20304106221516927 -0.057223181070963539 -0.15170795926920572
v 0.12894035546874999 -0.047123827636718747 -0.087375162597656236
v 0.5407432828369142 -0.13740725073242188 -0.59124607873535162
v 0.58001420404052739 -0.13514400427246093 -0.49197740106201177
v 0.55010890979003912 -0.1363345975341797 -0.54392951599121098
v 0.47087738403320317 -0.12936705651855471 -0.48017999609375006
v 0.39416357263183599 -0.11522850390625 -0.41931542663574217
v 0.41437735894775396 -0.10985166467285155 -0.35541845977783204
v 0.46199070581054691 -0.11228081372070312 -0.31577664721679688
v 0.62028308374023444 -0.13569812805175782 -0.44975165759277341
v 0.72093564685058587 -0.13615739556884765 -0.43095285711669923
v 0.65830405395507818 -0.13699852587890626 -0.42798396826171869
v 0.75476333789062511 -0.13090623522949218 -0.48284316027832036
v 0.58233717211914071 -0.13043567718505861 -0.34665161187744137
v 0.51185951232910165 -0.11801891900634766 -0.29569566766357419
v 0.71150012805175789 -0.11453562591552735 -0.67592954418945328
v 0.88301860406494137 -0.050231398284912111 -0.78242360180664061
v 0.75889939343261736 -0.11566017205810547 -0.6153411481933595
v 0.92181094543457032 -0.057636757019042965 -0.70756321289062507
v 0.81256711535644544 -0.11351285089111329 -0.55906947723388678
v 0.96384892059326166 -0.059707602172851565 -0.63421614736938481
v 0.87197768811035159 -0.10556102563476563 -0.52761190136718761
v 1.0272392158813477 -0.03735263093261719 -0.63226127189941406
v 0.95655698242187503 -0.073521677636718769 -0.57631013352050786
v 0.3999555328369141 -0.091903997863769529 -0.2105739579467773
v 0.3238317959798177 -0.072096239542643215 -0.12638931156412758
v 0.39447273311360681 -0.081410835001627602 -0.051759171671549489
v 0.34616358951822923 -0.073763747151692705 -0.087524684895833343
v 0.43320775756835939 -0.091460490112304671 -0.12038549084472655
v 0.23482766023763019 -0.057220613077799472 -0.095800368937174474
v 0.15129528002929687 -0.047117940307617186 -0.037966280151367181
v 0.71059339575195302 -0.13740737512207032 -0.37060796362304688
v 0.71354442517089833 -0.13514430206298828 -0.26389429449462892
v 0.70321111157226557 -0.13633486096191411 -0.32294170373535153
v 0.61272190136718752 -0.13154689721679685 -0.31506520837402341
v 0.50825120825195313 -0.11228087072753906 -0.23440942431640621
v 0.51796479577636723 -0.10985091070556641 -0.17321954473876952
v 0.56253504345703131 -0.11522555419921876 -0.12316942883300781
v 0.73694297607421877 -0.13569813195800781 -0.21044208825683594
v 0.82509612963867185 -0.13615657379150392 -0.15835173309326173
v 0.7652261596679687 -0.13699806323242186 -0.17698313684082032
v 0.87463134423828115 -0.13090602404785157 -0.19554294750976561
v 0.65407081884765628 -0.12936584411621094 -0.15796229443359378
v 0.61012213867187515 -0.12278976635742186 -0.11702153991699218
v 0.90001611511230462 -0.11453594555664062 -0.39178209356689447
v 1.0976143064270019 -0.050231591583251953 -0.43319083090209959
v 0.92383472686767565 -0.11566058062744142 -0.31863601336669922
v 1.1084637241821289 -0.057636958068847659 -0.34957740545654298
v 0.95502014306640604 -0.11351299261474611 -0.24740231689453124
v 1.1228804888610839 -0.059707658172607425 -0.26627572030639646
v 0.98604272094726553 -0.10982064208984375 -0.1855713434448242
v 1.0902956886596677 -0.076549808410644543 -0.19923830999755859
v 0.44891240270996102 -0.091388938476562501 -0.027704867431640627
v 0.35590660428873699 -0.073728996785481782 -0.030045508260091149
v 0.34755524397786464 -0.071657380655924474 0.014015790486653645
v 0.25348445381673179 -0.056991666666666663 0.014462947102864582
v 0.89045362475585921 -0.13090387036132811 -0.10221008703613281
v 0.79473873022460939 -0.13740408630371098 -0.10518344409179686
v 0.76101200164794913 -0.13504002258300782 -0.0039116033935546867
v 0.77149987890625005 -0.13632184338378908 -0.062918203979492188
v 0.66982854956054694 -0.12935596142578126 -0.065010846557617186
v 0.57194011206054696 -0.11521881555175782 -0.067695355468749996
v 0.54631332452392578 -0.10958794567871094 -0.0057549561767578136
v 0.55693243737792963 -0.11016792736816405 0.055240493896484368
v 0.76455866748046875 -0.13469812756347657 0.05430008447265626
v 0.82864632104492197 -0.13063738995361329 0.13343305004882813
v 0.77925231823730479 -0.13383699792480469 0.095426638427734384
v 0.88813625762939452 -0.12541657214355467 0.14911926086425784
v 0.60715933764648433 -0.1164406637573242 0.093061809814453125
v 0.97997955700683592 -0.11452341870117189 -0.060296904968261719
v 1.1620529785766602 -0.057776533569335937 -0.025426344055175781
v 0.97734474249267578 -0.11555152307128906 0.016559645446777342
v 1.1791697199401856 -0.05001687274169922 0.053875993804931646
v 0.9821775056762696 -0.11268172509765624 0.094114562499999999
v 1.1430658966308598 -0.061826556628417968 0.11415280103759766
v 0.99469184765624996 -0.10506253765869139 0.16855840985107423
v 1.1846691184326175 -0.042779009265136725 0.14981509425048828
v 1.1796030301269531 -0.041210665509033205 0.200108133013916
v 1.092665181152344 -0.075003770996093733 0.1856383839111328
v 1.0334698577636718 -0.09037259425048827 0.2085732172729492
v 0.87615051184082038 -0.099668792297363279 0.49884342669677728
v 0.96296786236572274 -0.072386049438476555 0.54832167687988287
v 1.0632109392303466 -0.043312912429809572 0.51518396866760252
v 0.50196615991210936 -0.097360494018554677 0.24274188916015627
v 0.69492499377441408 -0.11051806054687499 0.31313575427246093
v 0.71079686340332038 -0.10754622271728514 0.25724248004150385
v 0.6962238486328125 -0.11685834948730468 0.35667471020507813
v 0.78197572198486331 -0.11677699493408203 0.44420877984619145
v 0.8873419817504884 -0.095722830505371101 0.4248369301147461
v 0.90704128631591807 -0.088037439697265629 0.35047841754150388
v 1.0875272995910645 -0.039135542358398445 0.45427395907592777
v 1.1138318375549316 -0.037745155639648441 0.38311232955932623
v 0.51248222644042973 -0.095050714782714846 0.18180397454833983
v 0.55855464843749991 -0.10434674609374998 0.13224903063964843
v 0.6484393518066407 -0.11297478381347656 0.16835209118652342
v 0.86894491772460936 -0.11658802478027343 0.20873815417480468
v 0.78029407666015627 -0.12433044165039063 0.17319404284667972
v 0.74231949340820313 -0.11556843176269531 0.20516999780273437
v 0.93733846740722659 -0.093957161437988282 0.27892269598388675
v 0.97609289868164062 -0.10022754431152343 0.22763791430664065
v 1.1414653450317382 -0.041308547973632814 0.31131140670776375
v 1.0903314861083984 -0.067499114794921877 0.25361889552001959
v 1.170413039038086 -0.038694076916503908 0.25951465080566405
v 0.095452041992187514 -0.044035970703124996 0.0013483300781250056
v 0.072723028320312494 -0.044016927734374996 0.062552769531249997
v 0.19140913899739581 -0.050665839274088541 0.071864948811848961
v 0.2120103564046224 -0.052044823404947912 0.021528796223958337
v 0.1740884178059896 -0.051567975504557287 0.12338233711751302
v 0.39586950732421877 -0.078615588623046864 0.10236725903320312
v 0.368023744140625 -0.074633317382812508 0.1380088876953125
v 0.31015097680664067 -0.065071974365234375 0.062672890380859367
v 0.28025802962239588 -0.06158054044596354 0.10504514217122396
v 0.36558316748046876 -0.077007721435546878 0.18297048364257812
v 1.1222148457031249 -0.071065965820312493 -0.090401174804687484
v 1.03829401953125 -0.098368259765625021 -0.10949369335937498
v 0.95733280078125005 -0.1189281328125 -0.13279337304687497
v 1.0083769062500001 -0.053903627050781264 -0.58703199916992199
v 1.0192243105468748 -0.069158574218750019 -0.48804266015624997
v 0.85090401416015626 -0.11556325585937502 -0.48848927587890634
v 0.74654689975585931 -0.053903606738281262 -0.89646686269531251
v 0.790596119140625 -0.069158464843750017 -0.80715669726562522
v 0.63227445068359378 -0.11556326953125001 -0.75000763378906266
v 0.46661273046875007 -0.069159197265625 -1.028833322265625
v 0.43808289443359377 -0.062147807421875007 -1.0595190145507813
v 0.41020346289062504 -0.0949667236328125 -0.97142211425781255
v 0.030725175195312489 -0.05635700117187499 -1.1585751118164063
v 0.086449396679687485 -0.068248537207031251 -1.1274161174316406
v 0.090684420288085932 -0.099334322998046856 -1.0332350936279295
v 0.0342724064453125 -0.088343919531249995 -1.0686652497558593
v 0.034746916015624997 -0.11594312597656248 -0.96470199023437486
v -0.059629591796874992 -0.088363468750000007 -1.0395973046875002
v -0.09676525683593748 -0.061642437499999994 -1.1187857343749998
v -0.4119671640625 -0.087344603515624994 -0.95627589257812495
v -0.47388025390624999 -0.061313059570312502 -1.0181194697265625
v -0.71442899609374999 -0.087344488281249993 -0.75765602343750005
v -0.79376033593750006 -0.061313080078125005 -0.79459442968750005
v -0.93071925976562508 -0.087344914062499987 -0.46756705078125005
v -1.0178998955078127 -0.061313332031249994 -0.47514493554687498
v -1.0347516621093749 -0.087338210937499994 -0.120998265625
v -1.1192725263671874 -0.061263443359375003 -0.098317271484374996
v -1.1951741873779298 -0.033456794799804686 -0.054963992431640615
v -1.0139724941406252 -0.087337382812499989 0.24025322460937501
v -1.0856399501953125 -0.061263466796874999 0.2904741806640625
v -1.1421366247558595 -0.033456924072265623 0.35717262365722657
v -0.87089214257812497 -0.087336976562500002 0.57261085546875001
v -0.92106094628906243 -0.061263218749999994 0.64431490624999999
v -0.95133825683593742 -0.033456833862304684 0.72631403112792969
v -0.62276853710937496 -0.087336970703125003 0.83598933789062491
v -0.64538772558593749 -0.0612631943359375 0.92052824316406245
v -0.64579396618652352 -0.033456711181640619 1.0079382943115234
v 0.015963530273437498 -0.044012378906249996 0.094824324218750006
v -0.048262229492187503 -0.044012129882812501 0.083059929687500006
v -0.057293949869791659 -0.051559051432291669 0.20582396577962236
v -0.031559948242187497 -0.076975624999999992 0.40795041625976564
v -0.071283154296874998 -0.074295109375000001 0.38696096191406248
v 0.0026137937011718728 -0.063748403808593743 0.31677068017578125
v -0.054063652506510421 -0.06138563834635416 0.29481483113606766
v -0.11573775097656248 -0.076973355468750004 0.39253194165039063
v 0.054514136067708323 -0.051559819376627604 0.20657803096516925
v 0.065066056640624995 -0.074296612304687482 0.38804117871093757
v 0.11055628784179686 -0.063748602783203129 0.29682052856445312
v 0.049756591634114576 -0.061386625895182297 0.29556767732747397
v 0.12163779231770831 -0.051560623087565108 0.17552261360677082
v 0.19361802148437499 -0.074296334960937488 0.34243332812500005
v 0.20516517163085934 -0.063749333007812492 0.24115575512695314
v 0.14760400960286457 -0.06138661466471354 0.26077281136067709
v 0.16290437158203125 -0.076975925537109385 0.37531627392578121
v 0.33690281005859374 -0.076981312011718733 0.2316759890136719
v 0.298817703125 -0.074298507812499998 0.25560918457031251
v 0.22764826057942705 -0.061390177897135412 0.19461086043294268
v 0.28120358544921875 -0.07697637646484376 0.29701374291992189
v 0.75993913763427734 0.50749197106933597 0.70373535614013671
v 0.95020500292968746 0.6090215822753906 0.15029956762695312
v 0.98604290698242192 0.55186393750000007 0.15649334350585939
v 0.42436659808349608 0.57616503308105471 -0.88179249005126958
v 0.86623834881591799 0.53546342626953125 -0.51972468951416029
v -0.82339086596679678 0.58776244006347655 -0.51904388220214837
v -0.85601257641601558 0.53160546777343742 -0.54078910717773443
v -0.98879636712646479 0.50750269866943365 0.30731768872070314
v -0.56037380090332023 0.50749719598388676 0.87117368695068353
v 0.13025478729248047 0.50749197949218749 1.027727383666992
v 0.72101445666503916 0.58611248706054697 0.65799930444335941
v -0.90100503100585938 0.80855502197265627 0.12687493701171876
v -0.52208994384765617 0.58611496569824229 0.82489322204589843
v 0.12983522033691408 0.58611250646972657 0.9676706004638671
v 0.28438474658203128 0.83047994915771484 0.8648859279785156
v 0.53427831093052458 0.92204967232840396 0.76703125057547439
v -0.82860999194335938 0.86052262036132809 0.38598856787109381
v -0.72661058087158203 0.90193200787353511 0.57534765924072251
v -0.82489609033203137 0.81481169628906247 0.3816162041015625
v -0.8938364447021484 0.85436880224609379 -0.18515952124023441
v -0.83064137200927735 0.87473258947753907 -0.39179134497070311
v -0.43352075805664064 0.88670083489990237 -0.8119972805786132
v 0.6486168878173828 0.8696946909179688 -0.64475674414062489
v 0.88282169213867201 0.84863267565917966 -0.23353963342285156
v 0.77333759735107421 0.83047984985351564 0.47991814685058587
v -0.92969452099609373 0.58611467260742178 0.29649358984374996
v -0.84034996752929692 0.62934591748046864 0.4410564604492187
v -0.92985373437500007 0.64341348193359371 -0.14668692443847656
v -0.4414386454467773 0.6213588783569336 -0.84511320043945315
v -0.7776225849609375 0.61990025146484373 -0.55332499877929686
v 0.93061762878417964 0.65088285290527337 -0.12162478521728515
v 0.85350837768554677 0.69128596289062494 0.35230724707031247
v 0.87682906591796872 0.63343986083984383 0.35865719482421876
v -0.92754514624023443 0.49588640869140627 0.47578562792968754
v -0.82750407971191409 0.55217065539550791 0.55498419812011723
v -1.0222237025146486 0.51806282305908202 0.016141192810058599
v -0.45439834106445309 0.57947443310546876 -0.8663766082763672
v -0.76649106762695318 0.49800867529296877 -0.70053745251464838
v 0.050174178894042978 0.55009788568115225 -0.99484720422363271
v 0.055457523315429677 0.5140606450195313 -1.0222873972167967
v 0.67700695471191397 0.55350137841796876 -0.72851882727050776
v 0.70026356591796879 0.51441843695068357 -0.7480277548217773
v 0.40274605622209825 0.4699407482212612 -0.98810115405273446
v 0.99550123974609384 0.55543454760742184 -0.012068387451171874
v 1.0297637543945313 0.49790355371093747 0.16488955053710935
v 0.92670936572265639 0.49191169653320316 -0.48645669873046876
v 1.0430716720145088 0.45757429143415179 0.28429491392299111
v -1.1038428725585936 0.4328364184570313 -0.11551706542968751
v 0.635801861328125 -0.10746030859375 0.72608650195312496
v 0.70291382812499992 -0.083722901611328115 0.80617422011718742
v 0.72220806530761716 -0.085751130859374997 0.74258322888183592
v 0.78314777148437509 -0.061130113037109378 0.81499664736328126
v 0.76165093457031241 -0.054633558105468744 0.87442157597656234
v 0.33516238476562499 -0.095489096191406247 0.41460100341796879
v 0.44044513110351557 -0.10012390356445312 0.4036792891845703
v 0.60316977209472666 -0.10655273632812501 0.54252505773925785
v 0.57408545996093752 -0.1140043828125 0.5943812373046875
v 0.52096094750976563 -0.10689262231445312 0.47239020227050788
v 0.49654382983398437 -0.1143939609375 0.53005127416992193
v 0.47851622094726559 -0.119449505859375 0.58854048388671876
v 0.65405061083984384 -0.10349645996093751 0.66130831982421878
v 0.69800285595703127 -0.096147969238281242 0.59801403417968757
v 0.76626932519531255 -0.078359150268554681 0.67971554064941397
v 0.82789817724609382 -0.056379632080078124 0.75294132836914063
v 0.81704605310058609 -0.081754002685546862 0.6219261387939452
v 0.87717447607421883 -0.056289311767578121 0.69484242016601561
v 0.35370186279296872 -0.090000911621093749 0.35688801245117185
v 0.37223431249999994 -0.087564273437500006 0.31877001269531247
v 0.45650742285156254 -0.095495283691406252 0.27501369238281248
v 0.40698836865234378 -0.090003503417968742 0.29438928979492185
v 0.48208384765625001 -0.10132779492187501 0.360809060546875
v 0.56069605078124996 -0.10818507617187501 0.42949559179687496
v 0.52753522924804686 -0.10758087646484374 0.34417293188476561
v 0.72150714477539069 -0.11878564697265626 0.45800269995117193
v 0.67559626464843747 -0.11400294335937501 0.47517347753906253
v 0.65070945385742185 -0.1194517705078125 0.38943401293945312
v 0.59992911791992198 -0.11439435693359373 0.40878226977539062
v 0.64151256665039069 -0.10795590087890625 0.49924318041992188
v 0.73757396240234385 -0.10077356445312499 0.55534856396484389
v 0.86398678515625016 -0.087272910156249994 0.58314826171874989
v 0.7715571538085938 -0.10621235546874999 0.53101045654296875
v 0.91617124023437502 -0.061031000000000002 0.65172564453125004
v 0.34936635351562506 -0.10746020605468749 0.89979254589843749
v 0.3850392828613281 -0.083722723339843749 0.99800406289062504
v 0.42491911645507813 -0.085750874023437493 0.94484684985351564
v 0.45741677065429681 -0.061129769726562505 1.0337358153320313
v 0.41689202080078125 -0.054633347070312491 1.0822249216796873
v 0.1733918193359375 -0.095489216796874998 0.50426727099609381
v 0.27606055346679687 -0.10012357971191406 0.53001270581054682
v 0.38148347143554684 -0.106552568359375 0.71614007885742181
v 0.33641762890625004 -0.114004294921875 0.75492167773437502
v 0.32822007104492179 -0.10689240881347656 0.62211783081054683
v 0.28555452587890628 -0.11439392968749999 0.66795054541015619
v 0.24860971337890625 -0.11944963647460938 0.71674688549804688
v 0.3886697670898438 -0.10349629931640625 0.84516220214843751
v 0.45161884277343745 -0.096147825683593757 0.80071738671875003
v 0.48782475024414063 -0.078359009521484363 0.90084019763183587
v 0.52069218505859372 -0.056379408203124995 0.99072820776367176
v 0.55530405432128904 -0.081753956054687493 0.8639023065185546
v 0.58686743505859373 -0.056289398437499985 0.95298637377929685
v 0.21055217626953127 -0.090000714599609372 0.45637543408203129
v 0.241004240234375 -0.087563241210937504 0.42689471875000007
v 0.28200161376953126 -0.090000689208984366 0.4158711313476563
v 0.32985066015625003 -0.10132642187499999 0.503969087890625
v 0.38022942578125002 -0.10818442187500002 0.59540009570312502
v 0.37825109301757814 -0.10757825390624999 0.50388147241210934
v 0.5215919782714844 -0.11878461328125001 0.67718806958007804
v 0.47257721972656253 -0.11400232226562501 0.67762115136718748
v 0.42418073559570313 -0.114393140625 0.58935422827148443
v 0.43231686108398437 -0.107955560546875 0.68858220239257806
v 0.50339568212890617 -0.10077333203125 0.77415881787109364
v 0.61267656054687503 -0.087272689453124996 0.84351739648437485
v 0.54365342431640618 -0.10621191113281249 0.7629111772460937
v 0.63825905175781239 -0.061031112304687496 0.92580730175781256
v 0.020792765624999997 -0.10746102734375 0.96505866796875006
v 0.020724092138671876 -0.083723427539062506 1.069548463330078
v 0.076379780395507801 -0.085751738037109365 1.0332364173583986
v 0.076515803076171868 -0.061130528125 1.1278798178222655
v 0.021850737011718753 -0.054633890234374996 1.1595846981445312
v -0.009291337890625001 -0.095489515136718744 0.53319831933593753
v 0.07838062670898438 -0.10012424841308595 0.59250571350097658
v 0.11378630603027344 -0.10655338012695315 0.80346552551269523
v 0.058173870117187498 -0.11400521875000001 0.82449530566406237
v 0.095892659912109365 -0.10689317517089844 0.6968960972900391
v 0.040124121337890624 -0.11439479833984374 0.72537268041992198
v -0.011282168457031248 -0.11945037426757811 0.75859049267578127
v 0.076410725585937506 -0.10349721142578125 0.9271651787109374
v 0.15076491748046875 -0.096148564453125002 0.90692994287109385
v 0.15054319250488279 -0.078359781494140635 1.0133980788574219
v 0.15068490502929688 -0.056380166503906246 1.10910675390625
v 0.22658695129394529 -0.081754376831054687 1.0017663470458986
v 0.22577812768554689 -0.05628984619140625 1.0962735722656252
v 0.042008242675781252 -0.090001244384765616 0.50090402905273446
v 0.080707056640624997 -0.087563721679687512 0.48361614746093751
v 0.12300248486328125 -0.090001017822265633 0.48727901147460945
v 0.13783458984374999 -0.10132685937499999 0.58642956640624999
v 0.15390384765624998 -0.10818493749999999 0.68957739453125
v 0.18334627563476563 -0.10757850170898438 0.6029008718261718
v 0.25876842651367193 -0.11878478247070313 0.81478131469726556
v 0.21256131738281253 -0.11400267871093751 0.79842457128906252
v 0.19727260571289063 -0.11439346069335937 0.6989280378417968
v 0.17097980151367187 -0.10795611840820313 0.79495510571289063
v 0.20850318505859375 -0.10077378857421877 0.89968120068359381
v 0.28747183593750003 -0.087272839843749991 1.0022328164062499
v 0.25018024365234376 -0.10621217138671875 0.90288046337890626
v 0.28336653906249998 -0.061031300781249992 1.088310033203125
v -0.30986173535156247 -0.10744184570312498 0.91425355175781253
v -0.34588220444335926 -0.083705952587890597 1.0122895541015624
v -0.28130372485351562 -0.085739421997070298 0.99712351660156251
v -0.31358761020507808 -0.061120184521484364 1.0860810780273438
v -0.19358211962890626 -0.10757002758789062 0.59999770117187501
v -0.12863833935546876 -0.10012002734375 0.58368632653808594
v -0.16760822143554685 -0.10654792614746095 0.7939811494140625
v -0.226831728515625 -0.1139924990234375 0.79485427929687502
v -0.14793478662109374 -0.10688810546875001 0.6877418294677734
v -0.20966217822265626 -0.11438332250976563 0.69567078320312503
v -0.27170595849609375 -0.11876928784179688 0.81087814453125007
v -0.24495316992187502 -0.10348496874999999 0.89748545068359376
v -0.16827099316406247 -0.096145234863281262 0.9038392416992187
v -0.20489302844238283 -0.078355629394531251 1.0038107524414062
v -0.23749406372070311 -0.056376008300781252 1.0937958178710936
v -0.12945902087402339 -0.081754197875976556 1.0188890102539063
v -0.16254230004882814 -0.056289420410156235 1.1074200581054685
v -0.1313407626953125 -0.089997042968749996 0.48525492602539066
v -0.089273826171875001 -0.087561609374999988 0.48212189941406247
v -0.050829116210937497 -0.090000437500000002 0.50000196313476564
v -0.070805419921875001 -0.101326154296875 0.59824458203125008
v -0.090983802734374994 -0.10818412304687501 0.70066794140624999
v -0.033672049560546875 -0.10757881762695312 0.62928843847656246
v -0.035265933837890617 -0.11878544702148436 0.85418744042968753
v -0.073092014648437481 -0.1140029189453125 0.82301307617187502
v -0.053428875732421874 -0.11439375708007812 0.72428771582031248
v -0.11097885571289061 -0.10795523999023438 0.80553099316406251
v -0.11153707177734373 -0.10077361279296874 0.91677522265625
v -0.072405669921874999 -0.087273275390624988 1.0401517460937502
v -0.073467849121093748 -0.10621260693359375 0.93403624511718752
v -0.10570345214843749 -0.061031553710937492 1.119633728515625
v -0.48045934765624998 -0.06101106835937499 1.0168982578125001
v -0.43637940954589843 -0.085682522094726557 0.93966701818847653
v -0.59430283715820309 -0.056384909179687498 0.94824278149414054
v -0.46216104199218749 -0.096144379394531243 0.794657111328125
v -0.49865242102050777 -0.078341697998046869 0.89488305480957031
v -0.56566045715332036 -0.081790417236328128 0.85710434680175773
v -0.52852547973632813 -0.056278735351562498 0.98667051782226567
v -0.39992536328125 -0.10347620947265625 0.83990194287109377
v -0.39093668566894529 -0.10654574597167968 0.71101130163574222
v -0.33647598962402336 -0.10688693029785157 0.61769686547851566
v -0.34664660253906249 -0.1139877001953125 0.75033676269531235
v -0.24461354370117186 -0.10756948559570312 0.58103874340820305
v -0.28315534020996092 -0.10011939025878905 0.52628217211914063
v -0.29489713159179687 -0.11438134692382812 0.66400333129882805
v -0.32311911157226558 -0.11876606616210937 0.79177401342773424
v -0.55368916357421871 -0.10622040332031249 0.75564225146484376
v -0.51358399658203124 -0.100780365234375 0.76742189404296868
v -0.53048861791992175 -0.11878751513671876 0.67021361010742186
v -0.48623906347656254 -0.11944967846679688 0.58214227758789061
v -0.48148523730468751 -0.11400633203124999 0.67129812988281246
v -0.3405909428710937 -0.095488716796875012 0.41011916845703128
v -0.38486030102539059 -0.10757828173828127 0.49882074047851566
v -0.33646556835937502 -0.10132558203125 0.49955065429687506
v -0.43192045532226564 -0.11439448486328124 0.58367815649414068
v -0.38805332617187499 -0.10818435546874999 0.59030621679687501
v -0.44137348315429692 -0.10795725537109374 0.6827909733886719
v -0.2874547854003906 -0.089999741943359385 0.41209437255859377
v -0.24666137402343749 -0.087561084960937494 0.42365156054687492
v -0.2168435744628906 -0.089996736083984369 0.45349011865234368
v -0.24195064868164062 -0.076975054443359392 0.32978941162109376
v -0.20830542529296875 -0.063747999755859375 0.23841364477539062
v -0.1981587021484375 -0.074294709960937511 0.33982609179687495
v -0.10321939835611979 -0.050597481852213536 0.17689456087239586
v -0.15104063468424478 -0.061385374430338535 0.25878751399739586
v -0.16812403149414062 -0.076973173583984367 0.37307015771484375
v -0.79902435449218756 -0.061019758789062503 0.79128937890625006
v -0.64532980273437501 -0.10745475683593748 0.71758559374999997
v -0.71258983662109365 -0.083658139599609355 0.79770296699218746
v -0.73113602514648446 -0.085694448608398435 0.73382319592285161
v -0.88253516845703117 -0.056385448486328121 0.68782975122070311
v -0.70583172412109374 -0.096147708984374997 0.588702375
v -0.77440108789062501 -0.07834577111816407 0.67040323791503909
v -0.82444928356933578 -0.081790832885742182 0.61198420190429692
v -0.83386556494140629 -0.05628279028320312 0.74643776098632808
v -0.66271555175781249 -0.10348802490234374 0.6525680590820313
v -0.61026966430664054 -0.10655106164550782 0.53447537780761722
v -0.52713870092773429 -0.10689183557128906 0.46543794140624994
v -0.5818732480468749 -0.11399988183593748 0.58671069238281248
v -0.44571913647460942 -0.10012342639160156 0.39780141210937503
v -0.50348770849609381 -0.11439219018554689 0.52341708520507813
v -0.77849844287109371 -0.10622046826171874 0.52073582714843747
v -0.74484032177734383 -0.10078086083984375 0.54552158886718749
v -0.7274789982910157 -0.11878754223632812 0.44839444189453126
v -0.6557759279785158 -0.11944973291015626 0.38076875390624998
v -0.68180145996093755 -0.11400660058593749 0.46617340429687504
v -0.46007592333984382 -0.095489096191406247 0.26893418896484378
v -0.53201314526367183 -0.10757860131835939 0.33714534912109378
v -0.48678602343750005 -0.10132663476562499 0.35438283203124998
v -0.60525809643554696 -0.11439477124023438 0.40078972021484377
v -0.56630274218749999 -0.108185486328125 0.42202122265624997
v -0.64803882641601573 -0.10795840551757813 0.49069198095703126
v -0.41081683837890626 -0.090000685302734376 0.28896486328125004
v -0.37638856054687503 -0.087563192382812502 0.31380443554687498
v -0.35836314306640626 -0.090000548583984374 0.35216499804687496
v -0.27704142333984383 -0.063748605468749997 0.15282799829101562
v -0.30214140429687497 -0.074296208007812503 0.25162310742187499
v -0.089899876953125013 -0.044012457031249994 0.03276406250000001
v -0.17567502457682294 -0.051559749308268225 0.12106265413411457
v -0.23017066471354169 -0.06138635929361979 0.1915743748372396
v -1.0212309912109374 -0.061019758789062503 0.47032393945312506
v -0.85159688476562523 -0.10745475683593748 0.45363177246093755
v -0.94220240473632821 -0.083658140380859364 0.50591309521484384
v -0.93778213549804701 -0.085694451049804693 0.43954265478515625
v -1.0643203803710937 -0.056385568847656248 0.34454131274414063
v -0.86436965136718746 -0.096147852539062495 0.31182826513671874
v -0.95674718188476549 -0.078345829833984373 0.36514982995605472
v -0.98379677478027339 -0.081791081298828117 0.29313641381835936
v -1.0386309389648436 -0.056282807128906244 0.41626080493164064
v -0.84569695703125014 -0.10348804199218749 0.38658903076171869
v -0.75602386254882825 -0.10655120568847656 0.29355572900390625
v -0.65429407678222673 -0.10689203894042969 0.25711420715332028
v -0.7472054082031252 -0.11399991113281251 0.35235305273437501
v -0.55465162854003913 -0.1001236961669922 0.22140373937988281
v -0.65189932373046888 -0.11439225561523439 0.31968589355468752
v -0.90940841650390614 -0.10622094433593748 0.22310717578125
v -0.88625721044921879 -0.10078120507812501 0.25790989062499997
v -0.8367236604003907 -0.11878814990234374 0.17257821337890628
v -0.74621546020507812 -0.11945038232421874 0.13355470727539065
v -0.7998814267578126 -0.114007109375 0.20490757617187499
v -0.52406774121093758 -0.095489698242187504 0.095397807617187497
v -0.61499623706054685 -0.10757921728515625 0.13489141943359373
v -0.57839205859374998 -0.101327123046875 0.16655793359375001
v -0.70559164526367191 -0.11439535009765625 0.16964636083984375
v -0.6762470273437502 -0.10818591992187498 0.20292094140625
v -0.77654061938476571 -0.10795876123046874 0.23949497119140623
v -0.48463010327148437 -0.090001192626953108 0.13106809448242188
v -0.46077358691406256 -0.087563575195312493 0.16618479785156248
v -0.45695514233398438 -0.090000854736328129 0.20839691479492189
v -0.31236063354492188 -0.063749004150390615 0.048895090820312501
v -0.36973675878906254 -0.074296637695312501 0.13314737597656251
v -0.20624258622233074 -0.051560091593424479 0.053715053426106781
v -0.28156835978190109 -0.061386805094401045 0.10133546101888022
v -0.36794146655273441 -0.076976026611328116 0.17810727807617188
v -1.1202605966796877 -0.061020006835937494 0.092716138671875004
v -0.95514772363281253 -0.10745530371093749 0.13504890820312501
v -1.0581703432128906 -0.083658577441406229 0.15318835893554689
v -1.0313165538330078 -0.085694807495117181 0.092332346069335935
v -1.1177307731933595 -0.056385461181640617 -0.040218785156250006
v -0.91865030029296879 -0.09614790722656251 -0.0025716967773437502
v -1.0236938629150392 -0.07834592346191406 0.015939297119140626
v -1.0244818345947266 -0.081790962280273438 -0.060983002319335934
v -1.1181203942871094 -0.056282912353515624 0.035962115234374994
v -0.9266736015625 -0.1034884453125 0.074067136718749996
v -0.81058906677246101 -0.10655142932128905 0.017314232543945311
v -0.702530549194336 -0.10689234521484375 0.017864027709960935
v -0.82241242871093756 -0.1140004150390625 0.075581911132812499
v -0.59668348767089852 -0.10012407177734375 0.018386878295898433
v -0.72168112133789064 -0.11439283178710938 0.07748139135742188
v -0.93062881884765614 -0.10622131884765623 -0.10134701611328126
v -0.92077646826171877 -0.10078106982421875 -0.060724605957031247
v -0.84504649780273444 -0.11878930297851562 -0.12396944750976563
v -0.74664937548828125 -0.11945131347656249 -0.12968381835937501
v -0.82148203417968757 -0.11400711816406249 -0.080988358398437502
v -0.5248468950195313 -0.0954896669921875 -0.089559948730468741
v -0.62379945043945306 -0.10757913354492188 -0.083547459716796876
v -0.60023354687499997 -0.10132718164062499 -0.041271171874999998
v -0.72081837036132812 -0.11439529174804688 -0.081873996826171885
v -0.70462408593750003 -0.108185892578125 -0.0405694921875
v -0.81137835522460944 -0.10795867602539062 -0.040503588134765622
v -0.4999878186035156 -0.0900013232421875 -0.042552243896484376
v -0.48958082910156253 -0.08756389843750001 -0.0013938291015625007
v -0.50043018383789062 -0.090001354492187491 0.039578658447265616
v -0.31000245947265626 -0.063749109130859377 -0.060849984130859382
v -0.39273464160156257 -0.074296960937500003 -0.001302438476562499
v -0.089466868164062519 -0.044012643554687494 -0.032528855468749993
v -0.21193248392740888 -0.051560241129557288 -0.020025713419596351
v -0.29900299161783861 -0.061387077799479162 -0.0010403954264322892
v -0.40642491821289073 -0.076976495117187502 0.041560162353515624
v -1.0842022441406249 -0.061093587890624995 -0.29598304589843749
v -0.94350220312499999 -0.107463783203125 -0.19974211816406251
v -1.0465199604003907 -0.083671256738281241 -0.2179335429199219
v -1.000479560180664 -0.085722100341796864 -0.26593412756347656
v -1.0363385207519531 -0.056490262695312501 -0.42001053198242189
v -0.86213400097656245 -0.096154792480468737 -0.31657963134765621
v -0.96718459582519523 -0.078382018798828126 -0.33510700744628902
v -0.94160171093750011 -0.081811426879882812 -0.40765718164062503
v -1.0627798820800782 -0.056401069335937498 -0.34856402807617187
v -0.89589105273437497 -0.10349925146484376 -0.24730854248046877
v -0.76738753894042966 -0.10655541625976561 -0.26093272155761715
v -0.66603051892089837 -0.10689374658203125 -0.22345676928710939
v -0.79842868261718758 -0.11400576171875 -0.21022338769531251
v -0.56674420935058589 -0.10012432080078125 -0.18676304467773439
v -0.70441740942382813 -0.11439470654296874 -0.17398477465820314
v -0.83959849316406243 -0.10622191943359374 -0.41349206835937502
v -0.84423620019531254 -0.10078334423828124 -0.37195058789062496
v -0.75143989843749992 -0.11878954760742187 -0.40547924609375008
v -0.65702271728515638 -0.11945159497070312 -0.37719524926757808
v -0.74399735156250002 -0.11400770605468749 -0.35703096875000001
v -0.46231975488281252 -0.095489711914062497 -0.26363016943359374
v -0.55736106445312505 -0.10757930493164061 -0.29182417578124997
v -0.54967572460937497 -0.101327375 -0.24403750195312499
v -0.64910136914062511 -0.11439559204101563 -0.32343412890625001
v -0.64801119335937496 -0.108186546875 -0.27908204101562495
v -0.74835107812500001 -0.10796033862304687 -0.31553261328124999
v -0.45503732641601563 -0.090001354492187491 -0.21095510205078125
v -0.45933492871093751 -0.087563898437499996 -0.16871938085937499
v -0.48354343188476562 -0.0900013232421875 -0.13392843017578127
v -0.27025148901367185 -0.063748987060546866 -0.1631701779785156
v -0.36836063183593754 -0.07429696093749999 -0.13551003710937501
v -0.19205837772623699 -0.051560199381510408 -0.09126551554361978
v -0.2803713509928385 -0.06138707828776041 -0.10320545768229167
v -0.39588520141601569 -0.076976526367187492 -0.099914625488281256
v -0.91734071874999989 -0.061093768554687497 -0.64891454882812494
v -0.81804257714843753 -0.10746411816406248 -0.51035589648437507
v -0.90862520268554681 -0.083671443408203108 -0.56268418007812493
v -0.84894496801757813 -0.085722380615234364 -0.59204315917968753
v -0.82994421582031253 -0.056490156738281248 -0.74909151855468747
v -0.70162110302734371 -0.096154737792968764 -0.59231711425781253
v -0.79399962133789059 -0.078382071289062508 -0.64565651757812492
v -0.74514576745605465 -0.081811188232421866 -0.70508130566406246
v -0.87922697949218742 -0.056401146972656246 -0.69099740917968744
v -0.75703442382812502 -0.10349953515625 -0.53876953857421872
v -0.63162092260742186 -0.10655540747070313 -0.50762112988281249
v -0.54919396447753899 -0.1068936611328125 -0.43773921398925775
v -0.67813358007812496 -0.114006041015625 -0.470586947265625
v -0.46844528576660155 -0.1001241552734375 -0.36930055090332026
v -0.60218612353515621 -0.11439492333984375 -0.40438015625000001
v -0.6472982836914063 -0.1062214326171875 -0.67567713378906258
v -0.66586450830078125 -0.10078301074218748 -0.63822719531250005
v -0.56719681176757808 -0.11878891455078124 -0.63799554882812504
v -0.48814751171875004 -0.11945093334960936 -0.57912477197265622
v -0.57677357714843758 -0.114007197265625 -0.5899236542968751
v -0.34402849560546872 -0.095489174804687493 -0.40581641503906246
v -0.42369507983398436 -0.10757870849609374 -0.46481607226562494
v -0.43281726171875001 -0.10132690820312501 -0.41728288281249992
v -0.49909141381835942 -0.11439501708984376 -0.52589667773437498
v -0.51323639453124992 -0.108186134765625 -0.48384661718749999
v -0.59505816723632798 -0.10796000830078126 -0.55241713671875003
v -0.35520113452148439 -0.090000882812500002 -0.35382742651367183
v -0.37368489941406247 -0.087563583984374999 -0.31560886816406253
v -0.40833248999023442 -0.090001193359374995 -0.29119605932617187
v -0.19790267236328124 -0.063749465087890617 -0.24572349121093748
v -0.29955525878906242 -0.074296662109374995 -0.25328729003906247
v -0.047166226562500004 -0.044017008789062499 -0.082265591796874982
v -0.14901761527506507 -0.051560794352213543 -0.15141124613444007
v -0.22792110392252601 -0.061386888346354168 -0.19283668693033854
v -0.33759404858398434 -0.076976369140625001 -0.22925266479492185
v -0.63983253124999995 -0.06109311328125 -0.92349112499999997
v -0.59391269042968742 -0.10746342675781248 -0.75932667578125002
v -0.661135185546875 -0.083670807812499998 -0.83948014941406257
v -0.59501273791503917 -0.085721734130859373 -0.8466568254394532
v -0.5234445756835937 -0.056489983886718748 -0.98773599365234366
v -0.45648036718749996 -0.096154532226562506 -0.7965269038085937
v -0.52504439526367186 -0.078381711181640626 -0.87824476220703118
v -0.45881275817871092 -0.081811134033203128 -0.91737722277832023
v -0.58962424755859377 -0.056400659667968749 -0.95000064013671859
v -0.52686585400390618 -0.10349895458984375 -0.76516084326171874
v -0.4196694891357422 -0.10655515258789064 -0.69299720092773442
v -0.36611466381835939 -0.10689345349121093 -0.59913807299804678
v -0.47604327441406247 -0.11400546484375 -0.67410455078124998
v -0.31364326342773441 -0.10012405603027343 -0.50720914721679689
v -0.42732025512695315 -0.11439435693359375 -0.58591503955078128
v -0.37692344287109369 -0.1062216533203125 -0.85628074951171873
v -0.40717835888671872 -0.1007830576171875 -0.8274390991210937
v -0.31454080493164061 -0.11878960693359374 -0.79347553002929694
v -0.26039388427734378 -0.11945287451171875 -0.71111847485351565
v -0.33998132324218749 -0.114007544921875 -0.75157788378906254
v -0.18424114990234375 -0.095495238769531254 -0.49896787890624994
v -0.23892407690429687 -0.10758109033203125 -0.58165871118164059
v -0.26375318945312498 -0.10132801171875 -0.54011221679687493
v -0.28888258276367185 -0.11439594580078125 -0.66484328344726562
v -0.31655622851562498 -0.10818651171874999 -0.63016684179687488
v -0.36999093383789067 -0.10796009521484376 -0.72258674487304686
v -0.21252100048828124 -0.09000346899414062 -0.45393666845703123
v -0.24296140820312503 -0.087564266601562496 -0.42434536718749993
v -0.28386905908203125 -0.090000935791015618 -0.41325518603515621
v -0.16399495361328126 -0.076981351806640619 -0.3733752270507813
v -0.19461759570312498 -0.074298547851562494 -0.34042785156249999
v -0.088001913736979173 -0.051568094767252604 -0.19320553238932292
v -0.14797873014322915 -0.061390263102213544 -0.25912166373697915
v -0.23858257470703126 -0.076976443603515618 -0.33085340087890625
v -0.28515058105468749 -0.06109483203124999 -1.0865978720703124
v -0.29814796289062501 -0.10746468066406248 -0.91662743554687498
v -0.33390210019531252 -0.083671576171874984 -1.0149385545898437
v -0.26931252978515624 -0.085725412109374996 -0.99906785229492179
v -0.15377620288085936 -0.056619998046874995 -1.1071686071777345
v -0.15625576660156251 -0.096261032714843764 -0.90458363867187497
v -0.19274809704589843 -0.07843522534179688 -1.0048228543701172
v -0.117068947265625 -0.08212310498046875 -1.0189638310546876
v -0.22889927905273438 -0.056420101562499991 -1.0943378044433594
v -0.23314739892578124 -0.10351017431640624 -0.89917900048828114
v -0.15708421142578127 -0.1066254658203125 -0.79470364770507806
v -0.13886079699707032 -0.10697970910644532 -0.6881884467773437
v -0.21653355664062501 -0.114015591796875 -0.79623078515625001
v -0.12099174523925783 -0.10025768273925781 -0.58386390380859376
v -0.20091208691406248 -0.11440343945312501 -0.69669418115234372
v -0.060839354492187504 -0.1077030400390625 -0.93372183105468753
v -0.099280100585937503 -0.1012841201171875 -0.91681378710937511
v -0.023318835937500004 -0.12315397558593749 -0.85385906054687499
v -0.00013757836914062536 -0.12751448852539063 -0.75859591625976563
v -0.061896316406250006 -0.11587228125 -0.82276768945312506
v -0.0014934619140625025 -0.10111438671874999 -0.53278760156249994
v -0.024735474609375006 -0.1120231708984375 -0.62898373632812499
v -0.062690085937500001 -0.10267496875 -0.59791039257812506
v -0.043378513671875008 -0.11760169433593749 -0.72402009179687499
v -0.08155664062500001 -0.1091008359375 -0.70051815039062504
v -0.10020642187500001 -0.10846862792968751 -0.80557159375000009
v -0.043986754638671882 -0.091675242919921879 -0.49946797167968748
v -0.082887088867187514 -0.087916286132812493 -0.481855234375
v -0.12516271752929689 -0.090037137451171881 -0.4853803662109375
v -0.025950879638671879 -0.078616082763671866 -0.40716454199218749
v -0.002957545166015629 -0.06507236840820313 -0.31554222656249997
v -0.066164588867187513 -0.074633645507812499 -0.38646226562499997
v 0.0172055751953125 -0.044036044921875003 -0.093168507812500009
v -0.034156582926432297 -0.050666027750651044 -0.20060383854166663
v 0.019140853719075524 -0.052045047403971353 -0.21144545438639323
v -0.050165791910807299 -0.061580814860026041 -0.29408534635416661
v -0.11079134252929687 -0.077007883544921871 -0.39245849902343749
v 0.070970309570312501 -0.0803033681640625 -0.3867006767578125
v 0.11490466113281252 -0.066684840332031245 -0.29427719506835937
v 0.053957507405598959 -0.06374155265299479 -0.29381814249674476
v 0.071745532226562492 -0.13413681249999998 -0.82568926269531251
v 0.12815829602050782 -0.13534515161132812 -0.80544118811035159
v 0.10829654724121093 -0.13143026379394529 -0.69836439416503904
v 0.051981822998046871 -0.13150722998046874 -0.72628215991210932
v 0.088548798217773422 -0.11810635461425782 -0.59306568811035154
v 0.049970711181640627 -0.10032326831054689 -0.50062881420898431
v 0.088625747070312511 -0.099341915039062506 -0.48305984863281248
v 0.16614863085937498 -0.132321955078125 -0.69014661718750014
v 0.14798632617187496 -0.11964915820312502 -0.58617982812500002
v 0.13103836547851561 -0.10195306518554688 -0.48610855639648431
v 0.19064543994140626 -0.10779333251953124 -0.49900436962890621
v 0.2055146502685547 -0.13579720776367188 -0.79685091149902343
v 0.26066004443359375 -0.13696243798828123 -0.71447628271484387
v 0.20922172290039065 -0.13467141455078124 -0.69810249926757817
v 0.19364817797851563 -0.12437285205078125 -0.6015939855957031
v 0.0913297724609375 -0.12351413720703124 -0.92810376074218748
v 0.16160092163085937 -0.073036994140624992 -1.109502032470703
v 0.16596116369628905 -0.10289231152343749 -1.0143742086181642
v 0.16659266748046875 -0.12568812499999998 -0.90855274804687514
v 0.23652908959960936 -0.073219107421875013 -1.0958679641113283
v 0.24127803625488281 -0.10227150805664063 -1.0010320670166017
v 0.24394683789062499 -0.12445594677734378 -0.90028175683593759
v 0.31322778745117191 -0.068881408886718759 -1.0861915508789064
v 0.30094329492187499 -0.098418000000000005 -0.99900956054687495
v 0.37275840952148437 -0.032918308300781254 -1.1576218267578124
v 0.16893698852539063 -0.083634279296874989 -0.372521283203125
v 0.19922656347656251 -0.080635664062500001 -0.33910916015625003
v 0.20886581762695314 -0.066694406250000005 -0.23718800317382813
v 0.15145671980794273 -0.063930522623697916 -0.25762366178385421
v 0.12404901509602866 -0.052288738199869789 -0.17250942911783856
v 0.073526216796875016 -0.044046747070312503 -0.060147062499999994
v 0.32503575830078124 -0.13516161743164062 -0.79258590576171872
v 0.36508533911132812 -0.13581886096191409 -0.73756930346679683
v 0.42932353247070315 -0.13563428881835937 -0.69357845983886723
v 0.32523544335937499 -0.13235208593749997 -0.63104104296875008
v 0.29780219482421877 -0.13467919409179691 -0.66519364306640627
v 0.271110115234375 -0.11967334374999999 -0.54043313671875004
v 0.2186102072753906 -0.10198522460937498 -0.45357265820312498
v 0.24877043847656249 -0.099689195312500006 -0.42362141015624999
v 0.37447191052246098 -0.13194239257812501 -0.59955344433593749
v 0.32069703259277343 -0.11888900195312499 -0.50696295996093743
v 0.28963674438476561 -0.101987537109375 -0.41193329882812502
v 0.35005982324218754 -0.10779886865234375 -0.40366575537109378
v 0.48543387890625006 -0.13596206250000001 -0.67232489746093749
v 0.48954778198242194 -0.13696419848632813 -0.58219801733398446
v 0.43561053271484379 -0.13467954541015625 -0.58440402270507807
v 0.37506007470703129 -0.12194054321289062 -0.87306454638671882
v 0.45422746826171878 -0.10142893847656251 -0.92723248925781254
v 0.40306000390625008 -0.12468513183593749 -0.83978450195312504
v 0.51499881030273442 -0.072702001342773451 -0.99678547290039055
v 0.5155069736328125 -0.103136146484375 -0.88926295288085933
v 0.45107531372070314 -0.12571720910644532 -0.80654649194335937
v 0.68012153752441407 -0.041202922509765628 -0.98820968085937499
v 0.62706199389648432 -0.043001241699218748 -1.0199701635742187
v 0.57690053991699219 -0.073522589111328127 -0.96110216162109374
v 0.63037891455078121 -0.07211066943359376 -0.92963196289062511
v 0.56933987963867194 -0.10228539282226563 -0.85810325842285162
v 0.5185807687988282 -0.12512313647460938 -0.76955541442871089
v 0.62471754687499992 -0.098418892578125 -0.83579405273437501
v 0.57925493017578122 -0.12193926318359376 -0.75335365600585924
v 0.67139417172851557 -0.090012448046875013 -0.83257965029296888
v 0.2864010065917969 -0.083639238769531249 -0.29223566284179686
v 0.30343664160156253 -0.080637615234374987 -0.25048055761718752
v 0.34127694409179687 -0.083639238769531249 -0.2259488288574219
v 0.23067802010091149 -0.063933798990885415 -0.19024667521158856
v 0.17581316255696616 -0.052290677652994791 -0.11963934574381507
v 0.57675622460937515 -0.13516157885742192 -0.63357935791015629
v 0.59557398730468758 -0.1358184285888672 -0.56818335571289058
v 0.6408925771484375 -0.13563381945800781 -0.50487552233886723
v 0.52169270117187505 -0.13235202734375001 -0.48170930273437501
v 0.50759458789062495 -0.13467956469726564 -0.52318456982421879
v 0.43984183398437504 -0.11967416796874999 -0.41507757617187502
v 0.43098893554687506 -0.12438007836914063 -0.46245402294921878
v 0.36079996362304689 -0.10198760595703124 -0.35141095190429689
v 0.37889759472656248 -0.099689958984374993 -0.31295158886718749
v 0.55719057141113293 -0.13194210815429686 -0.43528144445800782
v 0.4749909747314453 -0.11888898901367186 -0.36666703723144534
v 0.41330186987304685 -0.10198760595703124 -0.28799186791992182
v 0.68634992773437509 -0.13596177441406249 -0.46571343847656255
v 0.60946069531250013 -0.13467935620117188 -0.40013558911132813
v 0.53549637109375003 -0.12438003393554689 -0.33621532934570308
v 0.651288916015625 -0.12194005151367188 -0.69209501806640628
v 0.74420847119140632 -0.10142815625000001 -0.71591954638671884
v 0.67702201269531248 -0.12512362585449219 -0.63480961547851567
v 0.82510324609375008 -0.072701244262695322 -0.76049293823242192
v 0.78880617407226572 -0.10313547387695313 -0.6592816184082031
v 0.72436810253906259 -0.1257161749267578 -0.57411686022949215
v 0.97733474951171884 -0.041202887500000007 -0.69595980500488275
v 0.93833763818359373 -0.043000967041015623 -0.74395185400390629
v 0.87106748217773444 -0.073522071166992192 -0.70579043115234374
v 0.9105573354492188 -0.072110436523437516 -0.65792792333984385
v 0.82873534667968762 -0.10228499157714845 -0.61158969104003913
v 0.76488200585937505 -0.12468336816406252 -0.53205976660156251
v 0.87314321289062502 -0.098418740234374996 -0.57168614062500001
v 0.80222623046875008 -0.12193909790039062 -0.50976697045898445
v 0.9159056489257813 -0.090012405859375005 -0.55270152114257809
v 0.36932257470703123 -0.083638836181640613 -0.17661970385742187
v 0.37105056250000001 -0.0806356259765625 -0.13155591894531249
v 0.39821997509765628 -0.083634162353515618 -0.09556099682617189
v 0.31126414453125001 -0.066684688232421879 -0.057086644775390619
v 0.28207947444661458 -0.063930474039713525 -0.099839058024088531
v 0.19242220882161459 -0.051202589274088536 -0.06787723966471354
v 0.75891331347656243 -0.13516170019531251 -0.39807109106445315
v 0.75422968212890618 -0.13581875244140629 -0.33018288488769532
v 0.77516296191406253 -0.13563412341308595 -0.2551928708496094
v 0.6552281015625 -0.132352283203125 -0.27419263281249995
v 0.65616547167968742 -0.13467974902343752 -0.31798855444335933
v 0.55863114428710947 -0.11888898083496094 -0.2195531104736328
v 0.56340860839843754 -0.12438015917968749 -0.28712105639648433
v 0.45947369580078123 -0.10198753149414061 -0.20678052807617187
v 0.46332642187500006 -0.099689157226562491 -0.16445059082031249
v 0.67270616284179685 -0.13194213415527345 -0.21842349328613281
v 0.58225452929687505 -0.11967316992187499 -0.16458920507812502
v 0.48711993994140629 -0.10198510766601562 -0.12922885229492187
v 0.52653164404296882 -0.10779306835937499 -0.09327392138671875
v 0.80448489843749993 -0.13596169238281247 -0.20284504882812499
v 0.74970444482421872 -0.13696231225585936 -0.13115976098632814
v 0.70980371874999992 -0.13467862524414062 -0.16751957666015627
v 0.84896473925781235 -0.12194021191406251 -0.4275661340332032
v 0.94442931103515615 -0.10142842333984375 -0.41817345117187499
v 0.84902233789062487 -0.12468476757812499 -0.38407438574218744
v 1.0356907465820311 -0.072701479980468747 -0.43239100280761722
v 0.96696644482421856 -0.10313586791992188 -0.34969785571289058
v 0.86443980615234373 -0.12571696044921876 -0.32774929748535153
v 1.1566705908935546 -0.041202977709960939 -0.31968350832519532
v 1.1364393835449218 -0.043001135986328126 -0.37811909155273438
v 1.0601739591064452 -0.073522363403320329 -0.365266808959961
v 1.0809125605468748 -0.072110622558593754 -0.30678439257812501
v 0.98817624902343737 -0.10228527551269531 -0.29122542407226559
v 0.8923752216796873 -0.1251229715576172 -0.25602131127929684
v 1.0162583535156249 -0.098418781250000004 -0.23853983007812501
v 0.92844045507812489 -0.12193895385742187 -0.20460980419921876
v 1.1895277975097653 -0.032918212744140626 -0.25565171635742184
v 1.1378374006835936 -0.057171557324218754 -0.22232094736328123
v 1.0499488194824218 -0.090012279150390631 -0.20607442778320312
v 0.39385993457031254 -0.080302935546875009 0.0033300351562499985
v 0.29943455086263027 -0.063741242350260408 0.0027029842122395847
v 0.84953732763671874 -0.13515932275390627 -0.11446401147460937
v 0.82191815112304689 -0.13579694555664062 -0.052275742553710938
v 0.81591322033691405 -0.13534409545898438 0.02532374487304688
v 0.70973967968749996 -0.13232141601562503 -0.033522986328125004
v 0.72559742822265627 -0.13467101904296877 -0.07435314184570313
v 0.60420989843750006 -0.11964862695312502 -0.035089955078124999
v 0.62787792431640632 -0.12437242919921876 -0.077070971923828127
v 0.5027341408691407 -0.1019526416015625 -0.037122710449218756
v 0.49182084082031258 -0.099341357421874998 0.0039747695312499966
v 0.70701164294433594 -0.13142937939453125 0.024845768310546877
v 0.59987792517089844 -0.11810561181640623 0.024587705810546871
v 0.50186424047851563 -0.10032259277343748 0.04522997509765625
v 0.52384959179687507 -0.1011136953125 0.10179299072265624
v 0.82527171972656255 -0.13413503515625 0.084524583984374999
v 0.74593847900390631 -0.12751218090820313 0.14261755224609374
v 0.72392423608398437 -0.13150596728515623 0.085382172363281245
v 0.93070723339843753 -0.12445628222656252 -0.070722254882812488
v 1.1214171154785157 -0.073135189453124999 -0.032982545166015634
v 1.0291690129394531 -0.10224689135742188 -0.050502901977539059
v 0.92438767041015635 -0.12568729687499999 0.0068154116210937497
v 1.1210000998535157 -0.07311955273437501 0.043174607177734373
v 1.0282457523193362 -0.10289939550781249 0.025978933227539056
v 0.92953968066406256 -0.12351175244140623 0.084404765625000017
v 1.0327537899169923 -0.099373369384765611 0.10345666137695314
v 0.95492865625000001 -0.1159386748046875 0.14682482617187501
v 1.1454232183593751 -0.056566865429687502 0.18021149003906248
v 1.0570861853515625 -0.088395242285156245 0.16540762441406248
v 0.84555375976562508 -0.1074618486328125 0.46489043457031254
v 0.93601005649414071 -0.083723820312499989 0.51719455605468745
v 0.93239126110839843 -0.085754829956054685 0.45083941394042965
v 1.0144226375488281 -0.061131336425781252 0.49804338662109376
v 1.0145468717773438 -0.054633990234374992 0.56123672148437498
v 0.55171840747070311 -0.1002573350830078 0.22872579870605469
v 0.75210957727050776 -0.10662291955566407 0.30354533361816405
v 0.74251277441406249 -0.11401470214843749 0.36223496582031245
v 0.65087161645507807 -0.1069787247314453 0.26575720007324216
v 0.64764405737304687 -0.11440323217773438 0.32830566381835935
v 0.84054669042968755 -0.10350778955078124 0.39777577441406248
v 0.86020701464843752 -0.096254208984375006 0.3232438603515625
v 0.95229698937988283 -0.078412437500000001 0.37668177160644534
v 1.0352513039550781 -0.056398787109375001 0.42442091723632813
v 0.98027688256835943 -0.082065400268554689 0.30495780310058596
v 1.0616947941894532 -0.056418900390624999 0.35294524340820316
v 0.45418814404296876 -0.090037006591796878 0.21443718676757814
v 0.45861740039062499 -0.087915958007812503 0.17224670019531249
v 0.48318273388671873 -0.091674717529296859 0.1373185246582031
v 0.57640205273437495 -0.10267415234374999 0.17407153124999997
v 0.67368191210937511 -0.10909880859375 0.21176221093749997
v 0.61401470068359387 -0.11202209155273436 0.14258544799804684
v 0.83519549072265642 -0.12314879809570312 0.18317536547851565
v 0.79744852539062494 -0.11586679589843751 0.21526975683593749
v 0.70389782177734384 -0.11759919897460937 0.17864294604492187
v 0.77340316650390639 -0.10846388012695313 0.24969599438476564
v 0.88285623632812504 -0.10127397802734375 0.2695524418945312
v 1.0112457285156251 -0.088290789062499986 0.25237024609375003
v 0.90664363671875003 -0.10769277294921875 0.23494435400390623
v 1.0836179423828125 -0.061359679687499995 0.29905116601562504
f 1 9283 9284
f 7630 7632 9283
f 9283 7632 9284
f 7631 9285 4754
f 4754 9285 9286
f 9285 7630 9286
f 7630 9285 7632
f 4756 9287 7631
f 7631 9287 9285
f 9287 7632 9285
f 7633 9288 1012
f 9288 7635 1012
f 4755 9289 7633
f 7634 9288 9289
f 9289 9288 7633
f 7634 7635 9288
f 9290 7635 7634
f 7634 9291 9290
f 9290 9291 4754
f 9291 7631 4754
f 7636 7634 9289
f 7634 7636 9291
f 7636 4756 9291
f 4756 7631 9291
f 1014 9292 4755
f 4755 9292 9289
f 9292 7636 9289
f 7637 9292 1014
f 7637 7636 9292
f 4756 7636 7637
f 1605 7638 4
f 7638 7639 4
f 7638 4758 7639
f 4757 7641 9293
f 7641 7640 9293
f 7638 1605 7640
f 7640 7641 7638
f 7641 4758 7638
f 4757 9294 7641
f 7642 7643 9294
f 9294 7643 7641
f 1017 9230 9295
f 9230 7643 9295
f 7643 7642 9295
f 9231 4758 7643
f 4758 7641 7643
f 4759 7645 7644
f 7645 9296 7644
f 2598 7646 4759
f 7645 4759 7646
f 4760 7647 9297
f 7647 4761 9297
f 4761 7646 9297
f 7646 4761 7645
f 9296 7645 4761
f 4760 7649 7647
f 7649 7648 9298
f 4762 7651 7650
f 7651 9299 7650
f 2782 7652 4762
f 7651 4762 7652
f 4763 7653 9300
f 7653 4764 9300
f 4764 7652 9300
f 7652 4764 7651
f 9299 7651 4764
f 4763 7655 7653
f 7655 7654 9301
f 4765 7656 7
f 7656 7657 7
f 3194 7658 4765
f 7656 4765 7658
f 4766 7659 9302
f 7659 9303 9302
f 9303 7658 9302
f 7658 9303 7656
f 7659 4767 9303
f 4767 7657 9303
f 7657 7656 9303
f 4766 9304 7659
f 7660 7661 9304
f 7661 7659 9304
f 7662 7663 8
f 4768 7665 7662
f 7663 7662 7665
f 4770 7663 9305
f 3632 7664 4768
f 7665 7664 9306
f 7665 4768 7664
f 7666 9306 4769
f 7666 9305 9306
f 9306 9305 7665
f 9305 7663 7665
f 4770 9305 7666
f 7667 9308 9307
f 9307 9308 4769
f 9308 7666 4769
f 1025 7667 9309
f 7668 9308 7667
f 7668 7666 9308
f 7669 7663 4770
f 7669 4772 7663
f 7663 4772 8
f 7670 7668 1025
f 1025 7668 7667
f 4771 7671 9310
f 7671 7668 9310
f 7668 7670 9310
f 7671 4770 7668
f 4770 7666 7668
f 7671 7669 4770
f 4771 9311 7671
f 7672 7669 9311
f 9311 7669 7671
f 7673 7669 4074
f 7669 7672 4074
f 4772 7669 7673
f 7675 7674 4773
f 7675 4775 7674
f 7674 4775 9
f 7676 7678 1027
f 1027 7678 9094
f 4774 7677 9312
f 7677 7678 9312
f 7678 7676 9312
f 7677 4773 7678
f 4773 9093 7678
f 7677 7675 4773
f 4774 9313 7677
f 7679 7675 9313
f 9313 7675 7677
f 7680 7675 1028
f 7675 7679 1028
f 4775 7675 7680
f 7682 7681 4776
f 7682 4778 7681
f 7681 4778 10
f 7683 7685 1063
f 1063 7685 9066
f 4777 7684 9314
f 7684 7685 9314
f 7685 7683 9314
f 7684 4776 7685
f 4776 9065 7685
f 7684 7682 4776
f 4777 9315 7684
f 7686 7682 9315
f 9315 7682 7684
f 7687 7682 1607
f 7682 7686 1607
f 4778 7682 7687
f 7689 7688 4779
f 7689 4781 7688
f 7688 4781 11
f 7690 7692 1031
f 1031 7692 9038
f 4780 7691 9316
f 7691 7692 9316
f 7692 7690 9316
f 7691 4779 7692
f 4779 9037 7692
f 7691 7689 4779
f 4780 9317 7691
f 7693 7689 9317
f 9317 7689 7691
f 7694 7689 2116
f 7689 7693 2116
f 4781 7689 7694
f 7696 7695 4782
f 7695 7696 12
f 4784 12 7696
f 7697 7699 1033
f 1033 7699 9010
f 4783 7698 9318
f 7698 7699 9318
f 7699 7697 9318
f 7698 4782 7699
f 4782 9009 7699
f 7700 7696 7698
f 7698 7696 4782
f 4784 7696 7700
f 4783 9319 7698
f 7701 7700 9319
f 9319 7700 7698
f 4784 7700 2599
f 2599 7700 9320
f 7700 7701 9320
f 7703 7702 4785
f 7702 7703 13
f 4787 13 7703
f 7704 7706 1035
f 1035 7706 8982
f 4786 7705 9321
f 7705 7706 9321
f 7706 7704 9321
f 7705 4785 7706
f 4785 8981 7706
f 7707 7703 7705
f 7705 7703 4785
f 4787 7703 7707
f 4786 9322 7705
f 7708 7707 9322
f 9322 7707 7705
f 4787 7707 2783
f 2783 7707 9323
f 7707 7708 9323
f 7710 7709 4788
f 7709 7710 14
f 4790 14 7710
f 7711 7713 1037
f 1037 7713 8954
f 4789 7712 9324
f 7712 7713 9324
f 7713 7711 9324
f 7712 4788 7713
f 4788 8953 7713
f 7714 7710 7712
f 7712 7710 4788
f 4790 7710 7714
f 4789 9325 7712
f 7715 7714 9325
f 9325 7714 7712
f 4790 7714 3195
f 3195 7714 9326
f 7714 7715 9326
f 7717 7716 4791
f 7716 7717 15
f 4793 15 7717
f 7718 7720 1039
f 1039 7720 8926
f 4792 7719 9327
f 7719 7720 9327
f 7720 7718 9327
f 7719 4791 7720
f 4791 8925 7720
f 7721 7717 7719
f 7719 7717 4791
f 4793 7717 7721
f 4792 9328 7719
f 7722 7721 9328
f 9328 7721 7719
f 4793 7721 3633
f 3633 7721 9329
f 7721 7722 9329
f 1 9330 9331
f 7723 7725 9330
f 9330 7725 9331
f 7724 9332 4794
f 9332 7723 4794
f 7723 9332 7725
f 4796 9332 7724
f 7726 9333 1042
f 9333 7728 1042
f 4795 9334 7726
f 7727 9333 9334
f 9334 9333 7726
f 7727 7728 9333
f 9335 7728 7727
f 7727 9336 9335
f 9335 9336 4794
f 9336 7724 4794
f 7729 7727 9334
f 7727 7729 9336
f 7729 4796 9336
f 4796 7724 9336
f 7730 9337 4795
f 4795 9337 9334
f 9337 7729 9334
f 1040 8917 7730
f 7731 9337 8917
f 8917 9337 7730
f 7731 7729 9337
f 4796 7729 7731
f 7732 7723 9330
f 4797 7733 9338
f 9338 7723 7732
f 7733 4794 9338
f 4794 7723 9338
f 7734 7736 1044
f 4798 9339 7734
f 7735 7736 9339
f 9339 7736 7734
f 7735 9340 7736
f 4797 9340 7733
f 7735 9341 9340
f 9340 9341 7733
f 7737 7735 9339
f 7737 9341 7735
f 7737 9335 9341
f 9335 4794 9341
f 4794 7733 9341
f 1042 7728 4798
f 4798 7728 9339
f 7728 7737 9339
f 7728 9335 7737
f 1 9284 9330
f 9284 7738 9330
f 7738 7732 9330
f 4799 7739 9342
f 9342 7732 7738
f 7739 4797 9342
f 4797 9338 9342
f 9338 7732 9342
f 7740 7742 1046
f 4800 9343 7740
f 7741 7742 9343
f 9343 7742 7740
f 7741 9344 7742
f 4799 9344 7739
f 7741 9345 9344
f 9344 9345 7739
f 7743 7741 9343
f 7743 9345 7741
f 7743 9340 9345
f 9340 4797 9345
f 4797 7739 9345
f 1044 9346 4800
f 4800 9346 9343
f 9346 7743 9343
f 7736 9346 1044
f 7736 7743 9346
f 7736 9340 7743
f 7632 7738 9284
f 4756 7744 9287
f 9287 7738 7632
f 7744 4799 9287
f 4799 9342 9287
f 9342 7738 9287
f 7745 9347 1014
f 9347 7637 1014
f 4801 9348 7745
f 7746 9347 9348
f 9348 9347 7745
f 7746 7637 9347
f 7746 4756 7637
f 7746 9349 4756
f 4756 9349 7744
f 7747 7746 9348
f 7747 9349 7746
f 7747 9344 9349
f 9344 4799 9349
f 4799 7744 9349
f 1046 9350 4801
f 4801 9350 9348
f 9350 7747 9348
f 7742 9350 1046
f 7742 7747 9350
f 7742 9344 7747
f 1611 7748 2
f 7748 7749 2
f 1602 7749 7748
f 4802 1602 7748
f 7447 1602 4802
f 3 7750 4803
f 4803 7750 2122
f 4804 2604 7319
f 4805 7751 4846
f 4846 7751 23
f 4806 3200 7315
f 4807 7752 4850
f 4850 7752 25
f 4808 26 4809
f 7753 26 4808
f 4808 4809 1049
f 4810 27 4811
f 7755 27 4810
f 4810 4811 7754
f 4812 28 4813
f 7757 28 4812
f 4812 4813 7756
f 4814 29 4815
f 7759 29 4814
f 4814 4815 7758
f 4816 4817 2126
f 4817 4816 2608
f 4819 13 4818
f 4819 4820 13
f 4724 2600 4819
f 2600 4820 4819
f 4824 14 4823
f 4824 4825 14
f 4723 2784 4824
f 2784 4825 4824
f 4826 4818 13
f 4818 4826 2791
f 4828 15 4827
f 4828 4829 15
f 4722 3196 4828
f 3196 4829 4828
f 4830 4823 14
f 4823 4830 3204
f 4832 16 4831
f 4832 4833 16
f 4721 3634 4832
f 3634 4833 4832
f 4834 4827 15
f 4827 4834 3640
f 4835 7764 17
f 4077 7764 4835
f 4836 4835 7348
f 4835 1055 7348
f 4836 4077 4835
f 7346 4077 4836
f 4837 4831 16
f 4831 4837 4085
f 4838 7765 18
f 1148 7765 4838
f 4839 4838 7341
f 4838 1621 7341
f 4839 1148 4838
f 7339 1148 4839
f 17 7766 4835
f 4835 7766 1055
f 4840 7767 19
f 1610 7767 4840
f 4841 4840 7335
f 4840 2129 7335
f 4841 1610 4840
f 7333 1610 4841
f 18 7768 4838
f 4838 7768 1621
f 4803 7769 3
f 2118 7769 4803
f 4842 4803 7329
f 4803 2122 7329
f 4842 2118 4803
f 7327 2118 4842
f 19 7770 4840
f 4840 7770 2129
f 4843 4873 7771
f 2797 4843 2602
f 21 7771 4873
f 2613 7288 38
f 2613 4845 7288
f 4857 7773 7772
f 7772 7773 1070
f 4858 2792 31
f 4860 3205 32
f 4863 3641 33
f 4865 4086 34
f 1629 4868 1619
f 4869 4894 7779
f 2134 4869 2127
f 35 7779 4894
f 4870 4897 7780
f 2618 4870 2611
f 36 7780 4897
f 4871 4900 7781
f 2945 4871 2796
f 37 7781 4900
f 4873 2797 4874
f 4875 4844 7783
f 4844 54 7783
f 4876 40 7784
f 4877 4848 7785
f 4848 56 7785
f 4878 41 7786
f 42 4881 58
f 8679 7787 4881
f 43 7788 59
f 44 4885 60
f 8677 7789 4885
f 4857 1642 4886
f 1642 4857 62
f 45 7790 61
f 30 4888 62
f 7245 4862 1064
f 7242 4867 1066
f 4891 50 7814
f 4893 51 7818
f 4896 52 7819
f 4897 2618 4898
f 4899 39 7822
f 72 4935 7783
f 4905 73 91
f 74 7797 7785
f 4906 4942 2139
f 4879 76 4908
f 58 76 4879
f 4879 7800 2805
f 4879 4908 7800
f 4910 77 4909
f 4910 4909 3221
f 59 77 4910
f 4912 78 4911
f 4912 4911 3653
f 60 78 4912
f 3653 4911 1077
f 4914 79 4913
f 4914 4913 4099
f 61 79 4914
f 4886 4915 1079
f 1642 80 4915
f 1079 7801 2141
f 1079 4915 7801
f 7803 7802 63
f 4916 7802 7803
f 1642 62 7804
f 7806 7805 64
f 4918 7805 7806
f 4919 7245 7807
f 7809 7808 65
f 4920 7808 7809
f 64 7810 4921
f 7812 7811 66
f 4922 7811 7812
f 4923 7242 7813
f 85 4924 67
f 66 7816 4925
f 4102 7817 68
f 7817 4926 7818
f 4927 85 67
f 4927 3649 3654
f 87 4928 69
f 1075 7821 53
f 7821 4930 7822
f 4931 87 69
f 4931 1072 1455
f 4933 4932 7823
f 4934 4935 7180
f 90 7180 4935
f 90 4935 2630
f 4936 4937 88
f 4939 91 4938
f 4940 90 2630
f 7169 4940 7229
f 4941 7225 4942
f 4942 92 4941
f 7227 7164 91
f 4943 4944 7227
f 4944 7164 7227
f 4945 4946 93
f 7151 92 3224
f 4947 7151 3224
f 7150 4947 7223
f 4948 7800 4908
f 4948 7219 7800
f 76 94 4948
f 7221 1089 93
f 4949 4950 7221
f 4950 1089 7221
f 4909 95 4951
f 4951 7825 4909
f 77 95 4909
f 1651 7825 4702
f 4951 4702 7825
f 4991 4952 4911
f 78 96 4991
f 7114 4991 96
f 4952 2148 1077
f 4913 97 4953
f 4953 7826 4913
f 79 97 4913
f 1653 7826 4699
f 4953 4699 7826
f 4954 7801 2632
f 4996 2632 98
f 4954 2632 4996
f 4954 2810 2141
f 81 7206 7803
f 7206 4955 7803
f 1644 4955 2633
f 7827 7828 80
f 4956 7828 7827
f 82 7829 7806
f 7829 4957 7806
f 2143 4957 2812
f 7830 81 4958
f 83 7200 7809
f 7200 4960 7809
f 2627 4960 3228
f 4962 82 4961
f 84 7831 7812
f 7831 4963 7812
f 2807 4963 3661
f 7832 83 4964
f 4966 84 4925
f 7833 4925 4100
f 4925 7833 4966
f 7834 1087 85
f 4967 7834 85
f 4968 7834 4967
f 4970 4969 7835
f 7836 2151 87
f 4971 7836 87
f 4972 7836 4971
f 4974 106 4973
f 4973 106 2636
f 7181 4974 4973
f 3230 4974 7181
f 7837 106 4974
f 3230 7837 4974
f 4976 3230 4975
f 4976 7837 3230
f 7839 4975 7838
f 7839 4976 4975
f 7840 4978 107
f 4978 3663 107
f 4706 7841 3310
f 4978 7841 4706
f 4977 7841 4978
f 7842 107 3663
f 4980 7842 4979
f 4979 7842 3663
f 4108 4980 7161
f 4980 4979 7161
f 4110 4981 4982
f 4981 7843 4982
f 7148 4983 4981
f 7148 4981 4110
f 4984 108 4983
f 4984 1090 108
f 4983 7148 4984
f 1090 4984 7844
f 7845 108 1090
f 4986 7845 4985
f 4985 7845 1090
f 1659 4986 7142
f 4986 4985 7142
f 4988 7847 4112
f 4988 1661 7847
f 7847 1661 4987
f 4987 7848 7846
f 7846 7848 109
f 7848 4990 109
f 7848 4987 4989
f 4987 1661 4989
f 4990 7848 2152
f 7849 2637 4991
f 4952 4991 2637
f 2148 4952 2637
f 7850 4995 110
f 4994 7850 4992
f 7850 4994 4995
f 4993 7851 1092
f 4993 2640 7851
f 7851 2640 4992
f 2640 4994 4992
f 4996 98 7093
f 2810 4954 3233
f 4954 4996 3233
f 4997 4999 7852
f 4998 4999 4997
f 3236 4999 4998
f 5000 7853 99
f 5000 3227 7853
f 5000 8614 3227
f 5002 100 5001
f 4115 5001 7070
f 5002 5001 7081
f 7854 5003 5002
f 5004 7855 101
f 5004 4106 7855
f 5004 8611 4106
f 5006 102 5005
f 1666 5005 5009
f 5006 5005 7064
f 7059 7856 5006
f 7856 5007 5006
f 5008 5005 102
f 5005 5008 5009
f 7043 5010 2643
f 5012 2643 5010
f 8600 7858 5010
f 7858 104 5010
f 5011 104 7858
f 5012 5010 104
f 2643 5012 5013
f 5016 5014 2758
f 5015 7861 5016
f 5017 5019 89
f 2814 5017 5018
f 5016 5020 5014
f 3238 3239 7861
f 7862 7861 3239
f 7862 5016 7861
f 7862 5020 5016
f 7863 7862 3239
f 7863 5020 7862
f 5014 7864 7860
f 7864 114 7860
f 5022 114 7864
f 5021 5020 9351
f 5020 7863 9351
f 5020 5021 5014
f 5021 7864 5014
f 5022 7864 3241
f 7866 7865 5023
f 3670 117 7865
f 7867 7868 3244
f 7868 7867 5024
f 5024 5023 7868
f 5024 7866 5023
f 3670 7865 7866
f 115 9353 9352
f 9353 7869 9352
f 3363 9353 115
f 7870 7869 9353
f 5025 7869 7870
f 3677 6906 3493
f 6906 7871 3493
f 6906 5025 7871
f 118 7872 5028
f 3672 7873 6983
f 7873 5026 6983
f 5026 7873 5027
f 5027 9354 5026
f 7872 9354 7874
f 7874 9354 5027
f 4118 7872 7874
f 5028 7872 4118
f 117 7875 1102
f 7875 117 9355
f 117 3670 9355
f 8431 7876 1096
f 7877 7878 119
f 5032 119 7878
f 7879 7880 4120
f 5031 5030 7879
f 5030 7880 7879
f 5030 5031 7877
f 7878 7877 5031
f 1099 5032 7878
f 118 5028 7881
f 7882 7881 5028
f 5033 7881 7882
f 7884 7883 1668
f 7884 5033 7883
f 120 9356 5036
f 7886 5034 1101
f 5034 7886 5035
f 5035 7885 5034
f 5036 9356 9357
f 9357 9356 7885
f 5035 7887 7885
f 9357 7885 7887
f 5036 9357 1671
f 5037 5034 7885
f 1101 5034 2159
f 7852 111 2160
f 7888 7852 2160
f 4997 7888 5038
f 4997 7852 7888
f 6955 1663 5038
f 1663 4998 5038
f 4998 4997 5038
f 5041 7889 5039
f 5040 7890 2646
f 7890 7891 2646
f 5039 7891 7890
f 7890 5041 5039
f 1673 7892 5040
f 7892 7890 5040
f 7892 5041 7890
f 7893 112 2647
f 7894 7893 2647
f 5043 7894 5042
f 5043 7893 7894
f 7896 5043 5042
f 7075 7897 8612
f 7897 111 8612
f 2160 111 7897
f 5045 5044 9358
f 5044 7898 9358
f 5044 5045 7075
f 5045 7897 7075
f 5046 5047 7058
f 2641 2649 7900
f 7899 7900 2649
f 7899 5046 7900
f 7899 5047 5046
f 7901 7899 2649
f 7901 5047 7899
f 7058 7902 8607
f 7902 112 8607
f 2647 112 7902
f 5048 5047 9359
f 5047 7901 9359
f 5047 5048 7058
f 5048 7902 7058
f 5049 5050 7037
f 2817 2819 7904
f 7903 7904 2819
f 7903 5049 7904
f 7903 5050 5049
f 7905 7903 2819
f 7905 5050 7903
f 7037 7906 8599
f 7906 113 8599
f 5052 113 7906
f 5051 5050 9360
f 5050 7905 9360
f 5050 5051 7037
f 5051 7906 7037
f 5052 7906 2823
f 7908 5054 9361
f 5054 5053 9361
f 3668 4123 7908
f 4123 5054 7908
f 4125 116 7907
f 5054 7909 5053
f 7909 7907 5053
f 4125 7907 7909
f 7910 5057 126
f 7911 5057 7910
f 5055 5056 7911
f 5057 7911 1103
f 3674 5059 124
f 5058 5059 3674
f 7913 5059 5058
f 7914 1674 127
f 5060 5061 7915
f 1674 7914 6886
f 7914 7915 6886
f 5057 7917 126
f 7917 5057 8429
f 5057 1103 8429
f 5063 7917 5062
f 7918 5063 8428
f 8428 5063 5062
f 7919 5066 128
f 5064 5065 7919
f 7921 7919 5065
f 7921 2165 7919
f 5066 7919 2165
f 1674 7922 127
f 7923 7922 1674
f 5068 7923 5067
f 5068 7922 7923
f 2002 5068 5067
f 7924 2652 129
f 5069 5070 7924
f 7926 7924 5070
f 7926 2652 7924
f 2716 7925 7927
f 7925 2716 2167
f 7925 5069 7927
f 7925 5070 5069
f 7889 121 2825
f 7928 7889 2825
f 5039 7889 7928
f 130 9362 6861
f 9362 7929 6861
f 5071 5072 7929
f 7930 2772 2654
f 7930 5072 5071
f 6875 5072 7930
f 7931 122 3248
f 5073 5074 7931
f 2822 2163 7932
f 7932 5074 5073
f 2825 121 7933
f 5076 7934 5075
f 7934 7933 5075
f 2825 7933 7934
f 7936 5078 9363
f 5078 5077 9363
f 3245 3250 7936
f 3250 5078 7936
f 3248 122 7935
f 5078 7937 5077
f 7937 7935 5077
f 3248 7935 7937
f 7939 5080 9364
f 5080 5079 9364
f 4122 3675 7939
f 3675 5080 7939
f 3679 123 7938
f 5080 7940 5079
f 7940 7938 5079
f 3679 7938 7940
f 124 4129 7942
f 7941 7942 4129
f 5082 7942 7941
f 5082 7941 5081
f 7943 5082 5081
f 3818 7943 4648
f 7944 125 5083
f 5083 7945 5084
f 7944 5083 5084
f 125 7944 1110
f 5085 5086 7946
f 5086 5087 7946
f 7946 5087 135
f 1678 5087 5086
f 4134 5085 1113
f 7947 5089 136
f 5088 7949 7947
f 7949 2169 7947
f 2169 5089 7947
f 5088 7947 5090
f 7950 2054 7948
f 7950 7948 5090
f 7948 5088 5090
f 2054 1680 7948
f 5091 7952 7951
f 7951 7952 137
f 2656 137 7952
f 7954 7952 5091
f 2656 7952 7954
f 5091 7951 5092
f 5093 7953 5092
f 7953 5091 5092
f 5093 2171 7953
f 5094 5095 7955
f 5095 138 7955
f 5095 5094 7956
f 5094 6799 7956
f 2830 138 5095
f 7957 137 2656
f 7958 7957 2656
f 5097 7958 5096
f 5097 7957 7958
f 6689 5096 2775
f 7959 3255 139
f 5098 6790 7960
f 5098 7961 7959
f 7961 3255 7959
f 7963 7962 138
f 7963 138 2830
f 5100 7962 5099
f 5099 7962 7963
f 7964 5100 5099
f 5101 8375 7965
f 7966 7965 3434
f 3256 7966 3434
f 5101 7965 7966
f 7967 130 5101
f 5101 7966 5102
f 7967 5101 5102
f 130 7967 3254
f 4137 6854 132
f 5103 6854 4137
f 5103 4137 6780
f 3551 7968 4636
f 7969 131 5104
f 5104 7970 5105
f 7969 5104 5105
f 131 7969 3681
f 5106 7972 7971
f 5106 7971 6771
f 125 1110 7971
f 1106 7973 4634
f 7974 4137 132
f 7975 7974 5107
f 5107 7976 5108
f 7975 5107 5108
f 4137 7974 7975
f 1115 1695 1683
f 5109 1695 1115
f 7946 135 5110
f 5111 7946 2172
f 7946 5110 2172
f 5085 7946 5111
f 7977 1113 5111
f 1113 5085 5111
f 1686 2175 6564
f 6744 2175 1686
f 2177 2843 5112
f 2843 2177 6732
f 5113 2843 6732
f 5113 145 2843
f 5114 145 5113
f 2720 5114 6727
f 146 3270 2662
f 5116 147 2845
f 3259 5116 2845
f 5115 5116 3259
f 5116 5115 2664
f 5118 3697 147
f 147 5116 5117
f 5117 5118 147
f 5119 148 6698
f 6698 148 4149
f 2838 5119 6698
f 5120 4139 5119
f 6559 5121 149
f 5121 5123 149
f 5122 5121 2840
f 5122 7978 5121
f 7979 7978 3261
f 7979 5123 7978
f 5123 5121 7978
f 5124 3263 174
f 1701 150 6671
f 6671 150 3263
f 151 7980 5127
f 7980 5125 5127
f 6663 5125 3265
f 5126 6658 5125
f 5127 5125 6658
f 7981 6658 3688
f 5127 6658 7981
f 5127 7981 2190
f 2190 7981 2178
f 139 7982 5130
f 7983 7982 5128
f 7982 7983 5130
f 5128 3691 5129
f 5128 5129 7983
f 3689 7983 5129
f 5130 7983 3689
f 3691 7984 5132
f 5131 7984 3691
f 5131 3691 5128
f 2848 153 5133
f 4142 2848 5133
f 140 7985 4143
f 5134 4145 5135
f 5135 4143 5134
f 5136 5134 7985
f 5134 4143 7985
f 5136 7986 5137
f 4145 5136 5137
f 5134 5136 4145
f 5139 141 5138
f 5140 141 5139
f 5138 1121 5139
f 7987 5139 6611
f 7987 5140 5139
f 141 7988 5138
f 7988 7989 5138
f 5141 7989 1123
f 5138 7989 1121
f 5142 1123 7988
f 1123 7989 7988
f 5142 5143 1123
f 7991 1123 5143
f 5145 5146 134
f 6592 5144 1691
f 5144 6592 5145
f 5145 134 5144
f 5146 5145 1689
f 7993 5144 7992
f 5144 134 7992
f 1693 6587 5147
f 6587 5148 5147
f 7993 7992 5148
f 5144 7993 1691
f 1127 6838 5149
f 5149 6838 133
f 5151 1116 6572
f 5151 133 1116
f 5149 133 5151
f 1127 5151 6569
f 1127 5149 5151
f 144 3696 6564
f 3696 144 164
f 165 5152 4605
f 2204 1698 167
f 6562 169 2737
f 148 172 5378
f 148 5378 3701
f 4150 173 3850
f 150 175 5153
f 150 5153 2187
f 176 2674 4603
f 2190 2189 5127
f 153 181 5154
f 2848 4142 2841
f 5155 154 183
f 5155 3275 154
f 154 5156 183
f 2679 3277 3266
f 5156 3277 183
f 3705 3704 155
f 4600 5157 4147
f 5158 6548 1138
f 157 5159 1144
f 5159 1125 1140
f 5160 1706 158
f 158 1706 2680
f 192 4598 2194
f 2193 192 2194
f 7994 2195 159
f 5161 2195 7994
f 2196 5161 2181
f 2682 194 2157
f 1266 188 5158
f 1266 5158 1142
f 1267 2966 4154
f 1267 200 2966
f 5162 1144 189
f 1139 5162 1709
f 1139 1144 5162
f 190 5163 1705
f 2199 2197 5163
f 2197 1705 5163
f 1705 2197 4592
f 5165 191 2688
f 5164 5165 2688
f 2686 5165 5164
f 6528 191 5165
f 2851 192 2853
f 193 3285 3283
f 5167 5166 3711
f 3709 5166 5167
f 194 5166 6543
f 3280 6543 5166
f 5166 3709 3280
f 2690 160 2692
f 160 2690 5168
f 5168 2156 160
f 2857 5169 6505
f 161 6505 5169
f 5169 2668 161
f 2855 2668 5169
f 3287 162 3288
f 162 3287 1695
f 163 3715 3713
f 3269 163 3713
f 164 4159 4157
f 4157 3696 164
f 1149 5170 1151
f 165 5170 5152
f 166 1718 1716
f 1130 166 1716
f 2204 2203 1698
f 2737 169 2860
f 5172 5171 3292
f 5171 2845 170
f 5172 2845 5171
f 3719 3525 3542
f 231 2865 4568
f 3722 3723 3519
f 2218 245 246
f 5173 3726 249
f 7995 5173 2705
f 3298 7995 2705
f 3298 5174 7995
f 5174 5173 7995
f 3726 5173 5174
f 251 1168 5175
f 5175 5176 251
f 3997 5175 3729
f 5176 5175 3997
f 253 5177 2228
f 5177 253 2222
f 5178 1171 1524
f 5177 1524 1171
f 1171 2228 5177
f 2223 5359 254
f 5179 5359 2223
f 2508 5359 5179
f 260 3736 259
f 5182 3300 3471
f 5183 5182 3471
f 250 5182 5183
f 7996 250 5183
f 250 7996 4002
f 5184 6447 250
f 5184 250 4002
f 4003 7997 6450
f 6450 7997 5184
f 5185 268 1501
f 5186 1500 5187
f 4559 6422 5188
f 4558 253 2228
f 259 3131 272
f 4007 3131 259
f 202 6437 5190
f 202 3707 6437
f 5192 275 5191
f 3741 6414 5191
f 5192 5191 6414
f 1534 5194 276
f 5195 268 1533
f 268 5195 5196
f 5195 1535 5196
f 269 2232 2233
f 270 2514 278
f 270 5198 2514
f 5199 280 2881
f 3738 273 3742
f 5201 203 5200
f 6438 203 5201
f 4008 5201 4010
f 8133 6410 1509
f 6412 284 276
f 5202 284 6412
f 1938 5203 1537
f 2235 277 2234
f 6392 5207 2883
f 2883 5207 279
f 5210 290 4012
f 7998 5211 204
f 1187 5211 1194
f 283 5212 8129
f 1196 6395 5212
f 5213 5214 295
f 5214 5213 1197
f 5215 284 6394
f 1541 5215 2892
f 285 296 4545
f 1964 2238 301
f 5218 1714 5217
f 1714 5218 205
f 5218 5217 1546
f 1539 5218 1546
f 294 2521 7999
f 6385 2521 6387
f 5220 304 5219
f 2892 2780 5221
f 5222 305 3344
f 3344 5223 296
f 296 5223 3142
f 2237 3143 306
f 1202 1198 1518
f 309 1203 2244
f 1203 309 1784
f 5224 300 1784
f 300 5224 1545
f 2452 2098 310
f 2201 5225 206
f 5225 2242 2239
f 2890 5228 5227
f 5228 5226 5227
f 5228 303 5226
f 304 3146 5234
f 5234 5229 304
f 3147 5230 5229
f 5229 5230 304
f 3147 3140 5230
f 3747 305 3751
f 1548 308 1205
f 5231 207 2694
f 5231 2527 2524
f 4539 5232 311
f 2788 5232 4539
f 5234 312 5233
f 5234 5233 8001
f 3754 5235 313
f 3646 5235 3754
f 3756 4445 321
f 1207 324 3761
f 1207 1550 324
f 1551 325 2247
f 2896 208 2903
f 2252 8002 2251
f 2251 8002 317
f 4539 2252 2245
f 5236 3149 2536
f 2529 5236 2536
f 2906 5238 5237
f 2899 5238 2906
f 4023 5239 322
f 1214 5240 334
f 1213 5241 323
f 5241 1213 1215
f 5242 3152 3762
f 329 5242 3765
f 3765 5242 6331
f 329 3765 5243
f 3763 5243 3766
f 5243 4531 329
f 4531 5243 3763
f 6322 330 4025
f 5244 5245 330
f 5245 5244 4027
f 5245 4027 4022
f 1211 5247 1217
f 2258 341 2540
f 5248 334 2540
f 2541 334 5248
f 210 5249 3717
f 3770 210 3717
f 5250 210 3770
f 5250 3770 3488
f 336 5251 6299
f 3159 6299 5251
f 3159 5251 6306
f 6302 5253 3793
f 5253 5252 3793
f 3160 6281 5253
f 3792 8003 337
f 8003 5255 337
f 5255 8003 5254
f 8004 5255 5254
f 5256 6276 347
f 5256 347 3833
f 8005 5256 6293
f 5257 338 3832
f 4034 348 1251
f 4509 4034 1251
f 5258 2258 2263
f 2258 5258 341
f 2265 341 5258
f 2908 2260 342
f 2546 2543 342
f 5260 5259 3771
f 1220 5259 5260
f 3776 345 5259
f 345 3776 5262
f 5264 5265 346
f 5265 5264 4031
f 5267 355 1226
f 5266 5267 1226
f 2913 2727 2911
f 2727 2913 4508
f 5268 2913 2911
f 3161 352 351
f 590 352 3161
f 1560 5270 1224
f 5270 5269 1224
f 5270 353 5269
f 353 5270 3779
f 3780 353 3779
f 4038 5272 362
f 3461 5272 5271
f 4037 5273 354
f 4039 3842 8006
f 4496 5275 5274
f 6231 355 363
f 2267 2547 2271
f 2273 365 5283
f 2551 365 2273
f 359 5268 2550
f 2917 3162 360
f 2918 367 3163
f 1563 3781 361
f 3781 5276 361
f 3782 5276 3781
f 5277 370 4041
f 6241 3784 5277
f 371 1232 5279
f 5279 5280 371
f 363 1231 5282
f 5281 1231 363
f 365 2277 5283
f 2559 2279 4485
f 2279 2559 5284
f 2920 367 2555
f 2919 2920 2555
f 3165 375 2921
f 5285 6244 214
f 5285 5286 6244
f 2275 5286 5285
f 369 3785 5288
f 5288 8007 369
f 3787 8007 5288
f 3462 5289 8007
f 5289 369 8007
f 3462 8007 3787
f 6217 5290 4043
f 5292 379 5291
f 4046 5292 5291
f 1232 371 1235
f 1394 1232 1237
f 2283 388 389
f 2924 5294 5293
f 5293 2563 2924
f 5293 5294 377
f 3789 5294 2924
f 5295 377 5294
f 5295 5294 3789
f 5296 377 5295
f 5296 5295 3790
f 3472 5296 3790
f 5297 4047 6197
f 8009 5297 8008
f 5297 5298 4047
f 4049 3904 8009
f 5298 5297 8009
f 5299 379 1241
f 5300 1242 1436
f 5300 5299 1242
f 402 3169 401
f 392 2927 6186
f 5303 5302 3170
f 5304 5305 393
f 5305 4053 393
f 5305 5304 4051
f 4051 5304 3479
f 5306 5308 404
f 5307 5308 5306
f 6183 5307 4052
f 5310 5309 3950
f 3797 4055 407
f 3049 4055 3798
f 1245 416 1570
f 384 2290 381
f 2931 418 2574
f 2569 418 2931
f 431 4057 2576
f 2291 1252 3175
f 2291 432 1252
f 2293 425 1572
f 435 2296 1991
f 2939 2921 2936
f 375 2936 2921
f 437 2940 4059
f 5312 438 3804
f 4060 5312 3804
f 3939 1254 439
f 1575 440 1256
f 434 1991 2577
f 2932 419 2941
f 1580 3805 448
f 1578 3805 1580
f 2944 2299 453
f 454 5313 1582
f 1583 455 3806
f 457 1258 4063
f 2581 452 2942
f 2581 459 452
f 3806 461 3179
f 3512 3797 407
f 1261 458 2582
f 4062 5313 454
f 2941 448 3805
f 2941 1581 448
f 3803 421 1579
f 3801 421 3803
f 3177 449 4460
f 2701 2573 428
f 2701 466 2456
f 2277 365 2313
f 3183 468 3182
f 470 4065 3184
f 3187 484 485
f 490 2591 1599
f 493 2949 4068
f 4068 2949 494
f 1601 4071 500
f 1265 502 1811
f 1812 505 1813
f 1812 504 505
f 1601 500 510
f 510 1818 3935
f 500 501 511
f 511 1815 1814
f 1268 503 1949
f 1811 1947 503
f 509 1273 1271
f 1273 516 3497
f 1274 3937 517
f 1815 511 518
f 1949 519 1954
f 520 2954 513
f 1278 3571 523
f 3497 516 523
f 1819 1953 1557
f 527 2442 512
f 1957 1956 5315
f 1957 5315 1950
f 4015 293 1957
f 327 2534 2901
f 2957 327 2955
f 3941 438 3939
f 3505 437 3503
f 3511 3375 542
f 2449 543 535
f 542 2752 534
f 545 3397 3396
f 547 1961 1284
f 3396 3397 536
f 4450 546 1828
f 4449 552 3847
f 1270 3063 2962
f 3063 1270 5316
f 5316 549 3063
f 1966 1965 556
f 3945 548 1961
f 5318 5317 1270
f 3943 5317 5318
f 2526 2244 316
f 4446 3761 324
f 3761 4446 1095
f 563 1823 1830
f 2311 564 2457
f 567 2314 1974
f 1289 568 3951
f 3393 533 2447
f 2869 2705 8010
f 2705 5173 8010
f 3742 281 3743
f 3521 3742 3743
f 2332 1586 456
f 1835 1586 2332
f 5319 291 1292
f 2217 302 2238
f 4154 3952 3921
f 187 3921 3952
f 1297 5320 553
f 1294 5320 1297
f 3405 574 1296
f 469 3485 3515
f 3516 558 2455
f 437 3505 3176
f 3176 2940 437
f 536 3397 3218
f 5322 356 5321
f 356 1564 5321
f 576 5323 1299
f 5323 576 4438
f 1836 1586 1835
f 1843 1586 1836
f 1980 4055 408
f 4055 1980 3953
f 5526 394 406
f 566 6146 1854
f 1834 4438 1854
f 339 1250 5326
f 332 1554 3153
f 256 2870 6099
f 2870 5327 6099
f 2873 3123 5327
f 255 6144 5328
f 2873 5328 4436
f 5329 271 258
f 2514 2738 278
f 5331 278 2738
f 297 5333 286
f 298 2887 2886
f 4434 297 306
f 5334 306 4018
f 306 5334 3817
f 1499 1837 568
f 1965 555 2098
f 1557 1953 525
f 4432 1278 523
f 2261 6130 325
f 1986 595 3095
f 3410 573 596
f 599 1308 1852
f 1308 589 1852
f 530 597 532
f 531 597 530
f 433 2292 424
f 604 433 424
f 1990 2572 427
f 389 2333 402
f 3957 617 2329
f 1994 617 3957
f 612 2334 3956
f 616 442 1313
f 1280 439 1255
f 4429 5335 1857
f 569 5335 4429
f 3390 520 3403
f 528 3390 1290
f 3393 528 1290
f 3178 3501 529
f 3178 529 3392
f 290 3826 4012
f 3190 509 1271
f 5336 2968 2969
f 572 5336 2969
f 1002 3413 624
f 626 1860 2972
f 3186 483 2587
f 3724 241 2866
f 633 1318 1878
f 1863 229 1160
f 636 2466 3524
f 3416 5337 256
f 256 5337 2870
f 5337 2511 2870
f 3614 5338 257
f 5339 257 3522
f 3522 3490 5339
f 257 5339 3734
f 5340 5339 3490
f 3999 1847 5341
f 260 5341 1847
f 6119 3736 1847
f 260 1847 3736
f 1175 262 2876
f 1812 5314 504
f 2438 1812 3934
f 2438 5314 1812
f 501 500 4073
f 2596 501 4073
f 497 2593 496
f 8011 4070 2593
f 496 2593 4070
f 5342 620 468
f 6112 468 1317
f 6112 5342 468
f 5343 5342 1999
f 5342 6112 1999
f 5342 5344 620
f 5342 5343 2707
f 5342 2707 5344
f 2707 2724 5344
f 5345 1997 2460
f 5345 619 1997
f 473 2586 474
f 4072 5346 478
f 5346 4072 4069
f 3185 4072 478
f 2306 2435 482
f 2435 2595 482
f 5347 2710 490
f 2950 247 2759
f 2950 2948 247
f 243 5348 5349
f 5349 5348 1178
f 1496 5349 1164
f 4408 239 2875
f 239 4408 2867
f 235 5350 1174
f 2756 2973 231
f 2871 2973 2756
f 8012 231 2702
f 2979 639 1321
f 5352 5353 639
f 5352 2979 6091
f 2979 5352 639
f 5354 1167 8013
f 1167 249 8013
f 1167 5356 249
f 5355 5356 1167
f 5356 5355 3486
f 5354 8013 5357
f 3730 5354 5357
f 5354 3730 3482
f 5358 2221 252
f 5358 6072 1737
f 2221 5358 1737
f 252 2221 2220
f 2220 1816 252
f 3733 254 5359
f 5359 2344 3733
f 1943 254 3733
f 1943 5360 254
f 1526 5360 1943
f 1906 364 1565
f 1910 5361 1913
f 578 1845 6070
f 1914 578 1909
f 5361 1566 1941
f 421 3802 2933
f 2935 425 3172
f 1824 440 467
f 571 2458 2217
f 1293 1839 4440
f 5320 558 553
f 642 2324 1866
f 3422 581 2967
f 2967 2980 3422
f 1289 4392 307
f 3530 645 3423
f 3528 645 3530
f 646 3531 4388
f 3145 646 4388
f 2981 2849 5362
f 5363 2981 2983
f 5363 2849 2981
f 183 2678 5364
f 183 5364 5365
f 5364 2678 2467
f 2469 5364 2467
f 5365 5364 2469
f 5366 649 1869
f 2470 5366 2005
f 181 153 5367
f 1543 181 5367
f 1543 5368 181
f 1871 5368 1543
f 4152 180 5369
f 1135 4152 5369
f 4152 1135 1324
f 1326 4152 1324
f 2985 2472 652
f 1327 2985 3968
f 5370 3703 179
f 4374 3534 3426
f 3534 653 3426
f 151 5371 177
f 3427 5371 3133
f 2846 5372 176
f 2987 5372 2846
f 2989 5372 2987
f 5153 175 2473
f 2475 5153 2473
f 174 1930 2010
f 2010 5373 174
f 2012 5373 2010
f 1531 1700 6004
f 149 1700 1531
f 149 1531 1163
f 659 5374 5376
f 5374 2477 5376
f 5376 2477 5375
f 1331 5376 5375
f 5377 172 3849
f 5377 5378 172
f 3974 5378 5377
f 5379 661 3429
f 3539 5379 3429
f 3271 5171 170
f 3127 5171 3271
f 3542 3525 218
f 3977 2482 1334
f 2016 2018 2211
f 671 233 3723
f 2213 2020 237
f 673 237 2020
f 675 241 3725
f 2022 245 2021
f 3981 5380 678
f 3980 5381 5380
f 5381 678 5380
f 3980 3546 5381
f 3831 5383 8014
f 8015 5383 3985
f 8015 3985 3983
f 1882 5384 680
f 5967 5384 1882
f 684 2487 2996
f 684 5385 2487
f 2485 2748 2995
f 1887 5386 1354
f 1887 3987 5386
f 1886 688 5559
f 691 2735 692
f 5387 679 1349
f 8017 5964 1342
f 8017 5387 5964
f 5387 5388 679
f 5388 5387 8017
f 3825 8017 1342
f 1891 1352 5389
f 5390 5389 1352
f 1351 5382 1343
f 5391 1351 1343
f 5393 696 5392
f 5394 680 5384
f 5394 1884 1892
f 5384 1884 5394
f 2486 2492 682
f 2492 2486 2494
f 3441 1354 698
f 1353 1346 1886
f 5395 1346 1353
f 3992 2498 701
f 5397 702 5396
f 5397 8018 1895
f 8018 5397 5396
f 1359 5397 1895
f 5399 648 5398
f 5399 5398 1358
f 2039 5400 5401
f 1777 5401 5400
f 5404 1590 4344
f 4344 1590 2034
f 705 3002 2401
f 4340 706 3447
f 4340 3445 3552
f 3445 4340 3447
f 5405 1356 3442
f 701 709 3917
f 1323 5406 649
f 5406 1323 5943
f 1898 5943 1894
f 5943 1898 5406
f 5407 5406 1898
f 649 5406 1869
f 5408 1807 1901
f 5918 5410 2041
f 5413 2499 2400
f 3448 3445 714
f 5414 3553 3446
f 4334 5415 3395
f 4335 3447 706
f 5416 8019 650
f 2037 5417 5416
f 2043 5417 2037
f 5416 5417 8019
f 2008 650 8019
f 1904 8020 3006
f 4329 5418 1806
f 3459 5420 723
f 2046 5420 3451
f 3555 2504 724
f 5423 734 1366
f 3557 5423 1366
f 3556 5901 5414
f 3394 5424 3447
f 3452 5424 3394
f 2047 716 3995
f 5425 2471 651
f 2502 5425 651
f 5425 2502 2506
f 5426 3454 3012
f 3005 3011 5427
f 3455 5429 3560
f 5430 5892 8071
f 5431 3561 3555
f 1367 1725 8021
f 726 8021 1725
f 1728 1374 742
f 5432 725 1368
f 1373 5432 1368
f 5889 737 2051
f 2047 2049 727
f 2049 2047 2050
f 3013 5433 2753
f 5433 4324 652
f 2985 652 4324
f 5429 732 3853
f 5435 740 5434
f 3564 5434 3467
f 3564 5435 5434
f 5436 5431 733
f 1728 742 1729
f 5439 5440 744
f 5439 3566 3118
f 3118 5440 5439
f 3303 739 5441
f 3337 3303 5441
f 5442 5441 745
f 5441 5442 3306
f 3017 8022 8023
f 8022 5443 8023
f 8022 746 5443
f 3896 741 1375
f 3572 4318 747
f 4318 3308 3902
f 3308 4318 3572
f 3861 750 1731
f 2057 5445 3864
f 3311 754 3020
f 756 5453 5449
f 5448 3570 5449
f 4312 5450 2354
f 5443 746 3313
f 5451 5452 758
f 4310 5452 1381
f 2360 762 4298
f 8059 5453 3869
f 5448 5453 8059
f 5448 5449 5453
f 5448 1379 3570
f 8024 757 1387
f 8024 5450 757
f 5454 5450 8024
f 5450 5454 2354
f 5455 3574 3872
f 5451 758 1739
f 1381 5452 5451
f 8025 3874 1389
f 3874 8025 8026
f 766 5457 1391
f 3316 3315 762
f 3575 5459 763
f 5460 763 5459
f 1742 772 5469
f 5461 5462 773
f 5462 5796 773
f 3578 5461 3876
f 3578 5462 5461
f 5463 3573 3577
f 3878 5464 1192
f 5465 3873 3877
f 775 5466 1397
f 5467 2065 767
f 2059 767 2066
f 2062 769 3030
f 769 3028 3032
f 5468 772 3880
f 2064 772 5468
f 5469 772 2064
f 5471 1399 5470
f 4006 5471 3813
f 4005 5472 3875
f 3880 5472 4005
f 5473 5474 782
f 1240 5474 5473
f 5475 1191 5476
f 5477 783 2071
f 1748 2071 1912
f 1747 5478 1743
f 2367 778 3320
f 3319 779 3491
f 3032 779 3319
f 5480 780 3884
f 5480 5481 780
f 2069 5480 2369
f 2069 5481 5480
f 3887 5482 4058
f 5483 780 3881
f 5485 790 5484
f 5485 5484 1403
f 8029 5486 781
f 5486 5771 1239
f 5486 1239 1402
f 1751 2072 791
f 1751 5728 1916
f 1750 1746 1911
f 2375 5487 784
f 5487 5488 784
f 2564 5487 2377
f 5488 5487 2564
f 3324 786 3326
f 2372 786 3324
f 5490 788 5489
f 5490 5489 3888
f 5491 788 5490
f 2374 5491 5490
f 5492 5493 797
f 3890 5493 5492
f 5494 5489 788
f 5489 5494 3889
f 798 1404 8045
f 1755 2075 1931
f 1755 799 2075
f 5496 4271 790
f 1754 4271 5496
f 2381 792 2379
f 5497 792 2381
f 2588 792 5497
f 3330 2380 794
f 3584 795 3585
f 796 5498 5500
f 5499 5500 3891
f 5498 3891 5500
f 5499 3040 5500
f 796 5500 5742
f 5501 4089 3893
f 4089 5501 796
f 5498 796 5501
f 1408 5502 1513
f 1761 807 1932
f 804 3897 5505
f 5505 3335 804
f 3587 3335 5505
f 5506 804 3335
f 8031 5507 4135
f 3897 804 5507
f 3899 3897 8031
f 3897 5507 8031
f 805 5508 5509
f 5508 8032 5509
f 1414 8032 1512
f 805 5509 1412
f 5510 1764 5511
f 1762 806 5511
f 824 808 811
f 815 2077 2076
f 3591 825 415
f 217 3252 5302
f 3338 3170 3252
f 5306 404 5514
f 2388 5306 5514
f 5307 5306 2388
f 2566 5307 2388
f 405 3044 5515
f 5515 5311 405
f 5515 4255 5311
f 5311 4255 2928
f 1247 5311 2928
f 4055 829 407
f 4055 3049 829
f 2285 396 824
f 3590 3794 414
f 1766 416 1245
f 836 3343 2394
f 810 1466 812
f 3342 1424 831
f 831 1424 1420
f 2080 833 2081
f 2080 2081 4249
f 2395 837 3906
f 849 3348 3056
f 3910 852 1428
f 854 853 997
f 857 1429 856
f 836 3351 1769
f 1769 1770 836
f 1432 860 1430
f 1431 861 1434
f 863 2403 2087
f 864 2402 4244
f 3059 4244 3354
f 3059 864 4244
f 1259 463 1478
f 2584 465 1262
f 5518 5517 3062
f 5518 3357 5517
f 1774 859 3912
f 838 1422 1502
f 2404 4238 841
f 4238 1423 841
f 3042 2382 801
f 3061 801 4241
f 3061 3042 801
f 3596 3595 851
f 1447 3065 3187
f 5519 895 3915
f 1503 693 1454
f 3072 900 3074
f 2093 902 3481
f 3923 2097 911
f 3923 903 2097
f 1157 1459 904
f 3075 908 2406
f 908 3075 3367
f 3480 910 3611
f 3481 910 3480
f 3924 911 3480
f 911 3924 3962
f 2336 913 4234
f 5627 4234 913
f 2777 923 3079
f 3601 755 3612
f 920 1462 925
f 3617 925 1462
f 849 3080 3082
f 2413 2398 848
f 1826 541 1958
f 1958 932 2417
f 537 540 931
f 1464 1463 927
f 544 3820 4232
f 546 1791 1828
f 2350 752 5445
f 2350 5445 2348
f 872 861 1431
f 3018 4226 737
f 2051 737 4226
f 2058 1734 753
f 3623 4225 941
f 941 4225 2744
f 3624 948 2426
f 1470 950 4222
f 3087 777 3033
f 2760 785 3038
f 1472 953 1468
f 3380 953 1472
f 646 5522 8033
f 708 3916 3993
f 3993 3916 3938
f 3927 943 1802
f 1362 718 1902
f 554 1780 1867
f 1963 554 1867
f 3376 3382 3378
f 3382 3376 3381
f 3928 944 2423
f 944 2102 3378
f 3376 2102 3520
f 2101 940 4216
f 2101 4216 3377
f 940 2101 2339
f 2420 848 3347
f 2413 848 2420
f 2109 783 2070
f 3930 867 3931
f 3626 866 3384
f 3384 829 3049
f 3384 3122 829
f 5526 3340 5525
f 5526 406 3340
f 3408 5526 5525
f 1936 3340 1763
f 4206 1470 1798
f 5527 1796 4207
f 3518 233 671
f 3519 233 3518
f 3438 687 1355
f 5528 5599 3547
f 2999 5529 699
f 697 5531 2998
f 2767 5532 2765
f 5533 3994 2768
f 5535 713 3008
f 953 5534 5533
f 5535 3852 1371
f 1458 5536 947
f 5536 953 3380
f 948 3624 2104
f 918 5537 4000
f 3370 4000 5537
f 3629 917 3616
f 965 3107 3126
f 2350 2362 752
f 1917 787 3491
f 977 1918 2726
f 3382 959 1919
f 2320 960 979
f 2440 969 968
f 982 3079 923
f 1918 959 1411
f 2321 992 990
f 414 613 1311
f 412 993 1311
f 2393 834 835
f 2713 856 2083
f 2713 2722 856
f 3373 850 3371
f 1337 942 2422
f 5633 5539 1488
f 5539 5538 1488
f 1473 5538 5539
f 5538 1473 1337
f 1337 1473 942
f 954 921 920
f 5540 955 3100
f 3372 873 3596
f 3089 3088 729
f 719 1504 2099
f 1000 876 1450
f 809 2385 2424
f 2746 3476 1001
f 475 2971 2747
f 487 1597 1596
f 1596 1445 487
f 1915 1598 488
f 3431 248 3103
f 244 1723 1881
f 240 241 675
f 241 240 2866
f 2018 2001 230
f 227 3977 4162
f 667 3977 227
f 3421 637 3106
f 5541 2748 683
f 5541 2725 2748
f 5542 2026 681
f 5542 5974 3986
f 2026 5542 3986
f 2026 3986 2315
f 1585 681 2026
f 1585 8016 681
f 5544 5543 3840
f 5544 3831 678
f 5544 3840 5545
f 5545 3831 5544
f 1340 3831 5545
f 5383 3831 4078
f 645 3102 5546
f 5546 4185 3110
f 1006 669 3105
f 3105 3465 1006
f 2749 1006 3465
f 3119 3191 232
f 3191 3119 5548
f 672 1594 1889
f 674 5596 2490
f 3247 3120 676
f 643 2729 644
f 5549 2729 643
f 2323 5550 5552
f 1922 5550 2323
f 5550 1490 1000
f 5550 5551 1490
f 5550 3475 5552
f 5550 1000 3475
f 3606 2090 890
f 2090 3606 4177
f 4177 5553 2092
f 892 5553 891
f 5554 5553 892
f 2092 5553 5554
f 3067 2092 5554
f 5556 2779 3608
f 894 3069 3608
f 3469 895 5519
f 3469 5519 1452
f 2095 1517 5557
f 1517 897 5557
f 3071 2318 899
f 899 2318 898
f 1888 690 2282
f 3989 690 2033
f 689 3987 5558
f 5558 2114 1348
f 3987 2114 5558
f 2031 5558 1348
f 5573 3987 1887
f 1923 688 1925
f 5559 688 1923
f 957 1477 1345
f 410 1587 2079
f 2284 2111 4212
f 2113 5560 2309
f 799 791 5561
f 2112 5561 791
f 5568 807 2073
f 952 2055 1808
f 1934 952 1808
f 840 988 987
f 1484 988 839
f 3116 836 2394
f 2419 907 2423
f 1337 2422 2431
f 1338 956 5562
f 3580 787 2319
f 1490 1940 1442
f 734 743 1726
f 743 2052 1726
f 743 734 1756
f 1801 1725 5564
f 5563 5564 1725
f 5563 1726 2052
f 735 1801 953
f 5564 5563 1800
f 2052 1800 5563
f 966 770 3125
f 771 770 966
f 1482 795 975
f 795 3581 2319
f 975 795 2319
f 1011 642 2335
f 964 2335 580
f 2335 642 580
f 2980 580 642
f 1004 630 2324
f 1004 2324 1011
f 1924 1004 1011
f 1011 2324 642
f 944 3378 939
f 944 939 2423
f 2419 2423 939
f 4165 1338 5538
f 1488 5538 1338
f 4165 5538 1337
f 5565 1488 4164
f 4196 4164 5566
f 4196 5565 4164
f 5633 5565 4196
f 1488 5565 5633
f 1488 1338 5562
f 4164 5562 3474
f 4164 1488 5562
f 4164 3474 1476
f 5567 5566 1476
f 4164 1476 5566
f 1489 5567 1475
f 1489 5566 5567
f 1475 717 4194
f 3101 1475 4194
f 1489 1475 3101
f 1475 1363 717
f 5653 1475 5567
f 5523 1338 2432
f 956 1338 5523
f 1337 2431 4165
f 1338 4165 2432
f 2432 4165 2431
f 2431 2422 728
f 2409 2419 960
f 914 2409 960
f 2419 2409 907
f 851 3350 3618
f 3618 2416 929
f 3618 3350 2416
f 3117 835 839
f 3117 839 838
f 3116 2394 4239
f 4239 2394 835
f 3117 4239 835
f 987 989 840
f 996 1484 839
f 3343 836 1770
f 832 1770 1769
f 3343 1770 1771
f 2080 837 1771
f 832 1771 1770
f 1771 832 2080
f 2080 832 833
f 951 2761 1808
f 2055 961 1808
f 823 807 5568
f 2078 5568 2073
f 2078 2073 5569
f 5569 2074 2079
f 1768 2074 828
f 5560 828 2074
f 828 5560 963
f 2073 2308 5569
f 5569 2309 2074
f 2074 2309 5560
f 963 5560 2302
f 2113 2302 5560
f 963 2302 962
f 5561 2112 2308
f 5561 2075 799
f 2112 2113 2309
f 2112 2309 2308
f 2308 2309 5569
f 5561 2308 2073
f 2075 5561 2073
f 2073 807 2075
f 962 2284 4166
f 2110 2434 962
f 4166 2110 962
f 2433 2434 2110
f 2111 2112 791
f 2284 2302 2113
f 962 2302 2284
f 2284 2113 2111
f 2111 2113 2112
f 2074 1768 2079
f 1768 410 2079
f 5569 2079 2078
f 2079 1587 2078
f 823 5568 1588
f 2078 1588 5568
f 2078 1587 1588
f 823 1588 5570
f 1587 6071 1588
f 823 5570 579
f 957 1357 718
f 1503 718 1357
f 1503 1357 693
f 1345 1357 957
f 964 5571 2335
f 5571 1810 2335
f 1923 1809 5559
f 1809 1923 1927
f 1809 1927 1810
f 1810 1927 1011
f 1011 2335 1810
f 1927 1923 1924
f 1011 1927 1924
f 4167 1004 1924
f 4167 1926 1004
f 4167 1923 1925
f 4167 1924 1923
f 1005 1926 3439
f 3119 1005 3439
f 5572 4167 1925
f 5572 1926 4167
f 1926 5572 3439
f 5571 964 2115
f 2115 2114 5573
f 5574 5573 4168
f 5574 2115 5573
f 5571 2115 5574
f 5571 5574 1810
f 1810 4168 1809
f 5574 4168 1810
f 5573 2114 3987
f 5573 1887 4168
f 1809 4168 1886
f 1809 1886 5559
f 3978 3836 4169
f 3836 2031 1348
f 4169 3836 1348
f 3978 4169 1347
f 1348 4170 1347
f 1348 1347 4169
f 1347 4170 1479
f 1347 1479 671
f 1479 4170 2115
f 4170 1348 2114
f 2115 4170 2114
f 1479 2115 964
f 3836 3978 2282
f 2282 3989 3836
f 3989 2033 3836
f 3836 2033 2031
f 2031 689 5558
f 672 1888 4171
f 1880 672 4171
f 1888 2282 4171
f 1880 4171 2281
f 1880 2281 673
f 2281 4171 2282
f 670 2281 2282
f 3989 2282 690
f 3978 670 2282
f 1453 5557 897
f 4172 1453 898
f 4172 5557 1453
f 2094 5557 4172
f 5557 2094 2095
f 2318 4172 898
f 2317 4172 2318
f 4172 2317 2094
f 5575 2317 886
f 2317 5575 2094
f 2318 5576 2317
f 5576 3070 2317
f 3070 886 2317
f 5577 886 3070
f 5577 3070 888
f 5576 2318 3071
f 5576 4173 3070
f 3411 888 3070
f 4173 5576 3071
f 3411 3070 4173
f 4173 3071 3361
f 3411 4173 3361
f 3120 3411 3361
f 3247 3411 3120
f 5578 4174 1448
f 1448 1449 885
f 5578 1517 2095
f 5578 2095 4174
f 4174 2095 2094
f 1448 4174 5575
f 2094 5575 4174
f 1449 1448 5575
f 5575 886 1449
f 884 1451 1448
f 1451 5579 1452
f 5578 1451 1452
f 1448 1451 5578
f 1452 1517 5578
f 5580 1452 5519
f 3915 5580 5519
f 897 3915 3610
f 3915 897 5580
f 1452 5580 1517
f 897 1517 5580
f 3605 5581 3468
f 5581 882 3468
f 3468 3469 5582
f 3605 3468 5582
f 4175 3605 5582
f 883 3605 4175
f 4175 5582 5579
f 5582 3469 5579
f 5579 3469 1452
f 5579 1451 4175
f 4175 884 883
f 884 4175 1451
f 3468 882 3607
f 4176 3607 3608
f 4176 3468 3607
f 3469 3468 4176
f 4176 3608 3069
f 3069 895 3469
f 3469 4176 3069
f 5556 3068 2779
f 5556 2778 3068
f 8034 5583 2778
f 881 5583 8034
f 880 5583 881
f 881 8034 882
f 3607 5556 3608
f 5556 3607 2778
f 2778 3607 8034
f 882 8034 3607
f 5583 3066 2778
f 3066 3068 2778
f 894 5555 893
f 894 2779 5555
f 3068 5555 2779
f 3608 2779 894
f 5583 5584 3066
f 880 5584 5583
f 3066 5585 3067
f 3066 3067 3068
f 5555 3068 5554
f 3068 3067 5554
f 5554 892 5555
f 5555 892 893
f 2091 2088 5586
f 2091 5587 2092
f 2088 2091 5588
f 2088 5584 1443
f 5588 5584 2088
f 5585 2092 3067
f 2091 2092 5585
f 5588 5585 3066
f 2091 5585 5588
f 5588 3066 5584
f 1443 5584 880
f 5586 2322 2091
f 2322 2089 2091
f 878 2322 5586
f 2090 4177 5589
f 5589 4177 5587
f 5587 2091 2089
f 5587 4177 2092
f 891 4177 3606
f 5553 4177 891
f 2089 2322 5590
f 5590 5589 5587
f 5590 2323 5589
f 5587 2089 5590
f 2323 5552 2090
f 5552 3475 2090
f 2323 2090 5589
f 890 2090 3475
f 1442 1940 5591
f 877 1442 5591
f 5551 1940 1490
f 2405 1940 5592
f 5592 5551 2731
f 1940 5551 5592
f 2730 5592 2731
f 2730 2405 5592
f 2405 2730 5593
f 5549 5593 2730
f 1003 1920 2295
f 5594 1921 2295
f 1920 5594 2295
f 1921 2323 5590
f 1921 1922 2323
f 2295 1921 5590
f 2322 2295 5590
f 2295 2322 878
f 999 5595 1920
f 1920 5595 5594
f 644 2729 5595
f 4178 5594 5595
f 1921 4178 1922
f 4178 2731 1922
f 5594 4178 1921
f 2729 5549 2730
f 5595 2730 4178
f 5595 2729 2730
f 4178 2730 2731
f 1922 2731 5550
f 5550 2731 5551
f 5595 999 644
f 2295 878 1003
f 5586 2088 1781
f 1443 879 2088
f 3064 881 882
f 883 5581 3605
f 883 1782 5581
f 1448 1447 884
f 1448 885 1447
f 5577 887 1783
f 886 5577 1783
f 5577 888 887
f 676 5597 677
f 5596 5597 4179
f 677 5597 5596
f 4179 2490 5596
f 5598 5597 3120
f 5597 676 3120
f 5598 4179 5597
f 4179 5598 3121
f 2491 4179 3121
f 2490 4179 2491
f 5598 4180 3121
f 4180 1454 3121
f 3361 5598 3120
f 3361 3071 4180
f 5598 3361 4180
f 1454 4180 3071
f 1454 3071 899
f 889 888 3411
f 889 3411 3247
f 674 677 5596
f 2490 4181 674
f 2735 4181 2490
f 2735 2490 3484
f 3484 2491 693
f 2490 2491 3484
f 2491 3121 693
f 690 1888 2997
f 672 1889 1888
f 2997 1888 1889
f 1889 691 2997
f 2735 691 1889
f 2735 1889 4181
f 1595 1889 1594
f 4181 1889 1595
f 4181 1595 674
f 1595 1594 675
f 5599 685 3192
f 5528 685 5599
f 3191 5548 3192
f 5600 3192 5548
f 4182 5600 5601
f 5599 3192 5600
f 5599 5600 3547
f 3547 5600 4182
f 3439 5601 3119
f 3119 5601 5548
f 5600 5548 5601
f 5601 3439 5572
f 4182 5601 5572
f 4182 5572 1925
f 3549 4182 1925
f 5602 1925 688
f 3549 1925 5602
f 2748 2749 4183
f 2725 2749 2748
f 5603 2748 4183
f 2748 5603 2995
f 4183 2749 3465
f 4183 3465 5604
f 5603 4183 3464
f 3464 4183 5604
f 2996 5603 3464
f 3464 5605 2996
f 3464 5606 685
f 3464 685 5605
f 5604 3104 5606
f 3464 5604 5606
f 685 5606 3192
f 3191 3192 3104
f 5606 3104 3192
f 5604 3465 3105
f 3104 5604 3105
f 3104 3105 2017
f 3191 3104 2017
f 3105 669 2017
f 1585 2994 2029
f 1585 2029 8016
f 5608 2993 5607
f 5608 5607 2994
f 4184 5607 2993
f 2994 5607 2029
f 5966 5607 4184
f 2029 5607 5966
f 5610 2993 668
f 5610 5609 2993
f 2993 5609 4184
f 2030 5609 5610
f 4184 5609 2030
f 5611 5541 683
f 5611 2030 5541
f 1493 664 1009
f 664 4187 1009
f 2734 1009 1360
f 2751 1010 2714
f 1001 1002 2751
f 5616 4185 2714
f 2714 4185 1001
f 2714 1001 2751
f 3102 4185 5546
f 3102 2746 4185
f 4185 2746 1001
f 1008 4079 3839
f 4078 3830 4079
f 3839 4079 3830
f 1340 4078 3831
f 4078 1340 3830
f 3839 3830 3976
f 3839 3976 663
f 3830 1340 4186
f 4186 3976 3830
f 3976 4186 3543
f 4186 1340 5612
f 4186 5612 1339
f 4186 1339 3543
f 664 3543 1339
f 4187 664 1339
f 5612 1340 5545
f 1339 5613 4187
f 1339 5545 5613
f 1339 5612 5545
f 5613 5545 3840
f 5613 3840 5614
f 5614 3841 4187
f 5613 5614 4187
f 1360 4187 3841
f 1360 1009 4187
f 2734 1360 5547
f 3841 5547 1360
f 1010 8035 2714
f 5547 8035 1010
f 5614 3840 5615
f 3841 5615 4188
f 3841 5614 5615
f 8036 5547 3841
f 3841 4188 8036
f 8035 5616 2714
f 8035 8036 5616
f 5547 8036 8035
f 5616 8036 3432
f 5616 3110 4185
f 5616 5618 3110
f 5618 5616 3432
f 5615 3840 5543
f 3433 5615 5543
f 5617 5615 3433
f 4188 5615 5617
f 4188 5617 3432
f 4188 3432 8036
f 3110 5618 5546
f 1879 2993 4189
f 668 2993 1879
f 5608 2994 2325
f 4189 5608 2326
f 2993 5608 4189
f 1879 4189 2750
f 1585 2325 2994
f 2326 2325 1584
f 5608 2325 2326
f 4189 2326 1007
f 1007 2750 4189
f 1584 665 2326
f 1007 2326 665
f 2325 1585 1584
f 665 1584 5619
f 665 5619 1877
f 1585 4190 1584
f 1584 4190 5619
f 2025 1877 5619
f 4190 2025 5619
f 1877 2025 666
f 4190 1585 2026
f 2025 4190 4191
f 4191 666 2025
f 666 4191 2327
f 2315 4190 2026
f 4191 4190 2315
f 2315 2316 4191
f 2316 2327 4191
f 1008 2327 2316
f 8037 4079 1008
f 2316 8037 1008
f 4192 2315 5620
f 4192 2316 2315
f 4192 5621 2316
f 8037 5621 4079
f 2316 5621 8037
f 5622 5621 4192
f 4078 4079 5622
f 4079 5621 5622
f 3986 5620 2315
f 5623 3986 5974
f 5620 3986 5623
f 4192 5620 5623
f 5623 5624 4192
f 5624 5622 4192
f 5622 5624 3985
f 5622 3985 5383
f 4078 5622 5383
f 678 3831 8014
f 2749 5625 1006
f 667 2749 5626
f 5625 2749 667
f 5626 2725 2482
f 2725 5626 2749
f 667 5626 2482
f 667 2482 3977
f 2030 5610 5541
f 2725 5541 5610
f 2725 5610 2482
f 2483 2482 5610
f 2483 5610 668
f 1335 2483 668
f 1002 624 2751
f 1010 624 640
f 2751 624 1010
f 1494 1010 640
f 640 3421 1494
f 3106 1494 3421
f 1494 5547 1010
f 1494 3106 2734
f 5547 1494 2734
f 1009 2734 3106
f 1493 1009 3106
f 1493 3106 637
f 664 1493 3844
f 637 1319 1493
f 1493 1319 3844
f 663 3542 218
f 3477 663 218
f 3839 663 3477
f 1008 3839 3477
f 2733 1008 3477
f 3524 3477 218
f 2733 635 2481
f 635 2733 3477
f 666 2327 2481
f 2733 2481 2327
f 1008 2733 2327
f 2481 635 224
f 224 635 2977
f 1007 665 2479
f 2479 665 2480
f 2479 223 633
f 1007 2479 633
f 5625 667 3838
f 227 3838 667
f 3838 227 3958
f 631 3838 3958
f 1878 1007 633
f 2750 1878 1879
f 2750 1007 1878
f 668 1879 1335
f 1879 1878 228
f 1335 1879 228
f 228 1878 1318
f 3838 2001 669
f 3838 669 1006
f 5625 3838 1006
f 631 2001 3838
f 2018 669 2001
f 627 1005 232
f 232 1005 3119
f 232 3414 627
f 1005 2732 1926
f 2732 1005 627
f 2732 1004 1926
f 2463 2732 627
f 2732 2463 2465
f 1004 2732 2465
f 1004 2465 630
f 1722 2019 236
f 673 1722 237
f 1722 673 2019
f 236 2019 3978
f 2019 670 3978
f 673 670 2019
f 670 673 2281
f 2328 2866 240
f 240 1594 672
f 1594 240 675
f 674 1881 677
f 1881 2022 677
f 1723 2022 1881
f 2022 1723 245
f 3247 676 3431
f 3247 3431 3103
f 889 3247 3103
f 492 3103 248
f 495 1598 1915
f 1915 888 495
f 887 888 1915
f 887 1915 488
f 1783 1449 886
f 1449 1783 491
f 1449 491 3065
f 885 1449 3065
f 484 491 1600
f 491 484 3065
f 3187 3065 484
f 883 884 1446
f 1445 1446 884
f 883 1446 1593
f 1446 1596 1593
f 1596 1446 1445
f 1596 480 1593
f 2801 3064 483
f 3064 2801 881
f 3360 881 2801
f 2801 483 3186
f 2801 476 3360
f 1443 880 1444
f 1444 472 1443
f 479 472 1444
f 472 879 1443
f 2747 1781 475
f 2747 878 1781
f 1003 878 2747
f 2747 2971 1003
f 2971 625 1003
f 1003 625 2000
f 1003 2000 1920
f 2000 625 1859
f 622 1002 3476
f 1002 622 3413
f 2745 3961 572
f 2745 2746 3102
f 3102 645 2745
f 572 2969 2745
f 2746 2745 2969
f 3476 2970 622
f 2746 2970 3476
f 2969 2970 2746
f 3476 1002 1001
f 890 3475 1450
f 3475 1000 1450
f 1000 1490 876
f 2000 618 999
f 2000 999 1920
f 999 2337 644
f 644 2337 1315
f 618 1315 2337
f 999 618 2337
f 841 1466 809
f 2385 1466 810
f 1466 2385 809
f 1467 1416 946
f 946 1416 561
f 808 1467 2385
f 1467 808 1416
f 1416 808 824
f 872 2404 2424
f 945 2424 1467
f 2424 2385 1467
f 890 1450 900
f 900 1450 3879
f 3879 1450 875
f 1450 876 875
f 3604 875 876
f 1504 719 1902
f 1503 1504 718
f 1504 1902 718
f 2099 2330 922
f 2096 2330 2099
f 898 2330 2096
f 898 2096 899
f 1454 2096 1504
f 2096 1454 899
f 1504 2096 2099
f 1503 1454 1504
f 2330 906 2336
f 2330 2336 922
f 906 913 2336
f 906 2330 898
f 1477 709 1345
f 1345 709 701
f 3089 709 1477
f 729 709 3089
f 416 1766 827
f 938 827 816
f 938 816 998
f 541 2418 932
f 938 2418 550
f 932 2728 929
f 932 998 2728
f 2418 998 932
f 938 998 2418
f 2712 3372 929
f 929 3372 3618
f 3618 3372 3596
f 3618 3596 851
f 921 4195 5627
f 4195 2108 5627
f 4234 2108 5540
f 4234 5540 4193
f 5540 2108 955
f 4193 5540 2430
f 5540 3100 2430
f 5629 2429 2411
f 2430 5629 4193
f 5628 4193 5629
f 5628 5629 2411
f 2429 2407 2411
f 5631 5630 2429
f 720 5631 1365
f 5630 5631 720
f 2429 5629 5632
f 5631 2429 4194
f 5632 5629 2430
f 5632 2430 3100
f 5632 3101 2429
f 2429 3101 4194
f 4194 717 5631
f 1804 2108 4195
f 4195 921 954
f 1365 5631 717
f 1473 943 942
f 1802 943 1473
f 1802 1473 5539
f 1804 5539 1474
f 1802 5539 1804
f 1474 3100 955
f 5633 4196 1474
f 1474 5539 5633
f 4196 3100 1474
f 5566 3100 4196
f 5632 3100 5566
f 5632 5566 1489
f 5632 1489 3101
f 4246 850 3350
f 3350 850 3373
f 3350 3373 3374
f 2416 3350 3374
f 3374 930 2416
f 1789 3374 3373
f 3374 1789 930
f 1789 3373 1464
f 1464 3373 3371
f 1789 1464 927
f 1788 1789 927
f 997 2321 1773
f 2321 847 1773
f 819 2722 816
f 816 2722 998
f 2722 2713 2728
f 2728 998 2722
f 2728 2713 2712
f 2728 2712 929
f 2713 2083 2712
f 873 2712 2083
f 2712 873 3372
f 995 1505 1417
f 1486 1505 995
f 1417 1505 3096
f 3096 3043 1417
f 3096 1505 1506
f 3097 818 3096
f 1506 3097 3096
f 2321 997 1506
f 992 1506 1505
f 1506 992 2321
f 992 1505 1486
f 1417 3043 817
f 995 826 994
f 1417 826 995
f 3591 1417 817
f 827 1766 2386
f 1767 2386 1766
f 817 1767 825
f 834 1484 996
f 1484 986 988
f 3047 993 412
f 814 993 3047
f 1466 813 812
f 989 813 1466
f 991 814 1409
f 1486 995 991
f 992 1485 990
f 992 1486 1485
f 819 2386 818
f 997 3097 1506
f 818 3043 3096
f 853 818 3097
f 997 853 3097
f 854 997 1773
f 1772 854 1773
f 854 1772 1428
f 855 1428 852
f 873 2083 852
f 852 2083 855
f 2083 856 1429
f 857 856 2722
f 857 2722 819
f 834 996 835
f 2077 815 814
f 2077 814 3047
f 1485 813 989
f 1423 839 840
f 1466 840 989
f 840 839 988
f 835 996 839
f 414 1311 993
f 1486 991 1409
f 1485 1409 813
f 810 812 811
f 811 812 815
f 991 995 994
f 994 826 1487
f 993 814 1487
f 993 1487 414
f 814 994 1487
f 994 814 991
f 990 847 2321
f 987 847 990
f 989 990 1485
f 1485 1486 1409
f 1484 834 986
f 847 987 986
f 989 987 990
f 987 988 986
f 2395 3907 834
f 2395 834 2393
f 974 2319 787
f 975 2319 976
f 975 976 2726
f 974 976 2319
f 2742 976 974
f 2726 1918 1410
f 1410 1918 1411
f 959 1918 978
f 3099 924 3079
f 3099 3079 982
f 969 983 1917
f 2440 983 969
f 2440 984 983
f 985 2440 968
f 1483 967 971
f 973 1483 971
f 1917 972 969
f 974 983 2742
f 977 984 978
f 1918 977 978
f 984 2440 985
f 978 984 985
f 982 981 970
f 981 968 970
f 968 980 985
f 970 967 1483
f 970 1483 982
f 980 968 981
f 980 979 978
f 985 980 978
f 2726 976 2742
f 977 2726 2742
f 977 2742 984
f 2742 983 984
f 1917 983 974
f 971 967 972
f 3099 1483 973
f 982 1483 3099
f 3387 924 3099
f 973 966 3099
f 3387 3099 966
f 923 2741 981
f 923 981 982
f 2741 2320 981
f 981 2320 980
f 2320 979 980
f 979 1919 978
f 1919 959 978
f 4197 975 2726
f 1482 975 4197
f 2726 1410 4197
f 4197 1410 1482
f 958 1482 1410
f 787 1917 974
f 972 1917 3491
f 972 3491 779
f 3579 771 973
f 973 971 3579
f 973 771 966
f 971 779 3579
f 3029 3579 779
f 972 779 971
f 968 967 970
f 972 967 969
f 968 969 967
f 3317 2363 3412
f 770 3317 3412
f 2363 4198 2362
f 5634 2362 2350
f 2362 5634 2351
f 2362 2351 2363
f 3412 2363 2351
f 2441 752 5635
f 2362 5635 752
f 2362 4198 5635
f 2441 5635 762
f 4198 2363 3317
f 4198 3317 4297
f 4198 4297 3316
f 4198 3316 5635
f 5635 3316 762
f 803 3585 1482
f 3625 803 1482
f 795 1482 3585
f 958 3625 1482
f 754 3412 2351
f 754 3386 3412
f 3386 3126 3412
f 3412 3126 3125
f 3412 3125 770
f 3125 3126 3387
f 3125 3387 966
f 3107 3387 3126
f 3387 3107 924
f 2410 914 2320
f 2320 914 960
f 2320 2741 2410
f 915 2410 2741
f 915 2741 923
f 916 2777 3093
f 916 915 2777
f 924 3093 2777
f 3616 916 3093
f 3629 3616 3093
f 3093 3630 3629
f 3093 924 3107
f 3630 3093 3107
f 754 3369 3386
f 3311 3369 754
f 3369 3370 965
f 965 3370 5636
f 3386 3369 965
f 965 5636 3630
f 3386 965 3126
f 965 3630 3107
f 3370 3630 5636
f 3630 3370 3629
f 3629 5537 918
f 5537 3629 3370
f 917 3629 918
f 941 2740 2422
f 2740 941 737
f 2740 728 2422
f 3379 948 947
f 947 948 1481
f 1480 5637 1375
f 948 5637 1481
f 5637 4199 1375
f 2104 5637 948
f 1375 5638 747
f 5638 3572 747
f 4199 5637 2104
f 4199 5638 1375
f 2103 3572 5638
f 2103 5638 4199
f 3572 4205 759
f 3572 2103 4205
f 5536 3380 947
f 1481 1480 1457
f 1375 741 1480
f 1480 1481 5637
f 735 953 5533
f 5534 953 5536
f 1372 5536 1458
f 5534 5536 1372
f 3852 1458 1457
f 4200 1371 1457
f 724 4200 733
f 4200 741 733
f 1481 1458 947
f 1458 1481 1457
f 4200 1457 1480
f 741 4200 1480
f 3994 5534 1372
f 5533 726 735
f 5533 5534 3994
f 3007 1371 724
f 3852 1372 1458
f 1371 3852 1457
f 1371 4200 724
f 3004 3458 726
f 726 5533 3004
f 2767 5639 3008
f 3994 5640 2768
f 3994 5639 5640
f 5533 2768 3004
f 5640 5639 2767
f 3458 3004 715
f 3008 3852 5535
f 713 5535 3007
f 5639 3994 1372
f 5639 1372 3852
f 5639 3852 3008
f 3007 5535 1371
f 5640 4201 3004
f 3004 4201 2766
f 3004 2766 715
f 4201 5640 2765
f 707 715 3001
f 2766 3001 715
f 705 3003 3002
f 705 5532 3003
f 5532 2767 3003
f 3003 2767 3008
f 3004 2768 5640
f 2767 2765 5640
f 3003 3008 713
f 4204 4201 2998
f 4204 4202 3001
f 707 3001 4202
f 707 699 3553
f 707 4202 2999
f 707 2999 699
f 3001 2766 4204
f 4204 2766 4201
f 697 2998 5532
f 697 5532 3000
f 4201 2765 2998
f 5532 2998 2765
f 705 3000 5532
f 1355 1356 699
f 699 5529 1355
f 2999 4203 5529
f 4203 3438 5529
f 3437 5641 3109
f 4203 5641 3437
f 3438 1355 5529
f 684 5530 3440
f 2999 5641 4203
f 4204 3109 5641
f 5530 3109 5531
f 3440 5530 5531
f 4204 5531 3109
f 2999 4202 5641
f 5641 4202 4204
f 4204 2998 5531
f 3440 5531 697
f 3548 3549 3438
f 3438 5602 687
f 5602 3438 3549
f 687 688 1346
f 4182 5642 3547
f 3549 3548 4182
f 3548 5642 4182
f 5602 688 687
f 3436 5605 685
f 5528 3436 685
f 3547 5642 3437
f 3437 5528 3547
f 5528 3437 3436
f 5642 3548 4203
f 3438 4203 3548
f 5642 4203 3437
f 5530 3436 3109
f 3109 3436 3437
f 3436 5530 684
f 1479 580 3518
f 964 580 1479
f 671 1479 3518
f 3624 949 2104
f 2104 949 4199
f 949 1797 4199
f 1797 2103 4199
f 4205 5527 759
f 759 5527 766
f 4206 2103 1797
f 4205 4206 1796
f 2103 4206 4205
f 4205 1796 5527
f 1470 4206 3929
f 950 1470 3929
f 1798 1796 4206
f 949 3929 1797
f 1797 3929 4206
f 1896 5527 4207
f 766 5527 1896
f 4207 1798 5643
f 4207 1796 1798
f 2105 1896 4207
f 4208 1798 1470
f 5643 1798 4208
f 5643 2105 4207
f 1896 2105 1897
f 1470 1471 4208
f 4208 1471 951
f 4208 951 2107
f 4208 2107 5644
f 5643 4208 5644
f 2208 2105 5644
f 5643 5644 2105
f 1897 5645 775
f 2208 5645 1897
f 1897 2105 2208
f 5645 2070 775
f 5644 4211 2208
f 2070 5645 2106
f 5645 2208 2106
f 5644 2107 4211
f 4211 2106 2208
f 2109 2070 2106
f 579 8038 5646
f 5646 823 579
f 5647 4209 1936
f 2390 4209 5647
f 8038 1937 5646
f 2390 1937 8038
f 1937 2390 5647
f 5648 5646 1937
f 823 5646 5648
f 2390 8038 1303
f 1303 8038 579
f 6150 4209 2390
f 3408 5525 4209
f 5525 3340 1936
f 4209 5525 1936
f 1763 3340 822
f 866 3060 3384
f 3122 3384 3060
f 3385 3628 3384
f 3385 3384 3049
f 963 3048 828
f 3048 963 3385
f 3626 3600 866
f 3626 3627 3931
f 867 3600 3626
f 3931 867 3626
f 5524 3627 4210
f 962 5524 963
f 5524 4210 963
f 3384 3628 3626
f 3628 3627 3626
f 4210 3627 3628
f 4210 3628 3385
f 963 4210 3385
f 2055 952 3930
f 3930 3931 2055
f 2055 3931 3932
f 2055 3932 961
f 961 3932 2433
f 2434 3932 3627
f 2433 3932 2434
f 3932 3931 3627
f 962 2434 5524
f 3627 5524 2434
f 961 2433 4211
f 2106 4211 2110
f 4211 2433 2110
f 2107 961 4211
f 961 2107 1808
f 2107 951 1808
f 2106 2110 2109
f 783 2109 4212
f 2071 4212 2072
f 783 4212 2071
f 2109 2110 4166
f 2109 2284 4212
f 2109 4166 2284
f 2072 2111 791
f 4212 2111 2072
f 2413 4213 2415
f 4213 2338 2415
f 2338 4213 5649
f 2420 4213 2413
f 4213 2420 4214
f 4214 5649 4213
f 2421 5649 4214
f 2339 5649 940
f 940 5649 2421
f 3594 2420 3347
f 2420 3594 4214
f 3594 2421 4214
f 3594 803 2421
f 2415 2338 928
f 2339 2338 5649
f 928 2338 2100
f 2100 2338 2339
f 2101 936 2339
f 2100 2339 936
f 2102 3376 3378
f 3381 3520 3377
f 3376 3520 3381
f 3377 3520 936
f 936 2101 3377
f 944 3603 874
f 3928 3603 944
f 3603 3928 3604
f 3919 3604 3918
f 875 3604 3919
f 3604 3928 3918
f 3928 2423 3918
f 907 3918 2423
f 939 4215 3383
f 960 2419 3383
f 3383 2419 939
f 979 960 1919
f 1919 3383 4215
f 1919 960 3383
f 3382 1919 4215
f 958 3381 4216
f 958 4216 3621
f 958 3621 3625
f 3625 3621 2421
f 803 3625 2421
f 3378 3382 4215
f 939 3378 4215
f 3382 3381 1411
f 1410 3381 958
f 1410 1411 3381
f 959 3382 1411
f 195 3946 3959
f 1868 5651 3946
f 3959 3946 5651
f 1963 1867 5650
f 5650 1867 2405
f 5650 2405 1868
f 5651 1868 5593
f 5593 5549 5651
f 5651 5549 3959
f 3959 5549 643
f 2405 5593 1868
f 2405 1867 1940
f 5591 1780 877
f 1867 1780 5591
f 5591 1940 1867
f 3706 187 3952
f 3952 4217 3706
f 4390 3706 4217
f 572 4217 3952
f 3961 4217 572
f 3961 2745 3528
f 3528 2745 645
f 3089 1477 956
f 3089 956 5523
f 3089 5523 2432
f 3089 2432 3088
f 3088 2505 729
f 3088 2431 2505
f 3088 2432 2431
f 957 1805 1477
f 1805 956 1477
f 5652 957 718
f 957 5652 1805
f 3474 5562 1805
f 5562 956 1805
f 5652 4218 3474
f 5652 3474 1805
f 4218 1476 3474
f 1476 4218 5653
f 5567 1476 5653
f 4218 1362 4333
f 4218 718 1362
f 5652 718 4218
f 4218 4333 1361
f 5653 4218 1361
f 5653 1361 1475
f 1361 1363 1475
f 1803 1802 954
f 1804 954 1802
f 1804 4195 954
f 1804 1474 955
f 955 2108 1804
f 925 3926 1803
f 1803 954 925
f 1802 1803 3927
f 1803 3926 3927
f 3927 3623 941
f 3930 952 2763
f 3930 3078 867
f 3930 2763 3078
f 3062 3078 2762
f 2762 2763 4220
f 3078 2763 2762
f 793 2762 5656
f 729 3938 3917
f 3917 709 729
f 4339 3938 3916
f 3917 3938 4339
f 3995 3938 729
f 716 3993 3938
f 3938 3995 716
f 5543 3546 3433
f 5381 3546 5543
f 5543 5544 5381
f 678 5381 5544
f 3545 4219 5617
f 5617 3433 5983
f 5983 3433 3546
f 3432 4219 8039
f 4219 3432 5617
f 8033 4219 3545
f 5522 8039 8033
f 8039 4219 8033
f 646 3423 5522
f 5618 5522 5546
f 5522 5618 8039
f 3423 5546 5522
f 3423 645 5546
f 3432 8039 5618
f 920 925 954
f 921 1787 920
f 750 5521 743
f 1800 2052 5521
f 743 5521 2052
f 5654 5564 1800
f 5564 5654 1801
f 953 1801 1468
f 3084 947 3380
f 1472 1469 3380
f 1469 3084 3380
f 1469 1472 1468
f 3083 1469 1468
f 1468 1376 749
f 5654 1376 1468
f 1376 5655 1377
f 1801 5654 1468
f 1376 1800 5655
f 1800 1376 5654
f 1800 5521 5655
f 5655 5521 1377
f 952 1934 2763
f 4220 2763 2760
f 2760 2763 1934
f 2760 3038 4220
f 2762 4220 3038
f 5656 2762 3038
f 1934 1808 2761
f 2760 1934 4221
f 4221 4222 3087
f 4222 4221 2761
f 1934 2761 4221
f 4221 3087 3033
f 4221 3033 3034
f 785 4221 3034
f 785 2760 4221
f 2761 951 1471
f 1471 1470 4222
f 2761 1471 4222
f 3086 4222 950
f 3087 4222 3086
f 3929 949 3086
f 950 3929 3086
f 3086 4223 3087
f 3087 4223 777
f 3086 4224 4223
f 777 4223 2496
f 4224 3086 949
f 768 4223 4224
f 2496 4223 768
f 949 3624 2426
f 4224 949 2426
f 4224 2426 2425
f 4224 2425 768
f 768 3026 3027
f 2425 3026 768
f 2426 3085 2425
f 2425 3085 3026
f 2426 3379 3085
f 3379 2426 948
f 3379 3084 3085
f 3084 3379 947
f 3026 3083 761
f 3085 3083 3026
f 1384 761 3083
f 1469 3085 3084
f 3083 3085 1469
f 1384 3083 749
f 1468 749 3083
f 755 3622 3617
f 3617 3622 3926
f 3622 3623 3926
f 3927 3926 3623
f 3617 3926 925
f 737 2744 3018
f 2743 753 3018
f 3018 2744 2743
f 2743 2744 4225
f 3021 2743 4225
f 3022 3021 4225
f 3022 3623 3622
f 4225 3623 3022
f 755 3022 3622
f 1729 1935 751
f 1729 751 1732
f 1729 1732 1730
f 1730 1727 1729
f 1935 1729 742
f 1732 1731 1730
f 1731 750 1756
f 1756 750 743
f 1756 1730 1731
f 5657 1935 742
f 5446 5657 1733
f 5446 1935 5657
f 2058 1733 1734
f 5658 1733 2058
f 5658 5446 1733
f 2056 5446 5658
f 751 1935 5446
f 3015 5657 736
f 742 736 5657
f 4226 3015 2051
f 1733 5657 3015
f 4226 1733 3015
f 4226 1734 1733
f 753 4226 3018
f 1734 4226 753
f 561 464 946
f 868 946 464
f 1467 946 868
f 945 868 861
f 861 868 1434
f 945 1467 868
f 861 872 945
f 945 872 2424
f 872 1431 1430
f 3619 2102 874
f 936 4227 3620
f 2102 3619 4227
f 874 2102 944
f 936 3520 4227
f 2102 4227 3520
f 3619 3620 4227
f 1952 5659 937
f 5659 1821 937
f 3620 1821 5659
f 3620 5659 936
f 3619 874 4228
f 874 877 4228
f 3619 4228 3620
f 1820 3620 4228
f 1821 3620 1820
f 4228 877 1820
f 1821 1944 937
f 3927 941 943
f 941 942 943
f 942 941 2422
f 737 941 2744
f 2351 3020 754
f 5634 3020 2351
f 4229 3020 5634
f 4229 5634 2350
f 2349 2350 2348
f 2350 2349 4229
f 2349 753 3019
f 4229 2349 3019
f 1210 920 1787
f 1158 1787 905
f 554 2963 1780
f 2962 1820 2963
f 1780 2963 5660
f 5660 877 1780
f 3063 4230 1820
f 1820 2962 3063
f 1820 5660 2963
f 877 5660 1820
f 4230 1821 1820
f 1944 3063 549
f 3063 1944 4230
f 1821 4230 1944
f 2421 3621 940
f 3621 4216 940
f 3381 3377 4216
f 938 550 1570
f 938 416 827
f 1570 416 938
f 549 1828 1944
f 1944 1828 1793
f 937 1944 1793
f 1792 1793 1828
f 1828 1791 1792
f 935 928 4231
f 935 4231 1792
f 4231 1793 1792
f 1952 937 1793
f 4231 2100 1952
f 4231 1952 1793
f 1952 936 5659
f 2100 4231 928
f 936 1952 2100
f 1791 3925 1277
f 1277 1792 1791
f 1277 3925 4232
f 544 4232 3925
f 934 4232 3820
f 4232 934 1277
f 1465 1277 926
f 926 1277 934
f 1277 935 1792
f 1277 1465 935
f 928 935 1465
f 933 1790 3820
f 3820 1790 934
f 544 2961 3820
f 3820 2961 933
f 933 927 1790
f 1790 927 1463
f 926 934 1463
f 1463 934 1790
f 542 3375 933
f 933 3375 927
f 1959 3375 1960
f 1959 537 931
f 2416 930 931
f 1959 931 930
f 1959 1788 3375
f 1788 1959 930
f 927 3375 1788
f 1788 930 1789
f 931 540 2417
f 540 1958 2417
f 1958 541 932
f 2417 932 929
f 2417 2416 931
f 2416 2417 929
f 849 2399 3080
f 2399 2398 4233
f 3080 2399 4233
f 4233 2398 2413
f 4233 2413 2414
f 4233 2414 3081
f 3080 4233 3081
f 926 3081 2414
f 926 2414 1465
f 2414 2415 1465
f 2414 2413 2415
f 2415 928 1465
f 3371 850 3057
f 849 3082 3057
f 3371 3057 3082
f 1464 3371 3082
f 1464 3082 5661
f 1464 5661 1463
f 5661 3080 3081
f 3082 3080 5661
f 5661 3081 926
f 5661 926 1463
f 3612 755 3617
f 3612 3617 1462
f 919 3613 1462
f 3612 1462 3613
f 920 919 1462
f 1210 919 920
f 5520 3311 3312
f 3369 3311 5520
f 3602 3369 5520
f 3369 3602 3370
f 5520 3312 755
f 3602 5520 3601
f 5520 755 3601
f 3370 3602 4000
f 5662 3602 3601
f 3602 5662 4000
f 4000 5662 4001
f 3612 3613 3601
f 919 5662 3613
f 3613 5662 3601
f 923 2777 915
f 2777 3079 924
f 2429 5630 2407
f 2408 4234 4193
f 2411 2407 2408
f 2408 5628 2411
f 2408 4193 5628
f 2408 2336 4234
f 1908 5627 913
f 2108 4234 5627
f 921 5627 1908
f 720 2042 5630
f 2407 4235 2412
f 2412 2408 2407
f 2408 2412 922
f 2336 2408 922
f 5630 2042 2407
f 4235 2042 1364
f 2042 4235 2407
f 4235 1364 719
f 719 2099 2412
f 4235 719 2412
f 922 2412 2099
f 1787 1908 905
f 1908 1787 921
f 1210 1787 1158
f 1158 1157 912
f 1210 1158 912
f 912 1461 1210
f 919 1210 1461
f 3924 912 3962
f 1461 912 3924
f 1461 4001 5662
f 919 1461 5662
f 1461 3924 4001
f 3924 3480 4001
f 4001 918 4000
f 3480 911 3481
f 3480 918 4001
f 3480 3611 918
f 917 918 3611
f 3611 3368 917
f 3368 910 909
f 910 3368 3611
f 909 3090 3368
f 917 3368 3090
f 917 3090 3616
f 3090 909 3367
f 3616 3090 916
f 3367 909 908
f 3367 3075 3077
f 3077 3090 3367
f 3090 3077 916
f 3077 3076 916
f 916 3076 915
f 3077 3075 3076
f 3076 4236 915
f 915 4236 2410
f 3076 3075 4236
f 4236 3075 4237
f 914 4236 4237
f 2410 4236 914
f 4237 2409 914
f 907 2409 4237
f 4237 3075 2406
f 907 4237 2406
f 913 905 1908
f 1460 905 913
f 1158 905 1459
f 1459 1157 1158
f 1157 904 912
f 3962 904 3923
f 904 3962 912
f 3962 3923 911
f 2093 3481 2097
f 3481 911 2097
f 3364 3481 902
f 3364 902 1456
f 901 3364 1456
f 3364 910 3481
f 910 3364 909
f 909 3364 901
f 3072 3074 901
f 901 3074 909
f 909 3074 908
f 900 3879 3074
f 3879 875 3919
f 3879 3919 3920
f 3920 3074 3879
f 3074 3920 908
f 2406 908 3920
f 2406 3920 3919
f 3919 3918 2406
f 907 2406 3918
f 906 898 1453
f 896 1460 1453
f 906 1453 1460
f 913 906 1460
f 896 1275 1460
f 1460 1275 905
f 896 3610 1275
f 1275 3610 3609
f 3609 905 1275
f 905 3609 1459
f 1459 3609 895
f 1459 895 3073
f 1459 3073 904
f 895 3069 3073
f 3073 903 3923
f 3923 904 3073
f 903 894 893
f 893 2093 2097
f 903 893 2097
f 2093 892 1456
f 2093 1456 902
f 891 1520 1456
f 901 1456 1520
f 891 3606 1520
f 3606 890 1520
f 1520 3072 901
f 890 3072 1520
f 890 900 3072
f 3121 1454 693
f 1453 897 896
f 897 3610 896
f 3610 3915 3609
f 3915 895 3609
f 3069 903 3073
f 3069 894 903
f 2093 893 892
f 892 891 1456
f 492 3189 889
f 492 889 3103
f 495 889 3189
f 889 495 888
f 1783 887 488
f 488 1600 1783
f 491 1783 1600
f 885 3065 1447
f 884 1447 1445
f 1445 1447 3187
f 487 1445 3187
f 883 1593 1782
f 5581 3064 882
f 1782 3064 5581
f 1782 483 3064
f 1782 1593 483
f 880 881 3360
f 3360 1444 880
f 479 1444 3360
f 879 472 1592
f 1781 2088 879
f 878 5586 1781
f 1781 879 1592
f 1781 1592 475
f 874 1442 877
f 1490 1442 876
f 876 1442 3604
f 1442 3603 3604
f 1442 874 3603
f 3909 3596 852
f 3596 873 852
f 3061 3041 3042
f 793 3061 3062
f 793 3041 3061
f 793 3062 2762
f 3062 3061 5518
f 3078 5517 867
f 3062 5517 3078
f 4238 1422 1423
f 1502 1422 4238
f 2404 1502 4238
f 872 1502 2404
f 2404 841 809
f 2404 809 2424
f 3116 4239 858
f 858 4239 3117
f 858 3117 838
f 3599 3116 858
f 858 838 3597
f 3597 838 860
f 1502 860 838
f 1430 860 1502
f 1502 872 1430
f 1774 1775 859
f 1419 1774 3821
f 3903 1419 3821
f 1774 1419 832
f 3912 4240 3821
f 3821 1774 3912
f 4240 3822 3821
f 4240 3912 3913
f 3913 3822 4240
f 865 3822 3913
f 801 3822 865
f 3822 801 3050
f 3051 3822 3050
f 3051 830 3821
f 3821 3822 3051
f 865 3058 3356
f 3356 3357 5518
f 3356 5518 4241
f 3356 4241 865
f 801 865 4241
f 4241 5518 3061
f 3181 2087 3914
f 3180 3914 870
f 3180 870 465
f 3914 2087 870
f 3181 462 871
f 3181 871 2087
f 4242 463 1261
f 1478 463 4242
f 4242 1261 1262
f 1478 4242 869
f 869 4242 1262
f 1262 465 1779
f 1779 465 870
f 1259 4243 1260
f 1260 4243 464
f 464 4243 1434
f 4243 1259 1435
f 1434 868 464
f 1259 1478 1435
f 4243 1435 1434
f 1435 1478 869
f 3358 3512 407
f 3354 3512 3358
f 3354 3359 3512
f 4458 3359 3807
f 4458 3512 3359
f 4244 3807 3359
f 5516 871 462
f 5516 462 3807
f 3358 407 3122
f 3354 4245 3059
f 4245 3354 3353
f 3060 4245 3353
f 3060 3353 3122
f 3358 3122 3353
f 3353 3354 3358
f 3354 4244 3359
f 4244 2402 5516
f 5516 2402 871
f 3807 4244 5516
f 2402 863 2087
f 2402 2087 871
f 870 2087 2403
f 3598 2086 2084
f 2086 3598 862
f 870 2084 1779
f 2084 870 2403
f 2084 2403 2085
f 2085 2403 863
f 1262 2084 2086
f 1262 1779 2084
f 862 869 2086
f 1262 2086 869
f 1606 869 862
f 1778 1431 1434
f 869 1606 1778
f 1435 869 1778
f 1435 1778 1434
f 867 5517 3600
f 3355 3357 3356
f 5517 3357 3600
f 3058 3355 3356
f 3357 3355 3600
f 3355 3060 3600
f 3600 3060 866
f 3355 3058 4245
f 4245 3060 3355
f 4245 3058 3059
f 3059 3058 864
f 3058 3913 864
f 865 3913 3058
f 3913 3912 3911
f 3913 3911 864
f 859 3911 3912
f 864 3911 2402
f 2402 3911 863
f 859 3352 863
f 3911 859 863
f 3352 3351 2085
f 2085 3351 5663
f 3352 2085 863
f 3599 5663 3351
f 2084 2085 5663
f 3599 858 3598
f 5663 3599 3598
f 2084 5663 3598
f 1432 3597 860
f 858 3597 1433
f 1433 3598 858
f 3597 1432 1433
f 862 1433 1606
f 3598 1433 862
f 1606 1432 1431
f 1433 1432 1606
f 1606 1431 1778
f 1432 1430 1431
f 1774 832 1769
f 1769 1775 1774
f 3351 3352 1769
f 1775 1769 3352
f 1775 3352 859
f 3351 836 3116
f 3351 3116 3599
f 853 1429 857
f 853 857 818
f 818 857 819
f 2083 1429 855
f 855 1429 1428
f 854 1429 853
f 1428 1429 854
f 3909 852 3910
f 3910 845 3909
f 3596 3909 3595
f 3908 845 3910
f 3908 3910 1772
f 1772 3910 1428
f 3908 1772 846
f 846 1772 1773
f 3595 4246 3350
f 851 3595 3350
f 4246 3595 844
f 3057 4246 844
f 850 4246 3057
f 3592 3595 845
f 3592 844 3595
f 3593 3592 845
f 3909 845 3595
f 3057 3349 849
f 3349 3348 849
f 3349 843 3348
f 3346 843 3349
f 844 3349 3057
f 3346 3349 844
f 2082 3346 844
f 3056 2399 849
f 3056 3055 4247
f 4247 2399 3056
f 2399 4247 2398
f 3054 3055 3053
f 3055 3054 4247
f 2398 3054 848
f 4247 3054 2398
f 842 3055 3052
f 3055 842 3053
f 3056 843 3055
f 843 3052 3055
f 843 3056 3348
f 3054 3347 848
f 4248 3594 3347
f 3332 4248 3345
f 3333 5664 4248
f 3594 4248 5664
f 3594 5664 803
f 3347 3345 4248
f 3053 3345 3347
f 3347 3054 3053
f 834 1427 986
f 1427 846 986
f 846 1773 986
f 847 986 1773
f 3908 846 1427
f 1427 3907 3823
f 3823 3908 1427
f 3823 845 3908
f 834 3907 1427
f 3907 2395 3593
f 3823 3907 3593
f 3823 3593 845
f 3906 3593 2395
f 3592 3593 3906
f 3592 3906 5665
f 3592 5665 844
f 4249 3906 2080
f 3906 837 2080
f 4249 5665 3906
f 2081 2082 4249
f 5665 4249 2082
f 5665 2082 844
f 2081 4250 2082
f 2082 4250 3346
f 4250 2081 1426
f 4250 843 3346
f 4250 1426 843
f 2081 833 1421
f 1421 1420 1426
f 2081 1421 1426
f 1420 1424 1426
f 843 1426 3052
f 1424 4251 1426
f 4251 3052 1426
f 1424 1425 4251
f 842 4251 1425
f 842 3052 4251
f 3053 842 1425
f 3053 1425 3345
f 3345 1425 3341
f 3342 1425 1424
f 3341 1425 3342
f 3345 3341 802
f 2384 802 3341
f 3341 2383 2384
f 5666 3341 3342
f 5666 3342 2392
f 5666 2383 3341
f 2392 800 5666
f 1466 841 1423
f 1466 1423 840
f 1423 1422 839
f 1422 838 839
f 2393 2394 4252
f 2395 2393 4252
f 4252 2394 3343
f 3343 1771 4252
f 1771 837 4252
f 2395 4252 837
f 2393 835 2394
f 833 1418 1421
f 833 832 1418
f 1418 1420 1421
f 1418 832 1419
f 1419 3903 1418
f 1418 831 1420
f 831 1418 3903
f 831 3903 830
f 3903 3821 830
f 3342 4253 2392
f 831 4253 3342
f 831 830 4253
f 830 4254 4253
f 2392 4254 2391
f 2392 4253 4254
f 800 2392 2391
f 4254 830 3051
f 4254 3051 3050
f 4254 3050 2628
f 2382 3050 801
f 2628 3050 2382
f 1767 1249 825
f 1249 1766 1245
f 401 825 1249
f 825 401 415
f 3794 3590 415
f 411 3047 412
f 2077 3047 411
f 2285 824 411
f 411 824 2076
f 1416 824 396
f 3122 407 829
f 3049 3800 3385
f 3048 3385 3800
f 828 3048 1768
f 3048 3800 1768
f 3800 3049 3798
f 1768 1248 410
f 1768 3799 1248
f 1768 3800 3799
f 5667 3340 406
f 5667 822 3340
f 3046 2929 5668
f 5668 2928 5670
f 5668 5670 3046
f 3046 5669 2929
f 5667 5669 822
f 3046 1441 5669
f 5671 5669 1441
f 822 5669 5671
f 4255 5670 2928
f 5670 5672 3046
f 5672 5670 4255
f 1440 5672 4255
f 5672 1440 4259
f 1441 3046 8041
f 3046 5672 8041
f 5515 3044 5673
f 3044 3045 5673
f 5673 4255 5515
f 1440 4255 5673
f 1413 3045 821
f 5673 3045 1413
f 5675 2567 2566
f 4256 2567 5675
f 2567 4256 5674
f 2389 5674 4256
f 5676 5674 2389
f 3044 5674 5676
f 5675 2566 2388
f 4257 5675 2388
f 5675 2389 4256
f 5675 5677 2389
f 821 5676 5678
f 5676 2389 5678
f 5676 821 3044
f 3044 821 3045
f 5679 5678 3811
f 821 5678 5679
f 5677 5675 4257
f 5677 5680 2389
f 2389 5680 5678
f 5677 4257 5680
f 5678 5680 3811
f 5680 4257 3810
f 2387 5514 404
f 4257 2388 5514
f 5512 5514 2387
f 5512 4257 5514
f 4257 5512 3810
f 3252 3170 5302
f 3170 3338 5682
f 3170 5682 3171
f 3171 6189 3170
f 3339 5513 5682
f 2387 5513 5512
f 5682 5513 2387
f 5682 2387 3171
f 404 5683 2387
f 2387 5683 3171
f 3339 3589 5513
f 5513 3589 820
f 5512 5513 820
f 5682 3338 4258
f 5682 4258 3339
f 3589 3339 4258
f 3338 3252 3253
f 4258 3338 3253
f 662 4258 3253
f 3588 4258 662
f 1767 1766 1249
f 3591 826 1417
f 825 3591 817
f 826 3591 3590
f 3591 415 3590
f 3590 414 1487
f 1487 826 3590
f 2076 811 815
f 411 2076 2077
f 824 811 2076
f 1936 1763 5684
f 5511 1936 5684
f 5684 1762 5511
f 5684 1763 1762
f 1764 5647 1936
f 5647 1765 1937
f 5511 1764 1936
f 5647 1764 1765
f 5648 1937 1765
f 5648 807 823
f 1765 1764 5685
f 5648 1765 1932
f 1765 5685 1932
f 807 5648 1932
f 5686 1440 5673
f 5673 1413 5686
f 5686 1413 5687
f 5687 1413 1412
f 4259 1440 8040
f 1440 5686 8040
f 8040 5686 5687
f 5672 4259 5688
f 5509 5687 1412
f 1414 8040 8032
f 5509 8032 5687
f 8040 5687 8032
f 4259 8040 1414
f 1414 5688 4259
f 8041 5688 1415
f 8041 5672 5688
f 1441 8041 1415
f 1415 5688 5689
f 1415 8042 1441
f 8042 5671 1441
f 5671 8042 5690
f 822 5690 1763
f 5671 5690 822
f 5690 1762 1763
f 1512 5688 1414
f 5689 5688 1512
f 1415 5689 1513
f 1513 8042 1415
f 8042 5502 5690
f 8042 1513 5502
f 5690 806 1762
f 5690 5502 806
f 5681 820 3898
f 5512 5681 3810
f 820 5681 5512
f 5692 3897 5691
f 4260 5691 3899
f 3898 5692 5681
f 5692 5691 5681
f 3810 5691 4260
f 3810 5681 5691
f 5693 5680 3810
f 5680 5693 3811
f 3810 4260 5693
f 3899 5691 3897
f 3900 4260 5694
f 3899 5694 4260
f 3900 5693 4260
f 3811 5693 3900
f 5695 3811 3900
f 5696 5679 5695
f 3811 5695 5679
f 1413 5696 1412
f 1413 821 5696
f 5679 5696 821
f 3899 8031 5694
f 3900 5694 4261
f 4261 5695 3900
f 5695 4261 5697
f 5697 5696 5695
f 1412 5697 805
f 5696 5697 1412
f 5694 8031 5698
f 8031 4135 5698
f 4261 5698 4136
f 5694 5698 4261
f 5699 5697 4261
f 4136 5699 4261
f 5699 8043 805
f 5699 805 5697
f 661 3334 4262
f 661 4262 5700
f 3429 661 5700
f 3586 5700 4262
f 3430 3429 5701
f 3586 3335 3587
f 3586 4262 3335
f 4263 3586 3587
f 5700 3586 5701
f 3429 5700 5701
f 3588 5701 3586
f 5701 3588 662
f 3588 3586 4263
f 4258 3588 3589
f 3588 4263 3589
f 5692 5505 3897
f 5505 5692 3898
f 3587 5505 4263
f 4263 5505 3898
f 3589 4263 3898
f 3589 3898 820
f 819 827 2386
f 816 827 819
f 818 2386 3043
f 3043 1767 817
f 2386 1767 3043
f 815 812 1409
f 1409 814 815
f 812 813 1409
f 810 811 808
f 2385 810 808
f 807 1761 2075
f 5702 1760 1931
f 5702 1931 1761
f 1931 2075 1761
f 798 5703 1758
f 5702 4264 1760
f 4264 5504 1760
f 5504 4264 5703
f 5703 1759 1758
f 5703 5510 1759
f 1932 5702 1761
f 1932 4264 5702
f 4264 1932 5685
f 4264 5685 1764
f 5703 4264 5510
f 5510 4264 1764
f 1759 5511 806
f 1759 5510 5511
f 5502 5704 806
f 5705 4265 5706
f 5706 4265 1408
f 4265 5502 1408
f 1310 5502 4265
f 5704 5502 1310
f 806 1758 1759
f 806 5704 1758
f 1758 5704 1310
f 5706 1309 5705
f 4265 5705 1310
f 1758 1310 1404
f 798 1758 1404
f 5707 5503 1407
f 1405 5708 8044
f 5707 8044 5708
f 5708 5503 5707
f 5503 5708 797
f 1309 5709 1407
f 5706 5709 1309
f 1407 4266 5707
f 1407 5709 4266
f 5710 5707 4266
f 8044 5707 5710
f 1513 5706 1408
f 5706 1513 5689
f 5689 5709 5706
f 4266 5689 1512
f 5709 5689 4266
f 5710 4266 1512
f 8044 5508 1406
f 8044 5710 5508
f 8032 5710 1512
f 5508 5710 8032
f 1406 5508 805
f 5507 5711 4135
f 5712 5711 5507
f 5507 804 5712
f 5711 5501 4267
f 5711 3892 5501
f 5711 5712 3892
f 4135 5711 4267
f 5698 4135 4267
f 3891 5498 3892
f 5501 3892 5498
f 4267 5501 3893
f 5713 4267 3893
f 4136 5713 3894
f 4267 5713 4136
f 4136 5698 4267
f 3894 5714 4136
f 5714 8043 5699
f 4136 5714 5699
f 5714 1406 8043
f 805 8043 1406
f 5715 5714 3894
f 5715 1406 5714
f 8044 1406 1405
f 5715 1405 1406
f 5713 3893 5716
f 3893 5717 5716
f 3893 4089 5717
f 5713 5718 3894
f 5718 5713 5716
f 5718 5716 5717
f 5718 5715 3894
f 5715 5718 3890
f 1405 5715 5492
f 5715 3890 5492
f 5708 5492 797
f 5708 1405 5492
f 3039 5719 5720
f 660 5719 2991
f 5720 5719 660
f 3039 3036 3040
f 3039 3329 5719
f 2991 5719 3329
f 3329 3039 3040
f 3329 3040 5499
f 2992 2991 5721
f 2991 3329 5721
f 2992 5721 661
f 661 5721 3334
f 5722 5499 4268
f 5722 3329 5499
f 3329 5722 5721
f 5721 5722 3334
f 4262 4268 3335
f 4262 5722 4268
f 3334 5722 4262
f 5499 3891 5723
f 5723 3891 3892
f 5499 5723 4268
f 5506 4268 5723
f 5712 5723 3892
f 5506 5723 5712
f 5712 804 5506
f 4268 5506 3335
f 3330 794 3328
f 3584 3330 3328
f 3330 3331 4269
f 795 3584 3328
f 3331 3330 3584
f 802 3331 3332
f 3331 3584 3332
f 3332 3345 802
f 3332 3584 3333
f 4248 3332 3333
f 3584 3585 3333
f 3585 803 3333
f 5664 3333 803
f 2376 2379 792
f 2379 3325 2380
f 2379 5725 5724
f 2381 2379 5724
f 5725 2379 2380
f 2381 5724 800
f 5724 5725 800
f 800 5725 2383
f 800 2383 5666
f 5725 2380 4269
f 2384 5725 4269
f 2383 5725 2384
f 3330 4269 2380
f 802 2384 4269
f 3331 802 4269
f 793 2589 3041
f 5656 2589 793
f 5726 5497 4270
f 2588 5497 5726
f 3041 2589 4270
f 5726 4270 2589
f 3041 4270 3042
f 5727 5497 2381
f 5727 2382 4270
f 4270 5497 5727
f 4270 2382 3042
f 2391 5727 2381
f 2628 2382 5727
f 4254 5727 2391
f 5727 4254 2628
f 2391 2381 800
f 799 1755 5728
f 5728 1755 1916
f 5728 791 799
f 1755 1754 1916
f 1750 1916 1754
f 791 5728 1751
f 1754 1755 1931
f 1754 1931 4271
f 1752 4271 1760
f 790 4271 1752
f 4271 1931 1760
f 5504 1752 1760
f 1753 5703 798
f 1752 5703 1753
f 5504 5703 1752
f 1753 798 8045
f 1404 5729 1264
f 1264 8045 1404
f 5484 1753 8045
f 5729 8046 5730
f 5729 5730 1264
f 5484 8045 1264
f 1403 5484 1264
f 5484 790 1753
f 1753 790 1752
f 5731 5495 8030
f 5495 1263 8030
f 5495 5731 789
f 8046 4272 1263
f 5729 4272 8046
f 4272 8030 1263
f 5731 797 789
f 5705 5729 1310
f 5729 1404 1310
f 4272 5729 5705
f 5705 1309 4272
f 1309 8030 4272
f 8030 1407 5731
f 8030 1309 1407
f 5731 1407 5503
f 5731 5503 797
f 3889 5732 8047
f 5732 4273 5733
f 5733 4273 3890
f 4273 5493 3890
f 797 5493 789
f 4273 5734 4058
f 4273 5732 5734
f 4058 5493 4273
f 5482 5493 4058
f 789 5493 5482
f 3889 8047 4274
f 5733 8047 5732
f 5489 4274 5735
f 5489 3889 4274
f 3888 5489 5735
f 3888 5735 796
f 5733 3890 5718
f 5733 5718 5717
f 4089 8047 5717
f 4274 8047 4089
f 5733 5717 8047
f 5735 4089 796
f 5735 4274 4089
f 2373 2477 5374
f 5736 2373 5374
f 5736 5374 659
f 5738 2374 5737
f 5737 4275 2373
f 5738 5737 2373
f 4275 5739 2373
f 2477 2373 5739
f 5739 2478 2477
f 5737 2374 3037
f 4275 5737 3037
f 4275 3036 5739
f 3036 5720 5739
f 2478 660 5740
f 5720 660 2478
f 5739 5720 2478
f 3036 3039 5720
f 3036 4275 3037
f 3036 3037 4276
f 3036 4276 3040
f 5741 2374 5490
f 5741 3037 2374
f 5741 5490 3888
f 5741 3888 5742
f 4276 5741 5742
f 3037 5741 4276
f 796 5742 3888
f 3040 5742 5500
f 3040 4276 5742
f 794 3580 3581
f 794 3581 3328
f 3581 3580 2319
f 3581 795 3328
f 3323 787 3580
f 3580 794 3326
f 3580 3326 3323
f 3327 3326 794
f 3323 786 3322
f 3326 786 3323
f 2371 2375 784
f 2371 2376 2375
f 2372 3324 5743
f 3325 5743 3324
f 2371 5743 3325
f 2371 3325 2376
f 2379 2376 3325
f 3325 3324 3327
f 3325 3327 2380
f 3324 3326 3327
f 2380 3327 794
f 5744 2565 3038
f 3038 785 5744
f 5746 2565 2377
f 2377 2565 5745
f 3038 2565 5746
f 2377 5745 2564
f 5746 2378 5656
f 5746 2377 2378
f 3038 5746 5656
f 5656 2378 2589
f 5487 2588 2377
f 2378 2377 2588
f 5726 2378 2588
f 2378 5726 2589
f 5747 2588 5487
f 2375 2376 5747
f 5747 5487 2375
f 792 5747 2376
f 5747 792 2588
f 5748 1912 1751
f 1751 1912 2072
f 1750 1911 5748
f 1912 5748 1747
f 2071 2072 1912
f 1746 1749 782
f 1749 1746 1750
f 1916 5748 1751
f 5748 1916 1750
f 1750 1754 5496
f 1749 1750 5496
f 1749 5496 790
f 790 5473 1749
f 790 5485 5473
f 1403 5749 1240
f 1403 5750 5749
f 5473 5485 1240
f 1403 1240 5485
f 1239 5750 1402
f 5749 5750 8048
f 8048 5750 1239
f 5751 5749 8048
f 5749 5751 1240
f 5473 782 1749
f 781 5486 1400
f 5750 4277 1402
f 1402 1263 5752
f 5752 5486 1402
f 1400 5486 5752
f 4277 1263 1402
f 1400 5753 1401
f 5753 1400 5752
f 5750 1403 1264
f 5750 1264 5730
f 8046 1263 4277
f 5730 8046 4277
f 4277 5750 5730
f 5753 5752 1263
f 5495 5753 1263
f 1401 5495 789
f 5753 5495 1401
f 5482 3887 1401
f 5482 1401 789
f 5754 8050 8049
f 5758 5754 3887
f 5754 4278 3887
f 1401 3887 4278
f 1401 4278 5755
f 1401 5755 1400
f 3886 3812 8049
f 5756 8049 3812
f 5756 5754 8049
f 5754 3813 4278
f 5754 5756 3813
f 3813 5755 4278
f 5471 5755 3813
f 1400 5755 5470
f 5470 5755 5471
f 1400 5470 781
f 3886 5757 3812
f 5483 3812 5757
f 5483 5757 780
f 8050 4279 3886
f 5754 5758 8050
f 8049 8050 3886
f 3886 4279 5757
f 780 5757 3884
f 3885 5757 4279
f 3884 5757 3885
f 5758 3887 4058
f 5734 5758 4058
f 5758 5734 8050
f 4279 5732 3889
f 4279 8050 5732
f 8050 5734 5732
f 3885 3889 5494
f 3885 4279 3889
f 788 3885 5494
f 4280 2068 2069
f 658 2068 4280
f 2015 658 4280
f 658 2015 2014
f 2014 2015 5759
f 2069 2369 4280
f 4280 2369 5760
f 4280 5760 2368
f 2015 4280 2368
f 2368 5736 659
f 2368 659 2015
f 4281 5760 2369
f 2368 5760 5738
f 2368 5738 5736
f 5760 4281 5738
f 5736 5738 2373
f 5761 5738 4281
f 5761 2374 5738
f 4281 5480 3884
f 4281 2369 5480
f 788 3884 3885
f 3884 788 4281
f 5491 5761 4281
f 5491 4281 788
f 5761 5491 2374
f 778 3319 3322
f 3322 3319 3491
f 3322 3491 3323
f 3323 3491 787
f 5762 2366 4282
f 776 2366 5762
f 776 5762 784
f 2367 3320 4282
f 3321 5762 4282
f 5762 3321 2371
f 784 5762 2371
f 3321 4282 3320
f 5743 3320 2372
f 3321 3320 5743
f 2371 3321 5743
f 3320 778 2372
f 778 3322 2372
f 3322 786 2372
f 5763 3033 777
f 3034 3033 5763
f 5764 2370 2365
f 2365 5763 2067
f 3034 5763 2365
f 4290 2364 5765
f 5764 4290 5765
f 5764 5765 2370
f 3034 2365 2370
f 3034 2370 5744
f 2565 5744 2370
f 785 3034 5744
f 5765 2364 5745
f 2565 2370 5765
f 2364 2564 5745
f 2565 5765 5745
f 5488 2364 5479
f 784 5479 776
f 784 5488 5479
f 2564 2364 5488
f 1748 5477 2071
f 1744 5477 1748
f 5477 5466 2070
f 783 5477 2070
f 1743 1748 1747
f 1744 1748 1743
f 1744 1397 5466
f 5477 1744 5466
f 2070 5466 775
f 5478 1745 774
f 1747 1911 5478
f 5478 1911 1745
f 1745 1911 1746
f 1747 1748 1912
f 1747 5748 1911
f 1746 782 5766
f 782 5474 5766
f 5767 5770 5769
f 5767 4283 1240
f 4283 5474 1240
f 5474 4283 5768
f 5474 5768 5766
f 1745 1746 8051
f 5766 5768 8051
f 1746 5766 8051
f 1191 5769 5770
f 8052 1192 4283
f 8052 4283 5769
f 5767 5769 4283
f 1192 5768 4283
f 5464 5768 1192
f 8051 5768 5464
f 774 1745 8027
f 1745 8051 8027
f 5464 8027 8051
f 773 5476 1398
f 5796 5476 773
f 5770 8048 4284
f 4284 1191 5770
f 5476 1191 4284
f 5771 5476 4284
f 1398 8029 1399
f 8029 5476 5771
f 5476 8029 1398
f 5751 5767 1240
f 5770 5767 5751
f 8048 5770 5751
f 8048 1239 4284
f 4284 1239 5771
f 5771 5486 8029
f 1399 8029 781
f 781 5470 1399
f 5772 5775 8053
f 5775 5772 4285
f 5773 5471 4285
f 4285 5471 4006
f 1398 1399 5773
f 1399 5471 5773
f 4005 3875 8053
f 5774 5772 8053
f 3876 4285 5772
f 5774 8053 3875
f 5772 5774 3876
f 5461 5773 3876
f 3876 5773 4285
f 773 1398 5461
f 1398 5773 5461
f 5775 4285 4006
f 4286 4005 5775
f 8053 5775 4005
f 5776 4005 4286
f 3880 4005 5776
f 5776 3881 5468
f 5468 3880 5776
f 5775 4006 5756
f 5775 5756 4286
f 5756 4006 3813
f 3812 4286 5756
f 3812 5483 4286
f 5776 4286 5483
f 3881 5776 5483
f 1329 1741 1873
f 5777 657 1873
f 657 1329 1873
f 5469 4287 5778
f 1873 5778 4287
f 5778 1873 1741
f 1874 1873 2063
f 1873 4287 2063
f 1873 1874 5777
f 5469 2064 5779
f 4287 5469 5779
f 5779 5780 4287
f 2063 4287 5780
f 658 1874 2063
f 2063 2068 658
f 5779 2064 4288
f 5779 4288 5780
f 2063 5780 2068
f 2069 2068 5780
f 2069 5780 4288
f 5781 2064 5468
f 4288 2064 5781
f 5481 5468 3881
f 5781 5468 5481
f 5481 4288 5781
f 2069 4288 5481
f 5481 3881 780
f 778 2367 3031
f 778 3031 3319
f 3319 3031 3032
f 3031 769 3032
f 3029 779 3032
f 3032 3028 3029
f 3579 3318 771
f 2361 5467 767
f 2061 2062 4289
f 5782 5467 4289
f 2065 5467 5782
f 2062 3030 4289
f 4289 3030 2366
f 5782 4289 2366
f 2065 5782 776
f 5782 2366 776
f 4282 2366 3030
f 3030 2367 4282
f 2367 3030 769
f 2367 769 3031
f 768 5783 2496
f 2059 8054 5816
f 5784 5816 8054
f 2060 5784 2067
f 2496 5783 2060
f 8054 2059 2066
f 5784 8054 5764
f 5784 5764 2067
f 5763 2060 2067
f 5763 2496 2060
f 777 2496 5763
f 8054 4290 5764
f 8054 2066 4290
f 2067 5764 2365
f 2066 767 2065
f 5479 2066 2065
f 5479 4290 2066
f 5479 2065 776
f 4290 5479 2364
f 4291 1897 775
f 5786 5785 4291
f 1397 5786 4291
f 775 1397 4291
f 1390 5785 1396
f 4291 5785 1391
f 5457 4291 1391
f 1896 5457 766
f 1897 5457 1896
f 4291 5457 1897
f 5787 1390 1396
f 765 5787 1159
f 765 1390 5787
f 4292 1396 5786
f 5785 5786 1396
f 5787 1396 4292
f 5788 5787 4292
f 774 1159 5788
f 1159 5787 5788
f 5786 1397 1744
f 4292 1744 1743
f 5786 1744 4292
f 1743 5788 4292
f 5478 5788 1743
f 774 5788 5478
f 8027 5789 774
f 5464 5789 8027
f 4293 3878 5790
f 4293 5464 3878
f 5789 5464 4293
f 5789 4293 5791
f 5789 5791 1159
f 774 5789 1159
f 3877 3873 5792
f 5790 3877 5792
f 3874 5790 5792
f 5790 3874 4293
f 8026 4293 3874
f 5791 4293 8026
f 5456 5791 8025
f 5791 8026 8025
f 765 1159 5456
f 1159 5791 5456
f 8055 8056 3965
f 5793 8056 8055
f 5793 8055 5465
f 764 8055 3965
f 8028 8055 764
f 5465 8055 8028
f 8052 5790 3878
f 8052 5794 5790
f 4294 5795 5794
f 3877 5790 5794
f 3877 5794 5795
f 3877 5795 5465
f 5795 5793 5465
f 5793 5475 8056
f 3966 3965 8056
f 8052 3878 1192
f 5794 8052 5769
f 4294 5769 1191
f 5794 5769 4294
f 5475 5793 4294
f 5793 5795 4294
f 4294 1191 5475
f 5796 8056 5475
f 5475 5476 5796
f 8056 5796 3966
f 5462 3966 5796
f 5797 5803 3577
f 5797 5798 5803
f 4295 5798 5797
f 4295 3578 5798
f 5799 5462 3578
f 4295 5799 3578
f 5802 5799 4295
f 5799 5802 5800
f 5462 5800 3966
f 3966 5800 3965
f 5462 5799 5800
f 5797 3577 5801
f 3577 3573 5801
f 5797 5801 3574
f 5802 4295 3574
f 4295 5797 3574
f 3965 5800 5802
f 5455 5802 3574
f 764 5802 5455
f 3965 5802 764
f 5463 3575 763
f 5803 8057 3577
f 8057 5463 3577
f 3575 5463 8057
f 8057 5803 5804
f 3575 8057 5804
f 3875 5804 5803
f 5798 3578 5774
f 5803 5798 3875
f 5774 3578 3876
f 5798 5774 3875
f 5804 3875 5472
f 3575 5472 3576
f 3575 5804 5472
f 772 3576 3880
f 5472 3880 3576
f 5809 1328 5805
f 1392 5806 4296
f 1392 5807 5805
f 5808 5807 4296
f 1392 4296 5807
f 5805 5807 5809
f 5809 5807 5808
f 772 5806 1393
f 772 1742 5806
f 5806 1742 4296
f 5778 1742 5469
f 5808 5778 1741
f 4296 5778 5808
f 4296 1742 5778
f 5809 5808 1329
f 1329 5808 1741
f 5805 5835 1385
f 5810 5835 5805
f 1385 1392 5805
f 1328 5810 5805
f 656 5810 1328
f 1385 1386 5811
f 1392 1385 5811
f 1393 5811 1386
f 1393 5806 5811
f 5811 5806 1392
f 1386 5460 5459
f 3576 5459 3575
f 3576 1393 5459
f 5459 1393 1386
f 1393 3576 772
f 769 3315 3028
f 5812 3028 3315
f 3316 5812 3315
f 3318 3028 4297
f 5812 4297 3028
f 3029 3028 3318
f 3029 3318 3579
f 3316 4297 5812
f 4297 771 3318
f 771 4297 770
f 770 4297 3317
f 769 2062 3315
f 2062 4298 3315
f 5813 4298 2062
f 2359 4305 5813
f 5813 2360 4298
f 4298 762 3315
f 5814 760 2359
f 760 5814 2361
f 5813 2062 2061
f 2359 5813 2061
f 5814 2359 2061
f 5467 2061 4289
f 5814 2061 5467
f 5814 5467 2361
f 767 2059 5815
f 2361 767 5815
f 2358 5816 3025
f 2059 2357 5815
f 5816 2358 2357
f 8058 2357 2358
f 1383 5815 2357
f 2361 5815 1383
f 2361 1383 760
f 3025 5458 2358
f 761 3027 3026
f 5458 3027 761
f 5458 3025 5783
f 3027 5458 5783
f 2059 5816 2357
f 3025 5816 5784
f 5784 2060 3025
f 3025 2060 5783
f 768 3027 5783
f 5817 1739 758
f 4299 1391 1740
f 1390 5817 1740
f 1390 765 1739
f 1739 5817 1390
f 1740 1391 5785
f 1740 5785 1390
f 5817 5842 1735
f 1735 1740 5817
f 1735 5818 4299
f 1740 1735 4299
f 766 1736 759
f 766 4299 1736
f 1391 4299 766
f 5819 1388 4300
f 5819 1387 757
f 5820 5821 1389
f 5821 4300 1388
f 4300 5821 5820
f 5819 4300 3873
f 3873 1387 5819
f 5820 1389 3874
f 5792 5820 3874
f 4300 5792 3873
f 4300 5820 5792
f 5465 8028 3873
f 1387 8028 764
f 3873 8028 1387
f 5822 1388 1380
f 5821 1388 5822
f 5821 5822 4301
f 4301 5823 1389
f 5821 4301 1389
f 5823 1381 5451
f 4301 1381 5823
f 1739 765 5824
f 5824 5451 1739
f 5451 5824 5823
f 1389 5823 8025
f 5824 765 5456
f 5823 5824 8025
f 5824 5456 8025
f 5453 5825 3869
f 756 5825 5453
f 5801 5826 3872
f 5826 5801 3871
f 5825 3871 3573
f 3573 3870 3869
f 3869 5825 3573
f 5801 3872 3574
f 3573 3871 5801
f 763 3870 5463
f 3870 3573 5463
f 5825 5827 3871
f 3871 5827 3866
f 5827 5825 756
f 4302 5826 5828
f 5829 5828 5826
f 3866 5829 5826
f 3871 3866 5826
f 4302 3872 5826
f 5828 2354 5454
f 5828 5454 4302
f 5830 8024 1387
f 5830 5454 8024
f 5454 5830 4302
f 764 5830 1387
f 764 5455 5830
f 4302 5455 3872
f 5830 5455 4302
f 5831 5833 3970
f 5831 3970 655
f 5832 5834 3865
f 5833 5831 3865
f 5833 3865 1378
f 3971 5833 1378
f 3970 5833 3971
f 4303 5832 3570
f 1379 4303 3570
f 5832 4303 5834
f 1378 5834 5836
f 1378 3865 5834
f 1378 5835 5810
f 3971 5810 656
f 1378 5810 3971
f 5834 4303 5836
f 1378 5836 5835
f 5836 4303 5837
f 5835 5836 1385
f 1385 5836 5837
f 1385 5837 1386
f 1379 5838 4303
f 5838 1379 5448
f 5448 8059 5838
f 3869 3870 8059
f 4303 5838 5837
f 5838 5460 5837
f 5460 8059 3870
f 5838 8059 5460
f 1386 5837 5460
f 5460 3870 763
f 4304 2441 2360
f 2441 762 2360
f 3863 4304 3868
f 3864 4304 3863
f 3864 2441 4304
f 2441 5445 752
f 5445 2441 3864
f 3868 748 3863
f 748 3868 3867
f 3868 4304 4305
f 4304 2360 4305
f 3867 3868 760
f 3868 4305 760
f 4305 2360 5813
f 760 4305 2359
f 760 1383 3867
f 1382 5839 8058
f 5840 8058 5839
f 5840 5839 4306
f 1383 5840 4306
f 1383 4306 3867
f 4306 5839 3859
f 5444 4306 3859
f 3867 4306 5444
f 3867 5444 748
f 749 4307 1384
f 8058 4307 1382
f 2357 5840 1383
f 8058 2358 4307
f 8058 5840 2357
f 1384 4307 5458
f 2358 5458 4307
f 5458 761 1384
f 5841 3307 4308
f 3313 5841 5842
f 746 5841 3313
f 3307 5818 4308
f 5841 4308 5842
f 3313 5842 3314
f 5818 4309 1736
f 4299 5818 1736
f 4308 5818 1735
f 5842 4308 1735
f 5817 758 5842
f 5842 758 3314
f 4309 3902 3308
f 3307 3902 4309
f 5818 3307 4309
f 3308 3572 759
f 1736 4309 3308
f 759 1736 3308
f 5843 5845 745
f 8060 8061 1381
f 5844 5822 3024
f 5843 3024 5845
f 5845 3024 1380
f 5845 3023 745
f 5844 8060 5822
f 4301 8060 1381
f 5822 8060 4301
f 1380 3024 5822
f 5819 1380 1388
f 5819 5845 1380
f 5819 757 3023
f 3023 5845 5819
f 5843 3016 3024
f 745 3567 5843
f 5846 3017 4310
f 8061 5846 4310
f 5844 3016 5846
f 8061 4310 1381
f 5844 8061 8060
f 5846 8061 5844
f 3016 5844 3024
f 4310 3017 8023
f 3314 5443 3313
f 8023 5443 4310
f 5452 5443 3314
f 5452 4310 5443
f 5452 3314 758
f 5847 5848 2353
f 744 5847 2352
f 744 5848 5847
f 5850 2354 5849
f 4311 2353 5849
f 8062 5849 2353
f 8062 5850 5849
f 2353 4311 5847
f 5851 5847 4311
f 2352 5847 5851
f 5849 5828 5829
f 5849 2354 5828
f 4311 5849 3866
f 5849 5829 3866
f 756 2352 5851
f 3866 5827 4311
f 5851 4311 5827
f 5851 5827 756
f 5848 2346 2353
f 5850 2347 4312
f 5852 2347 5850
f 8062 5852 5850
f 2346 5852 2353
f 2353 5852 8062
f 5850 4312 2354
f 5442 4312 3306
f 4312 2347 3306
f 5853 745 3023
f 5853 5442 745
f 5853 4312 5442
f 5450 3023 757
f 5450 5853 3023
f 5450 4312 5853
f 8063 5832 4313
f 5855 5832 8063
f 3569 8063 4313
f 4313 5854 3569
f 3536 5854 3537
f 5854 4313 5856
f 5854 5856 3537
f 5832 5855 3570
f 5832 3865 5856
f 5832 5856 4313
f 5831 5856 3865
f 5856 5831 655
f 5856 655 3537
f 5854 3565 3569
f 654 5854 3536
f 4314 5855 3566
f 3569 5871 5857
f 3565 5871 3569
f 5857 3566 5855
f 3569 5857 5855
f 3570 5855 4314
f 8063 3569 5855
f 2352 5439 744
f 3566 5439 5858
f 4314 3566 5858
f 5858 5439 2352
f 5858 2352 756
f 4314 5858 5449
f 3570 4314 5449
f 5449 5858 756
f 3022 755 3312
f 3312 3311 3020
f 3020 3021 3312
f 3022 3312 3021
f 3021 4229 3019
f 4229 3021 3020
f 2743 3019 753
f 2743 3021 3019
f 5445 2057 2348
f 2058 2057 5447
f 2348 2058 2349
f 2057 2058 2348
f 5447 2056 5658
f 2058 5447 5658
f 2349 2058 753
f 2056 751 5446
f 4315 5447 2057
f 5447 4315 5859
f 5447 5859 2056
f 751 2056 5859
f 751 5859 3862
f 2057 3864 4315
f 4315 3864 3863
f 4315 3863 5859
f 748 5859 3863
f 5859 748 3862
f 3862 748 5444
f 3860 4316 5444
f 4316 3862 5444
f 4316 751 3862
f 3860 1731 4316
f 3861 1731 3860
f 4316 1731 1732
f 1732 751 4316
f 750 3861 4317
f 4317 1377 750
f 750 1377 5521
f 3861 3859 4317
f 3859 3861 3860
f 1377 4317 1382
f 3860 5444 3859
f 3859 5839 4317
f 4317 5839 1382
f 1376 4307 749
f 4307 1376 1382
f 1377 1382 1376
f 3895 3902 3901
f 740 5841 746
f 740 5860 5841
f 3901 3902 3307
f 5860 3901 5841
f 5841 3901 3307
f 3853 3901 5860
f 3853 3895 3901
f 3902 3895 4318
f 3895 3896 4318
f 747 3896 1375
f 4318 3896 747
f 5861 5863 8064
f 3466 5862 4319
f 3466 4319 5861
f 5861 4319 5863
f 5862 3017 5846
f 4319 5862 5846
f 3016 4319 5846
f 4319 3016 5863
f 5863 3016 5843
f 739 5863 3567
f 5863 5843 3567
f 3563 8064 739
f 8064 5863 739
f 3017 5864 3467
f 3466 5864 5862
f 5864 3017 5862
f 5434 740 746
f 3467 8022 3017
f 3467 5434 8022
f 8022 5434 746
f 5866 3305 5865
f 5866 3336 3305
f 738 5866 5865
f 2347 5868 3306
f 5867 5868 2347
f 3305 5867 5852
f 738 5865 3304
f 5867 2347 5852
f 3305 5852 2346
f 5848 3305 2346
f 5865 3305 5848
f 3304 5865 744
f 5865 5848 744
f 5868 3337 3306
f 5867 5869 5868
f 3336 5867 3305
f 5441 739 3567
f 5441 3306 3337
f 5441 3567 745
f 4320 5870 3112
f 653 5870 3426
f 5872 8065 5871
f 4320 5872 5871
f 3112 5872 4320
f 3565 5870 4320
f 3565 3426 5870
f 3118 5871 8065
f 5857 5871 3566
f 5871 3118 3566
f 4320 5871 3565
f 3565 5854 654
f 3426 3565 654
f 8066 5870 653
f 8066 3112 5870
f 3113 8065 5873
f 5872 5873 8065
f 8065 3113 3118
f 5438 738 3304
f 5440 5438 3304
f 3113 5438 3118
f 3118 5438 5440
f 5440 3304 744
f 1728 1727 1373
f 1730 5437 1727
f 5437 1756 734
f 1727 1728 1729
f 1756 5437 1730
f 3854 3853 732
f 3895 3855 3896
f 3854 5874 3895
f 5874 3855 3895
f 3853 3854 3895
f 5435 5860 740
f 5435 3853 5860
f 3854 3554 3851
f 3851 3561 3855
f 3851 3855 5874
f 3854 3851 5874
f 5436 3561 5431
f 3561 5436 3855
f 5436 733 741
f 3896 5436 741
f 3855 5436 3896
f 5875 5877 8067
f 8067 5877 3559
f 731 5875 3562
f 5876 4321 3559
f 3559 4321 8067
f 3562 5875 3563
f 5876 3467 5864
f 3466 4321 5864
f 5876 5864 4321
f 3466 8067 4321
f 5875 8067 5861
f 8067 3466 5861
f 5875 8064 3563
f 5875 5861 8064
f 731 5877 5875
f 3559 5878 5876
f 5878 3564 3467
f 5876 5878 3467
f 5435 3560 5429
f 5435 5429 3853
f 5435 3564 3560
f 5878 3560 3564
f 730 5879 3301
f 5869 5883 8068
f 3302 5869 4322
f 5879 3302 4322
f 5879 5880 3301
f 5880 5879 4322
f 3337 8068 3303
f 5868 8068 3337
f 5869 8068 5868
f 4322 5867 3336
f 4322 5869 5867
f 5880 3336 5866
f 5880 4322 3336
f 3301 5866 738
f 5880 5866 3301
f 5894 5879 730
f 5883 5882 3454
f 3454 4323 5883
f 5881 5882 5883
f 5883 3303 8068
f 5881 5883 5869
f 3302 5881 5869
f 3563 5426 3562
f 3563 4323 5426
f 4323 3454 5426
f 3303 4323 3563
f 5883 4323 3303
f 3303 3563 739
f 8066 653 2986
f 2986 2985 4324
f 4324 8066 2986
f 3112 8066 4324
f 5872 8069 5873
f 3112 8069 5872
f 4324 8069 3112
f 4324 5433 3013
f 8069 3013 5884
f 4324 3013 8069
f 5884 5873 8069
f 5873 3014 3113
f 5438 5885 738
f 3014 5885 5438
f 3113 3014 5438
f 5885 3301 738
f 5884 2754 5873
f 5873 2754 3014
f 5885 3014 2754
f 5885 2754 5886
f 5886 3301 5885
f 5887 5884 3013
f 5884 5887 2754
f 5886 2754 5888
f 5888 730 5886
f 5886 730 3301
f 5889 2050 2048
f 5889 2048 728
f 737 5889 2740
f 2740 5889 728
f 2048 2050 2047
f 736 2049 2050
f 5889 2051 2050
f 2050 2051 3015
f 2050 3015 736
f 1374 736 742
f 1374 3453 2049
f 736 1374 2049
f 1374 1373 1369
f 1369 1373 1368
f 3453 1374 1369
f 727 2049 3453
f 725 5432 1370
f 5432 1373 1727
f 1374 1728 1373
f 1727 5437 5432
f 1370 5432 5437
f 734 1370 5437
f 1726 5890 1366
f 5890 1367 1366
f 734 1726 1366
f 1367 5890 1725
f 734 5423 1370
f 1370 5423 725
f 5890 5563 1725
f 1726 5563 5890
f 726 1725 1801
f 1801 735 726
f 733 5431 724
f 3561 3851 3555
f 5431 3555 724
f 2427 3851 3554
f 3555 3851 2427
f 3554 3459 723
f 732 3459 3554
f 3554 3854 732
f 5891 3450 4328
f 5429 3455 3459
f 5429 3459 732
f 3455 5902 3451
f 3455 5891 5902
f 5891 4328 5902
f 5420 3455 3451
f 3455 5420 3459
f 731 722 5892
f 3455 3560 5891
f 4325 5430 3450
f 5892 5430 4325
f 5877 5892 4325
f 731 5892 5877
f 5878 5891 3560
f 3450 5878 4325
f 5891 5878 3450
f 5878 3559 4325
f 5877 4325 3559
f 3562 5893 731
f 3562 5426 5893
f 3012 5882 3006
f 8020 5426 3012
f 5893 5426 8020
f 3006 5882 3005
f 3012 3006 8020
f 5893 722 731
f 5893 8020 722
f 5427 3011 5428
f 721 5428 3009
f 3005 5882 3011
f 5894 5428 4326
f 5428 3011 4326
f 5428 5894 3009
f 3454 5882 3012
f 3011 5882 4326
f 4326 5881 3302
f 4326 5882 5881
f 3010 3009 5894
f 5879 5894 3302
f 5894 4326 3302
f 5894 730 3010
f 5433 2472 5895
f 652 2472 5433
f 5433 8070 2753
f 5433 5895 8070
f 3013 2753 5887
f 5425 2506 8070
f 8070 2506 2753
f 5425 8070 2471
f 5895 2471 8070
f 2753 2506 5896
f 5887 4327 2507
f 5896 5887 2753
f 5887 2507 2754
f 2754 2507 5888
f 5888 5898 3010
f 730 5888 3010
f 5897 5896 2506
f 4327 5896 5897
f 5896 4327 5887
f 4327 5898 2507
f 5888 2507 5898
f 3010 5898 5899
f 3009 3010 5899
f 2506 2502 5897
f 5897 2503 4327
f 2503 5898 4327
f 2503 5912 5898
f 5899 5898 5912
f 3009 5899 721
f 728 2505 2431
f 3995 2505 2048
f 2505 728 2048
f 729 2505 3995
f 2047 3995 2048
f 3453 1369 3452
f 727 5415 2047
f 3453 3452 3395
f 3395 727 3453
f 727 3395 5415
f 2047 5415 716
f 3447 5424 714
f 1369 5424 3452
f 5424 725 714
f 1368 5424 1369
f 5424 1368 725
f 5900 3557 1366
f 714 725 5423
f 714 3557 3448
f 5423 3557 714
f 5900 3556 3449
f 5900 3449 3557
f 3458 715 5901
f 5900 1366 1367
f 5900 1367 3556
f 5901 3556 8021
f 8021 3556 1367
f 726 5901 8021
f 3458 5901 726
f 724 2504 3007
f 2428 2504 2427
f 3007 2504 713
f 713 2504 2428
f 712 5422 2427
f 2427 2504 3555
f 712 2427 3554
f 723 712 3554
f 5420 2046 5410
f 723 5420 5410
f 5903 5902 2045
f 5902 5903 2041
f 2046 5902 2041
f 5410 2046 2041
f 723 5410 712
f 712 5410 5918
f 5421 2045 5904
f 5421 5904 711
f 5902 4328 2045
f 4328 5904 2045
f 722 711 8071
f 3451 5902 2046
f 3450 5430 4328
f 5904 4328 5430
f 5904 5430 711
f 711 5430 8071
f 722 8071 5892
f 722 8020 1904
f 5905 1806 5907
f 5905 5907 1904
f 5906 722 1904
f 5906 711 722
f 5907 1807 1904
f 5408 1904 1807
f 5906 1904 5408
f 5906 5408 711
f 5418 4329 5419
f 1806 5905 5908
f 4329 1806 5908
f 1903 710 5419
f 5419 4329 5427
f 5419 5427 1903
f 5905 1904 3006
f 5905 3006 5908
f 3005 5908 3006
f 5908 3005 4329
f 4329 3005 5427
f 5427 5428 721
f 5427 721 1903
f 2009 2008 8019
f 4330 651 2009
f 2502 651 4330
f 2502 4330 8072
f 5897 5909 2503
f 5897 8072 5909
f 2502 8072 5897
f 5417 2009 8019
f 5417 2043 5910
f 4330 2009 5417
f 5910 4330 5417
f 8072 5910 5911
f 5910 8072 4330
f 5911 5909 8072
f 2044 5909 5911
f 5909 2044 5912
f 5912 721 5899
f 5909 5912 2503
f 721 5912 2044
f 5911 5910 2043
f 4331 5911 5914
f 5911 4331 2044
f 2044 4331 5913
f 721 2044 5913
f 5913 1903 721
f 5914 5911 2043
f 5914 2038 4331
f 4331 2038 5915
f 5913 4331 5915
f 5913 5915 1903
f 5915 710 1903
f 1365 717 1363
f 5916 1364 4332
f 5916 4332 1363
f 1365 1363 4332
f 1364 2042 4332
f 720 4332 2042
f 4332 720 1365
f 719 1364 4333
f 719 4333 1902
f 1361 5916 1363
f 1364 5916 4333
f 4333 5916 1361
f 1902 4333 1362
f 5415 3993 716
f 3395 3365 4334
f 3993 5415 4334
f 3993 4334 708
f 4334 3365 3366
f 3366 708 4334
f 3395 4335 3365
f 3452 3394 4335
f 3395 3452 4335
f 3447 4335 3394
f 3446 5917 3449
f 3447 714 3445
f 5917 3446 4341
f 3552 5917 4341
f 5917 3552 3445
f 707 5414 715
f 5414 3446 3449
f 5917 3445 3448
f 3557 5917 3448
f 3557 3449 5917
f 5414 3449 3556
f 715 5414 5901
f 3003 713 3002
f 4336 2400 2428
f 2428 2400 3002
f 713 2428 3002
f 2401 3002 2400
f 4336 5413 2400
f 704 5413 2501
f 2501 5413 5422
f 4336 2428 2427
f 5422 5413 4336
f 5422 4336 2427
f 2501 5422 712
f 712 5918 2501
f 5919 5903 2040
f 5903 5919 2041
f 5919 2036 2041
f 2036 5918 2041
f 2501 5918 5403
f 5918 2036 5403
f 5403 704 2501
f 5412 5421 2039
f 703 5412 2039
f 2045 5411 2040
f 5421 5412 5411
f 5421 5411 2045
f 5903 2045 2040
f 2039 5421 711
f 711 5408 2039
f 1901 5400 5408
f 2039 5408 5400
f 1776 5920 1900
f 5400 1901 1777
f 703 2039 5401
f 1785 1776 1900
f 5409 1776 1785
f 5409 1785 702
f 1900 5920 5907
f 1786 1900 5418
f 1785 1900 1786
f 1901 1807 5907
f 5920 1901 5907
f 1900 5907 1806
f 1806 5418 1900
f 5418 5419 710
f 1786 5418 710
f 650 1870 5416
f 1869 5407 1870
f 5407 5416 1870
f 5407 4337 5416
f 2037 5416 4337
f 2043 5921 5914
f 2043 2037 5921
f 4337 5921 2037
f 5406 5407 1869
f 5407 1898 5922
f 4337 5407 5922
f 5921 5923 1899
f 5921 5922 5923
f 4337 5922 5921
f 5914 5921 1899
f 2038 5914 1899
f 5915 5924 710
f 2038 5924 5915
f 710 5924 1786
f 5923 5922 5926
f 1899 5923 4338
f 8073 2038 1899
f 8073 1899 4338
f 5925 5924 8073
f 5924 2038 8073
f 1786 5925 1785
f 5924 5925 1786
f 1898 5926 5922
f 5926 1898 1894
f 5923 5926 4338
f 1895 4338 5926
f 8018 8073 4338
f 8018 4338 1895
f 5396 5925 8018
f 5925 8073 8018
f 1785 5396 702
f 5925 5396 1785
f 701 4339 3992
f 4339 700 3992
f 3916 700 4339
f 3917 4339 701
f 708 700 3916
f 3444 708 3366
f 700 708 3444
f 3366 3443 3444
f 698 3991 5927
f 3366 3365 3443
f 3365 3991 3443
f 3991 3365 5927
f 4335 5927 3365
f 706 5927 4335
f 4340 3552 4348
f 706 4340 698
f 5927 706 698
f 4348 3552 3442
f 4340 4348 3441
f 698 4340 3441
f 1356 5405 699
f 3442 3552 4341
f 5405 3442 4341
f 699 5405 3553
f 3446 5405 4341
f 5405 3446 3553
f 3553 5414 707
f 5928 4342 2401
f 4342 705 2401
f 705 4342 3000
f 2500 5929 5928
f 2500 2355 5929
f 5928 5929 4342
f 4342 2356 3000
f 3000 2356 697
f 2500 2499 2355
f 2355 2499 696
f 2500 5928 2401
f 2401 2400 2500
f 2400 2499 2500
f 704 2499 5413
f 5403 2499 704
f 5931 5930 4343
f 2036 5931 4343
f 4343 5403 2036
f 5392 5403 4343
f 2499 5403 5392
f 2034 1892 5930
f 4343 5930 1893
f 1893 5393 4343
f 5393 5392 4343
f 696 2499 5392
f 695 5404 2035
f 1590 5404 695
f 5930 5919 2034
f 2034 5919 4344
f 5930 5931 5919
f 5404 4344 5411
f 5404 703 2035
f 5919 5931 2036
f 4344 5919 2040
f 5411 4344 2040
f 703 5404 5411
f 703 5411 5412
f 2035 703 5401
f 1890 5932 4346
f 5932 5933 4346
f 4345 5933 5932
f 1891 1777 4345
f 5401 1777 1891
f 5401 1891 2035
f 1890 5934 5932
f 4345 5932 5934
f 2035 5389 695
f 1891 5389 2035
f 5402 1890 5935
f 694 5402 1757
f 5933 4345 1777
f 5935 1890 4346
f 5402 5935 1757
f 1757 5935 1776
f 5933 1777 1901
f 5920 4346 5933
f 5933 1901 5920
f 4346 5920 1776
f 4346 1776 5935
f 5409 1757 1776
f 1757 5409 702
f 1359 5936 5939
f 5937 5936 1359
f 8074 5397 1359
f 5938 5397 8074
f 702 5397 5938
f 702 5938 1757
f 5936 1358 1438
f 5936 1438 5939
f 5939 1439 1359
f 1439 8074 1359
f 5938 8074 1439
f 8075 5938 1439
f 5940 694 5938
f 5938 694 1757
f 648 5399 1322
f 1358 5937 4347
f 5936 5937 1358
f 5941 1358 4347
f 5941 5399 1358
f 5942 5941 1323
f 5399 5941 1322
f 1322 5941 5942
f 5937 1359 1895
f 5926 5937 1895
f 1894 4347 5926
f 4347 5937 5926
f 5941 4347 1894
f 5941 1894 5943
f 5941 5943 1323
f 1357 3484 693
f 692 3484 1345
f 3484 1357 1345
f 1345 701 692
f 2498 692 701
f 3992 2489 2498
f 3992 2497 2488
f 2489 3992 2488
f 2489 692 2498
f 690 2488 2497
f 700 2497 3992
f 2032 700 3444
f 3444 3988 5944
f 2032 3444 5944
f 2497 700 2032
f 2497 2032 690
f 3991 5386 686
f 3444 3443 3988
f 3991 3988 3443
f 686 3988 3991
f 698 1354 5386
f 698 5386 3991
f 5945 4348 1353
f 3441 5945 1354
f 5945 1353 1886
f 5945 1887 1354
f 1355 687 5395
f 5945 3441 4348
f 4348 5395 1353
f 5395 1356 1355
f 5395 4348 3442
f 1356 5395 3442
f 697 2356 3440
f 5385 2356 2495
f 3440 2356 5385
f 5946 2494 2486
f 5946 2495 2494
f 2487 5385 2495
f 5385 684 3440
f 2494 2495 5929
f 2492 2355 2493
f 2356 5929 2495
f 4342 5929 2356
f 2492 5929 2355
f 2492 2494 5929
f 2493 2355 696
f 1893 5947 4349
f 4349 5948 1893
f 1893 5948 5393
f 2493 696 5948
f 5393 5948 696
f 2493 5948 5949
f 1884 5947 1892
f 5950 5947 1884
f 4349 5950 1885
f 4349 5947 5950
f 1885 5948 4349
f 682 2492 5949
f 2493 5949 2492
f 5951 1892 1893
f 5947 1893 1892
f 5394 1892 5952
f 5952 1589 5394
f 680 5394 1589
f 5390 1589 1590
f 5952 1590 1589
f 5930 5951 1893
f 5951 5930 1892
f 5952 1892 2034
f 1590 5952 2034
f 1590 695 5390
f 5389 5390 695
f 1351 5391 5954
f 4350 5953 5954
f 5955 1352 5953
f 4350 5955 5953
f 5390 1352 5955
f 8076 1589 5390
f 8076 5390 5955
f 4350 5954 5391
f 1343 5976 5391
f 1344 4350 5391
f 1344 5955 4350
f 1344 5956 5955
f 8076 5955 5956
f 8076 5970 680
f 5970 8076 5956
f 8076 680 1589
f 5382 1351 1349
f 5382 1349 679
f 1351 5954 4351
f 1351 4351 5957
f 1349 5957 1350
f 1351 5957 1349
f 5934 5954 5953
f 4345 1352 1891
f 5934 5953 1352
f 4351 5954 5934
f 5934 1352 4345
f 4351 5934 1890
f 1890 5957 4351
f 5957 1890 5402
f 5957 5402 694
f 1350 5957 694
f 5958 5959 3824
f 3963 8077 5958
f 8077 5959 5958
f 647 8077 3963
f 5961 3825 5960
f 8078 5960 3824
f 8078 5961 5960
f 1341 5962 3824
f 5962 5958 3824
f 3963 5962 3964
f 5958 5962 3963
f 5960 3825 1342
f 3824 5960 1341
f 5960 1342 5963
f 5960 5963 1341
f 5398 5962 1341
f 3964 5398 648
f 3964 5962 5398
f 1358 1341 1438
f 1358 5398 1341
f 5963 1342 4352
f 1438 5963 5939
f 5963 4352 5939
f 1341 5963 1438
f 5964 4352 1342
f 5387 1349 1350
f 1350 5964 5387
f 5964 8075 4352
f 8075 5939 4352
f 5940 5964 1350
f 5940 8075 5964
f 5939 8075 1439
f 5940 1350 694
f 5940 5938 8075
f 692 2735 3484
f 2997 691 2489
f 690 2997 2488
f 2489 2488 2997
f 691 692 2489
f 2033 690 2032
f 689 2031 5944
f 2033 5944 2031
f 2032 5944 2033
f 689 5944 3988
f 689 3988 686
f 689 686 3987
f 5386 3987 686
f 4168 1887 1886
f 688 1886 1346
f 1887 5945 1886
f 687 1346 5395
f 5605 684 2996
f 3436 684 5605
f 5603 2996 2995
f 2748 2485 683
f 2487 2995 2996
f 2485 2995 2486
f 2485 2486 2484
f 5946 2487 2495
f 2995 2487 5946
f 2995 5946 2486
f 2486 682 2484
f 5949 5965 682
f 682 5965 2484
f 2484 5611 2485
f 2484 5965 5611
f 2029 5966 2027
f 2028 4184 2030
f 5966 4184 2028
f 5965 2030 5611
f 5965 2028 2030
f 2485 5611 683
f 1885 5949 5948
f 5965 1885 2028
f 5949 1885 5965
f 4353 5950 1884
f 5966 1885 5950
f 2027 5950 4353
f 5950 2027 5966
f 1885 5966 2028
f 5384 5967 1884
f 8079 1884 5967
f 4353 1884 8079
f 1883 5967 1882
f 5967 1883 5968
f 5968 8079 5967
f 4353 8079 2027
f 2029 8079 5968
f 2027 8079 2029
f 5968 1883 8016
f 681 8016 1883
f 2029 5968 8016
f 5969 5970 8080
f 5970 5975 8080
f 1882 5970 5969
f 5970 1882 680
f 5971 5972 3983
f 4354 5972 5971
f 4354 8080 3984
f 5973 8080 4354
f 5973 5969 8080
f 5969 5973 1883
f 5969 1883 1882
f 3985 5971 3983
f 5623 4354 5971
f 5624 5971 3985
f 5971 5624 5623
f 5623 5974 4354
f 5974 5973 4354
f 5973 5974 5542
f 1883 5542 681
f 5973 5542 1883
f 5975 5956 1344
f 5975 3984 8080
f 5970 5956 5975
f 5977 5391 5976
f 1344 5391 5977
f 5972 5976 3983
f 5972 5977 5976
f 3984 5977 5972
f 3984 1344 5977
f 5975 1344 3984
f 4354 3984 5972
f 5980 5382 3982
f 5978 5382 5980
f 1343 5382 5978
f 5976 1343 5978
f 5976 5978 3983
f 5980 3982 5979
f 3981 5981 5979
f 5980 5979 5981
f 5978 5980 3983
f 8015 3983 5981
f 3983 5980 5981
f 678 8014 3981
f 5981 8014 5383
f 5981 3981 8014
f 8015 5981 5383
f 8081 8033 5982
f 646 8081 3531
f 646 8033 8081
f 5617 5983 3545
f 5982 8033 3545
f 5982 3545 4355
f 3532 5985 5987
f 5985 5982 5984
f 8081 5982 5985
f 3531 8081 5985
f 8082 3546 3980
f 5986 5983 8082
f 8082 5983 3546
f 4355 3545 5986
f 5986 3545 5983
f 5984 5982 4355
f 5987 5984 3979
f 5984 4355 3979
f 5985 5984 5987
f 5987 8077 647
f 3532 5987 647
f 5959 3979 3824
f 5959 5987 3979
f 5987 5959 8077
f 4356 8082 3980
f 4356 5988 8082
f 5988 5986 8082
f 4355 5986 3979
f 5986 5988 3979
f 5988 4356 5961
f 8078 3979 5988
f 5961 8078 5988
f 3824 3979 8078
f 5961 4356 3825
f 5380 3981 5989
f 3980 5380 5989
f 5979 5989 3981
f 5979 3982 5989
f 3825 4356 3980
f 5989 3982 5388
f 5388 8083 5989
f 8083 3980 5989
f 3825 3980 8083
f 5388 3982 5382
f 5388 5382 679
f 8083 8017 3825
f 8083 5388 8017
f 2022 2021 677
f 677 2021 676
f 3431 676 2021
f 2219 3431 2021
f 2021 245 2219
f 3431 2219 248
f 675 674 1595
f 1881 674 675
f 1881 675 3725
f 1881 3725 244
f 673 2020 1880
f 1880 240 672
f 2020 4357 1880
f 240 1880 4357
f 4357 2020 2213
f 4357 2213 2328
f 2328 240 4357
f 1347 671 3544
f 1347 3544 3978
f 236 3978 3544
f 3723 3544 671
f 3544 3723 236
f 2017 669 2018
f 2016 2017 2018
f 3191 2017 232
f 2017 2016 232
f 1334 1335 228
f 1334 2482 2483
f 1335 1334 2483
f 4163 1334 228
f 3977 1334 4162
f 1334 4163 4162
f 666 2481 224
f 2480 666 224
f 2480 1877 666
f 1877 2480 665
f 2210 2480 224
f 223 2479 2480
f 4358 219 3719
f 3844 219 4358
f 3542 4358 3719
f 3844 4358 3543
f 3844 3543 664
f 3543 4358 3542
f 3543 3542 3976
f 3542 663 3976
f 5990 3252 217
f 3295 3294 5991
f 3295 5991 4359
f 4359 5990 3295
f 5990 4359 5992
f 3252 5990 5992
f 5992 3253 3252
f 5171 5991 3294
f 3127 5993 5991
f 5171 3127 5991
f 5991 5993 4359
f 5993 3128 4359
f 5992 4359 3128
f 5994 3128 3541
f 5992 3128 5994
f 3253 5992 5994
f 5994 662 3253
f 3430 3541 4360
f 5994 3541 3430
f 662 5994 3430
f 5993 3127 3272
f 5993 5995 3128
f 5995 3541 3128
f 5993 3272 5995
f 3540 5995 3272
f 5995 3538 3541
f 3272 3127 3271
f 3540 3272 3699
f 3699 171 3540
f 3538 3540 5997
f 3700 3540 171
f 4360 3538 5996
f 5996 3538 3539
f 4361 3539 3538
f 3538 4360 3541
f 3540 3538 5995
f 5996 3539 3429
f 5996 3429 3430
f 3430 4360 5996
f 3430 5701 662
f 3700 5997 3540
f 4361 5997 5378
f 5997 3701 5378
f 3538 5997 4361
f 4361 5378 3974
f 3975 3539 3974
f 3539 4361 3974
f 3539 3975 5379
f 2992 661 5379
f 5379 3975 2992
f 3973 5998 3975
f 2991 5998 5999
f 2992 5998 2991
f 2992 3975 5998
f 3972 3974 5377
f 3973 3975 3972
f 3975 3974 3972
f 5999 5998 3973
f 5999 5740 660
f 2991 5999 660
f 3973 1333 5999
f 5999 1333 5740
f 1333 3973 4362
f 3973 3972 4362
f 4363 1333 1332
f 1333 4362 1332
f 4362 5377 3849
f 4362 3972 5377
f 4362 3849 3850
f 6000 4362 3850
f 4362 6000 1332
f 3850 173 6000
f 1332 6000 1330
f 4363 1331 5375
f 4363 4364 1331
f 1330 4364 4363
f 1332 1330 4363
f 5375 2477 2478
f 5740 4363 5375
f 5740 5375 2478
f 1333 4363 5740
f 1330 6000 6001
f 6000 1132 6001
f 1132 6000 173
f 4364 6001 1163
f 1330 6001 4364
f 1875 1163 1531
f 1163 1875 4364
f 1875 1876 1331
f 1331 4364 1875
f 1876 5376 1331
f 1876 6002 5376
f 2015 659 5759
f 5376 6002 659
f 1876 1875 1531
f 1876 4365 5759
f 1876 5759 6002
f 6002 5759 659
f 4365 1876 1531
f 1532 1531 6004
f 1532 4365 1531
f 1532 5759 4365
f 5759 1532 2014
f 6003 658 2014
f 2014 1532 6003
f 6003 1532 2013
f 1532 6004 4366
f 4366 2012 1532
f 1532 2012 2013
f 1700 6005 6004
f 1134 6005 1118
f 6005 1134 6006
f 6004 6005 6006
f 6004 6006 4366
f 2012 4366 6006
f 5373 1134 174
f 6006 1134 5373
f 2012 6006 5373
f 6003 2013 6007
f 1874 6003 6007
f 6003 1874 658
f 2012 6008 2013
f 6007 2013 5777
f 5777 2013 2011
f 1874 6007 5777
f 4367 6008 2010
f 2012 2010 6008
f 6008 4367 2013
f 2013 4367 2011
f 5777 2011 657
f 657 2011 2476
f 2476 2011 4367
f 4367 6009 2476
f 2010 1930 2187
f 2187 4367 2010
f 6009 4367 2187
f 6009 2187 5153
f 6009 5153 2475
f 6010 657 2476
f 1329 657 6011
f 6010 6012 4368
f 6009 2475 2476
f 2476 2475 6010
f 657 6010 4368
f 6011 657 4368
f 5809 6011 1328
f 1329 6011 5809
f 2475 2473 6012
f 2475 6012 6010
f 4368 6013 2474
f 6011 4368 1328
f 1328 4368 2474
f 1328 2474 2990
f 656 1328 2990
f 6012 2473 4369
f 6012 4369 6013
f 6012 6013 4368
f 8084 2474 6013
f 6013 4369 2989
f 8084 6013 2989
f 2474 8084 2990
f 175 6014 2473
f 6014 4369 2473
f 2674 2989 6014
f 6014 2989 4369
f 5372 2674 176
f 2989 2674 5372
f 2990 6015 4370
f 2990 8084 6015
f 2989 6015 8084
f 2990 4370 6016
f 2990 6016 656
f 656 6016 3971
f 6017 6016 4370
f 6017 3970 3971
f 3971 6016 6017
f 2987 6015 2989
f 2988 6015 2987
f 6015 2988 4370
f 2988 6017 4370
f 3970 6018 655
f 3970 6017 6018
f 3428 6017 2988
f 6018 6017 3428
f 2988 2987 4371
f 6019 3428 2988
f 2988 4371 6019
f 2987 2846 6020
f 4371 2987 6020
f 2188 6020 2846
f 6019 4371 6020
f 6019 5371 3427
f 6019 6020 5371
f 6020 2188 177
f 6020 177 5371
f 6018 3428 4372
f 655 6018 4372
f 3428 6021 4372
f 6019 3427 3428
f 655 4372 3537
f 3537 4372 6021
f 3428 3427 6021
f 3427 3133 6021
f 6022 6021 3134
f 3537 6021 6022
f 3536 3537 6022
f 3536 6022 654
f 3535 6022 3134
f 6021 3133 3134
f 3133 4373 3134
f 3535 3134 6023
f 4373 3533 6023
f 6023 3134 4373
f 5371 3273 3133
f 3133 3273 4373
f 3273 2190 3274
f 4373 3273 3274
f 3533 4373 3274
f 3533 3274 178
f 4374 4375 3534
f 4375 4374 6024
f 6023 3533 6024
f 6023 6024 4374
f 4374 3535 6023
f 6025 4374 3426
f 3535 4374 6025
f 654 6025 3426
f 6022 6025 654
f 3535 6025 6022
f 3702 3533 178
f 5370 6026 3703
f 3702 3703 6026
f 3533 3702 6026
f 6026 6024 3533
f 6024 6026 4375
f 6026 5370 4375
f 5370 3967 3969
f 4375 3969 3534
f 5370 3969 4375
f 653 3534 3969
f 3967 5370 179
f 3968 4376 3969
f 3967 3968 3969
f 4376 3968 2985
f 653 2985 2986
f 2985 653 4376
f 653 3969 4376
f 4377 3967 179
f 4377 179 4151
f 3967 4377 3968
f 4151 4152 4377
f 4377 4152 1326
f 1326 6027 6028
f 4377 1326 6028
f 3968 4377 6028
f 6028 6027 1327
f 3968 6028 1327
f 2985 1327 2472
f 1327 6027 6029
f 6029 6027 4378
f 2472 1327 6029
f 6029 2471 5895
f 6029 5895 2472
f 1324 6027 1326
f 6027 1324 4378
f 6029 4378 1325
f 6030 1325 1872
f 6030 651 2471
f 6029 6030 2471
f 6029 1325 6030
f 1324 6031 4378
f 4378 6031 1325
f 6032 1872 1325
f 4379 6032 6031
f 6031 6032 1325
f 1871 6032 4379
f 1135 6031 1324
f 4379 6031 1135
f 1135 1136 5368
f 5368 4379 1135
f 4379 5368 1871
f 1136 181 5368
f 6030 1872 6033
f 6033 1872 4380
f 2009 651 6033
f 6030 6033 651
f 6032 1871 6034
f 4380 6034 6035
f 1872 6032 4380
f 4380 6032 6034
f 6033 4380 2008
f 2008 4380 6037
f 6033 2008 2009
f 1543 6035 1871
f 6034 1871 6035
f 6035 1543 6036
f 4380 6035 6037
f 6037 6035 1544
f 2008 6037 650
f 650 6037 1544
f 6038 1544 2007
f 650 1544 6038
f 6039 6036 4381
f 6036 1543 4381
f 6035 6036 1544
f 6036 6039 1544
f 1544 6039 2007
f 2006 6039 4381
f 6041 6039 2006
f 1703 5367 153
f 4381 5367 1703
f 4381 1543 5367
f 4381 1703 182
f 2006 4381 182
f 6040 2006 182
f 6041 2004 4382
f 2004 2005 4382
f 6041 6040 2004
f 2006 6040 6041
f 6039 6041 2007
f 6041 4382 2007
f 5366 1869 6042
f 6042 4382 5366
f 4382 2005 5366
f 1870 6042 1869
f 4382 6042 2007
f 6038 6042 1870
f 2007 6042 6038
f 650 6038 1870
f 3276 2191 6043
f 182 6043 6040
f 6043 2004 6040
f 182 3276 6043
f 6043 2192 4383
f 6043 2191 2192
f 4383 2004 6043
f 6045 2004 4383
f 5365 2469 4383
f 2192 5365 4383
f 6045 2469 6044
f 2469 6045 4383
f 2005 6044 2470
f 6044 2005 6045
f 2004 6045 2005
f 5366 6046 649
f 5366 2470 6046
f 6046 5942 1323
f 649 6046 1323
f 6048 6047 4384
f 6044 6047 6048
f 2470 6044 6048
f 6048 6046 2470
f 6046 6048 5942
f 5942 6048 4384
f 5942 4384 1322
f 6044 2469 2467
f 6047 6044 2467
f 6049 6047 2467
f 4384 6049 2468
f 6047 6049 4384
f 1322 4384 2468
f 8085 1322 2468
f 1322 8085 648
f 2984 2468 6049
f 8085 2468 2984
f 6049 2467 4385
f 6050 6049 4385
f 2984 6049 6050
f 6050 4385 2983
f 4385 2467 2678
f 6051 4385 2678
f 6051 2678 2679
f 6051 2679 5363
f 2983 6051 5363
f 4385 6051 2983
f 2849 5363 184
f 8085 6052 3964
f 8085 2984 6052
f 648 8085 3964
f 6050 4386 2984
f 6053 6052 2984
f 6052 6053 3964
f 6053 2984 4386
f 3963 3964 6053
f 2983 2981 6054
f 6050 2983 6054
f 4386 6054 2982
f 6050 6054 4386
f 6053 4386 2982
f 647 3963 6053
f 647 2982 3425
f 647 6053 2982
f 6054 4387 6055
f 6054 2981 4387
f 2982 6054 6055
f 3425 2982 6055
f 3424 6055 4387
f 6056 6055 3424
f 4387 2981 5362
f 5362 2850 6057
f 5362 2849 2850
f 6057 4387 5362
f 3424 4387 6057
f 185 6060 3144
f 3144 3424 6057
f 185 3144 6057
f 4388 6058 3145
f 4389 6058 3144
f 3144 6058 6056
f 4388 3532 6058
f 3532 6056 6058
f 6055 6056 3425
f 6056 3532 3425
f 3144 6056 3424
f 6059 4388 3531
f 6059 3531 5985
f 6059 5985 3532
f 4388 6059 3532
f 3425 3532 647
f 6060 185 3278
f 3704 3278 185
f 6060 4602 3279
f 3529 6060 3279
f 4602 6060 3278
f 4389 6060 3529
f 6060 4389 3144
f 6058 4389 3145
f 186 3529 3279
f 3530 3529 3527
f 3529 3530 3145
f 3145 4389 3529
f 646 3145 3530
f 3529 186 3527
f 3527 3528 3530
f 3530 3423 646
f 3694 6061 4601
f 186 6061 3527
f 4601 6061 186
f 6061 3694 4390
f 6061 4390 3527
f 4390 3528 3527
f 3706 4390 3694
f 4390 4217 3961
f 3528 4390 3961
f 1315 196 195
f 1315 195 3960
f 644 1315 3960
f 643 644 3960
f 643 3960 195
f 195 3959 643
f 1201 1204 4391
f 308 4391 315
f 1201 4391 308
f 1200 4392 1288
f 4392 1289 1288
f 1204 1200 1288
f 568 1289 1499
f 2937 583 3409
f 2937 343 583
f 3162 3098 595
f 3162 595 591
f 3095 595 3098
f 3095 3098 3094
f 1866 1865 2980
f 1865 3422 2980
f 1866 2980 642
f 580 2980 2967
f 4393 641 1866
f 629 641 4393
f 629 4393 630
f 629 630 3415
f 1866 2324 4393
f 2324 630 4393
f 641 1865 1866
f 553 558 3516
f 553 3516 3829
f 6062 4440 6063
f 4440 1839 6063
f 1838 6062 2459
f 6064 1838 2459
f 292 1838 6064
f 6124 6063 1996
f 2459 6063 6124
f 6063 1839 6065
f 1839 4394 6065
f 6063 2459 6062
f 6126 6066 1995
f 4429 4394 6126
f 6126 4394 6066
f 4429 6065 4394
f 6063 6065 1996
f 1293 4394 1839
f 6066 1293 571
f 4394 1293 6066
f 6066 571 6067
f 6067 571 2217
f 6067 2217 6068
f 1995 6067 6068
f 1995 6066 6067
f 2241 6068 2217
f 1964 2241 2217
f 555 2241 1964
f 515 4395 3829
f 3500 522 4395
f 4395 522 1298
f 4395 1298 3829
f 553 1298 1297
f 553 3829 1298
f 1824 3507 1281
f 3507 1824 1825
f 1825 2960 539
f 1571 3803 422
f 1571 3801 3803
f 614 422 3173
f 1571 422 423
f 605 1990 606
f 1990 605 429
f 614 429 615
f 419 2932 2934
f 419 2934 420
f 2934 2935 3172
f 3172 420 2934
f 2934 2932 2933
f 2934 2933 2935
f 2933 3802 2935
f 567 3407 3517
f 3407 567 566
f 3517 3407 576
f 1301 1914 409
f 578 1914 1301
f 1913 1941 6069
f 1913 6069 1914
f 1568 409 1914
f 1914 6069 1568
f 6069 1941 1568
f 1941 1566 395
f 1567 1941 395
f 5361 1910 1565
f 6070 1909 578
f 1845 577 6070
f 1909 1910 1914
f 1913 1914 1910
f 380 5361 372
f 380 1566 5361
f 1913 5361 1941
f 1906 1905 6155
f 1906 1909 1907
f 1905 1906 1907
f 4396 1905 1907
f 4396 577 1300
f 1842 4396 1300
f 1300 1299 1842
f 577 4396 1907
f 577 1907 6070
f 6070 1907 1909
f 1909 1906 1910
f 1910 1906 1565
f 372 5361 1565
f 410 1569 1587
f 1248 1569 410
f 1569 6071 1587
f 6071 1567 1588
f 1846 1567 395
f 1567 1846 5570
f 5570 1846 579
f 1567 5570 1588
f 1568 6071 1569
f 1941 6071 1568
f 1941 1567 6071
f 1569 1248 1568
f 409 1568 1248
f 264 274 3835
f 265 3835 3834
f 570 1292 3835
f 3834 3835 1292
f 1292 291 3834
f 1525 4397 1521
f 1522 1525 1521
f 1522 6072 1525
f 1522 1521 4401
f 1526 1943 4397
f 6073 4397 1943
f 6074 1942 6073
f 6073 1943 6074
f 6073 1521 4397
f 6073 1942 1521
f 1521 1942 1648
f 229 1942 4398
f 3721 229 4398
f 6074 1943 3733
f 1942 6074 4398
f 3721 4398 3732
f 6074 3733 4398
f 3732 4398 6076
f 6075 6076 3733
f 3733 6076 4398
f 3732 226 3720
f 6076 226 3732
f 6076 6075 2345
f 226 6076 3523
f 3733 2344 6075
f 6076 2345 3523
f 2345 632 3523
f 1817 6077 6078
f 3418 6078 6077
f 6078 3418 636
f 1817 1816 4399
f 6077 1817 4399
f 6077 4399 3419
f 6077 3419 3418
f 2220 4399 1816
f 4399 2220 2209
f 2209 3419 4399
f 3419 2209 225
f 4400 2220 2221
f 2209 2220 6079
f 222 2209 6079
f 222 6079 4400
f 2220 4400 6079
f 222 4400 1738
f 634 222 1738
f 1737 4400 2221
f 634 6080 1649
f 1738 4400 1737
f 4401 6080 1738
f 634 1738 6080
f 6080 4401 1648
f 6080 1648 1649
f 1522 1737 6072
f 1522 1738 1737
f 1522 4401 1738
f 1521 1648 4401
f 1942 229 1648
f 636 3483 6078
f 4403 3482 6081
f 6082 6081 4402
f 6082 4403 6081
f 4403 6082 3483
f 6082 6078 3483
f 4402 6078 6082
f 4402 1817 6078
f 6081 3482 3730
f 6081 3730 6083
f 6081 6083 4402
f 8086 4402 6083
f 1817 4402 8086
f 8086 3731 6084
f 8086 6083 3731
f 1817 6084 1816
f 1817 8086 6084
f 252 6084 6085
f 6084 252 1816
f 5353 5352 1492
f 5352 3487 1492
f 6086 6087 3486
f 3487 6087 1491
f 6087 6086 1491
f 3487 1491 1492
f 6086 3486 5355
f 5355 1167 1166
f 5355 1166 6086
f 1491 6086 1166
f 1491 1166 5351
f 1491 5351 220
f 1155 5351 1166
f 220 5351 1155
f 1166 1167 6088
f 6088 1724 1166
f 1724 1155 1166
f 1155 1724 1864
f 1156 1155 1864
f 221 1156 1864
f 3482 6088 1167
f 1724 6088 4403
f 4403 1864 1724
f 4403 6088 3482
f 5354 3482 1167
f 1864 4403 3483
f 1864 3483 636
f 3486 8010 5356
f 5356 8010 5173
f 5356 5173 249
f 6089 2869 6087
f 6087 2869 3486
f 3486 2869 8010
f 6090 6089 4404
f 6089 6090 2869
f 5352 4404 3487
f 4404 6087 3487
f 4404 5352 6091
f 6089 6087 4404
f 6091 6092 2978
f 2868 4404 6091
f 2868 6090 4404
f 6091 2978 6093
f 2868 6091 6093
f 2684 6093 2978
f 2684 2978 200
f 6092 6091 2979
f 2978 6092 3035
f 3035 6092 4405
f 200 2978 2968
f 2978 3035 2968
f 4405 6092 2979
f 4405 2979 1321
f 1321 623 4405
f 3035 4405 621
f 621 4405 623
f 5353 3420 639
f 1492 1491 638
f 3420 5353 1492
f 638 1491 220
f 1492 638 3420
f 2702 230 2755
f 2755 230 632
f 5339 5340 3734
f 3734 5340 3124
f 4406 6094 8087
f 2871 8087 6094
f 6094 6095 2871
f 5340 6095 6094
f 6095 5340 2872
f 6096 6094 4406
f 6096 5340 6094
f 3124 5340 6096
f 2756 8087 2871
f 6097 8087 2756
f 256 6098 8088
f 6097 8088 6098
f 6098 8087 6097
f 3123 4406 8087
f 6098 3123 8087
f 256 6099 6098
f 3123 6098 6099
f 6100 4407 1175
f 1528 1175 4407
f 1528 4407 1527
f 5350 4407 1174
f 1498 4407 5350
f 1498 5350 1497
f 4407 1498 1527
f 1527 1498 5341
f 1527 5341 260
f 242 239 2867
f 243 242 6101
f 243 6101 5348
f 242 2867 6101
f 1176 6101 2867
f 1176 5348 6101
f 2867 2877 1176
f 1177 2877 263
f 1176 2877 1177
f 2226 263 2877
f 2867 4408 2877
f 2226 2877 4408
f 262 4408 2876
f 2226 4408 262
f 246 1164 1165
f 2759 247 1165
f 1164 2759 1165
f 4409 2759 1164
f 2759 1179 4412
f 2759 4409 1179
f 5349 1178 1164
f 1164 1178 4409
f 1178 4410 4409
f 4409 4410 1179
f 4410 265 1179
f 4410 1177 265
f 1176 1178 5348
f 1178 1176 4410
f 1177 4410 1176
f 6102 2949 4411
f 3816 2949 6102
f 4411 2949 2950
f 2949 2948 2950
f 2951 6102 4411
f 6102 2951 6103
f 2711 6102 6103
f 2711 3492 506
f 2711 6103 3492
f 2950 2951 4411
f 3492 2951 266
f 3492 6103 2951
f 266 2951 4412
f 2759 4412 2950
f 2951 2950 4412
f 266 4412 1179
f 266 1179 265
f 2949 493 2948
f 247 2948 2947
f 2948 493 2947
f 6102 4413 3816
f 2711 4413 6102
f 5347 4413 2710
f 5347 490 489
f 5347 3816 4413
f 3816 5347 489
f 489 494 2949
f 2949 3816 489
f 489 490 1599
f 2437 4413 4414
f 2438 2437 4414
f 4414 5314 2438
f 5314 2439 504
f 4414 2439 5314
f 2437 2710 4413
f 4414 4413 2711
f 2439 2711 506
f 4414 2711 2439
f 2591 4067 485
f 485 3809 3188
f 485 4067 3809
f 4415 4416 2435
f 3815 2436 3814
f 2436 4415 3814
f 2306 2590 2435
f 2590 3814 2435
f 2435 3814 4415
f 3814 2590 3933
f 2590 486 3933
f 486 2590 481
f 2590 2306 481
f 501 2596 1265
f 2596 4416 1265
f 2595 4416 6104
f 4416 2595 2435
f 4416 4415 2436
f 2436 1265 4416
f 1265 2436 502
f 4066 477 3808
f 3185 477 4066
f 8011 4417 4070
f 8011 4069 4417
f 1601 496 4070
f 4417 4071 4070
f 1601 4070 4071
f 473 6105 2586
f 473 2305 6105
f 6106 626 474
f 6107 2460 626
f 1997 1860 2460
f 626 2460 1860
f 197 6108 1708
f 6106 2723 6107
f 4418 6107 2723
f 6106 6107 626
f 6107 4418 5345
f 2706 2724 2707
f 2706 4418 2724
f 2706 5345 4418
f 619 5345 2706
f 6107 5345 2460
f 197 619 6108
f 6109 2706 2707
f 6110 6109 1998
f 2706 6109 6110
f 6110 619 2706
f 6108 6110 1998
f 6108 619 6110
f 6108 1998 1708
f 5343 6109 2707
f 6109 5343 1999
f 6109 1999 1998
f 1708 1998 198
f 198 1998 6111
f 1998 2303 6111
f 6111 2303 1962
f 1998 1999 2303
f 4419 6158 1999
f 6158 2303 1999
f 4419 1999 6112
f 2304 4419 6112
f 1316 2304 1317
f 1317 2304 6112
f 6113 1316 471
f 6113 2304 1316
f 2594 2723 6106
f 2594 6117 2723
f 6114 2723 6117
f 2723 6114 2724
f 4418 2723 2724
f 6115 498 2461
f 2724 6114 6115
f 6114 498 6115
f 6115 2461 2462
f 5344 6115 2462
f 2724 6115 5344
f 5344 2462 620
f 478 5346 2305
f 4069 8011 4420
f 4420 5346 4069
f 6105 5346 4420
f 5346 6105 2305
f 8011 2593 6116
f 4420 8011 6116
f 2592 4420 6116
f 2586 4420 2592
f 2586 6105 4420
f 2594 2586 2592
f 474 2586 6106
f 6106 2586 2594
f 4421 6116 2593
f 2592 6116 6117
f 6117 2594 2592
f 6116 4421 6117
f 6114 4421 498
f 6117 4421 6114
f 4421 2593 497
f 498 4421 497
f 3808 482 2595
f 4073 4416 2596
f 6104 4416 4422
f 4416 4073 4422
f 4066 2595 4422
f 6104 4422 2595
f 3808 2595 4066
f 4072 4066 4422
f 4066 4072 3185
f 4422 4073 4417
f 4422 4417 4072
f 4069 4072 4417
f 4417 4073 4071
f 4073 500 4071
f 4423 2710 2437
f 4067 2710 4423
f 2710 4067 2591
f 2437 2438 4423
f 3809 4067 4423
f 4423 8089 3933
f 2438 3934 8089
f 2438 8089 4423
f 3809 4423 3933
f 3809 3933 486
f 3933 8089 3934
f 3934 3815 3933
f 3814 3933 3815
f 3934 1812 3815
f 502 1812 1811
f 3815 1812 502
f 3815 502 2436
f 1161 1174 238
f 1174 6100 238
f 4407 6100 1174
f 6100 1175 2876
f 2876 238 6100
f 2876 2703 238
f 2703 2876 2875
f 2876 4408 2875
f 3735 3614 257
f 3735 6458 3614
f 3614 6458 6118
f 3614 6118 3615
f 1848 3615 6118
f 5338 3614 3615
f 6119 6118 3736
f 6118 6119 1848
f 1848 6119 1847
f 3615 1848 581
f 1848 3955 581
f 1848 1847 3955
f 3955 1847 3999
f 1497 3955 3999
f 234 3955 1497
f 234 1497 3722
f 1497 3999 5341
f 1497 5341 1498
f 3722 1497 235
f 5350 235 1497
f 6095 2974 2871
f 2871 2974 2973
f 2872 5340 3490
f 2975 6095 2872
f 2975 2872 3490
f 6095 2975 2974
f 2464 2974 2975
f 2974 2464 628
f 629 2975 3490
f 2976 2975 629
f 629 3490 3522
f 629 3522 641
f 257 5338 3522
f 641 3522 3526
f 1865 3526 3422
f 641 3526 1865
f 3522 5338 3526
f 3526 3615 3422
f 3526 5338 3615
f 581 3422 3615
f 5359 2510 2344
f 5359 2508 2510
f 2510 2511 6120
f 2509 2511 2510
f 2510 6120 4424
f 2510 4424 2344
f 6075 2344 4424
f 4424 6120 5337
f 6120 2511 5337
f 4424 3416 6121
f 4424 5337 3416
f 4424 6121 3417
f 2345 6075 3417
f 6075 4424 3417
f 632 2345 3417
f 2755 632 3417
f 6121 2755 3417
f 2755 6121 4425
f 2702 2755 4425
f 4425 3416 8088
f 3416 256 8088
f 6121 3416 4425
f 4425 8088 6097
f 2756 8012 6097
f 8012 4425 6097
f 2702 4425 8012
f 8012 2756 231
f 1320 1321 639
f 1320 639 640
f 1320 640 624
f 1320 623 1321
f 3421 639 3420
f 639 3421 640
f 3421 3420 637
f 3420 638 637
f 1319 638 220
f 638 1319 637
f 220 219 1319
f 3844 1319 219
f 218 3525 3524
f 2466 635 3477
f 3477 3524 2466
f 221 3524 3525
f 1864 3524 221
f 636 3524 1864
f 2466 636 3418
f 3418 3419 225
f 635 2466 2977
f 3418 225 2977
f 3418 2977 2466
f 225 224 2977
f 222 634 223
f 1318 634 1649
f 223 634 1318
f 633 223 1318
f 227 226 3523
f 227 3523 3837
f 227 3837 3958
f 3958 3837 631
f 1649 1863 1318
f 1318 1863 228
f 1863 1160 228
f 229 1863 1648
f 1648 1863 1649
f 631 3837 632
f 3523 632 3837
f 632 230 631
f 631 230 2001
f 2973 2865 231
f 2974 628 2973
f 628 2865 2973
f 2865 3414 232
f 2865 628 3414
f 3414 628 627
f 627 628 2463
f 3415 2464 2976
f 3415 2976 629
f 2463 2464 3415
f 3415 630 2465
f 2463 3415 2465
f 2976 2464 2975
f 2464 2463 628
f 2212 237 238
f 238 237 1161
f 1174 1161 235
f 237 1722 1161
f 1162 1161 1722
f 236 1162 1722
f 3724 2866 242
f 2866 2214 242
f 239 242 2214
f 2328 2214 2866
f 243 5349 1496
f 1496 244 243
f 1164 246 1496
f 244 1496 1723
f 1723 1496 246
f 1723 246 245
f 248 2218 2947
f 2947 492 248
f 492 2947 493
f 493 3189 492
f 2947 2218 247
f 1598 494 489
f 1598 4068 494
f 1600 485 484
f 485 1600 2591
f 2710 2591 490
f 1597 481 480
f 480 1596 1597
f 486 1597 487
f 1597 486 481
f 3186 477 476
f 2801 3186 476
f 477 482 3808
f 477 3186 482
f 472 479 1591
f 1592 472 1591
f 1591 478 2305
f 473 1591 2305
f 478 1591 479
f 2971 2585 2972
f 2585 2971 475
f 625 2972 1859
f 2972 625 2971
f 2972 2585 626
f 626 2585 474
f 1860 1997 1859
f 1859 1997 2000
f 2000 1997 618
f 2972 1860 1859
f 1320 621 623
f 621 1320 3413
f 1320 624 3413
f 3413 622 2970
f 2970 2969 2968
f 3413 2970 621
f 2968 621 2970
f 3035 621 2968
f 2966 2968 5336
f 2968 2966 200
f 2462 3190 620
f 2462 2952 3190
f 3182 620 3190
f 468 620 3182
f 2952 2461 499
f 2952 2462 2461
f 197 4426 618
f 4426 1315 618
f 4426 197 196
f 4426 196 1315
f 618 1997 197
f 619 197 1997
f 381 2290 382
f 2289 426 382
f 396 561 1416
f 1967 561 396
f 1967 560 561
f 383 1967 2925
f 2925 1967 396
f 559 560 383
f 383 560 1967
f 560 559 2965
f 2456 559 382
f 382 559 383
f 469 3182 3190
f 3190 2952 509
f 3834 291 4012
f 266 4012 3826
f 3834 4012 266
f 266 3826 3492
f 3826 3501 506
f 506 3492 3826
f 507 506 3501
f 3826 529 3501
f 3178 3391 513
f 3178 507 3501
f 507 3178 3495
f 1976 570 274
f 282 1976 274
f 570 3835 274
f 282 302 1976
f 1570 551 390
f 390 403 1570
f 1654 551 550
f 550 2418 1654
f 541 1654 2418
f 1570 550 551
f 1654 541 1826
f 1654 1826 539
f 1654 1312 551
f 1654 539 1312
f 551 1312 391
f 467 2960 1825
f 467 1825 1824
f 4442 533 1290
f 533 3393 1290
f 1291 1290 3403
f 1857 5335 2186
f 569 3403 5335
f 4427 5335 3403
f 5335 4427 2186
f 6122 2186 6123
f 1290 3390 3403
f 4427 3403 520
f 2186 1951 6123
f 520 1951 4427
f 4427 1951 2186
f 6122 6123 1956
f 4428 1957 293
f 4428 1956 1957
f 2186 6122 1857
f 1858 6122 1956
f 4428 1858 1956
f 6122 1858 6124
f 6122 1996 1857
f 292 4428 293
f 292 6064 4428
f 6068 1975 1995
f 2241 6125 6068
f 6125 1975 6068
f 1995 1291 569
f 1975 1291 1995
f 569 6126 1995
f 1996 4429 1857
f 6126 569 4429
f 6124 1996 6122
f 1996 6065 4429
f 2459 6124 1858
f 6064 1858 4428
f 6064 2459 1858
f 2241 1965 6125
f 1965 2241 555
f 6125 1965 1966
f 557 1975 6125
f 557 6125 1966
f 557 1291 1975
f 534 6127 2450
f 1279 2450 6127
f 1280 1279 439
f 6128 1279 1280
f 6128 2450 1279
f 6128 1281 538
f 2450 6128 538
f 538 1281 3507
f 1281 6128 1280
f 6129 1281 1280
f 440 1824 6129
f 6129 1824 1281
f 1256 1280 1255
f 6129 1280 1256
f 1256 440 6129
f 2329 617 2938
f 435 2938 1314
f 2938 436 2329
f 2329 436 3111
f 2329 3111 610
f 616 467 441
f 616 2960 467
f 2960 616 1313
f 1312 539 2960
f 1312 2960 1313
f 391 1312 1313
f 391 1313 442
f 551 391 390
f 1993 1994 3957
f 3957 3956 1993
f 2333 1993 2334
f 3956 2334 1993
f 388 1993 2333
f 3956 3957 610
f 612 3956 610
f 3957 2329 610
f 612 1856 2334
f 2333 2334 399
f 389 388 2333
f 402 2333 399
f 3108 2334 1856
f 399 2334 3108
f 2283 1244 403
f 2283 403 390
f 389 402 401
f 429 605 615
f 605 604 615
f 412 1311 413
f 413 611 398
f 386 398 611
f 427 2289 2290
f 387 427 2290
f 427 387 606
f 607 386 611
f 609 610 608
f 610 609 612
f 1856 612 609
f 2283 444 388
f 445 2283 391
f 444 1994 388
f 1994 1993 388
f 617 1994 443
f 1994 444 443
f 2938 617 1314
f 2296 1314 447
f 443 1314 617
f 2296 447 446
f 2296 435 1314
f 2579 442 616
f 446 2579 441
f 616 441 2579
f 391 442 445
f 615 424 423
f 614 615 423
f 424 615 604
f 386 385 398
f 606 387 608
f 608 387 607
f 2572 1990 429
f 1990 427 606
f 422 614 423
f 400 1311 613
f 400 413 1311
f 609 607 611
f 411 412 397
f 3794 400 613
f 3794 613 414
f 381 385 384
f 611 3108 1856
f 1856 609 611
f 3108 400 399
f 611 400 3108
f 611 413 400
f 436 606 3111
f 610 3111 608
f 3111 606 608
f 608 607 609
f 2294 605 436
f 605 2294 604
f 605 606 436
f 424 2292 1571
f 2292 1572 1571
f 4462 1572 2292
f 594 595 1985
f 595 594 591
f 591 360 3162
f 573 3410 4439
f 3410 593 3404
f 593 3405 3404
f 1986 3095 3405
f 593 1986 3405
f 593 3410 1987
f 599 597 531
f 584 587 600
f 584 600 601
f 584 602 585
f 602 584 601
f 602 601 603
f 600 587 592
f 592 587 590
f 600 591 594
f 600 594 601
f 596 1987 3410
f 596 603 1987
f 1987 603 601
f 597 599 585
f 575 598 603
f 598 602 603
f 585 602 598
f 585 599 1852
f 1852 586 585
f 588 586 1852
f 1852 589 588
f 585 598 597
f 601 594 1985
f 1985 1987 601
f 593 1987 1985
f 592 360 600
f 591 600 360
f 586 588 590
f 586 590 587
f 589 1308 583
f 1305 583 1308
f 531 1305 1308
f 531 1308 599
f 603 596 575
f 1851 598 575
f 597 1851 532
f 1851 575 1840
f 1840 532 1851
f 598 1851 597
f 3406 575 596
f 1985 595 1986
f 1986 593 1985
f 4430 592 3161
f 590 3161 592
f 4430 360 592
f 590 588 343
f 583 343 589
f 589 343 588
f 343 352 590
f 343 2544 352
f 586 587 585
f 585 587 584
f 2247 325 2249
f 325 6130 2249
f 2261 4431 6130
f 2249 6130 4431
f 4431 6131 2250
f 4431 2250 2249
f 6131 4431 2262
f 328 2262 3156
f 2262 328 6131
f 6131 328 2250
f 2262 6132 344
f 3156 2262 344
f 4431 2261 6132
f 4431 6132 2262
f 344 6132 4517
f 2909 6132 2261
f 6132 2909 4517
f 2261 325 335
f 2261 335 2909
f 3094 3098 368
f 3095 3094 6133
f 6133 376 3095
f 3095 376 574
f 1304 1850 582
f 531 1304 1305
f 582 1305 1304
f 583 1305 582
f 583 582 3156
f 3409 583 3156
f 3409 3156 344
f 1840 575 522
f 521 1840 3568
f 521 532 1840
f 3502 3571 1278
f 1278 530 3502
f 1276 524 4432
f 1276 4432 523
f 1278 1822 530
f 4432 1822 1278
f 1822 1304 530
f 1822 4432 1850
f 1304 1822 1850
f 1849 4432 524
f 4432 1849 1850
f 582 1850 1982
f 524 525 1849
f 525 524 1557
f 1982 1850 1849
f 6134 525 1981
f 6134 1849 525
f 1982 1849 6134
f 3156 582 3389
f 582 1982 3389
f 1982 6134 3389
f 6134 1981 6135
f 6134 6135 3389
f 3389 6135 6168
f 3389 328 3156
f 328 3389 6168
f 555 1964 2098
f 1795 563 4433
f 3402 1795 4433
f 1794 3402 320
f 1794 320 3153
f 3401 563 1830
f 4433 563 3401
f 4433 3401 6136
f 4433 3400 3402
f 320 3402 4019
f 1830 3883 3401
f 3400 6136 3882
f 3401 6137 6136
f 3401 3883 6137
f 4433 6136 3400
f 314 3400 3882
f 3400 314 3402
f 3402 314 4019
f 1830 1837 3883
f 562 1837 1830
f 3883 1837 3858
f 6136 6137 3882
f 3882 4018 314
f 3858 3817 6137
f 3882 6137 3817
f 3883 3858 6137
f 5334 4018 3882
f 5334 3882 3817
f 1837 1499 3858
f 1289 307 1499
f 3749 1499 307
f 1499 3749 3858
f 2520 3744 3749
f 4392 298 307
f 2520 3749 307
f 2520 307 298
f 3858 3744 4434
f 3858 3749 3744
f 3858 4434 3817
f 4434 306 3817
f 2738 5333 2519
f 286 5333 2738
f 6138 2520 2739
f 2738 2519 6138
f 6138 2515 2738
f 6138 2739 2515
f 2739 298 2886
f 4435 2739 2886
f 2886 287 5332
f 298 2739 2520
f 6138 2519 2520
f 2520 2519 3744
f 3744 2519 5333
f 5333 297 4434
f 5333 4434 3744
f 5331 2515 2443
f 2516 4435 6139
f 2443 2516 6139
f 2443 2515 2516
f 4435 2444 6139
f 2883 5332 287
f 5332 2444 4435
f 2444 5332 2883
f 2516 2739 4435
f 2886 5332 4435
f 2516 2515 2739
f 2515 5331 2738
f 2738 2514 286
f 2513 6140 2444
f 5329 279 2882
f 2513 279 5329
f 5329 2879 2513
f 271 5329 2882
f 2513 2444 2883
f 279 2513 2883
f 2443 6139 2512
f 6140 2512 6139
f 2444 6140 6139
f 6141 2443 5330
f 2512 5330 2443
f 6141 5330 270
f 270 278 6141
f 5331 6141 278
f 6141 5331 2443
f 2879 6143 8090
f 6143 6142 8090
f 6143 8091 6142
f 2873 6142 8091
f 2879 2874 6143
f 5329 258 2879
f 2879 258 3124
f 4436 6142 2873
f 6140 6142 4436
f 6142 6140 8090
f 2879 8090 2513
f 2513 8090 6140
f 6140 4436 2512
f 6144 4436 5328
f 255 2878 6144
f 4436 6144 5330
f 2512 4436 5330
f 5330 6144 2878
f 270 5330 2878
f 5327 3123 6099
f 6096 6145 2874
f 2874 3124 6096
f 3123 6145 4406
f 4406 6145 6096
f 3124 2874 2879
f 3734 3124 258
f 3123 2873 8091
f 8091 6145 3123
f 2874 6145 6143
f 6145 8091 6143
f 5327 2870 255
f 5328 5327 255
f 2873 5327 5328
f 234 3519 2967
f 234 2967 3955
f 3955 2967 581
f 2967 3519 3518
f 580 2967 3518
f 1794 3153 1286
f 3153 1554 1286
f 1286 1554 1285
f 1554 339 5326
f 1969 1799 564
f 1795 1799 1969
f 1794 1799 1795
f 1286 1799 1794
f 563 1795 1969
f 1794 1795 3402
f 1554 5326 1285
f 1287 1286 1285
f 1286 1287 565
f 565 2457 1799
f 1286 565 1799
f 564 1799 2457
f 1832 565 1287
f 565 1832 6146
f 5326 4437 1285
f 1287 1285 4437
f 1832 1287 4437
f 4437 1831 6149
f 1251 5326 1250
f 1831 5326 1251
f 4437 5326 1831
f 6147 1841 1833
f 5322 1841 6147
f 356 5322 1561
f 5322 6147 1561
f 6147 1833 348
f 1834 6148 4438
f 6148 1834 6149
f 6148 1853 1833
f 6147 348 1561
f 1251 1833 1853
f 1251 348 1833
f 1831 1251 1853
f 1854 1832 1834
f 1832 6149 1834
f 6149 1853 6148
f 6149 1832 4437
f 1853 6149 1831
f 1832 1854 6146
f 3408 6150 1302
f 6150 2390 1303
f 3408 4209 6150
f 5325 3408 1302
f 5526 3408 5325
f 5526 5325 394
f 1302 6150 1303
f 1495 1302 1303
f 6151 1303 579
f 1846 6151 579
f 6151 1495 1303
f 395 6151 1846
f 3799 6152 1301
f 3799 1301 409
f 4055 3953 3798
f 3953 6152 3798
f 6152 3953 3954
f 1301 6152 3954
f 1845 1301 3954
f 1980 3954 3953
f 1980 408 457
f 1978 1844 1979
f 5324 457 1586
f 5324 1586 1978
f 1843 1978 1586
f 1980 5324 1978
f 457 5324 1980
f 1978 1979 1845
f 6153 1978 1845
f 1980 1978 6153
f 1980 6153 3954
f 3954 6153 1845
f 1845 1979 577
f 1301 1845 578
f 1300 1979 1844
f 1979 1300 577
f 1844 1978 1843
f 1300 1844 1299
f 1299 1844 1843
f 576 1299 3517
f 1843 1836 1299
f 1836 3517 1299
f 2314 3517 1836
f 5323 6154 1842
f 1833 1841 1842
f 6154 1833 1842
f 4438 6148 6154
f 6154 6148 1833
f 6154 5323 4438
f 4438 576 3407
f 1854 3407 566
f 4438 3407 1854
f 5323 1842 1299
f 1842 1841 1905
f 1842 1905 4396
f 1905 5322 5321
f 1841 5322 1905
f 6155 5321 1564
f 6155 1564 364
f 1905 5321 6155
f 1906 6155 364
f 552 3514 2451
f 3514 3219 2451
f 2451 3219 3218
f 2451 3218 548
f 3176 3398 6156
f 6156 3398 376
f 3176 3514 3398
f 3399 3514 552
f 3398 3514 3399
f 3218 3514 3505
f 3218 3219 3514
f 3505 3514 3176
f 3218 3505 3506
f 536 3218 3506
f 558 5320 2455
f 2454 3848 3847
f 3848 2454 2455
f 6157 3847 552
f 6157 552 2451
f 2454 3847 6157
f 548 6157 2451
f 3945 2454 6157
f 2455 5320 3848
f 5320 1295 3848
f 3848 1295 3847
f 3515 3183 469
f 3184 3183 3516
f 3183 3515 3516
f 470 3516 2455
f 3516 470 3184
f 515 3516 3515
f 3829 3516 515
f 3515 3485 515
f 575 3406 1298
f 575 1298 522
f 1297 1298 3406
f 3406 573 1297
f 1294 1297 573
f 3406 596 573
f 1294 573 4439
f 1295 5320 1294
f 1296 4449 1295
f 1296 574 4449
f 3399 574 376
f 3405 3095 574
f 4439 1296 1295
f 3404 3405 1296
f 3404 1296 4439
f 4439 1295 1294
f 4439 3410 3404
f 471 554 6113
f 4419 2304 6158
f 2304 554 1963
f 2304 6113 554
f 2304 1963 6158
f 2303 6158 1962
f 6159 198 6111
f 6111 1962 6159
f 5650 1962 6158
f 6159 1962 3946
f 198 6159 195
f 1963 5650 6158
f 3946 1962 1868
f 1962 5650 1868
f 3946 195 6159
f 5336 572 3952
f 4154 5336 3952
f 5336 4154 2966
f 571 1977 2458
f 1977 1976 2458
f 2458 1976 302
f 302 2217 2458
f 1964 2217 2238
f 292 4014 1838
f 4014 1193 1838
f 6062 6160 4440
f 1193 6160 6062
f 1193 6062 1838
f 5319 6160 291
f 4440 5319 4441
f 6160 5319 4440
f 1293 4440 4441
f 571 1293 1977
f 1292 4441 5319
f 4441 1292 570
f 4441 1977 1293
f 1977 4441 570
f 1977 570 1976
f 533 4442 557
f 1291 557 4442
f 1290 1291 4442
f 569 1291 3403
f 533 557 2130
f 1966 2130 557
f 3517 2314 567
f 2314 1836 1835
f 6161 1835 2332
f 2314 1835 6161
f 6161 2332 2313
f 3558 6162 3521
f 6162 3558 302
f 282 6162 302
f 3521 6162 282
f 302 3558 2238
f 3558 3521 3746
f 3745 3558 3746
f 3521 3743 3746
f 289 3746 3743
f 6163 2683 199
f 2869 6164 2705
f 4443 2704 6090
f 6164 6090 2704
f 6163 2684 2683
f 6090 6164 2869
f 4443 6090 2868
f 6163 4443 6093
f 2684 6163 6093
f 2868 6093 4443
f 3393 527 528
f 2447 527 3393
f 1288 321 4391
f 315 4391 321
f 1288 4391 1204
f 3757 321 1288
f 3756 321 3757
f 3757 1288 3947
f 1289 3947 1288
f 3947 1289 3951
f 3757 3947 322
f 3947 4023 322
f 3948 3951 568
f 562 568 1837
f 562 3948 568
f 1972 566 567
f 1972 567 2312
f 567 1974 2312
f 357 2312 1973
f 357 1973 2271
f 2312 1974 1973
f 4444 2272 2271
f 2271 1973 4444
f 6161 1974 2314
f 1973 1974 6161
f 4444 6161 2313
f 1973 6161 4444
f 2313 365 2272
f 2272 4444 2313
f 565 6146 1971
f 1971 6146 566
f 566 1972 1971
f 1970 1971 1972
f 2310 1970 2266
f 2266 1970 1972
f 2266 1972 2312
f 2266 2312 357
f 340 2310 1558
f 2310 340 564
f 564 2311 2310
f 1558 2310 349
f 349 2310 2266
f 1970 2310 2311
f 1971 1970 2311
f 565 2311 2457
f 2311 565 1971
f 1968 2256 333
f 2256 1968 340
f 340 1968 1823
f 1823 564 340
f 1969 564 1823
f 1823 563 1969
f 3947 3951 4023
f 1968 4023 3951
f 3951 3948 1968
f 4023 1968 333
f 1968 3948 562
f 1823 1968 562
f 1823 562 1830
f 556 2964 2958
f 2130 556 2958
f 1966 556 2130
f 2964 327 2958
f 2958 2447 533
f 2958 533 2130
f 2453 2397 556
f 2397 2534 2964
f 2397 2964 556
f 2397 2532 2533
f 2396 2532 2397
f 2964 2534 327
f 2396 2531 2532
f 2453 2396 2397
f 1965 2452 2453
f 2396 2453 2452
f 2452 2531 2396
f 1095 3760 3761
f 3760 1094 4445
f 321 4445 315
f 3760 1095 1094
f 1205 4445 1094
f 315 4445 1205
f 1206 1095 4446
f 1094 1095 1206
f 316 4446 324
f 1206 4446 316
f 1550 1855 324
f 1552 1553 6165
f 6165 1855 1552
f 1855 1550 1552
f 324 1855 316
f 1855 2526 316
f 309 2244 2526
f 4447 309 2526
f 4448 4447 2526
f 4448 310 4447
f 2452 310 2531
f 310 4448 2531
f 4448 1855 6165
f 4448 2526 1855
f 2531 6165 1553
f 2531 4448 6165
f 326 2531 1553
f 2531 326 2532
f 1829 464 561
f 561 560 1829
f 459 1829 2965
f 560 2965 1829
f 459 2965 452
f 2456 466 452
f 2456 2965 559
f 2456 452 2965
f 2942 452 466
f 4065 3943 471
f 1269 3943 5318
f 471 3943 1269
f 4065 3944 3943
f 470 3944 4065
f 3944 3945 3943
f 3945 1961 5317
f 3943 3945 5317
f 547 5317 1961
f 548 3945 6157
f 3945 3944 2455
f 2454 3945 2455
f 3944 470 2455
f 556 1965 2453
f 1965 2098 2452
f 2249 2250 6166
f 2249 6166 2533
f 6167 2247 2533
f 2247 2249 2533
f 2247 6167 2248
f 6167 2532 326
f 2248 6167 326
f 512 528 527
f 547 1270 5317
f 5316 547 1827
f 1270 547 5316
f 5318 1270 1269
f 1269 2962 2963
f 1269 1270 2962
f 2963 471 1269
f 471 2963 554
f 376 3398 3399
f 574 3399 4449
f 552 4449 3399
f 4449 3847 1295
f 4450 1827 1283
f 4450 549 1827
f 1827 549 5316
f 546 4450 1283
f 4450 1828 549
f 1282 546 1283
f 1284 1283 1827
f 1284 1827 547
f 3397 1283 1284
f 3397 545 1283
f 1284 1961 3397
f 548 3397 1961
f 3218 3397 548
f 3942 535 543
f 543 544 3942
f 535 3942 545
f 544 3925 3942
f 1282 545 3942
f 1283 545 1282
f 3942 3925 1282
f 3925 1791 1282
f 1282 1791 546
f 535 545 2959
f 3396 2959 545
f 536 2959 3396
f 542 933 2961
f 2961 2752 542
f 544 543 2961
f 2752 2961 543
f 543 2449 2752
f 2449 534 2752
f 2448 534 2449
f 3504 2449 535
f 1960 3375 3511
f 3510 537 1960
f 1959 1960 537
f 3510 1960 3511
f 3511 542 534
f 2450 3511 534
f 2450 3510 3511
f 3510 538 3507
f 3510 3507 537
f 2450 538 3510
f 3508 1826 540
f 540 1826 1958
f 540 537 3508
f 537 3507 3508
f 1826 3508 3509
f 539 1826 3509
f 3509 1825 539
f 1825 3509 3507
f 3509 3508 3507
f 536 3506 4451
f 536 4451 2959
f 3506 3505 3503
f 4451 4452 3504
f 3506 4452 4451
f 4451 3504 2959
f 3504 535 2959
f 4452 3506 3503
f 4452 3941 3504
f 3503 437 3804
f 3503 3804 4452
f 4452 3804 438
f 3941 4452 438
f 2448 3504 3941
f 3504 2448 2449
f 2448 3941 3939
f 2448 6127 534
f 6127 2448 3940
f 1279 6127 3940
f 3939 4453 2448
f 3940 2448 4453
f 439 3940 4453
f 3940 439 1279
f 4453 3939 439
f 2446 527 2447
f 527 2446 2721
f 526 2721 2446
f 2446 2447 2957
f 2447 2958 327
f 2957 2447 327
f 2446 2957 2955
f 2955 526 2446
f 2955 2956 526
f 1953 526 525
f 1981 526 2956
f 525 526 1981
f 2956 2955 4454
f 6135 1981 2956
f 6168 6135 4454
f 2956 4454 6135
f 327 2901 2955
f 4454 2955 2901
f 6168 4454 2901
f 6168 2901 2902
f 6168 2902 328
f 530 532 521
f 530 521 3502
f 531 530 1304
f 4013 4015 6169
f 290 4013 6169
f 3826 290 529
f 6169 4015 1957
f 1950 290 6169
f 6169 1957 1950
f 290 1950 529
f 3392 3391 3178
f 1950 6170 529
f 5315 6170 1950
f 6170 1951 529
f 3392 529 1951
f 3392 1951 3391
f 513 3391 520
f 520 3391 1951
f 6170 5315 1956
f 6170 6123 1951
f 1956 6123 6170
f 2954 520 3390
f 528 512 2954
f 528 2954 3390
f 2445 1955 519
f 1955 2445 2721
f 2445 527 2721
f 2721 526 1955
f 2442 527 2445
f 519 2442 2445
f 1954 1945 518
f 1954 1955 1953
f 1954 1953 1945
f 1953 1955 526
f 1955 1954 519
f 1945 1819 517
f 1819 1945 1953
f 1276 523 516
f 1557 1276 1819
f 1276 1557 524
f 1276 516 1274
f 1819 1276 1274
f 1274 517 1819
f 514 3497 3498
f 3498 523 3571
f 3502 3498 3571
f 521 3499 3502
f 3499 3498 3502
f 523 3498 3497
f 3496 3500 4395
f 3496 4395 515
f 3496 4455 514
f 1840 522 3500
f 3500 3496 3499
f 3496 514 3499
f 3568 3500 3499
f 1840 3500 3568
f 514 3498 3499
f 3568 3499 521
f 512 2953 2954
f 513 2954 505
f 2954 2953 505
f 1949 503 519
f 2442 519 503
f 512 2442 1948
f 2442 503 1948
f 512 1948 2953
f 518 1949 1954
f 518 1268 1949
f 1818 1815 517
f 1815 1945 517
f 1815 1818 1814
f 510 1814 1818
f 1815 518 1945
f 3935 3936 508
f 3936 3935 3937
f 516 3937 1274
f 3936 3937 516
f 3937 3935 1818
f 517 3937 1818
f 1272 1273 3497
f 514 1272 3497
f 509 3936 1273
f 509 508 3936
f 1273 3936 516
f 3485 469 1271
f 1271 1272 4455
f 3485 1271 4455
f 514 4455 1272
f 3485 4455 3496
f 3485 3496 515
f 1271 469 3190
f 1272 1271 1273
f 504 513 505
f 3495 504 2439
f 513 504 3495
f 513 3495 3178
f 1948 1947 2953
f 1813 1947 1811
f 2953 1947 1813
f 1813 505 2953
f 1948 503 1947
f 501 1268 511
f 1268 518 511
f 1268 1265 503
f 1814 510 500
f 1814 500 511
f 1946 510 3935
f 1946 3935 508
f 497 496 1946
f 1946 496 510
f 1601 510 496
f 2952 499 509
f 509 499 508
f 497 1946 499
f 499 1946 508
f 2439 507 3495
f 507 2439 506
f 1811 1812 1813
f 1811 503 1265
f 1265 1268 501
f 498 499 2461
f 498 497 499
f 1598 3189 4068
f 495 3189 1598
f 4068 3189 493
f 488 1599 1600
f 2591 1600 1599
f 1598 1599 488
f 1598 489 1599
f 487 3187 3188
f 3188 486 487
f 486 3188 3809
f 485 3188 3187
f 480 2587 483
f 1593 480 483
f 482 3186 2587
f 480 482 2587
f 2306 482 480
f 481 2306 480
f 479 476 3185
f 3360 476 479
f 478 479 3185
f 3185 476 477
f 2585 473 474
f 473 2585 1592
f 475 1592 2585
f 473 1592 1591
f 1317 468 3183
f 1317 3184 1316
f 3183 3184 1317
f 3184 4065 1316
f 1316 4065 471
f 3182 469 3183
f 1713 467 1575
f 467 440 1575
f 467 1713 441
f 373 5284 2300
f 5284 2278 2300
f 2278 2277 4456
f 6171 2278 4456
f 2300 2278 6171
f 2277 2313 4456
f 2332 4456 2313
f 2301 6171 4456
f 2332 2301 4456
f 456 2301 2332
f 2701 2456 426
f 382 426 2456
f 2701 2572 2573
f 2701 426 2572
f 2701 428 450
f 2701 450 466
f 3177 4460 428
f 3177 428 3173
f 428 4460 450
f 3177 422 3803
f 3173 422 3177
f 3803 449 3177
f 417 2297 2288
f 417 1988 2297
f 2297 1581 2941
f 2297 2941 419
f 2288 2297 419
f 1581 2297 1989
f 1989 2297 1988
f 1582 1989 4457
f 1581 1989 1582
f 4457 454 1582
f 2301 456 4063
f 6172 4062 2300
f 6172 2301 4063
f 2301 6172 2300
f 2301 2300 6171
f 4062 454 6173
f 2300 4062 6173
f 6173 454 373
f 2300 6173 373
f 373 454 4457
f 2286 373 4457
f 1988 4457 1989
f 417 2286 4457
f 417 4457 1988
f 460 3179 3180
f 3181 3914 3179
f 460 3180 2583
f 3179 3914 3180
f 3180 465 2583
f 3179 461 462
f 3181 3179 462
f 1262 1261 2584
f 463 458 1261
f 465 2584 2583
f 2584 1261 2582
f 2583 2584 2582
f 1260 459 1259
f 1829 459 1260
f 1260 464 1829
f 1259 459 2581
f 458 463 2581
f 1259 2581 463
f 461 3513 4458
f 6174 4458 3513
f 461 4458 462
f 4458 6174 3512
f 462 4458 3807
f 3512 6174 3797
f 6175 3513 455
f 6174 1258 3797
f 3513 1257 6174
f 3513 461 455
f 6175 1257 3513
f 1257 4064 1258
f 1257 1258 6174
f 408 1258 457
f 1258 408 3797
f 3806 3179 453
f 460 453 3179
f 3806 455 461
f 2583 2582 2944
f 458 451 2582
f 2943 2582 451
f 2582 2943 2944
f 2944 453 460
f 2583 2944 460
f 451 458 2580
f 2580 458 2581
f 2581 2942 2580
f 5313 4061 1582
f 4061 5313 4064
f 6175 4061 4064
f 4064 4063 1258
f 4064 1257 6175
f 4061 6175 455
f 5313 4062 4064
f 6172 4063 4062
f 4064 4062 4063
f 457 4063 456
f 1586 457 456
f 448 1583 1580
f 1581 1583 448
f 3806 453 1583
f 1580 1583 453
f 1581 1582 4459
f 1581 4459 1583
f 4459 1582 4061
f 455 4459 4061
f 1583 4459 455
f 449 1579 6176
f 6176 2298 449
f 6176 2943 2298
f 6176 2299 2944
f 2944 2943 6176
f 2943 451 2298
f 6176 1579 2299
f 1579 1578 2299
f 1578 1580 453
f 1578 453 2299
f 2942 466 450
f 2942 450 2580
f 2580 2298 451
f 2580 4460 2298
f 4460 2580 450
f 4460 449 2298
f 3803 1579 449
f 1578 421 3805
f 421 1578 1579
f 3805 2933 2932
f 421 2933 3805
f 3805 2932 2941
f 447 1314 443
f 446 447 2579
f 447 445 2579
f 442 2579 445
f 444 2283 445
f 443 444 445
f 445 447 443
f 2578 434 2577
f 2577 446 1713
f 2577 1713 2578
f 1713 1575 2578
f 441 1713 446
f 2296 446 2577
f 2296 2577 1991
f 1255 432 1575
f 1254 432 1255
f 1255 1575 1256
f 1255 439 1254
f 1575 432 6177
f 2578 1575 6177
f 1573 6177 432
f 6177 1574 434
f 2578 6177 434
f 1252 1254 1253
f 1254 3939 1253
f 3939 438 5312
f 5312 1253 3939
f 432 1254 1252
f 430 4057 4060
f 4060 4059 430
f 4059 4060 3804
f 4059 3804 437
f 4057 5312 4060
f 5312 4057 1253
f 4056 4057 430
f 431 1253 4057
f 1253 431 1252
f 4461 2939 2940
f 2939 4461 2921
f 2921 4461 2922
f 6156 2940 3176
f 6156 4461 2940
f 4461 6156 2922
f 2939 4059 2940
f 430 4059 2939
f 2936 430 2939
f 433 604 435
f 435 2294 2938
f 435 604 2294
f 2938 2294 436
f 2292 433 1991
f 1991 433 435
f 1992 1991 434
f 2291 2293 1573
f 2291 425 2293
f 1574 6177 1573
f 2293 4462 1574
f 1574 1573 2293
f 1574 1992 434
f 1574 4462 1992
f 1992 4462 1991
f 1572 4462 2293
f 4462 2292 1991
f 3175 1252 431
f 3175 3174 4463
f 420 4463 3174
f 3172 425 4463
f 420 3172 4463
f 4463 2291 3175
f 425 2291 4463
f 432 2291 1573
f 418 2575 2574
f 2574 2575 2576
f 2576 4057 4056
f 430 2574 4056
f 2574 2576 4056
f 418 2570 2575
f 2570 4464 2575
f 2575 4464 2576
f 2571 3174 4464
f 2570 2571 4464
f 3174 3175 4464
f 431 4464 3175
f 2576 4464 431
f 374 2569 2931
f 2560 374 2931
f 2560 2931 2930
f 2560 2930 2561
f 375 2930 2936
f 2561 2930 375
f 2931 2936 2930
f 2574 2936 2931
f 430 2936 2574
f 2289 382 2290
f 426 2289 427
f 2290 384 387
f 2573 3173 428
f 2573 429 614
f 3173 2573 614
f 2573 2572 429
f 2572 426 427
f 421 3801 3802
f 3801 1571 4465
f 3801 4465 3802
f 1572 4465 1571
f 1572 3802 4465
f 2935 3802 1572
f 2935 1572 425
f 424 1571 423
f 4466 417 2288
f 4466 2287 417
f 2288 4467 4466
f 418 2287 4466
f 418 4466 2570
f 419 4467 2288
f 4466 4467 2570
f 2570 4467 2571
f 4467 419 420
f 4467 420 2571
f 3174 2571 420
f 2279 5284 2286
f 2286 5284 373
f 2279 2280 4485
f 2287 2286 417
f 2568 2286 2287
f 2568 2279 2286
f 2280 2279 2568
f 374 2568 2569
f 2280 2568 374
f 2287 2569 2568
f 2287 418 2569
f 1249 1245 401
f 403 1245 1570
f 399 400 3794
f 415 3169 3794
f 3169 415 401
f 398 412 413
f 397 412 398
f 2285 411 397
f 2925 396 2285
f 3799 3800 3798
f 3799 409 1248
f 3798 6152 3799
f 3797 408 4055
f 5310 3950 1246
f 394 5309 406
f 5309 5310 406
f 2928 5668 1247
f 5668 2929 1246
f 5669 1246 2929
f 5310 5669 5667
f 5310 1246 5669
f 5310 5667 406
f 6178 5311 1247
f 4054 405 8092
f 6178 8092 405
f 6178 405 5311
f 3950 5668 1246
f 1247 6179 4468
f 1247 5668 6179
f 1247 4468 6178
f 4054 8092 4053
f 8092 6180 4053
f 8092 6178 6180
f 6179 5668 3950
f 6196 6179 3950
f 6178 3949 6180
f 6178 4468 3949
f 6180 6198 4053
f 393 4053 6198
f 6181 4052 2567
f 4469 4051 2567
f 4469 5305 4051
f 4054 5305 4469
f 4053 5305 4054
f 5307 2566 4052
f 4052 2566 2567
f 6182 4469 2567
f 5674 6182 2567
f 4054 4469 6182
f 4054 3044 405
f 3044 4054 5674
f 4054 6182 5674
f 5308 5307 6183
f 6181 2567 4051
f 4052 6181 6183
f 3795 5308 6183
f 4470 6184 6183
f 3795 6183 6184
f 5308 3795 3796
f 6183 6181 4470
f 6181 6185 4470
f 4051 6185 6181
f 6184 4470 3478
f 6186 3795 6184
f 6186 6184 3478
f 2927 3167 6187
f 6186 6187 3795
f 2927 6187 6186
f 3167 6188 4471
f 6187 3167 4471
f 6187 3796 3795
f 4471 3796 6187
f 5303 6188 3166
f 6189 5303 3170
f 6188 5303 6189
f 4471 6188 6189
f 4471 6189 5683
f 3796 4471 5683
f 5683 6189 3171
f 5308 5683 404
f 3796 5683 5308
f 3166 5302 5303
f 5302 2864 217
f 2864 5302 3166
f 6188 3167 4472
f 6188 4472 3166
f 4472 6190 3166
f 2864 3166 6190
f 6190 2863 2864
f 6191 3167 2927
f 4472 3167 6191
f 6191 2927 6207
f 4472 6191 2926
f 2926 6190 4472
f 2926 216 2863
f 6190 2926 2863
f 401 1244 389
f 1244 1245 403
f 401 1245 1244
f 402 399 3169
f 3169 399 3794
f 398 385 397
f 3168 397 385
f 385 381 3168
f 2925 3168 381
f 2285 3168 2925
f 397 3168 2285
f 1437 6192 1243
f 6192 1437 1436
f 1437 1243 1238
f 6193 1238 1243
f 1566 1238 6193
f 395 1566 6193
f 6192 1436 1242
f 395 6193 6151
f 6151 1243 1495
f 6193 1243 6151
f 1243 6192 1495
f 1302 6192 1242
f 6192 1302 1495
f 5325 5299 1241
f 5299 5325 1242
f 1302 1242 5325
f 394 5325 1241
f 379 5292 1241
f 3905 4473 8093
f 5292 3905 6195
f 5292 6195 1241
f 394 1241 6195
f 6194 3904 4049
f 6196 6194 4049
f 4050 6194 6196
f 6194 4050 4473
f 6195 3905 8093
f 4473 4050 8093
f 6195 8093 5309
f 6195 5309 394
f 4050 3950 8093
f 5309 8093 3950
f 4050 6196 3950
f 3949 4468 4474
f 4474 4468 6179
f 6196 4049 6179
f 4049 4474 6179
f 8008 4049 8009
f 5297 6197 8008
f 4474 4049 8008
f 6198 6197 4048
f 8008 6197 3949
f 3949 4474 8008
f 3949 6197 6198
f 3949 6198 6180
f 6200 6199 8094
f 378 8094 4047
f 6200 8094 378
f 3473 6199 6200
f 4475 6199 3473
f 6199 6202 4048
f 8094 4048 4047
f 4048 6197 4047
f 6199 4048 8094
f 3790 6201 3472
f 4475 3473 6201
f 3791 4475 6204
f 6203 4475 6201
f 4475 6202 6199
f 6202 4475 3791
f 5304 6202 3791
f 4048 393 6198
f 4048 5304 393
f 6202 5304 4048
f 5304 3791 3479
f 4476 6201 3790
f 4476 6203 6201
f 4475 6203 6204
f 6185 6204 6203
f 3479 3791 6204
f 4476 6185 6203
f 3478 6185 4476
f 6185 3478 4470
f 3479 6204 4051
f 6204 6185 4051
f 4476 3790 5295
f 6205 5295 3789
f 5295 6205 4476
f 392 6206 6205
f 6206 4476 6205
f 3478 4476 6206
f 6206 392 6186
f 6206 6186 3478
f 2927 392 5301
f 4477 6205 3789
f 392 6205 4477
f 4477 5301 392
f 6207 5301 4477
f 5301 6207 2927
f 6191 6208 2926
f 6191 6207 6208
f 4477 3789 2924
f 4477 2924 4478
f 4478 6207 4477
f 4478 6208 6207
f 6208 2923 2926
f 216 2926 2700
f 2926 2923 2700
f 6208 4478 2923
f 6209 2923 4478
f 2923 6209 2699
f 2923 2699 2700
f 6210 4478 2924
f 2924 2563 6210
f 2562 4478 6210
f 4478 2562 6209
f 5287 6209 2562
f 6209 5287 215
f 6209 215 2699
f 390 391 2283
f 389 1244 2283
f 387 384 607
f 386 607 384
f 385 386 384
f 382 383 381
f 381 383 2925
f 6211 1238 1395
f 6211 1394 1237
f 1395 1234 4487
f 6211 1395 4487
f 380 1395 1238
f 1395 380 372
f 1566 380 1238
f 6211 1237 1436
f 1436 1437 6211
f 1238 6211 1437
f 1237 1232 1235
f 1235 1236 5300
f 1237 1235 5300
f 5300 1436 1237
f 5299 1236 379
f 5299 5300 1236
f 4045 4489 6212
f 4045 3856 4489
f 5290 6212 370
f 5290 4045 6212
f 6213 6214 8095
f 3856 4045 6214
f 6213 3856 6214
f 3857 6213 4046
f 4046 6213 8095
f 6215 379 1236
f 5291 379 6215
f 6215 1236 1235
f 5291 3857 4046
f 6215 5280 5291
f 6215 1235 371
f 5280 6215 371
f 5291 5280 3857
f 4046 3905 5292
f 4479 6214 4045
f 8095 6216 4046
f 8095 6214 6216
f 6194 6216 6214
f 4473 6216 6194
f 3905 4046 4473
f 4046 6216 4473
f 6194 4479 3904
f 6194 6214 4479
f 5290 6217 4045
f 6217 4479 4045
f 4479 6217 5298
f 5298 3904 4479
f 5298 6217 4044
f 378 5298 4044
f 5298 378 4047
f 5298 8009 3904
f 6218 3784 6220
f 370 4043 5290
f 4043 370 6218
f 6219 4480 6220
f 6220 3463 6219
f 3463 6221 6219
f 3788 6220 4480
f 6220 3788 6222
f 6218 6220 6222
f 6218 6222 4043
f 4043 6223 6217
f 6223 4044 6217
f 4043 6222 6223
f 3462 3787 6221
f 6219 6221 3787
f 6219 3787 4480
f 3788 4480 6224
f 4480 3787 6224
f 6223 6222 3788
f 6200 6223 3788
f 6223 6200 378
f 6223 378 4044
f 6224 3787 6225
f 6224 6200 3788
f 6200 6224 3473
f 4481 3472 6225
f 6224 6225 3472
f 3472 6201 6224
f 3473 6224 6201
f 3787 5288 6225
f 3786 5288 3785
f 5288 4481 6225
f 5288 3786 4481
f 5293 377 3786
f 4481 3786 377
f 4481 5296 3472
f 4481 377 5296
f 2557 6226 2276
f 369 6226 3785
f 6229 6226 369
f 2557 6227 4482
f 6228 6226 2557
f 4482 6228 2557
f 3785 6228 3786
f 6226 6228 3785
f 2556 5287 2562
f 6227 2556 4482
f 6210 4482 2562
f 4482 2556 2562
f 4482 6210 2563
f 2563 6228 4482
f 6228 2563 5293
f 3786 6228 5293
f 6229 2276 6226
f 4483 2275 5285
f 2275 4483 2276
f 2276 4483 2557
f 6227 4483 2556
f 4483 6227 2557
f 5285 214 2206
f 5285 2556 4483
f 2556 5285 2206
f 2556 2206 2207
f 5287 2207 215
f 2556 2207 5287
f 3094 368 3164
f 3164 3165 2922
f 3094 3164 2922
f 3094 2922 6133
f 2922 3165 2921
f 2922 376 6133
f 376 2922 6156
f 2920 3164 368
f 368 367 2920
f 3164 2920 3165
f 2920 375 3165
f 2561 375 2920
f 2919 2561 2920
f 2561 2919 2560
f 2919 2555 4484
f 2560 2919 4484
f 4484 374 2560
f 374 4484 2558
f 2558 4484 2554
f 4484 2555 2554
f 2555 2916 2554
f 2554 6247 366
f 2554 366 2558
f 2280 2558 4485
f 2558 2280 374
f 6230 366 2274
f 366 6230 2558
f 6230 2274 4486
f 4485 2558 6230
f 2559 4485 4486
f 6230 4486 4485
f 2273 5283 2274
f 2278 5283 2277
f 4486 5283 2278
f 2274 5283 4486
f 2278 2559 4486
f 5284 2559 2278
f 1233 6231 5282
f 363 5282 6231
f 1233 4487 1234
f 1233 1234 1336
f 1229 1233 1336
f 1336 372 6232
f 1336 1234 372
f 1565 6232 372
f 364 6232 1565
f 1336 6232 364
f 372 1234 1395
f 6211 4487 1394
f 1233 5282 4487
f 1394 5282 1231
f 1394 4487 5282
f 1232 1394 1231
f 5278 3845 6233
f 362 5278 6233
f 4040 5278 362
f 4488 3846 4042
f 6235 6234 4042
f 6235 4042 3846
f 8096 6234 6235
f 5280 4488 4042
f 4488 5280 5279
f 1231 5279 1232
f 1231 6236 5279
f 4488 5279 6236
f 5281 6236 1231
f 3846 4488 6236
f 6236 5275 3846
f 5280 4042 3857
f 3845 8097 8096
f 8097 6234 8096
f 3845 4489 8097
f 6234 8097 6213
f 6213 4042 6234
f 3857 4042 6213
f 4489 3856 8097
f 3856 6213 8097
f 4489 3845 5278
f 5278 4040 4041
f 6212 5278 4041
f 6212 4489 5278
f 6212 4041 370
f 6237 3783 3460
f 6237 5276 3783
f 5276 6237 361
f 3784 4490 6239
f 6239 4490 6238
f 3460 3783 6238
f 6238 4490 6240
f 3460 6238 6240
f 6241 4490 3784
f 8098 5277 4041
f 4040 8098 4041
f 6241 5277 8098
f 5272 6241 8098
f 4490 6241 3461
f 5272 8098 4040
f 362 5272 4040
f 3784 3463 6220
f 6218 5277 3784
f 370 5277 6218
f 6238 3783 4491
f 6239 6238 6221
f 3463 3784 6239
f 4491 6221 6238
f 6221 3463 6239
f 6221 4491 3462
f 5276 3782 3783
f 3782 4491 3783
f 3782 3462 4491
f 3782 6242 5289
f 3782 5289 3462
f 6229 5289 6242
f 2276 6229 4492
f 5289 6229 369
f 6242 3782 3781
f 4492 6242 2270
f 6229 6242 4492
f 4492 2275 2276
f 6242 3781 1563
f 6242 1563 2270
f 2270 2275 4492
f 2269 2275 2270
f 5286 2275 2269
f 2269 6243 5286
f 6244 8099 1721
f 8099 5286 6243
f 6244 5286 8099
f 2269 2270 4493
f 2269 4493 6243
f 1721 6243 1720
f 6243 1721 8099
f 4493 2270 1563
f 4493 1563 8100
f 6245 4493 8100
f 4493 6245 1562
f 1562 6243 4493
f 6243 1562 1720
f 1562 213 1720
f 3163 368 3162
f 3162 368 3098
f 368 3163 367
f 3163 3162 2917
f 2918 3163 2917
f 2917 360 359
f 2917 359 2550
f 367 2918 6246
f 2555 367 6246
f 6246 2918 2915
f 2916 6246 2915
f 6246 2916 2555
f 2917 2550 2918
f 2915 2918 2550
f 2554 2916 6247
f 6247 2916 2553
f 2916 2915 4494
f 2916 4494 2553
f 4494 2915 2550
f 2549 4494 2912
f 4494 2549 2553
f 2553 2549 2552
f 2552 2549 358
f 2552 2268 4495
f 4495 2551 2273
f 2553 2552 4495
f 4495 2273 2274
f 4495 2274 366
f 6247 2553 366
f 2553 4495 366
f 2552 358 2268
f 6248 2267 2551
f 6248 2551 2268
f 4495 2268 2551
f 2272 2267 2271
f 2551 2267 2272
f 2551 2272 365
f 355 1229 1306
f 1230 4502 1229
f 1306 1229 4502
f 4502 1230 1307
f 1230 364 1307
f 364 1564 1307
f 1307 1564 356
f 1230 1336 364
f 1336 1230 1229
f 355 6231 1229
f 1229 6231 1233
f 3842 5273 8006
f 3842 6278 5273
f 6249 3846 4496
f 6249 6250 4039
f 3842 4039 6250
f 8101 6249 4496
f 8106 8101 3843
f 8101 4496 3843
f 6250 6249 8101
f 4496 3846 5275
f 5267 5274 363
f 6251 5274 5267
f 5274 6251 4496
f 3843 4496 6251
f 355 5267 363
f 5266 6251 5267
f 6251 5266 3843
f 5281 5275 6236
f 5274 5281 363
f 5274 5275 5281
f 6235 4039 4497
f 6249 4039 6235
f 3846 6249 6235
f 4497 8096 6235
f 4497 3845 8096
f 4038 5273 4037
f 4038 6252 5273
f 6252 8006 5273
f 8102 8006 6252
f 4497 4039 8006
f 4497 8006 8102
f 6233 6252 362
f 362 6252 4038
f 6233 8102 6252
f 3845 8102 6233
f 3845 4497 8102
f 353 3780 3456
f 3461 4498 6254
f 8103 6254 4498
f 6253 6254 8103
f 8104 6254 6253
f 3456 6253 6255
f 3780 6253 3456
f 3457 8103 4498
f 6255 6253 3457
f 6253 8103 3457
f 4498 3461 5271
f 5271 5272 4038
f 4037 6257 4038
f 6257 5271 4038
f 5271 6257 6256
f 4498 5271 6256
f 6256 3457 4498
f 6257 4037 354
f 3461 6241 5272
f 3780 8104 6253
f 6258 8104 3780
f 3460 6240 6258
f 8104 6258 6240
f 6240 6254 8104
f 3461 6254 4490
f 4490 6254 6240
f 6259 3780 3779
f 6259 6258 3780
f 6259 3779 361
f 6259 361 6237
f 6259 3460 6258
f 3460 6259 6237
f 361 6260 1563
f 6260 5270 4499
f 6261 5270 6260
f 3779 6261 361
f 6260 361 6261
f 4499 8100 6260
f 6260 8100 1563
f 6245 8100 4499
f 5270 6261 3779
f 4499 5270 1560
f 1559 6263 4500
f 6263 4499 6262
f 1559 6245 6263
f 1562 6245 1559
f 4499 6263 6245
f 1559 213 1562
f 213 1559 1154
f 6263 6262 4500
f 6264 1559 4500
f 6264 1153 1559
f 1154 1559 1153
f 1154 1153 6265
f 6262 4499 1560
f 6266 1560 1224
f 1223 6262 6266
f 6262 1560 6266
f 4500 6262 1223
f 1223 6264 4500
f 1223 6267 6264
f 1153 6264 6267
f 6268 6267 1223
f 6267 6268 212
f 1153 6267 212
f 360 4430 359
f 4430 2914 359
f 351 2914 3161
f 2914 4430 3161
f 2913 2914 351
f 2914 5268 359
f 2550 5268 2911
f 2913 5268 2914
f 2911 2912 4494
f 2911 4494 2550
f 2727 2912 2911
f 2549 2912 358
f 358 2912 2548
f 6269 2912 2727
f 2912 6269 2548
f 6269 2727 2545
f 350 2548 6269
f 6270 358 2548
f 2268 358 6270
f 6270 2548 350
f 2307 6270 350
f 6270 2307 2268
f 2268 2307 6271
f 2268 6271 6248
f 2547 2267 6248
f 2271 2547 357
f 4501 6248 6271
f 2547 6248 4501
f 2547 6272 357
f 357 6272 2266
f 6271 2264 4501
f 4501 6272 2547
f 6272 4501 2264
f 2266 6272 349
f 347 1227 1221
f 1225 1227 347
f 6273 6274 1228
f 1221 1227 6274
f 6274 6273 1221
f 1222 6273 1228
f 1561 1228 356
f 1222 1228 1561
f 4034 1561 348
f 1561 4034 1222
f 1307 356 1228
f 4502 6274 1227
f 1307 1228 6274
f 4502 1307 6274
f 1225 4502 1227
f 1225 1306 4502
f 355 1306 1225
f 1226 355 1225
f 5265 4031 8105
f 4032 8106 4036
f 4032 6275 8106
f 6277 6275 8107
f 8107 4031 6277
f 4032 8107 6275
f 4036 5266 8108
f 6276 1226 1225
f 5266 1226 6276
f 5266 6276 8108
f 8108 4032 4036
f 347 6276 1225
f 4036 3843 5266
f 4503 6277 4031
f 6277 4503 6250
f 6275 6277 8106
f 4036 8106 3843
f 8106 6277 6250
f 4503 3842 6250
f 8106 6250 8101
f 5264 4503 4031
f 8109 5264 346
f 4035 8109 346
f 8109 4035 354
f 5264 8109 6278
f 4503 5264 6278
f 5273 8109 354
f 6278 8109 5273
f 3842 4503 6278
f 5262 5261 3772
f 6279 5262 3772
f 3773 3772 4504
f 4505 4504 3772
f 3772 3773 6305
f 6280 4504 3778
f 4035 6280 354
f 6280 5263 354
f 5263 6280 3778
f 6280 3773 4504
f 6281 6280 4035
f 6281 3773 6280
f 346 6281 4035
f 6256 3778 3457
f 5263 3778 6257
f 6257 3778 6256
f 5263 6257 354
f 3457 3778 4504
f 4504 4505 6255
f 6255 3457 4504
f 3456 6255 4505
f 5261 5262 3776
f 4505 3772 5261
f 3776 3777 6282
f 5261 3776 6282
f 3456 4505 5261
f 6282 3456 5261
f 3777 353 6282
f 353 3456 6282
f 5269 3777 1224
f 3777 4506 1224
f 353 3777 5269
f 3777 1220 4506
f 6266 6284 6283
f 6266 4506 6284
f 1224 4506 6266
f 1220 3777 5259
f 5259 3777 3776
f 4506 1220 6284
f 5260 6284 1220
f 1219 1223 6283
f 6266 6283 1223
f 1223 1219 6268
f 4161 6268 1219
f 212 6268 4161
f 4507 1219 6283
f 6284 4507 6283
f 1219 4507 6285
f 4161 1219 6285
f 6285 211 4161
f 6284 5260 4507
f 5260 6286 4507
f 6286 4030 6285
f 6286 6285 4507
f 6285 4030 3718
f 6285 3718 211
f 2544 2543 352
f 2544 2910 2543
f 351 352 2543
f 2543 2546 351
f 4508 2913 2546
f 351 2546 2913
f 4508 2546 342
f 2727 4508 2545
f 4508 342 2260
f 2545 4508 2260
f 6269 2545 2265
f 6269 2265 350
f 2259 2545 2260
f 2545 2259 2265
f 341 2265 2259
f 2307 5258 2263
f 350 5258 2307
f 350 2265 5258
f 2307 2263 6271
f 2264 6271 2263
f 6287 6272 2264
f 6272 6287 349
f 2264 2263 1556
f 349 6287 1558
f 6287 2264 1555
f 2263 2258 1556
f 2264 1556 1555
f 1556 4519 1555
f 1558 6287 1555
f 5257 4033 4028
f 338 5257 4028
f 4034 4509 6288
f 4033 4034 6288
f 4521 4033 6288
f 4033 4521 4028
f 1218 6288 4029
f 4509 4029 6288
f 1218 4521 6288
f 4509 1251 1250
f 1250 4029 4509
f 1250 339 4029
f 1222 4033 4510
f 1222 4034 4033
f 6273 4510 1221
f 6273 1222 4510
f 4033 5257 4510
f 5257 3832 6289
f 4510 5257 6289
f 3833 6289 3832
f 1221 4510 6289
f 3833 347 6289
f 6289 347 1221
f 8004 3774 3768
f 8004 6323 5255
f 8004 3768 6323
f 6290 3775 4511
f 6290 6291 3775
f 3768 3774 6290
f 3774 6291 6290
f 3769 6290 4511
f 3769 6292 6290
f 4523 3768 6292
f 3768 6290 6292
f 6293 3775 8005
f 6293 5256 3833
f 4511 3775 6293
f 6293 3833 6294
f 6294 4511 6293
f 3769 4511 6294
f 8110 3833 3832
f 6294 3833 8110
f 8110 3832 338
f 6294 8110 6295
f 8005 3775 6296
f 8108 6296 4032
f 8005 8108 6276
f 8005 6296 8108
f 5256 8005 6276
f 6291 3774 4512
f 6291 6296 3775
f 4512 4032 6291
f 6296 6291 4032
f 8107 6297 4031
f 8107 4512 6297
f 4032 4512 8107
f 8111 8004 5254
f 8111 3774 8004
f 4512 3774 8111
f 3793 8003 3792
f 3793 5254 8003
f 5254 3793 6298
f 8111 5254 6298
f 6297 4512 8105
f 8105 4512 8111
f 8105 8111 6298
f 4031 6297 8105
f 5265 6298 3793
f 5265 5252 346
f 3793 5252 5265
f 6298 5265 8105
f 4513 6301 3160
f 6300 8112 6301
f 4514 6301 8112
f 3154 3159 8112
f 6300 6301 4513
f 6300 3154 8112
f 5253 6302 3160
f 4513 3160 6302
f 3792 6302 3793
f 6302 3792 4513
f 6300 4513 3155
f 6303 3792 337
f 4513 3792 6303
f 4513 6303 3155
f 6281 3160 3773
f 5252 5253 346
f 346 5253 6281
f 3159 4514 8112
f 6301 6304 3160
f 6304 4514 6305
f 6301 4514 6304
f 3160 6304 3773
f 6304 6305 3773
f 6307 3159 6306
f 4514 3159 6307
f 3157 3158 5251
f 3158 6306 5251
f 6307 6306 3158
f 4514 6307 6305
f 6307 3158 6279
f 6279 6305 6307
f 5262 3158 345
f 3158 5262 6279
f 6305 6279 3772
f 3157 336 3489
f 336 3157 5251
f 4515 3489 6308
f 3489 6309 6308
f 3489 4515 3157
f 6308 3488 3770
f 6308 3770 6310
f 6308 6310 4515
f 3157 4515 345
f 4515 3771 345
f 3157 345 3158
f 5259 345 3771
f 4516 6310 3770
f 4515 6310 3771
f 3771 6310 6286
f 6286 4516 4030
f 6286 6310 4516
f 5260 3771 6286
f 4516 3770 3717
f 4516 3717 3718
f 4030 4516 3718
f 3409 344 2937
f 344 4517 2937
f 4517 2909 2910
f 2937 4517 2910
f 2910 2544 2937
f 2544 343 2937
f 6311 2910 2909
f 6311 2909 335
f 2908 6311 335
f 2910 6311 2543
f 342 2543 2908
f 2908 2543 6311
f 334 2541 2538
f 2539 6312 2542
f 2541 6312 2538
f 2539 2542 2908
f 2539 2908 335
f 2260 2908 2542
f 2542 6312 2541
f 2260 2542 2259
f 2541 5248 2542
f 5248 2259 2542
f 2540 341 5248
f 341 2259 5248
f 2256 2254 6313
f 2256 6313 333
f 6314 6315 4518
f 6314 2257 6315
f 6314 2254 2257
f 2255 6314 4518
f 4518 2258 2540
f 5240 2540 334
f 4518 2540 5240
f 6315 2257 1556
f 4518 6315 2258
f 1556 2257 4519
f 1556 2258 6315
f 2256 4519 2254
f 4519 2257 2254
f 2256 340 6316
f 2256 6316 4519
f 340 1558 6316
f 1555 4519 1558
f 4519 6316 1558
f 4520 6317 1212
f 1212 6317 1554
f 1218 4520 1217
f 1211 1217 4520
f 4520 1218 6317
f 1554 6317 339
f 1218 4029 6317
f 6317 4029 339
f 1218 1217 4521
f 5246 1217 5247
f 1217 5246 4521
f 338 5246 331
f 4028 4521 5246
f 4028 5246 338
f 6318 6319 2537
f 8113 6320 4522
f 2537 8113 4522
f 6321 2537 4522
f 6319 6318 331
f 6318 2537 6321
f 6318 338 331
f 4522 6320 4027
f 6320 4022 4027
f 6295 4522 3769
f 6321 4522 6295
f 6318 8110 338
f 6295 8110 6318
f 6321 6295 6318
f 6295 3769 6294
f 4027 4523 6292
f 4522 4027 6292
f 4522 6292 3769
f 5244 330 6322
f 4523 4027 5244
f 6322 4025 4026
f 6323 6322 8114
f 8114 6322 4026
f 5244 6322 6323
f 6323 4523 5244
f 3768 4523 6323
f 8114 4026 337
f 5255 8114 337
f 5255 6323 8114
f 6324 4025 6325
f 330 8118 4025
f 3764 6327 6326
f 6324 4524 6328
f 6324 3764 4524
f 4025 6324 6328
f 4025 6328 4026
f 3763 6326 6327
f 3766 6326 3763
f 3764 6329 4524
f 3764 6326 6329
f 6329 6326 4525
f 4524 6329 3767
f 6330 4524 3767
f 6330 6328 4524
f 4026 6328 6330
f 337 4026 6330
f 3155 6330 3767
f 6303 6330 3155
f 337 6330 6303
f 3766 4525 6326
f 3767 6329 4525
f 6300 3767 4525
f 3155 3767 6300
f 3154 6300 4525
f 3765 3766 5243
f 8115 3765 6299
f 4525 3766 8115
f 8115 3766 3765
f 3154 4525 8115
f 6299 3765 336
f 3154 8115 3159
f 3159 8115 6299
f 3765 6331 336
f 6331 4526 336
f 3489 336 4526
f 6309 6332 3488
f 3489 4526 6309
f 6309 4526 6332
f 6309 3488 6308
f 5242 3762 6331
f 4526 6331 3762
f 6332 3762 6334
f 4526 3762 6332
f 6332 6334 3488
f 3488 6333 5250
f 210 6333 3291
f 5250 6333 210
f 3488 6334 4527
f 4527 6333 3488
f 6335 6333 4527
f 6333 3290 3291
f 6335 3290 6333
f 6336 3762 3152
f 6334 3762 6336
f 4527 6334 6336
f 4527 6336 3151
f 6335 4527 3151
f 6337 6335 3151
f 6335 6337 209
f 3290 6335 209
f 1209 1215 1216
f 1208 5241 1215
f 1208 1215 1209
f 1216 335 325
f 325 1209 1216
f 1216 2539 335
f 6312 2539 1215
f 2539 1216 1215
f 6312 1215 2538
f 2538 1215 1213
f 2538 1213 334
f 1214 334 1213
f 4020 5239 4024
f 4021 6338 2255
f 6338 4020 4024
f 4021 6339 6338
f 6339 4020 6338
f 1214 2255 5240
f 4021 2255 1214
f 323 3759 1213
f 3759 1214 1213
f 4021 1214 3759
f 4518 5240 2255
f 6314 6338 4024
f 6314 2255 6338
f 6314 4024 2254
f 6313 5239 4023
f 4024 5239 6313
f 6313 4023 333
f 2254 4024 6313
f 2899 1212 2900
f 2899 2900 3755
f 2900 1212 332
f 332 3153 2900
f 2900 3153 320
f 2899 2906 1212
f 332 1212 1554
f 1211 2906 4528
f 4520 1212 2906
f 2906 1211 4520
f 4528 2906 5237
f 4528 5237 5247
f 1211 4528 5247
f 2905 5247 5237
f 5246 2905 331
f 5246 5247 2905
f 5237 319 2905
f 2530 6341 4529
f 2530 4529 6340
f 319 6340 2905
f 6342 6341 2529
f 6341 8116 4529
f 6342 2529 2536
f 2537 4529 8116
f 6341 6342 8116
f 6319 6340 4529
f 2905 6340 6319
f 6319 4529 2537
f 2905 6319 331
f 6320 6342 2536
f 6342 6320 8116
f 8113 2537 8116
f 8113 8116 6320
f 4022 6320 2536
f 3149 6343 2536
f 318 6343 3149
f 6343 318 2535
f 5245 2536 6343
f 4022 2536 5245
f 330 6343 2535
f 5245 6343 330
f 6344 318 6345
f 8117 4530 2246
f 8117 6346 4530
f 4530 6344 2246
f 6345 2246 6344
f 318 6344 2535
f 4530 6346 2245
f 4530 2245 6347
f 6344 4530 2253
f 6325 8118 6344
f 6344 8118 2535
f 6344 2253 6325
f 330 2535 8118
f 3764 6324 2253
f 2253 6324 6325
f 8118 6325 4025
f 2252 6347 2245
f 4531 6347 2252
f 3764 6347 6327
f 6347 3764 4530
f 2253 4530 3764
f 4531 6327 6347
f 3763 6327 4531
f 2252 2251 4531
f 4531 2251 329
f 2897 6349 4532
f 2897 4532 6350
f 6348 2897 6350
f 317 6348 6350
f 317 6350 2251
f 8120 2896 2903
f 2896 8120 8119
f 6349 8119 8120
f 6349 8120 6351
f 6349 6351 4532
f 4532 6351 2904
f 3152 4532 2904
f 4532 3152 6352
f 6350 4532 6352
f 6352 329 2251
f 6350 6352 2251
f 5242 6352 3152
f 329 6352 5242
f 2903 6353 8120
f 6351 8120 6353
f 2904 6351 6353
f 2904 6353 6336
f 3152 2904 6336
f 3151 6336 6353
f 6354 6353 2903
f 208 2859 6354
f 208 6354 2903
f 3151 6353 6354
f 6337 6354 2859
f 6337 3151 6354
f 209 6337 2859
f 328 2902 2250
f 2902 2901 4533
f 6166 2902 4533
f 2250 2902 6166
f 4533 2901 2534
f 2397 4533 2534
f 4533 2397 2533
f 4533 2533 6166
f 2533 2532 6167
f 4534 4535 1551
f 4535 4534 1552
f 4534 1553 1552
f 1551 2247 2248
f 4534 1551 2248
f 1553 2248 326
f 1553 4534 2248
f 1551 1209 325
f 1550 4535 1552
f 1208 1551 4535
f 1551 1208 1209
f 1207 4535 1550
f 4535 1207 1208
f 6355 1207 323
f 1208 1207 6355
f 5241 6355 323
f 6355 5241 1208
f 6356 3759 4536
f 3758 6356 3760
f 4445 3758 3760
f 3760 6356 4536
f 3761 3760 4536
f 4536 3759 323
f 4536 323 1207
f 3761 4536 1207
f 6356 3758 6339
f 6339 3759 6356
f 6339 3758 4537
f 4021 3759 6339
f 6339 4537 4020
f 4537 4445 3756
f 4537 3758 4445
f 4537 3756 6357
f 6357 3756 3757
f 4020 4537 6357
f 322 6357 3757
f 5239 6357 322
f 4020 6357 5239
f 3755 3752 3646
f 3647 3752 3755
f 6358 3647 4019
f 314 6358 4019
f 3754 3755 3646
f 3647 3755 2900
f 4019 3647 2900
f 320 4019 2900
f 3755 3754 2899
f 2899 3754 313
f 5238 3753 319
f 3753 5238 313
f 2899 313 5238
f 319 5237 5238
f 6361 6360 3150
f 6360 2530 3388
f 8121 3388 2530
f 6359 3388 8121
f 6360 6361 2530
f 319 6359 8121
f 3753 6359 319
f 8121 2530 6340
f 319 8121 6340
f 6361 3150 4538
f 6341 6361 4538
f 6361 6341 2530
f 2529 6341 4538
f 5233 4538 8001
f 8001 4538 3150
f 5236 312 3148
f 5233 312 5236
f 5236 4538 5233
f 3149 5236 3148
f 2529 4538 5236
f 8122 6362 3148
f 312 8122 3148
f 6363 8123 2898
f 6363 2898 2789
f 2898 6364 2789
f 6362 2789 6364
f 6364 3148 6362
f 2898 8123 6346
f 3148 6364 318
f 3149 3148 318
f 2898 2246 6345
f 6364 2898 6345
f 6345 318 6364
f 6346 2788 4539
f 6346 8123 2788
f 6346 8117 2898
f 2898 8117 2246
f 2245 6346 4539
f 2907 311 6365
f 4539 311 2907
f 8002 2907 317
f 2252 2907 8002
f 2252 4539 2907
f 311 6366 6365
f 6368 2524 6367
f 6368 6367 2525
f 6365 6366 2525
f 2527 6367 2524
f 2525 6367 2528
f 6348 2525 2528
f 6365 2525 6348
f 2907 6348 317
f 2907 6365 6348
f 6348 2528 2897
f 6367 2527 6369
f 2528 6367 6369
f 6369 2527 8119
f 8119 2527 2896
f 6369 8119 6349
f 2528 6349 2897
f 2528 6369 6349
f 5231 2694 2695
f 2695 8124 5231
f 2527 5231 8124
f 2896 2527 8124
f 2896 2695 208
f 2695 2896 8124
f 1205 1206 1548
f 316 1549 1206
f 1203 1549 316
f 1203 316 2244
f 1094 1206 1205
f 308 315 1205
f 3143 3748 4540
f 4540 4018 3143
f 4540 3748 3751
f 4540 3751 3752
f 6358 4540 3752
f 6358 4018 4540
f 314 4018 6358
f 6358 3752 3647
f 3752 3751 3646
f 3646 3751 305
f 305 3750 5235
f 3646 305 5235
f 313 5235 3750
f 5222 6370 305
f 3141 6384 6371
f 6370 2893 3141
f 6370 6373 3750
f 305 6370 3750
f 6372 3140 3147
f 6371 3140 6372
f 6373 6370 3141
f 3750 6373 313
f 6359 3141 3388
f 6373 3141 6359
f 3753 6373 6359
f 6373 3753 313
f 6372 3388 6371
f 6371 3388 3141
f 6372 3147 6360
f 6372 6360 3388
f 3150 6360 3147
f 3150 3147 5229
f 5234 8001 5229
f 3150 5229 8001
f 5234 3146 312
f 2891 8125 8000
f 5220 8000 8125
f 2891 6374 2895
f 6386 6374 2891
f 3146 5220 8125
f 3146 8125 6375
f 6374 2890 6363
f 6363 2895 6374
f 2895 6375 2891
f 2891 6375 8125
f 3146 6375 8122
f 312 3146 8122
f 6362 6375 2895
f 2789 6362 2895
f 6375 6362 8122
f 2890 8126 6363
f 2895 6363 2789
f 2890 2788 8126
f 8126 2788 8123
f 6363 8126 8123
f 5227 5226 2894
f 5227 2788 2890
f 5232 2788 5227
f 311 5232 2894
f 5232 5227 2894
f 6376 2240 4541
f 6377 2240 6376
f 5226 6376 2894
f 2240 6378 4541
f 6376 4541 6379
f 2894 6376 6379
f 6380 6378 2242
f 6378 6380 2243
f 4541 6378 2243
f 6379 4541 2243
f 2894 6379 311
f 311 6379 6366
f 6366 6379 2243
f 6366 2243 2525
f 2242 4542 6380
f 6368 2243 6380
f 6368 6380 4542
f 2243 6368 2525
f 2524 6368 4542
f 5225 2201 6381
f 2242 5225 6381
f 2242 6381 4542
f 2201 2202 6381
f 5231 4542 6381
f 2524 4542 5231
f 6381 2202 207
f 6381 207 5231
f 1545 310 301
f 301 310 2098
f 1964 301 2098
f 310 1545 4447
f 4447 1545 5224
f 5224 1784 309
f 309 4447 5224
f 1198 1202 4543
f 1199 4543 1203
f 1199 1203 1784
f 300 1199 1784
f 1203 4543 1549
f 1549 4543 1202
f 1549 1202 1548
f 1549 1548 1206
f 1548 1202 1518
f 1519 1548 1518
f 1519 308 1548
f 4017 4016 2887
f 1201 4016 4017
f 4016 1201 2888
f 1201 4544 2889
f 1519 4544 308
f 1519 2889 4544
f 299 1519 1518
f 308 4544 1201
f 4017 1200 1204
f 1201 4017 1204
f 2887 298 4392
f 4017 2887 4392
f 4017 4392 1200
f 2237 3136 3143
f 3143 3136 3748
f 3748 3136 3142
f 306 297 2237
f 306 3143 4018
f 3747 3748 3142
f 3751 3748 3747
f 3747 5223 3344
f 3747 3142 5223
f 305 3747 3344
f 6394 2780 2892
f 2892 3140 2885
f 3140 6383 2885
f 6382 2885 6383
f 6382 2893 1542
f 6382 1542 6393
f 2893 5222 1542
f 5222 3344 5216
f 5222 5216 1542
f 5216 3344 296
f 3141 2893 6384
f 6370 5222 2893
f 6382 6384 2893
f 6384 6382 6383
f 6383 3140 6371
f 6384 6383 6371
f 5221 3140 2892
f 304 5230 2780
f 5221 2780 5230
f 5221 5230 3140
f 6385 2517 6398
f 2522 2517 6385
f 7999 2521 6385
f 6386 2523 2522
f 2517 2522 2523
f 6396 2523 2518
f 2523 6396 2517
f 2518 2523 8000
f 2780 5219 304
f 5214 5219 2780
f 2518 8000 5219
f 1197 2518 5219
f 1197 5219 5214
f 5214 2780 295
f 5220 5219 8000
f 2523 2891 8000
f 3146 304 5220
f 6386 2522 6374
f 2523 6386 2891
f 6374 2522 2890
f 6387 2522 6385
f 303 6387 2521
f 6387 303 5228
f 5228 2890 6387
f 2890 2522 6387
f 1540 6388 1547
f 294 1540 1547
f 303 2521 8127
f 294 8127 2521
f 294 1547 8127
f 1546 6388 1539
f 6389 6388 1546
f 6388 6389 1547
f 6377 8127 1547
f 6377 1547 2240
f 303 6377 5226
f 8127 6377 303
f 6377 6376 5226
f 2239 6389 1546
f 2240 1547 6389
f 2240 6389 6378
f 2239 2242 6378
f 6378 6389 2239
f 5217 2239 1546
f 5217 1715 6390
f 1715 5217 1714
f 6390 2239 5217
f 2239 6390 5225
f 5225 6390 1715
f 1715 206 5225
f 289 3745 3746
f 2238 3558 3745
f 301 2238 1545
f 2238 3745 1545
f 1545 3745 300
f 300 3745 289
f 3137 3139 3296
f 3296 3139 1199
f 6391 1199 300
f 3135 1199 6391
f 6391 300 5209
f 5209 300 289
f 1199 3139 4543
f 1198 4543 3139
f 1198 3139 3137
f 1198 3137 3138
f 299 1198 3138
f 1198 299 1518
f 2888 6392 4016
f 6392 2888 2773
f 287 4016 6392
f 2773 2888 2889
f 2889 2774 2773
f 299 2774 2889
f 2884 299 3138
f 2884 2774 299
f 3138 3137 288
f 299 2889 1519
f 1201 2889 2888
f 2886 4016 287
f 2887 4016 2886
f 3136 2024 2023
f 2024 2237 297
f 4545 3136 2023
f 3136 2237 2024
f 3142 4545 296
f 3142 3136 4545
f 5215 1541 5203
f 8128 1542 4546
f 1542 8128 1699
f 6393 1542 1699
f 1541 6393 1699
f 8128 4546 1538
f 5216 296 5205
f 4546 5216 5205
f 5205 296 285
f 1538 4546 5205
f 5216 4546 1542
f 6393 1541 6382
f 1541 2885 6382
f 6394 2892 5215
f 284 295 6394
f 2892 2885 1541
f 295 2780 6394
f 1197 1511 6396
f 6396 1511 6397
f 6397 8130 6396
f 6397 1196 8130
f 1511 1197 5213
f 5202 5213 295
f 1511 5213 5202
f 284 5202 295
f 8130 1196 2517
f 6396 8130 2517
f 1197 6396 2518
f 5212 283 1514
f 6398 1196 5212
f 2517 1196 6398
f 5212 1514 6398
f 7999 6398 1514
f 294 7999 1514
f 6398 7999 6385
f 6400 1188 6399
f 1514 283 6399
f 1188 6401 4547
f 6399 1188 4547
f 6403 6399 4547
f 6399 6403 1514
f 6402 8131 1194
f 8131 1187 1194
f 6401 8131 6402
f 6401 1195 4547
f 6402 1195 6401
f 6404 4547 1195
f 6403 4547 6404
f 294 6403 6404
f 1514 6403 294
f 6404 1195 1540
f 294 6404 1540
f 6405 1194 4548
f 6402 1194 6405
f 1195 6402 6405
f 6388 1195 6405
f 1195 6388 1540
f 6405 4548 1539
f 6388 6405 1539
f 5211 4548 1194
f 1146 7998 1145
f 1145 7998 204
f 5211 7998 1146
f 4548 5211 1146
f 1146 205 5218
f 4548 1146 5218
f 5218 1539 4548
f 290 5210 4013
f 1193 4015 4013
f 1193 4014 4015
f 292 6406 4014
f 4015 4014 6406
f 6406 293 4015
f 6406 292 293
f 5210 1193 4013
f 6160 5210 291
f 6160 1193 5210
f 291 5210 4012
f 280 5208 3114
f 3296 3135 3114
f 4549 3114 3135
f 4549 3135 5209
f 3743 281 5209
f 3115 5209 281
f 4549 5209 3115
f 3135 6391 5209
f 3743 5209 289
f 3135 3296 1199
f 5208 3296 3114
f 5208 280 288
f 3137 5208 288
f 3296 5208 3137
f 2769 2882 2773
f 2882 5207 2773
f 2770 6407 2884
f 2884 6407 2774
f 2769 2773 6407
f 2880 2769 6407
f 6407 2770 2880
f 288 2770 2884
f 5199 288 280
f 5199 2770 288
f 3138 288 2884
f 2774 6407 2773
f 287 6392 2883
f 5207 6392 2773
f 2236 2024 4550
f 2236 4550 1984
f 286 4550 2024
f 2514 4550 286
f 1984 4550 2514
f 297 286 2024
f 2023 2024 2236
f 5206 2235 2236
f 2236 2235 2023
f 4545 2235 285
f 2235 4545 2023
f 1538 1939 6408
f 6409 1537 6408
f 6409 1938 1537
f 1939 6409 6408
f 5204 1939 1538
f 2234 5204 285
f 2235 2234 285
f 5197 1939 5204
f 5197 5204 2234
f 5205 5204 1538
f 285 5204 5205
f 6408 1537 1699
f 8128 6408 1699
f 1538 6408 8128
f 1699 1537 5203
f 5203 276 5215
f 5215 276 284
f 1699 5203 1541
f 6410 1189 1507
f 1190 1508 6411
f 1189 6413 6411
f 6411 1507 1189
f 1508 1190 5202
f 8132 5202 6412
f 1508 5202 8132
f 5193 8132 6412
f 5202 1190 1511
f 1511 1190 6413
f 6411 6413 1190
f 6413 1189 1196
f 6397 6413 1196
f 6413 6397 1511
f 8133 1189 6410
f 6395 8133 1509
f 1196 1189 8133
f 6395 1509 8129
f 1196 8133 6395
f 1510 8129 1509
f 283 8129 1510
f 6395 8129 5212
f 5192 6414 8134
f 1509 5192 8134
f 5192 1509 275
f 6434 4008 6415
f 4009 6415 4551
f 6434 6415 4009
f 4009 4551 6414
f 6400 8134 6414
f 1509 8134 1510
f 4008 4010 6415
f 6416 4551 6415
f 4551 6400 6414
f 4551 4011 6400
f 8134 6400 1510
f 6400 4011 1188
f 1510 6399 283
f 1510 6400 6399
f 6416 4010 4552
f 6415 4010 6416
f 4551 6416 4011
f 6401 4011 6416
f 4011 6401 1188
f 8131 6416 4552
f 8131 4552 1187
f 6416 8131 6401
f 5201 4552 4010
f 6417 5201 5200
f 4552 5201 6417
f 6417 8135 6418
f 4155 4156 8135
f 4155 8135 5200
f 8135 6417 5200
f 4552 6417 6418
f 1187 4552 6418
f 4156 6418 8135
f 6418 204 5211
f 204 6418 4156
f 1187 6418 5211
f 3739 3738 282
f 274 3739 282
f 264 3739 274
f 3738 3521 282
f 3738 3742 3521
f 272 3132 3129
f 3132 4549 3130
f 3129 3132 3130
f 3130 281 3742
f 273 3130 3742
f 281 3130 3115
f 3115 3130 4549
f 3114 4549 3132
f 3114 3132 272
f 3114 272 3131
f 3114 3131 280
f 6440 271 2880
f 4557 2880 2881
f 2881 280 3131
f 2881 3131 4007
f 2881 2770 5199
f 2770 2881 2880
f 2880 271 2769
f 2769 271 2882
f 5207 2882 279
f 5198 2340 1984
f 2340 5198 2341
f 5198 270 2341
f 2514 5198 1984
f 2340 2233 1984
f 1983 1984 2233
f 1984 1983 2236
f 2232 5206 2233
f 2232 277 5206
f 2233 5206 1983
f 2235 5206 277
f 1983 5206 2236
f 5196 1535 1529
f 4553 6419 1536
f 6419 1529 1535
f 6419 4553 6420
f 6420 1529 6419
f 6420 4553 1530
f 5197 4553 1536
f 6421 5197 277
f 4553 5197 6421
f 6421 1530 4553
f 6422 277 2232
f 6422 6421 277
f 1530 6421 6422
f 5197 1536 1939
f 277 5197 2234
f 1536 6419 1939
f 6409 6419 1535
f 6409 1535 1938
f 1939 6419 6409
f 1533 1534 5195
f 1938 5195 1534
f 1938 1535 5195
f 1534 276 5203
f 1938 1534 5203
f 1184 1185 6423
f 6424 1186 1181
f 6424 6425 1185
f 6424 1181 6425
f 1180 1185 6425
f 6425 4561 1180
f 1181 1186 5193
f 5193 5194 1533
f 1534 1533 5194
f 6426 5193 1533
f 1181 5193 6426
f 1533 268 6426
f 5193 1508 8132
f 1186 1508 5193
f 5194 5193 6412
f 5194 6412 276
f 1186 6424 6411
f 6411 6424 1507
f 1508 1186 6411
f 1185 1184 6427
f 6424 1185 1507
f 6427 1184 275
f 1507 1185 6427
f 6410 6427 275
f 1507 6427 6410
f 6410 275 1509
f 6428 5190 3740
f 202 5190 6428
f 4554 6430 3741
f 6429 6430 4554
f 3470 3740 6429
f 6431 6429 4554
f 6431 6432 6429
f 6429 6432 3470
f 4554 3741 5191
f 5191 275 6433
f 275 1184 6433
f 6433 4554 5191
f 3737 6431 4554
f 6433 3737 4554
f 6433 1184 267
f 3737 6433 6451
f 4009 6414 3741
f 6430 6429 3740
f 6430 3740 4555
f 6430 6434 3741
f 3741 6434 4009
f 4008 4555 6435
f 6430 4555 4008
f 6430 4008 6434
f 5190 4555 3740
f 5190 6437 6436
f 6436 4555 5190
f 6438 6437 3708
f 6436 6437 6438
f 6436 6435 4555
f 6438 6435 6436
f 6435 5201 4008
f 6438 3708 203
f 6435 6438 5201
f 266 265 3834
f 265 264 3835
f 261 2231 2227
f 3738 2227 2231
f 2227 3738 264
f 264 3738 3739
f 273 3738 2231
f 1172 4556 1173
f 1173 4556 5181
f 5181 4556 273
f 5181 2231 261
f 5181 273 2231
f 3130 1172 3129
f 3130 4556 1172
f 273 4556 3130
f 1172 259 3129
f 272 3129 259
f 6439 4557 4007
f 4557 6439 3998
f 6439 4007 3736
f 4007 259 3736
f 4007 4557 2881
f 5189 4557 3998
f 6440 4557 5189
f 6440 5189 258
f 6440 258 271
f 2880 4557 6440
f 4558 2229 6441
f 6441 2229 2224
f 4558 6441 253
f 2224 2229 2230
f 2224 2230 2225
f 2225 2230 2878
f 2225 2878 255
f 2341 2878 2230
f 270 2878 2341
f 2229 4558 6442
f 6442 2230 2229
f 2230 6442 2341
f 6442 4558 2340
f 6442 2340 2341
f 269 4558 2228
f 2233 4558 269
f 2340 4558 2233
f 5187 1182 1170
f 5187 1170 6443
f 5186 6443 251
f 6443 5186 5187
f 6444 1183 4559
f 6446 6445 6444
f 1182 6446 1170
f 4559 5178 6444
f 5178 4559 1171
f 5178 6446 6444
f 5188 269 2228
f 1171 4559 2228
f 5188 2228 4559
f 1183 6422 4559
f 6422 1183 1530
f 2232 5188 6422
f 269 5188 2232
f 1182 6445 6446
f 6445 1182 6420
f 1183 6444 6445
f 6420 1183 6445
f 1530 1183 6420
f 6420 1182 1529
f 1182 5187 1500
f 1500 8136 1182
f 8136 1529 1182
f 5196 8136 1500
f 5196 1501 268
f 1501 5196 1500
f 8136 5196 1529
f 4003 3996 7997
f 5184 7997 6447
f 8137 4004 4560
f 8137 4560 6448
f 4561 8137 6448
f 6448 4003 4561
f 3996 4003 6448
f 6448 4560 3997
f 6448 6463 3996
f 6449 5185 1501
f 4560 5185 6449
f 4560 4004 5185
f 5186 1501 1500
f 1501 5186 6449
f 3997 4560 6449
f 5176 6449 5186
f 5186 251 5176
f 6449 5176 3997
f 4004 1181 6426
f 5185 4004 6426
f 5185 6426 268
f 1181 4004 8137
f 4561 1181 8137
f 6425 1181 4561
f 4561 4003 6450
f 6450 5184 4002
f 6423 4002 267
f 4561 6450 1180
f 6450 4002 6423
f 6423 1180 6450
f 6423 267 1184
f 1185 1180 6423
f 6433 267 6451
f 6451 7996 5183
f 4002 7996 267
f 267 7996 6451
f 3737 5183 4562
f 5183 3737 6451
f 6431 4562 6432
f 4562 6431 3737
f 4562 5183 3471
f 4562 3471 6452
f 6432 4562 6452
f 6432 6452 3470
f 3740 3470 6428
f 202 6453 3282
f 202 6428 6453
f 6452 3471 6454
f 6452 6454 4563
f 6452 4563 3470
f 4563 6428 3470
f 6453 6428 4563
f 6453 8138 6455
f 6453 4563 8138
f 6453 6455 3281
f 3282 6453 3281
f 6454 3471 6456
f 8139 3299 4563
f 6454 8139 4563
f 6454 6456 8139
f 8138 4563 3299
f 6457 8138 3299
f 6455 8138 6457
f 201 3281 6455
f 265 1177 264
f 1177 263 264
f 264 263 2227
f 263 2226 2227
f 261 2227 2226
f 2226 262 261
f 1528 1173 5181
f 1528 5181 1175
f 262 5181 261
f 1175 5181 262
f 1173 1528 1527
f 1172 1173 1527
f 1527 260 1172
f 1172 260 259
f 6458 3736 6118
f 6458 3735 3998
f 3998 6439 6458
f 6458 6439 3736
f 257 3998 3735
f 257 3734 3998
f 258 5189 3734
f 3734 5189 3998
f 2508 2509 2510
f 2870 5180 255
f 2870 2511 5180
f 2511 2509 5180
f 2225 5180 2509
f 255 5180 2225
f 2508 2224 2509
f 2509 2224 2225
f 2222 5179 2223
f 5179 2224 2508
f 5179 2222 6441
f 6441 2224 5179
f 6441 2222 253
f 251 6443 1168
f 6446 5178 6459
f 4564 6446 6459
f 1170 6446 4564
f 4564 6460 1170
f 6443 1170 6460
f 1168 6443 6460
f 1168 6460 1169
f 5178 1524 6461
f 6459 5178 6461
f 4564 6459 6460
f 6459 1523 6460
f 1169 6460 1523
f 5358 1169 1523
f 1523 6072 5358
f 6072 1523 1525
f 252 1169 5358
f 1524 1526 6461
f 1525 1523 6459
f 6461 1525 6459
f 1525 6461 4397
f 1526 4397 6461
f 1524 5177 5360
f 5360 1526 1524
f 5360 5177 2222
f 2222 2223 5360
f 2223 254 5360
f 6447 7997 3996
f 6447 3727 6462
f 6447 6462 250
f 6463 3997 8140
f 6448 3997 6463
f 3996 6466 4565
f 6463 6466 3996
f 6464 3996 4565
f 6447 3996 6464
f 6465 6447 6464
f 6447 6465 3727
f 6465 6464 4565
f 8140 3997 3729
f 6463 8140 6466
f 3729 6467 8140
f 6466 8140 6467
f 4565 6467 3728
f 6466 6467 4565
f 5357 4565 3728
f 6465 4565 6468
f 6468 4565 5357
f 249 3726 8013
f 6468 8013 3726
f 6468 5357 8013
f 6465 6468 3726
f 3730 5357 3728
f 6467 3730 3728
f 3731 6467 3729
f 3731 6083 6467
f 6467 6083 3730
f 8141 3729 5175
f 1169 6085 1168
f 6085 5175 1168
f 5175 6085 8141
f 8141 3731 3729
f 3731 8141 6084
f 6085 1169 252
f 8141 6085 6084
f 6462 3727 6469
f 5182 6469 3300
f 6462 6469 5182
f 250 6462 5182
f 3726 8142 6465
f 3727 5174 6469
f 3727 8142 5174
f 6465 8142 3727
f 6469 5174 4566
f 4566 3300 6469
f 6470 6456 4566
f 3300 6456 3471
f 4566 6456 3300
f 5174 8142 3726
f 4566 5174 3298
f 4566 3298 6470
f 6470 3298 6472
f 6470 6472 3297
f 8139 3297 3299
f 8139 6470 3297
f 6456 6470 8139
f 6457 3299 8143
f 8143 3299 3297
f 6457 2685 6471
f 6455 6471 201
f 6455 6457 6471
f 3297 6472 4567
f 8143 4567 6473
f 3297 4567 8143
f 6457 8143 6473
f 2685 6457 6473
f 6473 199 2685
f 6164 6472 2705
f 6472 3298 2705
f 6472 6164 4567
f 4567 6164 2704
f 6473 4567 8144
f 8144 2704 4443
f 4567 2704 8144
f 6474 6473 8144
f 199 6473 6474
f 6163 8144 4443
f 6474 8144 6163
f 199 6474 6163
f 245 2218 2219
f 2219 2218 248
f 2218 1165 247
f 1165 2218 246
f 3725 241 3724
f 3724 243 3725
f 244 3725 243
f 242 243 3724
f 2213 2703 2214
f 2328 2213 2214
f 2875 2214 2703
f 2214 2875 239
f 2213 2212 2703
f 237 2212 2213
f 2703 2212 238
f 3519 3723 233
f 3723 3722 235
f 1162 3723 235
f 1162 235 1161
f 236 3723 1162
f 3722 3519 234
f 2018 230 2211
f 2016 2211 4568
f 2016 2865 232
f 2865 2016 4568
f 4568 2211 231
f 231 2211 2702
f 2211 230 2702
f 3721 1160 229
f 3721 3732 3720
f 1160 4163 228
f 1160 3721 3720
f 1160 3720 4163
f 3720 4162 4163
f 227 3720 226
f 4162 3720 227
f 2209 2210 225
f 2210 224 225
f 2210 2209 222
f 2480 222 223
f 2210 222 2480
f 3525 1156 221
f 3525 3719 1156
f 219 1156 3719
f 1155 1156 219
f 220 1155 219
f 2860 169 4569
f 4569 2845 5172
f 6475 2845 4569
f 169 6475 4569
f 2860 4569 6476
f 2862 2860 6476
f 5172 3292 4569
f 6476 4569 3292
f 6476 3293 2862
f 2862 3293 2863
f 2863 216 2862
f 6476 3292 3293
f 6477 3293 3292
f 2863 3293 6477
f 2863 6477 2864
f 3292 5171 3294
f 3294 3295 3292
f 3295 6477 3292
f 2864 6477 217
f 5990 6477 3295
f 217 6477 5990
f 6478 168 2736
f 2697 168 6478
f 4570 6478 2737
f 4570 2697 6478
f 6479 2697 4570
f 2697 6480 2698
f 4570 2737 2860
f 2860 4571 4570
f 4570 4571 6479
f 6479 2861 6480
f 6480 2697 6479
f 2699 6480 6481
f 6480 2699 215
f 4571 6482 2861
f 2861 6479 4571
f 6481 6480 2861
f 6481 2861 6482
f 2700 2699 6482
f 2699 6481 6482
f 4571 2860 2862
f 2862 6482 4571
f 6482 216 2700
f 6482 2862 216
f 167 6483 2204
f 4572 6483 2185
f 2205 6483 4572
f 6483 2205 2204
f 168 4572 2185
f 168 6484 4572
f 6484 2696 4572
f 2696 2205 4572
f 2205 2696 8145
f 6485 214 6244
f 214 6485 8145
f 2205 8145 6485
f 214 8145 2696
f 6486 214 2696
f 2207 2206 6486
f 2206 214 6486
f 168 2698 6484
f 168 2697 2698
f 2696 6484 2698
f 6486 2696 2698
f 2698 6480 6486
f 215 6486 6480
f 2207 6486 215
f 1698 6487 2844
f 166 2844 6487
f 6487 4573 166
f 166 4573 1718
f 6488 1718 1719
f 1718 4573 1719
f 6487 1698 2203
f 4573 6487 2203
f 1719 4573 6489
f 4573 2203 6489
f 6490 1720 213
f 6490 1719 1720
f 6491 1720 1719
f 6489 2203 8146
f 6489 4574 6491
f 1719 6489 6491
f 6491 4574 1721
f 6491 1721 1720
f 2204 8146 2203
f 2205 8146 2204
f 6489 8146 4574
f 4574 8146 2205
f 6485 1721 4574
f 4574 2205 6485
f 6244 1721 6485
f 165 1151 5170
f 1129 1130 1716
f 1151 165 1129
f 1129 1716 1151
f 1717 1151 6493
f 1716 6493 1151
f 6492 1151 1717
f 1152 6492 1717
f 1152 1717 6265
f 212 1152 6265
f 212 6265 1153
f 6493 6488 4575
f 6493 4575 1717
f 4575 6265 1717
f 6265 4575 1154
f 1154 4575 6490
f 6493 1716 1718
f 6488 6493 1718
f 6490 6488 1719
f 4575 6488 6490
f 6490 213 1154
f 5170 4576 2671
f 4576 144 2671
f 164 144 4576
f 164 4576 4159
f 4159 4576 1150
f 4159 1150 4160
f 1149 4576 5170
f 1149 6494 4576
f 1150 4576 6494
f 4160 1150 6495
f 211 6495 6496
f 6494 4577 1150
f 4577 6496 1150
f 6496 6495 1150
f 211 6496 4161
f 6492 1149 1151
f 6494 1149 6492
f 4577 6494 6492
f 4577 6492 1152
f 6496 4577 1152
f 6496 1152 212
f 4161 6496 212
f 3695 163 2669
f 3695 6565 4157
f 3715 163 3695
f 3716 3715 6497
f 4157 6565 3696
f 3715 4157 6497
f 3695 4157 3715
f 4158 6497 4578
f 4158 3716 6497
f 6498 4158 5249
f 3716 4158 6498
f 5249 6500 3717
f 4158 6500 5249
f 6499 4578 4157
f 6497 4157 4578
f 4158 4578 6500
f 3718 3717 6500
f 4157 4159 6499
f 4159 4160 6499
f 4578 6499 4160
f 6501 4578 4160
f 6500 4578 6501
f 6500 6501 3718
f 6495 6501 4160
f 6501 211 3718
f 6501 6495 211
f 3268 3269 4579
f 3288 162 3268
f 3268 4579 6502
f 6502 3288 3268
f 4579 3269 3713
f 6503 4579 3713
f 6503 3714 6502
f 6502 4579 6503
f 3289 6502 3714
f 209 3289 3714
f 3290 3714 4580
f 209 3714 3290
f 6503 4580 3714
f 4580 3291 3290
f 6504 6503 3713
f 6504 3713 3715
f 6503 6504 4580
f 3716 6504 3715
f 4580 6504 3716
f 6498 4580 3716
f 3291 4580 6498
f 210 3291 5249
f 6498 5249 3291
f 6505 161 2842
f 2842 4581 6505
f 1695 3287 2842
f 2857 6505 4581
f 2858 2857 4581
f 2842 3287 4581
f 4581 3287 6506
f 4581 6506 2858
f 6508 6507 208
f 6508 2858 6507
f 2858 6506 6507
f 6507 2859 208
f 6506 3287 3289
f 6507 6506 6509
f 6509 6506 3289
f 6509 2859 6507
f 3289 3287 3288
f 3289 3288 6502
f 6509 3289 209
f 6509 209 2859
f 160 2182 2667
f 4582 2667 2668
f 2692 2667 4582
f 160 2667 2692
f 2692 4582 6510
f 2692 6510 2693
f 2855 4582 2668
f 4582 2855 6510
f 6511 6510 2856
f 2693 6510 6511
f 207 6511 2694
f 2694 6511 2856
f 2856 6510 4583
f 4583 6510 2855
f 2694 2856 6508
f 2695 2694 6508
f 2857 2855 5169
f 2858 2855 2857
f 4583 2855 2858
f 6508 2856 4583
f 6508 4583 2858
f 6508 208 2695
f 2682 3711 5166
f 194 2682 5166
f 3711 5168 4584
f 5168 3711 2682
f 4584 3712 5167
f 4584 2691 3712
f 3711 4584 5167
f 5168 2690 4584
f 2690 4585 4584
f 206 2691 6512
f 4585 6512 2691
f 206 6512 2201
f 4584 4585 2691
f 6512 4585 6513
f 2201 6512 6513
f 6513 2202 2201
f 2690 2692 2693
f 2693 4585 2690
f 2693 6513 4585
f 6511 6513 2693
f 6513 6511 207
f 6513 207 2202
f 2196 4586 193
f 193 4586 3285
f 3280 3709 4586
f 3280 4586 2196
f 3285 4586 6514
f 6514 6516 3286
f 6515 3710 6516
f 3709 6515 6516
f 3709 6516 4586
f 6514 4586 6516
f 6517 6516 3710
f 3286 6516 6517
f 1714 6517 6518
f 205 6517 1714
f 3712 3710 6515
f 6518 6517 3710
f 3712 6518 3710
f 1715 6518 206
f 1714 6518 1715
f 5167 6515 3709
f 3712 6515 5167
f 206 6518 3712
f 2691 206 3712
f 2853 192 4587
f 192 2193 4587
f 3283 2193 193
f 4587 3283 6519
f 2193 3283 4587
f 2853 3284 2854
f 4587 6519 2853
f 6519 4588 3284
f 2853 6519 3284
f 4156 2854 6520
f 3284 6520 2854
f 6520 1145 204
f 4588 6519 6521
f 3284 4588 6520
f 6520 4588 1145
f 3285 6519 3283
f 6521 6519 3285
f 6521 3285 6514
f 3286 6521 6514
f 4588 6521 3286
f 3286 1145 4588
f 1145 3286 6517
f 1146 1145 205
f 1145 6517 205
f 191 2680 2688
f 2681 2851 4589
f 2688 2680 2681
f 4589 2688 2681
f 6523 6522 4589
f 6522 2688 4589
f 1707 2851 2681
f 4589 2851 6525
f 6523 4590 2852
f 4589 6525 6523
f 2852 6522 6523
f 6522 2852 2689
f 6524 2852 4155
f 5200 203 4155
f 203 6524 4155
f 6523 6525 4590
f 4590 4155 2852
f 6526 4155 4590
f 4155 6526 4156
f 2851 2853 6525
f 4590 6525 2854
f 6525 2853 2854
f 2854 6526 4590
f 6526 2854 4156
f 4156 6520 204
f 5163 6528 6527
f 190 6528 5163
f 2686 2199 6527
f 5163 6527 2199
f 6527 6528 5165
f 6527 5165 2686
f 6530 2687 2686
f 6529 2199 2686
f 2200 6529 2687
f 2686 2687 6529
f 2200 2687 3707
f 8147 2200 3707
f 3707 202 8147
f 2687 6530 4591
f 4591 3707 2687
f 3707 4591 6531
f 6531 3708 6437
f 6531 6437 3707
f 6522 5164 2688
f 6522 6530 5164
f 6530 2686 5164
f 6530 2689 4591
f 6530 6522 2689
f 2689 6531 4591
f 6531 2689 3708
f 2852 6524 2689
f 3708 2689 6524
f 3708 6524 203
f 5162 1704 1711
f 189 1704 5162
f 1704 1705 4592
f 1704 1140 1705
f 1711 1704 4592
f 6535 4592 2197
f 6532 1711 6533
f 6533 1711 4592
f 1712 6532 2198
f 2198 6532 6533
f 1712 2198 201
f 201 2198 6534
f 201 6534 3281
f 6533 4592 6535
f 4593 6533 6535
f 2198 6533 4593
f 6534 2198 4593
f 6536 6534 2200
f 6536 3282 3281
f 3281 6534 6536
f 2199 6535 2197
f 6529 6535 2199
f 2200 4593 6529
f 6535 6529 4593
f 2200 6534 4593
f 8147 202 3282
f 3282 6536 8147
f 6536 2200 8147
f 1139 5158 1138
f 4594 5158 1139
f 5158 4594 1142
f 1142 4594 6537
f 1139 1709 4594
f 4594 1709 6538
f 6537 4594 6538
f 6537 6538 1710
f 1143 6537 1710
f 1143 1710 6539
f 1143 6539 199
f 1709 4595 6538
f 1710 6538 4595
f 4595 6539 1710
f 6540 6539 4595
f 2685 6539 6540
f 199 6539 2685
f 1709 5162 1711
f 4595 1709 6532
f 6532 1709 1711
f 1712 4595 6532
f 4595 1712 6540
f 6540 1712 201
f 2685 6540 6471
f 6540 201 6471
f 188 1266 3922
f 1267 4596 1266
f 3922 1266 4596
f 4600 3922 3921
f 4596 1267 4154
f 3921 4596 4154
f 3921 3922 4596
f 200 1267 6541
f 200 6541 2684
f 1143 6541 1267
f 2684 6541 2683
f 1142 1267 1266
f 1267 1142 1143
f 1143 1142 6537
f 199 2683 1143
f 6541 1143 2683
f 195 4597 198
f 198 4597 1708
f 4597 196 1708
f 1708 196 197
f 196 4597 195
f 2156 2182 160
f 2157 5168 2682
f 5168 2157 2156
f 2157 2180 2156
f 2156 6542 2182
f 143 2182 6542
f 194 6543 6544
f 6544 6543 2181
f 2157 194 2180
f 2156 2180 6542
f 2195 2196 193
f 2196 2195 5161
f 3280 2196 2181
f 2181 6543 3280
f 2195 193 159
f 193 2193 159
f 159 2193 6546
f 1707 4598 192
f 2194 6546 2193
f 4598 1707 6545
f 4598 1929 2194
f 6546 2194 1929
f 191 158 2680
f 1928 2680 1706
f 1928 2681 2680
f 1707 2681 1928
f 1707 192 2851
f 190 1933 6528
f 191 6528 1933
f 158 191 1933
f 190 1126 1933
f 190 1141 6547
f 1141 1125 6547
f 1125 1141 1140
f 1126 190 6547
f 1933 1692 158
f 1704 189 1140
f 5159 189 1144
f 1140 189 5159
f 1705 1140 1141
f 1141 190 1705
f 1138 1137 1139
f 1138 4148 1137
f 1144 1139 1137
f 6549 1144 1137
f 5158 188 6548
f 188 4147 4599
f 4599 6548 188
f 1138 6548 4148
f 1137 4148 6549
f 1144 6549 157
f 4600 187 156
f 3921 187 4600
f 4600 156 5157
f 3922 4600 4147
f 188 3922 4147
f 4153 187 3706
f 3706 3694 4153
f 187 4153 156
f 3279 4602 3693
f 3693 4602 3705
f 3279 3693 6609
f 3694 4601 6550
f 6550 4601 3279
f 4153 3694 8148
f 156 4153 8148
f 3278 3704 4602
f 4602 3704 3705
f 186 3279 4601
f 2849 3267 2850
f 6057 2850 155
f 185 155 3704
f 185 6057 155
f 2849 184 3267
f 3267 6552 2850
f 184 3266 6551
f 184 2679 3266
f 184 6551 3267
f 2678 183 3277
f 2678 3277 2679
f 5363 2679 184
f 2192 3275 5155
f 5365 2192 5155
f 5365 5155 183
f 2841 3276 182
f 2191 3276 6553
f 2191 3275 2192
f 3276 8149 6553
f 2841 8149 3276
f 1703 2848 182
f 153 2848 1703
f 2848 2841 182
f 5369 2666 1135
f 2666 2847 1136
f 2666 1136 1135
f 2847 5154 1136
f 1136 5154 181
f 2677 2676 2665
f 2677 2665 180
f 5369 180 2666
f 180 6554 2666
f 2666 6555 2847
f 6554 180 2665
f 2676 4151 179
f 152 2676 179
f 4152 4151 2677
f 4151 2676 2677
f 2677 180 4152
f 6556 2179 3702
f 3702 178 6556
f 3703 2179 2675
f 3702 2179 3703
f 2675 152 179
f 2675 179 3703
f 2190 178 3274
f 6557 178 2178
f 178 2190 2178
f 178 6557 6556
f 6556 6557 2179
f 3273 5371 2189
f 5371 151 2189
f 3273 2189 2190
f 151 5127 2189
f 2188 7980 151
f 2188 151 177
f 1688 2188 2846
f 176 1688 2846
f 6558 2188 1688
f 6558 7980 2188
f 1688 176 4603
f 4603 2674 1702
f 1687 175 1701
f 2674 1687 1702
f 6014 1687 2674
f 175 1687 6014
f 150 1701 175
f 1930 3263 150
f 1930 150 2187
f 3263 1930 174
f 4604 1134 6678
f 6678 1134 1118
f 4604 174 1134
f 5123 1133 1700
f 149 5123 1700
f 1133 1118 1700
f 1700 1118 6005
f 149 1131 6559
f 6001 149 1163
f 6001 1131 149
f 1132 1131 6001
f 6559 1131 4140
f 173 4140 1132
f 1132 4140 1131
f 4140 173 6560
f 6560 173 4150
f 4139 148 5119
f 148 4139 172
f 3850 4139 4150
f 4139 3850 3849
f 3849 172 4139
f 148 3701 4149
f 3701 6561 4149
f 3700 6561 5997
f 6561 3701 5997
f 6561 3700 4149
f 4149 3700 3686
f 6703 3699 3685
f 171 3699 6703
f 3686 171 6703
f 3700 171 3686
f 3699 3271 3685
f 3685 3271 3698
f 3697 3698 3271
f 3697 3271 170
f 3272 3271 3699
f 147 3697 2845
f 3697 170 2845
f 169 3259 6475
f 2845 6475 3259
f 169 5115 3259
f 3258 6562 2737
f 6721 3258 2736
f 2737 6478 2736
f 3258 2737 2736
f 146 2736 168
f 146 168 3270
f 2185 3270 168
f 167 2185 6483
f 2185 167 2834
f 2834 3270 2185
f 6563 1698 2833
f 6563 167 1698
f 2834 167 6563
f 8150 1698 2844
f 2844 166 145
f 145 8150 2844
f 1130 145 166
f 1130 2660 2843
f 1129 2660 1130
f 2660 1129 165
f 2660 5112 2843
f 1130 2843 145
f 5152 2659 4605
f 4605 2660 165
f 2671 2659 5152
f 5152 5170 2671
f 2671 2670 2659
f 144 2175 2671
f 2670 2671 2175
f 144 6564 2175
f 6564 3696 1686
f 6565 1686 3696
f 3695 2669 6565
f 1686 6565 2669
f 6566 2669 163
f 8151 163 1685
f 8151 6566 163
f 1686 2669 6748
f 2669 6566 6748
f 3269 1685 163
f 3269 3268 1697
f 1685 3269 1697
f 162 1697 3268
f 162 142 1697
f 142 162 1695
f 1696 1695 2842
f 1696 2842 161
f 142 1695 5109
f 1683 1695 1696
f 161 2184 1684
f 1684 1683 161
f 161 1683 1696
f 2184 161 2668
f 143 2183 2182
f 2184 2668 2667
f 2184 2667 2183
f 2183 2667 2182
f 5161 1128 2181
f 5161 6568 1128
f 6568 5161 7994
f 1127 6569 6571
f 4606 6571 6569
f 4606 6570 6571
f 1128 6571 6570
f 6570 2181 1128
f 6544 6570 8152
f 8152 6570 4606
f 2181 6570 6544
f 194 4606 2180
f 194 8152 4606
f 6544 8152 194
f 4606 6569 5151
f 6572 1117 6573
f 5151 6572 6573
f 4606 5151 6573
f 2180 4606 6573
f 143 6573 1117
f 6542 6573 143
f 2180 6573 6542
f 5147 8153 1693
f 6574 8153 5147
f 5148 7992 5147
f 6574 5147 7992
f 6575 8154 1515
f 6576 6575 4607
f 8155 6575 6576
f 6577 6575 8155
f 1516 8155 6576
f 6578 8153 1516
f 1693 8153 6578
f 6576 6578 1516
f 6579 6576 4607
f 6578 6576 6579
f 6579 1694 6580
f 6578 6579 6580
f 1693 6578 6580
f 5150 8156 8337
f 8337 8156 1515
f 6575 1515 8156
f 6581 8156 6571
f 5150 1127 6571
f 6571 8156 5150
f 6581 8157 8156
f 4607 6575 6583
f 6575 8157 6583
f 6575 8156 8157
f 1128 6581 6571
f 6581 1128 6582
f 6583 8157 6582
f 8157 6581 6582
f 6579 4607 6583
f 1128 6568 6582
f 6583 6582 6568
f 6579 6583 6584
f 6579 6584 1694
f 6584 7994 159
f 7994 6584 6568
f 6583 6568 6584
f 158 1692 5160
f 4608 1706 6585
f 1692 1691 5160
f 1706 1691 6585
f 1706 5160 1691
f 1706 4608 6586
f 1706 6586 1928
f 6545 6586 4608
f 4598 6545 1929
f 1928 6586 1707
f 6586 6545 1707
f 5148 6585 7993
f 7993 6585 1691
f 6587 6585 5148
f 6587 4608 6585
f 6587 1693 6580
f 6580 1694 6588
f 6587 6580 4608
f 4608 6580 6588
f 6588 6545 4608
f 6588 1694 1929
f 6545 6588 1929
f 6546 1694 6584
f 6584 159 6546
f 1929 1694 6546
f 1125 5159 1690
f 6590 8161 4609
f 4609 8161 1689
f 6589 6590 4609
f 1690 6590 6589
f 1125 6589 6547
f 1125 1690 6589
f 6591 6589 4609
f 6547 6589 6591
f 6591 1126 6547
f 5145 6593 1689
f 4609 1689 6593
f 6593 5145 6592
f 6593 6592 1692
f 6592 1691 1692
f 6593 6591 4609
f 6593 1692 6594
f 6594 6591 6593
f 1126 6591 6594
f 6594 1692 1933
f 1126 6594 1933
f 8158 6549 1124
f 157 8158 6595
f 157 6549 8158
f 5159 157 6595
f 8159 6596 7991
f 6597 6600 4610
f 6596 6600 6597
f 6597 1124 6596
f 6596 1124 6608
f 6597 8158 1124
f 6598 8158 4610
f 6597 4610 8158
f 6595 8158 6598
f 5159 6598 1690
f 5159 6595 6598
f 6602 6598 4610
f 8160 6602 6599
f 8160 6598 6602
f 8161 8160 6599
f 6590 8160 8161
f 6590 1690 8160
f 1690 6598 8160
f 8159 7991 5143
f 8159 7990 1682
f 5143 7990 8159
f 6600 8159 1682
f 6600 6596 8159
f 6600 1682 8162
f 8163 1681 6602
f 8163 8164 1681
f 6601 8163 8162
f 6600 8162 8163
f 6600 6602 4610
f 6600 8163 6602
f 6599 6602 1681
f 4132 8165 1681
f 8165 6599 1681
f 8161 8165 6603
f 8161 6599 8165
f 1689 8161 6603
f 8166 8165 4132
f 6604 6603 8166
f 6603 8165 8166
f 5146 8167 134
f 5146 6603 6604
f 6603 5146 1689
f 4147 5157 6605
f 5157 1122 6605
f 156 1122 5157
f 7989 5141 1121
f 6605 1122 5141
f 1122 1121 5141
f 4147 6605 4611
f 4599 6608 6548
f 4147 4611 4599
f 6606 5141 1123
f 6605 6606 4611
f 6605 5141 6606
f 7991 6606 1123
f 6596 6608 6607
f 6596 6607 7991
f 6606 7991 6607
f 4611 6606 6607
f 4599 4611 6607
f 4599 6607 6608
f 6548 6608 4148
f 6549 6608 1124
f 4148 6608 6549
f 3705 1120 3693
f 1120 6609 3693
f 6610 1119 4612
f 1119 6610 8168
f 8168 6609 1120
f 6609 6610 6550
f 6610 6609 8168
f 4612 6550 6610
f 6609 6550 3279
f 6611 4612 7987
f 4612 1119 7987
f 5139 1121 6611
f 6612 6611 1121
f 1122 6612 1121
f 8148 4612 6612
f 6611 6612 4612
f 8148 6550 4612
f 1122 156 6612
f 8148 6612 156
f 6550 8148 3694
f 6613 1120 3705
f 6614 6613 155
f 6613 3705 155
f 6616 6620 4613
f 4146 6620 6616
f 4146 6615 6620
f 4146 6617 6615
f 6628 6617 4146
f 6614 4146 6616
f 6616 6613 6614
f 6618 6616 4613
f 6618 6613 6616
f 6613 6618 1120
f 8170 6618 8169
f 1119 8168 6619
f 8168 8170 6619
f 1120 6618 8170
f 8168 1120 8170
f 4145 5137 6617
f 8171 6617 5137
f 6615 6617 8171
f 8172 8171 3827
f 8171 7986 3827
f 5137 7986 8171
f 6620 6615 8172
f 8172 6615 8171
f 8173 8172 3827
f 6620 8172 8173
f 6622 8174 3828
f 6621 6622 8173
f 6620 8173 6622
f 6620 6622 4613
f 4613 6622 6618
f 6622 8169 6618
f 8175 8169 6622
f 6619 8170 8175
f 8175 8170 8169
f 6623 8175 3684
f 3684 8175 3828
f 6622 3828 8175
f 6623 6619 8175
f 6624 6619 6623
f 1119 6619 6624
f 8176 6623 3684
f 6624 6623 8176
f 5140 8177 141
f 7987 6624 5140
f 1119 6624 7987
f 154 4144 5156
f 4614 6625 6627
f 6626 6625 5156
f 5156 4144 6626
f 5156 6625 4614
f 3266 3277 4614
f 5156 4614 3277
f 6627 3266 4614
f 5135 6626 4143
f 5135 6625 6626
f 6627 5135 4145
f 6625 5135 6627
f 6627 4145 6617
f 6628 6627 6617
f 6551 3266 6628
f 6628 3266 6627
f 6552 6551 4146
f 6551 6628 4146
f 6614 6552 4146
f 6614 155 2850
f 2850 6552 6614
f 6551 6552 3267
f 154 6629 4144
f 3275 6629 154
f 2191 6553 4615
f 2191 4615 3275
f 6629 3275 4615
f 6629 4615 6630
f 4144 6629 6630
f 6626 6634 4143
f 6630 6634 6626
f 4144 6630 6626
f 4142 8149 2841
f 6631 8149 4142
f 6631 6553 8149
f 4615 6553 6631
f 6641 6631 4142
f 6633 8178 4141
f 6632 8178 6631
f 8178 6633 6631
f 6631 6633 4615
f 6630 4615 6633
f 6633 4141 6634
f 6634 6630 6633
f 6634 140 4143
f 4142 5133 6640
f 5154 6635 5133
f 6636 6635 5154
f 153 5154 5133
f 3692 6639 6637
f 8179 6642 4616
f 8179 6638 6642
f 6638 6637 6642
f 6638 3692 6637
f 3692 6638 6636
f 6638 6635 6636
f 8179 6635 6638
f 8180 8179 4616
f 8180 4616 6640
f 6635 8179 8180
f 5133 8180 6640
f 6635 8180 5133
f 6641 4616 8182
f 6641 6640 4616
f 6632 6631 6641
f 6640 6641 4142
f 3691 5132 6639
f 6637 6639 5132
f 6637 7984 3582
f 5132 7984 6637
f 8181 6637 3582
f 6642 6637 8181
f 6643 6644 8181
f 6642 8181 6644
f 6642 6644 4616
f 8182 4616 6644
f 6645 8184 8183
f 8184 3583 8183
f 8184 8182 3583
f 6644 3583 8182
f 6632 6641 8184
f 6641 8182 8184
f 8178 6632 6645
f 6632 8184 6645
f 6645 8265 6646
f 6645 8183 8265
f 8185 140 6634
f 8185 6646 6784
f 4141 6646 8185
f 4141 6645 6646
f 6634 4141 8185
f 8178 6645 4141
f 6647 2665 2676
f 6647 2676 152
f 6648 3689 5129
f 5129 4617 6647
f 5129 6647 6648
f 3690 6648 152
f 6648 6647 152
f 2665 6647 4617
f 6554 2665 4617
f 4617 5129 3691
f 6639 4617 3691
f 6639 3692 6649
f 6649 4617 6639
f 6554 4617 6649
f 6555 6649 3692
f 6555 6554 6649
f 6554 6555 2666
f 6636 6555 3692
f 2847 6636 5154
f 6555 6636 2847
f 2675 2179 6650
f 3690 2675 6650
f 152 2675 3690
f 6557 2178 6651
f 6652 6557 4618
f 2179 6557 6652
f 6650 2179 6652
f 6650 6652 4618
f 6653 6650 4618
f 6648 6653 3689
f 3690 6653 6648
f 6650 6653 3690
f 6654 7981 3688
f 2178 6654 6651
f 2178 7981 6654
f 6557 8186 4618
f 6557 6651 8186
f 8186 3687 4618
f 6654 8188 8186
f 8186 8188 3687
f 6651 6654 8186
f 6655 4618 3687
f 6655 6653 4618
f 6655 139 5130
f 5130 6653 6655
f 6653 5130 3689
f 8187 3687 6656
f 8187 6655 3687
f 6656 6790 6657
f 6656 3092 6790
f 6657 8187 6656
f 6657 7959 8187
f 7959 139 8187
f 139 6655 8187
f 6658 4619 3688
f 4619 6659 3688
f 8188 6654 6659
f 6654 3688 6659
f 6659 6660 8188
f 6656 3687 8188
f 6660 6659 4619
f 6656 8188 3092
f 3092 8188 6660
f 6661 8189 4619
f 6660 4619 6662
f 6662 4619 8189
f 3091 6791 6665
f 6791 8190 6665
f 6662 6661 8190
f 6662 8189 6661
f 3092 6660 8273
f 6660 6662 8273
f 5126 5125 6663
f 6661 5126 6663
f 4619 5126 6661
f 4619 6658 5126
f 6667 6664 3265
f 6664 6663 3265
f 6665 6664 8191
f 8191 6664 8192
f 6661 6663 6664
f 6665 6661 6664
f 8191 8192 6666
f 6666 6665 8191
f 3091 6665 6666
f 6661 6665 8190
f 6666 8192 3264
f 3264 7962 5100
f 6666 3264 5100
f 7964 3091 5100
f 3091 6666 5100
f 6667 6558 1688
f 6558 3265 5125
f 6558 6667 3265
f 5125 7980 6558
f 1687 4620 1702
f 4620 6668 1702
f 4603 1702 6668
f 4603 6667 1688
f 6669 4603 6668
f 6669 6667 4603
f 4620 6670 6668
f 6670 6669 6668
f 8192 6670 3264
f 6664 6669 8192
f 8192 6669 6670
f 6669 6664 6667
f 4620 1687 1701
f 1701 6671 4620
f 6671 6672 4620
f 3263 3262 6671
f 6672 3262 6673
f 6672 6671 3262
f 4620 6672 6670
f 6673 3264 6672
f 6670 6672 3264
f 6674 6673 3262
f 138 7962 6674
f 3264 6673 7962
f 7962 6673 6674
f 6675 6674 3262
f 6676 6675 3260
f 6676 6674 6675
f 6677 3262 3263
f 6675 3262 6677
f 3260 6677 4621
f 3260 6675 6677
f 3261 6679 6680
f 6678 6680 6679
f 6678 6679 4621
f 6679 6681 4621
f 3260 4621 6681
f 6677 3263 5124
f 174 4621 5124
f 6677 5124 4621
f 6680 6678 1118
f 6678 4621 4604
f 174 4604 4621
f 1133 6680 1118
f 5123 7979 1133
f 6680 1133 7979
f 6680 7979 3261
f 6681 6676 3260
f 6799 8193 2776
f 6676 6799 5094
f 6676 6681 6799
f 6681 8193 6799
f 5094 7955 6676
f 7955 6674 6676
f 6683 3261 6682
f 6683 6679 3261
f 6683 6682 4622
f 6683 8193 6679
f 8193 6681 6679
f 8194 6683 4622
f 6683 8194 6684
f 8193 6683 6684
f 8193 6684 2776
f 8195 8196 4622
f 8196 8194 4622
f 8196 8195 6685
f 6684 8194 6686
f 6686 8194 8196
f 2775 8197 6688
f 6686 6685 8197
f 6686 8196 6685
f 2776 6684 8284
f 6684 6686 8284
f 7978 6682 3261
f 7978 4622 6682
f 4622 7978 5122
f 8195 4622 5122
f 8198 2840 6687
f 5122 2840 8198
f 6687 6693 8199
f 6688 8198 8199
f 8199 8198 6687
f 8195 5122 8198
f 6688 6685 8198
f 8198 6685 8195
f 8200 6693 2839
f 6689 8199 8200
f 8200 8199 6693
f 6689 6688 8199
f 2775 6688 6689
f 6685 6688 8197
f 5097 6690 7957
f 5097 8200 6690
f 6690 8200 2839
f 5096 8200 5097
f 6689 8200 5096
f 6559 2840 5121
f 2840 6559 4140
f 4139 6691 4150
f 4150 6691 6692
f 4150 6692 6560
f 2840 4140 6560
f 6693 6691 4623
f 6693 6692 6691
f 6693 6560 6692
f 2840 6560 6693
f 4623 2839 6693
f 2840 6693 6687
f 2838 8201 5119
f 5120 5119 8201
f 6691 4139 5120
f 4623 6691 5120
f 6694 2838 2837
f 6694 8201 2838
f 6694 5120 8201
f 5120 6694 4623
f 6690 4623 6694
f 6690 6694 2837
f 137 7957 6695
f 2837 6695 7957
f 7957 6690 2837
f 4623 6690 2839
f 6696 6695 2837
f 6695 6696 6697
f 6696 8202 6697
f 137 6695 6697
f 6699 2838 6698
f 6699 4624 6700
f 6698 4624 6699
f 6696 2838 6699
f 2837 2838 6696
f 6700 8202 6699
f 6699 8202 6696
f 2835 8202 6700
f 4624 6701 6700
f 6702 6703 2836
f 6701 6703 6702
f 6702 8203 6701
f 6700 8203 2835
f 6700 6701 8203
f 4149 4624 6698
f 3686 4624 4149
f 6703 6701 3686
f 4624 3686 6701
f 2836 6703 3685
f 5118 3698 3697
f 5118 3685 3698
f 3685 5118 2836
f 6697 8202 2835
f 5092 6704 5093
f 5092 2835 6704
f 6697 2835 5092
f 137 6697 7951
f 6697 5092 7951
f 6705 6702 2836
f 8204 6705 8205
f 6702 6705 6706
f 6706 6705 8204
f 8203 6702 6704
f 8203 6704 2835
f 6706 6704 6702
f 4625 6707 8205
f 6707 8204 8205
f 2718 8204 6707
f 8204 2718 6706
f 2718 5093 6706
f 5093 6704 6706
f 6707 4625 6708
f 6709 6708 8206
f 6709 6707 6708
f 6707 6709 2718
f 2836 5118 6705
f 8205 5118 5117
f 8205 6705 5118
f 2664 6710 5116
f 5117 5116 6710
f 6710 4625 5117
f 4625 8205 5117
f 6711 6719 2663
f 6711 6710 2664
f 6710 6711 6712
f 4625 6710 6712
f 6708 4625 6712
f 6713 6711 2663
f 6712 6711 6713
f 6708 6712 8206
f 8206 6712 2717
f 6712 6713 2717
f 6714 8207 6715
f 6713 2663 6715
f 2663 6714 6715
f 6713 6715 8208
f 8209 6714 2663
f 8209 6716 6714
f 6716 2661 6717
f 136 8207 6717
f 8207 6716 6717
f 6714 6716 8207
f 6718 2664 5115
f 6718 6711 2664
f 6718 4626 6719
f 6711 6718 6719
f 2663 6719 8209
f 8210 6719 4626
f 6720 8209 8210
f 8209 6719 8210
f 6720 6716 8209
f 2661 6716 6720
f 2662 6720 8211
f 6718 5115 6562
f 169 6562 5115
f 4626 6562 3258
f 6718 6562 4626
f 4626 6721 8210
f 6720 8210 6721
f 6721 4626 3258
f 8211 6720 6721
f 8211 2736 146
f 8211 6721 2736
f 2662 8211 146
f 6717 2661 6722
f 6723 6717 6722
f 136 6717 6723
f 2662 4627 6722
f 6720 2662 6722
f 6720 6722 2661
f 6723 6722 4627
f 2719 6723 4627
f 8212 4627 6724
f 6725 6724 2720
f 6725 8212 6724
f 6725 2719 8212
f 2719 4627 8212
f 3270 2834 2662
f 4627 2662 2834
f 6724 4627 6563
f 4627 2834 6563
f 2720 6724 2833
f 2833 6724 6563
f 8150 2833 1698
f 8150 145 5114
f 2720 2833 8150
f 5114 2720 8150
f 2719 6726 6723
f 6726 8214 6723
f 7950 8213 2054
f 6726 7950 5090
f 6726 8213 7950
f 5090 7947 6726
f 7947 8214 6726
f 7947 136 8214
f 136 6723 8214
f 6727 6725 2720
f 6728 6727 6729
f 6727 8215 6729
f 6728 6725 6727
f 6728 8213 6725
f 6725 8213 2719
f 6726 2719 8213
f 8215 4628 6729
f 6729 8213 6728
f 2054 8213 6729
f 6731 6730 8216
f 6731 4628 6730
f 6729 4628 6731
f 2054 6729 8308
f 6729 6731 8308
f 5113 8217 5114
f 8217 6727 5114
f 5113 6732 8218
f 8217 5113 8218
f 8215 8217 4628
f 8217 8218 4628
f 8215 6727 8217
f 8219 6732 2177
f 6734 6733 6735
f 6733 6734 2177
f 8219 2177 6734
f 8218 8219 4628
f 6732 8219 8218
f 6730 8219 6734
f 8219 6730 4628
f 2176 6735 6733
f 6735 2053 6734
f 2053 6730 6734
f 6730 2053 8216
f 8220 6735 2176
f 6736 2176 8221
f 6736 8220 2176
f 6735 8313 2053
f 8313 6735 8220
f 6737 2176 6740
f 6738 6737 2174
f 6738 8221 6737
f 135 8221 6738
f 2176 6737 8221
f 6733 2177 6739
f 4629 6733 6739
f 6740 6733 4629
f 6733 6740 2176
f 6741 6743 2175
f 6740 6743 6741
f 6737 6741 2174
f 6740 6741 6737
f 5112 6739 2177
f 6739 5112 2660
f 4629 6739 8222
f 6739 2660 4605
f 8222 2659 6742
f 2659 8222 4605
f 6739 4605 8222
f 8222 6742 4629
f 6742 6740 4629
f 6743 6740 6742
f 2670 6742 2659
f 6743 6742 2670
f 6743 2670 2175
f 5110 6738 2174
f 135 6738 5110
f 2175 6744 6741
f 2174 6741 6744
f 2174 6744 6745
f 6745 5110 2174
f 2172 6745 4630
f 2172 5110 6745
f 6746 4630 6749
f 6747 4630 6746
f 2172 4630 6747
f 6744 1686 6748
f 4630 6745 6748
f 6744 6748 6745
f 6749 6566 8151
f 6749 6748 6566
f 6748 6749 4630
f 6750 8151 1685
f 6746 6749 8151
f 2173 6746 6750
f 6750 6746 8151
f 6567 1685 1697
f 6567 6750 1685
f 142 6567 1697
f 2173 6750 6567
f 1114 6830 6751
f 6752 1114 8223
f 6752 6830 1114
f 6831 6752 133
f 1113 6753 8325
f 6753 8224 8325
f 8225 4631 6754
f 8225 6755 4631
f 4631 6755 8224
f 8225 6754 1112
f 1112 6754 6751
f 8226 6751 6754
f 6754 4631 6756
f 6756 8226 6754
f 6751 8226 6758
f 6758 8226 6756
f 6751 6758 1114
f 8227 6756 4631
f 6756 8227 6757
f 8228 6757 1115
f 6756 6757 8228
f 6756 8228 6758
f 1114 6758 4632
f 7977 6753 1113
f 7977 5111 2172
f 8224 8229 4631
f 8224 6753 8229
f 6747 7977 2172
f 6753 7977 6747
f 2173 8230 6746
f 6759 8230 2173
f 8230 6747 6746
f 8230 6753 6747
f 6759 8229 8230
f 8229 6753 8230
f 4631 8229 8227
f 8227 8229 6759
f 6760 6757 6759
f 6757 8227 6759
f 6567 6759 2173
f 6760 6759 6567
f 6760 142 5109
f 6760 6567 142
f 6757 5109 1115
f 6760 5109 6757
f 1116 6752 6761
f 6752 8223 6761
f 133 6752 1116
f 6762 8228 1115
f 6758 8228 6762
f 4632 6758 6762
f 1114 4632 8223
f 4632 6761 8223
f 6761 4632 6763
f 6572 6761 1117
f 1117 6761 6763
f 1116 6761 6572
f 1683 6762 1115
f 1684 6762 1683
f 4632 6762 1684
f 4632 1684 6763
f 1117 6763 143
f 2184 2183 1684
f 2183 6763 1684
f 6763 2183 143
f 7988 4138 5142
f 141 4138 7988
f 7975 6765 4137
f 7990 8231 4633
f 5108 8231 6764
f 7975 5108 6764
f 4138 7975 6764
f 6765 7975 4138
f 5142 4138 6764
f 6766 7990 4633
f 6764 8231 7990
f 5142 6764 7990
f 6766 1682 7990
f 5142 7990 5143
f 6601 8164 8163
f 8162 6766 6601
f 1682 6766 8162
f 8231 7976 4131
f 4633 8231 4131
f 5108 7976 8231
f 4633 8232 6766
f 6766 8232 8234
f 4131 8232 4633
f 6767 6601 8234
f 6601 6766 8234
f 6767 8233 6601
f 8164 6601 8233
f 8164 4132 1681
f 8164 8233 4132
f 6770 8166 4132
f 6604 8167 5146
f 5107 8349 8235
f 5107 8235 7976
f 7976 1107 4131
f 7976 8235 1107
f 1106 4634 8236
f 8237 8236 4634
f 8240 8237 4634
f 6768 8236 8237
f 8238 6769 9365
f 9365 6769 6768
f 8238 8239 6769
f 8238 1107 8239
f 6768 8237 6767
f 8232 8238 9365
f 4131 8238 8232
f 1107 8238 4131
f 4634 6770 8240
f 6767 8237 8240
f 8233 8240 4132
f 8240 8233 6767
f 6770 4132 8240
f 8232 9365 8234
f 8234 9365 6767
f 6768 6767 9365
f 5106 6771 7973
f 6771 8241 7973
f 4634 7973 8241
f 8242 7971 8243
f 8243 7971 1110
f 6771 7971 8242
f 1110 1111 8243
f 6771 8242 6772
f 4634 8241 6770
f 6771 6772 8241
f 6770 8241 6772
f 6772 8242 9366
f 8242 8243 9366
f 1111 8244 8243
f 8244 9366 8243
f 8167 8244 134
f 1111 134 8244
f 6604 9366 8167
f 9366 8244 8167
f 6604 6772 9366
f 8166 6770 6604
f 6770 6772 6604
f 7985 8245 6773
f 7985 3682 8245
f 6773 7986 5136
f 7985 6773 5136
f 140 3682 7985
f 8245 7969 5105
f 8245 3681 7969
f 5105 8246 6773
f 8245 5105 6773
f 3681 8245 3682
f 6774 8246 4635
f 6774 3827 8246
f 3827 7986 8246
f 6773 8246 7986
f 6621 8174 6622
f 8173 6774 6621
f 3827 6774 8173
f 8246 7970 3683
f 4635 8246 3683
f 5105 7970 8246
f 4635 8247 6774
f 6774 8247 8249
f 3683 8247 4635
f 6775 6621 8249
f 6621 6774 8249
f 6775 8248 6621
f 8174 6621 8248
f 8174 3684 3828
f 8174 8248 3684
f 6779 8176 3684
f 6624 6776 5140
f 6776 8177 5140
f 6624 8176 6776
f 5104 8362 8250
f 5104 8250 7970
f 7970 3550 3683
f 7970 8250 3550
f 3551 4636 8251
f 8252 8251 4636
f 8254 8252 4636
f 6777 8252 6778
f 6777 8251 8252
f 6778 8253 6777
f 6778 8252 6775
f 8247 8253 6778
f 3683 8253 8247
f 3550 8253 3683
f 4636 6779 8254
f 6775 8252 8254
f 8248 8254 3684
f 8254 8248 6775
f 6779 3684 8254
f 8247 6778 8249
f 8249 6778 6775
f 5103 6780 7968
f 6780 8255 7968
f 4636 7968 8255
f 6765 8256 4137
f 6780 4137 8256
f 8256 6765 8257
f 6765 4138 8257
f 6780 8256 6781
f 4636 8255 6779
f 6780 6781 8255
f 6779 8255 6781
f 6781 8256 8257
f 8177 8257 141
f 4138 141 8257
f 6776 8257 8177
f 6776 6781 8257
f 8176 6779 6776
f 6779 6781 6776
f 7982 5131 5128
f 7982 8258 5131
f 139 3255 7982
f 3255 8258 7982
f 8258 7967 5102
f 8258 3254 7967
f 5102 8259 6782
f 8258 5102 6782
f 3255 3254 8258
f 5131 8258 6782
f 7984 8259 4637
f 5131 6782 8259
f 3582 7984 4637
f 5131 8259 7984
f 6643 3583 6644
f 8260 6643 8181
f 8181 3582 8260
f 4637 8260 3582
f 8259 7966 3256
f 4637 8259 3256
f 5102 7966 8259
f 8262 9367 8261
f 6783 8263 8264
f 4637 9367 8260
f 8260 9367 8262
f 3256 9367 4637
f 6783 6643 8262
f 6643 8260 8262
f 8264 8263 3257
f 6783 8264 6643
f 3583 8264 3257
f 6643 8264 3583
f 8265 8183 9368
f 8183 3257 9368
f 8185 6784 140
f 6646 8265 6784
f 3583 3257 8183
f 8266 8265 9368
f 6784 8266 6785
f 6784 8265 8266
f 3682 140 8267
f 140 6785 8267
f 140 6784 6785
f 6786 6783 8261
f 6783 8262 8261
f 3257 8263 4638
f 9368 3257 4638
f 8266 9368 4638
f 6785 8266 6787
f 3681 8267 8268
f 6787 8268 8267
f 8267 6785 6787
f 3682 8267 3681
f 3434 9369 3256
f 3256 9369 9367
f 9369 8261 9367
f 8261 9369 8269
f 8269 9369 3434
f 8263 6783 6786
f 6788 6786 8269
f 6786 8261 8269
f 4638 8263 3435
f 6786 3435 8263
f 8270 8266 4638
f 6787 8266 8270
f 4638 3435 8270
f 6787 8270 6789
f 8271 6787 6789
f 8271 8268 6787
f 3681 8268 131
f 131 8268 8271
f 6657 6790 5098
f 5098 7959 6657
f 8190 8272 6792
f 6791 4639 8272
f 8272 8190 6791
f 6792 6662 8190
f 8273 6662 6792
f 6790 3092 8273
f 8274 8273 6792
f 2832 6790 8274
f 6790 8273 8274
f 8272 2831 9370
f 4639 2831 8272
f 9370 6792 8272
f 5099 9371 6793
f 9371 5099 7963
f 4639 7964 6793
f 7964 5099 6793
f 6791 3091 4639
f 4639 3091 7964
f 8275 7963 2830
f 8275 2830 2829
f 9371 7963 8275
f 8276 6793 6794
f 8276 4639 6793
f 2831 4639 8276
f 129 8275 2829
f 6793 9371 8277
f 8277 9371 8275
f 8275 129 8277
f 6793 8277 6794
f 130 3254 9362
f 7930 8279 2772
f 5071 8279 7930
f 5071 7929 8278
f 9362 8278 7929
f 7961 3254 3255
f 8279 7960 2832
f 6795 7960 8279
f 6795 8278 7961
f 8278 3254 7961
f 3254 8278 9362
f 5071 8278 6795
f 2772 8279 2832
f 8279 5071 6795
f 8282 8280 2832
f 8280 2772 2832
f 4655 8281 2771
f 6797 6796 8281
f 8280 6796 6797
f 6795 7961 5098
f 2832 7960 6790
f 7960 6795 5098
f 6796 6792 9370
f 8282 6792 6796
f 8282 8274 6792
f 2832 8274 8282
f 8282 6796 8280
f 2831 8281 9370
f 8281 6796 9370
f 8281 2831 2771
f 8276 2771 2831
f 6798 6794 8277
f 8283 6794 6798
f 8283 8276 6794
f 2771 8276 8283
f 6674 7955 138
f 8197 4640 6800
f 4640 8197 2775
f 6800 6686 8197
f 8284 6686 6800
f 6799 2776 8284
f 8285 8284 6800
f 2658 6799 8285
f 6799 8284 8285
f 4640 2657 6806
f 6806 6800 4640
f 5096 7958 6801
f 8286 5096 9372
f 9372 5096 6801
f 2775 5096 8286
f 4640 2775 8286
f 7958 2656 8287
f 8287 2656 2655
f 6801 7958 8287
f 8286 2657 4640
f 6801 6802 9372
f 8288 9372 6802
f 8288 8286 9372
f 2657 8286 8288
f 128 8287 2655
f 6802 6801 8289
f 8289 6801 8287
f 8287 128 8289
f 6803 6802 8289
f 8288 6802 6803
f 129 2829 8290
f 6804 7927 5069
f 6804 5069 8290
f 5069 129 8290
f 7924 129 5069
f 6805 8290 5095
f 8290 2830 5095
f 6805 2658 6804
f 6804 8290 6805
f 2829 2830 8290
f 2716 7927 4641
f 4641 7927 2658
f 6804 2658 7927
f 4641 6807 2716
f 2715 8291 2657
f 6807 6806 8291
f 2658 7956 6799
f 2658 6805 7956
f 6805 5095 7956
f 4641 2658 8285
f 4641 6800 6806
f 4641 8285 6800
f 6807 4641 6806
f 6806 2657 8291
f 8292 8288 6803
f 2657 8288 8292
f 2715 2657 8292
f 8293 8294 2170
f 6808 5068 8294
f 127 8295 2168
f 127 7922 8295
f 8295 7922 6808
f 5068 6808 7922
f 8296 6811 2171
f 6810 8297 4642
f 4642 8297 6809
f 8297 6811 6809
f 2170 8297 6810
f 8293 2170 6810
f 6812 6808 8293
f 6808 8294 8293
f 8298 8295 6812
f 8295 6808 6812
f 4642 8299 6810
f 8299 8293 6810
f 8295 8298 2168
f 8298 2169 2168
f 5093 8296 2171
f 2718 8296 5093
f 6809 6811 8296
f 6709 8296 2718
f 6809 8296 6709
f 8206 6809 6709
f 4642 8206 2717
f 6809 8206 4642
f 2717 8299 4642
f 6813 6812 8208
f 6812 8293 8208
f 8293 8299 8208
f 8300 8298 6813
f 8298 6812 6813
f 2717 6713 8299
f 6713 8208 8299
f 6715 6813 8208
f 8300 8207 5089
f 8207 136 5089
f 8300 6813 8207
f 6813 6715 8207
f 8298 8300 2169
f 8300 5089 2169
f 128 2655 8301
f 6814 8302 5064
f 6814 5064 8301
f 5064 128 8301
f 7919 128 5064
f 6815 8301 5091
f 8301 7954 5091
f 2655 2656 7954
f 6815 8303 6814
f 6814 8301 6815
f 2655 7954 8301
f 6814 8303 4643
f 2003 8302 4643
f 8302 6814 4643
f 2002 8305 8306
f 6816 8306 8305
f 4643 8304 2003
f 8303 7953 2171
f 7953 8303 5091
f 8303 6815 5091
f 2171 4643 8303
f 2170 8306 8297
f 6817 6811 8297
f 4643 6811 6817
f 4643 2171 6811
f 6816 8304 6817
f 8304 4643 6817
f 8297 6816 6817
f 8306 6816 8297
f 2002 8306 2170
f 2002 8294 5068
f 2170 8294 2002
f 126 8307 1677
f 6818 6821 8307
f 8308 6819 1680
f 6820 1680 6819
f 4644 9373 8312
f 9373 8309 8312
f 1679 9373 4644
f 8309 6820 6819
f 1679 4644 8310
f 6818 8310 6821
f 8310 6818 1679
f 8311 8307 6821
f 6822 6821 8310
f 8307 8311 1677
f 8311 1678 1677
f 2054 8308 1680
f 8312 8309 6819
f 6819 8308 6731
f 8216 6819 6731
f 8312 8216 2053
f 8312 6819 8216
f 4644 8312 2053
f 8313 8310 4644
f 2053 8313 4644
f 8310 8313 6822
f 8314 8311 6822
f 8311 6821 6822
f 6736 6822 8220
f 6822 8313 8220
f 8314 8221 5087
f 8221 135 5087
f 8221 8314 6736
f 8314 6822 6736
f 8311 8314 1678
f 8314 5087 1678
f 8315 127 2168
f 6823 8316 5060
f 6823 5060 8315
f 7914 8315 5060
f 7914 127 8315
f 6824 8317 6823
f 6823 7949 6824
f 6823 8315 7949
f 8315 2168 7949
f 2168 2169 7949
f 6823 8317 4645
f 1862 8316 4645
f 8316 6823 4645
f 4645 6825 1862
f 6824 7949 5088
f 8317 7948 1680
f 7948 8317 5088
f 8317 6824 5088
f 1680 4645 8317
f 8319 8309 9373
f 6820 8309 8319
f 4645 1680 6820
f 6825 4645 6820
f 1679 1861 9373
f 1861 8319 9373
f 8319 6825 6820
f 8318 8319 1861
f 8318 6825 8319
f 7918 1679 6818
f 1861 1679 7918
f 7917 8307 126
f 5063 8307 7917
f 5063 6818 8307
f 5063 7918 6818
f 4133 6826 4127
f 5059 8320 4129
f 5059 6826 8320
f 124 5059 4129
f 6827 8329 6829
f 6829 8329 8321
f 4133 8322 1112
f 4133 8323 8322
f 8323 6827 8322
f 6828 6826 4133
f 6826 6828 8320
f 1112 6828 4133
f 8320 8324 4130
f 8320 6828 8324
f 8320 4130 4129
f 6829 8321 8325
f 8325 8321 4134
f 4134 1113 8325
f 8322 6827 8225
f 6827 6829 8225
f 8224 6755 8325
f 6755 6829 8325
f 8322 8225 1112
f 6829 6755 8225
f 8326 6828 1112
f 8326 6751 6830
f 6751 8326 1112
f 6828 8326 6830
f 6828 6830 8324
f 6831 8324 6752
f 8324 6830 6752
f 8324 6831 4130
f 8327 126 1677
f 6832 5055 8327
f 7910 8327 5055
f 7910 126 8327
f 6832 8327 5086
f 8327 1677 5086
f 1677 1678 5086
f 4128 8328 4646
f 6832 4646 8328
f 8328 5055 6832
f 8329 4128 9374
f 9374 4128 4646
f 8329 8330 4128
f 6834 8330 6833
f 4646 5085 4134
f 4646 6832 5085
f 6832 5086 5085
f 4646 4134 8321
f 6833 6827 8323
f 6833 8329 6827
f 4646 8321 9374
f 8321 8329 9374
f 6833 8330 8329
f 4127 8323 4133
f 4127 8331 8323
f 8331 6833 8323
f 7913 6826 5059
f 4127 6826 7913
f 7992 1111 6574
f 134 1111 7992
f 8332 7944 5084
f 8332 1110 7944
f 5084 8333 6835
f 8332 5084 6835
f 1111 8332 6835
f 1110 8332 1111
f 6574 1111 6835
f 6836 8333 4647
f 6574 6835 8333
f 6836 1516 8333
f 1516 8153 8333
f 6574 8333 8153
f 6577 8154 6575
f 8155 6836 6577
f 1516 6836 8155
f 8333 7945 1108
f 4647 8333 1108
f 5084 7945 8333
f 4647 8334 6836
f 6836 8334 8336
f 1108 8334 4647
f 6837 6577 8336
f 6577 6836 8336
f 6837 8335 6577
f 8154 6577 8335
f 8337 8335 1109
f 8154 8335 1515
f 1515 8335 8337
f 1127 8338 6838
f 5150 1109 8338
f 1127 5150 8338
f 1109 5150 8337
f 5083 8454 8339
f 5083 8339 7945
f 7945 3819 1108
f 7945 8339 3819
f 3818 4648 8340
f 8341 8340 4648
f 8344 8341 4648
f 6839 8340 8341
f 8342 6840 9375
f 9375 6840 6839
f 8342 8343 6840
f 8342 3819 8343
f 6839 8341 6837
f 8334 8342 9375
f 1108 8342 8334
f 3819 8342 1108
f 4648 6841 8344
f 6837 8341 8344
f 8335 8344 1109
f 8344 8335 6837
f 6841 1109 8344
f 8334 9375 8336
f 8336 9375 6837
f 6839 6837 9375
f 4648 7943 5081
f 7941 4129 8345
f 8345 4129 4130
f 5081 7941 6842
f 6842 7941 8345
f 8346 5081 6842
f 4648 5081 6841
f 5081 8346 6841
f 6842 8345 6838
f 6838 8346 6842
f 6841 8346 1109
f 6831 8345 4130
f 6831 8347 8345
f 8347 6838 8345
f 6838 8347 133
f 6831 133 8347
f 8346 8338 1109
f 8346 6838 8338
f 132 3680 8348
f 8235 8349 1107
f 6843 8349 5107
f 8348 6843 5107
f 7974 8348 5107
f 132 8348 7974
f 3680 3679 8350
f 6843 5080 8349
f 6843 8350 5080
f 8348 8350 6843
f 3680 8350 8348
f 1107 8349 4649
f 6769 8353 6768
f 6768 8353 8236
f 4649 8239 1107
f 3679 7940 8350
f 7940 5080 8350
f 8349 3675 4649
f 8349 5080 3675
f 8352 8351 6844
f 3676 8353 4650
f 6844 8355 8353
f 3675 8351 8352
f 8239 8352 6844
f 3675 8352 4649
f 4649 8352 8239
f 6844 6769 8239
f 6844 8353 6769
f 1106 8236 3676
f 8236 8353 3676
f 6845 7973 8354
f 7973 3676 8354
f 125 7971 7972
f 6845 7972 5106
f 5106 7973 6845
f 1106 3676 7973
f 6845 8354 6846
f 7972 6846 4126
f 7972 6845 6846
f 125 7972 4126
f 6847 6844 8351
f 6847 8355 6844
f 8353 8355 4650
f 6846 8354 6848
f 8354 8356 6848
f 4650 8356 3676
f 8356 8354 3676
f 6846 4125 4126
f 6846 8357 4125
f 8357 6846 6848
f 4122 8351 3675
f 8351 8358 6847
f 4122 8358 8351
f 6849 6847 8358
f 8355 8359 4121
f 6849 8359 6847
f 4650 8355 4121
f 8355 6847 8359
f 6848 8356 6850
f 4650 4121 8356
f 4121 8474 8356
f 8357 116 4125
f 8357 8360 116
f 8360 8357 6850
f 6848 6850 8357
f 131 3249 8361
f 8250 8362 3550
f 6851 8362 5104
f 8361 6851 5104
f 131 8361 5104
f 3249 3248 8363
f 6851 5078 8362
f 6851 8363 5078
f 8361 8363 6851
f 3249 8363 8361
f 3550 8362 4651
f 6777 8366 8251
f 6852 8366 6777
f 8253 6852 6777
f 8253 8364 6852
f 8253 3550 8364
f 4651 8364 3550
f 3248 7937 8363
f 7937 5078 8363
f 8362 3250 4651
f 8362 5078 3250
f 8364 8365 6853
f 3251 8366 4652
f 6853 8368 8366
f 3250 8365 8364
f 3250 8364 4651
f 6853 6852 8364
f 6853 8366 6852
f 3551 8251 3251
f 8251 8366 3251
f 6854 7968 8367
f 7968 3251 8367
f 5103 7968 6854
f 3551 3251 7968
f 6854 8367 6855
f 6854 6855 3680
f 132 6854 3680
f 6856 6853 8365
f 6856 8368 6853
f 8366 8368 4652
f 6855 8367 6857
f 8367 8369 6857
f 4652 8369 3251
f 8369 8367 3251
f 6855 3679 3680
f 6855 8370 3679
f 8370 6855 6857
f 3245 8365 3250
f 8365 8371 6856
f 3245 8371 8365
f 6858 6856 8371
f 8368 8372 3246
f 6858 8372 6856
f 4652 8368 3246
f 8368 6856 8372
f 6857 8369 6859
f 4652 3246 8369
f 3246 8490 8369
f 8370 123 3679
f 8370 8373 123
f 8373 8370 6859
f 6857 6859 8370
f 6861 2826 8374
f 7965 8375 3434
f 6860 8375 5101
f 8374 6860 5101
f 130 8374 5101
f 6861 8374 130
f 2826 2825 8376
f 6860 5076 8375
f 6860 8376 5076
f 8374 8376 6860
f 2826 8376 8374
f 3434 8375 4653
f 8269 8377 6862
f 6788 3435 6786
f 6788 8269 6862
f 4653 8377 3434
f 3434 8377 8269
f 2825 7934 8376
f 7934 5076 8376
f 8375 2827 4653
f 8375 5076 2827
f 8377 8378 6863
f 6863 8379 6862
f 6862 8377 6863
f 2827 8378 8377
f 2827 8377 4653
f 8379 2828 3435
f 8379 6788 6862
f 3435 6788 8379
f 8270 8380 6789
f 3435 2828 8380
f 3435 8380 8270
f 8381 2827 5076
f 8381 2821 2827
f 5075 9376 5076
f 5076 9376 8381
f 8382 2822 4654
f 8383 8382 4654
f 8383 6864 8382
f 6865 8382 6864
f 8384 6865 9377
f 6865 6864 9377
f 8378 8384 9377
f 6864 6863 9377
f 6863 8378 9377
f 2821 8384 8378
f 2821 8378 2827
f 8383 4654 2828
f 8379 8383 2828
f 6863 6864 8379
f 6864 8383 8379
f 4654 2822 7932
f 8385 7931 3248
f 5073 7931 8385
f 8385 3248 3249
f 6866 8385 8386
f 6866 5073 8385
f 7932 5073 6866
f 8380 7932 6866
f 2828 4654 7932
f 8386 8385 3249
f 2828 7932 8380
f 6789 8386 8271
f 131 8271 3249
f 8271 8386 3249
f 6789 6866 8386
f 8380 6866 6789
f 6867 6868 2653
f 120 8387 2651
f 8387 6868 6867
f 8388 8387 120
f 8388 6868 8387
f 6869 8390 8389
f 8391 4655 6870
f 8391 6869 4655
f 8391 6870 2653
f 4655 8392 6870
f 6867 8392 6871
f 6867 2653 8392
f 2653 6870 8392
f 2652 2651 8393
f 8387 8393 2651
f 8393 8387 6871
f 6867 6871 8387
f 2654 2772 8389
f 6869 8389 6797
f 4655 6869 6797
f 2772 8280 8389
f 6797 8389 8280
f 4655 6797 8281
f 8392 8283 6871
f 6871 8283 6798
f 8392 4655 8283
f 4655 2771 8283
f 2652 8393 129
f 129 8393 8277
f 8277 8393 6798
f 6871 6798 8393
f 6868 2645 2653
f 2646 4656 8395
f 8395 8394 2646
f 6873 8394 6872
f 6872 8394 9378
f 8394 8395 9378
f 8396 6873 6872
f 2653 2645 8396
f 6872 9378 8390
f 9378 8395 8390
f 8391 8396 6872
f 2653 8396 8391
f 4656 2654 8389
f 4656 8389 8395
f 8389 8390 8395
f 6872 8390 6869
f 8391 6872 6869
f 6874 5039 7928
f 6874 8397 5039
f 8397 7891 5039
f 8397 2646 7891
f 4656 2646 8397
f 7928 2825 2826
f 8398 7928 2826
f 6874 7928 8398
f 5072 8398 2826
f 6874 8398 6875
f 6875 8398 5072
f 6874 6875 8397
f 6875 4656 8397
f 2654 4656 6875
f 7929 5072 6861
f 6861 5072 2826
f 6875 7930 2654
f 6877 9379 6876
f 9379 8399 6876
f 8400 2164 119
f 8400 6877 6876
f 5032 8400 119
f 6879 8401 2715
f 8401 8402 6878
f 8402 8401 6879
f 2166 8402 6879
f 2166 6879 8399
f 2715 8403 6879
f 8399 8403 6876
f 6876 8403 6880
f 6879 8403 8399
f 8404 8400 6876
f 2165 8404 8405
f 8404 6876 8405
f 8405 6876 6880
f 2164 8404 2165
f 8400 8404 2164
f 6807 2167 2716
f 6878 2167 6807
f 8291 8401 6878
f 8401 8291 2715
f 6878 6807 8291
f 2715 8406 8403
f 6880 8403 8406
f 8292 8406 2715
f 6880 8406 6803
f 6803 8406 8292
f 5066 8405 128
f 128 8405 8289
f 8289 8405 6803
f 6880 6803 8405
f 2165 8405 5066
f 120 2651 8407
f 6881 5037 9380
f 8407 9380 7885
f 7885 9380 5037
f 120 8407 9356
f 9356 8407 7885
f 7926 2651 2652
f 8408 2651 7926
f 5070 6881 8408
f 8407 2651 8408
f 6881 9380 8408
f 9380 8407 8408
f 8409 4657 2159
f 8409 5037 6881
f 5034 8409 2159
f 5034 5037 8409
f 8410 8411 4657
f 8411 8410 6882
f 2159 4657 8411
f 6883 6882 8413
f 8411 6882 6883
f 8414 8411 6883
f 5070 8408 7926
f 2167 8409 7925
f 8409 2167 4657
f 8409 5070 7925
f 8409 6881 5070
f 6878 4657 2167
f 8410 4657 6878
f 6882 6878 8402
f 8410 6878 6882
f 2166 8413 8402
f 8402 8413 6882
f 2158 8412 2166
f 8412 8413 2166
f 8415 8399 9379
f 6877 8400 5032
f 2166 8399 8415
f 2158 2166 8415
f 2003 7920 8302
f 7920 2003 1676
f 7920 5064 8302
f 5064 7920 5065
f 8305 2002 4658
f 8416 8305 8417
f 8305 4658 8417
f 6884 6816 8416
f 6816 8305 8416
f 6884 8304 6816
f 8304 1676 2003
f 6884 1676 8304
f 8417 4658 1675
f 6885 6884 8417
f 6884 8416 8417
f 8418 2002 5067
f 4658 2002 8418
f 6886 8419 1674
f 8419 7923 1674
f 6886 118 8419
f 5067 7923 6887
f 6887 7923 8419
f 8418 5067 6887
f 1675 4658 8418
f 6887 8419 6888
f 8420 8418 6887
f 1675 8418 8420
f 7881 8419 118
f 6888 8419 7881
f 8420 6887 7884
f 6887 6888 7884
f 8421 119 2164
f 6890 7880 5030
f 6889 6890 8421
f 7877 8421 6890
f 7877 119 8421
f 5065 6889 7921
f 8421 7921 6889
f 8421 2164 7921
f 2165 7921 2164
f 8422 4659 1669
f 8422 6890 6889
f 7880 8422 1669
f 7880 6890 8422
f 6885 8423 4659
f 1669 4659 8423
f 6891 8425 8424
f 6891 8423 6885
f 8426 8423 6891
f 1676 8422 7920
f 8422 1676 4659
f 8422 5065 7920
f 8422 6889 5065
f 6884 4659 1676
f 6885 4659 6884
f 8425 8417 1675
f 6885 8417 8425
f 6892 8425 1675
f 6891 6885 8425
f 8424 6892 1668
f 8424 8425 6892
f 6892 1675 8420
f 6888 7881 5033
f 5033 7884 6888
f 6892 8420 1668
f 1668 8420 7884
f 1862 7916 8316
f 7916 1862 1105
f 7916 5060 8316
f 5060 7916 5061
f 7914 5060 7915
f 8318 1861 4660
f 8318 4660 8427
f 6893 6825 8318
f 6825 1105 1862
f 6893 1105 6825
f 6893 8318 8427
f 8427 4660 6894
f 8427 6894 1104
f 6895 6893 8427
f 4660 1861 7918
f 5062 7917 8429
f 6894 8428 5062
f 4660 7918 8428
f 4660 8428 6894
f 6896 8429 1103
f 5062 8429 6897
f 6894 5062 6897
f 8430 8429 6896
f 6898 6897 8430
f 6897 8429 8430
f 1102 8430 6896
f 1104 6894 8431
f 8431 6894 6898
f 6894 6897 6898
f 6899 6900 8432
f 9354 8432 6900
f 7872 8432 9354
f 118 8432 7872
f 8433 6886 7915
f 5061 6899 8433
f 8432 8433 6899
f 8432 118 8433
f 6886 8433 118
f 8434 4661 1097
f 8434 6900 6899
f 5026 8434 1097
f 5026 6900 8434
f 6895 8435 4661
f 1097 4661 8435
f 6901 8437 8436
f 6901 8435 6895
f 8438 8435 6901
f 5061 8433 7915
f 1105 8434 7916
f 8434 1105 4661
f 8434 5061 7916
f 8434 6899 5061
f 6893 4661 1105
f 6895 4661 6893
f 8437 8427 1104
f 6895 8427 8437
f 6901 6895 8437
f 8436 1104 1096
f 8436 8437 1104
f 7875 8430 1102
f 5029 8430 7875
f 5029 6898 8430
f 5029 7876 6898
f 7876 8431 6898
f 1104 8431 1096
f 4128 7912 8328
f 7912 4128 3678
f 7912 5055 8328
f 5055 7912 5056
f 7911 7910 5055
f 8331 8439 6834
f 8439 8331 4662
f 4127 4662 8331
f 6833 8331 6834
f 8440 8330 6834
f 8330 3678 4128
f 8440 3678 8330
f 6902 6834 8439
f 6902 8440 6834
f 6903 8439 4662
f 8441 5058 3674
f 5058 8441 6904
f 7913 5058 6904
f 8442 4127 7913
f 8442 7913 6904
f 4127 8442 4662
f 6905 8441 3674
f 6903 4662 8442
f 8443 8441 6905
f 6906 6904 8443
f 6904 8441 8443
f 8444 8442 6904
f 6903 8442 8444
f 3677 6903 8444
f 3673 9352 6905
f 9352 8443 6905
f 115 9352 3673
f 7869 8443 9352
f 6906 8443 7869
f 8444 6906 3677
f 8444 6904 6906
f 1102 8445 7865
f 5023 7865 6907
f 7865 8445 6907
f 117 1102 7865
f 8446 1103 7911
f 5056 6908 8446
f 6907 8446 6908
f 8445 8446 6907
f 1102 6896 8445
f 6896 1103 8445
f 1103 8446 8445
f 8447 4663 3494
f 8447 7868 6908
f 7868 6907 6908
f 7868 8447 3494
f 8448 8449 4663
f 8449 8448 6909
f 3494 4663 8449
f 6910 6909 8450
f 6909 9381 8450
f 8449 6909 6910
f 8451 8449 6910
f 5056 8446 7911
f 3678 8447 7912
f 8447 3678 4663
f 8447 5056 7912
f 8447 6908 5056
f 8440 4663 3678
f 8448 8440 6902
f 8448 4663 8440
f 6909 6902 9381
f 6902 8439 9381
f 8439 6903 9381
f 8448 6902 6909
f 3677 8452 6903
f 9381 6903 8452
f 3493 8452 3677
f 9381 8452 8450
f 5025 6906 7869
f 125 4126 8453
f 8339 8454 3819
f 6911 8454 5083
f 8453 6911 5083
f 125 8453 5083
f 4126 4125 8455
f 6911 5054 8454
f 6911 8455 5054
f 8453 8455 6911
f 4126 8455 8453
f 3819 8454 4664
f 6840 8458 6839
f 6839 8458 8340
f 4664 8343 3819
f 4125 7909 8455
f 7909 5054 8455
f 8454 4123 4664
f 8454 5054 4123
f 8457 8456 6912
f 4124 8458 4665
f 6912 8461 8458
f 4123 8456 8457
f 8343 8457 6912
f 4123 8457 4664
f 4664 8457 8343
f 6912 6840 8343
f 6912 8458 6840
f 3818 8340 4124
f 8340 8458 4124
f 5082 7943 8459
f 7943 3818 8459
f 4124 9382 3818
f 9382 8459 3818
f 5082 8459 6913
f 8460 5082 6913
f 3674 7942 8460
f 7942 3674 124
f 5082 8460 7942
f 6914 6912 8456
f 6914 8461 6912
f 8458 8461 4665
f 4665 9382 4124
f 6913 8459 8462
f 8459 9382 8462
f 4665 9383 9382
f 9383 8462 9382
f 6913 8462 6915
f 6905 8463 3673
f 8463 6913 6915
f 8460 8463 6905
f 8460 6905 3674
f 6913 8463 8460
f 3668 8456 4123
f 8456 8464 6914
f 3668 8464 8456
f 6916 6914 8464
f 8461 8465 3667
f 6916 8465 6914
f 4665 8461 3667
f 8461 6914 8465
f 6915 8462 8466
f 8462 9383 8466
f 4665 3667 9383
f 3667 8582 9383
f 8582 8466 9383
f 6915 8466 6917
f 3673 8467 115
f 8467 6915 6917
f 8463 8467 3673
f 6915 8467 8463
f 6918 9364 5079
f 5079 8468 6918
f 7938 8468 5079
f 123 2824 7938
f 2824 8468 7938
f 8468 7906 5051
f 8468 2824 7906
f 2824 2823 7906
f 5051 9360 6918
f 6918 9360 8469
f 6918 8468 5051
f 8469 4666 6919
f 9364 6918 8469
f 7939 6919 4122
f 6919 7939 8469
f 7939 9364 8469
f 8358 8470 6849
f 6919 4666 8470
f 6919 8470 8358
f 6919 8358 4122
f 7905 2819 4666
f 4666 8469 7905
f 8469 9360 7905
f 8471 4666 2819
f 8471 6920 4666
f 6849 6920 8472
f 4666 6920 8470
f 6849 8470 6920
f 8359 8472 2820
f 4121 8359 2820
f 8359 6849 8472
f 8473 8474 2820
f 8474 8473 6921
f 6850 6921 8360
f 8356 8474 6850
f 6850 8474 6921
f 2820 8474 4121
f 6922 6921 8473
f 8360 8475 116
f 8475 3242 116
f 8360 6922 8475
f 6922 8360 6921
f 6920 8471 6923
f 8476 6920 6923
f 8472 6924 2820
f 8472 8476 6924
f 6920 8476 8472
f 6924 8477 2820
f 8477 8473 2820
f 8478 8477 4667
f 4667 8477 6924
f 6922 8473 8478
f 8473 8477 8478
f 6925 6922 8478
f 8479 3241 3242
f 8479 6922 6925
f 3242 8475 8479
f 8479 8475 6922
f 6923 8471 8601
f 8601 8471 2817
f 2819 2817 8471
f 8480 6923 6926
f 2818 4667 8480
f 8476 8480 6924
f 6924 8480 4667
f 6923 8480 8476
f 2818 8481 4667
f 8481 8478 4667
f 6925 8478 6927
f 8478 8481 6927
f 6927 8482 6925
f 3241 8479 5022
f 8479 8482 5022
f 8482 8479 6925
f 7044 6927 8481
f 5022 8483 114
f 6928 8483 6927
f 8483 8482 6927
f 8482 8483 5022
f 6929 9363 5077
f 5077 8484 6929
f 7935 8484 5077
f 122 2648 7935
f 2648 8484 7935
f 8484 7902 5048
f 8484 2648 7902
f 2648 2647 7902
f 5048 9359 6929
f 6929 9359 8485
f 6929 8484 5048
f 8485 4668 6930
f 9363 6929 8485
f 7936 6930 3245
f 6930 7936 8485
f 7936 9363 8485
f 8371 8486 6858
f 6930 4668 8486
f 6930 8486 8371
f 6930 8371 3245
f 7901 2649 4668
f 4668 8485 7901
f 8485 9359 7901
f 8487 4668 2649
f 8487 6931 4668
f 6858 6931 8488
f 4668 6931 8486
f 6858 8486 6931
f 8372 8488 2650
f 3246 8372 2650
f 8372 6858 8488
f 8489 8490 2650
f 8490 8489 6932
f 6859 6932 8373
f 8369 8490 6859
f 6859 8490 6932
f 2650 8490 3246
f 6933 6932 8489
f 8373 8491 123
f 8491 2824 123
f 8373 6933 8491
f 6933 8373 6932
f 6931 8487 6934
f 8492 6931 6934
f 8488 6935 2650
f 8488 8492 6935
f 6931 8492 8488
f 6935 8493 2650
f 8493 8489 2650
f 8494 8493 4669
f 4669 8493 6935
f 6933 8489 8494
f 8489 8493 8494
f 6936 6933 8494
f 8495 2823 2824
f 8495 6933 6936
f 2824 8491 8495
f 8495 8491 6933
f 6934 8487 8608
f 8608 8487 2641
f 2649 2641 8487
f 8496 6934 6937
f 2642 4669 8496
f 8492 8496 6935
f 6935 8496 4669
f 6934 8496 8492
f 2642 8497 4669
f 8497 8494 4669
f 6936 8494 6938
f 8494 8497 6938
f 6938 8498 6936
f 2823 8495 5052
f 8495 8498 5052
f 8498 8495 6936
f 7065 6938 8497
f 5052 8499 113
f 6939 8499 6938
f 8499 8498 6938
f 8498 8499 5052
f 6940 9376 5075
f 5075 8500 6940
f 7933 8500 5075
f 121 2161 7933
f 2161 8500 7933
f 8500 7897 5045
f 8500 2161 7897
f 2161 2160 7897
f 5045 9358 6940
f 6940 9358 8501
f 6940 8500 5045
f 8501 4670 6941
f 9376 6940 8501
f 8381 6941 2821
f 6941 8381 8501
f 8381 9376 8501
f 8384 8502 6865
f 6941 4670 8502
f 6865 8504 8382
f 6941 8502 8384
f 6941 8384 2821
f 7898 2162 4670
f 4670 8501 7898
f 8501 9358 7898
f 8503 4670 2162
f 6942 8502 9384
f 8502 8503 9384
f 8503 8502 4670
f 6865 6942 8504
f 6865 8502 6942
f 8504 9385 8382
f 8382 9385 2163
f 8382 2163 2822
f 2163 8505 5074
f 7931 8506 122
f 5074 8506 7931
f 7932 2163 5074
f 2153 2162 8508
f 8507 8508 2162
f 8507 6943 8508
f 8507 7898 5044
f 8507 2162 7898
f 6943 8507 5044
f 6943 5044 7075
f 6944 8509 2154
f 4671 8510 6944
f 8510 8509 6944
f 8509 8510 6945
f 6945 6946 8509
f 6946 6945 8511
f 6945 9384 8511
f 9384 2153 8511
f 8503 2153 9384
f 2162 2153 8503
f 2163 9385 4671
f 8504 8510 9385
f 9385 8510 4671
f 8510 8504 6942
f 6942 6945 8510
f 6945 6942 9384
f 5042 7895 7896
f 6944 2154 7895
f 8512 7895 5042
f 8512 6944 7895
f 7894 2647 8513
f 8513 2647 2648
f 5042 7894 6947
f 6947 7894 8513
f 8512 5042 6947
f 6944 8512 4671
f 4671 8512 8505
f 8513 2648 122
f 8506 8513 122
f 5074 6947 8506
f 6947 8513 8506
f 4671 8505 2163
f 8505 8512 5074
f 6947 5074 8512
f 6948 6949 6952
f 6949 8514 6952
f 8515 8516 1670
f 8515 6948 8516
f 8515 6949 6948
f 110 8515 1670
f 6951 8519 4672
f 8519 8518 4672
f 1672 8519 6951
f 1672 6951 8514
f 8520 8514 6951
f 8520 6952 8514
f 6952 8520 6953
f 8521 6952 6953
f 6954 8516 1671
f 8516 8521 1671
f 8516 6948 8521
f 6948 6952 8521
f 1670 8516 6954
f 1673 5040 8517
f 5040 2646 8517
f 6873 8518 6950
f 2646 8394 8517
f 6873 6950 8394
f 6950 8517 8394
f 8518 6873 8396
f 2645 4672 8396
f 4672 8518 8396
f 4672 8522 6951
f 8522 8520 6951
f 2645 8522 4672
f 6953 8520 8522
f 6868 8522 2645
f 6953 8522 6868
f 5036 8388 120
f 8388 6953 6868
f 8521 8388 5036
f 8521 6953 8388
f 1671 8521 5036
f 1662 1672 8617
f 1672 8523 8617
f 6949 8523 8514
f 8523 1672 8514
f 8619 6949 8515
f 1663 6955 4673
f 8524 8525 6956
f 8525 8524 4673
f 6956 6957 8524
f 6956 8526 6957
f 8526 1672 1662
f 1673 8525 4673
f 6958 8526 6956
f 8519 8526 6958
f 8519 1672 8526
f 6958 6956 8525
f 8525 8517 6950
f 8517 8525 1673
f 6950 6958 8525
f 6950 8518 6958
f 8519 6958 8518
f 9386 6955 5038
f 7888 2160 8527
f 8527 2160 2161
f 5038 7888 6959
f 6959 7888 8527
f 9386 5038 6959
f 7892 6955 9386
f 4673 6955 1673
f 6955 7892 1673
f 8527 2161 121
f 7889 8527 121
f 5041 6959 7889
f 6959 8527 7889
f 7892 9386 5041
f 6959 5041 9386
f 6960 6961 8528
f 8529 1099 1098
f 8529 6960 1099
f 8529 6961 6960
f 109 8529 1098
f 6962 6963 8530
f 8531 6963 6962
f 1100 8532 4674
f 8532 8531 4674
f 6963 8531 8532
f 4674 8533 1100
f 8533 8528 1100
f 8528 8533 6964
f 6964 6960 8528
f 1099 6960 8534
f 6960 6964 8534
f 2159 8411 1101
f 8411 8414 1101
f 6962 8530 6883
f 8530 8414 6883
f 8412 8531 6962
f 8412 6962 8413
f 8413 6962 6883
f 4674 8531 2158
f 2158 8531 8412
f 4674 2158 8533
f 8533 8415 9387
f 2158 8415 8533
f 6965 6964 9387
f 6964 8533 9387
f 5032 8534 6965
f 8534 6964 6965
f 1099 8534 5032
f 6965 9387 6877
f 6877 9387 9379
f 9387 8415 9379
f 5032 6965 6877
f 6966 7850 8535
f 4992 6966 7851
f 4992 7850 6966
f 110 1670 7850
f 6954 1671 9357
f 6966 5035 8536
f 6966 7887 5035
f 6954 9357 7887
f 6966 8535 7887
f 6954 7887 8535
f 1670 6954 7850
f 6954 8535 7850
f 6967 9388 4675
f 6967 1092 9388
f 1092 8536 9388
f 7851 6966 8536
f 7851 8536 1092
f 8537 6967 4675
f 8538 8537 7120
f 7120 8537 6968
f 8538 6967 8537
f 1092 6967 7115
f 7115 6967 8538
f 4675 7886 1101
f 4675 9388 7886
f 7886 8536 5035
f 8536 7886 9388
f 8414 4675 1101
f 8530 4675 8414
f 8537 8530 6963
f 8537 4675 8530
f 6963 6968 8537
f 1100 6969 8532
f 8532 6968 6963
f 1091 8532 6969
f 6968 8532 1091
f 8528 8539 1100
f 6969 1100 8539
f 6961 8529 6970
f 6970 8529 8627
f 6961 6970 8528
f 6970 8539 8528
f 1091 6969 8539
f 4120 7880 1669
f 6890 5030 7877
f 8540 1668 4676
f 8424 1668 8540
f 8426 6891 6971
f 1669 8423 4120
f 8423 8426 4120
f 9389 8424 8540
f 6971 6891 9389
f 6891 8424 9389
f 8541 8426 6971
f 6972 8541 6971
f 4119 8542 4676
f 4676 8542 8540
f 8540 8542 9390
f 6972 9389 9390
f 9389 8540 9390
f 6971 9389 6972
f 4120 8426 8541
f 4118 6974 5028
f 6974 7882 5028
f 6973 7882 6975
f 7882 6974 6975
f 6973 5033 7882
f 5033 6973 7883
f 6973 4676 7883
f 4676 1668 7883
f 6974 8543 6975
f 4676 6973 4119
f 4117 8543 6974
f 6975 8543 6976
f 6975 8544 6973
f 8544 6975 6976
f 4119 6973 8544
f 4986 8543 7845
f 8543 4117 7845
f 4117 108 7845
f 6976 8543 4986
f 7846 8545 6977
f 7847 8546 4112
f 4987 6977 7847
f 4987 7846 6977
f 1098 8545 109
f 109 8545 7846
f 8547 7878 6978
f 8547 1099 7878
f 8546 7879 4677
f 6978 7879 8546
f 8545 8547 6978
f 1098 1099 8545
f 1099 8547 8545
f 6977 8545 6978
f 4112 8546 4677
f 6977 6978 7847
f 7847 6978 8546
f 8551 4112 4677
f 6979 8549 6980
f 6979 6980 8548
f 4112 8551 8550
f 8550 8551 8548
f 6980 8550 8548
f 6978 7878 5031
f 4677 7879 4120
f 6978 5031 7879
f 8541 4677 4120
f 6972 9390 8549
f 9390 8542 8549
f 8551 8541 6972
f 4677 8541 8551
f 6979 8551 6972
f 6979 8548 8551
f 4119 6981 8542
f 6981 8549 8542
f 6972 8549 6979
f 4111 8549 6981
f 8544 8552 4119
f 6981 4119 8552
f 6976 4986 6982
f 6976 6982 8544
f 8552 8544 6982
f 4111 6981 8633
f 6981 8552 8633
f 6983 5026 1097
f 6900 5026 9354
f 8553 1096 4678
f 8436 1096 8553
f 8438 6901 6984
f 1097 8435 6983
f 8435 8438 6983
f 9391 8436 8553
f 6984 6901 9391
f 6901 8436 9391
f 8554 8438 6984
f 6985 8554 6984
f 3672 6983 8438
f 3671 8555 4678
f 4678 8555 8553
f 8553 8555 9392
f 6984 9391 6985
f 6985 9391 9392
f 9391 8553 9392
f 3672 8438 8554
f 6988 7875 9355
f 6986 7875 6988
f 6986 5029 7875
f 5029 6986 7876
f 6986 4678 7876
f 4678 1096 7876
f 6987 9355 3670
f 8556 6988 6987
f 6987 6988 9355
f 4678 6986 3671
f 3669 8556 6987
f 6988 8556 6989
f 6988 8557 6986
f 8557 6988 6989
f 3671 6986 8557
f 4980 8556 7842
f 8556 3669 7842
f 3669 107 7842
f 6989 8556 4980
f 4982 7843 3665
f 4981 6990 7843
f 4981 8558 6990
f 4983 8558 4981
f 4117 9393 108
f 108 9393 8558
f 108 8558 4983
f 7874 8559 4118
f 6974 4118 8559
f 4679 8560 7873
f 5027 8560 6990
f 5027 7873 8560
f 6990 7874 5027
f 8559 7874 8558
f 8558 7874 6990
f 4117 6974 9393
f 6974 8559 9393
f 9393 8559 8558
f 4679 3665 8560
f 3665 7843 8560
f 8560 7843 6990
f 8562 4679 8561
f 6991 8562 8561
f 4679 7873 3672
f 8563 8554 6985
f 3672 8554 8563
f 8561 8563 6985
f 4679 3672 8563
f 8563 8561 4679
f 6985 6991 8561
f 3671 6992 8555
f 6992 3664 8555
f 9392 8555 3664
f 6985 9392 6991
f 3664 6991 9392
f 8557 8564 3671
f 6992 3671 8564
f 6989 4980 6993
f 6989 6993 8557
f 8564 8557 6993
f 3664 6992 8641
f 6992 8564 8641
f 3244 7868 3494
f 6907 7868 5023
f 3493 8450 8452
f 8450 3493 8565
f 3494 8449 3244
f 8449 8451 3244
f 6910 8450 8565
f 6994 8451 6910
f 4680 8565 3493
f 3243 8566 4680
f 8565 4680 8566
f 6910 8565 6994
f 8567 8451 6994
f 6995 5025 7870
f 6995 8568 5025
f 5025 8568 7871
f 8568 9394 7871
f 9394 3493 7871
f 4680 3493 9394
f 3363 9395 9353
f 9395 7870 9353
f 3362 9395 3363
f 8569 7870 9395
f 6995 7870 8569
f 9394 8568 4680
f 6995 8569 6996
f 6995 8570 8568
f 8570 6995 6996
f 4680 8568 8570
f 3243 4680 8570
f 3362 8571 9395
f 8571 8569 9395
f 8571 6996 8569
f 7837 8571 106
f 3362 106 8571
f 6996 8571 7837
f 6997 4977 8572
f 4977 7840 8572
f 7171 8573 3232
f 4977 8573 3310
f 4977 6997 8573
f 107 3669 7840
f 5024 8572 7866
f 7866 8572 3670
f 4681 8574 7867
f 5024 8574 6997
f 5024 7867 8574
f 6997 8572 5024
f 6987 3670 9396
f 9396 3670 8572
f 3669 6987 9396
f 3669 9396 7840
f 9396 8572 7840
f 3232 8574 4681
f 3232 8573 8574
f 8574 8573 6997
f 8575 3232 4681
f 8576 3232 8575
f 6998 8576 8575
f 4681 7867 3244
f 8451 4681 3244
f 8567 4681 8451
f 6994 8565 8566
f 8575 8567 6994
f 8567 8575 4681
f 6994 6998 8575
f 3243 6999 8566
f 6994 8566 6998
f 3231 8566 6999
f 6998 8566 3231
f 8570 7839 3243
f 6999 3243 7839
f 6996 7837 4976
f 6996 4976 8570
f 7839 8570 4976
f 3231 6999 7838
f 6999 7839 7838
f 7000 9361 5053
f 5053 8577 7000
f 7907 8577 5053
f 116 3242 7907
f 3242 8577 7907
f 8577 7864 5021
f 8577 3242 7864
f 3242 3241 7864
f 5021 9351 7000
f 7000 9351 8578
f 7000 8577 5021
f 8578 4682 7001
f 9361 7000 8578
f 7908 7001 3668
f 7001 7908 8578
f 7908 9361 8578
f 8464 8579 6916
f 7001 4682 8579
f 7001 8579 8464
f 7001 8464 3668
f 7863 3239 4682
f 4682 8578 7863
f 8578 9351 7863
f 8580 4682 3239
f 8580 7002 4682
f 6916 7002 8581
f 4682 7002 8579
f 6916 8579 7002
f 8465 8581 3240
f 3667 8465 3240
f 8465 6916 8581
f 7003 8467 6917
f 7003 6917 8582
f 6917 8466 8582
f 3240 8582 3667
f 8467 8583 115
f 7003 8583 8467
f 7002 8580 7004
f 8584 7002 7004
f 8581 7005 3240
f 8581 8584 7005
f 7002 8584 8581
f 7005 8585 3240
f 8585 8582 3240
f 8586 8585 4683
f 4683 8585 7005
f 7006 7003 8586
f 7003 8582 8586
f 8582 8585 8586
f 8583 7003 7006
f 115 8583 3363
f 8583 8587 3363
f 7006 8587 8583
f 7004 8580 8593
f 8593 8580 3238
f 3239 3238 8580
f 8588 7004 7007
f 3237 4683 8588
f 8584 8588 7005
f 7005 8588 4683
f 7004 8588 8584
f 3237 8589 4683
f 8589 8586 4683
f 7006 8586 7008
f 8586 8589 7008
f 7008 9397 7006
f 8587 7006 9397
f 3363 8587 3362
f 7016 7008 8589
f 3362 8590 106
f 7009 8590 7008
f 8590 9397 7008
f 8587 8590 3362
f 9397 8590 8587
f 8591 7009 7010
f 7009 2815 7010
f 106 8591 2636
f 8590 8591 106
f 7009 8591 8590
f 2815 8592 4684
f 7012 7011 8592
f 2815 7012 8592
f 7010 4684 7013
f 4684 7010 2815
f 8591 7013 2636
f 8591 7010 7013
f 2636 7013 2635
f 2814 5018 7011
f 2629 7011 5018
f 7014 7011 2629
f 7011 7014 8592
f 4684 8592 2146
f 8592 7014 2146
f 7015 7013 4684
f 7013 7015 2635
f 2146 1636 4684
f 2635 7015 88
f 3237 7016 8589
f 7009 7016 2815
f 7008 7016 7009
f 7007 8593 7017
f 7007 7004 8593
f 4685 7007 7017
f 7007 4685 7018
f 8594 7007 7018
f 8588 8594 3237
f 8588 7007 8594
f 8594 7016 3237
f 8595 7018 7019
f 7019 7018 4685
f 7012 8594 8595
f 8594 7018 8595
f 7016 8594 7012
f 2815 7016 7012
f 8595 7011 7012
f 8595 2814 7011
f 7019 2814 8595
f 7020 7861 5015
f 7861 7020 3238
f 7020 8593 3238
f 7017 8593 7020
f 5015 5016 2758
f 7020 5015 7021
f 7022 7017 7020
f 7022 7021 2757
f 7020 7021 7022
f 8596 7017 7022
f 4685 7017 8596
f 4685 8596 7019
f 2757 8597 7022
f 8596 7022 8597
f 7019 8596 5019
f 7023 89 8597
f 89 5019 8597
f 5019 8596 8597
f 2814 5019 5017
f 7019 5019 2814
f 7024 2758 5014
f 7860 2764 7024
f 5014 7860 7024
f 114 2764 7860
f 7859 2764 105
f 7025 7024 2764
f 2758 7025 4686
f 2758 7024 7025
f 4686 7026 7021
f 5015 4686 7021
f 5015 2758 4686
f 4972 7025 7859
f 7025 2764 7859
f 7025 4972 2813
f 7025 2813 4686
f 7026 7027 2331
f 7026 4686 7027
f 4686 2813 7027
f 7021 7026 2757
f 2757 7026 2331
f 2757 2331 7028
f 7023 2757 7028
f 8597 2757 7023
f 7031 7029 2644
f 8598 6928 7029
f 6928 2644 7029
f 114 8598 2764
f 8483 8598 114
f 6928 8598 8483
f 7032 7030 7031
f 2644 7032 7031
f 7029 4687 7033
f 4687 7029 7031
f 8598 7033 2764
f 8598 7029 7033
f 2764 7033 105
f 2643 5013 7030
f 2634 7030 5013
f 7034 7030 2634
f 4687 7031 7034
f 7030 7034 7031
f 4687 7034 1657
f 7035 7033 4687
f 1657 7035 4687
f 7033 7035 105
f 5049 7037 2709
f 5049 7036 7904
f 7038 7040 2708
f 4688 7041 8600
f 7038 8600 7041
f 7040 7038 7039
f 7036 5049 2709
f 7039 7036 7040
f 7039 7038 7041
f 7041 8601 7039
f 8601 2817 7039
f 7904 7039 2817
f 7904 7036 7039
f 8480 8602 2818
f 6926 8602 8480
f 6926 7042 8602
f 6926 4688 7042
f 7041 4688 6926
f 8601 6926 6923
f 7041 6926 8601
f 2708 7858 7038
f 8600 7038 7858
f 7043 8600 5010
f 4688 8600 7043
f 8603 7030 7032
f 8603 2643 7030
f 7043 2643 8603
f 4688 7043 7042
f 7043 8603 7042
f 7032 8602 8603
f 8602 7042 8603
f 7044 7032 2644
f 8602 7032 7044
f 2818 8602 7044
f 7044 6928 6927
f 7044 2644 6928
f 2818 7044 8481
f 7045 2709 7037
f 8599 2155 7045
f 7037 8599 7045
f 113 2155 8599
f 7857 8604 103
f 103 8604 2155
f 7045 8604 7046
f 7045 2155 8604
f 4689 7045 7046
f 2709 7045 4689
f 7036 7047 7040
f 7036 2709 7047
f 2709 4689 7047
f 4968 7046 7857
f 7046 8604 7857
f 7046 4968 2150
f 4689 7046 2150
f 7047 7048 1088
f 4689 7048 7047
f 4689 2150 7048
f 7040 7047 2708
f 2708 7047 1088
f 2708 1088 7049
f 5011 2708 7049
f 7858 2708 5011
f 7052 7050 1667
f 8605 6939 7050
f 6939 1667 7050
f 2155 8605 7054
f 113 8605 2155
f 8499 8605 113
f 6939 8605 8499
f 7053 7051 7052
f 1667 7053 7052
f 7050 4690 8606
f 4690 7050 7052
f 7054 7050 8606
f 8605 7050 7054
f 2155 7054 103
f 1666 5009 7051
f 1655 7051 5009
f 7055 7051 1655
f 4690 7052 7055
f 7051 7055 7052
f 4690 7055 1656
f 1656 7056 4690
f 7056 8606 4690
f 7054 8606 7056
f 7054 7056 103
f 5046 7058 1665
f 5046 7057 7900
f 7060 7061 7856
f 7856 7061 1664
f 7062 7059 4691
f 7062 7060 7059
f 7059 7060 7856
f 7057 5046 1665
f 7060 7057 7061
f 7062 8608 7060
f 8608 2641 7060
f 7900 7060 2641
f 7900 7057 7060
f 6937 2642 8496
f 6937 7063 2642
f 6937 4691 7063
f 7062 4691 6937
f 8608 6937 6934
f 7062 6937 8608
f 7064 5005 1666
f 5006 7064 7059
f 7063 4691 7064
f 7059 7064 4691
f 8609 7051 7053
f 8609 1666 7051
f 7064 1666 8609
f 7063 7064 8609
f 8609 2642 7063
f 7065 7053 1667
f 2642 7053 7065
f 2642 8609 7053
f 7065 6939 6938
f 7065 1667 6939
f 2642 7065 8497
f 7066 1665 7058
f 8607 1093 7066
f 7058 8607 7066
f 112 1093 8607
f 1093 5004 101
f 7066 1093 7067
f 4692 7066 7067
f 1665 7066 4692
f 7057 7068 7061
f 7057 1665 7068
f 1665 4692 7068
f 4965 7067 101
f 7067 1093 101
f 7067 4965 1085
f 4692 7067 1085
f 7068 7069 1086
f 4692 7069 7068
f 4692 1085 7069
f 1664 7068 1086
f 7061 7068 1664
f 5007 102 5006
f 7856 1664 5007
f 7070 5001 4962
f 100 4962 5001
f 4105 8610 4693
f 7071 4105 4693
f 4115 7070 7071
f 7070 4105 7071
f 7071 4116 7083
f 7071 4693 4116
f 4106 8611 4693
f 4693 8611 4116
f 7072 8611 5004
f 7073 8611 7072
f 7073 4116 8611
f 1093 7072 5004
f 7072 7893 7073
f 7893 7072 112
f 7072 1093 112
f 6943 7075 4114
f 6943 7074 8508
f 7076 7078 7854
f 7854 7078 4113
f 7078 7076 7077
f 7074 6943 4114
f 7077 7074 7078
f 7077 7076 7079
f 7079 2153 7077
f 8508 7077 2153
f 8508 7074 7077
f 7080 6946 4694
f 6946 7079 4694
f 8509 7080 2154
f 8509 6946 7080
f 7079 8511 2153
f 7079 6946 8511
f 7076 7854 5002
f 7081 5001 4115
f 7080 4694 7081
f 7076 5002 7079
f 7079 5002 4694
f 5002 7081 4694
f 7082 4115 7071
f 7082 7071 7083
f 7081 4115 7082
f 7080 7081 7082
f 7082 2154 7080
f 7083 2154 7082
f 7083 7895 2154
f 7073 7083 4116
f 5043 7073 7893
f 7896 7073 5043
f 7896 7083 7073
f 7895 7083 7896
f 7084 4114 7075
f 8612 3666 7084
f 7075 8612 7084
f 111 3666 8612
f 3666 5000 99
f 7084 3666 7085
f 4695 7084 7085
f 4114 7084 4695
f 7074 7086 7078
f 7074 4114 7086
f 4114 4695 7086
f 4959 7085 99
f 7085 3666 99
f 7085 4959 3658
f 4695 7085 3658
f 7086 7087 3659
f 4695 7087 7086
f 4695 3658 7087
f 4113 7086 3659
f 7078 7086 4113
f 5003 100 5002
f 7854 4113 5003
f 7088 3235 7090
f 98 7828 7089
f 7828 7090 7089
f 3226 8613 4696
f 7091 3226 4696
f 3235 7088 7091
f 7088 3226 7091
f 7091 3236 8615
f 7091 4696 3236
f 3227 8614 4696
f 4696 8614 3236
f 7092 8614 5000
f 4999 8614 7092
f 4999 3236 8614
f 3666 7092 5000
f 7092 7852 4999
f 7852 7092 111
f 7092 3666 111
f 7089 7095 7093
f 7095 7089 3235
f 7090 3235 7089
f 3233 4996 7096
f 7093 7096 4996
f 98 7089 7093
f 7094 7091 8615
f 7095 3235 8616
f 3235 7094 8616
f 7091 7094 3235
f 7095 8616 4697
f 7093 4697 7096
f 4697 7093 7095
f 7097 7096 7100
f 7096 4697 7100
f 7098 7101 3234
f 3233 7096 7098
f 7096 7097 7098
f 3236 4998 8615
f 7094 4673 9398
f 4673 7094 1663
f 4998 1663 8615
f 7094 8615 1663
f 4697 8616 7099
f 7099 8616 9398
f 8616 7094 9398
f 6957 7099 8524
f 7099 9398 8524
f 8524 9398 4673
f 7100 8526 1662
f 6957 8526 7100
f 7100 7099 6957
f 7100 4697 7099
f 7097 8617 7101
f 7097 1662 8617
f 7100 1662 7097
f 7098 7097 7101
f 7101 8523 6949
f 8523 7101 8617
f 110 8618 8515
f 8619 8618 7102
f 8619 8515 8618
f 8619 3234 6949
f 3234 8619 7102
f 7101 6949 3234
f 2809 7103 7104
f 97 7103 2816
f 7104 7103 97
f 7105 7106 2810
f 7106 4698 2809
f 7106 7105 4698
f 4698 7107 2809
f 7107 7103 2809
f 7103 7107 2816
f 3233 7105 2810
f 7098 7105 3233
f 7105 3234 4698
f 7098 3234 7105
f 4698 3234 7102
f 7107 4698 7102
f 7107 8618 2816
f 8618 110 4995
f 8618 4995 2816
f 7102 8618 7107
f 4953 97 7108
f 7108 4699 4953
f 2816 7108 97
f 7109 8620 7110
f 4994 7108 4995
f 4995 7108 2816
f 2640 4699 4994
f 4699 7108 4994
f 7111 8620 7109
f 8620 7111 8621
f 2640 7111 7109
f 2640 7109 4699
f 4699 7109 1653
f 8620 8621 7112
f 8620 7112 1652
f 7113 7112 2639
f 7112 8621 2639
f 7113 7116 7114
f 7116 7113 2639
f 4991 7114 7849
f 7113 7114 96
f 4993 7111 2640
f 4700 7116 8623
f 7115 8622 4993
f 7116 2639 8623
f 2639 8622 8623
f 8621 4993 8622
f 7111 4993 8621
f 8621 8622 2639
f 7114 7116 4700
f 7117 7849 4700
f 7849 7114 4700
f 2637 7849 7117
f 7118 7117 7121
f 7117 4700 7121
f 7119 7117 7118
f 2637 7117 7119
f 7115 4993 1092
f 7120 8623 7115
f 4700 8623 7120
f 8622 7115 8623
f 7120 7115 8538
f 7121 8625 1091
f 6968 1091 8625
f 8625 7120 6968
f 4700 7120 7121
f 7121 7120 8625
f 7118 1091 8539
f 7121 1091 7118
f 6970 2638 7118
f 2638 8624 7118
f 7119 7118 8624
f 7118 8539 6970
f 109 8626 8529
f 8627 8626 7122
f 8627 8529 8626
f 8627 2638 6970
f 2638 8627 7122
f 2147 7123 7124
f 95 7123 2152
f 7124 7123 95
f 7125 7126 2148
f 7126 4701 2147
f 7126 7125 4701
f 4701 7127 2147
f 7127 7123 2147
f 7123 7127 2152
f 2637 7125 2148
f 7119 7125 2637
f 7125 2638 4701
f 7125 8624 2638
f 7119 8624 7125
f 4701 2638 7122
f 7127 4701 7122
f 7127 8626 2152
f 8626 109 4990
f 8626 4990 2152
f 7122 8626 7127
f 4951 95 7128
f 7128 4702 4951
f 2152 7128 95
f 7129 8628 7130
f 4989 7128 7848
f 7848 7128 2152
f 1661 4702 4989
f 4702 7128 4989
f 7131 8628 7129
f 8628 7131 8629
f 1661 7131 7129
f 1661 7129 4702
f 4702 7129 1651
f 8628 8629 7132
f 8628 7132 1650
f 7133 7132 1660
f 7132 8629 1660
f 7133 1660 7134
f 1658 7135 7137
f 7135 7134 7137
f 7133 7134 94
f 4988 7131 1661
f 4703 8630 8631
f 8631 8630 1660
f 1660 7136 8631
f 7131 7136 8629
f 8629 7136 1660
f 8630 7134 1660
f 4703 7140 8630
f 7134 8630 7140
f 7137 7134 7140
f 7138 7137 7140
f 7139 7141 1659
f 1658 7137 7139
f 7137 7138 7139
f 7136 7131 4988
f 7136 4988 4112
f 4703 7136 8550
f 4703 8631 7136
f 4112 8550 7136
f 6980 4703 8550
f 7140 8632 4111
f 8632 8549 4111
f 6980 8549 8632
f 8632 4703 6980
f 7140 4703 8632
f 7138 8633 7141
f 7138 4111 8633
f 7140 4111 7138
f 7139 7138 7141
f 7141 8552 6982
f 8552 7141 8633
f 4986 1659 6982
f 7141 6982 1659
f 7135 1658 7219
f 7143 1659 7144
f 1659 7142 1082
f 7143 7139 1659
f 7144 1659 1082
f 1658 7139 7143
f 7219 1658 1083
f 1083 1658 7143
f 1083 7143 7144
f 7145 4985 1090
f 4985 7145 7142
f 7145 1090 1089
f 1082 7142 7145
f 7145 1089 4950
f 1082 7145 4949
f 7145 4950 4949
f 93 8634 4945
f 1089 8634 93
f 1089 1090 7844
f 4704 4104 7148
f 4104 4945 7148
f 4945 7844 4984
f 8634 7844 4945
f 1089 7844 8634
f 7147 7146 7150
f 7148 4945 4984
f 4110 7149 7148
f 7149 4704 7148
f 4109 8635 8638
f 7149 8635 7146
f 7146 4704 7149
f 7146 4104 4704
f 4109 7150 8635
f 7150 7146 8635
f 7151 4947 8636
f 4947 4109 8636
f 7150 4109 4947
f 7151 8636 8639
f 4107 4941 8637
f 7152 7155 8637
f 7152 7151 8639
f 7151 7152 92
f 7153 8638 4982
f 8638 7149 4982
f 8638 7153 7154
f 4109 8638 7154
f 7149 8638 8635
f 8639 8636 7154
f 8636 4109 7154
f 8639 4705 7155
f 8639 7154 4705
f 7155 7152 8639
f 7159 7155 4705
f 7159 7156 7155
f 7157 7160 4108
f 8637 7155 7156
f 4107 8637 7157
f 8637 7156 7157
f 4982 7149 4110
f 8640 4982 3665
f 7158 7153 8562
f 4982 8640 7153
f 7153 8640 8562
f 4705 7153 7158
f 4705 7154 7153
f 3665 4679 8640
f 4679 8562 8640
f 6991 7158 8562
f 6991 3664 7159
f 7159 7158 6991
f 7159 4705 7158
f 7156 8641 7160
f 7156 3664 8641
f 7159 3664 7156
f 7157 7156 7160
f 7160 8564 6993
f 8564 7160 8641
f 4980 4108 6993
f 7160 6993 4108
f 7152 8637 4941
f 4941 4107 7225
f 7162 4108 7163
f 4108 7161 3655
f 7162 7157 4108
f 7163 4108 3655
f 4107 7157 7162
f 7225 4107 3656
f 3656 4107 7162
f 3656 7162 7163
f 4944 4979 3663
f 4979 4944 7161
f 4944 3663 3662
f 3655 7161 4944
f 3655 4944 4943
f 7164 4944 3662
f 7164 3662 7165
f 4938 91 7165
f 7164 7165 91
f 4978 3662 3663
f 4978 4706 7165
f 7165 3662 4978
f 7165 4706 4938
f 4706 2631 4938
f 7167 7166 7169
f 2631 7166 7167
f 3310 7168 4706
f 7168 8642 4706
f 3309 8643 8644
f 7168 8643 7166
f 7166 8642 7168
f 8642 2631 4706
f 7166 2631 8642
f 3309 7169 8643
f 7169 7166 8643
f 7170 90 4940
f 4940 3309 7170
f 7169 3309 4940
f 3310 8573 7171
f 4977 3310 7841
f 7840 4977 4978
f 6998 3231 7172
f 7173 7172 4707
f 6998 7172 7173
f 6998 7173 8576
f 7173 7174 8576
f 7171 3232 7174
f 7174 3232 8576
f 7174 4707 7175
f 7173 4707 7174
f 3310 7171 7168
f 7168 8644 8643
f 7175 3309 8644
f 8644 7174 7175
f 7174 8644 7171
f 7171 8644 7168
f 7176 7838 4975
f 7176 3231 7838
f 7172 3231 7176
f 7176 4975 7177
f 7177 4975 3230
f 7176 7177 8645
f 8645 7177 3229
f 7178 7176 8645
f 7172 7178 4707
f 7172 7176 7178
f 7179 4707 7178
f 7179 7175 4707
f 3309 7175 7170
f 7175 7179 7170
f 7180 90 8645
f 90 7179 8645
f 7179 7178 8645
f 7179 90 7170
f 8645 7231 4934
f 8645 3229 7231
f 7180 8645 4934
f 7182 3230 7183
f 3230 7181 2672
f 7182 7177 3230
f 7183 3230 2672
f 3229 7177 7182
f 7231 3229 2673
f 2673 3229 7182
f 2673 7182 7183
f 4973 2636 2635
f 7181 4973 7184
f 4937 4973 2635
f 7184 4973 4937
f 2672 7181 7184
f 4937 2635 88
f 2672 7184 4936
f 4936 7184 4937
f 2151 7859 105
f 2813 4972 2145
f 4972 7859 7836
f 7859 2151 7836
f 2145 4972 4971
f 7027 2145 8646
f 7027 7185 2331
f 2813 2145 7027
f 7023 71 89
f 7185 7027 8646
f 2331 7185 2144
f 2144 7028 2331
f 2144 7186 7028
f 7023 7028 71
f 7028 7186 71
f 5012 104 86
f 2634 5013 4970
f 5013 5012 4970
f 4970 5012 4969
f 5012 86 4969
f 2634 4970 1645
f 2634 1645 7034
f 4970 7835 1645
f 7187 1657 7034
f 7034 1645 7187
f 105 8647 2151
f 105 7035 8647
f 1646 1657 8648
f 8648 1657 7187
f 1646 7035 1657
f 7187 1645 8649
f 7188 7187 8649
f 8648 7187 7188
f 7189 7035 1646
f 7035 7189 8647
f 4928 87 2151
f 8647 7189 4928
f 2151 8647 4928
f 1087 7857 103
f 2150 4968 1080
f 4968 7857 7834
f 7857 1087 7834
f 1080 4968 4967
f 7048 1080 8650
f 7048 7190 1088
f 2150 1080 7048
f 5011 86 104
f 7190 7048 8650
f 1088 7190 1081
f 1081 7049 1088
f 1081 7191 7049
f 5011 7049 86
f 7049 7191 86
f 4966 102 84
f 102 4966 5008
f 5009 7833 4100
f 1655 5009 4100
f 5009 5008 7833
f 7833 5008 4966
f 1655 4100 7055
f 7192 1656 7055
f 7055 4100 7192
f 103 8651 1087
f 103 7056 8651
f 4101 1656 8652
f 8652 1656 7192
f 4101 7056 1656
f 7192 4100 8653
f 7193 7192 8653
f 8652 7192 7193
f 7194 7056 4101
f 7056 7194 8651
f 4924 85 1087
f 8651 7194 4924
f 1087 8651 4924
f 7832 101 83
f 4965 101 7832
f 1085 4965 3660
f 4965 7832 4964
f 3660 4965 4964
f 7069 7195 1086
f 1085 3660 7069
f 3660 7195 7069
f 3661 1664 1086
f 1664 7196 5007
f 7196 102 5007
f 2807 3661 7197
f 7197 3661 1086
f 1086 7195 7197
f 3660 2806 7195
f 4963 7831 7196
f 4963 7196 3661
f 84 102 7831
f 102 7196 7831
f 3661 7196 1664
f 4962 100 82
f 4105 7070 8654
f 7070 4962 8654
f 4105 8654 3222
f 4105 7198 8610
f 8654 4961 3222
f 8654 4962 4961
f 7198 4105 3222
f 3228 4106 8610
f 4106 4693 8610
f 4961 2626 3222
f 7198 7199 3228
f 7199 3222 2626
f 3222 7199 7198
f 7198 3228 8610
f 4960 4106 3228
f 4106 4960 7200
f 83 101 7200
f 4106 7200 7855
f 7855 7200 101
f 7830 99 81
f 4959 99 7830
f 3658 4959 2811
f 4959 7830 4958
f 2811 4959 4958
f 7087 7201 3659
f 3658 2811 7087
f 2811 7201 7087
f 2812 4113 3659
f 4113 7202 5003
f 7202 100 5003
f 2143 2812 7203
f 7203 2812 3659
f 3659 7201 7203
f 2811 2142 7201
f 4957 7829 7202
f 4957 7202 2812
f 82 100 7829
f 100 7202 7829
f 2812 7202 4113
f 98 2632 7828
f 3226 7088 8655
f 7088 7090 8655
f 2632 80 7828
f 7090 7828 4956
f 3226 8655 2625
f 8655 7090 4956
f 3226 7204 8613
f 8655 4956 2625
f 7204 3226 2625
f 2633 3227 8613
f 3227 4696 8613
f 4956 1643 2625
f 7204 7205 2633
f 7205 2625 1643
f 2625 7205 7204
f 7204 2633 8613
f 4955 3227 2633
f 3227 4955 7206
f 81 99 7206
f 3227 7206 7853
f 7853 7206 99
f 2149 2809 8656
f 2809 7104 8656
f 2810 7207 2141
f 7106 7207 2810
f 7207 7106 2149
f 7106 2809 2149
f 7104 97 79
f 4915 2632 7801
f 2632 4915 80
f 7207 8657 2141
f 2140 7208 2149
f 7801 4954 2141
f 7207 2149 7208
f 7208 8657 7207
f 4887 8656 7104
f 2140 2149 8656
f 7104 79 4887
f 7209 1640 7211
f 7210 1640 7209
f 1653 7110 1641
f 7211 96 7209
f 7209 96 78
f 7110 1653 7109
f 7110 8620 1652
f 7211 1652 7112
f 7211 7112 7113
f 7211 7113 96
f 1641 4099 7826
f 4099 4913 7826
f 7249 1641 7110
f 1653 1641 7826
f 7212 7110 1652
f 7212 7249 7110
f 1640 7212 1652
f 1640 1652 7211
f 7209 78 7210
f 1084 2147 8658
f 2147 7124 8658
f 2148 7213 1077
f 7126 7213 2148
f 7213 7126 1084
f 7126 2147 1084
f 7124 95 77
f 78 4991 4911
f 7213 8659 1077
f 1076 7214 1084
f 4911 4952 1077
f 7213 1084 7214
f 7214 8659 7213
f 4883 8658 7124
f 1076 1084 8658
f 7124 77 4883
f 7215 4097 7217
f 7216 4097 7215
f 1651 7130 4098
f 7217 94 7215
f 7215 94 76
f 7130 1651 7129
f 7130 8628 1650
f 7217 1650 7132
f 7217 7132 7133
f 7217 7133 94
f 4098 3221 7825
f 3221 4909 7825
f 7251 4098 7130
f 1651 4098 7825
f 7218 7130 1650
f 7218 7251 7130
f 4097 7218 1650
f 4097 1650 7217
f 7215 76 7216
f 7800 7219 2805
f 7135 7219 4948
f 7135 4948 7134
f 7134 4948 94
f 3657 7144 1082
f 7220 7144 3657
f 2805 1083 7220
f 1083 7144 7220
f 7219 1083 2805
f 3657 1082 4949
f 7221 93 75
f 4949 3651 3657
f 76 4948 4908
f 3657 7222 7220
f 2805 7220 7222
f 7222 3657 3651
f 7221 3651 4949
f 3225 4945 4104
f 4945 3225 4946
f 3220 7147 7150
f 4104 7146 7147
f 7147 3225 4104
f 7223 3220 7150
f 3224 7223 4947
f 7223 3224 74
f 4946 7798 93
f 75 93 7798
f 4946 7799 4907
f 4907 7798 4946
f 2624 7799 3225
f 7799 4946 3225
f 7224 7147 3220
f 2624 3225 7147
f 7224 2624 7147
f 4942 7225 2139
f 7152 4941 92
f 2808 7163 3655
f 7226 7163 2808
f 2139 3656 7226
f 3656 7163 7226
f 7225 3656 2139
f 2808 3655 4943
f 7227 91 73
f 4943 2803 2808
f 74 3224 7797
f 4906 7785 4942
f 7785 7797 4942
f 7797 92 4942
f 3224 92 7797
f 2808 7228 7226
f 2139 7226 7228
f 7228 2808 2803
f 7227 2803 4943
f 2631 7824 4938
f 4938 7824 4939
f 2622 7167 7169
f 2631 7167 4708
f 7229 2622 7169
f 2630 7229 4940
f 7229 2630 72
f 4939 7796 4905
f 4905 91 4939
f 1639 7824 4708
f 1639 7796 7824
f 7796 4939 7824
f 2631 4708 7824
f 7230 7167 2622
f 4708 7167 7230
f 7230 1639 4708
f 4934 7231 1577
f 1647 7183 2672
f 7232 7183 1647
f 1577 2673 7232
f 2673 7183 7232
f 7231 2673 1577
f 1647 2672 4936
f 8660 88 70
f 88 8660 4936
f 7233 4936 8660
f 4936 7233 1647
f 72 2630 4935
f 4904 7783 4935
f 4935 4934 4904
f 4904 4934 1577
f 1647 7234 7232
f 1577 7232 7234
f 7234 1647 1576
f 7233 1576 1647
f 5017 89 71
f 2629 5018 4933
f 5018 5017 4933
f 4933 5017 4932
f 5017 71 4932
f 2629 4933 1637
f 2629 1637 7014
f 4933 7823 1637
f 7235 2146 7014
f 7014 1637 7235
f 4684 1636 7015
f 7015 7236 88
f 1636 2146 8661
f 8661 2146 7235
f 7015 1636 7236
f 7236 1636 7271
f 7235 1637 8662
f 7237 7235 8662
f 8661 7235 7237
f 1074 7271 1636
f 88 7236 70
f 4971 87 4931
f 1455 4971 4931
f 2145 4971 1455
f 8646 1455 7238
f 2144 7185 8663
f 1455 8646 2145
f 7185 8646 7238
f 1071 2144 8663
f 1071 7186 2144
f 1455 1072 7238
f 7238 8663 7185
f 7186 1071 4930
f 7821 1075 71
f 7186 4930 71
f 71 4930 7821
f 4102 4969 86
f 4929 4969 4102
f 7835 4929 4103
f 4929 7835 4969
f 1645 7835 4103
f 4103 8649 1645
f 4095 8648 7188
f 4095 1646 8648
f 4929 4094 4103
f 4929 4898 4094
f 7239 8664 7188
f 4103 4094 7239
f 7188 8664 4095
f 8649 7239 7188
f 4103 7239 8649
f 1646 7820 4928
f 7820 1646 4095
f 7189 1646 4928
f 4967 85 4927
f 3654 4967 4927
f 1080 4967 3654
f 8650 3654 7240
f 1081 7190 8665
f 3654 8650 1080
f 7190 8650 7240
f 3650 1081 8665
f 3650 7191 1081
f 3654 3649 7240
f 7240 8665 7190
f 7191 3650 4926
f 7817 4102 86
f 7191 4926 86
f 86 4926 7817
f 84 66 4925
f 4925 3223 4100
f 3223 8653 4100
f 3216 8652 7193
f 3216 4101 8652
f 4925 3215 3223
f 7816 4892 4925
f 49 7816 66
f 7241 8666 7193
f 3223 3215 7241
f 7193 8666 3216
f 8653 7241 7193
f 3223 7241 8653
f 4101 7815 4924
f 7815 4101 3216
f 7194 4101 4924
f 83 65 4964
f 4964 65 4923
f 2806 3660 7813
f 3660 4964 7813
f 7197 7195 2806
f 4964 4923 7813
f 7242 2802 7813
f 2802 2806 7813
f 48 4923 65
f 2807 8667 2133
f 2802 7243 2806
f 2807 7197 8667
f 7243 8667 7197
f 7197 2806 7243
f 4963 4922 7812
f 4963 2807 4922
f 7812 66 84
f 82 64 4961
f 4961 64 4921
f 2626 4961 4921
f 2627 3228 7199
f 4921 2620 2626
f 7810 4890 4921
f 47 7810 64
f 2627 8668 1628
f 2620 7244 7199
f 2627 7199 8668
f 7244 8668 7199
f 2626 2620 7199
f 4960 4920 7809
f 4960 2627 4920
f 7809 65 83
f 81 63 4958
f 4958 63 4919
f 2142 2811 7807
f 2811 4958 7807
f 7203 7201 2142
f 4958 4919 7807
f 7245 2137 7807
f 2137 2142 7807
f 46 4919 63
f 2143 8669 1065
f 2137 7246 2142
f 2143 7203 8669
f 7246 8669 7203
f 7203 2142 7246
f 4957 4918 7806
f 4957 2143 4918
f 7806 64 82
f 7804 7827 80
f 4917 7827 7804
f 4956 7827 4917
f 1642 7804 80
f 1643 4956 4917
f 1644 2633 7205
f 4917 1634 1643
f 1644 8670 1635
f 1634 7247 7205
f 1644 7205 8670
f 7247 8670 7205
f 1643 1634 7205
f 4955 4916 7803
f 4955 1644 4916
f 7803 63 81
f 1069 8656 4887
f 1078 2140 8656
f 61 7790 79
f 4887 79 7790
f 8657 1079 2141
f 7208 7248 8657
f 7248 7208 2140
f 4886 1079 7773
f 7773 1079 1070
f 1070 1079 7248
f 4915 4886 1642
f 8657 7248 1079
f 1078 7248 2140
f 1069 1078 8656
f 7212 1640 4093
f 7210 4885 7789
f 7210 7789 1640
f 60 4885 78
f 7210 78 4885
f 4914 4884 61
f 4884 4914 4099
f 4884 4099 2617
f 4099 7249 2617
f 7249 4099 1641
f 4093 7249 7212
f 7789 4093 1640
f 2800 8658 4883
f 3652 1076 8658
f 59 7788 77
f 4883 77 7788
f 8659 3653 1077
f 7214 7250 8659
f 7250 7214 1076
f 4912 4882 60
f 4882 4912 3653
f 4882 3653 2132
f 2132 3653 7250
f 8659 7250 3653
f 3652 7250 1076
f 2800 3652 8658
f 7218 4097 3214
f 7216 4881 7787
f 7216 7787 4097
f 58 4881 76
f 7216 76 4881
f 4910 4880 59
f 4880 4910 3221
f 4880 3221 1626
f 3221 7251 1626
f 7251 3221 4098
f 3214 7251 7218
f 7787 3214 4097
f 7252 75 57
f 8671 3651 2804
f 8671 7254 7222
f 3651 7252 2804
f 7222 7254 2805
f 3651 8671 7222
f 7252 3651 7221
f 75 7252 7221
f 2136 4879 4709
f 7255 7254 8671
f 2136 4709 7255
f 4709 4879 2805
f 7254 4709 2805
f 7254 7255 4709
f 8671 2804 2131
f 7253 7252 4853
f 7253 2804 7252
f 2804 7253 2131
f 7256 74 56
f 7224 7257 2624
f 7257 7224 3220
f 2623 7257 3220
f 2623 3220 7223
f 7256 2623 7223
f 74 7256 7223
f 57 75 7786
f 7786 75 7798
f 4907 7786 7798
f 4907 4878 7786
f 4710 4878 4907
f 1633 4878 4710
f 4710 7258 1633
f 4710 7799 2624
f 4710 4907 7799
f 7257 7258 2624
f 7258 4710 2624
f 7257 2623 1624
f 7259 7256 4851
f 7259 2623 7256
f 7260 73 55
f 7262 4711 2139
f 7262 2803 2138
f 2803 7260 2138
f 7228 7262 2139
f 2803 7262 7228
f 7260 2803 7227
f 73 7260 7227
f 56 74 7785
f 4906 4877 7785
f 1068 4906 4711
f 1068 4877 4906
f 7263 4711 7262
f 4711 4906 2139
f 7262 2138 1058
f 7261 7260 4849
f 7261 2138 7260
f 2138 7261 1058
f 7264 72 54
f 7230 7265 1639
f 7265 7230 2622
f 1638 7265 2622
f 1638 2622 7229
f 7264 1638 7229
f 72 7264 7229
f 55 73 7784
f 7784 73 4905
f 4905 4876 7784
f 4712 4876 4905
f 1632 4876 4712
f 4712 7266 1632
f 4712 7796 1639
f 4712 4905 7796
f 7265 7266 1639
f 7266 4712 1639
f 7265 1638 1631
f 7267 7264 4847
f 7267 1638 7264
f 7288 4096 38
f 7269 4713 1577
f 8660 7288 7268
f 7233 7268 1576
f 8660 7268 7233
f 7288 8660 4096
f 7234 7269 1577
f 1576 7269 7234
f 8660 70 4096
f 54 72 7783
f 4904 4875 7783
f 3213 4904 4713
f 3213 4875 4904
f 7270 4713 7269
f 4713 4904 1577
f 7269 1576 3990
f 1576 7268 3990
f 1075 4932 71
f 4903 4932 1075
f 7823 4903 1073
f 4903 7823 4932
f 1637 7823 1073
f 1073 8662 1637
f 1074 8661 7237
f 1074 1636 8661
f 4903 4092 1073
f 4903 4874 4092
f 1073 4092 7272
f 8662 7272 7237
f 1073 7272 8662
f 7271 4902 7795
f 7795 4096 70
f 1074 4902 7271
f 7236 7795 70
f 7271 7795 7236
f 4901 4931 4900
f 4901 1072 4931
f 4931 69 4900
f 69 52 4900
f 7238 7273 8663
f 1072 4901 2945
f 1072 2945 8672
f 1072 8672 7238
f 7273 7238 8672
f 8663 2946 1071
f 1071 2946 4899
f 4930 4899 7822
f 4930 1071 4899
f 7273 2946 8663
f 53 7822 39
f 7822 53 7821
f 4898 4102 4897
f 4929 4102 4898
f 4102 68 4897
f 68 51 4897
f 7239 3217 8664
f 4094 4898 2618
f 4094 2618 8673
f 4094 8673 7239
f 3217 7239 8673
f 4095 8664 3217
f 7820 2619 4896
f 7820 3217 2619
f 4095 3217 7820
f 4928 4896 7819
f 4928 7820 4896
f 7274 3217 8673
f 69 7819 52
f 7819 69 4928
f 4895 4927 4894
f 4895 3649 4927
f 4927 67 4894
f 67 50 4894
f 7240 7275 8665
f 3649 4895 2134
f 3649 2134 8674
f 3649 8674 7240
f 7275 7240 8674
f 8665 2135 3650
f 3650 2135 4893
f 4926 4893 7818
f 4926 3650 4893
f 7275 2135 8665
f 68 7818 51
f 7818 68 7817
f 4925 4892 3215
f 7241 2621 8666
f 7794 7816 49
f 4892 7816 7794
f 3215 4892 1629
f 3215 1629 8675
f 3215 8675 7241
f 2621 7241 8675
f 3216 8666 2621
f 7815 1630 4891
f 7815 2621 1630
f 3216 2621 7815
f 4924 4891 7814
f 4924 7815 4891
f 7276 2621 8675
f 67 7814 50
f 7814 67 4924
f 7793 4923 48
f 4867 4923 7793
f 7242 4923 4867
f 2802 7242 1066
f 2133 8667 1067
f 8667 7243 1067
f 2802 1066 7243
f 2133 4922 2807
f 66 7811 49
f 49 7811 4922
f 4921 4890 2620
f 7792 7810 47
f 4890 7810 7792
f 2620 4890 1627
f 1628 8668 4091
f 8668 7244 4091
f 2620 1627 7244
f 1628 4920 2627
f 65 7808 48
f 48 7808 4920
f 7791 4919 46
f 4862 4919 7791
f 7245 4919 4862
f 2137 7245 1064
f 1065 8669 3645
f 8669 7246 3645
f 2137 1064 7246
f 1065 4918 2143
f 64 7805 47
f 47 7805 4918
f 4889 7804 4888
f 4917 7804 4889
f 7804 62 4888
f 4917 4889 1634
f 1634 4889 3211
f 1635 8670 3212
f 8670 7247 3212
f 1634 3211 7247
f 1635 4916 1644
f 63 7802 46
f 46 7802 4916
f 3644 1078 1069
f 7248 1078 3644
f 7277 4887 7790
f 1069 4887 7277
f 45 7277 7790
f 1069 7277 8676
f 30 62 4857
f 1070 7248 7278
f 4857 4886 7773
f 3644 7278 7248
f 7249 4093 3210
f 7789 8677 4093
f 8677 4885 7279
f 44 7279 4885
f 4093 8677 3210
f 45 4884 4856
f 2617 7249 7280
f 61 4884 45
f 4856 4884 2617
f 3210 7280 7249
f 2799 3652 2800
f 7250 3652 2799
f 7281 4883 7788
f 2800 4883 7281
f 43 7281 7788
f 2800 7281 8678
f 44 4882 4855
f 2132 7250 7282
f 60 4882 44
f 4855 4882 2132
f 2799 7282 7250
f 7251 3214 2616
f 7787 8679 3214
f 8679 4881 7283
f 42 7283 4881
f 3214 8679 2616
f 43 4880 4854
f 1626 7251 7284
f 59 4880 43
f 4854 4880 1626
f 2616 7284 7251
f 41 4853 57
f 7255 8671 2131
f 4853 7252 57
f 4852 2136 1061
f 7285 1061 7255
f 58 4879 42
f 4879 4852 42
f 4852 4879 2136
f 7285 7255 2131
f 1061 2136 7255
f 24 4851 56
f 7286 1633 7257
f 1633 7258 7257
f 2623 7259 1624
f 4851 7256 56
f 4878 4850 41
f 1625 4850 4878
f 57 7786 41
f 1625 4878 1633
f 7286 7257 1624
f 40 4849 55
f 7263 1068 4711
f 7263 7262 1058
f 4849 7260 55
f 24 56 4848
f 1059 4848 4877
f 1059 4877 1068
f 8680 7263 1058
f 22 4847 54
f 7287 1632 7265
f 1632 7266 7265
f 1638 7267 1631
f 4847 7264 54
f 4876 4846 40
f 3209 4846 4876
f 55 7784 40
f 3209 4876 1632
f 7287 7265 1631
f 4845 2614 7288
f 7270 3990 2614
f 2614 3990 7268
f 7270 3213 4713
f 7270 7269 3990
f 7288 2614 7268
f 22 54 4844
f 2615 4844 4875
f 2615 4875 3213
f 8681 7270 2614
f 4874 1075 4873
f 4903 1075 4874
f 1075 53 4873
f 53 39 4873
f 7272 3648 7237
f 4092 4874 2797
f 4092 2797 8682
f 4092 8682 7272
f 3648 7272 8682
f 1074 7237 3648
f 4902 2798 4872
f 4902 3648 2798
f 1074 3648 4902
f 4902 4872 7795
f 7289 3648 8682
f 4872 7782 7795
f 7795 7782 4096
f 7782 38 4096
f 4901 4871 2945
f 4900 4871 4901
f 52 37 4900
f 2945 8683 8672
f 8672 8683 7273
f 7273 8683 7291
f 2946 7273 2795
f 4899 2946 2795
f 39 4899 7290
f 8683 2945 2796
f 2796 4714 8683
f 7291 8683 4714
f 2795 7273 7291
f 8684 4899 2795
f 7290 4899 8684
f 21 39 8685
f 39 7290 8685
f 4897 4870 2618
f 51 36 4897
f 2618 8686 8673
f 8673 8686 7274
f 7274 8686 7293
f 2619 3217 2612
f 7274 2612 3217
f 52 4896 7292
f 8686 2618 2611
f 2611 4716 8686
f 7293 8686 4716
f 2612 7274 7293
f 2612 8687 2619
f 8687 4896 2619
f 7292 4896 8687
f 37 52 8688
f 52 7292 8688
f 4895 4869 2134
f 4894 4869 4895
f 50 35 4894
f 2134 8689 8674
f 8674 8689 7275
f 7275 8689 7295
f 2135 7275 2128
f 4893 2135 2128
f 51 4893 7294
f 8689 2134 2127
f 2127 4718 8689
f 7295 8689 4718
f 2128 7275 7295
f 8690 4893 2128
f 7294 4893 8690
f 36 51 8691
f 51 7294 8691
f 4892 4868 1629
f 4892 7794 4868
f 49 34 7794
f 7794 34 4868
f 1629 8692 8675
f 8675 8692 7276
f 7276 8692 7297
f 1630 2621 1620
f 7276 1620 2621
f 50 4891 7296
f 8692 1629 1619
f 1619 8722 8692
f 7297 8692 8722
f 1620 7276 7297
f 1620 8693 1630
f 8693 4891 1630
f 7296 4891 8693
f 35 50 8694
f 50 7296 8694
f 48 33 7793
f 4867 7793 4866
f 7793 33 4866
f 4922 7778 4865
f 4922 2133 7778
f 4867 1053 1066
f 1054 1067 7298
f 7298 1067 7243
f 1066 8695 7298
f 1053 8695 1066
f 1066 7298 7243
f 1054 7778 1067
f 4865 34 49
f 4865 49 4922
f 1067 7778 2133
f 4890 4864 1627
f 4890 7792 4864
f 47 32 7792
f 7792 32 4864
f 4920 7777 4863
f 4920 1628 7777
f 4864 4084 1627
f 3207 4091 7299
f 7299 4091 7244
f 1627 8696 7299
f 4084 8696 1627
f 1627 7299 7244
f 3207 7777 4091
f 4863 33 48
f 4863 48 4920
f 4091 7777 1628
f 46 31 7791
f 4862 7791 4861
f 7791 31 4861
f 4918 7776 4860
f 4918 1065 7776
f 4862 3639 1064
f 2794 3645 7300
f 7300 3645 7246
f 1064 8697 7300
f 3639 8697 1064
f 1064 7300 7246
f 2794 7776 3645
f 4860 32 47
f 4860 47 4918
f 3645 7776 1065
f 4889 4859 3211
f 4888 4859 4889
f 4888 7775 4859
f 30 7775 4888
f 4916 7774 4858
f 4916 1635 7774
f 4859 3203 3211
f 2610 3212 7301
f 7301 3212 7247
f 3211 8698 7301
f 3203 8698 3211
f 3211 7301 7247
f 2610 7774 3212
f 4858 31 46
f 4858 46 4916
f 3212 7774 1635
f 7278 7303 1070
f 8676 7302 3644
f 7277 7302 8676
f 45 8699 7277
f 8699 7302 7277
f 8699 45 29
f 1069 8676 3644
f 7772 2126 4817
f 2608 30 4817
f 2126 7772 1070
f 1070 7303 2126
f 4817 30 4857
f 4817 4857 7772
f 7371 3644 2790
f 7371 7278 3644
f 7371 7303 7278
f 7302 2790 3644
f 7302 8699 29
f 7280 7305 2617
f 8677 7304 3210
f 7279 7304 8677
f 44 8700 7279
f 8700 7304 7279
f 8700 44 28
f 4815 4856 7758
f 29 45 4815
f 1618 4856 2617
f 1618 7758 4856
f 2617 7305 1618
f 4856 4815 45
f 7380 3210 2607
f 7380 7280 3210
f 7380 7305 7280
f 7304 2607 3210
f 7304 8700 28
f 7282 7307 2132
f 8678 7306 2799
f 7281 7306 8678
f 43 8701 7281
f 8701 7306 7281
f 8701 43 27
f 2800 8678 2799
f 4813 4855 7756
f 28 44 4813
f 1052 4855 2132
f 1052 7756 4855
f 2132 7307 1052
f 4855 4813 44
f 7389 2799 2123
f 7389 7282 2799
f 7389 7307 7282
f 7306 2123 2799
f 7306 8701 27
f 7284 7309 1626
f 8679 7308 2616
f 7283 7308 8679
f 42 8702 7283
f 8702 7308 7283
f 8702 42 26
f 4811 4854 7754
f 27 43 4811
f 1615 4854 1626
f 1615 7754 4854
f 1626 7309 1615
f 4854 4811 43
f 7398 2616 1614
f 7398 7284 2616
f 7398 7309 7284
f 7308 1614 2616
f 7308 8702 26
f 1060 2131 7253
f 4853 1060 7253
f 7310 1060 4853
f 25 4853 41
f 25 7310 4853
f 4809 1061 1049
f 26 42 4809
f 1049 1061 7285
f 4852 4809 42
f 4809 4852 1061
f 7285 2131 7311
f 7311 2131 1048
f 2131 1060 1048
f 7286 1624 8703
f 8703 1624 4090
f 7313 1633 7286
f 4090 1624 7259
f 4851 4090 7259
f 7312 4090 4851
f 24 7312 4851
f 4850 4081 4807
f 8704 8703 4080
f 7313 8703 8704
f 4850 25 41
f 4081 4850 1625
f 7313 1625 1633
f 7313 7286 8703
f 4081 1625 7313
f 8703 4090 4080
f 8680 1058 3643
f 8705 1068 7263
f 3643 1058 7261
f 4849 3643 7261
f 7314 3643 4849
f 23 4849 40
f 23 7314 4849
f 7315 3636 4806
f 3200 24 7315
f 7315 24 4848
f 1059 7315 4848
f 3636 7315 1059
f 8705 1059 1068
f 7263 8680 7316
f 3636 1059 8705
f 7316 8705 7263
f 7316 8680 3635
f 8680 3643 3635
f 7287 1631 8706
f 8706 1631 3208
f 7318 1632 7287
f 3208 1631 7267
f 4847 3208 7267
f 7317 3208 4847
f 22 7317 4847
f 4846 3198 4805
f 8707 8706 3197
f 7318 8706 8707
f 4846 23 40
f 3198 4846 3209
f 7318 3209 1632
f 7318 7287 8706
f 3198 3209 7318
f 8706 3208 3197
f 8708 3213 7270
f 4845 8709 2614
f 7321 2613 20
f 7321 4845 2613
f 7319 2343 4804
f 2604 22 7319
f 7319 22 4844
f 2615 7319 4844
f 2343 7319 2615
f 8708 2615 3213
f 7270 8681 7320
f 2343 2615 8708
f 7320 8708 7270
f 7320 8681 2342
f 8681 2614 2342
f 8709 2342 2614
f 7321 8709 4845
f 4873 4843 2797
f 39 21 4873
f 2797 8710 8682
f 8682 8710 7289
f 7782 2613 38
f 7289 8710 7323
f 2798 3648 2601
f 7289 2601 3648
f 7782 8711 2613
f 7782 7322 8711
f 7782 4872 7322
f 8710 2797 2602
f 2602 4734 8710
f 7323 8710 4734
f 2601 7289 7323
f 2601 8712 2798
f 8712 4872 2798
f 7322 4872 8712
f 20 2613 8711
f 4871 7324 2796
f 7781 7324 4871
f 37 2129 7781
f 7324 2215 4714
f 2129 7770 7781
f 2796 7324 4714
f 2215 7324 7770
f 7324 7781 7770
f 4714 2215 7326
f 7291 4714 7325
f 2216 7291 7325
f 2795 7291 2216
f 2795 2216 8684
f 7326 2215 2119
f 7770 19 2215
f 19 2119 2215
f 8713 8714 7327
f 8713 7327 4715
f 8715 8713 7325
f 8715 7328 8713
f 7328 8714 8713
f 7326 7328 8715
f 7328 7326 2119
f 7325 7326 8715
f 2216 8713 4715
f 7325 8713 2216
f 7326 7325 4714
f 2118 7327 8714
f 7327 4842 4715
f 4715 4842 7329
f 4715 7329 7290
f 8684 4715 7290
f 4715 8684 2216
f 2122 8685 7329
f 2122 21 8685
f 7329 8685 7290
f 4870 7330 2611
f 7780 7330 4870
f 36 1621 7780
f 7330 1622 4716
f 1621 7768 7780
f 2611 7330 4716
f 1622 7330 7768
f 7330 7780 7768
f 4716 1622 7332
f 7293 4716 7331
f 1623 7293 7331
f 2612 7293 1623
f 2612 1623 8687
f 7332 1622 1609
f 7768 18 1622
f 18 1609 1622
f 8716 8717 7333
f 8716 7333 4717
f 8718 8716 7331
f 8718 7334 8716
f 7334 8717 8716
f 7332 7334 8718
f 7334 7332 1609
f 7331 7332 8718
f 1623 8716 4717
f 7331 8716 1623
f 7332 7331 4716
f 1610 7333 8717
f 7333 4841 4717
f 4717 4841 7335
f 4717 7335 7292
f 8687 4717 7292
f 4717 8687 1623
f 2129 8688 7335
f 2129 37 8688
f 7335 8688 7292
f 4869 7336 2127
f 7779 7336 4869
f 35 1055 7779
f 7336 1056 4718
f 1055 7766 7779
f 2127 7336 4718
f 1056 7336 7766
f 7336 7779 7766
f 4718 1056 7338
f 7295 4718 7337
f 1057 7295 7337
f 2128 7295 1057
f 2128 1057 8690
f 7338 1056 1147
f 7766 17 1056
f 17 1147 1056
f 8719 8720 7339
f 8719 7339 4719
f 8721 8719 7337
f 8721 7340 8719
f 7340 8720 8719
f 7338 7340 8721
f 7340 7338 1147
f 7337 7338 8721
f 1057 8719 4719
f 7337 8719 1057
f 7338 7337 4718
f 1148 7339 8720
f 7339 4839 4719
f 4719 4839 7341
f 4719 7341 7294
f 8690 4719 7294
f 4719 8690 1057
f 1621 8691 7341
f 1621 36 8691
f 7341 8691 7294
f 34 4085 4868
f 4086 4085 34
f 1619 7342 4087
f 4868 4085 7342
f 4868 7342 1619
f 7342 4085 4837
f 4087 7342 4837
f 1619 4087 7344
f 1619 7344 8722
f 7297 8722 7343
f 4088 7297 7343
f 1620 7297 4088
f 1620 4088 8693
f 7344 8723 4076
f 8723 7345 4076
f 8723 4087 4837
f 7344 4087 8723
f 4837 7345 8723
f 16 7345 4837
f 8724 8725 7346
f 8724 7346 4720
f 7347 8724 7343
f 7347 8725 8724
f 7344 4076 7347
f 7343 7344 7347
f 4088 8724 4720
f 7343 8724 4088
f 7344 7343 8722
f 4077 7346 8725
f 7346 4836 4720
f 4720 4836 7348
f 4720 7348 7296
f 8693 4720 7296
f 4720 8693 4088
f 1055 8694 7348
f 1055 35 8694
f 7348 8694 7296
f 4867 4866 1053
f 33 3640 4866
f 3641 3640 33
f 4866 3640 7349
f 4866 7349 1053
f 7349 3640 4834
f 3642 1053 7763
f 4834 7763 1053
f 1053 7349 4834
f 8695 3642 7353
f 1053 3642 8695
f 8695 7353 7298
f 7350 4086 4865
f 8726 7350 4865
f 7778 8726 4865
f 1054 8726 7778
f 3642 7763 3633
f 7763 4793 3633
f 4834 4793 7763
f 15 4793 4834
f 3634 8727 8728
f 7352 8728 8727
f 4721 7351 8727
f 8729 8727 7351
f 7352 8727 8729
f 3642 8730 8729
f 7352 8729 8730
f 8730 3642 3633
f 7351 7353 8729
f 7353 3642 8729
f 7351 4721 1054
f 7351 1054 7298
f 7353 7351 7298
f 3634 4721 8727
f 4832 4086 7350
f 4086 4832 4831
f 4721 4832 7350
f 4085 4086 4831
f 8726 4721 7350
f 1054 4721 8726
f 32 3204 4864
f 3205 3204 32
f 4864 3204 7354
f 4864 7354 4084
f 7354 3204 4830
f 3206 4084 7762
f 4830 7762 4084
f 4084 7354 4830
f 8696 3206 7358
f 4084 3206 8696
f 8696 7358 7299
f 7355 3641 4863
f 8731 7355 4863
f 7777 8731 4863
f 3207 8731 7777
f 3206 7762 3195
f 7762 4790 3195
f 4830 4790 7762
f 14 4790 4830
f 3196 8732 8733
f 7357 8733 8732
f 4722 7356 8732
f 8734 8732 7356
f 7357 8732 8734
f 3206 8735 8734
f 7357 8734 8735
f 8735 3206 3195
f 7356 7358 8734
f 7358 3206 8734
f 7356 4722 3207
f 7356 3207 7299
f 7358 7356 7299
f 3196 4722 8732
f 4828 3641 7355
f 3641 4828 4827
f 4722 4828 7355
f 3640 3641 4827
f 8731 4722 7355
f 3207 4722 8731
f 4862 4861 3639
f 31 2791 4861
f 2792 2791 31
f 4861 2791 7359
f 4861 7359 3639
f 7359 2791 4826
f 2793 3639 7761
f 4826 7761 3639
f 3639 7359 4826
f 8697 2793 7363
f 3639 2793 8697
f 8697 7363 7300
f 7360 3205 4860
f 8736 7360 4860
f 7776 8736 4860
f 2794 8736 7776
f 2793 7761 2783
f 7761 4787 2783
f 4826 4787 7761
f 13 4787 4826
f 2784 8737 8738
f 7362 8738 8737
f 4723 7361 8737
f 8739 8737 7361
f 7362 8737 8739
f 2793 8740 8739
f 7362 8739 8740
f 8740 2793 2783
f 7361 7363 8739
f 7363 2793 8739
f 7361 4723 2794
f 7361 2794 7300
f 7363 7361 7300
f 2784 4723 8737
f 4824 3205 7360
f 3205 4824 4823
f 4723 4824 7360
f 3204 3205 4823
f 8736 4723 7360
f 2794 4723 8736
f 7775 7364 4859
f 2608 8741 7775
f 30 2608 7775
f 8741 4822 7364
f 2608 4822 8741
f 7775 8741 7364
f 4859 7364 3203
f 7364 4822 4821
f 2609 3203 7760
f 4821 7760 3203
f 3203 7364 4821
f 8698 2609 7368
f 3203 2609 8698
f 8698 7368 7301
f 7365 2792 4858
f 8742 7365 4858
f 7774 8742 4858
f 2610 8742 7774
f 2609 7760 2599
f 7760 4784 2599
f 4821 4784 7760
f 12 4784 4822
f 4822 4784 4821
f 2600 8743 8744
f 7367 8744 8743
f 4724 7366 8743
f 8745 8743 7366
f 7367 8743 8745
f 2609 8746 8745
f 7367 8745 8746
f 8746 2609 2599
f 7366 7368 8745
f 7368 2609 8745
f 7366 4724 2610
f 7366 2610 7301
f 7368 7366 7301
f 2600 4724 8743
f 4819 2792 7365
f 2792 4819 4818
f 4724 4819 7365
f 2791 2792 4818
f 8742 4724 7365
f 2610 4724 8742
f 7370 8747 7369
f 11 7370 2124
f 7371 2125 7372
f 2124 7370 7369
f 7303 7372 2126
f 2125 7371 2790
f 7371 7372 7303
f 2125 2790 8747
f 29 2124 7369
f 7302 8747 2790
f 7302 7369 8747
f 29 7369 7302
f 2608 8748 4822
f 7374 7373 2117
f 8748 7373 7374
f 7374 12 8748
f 4822 8748 12
f 8748 2608 4816
f 7373 8748 4816
f 7375 7373 4725
f 7373 4816 4725
f 7373 7375 2117
f 7372 7375 4725
f 7376 8750 8749
f 8750 8751 8749
f 7375 7372 8750
f 2117 8750 7376
f 2117 7375 8750
f 4725 4816 2126
f 7372 4725 2126
f 7377 8751 2125
f 8751 7372 2125
f 2116 8749 7377
f 8751 7377 8749
f 8750 7372 8751
f 8747 7377 2125
f 7377 8747 7370
f 7370 11 4781
f 4781 7694 7370
f 7694 7377 7370
f 7377 7694 2116
f 7379 8752 7378
f 10 7379 1616
f 7380 1617 7381
f 1616 7379 7378
f 7305 7381 1618
f 1617 7380 2607
f 7380 7381 7305
f 1617 2607 8752
f 28 1616 7378
f 7304 8752 2607
f 7304 7378 8752
f 28 7378 7304
f 7759 8753 2124
f 7383 7382 1608
f 8753 7382 7383
f 7383 8754 8753
f 8753 8754 11
f 2124 8753 11
f 29 7759 2124
f 8753 7759 4814
f 7382 8753 4814
f 7384 7382 4726
f 7382 4814 4726
f 7382 7384 1608
f 7381 7384 4726
f 7385 8756 8755
f 8756 8757 8755
f 7384 7381 8756
f 1608 8756 7385
f 1608 7384 8756
f 4726 7758 1618
f 4726 4814 7758
f 7381 4726 1618
f 7386 8757 1617
f 8757 7381 1617
f 1607 8755 7386
f 8757 7386 8755
f 8756 7381 8757
f 8752 7386 1617
f 7386 8752 7379
f 7379 10 4778
f 4778 7687 7379
f 7687 7386 7379
f 7386 7687 1607
f 7388 8758 7387
f 9 7388 1050
f 7389 1051 7390
f 1050 7388 7387
f 7307 7390 1052
f 1051 7389 2123
f 7389 7390 7307
f 1051 2123 8758
f 27 1050 7387
f 7306 8758 2123
f 7306 7387 8758
f 27 7387 7306
f 7757 8759 1616
f 7392 7391 1029
f 8759 7391 7392
f 7392 8760 8759
f 8759 8760 10
f 1616 8759 10
f 28 7757 1616
f 8759 7757 4812
f 7391 8759 4812
f 7393 7391 4727
f 7391 4812 4727
f 7391 7393 1029
f 7390 7393 4727
f 7394 8762 8761
f 8762 8763 8761
f 7393 7390 8762
f 1029 8762 7394
f 1029 7393 8762
f 4727 7756 1052
f 4727 4812 7756
f 7390 4727 1052
f 7395 8763 1051
f 8763 7390 1051
f 1028 8761 7395
f 8763 7395 8761
f 8762 7390 8763
f 8758 7395 1051
f 7395 8758 7388
f 7388 9 4775
f 4775 7680 7388
f 7680 7395 7388
f 7395 7680 1028
f 7397 8764 7396
f 8 7397 4082
f 7398 4083 7399
f 4082 7397 7396
f 7309 7399 1615
f 4083 7398 1614
f 7398 7399 7309
f 4083 1614 8764
f 26 4082 7396
f 7308 8764 1614
f 7308 7396 8764
f 26 7396 7308
f 7755 8765 1050
f 7401 7400 4075
f 8765 7400 7401
f 7401 8766 8765
f 8765 8766 9
f 1050 8765 9
f 27 7755 1050
f 8765 7755 4810
f 7400 8765 4810
f 7402 7400 4728
f 7400 4810 4728
f 7400 7402 4075
f 7399 7402 4728
f 7403 8768 8767
f 8768 8769 8767
f 7402 7399 8768
f 4075 8768 7403
f 4075 7402 8768
f 4728 7754 1615
f 4728 4810 7754
f 7399 4728 1615
f 7404 8769 4083
f 8769 7399 4083
f 4074 8767 7404
f 8769 7404 8767
f 8768 7399 8769
f 8764 7404 4083
f 7404 8764 7397
f 7397 8 4772
f 4772 7673 7397
f 7673 7404 7397
f 7404 7673 4074
f 3638 1048 7405
f 7408 7405 1048
f 7406 7405 7408
f 7406 7408 3637
f 7407 1049 7285
f 3638 7311 1048
f 3638 7407 7311
f 7311 7407 7285
f 7310 7408 1060
f 7408 1048 1060
f 3637 7408 7310
f 25 3637 7310
f 7753 8770 4082
f 8770 7409 4768
f 4768 7662 8770
f 8770 7662 8
f 4082 8770 8
f 26 7753 4082
f 8770 7753 4808
f 7409 8770 4808
f 4729 7409 1049
f 7409 4808 1049
f 4768 7409 3632
f 7409 4729 3632
f 7411 7412 3631
f 7410 7412 7411
f 3632 7410 7411
f 4729 7410 3632
f 7410 7407 3638
f 1049 7407 4729
f 7407 7410 4729
f 7412 7410 3638
f 7405 7412 3638
f 7 7413 7406
f 7405 7406 7413
f 7412 7405 3631
f 3631 7405 7413
f 3201 4080 7414
f 7416 7414 4080
f 7415 7414 7416
f 7415 7416 3199
f 3202 4081 7313
f 3201 8704 4080
f 3201 3202 8704
f 3202 7313 8704
f 7312 7416 4090
f 7416 4080 4090
f 3199 7416 7312
f 24 3200 7312
f 3200 3199 7312
f 3637 7752 7406
f 7752 8771 7406
f 8771 7417 4765
f 4765 7 8771
f 7406 8771 7
f 25 7752 3637
f 7417 8771 7752
f 4765 7417 3194
f 7417 4730 3194
f 7419 7420 3193
f 7418 7420 7419
f 3194 7418 7419
f 4730 7418 3194
f 7417 7752 4807
f 3202 7417 4081
f 7417 4807 4081
f 4730 7417 3202
f 7418 3202 3201
f 3202 7418 4730
f 7420 7418 3201
f 7414 7420 3201
f 6 7421 7415
f 7414 7415 7421
f 7420 7414 3193
f 3193 7414 7421
f 2786 3635 7422
f 7424 7422 3635
f 7423 7422 7424
f 7423 7424 2785
f 2787 3636 8705
f 2786 7316 3635
f 2786 2787 7316
f 7316 2787 8705
f 7314 7424 3643
f 7424 3635 3643
f 2785 7424 7314
f 23 2785 7314
f 3199 3200 7415
f 3200 8772 7415
f 8772 7425 4762
f 4762 7650 8772
f 7415 8772 6
f 8772 7650 6
f 7425 8772 3200
f 4762 7425 2782
f 7425 4731 2782
f 7427 7428 2781
f 7426 7428 7427
f 2782 7426 7427
f 4731 7426 2782
f 7425 3200 4806
f 2787 7425 3636
f 7425 4806 3636
f 4731 7425 2787
f 7426 2787 2786
f 2787 7426 4731
f 7428 7426 2786
f 7422 7428 2786
f 5 7429 7423
f 7422 7423 7429
f 7428 7422 2781
f 2781 7422 7429
f 2605 3197 7430
f 7432 7430 3197
f 7431 7430 7432
f 7431 7432 2603
f 2606 3198 7318
f 2605 8707 3197
f 2605 2606 8707
f 2606 7318 8707
f 7317 7432 3208
f 7432 3197 3208
f 2603 7432 7317
f 22 2604 7317
f 2604 2603 7317
f 2785 7751 7423
f 7751 8773 7423
f 8773 7433 4759
f 4759 7644 8773
f 7423 8773 5
f 8773 7644 5
f 23 7751 2785
f 7433 8773 7751
f 4759 7433 2598
f 7433 4732 2598
f 7435 7436 2597
f 7434 7436 7435
f 2598 7434 7435
f 4732 7434 2598
f 7433 7751 4805
f 2606 7433 3198
f 7433 4805 3198
f 4732 7433 2606
f 7434 2606 2605
f 2606 7434 4732
f 7436 7434 2605
f 7430 7436 2605
f 4 7437 7431
f 7430 7431 7437
f 7436 7430 2597
f 2597 7430 7437
f 1612 2342 7438
f 7321 7438 2342
f 1611 7438 7321
f 1613 2343 8708
f 1612 7320 2342
f 1612 1613 7320
f 7320 1613 8708
f 7321 2342 8709
f 1611 7321 20
f 2603 2604 7431
f 2604 8774 7431
f 8774 7439 1605
f 1605 4 8774
f 7431 8774 4
f 7439 8774 2604
f 4733 8775 7439
f 1605 7439 8775
f 8776 7442 1604
f 7440 7442 8776
f 7441 8775 8776
f 8775 7440 8776
f 4733 7440 8775
f 1605 8775 7441
f 7439 2604 4804
f 1613 7439 2343
f 7439 4804 2343
f 4733 7439 1613
f 7440 1613 1612
f 1613 7440 4733
f 7442 7440 1612
f 7438 7442 1612
f 7438 2 7443
f 7438 1611 2
f 7442 7443 1604
f 7443 8777 1604
f 7442 7438 7443
f 4843 7444 2602
f 7771 7444 4843
f 21 2122 7771
f 7444 2120 4734
f 2122 7750 7771
f 2602 7444 4734
f 2120 7444 7750
f 7444 7771 7750
f 4734 2120 7446
f 7323 4734 7445
f 2121 7323 7445
f 2601 7323 2121
f 2601 2121 8712
f 7446 2120 1603
f 7750 3 2120
f 3 1603 2120
f 8778 8779 7447
f 8778 7447 4735
f 8780 8778 7445
f 8780 7448 8778
f 7448 8779 8778
f 7446 7448 8780
f 7448 7446 1603
f 7445 7446 8780
f 2121 8778 4735
f 7445 8778 2121
f 7446 7445 4734
f 1602 7447 8779
f 4802 7748 7449
f 7447 4802 4735
f 4735 4802 7449
f 1611 20 7748
f 7449 7748 20
f 4735 7449 7322
f 8712 4735 7322
f 4735 8712 2121
f 20 8711 7322
f 7449 20 7322
f 1047 9399 8781
f 8782 9400 7450
f 7450 9400 9401
f 9400 8781 9401
f 9400 8783 8781
f 8782 8783 9400
f 2119 8784 8795
f 9402 8782 7450
f 8785 9403 8784
f 8784 9403 9402
f 9403 8782 9402
f 7451 8782 9403
f 2119 19 8784
f 19 8785 8784
f 7451 9403 8785
f 8786 8787 9404
f 7454 8787 7452
f 7452 8787 9405
f 8787 8786 9405
f 7453 9407 4736
f 8788 9406 9407
f 9407 9406 4736
f 8788 8789 9406
f 9408 8789 8788
f 8788 9409 9408
f 9408 9409 7452
f 9409 7454 7452
f 8790 8788 9407
f 8788 8790 9409
f 8790 9410 9409
f 9410 7454 9409
f 8791 8792 7453
f 7453 8792 9407
f 8792 8790 9407
f 9410 8790 8792
f 1047 8791 9399
f 9411 8791 7453
f 8791 9411 9399
f 9411 8793 9399
f 8793 8781 9399
f 9401 8781 8793
f 8793 8794 9413
f 8793 9411 8794
f 8794 9411 9412
f 9411 4736 9412
f 7453 4736 9411
f 7450 9401 7455
f 7455 9401 9413
f 9401 8793 9413
f 9414 7450 7455
f 8784 9402 8795
f 8795 9402 9414
f 9402 7450 9414
f 7455 9413 7456
f 7456 9413 9415
f 9413 8794 9415
f 2118 8714 8807
f 8714 8796 8807
f 7328 8796 8714
f 9416 7455 7456
f 8795 9414 8796
f 8796 9414 9416
f 9414 7455 9416
f 7328 8795 8796
f 2119 8795 7328
f 1046 9417 9404
f 9417 8786 9404
f 8797 9417 9418
f 9418 9417 4801
f 9417 1046 4801
f 8797 8786 9417
f 8797 9405 8786
f 8798 9420 9419
f 9419 9420 1014
f 9420 7745 1014
f 8797 8798 9421
f 8798 8797 9420
f 8797 9418 9420
f 4801 7745 9418
f 9418 7745 9420
f 7457 9405 9421
f 9405 8797 9421
f 7452 9405 7457
f 8789 9408 9422
f 9422 9408 7457
f 7452 7457 9408
f 8799 8798 9419
f 8800 9423 7458
f 9423 8799 7458
f 8799 9423 8798
f 7457 9421 8800
f 8800 9421 9423
f 9421 8798 9423
f 8801 9424 1015
f 1015 9424 9267
f 9424 8803 9267
f 7459 9425 8801
f 8802 9424 9425
f 9425 9424 8801
f 8802 8803 9424
f 9426 8803 8802
f 8802 9427 9426
f 9426 9427 7458
f 9427 8800 7458
f 8804 8802 9425
f 8802 8804 9427
f 8804 9422 9427
f 7457 8800 9422
f 9422 8800 9427
f 7459 9428 9425
f 9428 8804 9425
f 4736 9406 7459
f 8789 9428 9406
f 9406 9428 7459
f 8789 8804 9428
f 9422 8804 8789
f 4736 7459 9412
f 7459 9429 9412
f 9429 8805 9412
f 8805 8794 9412
f 9415 8794 8805
f 8805 8806 9430
f 8805 9431 8806
f 8806 9431 1015
f 9431 8801 1015
f 7459 8801 9431
f 7459 9431 9429
f 9431 8805 9429
f 7456 9415 7460
f 7460 9415 9430
f 9415 8805 9430
f 9432 7456 7460
f 8796 9416 8807
f 8807 9416 9432
f 9416 7456 9432
f 9260 8808 1015
f 8808 8806 1015
f 8809 8808 7461
f 7461 8808 9261
f 7460 9430 8809
f 8809 9430 8808
f 9430 8806 8808
f 7769 8811 3
f 2118 8810 7769
f 8810 8811 7769
f 8810 7461 8811
f 8807 8809 8810
f 8810 8809 7461
f 2118 8807 8810
f 7460 8809 9432
f 9432 8809 8807
f 1045 9433 8812
f 8813 9434 7462
f 7462 9434 9435
f 9434 8812 9435
f 9434 8814 8812
f 8813 8814 9434
f 1609 8815 8826
f 9436 8813 7462
f 8816 9437 8815
f 8815 9437 9436
f 9437 8813 9436
f 7463 8813 9437
f 1609 18 8815
f 18 8816 8815
f 7463 9437 8816
f 8817 8818 9438
f 7466 8818 7464
f 7464 8818 9439
f 8818 8817 9439
f 7465 9441 4737
f 8819 9440 9441
f 9441 9440 4737
f 8819 8820 9440
f 9442 8820 8819
f 8819 9443 9442
f 9442 9443 7464
f 9443 7466 7464
f 8821 8819 9441
f 8819 8821 9443
f 8821 9444 9443
f 9444 7466 9443
f 8822 8823 7465
f 7465 8823 9441
f 8823 8821 9441
f 9444 8821 8823
f 1045 8822 9433
f 9445 8822 7465
f 8822 9445 9433
f 9445 8824 9433
f 8824 8812 9433
f 9435 8812 8824
f 8824 8825 9447
f 8824 9445 8825
f 8825 9445 9446
f 9445 4737 9446
f 7465 4737 9445
f 7462 9435 7467
f 7467 9435 9447
f 9435 8824 9447
f 9448 7462 7467
f 8815 9436 8826
f 8826 9436 9448
f 9436 7462 9448
f 7467 9447 7468
f 7468 9447 9449
f 9447 8825 9449
f 1610 8717 8836
f 8717 8827 8836
f 7334 8827 8717
f 9450 7467 7468
f 8826 9448 8827
f 8827 9448 9450
f 9448 7467 9450
f 7334 8826 8827
f 1609 8826 7334
f 1044 9451 9438
f 9451 8817 9438
f 8828 9451 9452
f 9452 9451 4800
f 9451 1044 4800
f 8828 8817 9451
f 8828 9439 8817
f 8829 9453 9404
f 9404 9453 1046
f 9453 7740 1046
f 8828 8829 9454
f 8829 8828 9453
f 8828 9452 9453
f 4800 7740 9452
f 9452 7740 9453
f 7469 9439 9454
f 9439 8828 9454
f 7464 9439 7469
f 8820 9442 9455
f 9455 9442 7469
f 7464 7469 9442
f 8787 8829 9404
f 8830 9456 7454
f 9456 8787 7454
f 8787 9456 8829
f 7469 9454 8830
f 8830 9454 9456
f 9454 8829 9456
f 8831 9457 1047
f 1047 9457 8791
f 9457 8792 8791
f 7470 9458 8831
f 8832 9457 9458
f 9458 9457 8831
f 8832 8792 9457
f 9410 8792 8832
f 8832 9459 9410
f 9410 9459 7454
f 9459 8830 7454
f 8833 8832 9458
f 8832 8833 9459
f 8833 9455 9459
f 7469 8830 9455
f 9455 8830 9459
f 7470 9460 9458
f 9460 8833 9458
f 4737 9440 7470
f 8820 9460 9440
f 9440 9460 7470
f 8820 8833 9460
f 9455 8833 8820
f 4737 7470 9446
f 7470 9461 9446
f 9461 8834 9446
f 8834 8825 9446
f 9449 8825 8834
f 8834 8835 9462
f 8834 9463 8835
f 8835 9463 1047
f 9463 8831 1047
f 7470 8831 9463
f 7470 9463 9461
f 9463 8834 9461
f 7468 9449 7471
f 7471 9449 9462
f 9449 8834 9462
f 9464 7468 7471
f 8827 9450 8836
f 8836 9450 9464
f 9450 7468 9464
f 8781 8783 1047
f 8783 8835 1047
f 8837 8783 7451
f 7451 8783 8782
f 7471 9462 8837
f 8837 9462 8783
f 9462 8835 8783
f 7767 8785 19
f 1610 8838 7767
f 8838 8785 7767
f 8838 7451 8785
f 8836 8837 8838
f 8838 8837 7451
f 1610 8836 8838
f 7471 8837 9464
f 9464 8837 8836
f 1043 9465 8839
f 8840 9466 7472
f 7472 9466 9467
f 9466 8839 9467
f 9466 8841 8839
f 8840 8841 9466
f 1147 8842 8853
f 9468 8840 7472
f 8843 9469 8842
f 8842 9469 9468
f 9469 8840 9468
f 7473 8840 9469
f 1147 17 8842
f 17 8843 8842
f 7473 9469 8843
f 8844 8845 9470
f 7476 8845 7474
f 7474 8845 9471
f 8845 8844 9471
f 7475 9473 4738
f 8846 9472 9473
f 9473 9472 4738
f 8846 8847 9472
f 9474 8847 8846
f 8846 9475 9474
f 9474 9475 7474
f 9475 7476 7474
f 8848 8846 9473
f 8846 8848 9475
f 8848 9476 9475
f 9476 7476 9475
f 8849 8850 7475
f 7475 8850 9473
f 8850 8848 9473
f 9476 8848 8850
f 1043 8849 9465
f 9477 8849 7475
f 8849 9477 9465
f 9477 8851 9465
f 8851 8839 9465
f 9467 8839 8851
f 8851 8852 9479
f 8851 9477 8852
f 8852 9477 9478
f 9477 4738 9478
f 7475 4738 9477
f 7472 9467 7477
f 7477 9467 9479
f 9467 8851 9479
f 9480 7472 7477
f 8842 9468 8853
f 8853 9468 9480
f 9468 7472 9480
f 7477 9479 7478
f 7478 9479 9481
f 9479 8852 9481
f 1148 8720 8863
f 8720 8854 8863
f 7340 8854 8720
f 9482 7477 7478
f 8853 9480 8854
f 8854 9480 9482
f 9480 7477 9482
f 7340 8853 8854
f 1147 8853 7340
f 1042 9483 9470
f 9483 8844 9470
f 8855 9483 9484
f 9484 9483 4798
f 9483 1042 4798
f 8855 8844 9483
f 8855 9471 8844
f 8856 9485 9438
f 9438 9485 1044
f 9485 7734 1044
f 8855 8856 9486
f 8856 8855 9485
f 8855 9484 9485
f 4798 7734 9484
f 9484 7734 9485
f 7479 9471 9486
f 9471 8855 9486
f 7474 9471 7479
f 8847 9474 9487
f 9487 9474 7479
f 7474 7479 9474
f 8818 8856 9438
f 8857 9488 7466
f 9488 8818 7466
f 8818 9488 8856
f 7479 9486 8857
f 8857 9486 9488
f 9486 8856 9488
f 8858 9489 1045
f 1045 9489 8822
f 9489 8823 8822
f 7480 9490 8858
f 8859 9489 9490
f 9490 9489 8858
f 8859 8823 9489
f 9444 8823 8859
f 8859 9491 9444
f 9444 9491 7466
f 9491 8857 7466
f 8860 8859 9490
f 8859 8860 9491
f 8860 9487 9491
f 7479 8857 9487
f 9487 8857 9491
f 7480 9492 9490
f 9492 8860 9490
f 4738 9472 7480
f 8847 9492 9472
f 9472 9492 7480
f 8847 8860 9492
f 9487 8860 8847
f 4738 7480 9478
f 7480 9493 9478
f 9493 8861 9478
f 8861 8852 9478
f 9481 8852 8861
f 8861 8862 9494
f 8861 9495 8862
f 8862 9495 1045
f 9495 8858 1045
f 7480 8858 9495
f 7480 9495 9493
f 9495 8861 9493
f 7478 9481 7481
f 7481 9481 9494
f 9481 8861 9494
f 9496 7478 7481
f 8854 9482 8863
f 8863 9482 9496
f 9482 7478 9496
f 8812 8814 1045
f 8814 8862 1045
f 8864 8814 7463
f 7463 8814 8813
f 7481 9494 8864
f 8864 9494 8814
f 9494 8862 8814
f 7765 8816 18
f 1148 8865 7765
f 8865 8816 7765
f 8865 7463 8816
f 8863 8864 8865
f 8865 8864 7463
f 1148 8863 8865
f 7481 8864 9496
f 9496 8864 8863
f 1041 9497 8896
f 9497 8866 8896
f 8866 8868 8896
f 8867 9498 7482
f 7482 9498 9499
f 9498 8866 9499
f 9498 8868 8866
f 8867 8868 9498
f 7345 8869 4076
f 4076 8869 8882
f 8870 8869 7345
f 9500 8867 7482
f 8870 7483 8869
f 8869 7483 9500
f 7483 8867 9500
f 16 8870 7345
f 8871 8870 16
f 8871 7483 8870
f 8872 8874 1040
f 8873 9501 7484
f 7484 9501 9502
f 9501 8872 9502
f 8872 9501 8874
f 7486 8904 8873
f 8873 8904 9501
f 8904 8874 9501
f 7485 9504 4739
f 8875 9503 9504
f 9504 9503 4739
f 8875 8876 9503
f 9505 8876 8875
f 8875 9506 9505
f 9505 9506 7484
f 9506 8873 7484
f 8877 8875 9504
f 8875 8877 9506
f 8877 7486 9506
f 7486 8873 9506
f 8878 9507 7485
f 7485 9507 9504
f 9507 8877 9504
f 1041 8901 8878
f 8879 9507 8901
f 8901 9507 8878
f 8879 8877 9507
f 7486 8877 8879
f 1041 8878 9497
f 9508 8878 7485
f 8878 9508 9497
f 9508 8880 9497
f 8880 8866 9497
f 9499 8866 8880
f 8880 8881 9510
f 8880 9508 8881
f 8881 9508 9509
f 9508 4739 9509
f 7485 4739 9508
f 7482 9499 7487
f 7487 9499 9510
f 9499 8880 9510
f 9511 7482 7487
f 8869 9500 8882
f 8882 9500 9511
f 9500 7482 9511
f 7487 9510 7488
f 7488 9510 9512
f 9510 8881 9512
f 4077 8725 8892
f 8725 8883 8892
f 7347 8883 8725
f 9513 7487 7488
f 8882 9511 8883
f 8883 9511 9513
f 9511 7487 9513
f 4076 8882 7347
f 7347 8882 8883
f 7730 9514 1040
f 9514 8872 1040
f 8884 9514 9515
f 9515 9514 4795
f 9514 7730 4795
f 8884 8872 9514
f 8884 9502 8872
f 8885 9516 9470
f 9470 9516 1042
f 9516 7726 1042
f 8884 8885 9517
f 8885 8884 9516
f 8884 9515 9516
f 4795 7726 9515
f 9515 7726 9516
f 7489 9502 9517
f 9502 8884 9517
f 7484 9502 7489
f 8876 9505 9518
f 9518 9505 7489
f 7484 7489 9505
f 8845 8885 9470
f 8886 9519 7476
f 9519 8845 7476
f 8845 9519 8885
f 7489 9517 8886
f 8886 9517 9519
f 9517 8885 9519
f 8887 9520 1043
f 1043 9520 8849
f 9520 8850 8849
f 7490 9521 8887
f 8888 9520 9521
f 9521 9520 8887
f 8888 8850 9520
f 9476 8850 8888
f 8888 9522 9476
f 9476 9522 7476
f 9522 8886 7476
f 8889 8888 9521
f 8888 8889 9522
f 8889 9518 9522
f 7489 8886 9518
f 9518 8886 9522
f 7490 9523 9521
f 9523 8889 9521
f 4739 9503 7490
f 8876 9523 9503
f 9503 9523 7490
f 8876 8889 9523
f 9518 8889 8876
f 4739 7490 9509
f 7490 9524 9509
f 9524 8890 9509
f 8890 8881 9509
f 9512 8881 8890
f 8890 8891 9525
f 8890 9526 8891
f 8891 9526 1043
f 9526 8887 1043
f 7490 8887 9526
f 7490 9526 9524
f 9526 8890 9524
f 7488 9512 7491
f 7491 9512 9525
f 9512 8890 9525
f 9527 7488 7491
f 8883 9513 8892
f 8892 9513 9527
f 9513 7488 9527
f 8839 8841 1043
f 8841 8891 1043
f 8893 8841 7473
f 7473 8841 8840
f 7491 9525 8893
f 8893 9525 8841
f 9525 8891 8841
f 7764 8843 17
f 4077 8894 7764
f 8894 8843 7764
f 8894 7473 8843
f 8892 8893 8894
f 8894 8893 7473
f 4077 8892 8894
f 7491 8893 9527
f 9527 8893 8892
f 8895 4833 8728
f 8728 4833 3634
f 7492 8895 9528
f 8867 7492 8868
f 7492 9529 8868
f 9529 8896 8868
f 8867 8895 7492
f 8867 7483 8895
f 8871 8895 7483
f 8871 4833 8895
f 4833 8871 16
f 3633 9329 8730
f 8897 7352 9329
f 7352 8730 9329
f 7494 7493 9532
f 7493 9533 9532
f 9533 8898 9532
f 7494 9530 7493
f 7494 9534 9530
f 8899 8897 9534
f 9534 8897 9530
f 8899 7352 8897
f 7352 8899 8728
f 8899 8895 8728
f 7492 9534 7494
f 7492 9528 9534
f 9534 9528 8899
f 9528 8895 8899
f 7495 9535 4740
f 4740 9535 9531
f 8900 8898 9535
f 9535 8898 9531
f 8900 9532 8898
f 8900 9529 9532
f 9532 9529 7494
f 9529 7492 7494
f 8901 9535 7495
f 8901 1041 9535
f 8896 8900 1041
f 1041 8900 9535
f 8896 9529 8900
f 8903 8902 9537
f 8902 8903 9536
f 8903 9538 9536
f 7495 4740 9538
f 9538 4740 9536
f 8874 8905 1040
f 9539 8874 8904
f 9539 8905 8874
f 8904 7496 9539
f 7496 9540 9539
f 9540 8905 9539
f 8904 9541 7496
f 7496 9541 9537
f 9541 8903 9537
f 8906 9541 7486
f 7486 9541 8904
f 8906 8903 9541
f 9538 8903 8906
f 8879 8906 7486
f 9542 8879 8901
f 9542 8906 8879
f 8901 7495 9542
f 7495 9538 9542
f 9538 8906 9542
f 7722 8897 9329
f 7493 9328 4792
f 7493 9530 9328
f 9328 9530 7722
f 9530 8897 7722
f 7497 9543 8907
f 8907 9543 1039
f 8908 7718 9543
f 9543 7718 1039
f 8908 9327 7718
f 8908 9533 9327
f 9327 9533 4792
f 9533 7493 4792
f 7497 9544 9543
f 9544 8908 9543
f 4740 9531 7497
f 7497 9531 9544
f 8898 8908 9531
f 9531 8908 9544
f 8898 9533 8908
f 8909 9545 8931
f 8931 9545 1039
f 9545 8907 1039
f 8910 8909 9546
f 8909 8910 9545
f 8910 9547 9545
f 7497 8907 9547
f 9547 8907 9545
f 8911 8913 9548
f 7499 8912 9550
f 8912 9549 9550
f 9549 8911 9550
f 9549 8913 8911
f 8912 7498 9549
f 7498 8913 9549
f 8912 9551 7498
f 7498 9551 9546
f 9551 8910 9546
f 7499 9552 8912
f 8914 9551 9552
f 9552 9551 8912
f 8914 8910 9551
f 9547 8910 8914
f 8902 8914 9552
f 4740 7497 9536
f 7497 9553 9536
f 9553 8902 9536
f 9553 8914 8902
f 7497 9547 9553
f 9547 8914 9553
f 7499 9537 9552
f 9537 8902 9552
f 7496 9537 7499
f 8915 9554 1038
f 1038 9554 9548
f 9554 8911 9548
f 7500 9555 8915
f 8916 9554 9555
f 9555 9554 8915
f 8916 8911 9554
f 9550 8911 8916
f 8916 9540 9550
f 9550 9540 7499
f 7496 7499 9540
f 8917 9556 7500
f 7500 9556 9555
f 9556 8916 9555
f 8905 9556 1040
f 1040 9556 8917
f 8905 8916 9556
f 9540 8916 8905
f 8918 9557 1038
f 9557 8915 1038
f 8919 8918 9558
f 8918 8919 9557
f 8919 9559 9557
f 7500 8915 9559
f 9559 8915 9557
f 7725 8921 9331
f 4796 8920 9332
f 8920 9560 9332
f 9560 7725 9332
f 7725 9560 8921
f 8920 7501 9560
f 7501 8921 9560
f 8920 9561 7501
f 7501 9561 9558
f 9561 8919 9558
f 8922 9561 4796
f 4796 9561 8920
f 8922 8919 9561
f 9559 8919 8922
f 7731 8922 4796
f 9562 7731 8917
f 9562 8922 7731
f 8917 7500 9562
f 7500 9559 9562
f 9559 8922 9562
f 8923 4829 8733
f 8733 4829 3196
f 7502 8924 9563
f 8924 8923 9563
f 8924 4829 8923
f 1039 8926 9564
f 9565 7720 8925
f 7720 9565 8926
f 8925 7502 9565
f 7502 9566 9565
f 9566 8926 9565
f 8925 8924 7502
f 4791 8924 8925
f 7716 4829 8924
f 4791 7716 8924
f 4829 7716 15
f 3195 9326 8735
f 8927 7357 9326
f 7357 8735 9326
f 7504 7503 9569
f 7503 9570 9569
f 9570 8928 9569
f 7504 9567 7503
f 7504 9571 9567
f 8929 8927 9571
f 9571 8927 9567
f 8929 7357 8927
f 7357 8929 8733
f 8929 8923 8733
f 7502 9571 7504
f 7502 9563 9571
f 9571 9563 8929
f 9563 8923 8929
f 7505 9572 4741
f 4741 9572 9568
f 8930 8928 9572
f 9572 8928 9568
f 8930 9569 8928
f 8930 9566 9569
f 9569 9566 7504
f 9566 7502 7504
f 8931 9572 7505
f 1039 9564 8931
f 8931 9564 9572
f 8926 8930 9564
f 9564 8930 9572
f 8926 9566 8930
f 8933 8932 9574
f 8932 8933 9573
f 8933 9575 9573
f 7505 4741 9575
f 9575 4741 9573
f 8913 8934 9548
f 7498 7506 8913
f 7506 9576 8913
f 9576 8934 8913
f 7498 9577 7506
f 7506 9577 9574
f 9577 8933 9574
f 8935 9577 9546
f 9546 9577 7498
f 8935 8933 9577
f 9575 8933 8935
f 8909 8935 9546
f 8931 7505 8909
f 7505 9575 8909
f 9575 8935 8909
f 7715 8927 9326
f 7503 9325 4789
f 7503 9567 9325
f 9325 9567 7715
f 9567 8927 7715
f 7507 9578 8936
f 8936 9578 1037
f 8937 7711 9578
f 9578 7711 1037
f 8937 9324 7711
f 8937 9570 9324
f 9324 9570 4789
f 9570 7503 4789
f 7507 9579 9578
f 9579 8937 9578
f 4741 9568 7507
f 7507 9568 9579
f 8928 8937 9568
f 9568 8937 9579
f 8928 9570 8937
f 8938 9580 8959
f 8959 9580 1037
f 9580 8936 1037
f 8939 8938 9581
f 8938 8939 9580
f 8939 9582 9580
f 7507 8936 9582
f 9582 8936 9580
f 8940 8942 9583
f 7509 8941 9585
f 8941 9584 9585
f 9584 8940 9585
f 9584 8942 8940
f 8941 7508 9584
f 7508 8942 9584
f 8941 9586 7508
f 7508 9586 9581
f 9586 8939 9581
f 7509 9587 8941
f 8943 9586 9587
f 9587 9586 8941
f 8943 8939 9586
f 9582 8939 8943
f 8932 8943 9587
f 4741 7507 9573
f 7507 9588 9573
f 9588 8932 9573
f 9588 8943 8932
f 7507 9582 9588
f 9582 8943 9588
f 7509 9574 9587
f 9574 8932 9587
f 7506 9574 7509
f 8944 9589 1036
f 1036 9589 9583
f 9589 8940 9583
f 7510 9590 8944
f 8945 9589 9590
f 9590 9589 8944
f 8945 8940 9589
f 9585 8940 8945
f 8945 9576 9585
f 9585 9576 7509
f 7506 7509 9576
f 1038 9591 7510
f 7510 9591 9590
f 9591 8945 9590
f 8934 9591 9548
f 9548 9591 1038
f 8934 8945 9591
f 9576 8945 8934
f 8946 8944 1036
f 8947 8946 9592
f 8947 9593 8946
f 7510 8944 9593
f 9593 8944 8946
f 1 9331 9594
f 8921 8949 9331
f 9331 8949 9594
f 8948 9595 7501
f 9595 8921 7501
f 8921 9595 8949
f 7511 9595 8948
f 7511 8948 9592
f 8948 9596 9592
f 9596 8947 9592
f 8950 9596 9558
f 9558 9596 7501
f 9596 8948 7501
f 8950 8947 9596
f 8950 9593 8947
f 8918 8950 9558
f 1038 7510 8918
f 7510 9593 8918
f 9593 8950 8918
f 8951 4825 8738
f 8738 4825 2784
f 7512 8952 9597
f 8952 8951 9597
f 8952 4825 8951
f 1037 8954 9598
f 9599 7713 8953
f 7713 9599 8954
f 8953 7512 9599
f 7512 9600 9599
f 9600 8954 9599
f 8953 8952 7512
f 4788 8952 8953
f 7709 4825 8952
f 4788 7709 8952
f 4825 7709 14
f 2783 9323 8740
f 8955 7362 9323
f 7362 8740 9323
f 7514 7513 9603
f 7513 9604 9603
f 9604 8956 9603
f 7514 9601 7513
f 7514 9605 9601
f 8957 8955 9605
f 9605 8955 9601
f 8957 7362 8955
f 7362 8957 8738
f 8957 8951 8738
f 7512 9605 7514
f 7512 9597 9605
f 9605 9597 8957
f 9597 8951 8957
f 7515 9606 4742
f 4742 9606 9602
f 8958 8956 9606
f 9606 8956 9602
f 8958 9603 8956
f 8958 9600 9603
f 9603 9600 7514
f 9600 7512 7514
f 8959 9606 7515
f 1037 9598 8959
f 8959 9598 9606
f 8954 8958 9598
f 9598 8958 9606
f 8954 9600 8958
f 8961 8960 9608
f 8960 8961 9607
f 8961 9609 9607
f 7515 4742 9609
f 9609 4742 9607
f 8942 8962 9583
f 7508 7516 8942
f 7516 9610 8942
f 9610 8962 8942
f 7508 9611 7516
f 7516 9611 9608
f 9611 8961 9608
f 8963 9611 9581
f 9581 9611 7508
f 8963 8961 9611
f 9609 8961 8963
f 8938 8963 9581
f 8959 7515 8938
f 7515 9609 8938
f 9609 8963 8938
f 7708 8955 9323
f 7513 9322 4786
f 7513 9601 9322
f 9322 9601 7708
f 9601 8955 7708
f 7517 9612 8964
f 8964 9612 1035
f 8965 7704 9612
f 9612 7704 1035
f 8965 9321 7704
f 8965 9604 9321
f 9321 9604 4786
f 9604 7513 4786
f 7517 9613 9612
f 9613 8965 9612
f 4742 9602 7517
f 7517 9602 9613
f 8956 8965 9602
f 9602 8965 9613
f 8956 9604 8965
f 8966 9614 8987
f 8987 9614 1035
f 9614 8964 1035
f 8967 8966 9615
f 8966 8967 9614
f 8967 9616 9614
f 7517 8964 9616
f 9616 8964 9614
f 8968 8970 9617
f 7519 8969 9619
f 8969 9618 9619
f 9618 8968 9619
f 9618 8970 8968
f 8969 7518 9618
f 7518 8970 9618
f 8969 9620 7518
f 7518 9620 9615
f 9620 8967 9615
f 7519 9621 8969
f 8971 9620 9621
f 9621 9620 8969
f 8971 8967 9620
f 9616 8967 8971
f 8960 8971 9621
f 4742 7517 9607
f 7517 9622 9607
f 9622 8960 9607
f 9622 8971 8960
f 7517 9616 9622
f 9616 8971 9622
f 7519 9608 9621
f 9608 8960 9621
f 7516 9608 7519
f 8972 9623 1034
f 1034 9623 9617
f 9623 8968 9617
f 7520 9624 8972
f 8973 9623 9624
f 9624 9623 8972
f 8973 8968 9623
f 9619 8968 8973
f 8973 9610 9619
f 9619 9610 7519
f 7516 7519 9610
f 1036 9625 7520
f 7520 9625 9624
f 9625 8973 9624
f 8962 9625 9583
f 9583 9625 1036
f 8962 8973 9625
f 9610 8973 8962
f 8974 8972 1034
f 8975 8974 9626
f 8975 9627 8974
f 7520 8972 9627
f 9627 8972 8974
f 8949 8977 9594
f 8976 9628 7511
f 7511 9628 9595
f 9628 8949 9595
f 8949 9628 8977
f 7521 9628 8976
f 7521 8976 9626
f 8976 9629 9626
f 9629 8975 9626
f 8978 9629 9592
f 9592 9629 7511
f 9629 8976 7511
f 8978 8975 9629
f 8978 9627 8975
f 8946 8978 9592
f 9630 8946 1036
f 8946 9630 8978
f 1036 7520 9630
f 7520 9627 9630
f 9627 8978 9630
f 8979 4820 8744
f 8744 4820 2600
f 7522 8980 9631
f 8980 8979 9631
f 8980 4820 8979
f 1035 8982 9632
f 9633 7706 8981
f 7706 9633 8982
f 8981 7522 9633
f 7522 9634 9633
f 9634 8982 9633
f 8981 8980 7522
f 4785 8980 8981
f 7702 4820 8980
f 4785 7702 8980
f 4820 7702 13
f 2599 9320 8746
f 8983 7367 9320
f 7367 8746 9320
f 7524 7523 9637
f 7523 9638 9637
f 9638 8984 9637
f 7524 9635 7523
f 7524 9639 9635
f 8985 8983 9639
f 9639 8983 9635
f 8985 7367 8983
f 7367 8985 8744
f 8985 8979 8744
f 7522 9639 7524
f 7522 9631 9639
f 9639 9631 8985
f 9631 8979 8985
f 7525 9640 4743
f 4743 9640 9636
f 8986 8984 9640
f 9640 8984 9636
f 8986 9637 8984
f 8986 9634 9637
f 9637 9634 7524
f 9634 7522 7524
f 8987 9640 7525
f 1035 9632 8987
f 8987 9632 9640
f 8982 8986 9632
f 9632 8986 9640
f 8982 9634 8986
f 8989 8988 9642
f 8988 8989 9641
f 8989 9643 9641
f 7525 4743 9643
f 9643 4743 9641
f 8970 8990 9617
f 7518 7526 8970
f 7526 9644 8970
f 9644 8990 8970
f 7518 9645 7526
f 7526 9645 9642
f 9645 8989 9642
f 8991 9645 9615
f 9615 9645 7518
f 8991 8989 9645
f 9643 8989 8991
f 8966 8991 9615
f 8987 7525 8966
f 7525 9643 8966
f 9643 8991 8966
f 7701 8983 9320
f 7523 9319 4783
f 7523 9635 9319
f 9319 9635 7701
f 9635 8983 7701
f 7527 9646 8992
f 8992 9646 1033
f 8993 7697 9646
f 9646 7697 1033
f 8993 9318 7697
f 8993 9638 9318
f 9318 9638 4783
f 9638 7523 4783
f 7527 9647 9646
f 9647 8993 9646
f 4743 9636 7527
f 7527 9636 9647
f 8984 8993 9636
f 9636 8993 9647
f 8984 9638 8993
f 8994 9648 9015
f 9015 9648 1033
f 9648 8992 1033
f 8995 8994 9649
f 8994 8995 9648
f 8995 9650 9648
f 7527 8992 9650
f 9650 8992 9648
f 8996 8998 9651
f 7529 8997 9653
f 8997 9652 9653
f 9652 8996 9653
f 9652 8998 8996
f 8997 7528 9652
f 7528 8998 9652
f 8997 9654 7528
f 7528 9654 9649
f 9654 8995 9649
f 7529 9655 8997
f 8999 9654 9655
f 9655 9654 8997
f 8999 8995 9654
f 9650 8995 8999
f 8988 8999 9655
f 4743 7527 9641
f 7527 9656 9641
f 9656 8988 9641
f 9656 8999 8988
f 7527 9650 9656
f 9650 8999 9656
f 7529 9642 9655
f 9642 8988 9655
f 7526 9642 7529
f 9000 9657 1032
f 1032 9657 9651
f 9657 8996 9651
f 7530 9658 9000
f 9001 9657 9658
f 9658 9657 9000
f 9001 8996 9657
f 9653 8996 9001
f 9001 9644 9653
f 9653 9644 7529
f 7526 7529 9644
f 1034 9659 7530
f 7530 9659 9658
f 9659 9001 9658
f 8990 9659 9617
f 9617 9659 1034
f 8990 9001 9659
f 9644 9001 8990
f 9002 9000 1032
f 9003 9002 9660
f 9003 9661 9002
f 7530 9000 9661
f 9661 9000 9002
f 1 9594 9662
f 8977 9005 9594
f 9594 9005 9662
f 9004 9663 7521
f 7521 9663 9628
f 9663 8977 9628
f 8977 9663 9005
f 7531 9663 9004
f 7531 9004 9660
f 9004 9664 9660
f 9664 9003 9660
f 9006 9664 9626
f 9626 9664 7521
f 9664 9004 7521
f 9006 9003 9664
f 9006 9661 9003
f 8974 9006 9626
f 9665 8974 1034
f 8974 9665 9006
f 1034 7530 9665
f 7530 9661 9665
f 9661 9006 9665
f 9007 7374 2117
f 7532 9008 9666
f 9008 9007 9666
f 9008 7374 9007
f 1033 9010 9667
f 9668 7699 9009
f 7699 9668 9010
f 9009 7532 9668
f 7532 9669 9668
f 9669 9010 9668
f 9009 9008 7532
f 4782 9008 9009
f 7695 7374 9008
f 4782 7695 9008
f 7374 7695 12
f 2116 9011 8749
f 7376 8749 9011
f 7534 7533 9672
f 7533 9673 9672
f 9673 9012 9672
f 7534 9670 7533
f 7534 9674 9670
f 9013 9011 9674
f 9674 9011 9670
f 9013 7376 9011
f 2117 7376 9007
f 7376 9013 9007
f 7532 9674 7534
f 7532 9666 9674
f 9674 9666 9013
f 9666 9007 9013
f 7535 9675 4744
f 4744 9675 9671
f 9014 9012 9675
f 9675 9012 9671
f 9014 9672 9012
f 9014 9669 9672
f 9672 9669 7534
f 9669 7532 7534
f 9015 9675 7535
f 1033 9667 9015
f 9015 9667 9675
f 9010 9014 9667
f 9667 9014 9675
f 9010 9669 9014
f 9017 9016 9677
f 9016 9017 9676
f 9017 9678 9676
f 7535 4744 9678
f 9678 4744 9676
f 8998 9018 9651
f 7528 7536 8998
f 7536 9679 8998
f 9679 9018 8998
f 7528 9680 7536
f 7536 9680 9677
f 9680 9017 9677
f 9019 9680 9649
f 9649 9680 7528
f 9019 9017 9680
f 9678 9017 9019
f 8994 9019 9649
f 9015 7535 8994
f 7535 9678 8994
f 9678 9019 8994
f 7693 9011 2116
f 7533 9317 4780
f 7533 9670 9317
f 9317 9670 7693
f 9670 9011 7693
f 7537 9681 9020
f 9020 9681 1031
f 9021 7690 9681
f 9681 7690 1031
f 9021 9316 7690
f 9021 9673 9316
f 9316 9673 4780
f 9673 7533 4780
f 7537 9682 9681
f 9682 9021 9681
f 4744 9671 7537
f 7537 9671 9682
f 9012 9021 9671
f 9671 9021 9682
f 9012 9673 9021
f 9022 9683 9043
f 9043 9683 1031
f 9683 9020 1031
f 9023 9022 9684
f 9022 9023 9683
f 9023 9685 9683
f 7537 9020 9685
f 9685 9020 9683
f 9024 9026 9686
f 7539 9025 9688
f 9025 9687 9688
f 9687 9024 9688
f 9687 9026 9024
f 9025 7538 9687
f 7538 9026 9687
f 9025 9689 7538
f 7538 9689 9684
f 9689 9023 9684
f 7539 9690 9025
f 9027 9689 9690
f 9690 9689 9025
f 9027 9023 9689
f 9685 9023 9027
f 9016 9027 9690
f 4744 7537 9676
f 7537 9691 9676
f 9691 9016 9676
f 9691 9027 9016
f 7537 9685 9691
f 9685 9027 9691
f 7539 9677 9690
f 9677 9016 9690
f 7536 9677 7539
f 9028 9692 1030
f 1030 9692 9686
f 9692 9024 9686
f 7540 9693 9028
f 9029 9692 9693
f 9693 9692 9028
f 9029 9024 9692
f 9688 9024 9029
f 9029 9679 9688
f 9688 9679 7539
f 7536 7539 9679
f 1032 9694 7540
f 7540 9694 9693
f 9694 9029 9693
f 9018 9694 9651
f 9651 9694 1032
f 9018 9029 9694
f 9679 9029 9018
f 9030 9028 1030
f 9031 9030 9695
f 9031 9696 9030
f 7540 9028 9696
f 9696 9028 9030
f 9005 9033 9662
f 9032 9697 7531
f 7531 9697 9663
f 9697 9005 9663
f 9005 9697 9033
f 7541 9697 9032
f 7541 9032 9695
f 9032 9698 9695
f 9698 9031 9695
f 9034 9698 9660
f 9660 9698 7531
f 9698 9032 7531
f 9034 9031 9698
f 9034 9696 9031
f 9002 9034 9660
f 9699 9002 1032
f 9002 9699 9034
f 1032 7540 9699
f 7540 9696 9699
f 9696 9034 9699
f 9035 7383 1608
f 7542 9036 9700
f 9036 9035 9700
f 9036 7383 9035
f 1031 9038 9701
f 9702 7692 9037
f 7692 9702 9038
f 9037 7542 9702
f 7542 9703 9702
f 9703 9038 9702
f 9037 9036 7542
f 4779 9036 9037
f 7688 7383 9036
f 4779 7688 9036
f 8754 7688 11
f 7383 7688 8754
f 1607 9039 8755
f 7385 8755 9039
f 7544 7543 9706
f 7543 9707 9706
f 9707 9040 9706
f 7544 9704 7543
f 7544 9708 9704
f 9041 9039 9708
f 9708 9039 9704
f 9041 7385 9039
f 1608 7385 9035
f 7385 9041 9035
f 7542 9708 7544
f 7542 9700 9708
f 9708 9700 9041
f 9700 9035 9041
f 7545 9709 4745
f 4745 9709 9705
f 9042 9040 9709
f 9709 9040 9705
f 9042 9706 9040
f 9042 9703 9706
f 9706 9703 7544
f 9703 7542 7544
f 9043 9709 7545
f 1031 9701 9043
f 9043 9701 9709
f 9038 9042 9701
f 9701 9042 9709
f 9038 9703 9042
f 9045 9044 9711
f 9044 9045 9710
f 9045 9712 9710
f 7545 4745 9712
f 9712 4745 9710
f 9026 9046 9686
f 7538 7546 9026
f 7546 9713 9026
f 9713 9046 9026
f 7538 9714 7546
f 7546 9714 9711
f 9714 9045 9711
f 9047 9714 9684
f 9684 9714 7538
f 9047 9045 9714
f 9712 9045 9047
f 9022 9047 9684
f 9043 7545 9022
f 7545 9712 9022
f 9712 9047 9022
f 7686 9039 1607
f 7543 9315 4777
f 7543 9704 9315
f 9315 9704 7686
f 9704 9039 7686
f 7547 9715 9048
f 9048 9715 1063
f 9049 7683 9715
f 9715 7683 1063
f 9049 9314 7683
f 9049 9707 9314
f 9314 9707 4777
f 9707 7543 4777
f 7547 9716 9715
f 9716 9049 9715
f 4745 9705 7547
f 7547 9705 9716
f 9040 9049 9705
f 9705 9049 9716
f 9040 9707 9049
f 9050 9717 9071
f 9071 9717 1063
f 9717 9048 1063
f 9051 9050 9718
f 9050 9051 9717
f 9051 9719 9717
f 7547 9048 9719
f 9719 9048 9717
f 9052 9054 9720
f 7549 9053 9722
f 9053 9721 9722
f 9721 9052 9722
f 9721 9054 9052
f 9053 7548 9721
f 7548 9054 9721
f 9053 9723 7548
f 7548 9723 9718
f 9723 9051 9718
f 7549 9724 9053
f 9055 9723 9724
f 9724 9723 9053
f 9055 9051 9723
f 9719 9051 9055
f 9044 9055 9724
f 4745 7547 9710
f 7547 9725 9710
f 9725 9044 9710
f 9725 9055 9044
f 7547 9719 9725
f 9719 9055 9725
f 7549 9711 9724
f 9711 9044 9724
f 7546 9711 7549
f 9056 9726 1062
f 1062 9726 9720
f 9726 9052 9720
f 7550 9727 9056
f 9057 9726 9727
f 9727 9726 9056
f 9057 9052 9726
f 9722 9052 9057
f 9057 9713 9722
f 9722 9713 7549
f 7546 7549 9713
f 1030 9728 7550
f 7550 9728 9727
f 9728 9057 9727
f 9046 9728 9686
f 9686 9728 1030
f 9046 9057 9728
f 9713 9057 9046
f 9058 9056 1062
f 9059 9058 9729
f 9059 9730 9058
f 7550 9056 9730
f 9730 9056 9058
f 1 9662 9731
f 9033 9061 9662
f 9662 9061 9731
f 9060 9732 7541
f 7541 9732 9697
f 9732 9033 9697
f 9033 9732 9061
f 7551 9732 9060
f 7551 9060 9729
f 9060 9733 9729
f 9733 9059 9729
f 9062 9733 9695
f 9695 9733 7541
f 9733 9060 7541
f 9062 9059 9733
f 9062 9730 9059
f 9030 9062 9695
f 9734 9030 1030
f 9030 9734 9062
f 1030 7550 9734
f 7550 9730 9734
f 9730 9062 9734
f 9063 7392 1029
f 7552 9064 9735
f 9064 9063 9735
f 9064 7392 9063
f 1063 9066 9736
f 9737 7685 9065
f 7685 9737 9066
f 9065 7552 9737
f 7552 9738 9737
f 9738 9066 9737
f 9065 9064 7552
f 4776 9064 9065
f 7681 7392 9064
f 4776 7681 9064
f 8760 7681 10
f 7392 7681 8760
f 1028 9067 8761
f 7394 8761 9067
f 7554 7553 9741
f 7553 9742 9741
f 9742 9068 9741
f 7554 9739 7553
f 7554 9743 9739
f 9069 9067 9743
f 9743 9067 9739
f 9069 7394 9067
f 1029 7394 9063
f 7394 9069 9063
f 7552 9743 7554
f 7552 9735 9743
f 9743 9735 9069
f 9735 9063 9069
f 7555 9744 4746
f 4746 9744 9740
f 9070 9068 9744
f 9744 9068 9740
f 9070 9741 9068
f 9070 9738 9741
f 9741 9738 7554
f 9738 7552 7554
f 9071 9744 7555
f 1063 9736 9071
f 9071 9736 9744
f 9066 9070 9736
f 9736 9070 9744
f 9066 9738 9070
f 9073 9072 9746
f 9072 9073 9745
f 9073 9747 9745
f 7555 4746 9747
f 9747 4746 9745
f 9054 9074 9720
f 7548 7556 9054
f 7556 9748 9054
f 9748 9074 9054
f 7548 9749 7556
f 7556 9749 9746
f 9749 9073 9746
f 9075 9749 9718
f 9718 9749 7548
f 9075 9073 9749
f 9747 9073 9075
f 9050 9075 9718
f 9071 7555 9050
f 7555 9747 9050
f 9747 9075 9050
f 7679 9067 1028
f 7553 9313 4774
f 7553 9739 9313
f 9313 9739 7679
f 9739 9067 7679
f 7557 9750 9076
f 9076 9750 1027
f 9077 7676 9750
f 9750 7676 1027
f 9077 9312 7676
f 9077 9742 9312
f 9312 9742 4774
f 9742 7553 4774
f 7557 9751 9750
f 9751 9077 9750
f 4746 9740 7557
f 7557 9740 9751
f 9068 9077 9740
f 9740 9077 9751
f 9068 9742 9077
f 9078 9752 9099
f 9099 9752 1027
f 9752 9076 1027
f 9079 9078 9753
f 9078 9079 9752
f 9079 9754 9752
f 7557 9076 9754
f 9754 9076 9752
f 9080 9082 9755
f 7559 9081 9757
f 9081 9756 9757
f 9756 9080 9757
f 9756 9082 9080
f 9081 7558 9756
f 7558 9082 9756
f 9081 9758 7558
f 7558 9758 9753
f 9758 9079 9753
f 7559 9759 9081
f 9083 9758 9759
f 9759 9758 9081
f 9083 9079 9758
f 9754 9079 9083
f 9072 9083 9759
f 4746 7557 9745
f 7557 9760 9745
f 9760 9072 9745
f 9760 9083 9072
f 7557 9754 9760
f 9754 9083 9760
f 7559 9746 9759
f 9746 9072 9759
f 7556 9746 7559
f 9084 9761 1026
f 1026 9761 9755
f 9761 9080 9755
f 7560 9762 9084
f 9085 9761 9762
f 9762 9761 9084
f 9085 9080 9761
f 9757 9080 9085
f 9085 9748 9757
f 9757 9748 7559
f 7556 7559 9748
f 1062 9763 7560
f 7560 9763 9762
f 9763 9085 9762
f 9074 9763 9720
f 9720 9763 1062
f 9074 9085 9763
f 9748 9085 9074
f 9086 9764 1026
f 9764 9084 1026
f 9087 9086 7561
f 9087 9764 9086
f 9087 9765 9764
f 7560 9084 9765
f 9765 9084 9764
f 9061 9089 9731
f 9088 9766 7551
f 7551 9766 9732
f 9766 9061 9732
f 9061 9766 9089
f 7561 9766 9088
f 9088 9767 7561
f 9767 9087 7561
f 9090 9767 9729
f 9729 9767 7551
f 9767 9088 7551
f 9090 9087 9767
f 9090 9765 9087
f 9058 9090 9729
f 9768 9058 1062
f 9058 9768 9090
f 1062 7560 9768
f 7560 9765 9768
f 9765 9090 9768
f 9091 7401 4075
f 7562 9092 9769
f 9092 9091 9769
f 9092 7401 9091
f 1027 9094 9770
f 9771 7678 9093
f 7678 9771 9094
f 9093 7562 9771
f 7562 9772 9771
f 9772 9094 9771
f 9093 9092 7562
f 4773 9092 9093
f 7674 7401 9092
f 4773 7674 9092
f 8766 7674 9
f 7401 7674 8766
f 4074 9095 8767
f 7403 8767 9095
f 7564 7563 9775
f 7563 9776 9775
f 9776 9096 9775
f 7564 9773 7563
f 7564 9777 9773
f 9097 9095 9777
f 9777 9095 9773
f 9097 7403 9095
f 4075 7403 9091
f 7403 9097 9091
f 7562 9777 7564
f 7562 9769 9777
f 9777 9769 9097
f 9769 9091 9097
f 7565 9778 4747
f 4747 9778 9774
f 9098 9096 9778
f 9778 9096 9774
f 9098 9775 9096
f 9098 9772 9775
f 9775 9772 7564
f 9772 7562 7564
f 9099 9778 7565
f 1027 9770 9099
f 9099 9770 9778
f 9094 9098 9770
f 9770 9098 9778
f 9094 9772 9098
f 9101 9100 9780
f 9100 9101 9779
f 9101 9781 9779
f 7565 4747 9781
f 9781 4747 9779
f 9082 9102 9755
f 7558 7566 9082
f 7566 9782 9082
f 9782 9102 9082
f 7558 9783 7566
f 7566 9783 9780
f 9783 9101 9780
f 9103 9783 9753
f 9753 9783 7558
f 9103 9101 9783
f 9781 9101 9103
f 9078 9103 9753
f 9099 7565 9078
f 7565 9781 9078
f 9781 9103 9078
f 7672 9095 4074
f 7563 9311 4771
f 7563 9773 9311
f 9311 9773 7672
f 9773 9095 7672
f 7567 9784 9104
f 9104 9784 1025
f 9105 7670 9784
f 9784 7670 1025
f 9105 9310 7670
f 9105 9776 9310
f 9310 9776 4771
f 9776 7563 4771
f 7567 9785 9784
f 9785 9105 9784
f 4747 9774 7567
f 7567 9774 9785
f 9096 9105 9774
f 9774 9105 9785
f 9096 9776 9105
f 9106 9786 9125
f 9125 9786 1025
f 9786 9104 1025
f 9107 9106 9787
f 9106 9107 9786
f 9107 9788 9786
f 7567 9104 9788
f 9788 9104 9786
f 9108 9110 9789
f 7569 9109 9791
f 9109 9790 9791
f 9790 9108 9791
f 9790 9110 9108
f 9109 7568 9790
f 7568 9110 9790
f 9109 9792 7568
f 7568 9792 9787
f 9792 9107 9787
f 7569 9793 9109
f 9111 9792 9793
f 9793 9792 9109
f 9111 9107 9792
f 9788 9107 9111
f 9100 9111 9793
f 4747 7567 9779
f 7567 9794 9779
f 9794 9100 9779
f 9794 9111 9100
f 7567 9788 9794
f 9788 9111 9794
f 7569 9780 9793
f 9780 9100 9793
f 7566 9780 7569
f 9112 9795 1024
f 1024 9795 9789
f 9795 9108 9789
f 7570 9796 9112
f 9113 9795 9796
f 9796 9795 9112
f 9113 9108 9795
f 9791 9108 9113
f 9113 9782 9791
f 9791 9782 7569
f 7566 7569 9782
f 1026 9797 7570
f 7570 9797 9796
f 9797 9113 9796
f 9102 9797 9755
f 9755 9797 1026
f 9102 9113 9797
f 9782 9113 9102
f 9114 9798 1024
f 9798 9112 1024
f 9115 9114 9799
f 9114 9115 9798
f 9115 9800 9798
f 7570 9112 9800
f 9800 9112 9798
f 1 9731 9801
f 9731 9089 9801
f 9089 9117 9801
f 7561 9116 9766
f 9116 9802 9766
f 9802 9089 9766
f 9802 9117 9089
f 9116 7571 9802
f 7571 9803 9802
f 9803 9117 9802
f 9116 9804 7571
f 7571 9804 9799
f 9804 9115 9799
f 9118 9804 7561
f 7561 9804 9116
f 9118 9115 9804
f 9800 9115 9118
f 9086 9118 7561
f 9805 9086 1026
f 9805 9118 9086
f 1026 7570 9805
f 7570 9800 9805
f 9800 9118 9805
f 9119 9114 9806
f 9806 9114 7572
f 9114 1024 7572
f 9119 9799 9114
f 9120 9122 1022
f 9121 9120 9807
f 9121 9806 9120
f 7572 9122 9806
f 9806 9122 9120
f 9121 9119 9806
f 9123 9808 7573
f 7573 9808 9807
f 9808 9121 9807
f 9121 9808 9119
f 7571 9799 9123
f 9123 9799 9808
f 9799 9119 9808
f 9124 9803 7573
f 9803 9123 7573
f 9117 9124 9801
f 9124 9117 9803
f 7571 9123 9803
f 9126 9106 9809
f 9809 9106 7574
f 9106 9125 7574
f 9126 9787 9106
f 9810 7574 4748
f 9128 9127 9811
f 9127 9128 9810
f 9128 9809 9810
f 9809 7574 9810
f 9128 9126 9809
f 7568 9812 7575
f 7575 9812 9811
f 9812 9128 9811
f 9128 9812 9126
f 7568 9787 9812
f 9787 9126 9812
f 9129 9110 9813
f 9813 9110 7575
f 9110 7568 7575
f 9110 9129 9789
f 9129 9814 9789
f 9789 9814 1024
f 9130 9129 9813
f 9130 9814 9129
f 9130 9815 9814
f 9815 7572 9814
f 7572 1024 9814
f 7576 9811 9816
f 9811 9127 9816
f 7575 9811 7576
f 7575 7576 9813
f 9130 9813 9817
f 9817 9813 7576
f 9131 9130 9817
f 9122 9818 1022
f 1022 9818 9819
f 9818 9131 9819
f 9131 9818 9130
f 7572 9815 9122
f 9122 9815 9818
f 9815 9130 9818
f 4748 9820 9810
f 9820 9127 9810
f 9820 4748 7577
f 9132 9127 9820
f 9132 9816 9127
f 9153 9133 1023
f 9133 9135 1023
f 9134 9133 9821
f 9134 9820 9133
f 7577 9135 9820
f 9820 9135 9133
f 9134 9132 9820
f 9136 9822 7578
f 7578 9822 9821
f 9822 9134 9821
f 9134 9822 9132
f 7576 9816 9136
f 9136 9816 9822
f 9816 9132 9822
f 9137 9823 7578
f 9823 9136 7578
f 9131 9137 9819
f 9137 9131 9823
f 9131 9817 9823
f 7576 9136 9817
f 9817 9136 9823
f 1025 9309 9125
f 9138 7667 9307
f 7667 9138 9309
f 9138 9824 9309
f 9824 9125 9309
f 7574 9125 9824
f 3632 9139 7664
f 4769 9825 7579
f 4769 9306 9825
f 9825 9306 9139
f 9306 7664 9139
f 9138 9307 9826
f 9826 9307 7579
f 9307 4769 7579
f 9140 9138 9826
f 7574 9827 4748
f 7574 9824 9827
f 9827 9824 9140
f 9824 9138 9140
f 7411 9139 3632
f 3631 9143 7411
f 9143 9141 7411
f 7411 9141 9139
f 7579 9828 7580
f 7579 9825 9828
f 9828 9825 9141
f 9825 9139 9141
f 9140 9826 9829
f 9829 9826 7580
f 9826 7579 7580
f 9142 9140 9829
f 9140 9142 9827
f 9142 9830 9827
f 9830 4748 9827
f 7577 4748 9830
f 7580 9831 7581
f 7580 9828 9831
f 9831 9828 9143
f 9828 9141 9143
f 9142 9829 9832
f 9832 9829 7581
f 9829 7580 7581
f 9144 9142 9832
f 9135 9830 1023
f 1023 9830 9144
f 9830 9142 9144
f 7577 9830 9135
f 7413 9143 3631
f 9833 9143 7413
f 4767 9145 7657
f 9145 9833 7657
f 7657 9833 7
f 7413 7 9833
f 9145 9143 9833
f 9146 9145 4767
f 9146 9831 9145
f 9831 9143 9145
f 7581 9831 9146
f 7661 9146 7659
f 7659 9146 4767
f 9144 7661 1023
f 1023 7661 7660
f 9144 9146 7661
f 9144 9832 9146
f 7581 9146 9832
f 9147 9834 1022
f 9834 9120 1022
f 7582 9835 9147
f 9148 9834 9835
f 9835 9834 9147
f 9148 9120 9834
f 9807 9120 9148
f 9150 9149 9836
f 9150 9835 9149
f 9835 7582 9149
f 7582 1020 9149
f 9150 9148 9835
f 7583 9151 9836
f 9151 9837 9836
f 9837 9150 9836
f 9837 9148 9150
f 9151 7573 9837
f 7573 9807 9837
f 9807 9148 9837
f 7583 9838 9151
f 1 9801 9839
f 9124 9152 9801
f 9801 9152 9839
f 9124 9838 9152
f 9124 7573 9838
f 7573 9151 9838
f 9840 9133 9153
f 9154 9840 9841
f 9841 9840 7584
f 9840 9153 7584
f 9154 9133 9840
f 9821 9133 9154
f 9155 9841 9842
f 9842 9841 4749
f 9841 7584 4749
f 9156 9155 9843
f 9156 9841 9155
f 9156 9154 9841
f 7585 9157 9843
f 9157 9844 9843
f 9844 9156 9843
f 9844 9154 9156
f 9157 7578 9844
f 7578 9821 9844
f 9821 9154 9844
f 7585 9845 9157
f 9158 9137 9845
f 9845 9137 9157
f 9137 9158 9819
f 7578 9157 9137
f 9158 9846 9819
f 9819 9846 1022
f 9846 9147 1022
f 9159 9158 9845
f 9158 9159 9846
f 9159 9847 9846
f 7582 9147 9847
f 9847 9147 9846
f 7586 7585 9848
f 7585 9843 9848
f 9843 9155 9848
f 7585 9849 9845
f 9849 9159 9845
f 7586 9849 7585
f 9160 9159 9849
f 1020 9850 9851
f 9850 9160 9851
f 9850 9159 9160
f 1020 7582 9850
f 7582 9847 9850
f 9847 9159 9850
f 9161 9842 9852
f 9852 9842 7587
f 9842 4749 7587
f 9161 9155 9842
f 9848 9155 9161
f 9162 9164 1021
f 9163 9162 9853
f 9163 9852 9162
f 7587 9164 9852
f 9852 9164 9162
f 9163 9161 9852
f 7588 9854 9853
f 9854 9163 9853
f 9854 9161 9163
f 7588 7586 9854
f 7586 9848 9854
f 9848 9161 9854
f 9160 9165 9851
f 9160 9849 9165
f 9849 7586 9165
f 7586 7588 9165
f 1023 7660 9153
f 7660 9855 9153
f 4766 9856 9304
f 9166 7660 9856
f 9856 7660 9304
f 9166 9855 7660
f 9166 9857 9855
f 9857 7584 9855
f 7584 9153 9855
f 3194 9167 7658
f 7589 4766 9858
f 9167 9858 7658
f 4766 9302 9858
f 9302 7658 9858
f 7589 9856 4766
f 7589 9859 9856
f 9168 9166 9859
f 9859 9166 9856
f 7584 9860 4749
f 9168 9860 9166
f 7584 9857 9860
f 9857 9166 9860
f 7419 9167 3194
f 3193 9861 7419
f 9169 9862 9861
f 9861 9862 7419
f 7590 9863 9864
f 9863 9169 9864
f 7419 9862 9167
f 9169 9167 9862
f 7590 7589 9863
f 9169 9863 9167
f 7589 9858 9863
f 9858 9167 9863
f 7590 9865 7589
f 9168 9859 9865
f 9865 9859 7589
f 9168 9866 9860
f 9860 9866 4749
f 9170 9168 9865
f 9170 9866 9168
f 7587 4749 9866
f 9171 9169 9861
f 7591 7590 9864
f 9171 9864 9169
f 7591 9867 7590
f 9170 9865 9867
f 9867 9865 7590
f 9172 9170 9867
f 9164 9868 1021
f 1021 9868 9301
f 9868 9172 9301
f 9172 9868 9170
f 7587 9866 9164
f 9164 9866 9868
f 9866 9170 9868
f 7421 9861 3193
f 9171 9861 9173
f 9173 9861 7421
f 7591 9864 9171
f 9173 7650 9299
f 7650 9173 6
f 7421 6 9173
f 4764 9174 9299
f 9173 9299 9171
f 9174 9171 9299
f 9174 7591 9171
f 4764 7653 9174
f 7655 9869 7653
f 7653 9869 9174
f 9172 7655 9301
f 7655 9172 9869
f 9172 9867 9869
f 9867 7591 9869
f 7591 9174 9869
f 9175 9870 1020
f 9870 9149 1020
f 7592 9871 9175
f 9176 9870 9871
f 9871 9870 9175
f 9176 9149 9870
f 9836 9149 9176
f 1018 9204 9179
f 9177 9872 9204
f 9204 9872 9179
f 9178 9177 7593
f 9178 9872 9177
f 9178 9871 9872
f 9871 7592 9872
f 7592 9179 9872
f 9178 9176 9871
f 9180 9873 7593
f 9873 9178 7593
f 9873 9176 9178
f 9180 7583 9873
f 7583 9836 9873
f 9836 9176 9873
f 7593 9874 9180
f 9152 9181 9839
f 9152 9874 9181
f 9152 9838 9874
f 9838 7583 9874
f 7583 9180 9874
f 9875 9162 1021
f 9182 9875 9876
f 9876 9875 7594
f 9875 1021 7594
f 9182 9162 9875
f 9853 9162 9182
f 9183 9876 9877
f 9877 9876 4750
f 9876 7594 4750
f 9184 9183 9878
f 9184 9876 9183
f 9184 9182 9876
f 7595 9185 9878
f 9185 9879 9878
f 9879 9184 9878
f 9879 9182 9184
f 9185 7588 9879
f 7588 9853 9879
f 9853 9182 9879
f 7595 9880 9185
f 9186 9881 9880
f 9880 9881 9185
f 9165 9186 9851
f 9165 9881 9186
f 9165 7588 9881
f 7588 9185 9881
f 9186 9882 9851
f 9851 9882 1020
f 9882 9175 1020
f 9187 9186 9880
f 9186 9187 9882
f 9187 9883 9882
f 7592 9175 9883
f 9883 9175 9882
f 7596 7595 9884
f 7595 9878 9884
f 9878 9183 9884
f 7595 9885 9880
f 9885 9187 9880
f 7596 9885 7595
f 9188 9187 9885
f 9179 9886 1018
f 9886 9188 1018
f 9886 9187 9188
f 9179 7592 9886
f 7592 9883 9886
f 9883 9187 9886
f 9189 9877 9887
f 9887 9877 7597
f 9877 4750 7597
f 9189 9183 9877
f 9884 9183 9189
f 9190 9192 1019
f 9191 9190 7598
f 9191 9887 9190
f 7597 9192 9887
f 9887 9192 9190
f 9191 9189 9887
f 9193 9888 7598
f 9888 9191 7598
f 9888 9189 9191
f 9193 7596 9888
f 7596 9884 9888
f 9884 9189 9888
f 9194 9889 9193
f 9188 9194 1018
f 9188 9889 9194
f 9188 9885 9889
f 9885 7596 9889
f 7596 9193 9889
f 7654 9890 9301
f 9301 9890 1021
f 4763 9891 7655
f 9195 7654 9891
f 9891 7654 7655
f 9195 9890 7654
f 9195 9892 9890
f 9892 7594 9890
f 7594 1021 9890
f 2782 9196 7652
f 7599 4763 9893
f 9196 9893 7652
f 4763 9300 9893
f 9300 7652 9893
f 7599 9891 4763
f 7599 9894 9891
f 9197 9195 9894
f 9894 9195 9891
f 7594 9892 4750
f 4750 9892 9895
f 9892 9197 9895
f 9197 9892 9195
f 7427 9196 2782
f 2781 9896 7427
f 9198 9897 9896
f 9896 9897 7427
f 7600 9898 9899
f 9898 9198 9899
f 7427 9897 9196
f 9198 9196 9897
f 7600 7599 9898
f 9198 9898 9196
f 7599 9893 9898
f 9893 9196 9898
f 7600 9900 7599
f 9197 9894 9900
f 9900 9894 7599
f 9199 9197 9900
f 9199 9895 9197
f 9199 9901 9895
f 9901 7597 9895
f 7597 4750 9895
f 9200 9198 9896
f 7601 7600 9899
f 9200 9899 9198
f 7601 9902 7600
f 9199 9900 9902
f 9902 9900 7600
f 9201 9199 9902
f 9192 9903 1019
f 1019 9903 9298
f 9903 9201 9298
f 9201 9903 9199
f 7597 9901 9192
f 9192 9901 9903
f 9901 9199 9903
f 7429 9896 2781
f 9200 9896 9202
f 9202 9896 7429
f 7601 9899 9200
f 9202 7644 9296
f 7644 9202 5
f 7429 5 9202
f 4761 9203 9296
f 9202 9296 9200
f 9203 9200 9296
f 9203 7601 9200
f 4761 7647 9203
f 7649 9904 7647
f 7647 9904 9203
f 9201 7649 9298
f 7649 9201 9904
f 9201 9902 9904
f 9902 7601 9904
f 7601 9203 9904
f 9905 9177 9204
f 9205 9905 9906
f 9906 9905 7602
f 9905 9204 7602
f 9205 9177 9905
f 9205 7593 9177
f 9206 9907 1016
f 9907 9208 1016
f 9207 9206 9908
f 9206 9207 9907
f 9207 9906 9907
f 7602 9208 9906
f 9906 9208 9907
f 9207 9205 9906
f 9209 9909 7603
f 7603 9909 9908
f 9909 9207 9908
f 9207 9909 9205
f 9209 7593 9909
f 7593 9205 9909
f 9210 9910 7603
f 9910 9209 7603
f 1 9839 9283
f 9181 9210 9839
f 9839 9210 9283
f 9181 9910 9210
f 9181 9874 9910
f 7593 9209 9874
f 9874 9209 9910
f 9911 9190 1019
f 9211 9911 9912
f 9912 9911 7604
f 9911 1019 7604
f 9211 9190 9911
f 7598 9190 9211
f 9212 9912 9913
f 9913 9912 4751
f 9912 7604 4751
f 9213 9212 9914
f 9213 9912 9212
f 9213 9211 9912
f 9214 9915 7605
f 7605 9915 9914
f 9915 9213 9914
f 9915 9211 9213
f 9214 7598 9915
f 7598 9211 9915
f 9215 9917 9916
f 9916 9917 7605
f 9917 9214 7605
f 9194 9215 1018
f 9215 9194 9917
f 9194 9193 9917
f 7598 9214 9193
f 9193 9214 9917
f 9215 9918 1018
f 1018 9918 9204
f 9216 9215 9916
f 9216 9918 9215
f 9216 9919 9918
f 9919 7602 9918
f 7602 9204 9918
f 7605 9914 7606
f 7606 9914 9920
f 9914 9212 9920
f 7605 7606 9916
f 9216 9916 9921
f 9921 9916 7606
f 9217 9216 9921
f 9208 9922 1016
f 1016 9922 9923
f 9922 9217 9923
f 9217 9922 9216
f 7602 9919 9208
f 9208 9919 9922
f 9919 9216 9922
f 9218 9913 9924
f 9924 9913 7607
f 9913 4751 7607
f 9218 9212 9913
f 9920 9212 9218
f 9219 9221 1017
f 9220 9219 9925
f 9220 9924 9219
f 7607 9221 9924
f 9924 9221 9219
f 9220 9218 9924
f 9222 9926 7608
f 7608 9926 9925
f 9926 9220 9925
f 9926 9218 9220
f 7606 9920 9222
f 9222 9920 9926
f 9920 9218 9926
f 9223 9222 7608
f 9217 9223 9923
f 9217 9921 9223
f 7606 9222 9921
f 9921 9222 9223
f 7648 9927 9298
f 9298 9927 1019
f 4760 9928 7649
f 9224 7648 9928
f 9928 7648 7649
f 9224 9927 7648
f 9224 9929 9927
f 9929 7604 9927
f 7604 1019 9927
f 2598 9225 7646
f 7609 4760 9930
f 9225 9930 7646
f 4760 9297 9930
f 9297 7646 9930
f 7609 9928 4760
f 7609 9931 9928
f 9226 9224 9931
f 9931 9224 9928
f 7604 9932 4751
f 9226 9932 9224
f 7604 9929 9932
f 9929 9224 9932
f 7435 9225 2598
f 2597 9933 7435
f 9227 9934 9933
f 9933 9934 7435
f 7610 9935 9936
f 9935 9227 9936
f 7435 9934 9225
f 9227 9225 9934
f 7610 7609 9935
f 9227 9935 9225
f 7609 9930 9935
f 9930 9225 9935
f 7610 9937 7609
f 9226 9931 9937
f 9937 9931 7609
f 9226 9938 9932
f 9932 9938 4751
f 9228 9226 9937
f 9228 9938 9226
f 7607 4751 9938
f 9229 9227 9933
f 7611 7610 9936
f 9229 9936 9227
f 7611 9939 7610
f 9228 9937 9939
f 9939 9937 7610
f 9230 9228 9939
f 9221 9940 1017
f 1017 9940 9230
f 9230 9940 9228
f 7607 9938 9221
f 9221 9938 9940
f 9938 9228 9940
f 7437 9933 2597
f 9229 9933 9941
f 9941 9933 7437
f 7611 9936 9229
f 4758 9942 7639
f 7639 9941 4
f 7437 4 9941
f 7639 9229 9941
f 4758 9231 9942
f 7639 9942 9229
f 9231 9229 9942
f 9231 7611 9229
f 7643 9943 9231
f 7643 9230 9943
f 9230 9939 9943
f 9939 7611 9943
f 7611 9231 9943
f 9232 9206 1016
f 7612 9944 9232
f 9233 9206 9944
f 9944 9206 9232
f 9908 9206 9233
f 9234 7635 9290
f 9234 9944 7635
f 9944 7612 7635
f 7612 1012 7635
f 9234 9233 9944
f 4754 9235 9290
f 9235 9945 9290
f 9945 9234 9290
f 9945 9233 9234
f 9235 7603 9945
f 7603 9908 9945
f 9908 9233 9945
f 4754 9286 9235
f 9210 7630 9283
f 9210 9286 7630
f 9210 7603 9286
f 7603 9235 9286
f 9236 9946 1017
f 9946 9219 1017
f 7613 9947 9236
f 9237 9946 9947
f 9947 9946 9236
f 9237 9219 9946
f 9925 9219 9237
f 9238 9947 9948
f 9948 9947 4752
f 9239 9238 9949
f 9239 9947 9238
f 7613 4752 9947
f 9239 9237 9947
f 7614 9240 9949
f 9240 9950 9949
f 9950 9239 9949
f 9950 9237 9239
f 9240 7608 9950
f 7608 9925 9950
f 9925 9237 9950
f 7614 9951 9240
f 9241 9952 9951
f 9951 9952 9240
f 9223 9241 9923
f 9223 9952 9241
f 9223 7608 9952
f 7608 9240 9952
f 9241 9953 9923
f 9923 9953 1016
f 9953 9232 1016
f 9242 9241 9951
f 9241 9242 9953
f 9242 9954 9953
f 7612 9232 9954
f 9954 9232 9953
f 7615 7614 9955
f 7614 9949 9955
f 9949 9238 9955
f 7614 9956 9951
f 9956 9242 9951
f 7615 9956 7614
f 9243 9242 9956
f 1012 9957 9958
f 9957 9243 9958
f 9957 9242 9243
f 1012 7612 9957
f 7612 9954 9957
f 9954 9242 9957
f 7616 9948 4752
f 9244 9948 9959
f 9959 9948 7616
f 9244 9238 9948
f 9955 9238 9244
f 9246 9245 9960
f 9246 9959 9245
f 9959 7616 9245
f 7616 9247 9245
f 9246 9244 9959
f 7617 9961 9960
f 9961 9246 9960
f 9961 9244 9246
f 7617 7615 9961
f 7615 9955 9961
f 9955 9244 9961
f 9243 9248 9958
f 9243 9956 9248
f 9956 7615 9248
f 7615 7617 9248
f 9295 9236 1017
f 9249 7642 9294
f 9249 9962 7642
f 7642 9962 9295
f 9962 9236 9295
f 7613 9236 9962
f 9250 9963 7640
f 7618 9293 9963
f 9963 9293 7640
f 7618 4757 9293
f 7618 9964 4757
f 4757 9964 9294
f 9964 9249 9294
f 9251 9249 9964
f 9251 9965 9249
f 4752 9962 9965
f 9965 9962 9249
f 4752 7613 9962
f 1605 7441 7640
f 7441 9250 7640
f 9252 8776 1604
f 7441 8776 9252
f 9252 9250 7441
f 9252 9966 9250
f 7619 9963 9966
f 9966 9963 9250
f 7619 7618 9963
f 9251 9964 9967
f 9964 7618 9967
f 7618 7619 9967
f 9965 7616 4752
f 9253 9251 9967
f 9253 9968 9251
f 9251 9968 9965
f 9968 7616 9965
f 7620 9966 9254
f 9254 9966 9252
f 7620 7619 9966
f 7620 9969 7619
f 7619 9969 9967
f 9969 9253 9967
f 9255 9253 9969
f 1013 9247 9970
f 9255 9970 9253
f 9247 9968 9970
f 9970 9968 9253
f 9247 7616 9968
f 1604 8777 9252
f 8777 9254 9252
f 9256 8777 7443
f 9256 9254 8777
f 7621 9971 9257
f 9257 9256 2
f 7443 2 9256
f 7621 9258 9971
f 9257 9971 9256
f 9258 9254 9971
f 9971 9254 9256
f 9258 7620 9254
f 9259 9972 9258
f 1013 9970 9255
f 9259 9255 9972
f 9255 9969 9972
f 9969 7620 9972
f 7620 9258 9972
f 1015 9973 9260
f 9261 9974 7622
f 7622 9974 9975
f 9974 9260 9975
f 9974 8808 9260
f 9261 8808 9974
f 1603 9262 9270
f 9976 9261 7622
f 8811 9977 9262
f 9262 9977 9976
f 9977 9261 9976
f 7461 9261 9977
f 1603 3 9262
f 3 8811 9262
f 7461 9977 8811
f 9263 8799 9419
f 7458 8799 7623
f 7623 8799 9978
f 8799 9263 9978
f 7624 9980 4753
f 9264 9979 9980
f 9980 9979 4753
f 9264 9265 9979
f 9981 9265 9264
f 9264 9982 9981
f 9981 9982 7623
f 9982 7458 7623
f 9266 9264 9980
f 9264 9266 9982
f 9266 9426 9982
f 9426 7458 9982
f 9267 8803 7624
f 7624 8803 9980
f 8803 9266 9980
f 9426 9266 8803
f 1015 9267 9973
f 9983 9267 7624
f 9267 9983 9973
f 9983 9268 9973
f 9268 9260 9973
f 9975 9260 9268
f 9268 9269 9985
f 9268 9983 9269
f 9269 9983 9984
f 9983 4753 9984
f 7624 4753 9983
f 7622 9975 7625
f 7625 9975 9985
f 9975 9268 9985
f 9986 7622 7625
f 9262 9976 9270
f 9270 9976 9986
f 9976 7622 9986
f 7625 9985 7626
f 7626 9985 9987
f 9985 9269 9987
f 1602 8779 9280
f 8779 9271 9280
f 7448 9271 8779
f 9988 7625 7626
f 9270 9986 9271
f 9271 9986 9988
f 9986 7625 9988
f 7448 9270 9271
f 1603 9270 7448
f 1014 9989 9419
f 9989 9263 9419
f 9272 9989 9990
f 9990 9989 4755
f 9989 1014 4755
f 9272 9263 9989
f 9272 9978 9263
f 9273 9991 9958
f 9958 9991 1012
f 9991 7633 1012
f 9272 9273 9992
f 9273 9272 9991
f 9272 9990 9991
f 4755 7633 9990
f 9990 7633 9991
f 7627 9978 9992
f 9978 9272 9992
f 7623 9978 7627
f 9265 9981 9993
f 9993 9981 7627
f 7623 7627 9981
f 9248 9273 9958
f 9274 9994 7617
f 9994 9248 7617
f 9248 9994 9273
f 7627 9992 9274
f 9274 9992 9994
f 9992 9273 9994
f 9275 9995 1013
f 1013 9995 9247
f 9995 9245 9247
f 7628 9996 9275
f 9276 9995 9996
f 9996 9995 9275
f 9276 9245 9995
f 9960 9245 9276
f 9276 9997 9960
f 9960 9997 7617
f 9997 9274 7617
f 9277 9276 9996
f 9276 9277 9997
f 9277 9993 9997
f 7627 9274 9993
f 9993 9274 9997
f 7628 9998 9996
f 9998 9277 9996
f 4753 9979 7628
f 9265 9998 9979
f 9979 9998 7628
f 9265 9277 9998
f 9993 9277 9265
f 4753 7628 9984
f 7628 9999 9984
f 9999 9278 9984
f 9278 9269 9984
f 9987 9269 9278
f 9278 9279 10000
f 9278 10001 9279
f 9279 10001 1013
f 10001 9275 1013
f 7628 9275 10001
f 7628 10001 9999
f 10001 9278 9999
f 7626 9987 7629
f 7629 9987 10000
f 9987 9278 10000
f 10002 7626 7629
f 9271 9988 9280
f 9280 9988 10002
f 9988 7626 10002
f 9255 9259 1013
f 9259 9279 1013
f 9281 9259 7621
f 7621 9259 9258
f 7629 10000 9281
f 9281 10000 9259
f 10000 9279 9259
f 7749 9257 2
f 1602 9282 7749
f 9282 9257 7749
f 9282 7621 9257
f 9280 9281 9282
f 9282 9281 7621
f 1602 9280 9282
f 7629 9281 10002
f 10002 9281 9280
