analytical,estimate [X],estimate [Y],estimate [Z],P [X],P [Y],P [Z],Cd [X],Cd [Y],Cd [Z],avg_steps,rand_count,
-0.0,0.010516750626266003,0.010516750626266003,0.010516750626266003,-1.0,0.0,0.0,0.5,0.4902622699737549,0.5097377300262451,60.771484375,2114796,
0.0,-0.00034240755485370755,-0.00034240755485370755,-0.00034240755485370755,1.2200566530227661,0.0,0.9450386762619019,0.5,0.5003170967102051,0.4996829330921173,152.908203125,5322628,
-0.0,0.005568711552768946,0.005568711552768946,0.005568711552768946,0.0,-1.0,0.0,0.5,0.49484384059906006,0.5051561594009399,72.80859375,2533880,
0.0,-0.01299479603767395,-0.01299479603767395,-0.01299479603767395,0.0,1.0,0.0,0.5,0.5120322704315186,0.48796775937080383,72.2734375,2515248,
0.0,-0.03880225494503975,-0.03880225494503975,-0.03880225494503975,1.0,0.0,0.0,0.5,0.5359280109405518,0.46407198905944824,114.212890625,3975412,
0.0,-0.023011408746242523,-0.023011408746242523,-0.023011408746242523,1.2200566530227661,0.0,-0.9450386762619019,0.5,0.5213068723678589,0.4786931574344635,155.5234375,5413680,
0.4999999701976776,0.44028928875923157,0.44028928875923157,0.44028928875923157,-0.7071067690849304,-0.7071067690849304,0.0,0.5,0.09232473373413086,0.9076752662658691,58.666015625,2041492,
-0.5311240553855896,-0.41062790155410767,-0.41062790155410767,-0.41062790155410767,0.7652409672737122,-0.6940611600875854,0.45839041471481323,0.5,0.8802109956741333,0.1197889968752861,96.3173828125,3352362,
-0.0,0.007439983543008566,0.007439983543008566,0.007439983543008566,-0.00022882541816215962,0.0,0.7860709428787231,0.5,0.49311113357543945,0.5068888664245605,78.5966796875,2735398,
0.5311240553855896,0.4133382737636566,0.4133382737636566,0.4133382737636566,0.7652409672737122,0.6940611600875854,0.45839041471481323,0.5,0.11727941036224365,0.8827205896377563,106.1259765625,3693858,
-0.4999999701976776,-0.4632837176322937,-0.4632837176322937,-0.4632837176322937,-0.7071067690849304,0.7071067690849304,0.0,0.5,0.9289664030075073,0.07103361189365387,66.5732421875,2316790,
-0.4999999701976776,-0.4113515019416809,-0.4113515019416809,-0.4113515019416809,0.7071067690849304,-0.7071067690849304,0.0,0.5,0.8808810114860535,0.11911899596452713,86.689453125,3017156,
0.0,-0.08831938356161118,-0.08831938356161118,-0.08831938356161118,1.1053756475448608,0.0,0.4744265377521515,0.5,0.5817772150039673,0.4182227849960327,113.166015625,3938964,
-0.5311240553855896,-0.41510719060897827,-0.41510719060897827,-0.41510719060897827,0.7652409672737122,-0.6940611600875854,-0.45839041471481323,0.5,0.8843585252761841,0.1156415045261383,96.8212890625,3369906,
0.0,-0.014181437902152538,-0.014181437902152538,-0.014181437902152538,1.1053756475448608,0.0,-0.4744265377521515,0.5,0.5131309628486633,0.48686903715133667,125.5224609375,4369166,
-0.0,-0.01601358875632286,-0.01601358875632286,-0.01601358875632286,-0.00022882541816215962,0.0,-0.7860709428787231,0.5,0.5148273706436157,0.4851726293563843,77.3818359375,2693102,
0.4999999701976776,0.3612115979194641,0.3612115979194641,0.3612115979194641,0.7071067690849304,0.7071067690849304,0.0,0.5,0.1655448079109192,0.8344551920890808,93.7138671875,3261718,
0.5311240553855896,0.38235047459602356,0.38235047459602356,0.38235047459602356,0.7652409672737122,0.6940611600875854,-0.45839041471481323,0.5,0.14597177505493164,0.8540282249450684,103.9833984375,3619262,
0.3535533845424652,0.34236031770706177,0.34236031770706177,0.34236031770706177,-0.3826834261417389,-0.9238795042037964,0.0,0.5,0.18299973011016846,0.8170002698898315,65.5029296875,2279526,
-0.4322342276573181,-0.3341028094291687,-0.3341028094291687,-0.3341028094291687,1.0759997367858887,-0.4017047584056854,0.6808820962905884,0.5,0.8093544244766235,0.19064556062221527,123.0908203125,4284506,
-0.0,0.017739757895469666,0.017739757895469666,0.017739757895469666,-0.5785029530525208,0.0,0.5231812000274658,0.5,0.4835742712020874,0.5164257287979126,64.353515625,2239508,
0.3678671419620514,0.24706940352916718,0.24706940352916718,0.24706940352916718,0.4057227671146393,0.9066958427429199,0.23377737402915955,0.5,0.271232008934021,0.728767991065979,73.77734375,2567608,
-0.3535533845424652,-0.3238375186920166,-0.3238375186920166,-0.3238375186920166,-0.9238795042037964,0.3826834261417389,0.0,0.5,0.7998495101928711,0.20015046000480652,65.2373046875,2270278,
-0.3535533845424652,-0.28881463408470154,-0.28881463408470154,-0.28881463408470154,0.9238795042037964,-0.3826834261417389,0.0,0.5,0.7674209475517273,0.2325790524482727,101.955078125,3548644,
0.0,-0.02314027026295662,-0.02314027026295662,-0.02314027026295662,1.2013309001922607,0.0,0.6933397650718689,0.5,0.5214262008666992,0.47857382893562317,138.36328125,4816232,
-0.4322342276573181,-0.37371987104415894,-0.37371987104415894,-0.37371987104415894,1.0759997367858887,-0.4017047584056854,-0.6808820962905884,0.5,0.8460369110107422,0.1539630889892578,128.9638671875,4488982,
0.0,0.04692353680729866,0.04692353680729866,0.04692353680729866,1.0290237665176392,0.0,-0.24278125166893005,0.5,0.45655232667922974,0.5434476733207703,110.5546875,3848048,
0.0,0.08503106236457825,0.08503106236457825,0.08503106236457825,0.5927867889404297,0.0,-0.9505123496055603,0.5,0.4212675094604492,0.5787324905395508,104.341796875,3631740,
0.3535533845424652,0.26462388038635254,0.26462388038635254,0.26462388038635254,0.3826834261417389,0.9238795042037964,0.0,0.5,0.25497788190841675,0.7450221180915833,82.583984375,2874220,
0.3678671419620514,0.28388336300849915,0.28388336300849915,0.28388336300849915,0.4057227671146393,0.9066958427429199,-0.23377737402915955,0.5,0.23714500665664673,0.7628549933433533,84.564453125,2943172,
0.3535533845424652,0.31653228402137756,0.31653228402137756,0.31653228402137756,-0.9238795042037964,-0.3826834261417389,0.0,0.5,0.20691454410552979,0.7930854558944702,63.86328125,2222440,
-0.13350725173950195,-0.09570322185754776,-0.09570322185754776,-0.09570322185754776,0.328268438577652,-0.4067014753818512,0.835426926612854,0.5,0.5886141061782837,0.4113859236240387,87.47265625,3044424,
-0.13350725173950195,-0.05367375910282135,-0.05367375910282135,-0.05367375910282135,0.328268438577652,-0.4067014753818512,-0.835426926612854,0.5,0.5496978759765625,0.4503020942211151,85.5126953125,2976186,
-0.3678671419620514,-0.258757084608078,-0.258757084608078,-0.258757084608078,0.4057227671146393,-0.9066958427429199,0.23377737402915955,0.5,0.7395898699760437,0.2604101300239563,83.806640625,2916788,
0.055965013802051544,0.06034637242555618,0.06034637242555618,0.06034637242555618,-0.09079477936029434,-0.6163902282714844,0.6240503191947937,0.5,0.4441237449645996,0.5558762550354004,65.427734375,2276908,
-0.35511425137519836,-0.34206002950668335,-0.34206002950668335,-0.34206002950668335,0.9485121965408325,-0.3743908107280731,0.21648657321929932,0.5,0.8167222738265991,0.18327775597572327,105.044921875,3656220,
0.0,0.006651149597018957,0.006651149597018957,0.006651149597018957,0.5927867889404297,0.0,0.9505123496055603,0.5,0.4938415288925171,0.5061584711074829,104.3291015625,3631298,
0.17446093261241913,0.16488327085971832,0.16488327085971832,0.16488327085971832,-0.4373572766780853,-0.3988979756832123,0.546682596206665,0.5,0.34733033180236816,0.6526696681976318,65.42578125,2276840,
-0.055965013802051544,-0.05801587179303169,-0.05801587179303169,-0.05801587179303169,-0.09079477936029434,0.6163902282714844,0.6240503191947937,0.5,0.5537184476852417,0.4462815821170807,71.31640625,2481928,
0.4322342276573181,0.36795350909233093,0.36795350909233093,0.36795350909233093,1.0759997367858887,0.4017047584056854,0.6808820962905884,0.5,0.15930235385894775,0.8406976461410522,125.4599609375,4366990,
0.13350725173950195,0.10459648072719574,0.10459648072719574,0.10459648072719574,0.328268438577652,0.4067014753818512,0.835426926612854,0.5,0.40315139293670654,0.5968486070632935,90.0234375,3133232,
0.35511425137519836,0.2821591794490814,0.2821591794490814,0.2821591794490814,0.9485121965408325,0.3743908107280731,0.21648657321929932,0.5,0.23874151706695557,0.7612584829330444,105.615234375,3676076,
-0.3535533845424652,-0.31800711154937744,-0.31800711154937744,-0.31800711154937744,-0.3826834261417389,0.9238795042037964,0.0,0.5,0.7944509983062744,0.2055489867925644,62.935546875,2190140,
-0.17446093261241913,-0.17242169380187988,-0.17242169380187988,-0.17242169380187988,-0.4373572766780853,0.3988979756832123,0.546682596206665,0.5,0.6596497297286987,0.34035030007362366,63.3115234375,2203230,
0.13350725173950195,0.08316858112812042,0.08316858112812042,0.08316858112812042,0.328268438577652,0.4067014753818512,-0.835426926612854,0.5,0.4229920506477356,0.5770079493522644,88.1826171875,3069142,
-0.3535533845424652,-0.2673335671424866,-0.2673335671424866,-0.2673335671424866,0.3826834261417389,-0.9238795042037964,0.0,0.5,0.7475310564041138,0.25246894359588623,78.3447265625,2726626,
-0.5102280378341675,-0.4264307916164398,-0.4264307916164398,-0.4264307916164398,0.7323680520057678,-0.6966825723648071,0.22965721786022186,0.5,0.894843339920044,0.10515668988227844,92.263671875,3211228,
-0.3837147057056427,-0.34690797328948975,-0.34690797328948975,-0.34690797328948975,1.0074697732925415,-0.38086968660354614,-0.441893994808197,0.5,0.8212110996246338,0.1787889301776886,115.2529296875,4011622,
0.0,0.02661246806383133,0.02661246806383133,0.02661246806383133,1.0290237665176392,0.0,0.24278125166893005,0.5,0.47535884380340576,0.5246411561965942,109.0224609375,3794702,
-0.3837147057056427,-0.27225515246391296,-0.27225515246391296,-0.27225515246391296,1.0074697732925415,-0.38086968660354614,0.441893994808197,0.5,0.7520880699157715,0.24791190028190613,102.412109375,3564556,
0.3837147057056427,0.33116137981414795,0.33116137981414795,0.33116137981414795,1.0074697732925415,0.38086968660354614,0.441893994808197,0.5,0.1933690905570984,0.8066309094429016,111.478515625,3880212,
-0.3678671419620514,-0.24333485960960388,-0.24333485960960388,-0.24333485960960388,0.4057227671146393,-0.9066958427429199,-0.23377737402915955,0.5,0.7253100872039795,0.2746899425983429,83.6484375,2911280,
-0.5102280378341675,-0.4147021770477295,-0.4147021770477295,-0.4147021770477295,0.7323680520057678,-0.6966825723648071,-0.22965721786022186,0.5,0.8839834928512573,0.11601651459932327,99.9580078125,3479114,
0.055965013802051544,0.04517383128404617,0.04517383128404617,0.04517383128404617,-0.09079477936029434,-0.6163902282714844,-0.6240503191947937,0.5,0.45817238092422485,0.5418276190757751,69.349609375,2413452,
0.0,-0.002248526317998767,-0.002248526317998767,-0.002248526317998767,1.2013309001922607,0.0,-0.6933397650718689,0.5,0.5020819902420044,0.497918039560318,140.236328125,4881444,
-0.35511425137519836,-0.2822681665420532,-0.2822681665420532,-0.2822681665420532,0.9485121965408325,-0.3743908107280731,-0.21648657321929932,0.5,0.7613593935966492,0.23864059150218964,108.4560546875,3774982,
0.5102280378341675,0.39304977655410767,0.39304977655410767,0.39304977655410767,0.7323680520057678,0.6966825723648071,-0.22965721786022186,0.5,0.1360650658607483,0.8639349341392517,95.087890625,3309556,
-0.0,0.009696165099740028,0.009696165099740028,0.009696165099740028,-0.5785029530525208,0.0,-0.5231812000274658,0.5,0.4910220503807068,0.5089779496192932,60.8984375,2119216,
0.17446093261241913,0.16657952964305878,0.16657952964305878,0.16657952964305878,-0.4373572766780853,-0.3988979756832123,-0.546682596206665,0.5,0.34575968980789185,0.6542403101921082,61.7666015625,2149442,
-0.17446093261241913,-0.15183858573436737,-0.15183858573436737,-0.15183858573436737,-0.4373572766780853,0.3988979756832123,-0.546682596206665,0.5,0.6405912637710571,0.3594087064266205,60.0966796875,2091302,
0.3535533845424652,0.2376416027545929,0.2376416027545929,0.2376416027545929,0.9238795042037964,0.3826834261417389,0.0,0.5,0.2799614667892456,0.7200385332107544,97.4560546875,3392006,
0.5102280378341675,0.36726588010787964,0.36726588010787964,0.36726588010787964,0.7323680520057678,0.6966825723648071,0.22965721786022186,0.5,0.1599389910697937,0.8400610089302063,88.484375,3079648,
0.35511425137519836,0.27743250131607056,0.27743250131607056,0.27743250131607056,0.9485121965408325,0.3743908107280731,-0.21648657321929932,0.5,0.2431180477142334,0.7568819522857666,106.859375,3719392,
0.4322342276573181,0.332402765750885,0.332402765750885,0.332402765750885,1.0759997367858887,0.4017047584056854,-0.6808820962905884,0.5,0.19221967458724976,0.8077803254127502,125.7841796875,4378278,
0.3837147057056427,0.332698255777359,0.332698255777359,0.332698255777359,1.0074697732925415,0.38086968660354614,-0.441893994808197,0.5,0.19194602966308594,0.8080539703369141,113.869140625,3963444,
-0.055965013802051544,-0.06129944324493408,-0.06129944324493408,-0.06129944324493408,-0.09079477936029434,0.6163902282714844,-0.6240503191947937,0.5,0.5567587614059448,0.44324126839637756,72.7841796875,2533030,
0.19134171307086945,0.16693294048309326,0.16693294048309326,0.16693294048309326,-0.19509032368659973,-0.9807852506637573,0.0,0.5,0.34543246030807495,0.654567539691925,64.0234375,2228016,
-0.26514261960983276,-0.21612773835659027,-0.21612773835659027,-0.21612773835659027,1.1986057758331299,-0.22120919823646545,0.8056051731109619,0.5,0.7001183032989502,0.2998817265033722,146.0654296875,5084390,
-0.0,-0.005178408697247505,-0.005178408697247505,-0.005178408697247505,-0.8471566438674927,0.0,0.31780439615249634,0.5,0.5047948360443115,0.49520519375801086,64.3017578125,2237706,
0.2015865445137024,0.12937873601913452,0.12937873601913452,0.12937873601913452,0.20695960521697998,0.9740381240844727,0.11843368411064148,0.5,0.38020485639572144,0.6197951436042786,74.732421875,2600860,
-0.19134171307086945,-0.18989811837673187,-0.18989811837673187,-0.18989811837673187,-0.9807852506637573,0.19509032368659973,0.0,0.5,0.6758315563201904,0.3241684138774872,59.1640625,2058832,
-0.19134171307086945,-0.14535309374332428,-0.14535309374332428,-0.14535309374332428,0.9807852506637573,-0.19509032368659973,0.0,0.5,0.6345862150192261,0.3654138147830963,101.5302734375,3533854,
0.0,0.024445708841085434,0.024445708841085434,0.024445708841085434,1.2429207563400269,0.0,0.8116539120674133,0.5,0.47736507654190063,0.5226349234580994,147.3994140625,5130834,
-0.26514261960983276,-0.22400707006454468,-0.22400707006454468,-0.22400707006454468,1.1986057758331299,-0.22120919823646545,-0.8056051731109619,0.5,0.707413911819458,0.2925860583782196,141.041015625,4909460,
0.0,0.007434260565787554,0.007434260565787554,0.007434260565787554,1.007444143295288,0.0,-0.12224811315536499,0.5,0.49311643838882446,0.5068835616111755,109.8486328125,3823466,
0.0,-0.05341021716594696,-0.05341021716594696,-0.05341021716594696,0.9027535319328308,0.0,-0.9960069060325623,0.5,0.5494539141654968,0.4505460858345032,131.03515625,4561096,
0.19134171307086945,0.12799108028411865,0.12799108028411865,0.12799108028411865,0.19509032368659973,0.9807852506637573,0.0,0.5,0.38148975372314453,0.6185102462768555,69.2216796875,2408998,
0.2015865445137024,0.1382613480091095,0.1382613480091095,0.1382613480091095,0.20695960521697998,0.9740381240844727,-0.11843368411064148,0.5,0.3719801902770996,0.6280198097229004,77.0068359375,2680046,
0.4619397521018982,0.4320739805698395,0.4320739805698395,0.4320739805698395,-0.8314695954322815,-0.5555702447891235,0.0,0.5,0.09993147850036621,0.9000685214996338,59.341796875,2065020,
-0.3465471565723419,-0.2764333486557007,-0.2764333486557007,-0.2764333486557007,0.5402015447616577,-0.6415145397186279,0.7657226324081421,0.5,0.755956768989563,0.24404320120811462,99.4384765625,3461026,
-0.032663192600011826,-0.05001051351428032,-0.05001051351428032,-0.05001051351428032,0.15912455320358276,-0.20526808500289917,-0.8265620470046997,0.5,0.5463060140609741,0.4536939859390259,81.8037109375,2847054,
-0.47974732518196106,-0.3430849611759186,-0.3430849611759186,-0.3430849611759186,0.5916112065315247,-0.810916543006897,0.34633898735046387,0.5,0.8176712393760681,0.1823287457227707,88.18359375,3069176,
0.06129312142729759,0.05688447132706642,0.05688447132706642,0.05688447132706642,-0.06757162511348724,-0.9070837497711182,0.368548184633255,0.5,0.44732922315597534,0.5526707768440247,73.630859375,2562508,
-0.18736734986305237,-0.11429375410079956,-0.11429375410079956,-0.11429375410079956,0.9874192476272583,-0.18975460529327393,0.1068711206316948,0.5,0.6058275699615479,0.39417245984077454,106.84765625,3718984,
0.0,-0.025859570130705833,-0.025859570130705833,-0.025859570130705833,0.2934804856777191,0.0,0.8783499598503113,0.5,0.523944079875946,0.47605592012405396,87.1953125,3034768,
0.3708835244178772,0.3316149115562439,0.3316149115562439,0.3316149115562439,-0.6236332058906555,-0.5947142243385315,0.33049750328063965,0.5,0.19294917583465576,0.8070508241653442,59.623046875,2074812,
-0.06129312142729759,-0.10269258916378021,-0.10269258916378021,-0.10269258916378021,-0.06757162511348724,0.9070837497711182,0.368548184633255,0.5,0.5950857400894165,0.4049142599105835,74.20703125,2582568,
0.5167487859725952,0.430140882730484,0.430140882730484,0.430140882730484,0.9294512867927551,0.5559718608856201,0.5678685307502747,0.5,0.10172140598297119,0.8982785940170288,116.796875,4065376,
0.032663192600011826,0.0327240452170372,0.0327240452170372,0.0327240452170372,0.15912455320358276,0.20526808500289917,0.8265620470046997,0.5,0.4696999788284302,0.5303000211715698,78.6552734375,2737438,
0.18736734986305237,0.12926189601421356,0.12926189601421356,0.12926189601421356,0.9874192476272583,0.18975460529327393,0.1068711206316948,0.5,0.38031303882598877,0.6196869611740112,105.333984375,3666284,
-0.4619397521018982,-0.43889084458351135,-0.43889084458351135,-0.43889084458351135,-0.5555702447891235,0.8314695954322815,0.0,0.5,0.9063804149627686,0.09361960738897324,61.888671875,2153692,
-0.04589973762631416,-0.05600184202194214,-0.05600184202194214,-0.05600184202194214,-0.22732271254062653,0.20191442966461182,0.6864694356918335,0.5,0.5518535375595093,0.44814643263816833,68.4765625,2383056,
0.3465471565723419,0.2755747139453888,0.2755747139453888,0.2755747139453888,0.5402015447616577,0.6415145397186279,-0.7657226324081421,0.5,0.24483823776245117,0.7551617622375488,99.8916015625,3476802,
-0.4619397521018982,-0.38916531205177307,-0.38916531205177307,-0.38916531205177307,0.5555702447891235,-0.8314695954322815,0.0,0.5,0.8603382110595703,0.1396617591381073,84.154296875,2928892,
-0.5210404992103577,-0.37338241934776306,-0.37338241934776306,-0.37338241934776306,0.7490298748016357,-0.6956204175949097,0.3439916968345642,0.5,0.8457244634628296,0.1542755514383316,98.8818359375,3441646,
-0.49828004837036133,-0.40872636437416077,-0.40872636437416077,-0.40872636437416077,0.9039580821990967,-0.5512202978134155,-0.44557416439056396,0.5,0.878450334072113,0.12154968082904816,107.58984375,3744824,
0.0,-0.014556859619915485,-0.014556859619915485,-0.014556859619915485,1.062599539756775,0.0,0.36014142632484436,0.5,0.5134786367416382,0.4865213930606842,116.4150390625,4052082,
-0.49828004837036133,-0.41923758387565613,-0.41923758387565613,-0.41923758387565613,0.9039580821990967,-0.5512202978134155,0.44557416439056396,0.5,0.8881829380989075,0.11181706935167313,107.484375,3741152,
0.49828004837036133,0.3948945701122284,0.3948945701122284,0.3948945701122284,0.9039580821990967,0.5512202978134155,0.44557416439056396,0.5,0.13435691595077515,0.8656430840492249,101.6787109375,3539022,
-0.47974732518196106,-0.3800192177295685,-0.3800192177295685,-0.3800192177295685,0.5916112065315247,-0.810916543006897,-0.34633898735046387,0.5,0.8518696427345276,0.1481303721666336,91.0068359375,3167470,
-0.5026333928108215,-0.3897401988506317,-0.3897401988506317,-0.3897401988506317,0.7179379463195801,-0.7001070380210876,-0.11494878679513931,0.5,0.8608705401420593,0.13912945985794067,90.3671875,3145200,
0.017938248813152313,0.002819889457896352,0.002819889457896352,0.002819889457896352,-0.05708052217960358,-0.31426218152046204,-0.7363120913505554,0.5,0.49738895893096924,0.5026110410690308,69.6767578125,2424842,
0.0,-0.0159150417894125,-0.0159150417894125,-0.0159150417894125,1.1528570652008057,0.0,-0.5841057300567627,0.5,0.5147361755371094,0.485263854265213,130.943359375,4557900,
-0.4816945493221283,-0.3961453139781952,-0.3961453139781952,-0.3961453139781952,0.8774619102478027,-0.5489634871482849,-0.3326731026172638,0.5,0.8668012022972107,0.1331987977027893,103.5048828125,3602602,
0.5210404992103577,0.42116934061050415,0.42116934061050415,0.42116934061050415,0.7490298748016357,0.6956204175949097,-0.3439916968345642,0.5,0.11002838611602783,0.8899716138839722,92.6220703125,3223706,
-0.0,-0.044642116874456406,-0.044642116874456406,-0.044642116874456406,-0.2957741916179657,0.0,-0.6689674854278564,0.5,0.5413352847099304,0.4586647152900696,66.0048828125,2297002,
0.3708835244178772,0.3303709328174591,0.3303709328174591,0.3303709328174591,-0.6236332058906555,-0.5947142243385315,-0.33049750328063965,0.5,0.1941009759902954,0.8058990240097046,62.8701171875,2187862,
-0.3708835244178772,-0.3617803454399109,-0.3617803454399109,-0.3617803454399109,-0.6236332058906555,0.5947142243385315,-0.33049750328063965,0.5,0.8349817991256714,0.1650182157754898,64.3212890625,2238386,
0.4619397521018982,0.36260974407196045,0.36260974407196045,0.36260974407196045,0.8314695954322815,0.5555702447891235,0.0,0.5,0.16425025463104248,0.8357497453689575,99.5205078125,3463882,
0.5210404992103577,0.41209840774536133,0.41209840774536133,0.41209840774536133,0.7490298748016357,0.6956204175949097,0.3439916968345642,0.5,0.11842739582061768,0.8815726041793823,92.142578125,3207012,
0.4816945493221283,0.3828115463256836,0.3828115463256836,0.3828115463256836,0.8774619102478027,0.5489634871482849,-0.3326731026172638,0.5,0.1455448865890503,0.8544551134109497,102.0927734375,3553438,
0.5167487859725952,0.38481518626213074,0.38481518626213074,0.38481518626213074,0.9294512867927551,0.5559718608856201,-0.5678685307502747,0.5,0.14368969202041626,0.8563103079795837,110.474609375,3845260,
0.20898206532001495,0.1917889416217804,0.1917889416217804,0.1917889416217804,1.0745519399642944,0.1944829821586609,-0.451192170381546,0.5,0.32241761684417725,0.6775823831558228,118.15625,4112704,
-0.06129312142729759,-0.06370779871940613,-0.06370779871940613,-0.06370779871940613,-0.06757162511348724,0.9070837497711182,-0.368548184633255,0.5,0.5589886903762817,0.44101130962371826,69.8994140625,2432594,
0.4619397521018982,0.40911152958869934,0.40911152958869934,0.40911152958869934,-0.5555702447891235,-0.8314695954322815,0.0,0.5,0.12119299173355103,0.878807008266449,68.1748046875,2372550,
0.13703720271587372,0.13744455575942993,0.13744455575942993,0.13744455575942993,-0.26816877722740173,-0.511011004447937,0.5941444635391235,0.5,0.37273651361465454,0.6272634863853455,66.865234375,2326956,
0.13703720271587372,0.12436141818761826,0.12436141818761826,0.12436141818761826,-0.26816877722740173,-0.511011004447937,-0.5941444635391235,0.5,0.38485056161880493,0.6151494383811951,74.3701171875,2588246,
-0.5167487859725952,-0.43116679787635803,-0.43116679787635803,-0.43116679787635803,0.9294512867927551,-0.5559718608856201,0.5678685307502747,0.5,0.8992285132408142,0.10077150166034698,104.55078125,3639016,
-0.0938272476196289,-0.06810999661684036,-0.06810999661684036,-0.06810999661684036,0.4571378231048584,-0.2052493691444397,0.90751713514328,0.5,0.5630648136138916,0.4369351863861084,93.125,3241216,
-0.23257365822792053,-0.18839073181152344,-0.18839073181152344,-0.18839073181152344,1.1181167364120483,-0.20800480246543884,0.5660656094551086,0.5,0.6744358539581299,0.3255641460418701,132.572265625,4614612,
-0.0,-0.009100813418626785,-0.009100813418626785,-0.009100813418626785,-0.2957741916179657,0.0,0.6689674854278564,0.5,0.5084266662597656,0.4915733337402344,63.240234375,2200748,
0.3076164424419403,0.27254584431648254,0.27254584431648254,0.27254584431648254,-0.7358023524284363,-0.41806939244270325,0.3315708041191101,0.5,0.24764269590377808,0.7523573040962219,57.73828125,2009192,
-0.3076164424419403,-0.259203165769577,-0.259203165769577,-0.259203165769577,-0.7358023524284363,0.41806939244270325,0.3315708041191101,0.5,0.7400029301643372,0.25999706983566284,63.9931640625,2226962,
0.47974732518196106,0.40331465005874634,0.40331465005874634,0.40331465005874634,0.5916112065315247,0.810916543006897,0.34633898735046387,0.5,0.1265605092048645,0.8734394907951355,92.0859375,3205040,
0.05953477323055267,0.06799424439668655,0.06799424439668655,0.06799424439668655,0.11551413685083389,0.5153895020484924,0.7400273680686951,0.5,0.43704235553741455,0.5629576444625854,75.958984375,2643564,
0.4680372178554535,0.35045185685157776,0.35045185685157776,0.35045185685157776,0.5679612755775452,0.8240653872489929,0.11662459373474121,0.5,0.1755075454711914,0.8244924545288086,80.35546875,2796632,
-0.4619397521018982,-0.3460617661476135,-0.3460617661476135,-0.3460617661476135,-0.8314695954322815,0.5555702447891235,0.0,0.5,0.8204275369644165,0.1795724481344223,63.96484375,2225976,
-0.16784287989139557,-0.13895584642887115,-0.13895584642887115,-0.13895584642887115,-0.8157755732536316,0.2057463824748993,0.3266535699367523,0.5,0.6286628246307373,0.3713372051715851,66.6953125,2321040,
-0.10343289375305176,-0.06897686421871185,-0.06897686421871185,-0.06897686421871185,-0.5144404768943787,0.2010590136051178,-0.5464223027229309,0.5,0.563867449760437,0.4361325204372406,63.376953125,2205508,
-0.4619397521018982,-0.3511674106121063,-0.3511674106121063,-0.3511674106121063,0.8314695954322815,-0.5555702447891235,0.0,0.5,0.8251550197601318,0.17484501004219055,92.2041015625,3209154,
-0.46804845333099365,-0.34543344378471375,-0.34543344378471375,-0.34543344378471375,0.8565521836280823,-0.5464330911636353,0.22036509215831757,0.5,0.8198457956314087,0.1801542341709137,103.5859375,3605424,
-0.46804845333099365,-0.36560264229774475,-0.36560264229774475,-0.36560264229774475,0.8565521836280823,-0.5464330911636353,-0.22036509215831757,0.5,0.8385209441184998,0.16147904098033905,108.701171875,3783516,
0.0,-0.008454931899905205,-0.008454931899905205,-0.008454931899905205,1.1528570652008057,0.0,0.5841057300567627,0.5,0.5078285932540894,0.49217137694358826,126.4423828125,4401194,
-0.24261094629764557,-0.17541532218456268,-0.17541532218456268,-0.17541532218456268,1.1642032861709595,-0.20839224755764008,0.677026629447937,0.5,0.6624215841293335,0.3375783860683441,137.958984375,4802156,
0.40938717126846313,0.3039965033531189,0.3039965033531189,0.3039965033531189,1.0435922145843506,0.3922865390777588,0.5607333183288574,0.5,0.21852177381515503,0.781478226184845,116.08203125,4040488,
-0.5167487859725952,-0.3955637812614441,-0.3955637812614441,-0.3955637812614441,0.9294512867927551,-0.5559718608856201,-0.5678685307502747,0.5,0.8662627339363098,0.133737251162529,113.0244140625,3934034,
-0.23257365822792053,-0.2158774435520172,-0.2158774435520172,-0.2158774435520172,1.1181167364120483,-0.20800480246543884,-0.5660656094551086,0.5,0.6998865008354187,0.3001134991645813,123.01953125,4282024,
-0.0938272476196289,-0.06396494805812836,-0.06396494805812836,-0.06396494805812836,0.4571378231048584,-0.2052493691444397,-0.90751713514328,0.5,0.5592268109321594,0.4407731890678406,90.65234375,3155128,
0.0,-0.037145327776670456,-0.037145327776670456,-0.037145327776670456,1.062599539756775,0.0,-0.36014142632484436,0.5,0.5343937873840332,0.4656061828136444,120.91015625,4208584,
-0.36668816208839417,-0.2532912790775299,-0.2532912790775299,-0.2532912790775299,0.974707305431366,-0.37620335817337036,-0.33010613918304443,0.5,0.7345289587974548,0.26547104120254517,106.099609375,3692940,
0.36668816208839417,0.3004913330078125,0.3004913330078125,0.3004913330078125,0.974707305431366,0.37620335817337036,-0.33010613918304443,0.5,0.22176730632781982,0.7782326936721802,106.26171875,3698584,
0.0,-0.034250658005476,-0.034250658005476,-0.034250658005476,0.2934804856777191,0.0,-0.8783499598503113,0.5,0.531713604927063,0.4682864248752594,87.802734375,3055916,
-0.188634991645813,-0.15292569994926453,-0.15292569994926453,-0.15292569994926453,0.8198972344398499,-0.23007149994373322,-0.9664568305015564,0.5,0.6415978670120239,0.3584021329879761,125.76953125,4377768,
0.31772053241729736,0.2463838905096054,0.2463838905096054,0.2463838905096054,0.6913600564002991,0.45955872535705566,-0.8836318850517273,0.5,0.27186673879623413,0.7281332612037659,108.4931640625,3776274,
0.4619397521018982,0.3262442946434021,0.3262442946434021,0.3262442946434021,0.5555702447891235,0.8314695954322815,0.0,0.5,0.19792193174362183,0.8020780682563782,80.9638671875,2817814,
0.3621702194213867,0.2353137731552124,0.2353137731552124,0.2353137731552124,0.3949327766895294,0.9170427322387695,0.11694183945655823,0.5,0.2821168899536133,0.7178831100463867,78.45703125,2730536,
0.47437798976898193,0.3408795893192291,0.3408795893192291,0.3408795893192291,0.5797190070152283,0.8182895183563232,-0.23147180676460266,0.5,0.184370756149292,0.815629243850708,90.12890625,3136904,
0.47974732518196106,0.4144091308116913,0.4144091308116913,0.4144091308116913,0.5916112065315247,0.810916543006897,-0.34633898735046387,0.5,0.11628788709640503,0.883712112903595,88.4638671875,3078934,
0.3621702194213867,0.30462387204170227,0.30462387204170227,0.30462387204170227,0.3949327766895294,0.9170427322387695,-0.11694183945655823,0.5,0.21794086694717407,0.7820591330528259,80.830078125,2813156,
0.05953477323055267,0.027719857171177864,0.027719857171177864,0.027719857171177864,0.11551413685083389,0.5153895020484924,-0.7400273680686951,0.5,0.4743334650993347,0.5256665349006653,79.1865234375,2755934,
0.19134171307086945,0.16710303723812103,0.16710303723812103,0.16710303723812103,-0.9807852506637573,-0.19509032368659973,0.0,0.5,0.34527498483657837,0.6547250151634216,64.4462890625,2242738,
0.16784287989139557,0.11499673873186111,0.11499673873186111,0.11499673873186111,-0.8157755732536316,-0.2057463824748993,0.3266535699367523,0.5,0.3935215473175049,0.6064784526824951,72.6689453125,2529018,
0.10343289375305176,0.04793323203921318,0.04793323203921318,0.04793323203921318,-0.5144404768943787,-0.2010590136051178,-0.5464223027229309,0.5,0.45561736822128296,0.544382631778717,56.6953125,1972880,
-0.032663192600011826,-0.02838893048465252,-0.02838893048465252,-0.02838893048465252,0.15912455320358276,-0.20526808500289917,0.8265620470046997,0.5,0.5262860059738159,0.4737139642238617,78.576171875,2734684,
-0.31772053241729736,-0.2516201436519623,-0.2516201436519623,-0.2516201436519623,0.6913600564002991,-0.45955872535705566,0.8836318850517273,0.5,0.7329815626144409,0.2670184075832367,105.943359375,3687500,
-0.12536564469337463,-0.09645166993141174,-0.09645166993141174,-0.09645166993141174,0.14561477303504944,-0.8609404563903809,0.49824491143226624,0.5,0.5893070697784424,0.41069290041923523,77.421875,2694496,
-0.3465471565723419,-0.3166247010231018,-0.3166247010231018,-0.3166247010231018,0.5402015447616577,-0.6415145397186279,-0.7657226324081421,0.5,0.7931709885597229,0.2068289965391159,91.732421875,3192732,
-0.31772053241729736,-0.22106318175792694,-0.22106318175792694,-0.22106318175792694,0.6913600564002991,-0.45955872535705566,-0.8836318850517273,0.5,0.7046881318092346,0.2953118681907654,110.4951171875,3845974,
-0.12536564469337463,-0.06390563398599625,-0.06390563398599625,-0.06390563398599625,0.14561477303504944,-0.8609404563903809,-0.49824491143226624,0.5,0.5591719150543213,0.4408281147480011,73.7451171875,2566486,
-0.2015865445137024,-0.11645152419805527,-0.11645152419805527,-0.11645152419805527,0.20695960521697998,-0.9740381240844727,0.11843368411064148,0.5,0.607825517654419,0.39217451214790344,80.78515625,2811592,
-0.2774706780910492,-0.20940883457660675,-0.20940883457660675,-0.20940883457660675,0.36040133237838745,-0.7698935866355896,0.636594295501709,0.5,0.693897008895874,0.3061029613018036,82.736328125,2879524,
-0.4680372178554535,-0.3408045470714569,-0.3408045470714569,-0.3408045470714569,0.5679612755775452,-0.8240653872489929,0.11662459373474121,0.5,0.8155597448348999,0.1844402402639389,82.400390625,2867828,
0.017938248813152313,0.06820422410964966,0.06820422410964966,0.06820422410964966,-0.05708052217960358,-0.31426218152046204,0.7363120913505554,0.5,0.4368479251861572,0.5631520748138428,68.470703125,2382852,
-0.05953477323055267,-0.050487175583839417,-0.050487175583839417,-0.050487175583839417,0.11551413685083389,-0.5153895020484924,0.7400273680686951,0.5,0.5467473268508911,0.4532526433467865,76.5859375,2665392,
0.22612649202346802,0.19662772119045258,0.19662772119045258,0.19662772119045258,-0.26966574788093567,-0.8385435938835144,0.3659834563732147,0.5,0.31793731451034546,0.6820626854896545,71.1357421875,2475638,
-0.4816945493221283,-0.34938615560531616,-0.34938615560531616,-0.34938615560531616,0.8774619102478027,-0.5489634871482849,0.3326731026172638,0.5,0.823505699634552,0.1764943152666092,94.34375,3283648,
-0.2007254809141159,-0.15741217136383057,-0.15741217136383057,-0.15741217136383057,1.0349390506744385,-0.19394908845424652,0.33719033002853394,0.5,0.6457520127296448,0.3542479872703552,106.7998046875,3717318,
-0.3510010838508606,-0.3040526509284973,-0.3040526509284973,-0.3040526509284973,0.9317439794540405,-0.3767140805721283,0.10868502408266068,0.5,0.7815302014350891,0.2184697836637497,104.36328125,3632488,
0.0,0.03383990377187729,0.03383990377187729,0.03383990377187729,0.9027535319328308,0.0,0.9960069060325623,0.5,0.46866679191589355,0.5313332080841064,135.373046875,4712124,
-0.188634991645813,-0.12093278765678406,-0.12093278765678406,-0.12093278765678406,0.8198972344398499,-0.23007149994373322,0.9664568305015564,0.5,0.611974835395813,0.3880251944065094,123.068359375,4283724,
0.31772053241729736,0.28686150908470154,0.28686150908470154,0.28686150908470154,0.6913600564002991,0.45955872535705566,0.8836318850517273,0.5,0.23438751697540283,0.7656124830245972,102.1318359375,3554798,
0.04589973762631416,-0.005961439106613398,-0.005961439106613398,-0.005961439106613398,-0.22732271254062653,-0.20191442966461182,0.6864694356918335,0.5,0.5055198669433594,0.494480162858963,74.87890625,2605960,
0.3417809307575226,0.28768104314804077,0.28768104314804077,0.28768104314804077,-0.46676766872406006,-0.7322292327880859,0.3461071848869324,0.5,0.23362869024276733,0.7663713097572327,62.2431640625,2166034,
0.10343289375305176,0.08096577227115631,0.08096577227115631,0.08096577227115631,-0.5144404768943787,-0.2010590136051178,0.5464223027229309,0.5,0.42503172159194946,0.5749682784080505,63.9345703125,2224922,
-0.017938248813152313,0.0028876480646431446,0.0028876480646431446,0.0028876480646431446,-0.05708052217960358,0.31426218152046204,0.7363120913505554,0.5,0.4973262548446655,0.5026737451553345,70.1796875,2442352,
-0.3417809307575226,-0.28471916913986206,-0.28471916913986206,-0.28471916913986206,-0.46676766872406006,0.7322292327880859,0.3461071848869324,0.5,0.7636288404464722,0.23637114465236664,66.4521484375,2312574,
0.12536564469337463,0.07062817364931107,0.07062817364931107,0.07062817364931107,0.14561477303504944,0.8609404563903809,0.49824491143226624,0.5,0.43460357189178467,0.5653964281082153,77.1279296875,2684262,
0.26514261960983276,0.2549362778663635,0.2549362778663635,0.2549362778663635,1.1986057758331299,0.22120919823646545,0.8056051731109619,0.5,0.26394790410995483,0.7360520958900452,145.2021484375,5054334,
0.188634991645813,0.14691707491874695,0.14691707491874695,0.14691707491874695,0.8198972344398499,0.23007149994373322,0.9664568305015564,0.5,0.3639656901359558,0.6360343098640442,115.587890625,4023284,
0.24261094629764557,0.19982977211475372,0.19982977211475372,0.19982977211475372,1.1642032861709595,0.20839224755764008,0.677026629447937,0.5,0.314972460269928,0.685027539730072,136.3935546875,4747654,
0.3465471565723419,0.22008338570594788,0.22008338570594788,0.22008338570594788,0.5402015447616577,0.6415145397186279,0.7657226324081421,0.5,0.2962190508842468,0.7037809491157532,95.384765625,3319892,
0.0938272476196289,0.0873505026102066,0.0873505026102066,0.0873505026102066,0.4571378231048584,0.2052493691444397,0.90751713514328,0.5,0.4191198945045471,0.5808801054954529,95.4697265625,3322850,
0.2774706780910492,0.22708848118782043,0.22708848118782043,0.22708848118782043,0.36040133237838745,0.7698935866355896,0.636594295501709,0.5,0.2897328734397888,0.7102671265602112,82.9052734375,2885406,
0.4816945493221283,0.3962875008583069,0.3962875008583069,0.3962875008583069,0.8774619102478027,0.5489634871482849,0.3326731026172638,0.5,0.13306713104248047,0.8669328689575195,102.404296875,3564284,
0.46142640709877014,0.3479205369949341,0.3479205369949341,0.3479205369949341,0.8413475155830383,0.5484373569488525,0.11363711208105087,0.5,0.1778513789176941,0.8221486210823059,99.1162109375,3449806,
0.2007254809141159,0.19764980673789978,0.19764980673789978,0.19764980673789978,1.0349390506744385,0.19394908845424652,0.33719033002853394,0.5,0.3169909715652466,0.6830090284347534,113.0615234375,3935326,
-0.19134171307086945,-0.17439420521259308,-0.17439420521259308,-0.17439420521259308,-0.19509032368659973,0.9807852506637573,0.0,0.5,0.6614761352539062,0.33852389454841614,66.51171875,2314648,
-0.22612649202346802,-0.2080347090959549,-0.2080347090959549,-0.2080347090959549,-0.26966574788093567,0.8385435938835144,0.3659834563732147,0.5,0.6926246881484985,0.3073752820491791,67.6142578125,2353034,
-0.13703720271587372,-0.09490645676851273,-0.09490645676851273,-0.09490645676851273,-0.26816877722740173,0.511011004447937,-0.5941444635391235,0.5,0.5878763198852539,0.4121236503124237,66.1845703125,2303258,
-0.3708835244178772,-0.3064236640930176,-0.3064236640930176,-0.3064236640930176,-0.6236332058906555,0.5947142243385315,0.33049750328063965,0.5,0.7837256193161011,0.21627439558506012,64.0458984375,2228798,
-0.13703720271587372,-0.1356150209903717,-0.1356150209903717,-0.1356150209903717,-0.26816877722740173,0.511011004447937,0.5941444635391235,0.5,0.6255694627761841,0.3744305372238159,63.9287109375,2224718,
-0.10343289375305176,-0.0662824884057045,-0.0662824884057045,-0.0662824884057045,-0.5144404768943787,0.2010590136051178,0.5464223027229309,0.5,0.5613726377487183,0.43862733244895935,58.9375,2050944,
0.032663192600011826,0.05083499476313591,0.05083499476313591,0.05083499476313591,0.15912455320358276,0.20526808500289917,-0.8265620470046997,0.5,0.4529305696487427,0.5470694303512573,78.2392578125,2722954,
0.0938272476196289,0.09015438705682755,0.09015438705682755,0.09015438705682755,0.4571378231048584,0.2052493691444397,-0.90751713514328,0.5,0.41652369499206543,0.5834763050079346,84.5400390625,2942322,
0.2774706780910492,0.2170867919921875,0.2170867919921875,0.2170867919921875,0.36040133237838745,0.7698935866355896,-0.636594295501709,0.5,0.29899370670318604,0.701006293296814,83.1806640625,2894994,
-0.19134171307086945,-0.10116363316774368,-0.10116363316774368,-0.10116363316774368,0.19509032368659973,-0.9807852506637573,0.0,0.5,0.5936700105667114,0.4063299894332886,75.732421875,2635676,
-0.3621702194213867,-0.2776426374912262,-0.2776426374912262,-0.2776426374912262,0.3949327766895294,-0.9170427322387695,0.11694183945655823,0.5,0.7570765018463135,0.24292349815368652,82.095703125,2857220,
-0.47437798976898193,-0.39570489525794983,-0.39570489525794983,-0.39570489525794983,0.5797190070152283,-0.8182895183563232,-0.23147180676460266,0.5,0.8663933873176575,0.13360659778118134,84.6240234375,2945246,
-0.5026333928108215,-0.3480781614780426,-0.3480781614780426,-0.3480781614780426,0.7179379463195801,-0.7001070380210876,0.11494878679513931,0.5,0.8222945928573608,0.17770542204380035,88.494140625,3079988,
-0.47437798976898193,-0.3699588477611542,-0.3699588477611542,-0.3699588477611542,0.5797190070152283,-0.8182895183563232,0.23147180676460266,0.5,0.8425544500350952,0.1574455201625824,84.3603515625,2936066,
-0.46142640709877014,-0.3149421215057373,-0.3149421215057373,-0.3149421215057373,0.8413475155830383,-0.5484373569488525,0.11363711208105087,0.5,0.7916130423545837,0.20838694274425507,95.908203125,3338116,
-0.20898206532001495,-0.15062837302684784,-0.15062837302684784,-0.15062837302684784,1.0745519399642944,-0.1944829821586609,-0.451192170381546,0.5,0.6394706964492798,0.3605292737483978,120.2880859375,4186926,
-0.40938717126846313,-0.3575859069824219,-0.3575859069824219,-0.3575859069824219,1.0435922145843506,-0.3922865390777588,-0.5607333183288574,0.5,0.8310980796813965,0.1689019501209259,121.525390625,4230004,
-0.2007254809141159,-0.1422969251871109,-0.1422969251871109,-0.1422969251871109,1.0349390506744385,-0.19394908845424652,-0.33719033002853394,0.5,0.6317564249038696,0.36824360489845276,109.1396484375,3798782,
0.0,0.015946123749017715,0.015946123749017715,0.015946123749017715,1.007444143295288,0.0,0.12224811315536499,0.5,0.4852350354194641,0.5147649645805359,102.099609375,3553676,
-0.19190570712089539,-0.18555723130702972,-0.18555723130702972,-0.18555723130702972,1.0063234567642212,-0.19069983065128326,0.22585441172122955,0.5,0.6718122959136963,0.3281877338886261,104.173828125,3625892,
0.19190570712089539,0.13846604526042938,0.13846604526042938,0.13846604526042938,1.0063234567642212,0.19069983065128326,0.22585441172122955,0.5,0.37179070711135864,0.6282092928886414,106.474609375,3705996,
-0.20898206532001495,-0.14481014013290405,-0.14481014013290405,-0.14481014013290405,1.0745519399642944,-0.1944829821586609,0.451192170381546,0.5,0.6340834498405457,0.36591655015945435,118.03125,4108352,
-0.36668816208839417,-0.27823176980018616,-0.27823176980018616,-0.27823176980018616,0.974707305431366,-0.37620335817337036,0.33010613918304443,0.5,0.7576220035552979,0.24237799644470215,114.486328125,3984932,
-0.40938717126846313,-0.32132983207702637,-0.32132983207702637,-0.32132983207702637,1.0435922145843506,-0.3922865390777588,0.5607333183288574,0.5,0.7975276112556458,0.20247238874435425,127.0859375,4423600,
0.20898206532001495,0.1367417424917221,0.1367417424917221,0.1367417424917221,1.0745519399642944,0.1944829821586609,0.451192170381546,0.5,0.37338727712631226,0.6266127228736877,110.14453125,3833768,
0.23257365822792053,0.24879099428653717,0.24879099428653717,0.24879099428653717,1.1181167364120483,0.20800480246543884,0.5660656094551086,0.5,0.2696380019187927,0.7303619980812073,128.0078125,4455696,
0.36668816208839417,0.2940630614757538,0.2940630614757538,0.2940630614757538,0.974707305431366,0.37620335817337036,0.33010613918304443,0.5,0.22771942615509033,0.7722805738449097,102.6552734375,3573022,
-0.2015865445137024,-0.18896479904651642,-0.18896479904651642,-0.18896479904651642,0.20695960521697998,-0.9740381240844727,-0.11843368411064148,0.5,0.6749674081802368,0.32503262162208557,73.1396484375,2545406,
-0.3621702194213867,-0.24528208374977112,-0.24528208374977112,-0.24528208374977112,0.3949327766895294,-0.9170427322387695,-0.11694183945655823,0.5,0.7271130084991455,0.2728869616985321,76.1962890625,2651826,
-0.2774706780910492,-0.20584630966186523,-0.20584630966186523,-0.20584630966186523,0.36040133237838745,-0.7698935866355896,-0.636594295501709,0.5,0.6905984282493591,0.30940157175064087,88.1923828125,3069482,
-0.5210404992103577,-0.39407360553741455,-0.39407360553741455,-0.39407360553741455,0.7490298748016357,-0.6956204175949097,-0.3439916968345642,0.5,0.8648829460144043,0.1351170390844345,93.482421875,3253660,
-0.4680372178554535,-0.3436149060726166,-0.3436149060726166,-0.3436149060726166,0.5679612755775452,-0.8240653872489929,-0.11662459373474121,0.5,0.8181619644165039,0.18183806538581848,88.8203125,3091344,
-0.46142640709877014,-0.3923567533493042,-0.3923567533493042,-0.3923567533493042,0.8413475155830383,-0.5484373569488525,-0.11363711208105087,0.5,0.8632932901382446,0.13670672476291656,94.283203125,3281540,
0.06129312142729759,0.07891378551721573,0.07891378551721573,0.07891378551721573,-0.06757162511348724,-0.9070837497711182,-0.368548184633255,0.5,0.4269316792488098,0.5730683207511902,72.8271484375,2534526,
-0.05953477323055267,-0.03741094470024109,-0.03741094470024109,-0.03741094470024109,0.11551413685083389,-0.5153895020484924,-0.7400273680686951,0.5,0.5346397161483765,0.46536025404930115,81.36328125,2831720,
0.22612649202346802,0.19894307851791382,0.19894307851791382,0.19894307851791382,-0.26966574788093567,-0.8385435938835144,-0.3659834563732147,0.5,0.3157934546470642,0.6842065453529358,68.6298828125,2388394,
0.0,-0.01368790678679943,-0.01368790678679943,-0.01368790678679943,1.2429207563400269,0.0,-0.8116539120674133,0.5,0.5126739740371704,0.4873259961605072,150.4384765625,5236642,
-0.24261094629764557,-0.1667999029159546,-0.1667999029159546,-0.1667999029159546,1.1642032861709595,-0.20839224755764008,-0.677026629447937,0.5,0.6544443368911743,0.3455556631088257,135.294921875,4709404,
0.40938717126846313,0.30521130561828613,0.30521130561828613,0.30521130561828613,1.0435922145843506,0.3922865390777588,-0.5607333183288574,0.5,0.21739697456359863,0.7826030254364014,118.7373046875,4132934,
-0.18736734986305237,-0.10662546008825302,-0.10662546008825302,-0.10662546008825302,0.9874192476272583,-0.18975460529327393,-0.1068711206316948,0.5,0.598727285861969,0.401272714138031,95.3623046875,3319110,
-0.19190570712089539,-0.109385646879673,-0.109385646879673,-0.109385646879673,1.0063234567642212,-0.19069983065128326,-0.22585441172122955,0.5,0.6012829542160034,0.3987170159816742,113.9013671875,3964566,
-0.3510010838508606,-0.29006314277648926,-0.29006314277648926,-0.29006314277648926,0.9317439794540405,-0.3767140805721283,-0.10868502408266068,0.5,0.768576979637146,0.231423020362854,104.1806640625,3626130,
0.5026333928108215,0.38852542638778687,0.38852542638778687,0.38852542638778687,0.7179379463195801,0.7001070380210876,-0.11494878679513931,0.5,0.14025425910949707,0.8597457408905029,91.91015625,3198920,
0.4680372178554535,0.3565264344215393,0.3565264344215393,0.3565264344215393,0.5679612755775452,0.8240653872489929,-0.11662459373474121,0.5,0.16988295316696167,0.8301170468330383,88.7724609375,3089678,
0.3510010838508606,0.3066581189632416,0.3066581189632416,0.3066581189632416,0.9317439794540405,0.3767140805721283,-0.10868502408266068,0.5,0.21605736017227173,0.7839426398277283,96.7724609375,3368206,
-0.0,0.018635010346770287,0.018635010346770287,0.018635010346770287,-0.8471566438674927,0.0,-0.31780439615249634,0.5,0.48274534940719604,0.517254650592804,61.2392578125,2131082,
0.16784287989139557,0.1665683388710022,0.1665683388710022,0.1665683388710022,-0.8157755732536316,-0.2057463824748993,-0.3266535699367523,0.5,0.34577006101608276,0.6542299389839172,66.5771484375,2316926,
-0.16784287989139557,-0.09577269852161407,-0.09577269852161407,-0.09577269852161407,-0.8157755732536316,0.2057463824748993,-0.3266535699367523,0.5,0.5886784195899963,0.41132158041000366,62.0458984375,2159166,
0.04589973762631416,0.06406433135271072,0.06406433135271072,0.06406433135271072,-0.22732271254062653,-0.20191442966461182,-0.6864694356918335,0.5,0.4406811594963074,0.5593188405036926,67.8359375,2360752,
0.3076164424419403,0.3046078085899353,0.3046078085899353,0.3046078085899353,-0.7358023524284363,-0.41806939244270325,-0.3315708041191101,0.5,0.21795576810836792,0.7820442318916321,64.404296875,2241276,
0.3417809307575226,0.28336313366889954,0.28336313366889954,0.28336313366889954,-0.46676766872406006,-0.7322292327880859,-0.3461071848869324,0.5,0.23762673139572144,0.7623732686042786,64.7568359375,2253550,
-0.04589973762631416,-0.055569592863321304,-0.055569592863321304,-0.055569592863321304,-0.22732271254062653,0.20191442966461182,-0.6864694356918335,0.5,0.5514533519744873,0.4485466778278351,68.2119140625,2373842,
-0.3417809307575226,-0.2954515218734741,-0.2954515218734741,-0.2954515218734741,-0.46676766872406006,0.7322292327880859,-0.3461071848869324,0.5,0.7735662460327148,0.22643378376960754,63.92578125,2224616,
-0.3076164424419403,-0.2979353964328766,-0.2979353964328766,-0.2979353964328766,-0.7358023524284363,0.41806939244270325,-0.3315708041191101,0.5,0.7758660912513733,0.2241339087486267,67.2763671875,2341270,
0.19134171307086945,0.10992397367954254,0.10992397367954254,0.10992397367954254,0.9807852506637573,0.19509032368659973,0.0,0.5,0.39821857213974,0.60178142786026,98.2216796875,3418662,
0.3510010838508606,0.22628241777420044,0.22628241777420044,0.22628241777420044,0.9317439794540405,0.3767140805721283,0.10868502408266068,0.5,0.29047924280166626,0.7095207571983337,106.6884765625,3713442,
0.46142640709877014,0.3538825809955597,0.3538825809955597,0.3538825809955597,0.8413475155830383,0.5484373569488525,-0.11363711208105087,0.5,0.17233091592788696,0.827669084072113,96.5263671875,3359638,
0.5026333928108215,0.39241471886634827,0.39241471886634827,0.39241471886634827,0.7179379463195801,0.7001070380210876,0.11494878679513931,0.5,0.13665300607681274,0.8633469939231873,87.9306640625,3060370,
0.46804845333099365,0.41994908452033997,0.41994908452033997,0.41994908452033997,0.8565521836280823,0.5464330911636353,0.22036509215831757,0.5,0.11115825176239014,0.8888417482376099,105.3837890625,3668018,
0.47437798976898193,0.37572431564331055,0.37572431564331055,0.37572431564331055,0.5797190070152283,0.8182895183563232,0.23147180676460266,0.5,0.1521071195602417,0.8478928804397583,85.1259765625,2962722,
0.18736734986305237,0.14102672040462494,0.14102672040462494,0.14102672040462494,0.9874192476272583,0.18975460529327393,-0.1068711206316948,0.5,0.3694196939468384,0.6305803060531616,100.6181640625,3502098,
0.46804845333099365,0.3656081557273865,0.3656081557273865,0.3656081557273865,0.8565521836280823,0.5464330911636353,-0.22036509215831757,0.5,0.16147392988204956,0.8385260701179504,96.98828125,3375720,
0.19190570712089539,0.11992757767438889,0.11992757767438889,0.11992757767438889,1.0063234567642212,0.19069983065128326,-0.22585441172122955,0.5,0.3889559507369995,0.6110440492630005,109.83203125,3822888,
0.26514261960983276,0.2234773486852646,0.2234773486852646,0.2234773486852646,1.1986057758331299,0.22120919823646545,-0.8056051731109619,0.5,0.2930765151977539,0.7069234848022461,144.138671875,5017308,
0.24261094629764557,0.1981092393398285,0.1981092393398285,0.1981092393398285,1.1642032861709595,0.20839224755764008,-0.677026629447937,0.5,0.3165655732154846,0.6834344267845154,129.97265625,4524104,
0.188634991645813,0.18070916831493378,0.18070916831493378,0.18070916831493378,0.8198972344398499,0.23007149994373322,-0.9664568305015564,0.5,0.3326767086982727,0.6673232913017273,120.1904296875,4183526,
0.49828004837036133,0.4133853316307068,0.4133853316307068,0.4133853316307068,0.9039580821990967,0.5512202978134155,-0.44557416439056396,0.5,0.11723583936691284,0.8827641606330872,110.4853515625,3845634,
0.23257365822792053,0.15753404796123505,0.15753404796123505,0.15753404796123505,1.1181167364120483,0.20800480246543884,-0.5660656094551086,0.5,0.3541351556777954,0.6458648443222046,123.6982421875,4305654,
0.2007254809141159,0.16957955062389374,0.16957955062389374,0.16957955062389374,1.0349390506744385,0.19394908845424652,-0.33719033002853394,0.5,0.34298187494277954,0.6570181250572205,120.517578125,4194916,
-0.017938248813152313,-0.010996266268193722,-0.010996266268193722,-0.010996266268193722,-0.05708052217960358,0.31426218152046204,-0.7363120913505554,0.5,0.5101817846298218,0.4898182451725006,67.3486328125,2343786,
0.12536564469337463,0.09127812087535858,0.09127812087535858,0.09127812087535858,0.14561477303504944,0.8609404563903809,-0.49824491143226624,0.5,0.4154832363128662,0.5845167636871338,79.2177734375,2757022,
-0.22612649202346802,-0.21691299974918365,-0.21691299974918365,-0.21691299974918365,-0.26966574788093567,0.8385435938835144,-0.3659834563732147,0.5,0.7008453607559204,0.2991546392440796,66.6142578125,2318218,
0.09754516184329987,0.11540055274963379,0.11540055274963379,0.11540055274963379,-0.0980171412229538,-0.9951847195625305,0.0,0.5,0.39314764738082886,0.6068523526191711,82.376953125,2867012,
-0.14456912875175476,-0.13875648379325867,-0.13875648379325867,-0.13875648379325867,1.2348688840866089,-0.1170724481344223,0.87898850440979,0.5,0.6284782290458679,0.3715217709541321,154.9130859375,5392430,
-0.0,0.02207959070801735,0.02207959070801735,0.02207959070801735,-0.9539758563041687,0.0,0.17493857443332672,0.5,0.47955596446990967,0.5204440355300903,59.0966796875,2056486,
0.10338743031024933,0.04059296473860741,0.04059296473860741,0.04059296473860741,0.1041005477309227,0.9931497573852539,0.05951031669974327,0.5,0.4624139070510864,0.5375860929489136,64.09375,2230464,
-0.09754516184329987,-0.12256495654582977,-0.12256495654582977,-0.12256495654582977,-0.9951847195625305,0.0980171412229538,0.0,0.5,0.6134860515594482,0.38651391863822937,65.1611328125,2267626,
-0.09754516184329987,-0.13737863302230835,-0.13737863302230835,-0.13737863302230835,0.9951847195625305,-0.0980171412229538,0.0,0.5,0.6272023916244507,0.37279757857322693,106.1552734375,3694878,
0.0,0.008366405963897705,0.008366405963897705,0.008366405963897705,1.249373197555542,0.0,0.8800055384635925,0.5,0.49225330352783203,0.507746696472168,150.8720703125,5251738,
-0.14456912875175476,-0.1015157401561737,-0.1015157401561737,-0.1015157401561737,1.2348688840866089,-0.1170724481344223,-0.87898850440979,0.5,0.5939960479736328,0.4060039520263672,151.5751953125,5276218,
0.0,0.04014486446976662,0.04014486446976662,0.04014486446976662,1.001873254776001,0.0,-0.06123706325888634,0.5,0.4628288149833679,0.5371711850166321,106.3818359375,3702766,
0.0,0.004950633272528648,0.004950633272528648,0.004950633272528648,1.063554286956787,0.0,-0.9976712465286255,0.5,0.4954160451889038,0.5045839548110962,139.7099609375,4863118,
0.09754516184329987,0.05973276123404503,0.05973276123404503,0.05973276123404503,0.0980171412229538,0.9951847195625305,0.0,0.5,0.44469189643859863,0.5553081035614014,73.767578125,2567268,
0.10338743031024933,0.0261718537658453,0.0261718537658453,0.0261718537658453,0.1041005477309227,0.9931497573852539,-0.05951031669974327,0.5,0.47576677799224854,0.5242332220077515,76.517578125,2663012,
0.49039262533187866,0.44092103838920593,0.44092103838920593,0.44092103838920593,-0.7730104327201843,-0.6343932747840881,0.0,0.5,0.09173983335494995,0.90826016664505,67.3701171875,2344534,
-0.4876222610473633,-0.36967968940734863,-0.36967968940734863,-0.36967968940734863,0.673697292804718,-0.7238002419471741,0.6345412135124207,0.5,0.8422960042953491,0.15770401060581207,100.94140625,3513352,
-0.008050572127103806,-0.01513174269348383,-0.01513174269348383,-0.01513174269348383,0.07828113436698914,-0.10284178704023361,-0.8098421692848206,0.5,0.5140109062194824,0.4859890937805176,77.5439453125,2698746,
-0.5132384300231934,-0.37180113792419434,-0.37180113792419434,-0.37180113792419434,0.6799924969673157,-0.7547706961631775,0.40232059359550476,0.5,0.8442603349685669,0.1557396948337555,95.337890625,3318260,
0.03492049500346184,0.0751364678144455,0.0751364678144455,0.0751364678144455,-0.03566347435116768,-0.9791669845581055,0.18995872139930725,0.5,0.4304291605949402,0.5695708394050598,62.9599609375,2190990,
-0.09488225728273392,-0.05502920597791672,-0.05502920597791672,-0.05502920597791672,0.9968713521957397,-0.09518004208803177,0.053268153220415115,0.5,0.5509529709815979,0.4490470290184021,101.58203125,3535656,
0.0,0.007605330087244511,0.007605330087244511,0.007605330087244511,0.14585982263088226,0.0,0.8346499800682068,0.5,0.49295806884765625,0.5070419311523438,79.46875,2765760,
0.4615096151828766,0.3954378664493561,0.3954378664493561,0.3954378664493561,-0.6873518824577332,-0.6714313626289368,0.1785559207201004,0.5,0.13385379314422607,0.8661462068557739,66.443359375,2312268,
-0.03492049500346184,-0.012882187962532043,-0.012882187962532043,-0.012882187962532043,-0.03566347435116768,0.9791669845581055,0.18995872139930725,0.5,0.5119279623031616,0.48807206749916077,72.908203125,2537348,
0.5325952768325806,0.4098396599292755,0.4098396599292755,0.4098396599292755,0.849295973777771,0.6271020770072937,0.5128351449966431,0.5,0.12051880359649658,0.8794811964035034,105.833984375,3683692,
0.008050572127103806,-0.018633536994457245,-0.018633536994457245,-0.018633536994457245,0.07828113436698914,0.10284178704023361,0.8098421692848206,0.5,0.5172532796859741,0.4827467203140259,70.25390625,2444936,
0.09488225728273392,0.10001660883426666,0.10001660883426666,0.10001660883426666,0.9968713521957397,0.09518004208803177,0.053268153220415115,0.5,0.4073920249938965,0.5926079750061035,104.154296875,3625212,
-0.49039262533187866,-0.44197115302085876,-0.44197115302085876,-0.44197115302085876,-0.6343932747840881,0.7730104327201843,0.0,0.5,0.9092325568199158,0.09076746553182602,62.96875,2191296,
-0.011689490638673306,-0.024592652916908264,-0.024592652916908264,-0.024592652916908264,-0.11548805981874466,0.10121817141771317,0.7407165169715881,0.5,0.5227710008621216,0.4772290289402008,67.28515625,2341576,
0.4876222610473633,0.39068642258644104,0.39068642258644104,0.39068642258644104,0.673697292804718,0.7238002419471741,-0.6345412135124207,0.5,0.13825327157974243,0.8617467284202576,99.900390625,3477108,
-0.49039262533187866,-0.38423967361450195,-0.38423967361450195,-0.38423967361450195,0.6343932747840881,-0.7730104327201843,0.0,0.5,0.8557774424552917,0.14422254264354706,90.0751953125,3135034,
-0.52653968334198,-0.4268089532852173,-0.4268089532852173,-0.4268089532852173,0.7574213743209839,-0.6951740384101868,0.40115392208099365,0.5,0.8951934576034546,0.10480654239654541,100.0947265625,3483874,
-0.5257759690284729,-0.3750973641872406,-0.3750973641872406,-0.3750973641872406,0.8388196229934692,-0.6268045902252197,-0.45117148756980896,0.5,0.847312331199646,0.15268763899803162,104.0400390625,3621234,
0.0,-0.003130286233499646,-0.003130286233499646,-0.003130286233499646,1.0830363035202026,0.0,0.4176413416862488,0.5,0.5028983950614929,0.4971016049385071,118.580078125,4127460,
-0.5257759690284729,-0.39422887563705444,-0.39422887563705444,-0.39422887563705444,0.8388196229934692,-0.6268045902252197,0.45117148756980896,0.5,0.8650267124176025,0.13497327268123627,105.1806640625,3660946,
0.5257759690284729,0.4558683931827545,0.4558683931827545,0.4558683931827545,0.8388196229934692,0.6268045902252197,0.45117148756980896,0.5,0.07789963483810425,0.9221003651618958,103.1865234375,3591518,
-0.5132384300231934,-0.41484400629997253,-0.41484400629997253,-0.41484400629997253,0.6799924969673157,-0.7547706961631775,-0.40232059359550476,0.5,0.8841148018836975,0.11588519811630249,86.0224609375,2993934,
-0.5006556510925293,-0.3637692332267761,-0.3637692332267761,-0.3637692332267761,0.7120401263237,-0.703128457069397,-0.05749072507023811,0.5,0.8368233442306519,0.16317665576934814,97.02734375,3377080,
0.0049036601558327675,-0.021107889711856842,-0.021107889711856842,-0.021107889711856842,-0.031085262075066566,-0.15774871408939362,-0.7679311633110046,0.5,0.5195443630218506,0.4804556369781494,75.7333984375,2635710,
0.0,-0.027053747326135635,-0.027053747326135635,-0.027053747326135635,1.1286640167236328,0.0,-0.5294628143310547,0.5,0.5250498056411743,0.47495022416114807,122.7607421875,4273014,
-0.5187563896179199,-0.410751610994339,-0.410751610994339,-0.410751610994339,0.8272898197174072,-0.6270552277565002,-0.3943341076374054,0.5,0.8803255558013916,0.119674451649189,101.7392578125,3541130,
0.52653968334198,0.443493515253067,0.443493515253067,0.443493515253067,0.7574213743209839,0.6951740384101868,-0.40115392208099365,0.5,0.08935785293579102,0.910642147064209,99.2158203125,3453274,
-0.0,0.04002219811081886,0.04002219811081886,0.04002219811081886,-0.14919321238994598,0.0,-0.7305352687835693,0.5,0.4629424214363098,0.5370575785636902,68.287109375,2376460,
0.4615096151828766,0.4070255160331726,0.4070255160331726,0.4070255160331726,-0.6873518824577332,-0.6714313626289368,-0.1785559207201004,0.5,0.12312453985214233,0.8768754601478577,64.341796875,2239100,
-0.4615096151828766,-0.44110506772994995,-0.44110506772994995,-0.44110506772994995,-0.6873518824577332,0.6714313626289368,-0.1785559207201004,0.5,0.9084305763244629,0.09156940132379532,61.1357421875,2127478,
0.49039262533187866,0.3645900785923004,0.3645900785923004,0.3645900785923004,0.7730104327201843,0.6343932747840881,0.0,0.5,0.16241657733917236,0.8375834226608276,96.2041015625,3348418,
0.52653968334198,0.43575671315193176,0.43575671315193176,0.43575671315193176,0.7574213743209839,0.6951740384101868,0.40115392208099365,0.5,0.09652155637741089,0.9034784436225891,94.22265625,3279432,
0.5187563896179199,0.43107107281684875,0.43107107281684875,0.43107107281684875,0.8272898197174072,0.6270552277565002,-0.3943341076374054,0.5,0.1008601188659668,0.8991398811340332,100.11328125,3484520,
0.5325952768325806,0.44581541419029236,0.44581541419029236,0.44581541419029236,0.849295973777771,0.6271020770072937,-0.5128351449966431,0.5,0.08720797300338745,0.9127920269966125,109.294921875,3804188,
0.10698491334915161,0.11420117318630219,0.11420117318630219,0.11420117318630219,1.094517707824707,0.09774617105722427,-0.46099087595939636,0.5,0.39425814151763916,0.6057418584823608,117.7158203125,4097370,
-0.03492049500346184,-0.07675065845251083,-0.07675065845251083,-0.07675065845251083,-0.03566347435116768,0.9791669845581055,-0.18995872139930725,0.5,0.5710654258728027,0.42893457412719727,74.2958984375,2585662,
0.41573482751846313,0.3378284275531769,0.3378284275531769,0.3378284275531769,-0.4713967442512512,-0.8819212913513184,0.0,0.5,0.18719589710235596,0.812804102897644,67.8828125,2362384,
0.1019199937582016,0.04364261403679848,0.04364261403679848,0.04364261403679848,-0.18047969043254852,-0.5647172331809998,0.6114184260368347,0.5,0.4595901370048523,0.5404098629951477,69.7685546875,2428038,
0.16122570633888245,0.12048181891441345,0.12048181891441345,0.12048181891441345,-0.35382533073425293,-0.45566466450691223,-0.5725221633911133,0.5,0.3884428143501282,0.6115571856498718,62.265625,2166816,
-0.4833839237689972,-0.4165515899658203,-0.4165515899658203,-0.4165515899658203,1.0052906274795532,-0.48083996772766113,0.6237718462944031,0.5,0.8856959342956543,0.11430409550666809,117.9794921875,4106550,
-0.053916916251182556,-0.0962195172905922,-0.0962195172905922,-0.0962195172905922,0.5241593718528748,-0.10286359488964081,0.932678759098053,0.5,0.5890921354293823,0.4109078645706177,102.443359375,3565644,
-0.11695151031017303,-0.1113361269235611,-0.1113361269235611,-0.1113361269235611,1.1172362565994263,-0.10467930138111115,0.5179083943367004,0.5,0.6030889749526978,0.39691102504730225,120.572265625,4196820,
-0.0,0.02379370853304863,0.02379370853304863,0.02379370853304863,-0.43932709097862244,0.0,0.6003449559211731,0.5,0.47796881198883057,0.5220311880111694,60.869140625,2118196,
0.3553360104560852,0.31061217188835144,0.31061217188835144,0.31061217188835144,-0.8587449193000793,-0.41378527879714966,0.18222446739673615,0.5,0.21239620447158813,0.7876037955284119,63.818359375,2220876,
-0.24401487410068512,-0.22388729453086853,-0.22388729453086853,-0.22388729453086853,-0.5927343964576721,0.4116765856742859,0.4481181502342224,0.5,0.7073030471801758,0.2926969528198242,67.1787109375,2337870,
0.4310447871685028,0.339238703250885,0.339238703250885,0.339238703250885,0.5001372694969177,0.8618529438972473,0.29023075103759766,0.5,0.1858900785446167,0.8141099214553833,86.6279296875,3015014,
0.006456561386585236,0.015291191637516022,0.015291191637516022,0.015291191637516022,0.011385278776288033,0.5670973658561707,0.6848316788673401,0.5,0.48584145307540894,0.5141585469245911,75.921875,2642272,
0.4922001361846924,0.38879600167274475,0.38879600167274475,0.38879600167274475,0.6402074098587036,0.7688135504722595,0.05824539065361023,0.5,0.14000368118286133,0.8599963188171387,90.24609375,3140984,
-0.41573482751846313,-0.3833254277706146,-0.3833254277706146,-0.3833254277706146,-0.8819212913513184,0.4713967442512512,0.0,0.5,0.8549309372901917,0.14506906270980835,66.02734375,2297784,
-0.07313007861375809,-0.0626874566078186,-0.0626874566078186,-0.0626874566078186,-0.7047923803329468,0.10376116633415222,0.43530556559562683,0.5,0.5580439567565918,0.4419560730457306,62.1640625,2163280,
-0.14355683326721191,-0.12330633401870728,-0.12330633401870728,-0.12330633401870728,-0.47754594683647156,0.300613671541214,-0.5495237708091736,0.5,0.6141725182533264,0.3858274817466736,69.60546875,2422360,
-0.41573482751846313,-0.3206591010093689,-0.3206591010093689,-0.3206591010093689,0.8819212913513184,-0.4713967442512512,0.0,0.5,0.796906590461731,0.20309343934059143,104.39453125,3633576,
-0.41954776644706726,-0.3359510004520416,-0.3359510004520416,-0.3359510004520416,0.9067606925964355,-0.46268853545188904,0.21765606105327606,0.5,0.8110657334327698,0.18893426656723022,107.7421875,3750128,
-0.4987002909183502,-0.3908739387989044,-0.3908739387989044,-0.3908739387989044,0.7982613444328308,-0.6247330904006958,-0.22444559633731842,0.5,0.8619202971458435,0.1380797028541565,102.2587890625,3559218,
0.0,0.009665753692388535,0.009665753692388535,0.009665753692388535,1.1773520708084106,0.0,0.6386072635650635,0.5,0.49105024337768555,0.5089497566223145,133.6806640625,4653202,
-0.3470750153064728,-0.2771986722946167,-0.2771986722946167,-0.2771986722946167,1.1266417503356934,-0.3080615699291229,0.6767212748527527,0.5,0.7566654086112976,0.2433345764875412,130.5986328125,4545898,
0.39637699723243713,0.30976784229278564,0.30976784229278564,0.30976784229278564,1.0254521369934082,0.3865387737751007,0.5013416409492493,0.5,0.21317791938781738,0.7868220806121826,111.712890625,3888372,
-0.4833839237689972,-0.41878798604011536,-0.41878798604011536,-0.41878798604011536,1.0052906274795532,-0.48083996772766113,-0.6237718462944031,0.5,0.8877666592597961,0.11223336309194565,118.4306640625,4122258,
-0.11695151031017303,-0.1429545134305954,-0.1429545134305954,-0.1429545134305954,1.1172362565994263,-0.10467930138111115,-0.5179083943367004,0.5,0.6323652863502502,0.36763471364974976,119.5849609375,4162446,
-0.12017130851745605,-0.06589356809854507,-0.06589356809854507,-0.06589356809854507,0.39179643988609314,-0.30671873688697815,-0.8751800656318665,0.5,0.5610125660896301,0.4389874339103699,100.6650390625,3503730,
0.0,-0.06247007101774216,-0.06247007101774216,-0.06247007101774216,1.0444680452346802,0.0,-0.30184710025787354,0.5,0.5578426718711853,0.4421573281288147,104.9951171875,3654486,
-0.3601171374320984,-0.2575105130672455,-0.2575105130672455,-0.2575105130672455,0.9606220722198486,-0.3748790919780731,-0.2735316753387451,0.5,0.7384356260299683,0.26156434416770935,109.2490234375,3802590,
0.37463417649269104,0.30932629108428955,0.30932629108428955,0.30932629108428955,0.9904463887214661,0.37824779748916626,-0.38620129227638245,0.5,0.21358680725097656,0.7864131927490234,111.9892578125,3897994,
0.0,-0.007369703147560358,-0.007369703147560358,-0.007369703147560358,0.44248417019844055,0.0,-0.9171167016029358,0.5,0.5068237781524658,0.4931761920452118,95.873046875,3336892,
-0.3533339202404022,-0.2957664728164673,-0.2957664728164673,-0.2957664728164673,0.9632014036178589,-0.3668328523635864,-0.9237807989120483,0.5,0.773857831954956,0.22614216804504395,138.5068359375,4821230,
0.2214699685573578,0.1513078659772873,0.1513078659772873,0.1513078659772873,0.5084482431411743,0.43558016419410706,-0.8667728900909424,0.5,0.3599001169204712,0.6400998830795288,94.4619140625,3287762,
0.41573482751846313,0.33652690052986145,0.33652690052986145,0.33652690052986145,0.4713967442512512,0.8819212913513184,0.0,0.5,0.1884009838104248,0.8115990161895752,80.3359375,2795952,
0.365464985370636,0.27870362997055054,0.27870362997055054,0.27870362997055054,0.40054795145988464,0.9124125838279724,0.17538680136203766,0.5,0.24194109439849854,0.7580589056015015,78.345703125,2726660,
0.5018079280853271,0.36811819672584534,0.36811819672584534,0.36811819672584534,0.6591114401817322,0.7613400220870972,-0.23031719028949738,0.5,0.15914982557296753,0.8408501744270325,88.884765625,3093588,
0.4310447871685028,0.31885531544685364,0.31885531544685364,0.31885531544685364,0.5001372694969177,0.8618529438972473,-0.29023075103759766,0.5,0.20476359128952026,0.7952364087104797,81.7802734375,2846238,
0.358171671628952,0.23236478865146637,0.23236478865146637,0.23236478865146637,0.38896432518959045,0.9208342432975769,-0.058476343750953674,0.5,0.2848474383354187,0.7151525616645813,80.26171875,2793368,
0.10216231644153595,0.10340230166912079,0.10340230166912079,0.10340230166912079,0.22121845185756683,0.4618164300918579,-0.7901093363761902,0.5,0.4042571187019348,0.5957428812980652,81.197265625,2825940,
0.27778512239456177,0.2221352905035019,0.2221352905035019,0.2221352905035019,-0.9569403529167175,-0.290284663438797,0.0,0.5,0.29431915283203125,0.7056808471679688,62.9326171875,2190038,
0.07313007861375809,0.09078238159418106,0.09078238159418106,0.09078238159418106,-0.7047923803329468,-0.10376116633415222,0.43530556559562683,0.5,0.4159422516822815,0.5840577483177185,62.740234375,2183340,
0.05520976707339287,0.044068511575460434,0.044068511575460434,0.044068511575460434,-0.5481129884719849,-0.10072698444128036,-0.5376205444335938,0.5,0.4591957926750183,0.5408042073249817,63.4189453125,2206970,
-0.07438196986913681,-0.022727733477950096,-0.022727733477950096,-0.022727733477950096,0.24239757657051086,-0.3068593740463257,0.8355465531349182,0.5,0.5210441946983337,0.47895580530166626,84.5712890625,2943410,
-0.44719868898391724,-0.42471176385879517,-0.42471176385879517,-0.42471176385879517,0.9069684147834778,-0.49306973814964294,0.8503292798995972,0.5,0.8932515978813171,0.10674837976694107,133.5361328125,4648170,
-0.016206303611397743,-0.016878167167305946,-0.016878167167305946,-0.016878167167305946,0.02152836136519909,-0.7527885437011719,0.5788156986236572,0.5,0.5156279802322388,0.4843720495700836,72.478515625,2522388,
-0.2288799285888672,-0.17639398574829102,-0.17639398574829102,-0.17639398574829102,0.4314142167568207,-0.530534029006958,-0.8150451183319092,0.5,0.6633277535438538,0.33667224645614624,92.7744140625,3229010,
-0.44719868898391724,-0.36855730414390564,-0.36855730414390564,-0.36855730414390564,0.9069684147834778,-0.49306973814964294,-0.8503292798995972,0.5,0.8412567377090454,0.1587432473897934,120.4599609375,4192910,
-0.25709548592567444,-0.17551884055137634,-0.17551884055137634,-0.17551884055137634,0.28060382604599,-0.9162222743034363,-0.37558749318122864,0.5,0.6625174283981323,0.3374825716018677,76.5,2662400,
-0.29058894515037537,-0.17992037534713745,-0.17992037534713745,-0.17992037534713745,0.30760449171066284,-0.9446836709976196,0.17646603286266327,0.5,0.6665929555892944,0.33340707421302795,74.896484375,2606572,
-0.20397412776947021,-0.12085461616516113,-0.12085461616516113,-0.12085461616516113,0.3389100730419159,-0.6018532514572144,0.7614215016365051,0.5,0.6119024157524109,0.3880975842475891,87.40234375,3041976,
-0.4922001361846924,-0.32857826352119446,-0.32857826352119446,-0.32857826352119446,0.6402074098587036,-0.7688135504722595,0.05824539065361023,0.5,0.8042391538619995,0.19576087594032288,90.26171875,3141528,
0.03626464307308197,0.0387081541121006,0.0387081541121006,0.0387081541121006,-0.07743994891643524,-0.4682937264442444,0.689378559589386,0.5,0.46415913105010986,0.5358408689498901,65.77734375,2289080,
-0.10216231644153595,-0.11567527800798416,-0.11567527800798416,-0.11567527800798416,0.22121845185756683,-0.4618164300918579,0.7901093363761902,0.5,0.6071066856384277,0.3928932845592499,77.212890625,2687220,
0.3056265115737915,0.3213042914867401,0.3213042914867401,0.3213042914867401,-0.33688920736312866,-0.9072018265724182,0.19263869524002075,0.5,0.20249605178833008,0.7975039482116699,63.705078125,2216932,
-0.4257162809371948,-0.35630497336387634,-0.35630497336387634,-0.35630497336387634,0.9173418283462524,-0.4640759527683258,0.2736110985279083,0.5,0.829912006855011,0.1700880080461502,105.2861328125,3664618,
-0.1008635014295578,-0.1252097338438034,-0.1252097338438034,-0.1252097338438034,1.0358633995056152,-0.0973714292049408,0.2889202833175659,0.5,0.6159349679946899,0.38406506180763245,111.5791015625,3883714,
-0.3514154255390167,-0.26831144094467163,-0.26831144094467163,-0.26831144094467163,0.9266625642776489,-0.379226952791214,0.05439986661076546,0.5,0.7484365105628967,0.25156348943710327,105.7099609375,3679374,
0.0,-0.004561026580631733,-0.004561026580631733,-0.004561026580631733,0.7470735311508179,0.0,0.9778786301612854,0.5,0.5042231678962708,0.49577683210372925,117.095703125,4075780,
-0.3533339202404022,-0.24407340586185455,-0.24407340586185455,-0.24407340586185455,0.9632014036178589,-0.3668328523635864,0.9237807989120483,0.5,0.7259938716888428,0.2740061283111572,129.8720703125,4520602,
0.44719868898391724,0.4119061827659607,0.4119061827659607,0.4119061827659607,0.9069684147834778,0.49306973814964294,0.8503292798995972,0.5,0.11860537528991699,0.881394624710083,127.0341796875,4421798,
0.10103774070739746,0.09820646792650223,0.09820646792650223,0.09820646792650223,-0.3350672125816345,-0.3015446960926056,0.6223199963569641,0.5,0.40906810760498047,0.5909318923950195,63.11328125,2196328,
0.37971916794776917,0.3500349223613739,0.3500349223613739,0.3500349223613739,-0.44197389483451843,-0.859143853187561,0.18621593713760376,0.5,0.1758936047554016,0.8241063952445984,69.6611328125,2424298,
0.05520976707339287,0.07777107506990433,0.07777107506990433,0.07777107506990433,-0.5481129884719849,-0.10072698444128036,0.5376205444335938,0.5,0.42798978090286255,0.5720102190971375,64.03125,2228288,
-0.03626464307308197,-0.04250325635075569,-0.04250325635075569,-0.04250325635075569,-0.07743994891643524,0.4682937264442444,0.689378559589386,0.5,0.5393549203872681,0.4606451094150543,71.171875,2476896,
-0.37971916794776917,-0.3741365373134613,-0.3741365373134613,-0.3741365373134613,-0.44197389483451843,0.859143853187561,0.18621593713760376,0.5,0.8464226722717285,0.1535772979259491,64.2763671875,2236822,
0.25709548592567444,0.19197745621204376,0.19197745621204376,0.19197745621204376,0.28060382604599,0.9162222743034363,0.37558749318122864,0.5,0.3222430944442749,0.6777569055557251,77.365234375,2692524,
0.3591826260089874,0.2969262897968292,0.2969262897968292,0.2969262897968292,1.1427074670791626,0.3143259584903717,0.7419954538345337,0.5,0.22506821155548096,0.774931788444519,138.4189453125,4818170,
0.08156879246234894,0.09389303624629974,0.09389303624629974,0.09389303624629974,0.7050383687019348,0.11569412052631378,0.966504693031311,0.5,0.4130619764328003,0.5869380235671997,115.2880859375,4012846,
0.1249939501285553,0.15461613237857819,0.15461613237857819,0.15461613237857819,1.189099669456482,0.10511646419763565,0.6825147867202759,0.5,0.3568369150161743,0.6431630849838257,140.6845703125,4897050,
0.2288799285888672,0.2121700942516327,0.2121700942516327,0.2121700942516327,0.4314142167568207,0.530534029006958,0.8150451183319092,0.5,0.3035462498664856,0.6964537501335144,93.1376953125,3241658,
0.053916916251182556,0.03077232837677002,0.03077232837677002,0.03077232837677002,0.5241593718528748,0.10286359488964081,0.932678759098053,0.5,0.47150713205337524,0.5284928679466248,99.2646484375,3454974,
0.34166961908340454,0.2812930643558502,0.2812930643558502,0.2812930643558502,0.3909006714820862,0.874057412147522,0.44645363092422485,0.5,0.23954343795776367,0.7604565620422363,76.29296875,2655192,
0.4257162809371948,0.30049440264701843,0.30049440264701843,0.30049440264701843,0.9173418283462524,0.4640759527683258,0.2736110985279083,0.5,0.22176450490951538,0.7782354950904846,105.853515625,3684372,
0.413683146238327,0.3474954664707184,0.3474954664707184,0.3474954664707184,0.8855814933776855,0.467131644487381,0.056672777980566025,0.5,0.178244948387146,0.821755051612854,104.76953125,3646632,
0.29635491967201233,0.27516260743141174,0.27516260743141174,0.27516260743141174,1.0257588624954224,0.2889128625392914,0.3880269229412079,0.5,0.24521976709365845,0.7547802329063416,111.8583984375,3893438,
-0.27778512239456177,-0.296682208776474,-0.296682208776474,-0.296682208776474,-0.290284663438797,0.9569403529167175,0.0,0.5,0.7747057676315308,0.22529426217079163,68.2314453125,2374522,
-0.1374419778585434,-0.14609573781490326,-0.14609573781490326,-0.14609573781490326,-0.1863371878862381,0.737598180770874,0.508204460144043,0.5,0.635273814201355,0.36472615599632263,64.302734375,2237740,
-0.1019199937582016,-0.07582009583711624,-0.07582009583711624,-0.07582009583711624,-0.18047969043254852,0.5647172331809998,-0.6114184260368347,0.5,0.5702037811279297,0.4297962188720703,66.501953125,2314308,
-0.2696281671524048,-0.23286134004592896,-0.23286134004592896,-0.23286134004592896,-0.5375468134880066,0.5015901327133179,0.44920971989631653,0.5,0.7156123518943787,0.28438764810562134,60.2333984375,2096062,
-0.1019199937582016,-0.08415410667657852,-0.08415410667657852,-0.08415410667657852,-0.18047969043254852,0.5647172331809998,0.6114184260368347,0.5,0.5779204368591309,0.42207953333854675,71.322265625,2482132,
-0.05520976707339287,-0.033411722630262375,-0.033411722630262375,-0.033411722630262375,-0.5481129884719849,0.10072698444128036,0.5376205444335938,0.5,0.5309368371963501,0.4690631926059723,66.5537109375,2316110,
0.07438196986913681,0.09929705411195755,0.09929705411195755,0.09929705411195755,0.24239757657051086,0.3068593740463257,-0.8355465531349182,0.5,0.4080582857131958,0.5919417142868042,84.3603515625,2936066,
0.053916916251182556,0.023599429056048393,0.023599429056048393,0.023599429056048393,0.5241593718528748,0.10286359488964081,-0.932678759098053,0.5,0.4781486392021179,0.5218513607978821,97.3623046875,3388742,
0.34166961908340454,0.26538026332855225,0.26538026332855225,0.26538026332855225,0.3909006714820862,0.874057412147522,-0.44645363092422485,0.5,0.2542775273323059,0.7457224726676941,82.7841796875,2881190,
-0.27778512239456177,-0.19463780522346497,-0.19463780522346497,-0.19463780522346497,0.290284663438797,-0.9569403529167175,0.0,0.5,0.6802201867103577,0.31977981328964233,71.8662109375,2501070,
-0.365464985370636,-0.2550792098045349,-0.2550792098045349,-0.2550792098045349,0.40054795145988464,-0.9124125838279724,0.17538680136203766,0.5,0.7361844778060913,0.2638155519962311,82.5927734375,2874526,
-0.42908915877342224,-0.3396131694316864,-0.3396131694316864,-0.3396131694316864,0.49496549367904663,-0.8669072389602661,-0.23276497423648834,0.5,0.8144566416740417,0.18554337322711945,89.8671875,3127792,
-0.5058764815330505,-0.3324800729751587,-0.3324800729751587,-0.3324800729751587,0.7247557044029236,-0.6979958415031433,0.17234143614768982,0.5,0.8078519105911255,0.1921480894088745,90.6015625,3153360,
-0.42908915877342224,-0.338289737701416,-0.338289737701416,-0.338289737701416,0.49496549367904663,-0.8669072389602661,0.23276497423648834,0.5,0.8132312297821045,0.1867687702178955,77.361328125,2692388,
-0.413683146238327,-0.3470818102359772,-0.3470818102359772,-0.3470818102359772,0.8855814933776855,-0.467131644487381,0.056672777980566025,0.5,0.8213720321655273,0.17862796783447266,105.513671875,3672540,
-0.30238568782806396,-0.27366018295288086,-0.27366018295288086,-0.27366018295288086,1.045528769493103,-0.2892179489135742,-0.4448944926261902,0.5,0.7533890604972839,0.24661095440387726,111.021484375,3864300,
-0.42187389731407166,-0.35420531034469604,-0.35420531034469604,-0.35420531034469604,1.0609118938446045,-0.39765214920043945,-0.6204472184181213,0.5,0.8279678821563721,0.17203213274478912,117.1884765625,4079010,
-0.1008635014295578,-0.07442904263734818,-0.07442904263734818,-0.07442904263734818,1.0358633995056152,-0.0973714292049408,-0.2889202833175659,0.5,0.5689157843589783,0.43108421564102173,111.580078125,3883748,
0.0,-0.008280699141323566,-0.008280699141323566,-0.008280699141323566,1.0165684223175049,0.0,0.18281394243240356,0.5,0.5076673030853271,0.49233269691467285,104.42578125,3634664,
-0.2786792516708374,-0.2169359177350998,-0.2169359177350998,-0.2169359177350998,0.9817443490028381,-0.28386133909225464,0.22028560936450958,0.5,0.7008665800094604,0.29913339018821716,107.107421875,3728028,
0.2786792516708374,0.22150413691997528,0.22150413691997528,0.22150413691997528,0.9817443490028381,0.28386133909225464,0.22028560936450958,0.5,0.29490357637405396,0.705096423625946,98.8623046875,3440966,
-0.30238568782806396,-0.23044879734516144,-0.23044879734516144,-0.23044879734516144,1.045528769493103,-0.2892179489135742,0.4448944926261902,0.5,0.7133784890174866,0.2866215109825134,120.5791015625,4197058,
-0.3601171374320984,-0.30368444323539734,-0.30368444323539734,-0.30368444323539734,0.9606220722198486,-0.3748790919780731,0.2735316753387451,0.5,0.7811893224716187,0.21881070733070374,100.2802734375,3490334,
-0.42187389731407166,-0.3391391336917877,-0.3391391336917877,-0.3391391336917877,1.0609118938446045,-0.39765214920043945,0.6204472184181213,0.5,0.8140177130699158,0.18598230183124542,120.041015625,4178324,
0.30238568782806396,0.19088934361934662,0.19088934361934662,0.19088934361934662,1.045528769493103,0.2892179489135742,0.4448944926261902,0.5,0.32325059175491333,0.6767494082450867,113.3955078125,3946954,
0.11695151031017303,0.08879199624061584,0.08879199624061584,0.08879199624061584,1.1172362565994263,0.10467930138111115,0.5179083943367004,0.5,0.4177851676940918,0.5822148323059082,128.45703125,4471336,
0.3601171374320984,0.23639510571956635,0.23639510571956635,0.23639510571956635,0.9606220722198486,0.3748790919780731,0.2735316753387451,0.5,0.28111565113067627,0.7188843488693237,101.900390625,3546740,
-0.29058894515037537,-0.22207508981227875,-0.22207508981227875,-0.22207508981227875,0.30760449171066284,-0.9446836709976196,-0.17646603286266327,0.5,0.705625057220459,0.29437491297721863,74.431640625,2590388,
-0.358171671628952,-0.28992781043052673,-0.28992781043052673,-0.28992781043052673,0.38896432518959045,-0.9208342432975769,-0.058476343750953674,0.5,0.7684516906738281,0.23154833912849426,77.03125,2680896,
-0.20397412776947021,-0.12494190782308578,-0.12494190782308578,-0.12494190782308578,0.3389100730419159,-0.6018532514572144,-0.7614215016365051,0.5,0.6156869530677795,0.38431304693222046,84.6435546875,2945926,
-0.5154146552085876,-0.4140045940876007,-0.4140045940876007,-0.4140045940876007,0.7405474781990051,-0.6959913969039917,-0.2868453562259674,0.5,0.8833375573158264,0.11666242778301239,99.521484375,3463916,
-0.4265681505203247,-0.3317547142505646,-0.3317547142505646,-0.3317547142505646,0.48977550864219666,-0.8709462881088257,-0.1752927303314209,0.5,0.8071802854537964,0.1928197145462036,79.2900390625,2759538,
-0.413683146238327,-0.2813952565193176,-0.2813952565193176,-0.2813952565193176,0.8855814933776855,-0.467131644487381,-0.056672777980566025,0.5,0.7605511546134949,0.23944884538650513,100.392578125,3494244,
0.06806318461894989,0.04520769417285919,0.04520769417285919,0.04520769417285919,-0.08730358630418777,-0.7796149849891663,-0.5165331959724426,0.5,0.458141028881073,0.541858971118927,70.7197265625,2461154,
-0.10216231644153595,-0.06651368737220764,-0.06651368737220764,-0.06651368737220764,0.22121845185756683,-0.4618164300918579,-0.7901093363761902,0.5,0.5615867376327515,0.43841326236724854,79.1396484375,2754302,
0.3056265115737915,0.26383596658706665,0.26383596658706665,0.26383596658706665,-0.33688920736312866,-0.9072018265724182,-0.19263869524002075,0.5,0.25570744276046753,0.7442925572395325,64.6279296875,2249062,
0.0,-0.009087649174034595,-0.009087649174034595,-0.009087649174034595,1.2245298624038696,0.0,-0.7516224384307861,0.5,0.5084145069122314,0.49158552289009094,141.9384765625,4940706,
-0.3470750153064728,-0.26678961515426636,-0.26678961515426636,-0.26678961515426636,1.1266417503356934,-0.3080615699291229,-0.6767212748527527,0.5,0.7470273971557617,0.2529726028442383,134.341796875,4676220,
0.42187389731407166,0.39398494362831116,0.39398494362831116,0.39398494362831116,1.0609118938446045,0.39765214920043945,-0.6204472184181213,0.5,0.13519912958145142,0.8648008704185486,125.97265625,4384840,
-0.27501732110977173,-0.19098010659217834,-0.19098010659217834,-0.19098010659217834,0.971422553062439,-0.28310781717300415,-0.1611539125442505,0.5,0.6768333911895752,0.3231665790081024,98.662109375,3433996,
-0.09790661931037903,-0.0647682249546051,-0.0647682249546051,-0.0647682249546051,1.0221081972122192,-0.09578889608383179,-0.23331771790981293,0.5,0.5599706172943115,0.44002941250801086,109.0009765625,3793954,
-0.3514154255390167,-0.26310643553733826,-0.26310643553733826,-0.26310643553733826,0.9266625642776489,-0.379226952791214,-0.05439986661076546,0.5,0.743617057800293,0.25638294219970703,102.66796875,3573464,
0.5058764815330505,0.36708956956863403,0.36708956956863403,0.36708956956863403,0.7247557044029236,0.6979958415031433,-0.17234143614768982,0.5,0.1601022481918335,0.8398977518081665,88.9296875,3095152,
0.4922001361846924,0.412138968706131,0.412138968706131,0.412138968706131,0.6402074098587036,0.7688135504722595,-0.05824539065361023,0.5,0.11838984489440918,0.8816101551055908,84.2412109375,2931918,
0.3514154255390167,0.30142664909362793,0.30142664909362793,0.30142664909362793,0.9266625642776489,0.379226952791214,-0.05439986661076546,0.5,0.2209012508392334,0.7790987491607666,99.65234375,3468472,
-0.0,0.036986690014600754,0.036986690014600754,0.036986690014600754,-0.7192304134368896,0.0,-0.4290248155593872,0.5,0.46575307846069336,0.5342469215393066,60.51953125,2106024,
0.27492544054985046,0.23536545038223267,0.23536545038223267,0.23536545038223267,-0.9021425247192383,-0.30474722385406494,-0.18131119012832642,0.5,0.28206902742385864,0.7179309725761414,62.3876953125,2171066,
-0.27492544054985046,-0.23583218455314636,-0.23583218455314636,-0.23583218455314636,-0.9021425247192383,0.30474722385406494,-0.18131119012832642,0.5,0.7183631658554077,0.2816368639469147,68.0576171875,2368470,
0.10103774070739746,0.10185497254133224,0.10185497254133224,0.10185497254133224,-0.3350672125816345,-0.3015446960926056,-0.6223199963569641,0.5,0.4056898355484009,0.5943101644515991,67.1611328125,2337258,
0.3553360104560852,0.2738311290740967,0.2738311290740967,0.2738311290740967,-0.8587449193000793,-0.41378527879714966,-0.18222446739673615,0.5,0.2464526891708374,0.7535473108291626,59.630859375,2075084,
0.37971916794776917,0.3244616687297821,0.3244616687297821,0.3244616687297821,-0.44197389483451843,-0.859143853187561,-0.18621593713760376,0.5,0.19957256317138672,0.8004274368286133,67.576171875,2351708,
-0.10103774070739746,-0.07317031919956207,-0.07317031919956207,-0.07317031919956207,-0.3350672125816345,0.3015446960926056,-0.6223199963569641,0.5,0.5677502751350403,0.4322497248649597,62.7626953125,2184122,
-0.37971916794776917,-0.32396259903907776,-0.32396259903907776,-0.32396259903907776,-0.44197389483451843,0.859143853187561,-0.18621593713760376,0.5,0.7999653816223145,0.20003464818000793,65.2138671875,2269462,
-0.3553360104560852,-0.3348177969455719,-0.3348177969455719,-0.3348177969455719,-0.8587449193000793,0.41378527879714966,-0.18222446739673615,0.5,0.8100164532661438,0.189983531832695,58.7099609375,2043022,
0.27778512239456177,0.2247767299413681,0.2247767299413681,0.2247767299413681,0.9569403529167175,0.290284663438797,0.0,0.5,0.29187339544296265,0.7081266045570374,105.1220703125,3658906,
0.35225820541381836,0.30856722593307495,0.30856722593307495,0.30856722593307495,0.9390655159950256,0.37511569261550903,0.16274215281009674,0.5,0.2142896056175232,0.7857103943824768,103.6669921875,3608246,
0.49448302388191223,0.36948129534721375,0.36948129534721375,0.36948129534721375,0.7904868125915527,0.625542402267456,-0.17122076451778412,0.5,0.1578877568244934,0.8421122431755066,91.888671875,3198172,
0.5058764815330505,0.4064365327358246,0.4064365327358246,0.4064365327358246,0.7247557044029236,0.6979958415031433,0.17234143614768982,0.5,0.12366992235183716,0.8763300776481628,91.0341796875,3168422,
0.41954776644706726,0.3454081118106842,0.3454081118106842,0.3454081118106842,0.9067606925964355,0.46268853545188904,0.21765606105327606,0.5,0.1801776885986328,0.8198223114013672,96.0185546875,3341958,
0.42908915877342224,0.32360032200813293,0.32360032200813293,0.32360032200813293,0.49496549367904663,0.8669072389602661,0.23276497423648834,0.5,0.20037007331848145,0.7996299266815186,84.572265625,2943444,
0.27501732110977173,0.2143411785364151,0.2143411785364151,0.2143411785364151,0.971422553062439,0.28310781717300415,-0.1611539125442505,0.5,0.301535964012146,0.698464035987854,111.25,3872256,
0.4987002909183502,0.3998155891895294,0.3998155891895294,0.3998155891895294,0.7982613444328308,0.6247330904006958,-0.22444559633731842,0.5,0.12980037927627563,0.8701996207237244,97.1708984375,3382078,
0.09790661931037903,0.0625014454126358,0.0625014454126358,0.0625014454126358,1.0221081972122192,0.09578889608383179,-0.23331771790981293,0.5,0.4421283006668091,0.5578716993331909,109.0712890625,3796402,
0.3591826260089874,0.3095734417438507,0.3095734417438507,0.3095734417438507,1.1427074670791626,0.3143259584903717,-0.7419954538345337,0.5,0.21335792541503906,0.7866420745849609,141.80078125,4935912,
0.1249939501285553,0.08057466894388199,0.08057466894388199,0.08057466894388199,1.189099669456482,0.10511646419763565,-0.6825147867202759,0.5,0.42539381980895996,0.57460618019104,139.6630859375,4861486,
0.08156879246234894,0.07255887985229492,0.07255887985229492,0.07255887985229492,0.7050383687019348,0.11569412052631378,-0.966504693031311,0.5,0.4328158497810364,0.5671841502189636,109.8779296875,3824486,
0.4501665234565735,0.36425942182540894,0.36425942182540894,0.36425942182540894,0.9602272510528564,0.468812495470047,-0.44235241413116455,0.5,0.16272276639938354,0.8372772336006165,107.9990234375,3759070,
0.3412577211856842,0.28304168581962585,0.28304168581962585,0.28304168581962585,1.1058168411254883,0.30860239267349243,-0.6201415657997131,0.5,0.23792439699172974,0.7620756030082703,127.3056640625,4431250,
0.1008635014295578,0.08350642025470734,0.08350642025470734,0.08350642025470734,1.0358633995056152,0.0973714292049408,-0.2889202833175659,0.5,0.42267924547195435,0.5773207545280457,104.4384765625,3635106,
-0.03626464307308197,-0.017052698880434036,-0.017052698880434036,-0.017052698880434036,-0.07743994891643524,0.4682937264442444,-0.689378559589386,0.5,0.5157895088195801,0.48421046137809753,72.7490234375,2531806,
0.25709548592567444,0.15308764576911926,0.15308764576911926,0.15308764576911926,0.28060382604599,0.9162222743034363,-0.37558749318122864,0.5,0.3582521677017212,0.6417478322982788,78.0693359375,2717038,
-0.3056265115737915,-0.2606671452522278,-0.2606671452522278,-0.2606671452522278,-0.33688920736312866,0.9072018265724182,-0.19263869524002075,0.5,0.7413584589958191,0.2586415410041809,65.54296875,2280920,
0.27778512239456177,0.2519320249557495,0.2519320249557495,0.2519320249557495,-0.290284663438797,-0.9569403529167175,0.0,0.5,0.26672959327697754,0.7332704067230225,64.1787109375,2233422,
0.1490938514471054,0.17008645832538605,0.17008645832538605,0.17008645832538605,-0.1700328141450882,-0.8768534064292908,0.37001702189445496,0.5,0.3425125479698181,0.6574874520301819,68.650390625,2389108,
0.1490938514471054,0.1721232682466507,0.1721232682466507,0.1721232682466507,-0.1700328141450882,-0.8768534064292908,-0.37001702189445496,0.5,0.34062659740448,0.65937340259552,70.623046875,2457788,
-0.3591826260089874,-0.3309740126132965,-0.3309740126132965,-0.3309740126132965,1.1427074670791626,-0.3143259584903717,0.7419954538345337,0.5,0.8064574003219604,0.19354259967803955,133.740234375,4655276,
-0.09948429465293884,-0.10562528669834137,-0.10562528669834137,-0.10562528669834137,0.8608010411262512,-0.1155717670917511,0.9868438243865967,0.5,0.5978012084960938,0.40219882130622864,118.189453125,4113860,
-0.1367114633321762,-0.15182912349700928,-0.15182912349700928,-0.15182912349700928,1.2124923467636108,-0.11275243014097214,0.7450031638145447,0.5,0.6405825018882751,0.35941749811172485,144.732421875,5037980,
-0.0,0.01730010285973549,0.01730010285973549,0.01730010285973549,-0.7192304134368896,0.0,0.4290248155593872,0.5,0.4839813709259033,0.5160186290740967,60.9140625,2119760,
0.1923782229423523,0.19074735045433044,0.19074735045433044,0.19074735045433044,-0.9291091561317444,-0.20705664157867432,0.1802162528038025,0.5,0.3233821392059326,0.6766178607940674,66.0400390625,2298226,
-0.1923782229423523,-0.22324098646640778,-0.22324098646640778,-0.22324098646640778,-0.9291091561317444,0.20705664157867432,0.1802162528038025,0.5,0.7067046165466309,0.29329541325569153,63.67578125,2215912,
0.29058894515037537,0.1375160664319992,0.1375160664319992,0.1375160664319992,0.30760449171066284,0.9446836709976196,0.17646603286266327,0.5,0.3726702928543091,0.6273297071456909,74.1083984375,2579134,
0.03411867842078209,-0.03228544816374779,-0.03228544816374779,-0.03228544816374779,0.038449205458164215,0.8873701691627502,0.43554335832595825,0.5,0.5298939347267151,0.4701060652732849,69.400390625,2415220,
0.2829059958457947,0.18989954888820648,0.18989954888820648,0.18989954888820648,0.29645752906799316,0.9542884230613708,0.05935412272810936,0.5,0.32416707277297974,0.6758329272270203,75.802734375,2638124,
-0.27778512239456177,-0.2611084282398224,-0.2611084282398224,-0.2611084282398224,-0.9569403529167175,0.290284663438797,0.0,0.5,0.7417670488357544,0.2582329511642456,62.052734375,2159404,
-0.09574487805366516,-0.06260727345943451,-0.06260727345943451,-0.06260727345943451,-0.94771409034729,0.10102717578411102,0.17694184184074402,0.5,0.5579696893692017,0.44203028082847595,64.400390625,2241140,
-0.08609554916620255,-0.09968236088752747,-0.09968236088752747,-0.09968236088752747,-0.8343457579612732,0.10318929702043533,-0.3250972032546997,0.5,0.5922985076904297,0.4077015221118927,65.95703125,2295336,
-0.27778512239456177,-0.2517208158969879,-0.2517208158969879,-0.2517208158969879,0.9569403529167175,-0.290284663438797,0.0,0.5,0.7330747842788696,0.266925185918808,105.73046875,3680088,
-0.2743895947933197,-0.1956927627325058,-0.1956927627325058,-0.1956927627325058,0.964138388633728,-0.28459566831588745,0.10731338709592819,0.5,0.6811970472335815,0.31880298256874084,106.8837890625,3720242,
-0.2743895947933197,-0.17345879971981049,-0.17345879971981049,-0.17345879971981049,0.964138388633728,-0.28459566831588745,-0.10731338709592819,0.5,0.660610020160675,0.33938997983932495,103.05859375,3587064,
0.0,-0.030723826959729195,-0.030723826959729195,-0.030723826959729195,1.2245298624038696,0.0,0.7516224384307861,0.5,0.5284479856491089,0.4715520143508911,147.4375,5132160,
-0.1385394036769867,-0.18986746668815613,-0.18986746668815613,-0.18986746668815613,1.2308353185653687,-0.11255722492933273,0.8063746690750122,0.5,0.6758031845092773,0.32419678568840027,145.0703125,5049744,
0.25579509139060974,0.18517616391181946,0.18517616391181946,0.18517616391181946,1.1846946477890015,0.2159164696931839,0.7402701377868652,0.5,0.328540563583374,0.671459436416626,143.3515625,4989904,
-0.3591826260089874,-0.3103114068508148,-0.3103114068508148,-0.3103114068508148,1.1427074670791626,-0.3143259584903717,-0.7419954538345337,0.5,0.787325382232666,0.21267463266849518,135.0712890625,4701618,
-0.1367114633321762,-0.10530806332826614,-0.10530806332826614,-0.10530806332826614,1.2124923467636108,-0.11275243014097214,-0.7450031638145447,0.5,0.5975074768066406,0.40249255299568176,150.826171875,5250140,
-0.09948429465293884,-0.08614623546600342,-0.08614623546600342,-0.08614623546600342,0.8608010411262512,-0.1155717670917511,-0.9868438243865967,0.5,0.5797650218009949,0.4202349781990051,125.107421875,4354716,
0.0,-0.029323354363441467,-0.029323354363441467,-0.029323354363441467,1.0165684223175049,0.0,-0.18281394243240356,0.5,0.5271512269973755,0.4728487730026245,106.5146484375,3707390,
-0.18903325498104095,-0.166317880153656,-0.166317880153656,-0.166317880153656,0.9953184127807617,-0.18992239236831665,-0.16661281883716583,0.5,0.6539980173110962,0.3460019826889038,109.5322265625,3812450,
0.18903325498104095,0.11319053173065186,0.11319053173065186,0.11319053173065186,0.9953184127807617,0.18992239236831665,-0.16661281883716583,0.5,0.3951939344406128,0.6048060655593872,110.90234375,3860152,
0.0,-0.05683502182364464,-0.05683502182364464,-0.05683502182364464,0.7470735311508179,0.0,-0.9778786301612854,0.5,0.5526250600814819,0.44737496972084045,121.3115234375,4222558,
-0.13112542033195496,-0.13206489384174347,-0.13206489384174347,-0.13206489384174347,1.0593292713165283,-0.12378154695034027,-0.9889772534370422,0.5,0.6222822666168213,0.3777177035808563,142.15625,4948288,
0.2547602653503418,0.22232849895954132,0.22232849895954132,0.22232849895954132,1.0179502964019775,0.250267893075943,-0.9641326069831848,0.5,0.2941402792930603,0.7058597207069397,138.2568359375,4812526,
0.27778512239456177,0.18681082129478455,0.18681082129478455,0.18681082129478455,0.290284663438797,0.9569403529167175,0.0,0.5,0.32702702283859253,0.6729729771614075,76.2734375,2654512,
0.1969040036201477,0.13857191801071167,0.13857191801071167,0.13857191801071167,0.2012377381324768,0.9784646034240723,0.059255391359329224,0.5,0.3716926574707031,0.6283073425292969,74.5361328125,2594026,
0.28730508685112,0.2141067385673523,0.2141067385673523,0.2141067385673523,0.30236169695854187,0.9502033591270447,-0.11793261766433716,0.5,0.30175304412841797,0.698246955871582,79.162109375,2755084,
0.29058894515037537,0.19616790115833282,0.19616790115833282,0.19616790115833282,0.30760449171066284,0.9446836709976196,-0.17646603286266327,0.5,0.3183630704879761,0.6816369295120239,76.076171875,2647644,
0.1969040036201477,0.17250843346118927,0.17250843346118927,0.17250843346118927,0.2012377381324768,0.9784646034240723,-0.059255391359329224,0.5,0.3402699828147888,0.6597300171852112,76.1552734375,2650398,
0.03411867842078209,0.029718613252043724,0.029718613252043724,0.029718613252043724,0.038449205458164215,0.8873701691627502,-0.43554335832595825,0.5,0.47248274087905884,0.5275172591209412,74.236328125,2583588,
0.41573482751846313,0.3191978633403778,0.3191978633403778,0.3191978633403778,-0.8819212913513184,-0.4713967442512512,0.0,0.5,0.2044464349746704,0.7955535650253296,64.037109375,2228492,
0.34672942757606506,0.30703142285346985,0.30703142285346985,0.30703142285346985,-0.6823959946632385,-0.5081058740615845,0.333949476480484,0.5,0.21571165323257446,0.7842883467674255,66.548828125,2315940,
0.34672942757606506,0.2577476501464844,0.2577476501464844,0.2577476501464844,-0.6823959946632385,-0.5081058740615845,-0.333949476480484,0.5,0.2613447904586792,0.7386552095413208,62.80859375,2185720,
-0.2288799285888672,-0.1535162627696991,-0.1535162627696991,-0.1535162627696991,0.4314142167568207,-0.530534029006958,0.8150451183319092,0.5,0.6421446800231934,0.35785531997680664,87.931640625,3060404,
-0.48918235301971436,-0.4056897759437561,-0.4056897759437561,-0.4056897759437561,0.8402963280677795,-0.5821545720100403,0.7787031531333923,0.5,0.8756386637687683,0.12436133623123169,113.509765625,3950932,
-0.40523141622543335,-0.2986981272697449,-0.2986981272697449,-0.2986981272697449,0.4874574840068817,-0.8313164114952087,0.504746675491333,0.5,0.7765723466873169,0.2234276682138443,84.181640625,2929844,
-0.07438196986913681,-0.03371549770236015,-0.03371549770236015,-0.03371549770236015,0.24239757657051086,-0.3068593740463257,-0.8355465531349182,0.5,0.5312180519104004,0.4687819480895996,89.359375,3110112,
-0.038502614945173264,-0.02196480892598629,-0.02196480892598629,-0.02196480892598629,0.3742891252040863,-0.10286864638328552,-0.8968902826309204,0.5,0.5203377604484558,0.4796622395515442,92.5478515625,3221122,
-0.011478058062493801,0.0010884753428399563,0.0010884753428399563,0.0010884753428399563,0.02758338488638401,-0.416122168302536,-0.7429110407829285,0.5,0.4989921450614929,0.5010078549385071,68.9013671875,2397846,
-0.4310447871685028,-0.3325768709182739,-0.3325768709182739,-0.3325768709182739,0.5001372694969177,-0.8618529438972473,0.29023075103759766,0.5,0.8079415559768677,0.19205845892429352,88.8984375,3094064,
-0.4538540840148926,-0.40437862277030945,-0.40437862277030945,-0.40437862277030945,0.5797447562217712,-0.7828515768051147,0.5650883913040161,0.5,0.8744246363639832,0.12557536363601685,90.5771484375,3152510,
-0.5060022473335266,-0.3859274983406067,-0.3859274983406067,-0.3859274983406067,0.6663050055503845,-0.759415328502655,0.28764259815216064,0.5,0.8573402762413025,0.1426597386598587,86.8291015625,3022018,
0.06806318461894989,0.06256003677845001,0.06256003677845001,0.06256003677845001,-0.08730358630418777,-0.7796149849891663,0.5165331959724426,0.5,0.4420740604400635,0.5579259395599365,69.6103515625,2422530,
-0.16886253654956818,-0.12352757900953293,-0.12352757900953293,-0.12352757900953293,0.17861023545265198,-0.9454247355461121,0.3162136375904083,0.5,0.6143773794174194,0.38562262058258057,71.2587890625,2479922,
0.13084043562412262,0.12824448943138123,0.12824448943138123,0.12824448943138123,-0.13535809516906738,-0.96662437915802,0.19027292728424072,0.5,0.3812551498413086,0.6187448501586914,72.4658203125,2521946,
-0.27501732110977173,-0.23712344467639923,-0.23712344467639923,-0.23712344467639923,0.971422553062439,-0.28310781717300415,0.1611539125442505,0.5,0.7195587158203125,0.2804412841796875,99.529296875,3464188,
-0.09666367620229721,-0.09787208586931229,-0.09787208586931229,-0.09787208586931229,1.0102729797363281,-0.09568075090646744,0.1734752058982849,0.5,0.5906223058700562,0.40937769412994385,109.1416015625,3798850,
-0.18884897232055664,-0.1643834412097931,-0.1643834412097931,-0.1643834412097931,0.9827666282653809,-0.19216054677963257,0.0535055547952652,0.5,0.6522068977355957,0.3477931022644043,102.701171875,3574620,
0.0,-0.015865551307797432,-0.015865551307797432,-0.015865551307797432,0.44248417019844055,0.0,0.9171167016029358,0.5,0.5146903395652771,0.4853096604347229,93.5888671875,3257366,
-0.06320104748010635,-0.05852387472987175,-0.05852387472987175,-0.05852387472987175,0.30742424726486206,-0.20558251440525055,0.8696388602256775,0.5,0.5541887283325195,0.4458112418651581,92.2919921875,3212214,
0.06320104748010635,0.04709438234567642,0.04709438234567642,0.04709438234567642,0.30742424726486206,0.20558251440525055,0.8696388602256775,0.5,0.4563940763473511,0.5436059236526489,79.7861328125,2776810,
0.2696281671524048,0.2428189516067505,0.2428189516067505,0.2428189516067505,-0.5375468134880066,-0.5015901327133179,0.44920971989631653,0.5,0.27516764402389526,0.7248323559761047,61.2060546875,2129926,
0.42564523220062256,0.35409650206565857,0.35409650206565857,0.35409650206565857,-0.5280561447143555,-0.8060605525970459,0.18484894931316376,0.5,0.17213290929794312,0.8278670907020569,59.8447265625,2082530,
0.4465143084526062,0.3942277431488037,0.3942277431488037,0.3942277431488037,-0.7520782351493835,-0.593707263469696,0.17968136072158813,0.5,0.13497430086135864,0.8650256991386414,66.3115234375,2307678,
-0.06806318461894989,-0.059429947286844254,-0.059429947286844254,-0.059429947286844254,-0.08730358630418777,0.7796149849891663,0.5165331959724426,0.5,0.5550277233123779,0.44497227668762207,64.4560546875,2243078,
-0.2272850126028061,-0.1938788890838623,-0.1938788890838623,-0.1938788890838623,-0.24159567058086395,0.9407660961151123,0.19292651116847992,0.5,0.6795175075531006,0.3204825222492218,66.4404296875,2312166,
0.06766641139984131,0.07348277419805527,0.07348277419805527,0.07348277419805527,0.06989702582359314,0.9680871367454529,0.25051215291023254,0.5,0.43196040391921997,0.56803959608078,71.4326171875,2485974,
0.4833839237689972,0.3964742124080658,0.3964742124080658,0.3964742124080658,1.0052906274795532,0.48083996772766113,0.6237718462944031,0.5,0.13289427757263184,0.8671057224273682,121.1572265625,4217186,
0.3405906856060028,0.2559089958667755,0.2559089958667755,0.2559089958667755,0.6153967976570129,0.5534489154815674,0.8296802639961243,0.5,0.2630472183227539,0.7369527816772461,108.603515625,3780116,
0.46199584007263184,0.4062446653842926,0.4062446653842926,0.4062446653842926,0.9760022759437561,0.4733552932739258,0.5025399923324585,0.5,0.12384754419326782,0.8761524558067322,112.3818359375,3911662,
0.07438196986913681,0.08609358966350555,0.08609358966350555,0.08609358966350555,0.24239757657051086,0.3068593740463257,0.8355465531349182,0.5,0.4202836751937866,0.5797163248062134,81.8818359375,2849774,
0.023170752450823784,0.009653313085436821,0.009653313085436821,0.009653313085436821,0.22532612085342407,0.10283207148313522,0.8557751774787903,0.5,0.4910617470741272,0.5089382529258728,84.8701171875,2953814,
0.011478058062493801,0.009146657772362232,0.009146657772362232,0.009146657772362232,0.02758338488638401,0.416122168302536,0.7429110407829285,0.5,0.4915308952331543,0.5084691047668457,70.62890625,2457992,
0.27501732110977173,0.2344711273908615,0.2344711273908615,0.2344711273908615,0.971422553062439,0.28310781717300415,0.1611539125442505,0.5,0.28289711475372314,0.7171028852462769,103.4130859375,3599406,
0.27518612146377563,0.17045913636684418,0.17045913636684418,0.17045913636684418,0.9593815803527832,0.28683698177337646,0.05418131873011589,0.5,0.3421674370765686,0.6578325629234314,97.71484375,3401016,
0.09666367620229721,0.05165592581033707,0.05165592581033707,0.05165592581033707,1.0102729797363281,0.09568075090646744,0.1734752058982849,0.5,0.4521704316139221,0.5478295683860779,102.470703125,3566596,
-0.41573482751846313,-0.348213791847229,-0.348213791847229,-0.348213791847229,-0.4713967442512512,0.8819212913513184,0.0,0.5,0.8224201798439026,0.1775798350572586,63.8466796875,2221862,
-0.3644524812698364,-0.2999379336833954,-0.2999379336833954,-0.2999379336833954,-0.5474497079849243,0.6657277941703796,0.34099188446998596,0.5,0.7777203321456909,0.22227969765663147,65.7783203125,2289114,
-0.3644524812698364,-0.3556995391845703,-0.3556995391845703,-0.3556995391845703,-0.5474497079849243,0.6657277941703796,-0.34099188446998596,0.5,0.8293514251708984,0.17064858973026276,66.767578125,2323556,
-0.10103774070739746,-0.0949888750910759,-0.0949888750910759,-0.0949888750910759,-0.3350672125816345,0.3015446960926056,0.6223199963569641,0.5,0.5879526734352112,0.4120473265647888,65.30078125,2272488,
-0.06832733750343323,-0.041344236582517624,-0.041344236582517624,-0.041344236582517624,-0.16495880484580994,0.41420847177505493,0.6709063053131104,0.5,0.5382816791534424,0.4617183208465576,72.658203125,2528644,
-0.04113245755434036,-0.03436507657170296,-0.03436507657170296,-0.03436507657170296,-0.40776848793029785,0.10087208449840546,0.6130396723747253,0.5,0.5318194627761841,0.46818050742149353,67.6220703125,2353306,
0.2288799285888672,0.1935954988002777,0.1935954988002777,0.1935954988002777,0.4314142167568207,0.530534029006958,-0.8150451183319092,0.5,0.32074493169784546,0.6792550683021545,91.443359375,3182668,
0.48918235301971436,0.37540242075920105,0.37540242075920105,0.37540242075920105,0.8402963280677795,0.5821545720100403,-0.7787031531333923,0.5,0.15240520238876343,0.8475947976112366,109.171875,3799904,
0.40523141622543335,0.30215662717819214,0.30215662717819214,0.30215662717819214,0.4874574840068817,0.8313164114952087,-0.504746675491333,0.5,0.22022533416748047,0.7797746658325195,99.599609375,3466636,
-0.41573482751846313,-0.3386894762516022,-0.3386894762516022,-0.3386894762516022,0.4713967442512512,-0.8819212913513184,0.0,0.5,0.8136013746261597,0.18639864027500153,80.3583984375,2796734,
-0.423208624124527,-0.3631916344165802,-0.3631916344165802,-0.3631916344165802,0.4837527573108673,-0.8748449087142944,0.11681747436523438,0.5,0.836288571357727,0.16371145844459534,79.95703125,2782760,
-0.423208624124527,-0.33484864234924316,-0.33484864234924316,-0.33484864234924316,0.4837527573108673,-0.8748449087142944,-0.11681747436523438,0.5,0.8100450038909912,0.1899549663066864,85.375,2971392,
-0.5154146552085876,-0.4043818712234497,-0.4043818712234497,-0.4043818712234497,0.7405474781990051,-0.6959913969039917,0.2868453562259674,0.5,0.8744276762008667,0.1255723536014557,90.1357421875,3137142,
-0.5100159645080566,-0.40817275643348694,-0.40817275643348694,-0.40817275643348694,0.6733592748641968,-0.7574203014373779,0.3449597656726837,0.5,0.8779377341270447,0.12206228077411652,88.5791015625,3082946,
-0.47419148683547974,-0.39539846777915955,-0.39539846777915955,-0.39539846777915955,0.8664262294769287,-0.547295868396759,0.2766370177268982,0.5,0.8661096692085266,0.1338903158903122,108.6201171875,3780694,
-0.4501665234565735,-0.3560362756252289,-0.3560362756252289,-0.3560362756252289,0.9602272510528564,-0.468812495470047,-0.44235241413116455,0.5,0.8296632170677185,0.1703367978334427,114.7841796875,3995302,
-0.4734983444213867,-0.392249196767807,-0.392249196767807,-0.392249196767807,0.9914191961288452,-0.4775964915752411,-0.5628740191459656,0.5,0.863193690776825,0.13680630922317505,112.8173828125,3926826,
-0.4327062964439392,-0.3476884067058563,-0.3476884067058563,-0.3476884067058563,0.9304457902908325,-0.46505266427993774,-0.33026251196861267,0.5,0.8219336867332458,0.17806629836559296,96.533203125,3359876,
0.0,-0.015428634360432625,-0.015428634360432625,-0.015428634360432625,1.0444680452346802,0.0,0.30184710025787354,0.5,0.5142858028411865,0.4857141971588135,112.7431640625,3924242,
-0.20445646345615387,-0.14140117168426514,-0.14140117168426514,-0.14140117168426514,1.0538161993026733,-0.1940152943134308,0.39451631903648376,0.5,0.6309269666671753,0.3690730035305023,115.306640625,4013492,
0.20445646345615387,0.1249040737748146,0.1249040737748146,0.1249040737748146,1.0538161993026733,0.1940152943134308,0.39451631903648376,0.5,0.3843480348587036,0.6156519651412964,113.2646484375,3942398,
-0.4501665234565735,-0.39433208107948303,-0.39433208107948303,-0.39433208107948303,0.9602272510528564,-0.468812495470047,0.44235241413116455,0.5,0.8651223182678223,0.13487771153450012,108.2568359375,3768046,
-0.4327062964439392,-0.3410584628582001,-0.3410584628582001,-0.3410584628582001,0.9304457902908325,-0.46505266427993774,0.33026251196861267,0.5,0.815794825553894,0.18420514464378357,103.1572265625,3590498,
-0.4734983444213867,-0.3431012034416199,-0.3431012034416199,-0.3431012034416199,0.9914191961288452,-0.4775964915752411,0.5628740191459656,0.5,0.8176863193511963,0.1823137104511261,117.95703125,4105768,
0.4501665234565735,0.33600807189941406,0.33600807189941406,0.33600807189941406,0.9602272510528564,0.468812495470047,0.44235241413116455,0.5,0.18888145685195923,0.8111185431480408,112.9248046875,3930566,
0.5081919431686401,0.3813188374042511,0.3813188374042511,0.3813188374042511,0.917239785194397,0.5540448427200317,0.5065895915031433,0.5,0.14692699909210205,0.853073000907898,112.4619140625,3914450,
0.4327062964439392,0.3668280243873596,0.3668280243873596,0.3668280243873596,0.9304457902908325,0.46505266427993774,0.33026251196861267,0.5,0.1603444218635559,0.8396555781364441,101.4326171875,3530454,
-0.4310447871685028,-0.3074161410331726,-0.3074161410331726,-0.3074161410331726,0.5001372694969177,-0.8618529438972473,-0.29023075103759766,0.5,0.7846445441246033,0.21535544097423553,81.5732421875,2839030,
-0.5060022473335266,-0.4198490381240845,-0.4198490381240845,-0.4198490381240845,0.6663050055503845,-0.759415328502655,-0.28764259815216064,0.5,0.8887491226196289,0.11125090718269348,90.90234375,3163832,
-0.3189167082309723,-0.2362465262413025,-0.2362465262413025,-0.2362465262413025,0.4501197636127472,-0.7085152268409729,-0.7042084336280823,0.5,0.7187467813491821,0.28125321865081787,87.6767578125,3051530,
-0.5058764815330505,-0.36388447880744934,-0.36388447880744934,-0.36388447880744934,0.7247557044029236,-0.6979958415031433,-0.17234143614768982,0.5,0.8369300365447998,0.1630699336528778,86.69140625,3017224,
-0.47119197249412537,-0.39868682622909546,-0.39868682622909546,-0.39868682622909546,0.5738208293914795,-0.8211482763290405,-0.17404873669147491,0.5,0.8691544532775879,0.1308455467224121,85.880859375,2989004,
-0.4607214033603668,-0.342679500579834,-0.342679500579834,-0.342679500579834,0.8355227708816528,-0.5514169335365295,-0.05685877054929733,0.5,0.8172957897186279,0.18270418047904968,97.2158203125,3383642,
0.03626464307308197,0.07942014932632446,0.07942014932632446,0.07942014932632446,-0.07743994891643524,-0.4682937264442444,-0.689378559589386,0.5,0.4264628291130066,0.5735371708869934,66.08984375,2299960,
-0.013069798238575459,-0.04771711304783821,-0.04771711304783821,-0.04771711304783821,0.05024455115199089,-0.26012369990348816,-0.7837361097335815,0.5,0.544182538986206,0.45581749081611633,74.04296875,2576856,
0.0900617316365242,0.0796470046043396,0.0796470046043396,0.0796470046043396,-0.2513124346733093,-0.35836559534072876,-0.6483748555183411,0.5,0.4262527823448181,0.5737472176551819,71.1123046875,2474822,
0.0,-0.011733906343579292,-0.011733906343579292,-0.011733906343579292,1.1773520708084106,0.0,-0.6386072635650635,0.5,0.5108647346496582,0.4891352951526642,136.7353515625,4759554,
-0.23773981630802155,-0.22952276468276978,-0.22952276468276978,-0.22952276468276978,1.1414506435394287,-0.20827867090702057,-0.6214240193367004,0.5,0.7125210762023926,0.2874789237976074,124.0546875,4318064,
0.23773981630802155,0.20554739236831665,0.20554739236831665,0.20554739236831665,1.1414506435394287,0.20827867090702057,-0.6214240193367004,0.5,0.3096783757209778,0.6903216242790222,127.9326171875,4453078,
-0.4257162809371948,-0.336641788482666,-0.336641788482666,-0.336641788482666,0.9173418283462524,-0.4640759527683258,-0.2736110985279083,0.5,0.8117053508758545,0.1882946491241455,100.833984375,3509612,
-0.489682137966156,-0.34099358320236206,-0.34099358320236206,-0.34099358320236206,0.8904706835746765,-0.5499138236045837,-0.3891838788986206,0.5,0.8157348036766052,0.18426521122455597,106.0947265625,3692770,
-0.5045629143714905,-0.3879860043525696,-0.3879860043525696,-0.3879860043525696,0.807363748550415,-0.624951183795929,-0.2813720107078552,0.5,0.8592462539672852,0.14075371623039246,100.9609375,3514032,
0.5154146552085876,0.37252575159072876,0.37252575159072876,0.37252575159072876,0.7405474781990051,0.6959913969039917,-0.2868453562259674,0.5,0.1550687551498413,0.8449312448501587,86.2158203125,3000666,
0.47744837403297424,0.3631439208984375,0.3631439208984375,0.3631439208984375,0.5858712196350098,0.8149374127388,-0.2889048159122467,0.5,0.1637556552886963,0.8362443447113037,89.720703125,3122692,
0.47419148683547974,0.3554094433784485,0.3554094433784485,0.3554094433784485,0.8664262294769287,0.547295868396759,-0.2766370177268982,0.5,0.17091721296310425,0.8290827870368958,93.3232421875,3248118,
-0.0,0.014333591796457767,0.014333591796457767,0.014333591796457767,-0.43932709097862244,0.0,-0.6003449559211731,0.5,0.48672813177108765,0.5132718682289124,68.216796875,2374012,
0.07531261444091797,0.03302536532282829,0.03302536532282829,0.03302536532282829,-0.37282559275627136,-0.20200493931770325,-0.6204498410224915,0.5,0.4694209694862366,0.5305790305137634,61.130859375,2127308,
-0.07531261444091797,-0.048425499349832535,-0.048425499349832535,-0.048425499349832535,-0.37282559275627136,0.20200493931770325,-0.6204498410224915,0.5,0.5448384284973145,0.45516157150268555,67.767578125,2358372,
0.2696281671524048,0.2025606632232666,0.2025606632232666,0.2025606632232666,-0.5375468134880066,-0.5015901327133179,-0.44920971989631653,0.5,0.3124438524246216,0.6875561475753784,64.11328125,2231144,
0.4465143084526062,0.3751324415206909,0.3751324415206909,0.3751324415206909,-0.7520782351493835,-0.593707263469696,-0.17968136072158813,0.5,0.15265518426895142,0.8473448157310486,61.974609375,2156684,
0.42564523220062256,0.3692741096019745,0.3692741096019745,0.3692741096019745,-0.5280561447143555,-0.8060605525970459,-0.18484894931316376,0.5,0.15807956457138062,0.8419204354286194,62.1796875,2163824,
-0.2696281671524048,-0.24111135303974152,-0.24111135303974152,-0.24111135303974152,-0.5375468134880066,0.5015901327133179,-0.44920971989631653,0.5,0.723251223564148,0.27674877643585205,68.830078125,2395364,
-0.4549505114555359,-0.398397296667099,-0.398397296667099,-0.398397296667099,-0.6139628887176514,0.7410065531730652,-0.18087522685527802,0.5,0.8688863515853882,0.13111363351345062,62.82421875,2186264,
-0.4085724949836731,-0.3870142996311188,-0.3870142996311188,-0.3870142996311188,-0.8115410208702087,0.5034526586532593,-0.1819513440132141,0.5,0.8583465814590454,0.14165343344211578,63.6298828125,2214314,
0.41573482751846313,0.3604298532009125,0.3604298532009125,0.3604298532009125,0.8819212913513184,0.4713967442512512,0.0,0.5,0.1662687063217163,0.8337312936782837,104.8583984375,3649726,
0.49142003059387207,0.39970964193344116,0.39970964193344116,0.39970964193344116,0.7833750247955322,0.6273113489151001,0.1139943078160286,0.5,0.12989848852157593,0.8701015114784241,91.9853515625,3201538,
0.49142003059387207,0.3950354754924774,0.3950354754924774,0.3950354754924774,0.7833750247955322,0.6273113489151001,-0.1139943078160286,0.5,0.13422644138336182,0.8657735586166382,96.5888671875,3361814,
0.5154146552085876,0.3817022144794464,0.3817022144794464,0.3817022144794464,0.7405474781990051,0.6959913969039917,0.2868453562259674,0.5,0.14657199382781982,0.8534280061721802,95.0751953125,3309114,
0.47419148683547974,0.3386092483997345,0.3386092483997345,0.3386092483997345,0.8664262294769287,0.547295868396759,0.2766370177268982,0.5,0.18647289276123047,0.8135271072387695,90.6005859375,3153326,
0.47744837403297424,0.3612450361251831,0.3612450361251831,0.3612450361251831,0.5858712196350098,0.8149374127388,0.2889048159122467,0.5,0.16551387310028076,0.8344861268997192,86.0634765625,2995362,
0.4257162809371948,0.2824289798736572,0.2824289798736572,0.2824289798736572,0.9173418283462524,0.4640759527683258,-0.2736110985279083,0.5,0.2384917140007019,0.7615082859992981,104.9501953125,3652922,
0.5113332867622375,0.40330296754837036,0.40330296754837036,0.40330296754837036,0.8171414732933044,0.6257585883140564,-0.3375724256038666,0.5,0.12657135725021362,0.8734286427497864,92.990234375,3236524,
0.4410606026649475,0.34736841917037964,0.34736841917037964,0.34736841917037964,0.9447158575057983,0.4668711721897125,-0.38629525899887085,0.5,0.17836260795593262,0.8216373920440674,109.6396484375,3816190,
0.4833839237689972,0.4110037386417389,0.4110037386417389,0.4110037386417389,1.0052906274795532,0.48083996772766113,-0.6237718462944031,0.5,0.1194409728050232,0.8805590271949768,123.0087890625,4281650,
0.46199584007263184,0.36726081371307373,0.36726081371307373,0.36726081371307373,0.9760022759437561,0.4733552932739258,-0.5025399923324585,0.5,0.15994369983673096,0.840056300163269,106.734375,3715040,
0.5040936470031738,0.3975606858730316,0.3975606858730316,0.3975606858730316,0.761254072189331,0.6621884107589722,-0.6967242360115051,0.5,0.1318882703781128,0.8681117296218872,113.7734375,3960112,
0.30238568782806396,0.26196151971817017,0.26196151971817017,0.26196151971817017,1.045528769493103,0.2892179489135742,-0.4448944926261902,0.5,0.25744307041168213,0.7425569295883179,119.7421875,4167920,
0.3279077708721161,0.2998327612876892,0.2998327612876892,0.2998327612876892,1.0856685638427734,0.30203303694725037,-0.5615020394325256,0.5,0.22237706184387207,0.7776229381561279,120.064453125,4179140,
0.10263518244028091,0.028426630422472954,0.028426630422472954,0.028426630422472954,1.0532678365707397,0.09744452685117722,-0.3472166061401367,0.5,0.4736790060997009,0.5263209939002991,120.025390625,4177780,
-0.06806318461894989,-0.06126011908054352,-0.06126011908054352,-0.06126011908054352,-0.08730358630418777,0.7796149849891663,-0.5165331959724426,0.5,0.5567222833633423,0.4432776868343353,74.076171875,2578012,
0.06766641139984131,0.010366463102400303,0.010366463102400303,0.010366463102400303,0.06989702582359314,0.9680871367454529,-0.25051215291023254,0.5,0.4904014468193054,0.5095985531806946,67.8564453125,2361466,
-0.2272850126028061,-0.22019249200820923,-0.22019249200820923,-0.22019249200820923,-0.24159567058086395,0.9407660961151123,-0.19292651116847992,0.5,0.7038819193840027,0.2961180806159973,67.8251953125,2360378,
0.49039262533187866,0.44481202960014343,0.44481202960014343,0.44481202960014343,-0.6343932747840881,-0.7730104327201843,0.0,0.5,0.08813703060150146,0.9118629693984985,66.1650390625,2302578,
0.4549505114555359,0.40180444717407227,0.40180444717407227,0.40180444717407227,-0.6139628887176514,-0.7410065531730652,0.18087522685527802,0.5,0.12795883417129517,0.8720411658287048,67.0888671875,2334742,
0.4549505114555359,0.41243115067481995,0.41243115067481995,0.41243115067481995,-0.6139628887176514,-0.7410065531730652,-0.18087522685527802,0.5,0.11811929941177368,0.8818807005882263,58.4697265625,2034658,
0.16122570633888245,0.1322379857301712,0.1322379857301712,0.1322379857301712,-0.35382533073425293,-0.45566466450691223,0.5725221633911133,0.5,0.3775574564933777,0.6224425435066223,64.357421875,2239644,
0.03692778944969177,0.007808202411979437,0.007808202411979437,0.007808202411979437,-0.1429234892129898,-0.25837454199790955,0.7132105827331543,0.5,0.4927701950073242,0.5072298049926758,70.224609375,2443916,
0.2920147180557251,0.2601740062236786,0.2601740062236786,0.2601740062236786,-0.37027621269226074,-0.7886402606964111,0.35900527238845825,0.5,0.2590981721878052,0.7409018278121948,66.076171875,2299484,
0.1019199937582016,0.12058477103710175,0.12058477103710175,0.12058477103710175,-0.18047969043254852,-0.5647172331809998,-0.6114184260368347,0.5,0.38834744691848755,0.6116525530815125,72.5751953125,2525754,
0.06832733750343323,0.058933328837156296,0.058933328837156296,0.058933328837156296,-0.16495880484580994,-0.41420847177505493,-0.6709063053131104,0.5,0.4454321265220642,0.5545678734779358,69.5654296875,2420966,
0.2920147180557251,0.2607765197753906,0.2607765197753906,0.2607765197753906,-0.37027621269226074,-0.7886402606964111,-0.35900527238845825,0.5,0.2585402727127075,0.7414597272872925,70.1279296875,2440550,
-0.5325952768325806,-0.4120314121246338,-0.4120314121246338,-0.4120314121246338,0.849295973777771,-0.6271020770072937,0.5128351449966431,0.5,0.8815105557441711,0.11848945170640945,105.0712890625,3657138,
-0.5040936470031738,-0.3950617015361786,-0.3950617015361786,-0.3950617015361786,0.761254072189331,-0.6621884107589722,0.6967242360115051,0.5,0.8657978773117065,0.13420213758945465,115.9921875,4037360,
-0.5081919431686401,-0.388947993516922,-0.388947993516922,-0.388947993516922,0.917239785194397,-0.5540448427200317,0.5065895915031433,0.5,0.8601369857788086,0.13986298441886902,107.939453125,3756996,
-0.12017130851745605,-0.13472309708595276,-0.13472309708595276,-0.13472309708595276,0.39179643988609314,-0.30671873688697815,0.8751800656318665,0.5,0.6247435808181763,0.37525638937950134,89.998046875,3132348,
-0.038502614945173264,-0.03108024410903454,-0.03108024410903454,-0.03108024410903454,0.3742891252040863,-0.10286864638328552,0.8968902826309204,0.5,0.5287780165672302,0.4712219834327698,91.296875,3177568,
-0.2617647647857666,-0.238939106464386,-0.238939106464386,-0.238939106464386,0.7550187706947327,-0.34669968485832214,0.9312421679496765,0.5,0.7212399244308472,0.2787601053714752,115.2646484375,4012030,
-0.3412577211856842,-0.297113299369812,-0.297113299369812,-0.297113299369812,1.1058168411254883,-0.30860239267349243,0.6201415657997131,0.5,0.7751048803329468,0.22489510476589203,128.8955078125,4486602,
-0.12248993664979935,-0.12891027331352234,-0.12891027331352234,-0.12891027331352234,1.165281891822815,-0.10511614382266998,0.6275844573974609,0.5,0.619361400604248,0.38063862919807434,136.580078125,4754148,
-0.31499579548835754,-0.2671149671077728,-0.2671149671077728,-0.2671149671077728,1.065353512763977,-0.29567256569862366,0.5035330653190613,0.5,0.7473286390304565,0.25267133116722107,123.912109375,4313100,
-0.0,-0.041402485221624374,-0.041402485221624374,-0.041402485221624374,-0.14919321238994598,0.0,0.7305352687835693,0.5,0.5383356809616089,0.4616643488407135,68.0380859375,2367790,
0.07531261444091797,0.037320058792829514,0.037320058792829514,0.037320058792829514,-0.37282559275627136,-0.20200493931770325,0.6204498410224915,0.5,0.4654443860054016,0.5345556139945984,59.9482421875,2086134,
-0.026569440960884094,-0.05638881027698517,-0.05638881027698517,-0.05638881027698517,-0.2627423405647278,0.10112356394529343,0.680462658405304,0.5,0.5522118806838989,0.44778814911842346,70.162109375,2441740,
0.24401487410068512,0.17981557548046112,0.17981557548046112,0.17981557548046112,-0.5927343964576721,-0.4116765856742859,0.4481181502342224,0.5,0.3335040807723999,0.6664959192276001,65.3046875,2272624,
0.4085724949836731,0.39299100637435913,0.39299100637435913,0.39299100637435913,-0.8115410208702087,-0.5034526586532593,0.1819513440132141,0.5,0.13611942529678345,0.8638805747032166,64.6533203125,2249946,
0.1377779096364975,0.09897351264953613,0.09897351264953613,0.09897351264953613,-0.672003448009491,-0.2050255984067917,0.4462239146232605,0.5,0.4083578586578369,0.5916421413421631,62.4423828125,2172970,
-0.3553360104560852,-0.32006463408470154,-0.32006463408470154,-0.32006463408470154,-0.8587449193000793,0.41378527879714966,0.18222446739673615,0.5,0.7963561415672302,0.20364387333393097,62.6962890625,2181810,
-0.4465143084526062,-0.3697391152381897,-0.3697391152381897,-0.3697391152381897,-0.7520782351493835,0.593707263469696,0.17968136072158813,0.5,0.8423510193824768,0.1576489806175232,61.6767578125,2146314,
-0.1377779096364975,-0.14842593669891357,-0.14842593669891357,-0.14842593669891357,-0.672003448009491,0.2050255984067917,0.4462239146232605,0.5,0.6374313831329346,0.36256858706474304,59.5703125,2072976,
0.5132384300231934,0.41581255197525024,0.41581255197525024,0.41581255197525024,0.6799924969673157,0.7547706961631775,0.40232059359550476,0.5,0.11498838663101196,0.885011613368988,93.7373046875,3262534,
0.3189167082309723,0.2330384999513626,0.2330384999513626,0.2330384999513626,0.4501197636127472,0.7085152268409729,0.7042084336280823,0.5,0.28422361612319946,0.7157763838768005,95.7490234375,3332574,
0.5100159645080566,0.4253843128681183,0.4253843128681183,0.4253843128681183,0.6733592748641968,0.7574203014373779,0.3449597656726837,0.5,0.10612565279006958,0.8938743472099304,99.48828125,3462760,
0.10216231644153595,0.055978480726480484,0.055978480726480484,0.055978480726480484,0.22121845185756683,0.4618164300918579,0.7901093363761902,0.5,0.4481680989265442,0.5518319010734558,79.2216796875,2757158,
0.048796847462654114,0.05975839123129845,0.05975839123129845,0.05975839123129845,0.13470295071601868,0.3622552156448364,0.7916470766067505,0.5,0.444668173789978,0.555331826210022,78.740234375,2740396,
0.20687249302864075,0.16531702876091003,0.16531702876091003,0.16531702876091003,0.25273293256759644,0.8185418844223022,0.569908857345581,0.5,0.3469287157058716,0.6530712842941284,80.8896484375,2815230,
0.4265681505203247,0.28809604048728943,0.28809604048728943,0.28809604048728943,0.48977550864219666,0.8709462881088257,0.1752927303314209,0.5,0.2332444190979004,0.7667555809020996,78.5380859375,2733358,
0.41953152418136597,0.29944705963134766,0.29944705963134766,0.29944705963134766,0.47754809260368347,0.8785115480422974,0.05848557874560356,0.5,0.2227342128753662,0.7772657871246338,85.8544921875,2988086,
0.49793124198913574,0.3658299446105957,0.3658299446105957,0.3658299446105957,0.6522542238235474,0.7634005546569824,0.17297732830047607,0.5,0.16126859188079834,0.8387314081192017,87.9970703125,3062682,
-0.49039262533187866,-0.43340256810188293,-0.43340256810188293,-0.43340256810188293,-0.7730104327201843,0.6343932747840881,0.0,0.5,0.9012986421585083,0.0987013429403305,65.671875,2285408,
-0.4085724949836731,-0.39231833815574646,-0.39231833815574646,-0.39231833815574646,-0.8115410208702087,0.5034526586532593,0.1819513440132141,0.5,0.8632577061653137,0.13674229383468628,65.74609375,2287992,
-0.4465143084526062,-0.3265291452407837,-0.3265291452407837,-0.3265291452407837,-0.7520782351493835,0.593707263469696,-0.17968136072158813,0.5,0.8023418188095093,0.1976582109928131,68.0478515625,2368130,
-0.27492544054985046,-0.23625601828098297,-0.23625601828098297,-0.23625601828098297,-0.9021425247192383,0.30474722385406494,0.18131119012832642,0.5,0.7187555432319641,0.2812444567680359,60.587890625,2108404,
-0.24389202892780304,-0.2174174040555954,-0.2174174040555954,-0.2174174040555954,-0.7790605425834656,0.31305915117263794,0.33251065015792847,0.5,0.7013124227523804,0.29868757724761963,61.134765625,2127444,
-0.08609554916620255,-0.03094007447361946,-0.03094007447361946,-0.03094007447361946,-0.8343457579612732,0.10318929702043533,0.3250972032546997,0.5,0.5286481976509094,0.4713518023490906,59.45703125,2069032,
-0.05520976707339287,-0.06082034111022949,-0.06082034111022949,-0.06082034111022949,-0.5481129884719849,0.10072698444128036,-0.5376205444335938,0.5,0.5563151240348816,0.4436848759651184,63.109375,2196192,
-0.04113245755434036,-0.017217256128787994,-0.017217256128787994,-0.017217256128787994,-0.40776848793029785,0.10087208449840546,-0.6130396723747253,0.5,0.5159419178962708,0.48405808210372925,62.029296875,2158588,
-0.24389202892780304,-0.20643667876720428,-0.20643667876720428,-0.20643667876720428,-0.7790605425834656,0.31305915117263794,-0.33251065015792847,0.5,0.6911450624465942,0.3088549077510834,61.18359375,2129144,
-0.49039262533187866,-0.39823102951049805,-0.39823102951049805,-0.39823102951049805,0.7730104327201843,-0.6343932747840881,0.0,0.5,0.8687324523925781,0.13126757740974426,94.1298828125,3276202,
-0.49142003059387207,-0.3483675718307495,-0.3483675718307495,-0.3483675718307495,0.7833750247955322,-0.6273113489151001,0.1139943078160286,0.5,0.822562575340271,0.1774374395608902,95.4208984375,3321150,
-0.4900437593460083,-0.3408782482147217,-0.3408782482147217,-0.3408782482147217,0.7776027917861938,-0.630198061466217,-0.0573565810918808,0.5,0.8156279921531677,0.18437200784683228,88.8984375,3094064,
-0.4987002909183502,-0.37431395053863525,-0.37431395053863525,-0.37431395053863525,0.7982613444328308,-0.6247330904006958,0.22444559633731842,0.5,0.8465869426727295,0.15341302752494812,98.9013671875,3442326,
-0.5045629143714905,-0.4415201246738434,-0.4415201246738434,-0.4415201246738434,0.807363748550415,-0.624951183795929,0.2813720107078552,0.5,0.9088149070739746,0.0911850854754448,103.921875,3617120,
-0.4140050411224365,-0.3076622188091278,-0.3076622188091278,-0.3076622188091278,0.8907332420349121,-0.46479126811027527,0.11076142638921738,0.5,0.7848724126815796,0.2151275873184204,101.2685546875,3524742,
-0.41954776644706726,-0.3753310739994049,-0.3753310739994049,-0.3753310739994049,0.9067606925964355,-0.46268853545188904,-0.21765606105327606,0.5,0.8475287556648254,0.15247124433517456,102.498046875,3567548,
-0.47419148683547974,-0.3830679953098297,-0.3830679953098297,-0.3830679953098297,0.8664262294769287,-0.547295868396759,-0.2766370177268982,0.5,0.8546925783157349,0.14530742168426514,100.822265625,3509204,
-0.4140050411224365,-0.35414767265319824,-0.35414767265319824,-0.35414767265319824,0.8907332420349121,-0.46479126811027527,-0.11076142638921738,0.5,0.8279144763946533,0.17208550870418549,101.0849609375,3518350,
0.0,0.015211365185678005,0.015211365185678005,0.015211365185678005,1.1286640167236328,0.0,0.5294628143310547,0.5,0.4859154224395752,0.5140845775604248,124.1337890625,4320818,
-0.11947997659444809,-0.11869877576828003,-0.11869877576828003,-0.11869877576828003,1.14101243019104,-0.10471399873495102,0.5726488828659058,0.5,0.6099062561988831,0.39009374380111694,127.0439453125,4422138,
0.23773981630802155,0.1991104781627655,0.1991104781627655,0.1991104781627655,1.1414506435394287,0.20827867090702057,0.6214240193367004,0.5,0.3156384825706482,0.6843615174293518,131.29296875,4570072,
-0.1249939501285553,-0.1478724479675293,-0.1478724479675293,-0.1478724479675293,1.189099669456482,-0.10511646419763565,0.6825147867202759,0.5,0.6369189023971558,0.36308106780052185,133.546875,4648544,
-0.23773981630802155,-0.16957014799118042,-0.16957014799118042,-0.16957014799118042,1.1414506435394287,-0.20827867090702057,0.6214240193367004,0.5,0.6570093631744385,0.34299060702323914,131.9306640625,4592274,
-0.25579509139060974,-0.192597433924675,-0.192597433924675,-0.192597433924675,1.1846946477890015,-0.2159164696931839,0.7402701377868652,0.5,0.6783309578895569,0.3216690421104431,135.9521484375,4732286,
0.42187389731407166,0.347237765789032,0.347237765789032,0.347237765789032,1.0609118938446045,0.39765214920043945,0.6204472184181213,0.5,0.17848354578018188,0.8215164542198181,117.751953125,4098628,
0.4734983444213867,0.41249626874923706,0.41249626874923706,0.41249626874923706,0.9914191961288452,0.4775964915752411,0.5628740191459656,0.5,0.11805903911590576,0.8819409608840942,118.267578125,4116580,
0.22044314444065094,0.16575832664966583,0.16575832664966583,0.16575832664966583,1.0959309339523315,0.2011469304561615,0.5087941884994507,0.5,0.3465200662612915,0.6534799337387085,114.01171875,3968408,
-0.5325952768325806,-0.4164997935295105,-0.4164997935295105,-0.4164997935295105,0.849295973777771,-0.6271020770072937,-0.5128351449966431,0.5,0.8856479525566101,0.11435205489397049,108.21484375,3766584,
-0.5081919431686401,-0.36122775077819824,-0.36122775077819824,-0.36122775077819824,0.917239785194397,-0.5540448427200317,-0.5065895915031433,0.5,0.8344701528549194,0.16552987694740295,111.8369140625,3892690,
-0.3405906856060028,-0.3092905282974243,-0.3092905282974243,-0.3092905282974243,0.6153967976570129,-0.5534489154815674,-0.8296802639961243,0.5,0.7863801121711731,0.2136198878288269,103.181640625,3591348,
-0.3412577211856842,-0.2709202170372009,-0.2709202170372009,-0.2709202170372009,1.1058168411254883,-0.30860239267349243,-0.6201415657997131,0.5,0.7508520483970642,0.2491479516029358,126.3720703125,4398746,
-0.31499579548835754,-0.266351580619812,-0.266351580619812,-0.266351580619812,1.065353512763977,-0.29567256569862366,-0.5035330653190613,0.5,0.74662184715271,0.2533781826496124,124.2744140625,4325714,
-0.11947997659444809,-0.07590804994106293,-0.07590804994106293,-0.07590804994106293,1.14101243019104,-0.10471399873495102,-0.5726488828659058,0.5,0.5702852010726929,0.42971476912498474,128.5341796875,4474022,
-0.053916916251182556,-0.010509117506444454,-0.010509117506444454,-0.010509117506444454,0.5241593718528748,-0.10286359488964081,-0.932678759098053,0.5,0.5097306966781616,0.49026933312416077,92.388671875,3215580,
-0.06320104748010635,0.015811730176210403,0.015811730176210403,0.015811730176210403,0.30742424726486206,-0.20558251440525055,-0.8696388602256775,0.5,0.4853594899177551,0.5146405100822449,84.2626953125,2932666,
-0.2617647647857666,-0.19260680675506592,-0.19260680675506592,-0.19260680675506592,0.7550187706947327,-0.34669968485832214,-0.9312421679496765,0.5,0.6783396005630493,0.3216603696346283,120.20703125,4184104,
0.0,-0.01979294791817665,-0.01979294791817665,-0.01979294791817665,1.0830363035202026,0.0,-0.4176413416862488,0.5,0.5183268189430237,0.4816731810569763,116.44921875,4053272,
-0.20445646345615387,-0.17937295138835907,-0.17937295138835907,-0.17937295138835907,1.0538161993026733,-0.1940152943134308,-0.39451631903648376,0.5,0.6660860776901245,0.3339139223098755,114.1513671875,3973270,
0.10480567067861557,0.07190674543380737,0.07190674543380737,0.07190674543380737,1.072791576385498,0.09769434481859207,-0.4041326940059662,0.5,0.43341970443725586,0.5665802955627441,115.9013671875,4034198,
-0.37463417649269104,-0.35810014605522156,-0.35810014605522156,-0.35810014605522156,0.9904463887214661,-0.37824779748916626,-0.38620129227638245,0.5,0.8315742015838623,0.1684257984161377,114.5029296875,3985510,
-0.4410606026649475,-0.33285394310951233,-0.33285394310951233,-0.33285394310951233,0.9447158575057983,-0.4668711721897125,-0.38629525899887085,0.5,0.808198094367981,0.19180192053318024,103.009765625,3585364,
-0.19582614302635193,-0.16400550305843353,-0.16400550305843353,-0.16400550305843353,1.0194675922393799,-0.19208668172359467,-0.2818293869495392,0.5,0.6518569588661194,0.3481430411338806,108.5634765625,3778722,
0.3601171374320984,0.2244417816400528,0.2244417816400528,0.2244417816400528,0.9606220722198486,0.3748790919780731,-0.2735316753387451,0.5,0.2921835780143738,0.7078164219856262,111.216796875,3871100,
0.4327062964439392,0.3545561134815216,0.3545561134815216,0.3545561134815216,0.9304457902908325,0.46505266427993774,-0.33026251196861267,0.5,0.17170727252960205,0.828292727470398,109.33203125,3805480,
0.19582614302635193,0.19118034839630127,0.19118034839630127,0.19118034839630127,1.0194675922393799,0.19208668172359467,-0.2818293869495392,0.5,0.32298117876052856,0.6770188212394714,107.619140625,3745844,
0.0,0.006878814660012722,0.006878814660012722,0.006878814660012722,0.14585982263088226,0.0,-0.8346499800682068,0.5,0.4936307668685913,0.5063692331314087,79.02734375,2750392,
-0.023170752450823784,-0.004968547727912664,-0.004968547727912664,-0.004968547727912664,0.22532612085342407,-0.10283207148313522,-0.8557751774787903,0.5,0.5046005249023438,0.49539950489997864,80.7734375,2811184,
0.06320104748010635,0.07258583605289459,0.07258583605289459,0.07258583605289459,0.30742424726486206,0.20558251440525055,-0.8696388602256775,0.5,0.43279093503952026,0.5672090649604797,88.8857421875,3093622,
-0.08156879246234894,-0.080239437520504,-0.080239437520504,-0.080239437520504,0.7050383687019348,-0.11569412052631378,-0.966504693031311,0.5,0.5742957592010498,0.4257042109966278,114.482421875,3984796,
-0.13933029770851135,-0.07483789324760437,-0.07483789324760437,-0.07483789324760437,0.6374760270118713,-0.21856555342674255,-0.9428555369377136,0.5,0.5692943334579468,0.4307056665420532,109.2275390625,3801842,
-0.2547602653503418,-0.22493688762187958,-0.22493688762187958,-0.22493688762187958,1.0179502964019775,-0.250267893075943,-0.9641326069831848,0.5,0.7082749009132385,0.2917250990867615,136.2724609375,4743438,
0.44719868898391724,0.3743000030517578,0.3743000030517578,0.3743000030517578,0.9069684147834778,0.49306973814964294,-0.8503292798995972,0.5,0.153425931930542,0.846574068069458,120.2783203125,4186586,
0.3405906856060028,0.27980202436447144,0.27980202436447144,0.27980202436447144,0.6153967976570129,0.5534489154815674,-0.8296802639961243,0.5,0.24092406034469604,0.759075939655304,104.6376953125,3642042,
0.13933029770851135,0.10699339210987091,0.10699339210987091,0.10699339210987091,0.6374760270118713,0.21856555342674255,-0.9428555369377136,0.5,0.40093207359313965,0.5990679264068604,106.30078125,3699944,
0.49039262533187866,0.3858073353767395,0.3858073353767395,0.3858073353767395,0.6343932747840881,0.7730104327201843,0.0,0.5,0.14277100563049316,0.8572289943695068,83.3671875,2901488,
0.46483880281448364,0.3495444059371948,0.3495444059371948,0.3495444059371948,0.5616617798805237,0.827613353729248,0.05831356346607208,0.5,0.1763477921485901,0.8236522078514099,87.3583984375,3040446,
0.423208624124527,0.3264120817184448,0.3264120817184448,0.3264120817184448,0.4837527573108673,0.8748449087142944,-0.11681747436523438,0.5,0.19776660203933716,0.8022333979606628,84.302734375,2934060,
0.358171671628952,0.22899751365184784,0.22899751365184784,0.22899751365184784,0.38896432518959045,0.9208342432975769,0.058476343750953674,0.5,0.28796523809432983,0.7120347619056702,77.7255859375,2705070,
0.423208624124527,0.3120233118534088,0.3120233118534088,0.3120233118534088,0.4837527573108673,0.8748449087142944,0.11681747436523438,0.5,0.21108949184417725,0.7889105081558228,85.1640625,2964048,
0.28730508685112,0.21184849739074707,0.21184849739074707,0.21184849739074707,0.30236169695854187,0.9502033591270447,0.11793261766433716,0.5,0.30384397506713867,0.6961560249328613,81.224609375,2826892,
0.42908915877342224,0.3476465940475464,0.3476465940475464,0.3476465940475464,0.49496549367904663,0.8669072389602661,-0.23276497423648834,0.5,0.17810499668121338,0.8218950033187866,89.947265625,3130580,
0.5060022473335266,0.3667370080947876,0.3667370080947876,0.3667370080947876,0.6663050055503845,0.759415328502655,-0.28764259815216064,0.5,0.1604287028312683,0.8395712971687317,94.9150390625,3303538,
0.4946895241737366,0.31709039211273193,0.31709039211273193,0.31709039211273193,0.6459977626800537,0.7657759189605713,-0.11563890427350998,0.5,0.20639777183532715,0.7936022281646729,88.5390625,3081552,
0.5132384300231934,0.38882479071617126,0.38882479071617126,0.38882479071617126,0.6799924969673157,0.7547706961631775,-0.40232059359550476,0.5,0.1399770975112915,0.8600229024887085,103.9169921875,3616950,
0.5100159645080566,0.3614598214626312,0.3614598214626312,0.3614598214626312,0.6733592748641968,0.7574203014373779,-0.3449597656726837,0.5,0.16531503200531006,0.8346849679946899,90.9873046875,3166790,
0.4538540840148926,0.39006322622299194,0.39006322622299194,0.39006322622299194,0.5797447562217712,0.7828515768051147,-0.5650883913040161,0.5,0.13883036375045776,0.8611696362495422,92.94921875,3235096,
0.365464985370636,0.27407169342041016,0.27407169342041016,0.27407169342041016,0.40054795145988464,0.9124125838279724,-0.17538680136203766,0.5,0.24622994661331177,0.7537700533866882,87.3076171875,3038678,
0.41953152418136597,0.3139806389808655,0.3139806389808655,0.3139806389808655,0.47754809260368347,0.8785115480422974,-0.05848557874560356,0.5,0.2092772126197815,0.7907227873802185,80.1083984375,2788030,
0.2829059958457947,0.20305022597312927,0.20305022597312927,0.20305022597312927,0.29645752906799316,0.9542884230613708,-0.05935412272810936,0.5,0.31199055910110474,0.6880094408988953,77.9755859375,2713774,
0.006456561386585236,0.022479437291622162,0.022479437291622162,0.022479437291622162,0.011385278776288033,0.5670973658561707,-0.6848316788673401,0.5,0.47918570041656494,0.5208142995834351,72.103515625,2509332,
0.013069798238575459,0.013342165388166904,0.013342165388166904,0.013342165388166904,0.05024455115199089,0.26012369990348816,-0.7837361097335815,0.5,0.4876461625099182,0.5123538374900818,81.0947265625,2822370,
0.20687249302864075,0.1574564278125763,0.1574564278125763,0.1574564278125763,0.25273293256759644,0.8185418844223022,-0.569908857345581,0.5,0.35420697927474976,0.6457930207252502,75.8984375,2641456,
0.09754516184329987,0.07359152287244797,0.07359152287244797,0.07359152287244797,-0.9951847195625305,-0.0980171412229538,0.0,0.5,0.43185967206954956,0.5681403279304504,61.9990234375,2157534,
0.09574487805366516,0.06744376569986343,0.06744376569986343,0.06744376569986343,-0.94771409034729,-0.10102717578411102,0.17694184184074402,0.5,0.4375520348548889,0.5624479651451111,56.3671875,1961456,
0.08609554916620255,0.06929249316453934,0.06929249316453934,0.06929249316453934,-0.8343457579612732,-0.10318929702043533,-0.3250972032546997,0.5,0.43584030866622925,0.5641596913337708,66.3134765625,2307746,
0.27492544054985046,0.29660654067993164,0.29660654067993164,0.29660654067993164,-0.9021425247192383,-0.30474722385406494,0.18131119012832642,0.5,0.2253643274307251,0.7746356725692749,66.390625,2310432,
0.08609554916620255,0.09378455579280853,0.09378455579280853,0.09378455579280853,-0.8343457579612732,-0.10318929702043533,0.3250972032546997,0.5,0.4131624102592468,0.5868375897407532,63.4091796875,2206630,
0.24389202892780304,0.22232531011104584,0.22232531011104584,0.22232531011104584,-0.7790605425834656,-0.31305915117263794,0.33251065015792847,0.5,0.2941431999206543,0.7058568000793457,58.8818359375,2049006,
0.14355683326721191,0.11264124512672424,0.11264124512672424,0.11264124512672424,-0.47754594683647156,-0.300613671541214,-0.5495237708091736,0.5,0.3957025408744812,0.6042974591255188,68.375,2379520,
0.04113245755434036,0.037781354039907455,0.037781354039907455,0.037781354039907455,-0.40776848793029785,-0.10087208449840546,-0.6130396723747253,0.5,0.46501725912094116,0.5349827408790588,68.333984375,2378092,
0.24389202892780304,0.22333624958992004,0.22333624958992004,0.22333624958992004,-0.7790605425834656,-0.31305915117263794,-0.33251065015792847,0.5,0.29320716857910156,0.7067928314208984,60.767578125,2114660,
-0.008050572127103806,-0.046007733792066574,-0.046007733792066574,-0.046007733792066574,0.07828113436698914,-0.10284178704023361,0.8098421692848206,0.5,0.5425997376441956,0.45740026235580444,69.0830078125,2404170,
-0.023170752450823784,-0.02537374384701252,-0.02537374384701252,-0.02537374384701252,0.22532612085342407,-0.10283207148313522,0.8557751774787903,0.5,0.5234942436218262,0.4765057861804962,84.8251953125,2952250,
-0.011478058062493801,-0.09627487510442734,-0.09627487510442734,-0.09627487510442734,0.02758338488638401,-0.416122168302536,0.7429110407829285,0.5,0.5891433954238892,0.41085660457611084,75.4755859375,2626734,
-0.2214699685573578,-0.1715480536222458,-0.1715480536222458,-0.1715480536222458,0.5084482431411743,-0.43558016419410706,0.8667728900909424,0.5,0.6588407754898071,0.3411591947078705,100.5048828125,3498154,
-0.1918463110923767,-0.14095349609851837,-0.14095349609851837,-0.14095349609851837,0.5720020532608032,-0.3353944420814514,0.9077472686767578,0.5,0.6305124759674072,0.3694875240325928,94.6259765625,3293474,
-0.3405906856060028,-0.324714720249176,-0.324714720249176,-0.324714720249176,0.6153967976570129,-0.5534489154815674,0.8296802639961243,0.5,0.8006618022918701,0.19933822751045227,103.0478515625,3586690,
-0.25709548592567444,-0.23346340656280518,-0.23346340656280518,-0.23346340656280518,0.28060382604599,-0.9162222743034363,0.37558749318122864,0.5,0.7161698341369629,0.2838301956653595,73.1806640625,2546834,
-0.03411867842078209,-0.022886104881763458,-0.022886104881763458,-0.022886104881763458,0.038449205458164215,-0.8873701691627502,0.43554335832595825,0.5,0.5211908221244812,0.4788091778755188,78.66796875,2737880,
-0.15258198976516724,-0.08528631180524826,-0.08528631180524826,-0.08528631180524826,0.23323321342468262,-0.6542035341262817,0.7074999213218689,0.5,0.5789688229560852,0.4210311770439148,78.486328125,2731556,
-0.4876222610473633,-0.40157976746559143,-0.40157976746559143,-0.40157976746559143,0.673697292804718,-0.7238002419471741,-0.6345412135124207,0.5,0.871833086013794,0.12816689908504486,95.5517578125,3325706,
-0.5040936470031738,-0.4131183624267578,-0.4131183624267578,-0.4131183624267578,0.761254072189331,-0.6621884107589722,-0.6967242360115051,0.5,0.8825169801712036,0.11748301237821579,99.0703125,3448208,
-0.4538540840148926,-0.37403881549835205,-0.37403881549835205,-0.37403881549835205,0.5797447562217712,-0.7828515768051147,-0.5650883913040161,0.5,0.8463321924209595,0.15366777777671814,93.1943359375,3243630,
-0.2214699685573578,-0.18820451200008392,-0.18820451200008392,-0.18820451200008392,0.5084482431411743,-0.43558016419410706,-0.8667728900909424,0.5,0.6742634773254395,0.32573655247688293,97.7880859375,3403566,
-0.48918235301971436,-0.3923032879829407,-0.3923032879829407,-0.3923032879829407,0.8402963280677795,-0.5821545720100403,-0.7787031531333923,0.5,0.8632437586784363,0.13675622642040253,110.0048828125,3828906,
-0.1918463110923767,-0.1481521874666214,-0.1481521874666214,-0.1481521874666214,0.5720020532608032,-0.3353944420814514,-0.9077472686767578,0.5,0.6371779441833496,0.3628220558166504,101.841796875,3544700,
-0.016206303611397743,-0.006119604222476482,-0.006119604222476482,-0.006119604222476482,0.02152836136519909,-0.7527885437011719,-0.5788156986236572,0.5,0.5056663155555725,0.4943336844444275,77.669921875,2703132,
-0.06766641139984131,-0.013244752772152424,-0.013244752772152424,-0.013244752772152424,0.06989702582359314,-0.9680871367454529,-0.25051215291023254,0.5,0.5122636556625366,0.4877363443374634,70.5341796875,2454694,
-0.15258198976516724,-0.13781413435935974,-0.13781413435935974,-0.13781413435935974,0.23323321342468262,-0.6542035341262817,-0.7074999213218689,0.5,0.627605676651001,0.372394323348999,83.7568359375,2915054,
-0.10338743031024933,-0.06846808642148972,-0.06846808642148972,-0.06846808642148972,0.1041005477309227,-0.9931497573852539,0.05951031669974327,0.5,0.5633963942527771,0.4366036057472229,71.158203125,2476420,
-0.06766641139984131,-0.054283395409584045,-0.054283395409584045,-0.054283395409584045,0.06989702582359314,-0.9680871367454529,0.25051215291023254,0.5,0.5502623915672302,0.4497376084327698,69.353515625,2413588,
-0.2829059958457947,-0.19829392433166504,-0.19829392433166504,-0.19829392433166504,0.29645752906799316,-0.9542884230613708,0.05935412272810936,0.5,0.6836054921150208,0.31639450788497925,79.6142578125,2770826,
-0.34166961908340454,-0.28033190965652466,-0.28033190965652466,-0.28033190965652466,0.3909006714820862,-0.874057412147522,0.44645363092422485,0.5,0.7595665454864502,0.24043342471122742,82.5732421875,2873846,
-0.20687249302864075,-0.12026610970497131,-0.12026610970497131,-0.12026610970497131,0.25273293256759644,-0.8185418844223022,0.569908857345581,0.5,0.6113575100898743,0.38864248991012573,81.21875,2826688,
-0.3189167082309723,-0.2541893720626831,-0.2541893720626831,-0.2541893720626831,0.4501197636127472,-0.7085152268409729,0.7042084336280823,0.5,0.7353605031967163,0.2646394670009613,84.4501953125,2939194,
-0.4265681505203247,-0.30177754163742065,-0.30177754163742065,-0.30177754163742065,0.48977550864219666,-0.8709462881088257,0.1752927303314209,0.5,0.7794236540794373,0.22057636082172394,83.1044921875,2892342,
-0.49793124198913574,-0.3711183965206146,-0.3711183965206146,-0.3711183965206146,0.6522542238235474,-0.7634005546569824,0.17297732830047607,0.5,0.8436281681060791,0.1563718616962433,94.3466796875,3283750,
-0.46483880281448364,-0.34081533551216125,-0.34081533551216125,-0.34081533551216125,0.5616617798805237,-0.827613353729248,0.05831356346607208,0.5,0.8155697584152222,0.18443025648593903,89.0986328125,3101034,
0.0049036601558327675,0.02481587417423725,0.02481587417423725,0.02481587417423725,-0.031085262075066566,-0.15774871408939362,0.7679311633110046,0.5,0.47702234983444214,0.5229776501655579,75.1640625,2615888,
-0.013069798238575459,-0.0009442985756322742,-0.0009442985756322742,-0.0009442985756322742,0.05024455115199089,-0.26012369990348816,0.7837361097335815,0.5,0.500874400138855,0.4991256296634674,74.7265625,2600656,
0.06832733750343323,0.03310702368617058,0.03310702368617058,0.03310702368617058,-0.16495880484580994,-0.41420847177505493,0.6709063053131104,0.5,0.4693453311920166,0.5306546688079834,66.6474609375,2319374,
-0.006456561386585236,0.0018570114625617862,0.0018570114625617862,0.0018570114625617862,0.011385278776288033,-0.5670973658561707,0.6848316788673401,0.5,0.4982805848121643,0.5017194151878357,76.7373046875,2670662,
-0.048796847462654114,-0.05919093266129494,-0.05919093266129494,-0.05919093266129494,0.13470295071601868,-0.3622552156448364,0.7916470766067505,0.5,0.5548064112663269,0.4451935887336731,83.88671875,2919576,
-0.08696317672729492,-0.014269747771322727,-0.014269747771322727,-0.014269747771322727,0.12318333983421326,-0.7059653997421265,0.6449176669120789,0.5,0.5132127404212952,0.48678725957870483,76.7392578125,2670730,
0.1374419778585434,0.1064741387963295,0.1064741387963295,0.1064741387963295,-0.1863371878862381,-0.737598180770874,0.508204460144043,0.5,0.40141284465789795,0.598587155342102,64.5029296875,2244710,
0.2272850126028061,0.19544723629951477,0.19544723629951477,0.19544723629951477,-0.24159567058086395,-0.9407660961151123,0.19292651116847992,0.5,0.3190303444862366,0.6809696555137634,62.07421875,2160152,
0.19156379997730255,0.1883295476436615,0.1883295476436615,0.1883295476436615,-0.27865344285964966,-0.6874625086784363,0.4989878535270691,0.5,0.3256208300590515,0.6743791699409485,72.474609375,2522252,
-0.5187563896179199,-0.3702813982963562,-0.3702813982963562,-0.3702813982963562,0.8272898197174072,-0.6270552277565002,0.3943341076374054,0.5,0.8428531289100647,0.1571468710899353,103.9384765625,3617698,
-0.489682137966156,-0.3732779026031494,-0.3732779026031494,-0.3732779026031494,0.8904706835746765,-0.5499138236045837,0.3891838788986206,0.5,0.8456276655197144,0.15437231957912445,102.037109375,3551500,
-0.5113332867622375,-0.3721945881843567,-0.3721945881843567,-0.3721945881843567,0.8171414732933044,-0.6257585883140564,0.3375724256038666,0.5,0.8446246385574341,0.1553753912448883,95.27734375,3316152,
-0.29635491967201233,-0.23029829561710358,-0.23029829561710358,-0.23029829561710358,1.0257588624954224,-0.2889128625392914,0.3880269229412079,0.5,0.7132391333580017,0.2867608666419983,114.8017578125,3995914,
-0.10263518244028091,-0.059562623500823975,-0.059562623500823975,-0.059562623500823975,1.0532678365707397,-0.09744452685117722,0.3472166061401367,0.5,0.55515056848526,0.44484943151474,115.869140625,4033076,
-0.28309646248817444,-0.20638811588287354,-0.20638811588287354,-0.20638811588287354,0.9944572448730469,-0.28467434644699097,0.276986300945282,0.5,0.6911001205444336,0.3088999092578888,111.2060546875,3870726,
-0.35225820541381836,-0.31822970509529114,-0.31822970509529114,-0.31822970509529114,0.9390655159950256,-0.37511569261550903,0.16274215281009674,0.5,0.7946571111679077,0.2053428739309311,104.2138671875,3627286,
-0.27518612146377563,-0.2462567538022995,-0.2462567538022995,-0.2462567538022995,0.9593815803527832,-0.28683698177337646,0.05418131873011589,0.5,0.7280155420303345,0.2719844877719879,102.064453125,3552452,
-0.4160568118095398,-0.3123914301395416,-0.3123914301395416,-0.3123914301395416,0.8977054953575134,-0.46346694231033325,0.1640281081199646,0.5,0.7892513275146484,0.21074868738651276,101.8291015625,3544258,
0.0,0.03735070675611496,0.03735070675611496,0.03735070675611496,1.063554286956787,0.0,0.9976712465286255,0.5,0.4654160141944885,0.5345839858055115,142.005859375,4943052,
-0.13112542033195496,-0.12056664377450943,-0.12056664377450943,-0.12056664377450943,1.0593292713165283,-0.12378154695034027,0.9889772534370422,0.5,0.6116358041763306,0.3883642256259918,136.8935546875,4765062,
0.2547602653503418,0.20369553565979004,0.20369553565979004,0.20369553565979004,1.0179502964019775,0.250267893075943,0.9641326069831848,0.5,0.31139302253723145,0.6886069774627686,141.7138671875,4932886,
-0.08156879246234894,-0.02591663971543312,-0.02591663971543312,-0.02591663971543312,0.7050383687019348,-0.11569412052631378,0.966504693031311,0.5,0.523996889591217,0.47600311040878296,111.525390625,3881844,
-0.2547602653503418,-0.19940924644470215,-0.19940924644470215,-0.19940924644470215,1.0179502964019775,-0.250267893075943,0.9641326069831848,0.5,0.6846381425857544,0.3153618276119232,137.669921875,4792092,
-0.13933029770851135,-0.09909193217754364,-0.09909193217754364,-0.09909193217754364,0.6374760270118713,-0.21856555342674255,0.9428555369377136,0.5,0.5917518138885498,0.4082481861114502,105.46484375,3670840,
0.2214699685573578,0.15380306541919708,0.15380306541919708,0.15380306541919708,0.5084482431411743,0.43558016419410706,0.8667728900909424,0.5,0.3575897812843323,0.6424102187156677,97.765625,3402784,
0.48918235301971436,0.4390546977519989,0.4390546977519989,0.4390546977519989,0.8402963280677795,0.5821545720100403,0.7787031531333923,0.5,0.09346789121627808,0.9065321087837219,115.8173828125,4031274,
0.13933029770851135,0.07897055149078369,0.07897055149078369,0.07897055149078369,0.6374760270118713,0.21856555342674255,0.9428555369377136,0.5,0.4268791079521179,0.5731208920478821,109.5859375,3814320,
0.011689490638673306,-0.01743350364267826,-0.01743350364267826,-0.01743350364267826,-0.11548805981874466,-0.10121817141771317,0.7407165169715881,0.5,0.5161421298980713,0.4838578402996063,72.8642578125,2535818,
0.0900617316365242,0.07181215286254883,0.07181215286254883,0.07181215286254883,-0.2513124346733093,-0.35836559534072876,0.6483748555183411,0.5,0.4335072636604309,0.5664927363395691,72.4501953125,2521402,
0.026569440960884094,0.02457292377948761,0.02457292377948761,0.02457292377948761,-0.2627423405647278,-0.10112356394529343,0.680462658405304,0.5,0.47724729776382446,0.5227527022361755,70.380859375,2449356,
0.26519253849983215,0.20531044900417328,0.20531044900417328,0.20531044900417328,-0.4620026648044586,-0.5740064978599548,0.4623884856700897,0.5,0.3098977208137512,0.6901022791862488,72.0732421875,2508278,
0.23598138988018036,0.24843016266822815,0.24843016266822815,0.24843016266822815,-0.37495356798171997,-0.629361629486084,0.4833061993122101,0.5,0.269972026348114,0.730027973651886,65.919921875,2294044,
0.3644524812698364,0.33837568759918213,0.33837568759918213,0.33837568759918213,-0.5474497079849243,-0.6657277941703796,0.34099188446998596,0.5,0.18668919801712036,0.8133108019828796,62.98828125,2191976,
0.14355683326721191,0.12631508708000183,0.12631508708000183,0.12631508708000183,-0.47754594683647156,-0.300613671541214,0.5495237708091736,0.5,0.3830416202545166,0.6169583797454834,59.388671875,2066652,
0.1979159414768219,0.14448058605194092,0.14448058605194092,0.14448058605194092,-0.6331777572631836,-0.31257563829421997,0.4505980610847473,0.5,0.36622166633605957,0.6337783336639404,63.267578125,2201700,
0.04113245755434036,0.013697982765734196,0.013697982765734196,0.013697982765734196,-0.40776848793029785,-0.10087208449840546,0.6130396723747253,0.5,0.48731666803359985,0.5126833319664001,60.8125,2116224,
-0.0049036601558327675,-0.015194742940366268,-0.015194742940366268,-0.015194742940366268,-0.031085262075066566,0.15774871408939362,0.7679311633110046,0.5,0.5140691995620728,0.48593083024024963,72.576171875,2525788,
-0.03692778944969177,-0.05264659598469734,-0.05264659598469734,-0.05264659598469734,-0.1429234892129898,0.25837454199790955,0.7132105827331543,0.5,0.5487468242645264,0.45125314593315125,67.875,2362112,
0.013069798238575459,0.0063296034932136536,0.0063296034932136536,0.0063296034932136536,0.05024455115199089,0.26012369990348816,0.7837361097335815,0.5,0.49413925409317017,0.5058607459068298,78.9384765625,2747298,
-0.26519253849983215,-0.2270725965499878,-0.2270725965499878,-0.2270725965499878,-0.4620026648044586,0.5740064978599548,0.4623884856700897,0.5,0.7102524042129517,0.28974759578704834,67.0126953125,2332090,
-0.42564523220062256,-0.3739532232284546,-0.3739532232284546,-0.3739532232284546,-0.5280561447143555,0.8060605525970459,0.18484894931316376,0.5,0.846252977848053,0.15374702215194702,61.595703125,2143492,
-0.19156379997730255,-0.17276111245155334,-0.17276111245155334,-0.17276111245155334,-0.27865344285964966,0.6874625086784363,0.4989878535270691,0.5,0.6599639654159546,0.340036004781723,66.2421875,2305264,
0.016206303611397743,-0.009647015482187271,-0.009647015482187271,-0.009647015482187271,0.02152836136519909,0.7527885437011719,0.5788156986236572,0.5,0.5089324116706848,0.4910675883293152,70.2880859375,2446126,
0.16886253654956818,0.11177501082420349,0.11177501082420349,0.11177501082420349,0.17861023545265198,0.9454247355461121,0.3162136375904083,0.5,0.39650464057922363,0.6034953594207764,75.5546875,2629488,
0.08696317672729492,0.09170380979776382,0.09170380979776382,0.09170380979776382,0.12318333983421326,0.7059653997421265,0.6449176669120789,0.5,0.41508907079696655,0.5849109292030334,79.3896484375,2763006,
0.14456912875175476,0.16926901042461395,0.16926901042461395,0.16926901042461395,1.2348688840866089,0.1170724481344223,0.87898850440979,0.5,0.343269407749176,0.656730592250824,151.1416015625,5261122,
0.13112542033195496,0.14697027206420898,0.14697027206420898,0.14697027206420898,1.0593292713165283,0.12378154695034027,0.9889772534370422,0.5,0.36391639709472656,0.6360836029052734,140.677734375,4896812,
0.1385394036769867,0.14065751433372498,0.14065751433372498,0.14065751433372498,1.2308353185653687,0.11255722492933273,0.8063746690750122,0.5,0.36976158618927,0.63023841381073,148.8486328125,5181290,
0.3533339202404022,0.2761804759502411,0.2761804759502411,0.2761804759502411,0.9632014036178589,0.3668328523635864,0.9237807989120483,0.5,0.24427735805511475,0.7557226419448853,131.6982421875,4584182,
0.09948429465293884,0.09082310646772385,0.09082310646772385,0.09082310646772385,0.8608010411262512,0.1155717670917511,0.9868438243865967,0.5,0.41590452194213867,0.5840954780578613,130.263671875,4534236,
0.2617647647857666,0.22652950882911682,0.22652950882911682,0.22652950882911682,0.7550187706947327,0.34669968485832214,0.9312421679496765,0.5,0.29025042057037354,0.7097495794296265,110.8369140625,3857874,
0.3470750153064728,0.30738744139671326,0.30738744139671326,0.30738744139671326,1.1266417503356934,0.3080615699291229,0.6767212748527527,0.5,0.21538203954696655,0.7846179604530334,131.00390625,4560008,
0.12248993664979935,0.03387722373008728,0.03387722373008728,0.03387722373008728,1.165281891822815,0.10511614382266998,0.6275844573974609,0.5,0.46863222122192383,0.5313677787780762,135.125,4703488,
0.1367114633321762,0.11273212730884552,0.11273212730884552,0.11273212730884552,1.2124923467636108,0.11275243014097214,0.7450031638145447,0.5,0.3956184387207031,0.6043815612792969,140.935546875,4905788,
0.4876222610473633,0.3857094943523407,0.3857094943523407,0.3857094943523407,0.673697292804718,0.7238002419471741,0.6345412135124207,0.5,0.14286160469055176,0.8571383953094482,104.2509765625,3628578,
0.5040936470031738,0.3932732939720154,0.3932732939720154,0.3932732939720154,0.761254072189331,0.6621884107589722,0.6967242360115051,0.5,0.13585805892944336,0.8641419410705566,108.3271484375,3770494,
0.4538540840148926,0.3722521960735321,0.3722521960735321,0.3722521960735321,0.5797447562217712,0.7828515768051147,0.5650883913040161,0.5,0.15532207489013672,0.8446779251098633,90.1591796875,3137958,
0.12017130851745605,0.07090491056442261,0.07090491056442261,0.07090491056442261,0.39179643988609314,0.30671873688697815,0.8751800656318665,0.5,0.43434733152389526,0.5656526684761047,86.6318359375,3015150,
0.1918463110923767,0.1925538182258606,0.1925538182258606,0.1925538182258606,0.5720020532608032,0.3353944420814514,0.9077472686767578,0.5,0.32170945405960083,0.6782905459403992,94.4638671875,3287830,
0.038502614945173264,0.02682630531489849,0.02682630531489849,0.02682630531489849,0.3742891252040863,0.10286864638328552,0.8968902826309204,0.5,0.4751608371734619,0.5248391628265381,91.490234375,3184300,
0.20397412776947021,0.181679368019104,0.181679368019104,0.181679368019104,0.3389100730419159,0.6018532514572144,0.7614215016365051,0.5,0.331778347492218,0.668221652507782,83.830078125,2917604,
0.15258198976516724,0.12815365195274353,0.12815365195274353,0.12815365195274353,0.23323321342468262,0.6542035341262817,0.7074999213218689,0.5,0.38133925199508667,0.6186607480049133,80.705078125,2808804,
0.40523141622543335,0.3171082139015198,0.3171082139015198,0.3171082139015198,0.4874574840068817,0.8313164114952087,0.504746675491333,0.5,0.20638132095336914,0.7936186790466309,84.1494140625,2928722,
0.5187563896179199,0.3937329649925232,0.3937329649925232,0.3937329649925232,0.8272898197174072,0.6270552277565002,0.3943341076374054,0.5,0.13543248176574707,0.8645675182342529,100.0732421875,3483126,
0.5113332867622375,0.45089083909988403,0.45089083909988403,0.45089083909988403,0.8171414732933044,0.6257585883140564,0.3375724256038666,0.5,0.08250850439071655,0.9174914956092834,103.5,3602432,
0.489682137966156,0.3850131332874298,0.3850131332874298,0.3850131332874298,0.8904706835746765,0.5499138236045837,0.3891838788986206,0.5,0.14350634813308716,0.8564936518669128,99.21484375,3453240,
0.49448302388191223,0.3936137557029724,0.3936137557029724,0.3936137557029724,0.7904868125915527,0.625542402267456,0.17122076451778412,0.5,0.13554280996322632,0.8644571900367737,102.4638671875,3566358,
0.4607214033603668,0.3841838538646698,0.3841838538646698,0.3841838538646698,0.8355227708816528,0.5514169335365295,0.05685877054929733,0.5,0.14427423477172852,0.8557257652282715,100.4375,3495808,
0.4160568118095398,0.3003017008304596,0.3003017008304596,0.3003017008304596,0.8977054953575134,0.46346694231033325,0.1640281081199646,0.5,0.22194284200668335,0.7780571579933167,96.6875,3365248,
0.1008635014295578,0.07378188520669937,0.07378188520669937,0.07378188520669937,1.0358633995056152,0.0973714292049408,0.2889202833175659,0.5,0.43168342113494873,0.5683165788650513,113.9072265625,3964770,
0.10263518244028091,0.1128418892621994,0.1128418892621994,0.1128418892621994,1.0532678365707397,0.09744452685117722,0.3472166061401367,0.5,0.3955167531967163,0.6044832468032837,106.7802734375,3716638,
0.28309646248817444,0.2750231623649597,0.2750231623649597,0.2750231623649597,0.9944572448730469,0.28467434644699097,0.276986300945282,0.5,0.24534893035888672,0.7546510696411133,107.67578125,3747816,
-0.09754516184329987,-0.13001306354999542,-0.13001306354999542,-0.13001306354999542,-0.0980171412229538,0.9951847195625305,0.0,0.5,0.6203824281692505,0.3796175420284271,65.1923828125,2268714,
-0.13084043562412262,-0.13888488709926605,-0.13888488709926605,-0.13888488709926605,-0.13535809516906738,0.96662437915802,0.19027292728424072,0.5,0.6285971403121948,0.3714028596878052,70.9912109375,2470606,
-0.13084043562412262,-0.09657320380210876,-0.09657320380210876,-0.09657320380210876,-0.13535809516906738,0.96662437915802,-0.19027292728424072,0.5,0.5894196033477783,0.4105803668498993,69.32421875,2412568,
-0.3056265115737915,-0.2785203754901886,-0.2785203754901886,-0.2785203754901886,-0.33688920736312866,0.9072018265724182,0.19263869524002075,0.5,0.7578892111778259,0.24211077392101288,67.2939453125,2341882,
-0.1490938514471054,-0.1574750542640686,-0.1574750542640686,-0.1574750542640686,-0.1700328141450882,0.8768534064292908,0.37001702189445496,0.5,0.6458102464675903,0.35418978333473206,68.90234375,2397880,
-0.2920147180557251,-0.23369568586349487,-0.23369568586349487,-0.23369568586349487,-0.37027621269226074,0.7886402606964111,0.35900527238845825,0.5,0.7163848876953125,0.2836151123046875,66.6767578125,2320394,
-0.16122570633888245,-0.1266486644744873,-0.1266486644744873,-0.1266486644744873,-0.35382533073425293,0.45566466450691223,-0.5725221633911133,0.5,0.6172672510147095,0.38273271918296814,66.859375,2326752,
-0.03692778944969177,-0.06305699795484543,-0.06305699795484543,-0.06305699795484543,-0.1429234892129898,0.25837454199790955,-0.7132105827331543,0.5,0.5583860874176025,0.4416138827800751,67.365234375,2344364,
-0.2920147180557251,-0.2902219295501709,-0.2902219295501709,-0.2902219295501709,-0.37027621269226074,0.7886402606964111,-0.35900527238845825,0.5,0.7687239646911621,0.2312760055065155,66.6630859375,2319918,
-0.4615096151828766,-0.3979606032371521,-0.3979606032371521,-0.3979606032371521,-0.6873518824577332,0.6714313626289368,0.1785559207201004,0.5,0.8684819936752319,0.13151797652244568,64.6962890625,2251442,
-0.4549505114555359,-0.4130668044090271,-0.4130668044090271,-0.4130668044090271,-0.6139628887176514,0.7410065531730652,0.18087522685527802,0.5,0.8824692368507385,0.11753074824810028,64.1796875,2233456,
-0.34672942757606506,-0.3018142580986023,-0.3018142580986023,-0.3018142580986023,-0.6823959946632385,0.5081058740615845,0.333949476480484,0.5,0.7794576287269592,0.22054237127304077,61.404296875,2136828,
-0.16122570633888245,-0.14897854626178741,-0.14897854626178741,-0.14897854626178741,-0.35382533073425293,0.45566466450691223,0.5725221633911133,0.5,0.6379430890083313,0.3620569109916687,64.23828125,2235496,
-0.23598138988018036,-0.20306895673274994,-0.20306895673274994,-0.20306895673274994,-0.37495356798171997,0.629361629486084,0.4833061993122101,0.5,0.6880267858505249,0.3119731843471527,69.4462890625,2416818,
-0.0900617316365242,-0.09221429377794266,-0.09221429377794266,-0.09221429377794266,-0.2513124346733093,0.35836559534072876,0.6483748555183411,0.5,0.5853835940361023,0.4146164059638977,67.3232421875,2342902,
-0.14355683326721191,-0.10630976408720016,-0.10630976408720016,-0.10630976408720016,-0.47754594683647156,0.300613671541214,0.5495237708091736,0.5,0.5984349250793457,0.4015650451183319,57.8134765625,2011810,
-0.07531261444091797,-0.11280660331249237,-0.11280660331249237,-0.11280660331249237,-0.37282559275627136,0.20200493931770325,0.6204498410224915,0.5,0.6044505834579468,0.3955494463443756,67.58984375,2352184,
-0.1979159414768219,-0.19403184950351715,-0.19403184950351715,-0.19403184950351715,-0.6331777572631836,0.31257563829421997,0.4505980610847473,0.5,0.6796591281890869,0.3203409016132355,64.740234375,2252972,
0.008050572127103806,0.007441949099302292,0.007441949099302292,0.007441949099302292,0.07828113436698914,0.10284178704023361,-0.8098421692848206,0.5,0.4931093454360962,0.5068906545639038,71.4482421875,2486518,
0.023170752450823784,0.020376278087496758,0.020376278087496758,0.020376278087496758,0.22532612085342407,0.10283207148313522,-0.8557751774787903,0.5,0.4811331033706665,0.5188668966293335,86.0439453125,2994682,
0.048796847462654114,-0.00020548715838231146,-0.00020548715838231146,-0.00020548715838231146,0.13470295071601868,0.3622552156448364,-0.7916470766067505,0.5,0.500190258026123,0.49980971217155457,74.3310546875,2586886,
0.12017130851745605,0.09067311137914658,0.09067311137914658,0.09067311137914658,0.39179643988609314,0.30671873688697815,-0.8751800656318665,0.5,0.4160434603691101,0.5839565396308899,90.369140625,3145268,
0.038502614945173264,0.017716433852910995,0.017716433852910995,0.017716433852910995,0.3742891252040863,0.10286864638328552,-0.8968902826309204,0.5,0.48359590768814087,0.5164040923118591,97.4677734375,3392414,
0.1918463110923767,0.14477933943271637,0.14477933943271637,0.14477933943271637,0.5720020532608032,0.3353944420814514,-0.9077472686767578,0.5,0.36594510078430176,0.6340548992156982,105.46484375,3670840,
0.20397412776947021,0.15525372326374054,0.15525372326374054,0.15525372326374054,0.3389100730419159,0.6018532514572144,-0.7614215016365051,0.5,0.35624659061431885,0.6437534093856812,84.8349609375,2952590,
0.3189167082309723,0.23484762012958527,0.23484762012958527,0.23484762012958527,0.4501197636127472,0.7085152268409729,-0.7042084336280823,0.5,0.28254854679107666,0.7174514532089233,92.03125,3203136,
0.15258198976516724,0.10310114175081253,0.10310114175081253,0.10310114175081253,0.23323321342468262,0.6542035341262817,-0.7074999213218689,0.5,0.40453600883483887,0.5954639911651611,86.75390625,3019400,
-0.09754516184329987,-0.06299693882465363,-0.06299693882465363,-0.06299693882465363,0.0980171412229538,-0.9951847195625305,0.0,0.5,0.5583304762840271,0.4416695237159729,67.39453125,2345384,
-0.1969040036201477,-0.1319117248058319,-0.1319117248058319,-0.1319117248058319,0.2012377381324768,-0.9784646034240723,0.059255391359329224,0.5,0.6221404671669006,0.37785953283309937,73.494140625,2557748,
-0.28730508685112,-0.1935143619775772,-0.1935143619775772,-0.1935143619775772,0.30236169695854187,-0.9502033591270447,-0.11793261766433716,0.5,0.6791799068450928,0.32082006335258484,77.123046875,2684092,
-0.358171671628952,-0.2599758803844452,-0.2599758803844452,-0.2599758803844452,0.38896432518959045,-0.9208342432975769,0.058476343750953674,0.5,0.7407183647155762,0.25928160548210144,81.1962890625,2825906,
-0.28730508685112,-0.22373075783252716,-0.22373075783252716,-0.22373075783252716,0.30236169695854187,-0.9502033591270447,0.11793261766433716,0.5,0.707158088684082,0.29284191131591797,80.619140625,2805812,
-0.41953152418136597,-0.2719874680042267,-0.2719874680042267,-0.2719874680042267,0.47754809260368347,-0.8785115480422974,0.05848557874560356,0.5,0.7518402338027954,0.2481597661972046,77.2275390625,2687730,
-0.5018079280853271,-0.37287837266921997,-0.37287837266921997,-0.37287837266921997,0.6591114401817322,-0.7613400220870972,-0.23031719028949738,0.5,0.8452577590942383,0.1547422558069229,84.9375,2956160,
-0.47744837403297424,-0.3807829022407532,-0.3807829022407532,-0.3807829022407532,0.5858712196350098,-0.8149374127388,-0.2889048159122467,0.5,0.852576732635498,0.14742325246334076,88.0322265625,3063906,
-0.49793124198913574,-0.41052132844924927,-0.41052132844924927,-0.41052132844924927,0.6522542238235474,-0.7634005546569824,-0.17297732830047607,0.5,0.88011234998703,0.11988767236471176,91.7724609375,3194126,
-0.5006556510925293,-0.403472900390625,-0.403472900390625,-0.403472900390625,0.7120401263237,-0.703128457069397,0.05749072507023811,0.5,0.8735859990119934,0.1264140009880066,90.173828125,3138468,
-0.4946895241737366,-0.37091371417045593,-0.37091371417045593,-0.37091371417045593,0.6459977626800537,-0.7657759189605713,0.11563890427350998,0.5,0.8434386253356934,0.15656138956546783,83.8974609375,2919950,
-0.4900437593460083,-0.37223368883132935,-0.37223368883132935,-0.37223368883132935,0.7776027917861938,-0.630198061466217,0.0573565810918808,0.5,0.8446608185768127,0.15533919632434845,95.173828125,3312548,
-0.5018079280853271,-0.3854939043521881,-0.3854939043521881,-0.3854939043521881,0.6591114401817322,-0.7613400220870972,0.23031719028949738,0.5,0.8569387793540955,0.14306122064590454,84.6806640625,2947218,
-0.47119197249412537,-0.3517552316188812,-0.3517552316188812,-0.3517552316188812,0.5738208293914795,-0.8211482763290405,0.17404873669147491,0.5,0.8256992697715759,0.17430073022842407,82.826171875,2882652,
-0.47744837403297424,-0.36804506182670593,-0.36804506182670593,-0.36804506182670593,0.5858712196350098,-0.8149374127388,0.2889048159122467,0.5,0.8407824635505676,0.15921755135059357,85.3837890625,2971698,
-0.49448302388191223,-0.3868960738182068,-0.3868960738182068,-0.3868960738182068,0.7904868125915527,-0.625542402267456,0.17122076451778412,0.5,0.858237087726593,0.14176291227340698,89.5068359375,3115246,
-0.46394941210746765,-0.36298635601997375,-0.36298635601997375,-0.36298635601997375,0.848235011100769,-0.5469585657119751,0.1670943945646286,0.5,0.8360984325408936,0.16390153765678406,95.3203125,3317648,
-0.4607214033603668,-0.3594689965248108,-0.3594689965248108,-0.3594689965248108,0.8355227708816528,-0.5514169335365295,0.05685877054929733,0.5,0.8328416347503662,0.1671583503484726,94.796875,3299424,
-0.10698491334915161,-0.050076596438884735,-0.050076596438884735,-0.050076596438884735,1.094517707824707,-0.09774617105722427,-0.46099087595939636,0.5,0.5463672280311584,0.45363277196884155,118.0859375,4110256,
-0.22044314444065094,-0.1777571439743042,-0.1777571439743042,-0.1777571439743042,1.0959309339523315,-0.2011469304561615,-0.5087941884994507,0.5,0.6645899415016174,0.33541005849838257,113.3505859375,3945390,
-0.10480567067861557,-0.07530113309621811,-0.07530113309621811,-0.07530113309621811,1.072791576385498,-0.09769434481859207,-0.4041326940059662,0.5,0.5697232484817505,0.4302767217159271,119.3349609375,4153742,
-0.39637699723243713,-0.2861209511756897,-0.2861209511756897,-0.2861209511756897,1.0254521369934082,-0.3865387737751007,-0.5013416409492493,0.5,0.7649267911911011,0.23507320880889893,116.3330078125,4049226,
-0.3279077708721161,-0.27876919507980347,-0.27876919507980347,-0.27876919507980347,1.0856685638427734,-0.30203303694725037,-0.5615020394325256,0.5,0.7581195831298828,0.2418803870677948,128.736328125,4481060,
-0.46199584007263184,-0.3924066424369812,-0.3924066424369812,-0.3924066424369812,0.9760022759437561,-0.4733552932739258,-0.5025399923324585,0.5,0.8633394837379456,0.13666053116321564,116.89453125,4068776,
-0.29635491967201233,-0.211350679397583,-0.211350679397583,-0.211350679397583,1.0257588624954224,-0.2889128625392914,-0.3880269229412079,0.5,0.6956950426101685,0.30430492758750916,116.0224609375,4038414,
-0.2890333831310272,-0.20375701785087585,-0.20375701785087585,-0.20375701785087585,1.009079098701477,-0.28643283247947693,-0.33239322900772095,0.5,0.688663899898529,0.31133610010147095,104.298828125,3630244,
-0.10263518244028091,-0.06368052214384079,-0.06368052214384079,-0.06368052214384079,1.0532678365707397,-0.09744452685117722,-0.3472166061401367,0.5,0.558963418006897,0.44103655219078064,114.00390625,3968136,
0.0,-0.01659802719950676,-0.01659802719950676,-0.01659802719950676,1.001873254776001,0.0,0.06123706325888634,0.5,0.5153685808181763,0.4846314489841461,106.8896484375,3720446,
-0.09548918902873993,-0.08760654181241989,-0.08760654181241989,-0.08760654181241989,1.0019007921218872,-0.09530802816152573,0.11405561119318008,0.5,0.5811171531677246,0.418882817029953,97.3095703125,3386906,
0.09548918902873993,0.07863277941942215,0.07863277941942215,0.07863277941942215,1.0019007921218872,0.09530802816152573,0.11405561119318008,0.5,0.4271918535232544,0.5728081464767456,105.6943359375,3678830,
-0.09790661931037903,-0.04291488975286484,-0.04291488975286484,-0.04291488975286484,1.0221081972122192,-0.09578889608383179,0.23331771790981293,0.5,0.5397360324859619,0.4602639973163605,105.4609375,3670704,
-0.18903325498104095,-0.16184484958648682,-0.16184484958648682,-0.16184484958648682,0.9953184127807617,-0.18992239236831665,0.16661281883716583,0.5,0.6498563289642334,0.3501436710357666,109.099609375,3797388,
-0.19582614302635193,-0.2008986473083496,-0.2008986473083496,-0.2008986473083496,1.0194675922393799,-0.19208668172359467,0.2818293869495392,0.5,0.6860172748565674,0.313982754945755,108.9794921875,3793206,
0.09790661931037903,0.07331296056509018,0.07331296056509018,0.07331296056509018,1.0221081972122192,0.09578889608383179,0.23331771790981293,0.5,0.43211764097213745,0.5678823590278625,103.1533203125,3590362,
0.19582614302635193,0.16853366792201996,0.16853366792201996,0.16853366792201996,1.0194675922393799,0.19208668172359467,0.2818293869495392,0.5,0.3439502716064453,0.6560497283935547,113.3779296875,3946342,
0.18903325498104095,0.16535015404224396,0.16535015404224396,0.16535015404224396,0.9953184127807617,0.18992239236831665,0.16661281883716583,0.5,0.34689801931381226,0.6531019806861877,102.8408203125,3579482,
-0.10698491334915161,-0.07967091351747513,-0.07967091351747513,-0.07967091351747513,1.094517707824707,-0.09774617105722427,0.46099087595939636,0.5,0.5737693309783936,0.42623063921928406,124.33984375,4327992,
-0.10480567067861557,-0.03436552360653877,-0.03436552360653877,-0.03436552360653877,1.072791576385498,-0.09769434481859207,0.4041326940059662,0.5,0.5318199396133423,0.4681800603866577,114.1328125,3972624,
-0.22044314444065094,-0.1623406857252121,-0.1623406857252121,-0.1623406857252121,1.0959309339523315,-0.2011469304561615,0.5087941884994507,0.5,0.6503154635429382,0.34968453645706177,123.9619140625,4314834,
-0.37463417649269104,-0.26762253046035767,-0.26762253046035767,-0.26762253046035767,0.9904463887214661,-0.37824779748916626,0.38620129227638245,0.5,0.7477986216545105,0.2522013783454895,108.6611328125,3782122,
-0.2890333831310272,-0.21497035026550293,-0.21497035026550293,-0.21497035026550293,1.009079098701477,-0.28643283247947693,0.33239322900772095,0.5,0.6990466117858887,0.30095338821411133,112.9931640625,3932946,
-0.4410606026649475,-0.3567529618740082,-0.3567529618740082,-0.3567529618740082,0.9447158575057983,-0.4668711721897125,0.38629525899887085,0.5,0.8303267955780029,0.16967318952083588,106.642578125,3711844,
-0.39637699723243713,-0.3661990463733673,-0.3661990463733673,-0.3661990463733673,1.0254521369934082,-0.3865387737751007,0.5013416409492493,0.5,0.8390731811523438,0.16092681884765625,116.4296875,4052592,
-0.46199584007263184,-0.3695276081562042,-0.3695276081562042,-0.3695276081562042,0.9760022759437561,-0.4733552932739258,0.5025399923324585,0.5,0.8421551585197449,0.15784482657909393,113.79296875,3960792,
-0.3279077708721161,-0.25520744919776917,-0.25520744919776917,-0.25520744919776917,1.0856685638427734,-0.30203303694725037,0.5615020394325256,0.5,0.7363032102584839,0.2636968195438385,121.197265625,4218580,
0.10698491334915161,0.07983966916799545,0.07983966916799545,0.07983966916799545,1.094517707824707,0.09774617105722427,0.46099087595939636,0.5,0.42607438564300537,0.5739256143569946,121.119140625,4215860,
0.31499579548835754,0.24567924439907074,0.24567924439907074,0.24567924439907074,1.065353512763977,0.29567256569862366,0.5035330653190613,0.5,0.27251923084259033,0.7274807691574097,124.5654296875,4335846,
0.10480567067861557,0.08136444538831711,0.08136444538831711,0.08136444538831711,1.072791576385498,0.09769434481859207,0.4041326940059662,0.5,0.4246625304222107,0.5753374695777893,111.2470703125,3872154,
0.3412577211856842,0.32820600271224976,0.32820600271224976,0.32820600271224976,1.1058168411254883,0.30860239267349243,0.6201415657997131,0.5,0.19610553979873657,0.8038944602012634,127.4599609375,4436622,
0.3279077708721161,0.2964654266834259,0.2964654266834259,0.2964654266834259,1.0856685638427734,0.30203303694725037,0.5615020394325256,0.5,0.22549498081207275,0.7745050191879272,128.9228515625,4487554,
0.11947997659444809,0.08840745687484741,0.08840745687484741,0.08840745687484741,1.14101243019104,0.10471399873495102,0.5726488828659058,0.5,0.41814124584198,0.58185875415802,126.1669921875,4391606,
0.37463417649269104,0.3019125461578369,0.3019125461578369,0.3019125461578369,0.9904463887214661,0.37824779748916626,0.38620129227638245,0.5,0.22045135498046875,0.7795486450195312,111.3857421875,3876982,
0.4410606026649475,0.3418295681476593,0.3418295681476593,0.3418295681476593,0.9447158575057983,0.4668711721897125,0.38629525899887085,0.5,0.18349111080169678,0.8165088891983032,106.6982421875,3713782,
0.2890333831310272,0.26661989092826843,0.26661989092826843,0.26661989092826843,1.009079098701477,0.28643283247947693,0.33239322900772095,0.5,0.253129780292511,0.746870219707489,106.8056640625,3717522,
-0.10338743031024933,-0.061301153153181076,-0.061301153153181076,-0.061301153153181076,0.1041005477309227,-0.9931497573852539,-0.05951031669974327,0.5,0.556760311126709,0.443239688873291,74.939453125,2608068,
-0.1969040036201477,-0.1767227202653885,-0.1767227202653885,-0.1767227202653885,0.2012377381324768,-0.9784646034240723,-0.059255391359329224,0.5,0.6636321544647217,0.3363678753376007,75.4638671875,2626326,
-0.16886253654956818,-0.09409681707620621,-0.09409681707620621,-0.09409681707620621,0.17861023545265198,-0.9454247355461121,-0.3162136375904083,0.5,0.5871266722679138,0.4128733277320862,77.939453125,2712516,
-0.365464985370636,-0.23280979692935944,-0.23280979692935944,-0.23280979692935944,0.40054795145988464,-0.9124125838279724,-0.17538680136203766,0.5,0.7155646085739136,0.2844353914260864,79.2392578125,2757770,
-0.2829059958457947,-0.2267528474330902,-0.2267528474330902,-0.2267528474330902,0.29645752906799316,-0.9542884230613708,-0.05935412272810936,0.5,0.7099562883377075,0.2900436818599701,76.375,2658048,
-0.41953152418136597,-0.35298657417297363,-0.35298657417297363,-0.35298657417297363,0.47754809260368347,-0.8785115480422974,-0.05848557874560356,0.5,0.8268393874168396,0.1731605976819992,83.8720703125,2919066,
-0.34166961908340454,-0.2691648006439209,-0.2691648006439209,-0.2691648006439209,0.3909006714820862,-0.874057412147522,-0.44645363092422485,0.5,0.7492266893386841,0.2507733404636383,79.0947265625,2752738,
-0.40523141622543335,-0.3281329274177551,-0.3281329274177551,-0.3281329274177551,0.4874574840068817,-0.8313164114952087,-0.504746675491333,0.5,0.8038268089294434,0.19617322087287903,86.3955078125,3006922,
-0.20687249302864075,-0.1317910999059677,-0.1317910999059677,-0.1317910999059677,0.25273293256759644,-0.8185418844223022,-0.569908857345581,0.5,0.6220288276672363,0.37797120213508606,79.52734375,2767800,
-0.52653968334198,-0.39192038774490356,-0.39192038774490356,-0.39192038774490356,0.7574213743209839,-0.6951740384101868,-0.40115392208099365,0.5,0.8628892302513123,0.13711076974868774,97.0908203125,3379290,
-0.5100159645080566,-0.3866306245326996,-0.3866306245326996,-0.3866306245326996,0.6733592748641968,-0.7574203014373779,-0.3449597656726837,0.5,0.8579913377761841,0.1420086920261383,99.5009765625,3463202,
-0.5113332867622375,-0.38427141308784485,-0.38427141308784485,-0.38427141308784485,0.8171414732933044,-0.6257585883140564,-0.3375724256038666,0.5,0.855806827545166,0.1441931575536728,95.28515625,3316424,
-0.4922001361846924,-0.3841782808303833,-0.3841782808303833,-0.3841782808303833,0.6402074098587036,-0.7688135504722595,-0.05824539065361023,0.5,0.8557206392288208,0.1442793905735016,87.0009765625,3028002,
-0.4946895241737366,-0.3523388206958771,-0.3523388206958771,-0.3523388206958771,0.6459977626800537,-0.7657759189605713,-0.11563890427350998,0.5,0.8262396454811096,0.17376036942005157,86.5673828125,3012906,
-0.46483880281448364,-0.3352949321269989,-0.3352949321269989,-0.3352949321269989,0.5616617798805237,-0.827613353729248,-0.05831356346607208,0.5,0.810458242893219,0.1895417422056198,87.2197265625,3035618,
-0.49448302388191223,-0.38592690229415894,-0.38592690229415894,-0.38592690229415894,0.7904868125915527,-0.625542402267456,-0.17122076451778412,0.5,0.8573397397994995,0.14266029000282288,91.126953125,3171652,
-0.49142003059387207,-0.34089165925979614,-0.34089165925979614,-0.34089165925979614,0.7833750247955322,-0.6273113489151001,-0.1139943078160286,0.5,0.8156404495239258,0.1843595802783966,98.84765625,3440456,
-0.46394941210746765,-0.36120525002479553,-0.36120525002479553,-0.36120525002479553,0.848235011100769,-0.5469585657119751,-0.1670943945646286,0.5,0.834449291229248,0.16555070877075195,99.421875,3460448,
0.03492049500346184,0.002428920241072774,0.002428920241072774,0.002428920241072774,-0.03566347435116768,-0.9791669845581055,-0.18995872139930725,0.5,0.49775099754333496,0.502249002456665,76.00390625,2645128,
-0.03411867842078209,0.02827625535428524,0.02827625535428524,0.02827625535428524,0.038449205458164215,-0.8873701691627502,-0.43554335832595825,0.5,0.473818302154541,0.526181697845459,67.8017578125,2359562,
0.13084043562412262,0.1380656659603119,0.1380656659603119,0.1380656659603119,-0.13535809516906738,-0.96662437915802,-0.19027292728424072,0.5,0.3721614480018616,0.6278385519981384,65.0048828125,2262186,
-0.006456561386585236,0.035283103585243225,0.035283103585243225,0.035283103585243225,0.011385278776288033,-0.5670973658561707,-0.6848316788673401,0.5,0.4673304557800293,0.5326695442199707,70.8427734375,2465438,
-0.08696317672729492,-0.058856040239334106,-0.058856040239334106,-0.058856040239334106,0.12318333983421326,-0.7059653997421265,-0.6449176669120789,0.5,0.5544962882995605,0.44550368189811707,80.314453125,2795204,
-0.048796847462654114,0.017452817410230637,0.017452817410230637,0.017452817410230637,0.13470295071601868,-0.3622552156448364,-0.7916470766067505,0.5,0.4838399887084961,0.5161600112915039,75.1689453125,2616058,
0.1374419778585434,0.13139091432094574,0.13139091432094574,0.13139091432094574,-0.1863371878862381,-0.737598180770874,-0.508204460144043,0.5,0.3783417344093323,0.6216582655906677,61.9423828125,2155562,
0.19156379997730255,0.1598980575799942,0.1598980575799942,0.1598980575799942,-0.27865344285964966,-0.6874625086784363,-0.4989878535270691,0.5,0.35194623470306396,0.648053765296936,65.560546875,2281532,
0.2272850126028061,0.17960591614246368,0.17960591614246368,0.17960591614246368,-0.24159567058086395,-0.9407660961151123,-0.19292651116847992,0.5,0.3336982727050781,0.6663017272949219,60.2548828125,2096810,
0.0,-0.012147514149546623,-0.012147514149546623,-0.012147514149546623,1.249373197555542,0.0,-0.8800055384635925,0.5,0.5112476348876953,0.4887523353099823,155.5,5412864,
-0.1385394036769867,-0.1369248330593109,-0.1369248330593109,-0.1369248330593109,1.2308353185653687,-0.11255722492933273,-0.8063746690750122,0.5,0.626782238483429,0.37321776151657104,148.2421875,5160176,
0.25579509139060974,0.21959137916564941,0.21959137916564941,0.21959137916564941,1.1846946477890015,0.2159164696931839,-0.7402701377868652,0.5,0.2966746687889099,0.7033253312110901,142.8095703125,4971034,
-0.1249939501285553,-0.1678892970085144,-0.1678892970085144,-0.1678892970085144,1.189099669456482,-0.10511646419763565,-0.6825147867202759,0.5,0.655453085899353,0.34454694390296936,142.5830078125,4963146,
-0.25579509139060974,-0.20511509478092194,-0.20511509478092194,-0.20511509478092194,1.1846946477890015,-0.2159164696931839,-0.7402701377868652,0.5,0.6899213790893555,0.3100786507129669,145.3251953125,5058618,
-0.12248993664979935,-0.12392252683639526,-0.12392252683639526,-0.12392252683639526,1.165281891822815,-0.10511614382266998,-0.6275844573974609,0.5,0.6147431135177612,0.38525691628456116,129.3515625,4502480,
0.39637699723243713,0.3310185968875885,0.3310185968875885,0.3310185968875885,1.0254521369934082,0.3865387737751007,-0.5013416409492493,0.5,0.1935012936592102,0.8064987063407898,114.78515625,3995336,
0.4734983444213867,0.40618428587913513,0.40618428587913513,0.40618428587913513,0.9914191961288452,0.4775964915752411,-0.5628740191459656,0.5,0.12390345335006714,0.8760965466499329,116.34765625,4049736,
0.31499579548835754,0.23062722384929657,0.23062722384929657,0.23062722384929657,1.065353512763977,0.29567256569862366,-0.5035330653190613,0.5,0.28645628690719604,0.713543713092804,122.36328125,4259176,
-0.09488225728273392,-0.0643187165260315,-0.0643187165260315,-0.0643187165260315,0.9968713521957397,-0.09518004208803177,-0.053268153220415115,0.5,0.5595543384552002,0.4404456317424774,103.0888671875,3588118,
-0.09548918902873993,-0.0676327794790268,-0.0676327794790268,-0.0676327794790268,1.0019007921218872,-0.09530802816152573,-0.11405561119318008,0.5,0.5626229643821716,0.43737703561782837,104.6865234375,3643742,
-0.18884897232055664,-0.13462109863758087,-0.13462109863758087,-0.13462109863758087,0.9827666282653809,-0.19216054677963257,-0.0535055547952652,0.5,0.624649167060852,0.37535086274147034,103.1220703125,3589274,
-0.2786792516708374,-0.21522335708141327,-0.21522335708141327,-0.21522335708141327,0.9817443490028381,-0.28386133909225464,-0.22028560936450958,0.5,0.699280858039856,0.30071911215782166,107.0166015625,3724866,
-0.09666367620229721,-0.09604392945766449,-0.09604392945766449,-0.09604392945766449,1.0102729797363281,-0.09568075090646744,-0.1734752058982849,0.5,0.5889295339584351,0.41107043623924255,108.7734375,3786032,
-0.28309646248817444,-0.2558441758155823,-0.2558441758155823,-0.2558441758155823,0.9944572448730469,-0.28467434644699097,-0.276986300945282,0.5,0.7368927597999573,0.2631072402000427,106.6962890625,3713714,
-0.35225820541381836,-0.2230280339717865,-0.2230280339717865,-0.2230280339717865,0.9390655159950256,-0.37511569261550903,-0.16274215281009674,0.5,0.7065074443817139,0.29349255561828613,105.5888671875,3675158,
-0.4160568118095398,-0.25658726692199707,-0.25658726692199707,-0.25658726692199707,0.8977054953575134,-0.46346694231033325,-0.1640281081199646,0.5,0.7375807762145996,0.262419193983078,100.673828125,3504036,
-0.27518612146377563,-0.21395543217658997,-0.21395543217658997,-0.21395543217658997,0.9593815803527832,-0.28683698177337646,-0.05418131873011589,0.5,0.6981068849563599,0.30189311504364014,110.154296875,3834108,
0.5006556510925293,0.3634129762649536,0.3634129762649536,0.3634129762649536,0.7120401263237,0.703128457069397,-0.05749072507023811,0.5,0.16350650787353516,0.8364934921264648,87.4130859375,3042350,
0.49793124198913574,0.3937187194824219,0.3937187194824219,0.3937187194824219,0.6522542238235474,0.7634005546569824,-0.17297732830047607,0.5,0.13544565439224243,0.8645543456077576,90.7412109375,3158222,
0.4900437593460083,0.4002048075199127,0.4002048075199127,0.4002048075199127,0.7776027917861938,0.630198061466217,-0.0573565810918808,0.5,0.12944000959396362,0.8705599904060364,93.3447265625,3248866,
0.4265681505203247,0.33335626125335693,0.33335626125335693,0.33335626125335693,0.48977550864219666,0.8709462881088257,-0.1752927303314209,0.5,0.19133681058883667,0.8086631894111633,86.2724609375,3002638,
0.47119197249412537,0.3582800626754761,0.3582800626754761,0.3582800626754761,0.5738208293914795,0.8211482763290405,-0.17404873669147491,0.5,0.16825920343399048,0.8317407965660095,89.177734375,3103788,
0.46483880281448364,0.36155256628990173,0.36155256628990173,0.36155256628990173,0.5616617798805237,0.827613353729248,-0.05831356346607208,0.5,0.16522914171218872,0.8347708582878113,80.3662109375,2797006,
0.35225820541381836,0.3050844669342041,0.3050844669342041,0.3050844669342041,0.9390655159950256,0.37511569261550903,-0.16274215281009674,0.5,0.21751439571380615,0.7824856042861938,101.5322265625,3533922,
0.18884897232055664,0.15892033278942108,0.15892033278942108,0.15892033278942108,0.9827666282653809,0.19216054677963257,-0.0535055547952652,0.5,0.3528515100479126,0.6471484899520874,106.626953125,3711300,
0.46394941210746765,0.34507644176483154,0.34507644176483154,0.34507644176483154,0.848235011100769,0.5469585657119751,-0.1670943945646286,0.5,0.18048477172851562,0.8195152282714844,96.5986328125,3362154,
-0.0,0.025104256346821785,0.025104256346821785,0.025104256346821785,-0.9539758563041687,0.0,-0.17493857443332672,0.5,0.4767553210258484,0.5232446789741516,62.2607421875,2166646,
0.09574487805366516,0.08593624830245972,0.08593624830245972,0.08593624830245972,-0.94771409034729,-0.10102717578411102,-0.17694184184074402,0.5,0.42042940855026245,0.5795705914497375,63.921875,2224480,
-0.09574487805366516,-0.06654421240091324,-0.06654421240091324,-0.06654421240091324,-0.94771409034729,0.10102717578411102,-0.17694184184074402,0.5,0.561614990234375,0.438385009765625,61.087890625,2125812,
0.07313007861375809,0.06539038568735123,0.06539038568735123,0.06539038568735123,-0.7047923803329468,-0.10376116633415222,-0.43530556559562683,0.5,0.4394533038139343,0.5605466961860657,64.0380859375,2228526,
0.1923782229423523,0.2081519514322281,0.2081519514322281,0.2081519514322281,-0.9291091561317444,-0.20705664157867432,-0.1802162528038025,0.5,0.3072667121887207,0.6927332878112793,61.404296875,2136828,
0.1377779096364975,0.15520022809505463,0.15520022809505463,0.15520022809505463,-0.672003448009491,-0.2050255984067917,-0.4462239146232605,0.5,0.3562960624694824,0.6437039375305176,63.525390625,2210676,
-0.07313007861375809,-0.04153939336538315,-0.04153939336538315,-0.04153939336538315,-0.7047923803329468,0.10376116633415222,-0.43530556559562683,0.5,0.5384624004364014,0.46153759956359863,59.2958984375,2063422,
-0.1377779096364975,-0.04696684330701828,-0.04696684330701828,-0.04696684330701828,-0.672003448009491,0.2050255984067917,-0.4462239146232605,0.5,0.5434877872467041,0.4565121829509735,62.0478515625,2159234,
-0.1923782229423523,-0.16962914168834686,-0.16962914168834686,-0.16962914168834686,-0.9291091561317444,0.20705664157867432,-0.1802162528038025,0.5,0.6570640206336975,0.3429359793663025,59.92578125,2085352,
0.011689490638673306,-0.02474232017993927,-0.02474232017993927,-0.02474232017993927,-0.11548805981874466,-0.10121817141771317,-0.7407165169715881,0.5,0.5229095220565796,0.477090448141098,69.5986328125,2422122,
0.026569440960884094,-0.0025697003584355116,-0.0025697003584355116,-0.0025697003584355116,-0.2627423405647278,-0.10112356394529343,-0.680462658405304,0.5,0.502379298210144,0.49762067198753357,66.3388671875,2308630,
0.03692778944969177,0.044160109013319016,0.044160109013319016,0.044160109013319016,-0.1429234892129898,-0.25837454199790955,-0.7132105827331543,0.5,0.45911097526550293,0.5408890247344971,71.537109375,2489612,
0.24401487410068512,0.1825442910194397,0.1825442910194397,0.1825442910194397,-0.5927343964576721,-0.4116765856742859,-0.4481181502342224,0.5,0.33097749948501587,0.6690225005149841,68.4521484375,2382206,
0.1979159414768219,0.16755527257919312,0.16755527257919312,0.16755527257919312,-0.6331777572631836,-0.31257563829421997,-0.4505980610847473,0.5,0.34485626220703125,0.6551437377929688,66.7275390625,2322162,
0.4085724949836731,0.340040922164917,0.340040922164917,0.340040922164917,-0.8115410208702087,-0.5034526586532593,-0.1819513440132141,0.5,0.18514728546142578,0.8148527145385742,68.322265625,2377684,
0.26519253849983215,0.25184309482574463,0.25184309482574463,0.25184309482574463,-0.4620026648044586,-0.5740064978599548,-0.4623884856700897,0.5,0.26681196689605713,0.7331880331039429,66.1357421875,2301558,
0.3644524812698364,0.3020282983779907,0.3020282983779907,0.3020282983779907,-0.5474497079849243,-0.6657277941703796,-0.34099188446998596,0.5,0.2203441858291626,0.7796558141708374,59.8232421875,2081782,
0.23598138988018036,0.17368760704994202,0.17368760704994202,0.17368760704994202,-0.37495356798171997,-0.629361629486084,-0.4833061993122101,0.5,0.3391781449317932,0.6608218550682068,65.3134765625,2272930,
-0.011689490638673306,0.006548699922859669,0.006548699922859669,0.006548699922859669,-0.11548805981874466,0.10121817141771317,-0.7407165169715881,0.5,0.49393635988235474,0.5060636401176453,67.548828125,2350756,
-0.0900617316365242,-0.07911195605993271,-0.07911195605993271,-0.07911195605993271,-0.2513124346733093,0.35836559534072876,-0.6483748555183411,0.5,0.5732518434524536,0.4267481863498688,67.2685546875,2340998,
-0.026569440960884094,-0.014913027174770832,-0.014913027174770832,-0.014913027174770832,-0.2627423405647278,0.10112356394529343,-0.680462658405304,0.5,0.5138083696365356,0.48619166016578674,68.0205078125,2367178,
-0.26519253849983215,-0.24025316536426544,-0.24025316536426544,-0.24025316536426544,-0.4620026648044586,0.5740064978599548,-0.4623884856700897,0.5,0.7224565744400024,0.27754339575767517,64.7587890625,2253618,
-0.23598138988018036,-0.21644054353237152,-0.21644054353237152,-0.21644054353237152,-0.37495356798171997,0.629361629486084,-0.4833061993122101,0.5,0.7004079222679138,0.2995920777320862,68.1591796875,2372006,
-0.42564523220062256,-0.34830543398857117,-0.34830543398857117,-0.34830543398857117,-0.5280561447143555,0.8060605525970459,-0.18484894931316376,0.5,0.822504997253418,0.17749498784542084,65.6533203125,2284762,
-0.24401487410068512,-0.18636134266853333,-0.18636134266853333,-0.18636134266853333,-0.5927343964576721,0.4116765856742859,-0.4481181502342224,0.5,0.6725567579269409,0.3274432122707367,61.6748046875,2146246,
-0.34672942757606506,-0.30368587374687195,-0.30368587374687195,-0.30368587374687195,-0.6823959946632385,0.5081058740615845,-0.333949476480484,0.5,0.7811906337738037,0.21880938112735748,59.8232421875,2081782,
-0.1979159414768219,-0.16393934190273285,-0.16393934190273285,-0.16393934190273285,-0.6331777572631836,0.31257563829421997,-0.4505980610847473,0.5,0.6517956852912903,0.3482043147087097,65.4013671875,2275990,
0.09754516184329987,0.07202758640050888,0.07202758640050888,0.07202758640050888,0.9951847195625305,0.0980171412229538,0.0,0.5,0.43330782651901245,0.5666921734809875,107.6044921875,3745334,
0.18884897232055664,0.14391760528087616,0.14391760528087616,0.14391760528087616,0.9827666282653809,0.19216054677963257,0.0535055547952652,0.5,0.36674296855926514,0.6332570314407349,103.0009765625,3585058,
0.27518612146377563,0.19694705307483673,0.19694705307483673,0.19694705307483673,0.9593815803527832,0.28683698177337646,-0.05418131873011589,0.5,0.31764161586761475,0.6823583841323853,106.2099609375,3696782,
0.3514154255390167,0.2613278329372406,0.2613278329372406,0.2613278329372406,0.9266625642776489,0.379226952791214,0.05439986661076546,0.5,0.2580298185348511,0.7419701814651489,99.677734375,3469356,
0.2743895947933197,0.252672016620636,0.252672016620636,0.252672016620636,0.964138388633728,0.28459566831588745,0.10731338709592819,0.5,0.2660444378852844,0.7339555621147156,105.740234375,3680428,
0.4140050411224365,0.3656245470046997,0.3656245470046997,0.3656245470046997,0.8907332420349121,0.46479126811027527,0.11076142638921738,0.5,0.1614587903022766,0.8385412096977234,101.49609375,3532664,
0.413683146238327,0.3273545801639557,0.3273545801639557,0.3273545801639557,0.8855814933776855,0.467131644487381,-0.056672777980566025,0.5,0.1968938708305359,0.8031061291694641,97.78515625,3403464,
0.4607214033603668,0.3978918492794037,0.3978918492794037,0.3978918492794037,0.8355227708816528,0.5514169335365295,-0.05685877054929733,0.5,0.13158166408538818,0.8684183359146118,90.501953125,3149892,
0.4140050411224365,0.3421616554260254,0.3421616554260254,0.3421616554260254,0.8907332420349121,0.46479126811027527,-0.11076142638921738,0.5,0.1831836700439453,0.8168163299560547,100.5537109375,3499854,
0.5006556510925293,0.3919232189655304,0.3919232189655304,0.3919232189655304,0.7120401263237,0.703128457069397,0.05749072507023811,0.5,0.13710814714431763,0.8628918528556824,86.3623046875,3005766,
0.4900437593460083,0.38477280735969543,0.38477280735969543,0.38477280735969543,0.7776027917861938,0.630198061466217,0.0573565810918808,0.5,0.1437288522720337,0.8562711477279663,94.8125,3299968,
0.4946895241737366,0.3611856997013092,0.3611856997013092,0.3611856997013092,0.6459977626800537,0.7657759189605713,0.11563890427350998,0.5,0.1655687689781189,0.8344312310218811,85.61328125,2979688,
0.4987002909183502,0.43894222378730774,0.43894222378730774,0.43894222378730774,0.7982613444328308,0.6247330904006958,0.22444559633731842,0.5,0.09357202053070068,0.9064279794692993,96.3603515625,3353858,
0.46394941210746765,0.38346514105796814,0.38346514105796814,0.38346514105796814,0.848235011100769,0.5469585657119751,0.1670943945646286,0.5,0.14493972063064575,0.8550602793693542,99.5361328125,3464426,
0.5045629143714905,0.4203333854675293,0.4203333854675293,0.4203333854675293,0.807363748550415,0.624951183795929,0.2813720107078552,0.5,0.11080241203308105,0.889197587966919,100.5107421875,3498358,
0.5018079280853271,0.36659500002861023,0.36659500002861023,0.36659500002861023,0.6591114401817322,0.7613400220870972,0.23031719028949738,0.5,0.1605602502822876,0.8394397497177124,91.7041015625,3191746,
0.5060022473335266,0.41404131054878235,0.41404131054878235,0.41404131054878235,0.6663050055503845,0.759415328502655,0.28764259815216064,0.5,0.11662840843200684,0.8833715915679932,92.216796875,3209596,
0.47119197249412537,0.35490959882736206,0.35490959882736206,0.35490959882736206,0.5738208293914795,0.8211482763290405,0.17404873669147491,0.5,0.17138004302978516,0.8286199569702148,93.1376953125,3241658,
0.09488225728273392,0.08486416190862656,0.08486416190862656,0.08486416190862656,0.9968713521957397,0.09518004208803177,-0.053268153220415115,0.5,0.4214221239089966,0.5785778760910034,107.24609375,3732856,
0.2743895947933197,0.20203927159309387,0.20203927159309387,0.20203927159309387,0.964138388633728,0.28459566831588745,-0.10731338709592819,0.5,0.31292659044265747,0.6870734095573425,110.5166015625,3846722,
0.09548918902873993,0.028148489072918892,0.028148489072918892,0.028148489072918892,1.0019007921218872,0.09530802816152573,-0.11405561119318008,0.5,0.47393661737442017,0.5260633826255798,99.6982421875,3470070,
0.41954776644706726,0.2902992069721222,0.2902992069721222,0.2902992069721222,0.9067606925964355,0.46268853545188904,-0.21765606105327606,0.5,0.23120445013046265,0.7687955498695374,97.8505859375,3405742,
0.4160568118095398,0.3046415150165558,0.3046415150165558,0.3046415150165558,0.8977054953575134,0.46346694231033325,-0.1640281081199646,0.5,0.21792453527450562,0.7820754647254944,100.1513671875,3485846,
0.5045629143714905,0.3866201937198639,0.3866201937198639,0.3866201937198639,0.807363748550415,0.624951183795929,-0.2813720107078552,0.5,0.14201831817626953,0.8579816818237305,95.0439453125,3308026,
0.2786792516708374,0.19843092560768127,0.19843092560768127,0.19843092560768127,0.9817443490028381,0.28386133909225464,-0.22028560936450958,0.5,0.3162676692008972,0.6837323307991028,106.138671875,3694300,
0.28309646248817444,0.21356381475925446,0.21356381475925446,0.21356381475925446,0.9944572448730469,0.28467434644699097,-0.276986300945282,0.5,0.3022557497024536,0.6977442502975464,111.1943359375,3870318,
0.09666367620229721,0.05506240576505661,0.05506240576505661,0.05506240576505661,1.0102729797363281,0.09568075090646744,-0.1734752058982849,0.5,0.449016273021698,0.550983726978302,107.1669921875,3730102,
0.14456912875175476,0.17451463639736176,0.17451463639736176,0.17451463639736176,1.2348688840866089,0.1170724481344223,-0.87898850440979,0.5,0.338412344455719,0.661587655544281,151.470703125,5272580,
0.1385394036769867,0.1516147404909134,0.1516147404909134,0.1516147404909134,1.2308353185653687,0.11255722492933273,-0.8063746690750122,0.5,0.3596159815788269,0.6403840184211731,146.2373046875,5090374,
0.13112542033195496,0.10116057097911835,0.10116057097911835,0.10116057097911835,1.0593292713165283,0.12378154695034027,-0.9889772534370422,0.5,0.406332790851593,0.593667209148407,134.4677734375,4680606,
0.3470750153064728,0.29983964562416077,0.29983964562416077,0.29983964562416077,1.1266417503356934,0.3080615699291229,-0.6767212748527527,0.5,0.2223706841468811,0.7776293158531189,126.9267578125,4418058,
0.1367114633321762,0.07110049575567245,0.07110049575567245,0.07110049575567245,1.2124923467636108,0.11275243014097214,-0.7450031638145447,0.5,0.4341662526130676,0.5658337473869324,142.62890625,4964744,
0.12248993664979935,0.1145549789071083,0.1145549789071083,0.1145549789071083,1.165281891822815,0.10511614382266998,-0.6275844573974609,0.5,0.3939305543899536,0.6060694456100464,132.8583984375,4624574,
0.3533339202404022,0.3349749743938446,0.3349749743938446,0.3349749743938446,0.9632014036178589,0.3668328523635864,-0.9237807989120483,0.5,0.18983805179595947,0.8101619482040405,128.1611328125,4461034,
0.2617647647857666,0.2164301574230194,0.2164301574230194,0.2164301574230194,0.7550187706947327,0.34669968485832214,-0.9312421679496765,0.5,0.2996017336845398,0.7003982663154602,118.1552734375,4112670,
0.09948429465293884,0.04921359568834305,0.04921359568834305,0.04921359568834305,0.8608010411262512,0.1155717670917511,-0.9868438243865967,0.5,0.4544318914413452,0.5455681085586548,123.458984375,4297324,
0.5257759690284729,0.40608811378479004,0.40608811378479004,0.40608811378479004,0.8388196229934692,0.6268045902252197,-0.45117148756980896,0.5,0.12399250268936157,0.8760074973106384,104.5419921875,3638710,
0.5081919431686401,0.43056726455688477,0.43056726455688477,0.43056726455688477,0.917239785194397,0.5540448427200317,-0.5065895915031433,0.5,0.10132664442062378,0.8986733555793762,111.8037109375,3891534,
0.489682137966156,0.42064446210861206,0.42064446210861206,0.42064446210861206,0.8904706835746765,0.5499138236045837,-0.3891838788986206,0.5,0.11051440238952637,0.8894855976104736,104.5517578125,3639050,
0.11695151031017303,0.12674561142921448,0.12674561142921448,0.12674561142921448,1.1172362565994263,0.10467930138111115,-0.5179083943367004,0.5,0.382642924785614,0.617357075214386,121.9453125,4244624,
0.22044314444065094,0.17726178467273712,0.17726178467273712,0.17726178467273712,1.0959309339523315,0.2011469304561615,-0.5087941884994507,0.5,0.3358687162399292,0.6641312837600708,122.08984375,4249656,
0.11947997659444809,0.11912063509225845,0.11912063509225845,0.11912063509225845,1.14101243019104,0.10471399873495102,-0.5726488828659058,0.5,0.38970309495925903,0.610296905040741,121.95703125,4245032,
0.29635491967201233,0.22652824223041534,0.22652824223041534,0.22652824223041534,1.0257588624954224,0.2889128625392914,-0.3880269229412079,0.5,0.2902516722679138,0.7097483277320862,112.357421875,3910812,
0.20445646345615387,0.21271802484989166,0.21271802484989166,0.21271802484989166,1.0538161993026733,0.1940152943134308,-0.39451631903648376,0.5,0.30303889513015747,0.6969611048698425,114.8251953125,3996730,
0.2890333831310272,0.2011384516954422,0.2011384516954422,0.2011384516954422,1.009079098701477,0.28643283247947693,-0.33239322900772095,0.5,0.3137606978416443,0.6862393021583557,109.3916015625,3807554,
-0.0049036601558327675,-0.03974047303199768,-0.03974047303199768,-0.03974047303199768,-0.031085262075066566,0.15774871408939362,-0.7679311633110046,0.5,0.5367967486381531,0.4632032513618469,76.2119140625,2652370,
0.011478058062493801,-0.01161777414381504,-0.01161777414381504,-0.01161777414381504,0.02758338488638401,0.416122168302536,-0.7429110407829285,0.5,0.5107572078704834,0.4892427921295166,75.732421875,2635676,
-0.06832733750343323,-0.09331875294446945,-0.09331875294446945,-0.09331875294446945,-0.16495880484580994,0.41420847177505493,-0.6709063053131104,0.5,0.5864062309265137,0.41359373927116394,72.583984375,2526060,
0.016206303611397743,-0.03993716463446617,-0.03993716463446617,-0.03993716463446617,0.02152836136519909,0.7527885437011719,-0.5788156986236572,0.5,0.5369788408279419,0.4630211591720581,72.83203125,2534696,
0.08696317672729492,0.05391471087932587,0.05391471087932587,0.05391471087932587,0.12318333983421326,0.7059653997421265,-0.6449176669120789,0.5,0.45007896423339844,0.5499210357666016,73.431640625,2555572,
0.16886253654956818,0.11560084670782089,0.11560084670782089,0.11560084670782089,0.17861023545265198,0.9454247355461121,-0.3162136375904083,0.5,0.3929622173309326,0.6070377826690674,73.4326171875,2555606,
-0.1374419778585434,-0.14922405779361725,-0.14922405779361725,-0.14922405779361725,-0.1863371878862381,0.737598180770874,-0.508204460144043,0.5,0.6381703615188599,0.36182960867881775,67.58984375,2352184,
-0.1490938514471054,-0.18863995373249054,-0.18863995373249054,-0.18863995373249054,-0.1700328141450882,0.8768534064292908,-0.37001702189445496,0.5,0.6746666431427002,0.3253333866596222,70.439453125,2451396,
-0.19156379997730255,-0.145779550075531,-0.145779550075531,-0.145779550075531,-0.27865344285964966,0.6874625086784363,-0.4989878535270691,0.5,0.6349810361862183,0.36501893401145935,69.0478515625,2402946,
0.0490085706114769,0.042849864810705185,0.042849864810705185,0.042849864810705185,-0.049067676067352295,-0.9987954497337341,0.0,0.5,0.460324227809906,0.539675772190094,73.5341796875,2559142,
-0.07388363033533096,-0.024117007851600647,-0.024117007851600647,-0.024117007851600647,1.2357674837112427,-0.059787649661302567,0.9159721732139587,0.5,0.5223305225372314,0.47766944766044617,141.6298828125,4929962,
-0.0,-0.012537646107375622,-0.012537646107375622,-0.012537646107375622,-0.9877366423606873,0.0,0.09038794785737991,0.5,0.5116089582443237,0.48839107155799866,67.2080078125,2338890,
0.052044130861759186,0.02345889061689377,0.02345889061689377,0.02345889061689377,0.05213582515716553,0.9982412457466125,0.0297998059540987,0.5,0.4782788157463074,0.5217211842536926,71.3828125,2484240,
-0.0490085706114769,-0.09499488025903702,-0.09499488025903702,-0.09499488025903702,-0.9987954497337341,0.049067676067352295,0.0,0.5,0.5879582166671753,0.4120417833328247,61.9306640625,2155154,
-0.0490085706114769,-0.003572483081370592,-0.003572483081370592,-0.003572483081370592,0.9987954497337341,-0.049067676067352295,0.0,0.5,0.5033078193664551,0.49669215083122253,99.7568359375,3472110,
0.0,0.024842320010066032,0.024842320010066032,0.024842320010066032,1.2406260967254639,0.0,0.9151201248168945,0.5,0.47699785232543945,0.5230021476745605,152.6005859375,5311918,
-0.07388363033533096,-0.027740543708205223,-0.027740543708205223,-0.027740543708205223,1.2357674837112427,-0.059787649661302567,-0.9159721732139587,0.5,0.5256856679916382,0.4743143320083618,152.7939453125,5318650,
0.0,-0.05398538336157799,-0.05398538336157799,-0.05398538336157799,1.0004690885543823,0.0,-0.030632847920060158,0.5,0.5499864816665649,0.45001351833343506,99.1005859375,3449262,
0.0,-0.023154420778155327,-0.023154420778155327,-0.023154420778155327,1.1453921794891357,0.0,-0.9842883348464966,0.5,0.5214393138885498,0.4785607159137726,146.041015625,5083540,
0.0490085706114769,-0.013326222077012062,-0.013326222077012062,-0.013326222077012062,0.049067676067352295,0.9987954497337341,0.0,0.5,0.5123391151428223,0.4876609146595001,67.3916015625,2345282,
0.052044130861759186,0.03673940151929855,0.03673940151929855,0.03673940151929855,0.05213582515716553,0.9982412457466125,-0.0297998059540987,0.5,0.46598201990127563,0.5340179800987244,69.43359375,2416376,
0.49759238958358765,0.4566223919391632,0.4566223919391632,0.4566223919391632,-0.7409511208534241,-0.6715589761734009,0.0,0.5,0.0772014856338501,0.9227985143661499,66.4443359375,2312302,
-0.5227980017662048,-0.40861690044403076,-0.40861690044403076,-0.40861690044403076,0.726051926612854,-0.7200559377670288,0.547717273235321,0.5,0.8783489465713501,0.12165103107690811,98.25,3419648,
-0.001992666395381093,0.0032499185763299465,0.0032499185763299465,0.0032499185763299465,0.03873312845826149,-0.05144604668021202,-0.7988152503967285,0.5,0.49699079990386963,0.5030092000961304,72.2197265625,2513378,
-0.5241502523422241,-0.43530532717704773,-0.43530532717704773,-0.43530532717704773,0.7230141758918762,-0.7249515652656555,0.43033143877983093,0.5,0.9030604958534241,0.09693952649831772,91.8427734375,3196574,
0.01789197139441967,0.039368461817502975,0.039368461817502975,0.039368461817502975,-0.017980849370360374,-0.9950570464134216,0.0955333560705185,0.5,0.4635477066040039,0.5364522933959961,72.015625,2506272,
-0.04759017378091812,0.0007546424749307334,0.0007546424749307334,0.0007546424749307334,0.9992188215255737,-0.04762737825512886,0.02661326341331005,0.5,0.4993012547492981,0.5006987452507019,100.8349609375,3509646,
0.0,0.018920885398983955,0.018920885398983955,0.018920885398983955,0.072610042989254,0.0,0.8109784722328186,0.5,0.48248064517974854,0.5175193548202515,75.37109375,2623096,
0.48987889289855957,0.43145114183425903,0.43145114183425903,0.43145114183425903,-0.7039834260940552,-0.6958670616149902,0.09137874096632004,0.5,0.10050821304321289,0.8994917869567871,62.47265625,2174024,
-0.01789197139441967,-0.0118457842618227,-0.0118457842618227,-0.0118457842618227,-0.017980849370360374,0.9950570464134216,0.0955333560705185,0.5,0.5109683275222778,0.48903170228004456,65.84375,2291392,
0.534013032913208,0.4236989915370941,0.4236989915370941,0.4236989915370941,0.8077366352081299,0.661122739315033,0.4855555593967438,0.5,0.10768616199493408,0.8923138380050659,103.912109375,3616780,
0.001992666395381093,0.032850705087184906,0.032850705087184906,0.032850705087184906,0.03873312845826149,0.05144604668021202,0.7988152503967285,0.5,0.4695826768875122,0.5304173231124878,72.884765625,2536532,
0.04759017378091812,0.03731092810630798,0.03731092810630798,0.03731092810630798,0.9992188215255737,0.04762737825512886,0.02661326341331005,0.5,0.4654528498649597,0.5345471501350403,112.0244140625,3899218,
-0.49759238958358765,-0.4237677752971649,-0.4237677752971649,-0.4237677752971649,-0.6715589761734009,0.7409511208534241,0.0,0.5,0.8923775553703308,0.10762244462966919,64.1025390625,2230770,
-0.002950007328763604,-0.008227046579122543,-0.008227046579122543,-0.008227046579122543,-0.0582541786134243,0.05064027011394501,0.7644695043563843,0.5,0.5076176524162292,0.49238234758377075,74.19140625,2582024,
0.5227980017662048,0.39721742272377014,0.39721742272377014,0.39721742272377014,0.726051926612854,0.7200559377670288,-0.547717273235321,0.5,0.13220608234405518,0.8677939176559448,102.669921875,3573532,
-0.49759238958358765,-0.3533163070678711,-0.3533163070678711,-0.3533163070678711,0.6715589761734009,-0.7409511208534241,0.0,0.5,0.8271447420120239,0.17285528779029846,92.1552734375,3207454,
-0.5290061831474304,-0.4217679798603058,-0.4217679798603058,-0.4217679798603058,0.7614379525184631,-0.6947462558746338,0.4297599494457245,0.5,0.8905258774757385,0.10947410762310028,97.6669921875,3399350,
-0.5312677025794983,-0.40306004881858826,-0.40306004881858826,-0.40306004881858826,0.8030491471290588,-0.6615630984306335,-0.4546312689781189,0.5,0.8732037544250488,0.12679626047611237,97.5419921875,3394998,
0.0,0.01683361828327179,0.01683361828327179,0.01683361828327179,1.0939949750900269,0.0,0.44611698389053345,0.5,0.4844133257865906,0.5155866742134094,120.921875,4208992,
-0.5312677025794983,-0.4017140865325928,-0.4017140865325928,-0.4017140865325928,0.8030491471290588,-0.6615630984306335,0.4546312689781189,0.5,0.8719574809074402,0.128042533993721,100.42578125,3495400,
0.5312677025794983,0.44724780321121216,0.44724780321121216,0.44724780321121216,0.8030491471290588,0.6615630984306335,0.4546312689781189,0.5,0.08588165044784546,0.9141183495521545,100.4775390625,3497202,
-0.5241502523422241,-0.39819955825805664,-0.39819955825805664,-0.39819955825805664,0.7230141758918762,-0.7249515652656555,-0.43033143877983093,0.5,0.8687032461166382,0.13129672408103943,96.6572265625,3364194,
-0.5001628398895264,-0.35002464056015015,-0.35002464056015015,-0.35002464056015015,0.7094530463218689,-0.7049978375434875,-0.028747402131557465,0.5,0.8240968585014343,0.17590312659740448,88.0517578125,3064586,
0.0012818450341001153,0.01031190063804388,0.01031190063804388,0.01031190063804388,-0.016236603260040283,-0.07894785702228546,-0.7786284685134888,0.5,0.4904519319534302,0.5095480680465698,74.427734375,2590252,
0.0,-0.003668259596452117,-0.003668259596452117,-0.003668259596452117,1.11687433719635,0.0,-0.5020062923431396,0.5,0.5033965110778809,0.49660345911979675,128.1328125,4460048,
-0.5284068584442139,-0.36179476976394653,-0.36179476976394653,-0.36179476976394653,0.7978644371032715,-0.6622765064239502,-0.4261051118373871,0.5,0.8349951505661011,0.16500484943389893,99.62890625,3467656,
0.5290061831474304,0.4325218200683594,0.4325218200683594,0.4325218200683594,0.7614379525184631,0.6947462558746338,-0.4297599494457245,0.5,0.0995168685913086,0.9004831314086914,99.4580078125,3461706,
-0.0,0.00788387842476368,0.00788387842476368,0.00788387842476368,-0.07497543841600418,0.0,-0.759012758731842,0.5,0.49270009994506836,0.5072999000549316,71.4013671875,2484886,
0.48987889289855957,0.40954431891441345,0.40954431891441345,0.40954431891441345,-0.7039834260940552,-0.6958670616149902,-0.09137874096632004,0.5,0.12079232931137085,0.8792076706886292,57.8876953125,2014394,
-0.48987889289855957,-0.39781469106674194,-0.39781469106674194,-0.39781469106674194,-0.7039834260940552,0.6958670616149902,-0.09137874096632004,0.5,0.8683469295501709,0.1316530853509903,62.9716796875,2191398,
0.49759238958358765,0.4425291419029236,0.4425291419029236,0.4425291419029236,0.7409511208534241,0.6715589761734009,0.0,0.5,0.09025079011917114,0.9097492098808289,89.57421875,3117592,
0.5290061831474304,0.4196861684322357,0.4196861684322357,0.4196861684322357,0.7614379525184631,0.6947462558746338,0.4297599494457245,0.5,0.11140173673629761,0.8885982632637024,105.095703125,3657988,
0.5284068584442139,0.38326096534729004,0.38326096534729004,0.38326096534729004,0.7978644371032715,0.6622765064239502,-0.4261051118373871,0.5,0.14512872695922852,0.8548712730407715,100.09375,3483840,
0.534013032913208,0.4822964072227478,0.4822964072227478,0.4822964072227478,0.8077366352081299,0.661122739315033,-0.4855555593967438,0.5,0.053429245948791504,0.9465707540512085,101.9150390625,3547250,
0.05388351157307625,0.004731572233140469,0.004731572233140469,0.004731572233140469,1.1010905504226685,0.04893649369478226,-0.4672452509403229,0.5,0.49561887979507446,0.5043811202049255,122.25390625,4255368,
-0.01789197139441967,0.009170345962047577,0.009170345962047577,0.009170345962047577,-0.017980849370360374,0.9950570464134216,-0.0955333560705185,0.5,0.49150896072387695,0.508491039276123,73.259765625,2549588,
0.38650521636009216,0.34277233481407166,0.34277233481407166,0.34277233481407166,-0.4275550842285156,-0.903989315032959,0.0,0.5,0.18261826038360596,0.817381739616394,63.876953125,2222916,
0.0802871435880661,0.08473484963178635,0.08473484963178635,0.08473484963178635,-0.13588683307170868,-0.5908383131027222,0.6183408498764038,0.5,0.42154181003570557,0.5784581899642944,72.8974609375,2536974,
0.1692119538784027,0.1795145720243454,0.1795145720243454,0.1795145720243454,-0.3958664536476135,-0.4274470806121826,-0.5601277947425842,0.5,0.33378279209136963,0.6662172079086304,66.560546875,2316348,
-0.46005499362945557,-0.44582968950271606,-0.44582968950271606,-0.44582968950271606,1.0413581132888794,-0.4417836666107178,0.6521517634391785,0.5,0.9128052592277527,0.08719474822282791,123.3115234375,4292190,
-0.0287303626537323,-0.03970910236239433,-0.03970910236239433,-0.03970910236239433,0.5582739114761353,-0.051462844014167786,0.942539632320404,0.5,0.5367676615715027,0.4632323384284973,99.9765625,3479760,
-0.05831987410783768,-0.05424243211746216,-0.05424243211746216,-0.05424243211746216,1.1125977039337158,-0.052417755126953125,0.49562546610832214,0.5,0.5502244830131531,0.4497755169868469,132.0537109375,4596558,
-0.0,-0.012928801588714123,-0.012928801588714123,-0.012928801588714123,-0.5095733404159546,0.0,0.5629526972770691,0.5,0.511971116065979,0.4880289137363434,65.05859375,2264056,
0.36314281821250916,0.28992074728012085,0.28992074728012085,0.28992074728012085,-0.9015890955924988,-0.40278083086013794,0.09410879760980606,0.5,0.23155486583709717,0.7684451341629028,62.29296875,2167768,
-0.20951853692531586,-0.19728726148605347,-0.19728726148605347,-0.19728726148605347,-0.5161901712417603,0.40589407086372375,0.49928951263427734,0.5,0.6826733946800232,0.3173266053199768,68.5283203125,2384858,
0.4012039303779602,0.2787180542945862,0.2787180542945862,0.2787180542945862,0.4532877504825592,0.8850976824760437,0.2620603144168854,0.5,0.24192774295806885,0.7580722570419312,79.69140625,2773512,
-0.023669391870498657,-0.07495354861021042,-0.07495354861021042,-0.07495354861021042,-0.039976246654987335,0.5920863747596741,0.6551758646965027,0.5,0.5694014430046082,0.43059855699539185,75.548828125,2629284,
0.4980759620666504,0.3860669732093811,0.3860669732093811,0.3860669732093811,0.6742959022521973,0.7386608123779297,0.02911311574280262,0.5,0.142530620098114,0.857469379901886,89.1953125,3104400,
-0.38650521636009216,-0.3392181694507599,-0.3392181694507599,-0.3392181694507599,-0.903989315032959,0.4275550842285156,0.0,0.5,0.8140908479690552,0.18590912222862244,59.8828125,2083856,
-0.03342127427458763,-0.012632438912987709,-0.012632438912987709,-0.012632438912987709,-0.6431154608726501,0.051967766135931015,0.48146453499794006,0.5,0.5116966962814331,0.4883033037185669,61.486328125,2139684,
-0.1602323055267334,-0.13826732337474823,-0.13826732337474823,-0.13826732337474823,-0.45787230134010315,0.34994977712631226,-0.5488691329956055,0.5,0.6280252933502197,0.3719747066497803,68.9677734375,2400158,
-0.38650521636009216,-0.31183987855911255,-0.31183987855911255,-0.31183987855911255,0.903989315032959,-0.4275550842285156,0.0,0.5,0.7887406349182129,0.2112593799829483,106.619140625,3711028,
-0.3891794979572296,-0.341440349817276,-0.341440349817276,-0.341440349817276,0.9287142157554626,-0.4190519452095032,0.21686893701553345,0.5,0.8161484599113464,0.18385154008865356,104.0517578125,3621642,
-0.5069054365158081,-0.3798729181289673,-0.3798729181289673,-0.3798729181289673,0.7662315368652344,-0.6615564823150635,-0.22692638635635376,0.5,0.8517341613769531,0.14826582372188568,102.685546875,3574076,
0.0,-0.004150965251028538,-0.004150965251028538,-0.004150965251028538,1.1894711256027222,0.0,0.6659165620803833,0.5,0.5038435459136963,0.4961564838886261,133.0087890625,4629810,
-0.39244651794433594,-0.33668574690818787,-0.33668574690818787,-0.33668574690818787,1.1029847860336304,-0.35580411553382874,0.6782999634742737,0.5,0.8117460608482361,0.1882539540529251,133.7177734375,4654494,
0.3899601995944977,0.25897476077079773,0.25897476077079773,0.25897476077079773,1.0163922309875488,0.38367098569869995,0.4716418385505676,0.5,0.2602086067199707,0.7397913932800293,113.154296875,3938556,
-0.46005499362945557,-0.3906113803386688,-0.3906113803386688,-0.3906113803386688,1.0413581132888794,-0.4417836666107178,-0.6521517634391785,0.5,0.8616771697998047,0.13832281529903412,115.0126953125,4003258,
-0.05831987410783768,0.04290401563048363,0.04290401563048363,0.04290401563048363,1.1125977039337158,-0.052417755126953125,-0.49562546610832214,0.5,0.4602740406990051,0.5397259593009949,118.7177734375,4132254,
-0.12842416763305664,-0.072118379175663,-0.072118379175663,-0.072118379175663,0.3597939908504486,-0.35693806409835815,-0.8562586903572083,0.5,0.5667762756347656,0.4332237243652344,87.140625,3032864,
0.0,-0.013588884845376015,-0.013588884845376015,-0.013588884845376015,1.0363879203796387,0.0,-0.2724078595638275,0.5,0.5125823020935059,0.48741766810417175,107.490234375,3741356,
-0.35740935802459717,-0.2937906086444855,-0.2937906086444855,-0.2937906086444855,0.9543025493621826,-0.37452414631843567,-0.245066300034523,0.5,0.7720283269882202,0.22797167301177979,112.462890625,3914484,
0.3790503442287445,0.2748289108276367,0.2748289108276367,0.2748289108276367,0.9988232851028442,0.37949690222740173,-0.4140917956829071,0.5,0.24552881717681885,0.7544711828231812,107.1806640625,3730578,
0.0,0.02984294295310974,0.02984294295310974,0.02984294295310974,0.5174756646156311,0.0,-0.9345330595970154,0.5,0.47236764430999756,0.5276323556900024,99.4619140625,3461842,
-0.4483199119567871,-0.38485610485076904,-0.38485610485076904,-0.38485610485076904,1.055911898612976,-0.42458078265190125,-0.8206505179405212,0.5,0.8563482165336609,0.14365176856517792,129.55859375,4509688,
0.17623698711395264,0.14595460891723633,0.14595460891723633,0.14595460891723633,0.41802915930747986,0.4215901792049408,-0.8525699973106384,0.5,0.3648568391799927,0.6351431608200073,87.494140625,3045172,
0.38650521636009216,0.26053205132484436,0.26053205132484436,0.26053205132484436,0.4275550842285156,0.903989315032959,0.0,0.5,0.2587665915489197,0.7412334084510803,81.4638671875,2835222,
0.3667939305305481,0.2955363094806671,0.2955363094806671,0.2955363094806671,0.4031979441642761,0.9097117781639099,0.20459191501140594,0.5,0.22635525465011597,0.773644745349884,75.61328125,2631528,
0.5084348917007446,0.39831167459487915,0.39831167459487915,0.39831167459487915,0.6965513825416565,0.729931652545929,-0.229903906583786,0.5,0.13119292259216309,0.8688070774078369,89.6201171875,3119190,
0.4012039303779602,0.2867651581764221,0.2867651581764221,0.2867651581764221,0.4532877504825592,0.8850976824760437,-0.2620603144168854,0.5,0.2344767451286316,0.7655232548713684,82.1982421875,2860790,
0.3559390902519226,0.23300255835056305,0.23300255835056305,0.23300255835056305,0.3858627378940582,0.9224500060081482,-0.029238851740956306,0.5,0.2842569351196289,0.7157430648803711,80.361328125,2796836,
0.11929015815258026,0.07025188952684402,0.07025188952684402,0.07025188952684402,0.27458757162094116,0.4344339370727539,-0.8133493661880493,0.5,0.4349519610404968,0.5650480389595032,86.484375,3010016,
0.31719663739204407,0.2489563226699829,0.2489563226699829,0.2489563226699829,-0.9415440559387207,-0.3368898630142212,0.0,0.5,0.26948487758636475,0.7305151224136353,65.498046875,2279356,
0.03342127427458763,0.06757436692714691,0.06757436692714691,0.06757436692714691,-0.6431154608726501,-0.051967766135931015,0.48146453499794006,0.5,0.4374311566352844,0.5625688433647156,65.619140625,2283572,
0.028405331075191498,0.014556720852851868,0.014556720852851868,0.014556720852851868,-0.5637269616127014,-0.050388455390930176,-0.531109094619751,0.5,0.48652154207229614,0.5134784579277039,61.505859375,2140364,
-0.10176309198141098,-0.11054713279008865,-0.11054713279008865,-0.11054713279008865,0.28499144315719604,-0.35707420110702515,0.836746871471405,0.5,0.6023584604263306,0.3976415693759918,83.517578125,2906724,
-0.4840851128101349,-0.4371529817581177,-0.4371529817581177,-0.4371529817581177,1.0167573690414429,-0.47610682249069214,0.773163378238678,0.5,0.9047712683677673,0.09522873908281326,131.8525390625,4589554,
0.02474355697631836,0.04772266000509262,0.04772266000509262,0.04772266000509262,-0.03601912781596184,-0.6869560480117798,0.6051955223083496,0.5,0.45581239461898804,0.544187605381012,75.412109375,2624524,
-0.17807206511497498,-0.13761666417121887,-0.13761666417121887,-0.13761666417121887,0.3792046308517456,-0.4695935845375061,-0.8280110359191895,0.5,0.6274228096008301,0.37257716059684753,84.376953125,2936644,
-0.4840851128101349,-0.3773862421512604,-0.3773862421512604,-0.3773862421512604,1.0167573690414429,-0.47610682249069214,-0.773163378238678,0.5,0.8494316935539246,0.15056830644607544,123.23828125,4289640,
-0.31683069467544556,-0.21826814115047455,-0.21826814115047455,-0.21826814115047455,0.3450292944908142,-0.9182718396186829,-0.30581000447273254,0.5,0.7021001577377319,0.29789987206459045,80.1787109375,2790478,
-0.3308245539665222,-0.19609549641609192,-0.19609549641609192,-0.19609549641609192,0.3569999635219574,-0.9266795516014099,0.2052028477191925,0.5,0.6815699338912964,0.318430095911026,82.7255859375,2879150,
-0.16826149821281433,-0.08494899421930313,-0.08494899421930313,-0.08494899421930313,0.3323737382888794,-0.5062418580055237,0.8034955859184265,0.5,0.5786564350128174,0.42134353518486023,87.890625,3058976,
-0.4980759620666504,-0.38479241728782654,-0.38479241728782654,-0.38479241728782654,0.6742959022521973,-0.7386608123779297,0.02911311574280262,0.5,0.856289267539978,0.14371073246002197,90.7763671875,3159446,
0.04624230042099953,0.06709419190883636,0.06709419190883636,0.06709419190883636,-0.08510248363018036,-0.5433719158172607,0.6592629551887512,0.5,0.43787574768066406,0.5621242523193359,67.1142578125,2335626,
-0.11929015815258026,-0.06119166314601898,-0.06119166314601898,-0.06119166314601898,0.27458757162094116,-0.4344339370727539,0.8133493661880493,0.5,0.5566589832305908,0.44334104657173157,76.3037109375,2655566,
0.33482328057289124,0.3235727846622467,0.3235727846622467,0.3235727846622467,-0.36277517676353455,-0.9229498505592346,0.0976875051856041,0.5,0.20039552450180054,0.7996044754981995,67.6240234375,2353374,
-0.392002135515213,-0.2913440465927124,-0.2913440465927124,-0.2913440465927124,0.9339503049850464,-0.41972482204437256,0.24483440816402435,0.5,0.7697629928588867,0.23023700714111328,102.4990234375,3567582,
-0.05036144703626633,-0.020513977855443954,-0.020513977855443954,-0.020513977855443954,1.0333961248397827,-0.048733923584222794,0.2656075358390808,0.5,0.5189943909645081,0.48100560903549194,115.611328125,4024100,
-0.3522668182849884,-0.3003763258457184,-0.3003763258457184,-0.3003763258457184,0.9249823689460754,-0.38083624839782715,0.027207141742110252,0.5,0.7781262397766113,0.22187379002571106,102.6181640625,3571730,
0.0,-0.002359019825235009,-0.002359019825235009,-0.002359019825235009,0.6697620153427124,0.0,0.965140163898468,0.5,0.502184271812439,0.49781569838523865,108.26171875,3768216,
-0.4483199119567871,-0.3795638680458069,-0.3795638680458069,-0.3795638680458069,1.055911898612976,-0.42458078265190125,0.8206505179405212,0.5,0.8514479994773865,0.14855198562145233,132.197265625,4601556,
0.4840851128101349,0.42035210132598877,0.42035210132598877,0.42035210132598877,1.0167573690414429,0.47610682249069214,0.773163378238678,0.5,0.11078512668609619,0.8892148733139038,128.650390625,4478068,
0.1356850117444992,0.10330072045326233,0.10330072045326233,0.10330072045326233,-0.38700565695762634,-0.3506021499633789,0.586067795753479,0.5,0.4043511748313904,0.5956488251686096,66.955078125,2330084,
0.3747516870498657,0.35507434606552124,0.35507434606552124,0.35507434606552124,-0.41636568307876587,-0.9000542163848877,0.09477266669273376,0.5,0.17122745513916016,0.8287725448608398,66.3603515625,2309378,
0.028405331075191498,0.02133510820567608,0.02133510820567608,0.02133510820567608,-0.5637269616127014,-0.050388455390930176,0.531109094619751,0.5,0.4802452325820923,0.5197547674179077,65.3603515625,2274562,
-0.04624230042099953,-0.027402125298976898,-0.027402125298976898,-0.027402125298976898,-0.08510248363018036,0.5433719158172607,0.6592629551887512,0.5,0.525372326374054,0.47462767362594604,70.4580078125,2452042,
-0.3747516870498657,-0.3084966838359833,-0.3084966838359833,-0.3084966838359833,-0.41636568307876587,0.9000542163848877,0.09477266669273376,0.5,0.785645067691803,0.21435493230819702,65.1455078125,2267082,
0.31683069467544556,0.2058267742395401,0.2058267742395401,0.2058267742395401,0.3450292944908142,0.9182718396186829,0.30581000447273254,0.5,0.3094196915626526,0.6905803084373474,79.693359375,2773580,
0.3982500731945038,0.2714790105819702,0.2714790105819702,0.2714790105819702,1.1104202270507812,0.35864806175231934,0.7111762166023254,0.5,0.2486305832862854,0.7513694167137146,133.9677734375,4663198,
0.03756209835410118,0.0031314389780163765,0.0031314389780163765,0.0031314389780163765,0.6486058235168457,0.057912059128284454,0.9601752758026123,0.5,0.4971005320549011,0.5028994679450989,109.3974609375,3807758,
0.06304220855236053,0.05936222895979881,0.05936222895979881,0.05936222895979881,1.1968188285827637,0.05267481505870819,0.6872442364692688,0.5,0.4450349807739258,0.5549650192260742,138.4580078125,4819530,
0.17807206511497498,0.10483815521001816,0.10483815521001816,0.10483815521001816,0.3792046308517456,0.4695935845375061,0.8280110359191895,0.5,0.4029276371002197,0.5970723628997803,88.2177734375,3070366,
0.0287303626537323,0.09322011470794678,0.09322011470794678,0.09322011470794678,0.5582739114761353,0.051462844014167786,0.942539632320404,0.5,0.4136850833892822,0.5863149166107178,100.421875,3495264,
0.3585987687110901,0.2985740602016449,0.2985740602016449,0.2985740602016449,0.4001462459564209,0.8961692452430725,0.34106868505477905,0.5,0.22354257106781006,0.7764574289321899,83.6171875,2910192,
0.392002135515213,0.3187813460826874,0.3187813460826874,0.3187813460826874,0.9339503049850464,0.41972482204437256,0.24483440816402435,0.5,0.20483213663101196,0.795167863368988,106.6875,3713408,
0.38502952456474304,0.3063465356826782,0.3063465356826782,0.3063465356826782,0.9054391384124756,0.4252406358718872,0.028318436816334724,0.5,0.21634578704833984,0.7836542129516602,93.9892578125,3271306,
0.3413504362106323,0.3016807436943054,0.3016807436943054,0.3016807436943054,1.0178266763687134,0.33537188172340393,0.4145493805408478,0.5,0.22066599130630493,0.7793340086936951,112.9462890625,3931314,
-0.31719663739204407,-0.26359859108924866,-0.26359859108924866,-0.26359859108924866,-0.3368898630142212,0.9415440559387207,0.0,0.5,0.7440727949142456,0.2559272348880768,61.931640625,2155188,
-0.09494844079017639,-0.056098129600286484,-0.056098129600286484,-0.056098129600286484,-0.13985902070999146,0.6788867712020874,0.5691860914230347,0.5,0.5519427061080933,0.44805729389190674,69.720703125,2426372,
-0.0802871435880661,-0.04271416738629341,-0.04271416738629341,-0.04271416738629341,-0.13588683307170868,0.5908383131027222,-0.6183408498764038,0.5,0.5395501852035522,0.46044984459877014,72.0361328125,2506986,
-0.22050562500953674,-0.16928839683532715,-0.16928839683532715,-0.16928839683532715,-0.4888322949409485,0.45108646154403687,0.5002613663673401,0.5,0.6567485332489014,0.343251496553421,60.9306640625,2120338,
-0.0802871435880661,-0.055114734917879105,-0.055114734917879105,-0.055114734917879105,-0.13588683307170868,0.5908383131027222,0.6183408498764038,0.5,0.5510321855545044,0.448967844247818,69.146484375,2406380,
-0.028405331075191498,-0.06450465321540833,-0.06450465321540833,-0.06450465321540833,-0.5637269616127014,0.050388455390930176,0.531109094619751,0.5,0.5597265362739563,0.4402734637260437,60.439453125,2103236,
0.10176309198141098,0.13748154044151306,0.13748154044151306,0.13748154044151306,0.28499144315719604,0.35707420110702515,-0.836746871471405,0.5,0.37270230054855347,0.6272976994514465,87.4052734375,3042078,
0.0287303626537323,0.024196632206439972,0.024196632206439972,0.024196632206439972,0.5582739114761353,0.051462844014167786,-0.942539632320404,0.5,0.4775957465171814,0.5224042534828186,100.7783203125,3507674,
0.3585987687110901,0.3212047517299652,0.3212047517299652,0.3212047517299652,0.4001462459564209,0.8961692452430725,-0.34106868505477905,0.5,0.2025882601737976,0.7974117398262024,80.6162109375,2805710,
-0.31719663739204407,-0.21075187623500824,-0.21075187623500824,-0.21075187623500824,0.3368898630142212,-0.9415440559387207,0.0,0.5,0.6951406002044678,0.30485936999320984,73.9267578125,2572810,
-0.3667939305305481,-0.20826026797294617,-0.20826026797294617,-0.20826026797294617,0.4031979441642761,-0.9097117781639099,0.20459191501140594,0.5,0.6928335428237915,0.3071664273738861,79.4853515625,2766338,
-0.40032145380973816,-0.2377488613128662,-0.2377488613128662,-0.2377488613128662,0.45084795355796814,-0.8879300951957703,-0.23333261907100677,0.5,0.7201378345489502,0.2798621654510498,76.41796875,2659544,
-0.507927656173706,-0.36382144689559937,-0.36382144689559937,-0.36382144689559937,0.7284733057022095,-0.6972494721412659,0.20100906491279602,0.5,0.8368716835975647,0.1631283015012741,95.1611328125,3312106,
-0.40032145380973816,-0.32255271077156067,-0.32255271077156067,-0.32255271077156067,0.45084795355796814,-0.8879300951957703,0.23333261907100677,0.5,0.7986599206924438,0.20134009420871735,80.3837890625,2797618,
-0.38502952456474304,-0.27276691794395447,-0.27276691794395447,-0.27276691794395447,0.9054391384124756,-0.4252406358718872,0.028318436816334724,0.5,0.7525619268417358,0.24743804335594177,100.4033203125,3494618,
-0.34476765990257263,-0.2760288119316101,-0.2760288119316101,-0.2760288119316101,1.027626872062683,-0.3354988694190979,-0.4429960250854492,0.5,0.7555822134017944,0.24441777169704437,120.4365234375,4192094,
-0.4274584650993347,-0.3621685206890106,-0.3621685206890106,-0.3621685206890106,1.068851113319397,-0.39992329478263855,-0.6505486369132996,0.5,0.835341215133667,0.164658784866333,123.79296875,4308952,
-0.05036144703626633,-0.05670446529984474,-0.05670446529984474,-0.05670446529984474,1.0333961248397827,-0.048733923584222794,-0.2656075358390808,0.5,0.5525041222572327,0.44749587774276733,108.0419921875,3760566,
0.0,-0.006576980464160442,-0.006576980464160442,-0.006576980464160442,1.022396445274353,0.0,0.2128807008266449,0.5,0.5060898065567017,0.4939102232456207,105.33203125,3666216,
-0.3183719217777252,-0.23363551497459412,-0.23363551497459412,-0.23363551497459412,0.9661983251571655,-0.3295099139213562,0.2181733250617981,0.5,0.7163291573524475,0.2836708426475525,101.525390625,3533684,
0.3183719217777252,0.2171032726764679,0.2171032726764679,0.2171032726764679,0.9661983251571655,0.3295099139213562,0.2181733250617981,0.5,0.29897844791412354,0.7010215520858765,103.2509765625,3593762,
-0.34476765990257263,-0.2825414538383484,-0.2825414538383484,-0.2825414538383484,1.027626872062683,-0.3354988694190979,0.4429960250854492,0.5,0.7616124153137207,0.2383875548839569,111.9833984375,3897790,
-0.35740935802459717,-0.24741008877754211,-0.24741008877754211,-0.24741008877754211,0.9543025493621826,-0.37452414631843567,0.245066300034523,0.5,0.7290834188461304,0.27091658115386963,111.576171875,3883612,
-0.4274584650993347,-0.34161096811294556,-0.34161096811294556,-0.34161096811294556,1.068851113319397,-0.39992329478263855,0.6505486369132996,0.5,0.816306471824646,0.1836935579776764,128.7578125,4481808,
0.34476765990257263,0.26960811018943787,0.26960811018943787,0.26960811018943787,1.027626872062683,0.3354988694190979,0.4429960250854492,0.5,0.2503628730773926,0.7496371269226074,116.1796875,4043888,
0.05831987410783768,0.10437790304422379,0.10437790304422379,0.10437790304422379,1.1125977039337158,0.052417755126953125,0.49562546610832214,0.5,0.403353750705719,0.596646249294281,120.884765625,4207700,
0.35740935802459717,0.24847345054149628,0.24847345054149628,0.24847345054149628,0.9543025493621826,0.37452414631843567,0.245066300034523,0.5,0.26993197202682495,0.730068027973175,105.8056640625,3682706,
-0.3308245539665222,-0.27668872475624084,-0.27668872475624084,-0.27668872475624084,0.3569999635219574,-0.9266795516014099,-0.2052028477191925,0.5,0.7561932802200317,0.24380674958229065,79.06640625,2751752,
-0.3559390902519226,-0.2800092101097107,-0.2800092101097107,-0.2800092101097107,0.3858627378940582,-0.9224500060081482,-0.029238851740956306,0.5,0.7592678070068359,0.24073222279548645,77.6318359375,2701806,
-0.16826149821281433,-0.1129937618970871,-0.1129937618970871,-0.1129937618970871,0.3323737382888794,-0.5062418580055237,-0.8034955859184265,0.5,0.6046238541603088,0.39537614583969116,86.5615234375,3012702,
-0.5127381086349487,-0.37800848484039307,-0.37800848484039307,-0.37800848484039307,0.7363998293876648,-0.6962767839431763,-0.2582588493824005,0.5,0.8500078320503235,0.14999215304851532,95.671875,3329888,
-0.39931607246398926,-0.30226191878318787,-0.30226191878318787,-0.30226191878318787,0.44846922159194946,-0.8903979659080505,-0.20460273325443268,0.5,0.7798721194267273,0.2201278656721115,81.185546875,2825532,
-0.38502952456474304,-0.29636427760124207,-0.29636427760124207,-0.29636427760124207,0.9054391384124756,-0.4252406358718872,-0.028318436816334724,0.5,0.7744113206863403,0.22558864951133728,99.6044921875,3466806,
0.06375777721405029,0.06670103222131729,0.06670103222131729,0.06670103222131729,-0.09093467146158218,-0.7011382579803467,-0.5750318765640259,0.5,0.4382397532463074,0.5617602467536926,69.3291015625,2412738,
-0.11929015815258026,-0.07652036100625992,-0.07652036100625992,-0.07652036100625992,0.27458757162094116,-0.4344339370727539,-0.8133493661880493,0.5,0.5708521604537964,0.4291478097438812,80.3173828125,2795306,
0.33482328057289124,0.2712148427963257,0.2712148427963257,0.2712148427963257,-0.36277517676353455,-0.9229498505592346,-0.0976875051856041,0.5,0.24887514114379883,0.7511248588562012,64.697265625,2251476,
0.0,-0.04363429546356201,-0.04363429546356201,-0.04363429546356201,1.2133089303970337,0.0,-0.7223295569419861,0.5,0.5404021143913269,0.4595978856086731,136.857421875,4763804,
-0.39244651794433594,-0.35274896025657654,-0.35274896025657654,-0.35274896025657654,1.1029847860336304,-0.35580411553382874,-0.6782999634742737,0.5,0.8266193866729736,0.17338059842586517,126.447265625,4401364,
0.4274584650993347,0.3567308187484741,0.3567308187484741,0.3567308187484741,1.068851113319397,0.39992329478263855,-0.6505486369132996,0.5,0.1696937084197998,0.8303062915802002,119.4921875,4159216,
-0.3161884844303131,-0.2506803572177887,-0.2506803572177887,-0.2506803572177887,0.9608620405197144,-0.32906752824783325,-0.18866507709026337,0.5,0.7321114540100098,0.2678885757923126,100.70703125,3505192,
-0.04922852665185928,-0.0536276176571846,-0.0536276176571846,-0.0536276176571846,1.0266772508621216,-0.04794936999678612,-0.23779338598251343,0.5,0.5496551990509033,0.4503448009490967,110.685546875,3852604,
-0.3522668182849884,-0.27119630575180054,-0.27119630575180054,-0.27119630575180054,0.9249823689460754,-0.38083624839782715,-0.027207141742110252,0.5,0.7511076927185059,0.24889232218265533,106.412109375,3703820,
0.507927656173706,0.38114914298057556,0.38114914298057556,0.38114914298057556,0.7284733057022095,0.6972494721412659,-0.20100906491279602,0.5,0.14708417654037476,0.8529158234596252,93.9287109375,3269198,
0.4980759620666504,0.3245013654232025,0.3245013654232025,0.3245013654232025,0.6742959022521973,0.7386608123779297,-0.02911311574280262,0.5,0.1995357871055603,0.8004642128944397,84.416015625,2938004,
0.3522668182849884,0.2554589807987213,0.2554589807987213,0.2554589807987213,0.9249823689460754,0.38083624839782715,-0.027207141742110252,0.5,0.26346391439437866,0.7365360856056213,99.8759765625,3476258,
-0.0,0.011837312951683998,0.011837312951683998,0.011837312951683998,-0.6500528454780579,0.0,-0.4778819978237152,0.5,0.4890395402908325,0.5109604597091675,64.7490234375,2253278,
0.32141008973121643,0.34701216220855713,0.34701216220855713,0.34701216220855713,-0.9240449070930481,-0.34782952070236206,-0.09383625537157059,0.5,0.17869246006011963,0.8213075399398804,72.642578125,2528100,
-0.32141008973121643,-0.26528701186180115,-0.26528701186180115,-0.26528701186180115,-0.9240449070930481,0.34782952070236206,-0.09383625537157059,0.5,0.7456361055374146,0.25436389446258545,64.02734375,2228152,
0.1356850117444992,0.11755169928073883,0.11755169928073883,0.11755169928073883,-0.38700565695762634,-0.3506021499633789,-0.586067795753479,0.5,0.39115583896636963,0.6088441610336304,66.8740234375,2327262,
0.36314281821250916,0.2754375636577606,0.2754375636577606,0.2754375636577606,-0.9015890955924988,-0.40278083086013794,-0.09410879760980606,0.5,0.24496525526046753,0.7550347447395325,61.0537109375,2124622,
0.3747516870498657,0.3184080123901367,0.3184080123901367,0.3184080123901367,-0.41636568307876587,-0.9000542163848877,-0.09477266669273376,0.5,0.20517778396606445,0.7948222160339355,63.1181640625,2196498,
-0.1356850117444992,-0.1481105089187622,-0.1481105089187622,-0.1481105089187622,-0.38700565695762634,0.3506021499633789,-0.586067795753479,0.5,0.6371393203735352,0.36286064982414246,68.939453125,2399172,
-0.3747516870498657,-0.35974550247192383,-0.35974550247192383,-0.35974550247192383,-0.41636568307876587,0.9000542163848877,-0.09477266669273376,0.5,0.8330976963043213,0.1669023185968399,62.955078125,2190820,
-0.36314281821250916,-0.3378693163394928,-0.3378693163394928,-0.3378693163394928,-0.9015890955924988,0.40278083086013794,-0.09410879760980606,0.5,0.8128419518470764,0.18715804815292358,67.447265625,2347220,
0.31719663739204407,0.29457515478134155,0.29457515478134155,0.29457515478134155,0.9415440559387207,0.3368898630142212,0.0,0.5,0.22724521160125732,0.7727547883987427,103.5693359375,3604846,
0.3534919321537018,0.29378873109817505,0.29378873109817505,0.29378873109817505,0.943532407283783,0.3746473789215088,0.1896580457687378,0.5,0.22797340154647827,0.7720265984535217,103.6767578125,3608586,
0.504684329032898,0.39107903838157654,0.39107903838157654,0.39107903838157654,0.7623798251152039,0.6619853973388672,-0.20032158493995667,0.5,0.1378898024559021,0.8621101975440979,98.5791015625,3431106,
0.507927656173706,0.37919992208480835,0.37919992208480835,0.37919992208480835,0.7284733057022095,0.6972494721412659,0.20100906491279602,0.5,0.1488889455795288,0.8511110544204712,96.73828125,3367016,
0.3891794979572296,0.2927144169807434,0.2927144169807434,0.2927144169807434,0.9287142157554626,0.4190519452095032,0.21686893701553345,0.5,0.22896814346313477,0.7710318565368652,99.3955078125,3459530,
0.40032145380973816,0.2845948338508606,0.2845948338508606,0.2845948338508606,0.45084795355796814,0.8879300951957703,0.23333261907100677,0.5,0.2364862561225891,0.7635137438774109,77.05859375,2681848,
0.3161884844303131,0.2758316993713379,0.2758316993713379,0.2758316993713379,0.9608620405197144,0.32906752824783325,-0.18866507709026337,0.5,0.2446002960205078,0.7553997039794922,104.875,3650304,
0.5069054365158081,0.3649177551269531,0.3649177551269531,0.3649177551269531,0.7662315368652344,0.6615564823150635,-0.22692638635635376,0.5,0.16211318969726562,0.8378868103027344,90.2958984375,3142718,
0.04922852665185928,0.0027590880636125803,0.0027590880636125803,0.0027590880636125803,1.0266772508621216,0.04794936999678612,-0.23779338598251343,0.5,0.497445285320282,0.502554714679718,110.744140625,3854644,
0.3982500731945038,0.37167131900787354,0.37167131900787354,0.37167131900787354,1.1104202270507812,0.35864806175231934,-0.7111762166023254,0.5,0.15585988759994507,0.8441401124000549,127.669921875,4443932,
0.06304220855236053,0.021903762593865395,0.021903762593865395,0.021903762593865395,1.1968188285827637,0.05267481505870819,-0.6872442364692688,0.5,0.47971874475479126,0.5202812552452087,140.2041015625,4880322,
0.03756209835410118,0.01113725546747446,0.01113725546747446,0.01113725546747446,0.6486058235168457,0.057912059128284454,-0.9601752758026123,0.5,0.4896877408027649,0.5103122591972351,107.1171875,3728368,
0.419064462184906,0.3457808494567871,0.3457808494567871,0.3457808494567871,0.9849843382835388,0.42545291781425476,-0.44175493717193604,0.5,0.1798325777053833,0.8201674222946167,112.5400390625,3917170,
0.389860600233078,0.3446844816207886,0.3446844816207886,0.3446844816207886,1.0934950113296509,0.35652709007263184,-0.6496536135673523,0.5,0.18084770441055298,0.819152295589447,123.828125,4310176,
0.05036144703626633,-0.018617980182170868,-0.018617980182170868,-0.018617980182170868,1.0333961248397827,0.048733923584222794,-0.2656075358390808,0.5,0.5172388553619385,0.48276111483573914,110.0791015625,3831490,
-0.04624230042099953,-0.06665569543838501,-0.06665569543838501,-0.06665569543838501,-0.08510248363018036,0.5433719158172607,-0.6592629551887512,0.5,0.561718225479126,0.438281774520874,71.66796875,2494168,
0.31683069467544556,0.1834128051996231,0.1834128051996231,0.1834128051996231,0.3450292944908142,0.9182718396186829,-0.30581000447273254,0.5,0.3301733732223511,0.6698266267776489,74.7998046875,2603206,
-0.33482328057289124,-0.32476890087127686,-0.32476890087127686,-0.32476890087127686,-0.36277517676353455,0.9229498505592346,-0.0976875051856041,0.5,0.8007119297981262,0.19928807020187378,64.1416015625,2232130,
0.2356983721256256,0.21218135952949524,0.21218135952949524,0.21218135952949524,-0.24298018217086792,-0.9700312614440918,0.0,0.5,0.3035357594490051,0.6964642405509949,67.7080078125,2356298,
0.10638230293989182,0.13420936465263367,0.13420936465263367,0.13420936465263367,-0.11911919713020325,-0.8930743932723999,0.3699752390384674,0.5,0.3757321238517761,0.6242678761482239,66.75,2322944,
0.1890956163406372,0.1632108837366104,0.1632108837366104,0.1632108837366104,-0.2202318161725998,-0.8586207628250122,-0.3686783015727997,0.5,0.3488788604736328,0.6511211395263672,67.470703125,2348036,
-0.3148651421070099,-0.26352328062057495,-0.26352328062057495,-0.26352328062057495,1.1723734140396118,-0.2685706913471222,0.773457407951355,0.5,0.7440030574798584,0.255996972322464,137.2626953125,4777914,
-0.051008716225624084,-0.0019664657302200794,-0.0019664657302200794,-0.0019664657302200794,0.8816512227058411,-0.057855889201164246,0.9928770065307617,0.5,0.5018208026885986,0.49817919731140137,117.732421875,4097948,
-0.06841804832220078,-0.030133511871099472,-0.030133511871099472,-0.030133511871099472,1.2093430757522583,-0.05657455697655678,0.7181968688964844,0.5,0.5279014110565186,0.47209861874580383,140.1376953125,4878010,
-0.0,0.021176381036639214,0.021176381036639214,0.021176381036639214,-0.7853487133979797,0.0,0.3759092390537262,0.5,0.4803922176361084,0.5196077823638916,53.365234375,1856940,
0.1964506059885025,0.16348397731781006,0.16348397731781006,0.16348397731781006,-0.9659647941589355,-0.20337243378162384,0.09321588277816772,0.5,0.34862595796585083,0.6513740420341492,61.494140625,2139956,
-0.18209104239940643,-0.11959446221590042,-0.11959446221590042,-0.11959446221590042,-0.8774946928024292,0.20751240849494934,0.2574140429496765,0.5,0.6107355952262878,0.38926440477371216,62.171875,2163552,
0.24740548431873322,0.1735471785068512,0.1735471785068512,0.1735471785068512,0.25757038593292236,0.96053546667099,0.14754518866539001,0.5,0.33930814266204834,0.6606918573379517,72.3056640625,2516370,
-0.013238695450127125,-0.0370783694088459,-0.0370783694088459,-0.0370783694088459,-0.014740189537405968,0.8981360197067261,0.4025973677635193,0.5,0.5343317985534668,0.4656681716442108,76.2236328125,2652778,
0.31969353556632996,0.2541500926017761,0.2541500926017761,0.2541500926017761,0.3400000333786011,0.9402750134468079,0.029689161106944084,0.5,0.2646758556365967,0.7353241443634033,73.0458984375,2542142,
-0.2356983721256256,-0.21313153207302094,-0.21313153207302094,-0.21313153207302094,-0.9700312614440918,0.24298018217086792,0.0,0.5,0.6973440051078796,0.30265599489212036,63.3984375,2206256,
-0.04588887095451355,-0.06730080395936966,-0.06730080395936966,-0.06730080395936966,-0.9031111001968384,0.05081198737025261,0.2517085671424866,0.5,0.5623155832290649,0.43768444657325745,64.171875,2233184,
-0.1276535540819168,-0.08192779123783112,-0.08192779123783112,-0.08192779123783112,-0.8257752656936646,0.1545863151550293,-0.32659247517585754,0.5,0.5758590698242188,0.42414095997810364,57.5478515625,2002562,
-0.2356983721256256,-0.14965611696243286,-0.14965611696243286,-0.14965611696243286,0.9700312614440918,-0.24298018217086792,0.0,0.5,0.6385704874992371,0.36142951250076294,94.5390625,3290448,
-0.23198142647743225,-0.18632498383522034,-0.18632498383522034,-0.18632498383522034,0.9769327640533447,-0.2374589443206787,0.10697322338819504,0.5,0.6725231409072876,0.3274768590927124,104.001953125,3619908,
-0.3141891658306122,-0.26677584648132324,-0.26677584648132324,-0.26677584648132324,0.949064314365387,-0.3310514986515045,-0.10788612067699432,0.5,0.7470146417617798,0.2529853284358978,106.4375,3704704,
0.0,0.038660261780023575,0.038660261780023575,0.038660261780023575,1.2346054315567017,0.0,0.7813646793365479,0.5,0.464203417301178,0.535796582698822,148.1748046875,5157830,
-0.20403388142585754,-0.18533995747566223,-0.18533995747566223,-0.18533995747566223,1.2172257900238037,-0.16762204468250275,0.805504322052002,0.5,0.6716110706329346,0.32838892936706543,142.48046875,4959576,
0.24946892261505127,0.21804048120975494,0.21804048120975494,0.21804048120975494,1.174971342086792,0.21231915056705475,0.7084580659866333,0.5,0.2981106638908386,0.7018893361091614,135.41796875,4713688,
-0.3148651421070099,-0.24675460159778595,-0.24675460159778595,-0.24675460159778595,1.1723734140396118,-0.2685706913471222,-0.773457407951355,0.5,0.7284764647483826,0.27152353525161743,134.76171875,4690840,
-0.06841804832220078,-0.05403020232915878,-0.05403020232915878,-0.05403020232915878,1.2093430757522583,-0.05657455697655678,-0.7181968688964844,0.5,0.5500279664993286,0.4499720335006714,140.5224609375,4891406,
-0.14537343382835388,-0.11714678257703781,-0.11714678257703781,-0.11714678257703781,0.8402163982391357,-0.17301903665065765,-0.9780258536338806,0.5,0.6084692478179932,0.39153075218200684,128.248046875,4464060,
0.0,0.013931958936154842,0.013931958936154842,0.013931958936154842,1.0115742683410645,0.0,-0.15259619057178497,0.5,0.4871000647544861,0.5128999352455139,103.5234375,3603248,
-0.18804600834846497,-0.10865101218223572,-0.10865101218223572,-0.10865101218223572,0.9909670948982239,-0.18976008892059326,-0.13679535686969757,0.5,0.6006027460098267,0.39939722418785095,109.2568359375,3802862,
0.19032226502895355,0.13825368881225586,0.13825368881225586,0.13825368881225586,1.000447154045105,0.19023719429969788,-0.1963040828704834,0.5,0.37198734283447266,0.6280126571655273,114.1064453125,3971706,
0.0,-0.012924988754093647,-0.012924988754093647,-0.012924988754093647,0.8247459530830383,0.0,-0.9883627891540527,0.5,0.5119675397872925,0.48803243041038513,126.0908203125,4388954,
-0.22350208461284637,-0.23829762637615204,-0.23829762637615204,-0.23829762637615204,1.1572322845458984,-0.19313502311706543,-0.9448522329330444,0.5,0.7206459641456604,0.2793540358543396,151.6845703125,5280026,
0.22174088656902313,0.16785494983196259,0.16785494983196259,0.16785494983196259,0.9188156127929688,0.24133339524269104,-0.9701828360557556,0.5,0.34457874298095703,0.655421257019043,131.2333984375,4567998,
0.2356983721256256,0.22719940543174744,0.22719940543174744,0.22719940543174744,0.24298018217086792,0.9700312614440918,0.0,0.5,0.2896302342414856,0.7103697657585144,75.341796875,2622076,
0.19935837388038635,0.1124519482254982,0.1124519482254982,0.1124519482254982,0.20415227115154266,0.9765180349349976,0.08885928243398666,0.5,0.3958778381347656,0.6041221618652344,74.9189453125,2607354,
0.32629141211509705,0.206360325217247,0.206360325217247,0.206360325217247,0.3490595817565918,0.934772789478302,-0.11748483777046204,0.5,0.3089256286621094,0.6910743713378906,82.384765625,2867284,
0.24740548431873322,0.15724101662635803,0.15724101662635803,0.15724101662635803,0.25757038593292236,0.96053546667099,-0.14754518866539001,0.5,0.3544064164161682,0.6455935835838318,74.0341796875,2576550,
0.19423022866249084,0.12031341344118118,0.12031341344118118,0.12031341344118118,0.19821688532829285,0.9798874258995056,-0.02963249944150448,0.5,0.3885986804962158,0.6114013195037842,75.93359375,2642680,
0.08042340725660324,0.07033204287290573,0.07033204287290573,0.07033204287290573,0.09191954880952835,0.874932587146759,-0.4674144983291626,0.5,0.43487775325775146,0.5651222467422485,70.3623046875,2448710,
0.4409606456756592,0.4137450158596039,0.4137450158596039,0.4137450158596039,-0.8577286005020142,-0.5141027569770813,0.0,0.5,0.11690282821655273,0.8830971717834473,64.091796875,2230396,
0.3607684373855591,0.26463034749031067,0.26463034749031067,0.26463034749031067,-0.6536885499954224,-0.5518965125083923,0.33296579122543335,0.5,0.25497186183929443,0.7450281381607056,63.439453125,2207684,
0.32895100116729736,0.30441299080848694,0.30441299080848694,0.30441299080848694,-0.7097659707069397,-0.46346405148506165,-0.3334757089614868,0.5,0.21813613176345825,0.7818638682365417,62.8974609375,2188814,
-0.28558221459388733,-0.24673591554164886,-0.24673591554164886,-0.24673591554164886,0.4851554334163666,-0.5886406302452087,0.7949545383453369,0.5,0.7284591794013977,0.2715408205986023,93.5166015625,3254850,
-0.5299978256225586,-0.44109874963760376,-0.44109874963760376,-0.44109874963760376,0.8998557329177856,-0.5889808535575867,0.6758902072906494,0.5,0.9084247350692749,0.0915752500295639,114.9912109375,4002510,
-0.3450336456298828,-0.2703148424625397,-0.2703148424625397,-0.2703148424625397,0.42517000436782837,-0.8115192651748657,0.5769990086555481,0.5,0.7502915263175964,0.24970848858356476,87.5146484375,3045886,
-0.05136095732450485,-0.03811253607273102,-0.03811253607273102,-0.03811253607273102,0.20045334100723267,-0.25622400641441345,-0.8320869207382202,0.5,0.5352894067764282,0.46471062302589417,82.5576171875,2873302,
-0.017169702798128128,-0.057504575699567795,-0.057504575699567795,-0.057504575699567795,0.3336353600025177,-0.051462478935718536,-0.8885496258735657,0.5,0.553244948387146,0.4467550218105316,92.9970703125,3236762,
-0.03315353766083717,-0.015035138465464115,-0.015035138465464115,-0.015035138465464115,0.07111850380897522,-0.4661731719970703,-0.7427733540534973,0.5,0.5139214396476746,0.48607856035232544,73.59375,2561216,
-0.4572587311267853,-0.32735610008239746,-0.32735610008239746,-0.32735610008239746,0.5462486147880554,-0.8370890617370605,0.3183143734931946,0.5,0.803107500076294,0.19689251482486725,87.15234375,3033272,
-0.3713518977165222,-0.31387150287628174,-0.31387150287628174,-0.31387150287628174,0.47152450680732727,-0.7875558733940125,0.6077066659927368,0.5,0.7906217575073242,0.20937824249267578,92.099609375,3205516,
-0.5107426047325134,-0.36619552969932556,-0.36619552969932556,-0.36619552969932556,0.7003737688064575,-0.7292429208755493,0.2585368752479553,0.5,0.8390699028968811,0.1609300822019577,95.123046875,3310780,
0.06747054308652878,0.06476224958896637,0.06476224958896637,0.06476224958896637,-0.07943248748779297,-0.849407434463501,0.44751790165901184,0.5,0.44003498554229736,0.5599650144577026,64.1396484375,2232062,
-0.18678420782089233,-0.11449338495731354,-0.11449338495731354,-0.11449338495731354,0.193571999669075,-0.9649340510368347,0.21815647184848785,0.5,0.6060123443603516,0.39398762583732605,72.2373046875,2513990,
0.16295306384563446,0.15034116804599762,0.15034116804599762,0.15034116804599762,-0.1663142889738083,-0.9797899127006531,0.09594148397445679,0.5,0.360795259475708,0.639204740524292,69.2080078125,2408522,
-0.23196494579315186,-0.17150011658668518,-0.17150011658668518,-0.17150011658668518,0.9802570939064026,-0.23663684725761414,0.13390491902828217,0.5,0.6587964296340942,0.34120360016822815,109.8515625,3823568,
-0.048344988375902176,-0.046003155410289764,-0.046003155410289764,-0.046003155410289764,1.0096936225891113,-0.04788085073232651,0.14773981273174286,0.5,0.5425955057144165,0.4574044942855835,106.4599609375,3705486,
-0.1899665743112564,-0.11429393291473389,-0.11429393291473389,-0.11429393291473389,0.9814397692680359,-0.19355908036231995,0.026761598885059357,0.5,0.6058276891708374,0.3941722810268402,104.466796875,3636092,
0.0,0.03283524140715599,0.03283524140715599,0.03283524140715599,0.36781740188598633,0.0,0.8983669281005859,0.5,0.4695969820022583,0.5304030179977417,90.345703125,3144452,
-0.04790075495839119,-0.06960010528564453,-0.06960010528564453,-0.06960010528564453,0.2330903857946396,-0.20550291240215302,0.8487333655357361,0.5,0.5644445419311523,0.43555545806884766,89.2353515625,3105794,
0.07852436602115631,0.0718100517988205,0.0718100517988205,0.0718100517988205,0.38211074471473694,0.20550158619880676,0.8892514705657959,0.5,0.4335091710090637,0.5664908289909363,93.138671875,3241692,
0.3204615116119385,0.291369765996933,0.291369765996933,0.291369765996933,-0.5828382968902588,-0.5498291850090027,0.3928180932998657,0.5,0.2302132248878479,0.7697867751121521,63.9990234375,2227166,
0.45165640115737915,0.3964076638221741,0.3964076638221741,0.3964076638221741,-0.5467398762702942,-0.8260900974273682,0.09418770670890808,0.5,0.1329559087753296,0.8670440912246704,59.61328125,2074472,
0.4647674858570099,0.3969203233718872,0.3969203233718872,0.3969203233718872,-0.8002867698669434,-0.5807511806488037,0.09238597750663757,0.5,0.13248121738433838,0.8675187826156616,67.7236328125,2356842,
-0.06747054308652878,-0.053398337215185165,-0.053398337215185165,-0.053398337215185165,-0.07943248748779297,0.849407434463501,0.44751790165901184,0.5,0.5494428873062134,0.45055708289146423,66.5185546875,2314886,
-0.2131790667772293,-0.1909690797328949,-0.1909690797328949,-0.1909690797328949,-0.220143124461174,0.9683657884597778,0.09757940471172333,0.5,0.6768232583999634,0.323176771402359,64.0048828125,2227370,
0.13588400185108185,0.1008715033531189,0.1008715033531189,0.1008715033531189,0.1390724629163742,0.9770733714103699,0.18537448346614838,0.5,0.4066004753112793,0.5933995246887207,72.92578125,2537960,
0.5022686719894409,0.38657423853874207,0.38657423853874207,0.38657423853874207,0.9679524898529053,0.518898069858551,0.5956923961639404,0.5,0.14206093549728394,0.8579390645027161,111.0048828125,3863722,
0.34565895795822144,0.2663167119026184,0.2663167119026184,0.2663167119026184,0.5777140855789185,0.5983218550682068,0.7989593148231506,0.5,0.2534104585647583,0.7465895414352417,99.4619140625,3461842,
0.42520272731781006,0.3539451062679291,0.3539451062679291,0.3539451062679291,0.993391215801239,0.4280315041542053,0.4716682732105255,0.5,0.17227309942245483,0.8277269005775452,116.162109375,4043276,
0.05136095732450485,-0.007304256781935692,-0.007304256781935692,-0.007304256781935692,0.20045334100723267,0.25622400641441345,0.8320869207382202,0.5,0.506763219833374,0.49323680996894836,87.7578125,3054352,
0.01333166565746069,-0.0020133126527071,-0.0020133126527071,-0.0020133126527071,0.2591649293899536,0.051440853625535965,0.8678950667381287,0.5,0.5018641948699951,0.4981358051300049,91.171875,3173216,
0.03315353766083717,0.025733070448040962,0.025733070448040962,0.025733070448040962,0.07111850380897522,0.4661731719970703,0.7427733540534973,0.5,0.4761731028556824,0.5238268971443176,82.7099609375,2878606,
0.23196494579315186,0.188648983836174,0.188648983836174,0.188648983836174,0.9802570939064026,0.23663684725761414,0.13390491902828217,0.5,0.32532501220703125,0.6746749877929688,105.8583984375,3684542,
0.2341209203004837,0.14848314225673676,0.14848314225673676,0.14848314225673676,0.9708424806594849,0.2411523312330246,0.027070745825767517,0.5,0.3625156283378601,0.6374843716621399,106.31640625,3700488,
0.14463061094284058,0.12684530019760132,0.12684530019760132,0.12684530019760132,1.0091603994369507,0.14331775903701782,0.1994982361793518,0.5,0.3825506567955017,0.6174493432044983,104.3154296875,3630822,
-0.4409606456756592,-0.38149186968803406,-0.38149186968803406,-0.38149186968803406,-0.5141027569770813,0.8577286005020142,0.0,0.5,0.8532332181930542,0.146766796708107,63.515625,2210336,
-0.3696855306625366,-0.31312867999076843,-0.31312867999076843,-0.31312867999076843,-0.586115300655365,0.6307385563850403,0.3364068269729614,0.5,0.7899339199066162,0.2100660502910614,62.4775390625,2174194,
-0.3551563322544098,-0.339746356010437,-0.339746356010437,-0.339746356010437,-0.5076601505279541,0.6995946764945984,-0.34423235058784485,0.5,0.814579963684082,0.18542005121707916,67.982421875,2365852,
-0.07099206000566483,-0.050631411373615265,-0.050631411373615265,-0.050631411373615265,-0.2817838490009308,0.25193801522254944,0.6557095646858215,0.5,0.5468809604644775,0.45311906933784485,63.28125,2202176,
-0.040657080709934235,-0.008370286785066128,-0.008370286785066128,-0.008370286785066128,-0.11152956634759903,0.36454084515571594,0.7049188613891602,0.5,0.5077502727508545,0.4922497272491455,62.3798828125,2170794,
-0.06979262083768845,-0.09949009120464325,-0.09949009120464325,-0.09949009120464325,-0.46186724305152893,0.1511096954345703,0.5811719298362732,0.5,0.5921204686164856,0.4078795313835144,63.0654296875,2194662,
0.28558221459388733,0.20436012744903564,0.20436012744903564,0.20436012744903564,0.4851554334163666,0.5886406302452087,-0.7949545383453369,0.5,0.3107776641845703,0.6892223358154297,93.5810546875,3257094,
0.5299978256225586,0.4779285788536072,0.4779285788536072,0.4779285788536072,0.8998557329177856,0.5889808535575867,-0.6758902072906494,0.5,0.05747354030609131,0.9425264596939087,109.1123046875,3797830,
0.3450336456298828,0.2668401002883911,0.2668401002883911,0.2668401002883911,0.42517000436782837,0.8115192651748657,-0.5769990086555481,0.5,0.2529258131980896,0.7470741868019104,84.8818359375,2954222,
-0.4409606456756592,-0.3168933093547821,-0.3168933093547821,-0.3168933093547821,0.5141027569770813,-0.8577286005020142,0.0,0.5,0.7934197187423706,0.2065802812576294,81.4658203125,2835290,
-0.4477759897708893,-0.3181128203868866,-0.3181128203868866,-0.3181128203868866,0.526486337184906,-0.8504987955093384,0.11671735346317291,0.5,0.7945488691329956,0.205451101064682,82.3564453125,2866298,
-0.3945787250995636,-0.3313649296760559,-0.3313649296760559,-0.3313649296760559,0.43986549973487854,-0.8970440626144409,-0.11690082401037216,0.5,0.8068193793296814,0.1931806355714798,80.732421875,2809756,
-0.5182035565376282,-0.4506436884403229,-0.4506436884403229,-0.4506436884403229,0.7447721362113953,-0.6957880854606628,0.31542086601257324,0.5,0.9172626733779907,0.08273734152317047,100.8974609375,3511822,
-0.49721527099609375,-0.38092151284217834,-0.38092151284217834,-0.38092151284217834,0.6331931948661804,-0.7852504849433899,0.3456362783908844,0.5,0.8527051210403442,0.14729490876197815,89.9873046875,3131974,
-0.47093257308006287,-0.35034987330436707,-0.35034987330436707,-0.35034987330436707,0.8613260984420776,-0.5467529296875,0.24853143095970154,0.5,0.8243980407714844,0.175601989030838,98.5048828125,3428522,
-0.4766768515110016,-0.39114800095558167,-0.39114800095558167,-0.39114800095558167,0.9332110285758972,-0.5107921361923218,-0.44364476203918457,0.5,0.8621740341186523,0.13782593607902527,102.0478515625,3551874,
-0.4979116916656494,-0.3605099320411682,-0.3605099320411682,-0.3605099320411682,0.9616535902023315,-0.5177661776542664,-0.5650661587715149,0.5,0.833805501461029,0.16619451344013214,107.8916015625,3755330,
-0.401670902967453,-0.303732693195343,-0.303732693195343,-0.303732693195343,0.9536819458007812,-0.4211790859699249,-0.32988661527633667,0.5,0.7812339663505554,0.21876603364944458,114.900390625,3999348,
0.0,0.054879456758499146,0.054879456758499146,0.054879456758499146,1.0532203912734985,0.0,0.33109185099601746,0.5,0.44918566942214966,0.5508143305778503,109.7880859375,3821358,
-0.20662841200828552,-0.1770143210887909,-0.1770143210887909,-0.1770143210887909,1.0639773607254028,-0.19420376420021057,0.42293035984039307,0.5,0.6639021635055542,0.3360978662967682,113.0361328125,3934442,
0.20248349010944366,0.16484522819519043,0.16484522819519043,0.16484522819519043,1.0441203117370605,0.1939273476600647,0.3659382164478302,0.5,0.3473655581474304,0.6526344418525696,118.5234375,4125488,
-0.4766768515110016,-0.42121243476867676,-0.42121243476867676,-0.42121243476867676,0.9332110285758972,-0.5107921361923218,0.44364476203918457,0.5,0.8900114893913269,0.1099885031580925,111.39453125,3877288,
-0.45947614312171936,-0.3953390419483185,-0.3953390419483185,-0.3953390419483185,0.9050270915031433,-0.5076932311058044,0.331203818321228,0.5,0.8660546541213989,0.13394534587860107,104.4833984375,3636670,
-0.4438612759113312,-0.37870579957962036,-0.37870579957962036,-0.37870579957962036,1.018730878829956,-0.4357002377510071,0.5614056587219238,0.5,0.8506535291671753,0.1493465006351471,126.0947265625,4389090,
0.4766768515110016,0.3815530240535736,0.3815530240535736,0.3815530240535736,0.9332110285758972,0.5107921361923218,0.44364476203918457,0.5,0.14671021699905396,0.853289783000946,104.265625,3629088,
0.5127409100532532,0.4061198830604553,0.4061198830604553,0.4061198830604553,0.9235484004020691,0.5551857352256775,0.5371827483177185,0.5,0.12396305799484253,0.8760369420051575,108.494140625,3776308,
0.401670902967453,0.31816691160202026,0.31816691160202026,0.31816691160202026,0.9536819458007812,0.4211790859699249,0.32988661527633667,0.5,0.2054010033607483,0.7945989966392517,108.765625,3785760,
-0.4572587311267853,-0.3357629179954529,-0.3357629179954529,-0.3357629179954529,0.5462486147880554,-0.8370890617370605,-0.3183143734931946,0.5,0.8108915686607361,0.18910841643810272,87.66796875,3051224,
-0.5107426047325134,-0.4021514356136322,-0.4021514356136322,-0.4021514356136322,0.7003737688064575,-0.7292429208755493,-0.2585368752479553,0.5,0.8723624348640442,0.127637580037117,89.0185546875,3098246,
-0.29983916878700256,-0.21036329865455627,-0.21036329865455627,-0.21036329865455627,0.40521493554115295,-0.7399508953094482,-0.671139657497406,0.5,0.6947808265686035,0.3052191734313965,82.4638671875,2870038,
-0.5041040778160095,-0.38277268409729004,-0.38277268409729004,-0.38277268409729004,0.7212379574775696,-0.6989428400993347,-0.14365406334400177,0.5,0.8544191122055054,0.14558085799217224,91.0517578125,3169034,
-0.46959537267684937,-0.3392297327518463,-0.3392297327518463,-0.3392297327518463,0.5708770155906677,-0.8225858807563782,-0.1453370302915573,0.5,0.8141015768051147,0.18589840829372406,84.7939453125,2951162,
-0.460835337638855,-0.3161543607711792,-0.3161543607711792,-0.3161543607711792,0.8382152318954468,-0.5497816205024719,-0.08526287227869034,0.5,0.7927355170249939,0.2072644978761673,98.3984375,3424816,
0.02665640413761139,0.030762681737542152,0.030762681737542152,0.030762681737542152,-0.06803533434867859,-0.3918023407459259,-0.7149103879928589,0.5,0.47151607275009155,0.5284839272499084,71.2890625,2480976,
-0.024325743317604065,0.004437751602381468,0.004437751602381468,0.004437751602381468,0.10450414568185806,-0.23277299106121063,-0.8057066798210144,0.5,0.4958909749984741,0.5041090250015259,76.412109375,2659340,
0.11351310461759567,0.10650341957807541,0.10650341957807541,0.10650341957807541,-0.2607363760471344,-0.4353558421134949,-0.6234573125839233,0.5,0.40138572454452515,0.5986142754554749,63.4140625,2206800,
0.0,-0.041416414082050323,-0.041416414082050323,-0.041416414082050323,1.1651108264923096,0.0,-0.6113536953926086,0.5,0.5383485555648804,0.461651474237442,130.9775390625,4559090,
-0.23516178131103516,-0.17310874164104462,-0.17310874164104462,-0.17310874164104462,1.1297967433929443,-0.20814521610736847,-0.5937392711639404,0.5,0.6602858901023865,0.3397141098976135,127.8974609375,4451854,
0.240249365568161,0.13724036514759064,0.13724036514759064,0.13724036514759064,1.152966022491455,0.20837506651878357,-0.6491681933403015,0.5,0.3729255795478821,0.6270744204521179,131.048828125,4561572,
-0.45579129457473755,-0.3298949599266052,-0.3298949599266052,-0.3298949599266052,0.8985587358474731,-0.5072470903396606,-0.3028756082057953,0.5,0.8054583072662354,0.19454172253608704,99.91015625,3477448,
-0.4939395785331726,-0.42156362533569336,-0.42156362533569336,-0.42156362533569336,0.8971843123435974,-0.5505441427230835,-0.4173867702484131,0.5,0.8903366923332214,0.10966332256793976,103.408203125,3599236,
-0.488567054271698,-0.3846123516559601,-0.3846123516559601,-0.3846123516559601,0.8330200910568237,-0.5865009427070618,-0.2506817579269409,0.5,0.8561225533485413,0.14387746155261993,93.9267578125,3269130,
0.5182035565376282,0.4451727569103241,0.4451727569103241,0.4451727569103241,0.7447721362113953,0.6957880854606628,-0.31542086601257324,0.5,0.08780306577682495,0.912196934223175,91.8115234375,3195486,
0.478730708360672,0.38303765654563904,0.38303765654563904,0.38303765654563904,0.5888120532035828,0.8130450248718262,-0.3176230192184448,0.5,0.14533555507659912,0.8546644449234009,89.447265625,3113172,
0.47093257308006287,0.3996563255786896,0.3996563255786896,0.3996563255786896,0.8613260984420776,0.5467529296875,-0.24853143095970154,0.5,0.12994784116744995,0.87005215883255,103.30078125,3595496,
-0.0,0.012804510071873665,0.012804510071873665,0.012804510071873665,-0.36800679564476013,0.0,-0.6356116533279419,0.5,0.4881439805030823,0.5118560194969177,71.7548828125,2497194,
0.060719963163137436,0.043772075325250626,0.043772075325250626,0.043772075325250626,-0.3004845380783081,-0.20207349956035614,-0.6543653011322021,0.5,0.459470272064209,0.540529727935791,65.3212890625,2273202,
-0.08958849310874939,-0.12192022055387497,-0.12192022055387497,-0.12192022055387497,-0.44421064853668213,0.20168019831180573,-0.5845409631729126,0.5,0.6128890514373779,0.3871109187602997,60.771484375,2114796,
0.3204615116119385,0.24537920951843262,0.24537920951843262,0.24537920951843262,-0.5828382968902588,-0.5498291850090027,-0.3928180932998657,0.5,0.2727970480918884,0.7272029519081116,61.376953125,2135876,
0.4647674858570099,0.4321952760219574,0.4321952760219574,0.4321952760219574,-0.8002867698669434,-0.5807511806488037,-0.09238597750663757,0.5,0.09981924295425415,0.9001807570457458,62.1650390625,2163314,
0.38767966628074646,0.3499385416507721,0.3499385416507721,0.3499385416507721,-0.5009389519691467,-0.7739059925079346,-0.26903092861175537,0.5,0.17598283290863037,0.8240171670913696,65.58984375,2282552,
-0.3204615116119385,-0.31672483682632446,-0.31672483682632446,-0.31672483682632446,-0.5828382968902588,0.5498291850090027,-0.3928180932998657,0.5,0.7932637333869934,0.2067362666130066,60.91015625,2119624,
-0.4698812663555145,-0.3883584141731262,-0.3883584141731262,-0.3883584141731262,-0.5912110209465027,0.7947775721549988,-0.09262669086456299,0.5,0.8595911264419556,0.14040888845920563,65.0068359375,2262254,
-0.3609432578086853,-0.3312546908855438,-0.3312546908855438,-0.3312546908855438,-0.7787060141563416,0.4635167121887207,-0.26093971729278564,0.5,0.8067172765731812,0.19328270852565765,63.6484375,2214960,
0.4409606456756592,0.3207266628742218,0.3207266628742218,0.3207266628742218,0.8577286005020142,0.5141027569770813,0.0,0.5,0.20303082466125488,0.7969691753387451,89.638671875,3119836,
0.49941909313201904,0.3430462181568146,0.3430462181568146,0.3430462181568146,0.7515531182289124,0.664516031742096,0.11440529674291611,0.5,0.1823645830154419,0.8176354169845581,96.193359375,3348044,
0.47871461510658264,0.36646151542663574,0.36646151542663574,0.36646151542663574,0.8133294582366943,0.5885863304138184,-0.11373305320739746,0.5,0.16068381071090698,0.839316189289093,95.193359375,3313228,
0.5182035565376282,0.3831930160522461,0.3831930160522461,0.3831930160522461,0.7447721362113953,0.6957880854606628,0.31542086601257324,0.5,0.14519166946411133,0.8548083305358887,95.39453125,3320232,
0.47779178619384766,0.35305753350257874,0.35305753350257874,0.35305753350257874,0.8718178272247314,0.5480408668518066,0.3046826124191284,0.5,0.17309486865997314,0.8269051313400269,96.662109375,3364364,
0.47597575187683105,0.31961992383003235,0.31961992383003235,0.31961992383003235,0.5828281044960022,0.816665768623352,0.2601878046989441,0.5,0.20405560731887817,0.7959443926811218,86.7080078125,3017802,
0.45579129457473755,0.40087494254112244,0.40087494254112244,0.40087494254112244,0.8985587358474731,0.5072470903396606,-0.3028756082057953,0.5,0.1288195252418518,0.8711804747581482,99.958984375,3479148,
0.5187315344810486,0.41354313492774963,0.41354313492774963,0.41354313492774963,0.7840284705162048,0.6616233587265015,-0.3406205177307129,0.5,0.11708968877792358,0.8829103112220764,96.3046875,3351920,
0.4056822955608368,0.3145790994167328,0.3145790994167328,0.3145790994167328,0.9609531760215759,0.4221665561199188,-0.3578455448150635,0.5,0.2087230682373047,0.7912769317626953,107.2890625,3734352,
0.5022686719894409,0.44184136390686035,0.44184136390686035,0.44184136390686035,0.9679524898529053,0.518898069858551,-0.5956923961639404,0.5,0.09088766574859619,0.9091123342514038,115.5634765625,4022434,
0.42520272731781006,0.3655589520931244,0.3655589520931244,0.3655589520931244,0.993391215801239,0.4280315041542053,-0.4716682732105255,0.5,0.16151952743530273,0.8384804725646973,112.2216796875,3906086,
0.43274441361427307,0.35860538482666016,0.35860538482666016,0.35860538482666016,0.6524921655654907,0.6632177829742432,-0.7413122653961182,0.5,0.16795796155929565,0.8320420384407043,99.8056640625,3473810,
0.2569824457168579,0.14030826091766357,0.14030826091766357,0.14030826091766357,1.0611714124679565,0.24216865003108978,-0.44761893153190613,0.5,0.3700849413871765,0.6299150586128235,124.51171875,4333976,
0.2817382514476776,0.23499174416065216,0.23499174416065216,0.23499174416065216,1.1030901670455933,0.2554081678390503,-0.5632931590080261,0.5,0.28241509199142456,0.7175849080085754,121.0908203125,4214874,
0.152470201253891,0.09770046919584274,0.09770046919584274,0.09770046919584274,1.0452252626419067,0.1458730548620224,-0.34184956550598145,0.5,0.40953660011291504,0.590463399887085,115.359375,4015328,
-0.06747054308652878,-0.03267310559749603,-0.03267310559749603,-0.03267310559749603,-0.07943248748779297,0.849407434463501,-0.44751790165901184,0.5,0.5302528738975525,0.4697471261024475,70.220703125,2443780,
0.13588400185108185,0.061629462987184525,0.061629462987184525,0.061629462987184525,0.1390724629163742,0.9770733714103699,-0.18537448346614838,0.5,0.44293564558029175,0.5570643544197083,72.2861328125,2515690,
-0.23188090324401855,-0.20293891429901123,-0.20293891429901123,-0.20293891429901123,-0.25846269726753235,0.8971542119979858,-0.2834295332431793,0.5,0.6879063844680786,0.3120936155319214,68.005859375,2366668,
0.47847017645835876,0.41519102454185486,0.41519102454185486,0.41519102454185486,-0.5956993103027344,-0.803207516670227,0.0,0.5,0.11556392908096313,0.8844360709190369,66.990234375,2331308,
0.42018017172813416,0.3346858322620392,0.3346858322620392,0.3346858322620392,-0.6242173910140991,-0.6731311678886414,0.26055052876472473,0.5,0.19010567665100098,0.809894323348999,65.943359375,2294860,
0.42018017172813416,0.3381722867488861,0.3381722867488861,0.3381722867488861,-0.6242173910140991,-0.6731311678886414,-0.26055052876472473,0.5,0.1868775486946106,0.8131224513053894,66.625,2318592,
0.15050047636032104,0.11536683142185211,0.11536683142185211,0.11536683142185211,-0.31125447154045105,-0.4835287034511566,0.5838643908500671,0.5,0.39317888021469116,0.6068211197853088,62.794921875,2185244,
0.02869090810418129,0.02140105329453945,0.02140105329453945,0.02140105329453945,-0.10017812997102737,-0.28639891743659973,0.725220799446106,0.5,0.4801841974258423,0.5198158025741577,66.4892578125,2313866,
0.3189798891544342,0.28621843457221985,0.28621843457221985,0.28621843457221985,-0.4190574288368225,-0.7611842155456543,0.3532824218273163,0.5,0.2349829077720642,0.7650170922279358,63.5390625,2211152,
0.12084143608808517,0.11108696460723877,0.11108696460723877,0.11108696460723877,-0.22457380592823029,-0.538092315196991,-0.6033384203910828,0.5,0.397141695022583,0.602858304977417,67.7470703125,2357658,
0.040657080709934235,0.027268748730421066,0.027268748730421066,0.027268748730421066,-0.11152956634759903,-0.36454084515571594,-0.7049188613891602,0.5,0.4747511148452759,0.5252488851547241,72.73046875,2531160,
0.26101040840148926,0.25743111968040466,0.25743111968040466,0.25743111968040466,-0.32046329975128174,-0.8144782781600952,-0.3632473349571228,0.5,0.2616378664970398,0.7383621335029602,66.380859375,2310092,
-0.5268474817276001,-0.47118043899536133,-0.47118043899536133,-0.47118043899536133,0.8898830413818359,-0.5920412540435791,0.5402616262435913,0.5,0.9362781643867493,0.06372183561325073,103.330078125,3596516,
-0.43274441361427307,-0.3358653783798218,-0.3358653783798218,-0.3358653783798218,0.6524921655654907,-0.6632177829742432,0.7413122653961182,0.5,0.8109864592552185,0.1890135556459427,95.44921875,3322136,
-0.5033156871795654,-0.379349023103714,-0.379349023103714,-0.379349023103714,0.9106680750846863,-0.5526884198188782,0.47606414556503296,0.5,0.851249098777771,0.1487509161233902,104.7333984375,3645374,
-0.10866464674472809,-0.09726976603269577,-0.09726976603269577,-0.09726976603269577,0.42425116896629333,-0.2561328113079071,0.8922522068023682,0.5,0.5900646448135376,0.4099353849887848,100.9091796875,3512230,
-0.017169702798128128,-0.014496158808469772,-0.014496158808469772,-0.014496158808469772,0.3336353600025177,-0.051462478935718536,0.8885496258735657,0.5,0.5134223699569702,0.4865776300430298,93.2900390625,3246962,
-0.29190295934677124,-0.2717406451702118,-0.2717406451702118,-0.2717406451702118,0.7230390906333923,-0.40371671319007874,0.9090332388877869,0.5,0.7516117095947266,0.24838830530643463,114.5576171875,3987414,
-0.2884022295475006,-0.2431725710630417,-0.2431725710630417,-0.2431725710630417,1.1138168573379517,-0.2589314579963684,0.5923482179641724,0.5,0.725159764289856,0.27484020590782166,127.0986328125,4424042,
-0.061114322394132614,-0.047470614314079285,-0.047470614314079285,-0.047470614314079285,1.1605820655822754,-0.052658338099718094,0.6051667332649231,0.5,0.5439542531967163,0.4560457170009613,130.38671875,4538520,
-0.3641328811645508,-0.26900482177734375,-0.26900482177734375,-0.26900482177734375,1.0562108755111694,-0.3447539508342743,0.5314795970916748,0.5,0.7490785121917725,0.25092145800590515,119.4443359375,4157550,
-0.0,0.03455396369099617,0.03455396369099617,0.03455396369099617,-0.22282098233699799,0.0,0.7005550265312195,0.5,0.46800559759140015,0.5319944024085999,69.4287109375,2416206,
0.08958849310874939,0.0710296556353569,0.0710296556353569,0.0710296556353569,-0.44421064853668213,-0.20168019831180573,0.5845409631729126,0.5,0.43423181772232056,0.5657681822776794,61.6005859375,2143662,
-0.037187810987234116,-0.018177201971411705,-0.018177201971411705,-0.018177201971411705,-0.24533073604106903,0.15158236026763916,0.684160053730011,0.5,0.5168307423591614,0.4831692576408386,69.1357421875,2406006,
0.27714332938194275,0.23558534681797028,0.23558534681797028,0.23558534681797028,-0.6663359999656677,-0.41592127084732056,0.3924565017223358,0.5,0.2818654179573059,0.7181345820426941,62.7734375,2184496,
0.44467464089393616,0.37220117449760437,0.37220117449760437,0.37220117449760437,-0.8306421637535095,-0.5353384017944336,0.09370804578065872,0.5,0.1553693413734436,0.8446306586265564,62.0302734375,2158622,
0.12088555842638016,0.14454208314418793,0.14454208314418793,0.14454208314418793,-0.5944815278053284,-0.20334619283676147,0.49832311272621155,0.5,0.3661647439002991,0.6338352560997009,66.0947265625,2300130,
-0.3354423940181732,-0.23437030613422394,-0.23437030613422394,-0.23437030613422394,-0.8020580410957336,0.41822707653045654,0.2608276605606079,0.5,0.7170095443725586,0.2829904854297638,59.6201171875,2074710,
-0.41351601481437683,-0.33697110414505005,-0.33697110414505005,-0.33697110414505005,-0.69205641746521,0.5975177884101868,0.2586946189403534,0.5,0.8120102882385254,0.1879897266626358,65.5205078125,2280138,
-0.15367217361927032,-0.12988026440143585,-0.12988026440143585,-0.12988026440143585,-0.7462469339370728,0.20592671632766724,0.38929644227027893,0.5,0.6202595233917236,0.37974050641059875,63.779296875,2219516,
0.498422235250473,0.4553074240684509,0.4553074240684509,0.4553074240684509,0.6361871957778931,0.7834521532058716,0.374332070350647,0.5,0.07841908931732178,0.9215809106826782,92.5126953125,3219898,
0.29983916878700256,0.1900297850370407,0.1900297850370407,0.1900297850370407,0.40521493554115295,0.7399508953094482,0.671139657497406,0.5,0.3240464925765991,0.6759535074234009,84.5908203125,2944090,
0.5179906487464905,0.40107816457748413,0.40107816457748413,0.40107816457748413,0.7120031714439392,0.7275117039680481,0.34438806772232056,0.5,0.1286313533782959,0.8713686466217041,89.0205078125,3098314,
0.08221113681793213,0.08386020362377167,0.08386020362377167,0.08386020362377167,0.168184295296669,0.4888157546520233,0.7656803727149963,0.5,0.4223516583442688,0.5776483416557312,77.4453125,2695312,
0.0415680967271328,0.023257913067936897,0.023257913067936897,0.023257913067936897,0.146319180727005,0.28409191966056824,0.8110118508338928,0.5,0.47846490144729614,0.5215350985527039,82.0283203125,2854874,
0.24366395175457,0.1649104803800583,0.1649104803800583,0.1649104803800583,0.306513249874115,0.7949540615081787,0.603875994682312,0.5,0.3473051190376282,0.6526948809623718,76.283203125,2654852,
0.44948288798332214,0.31773585081100464,0.31773585081100464,0.31773585081100464,0.5295981764793396,0.848724365234375,0.1459551900625229,0.5,0.20580017566680908,0.7941998243331909,83.7529296875,2914918,
0.44262048602104187,0.3319127857685089,0.3319127857685089,0.3319127857685089,0.5171240568161011,0.8559271097183228,0.02924174815416336,0.5,0.19267332553863525,0.8073266744613647,83.603515625,2909716,
0.4885960519313812,0.38278353214263916,0.38278353214263916,0.38278353214263916,0.6168688535690308,0.7920582294464111,0.2021775096654892,0.5,0.1455708146095276,0.8544291853904724,88.98046875,3096920,
-0.47847017645835876,-0.3910994231700897,-0.3910994231700897,-0.3910994231700897,-0.803207516670227,0.5956993103027344,0.0,0.5,0.8621290922164917,0.1378709226846695,62.2265625,2165456,
-0.3609432578086853,-0.3094971179962158,-0.3094971179962158,-0.3094971179962158,-0.7787060141563416,0.4635167121887207,0.26093971729278564,0.5,0.7865713834762573,0.21342860162258148,65.6376953125,2284218,
-0.41351601481437683,-0.3450916111469269,-0.3450916111469269,-0.3450916111469269,-0.69205641746521,0.5975177884101868,-0.2586946189403534,0.5,0.8195292353630066,0.18047074973583221,66.9345703125,2329370,
-0.22199037671089172,-0.1761964112520218,-0.1761964112520218,-0.1761964112520218,-0.8645176291465759,0.2567794620990753,0.25839734077453613,0.5,0.6631448268890381,0.3368552029132843,60.7294921875,2113334,
-0.27745091915130615,-0.2180161029100418,-0.2180161029100418,-0.2180161029100418,-0.7582507133483887,0.365909218788147,0.3328999876976013,0.5,0.7018667459487915,0.2981332540512085,57.8642578125,2013578,
-0.04344938322901726,-0.05136892944574356,-0.05136892944574356,-0.05136892944574356,-0.8414801955223083,0.051634468138217926,0.3221689462661743,0.5,0.5475637912750244,0.4524361789226532,60.40234375,2101944,
-0.08026614040136337,-0.07688004523515701,-0.07688004523515701,-0.07688004523515701,-0.531680703163147,0.1509668081998825,-0.5427252650260925,0.5,0.5711852312088013,0.42881476879119873,63.509765625,2210132,
-0.01778503693640232,-0.013466701842844486,-0.013466701842844486,-0.013466701842844486,-0.3523560166358948,0.0504746250808239,-0.6422455310821533,0.5,0.5124691724777222,0.48753082752227783,64.0673828125,2229546,
-0.2072528898715973,-0.1956532597541809,-0.1956532597541809,-0.1956532597541809,-0.7982389330863953,0.25963765382766724,-0.3304235339164734,0.5,0.6811604499816895,0.31883957982063293,69.4658203125,2417498,
-0.47847017645835876,-0.3747028410434723,-0.3747028410434723,-0.3747028410434723,0.803207516670227,-0.5956993103027344,0.0,0.5,0.8469470739364624,0.1530529409646988,96.6171875,3362800,
-0.47871461510658264,-0.34410360455513,-0.34410360455513,-0.34410360455513,0.8133294582366943,-0.5885863304138184,0.11373305320739746,0.5,0.8186144232749939,0.1813855618238449,93.1220703125,3241114,
-0.4983961284160614,-0.34331873059272766,-0.34331873059272766,-0.34331873059272766,0.7485289573669434,-0.6658341288566589,-0.0861101821064949,0.5,0.8178876638412476,0.18211230635643005,86.828125,3021984,
-0.48570263385772705,-0.3714403510093689,-0.3714403510093689,-0.3714403510093689,0.8283886909484863,-0.5863221287727356,0.22224903106689453,0.5,0.8439262509346008,0.15607376396656036,96.3994140625,3355218,
-0.5155601501464844,-0.4057144522666931,-0.4057144522666931,-0.4057144522666931,0.7794166207313538,-0.6614692807197571,0.31247857213020325,0.5,0.8756614923477173,0.12433848530054092,93.7978515625,3264642,
-0.4397912323474884,-0.32371965050697327,-0.32371965050697327,-0.32371965050697327,0.8670614361763,-0.5072203874588013,0.11210429668426514,0.5,0.7997404336929321,0.20025959610939026,99.2939453125,3455994,
-0.4459242820739746,-0.35570991039276123,-0.35570991039276123,-0.35570991039276123,0.8826913833618164,-0.5051870942115784,-0.21882891654968262,0.5,0.8293610215187073,0.17063897848129272,97.1884765625,3382690,
-0.47779178619384766,-0.3657398223876953,-0.3657398223876953,-0.3657398223876953,0.8718178272247314,-0.5480408668518066,-0.3046826124191284,0.5,0.8386479616165161,0.1613520234823227,101.21484375,3522872,
-0.3843142092227936,-0.2980274558067322,-0.2980274558067322,-0.2980274558067322,0.912310004234314,-0.4212539792060852,-0.10961878299713135,0.5,0.7759513258934021,0.2240486592054367,107.0,3724288,
0.0,-0.03177114576101303,-0.03177114576101303,-0.03177114576101303,1.1406813859939575,0.0,0.5568193197250366,0.5,0.5294176936149597,0.4705823063850403,126.482421875,4402588,
-0.17713531851768494,-0.13329291343688965,-0.13329291343688965,-0.13329291343688965,1.1309412717819214,-0.15662644803524017,0.5687609314918518,0.5,0.6234194040298462,0.3765806257724762,128.1708984375,4461374,
0.23516178131103516,0.17326314747333527,0.17326314747333527,0.17326314747333527,1.1297967433929443,0.20814521610736847,0.5937392711639404,0.5,0.33957117795944214,0.6604288220405579,129.2919921875,4500406,
-0.18509787321090698,-0.2082478255033493,-0.2082478255033493,-0.2082478255033493,1.1782244443893433,-0.15709899365901947,0.6791240572929382,0.5,0.6928220987319946,0.30717793107032776,143.7958984375,5005374,
-0.23516178131103516,-0.20024891197681427,-0.20024891197681427,-0.20024891197681427,1.1297967433929443,-0.20814521610736847,0.5937392711639404,0.5,0.6854156255722046,0.3145843744277954,122.0625,4248704,
-0.2612362205982208,-0.19510386884212494,-0.19510386884212494,-0.19510386884212494,1.1928462982177734,-0.21900242567062378,0.7726402878761292,0.5,0.6806517243385315,0.3193482756614685,135.806640625,4727220,
0.41578003764152527,0.3269560635089874,0.3269560635089874,0.3269560635089874,1.0524272918701172,0.3950677216053009,0.5905303359031677,0.5,0.19726288318634033,0.8027371168136597,126.7314453125,4411258,
0.4979116916656494,0.39210546016693115,0.39210546016693115,0.39210546016693115,0.9616535902023315,0.5177661776542664,0.5650661587715149,0.5,0.1369394063949585,0.8630605936050415,118.7177734375,4132254,
0.2264413833618164,0.19700898230075836,0.19700898230075836,0.19700898230075836,1.1069636344909668,0.20456081628799438,0.5374550819396973,0.5,0.3175842761993408,0.6824157238006592,126.66015625,4408776,
-0.5268474817276001,-0.47626280784606934,-0.47626280784606934,-0.47626280784606934,0.8898830413818359,-0.5920412540435791,-0.5402616262435913,0.5,0.9409840703010559,0.05901593714952469,109.705078125,3818468,
-0.5033156871795654,-0.3983626663684845,-0.3983626663684845,-0.3983626663684845,0.9106680750846863,-0.5526884198188782,-0.47606414556503296,0.5,0.868854284286499,0.13114570081233978,110.55078125,3847912,
-0.34565895795822144,-0.26009660959243774,-0.26009660959243774,-0.26009660959243774,0.5777140855789185,-0.5983218550682068,-0.7989593148231506,0.5,0.7408301830291748,0.2591698169708252,95.9736328125,3340394,
-0.2884022295475006,-0.2325524389743805,-0.2325524389743805,-0.2325524389743805,1.1138168573379517,-0.2589314579963684,-0.5923482179641724,0.5,0.7153263092041016,0.28467369079589844,130.2607421875,4534134,
-0.26301446557044983,-0.17395547032356262,-0.17395547032356262,-0.17395547032356262,1.071376919746399,-0.24549201130867004,-0.476809024810791,0.5,0.6610698699951172,0.3389301300048828,115.671875,4026208,
-0.06022567301988602,-0.09497329592704773,-0.09497329592704773,-0.09497329592704773,1.1483252048492432,-0.052446529269218445,-0.5777568817138672,0.5,0.5879381895065308,0.41206178069114685,128.068359375,4457804,
-0.07559920847415924,-0.07569043338298798,-0.07569043338298798,-0.07569043338298798,0.49044567346572876,-0.15414389967918396,-0.9209940433502197,0.5,0.570083737373352,0.42991626262664795,100.2861328125,3490538,
-0.04790075495839119,-0.07284818589687347,-0.07284818589687347,-0.07284818589687347,0.2330903857946396,-0.20550291240215302,-0.8487333655357361,0.5,0.567452073097229,0.4325479567050934,84.2783203125,2933210,
-0.22734226286411285,-0.17875449359416962,-0.17875449359416962,-0.17875449359416962,0.7873082160949707,-0.28875890374183655,-0.9503629803657532,0.5,0.6655133962631226,0.33448657393455505,116.1064453125,4041338,
0.0,-0.002383880317211151,-0.002383880317211151,-0.002383880317211151,1.0725535154342651,0.0,-0.38898542523384094,0.5,0.5022072792053223,0.49779269099235535,117.49609375,4089720,
-0.20248349010944366,-0.17902907729148865,-0.17902907729148865,-0.17902907729148865,1.0441203117370605,-0.1939273476600647,-0.3659382164478302,0.5,0.6657676696777344,0.3342323303222656,114.044921875,3969564,
0.15720413625240326,0.11063260585069656,0.11063260585069656,0.11063260585069656,1.0747666358947754,0.14626815915107727,-0.4272511303424835,0.5,0.3975623846054077,0.6024376153945923,118.6767578125,4130826,
-0.3705027401447296,-0.2877068817615509,-0.2877068817615509,-0.2877068817615509,0.9823914170265198,-0.3771437108516693,-0.3582087755203247,0.5,0.7663952708244324,0.23360474407672882,109.904296875,3825404,
-0.47218385338783264,-0.3930225074291229,-0.3930225074291229,-0.3930225074291229,0.9257930517196655,-0.5100317597389221,-0.4155280292034149,0.5,0.8639097213745117,0.13609027862548828,104.3828125,3633168,
-0.19815798103809357,-0.1074879914522171,-0.1074879914522171,-0.1074879914522171,1.026930809020996,-0.19296137988567352,-0.3095880150794983,0.5,0.5995259284973145,0.40047410130500793,105.5546875,3673968,
0.3632175028324127,0.31028157472610474,0.31028157472610474,0.31028157472610474,0.9674362540245056,0.37544333934783936,-0.3018781244754791,0.5,0.21270227432250977,0.7872977256774902,102.7255859375,3575470,
0.45947614312171936,0.35676291584968567,0.35676291584968567,0.35676291584968567,0.9050270915031433,0.5076932311058044,-0.331203818321228,0.5,0.16966396570205688,0.8303360342979431,104.0146484375,3620350,
0.19373920559883118,0.14436505734920502,0.14436505734920502,0.14436505734920502,1.0125868320465088,0.1913309544324875,-0.2539159953594208,0.5,0.3663286566734314,0.6336713433265686,100.2236328125,3488362,
0.0,-0.014796786941587925,-0.014796786941587925,-0.014796786941587925,0.21949073672294617,0.0,-0.8571060299873352,0.5,0.5137007236480713,0.4862992763519287,79.125,2753792,
-0.02958800457417965,-0.03098936192691326,-0.03098936192691326,-0.03098936192691326,0.19197410345077515,-0.15412497520446777,-0.8420008420944214,0.5,0.5286938548088074,0.4713061451911926,80.14453125,2789288,
0.04790075495839119,0.0008976559620350599,0.0008976559620350599,0.0008976559620350599,0.2330903857946396,0.20550291240215302,-0.8487333655357361,0.5,0.49916887283325195,0.500831127166748,81.572265625,2838996,
-0.13200584053993225,-0.13102251291275024,-0.13102251291275024,-0.13102251291275024,0.7621400356292725,-0.1732041835784912,-0.968913733959198,0.5,0.6213171482086182,0.37868285179138184,116.5537109375,4056910,
-0.11601870507001877,-0.06743425130844116,-0.06743425130844116,-0.06743425130844116,0.5470566749572754,-0.2120780348777771,-0.926395058631897,0.5,0.5624390840530396,0.43756088614463806,108.7353515625,3784706,
-0.2957732677459717,-0.2595158815383911,-0.2595158815383911,-0.2595158815383911,1.1352609395980835,-0.26053330302238464,-0.9228954911231995,0.5,0.7402924299240112,0.2597075402736664,147.65625,5139776,
0.38498225808143616,0.29341578483581543,0.29341578483581543,0.29341578483581543,0.7995147705078125,0.481519877910614,-0.8758350610733032,0.5,0.22831875085830688,0.7716812491416931,116.990234375,4072108,
0.34565895795822144,0.2493441104888916,0.2493441104888916,0.2493441104888916,0.5777140855789185,0.5983218550682068,-0.7989593148231506,0.5,0.2691258192062378,0.7308741807937622,101.2060546875,3522566,
0.1636248379945755,0.1378510296344757,0.1378510296344757,0.1378510296344757,0.728431224822998,0.2246263474225998,-0.9564554691314697,0.5,0.37236011028289795,0.627639889717102,111.32421875,3874840,
0.47847017645835876,0.39166465401649475,0.39166465401649475,0.39166465401649475,0.5956993103027344,0.803207516670227,0.0,0.5,0.1373475193977356,0.8626524806022644,89.3212890625,3108786,
0.4664018154144287,0.34391629695892334,0.34391629695892334,0.34391629695892334,0.5647863745689392,0.8258021473884583,0.08746953308582306,0.5,0.1815590262413025,0.8184409737586975,83.4248046875,2903494,
0.4477759897708893,0.33876270055770874,0.33876270055770874,0.33876270055770874,0.526486337184906,0.8504987955093384,-0.11671735346317291,0.5,0.1863308548927307,0.8136691451072693,78.79296875,2742232,
0.360250860452652,0.2748643755912781,0.2748643755912781,0.2748643755912781,0.3919885456562042,0.9190341830253601,0.08771120756864548,0.5,0.2454959750175476,0.7545040249824524,81.7578125,2845456,
0.4477759897708893,0.30954819917678833,0.30954819917678833,0.30954819917678833,0.526486337184906,0.8504987955093384,0.11671735346317291,0.5,0.21338129043579102,0.786618709564209,83.63671875,2910872,
0.24559907615184784,0.18661929666996002,0.18661929666996002,0.18661929666996002,0.25495579838752747,0.9633005857467651,0.11825819313526154,0.5,0.3272043466567993,0.6727956533432007,78.0810546875,2717446,
0.45386290550231934,0.3594757616519928,0.3594757616519928,0.3594757616519928,0.5379596948623657,0.8436745405197144,-0.2321278154850006,0.5,0.1671520471572876,0.8328479528427124,81.9404296875,2851814,
0.4957355558872223,0.3641655445098877,0.3641655445098877,0.3641655445098877,0.6300614476203918,0.7868050932884216,-0.3169516921043396,0.5,0.16280966997146606,0.8371903300285339,86.541015625,3011988,
0.4836542308330536,0.376101553440094,0.376101553440094,0.376101553440094,0.6076965928077698,0.7958810925483704,-0.1161053478717804,0.5,0.1517578363418579,0.8482421636581421,86.955078125,3026404,
0.498422235250473,0.43229612708091736,0.43229612708091736,0.43229612708091736,0.6361871957778931,0.7834521532058716,-0.374332070350647,0.5,0.09972584247589111,0.9002741575241089,93.8271484375,3265662,
0.5179906487464905,0.41998955607414246,0.41998955607414246,0.41998955607414246,0.7120031714439392,0.7275117039680481,-0.34438806772232056,0.5,0.11112082004547119,0.8888791799545288,95.9609375,3339952,
0.3713518977165222,0.32084202766418457,0.32084202766418457,0.32084202766418457,0.47152450680732727,0.7875558733940125,-0.6077066659927368,0.5,0.20292407274246216,0.7970759272575378,86.3388671875,3004950,
0.36391451954841614,0.29011911153793335,0.29011911153793335,0.29011911153793335,0.397788405418396,0.9148444533348083,-0.14616893231868744,0.5,0.2313712239265442,0.7686287760734558,82.9404296875,2886630,
0.44262048602104187,0.3917158544063568,0.3917158544063568,0.3917158544063568,0.5171240568161011,0.8559271097183228,-0.02924174815416336,0.5,0.13730019330978394,0.8626998066902161,84.8271484375,2952318,
0.31969353556632996,0.2260494828224182,0.2260494828224182,0.2260494828224182,0.3400000333786011,0.9402750134468079,-0.029689161106944084,0.5,0.2906949520111084,0.7093050479888916,79.1591796875,2754982,
0.034240029752254486,0.011056299321353436,0.011056299321353436,0.011056299321353436,0.06323066353797913,0.5415098667144775,-0.7130927443504333,0.5,0.48976266384124756,0.5102373361587524,78.166015625,2720404,
0.024325743317604065,0.020973969250917435,0.020973969250917435,0.020973969250917435,0.10450414568185806,0.23277299106121063,-0.8057066798210144,0.5,0.480579674243927,0.519420325756073,75.078125,2612896,
0.16734789311885834,0.13777175545692444,0.13777175545692444,0.13777175545692444,0.19908800721168518,0.8405724167823792,-0.5346974730491638,0.5,0.37243354320526123,0.6275664567947388,79.814453125,2777796,
0.1451423317193985,0.0761154294013977,0.0761154294013977,0.0761154294013977,-0.9891765117645264,-0.1467304676771164,0.0,0.5,0.4295227527618408,0.5704772472381592,62.130859375,2162124,
0.04588887095451355,0.038416408002376556,0.038416408002376556,0.038416408002376556,-0.9031111001968384,-0.05081198737025261,0.2517085671424866,0.5,0.46442925930023193,0.5355707406997681,63.7294921875,2217782,
0.04344938322901726,0.0018069986253976822,0.0018069986253976822,0.0018069986253976822,-0.8414801955223083,-0.051634468138217926,-0.3221689462661743,0.5,0.4983268976211548,0.5016731023788452,64.033203125,2228356,
0.22199037671089172,0.2237030416727066,0.2237030416727066,0.2237030416727066,-0.8645176291465759,-0.2567794620990753,0.25839734077453613,0.5,0.29286760091781616,0.7071323990821838,66.9423828125,2329642,
0.04344938322901726,0.03207267448306084,0.03207267448306084,0.03207267448306084,-0.8414801955223083,-0.051634468138217926,0.3221689462661743,0.5,0.47030311822891235,0.5296968817710876,67.998046875,2366396,
0.27745091915130615,0.22381998598575592,0.22381998598575592,0.22381998598575592,-0.7582507133483887,-0.365909218788147,0.3328999876976013,0.5,0.2927592992782593,0.7072407007217407,63.693359375,2216524,
0.12457787990570068,0.09070059657096863,0.09070059657096863,0.09070059657096863,-0.4963979721069336,-0.2509637176990509,-0.5486956834793091,0.5,0.416018009185791,0.583981990814209,58.8056640625,2046354,
0.01778503693640232,-0.010040778666734695,-0.010040778666734695,-0.010040778666734695,-0.3523560166358948,-0.0504746250808239,-0.6422455310821533,0.5,0.5092970132827759,0.4907029867172241,65.32421875,2273304,
0.27745091915130615,0.26275914907455444,0.26275914907455444,0.26275914907455444,-0.7582507133483887,-0.365909218788147,-0.3328999876976013,0.5,0.25670450925827026,0.7432954907417297,58.9384765625,2050978,
-0.01825142651796341,0.011038901284337044,0.011038901284337044,0.011038901284337044,0.11841089278459549,-0.15413637459278107,0.8191131949424744,0.5,0.4897788166999817,0.5102211833000183,72.3955078125,2519498,
-0.01333166565746069,0.00962926633656025,0.00962926633656025,0.00962926633656025,0.2591649293899536,-0.051440853625535965,0.8678950667381287,0.5,0.4910840392112732,0.5089159607887268,86.4326171875,3008214,
0.005531081464141607,-0.01099578756839037,-0.01099578756839037,-0.01099578756839037,-0.015135284513235092,-0.36544284224510193,0.7406924962997437,0.5,0.5101813077926636,0.4898186922073364,75.6328125,2632208,
-0.2688656151294708,-0.21752801537513733,-0.21752801537513733,-0.21752801537513733,0.5995798110961914,-0.4484234154224396,0.8774425983428955,0.5,0.7014148235321045,0.2985851764678955,101.361328125,3527972,
-0.1391860395669937,-0.14549867808818817,-0.14549867808818817,-0.14549867808818817,0.514069676399231,-0.27075326442718506,0.9099924564361572,0.5,0.634721040725708,0.3652789890766144,98.6455078125,3433418,
-0.34565895795822144,-0.2746639847755432,-0.2746639847755432,-0.2746639847755432,0.5777140855789185,-0.5983218550682068,0.7989593148231506,0.5,0.7543184757232666,0.2456815093755722,97.2802734375,3385886,
-0.1913849413394928,-0.13575872778892517,-0.13575872778892517,-0.13575872778892517,0.21329160034656525,-0.89729243516922,0.4410370886325836,0.5,0.6257025003433228,0.37429746985435486,78.2421875,2723056,
0.013238695450127125,0.03809240087866783,0.03809240087866783,0.03809240087866783,-0.014740189537405968,-0.8981360197067261,0.4025973677635193,0.5,0.46472930908203125,0.5352706909179688,70.69140625,2460168,
-0.21196669340133667,-0.13224932551383972,-0.13224932551383972,-0.13224932551383972,0.29575520753860474,-0.7166963815689087,0.6778831481933594,0.5,0.6224530935287476,0.37754693627357483,85.6181640625,2979858,
-0.42365148663520813,-0.3529333770275116,-0.3529333770275116,-0.3529333770275116,0.6089034676551819,-0.6957613229751587,-0.710740327835083,0.5,0.8267901539802551,0.17320984601974487,92.7021484375,3226494,
-0.5358868837356567,-0.4299899935722351,-0.4299899935722351,-0.4299899935722351,0.8571128249168396,-0.6252232789993286,-0.633753776550293,0.5,0.8981388807296753,0.1018611341714859,103.90234375,3616440,
-0.3713518977165222,-0.2764405310153961,-0.2764405310153961,-0.2764405310153961,0.47152450680732727,-0.7875558733940125,-0.6077066659927368,0.5,0.7559634447097778,0.24403655529022217,86.0771484375,2995838,
-0.2688656151294708,-0.2516477406024933,-0.2516477406024933,-0.2516477406024933,0.5995798110961914,-0.4484234154224396,-0.8774425983428955,0.5,0.7330071926116943,0.26699283719062805,102.2294921875,3558198,
-0.5299978256225586,-0.42200398445129395,-0.42200398445129395,-0.42200398445129395,0.8998557329177856,-0.5889808535575867,-0.6758902072906494,0.5,0.8907444477081299,0.1092555820941925,114.845703125,3997444,
-0.1391860395669937,-0.12123271077871323,-0.12123271077871323,-0.12123271077871323,0.514069676399231,-0.27075326442718506,-0.9099924564361572,0.5,0.6122524738311768,0.38774749636650085,108.849609375,3788684,
-0.06676878035068512,-0.018563270568847656,-0.018563270568847656,-0.018563270568847656,0.08222980797290802,-0.8119778633117676,-0.5434106588363647,0.5,0.5171881914138794,0.4828117787837982,69.2060546875,2408454,
-0.13588400185108185,-0.05449792742729187,-0.05449792742729187,-0.05449792742729187,0.1390724629163742,-0.9770733714103699,-0.18537448346614838,0.5,0.5504610538482666,0.4495389461517334,69.6708984375,2424638,
-0.10165373235940933,-0.06820749491453171,-0.06820749491453171,-0.06820749491453171,0.17330625653266907,-0.5865554809570312,-0.7274984121322632,0.5,0.5631550550460815,0.43684491515159607,80.853515625,2813972,
-0.15340428054332733,-0.09370685368776321,-0.09370685368776321,-0.09370685368776321,0.15574073791503906,-0.9849977493286133,0.08906140923500061,0.5,0.5867655873298645,0.4132344126701355,74.8115234375,2603614,
-0.0003827071632258594,0.04881095513701439,0.04881095513701439,0.04881095513701439,0.00040500229806639254,-0.9449505805969238,0.31243884563446045,0.5,0.4548046588897705,0.5451953411102295,72.376953125,2518852,
-0.31969353556632996,-0.2643996477127075,-0.2643996477127075,-0.2643996477127075,0.3400000333786011,-0.9402750134468079,0.029689161106944084,0.5,0.7448145151138306,0.2551855146884918,78.87890625,2745224,
-0.3138223886489868,-0.23463886976242065,-0.23463886976242065,-0.23463886976242065,0.37667766213417053,-0.8331324458122253,0.5477343201637268,0.5,0.7172582149505615,0.2827417850494385,85.9794921875,2992438,
-0.16734789311885834,-0.12994472682476044,-0.12994472682476044,-0.12994472682476044,0.19908800721168518,-0.8405724167823792,0.5346974730491638,0.5,0.6203191876411438,0.3796808123588562,78.5908203125,2735194,
-0.33453693985939026,-0.21830099821090698,-0.21830099821090698,-0.21830099821090698,0.4951155483722687,-0.6756744980812073,0.7357501983642578,0.5,0.7021305561065674,0.2978694438934326,89.17578125,3103720,
-0.44948288798332214,-0.29367050528526306,-0.29367050528526306,-0.29367050528526306,0.5295981764793396,-0.848724365234375,0.1459551900625229,0.5,0.7719171047210693,0.22808288037776947,84.390625,2937120,
-0.5025432705879211,-0.4370473325252533,-0.4370473325252533,-0.4370473325252533,0.6859174966812134,-0.7326585054397583,0.14390434324741364,0.5,0.9046734571456909,0.09532655775547028,89.1376953125,3102394,
-0.4633525311946869,-0.3294694721698761,-0.3294694721698761,-0.3294694721698761,0.5585903525352478,-0.8295032978057861,0.029156936332583427,0.5,0.80506432056427,0.19493567943572998,85.7373046875,2984006,
0.010566625744104385,0.03394339233636856,0.03394339233636856,0.03394339233636856,-0.044725850224494934,-0.23625321686267853,0.7538816928863525,0.5,0.46857088804244995,0.53142911195755,74.6083984375,2596542,
-0.024325743317604065,-0.00651898980140686,-0.00651898980140686,-0.00651898980140686,0.10450414568185806,-0.23277299106121063,0.8057066798210144,0.5,0.5060361623764038,0.4939638674259186,81.9189453125,2851066,
0.10060355067253113,0.10048921406269073,0.10048921406269073,0.10048921406269073,-0.21723416447639465,-0.4631110727787018,0.634061872959137,0.5,0.40695446729660034,0.5930455327033997,68.046875,2368096,
-0.034240029752254486,-0.029109084978699684,-0.029109084978699684,-0.029109084978699684,0.06323066353797913,-0.5415098667144775,0.7130927443504333,0.5,0.526952862739563,0.4730471670627594,78.8837890625,2745394,
-0.0415680967271328,-0.055173516273498535,-0.055173516273498535,-0.055173516273498535,0.146319180727005,-0.28409191966056824,0.8110118508338928,0.5,0.5510865449905396,0.44891342520713806,80.693359375,2808396,
-0.10483698546886444,-0.08528827875852585,-0.08528827875852585,-0.08528827875852585,0.1326667219400406,-0.7902281880378723,0.5785461664199829,0.5,0.5789706707000732,0.42102935910224915,78.5361328125,2733290,
0.18184950947761536,0.21236373484134674,0.21236373484134674,0.21236373484134674,-0.2297828644514084,-0.7913971543312073,0.4405149221420288,0.5,0.3033669590950012,0.6966330409049988,69.7626953125,2427834,
0.2131790667772293,0.16849491000175476,0.16849491000175476,0.16849491000175476,-0.220143124461174,-0.9683657884597778,0.09757940471172333,0.5,0.3439862132072449,0.6560137867927551,66.0576171875,2298838,
0.16565057635307312,0.121071957051754,0.121071957051754,0.121071957051754,-0.2754582464694977,-0.6013636589050293,0.5507691502571106,0.5,0.3878963589668274,0.6121036410331726,67.1875,2338176,
-0.5029510855674744,-0.3674130439758301,-0.3674130439758301,-0.3674130439758301,0.8537349104881287,-0.5891185998916626,0.36320021748542786,0.5,0.8401972651481628,0.15980274975299835,106.9013671875,3720854,
-0.4939395785331726,-0.3937302827835083,-0.3937302827835083,-0.3937302827835083,0.8971843123435974,-0.5505441427230835,0.4173867702484131,0.5,0.8645650744438171,0.13543494045734406,107.6728515625,3747714,
-0.5187315344810486,-0.3744150698184967,-0.3744150698184967,-0.3744150698184967,0.7840284705162048,-0.6616233587265015,0.3406205177307129,0.5,0.8466806411743164,0.15331938862800598,93.4892578125,3253898,
-0.2493143528699875,-0.20051723718643188,-0.20051723718643188,-0.20051723718643188,1.0314218997955322,-0.2417190819978714,0.362263023853302,0.5,0.6856640577316284,0.3143359124660492,114.7138671875,3992854,
-0.051662202924489975,-0.036987219005823135,-0.036987219005823135,-0.036987219005823135,1.0590611696243286,-0.0487811304628849,0.3533087372779846,0.5,0.5342474579811096,0.4657525420188904,117.962890625,4105972,
-0.3260584771633148,-0.2727658748626709,-0.2727658748626709,-0.2727658748626709,0.9856095314025879,-0.33081912994384766,0.30327174067497253,0.5,0.7525609731674194,0.24743901193141937,106.8037109375,3717454,
-0.35142451524734497,-0.2636510133743286,-0.2636510133743286,-0.2636510133743286,0.9351307153701782,-0.37580254673957825,0.13574740290641785,0.5,0.7441213130950928,0.2558786869049072,100.109375,3484384,
-0.2341209203004837,-0.15143480896949768,-0.15143480896949768,-0.15143480896949768,0.9708424806594849,-0.2411523312330246,0.027070745825767517,0.5,0.6402174234390259,0.3597825765609741,104.037109375,3621132,
-0.4438672661781311,-0.38992851972579956,-0.38992851972579956,-0.38992851972579956,0.8780595064163208,-0.5055093169212341,0.19205161929130554,0.5,0.8610448837280273,0.13895508646965027,106.6630859375,3712558,
0.0,0.020924584940075874,0.020924584940075874,0.020924584940075874,0.9831053018569946,0.0,0.9998618960380554,0.5,0.4806253910064697,0.5193746089935303,134.1328125,4668944,
-0.22350208461284637,-0.16708186268806458,-0.16708186268806458,-0.16708186268806458,1.1572322845458984,-0.19313502311706543,0.9448522329330444,0.5,0.6547054052352905,0.3452945649623871,145.6181640625,5068818,
0.2957732677459717,0.2685292065143585,0.2685292065143585,0.2685292065143585,1.1352609395980835,0.26053330302238464,0.9228954911231995,0.5,0.2513618469238281,0.7486381530761719,143.1298828125,4982186,
-0.13200584053993225,-0.11242040246725082,-0.11242040246725082,-0.11242040246725082,0.7621400356292725,-0.1732041835784912,0.968913733959198,0.5,0.6040929555892944,0.39590704441070557,113.833984375,3962220,
-0.2957732677459717,-0.17859713733196259,-0.17859713733196259,-0.17859713733196259,1.1352609395980835,-0.26053330302238464,0.9228954911231995,0.5,0.6653677225112915,0.3346322774887085,146.0927734375,5085342,
-0.11601870507001877,-0.12248720973730087,-0.12248720973730087,-0.12248720973730087,0.5470566749572754,-0.2120780348777771,0.926395058631897,0.5,0.6134140491485596,0.38658592104911804,104.20703125,3627048,
0.2688656151294708,0.2807783782482147,0.2807783782482147,0.2807783782482147,0.5995798110961914,0.4484234154224396,0.8774425983428955,0.5,0.2400200366973877,0.7599799633026123,104.07421875,3622424,
0.5299978256225586,0.46518367528915405,0.46518367528915405,0.46518367528915405,0.8998557329177856,0.5889808535575867,0.6758902072906494,0.5,0.06927436590194702,0.930725634098053,110.787109375,3856140,
0.11601870507001877,0.10666162520647049,0.10666162520647049,0.10666162520647049,0.5470566749572754,0.2120780348777771,0.926395058631897,0.5,0.401239275932312,0.598760724067688,101.8427734375,3544734,
0.02606782503426075,0.037744369357824326,0.037744369357824326,0.037744369357824326,-0.17187203466892242,-0.1516699641942978,0.7147486209869385,0.5,0.465051531791687,0.534948468208313,70.9697265625,2469858,
0.11351310461759567,0.11353009194135666,0.11353009194135666,0.11353009194135666,-0.2607363760471344,-0.4353558421134949,0.6234573125839233,0.5,0.3948795199394226,0.6051204800605774,65.845703125,2291460,
0.01414074283093214,0.007086676079779863,0.007086676079779863,0.007086676079779863,-0.2795584499835968,-0.05058242008090019,0.6753960847854614,0.5,0.4934382438659668,0.5065617561340332,67.7333984375,2357182,
0.30670255422592163,0.254008024930954,0.254008024930954,0.254008024930954,-0.4673803150653839,-0.6562162637710571,0.4086249768733978,0.5,0.26480740308761597,0.735192596912384,65.37890625,2275208,
0.18463771045207977,0.13689091801643372,0.13689091801643372,0.13689091801643372,-0.32304200530052185,-0.5715594291687012,0.5416306257247925,0.5,0.3732491135597229,0.6267508864402771,69.396484375,2415084,
0.3696855306625366,0.3101745545864105,0.3101745545864105,0.3101745545864105,-0.586115300655365,-0.6307385563850403,0.3364068269729614,0.5,0.21280139684677124,0.7871986031532288,63.6318359375,2214382,
0.12457787990570068,0.11881231516599655,0.11881231516599655,0.11881231516599655,-0.4963979721069336,-0.2509637176990509,0.5486956834793091,0.5,0.38998860120773315,0.6100113987922668,58.8984375,2049584,
0.2518173158168793,0.21868272125720978,0.21868272125720978,0.21868272125720978,-0.6871365904808044,-0.3664734661579132,0.39441075921058655,0.5,0.2975160479545593,0.7024839520454407,62.748046875,2183612,
0.01778503693640232,-0.05116456747055054,-0.05116456747055054,-0.05116456747055054,-0.3523560166358948,-0.0504746250808239,0.6422455310821533,0.5,0.5473746061325073,0.4526253938674927,66.3173828125,2307882,
-0.010566625744104385,0.002883381675928831,0.002883381675928831,0.002883381675928831,-0.044725850224494934,0.23625321686267853,0.7538816928863525,0.5,0.4973301887512207,0.5026698112487793,72.974609375,2539660,
-0.04265949875116348,-0.04941638559103012,-0.04941638559103012,-0.04941638559103012,-0.18530872464179993,0.23020772635936737,0.7002923488616943,0.5,0.545755922794342,0.45424407720565796,67.76171875,2358168,
0.024325743317604065,0.027710817754268646,0.027710817754268646,0.027710817754268646,0.10450414568185806,0.23277299106121063,0.8057066798210144,0.5,0.47434186935424805,0.525658130645752,80.2646484375,2793470,
-0.30670255422592163,-0.31653979420661926,-0.31653979420661926,-0.31653979420661926,-0.4673803150653839,0.6562162637710571,0.4086249768733978,0.5,0.7930923700332642,0.20690761506557465,63.201171875,2199388,
-0.45165640115737915,-0.4105730354785919,-0.4105730354785919,-0.4105730354785919,-0.5467398762702942,0.8260900974273682,0.09418770670890808,0.5,0.8801602125167847,0.11983979493379593,62.6435546875,2179974,
-0.16565057635307312,-0.10445726662874222,-0.10445726662874222,-0.10445726662874222,-0.2754582464694977,0.6013636589050293,0.5507691502571106,0.5,0.5967196822166443,0.4032803177833557,69.025390625,2402164,
0.06676878035068512,0.07641647011041641,0.07641647011041641,0.07641647011041641,0.08222980797290802,0.8119778633117676,0.5434106588363647,0.5,0.4292439818382263,0.5707560181617737,79.1181640625,2753554,
0.18678420782089233,0.16474343836307526,0.16474343836307526,0.16474343836307526,0.193571999669075,0.9649340510368347,0.21815647184848785,0.5,0.3474597930908203,0.6525402069091797,76.154296875,2650364,
0.07218898832798004,0.033358942717313766,0.033358942717313766,0.033358942717313766,0.11767623573541641,0.613454282283783,0.6979666352272034,0.5,0.4691120982170105,0.5308879017829895,79.607421875,2770588,
0.20813851058483124,0.2434857189655304,0.2434857189655304,0.2434857189655304,1.2207974195480347,0.17049390077590942,0.84214186668396,0.5,0.27455025911331177,0.7254497408866882,142.8056640625,4970898,
0.06103666126728058,0.023238271474838257,0.023238271474838257,0.023238271474838257,0.9809620380401611,0.0622212253510952,0.9979504942893982,0.5,0.47848308086395264,0.5215169191360474,131.9052734375,4591390,
0.07005790621042252,0.0490451343357563,0.0490451343357563,0.0490451343357563,1.2394263744354248,0.05652445927262306,0.8084102272987366,0.5,0.45458781719207764,0.5454121828079224,146.4853515625,5099010,
0.268307626247406,0.24085679650306702,0.24085679650306702,0.24085679650306702,0.8913998603820801,0.3009958267211914,0.9534614086151123,0.5,0.27698445320129395,0.723015546798706,123.60546875,4302424,
0.051008716225624084,0.0659366250038147,0.0659366250038147,0.0659366250038147,0.8816512227058411,0.057855889201164246,0.9928770065307617,0.5,0.43894755840301514,0.5610524415969849,125.8291015625,4379842,
0.29190295934677124,0.23955467343330383,0.23955467343330383,0.23955467343330383,0.7230390906333923,0.40371671319007874,0.9090332388877869,0.5,0.27819007635116577,0.7218099236488342,113.1767578125,3939338,
0.29688528180122375,0.25417715311050415,0.25417715311050415,0.25417715311050415,1.147028923034668,0.258829802274704,0.6762763857841492,0.5,0.264650821685791,0.735349178314209,131.529296875,4578300,
0.061114322394132614,0.06382142752408981,0.06382142752408981,0.06382142752408981,1.1605820655822754,0.052658338099718094,0.6051667332649231,0.5,0.4409061074256897,0.5590938925743103,130.0625,4527232,
0.06841804832220078,0.042315524071455,0.042315524071455,0.042315524071455,1.2093430757522583,0.05657455697655678,0.7181968688964844,0.5,0.46081894636154175,0.5391810536384583,138.7119140625,4828370,
0.42365148663520813,0.3221089243888855,0.3221089243888855,0.3221089243888855,0.6089034676551819,0.6957613229751587,0.710740327835083,0.5,0.2017509937286377,0.7982490062713623,100.36328125,3493224,
0.5358868837356567,0.4477238655090332,0.4477238655090332,0.4477238655090332,0.8571128249168396,0.6252232789993286,0.633753776550293,0.5,0.08544087409973145,0.9145591259002686,115.4345703125,4017946,
0.3713518977165222,0.30220508575439453,0.30220508575439453,0.30220508575439453,0.47152450680732727,0.7875558733940125,0.6077066659927368,0.5,0.22018051147460938,0.7798194885253906,88.7412109375,3088590,
0.10866464674472809,0.10324134677648544,0.10324134677648544,0.10324134677648544,0.42425116896629333,0.2561328113079071,0.8922522068023682,0.5,0.40440618991851807,0.5955938100814819,95.16015625,3312072,
0.2516564130783081,0.19113948941230774,0.19113948941230774,0.19113948941230774,0.6311116814613342,0.39875102043151855,0.8995891213417053,0.5,0.32301896810531616,0.6769810318946838,102.49609375,3567480,
0.017169702798128128,0.001457671751268208,0.001457671751268208,0.001457671751268208,0.3336353600025177,0.051462478935718536,0.8885496258735657,0.5,0.49865031242370605,0.501349687576294,83.509765625,2906452,
0.24093858897686005,0.1770031601190567,0.1770031601190567,0.1770031601190567,0.34843000769615173,0.691497802734375,0.7064860463142395,0.5,0.3361082077026367,0.6638917922973633,83.2119140625,2896082,
0.10165373235940933,0.07171714305877686,0.07171714305877686,0.07171714305877686,0.17330625653266907,0.5865554809570312,0.7274984121322632,0.5,0.4335952401161194,0.5664047598838806,82.634765625,2875988,
0.45032137632369995,0.3719278872013092,0.3719278872013092,0.3719278872013092,0.543063759803772,0.8292237520217896,0.42670270800590515,0.5,0.15562230348587036,0.8443776965141296,92.078125,3204768,
0.5029510855674744,0.40750762820243835,0.40750762820243835,0.40750762820243835,0.8537349104881287,0.5891185998916626,0.36320021748542786,0.5,0.12267816066741943,0.8773218393325806,107.5419921875,3743158,
0.5187315344810486,0.3936977982521057,0.3936977982521057,0.3936977982521057,0.7840284705162048,0.6616233587265015,0.3406205177307129,0.5,0.13546502590179443,0.8645349740982056,95.2236328125,3314282,
0.4939395785331726,0.433475524187088,0.433475524187088,0.433475524187088,0.8971843123435974,0.5505441427230835,0.4173867702484131,0.5,0.0986337661743164,0.9013662338256836,111.5244140625,3881810,
0.4799572229385376,0.3847271800041199,0.3847271800041199,0.3847271800041199,0.8167763948440552,0.5876237750053406,0.1423378735780716,0.5,0.14377117156982422,0.8562288284301758,95.9248046875,3338694,
0.46108919382095337,0.36300480365753174,0.36300480365753174,0.36300480365753174,0.8332744240760803,0.5533461570739746,0.028434421867132187,0.5,0.1638844609260559,0.8361155390739441,95.55078125,3325672,
0.4438672661781311,0.3690735399723053,0.3690735399723053,0.3690735399723053,0.8780595064163208,0.5055093169212341,0.19205161929130554,0.5,0.15826523303985596,0.841734766960144,98.6015625,3431888,
0.15112106502056122,0.11161509901285172,0.11161509901285172,0.11161509901285172,1.036393404006958,0.14581438899040222,0.31276530027389526,0.5,0.3966526985168457,0.6033473014831543,112.8681640625,3928594,
0.051662202924489975,0.011945748701691628,0.011945748701691628,0.011945748701691628,1.0590611696243286,0.0487811304628849,0.3533087372779846,0.5,0.48893916606903076,0.5110608339309692,112.828125,3927200,
0.23824581503868103,0.17634709179401398,0.17634709179401398,0.17634709179401398,1.0013381242752075,0.23792743682861328,0.2511979341506958,0.5,0.3367156982421875,0.6632843017578125,107.7060546875,3748870,
-0.1451423317193985,-0.15333913266658783,-0.15333913266658783,-0.15333913266658783,-0.1467304676771164,0.9891765117645264,0.0,0.5,0.6419806480407715,0.35801932215690613,67.0400390625,2333042,
-0.09656190127134323,-0.09553693979978561,-0.09553693979978561,-0.09553693979978561,-0.1024894267320633,0.9421645402908325,0.2815746068954468,0.5,0.5884601473808289,0.41153985261917114,64.6923828125,2251306,
-0.09656190127134323,-0.10735450685024261,-0.10735450685024261,-0.10735450685024261,-0.1024894267320633,0.9421645402908325,-0.2815746068954468,0.5,0.5994023084640503,0.4005976617336273,67.044921875,2333212,
-0.2685376703739166,-0.2081538885831833,-0.2081538885831833,-0.2081538885831833,-0.30570825934410095,0.878411591053009,0.282465398311615,0.5,0.6927350759506226,0.30726492404937744,64.6787109375,2250830,
-0.10638230293989182,-0.10357503592967987,-0.10357503592967987,-0.10357503592967987,-0.11911919713020325,0.8930743932723999,0.3699752390384674,0.5,0.5959028005599976,0.40409716963768005,71.7353515625,2496514,
-0.3189798891544342,-0.3050207793712616,-0.3050207793712616,-0.3050207793712616,-0.4190574288368225,0.7611842155456543,0.3532824218273163,0.5,0.782426655292511,0.2175733596086502,63.740234375,2218156,
-0.15050047636032104,-0.15362878143787384,-0.15362878143787384,-0.15362878143787384,-0.31125447154045105,0.4835287034511566,-0.5838643908500671,0.5,0.6422488689422607,0.35775116086006165,63.048828125,2194084,
-0.02869090810418129,-0.04361506178975105,-0.04361506178975105,-0.04361506178975105,-0.10017812997102737,0.28639891743659973,-0.725220799446106,0.5,0.5403842926025391,0.45961567759513855,72.6083984375,2526910,
-0.3189798891544342,-0.29333990812301636,-0.29333990812301636,-0.29333990812301636,-0.4190574288368225,0.7611842155456543,-0.3532824218273163,0.5,0.7716110348701477,0.2283889800310135,66.1689453125,2302714,
-0.4201586842536926,-0.37110763788223267,-0.37110763788223267,-0.37110763788223267,-0.6597719192504883,0.6368241310119629,0.2582584023475647,0.5,0.8436181545257568,0.15638183057308197,64.57421875,2247192,
-0.4698812663555145,-0.4304235875606537,-0.4304235875606537,-0.4304235875606537,-0.5912110209465027,0.7947775721549988,0.09262669086456299,0.5,0.8985403180122375,0.10145965963602066,63.439453125,2207684,
-0.32895100116729736,-0.2430766224861145,-0.2430766224861145,-0.2430766224861145,-0.7097659707069397,0.46346405148506165,0.3334757089614868,0.5,0.7250709533691406,0.27492907643318176,65.5810546875,2282246,
-0.15050047636032104,-0.14986108243465424,-0.14986108243465424,-0.14986108243465424,-0.31125447154045105,0.4835287034511566,0.5838643908500671,0.5,0.6387602686882019,0.3612397313117981,60.9130859375,2119726,
-0.28926119208335876,-0.259971022605896,-0.259971022605896,-0.259971022605896,-0.42321494221687317,0.6834853291511536,0.41832277178764343,0.5,0.740713894367218,0.259286105632782,58.501953125,2035780,
-0.06734542548656464,-0.03562470152974129,-0.03562470152974129,-0.03562470152974129,-0.2401191145181656,0.2804667353630066,0.6692747473716736,0.5,0.5329858064651489,0.4670141935348511,70.0,2436096,
-0.12457787990570068,-0.12074955552816391,-0.12074955552816391,-0.12074955552816391,-0.4963979721069336,0.2509637176990509,0.5486956834793091,0.5,0.6118051409721375,0.38819485902786255,61.9482421875,2155766,
-0.060719963163137436,-0.06564893573522568,-0.06564893573522568,-0.06564893573522568,-0.3004845380783081,0.20207349956035614,0.6543653011322021,0.5,0.5607860684394836,0.43921393156051636,69.10546875,2404952,
-0.2518173158168793,-0.26102450489997864,-0.26102450489997864,-0.26102450489997864,-0.6871365904808044,0.3664734661579132,0.39441075921058655,0.5,0.7416893243789673,0.2583106458187103,69.65234375,2423992,
0.01825142651796341,-0.011754659935832024,-0.011754659935832024,-0.011754659935832024,0.11841089278459549,0.15413637459278107,-0.8191131949424744,0.5,0.5108839273452759,0.4891160726547241,80.1708984375,2790206,
0.01333166565746069,0.047117918729782104,0.047117918729782104,0.047117918729782104,0.2591649293899536,0.051440853625535965,-0.8678950667381287,0.5,0.45637232065200806,0.5436276793479919,82.3203125,2865040,
0.05466914921998978,0.0352407805621624,0.0352407805621624,0.0352407805621624,0.12438898533582687,0.4395015239715576,-0.7681296467781067,0.5,0.4673696756362915,0.5326303243637085,77.013671875,2680284,
0.10866464674472809,0.12809859216213226,0.12809859216213226,0.12809859216213226,0.42425116896629333,0.2561328113079071,-0.8922522068023682,0.5,0.38139015436172485,0.6186098456382751,95.115234375,3310508,
0.017169702798128128,0.07048407196998596,0.07048407196998596,0.07048407196998596,0.3336353600025177,0.051462478935718536,-0.8885496258735657,0.5,0.434736967086792,0.565263032913208,92.0703125,3204496,
0.2516564130783081,0.2107369303703308,0.2107369303703308,0.2107369303703308,0.6311116814613342,0.39875102043151855,-0.8995891213417053,0.5,0.3048732280731201,0.6951267719268799,103.7890625,3612496,
0.24093858897686005,0.16124862432479858,0.16124862432479858,0.16124862432479858,0.34843000769615173,0.691497802734375,-0.7064860463142395,0.5,0.35069572925567627,0.6493042707443237,84.5029296875,2941030,
0.33453693985939026,0.27154240012168884,0.27154240012168884,0.27154240012168884,0.4951155483722687,0.6756744980812073,-0.7357501983642578,0.5,0.24857187271118164,0.7514281272888184,92.9951171875,3236694,
0.10165373235940933,0.06787040829658508,0.06787040829658508,0.06787040829658508,0.17330625653266907,0.5865554809570312,-0.7274984121322632,0.5,0.4371569752693176,0.5628430247306824,78.7333984375,2740158,
-0.1451423317193985,-0.11462417989969254,-0.11462417989969254,-0.11462417989969254,0.1467304676771164,-0.9891765117645264,0.0,0.5,0.6061334609985352,0.39386650919914246,76.2919921875,2655158,
-0.19935837388038635,-0.1452391892671585,-0.1452391892671585,-0.1452391892671585,0.20415227115154266,-0.9765180349349976,0.08885928243398666,0.5,0.6344807147979736,0.36551928520202637,76.5400390625,2663794,
-0.24559907615184784,-0.21244123578071594,-0.21244123578071594,-0.21244123578071594,0.25495579838752747,-0.9633005857467651,-0.11825819313526154,0.5,0.6967048645019531,0.30329516530036926,74.865234375,2605484,
-0.360250860452652,-0.2527869641780853,-0.2527869641780853,-0.2527869641780853,0.3919885456562042,-0.9190341830253601,0.08771120756864548,0.5,0.7340619564056396,0.26593801379203796,77.310546875,2690620,
-0.24559907615184784,-0.1537555456161499,-0.1537555456161499,-0.1537555456161499,0.25495579838752747,-0.9633005857467651,0.11825819313526154,0.5,0.6423662304878235,0.3576337695121765,73.490234375,2557612,
-0.44262048602104187,-0.3819785416126251,-0.3819785416126251,-0.3819785416126251,0.5171240568161011,-0.8559271097183228,0.02924174815416336,0.5,0.8536838293075562,0.14631618559360504,82.3740234375,2866910,
-0.4904158115386963,-0.36459919810295105,-0.36459919810295105,-0.36459919810295105,0.6201357841491699,-0.7908200621604919,-0.23085527122020721,0.5,0.837591826915741,0.16240815818309784,88.23046875,3070808,
-0.478730708360672,-0.3380334973335266,-0.3380334973335266,-0.3380334973335266,0.5888120532035828,-0.8130450248718262,-0.3176230192184448,0.5,0.8129940032958984,0.18700602650642395,86.552734375,3012396,
-0.5025432705879211,-0.38469842076301575,-0.38469842076301575,-0.38469842076301575,0.6859174966812134,-0.7326585054397583,-0.14390434324741364,0.5,0.856202244758606,0.14379777014255524,93.3837890625,3250226,
-0.5014804601669312,-0.3720301389694214,-0.3720301389694214,-0.3720301389694214,0.7148695588111877,-0.7014992833137512,0.08622580021619797,0.5,0.844472348690033,0.15552766621112823,89.853515625,3127316,
-0.4836542308330536,-0.415884792804718,-0.415884792804718,-0.415884792804718,0.6076965928077698,-0.7958810925483704,0.1161053478717804,0.5,0.885078489780426,0.11492150276899338,82.064453125,2856132,
-0.47781386971473694,-0.3729890286922455,-0.3729890286922455,-0.3729890286922455,0.8052246570587158,-0.593392014503479,0.028663355857133865,0.5,0.8453602194786072,0.15463979542255402,92.3115234375,3212894,
-0.4904158115386963,-0.3893834948539734,-0.3893834948539734,-0.3893834948539734,0.6201357841491699,-0.7908200621604919,0.23085527122020721,0.5,0.8605402708053589,0.1394597440958023,90.13671875,3137176,
-0.46959537267684937,-0.3585066795349121,-0.3585066795349121,-0.3585066795349121,0.5708770155906677,-0.8225858807563782,0.1453370302915573,0.5,0.8319506049156189,0.1680493801832199,83.703125,2913184,
-0.478730708360672,-0.3337371349334717,-0.3337371349334717,-0.3337371349334717,0.5888120532035828,-0.8130450248718262,0.3176230192184448,0.5,0.8090158700942993,0.19098414480686188,90.619140625,3153972,
-0.4799572229385376,-0.40433841943740845,-0.40433841943740845,-0.40433841943740845,0.8167763948440552,-0.5876237750053406,0.1423378735780716,0.5,0.8743873834609985,0.12561258673667908,92.6455078125,3224522,
-0.46580973267555237,-0.3603832721710205,-0.3603832721710205,-0.3603832721710205,0.8522234559059143,-0.5465816855430603,0.19375520944595337,0.5,0.8336881995201111,0.16631180047988892,102.2431640625,3558674,
-0.46108919382095337,-0.35565200448036194,-0.35565200448036194,-0.35565200448036194,0.8332744240760803,-0.5533461570739746,0.028434421867132187,0.5,0.8293073773384094,0.17069260776042938,97.2294921875,3384118,
-0.15883731842041016,-0.1628093719482422,-0.1628093719482422,-0.1628093719482422,1.0856692790985107,-0.14630359411239624,-0.45564645528793335,0.5,0.6507494449615479,0.34925058484077454,129.4150390625,4504690,
-0.2264413833618164,-0.17312735319137573,-0.17312735319137573,-0.17312735319137573,1.1069636344909668,-0.20456081628799438,-0.5374550819396973,0.5,0.6603031158447266,0.3396969139575958,114.552734375,3987244,
-0.05226140469312668,-0.09645410627126694,-0.09645410627126694,-0.09645410627126694,1.0687147378921509,-0.04890117421746254,-0.3817804157733917,0.5,0.5893093347549438,0.41069063544273376,112.3798828125,3911594,
-0.40288621187210083,-0.3857623040676117,-0.3857623040676117,-0.3857623040676117,1.0345548391342163,-0.3894295394420624,-0.5310258269309998,0.5,0.8571872711181641,0.14281269907951355,112.451171875,3914076,
-0.2817382514476776,-0.19980084896087646,-0.19980084896087646,-0.19980084896087646,1.1030901670455933,-0.2554081678390503,-0.5632931590080261,0.5,0.6850007772445679,0.31499922275543213,123.96875,4315072,
-0.49299919605255127,-0.4627230763435364,-0.4627230763435364,-0.4627230763435364,0.9548564553260803,-0.5163071155548096,-0.5346289873123169,0.5,0.9284472465515137,0.07155272364616394,116.4853515625,4054530,
-0.2493143528699875,-0.19107775390148163,-0.19107775390148163,-0.19107775390148163,1.0314218997955322,-0.2417190819978714,-0.362263023853302,0.5,0.6769238710403442,0.32307615876197815,116.4697265625,4053986,
-0.3293765187263489,-0.25295042991638184,-0.25295042991638184,-0.25295042991638184,0.9929503202438354,-0.33171501755714417,-0.3309459984302521,0.5,0.7342133522033691,0.26578664779663086,117.25,4081152,
-0.051662202924489975,-0.027008337900042534,-0.027008337900042534,-0.027008337900042534,1.0590611696243286,-0.0487811304628849,-0.3533087372779846,0.5,0.5250077247619629,0.4749922752380371,113.505859375,3950796,
0.0,-0.03661015257239342,-0.03661015257239342,-0.03661015257239342,1.0042033195495605,0.0,0.09178421646356583,0.5,0.5338982343673706,0.466101735830307,100.884765625,3511380,
-0.14208950102329254,-0.14026084542274475,-0.14026084542274475,-0.14026084542274475,0.9957726001739502,-0.1426927149295807,0.11034265160560608,0.5,0.629871129989624,0.3701288402080536,105.7998046875,3682502,
0.14208950102329254,0.047991588711738586,0.047991588711738586,0.047991588711738586,0.9957726001739502,0.1426927149295807,0.11034265160560608,0.5,0.45556336641311646,0.5444366335868835,105.607421875,3675804,
-0.14560620486736298,-0.09931424260139465,-0.09931424260139465,-0.09931424260139465,1.015321135520935,-0.14340901374816895,0.22934240102767944,0.5,0.5919576287269592,0.40804237127304077,101.4013671875,3529366,
-0.18804600834846497,-0.10922262817621231,-0.10922262817621231,-0.10922262817621231,0.9909670948982239,-0.18976008892059326,0.13679535686969757,0.5,0.6011320352554321,0.3988679349422455,100.59765625,3501384,
-0.19815798103809357,-0.12535151839256287,-0.12535151839256287,-0.12535151839256287,1.026930809020996,-0.19296137988567352,0.3095880150794983,0.5,0.6160662174224854,0.38393378257751465,105.134765625,3659348,
0.14560620486736298,0.11083566397428513,0.11083566397428513,0.11083566397428513,1.015321135520935,0.14340901374816895,0.22934240102767944,0.5,0.39737439155578613,0.6026256084442139,108.7197265625,3784162,
0.19815798103809357,0.12626321613788605,0.12626321613788605,0.12626321613788605,1.026930809020996,0.19296137988567352,0.3095880150794983,0.5,0.38308966159820557,0.6169103384017944,113.0634765625,3935394,
0.18804600834846497,0.13829146325588226,0.13829146325588226,0.13829146325588226,0.9909670948982239,0.18976008892059326,0.13679535686969757,0.5,0.3719523549079895,0.6280476450920105,102.48046875,3566936,
-0.15883731842041016,-0.14056730270385742,-0.14056730270385742,-0.14056730270385742,1.0856692790985107,-0.14630359411239624,0.45564645528793335,0.5,0.6301549077033997,0.36984509229660034,114.64453125,3990440,
-0.05226140469312668,0.018469519913196564,0.018469519913196564,0.018469519913196564,1.0687147378921509,-0.04890117421746254,0.3817804157733917,0.5,0.4828985929489136,0.5171014070510864,119.751953125,4168260,
-0.2264413833618164,-0.18078136444091797,-0.18078136444091797,-0.18078136444091797,1.1069636344909668,-0.20456081628799438,0.5374550819396973,0.5,0.6673901081085205,0.3326098620891571,124.1494140625,4321362,
-0.3705027401447296,-0.2883812189102173,-0.2883812189102173,-0.2883812189102173,0.9823914170265198,-0.3771437108516693,0.3582087755203247,0.5,0.7670196294784546,0.2329803705215454,110.759765625,3855188,
-0.2460232526063919,-0.19668006896972656,-0.19668006896972656,-0.19668006896972656,1.0230791568756104,-0.24047333002090454,0.3344687521457672,0.5,0.6821111440658569,0.3178888261318207,110.4013671875,3842710,
-0.47218385338783264,-0.3766174912452698,-0.3766174912452698,-0.3766174912452698,0.9257930517196655,-0.5100317597389221,0.4155280292034149,0.5,0.8487198948860168,0.15128012001514435,107.9912109375,3758798,
-0.40288621187210083,-0.29258406162261963,-0.29258406162261963,-0.29258406162261963,1.0345548391342163,-0.3894295394420624,0.5310258269309998,0.5,0.7709111571311951,0.22908884286880493,113.876953125,3963716,
-0.42520272731781006,-0.3255813717842102,-0.3255813717842102,-0.3255813717842102,0.993391215801239,-0.4280315041542053,0.4716682732105255,0.5,0.8014642000198364,0.19853578507900238,115.9599609375,4036238,
-0.2817382514476776,-0.2009650319814682,-0.2009650319814682,-0.2009650319814682,1.1030901670455933,-0.2554081678390503,0.5632931590080261,0.5,0.6860787272453308,0.3139212727546692,123.150390625,4286580,
0.15883731842041016,0.12051579356193542,0.12051579356193542,0.12051579356193542,1.0856692790985107,0.14630359411239624,0.45564645528793335,0.5,0.38841134309768677,0.6115886569023132,114.6923828125,3992106,
0.3641328811645508,0.34007972478866577,0.34007972478866577,0.34007972478866577,1.0562108755111694,0.3447539508342743,0.5314795970916748,0.5,0.185111403465271,0.814888596534729,114.9130859375,3999790,
0.05226140469312668,0.024891816079616547,0.024891816079616547,0.024891816079616547,1.0687147378921509,0.04890117421746254,0.3817804157733917,0.5,0.4769520163536072,0.5230479836463928,114.2041015625,3975106,
0.2884022295475006,0.25661924481391907,0.25661924481391907,0.25661924481391907,1.1138168573379517,0.2589314579963684,0.5923482179641724,0.5,0.26238954067230225,0.7376104593276978,125.42578125,4365800,
0.3706136643886566,0.2944416105747223,0.2944416105747223,0.2944416105747223,1.0658403635025024,0.347719669342041,0.5606635808944702,0.5,0.22736889123916626,0.7726311087608337,121.6962890625,4235954,
0.06022567301988602,0.016194283962249756,0.016194283962249756,0.016194283962249756,1.1483252048492432,0.052446529269218445,0.5777568817138672,0.5,0.48500531911849976,0.5149946808815002,127.033203125,4421764,
0.3705027401447296,0.36463168263435364,0.36463168263435364,0.36463168263435364,0.9823914170265198,0.3771437108516693,0.3582087755203247,0.5,0.16237807273864746,0.8376219272613525,109.38671875,3807384,
0.47218385338783264,0.328096866607666,0.328096866607666,0.328096866607666,0.9257930517196655,0.5100317597389221,0.4155280292034149,0.5,0.19620662927627563,0.8037933707237244,106.5517578125,3708682,
0.2460232526063919,0.16215559840202332,0.16215559840202332,0.16215559840202332,1.0230791568756104,0.24047333002090454,0.3344687521457672,0.5,0.3498559594154358,0.6501440405845642,111.796875,3891296,
-0.15340428054332733,-0.0844181478023529,-0.0844181478023529,-0.0844181478023529,0.15574073791503906,-0.9849977493286133,-0.08906140923500061,0.5,0.5781649351119995,0.4218350648880005,73.7470703125,2566554,
-0.19423022866249084,-0.13109952211380005,-0.13109952211380005,-0.13109952211380005,0.19821688532829285,-0.9798874258995056,-0.02963249944150448,0.5,0.6213884353637695,0.37861156463623047,73.5595703125,2560026,
-0.1477200984954834,-0.07272636890411377,-0.07272636890411377,-0.07272636890411377,0.16204869747161865,-0.9115784764289856,-0.41106778383255005,0.5,0.5673392415046692,0.4326607584953308,69.7255859375,2426542,
-0.36391451954841614,-0.318537175655365,-0.318537175655365,-0.318537175655365,0.397788405418396,-0.9148444533348083,-0.14616893231868744,0.5,0.794941782951355,0.20505818724632263,85.8193359375,2986862,
-0.24342216551303864,-0.2113267481327057,-0.2113267481327057,-0.2113267481327057,0.25208285450935364,-0.9656434655189514,-0.08896367996931076,0.5,0.695672869682312,0.3043271005153656,75.4765625,2626768,
-0.44262048602104187,-0.3710257411003113,-0.3710257411003113,-0.3710257411003113,0.5171240568161011,-0.8559271097183228,-0.02924174815416336,0.5,0.8435423374176025,0.15645766258239746,85.6396484375,2980606,
-0.3138223886489868,-0.19061022996902466,-0.19061022996902466,-0.19061022996902466,0.37667766213417053,-0.8331324458122253,-0.5477343201637268,0.5,0.6764909029006958,0.3235090672969818,85.7705078125,2985162,
-0.45032137632369995,-0.33984360098838806,-0.33984360098838806,-0.33984360098838806,0.543063759803772,-0.8292237520217896,-0.42670270800590515,0.5,0.8146699666976929,0.18533001840114594,83.8779296875,2919270,
-0.16734789311885834,-0.1044316366314888,-0.1044316366314888,-0.1044316366314888,0.19908800721168518,-0.8405724167823792,-0.5346974730491638,0.5,0.5966959595680237,0.4033040404319763,80.046875,2785888,
-0.5238491892814636,-0.4020305871963501,-0.4020305871963501,-0.4020305871963501,0.7532632350921631,-0.6954397559165955,-0.3725675940513611,0.5,0.8722505569458008,0.1277494728565216,97.2802734375,3385886,
-0.49721527099609375,-0.39575281739234924,-0.39575281739234924,-0.39575281739234924,0.6331931948661804,-0.7852504849433899,-0.3456362783908844,0.5,0.8664377927780151,0.13356222212314606,85.126953125,2962756,
-0.4989396035671234,-0.4268634021282196,-0.4268634021282196,-0.4268634021282196,0.8483036160469055,-0.5881615877151489,-0.3349074721336365,0.5,0.8952438831329346,0.10475612431764603,104.625,3641600,
-0.48222655057907104,-0.3864491879940033,-0.3864491879940033,-0.3864491879940033,0.6047763228416443,-0.7973634600639343,-0.08741531521081924,0.5,0.8578233122825623,0.14217668771743774,83.7900390625,2916210,
-0.5010362863540649,-0.40042948722839355,-0.40042948722839355,-0.40042948722839355,0.6827737092971802,-0.7338247895240784,-0.11524681746959686,0.5,0.8707680106163025,0.12923197448253632,86.03515625,2994376,
-0.4633525311946869,-0.37786900997161865,-0.37786900997161865,-0.37786900997161865,0.5585903525352478,-0.8295032978057861,-0.029156936332583427,0.5,0.8498786687850952,0.1501213014125824,80.2431640625,2792722,
-0.4799572229385376,-0.35921645164489746,-0.35921645164489746,-0.35921645164489746,0.8167763948440552,-0.5876237750053406,-0.1423378735780716,0.5,0.8326078057289124,0.16739219427108765,93.8486328125,3266410,
-0.49941909313201904,-0.39470377564430237,-0.39470377564430237,-0.39470377564430237,0.7515531182289124,-0.664516031742096,-0.11440529674291611,0.5,0.8654664754867554,0.13453355431556702,95.287109375,3316492,
-0.46580973267555237,-0.3925904929637909,-0.3925904929637909,-0.3925904929637909,0.8522234559059143,-0.5465816855430603,-0.19375520944595337,0.5,0.8635097146034241,0.13649030029773712,99.8984375,3477040,
0.0499986968934536,0.1178068146109581,0.1178068146109581,0.1178068146109581,-0.05261397361755371,-0.9502931237220764,-0.28194189071655273,0.5,0.39091962575912476,0.6090803742408752,70.5166015625,2454082,
-0.08042340725660324,-0.03334983065724373,-0.03334983065724373,-0.03334983065724373,0.09191954880952835,-0.874932587146759,-0.4674144983291626,0.5,0.5308794975280762,0.4691205322742462,69.3720703125,2414234,
0.16295306384563446,0.168498232960701,0.168498232960701,0.168498232960701,-0.1663142889738083,-0.9797899127006531,-0.09594148397445679,0.5,0.34398311376571655,0.6560168862342834,71.765625,2497568,
-0.034240029752254486,-0.002312420168891549,-0.002312420168891549,-0.002312420168891549,0.06323066353797913,-0.5415098667144775,-0.7130927443504333,0.5,0.5021411180496216,0.4978588819503784,79.8359375,2778544,
-0.10483698546886444,-0.08444174379110336,-0.08444174379110336,-0.08444174379110336,0.1326667219400406,-0.7902281880378723,-0.5785461664199829,0.5,0.5781868100166321,0.4218131899833679,76.1826171875,2651350,
-0.0415680967271328,-0.027148766443133354,-0.027148766443133354,-0.027148766443133354,0.146319180727005,-0.28409191966056824,-0.8110118508338928,0.5,0.5251377820968628,0.4748622477054596,80.46484375,2800440,
0.18184950947761536,0.1616847813129425,0.1616847813129425,0.1616847813129425,-0.2297828644514084,-0.7913971543312073,-0.4405149221420288,0.5,0.3502918481826782,0.6497081518173218,68.4267578125,2381322,
0.16565057635307312,0.20722205936908722,0.20722205936908722,0.20722205936908722,-0.2754582464694977,-0.6013636589050293,-0.5507691502571106,0.5,0.308127760887146,0.691872239112854,68.0263671875,2367382,
0.2131790667772293,0.18199822306632996,0.18199822306632996,0.18199822306632996,-0.220143124461174,-0.9683657884597778,-0.09757940471172333,0.5,0.3314831852912903,0.6685168147087097,69.939453125,2433988,
0.0,0.010143849067389965,0.010143849067389965,0.010143849067389965,1.248849868774414,0.0,-0.845539391040802,0.5,0.49060750007629395,0.509392499923706,152.966796875,5324668,
-0.20403388142585754,-0.1402239203453064,-0.1402239203453064,-0.1402239203453064,1.2172257900238037,-0.16762204468250275,-0.805504322052002,0.5,0.629836916923523,0.37016305327415466,146.5439453125,5101050,
0.2612362205982208,0.21384215354919434,0.21384215354919434,0.21384215354919434,1.1928462982177734,0.21900242567062378,-0.7726402878761292,0.5,0.3019980192184448,0.6980019807815552,141.2314453125,4916090,
-0.18509787321090698,-0.16320869326591492,-0.16320869326591492,-0.16320869326591492,1.1782244443893433,-0.15709899365901947,-0.6791240572929382,0.5,0.6511191129684448,0.3488808572292328,138.5830078125,4823882,
-0.2612362205982208,-0.2124546319246292,-0.2124546319246292,-0.2124546319246292,1.1928462982177734,-0.21900242567062378,-0.7726402878761292,0.5,0.6967172622680664,0.303282767534256,146.125,5086464,
-0.061114322394132614,-0.03383277729153633,-0.03383277729153633,-0.03383277729153633,1.1605820655822754,-0.052658338099718094,-0.6051667332649231,0.5,0.5313266515731812,0.46867334842681885,132.201171875,4601692,
0.40288621187210083,0.3495461940765381,0.3495461940765381,0.3495461940765381,1.0345548391342163,0.3894295394420624,-0.5310258269309998,0.5,0.17634612321853638,0.8236538767814636,120.54296875,4195800,
0.4979116916656494,0.4326061010360718,0.4326061010360718,0.4326061010360718,0.9616535902023315,0.5177661776542664,-0.5650661587715149,0.5,0.09943878650665283,0.9005612134933472,107.923828125,3756452,
0.26301446557044983,0.2181972861289978,0.2181972861289978,0.2181972861289978,1.071376919746399,0.24549201130867004,-0.476809024810791,0.5,0.29796546697616577,0.7020345330238342,118.859375,4137184,
-0.14157699048519135,-0.08596108853816986,-0.08596108853816986,-0.08596108853816986,0.9929450750350952,-0.14258290827274323,-0.08000652492046356,0.5,0.5795935988426208,0.42040640115737915,110.748046875,3854780,
-0.04798431321978569,-0.002731241285800934,-0.002731241285800934,-0.002731241285800934,1.0057933330535889,-0.047707926481962204,-0.1180206686258316,0.5,0.5025289058685303,0.49747106432914734,111.2490234375,3872222,
-0.1899665743112564,-0.14486271142959595,-0.14486271142959595,-0.14486271142959595,0.9814397692680359,-0.19355908036231995,-0.026761598885059357,0.5,0.6341321468353271,0.36586785316467285,104.67578125,3643368,
-0.23639711737632751,-0.2000456005334854,-0.2000456005334854,-0.2000456005334854,0.995125949382782,-0.23755496740341187,-0.22284069657325745,0.5,0.6852273941040039,0.3147726058959961,101.6572265625,3538274,
-0.048344988375902176,-0.05856733396649361,-0.05856733396649361,-0.05856733396649361,1.0096936225891113,-0.04788085073232651,-0.14773981273174286,0.5,0.5542290210723877,0.4457709789276123,111.9580078125,3896906,
-0.3260584771633148,-0.29433557391166687,-0.29433557391166687,-0.29433557391166687,0.9856095314025879,-0.33081912994384766,-0.30327174067497253,0.5,0.7725329399108887,0.22746707499027252,109.8603515625,3823874,
-0.35142451524734497,-0.25479620695114136,-0.25479620695114136,-0.25479620695114136,0.9351307153701782,-0.37580254673957825,-0.13574740290641785,0.5,0.7359223961830139,0.2640776038169861,100.94140625,3513352,
-0.4438672661781311,-0.36359310150146484,-0.36359310150146484,-0.36359310150146484,0.8780595064163208,-0.5055093169212341,-0.19205161929130554,0.5,0.8366602659225464,0.1633397340774536,96.2646484375,3350526,
-0.2341209203004837,-0.17069335281848907,-0.17069335281848907,-0.17069335281848907,0.9708424806594849,-0.2411523312330246,-0.027070745825767517,0.5,0.6580493450164795,0.3419506251811981,100.015625,3481120,
0.5014804601669312,0.36184829473495483,0.36184829473495483,0.36184829473495483,0.7148695588111877,0.7014992833137512,-0.08622580021619797,0.5,0.16495531797409058,0.8350446820259094,93.2138671875,3244310,
0.4885960519313812,0.40870389342308044,0.40870389342308044,0.40870389342308044,0.6168688535690308,0.7920582294464111,-0.2021775096654892,0.5,0.12157052755355835,0.8784294724464417,88.7646484375,3089406,
0.47781386971473694,0.3719453811645508,0.3719453811645508,0.3719453811645508,0.8052246570587158,0.593392014503479,-0.028663355857133865,0.5,0.15560615062713623,0.8443938493728638,98.591796875,3431548,
0.44948288798332214,0.3695400357246399,0.3695400357246399,0.3695400357246399,0.5295981764793396,0.848724365234375,-0.1459551900625229,0.5,0.15783333778381348,0.8421666622161865,89.4677734375,3113886,
0.47279849648475647,0.3456539213657379,0.3456539213657379,0.3456539213657379,0.5767753720283508,0.8197272419929504,-0.20276013016700745,0.5,0.1799500584602356,0.8200499415397644,87.1669921875,3033782,
0.4633525311946869,0.33218127489089966,0.33218127489089966,0.33218127489089966,0.5585903525352478,0.8295032978057861,-0.029156936332583427,0.5,0.19242477416992188,0.8075752258300781,88.5224609375,3080974,
0.35142451524734497,0.27101635932922363,0.27101635932922363,0.27101635932922363,0.9351307153701782,0.37580254673957825,-0.13574740290641785,0.5,0.24905896186828613,0.7509410381317139,102.9345703125,3582746,
0.1899665743112564,0.1287897378206253,0.1287897378206253,0.1287897378206253,0.9814397692680359,0.19355908036231995,-0.026761598885059357,0.5,0.38075023889541626,0.6192497611045837,106.7783203125,3716570,
0.46580973267555237,0.3689839839935303,0.3689839839935303,0.3689839839935303,0.8522234559059143,0.5465816855430603,-0.19375520944595337,0.5,0.1583482027053833,0.8416517972946167,94.6103515625,3292930,
-0.0,0.015601376071572304,0.015601376071572304,0.015601376071572304,-0.9056006073951721,0.0,-0.25019150972366333,0.5,0.4855542778968811,0.5144457221031189,64.0634765625,2229410,
0.14625990390777588,0.14181792736053467,0.14181792736053467,0.14181792736053467,-0.9760296940803528,-0.14985190331935883,-0.09172973036766052,0.5,0.36868709325790405,0.631312906742096,60.6259765625,2109730,
-0.14625990390777588,-0.0824149027466774,-0.0824149027466774,-0.0824149027466774,-0.9760296940803528,0.14985190331935883,-0.09172973036766052,0.5,0.5763100981712341,0.42368990182876587,61.8095703125,2150938,
0.11837048083543777,0.0812709629535675,0.0812709629535675,0.0812709629535675,-0.7627898454666138,-0.15518099069595337,-0.38396093249320984,0.5,0.42474907636642456,0.5752509236335754,62.552734375,2176812,
0.1964506059885025,0.18453232944011688,0.18453232944011688,0.18453232944011688,-0.9659647941589355,-0.20337243378162384,-0.09321588277816772,0.5,0.3291367292404175,0.6708632707595825,63.984375,2226656,
0.12088555842638016,0.09952840209007263,0.09952840209007263,0.09952840209007263,-0.5944815278053284,-0.20334619283676147,-0.49832311272621155,0.5,0.4078441262245178,0.5921558737754822,59.8427734375,2082462,
-0.11837048083543777,-0.12508901953697205,-0.12508901953697205,-0.12508901953697205,-0.7627898454666138,0.15518099069595337,-0.38396093249320984,0.5,0.6158231496810913,0.3841768503189087,63.37890625,2205576,
-0.12088555842638016,-0.11414405703544617,-0.11414405703544617,-0.11414405703544617,-0.5944815278053284,0.20334619283676147,-0.49832311272621155,0.5,0.6056889295578003,0.3943110704421997,56.8564453125,1978490,
-0.1964506059885025,-0.19085703790187836,-0.19085703790187836,-0.19085703790187836,-0.9659647941589355,0.20337243378162384,-0.09321588277816772,0.5,0.6767194867134094,0.3232805132865906,61.03515625,2123976,
0.02606782503426075,0.011364014819264412,0.011364014819264412,0.011364014819264412,-0.17187203466892242,-0.1516699641942978,-0.7147486209869385,0.5,0.4894777536392212,0.5105222463607788,68.072265625,2368980,
0.01414074283093214,0.01289305929094553,0.01289305929094553,0.01289305929094553,-0.2795584499835968,-0.05058242008090019,-0.6753960847854614,0.5,0.48806196451187134,0.5119380354881287,76.818359375,2673484,
0.02869090810418129,0.011553232558071613,0.011553232558071613,0.011553232558071613,-0.10017812997102737,-0.28639891743659973,-0.725220799446106,0.5,0.4893025755882263,0.5106974244117737,72.796875,2533472,
0.27714332938194275,0.24767842888832092,0.24767842888832092,0.24767842888832092,-0.6663359999656677,-0.41592127084732056,-0.3924565017223358,0.5,0.270668089389801,0.729331910610199,64.9833984375,2261438,
0.14803391695022583,0.1803734302520752,0.1803734302520752,0.1803734302520752,-0.5753454566001892,-0.257295697927475,-0.5009809732437134,0.5,0.33298754692077637,0.6670124530792236,63.478515625,2209044,
0.44467464089393616,0.4001694321632385,0.4001694321632385,0.4001694321632385,-0.8306421637535095,-0.5353384017944336,-0.09370804578065872,0.5,0.1294727921485901,0.8705272078514099,65.1259765625,2266402,
0.30670255422592163,0.28704410791397095,0.28704410791397095,0.28704410791397095,-0.4673803150653839,-0.6562162637710571,-0.4086249768733978,0.5,0.23421841859817505,0.765781581401825,61.82421875,2151448,
0.3696855306625366,0.3228739798069,0.3228739798069,0.3228739798069,-0.586115300655365,-0.6307385563850403,-0.3364068269729614,0.5,0.20104259252548218,0.7989574074745178,63.53125,2210880,
0.18463771045207977,0.13401064276695251,0.13401064276695251,0.13401064276695251,-0.32304200530052185,-0.5715594291687012,-0.5416306257247925,0.5,0.37591612339019775,0.6240838766098022,70.2373046875,2444358,
-0.02606782503426075,0.011788955889642239,0.011788955889642239,0.011788955889642239,-0.17187203466892242,0.1516699641942978,-0.7147486209869385,0.5,0.48908430337905884,0.5109156966209412,68.6767578125,2390026,
-0.11351310461759567,-0.11588261276483536,-0.11588261276483536,-0.11588261276483536,-0.2607363760471344,0.4353558421134949,-0.6234573125839233,0.5,0.607298731803894,0.39270129799842834,66.7783203125,2323930,
-0.01414074283093214,-0.013886508531868458,-0.013886508531868458,-0.013886508531868458,-0.2795584499835968,0.05058242008090019,-0.6753960847854614,0.5,0.5128579139709473,0.4871421158313751,70.455078125,2451940,
-0.30670255422592163,-0.2721334993839264,-0.2721334993839264,-0.2721334993839264,-0.4673803150653839,0.6562162637710571,-0.4086249768733978,0.5,0.751975417137146,0.24802455306053162,62.08984375,2160696,
-0.18463771045207977,-0.17415134608745575,-0.17415134608745575,-0.17415134608745575,-0.32304200530052185,0.5715594291687012,-0.5416306257247925,0.5,0.6612512469291687,0.3387487530708313,66.1904296875,2303462,
-0.45165640115737915,-0.3830506205558777,-0.3830506205558777,-0.3830506205558777,-0.5467398762702942,0.8260900974273682,-0.09418770670890808,0.5,0.8546764850616455,0.1453235149383545,63.6435546875,2214790,
-0.27714332938194275,-0.2751244902610779,-0.2751244902610779,-0.2751244902610779,-0.6663359999656677,0.41592127084732056,-0.3924565017223358,0.5,0.7547448873519897,0.24525511264801025,65.82421875,2290712,
-0.3607684373855591,-0.26158082485198975,-0.26158082485198975,-0.26158082485198975,-0.6536885499954224,0.5518965125083923,-0.33296579122543335,0.5,0.7422044277191162,0.2577955424785614,63.78515625,2219720,
-0.14803391695022583,-0.1572631150484085,-0.1572631150484085,-0.1572631150484085,-0.5753454566001892,0.257295697927475,-0.5009809732437134,0.5,0.645613968372345,0.35438603162765503,59.5771484375,2073214,
0.1451423317193985,0.11984139680862427,0.11984139680862427,0.11984139680862427,0.9891765117645264,0.1467304676771164,0.0,0.5,0.38903576135635376,0.6109642386436462,96.810546875,3369532,
0.18798427283763885,0.1583537608385086,0.1583537608385086,0.1583537608385086,0.9847622513771057,0.1908930540084839,0.08021427690982819,0.5,0.3533761501312256,0.6466238498687744,97.2294921875,3384118,
0.3142482042312622,0.20201899111270905,0.20201899111270905,0.20201899111270905,0.9463638067245483,0.33205854892730713,-0.08137217164039612,0.5,0.3129454255104065,0.6870545744895935,100.8525390625,3510258,
0.350995272397995,0.2655397653579712,0.2655397653579712,0.2655397653579712,0.9289183020591736,0.37785375118255615,0.08156372606754303,0.5,0.2541298270225525,0.7458701729774475,98.771484375,3437804,
0.23198142647743225,0.20527851581573486,0.20527851581573486,0.20527851581573486,0.9769327640533447,0.2374589443206787,0.10697322338819504,0.5,0.3099272847175598,0.6900727152824402,102.583984375,3570540,
0.4397912323474884,0.30948176980018616,0.30948176980018616,0.30948176980018616,0.8670614361763,0.5072203874588013,0.11210429668426514,0.5,0.21344280242919922,0.7865571975708008,92.056640625,3204020,
0.43924516439437866,0.3514083921909332,0.3514083921909332,0.3514083921909332,0.8642400503158569,0.5082443952560425,-0.085099957883358,0.5,0.1746218204498291,0.8253781795501709,98.5146484375,3428862,
0.46108919382095337,0.3688867688179016,0.3688867688179016,0.3688867688179016,0.8332744240760803,0.5533461570739746,-0.028434421867132187,0.5,0.15843820571899414,0.8415617942810059,100.1025390625,3484146,
0.3843142092227936,0.32990363240242004,0.32990363240242004,0.32990363240242004,0.912310004234314,0.4212539792060852,-0.10961878299713135,0.5,0.19453364610671997,0.80546635389328,105.564453125,3674308,
0.5014804601669312,0.35796186327934265,0.35796186327934265,0.35796186327934265,0.7148695588111877,0.7014992833137512,0.08622580021619797,0.5,0.16855388879776,0.83144611120224,92.265625,3211296,
0.47781386971473694,0.3336602449417114,0.3336602449417114,0.3336602449417114,0.8052246570587158,0.593392014503479,0.028663355857133865,0.5,0.19105535745620728,0.8089446425437927,89.8828125,3128336,
0.4836542308330536,0.32488614320755005,0.32488614320755005,0.32488614320755005,0.6076965928077698,0.7958810925483704,0.1161053478717804,0.5,0.1991795301437378,0.8008204698562622,90.91796875,3164376,
0.48570263385772705,0.394684761762619,0.394684761762619,0.394684761762619,0.8283886909484863,0.5863221287727356,0.22224903106689453,0.5,0.13455116748809814,0.8654488325119019,97.392578125,3389796,
0.4624837636947632,0.3695942759513855,0.3695942759513855,0.3695942759513855,0.8446047902107239,0.5475741624832153,0.14038637280464172,0.5,0.15778309106826782,0.8422169089317322,91.5380859375,3185966,
0.5155601501464844,0.4504700303077698,0.4504700303077698,0.4504700303077698,0.7794166207313538,0.6614692807197571,0.31247857213020325,0.5,0.08289813995361328,0.9171018600463867,96.44921875,3356952,
0.4904158115386963,0.39594653248786926,0.39594653248786926,0.39594653248786926,0.6201357841491699,0.7908200621604919,0.23085527122020721,0.5,0.1333828568458557,0.8666171431541443,88.3720703125,3075738,
0.5107426047325134,0.42107725143432617,0.42107725143432617,0.42107725143432617,0.7003737688064575,0.7292429208755493,0.2585368752479553,0.5,0.11011368036270142,0.8898863196372986,97.232421875,3384220,
0.46959537267684937,0.39773717522621155,0.39773717522621155,0.39773717522621155,0.5708770155906677,0.8225858807563782,0.1453370302915573,0.5,0.13172483444213867,0.8682751655578613,85.435546875,2973500,
0.14157699048519135,0.07616434246301651,0.07616434246301651,0.07616434246301651,0.9929450750350952,0.14258290827274323,-0.08000652492046356,0.5,0.4294774532318115,0.5705225467681885,112.98828125,3932776,
0.3141891658306122,0.2512994706630707,0.2512994706630707,0.2512994706630707,0.949064314365387,0.3310514986515045,-0.10788612067699432,0.5,0.2673153281211853,0.7326846718788147,100.2490234375,3489246,
0.04798431321978569,0.009704645723104477,0.009704645723104477,0.009704645723104477,1.0057933330535889,0.047707926481962204,-0.1180206686258316,0.5,0.4910142421722412,0.5089857578277588,103.8798828125,3615658,
0.4459242820739746,0.33924123644828796,0.33924123644828796,0.33924123644828796,0.8826913833618164,0.5051870942115784,-0.21882891654968262,0.5,0.18588781356811523,0.8141121864318848,95.474609375,3323020,
0.3849881887435913,0.2952762842178345,0.2952762842178345,0.2952762842178345,0.9155737161636353,0.42048847675323486,-0.1362541764974594,0.5,0.22659605741500854,0.7734039425849915,106.8203125,3718032,
0.5155601501464844,0.41313013434410095,0.41313013434410095,0.41313013434410095,0.7794166207313538,0.6614692807197571,-0.31247857213020325,0.5,0.11747211217880249,0.8825278878211975,95.546875,3325536,
0.23639711737632751,0.17960453033447266,0.17960453033447266,0.17960453033447266,0.995125949382782,0.23755496740341187,-0.22284069657325745,0.5,0.3336995244026184,0.6663004755973816,106.2216796875,3697190,
0.3260584771633148,0.2180674970149994,0.2180674970149994,0.2180674970149994,0.9856095314025879,0.33081912994384766,-0.30327174067497253,0.5,0.29808568954467773,0.7019143104553223,108.263671875,3768284,
0.048344988375902176,0.04401964321732521,0.04401964321732521,0.04401964321732521,1.0096936225891113,0.04788085073232651,-0.14773981273174286,0.5,0.4592410922050476,0.5407589077949524,105.0517578125,3656458,
0.20813851058483124,0.18449102342128754,0.18449102342128754,0.18449102342128754,1.2207974195480347,0.17049390077590942,-0.84214186668396,0.5,0.3291749954223633,0.6708250045776367,143.37109375,4990584,
0.07005790621042252,0.08071356266736984,0.08071356266736984,0.08071356266736984,1.2394263744354248,0.05652445927262306,-0.8084102272987366,0.5,0.42526519298553467,0.5747348070144653,144.814453125,5040836,
0.06103666126728058,0.05352986231446266,0.05352986231446266,0.05352986231446266,0.9809620380401611,0.0622212253510952,-0.9979504942893982,0.5,0.4504353404045105,0.5495646595954895,130.6953125,4549264,
0.29688528180122375,0.24093173444271088,0.24093173444271088,0.24093173444271088,1.147028923034668,0.258829802274704,-0.6762763857841492,0.5,0.2769150733947754,0.7230849266052246,141.69140625,4932104,
0.20332486927509308,0.14021822810173035,0.14021822810173035,0.14021822810173035,1.2095903158187866,0.1680939942598343,-0.7741737365722656,0.5,0.3701683282852173,0.6298316717147827,143.9794921875,5011766,
0.061114322394132614,0.029700515791773796,0.029700515791773796,0.029700515791773796,1.1605820655822754,0.052658338099718094,-0.6051667332649231,0.5,0.4724995493888855,0.5275004506111145,128.3779296875,4468582,
0.268307626247406,0.24054403603076935,0.24054403603076935,0.24054403603076935,0.8913998603820801,0.3009958267211914,-0.9534614086151123,0.5,0.27727407217025757,0.7227259278297424,127.2587890625,4429618,
0.29190295934677124,0.2764803469181061,0.2764803469181061,0.2764803469181061,0.7230390906333923,0.40371671319007874,-0.9090332388877869,0.5,0.2439996600151062,0.7560003399848938,116.52734375,4055992,
0.051008716225624084,0.05227309465408325,0.05227309465408325,0.05227309465408325,0.8816512227058411,0.057855889201164246,-0.9928770065307617,0.5,0.45159900188446045,0.5484009981155396,127.5625,4440192,
0.5147296190261841,0.4291054904460907,0.4291054904460907,0.4291054904460907,0.872473955154419,0.5899655818939209,-0.4481242895126343,0.5,0.10268014669418335,0.8973198533058167,108.404296875,3773180,
0.5127409100532532,0.4109332859516144,0.4109332859516144,0.4109332859516144,0.9235484004020691,0.5551857352256775,-0.5371827483177185,0.5,0.11950618028640747,0.8804938197135925,116.310546875,4048444,
0.4855800271034241,0.3786906599998474,0.3786906599998474,0.3786906599998474,0.8838781714439392,0.5493744015693665,-0.36094990372657776,0.5,0.1493605375289917,0.8506394624710083,102.357421875,3562652,
0.17528104782104492,0.153059184551239,0.153059184551239,0.153059184551239,1.1191450357437134,0.15662048757076263,-0.5413593649864197,0.5,0.3582785129547119,0.6417214870452881,123.4892578125,4298378,
0.21461431682109833,0.15178605914115906,0.15178605914115906,0.15178605914115906,1.085101842880249,0.19778265058994293,-0.480048805475235,0.5,0.3594573736190796,0.6405426263809204,117.6552734375,4095262,
0.06022567301988602,0.03203980624675751,0.03203980624675751,0.03203980624675751,1.1483252048492432,0.052446529269218445,-0.5777568817138672,0.5,0.4703335165977478,0.5296664834022522,136.0390625,4735312,
0.2493143528699875,0.2089471071958542,0.2089471071958542,0.2089471071958542,1.0314218997955322,0.2417190819978714,-0.362263023853302,0.5,0.3065304756164551,0.6934695243835449,111.6787109375,3887182,
0.20662841200828552,0.16703586280345917,0.16703586280345917,0.16703586280345917,1.0639773607254028,0.19420376420021057,-0.42293035984039307,0.5,0.3453371524810791,0.6546628475189209,116.099609375,4041100,
0.3293765187263489,0.28514808416366577,0.28514808416366577,0.28514808416366577,0.9929503202438354,0.33171501755714417,-0.3309459984302521,0.5,0.2359740138053894,0.7640259861946106,108.03125,3760192,
-0.010566625744104385,-7.596984505653381e-05,-7.596984505653381e-05,-7.596984505653381e-05,-0.044725850224494934,0.23625321686267853,-0.7538816928863525,0.5,0.500070333480835,0.49992963671684265,70.205078125,2443236,
0.03315353766083717,0.024612903594970703,0.024612903594970703,0.024612903594970703,0.07111850380897522,0.4661731719970703,-0.7427733540534973,0.5,0.47721028327941895,0.522789716720581,75.3369140625,2621906,
-0.10060355067253113,-0.05893617868423462,-0.05893617868423462,-0.05893617868423462,-0.21723416447639465,0.4631110727787018,-0.634061872959137,0.5,0.5545705556869507,0.4454294741153717,66.1416015625,2301762,
0.06676878035068512,0.03271031379699707,0.03271031379699707,0.03271031379699707,0.08222980797290802,0.8119778633117676,-0.5434106588363647,0.5,0.46971267461776733,0.5302873253822327,73.5859375,2560944,
0.07218898832798004,0.037340644747018814,0.037340644747018814,0.037340644747018814,0.11767623573541641,0.613454282283783,-0.6979666352272034,0.5,0.4654253125190735,0.5345746874809265,73.68359375,2564344,
0.18678420782089233,0.14715009927749634,0.14715009927749634,0.14715009927749634,0.193571999669075,0.9649340510368347,-0.21815647184848785,0.5,0.3637499213218689,0.6362500786781311,75.6279296875,2632038,
-0.18184950947761536,-0.1776546984910965,-0.1776546984910965,-0.1776546984910965,-0.2297828644514084,0.7913971543312073,-0.4405149221420288,0.5,0.6644951105117798,0.3355049192905426,70.3984375,2449968,
-0.10638230293989182,-0.10759881138801575,-0.10759881138801575,-0.10759881138801575,-0.11911919713020325,0.8930743932723999,-0.3699752390384674,0.5,0.5996285676956177,0.4003714621067047,69.9482421875,2434294,
-0.16565057635307312,-0.15041430294513702,-0.15041430294513702,-0.15041430294513702,-0.2754582464694977,0.6013636589050293,-0.5507691502571106,0.5,0.6392724514007568,0.3607275187969208,67.3525390625,2343922,
0.1451423317193985,0.14937445521354675,0.14937445521354675,0.14937445521354675,-0.1467304676771164,-0.9891765117645264,0.0,0.5,0.36169034242630005,0.6383096575737,68.470703125,2382852,
0.08344388008117676,0.07227632403373718,0.07227632403373718,0.07227632403373718,-0.0856621190905571,-0.9741047620773315,0.1904097944498062,0.5,0.43307751417160034,0.5669224858283997,67.419921875,2346268,
0.08344388008117676,0.09594298154115677,0.09594298154115677,0.09594298154115677,-0.0856621190905571,-0.9741047620773315,-0.1904097944498062,0.5,0.41116392612457275,0.5888360738754272,64.2451171875,2235734,
-0.20813851058483124,-0.1517871618270874,-0.1517871618270874,-0.1517871618270874,1.2207974195480347,-0.17049390077590942,0.84214186668396,0.5,0.6405436992645264,0.359456330537796,149.4697265625,5202914,
-0.06587901711463928,-0.00563306687399745,-0.00563306687399745,-0.00563306687399745,1.0616278648376465,-0.06205471605062485,0.9955838918685913,0.5,0.5052157640457153,0.4947842061519623,143.33203125,4989224,
-0.07381580024957657,-0.07082896679639816,-0.07082896679639816,-0.07082896679639816,1.2454619407653809,-0.059267811477184296,0.8446534872055054,0.5,0.5655823945999146,0.43441760540008545,153.1923828125,5332522,
-0.0,-0.027100536972284317,-0.027100536972284317,-0.027100536972284317,-0.9056006073951721,0.0,0.25019150972366333,0.5,0.5250930786132812,0.47490689158439636,61.7255859375,2148014,
0.0988519936800003,0.09947733581066132,0.09947733581066132,0.09947733581066132,-0.9823437333106995,-0.10062871873378754,0.09146975725889206,0.5,0.40789133310317993,0.5921086668968201,63.0107421875,2192758,
-0.0988519936800003,-0.026341740041971207,-0.026341740041971207,-0.026341740041971207,-0.9823437333106995,0.10062871873378754,0.09146975725889206,0.5,0.524390459060669,0.47560951113700867,64.6376953125,2249402,
0.15340428054332733,0.118382528424263,0.118382528424263,0.118382528424263,0.15574073791503906,0.9849977493286133,0.08906140923500061,0.5,0.39038658142089844,0.6096134185791016,67.0966796875,2335014,
0.016647426411509514,-0.005905366502702236,-0.005905366502702236,-0.005905366502702236,0.017076585441827774,0.9748685956001282,0.22053402662277222,0.5,0.50546795129776,0.49453204870224,68.2197265625,2374114,
0.1480734497308731,0.13274982571601868,0.13274982571601868,0.13274982571601868,0.1498112678527832,0.9883999228477478,0.02978546731173992,0.5,0.3770834803581238,0.6229165196418762,73.69921875,2564888,
-0.1451423317193985,-0.11141716688871384,-0.11141716688871384,-0.11141716688871384,-0.9891765117645264,0.1467304676771164,0.0,0.5,0.6031640768051147,0.39683595299720764,61.25,2131456,
-0.04892512783408165,-0.04472872614860535,-0.04472872614860535,-0.04472872614860535,-0.9864170551300049,0.049598824232816696,0.09069570153951645,0.5,0.5414154529571533,0.4585845172405243,63.1748046875,2198470,
-0.04813148453831673,-0.02585441991686821,-0.02585441991686821,-0.02585441991686821,-0.951859176158905,0.05056576058268547,-0.1764802783727646,0.5,0.5239392518997192,0.47606074810028076,62.9423828125,2190378,
-0.1451423317193985,-0.13176877796649933,-0.13176877796649933,-0.13176877796649933,0.9891765117645264,-0.1467304676771164,0.0,0.5,0.6220080852508545,0.3779918849468231,104.5986328125,3640682,
-0.14254942536354065,-0.0839981883764267,-0.0839981883764267,-0.0839981883764267,0.9910062551498413,-0.14384311437606812,0.05332430079579353,0.5,0.5777760744094849,0.42222389578819275,96.9091796875,3372966,
-0.14254942536354065,-0.11110810190439224,-0.11110810190439224,-0.11110810190439224,0.9910062551498413,-0.14384311437606812,-0.05332430079579353,0.5,0.6028778553009033,0.3971221446990967,101.3291015625,3526850,
0.0,0.029090438038110733,0.029090438038110733,0.029090438038110733,1.248849868774414,0.0,0.845539391040802,0.5,0.4730643630027771,0.5269356369972229,147.64453125,5139368,
-0.07347841560840607,-0.07936407625675201,-0.07936407625675201,-0.07936407625675201,1.2457098960876465,-0.05898517370223999,0.8798784017562866,0.5,0.573485255241394,0.42651477456092834,155.7900390625,5422962,
0.14275281131267548,0.15114523470401764,0.15114523470401764,0.15114523470401764,1.2359684705734253,0.11549874395132065,0.8424192070960999,0.5,0.3600507378578186,0.6399492621421814,147.0107421875,5117302,
-0.20813851058483124,-0.14308969676494598,-0.14308969676494598,-0.14308969676494598,1.2207974195480347,-0.17049390077590942,-0.84214186668396,0.5,0.6324904561042786,0.36750954389572144,149.3203125,5197712,
-0.07381580024957657,-0.088021419942379,-0.088021419942379,-0.088021419942379,1.2454619407653809,-0.059267811477184296,-0.8446534872055054,0.5,0.581501305103302,0.418498694896698,144.9501953125,5045562,
-0.06587901711463928,-0.006843533366918564,-0.006843533366918564,-0.006843533366918564,1.0616278648376465,-0.06205471605062485,-0.9955838918685913,0.5,0.5063365697860718,0.4936634302139282,136.4658203125,4750170,
0.0,0.012245523743331432,0.012245523743331432,0.012245523743331432,1.0042033195495605,0.0,-0.09178421646356583,0.5,0.488661527633667,0.511338472366333,105.6591796875,3677606,
-0.0951000452041626,-0.055485308170318604,-0.055485308170318604,-0.055485308170318604,0.9989386200904846,-0.09520108997821808,-0.08369903266429901,0.5,0.5513752698898315,0.44862473011016846,106.1640625,3695184,
0.0951000452041626,0.08430331945419312,0.08430331945419312,0.08430331945419312,0.9989386200904846,0.09520108997821808,-0.08369903266429901,0.5,0.4219413995742798,0.5780586004257202,108.4267578125,3773962,
0.0,-0.011381318792700768,-0.011381318792700768,-0.011381318792700768,0.9831053018569946,0.0,-0.9998618960380554,0.5,0.5105382800102234,0.4894617199897766,137.92578125,4801000,
-0.07247431576251984,-0.10350409150123596,-0.10350409150123596,-0.10350409150123596,1.143873691558838,-0.06335867196321487,-0.9815413355827332,0.5,0.5958371162414551,0.4041628837585449,149.2802734375,5196318,
0.14854922890663147,0.11836080998182297,0.11836080998182297,0.11836080998182297,1.1606767177581787,0.12798501551151276,-0.9647572040557861,0.5,0.39040666818618774,0.6095933318138123,159.0048828125,5534890,
0.1451423317193985,0.0926399752497673,0.0926399752497673,0.0926399752497673,0.1467304676771164,0.9891765117645264,0.0,0.5,0.41422224044799805,0.585777759552002,70.208984375,2443372,
0.10054062306880951,0.019011089578270912,0.019011089578270912,0.019011089578270912,0.10109450668096542,0.9945211410522461,0.02976362779736519,0.5,0.4823971390724182,0.5176028609275818,66.4306640625,2311826,
0.15086300671100616,0.11571680009365082,0.11571680009365082,0.11571680009365082,0.15284982323646545,0.9870014786720276,-0.05943329259753227,0.5,0.39285480976104736,0.6071451902389526,77.931640625,2712244,
0.15340428054332733,0.11398790031671524,0.11398790031671524,0.11398790031671524,0.15574073791503906,0.9849977493286133,-0.08906140923500061,0.5,0.39445561170578003,0.60554438829422,72.201171875,2512732,
0.10054062306880951,0.037053242325782776,0.037053242325782776,0.037053242325782776,0.10109450668096542,0.9945211410522461,-0.02976362779736519,0.5,0.4656914472579956,0.5343085527420044,73.4462890625,2556082,
0.016647426411509514,-0.0028905379585921764,-0.0028905379585921764,-0.0028905379585921764,0.017076585441827774,0.9748685956001282,-0.22053402662277222,0.5,0.5026764273643494,0.49732357263565063,70.4072265625,2450274,
0.47847017645835876,0.40771719813346863,0.40771719813346863,0.40771719813346863,-0.803207516670227,-0.5956993103027344,0.0,0.5,0.12248414754867554,0.8775158524513245,61.189453125,2129348,
0.4562950134277344,0.351389616727829,0.351389616727829,0.351389616727829,-0.7205427885055542,-0.6332656741142273,0.17961350083351135,0.5,0.1746392846107483,0.8253607153892517,63.4580078125,2208330,
0.4562950134277344,0.42386817932128906,0.42386817932128906,0.42386817932128906,-0.7205427885055542,-0.6332656741142273,-0.17961350083351135,0.5,0.10752946138381958,0.8924705386161804,57.263671875,1992668,
-0.42365148663520813,-0.3065760135650635,-0.3065760135650635,-0.3065760135650635,0.6089034676551819,-0.6957613229751587,0.710740327835083,0.5,0.7838666439056396,0.21613332629203796,100.5234375,3498800,
-0.5357627868652344,-0.45153844356536865,-0.45153844356536865,-0.45153844356536865,0.8143056631088257,-0.6579381823539734,0.6060782670974731,0.5,0.9180911183357239,0.08190886676311493,102.765625,3576864,
-0.3919718563556671,-0.23530197143554688,-0.23530197143554688,-0.23530197143554688,0.5166856050491333,-0.7586274147033691,0.643369734287262,0.5,0.717872142791748,0.28212782740592957,91.8916015625,3198274,
-0.01825142651796341,-0.04398626089096069,-0.04398626089096069,-0.04398626089096069,0.11841089278459549,-0.15413637459278107,-0.8191131949424744,0.5,0.5407280325889587,0.45927196741104126,82.4697265625,2870242,
-0.009533497504889965,0.0007747096242383122,0.0007747096242383122,0.0007747096242383122,0.18532519042491913,-0.05144199728965759,-0.846092700958252,0.5,0.49928271770477295,0.500717282295227,79.88671875,2780312,
-0.0019351819064468145,0.006031407974660397,0.006031407974660397,0.006031407974660397,0.009257040917873383,-0.20904973149299622,-0.7767565846443176,0.5,0.49441540241241455,0.5055845975875854,69.8720703125,2431642,
-0.498422235250473,-0.39649248123168945,-0.39649248123168945,-0.39649248123168945,0.6361871957778931,-0.7834521532058716,0.374332070350647,0.5,0.8671226501464844,0.13287734985351562,90.61328125,3153768,
-0.43115827441215515,-0.37747377157211304,-0.37747377157211304,-0.37747377157211304,0.5337961912155151,-0.8077207803726196,0.5351306796073914,0.5,0.8495127558708191,0.1504872590303421,92.625,3223808,
-0.5202890038490295,-0.41157352924346924,-0.41157352924346924,-0.41157352924346924,0.7158191800117493,-0.7268441915512085,0.37302640080451965,0.5,0.8810865879058838,0.11891341209411621,94.3623046875,3284294,
0.0499986968934536,0.08498764783143997,0.08498764783143997,0.08498764783143997,-0.05261397361755371,-0.9502931237220764,0.28194189071655273,0.5,0.4213077425956726,0.5786922574043274,70.1640625,2441808,
-0.0860879197716713,-0.07076720893383026,-0.07076720893383026,-0.07076720893383026,0.08732935786247253,-0.9857844114303589,0.15572436153888702,0.5,0.5655251741409302,0.43447479605674744,68.72265625,2391624,
0.06674394756555557,0.06462311744689941,0.06462311744689941,0.06462311744689941,-0.0672491267323494,-0.992487907409668,0.09556901454925537,0.5,0.440163791179657,0.559836208820343,71.76171875,2497432,
-0.14157699048519135,-0.06553849577903748,-0.06553849577903748,-0.06553849577903748,0.9929450750350952,-0.14258290827274323,0.08000652492046356,0.5,0.5606837868690491,0.4393162131309509,98.94140625,3443720,
-0.047820333391427994,-0.02448141761124134,-0.02448141761124134,-0.02448141761124134,1.0026851892471313,-0.04769226908683777,0.08757679164409637,0.5,0.5226680040359497,0.4773320257663727,107.1474609375,3729422,
-0.09614764153957367,-0.07951674610376358,-0.07951674610376358,-0.07951674610376358,0.9956799149513245,-0.09656480699777603,0.026643304154276848,0.5,0.5736266374588013,0.4263733923435211,107.0908203125,3727450,
0.0,-0.028152840211987495,-0.028152840211987495,-0.028152840211987495,0.21949073672294617,0.0,0.8571060299873352,0.5,0.5260674357414246,0.47393256425857544,80.3486328125,2796394,
-0.015596837736666203,-0.021750010550022125,-0.021750010550022125,-0.021750010550022125,0.1516122817993164,-0.10287318378686905,0.8334213495254517,0.5,0.5201389193534851,0.4798610806465149,76.421875,2659680,
0.015596837736666203,-0.0233340822160244,-0.0233340822160244,-0.0233340822160244,0.1516122817993164,0.10287318378686905,0.8334213495254517,0.5,0.5216056108474731,0.47839435935020447,77.4775390625,2696434,
0.4201586842536926,0.405790239572525,0.405790239572525,0.405790239572525,-0.6597719192504883,-0.6368241310119629,0.2582584023475647,0.5,0.1242682933807373,0.8757317066192627,63.634765625,2214484,
0.4813477694988251,0.42744705080986023,0.42744705080986023,0.42744705080986023,-0.630029022693634,-0.7640088796615601,0.09236475825309753,0.5,0.10421574115753174,0.8957842588424683,63.5810546875,2212614,
0.48653340339660645,0.37621986865997314,0.37621986865997314,0.37621986865997314,-0.7376821637153625,-0.6595433950424194,0.09157241135835648,0.5,0.15164828300476074,0.8483517169952393,64.228515625,2235156,
-0.0499986968934536,-0.06044571474194527,-0.06044571474194527,-0.06044571474194527,-0.05261397361755371,0.9502931237220764,0.28194189071655273,0.5,0.5559682846069336,0.4440317451953888,70.9755859375,2470062,
-0.11601413041353226,-0.11843167990446091,-0.11843167990446091,-0.11843167990446091,-0.11750739067792892,0.9872921705245972,0.09591426700353622,0.5,0.60965895652771,0.39034104347229004,68.5361328125,2385130,
0.034049566835165024,0.02686336264014244,0.02686336264014244,0.02686336264014244,0.03432667255401611,0.9919273853302002,0.125436931848526,0.5,0.47512656450271606,0.5248734354972839,73.5654296875,2560230,
0.5268474817276001,0.3866724967956543,0.3866724967956543,0.3866724967956543,0.8898830413818359,0.5920412540435791,0.5402616262435913,0.5,0.14196991920471191,0.8580300807952881,111.5517578125,3882762,
0.49794700741767883,0.41725608706474304,0.41725608706474304,0.41725608706474304,0.7177708148956299,0.693740963935852,0.6659562587738037,0.5,0.1136518120765686,0.8863481879234314,102.896484375,3581420,
0.5191324353218079,0.39625418186187744,0.39625418186187744,0.39625418186187744,0.8785409927368164,0.5909029245376587,0.4787832200527191,0.5,0.13309800624847412,0.8669019937515259,99.76953125,3472552,
0.01825142651796341,0.009119322523474693,0.009119322523474693,0.009119322523474693,0.11841089278459549,0.15413637459278107,0.8191131949424744,0.5,0.49155616760253906,0.5084438323974609,82.6669921875,2877110,
0.005751937627792358,0.021974656730890274,0.021974656730890274,0.021974656730890274,0.11180802434682846,0.05144476518034935,0.8230599761009216,0.5,0.4796530604362488,0.5203469395637512,76.72265625,2670152,
0.0019351819064468145,-0.017208440229296684,-0.017208440229296684,-0.017208440229296684,0.009257040917873383,0.20904973149299622,0.7767565846443176,0.5,0.5159337520599365,0.4840662479400635,69.42578125,2416104,
0.14157699048519135,0.13832437992095947,0.13832437992095947,0.13832437992095947,0.9929450750350952,0.14258290827274323,0.08000652492046356,0.5,0.3719218969345093,0.6280781030654907,107.4873046875,3741254,
0.1437157243490219,0.14632195234298706,0.14632195234298706,0.14632195234298706,0.9897552728652954,0.14520329236984253,0.026732169091701508,0.5,0.3645167350769043,0.6354832649230957,101.5751953125,3535418,
0.047820333391427994,-0.023582682013511658,-0.023582682013511658,-0.023582682013511658,1.0026851892471313,0.04769226908683777,0.08757679164409637,0.5,0.5218358039855957,0.4781641662120819,105.0947265625,3657954,
-0.47847017645835876,-0.41527774930000305,-0.41527774930000305,-0.41527774930000305,-0.5956993103027344,0.803207516670227,0.0,0.5,0.8845164179801941,0.11548358201980591,66.5537109375,2316110,
-0.4605454206466675,-0.40747347474098206,-0.40747347474098206,-0.40747347474098206,-0.6514103412628174,0.7069973945617676,0.18018531799316406,0.5,0.8772902488708496,0.12270975857973099,65.9423828125,2294826,
-0.4605454206466675,-0.41228389739990234,-0.41228389739990234,-0.41228389739990234,-0.6514103412628174,0.7069973945617676,-0.18018531799316406,0.5,0.8817443251609802,0.11825566738843918,62.314453125,2168516,
-0.02606782503426075,-0.04679471254348755,-0.04679471254348755,-0.04679471254348755,-0.17187203466892242,0.1516699641942978,0.7147486209869385,0.5,0.5433284044265747,0.4566715657711029,67.7275390625,2356978,
-0.018204668536782265,-0.02844080701470375,-0.02844080701470375,-0.02844080701470375,-0.08743713051080704,0.20820294320583344,0.7417162656784058,0.5,0.5263341069221497,0.47366589307785034,73.064453125,2542788,
-0.010444809682667255,-0.0069403937086462975,-0.0069403937086462975,-0.0069403937086462975,-0.20643766224384308,0.050595466047525406,0.706633448600769,0.5,0.5064262747764587,0.49357372522354126,66.5234375,2315056,
0.42365148663520813,0.3214617669582367,0.3214617669582367,0.3214617669582367,0.6089034676551819,0.6957613229751587,-0.710740327835083,0.5,0.20235025882720947,0.7976497411727905,101.9873046875,3549766,
0.5357627868652344,0.5029076933860779,0.5029076933860779,0.5029076933860779,0.8143056631088257,0.6579381823539734,-0.6060782670974731,0.5,0.03434473276138306,0.9656552672386169,106.671875,3712864,
0.3919718563556671,0.316638708114624,0.316638708114624,0.316638708114624,0.5166856050491333,0.7586274147033691,-0.643369734287262,0.5,0.20681601762771606,0.7931839823722839,91.365234375,3179948,
-0.47847017645835876,-0.3475742042064667,-0.3475742042064667,-0.3475742042064667,0.5956993103027344,-0.803207516670227,0.0,0.5,0.8218279480934143,0.1781720519065857,76.9580078125,2678346,
-0.48083195090293884,-0.3659319281578064,-0.3659319281578064,-0.3659319281578064,0.6016573905944824,-0.7991790175437927,0.05826564505696297,0.5,0.8388258218765259,0.16117414832115173,80.318359375,2795340,
-0.48083195090293884,-0.38606882095336914,-0.38606882095336914,-0.38606882095336914,0.6016573905944824,-0.7991790175437927,-0.05826564505696297,0.5,0.8574711084365845,0.14252887666225433,85.7568359375,2984686,
-0.5238491892814636,-0.42174088954925537,-0.42174088954925537,-0.42174088954925537,0.7532632350921631,-0.6954397559165955,0.3725675940513611,0.5,0.8905007839202881,0.10949919372797012,95.75390625,3332744,
-0.5223795175552368,-0.42850053310394287,-0.42850053310394287,-0.42850053310394287,0.719511866569519,-0.7260193228721619,0.40166985988616943,0.5,0.8967597484588623,0.10324026644229889,98.9677734375,3444638,
-0.515011727809906,-0.4078608751296997,-0.4078608751296997,-0.4078608751296997,0.8221939206123352,-0.6263871788978577,0.3659576177597046,0.5,0.8776489496231079,0.12235105782747269,103.6015625,3605968,
-0.5147296190261841,-0.3995125889778137,-0.3995125889778137,-0.3995125889778137,0.872473955154419,-0.5899655818939209,-0.4481242895126343,0.5,0.8699190616607666,0.1300809532403946,107.513671875,3742172,
-0.5232356190681458,-0.4298653304576874,-0.4298653304576874,-0.4298653304576874,0.8843891024589539,-0.5916351079940796,-0.5094841122627258,0.5,0.8980234265327454,0.10197655856609344,99.6337890625,3467826,
-0.5068207383155823,-0.3611840009689331,-0.3611840009689331,-0.3611840009689331,0.859939455986023,-0.5893679261207581,-0.39151644706726074,0.5,0.8344296216964722,0.16557037830352783,112.560546875,3917884,
0.0,0.044882312417030334,0.044882312417030334,0.044882312417030334,1.0725535154342651,0.0,0.38898542523384094,0.5,0.4584423303604126,0.5415576696395874,115.15234375,4008120,
-0.10584805905818939,-0.06917496770620346,-0.06917496770620346,-0.06917496770620346,1.0834370851516724,-0.09769654273986816,0.4326450228691101,0.5,0.5640509128570557,0.43594908714294434,114.8125,3996288,
0.10584805905818939,0.08037528395652771,0.08037528395652771,0.08037528395652771,1.0834370851516724,0.09769654273986816,0.4326450228691101,0.5,0.4255784749984741,0.5744215250015259,120.779296875,4204028,
-0.5147296190261841,-0.4012594223022461,-0.4012594223022461,-0.4012594223022461,0.872473955154419,-0.5899655818939209,0.4481242895126343,0.5,0.8715364933013916,0.1284635066986084,105.634765625,3676756,
-0.5068207383155823,-0.41665834188461304,-0.41665834188461304,-0.41665834188461304,0.859939455986023,-0.5893679261207581,0.39151644706726074,0.5,0.8857947587966919,0.1142052561044693,102.5322265625,3568738,
-0.5232356190681458,-0.42417001724243164,-0.42417001724243164,-0.42417001724243164,0.8843891024589539,-0.5916351079940796,0.5094841122627258,0.5,0.8927500247955322,0.10724999755620956,114.7158203125,3992922,
0.5147296190261841,0.4040071368217468,0.4040071368217468,0.4040071368217468,0.872473955154419,0.5899655818939209,0.4481242895126343,0.5,0.12591934204101562,0.8740806579589844,105.9580078125,3688010,
0.5294121503829956,0.44520923495292664,0.44520923495292664,0.44520923495292664,0.844210147857666,0.6271094679832458,0.4819764494895935,0.5,0.0877692699432373,0.9122307300567627,113.6025390625,3954162,
0.5068207383155823,0.41156455874443054,0.41156455874443054,0.41156455874443054,0.859939455986023,0.5893679261207581,0.39151644706726074,0.5,0.11892175674438477,0.8810782432556152,98.8701171875,3441238,
-0.498422235250473,-0.37894919514656067,-0.37894919514656067,-0.37894919514656067,0.6361871957778931,-0.7834521532058716,-0.374332070350647,0.5,0.8508788347244263,0.14912113547325134,91.458984375,3183212,
-0.5202890038490295,-0.4294149875640869,-0.4294149875640869,-0.4294149875640869,0.7158191800117493,-0.7268441915512085,-0.37302640080451965,0.5,0.8976064324378967,0.10239354521036148,99.10546875,3449432,
-0.43115827441215515,-0.31732091307640076,-0.31732091307640076,-0.31732091307640076,0.5337961912155151,-0.8077207803726196,-0.5351306796073914,0.5,0.7938156127929688,0.20618435740470886,90.818359375,3160908,
-0.5014804601669312,-0.4055577218532562,-0.4055577218532562,-0.4055577218532562,0.7148695588111877,-0.7014992833137512,-0.08622580021619797,0.5,0.875516414642334,0.1244836077094078,85.57421875,2978328,
-0.4933426082134247,-0.3795955181121826,-0.3795955181121826,-0.3795955181121826,0.643033504486084,-0.767211377620697,-0.08694470673799515,0.5,0.851477324962616,0.14852267503738403,90.4501953125,3148090,
-0.49000445008277893,-0.37532874941825867,-0.37532874941825867,-0.37532874941825867,0.7751338481903076,-0.632154643535614,-0.0286818016320467,0.5,0.8475266098976135,0.15247339010238647,90.5361328125,3151082,
0.010566625744104385,0.04806504026055336,0.04806504026055336,0.04806504026055336,-0.044725850224494934,-0.23625321686267853,-0.7538816928863525,0.5,0.45549529790878296,0.544504702091217,78.2607421875,2723702,
-0.003050476312637329,0.0017826225375756621,0.0017826225375756621,0.0017826225375756621,0.023404479026794434,-0.13033728301525116,-0.7894467115402222,0.5,0.4983494281768799,0.5016505718231201,76.6015625,2665936,
0.023373056203126907,0.03815359249711037,0.03815359249711037,0.03815359249711037,-0.12986725568771362,-0.17997652292251587,-0.7286569476127625,0.5,0.46467262506484985,0.5353273749351501,73.4677734375,2556830,
0.0,-0.04170196130871773,-0.04170196130871773,-0.04170196130871773,1.1406813859939575,0.0,-0.5568193197250366,0.5,0.538612961769104,0.4613870680332184,135.1943359375,4705902,
-0.1181941106915474,-0.09826043248176575,-0.09826043248176575,-0.09826043248176575,1.1290374994277954,-0.1046857237815857,-0.5453163981437683,0.5,0.5909818410873413,0.4090181291103363,125.060546875,4353084,
0.1181941106915474,0.11087409406900406,0.11087409406900406,0.11087409406900406,1.1290374994277954,0.1046857237815857,-0.5453163981437683,0.5,0.3973388075828552,0.6026611924171448,126.16796875,4391640,
-0.5029510855674744,-0.36121171712875366,-0.36121171712875366,-0.36121171712875366,0.8537349104881287,-0.5891185998916626,-0.36320021748542786,0.5,0.8344552516937256,0.16554471850395203,101.720703125,3540484,
-0.522314190864563,-0.4135620594024658,-0.4135620594024658,-0.4135620594024658,0.8330878615379333,-0.6269617080688477,-0.4227461814880371,0.5,0.8829278349876404,0.11707217991352081,101.115234375,3519404,
-0.5220120549201965,-0.3734012246131897,-0.3734012246131897,-0.3734012246131897,0.7886775732040405,-0.6618826985359192,-0.36912238597869873,0.5,0.845741868019104,0.154258131980896,106.8779296875,3720038,
0.5238491892814636,0.4264964461326599,0.4264964461326599,0.4264964461326599,0.7532632350921631,0.6954397559165955,-0.3725675940513611,0.5,0.10509592294692993,0.8949040770530701,96.8212890625,3369906,
0.5117753148078918,0.4085289239883423,0.4085289239883423,0.4085289239883423,0.6767600178718567,0.7562138438224792,-0.37363582849502563,0.5,0.12173247337341309,0.8782675266265869,94.328125,3283104,
0.515011727809906,0.3973749279975891,0.3973749279975891,0.3973749279975891,0.8221939206123352,0.6263871788978577,-0.3659576177597046,0.5,0.13206028938293457,0.8679397106170654,98.419921875,3425564,
-0.0,0.002778237219899893,0.002778237219899893,0.002778237219899893,-0.22282098233699799,0.0,-0.7005550265312195,0.5,0.4974275827407837,0.5025724172592163,69.9501953125,2434362,
0.019174205139279366,0.018156059086322784,0.018156059086322784,0.018156059086322784,-0.1894356608390808,-0.10121750831604004,-0.7113732695579529,0.5,0.4831888675689697,0.5168111324310303,69.111328125,2405156,
-0.019174205139279366,-0.03150511905550957,-0.03150511905550957,-0.03150511905550957,-0.1894356608390808,0.10121750831604004,-0.7113732695579529,0.5,0.5291714072227478,0.4708285927772522,73.1640625,2546256,
0.4201586842536926,0.37801364064216614,0.37801364064216614,0.37801364064216614,-0.6597719192504883,-0.6368241310119629,-0.2582584023475647,0.5,0.1499873399734497,0.8500126600265503,70.5556640625,2455442,
0.48653340339660645,0.4479469060897827,0.4479469060897827,0.4479469060897827,-0.7376821637153625,-0.6595433950424194,-0.09157241135835648,0.5,0.08523434400558472,0.9147656559944153,59.994140625,2087732,
0.4813477694988251,0.4050292670726776,0.4050292670726776,0.4050292670726776,-0.630029022693634,-0.7640088796615601,-0.09236475825309753,0.5,0.12497293949127197,0.875027060508728,59.2607421875,2062198,
-0.4201586842536926,-0.36519813537597656,-0.36519813537597656,-0.36519813537597656,-0.6597719192504883,0.6368241310119629,-0.2582584023475647,0.5,0.8381463885307312,0.1618535965681076,62.7275390625,2182898,
-0.48790544271469116,-0.40354782342910767,-0.40354782342910767,-0.40354782342910767,-0.667201817035675,0.7312711477279663,-0.09258556365966797,0.5,0.873655378818512,0.12634462118148804,59.8505859375,2082734,
-0.47789475321769714,-0.43830037117004395,-0.43830037117004395,-0.43830037117004395,-0.7704086899757385,0.620313286781311,-0.09222234040498734,0.5,0.9058336615562439,0.0941663384437561,63.6171875,2213872,
0.47847017645835876,0.3405795991420746,0.3405795991420746,0.3405795991420746,0.803207516670227,0.5956993103027344,0.0,0.5,0.1846485733985901,0.8153514266014099,94.24609375,3280248,
0.4977424740791321,0.40682318806648254,0.40682318806648254,0.40682318806648254,0.74571692943573,0.6674683690071106,0.05739009007811546,0.5,0.12331187725067139,0.8766881227493286,87.1982421875,3034870,
0.4977424740791321,0.4097591042518616,0.4097591042518616,0.4097591042518616,0.74571692943573,0.6674683690071106,-0.05739009007811546,0.5,0.12059342861175537,0.8794065713882446,96.609375,3362528,
0.5238491892814636,0.405739426612854,0.405739426612854,0.405739426612854,0.7532632350921631,0.6954397559165955,0.3725675940513611,0.5,0.12431538105010986,0.8756846189498901,93.0634765625,3239074,
0.515011727809906,0.390121728181839,0.390121728181839,0.390121728181839,0.8221939206123352,0.6263871788978577,0.3659576177597046,0.5,0.13877618312835693,0.8612238168716431,97.84765625,3405640,
0.5117753148078918,0.3961527347564697,0.3961527347564697,0.3961527347564697,0.6767600178718567,0.7562138438224792,0.37363582849502563,0.5,0.13319194316864014,0.8668080568313599,97.3251953125,3387450,
0.5029510855674744,0.4545729160308838,0.4545729160308838,0.4545729160308838,0.8537349104881287,0.5891185998916626,-0.36320021748542786,0.5,0.07909917831420898,0.920900821685791,98.4873046875,3427910,
0.5252645015716553,0.3828073740005493,0.3828073740005493,0.3828073740005493,0.7933143377304077,0.6621139645576477,-0.39758169651031494,0.5,0.1455487608909607,0.8544512391090393,98.9365234375,3443550,
0.5107802748680115,0.43344467878341675,0.43344467878341675,0.43344467878341675,0.8661943078041077,0.5896832346916199,-0.41981959342956543,0.5,0.0986623764038086,0.9013376235961914,108.263671875,3768284,
0.5268474817276001,0.4102943241596222,0.4102943241596222,0.4102943241596222,0.8898830413818359,0.5920412540435791,-0.5402616262435913,0.5,0.120097815990448,0.879902184009552,110.0048828125,3828906,
0.5191324353218079,0.41469553112983704,0.41469553112983704,0.41469553112983704,0.8785409927368164,0.5909029245376587,-0.4787832200527191,0.5,0.11602264642715454,0.8839773535728455,103.48828125,3602024,
0.5315390229225159,0.4603364169597626,0.4603364169597626,0.4603364169597626,0.7706187963485718,0.6897560954093933,-0.5751230120658875,0.5,0.07376259565353394,0.9262374043464661,104.4833984375,3636670,
0.15883731842041016,0.11802192032337189,0.11802192032337189,0.11802192032337189,1.0856692790985107,0.14630359411239624,-0.45564645528793335,0.5,0.3907204866409302,0.6092795133590698,119.9130859375,4173870,
0.16961851716041565,0.12209038436412811,0.12209038436412811,0.12209038436412811,1.107735276222229,0.15312188863754272,-0.5128692388534546,0.5,0.38695335388183594,0.6130466461181641,126.7392578125,4411530,
0.05277399718761444,0.013275805860757828,0.013275805860757828,0.013275805860757828,1.079046368598938,0.04890799894928932,-0.41046783328056335,0.5,0.48770761489868164,0.5122923851013184,116.1962890625,4044466,
-0.0499986968934536,-0.047751765698194504,-0.047751765698194504,-0.047751765698194504,-0.05261397361755371,0.9502931237220764,-0.28194189071655273,0.5,0.5442146062850952,0.4557854235172272,75.6259765625,2631970,
0.034049566835165024,-0.0076537285931408405,-0.0076537285931408405,-0.0076537285931408405,0.03432667255401611,0.9919273853302002,-0.125436931848526,0.5,0.5070867538452148,0.49291321635246277,68.9033203125,2397914,
-0.11601413041353226,-0.11800820380449295,-0.11800820380449295,-0.11800820380449295,-0.11750739067792892,0.9872921705245972,-0.09591426700353622,0.5,0.6092668771743774,0.39073315262794495,70.1708984375,2442046,
0.4409606456756592,0.3987765312194824,0.3987765312194824,0.3987765312194824,-0.5141027569770813,-0.8577286005020142,0.0,0.5,0.13076245784759521,0.8692375421524048,63.2099609375,2199694,
0.4047830402851105,0.3914606273174286,0.3914606273174286,0.3914606273174286,-0.48561006784439087,-0.8335556983947754,0.18596649169921875,0.5,0.13753652572631836,0.8624634742736816,64.9560546875,2260486,
0.4047830402851105,0.37783053517341614,0.37783053517341614,0.37783053517341614,-0.48561006784439087,-0.8335556983947754,-0.18596649169921875,0.5,0.1501569151878357,0.8498430848121643,61.9921875,2157296,
0.12084143608808517,0.12100842595100403,0.12100842595100403,0.12100842595100403,-0.22457380592823029,-0.538092315196991,0.6033384203910828,0.5,0.3879551291465759,0.6120448708534241,64.857421875,2257052,
0.05358777195215225,0.10998296737670898,0.10998296737670898,0.10998296737670898,-0.1214028149843216,-0.44140470027923584,0.6806561946868896,0.5,0.39816391468048096,0.601836085319519,69.822265625,2429908,
0.1660138964653015,0.13290125131607056,0.13290125131607056,0.13290125131607056,-0.23283132910728455,-0.7130221724510193,0.5042828917503357,0.5,0.37694329023361206,0.6230567097663879,66.3310546875,2308358,
0.15050047636032104,0.1305868923664093,0.1305868923664093,0.1305868923664093,-0.31125447154045105,-0.4835287034511566,-0.5838643908500671,0.5,0.3790861964225769,0.6209138035774231,68.1826171875,2372822,
0.09684360027313232,0.10674020648002625,0.10674020648002625,0.10674020648002625,-0.29341191053390503,-0.330060213804245,-0.6358322501182556,0.5,0.40116649866104126,0.5988335013389587,63.3642578125,2205066,
0.2521442472934723,0.226958230137825,0.226958230137825,0.226958230137825,-0.418832927942276,-0.602016270160675,-0.47344455122947693,0.5,0.2898535132408142,0.7101464867591858,65.3779296875,2275174,
-0.5022686719894409,-0.41625896096229553,-0.41625896096229553,-0.41625896096229553,0.9679524898529053,-0.518898069858551,0.5956923961639404,0.5,0.8854249715805054,0.11457505077123642,122.2451171875,4255062,
-0.47142478823661804,-0.40073081851005554,-0.40073081851005554,-0.40073081851005554,0.8742574453353882,-0.5392287969589233,0.8159424066543579,0.5,0.8710470199584961,0.1289529651403427,115.1025390625,4006386,
-0.449821799993515,-0.3465852737426758,-0.3465852737426758,-0.3465852737426758,1.026792049407959,-0.43808460235595703,0.5915258526802063,0.5,0.82091224193573,0.17908772826194763,120.349609375,4189068,
-0.07559920847415924,-0.0566154383122921,-0.0566154383122921,-0.0566154383122921,0.49044567346572876,-0.15414389967918396,0.9209940433502197,0.5,0.5524216890335083,0.4475783109664917,98.296875,3421280,
-0.02100488357245922,-0.011879103258252144,-0.011879103258252144,-0.011879103258252144,0.4081685245037079,-0.05146130174398422,0.9078755378723145,0.5,0.5109991431236267,0.4890008568763733,91.3271484375,3178622,
-0.1122380942106247,-0.10894787311553955,-0.10894787311553955,-0.10894787311553955,0.671085000038147,-0.1672486960887909,0.9556883573532104,0.5,0.6008776426315308,0.39912235736846924,110.5576171875,3848150,
-0.17528104782104492,-0.16110076010227203,-0.16110076010227203,-0.16110076010227203,1.1191450357437134,-0.15662048757076263,0.5413593649864197,0.5,0.6491673588752747,0.35083264112472534,126.5615234375,4405342,
-0.05958721041679382,-0.04873586446046829,-0.04873586446046829,-0.04873586446046829,1.1362144947052002,-0.05244362726807594,0.5504499077796936,0.5,0.5451257824897766,0.4548742175102234,122.0400390625,4247922,
-0.16413424909114838,-0.1997992843389511,-0.1997992843389511,-0.1997992843389511,1.09656822681427,-0.14967992901802063,0.48434582352638245,0.5,0.6849993467330933,0.31500065326690674,120.1787109375,4183118,
-0.0,0.019446583464741707,0.019446583464741707,0.019446583464741707,-0.36800679564476013,0.0,0.6356116533279419,0.5,0.4819938540458679,0.5180061459541321,61.2548828125,2131626,
0.04827417805790901,0.055814869701862335,0.055814869701862335,0.055814869701862335,-0.47855180501937866,-0.10087555646896362,0.5764690637588501,0.5,0.44831955432891846,0.5516804456710815,63.5888671875,2212886,
-0.04827417805790901,0.010298468172550201,0.010298468172550201,0.010298468172550201,-0.47855180501937866,0.10087555646896362,0.5764690637588501,0.5,0.49046438932418823,0.5095356106758118,60.185546875,2094396,
0.3354423940181732,0.35746172070503235,0.35746172070503235,0.35746172070503235,-0.8020580410957336,-0.41822707653045654,0.2608276605606079,0.5,0.16901689767837524,0.8309831023216248,58.5205078125,2036426,
0.42199984192848206,0.3858518898487091,0.3858518898487091,0.3858518898487091,-0.8562487959861755,-0.4928472340106964,0.09379300475120544,0.5,0.14272969961166382,0.8572703003883362,60.880859375,2118604,
0.26275527477264404,0.18943986296653748,0.18943986296653748,0.18943986296653748,-0.8457839488983154,-0.3106647729873657,0.26109766960144043,0.5,0.3245927691459656,0.6754072308540344,64.9326171875,2259670,
-0.27714332938194275,-0.26407158374786377,-0.26407158374786377,-0.26407158374786377,-0.6663359999656677,0.41592127084732056,0.3924565017223358,0.5,0.7445107102394104,0.2554892897605896,61.0107421875,2123126,
-0.30968141555786133,-0.30841508507728577,-0.30841508507728577,-0.30841508507728577,-0.6118850708007812,0.506110429763794,0.3940708339214325,0.5,0.7855695486068726,0.21443048119544983,60.0849609375,2090894,
-0.1708848476409912,-0.1694585084915161,-0.1694585084915161,-0.1694585084915161,-0.5565470457077026,0.30704474449157715,0.5019866228103638,0.5,0.656906008720398,0.34309399127960205,62.5458984375,2176574,
0.4572587311267853,0.38337159156799316,0.38337159156799316,0.38337159156799316,0.5462486147880554,0.8370890617370605,0.3183143734931946,0.5,0.1450263261795044,0.8549736738204956,85.15234375,2963640,
0.3749310374259949,0.30909109115600586,0.30909109115600586,0.30909109115600586,0.43935081362724304,0.8533750772476196,0.4758204519748688,0.5,0.21380454301834106,0.7861954569816589,84.12890625,2928008,
0.4552081227302551,0.35743656754493713,0.35743656754493713,0.35743656754493713,0.5408322215080261,0.8416808247566223,0.26087844371795654,0.5,0.16904020309448242,0.8309597969055176,86.53125,3011648,
0.034240029752254486,0.03735435754060745,0.03735435754060745,0.03735435754060745,0.06323066353797913,0.5415098667144775,0.7130927443504333,0.5,0.46541261672973633,0.5345873832702637,78.6845703125,2738458,
-0.011132839135825634,0.03323540836572647,0.03323540836572647,0.03323540836572647,-0.025164538994431496,0.4424018859863281,0.7167977094650269,0.5,0.4692264795303345,0.5307735204696655,73.1494140625,2545746,
0.05264716222882271,0.03252652660012245,0.03252652660012245,0.03252652660012245,0.0721263661980629,0.729929506778717,0.6126115918159485,0.5,0.4698828458786011,0.5301171541213989,76.986328125,2679332,
0.48222655057907104,0.351823627948761,0.351823627948761,0.351823627948761,0.6047763228416443,0.7973634600639343,0.08741531521081924,0.5,0.17423737049102783,0.8257626295089722,85.4169921875,2972854,
0.47958216071128845,0.3496074080467224,0.3496074080467224,0.3496074080467224,0.5986350774765015,0.8011260628700256,0.029150988906621933,0.5,0.17628943920135498,0.823710560798645,87.3115234375,3038814,
0.4997777044773102,0.4046455919742584,0.4046455919742584,0.4046455919742584,0.6797434687614441,0.7352445721626282,0.08653268218040466,0.5,0.12532812356948853,0.8746718764305115,84.8779296875,2954086,
-0.4409606456756592,-0.3976268172264099,-0.3976268172264099,-0.3976268172264099,-0.8577286005020142,0.5141027569770813,0.0,0.5,0.8681729435920715,0.13182704150676727,62.5244140625,2175826,
-0.38383936882019043,-0.3107050061225891,-0.3107050061225891,-0.3107050061225891,-0.8360617160797119,0.45910412073135376,0.1826164424419403,0.5,0.7876898050308228,0.21231019496917725,63.74609375,2218360,
-0.38383936882019043,-0.3124768137931824,-0.3124768137931824,-0.3124768137931824,-0.8360617160797119,0.45910412073135376,-0.1826164424419403,0.5,0.7893303632736206,0.2106696218252182,63.083984375,2195308,
-0.11837048083543777,-0.13044290244579315,-0.13044290244579315,-0.13044290244579315,-0.7627898454666138,0.15518099069595337,0.38396093249320984,0.5,0.6207804679870605,0.37921953201293945,60.783203125,2115204,
-0.09364558756351471,-0.08130455017089844,-0.08130455017089844,-0.08130455017089844,-0.6115151047706604,0.1531369984149933,0.4942035675048828,0.5,0.5752819776535034,0.4247180223464966,58.8837890625,2049074,
-0.040310729295015335,-0.04168575257062912,-0.04168575257062912,-0.04168575257062912,-0.779230535030365,0.05173145607113838,0.37992164492607117,0.5,0.5385979413986206,0.4614020884037018,61.8681640625,2152978,
-0.12457787990570068,-0.048760294914245605,-0.048760294914245605,-0.048760294914245605,-0.4963979721069336,0.2509637176990509,-0.5486956834793091,0.5,0.5451484322547913,0.45485156774520874,60.283203125,2097796,
-0.08924342691898346,-0.09654346853494644,-0.09654346853494644,-0.09654346853494644,-0.35429203510284424,0.2518922686576843,-0.6221050024032593,0.5,0.5893920660018921,0.4106079041957855,69.0634765625,2403490,
-0.2223106026649475,-0.17958183586597443,-0.17958183586597443,-0.17958183586597443,-0.6134969592094421,0.362366259098053,-0.45014336705207825,0.5,0.6662794351577759,0.33372053503990173,63.029296875,2193404,
-0.4409606456756592,-0.32257843017578125,-0.32257843017578125,-0.32257843017578125,0.8577286005020142,-0.5141027569770813,0.0,0.5,0.7986837029457092,0.20131628215312958,101.1845703125,3521818,
-0.4393123984336853,-0.40643197298049927,-0.40643197298049927,-0.40643197298049927,0.8615856766700745,-0.509888231754303,0.05671682581305504,0.5,0.8763259053230286,0.12367411702871323,103.6435546875,3607430,
-0.4393123984336853,-0.32011136412620544,-0.32011136412620544,-0.32011136412620544,0.8615856766700745,-0.509888231754303,-0.05671682581305504,0.5,0.7963994145393372,0.20360060036182404,97.6708984375,3399486,
-0.4459242820739746,-0.33559468388557434,-0.33559468388557434,-0.33559468388557434,0.8826913833618164,-0.5051870942115784,0.21882891654968262,0.5,0.810735821723938,0.1892641931772232,101.5908203125,3535962,
-0.452111154794693,-0.33661890029907227,-0.33661890029907227,-0.33661890029907227,0.892920970916748,-0.506328284740448,0.27490270137786865,0.5,0.8116841316223145,0.18831583857536316,106.806640625,3717556,
-0.385988712310791,-0.31288304924964905,-0.31288304924964905,-0.31288304924964905,0.919463038444519,-0.41979795694351196,0.16323037445545197,0.5,0.7897065281867981,0.2102934867143631,105.2607421875,3663734,
-0.48570263385772705,-0.4015468657016754,-0.4015468657016754,-0.4015468657016754,0.8283886909484863,-0.5863221287727356,-0.22224903106689453,0.5,0.8718026280403137,0.12819735705852509,96.556640625,3360692,
-0.5124695897102356,-0.43273353576660156,-0.43273353576660156,-0.43273353576660156,0.7748808860778809,-0.6613526940345764,-0.2839616537094116,0.5,0.9006791710853577,0.09932081401348114,97.458984375,3392108,
-0.4815157353878021,-0.3825105130672455,-0.3825105130672455,-0.3825105130672455,0.8203362822532654,-0.5869736075401306,-0.16903606057167053,0.5,0.85417640209198,0.1458236128091812,101.734375,3540960,
0.0,-0.022077491506934166,-0.022077491506934166,-0.022077491506934166,1.1651108264923096,0.0,0.6113536953926086,0.5,0.5204421281814575,0.4795578718185425,129.3486328125,4502378,
-0.12377271801233292,-0.09615498781204224,-0.09615498781204224,-0.09615498781204224,1.1773045063018799,-0.10513228923082352,0.6550001502037048,0.5,0.5890324115753174,0.410967618227005,133.4296875,4644464,
0.12377271801233292,0.08269713819026947,0.08269713819026947,0.08269713819026947,1.1773045063018799,0.10513228923082352,0.6550001502037048,0.5,0.4234285354614258,0.5765714645385742,129.33203125,4501800,
-0.29688528180122375,-0.2904905378818512,-0.2904905378818512,-0.2904905378818512,1.147028923034668,-0.258829802274704,0.6762763857841492,0.5,0.7689726948738098,0.231027290225029,143.3076171875,4988374,
-0.291355699300766,-0.261359840631485,-0.261359840631485,-0.261359840631485,1.1251112222671509,-0.25895723700523376,0.6201876401901245,0.5,0.7419998645782471,0.2580001652240753,125.830078125,4379876,
-0.3099597990512848,-0.26721063256263733,-0.26721063256263733,-0.26721063256263733,1.1655747890472412,-0.265928715467453,0.7406061887741089,0.5,0.7474172115325928,0.25258275866508484,135.95703125,4732456,
0.40288621187210083,0.34751927852630615,0.34751927852630615,0.34751927852630615,1.0345548391342163,0.3894295394420624,0.5310258269309998,0.5,0.1782228946685791,0.8217771053314209,117.9560546875,4105734,
0.4678560495376587,0.42614197731018066,0.42614197731018066,0.42614197731018066,0.9838202595710754,0.4755503237247467,0.5326736569404602,0.5,0.10542410612106323,0.8945758938789368,113.654296875,3955964,
0.30858394503593445,0.2740134000778198,0.2740134000778198,0.2740134000778198,1.0553284883499146,0.2924055755138397,0.4742562770843506,0.5,0.2462838888168335,0.7537161111831665,121.7060546875,4236294,
-0.5022686719894409,-0.42301473021507263,-0.42301473021507263,-0.42301473021507263,0.9679524898529053,-0.518898069858551,-0.5956923961639404,0.5,0.8916803002357483,0.1083197072148323,114.2685546875,3977350,
-0.449821799993515,-0.3721942603588104,-0.3721942603588104,-0.3721942603588104,1.026792049407959,-0.43808460235595703,-0.5915258526802063,0.5,0.8446242809295654,0.15537570416927338,117.3671875,4085232,
-0.47142478823661804,-0.42486852407455444,-0.42486852407455444,-0.42486852407455444,0.8742574453353882,-0.5392287969589233,-0.8159424066543579,0.5,0.8933967351913452,0.1066032350063324,115.216796875,4010364,
-0.17528104782104492,-0.1586555391550064,-0.1586555391550064,-0.1586555391550064,1.1191450357437134,-0.15662048757076263,-0.5413593649864197,0.5,0.6469032764434814,0.35309675335884094,134.853515625,4694036,
-0.16413424909114838,-0.12958312034606934,-0.12958312034606934,-0.12958312034606934,1.09656822681427,-0.14967992901802063,-0.48434582352638245,0.5,0.6199843883514404,0.38001564145088196,115.2177734375,4010398,
-0.05893824249505997,-0.08718635141849518,-0.08718635141849518,-0.08718635141849518,1.1242938041687012,-0.052422456443309784,-0.5231060981750488,0.5,0.5807280540466309,0.41927191615104675,125.84375,4380352,
-0.10866464674472809,-0.10158412158489227,-0.10158412158489227,-0.10158412158489227,0.42425116896629333,-0.2561328113079071,-0.8922522068023682,0.5,0.5940593481063843,0.40594062209129333,93.0244140625,3237714,
-0.07041335105895996,-0.04168890789151192,-0.04168890789151192,-0.04168890789151192,0.2746675908565521,-0.25635841488838196,-0.853465735912323,0.5,0.5386008620262146,0.4613991379737854,82.71875,2878912,
-0.20833958685398102,-0.1640024334192276,-0.1640024334192276,-0.1640024334192276,0.5400263667106628,-0.3857952058315277,-0.8883221745491028,0.5,0.6518540978431702,0.34814590215682983,96.0078125,3341584,
0.0,0.016381118446588516,0.016381118446588516,0.016381118446588516,1.0532203912734985,0.0,-0.33109185099601746,0.5,0.4848322868347168,0.5151677131652832,118.4658203125,4123482,
-0.10168416798114777,-0.08131735771894455,-0.08131735771894455,-0.08131735771894455,1.0442496538162231,-0.09737534075975418,-0.3181629180908203,0.5,0.5752938389778137,0.4247061610221863,115.0439453125,4004346,
0.10168416798114777,0.06118541583418846,0.06118541583418846,0.06118541583418846,1.0442496538162231,0.09737534075975418,-0.3181629180908203,0.5,0.44334685802459717,0.5566531419754028,109.365234375,3806636,
-0.3632175028324127,-0.2395896166563034,-0.2395896166563034,-0.2395896166563034,0.9674362540245056,-0.37544333934783936,-0.3018781244754791,0.5,0.7218422293663025,0.2781577706336975,105.4443359375,3670126,
-0.42902687191963196,-0.3227030038833618,-0.3227030038833618,-0.3227030038833618,0.9237088561058044,-0.46446114778518677,-0.3019814193248749,0.5,0.7987990379333496,0.201200932264328,105.3447265625,3666658,
-0.2807125449180603,-0.2129591405391693,-0.2129591405391693,-0.2129591405391693,0.9878067374229431,-0.28417760133743286,-0.2487032413482666,0.5,0.6971843838691711,0.30281561613082886,110.6650390625,3851890,
0.3705027401447296,0.2890854775905609,0.2890854775905609,0.2890854775905609,0.9823914170265198,0.3771437108516693,-0.3582087755203247,0.5,0.23232829570770264,0.7676717042922974,109.0283203125,3794906,
0.445514053106308,0.29778558015823364,0.29778558015823364,0.29778558015823364,0.9523829817771912,0.4677887558937073,-0.4143502414226532,0.5,0.22427260875701904,0.775727391242981,109.384765625,3807316,
0.292550653219223,0.2602519094944,0.2602519094944,0.2602519094944,1.0172033309936523,0.2876029312610626,-0.36027792096138,0.5,0.2590259909629822,0.7409740090370178,115.7119140625,4027602,
0.0,-0.01930067501962185,-0.01930067501962185,-0.01930067501962185,0.36781740188598633,0.0,-0.8983669281005859,0.5,0.5178710222244263,0.48212897777557373,91.2587890625,3176242,
-0.04621254280209541,-0.021466143429279327,-0.021466143429279327,-0.021466143429279327,0.4490615129470825,-0.1029091626405716,-0.9154653549194336,0.5,0.5198760628700256,0.48012393712997437,94.6708984375,3295038,
0.04621254280209541,0.03022725321352482,0.03022725321352482,0.03022725321352482,0.4490615129470825,0.1029091626405716,-0.9154653549194336,0.5,0.4720118045806885,0.5279881954193115,92.923828125,3234212,
-0.268307626247406,-0.24034631252288818,-0.24034631252288818,-0.24034631252288818,0.8913998603820801,-0.3009958267211914,-0.9534614086151123,0.5,0.7225428819656372,0.2774571180343628,128.24609375,4463992,
-0.35448920726776123,-0.28910017013549805,-0.28910017013549805,-0.28910017013549805,0.8311986327171326,-0.4264795482158661,-0.9043999910354614,0.5,0.7676853537559509,0.23231466114521027,113.1083984375,3936958,
-0.35755908489227295,-0.321571946144104,-0.321571946144104,-0.321571946144104,1.118782639503479,-0.3195965588092804,-0.8884243369102478,0.5,0.797751784324646,0.202248215675354,138.12890625,4808072,
0.2688656151294708,0.2212052196264267,0.2212052196264267,0.2212052196264267,0.5995798110961914,0.4484234154224396,-0.8774425983428955,0.5,0.2951803207397461,0.7048196792602539,98.8876953125,3441850,
0.28412193059921265,0.2376311868429184,0.2376311868429184,0.2376311868429184,0.5230574011802673,0.5431945323944092,-0.8247635364532471,0.5,0.2799711227416992,0.7200288772583008,96.3173828125,3352362,
0.15476727485656738,0.12108337134122849,0.12108337134122849,0.12108337134122849,0.4816020429134369,0.321359246969223,-0.8928351998329163,0.5,0.3878857493400574,0.6121142506599426,97.4853515625,3393026,
0.4409606456756592,0.3099559545516968,0.3099559545516968,0.3099559545516968,0.5141027569770813,0.8577286005020142,0.0,0.5,0.2130037546157837,0.7869962453842163,78.666015625,2737812,
0.39072975516319275,0.30253660678863525,0.30253660678863525,0.30253660678863525,0.43377673625946045,0.9007623791694641,0.0584908165037632,0.5,0.2198735475540161,0.7801264524459839,81.552734375,2838316,
0.39072975516319275,0.30351486802101135,0.30351486802101135,0.30351486802101135,0.43377673625946045,0.9007623791694641,-0.0584908165037632,0.5,0.21896767616271973,0.7810323238372803,81.453125,2834848,
0.36391451954841614,0.2538469731807709,0.2538469731807709,0.2538469731807709,0.397788405418396,0.9148444533348083,0.14616893231868744,0.5,0.264956533908844,0.735043466091156,80.1552734375,2789662,
0.4249342679977417,0.3083891272544861,0.3083891272544861,0.3083891272544861,0.48678651452064514,0.8729376196861267,0.14605559408664703,0.5,0.2144545316696167,0.7855454683303833,85.9736328125,2992234,
0.2890721559524536,0.18517544865608215,0.18517544865608215,0.18517544865608215,0.3050430119037628,0.9476439356803894,0.14721281826496124,0.5,0.32854121923446655,0.6714587807655334,77.61328125,2701160,
0.4904158115386963,0.3733011484146118,0.3733011484146118,0.3733011484146118,0.6201357841491699,0.7908200621604919,-0.23085527122020721,0.5,0.15435081720352173,0.8456491827964783,83.87109375,2919032,
0.49405720829963684,0.38522738218307495,0.38522738218307495,0.38522738218307495,0.6268048286437988,0.7882153987884521,-0.2882404923439026,0.5,0.14330798387527466,0.8566920161247253,91.8759765625,3197730,
0.5043017864227295,0.38222870230674744,0.38222870230674744,0.38222870230674744,0.6893157958984375,0.7315976023674011,-0.1725916862487793,0.5,0.14608454704284668,0.8539154529571533,91.4501953125,3182906,
0.4572587311267853,0.3723811209201813,0.3723811209201813,0.3723811209201813,0.5462486147880554,0.8370890617370605,-0.3183143734931946,0.5,0.15520262718200684,0.8447973728179932,83.6435546875,2911110,
0.4552081227302551,0.33836445212364197,0.33836445212364197,0.33836445212364197,0.5408322215080261,0.8416808247566223,-0.26087844371795654,0.5,0.18669962882995605,0.813300371170044,88.41796875,3077336,
0.3749310374259949,0.2926630675792694,0.2926630675792694,0.2926630675792694,0.43935081362724304,0.8533750772476196,-0.4758204519748688,0.5,0.22901570796966553,0.7709842920303345,89.5693359375,3117422,
0.360250860452652,0.3004843592643738,0.3004843592643738,0.3004843592643738,0.3919885456562042,0.9190341830253601,-0.08771120756864548,0.5,0.22177374362945557,0.7782262563705444,81.1201171875,2823254,
0.3886655867099762,0.25807398557662964,0.25807398557662964,0.25807398557662964,0.43068474531173706,0.902436375617981,-0.0292429868131876,0.5,0.26104259490966797,0.738957405090332,82.0498046875,2855622,
0.28521570563316345,0.1994776725769043,0.1994776725769043,0.1994776725769043,0.29946357011795044,0.9524220824241638,-0.08865020424127579,0.5,0.3152984380722046,0.6847015619277954,74.625,2597120,
0.08221113681793213,0.05208880826830864,0.05208880826830864,0.05208880826830864,0.168184295296669,0.4888157546520233,-0.7656803727149963,0.5,0.4517696499824524,0.5482303500175476,77.771484375,2706668,
0.06304674595594406,0.06821807473897934,0.06821807473897934,0.06821807473897934,0.18838109076023102,0.3346766233444214,-0.81416255235672,0.5,0.4368351101875305,0.5631648898124695,80.4931640625,2801426,
0.17967262864112854,0.14757007360458374,0.14757007360458374,0.14757007360458374,0.2859242558479309,0.6283923983573914,-0.7351033091545105,0.5,0.36336106061935425,0.6366389393806458,84.1533203125,2928858,
0.2356983721256256,0.2140474170446396,0.2140474170446396,0.2140474170446396,-0.9700312614440918,-0.24298018217086792,0.0,0.5,0.3018079400062561,0.6981920599937439,64.4052734375,2241310,
0.23480333387851715,0.17052051424980164,0.17052051424980164,0.17052051424980164,-0.9166053533554077,-0.2561662197113037,0.18130595982074738,0.5,0.34211069345474243,0.6578893065452576,65.4111328125,2276330,
0.23480333387851715,0.20711490511894226,0.20711490511894226,0.20711490511894226,-0.9166053533554077,-0.2561662197113037,-0.18130595982074738,0.5,0.308227002620697,0.691772997379303,67.103515625,2335252,
0.11837048083543777,0.12322212010622025,0.12322212010622025,0.12322212010622025,-0.7627898454666138,-0.15518099069595337,0.38396093249320984,0.5,0.3859054446220398,0.6140945553779602,63.9638671875,2225942,
0.040310729295015335,0.07612836360931396,0.07612836360931396,0.07612836360931396,-0.779230535030365,-0.05173145607113838,0.37992164492607117,0.5,0.42951077222824097,0.570489227771759,58.28515625,2028232,
0.09364558756351471,0.11424198001623154,0.11424198001623154,0.11424198001623154,-0.6115151047706604,-0.1531369984149933,0.4942035675048828,0.5,0.39422041177749634,0.6057795882225037,61.126953125,2127172,
0.08026614040136337,0.08600439131259918,0.08600439131259918,0.08600439131259918,-0.531680703163147,-0.1509668081998825,-0.5427252650260925,0.5,0.4203663468360901,0.5796336531639099,61.7333984375,2148286,
0.021388979628682137,-0.055189959704875946,-0.055189959704875946,-0.055189959704875946,-0.42389535903930664,-0.0504581592977047,-0.607380747795105,0.5,0.551101803779602,0.44889816641807556,66.9287109375,2329166,
0.10643114894628525,0.08872652798891068,0.08872652798891068,0.08872652798891068,-0.6889330744743347,-0.15448692440986633,-0.4415046274662018,0.5,0.41784584522247314,0.5821541547775269,62.517578125,2175588,
-0.05136095732450485,-0.07364528626203537,-0.07364528626203537,-0.07364528626203537,0.20045334100723267,-0.25622400641441345,0.8320869207382202,0.5,0.5681900978088379,0.4318099021911621,78.353515625,2726932,
-0.08954117447137833,-0.11035165190696716,-0.11035165190696716,-0.11035165190696716,0.34931519627571106,-0.25633347034454346,0.8735482096672058,0.5,0.6021774411201477,0.3978225588798523,85.3134765625,2969250,
-0.07323122024536133,-0.07340619713068008,-0.07340619713068008,-0.07340619713068008,0.17757976055145264,-0.412384957075119,0.792152464389801,0.5,0.5679687261581421,0.4320313036441803,79.9775390625,2783474,
-0.38498225808143616,-0.372950941324234,-0.372950941324234,-0.372950941324234,0.7995147705078125,-0.481519877910614,0.8758350610733032,0.5,0.8453249335289001,0.15467506647109985,111.3564453125,3875962,
-0.3083386719226837,-0.2722223401069641,-0.2722223401069641,-0.2722223401069641,0.8590376973152161,-0.3589349687099457,0.933285653591156,0.5,0.7520577311515808,0.24794228374958038,119.3466796875,4154150,
-0.5044808387756348,-0.46407026052474976,-0.46407026052474976,-0.46407026052474976,0.9794584512710571,-0.5150609612464905,0.7429275512695312,0.5,0.929694652557373,0.07030533254146576,121.125,4216064,
-0.06676878035068512,0.005034994333982468,0.005034994333982468,0.005034994333982468,0.08222980797290802,-0.8119778633117676,0.5434106588363647,0.5,0.49533796310424805,0.504662036895752,71.8544921875,2500662,
0.02179032564163208,0.043634429574012756,0.043634429574012756,0.043634429574012756,-0.025984831154346466,-0.8385787010192871,0.48044902086257935,0.5,0.45959776639938354,0.5404022336006165,73.9111328125,2572266,
-0.042189598083496094,-0.0005606783670373261,-0.0005606783670373261,-0.0005606783670373261,0.06606905907392502,-0.6385681629180908,0.6686325073242188,0.5,0.5005191564559937,0.49948084354400635,75.0810546875,2612998,
-0.28558221459388733,-0.18066374957561493,-0.18066374957561493,-0.18066374957561493,0.4851554334163666,-0.5886406302452087,-0.7949545383453369,0.5,0.6672812700271606,0.33271872997283936,95.033203125,3307652,
-0.2785877287387848,-0.23032638430595398,-0.23032638430595398,-0.23032638430595398,0.5613282918930054,-0.4963008761405945,-0.8523072600364685,0.5,0.7132651805877686,0.28673484921455383,95.505859375,3324108,
-0.25926971435546875,-0.22048737108707428,-0.22048737108707428,-0.22048737108707428,0.3937778174877167,-0.6584162712097168,-0.737522542476654,0.5,0.7041549682617188,0.29584506154060364,93.4755859375,3253422,
-0.38498225808143616,-0.2995385527610779,-0.2995385527610779,-0.2995385527610779,0.7995147705078125,-0.481519877910614,-0.8758350610733032,0.5,0.7773504853248596,0.2226494997739792,119.8994140625,4173394,
-0.5044808387756348,-0.4006809890270233,-0.4006809890270233,-0.4006809890270233,0.9794584512710571,-0.5150609612464905,-0.7429275512695312,0.5,0.8710008859634399,0.12899909913539886,122.7763671875,4273558,
-0.40446004271507263,-0.37661564350128174,-0.37661564350128174,-0.37661564350128174,0.9358277916908264,-0.43219494819641113,-0.8903542757034302,0.5,0.8487181663513184,0.15128181874752045,127.26953125,4429992,
-0.1913849413394928,-0.15392431616783142,-0.15392431616783142,-0.15392431616783142,0.21329160034656525,-0.89729243516922,-0.4410370886325836,0.5,0.6425225138664246,0.35747748613357544,73.81640625,2568968,
-0.23247598111629486,-0.15488646924495697,-0.15488646924495697,-0.15488646924495697,0.2443384975194931,-0.9514504671096802,-0.24739381670951843,0.5,0.6434134244918823,0.35658660531044006,75.27734375,2619832,
-0.27609774470329285,-0.2244769185781479,-0.2244769185781479,-0.2244769185781479,0.3224937319755554,-0.8561336398124695,-0.5133832097053528,0.5,0.7078490257263184,0.29215100407600403,88.462890625,3078900,
-0.24740548431873322,-0.2011963576078415,-0.2011963576078415,-0.2011963576078415,0.25757038593292236,-0.96053546667099,0.14754518866539001,0.5,0.6862928867340088,0.3137070834636688,80.435546875,2799420,
-0.2140273004770279,-0.14671608805656433,-0.14671608805656433,-0.14671608805656433,0.22971253097057343,-0.9317179918289185,0.3461598753929138,0.5,0.6358482241630554,0.3641517758369446,73.232421875,2548636,
-0.3280329704284668,-0.246970996260643,-0.246970996260643,-0.246970996260643,0.35181429982185364,-0.9324037432670593,0.14678625762462616,0.5,0.7286768555641174,0.27132314443588257,80.55859375,2803704,
-0.24093858897686005,-0.21113348007202148,-0.21113348007202148,-0.21113348007202148,0.34843000769615173,-0.691497802734375,0.7064860463142395,0.5,0.6954939365386963,0.3045060336589813,83.5390625,2907472,
-0.12652793526649475,-0.05450136214494705,-0.05450136214494705,-0.05450136214494705,0.22581550478935242,-0.5603155493736267,0.754034161567688,0.5,0.5504642128944397,0.4495357871055603,74.451171875,2591068,
-0.2739051282405853,-0.19477851688861847,-0.19477851688861847,-0.19477851688861847,0.4390273094177246,-0.6238908767700195,0.7670964598655701,0.5,0.6803504228591919,0.3196495473384857,88.3447265625,3074786,
-0.48222655057907104,-0.35632824897766113,-0.35632824897766113,-0.35632824897766113,0.6047763228416443,-0.7973634600639343,0.08741531521081924,0.5,0.8299335241317749,0.1700664460659027,85.267578125,2967652,
-0.4997777044773102,-0.38803407549858093,-0.38803407549858093,-0.38803407549858093,0.6797434687614441,-0.7352445721626282,0.08653268218040466,0.5,0.8592907786369324,0.14070920646190643,92.4697265625,3218402,
-0.4911920130252838,-0.3277222812175751,-0.3277222812175751,-0.3277222812175751,0.6372287273406982,-0.7708252668380737,0.029123589396476746,0.5,0.8034465312957764,0.19655345380306244,84.2587890625,2932530,
0.02665640413761139,0.017988448962569237,0.017988448962569237,0.017988448962569237,-0.06803533434867859,-0.3918023407459259,0.7149103879928589,0.5,0.48334401845932007,0.5166559815406799,69.8388671875,2430486,
-0.00918308924883604,-0.03455863147974014,-0.03455863147974014,-0.03455863147974014,0.01864803396165371,-0.4924427568912506,0.716280996799469,0.5,0.5319987535476685,0.46800124645233154,72.0341796875,2506918,
0.06700526922941208,0.016652682796120644,0.016652682796120644,0.016652682796120644,-0.1295824497938156,-0.5170859694480896,0.6519421935081482,0.5,0.4845808148384094,0.5154191851615906,67.2412109375,2340046,
-0.08221113681793213,-0.12252891063690186,-0.12252891063690186,-0.12252891063690186,0.168184295296669,-0.4888157546520233,0.7656803727149963,0.5,0.613452672958374,0.3865472972393036,77.9169921875,2711734,
-0.08898025006055832,-0.06095224618911743,-0.06095224618911743,-0.06095224618911743,0.23117998242378235,-0.38489601016044617,0.8150335550308228,0.5,0.5564372539520264,0.44356274604797363,84.69140625,2947592,
-0.14887340366840363,-0.1263134926557541,-0.1263134926557541,-0.1263134926557541,0.2791166305541992,-0.5333734750747681,0.7794914245605469,0.5,0.6169569492340088,0.3830430507659912,84.3828125,2936848,
0.2685376703739166,0.2773352265357971,0.2773352265357971,0.2773352265357971,-0.30570825934410095,-0.878411591053009,0.282465398311615,0.5,0.243208110332489,0.756791889667511,63.2587890625,2201394,
0.2560963034629822,0.21959590911865234,0.21959590911865234,0.21959590911865234,-0.26794788241386414,-0.9557690620422363,0.09756094217300415,0.5,0.29667043685913086,0.7033295631408691,60.1416015625,2092866,
0.3394959568977356,0.2760747969150543,0.2760747969150543,0.2760747969150543,-0.4093376696109772,-0.8293787240982056,0.276212602853775,0.5,0.24437516927719116,0.7556248307228088,62.8134765625,2185890,
-0.45579129457473755,-0.38859859108924866,-0.38859859108924866,-0.38859859108924866,0.8985587358474731,-0.5072470903396606,0.3028756082057953,0.5,0.8598135113716125,0.14018650352954865,102.0986328125,3553642,
-0.39808449149131775,-0.33019983768463135,-0.33019983768463135,-0.33019983768463135,0.9466551542282104,-0.4205169081687927,0.30161595344543457,0.5,0.8057405948638916,0.1942594200372696,104.88671875,3650712,
-0.4224269390106201,-0.2841529846191406,-0.2841529846191406,-0.2841529846191406,0.9118413329124451,-0.4632680416107178,0.2456761598587036,0.5,0.7631046175956726,0.2368953973054886,104.5048828125,3637418,
-0.15112106502056122,-0.14823371171951294,-0.14823371171951294,-0.14823371171951294,1.036393404006958,-0.14581438899040222,0.31276530027389526,0.5,0.6372534036636353,0.36274656653404236,107.703125,3748768,
-0.051203902810811996,-0.03140874207019806,-0.03140874207019806,-0.03140874207019806,1.0498461723327637,-0.048772767186164856,0.3242332339286804,0.5,0.529082179069519,0.47091785073280334,115.720703125,4027908,
-0.14721448719501495,-0.12132048606872559,-0.12132048606872559,-0.12132048606872559,1.0217427015304565,-0.14408175647258759,0.2573392987251282,0.5,0.6123337745666504,0.3876662254333496,110.0830078125,3831626,
-0.350995272397995,-0.31328800320625305,-0.31328800320625305,-0.31328800320625305,0.9289183020591736,-0.37785375118255615,0.08156372606754303,0.5,0.7900815010070801,0.2099185287952423,102.5341796875,3568806,
-0.2763032615184784,-0.22122742235660553,-0.22122742235660553,-0.22122742235660553,0.9578413963317871,-0.2884645164012909,0.02709893137216568,0.5,0.7048401832580566,0.29515981674194336,101.107421875,3519132,
-0.4136190712451935,-0.3380184769630432,-0.3380184769630432,-0.3380184769630432,0.8879135847091675,-0.46583256125450134,0.08373475074768066,0.5,0.812980055809021,0.187019944190979,97.78125,3403328,
0.0,-0.0024700723588466644,-0.0024700723588466644,-0.0024700723588466644,0.8247459530830383,0.0,0.9883627891540527,0.5,0.5022871494293213,0.4977128803730011,122.134765625,4251220,
-0.09060092270374298,-0.07688699662685394,-0.07688699662685394,-0.07688699662685394,0.7827482223510742,-0.11574721336364746,0.9779751300811768,0.5,0.571191668510437,0.428808331489563,121.5615234375,4231262,
0.09060092270374298,0.06506184488534927,0.06506184488534927,0.06506184488534927,0.7827482223510742,0.11574721336364746,0.9779751300811768,0.5,0.4397575259208679,0.5602424740791321,120.953125,4210080,
-0.268307626247406,-0.22829332947731018,-0.22829332947731018,-0.22829332947731018,0.8913998603820801,-0.3009958267211914,0.9534614086151123,0.5,0.7113827466964722,0.2886172831058502,122.4931640625,4263698,
-0.35755908489227295,-0.3220227062702179,-0.3220227062702179,-0.3220227062702179,1.118782639503479,-0.3195965588092804,0.8884243369102478,0.5,0.7981691360473633,0.20183083415031433,149.5361328125,5205226,
-0.40446004271507263,-0.32691219449043274,-0.32691219449043274,-0.32691219449043274,0.9358277916908264,-0.43219494819641113,0.8903542757034302,0.5,0.8026964664459229,0.19730353355407715,124.318359375,4327244,
0.38498225808143616,0.37067553400993347,0.37067553400993347,0.37067553400993347,0.7995147705078125,0.481519877910614,0.8758350610733032,0.5,0.15678197145462036,0.8432180285453796,117.9931640625,4107026,
0.5206055045127869,0.37992310523986816,0.37992310523986816,0.37992310523986816,0.9404930472373962,0.5535452961921692,0.7043588161468506,0.5,0.14821934700012207,0.8517806529998779,112.9404296875,3931110,
0.3083386719226837,0.24947458505630493,0.24947458505630493,0.24947458505630493,0.8590376973152161,0.3589349687099457,0.933285653591156,0.5,0.2690050005912781,0.7309949994087219,121.4990234375,4229086,
0.07099206000566483,0.03066379763185978,0.03066379763185978,0.03066379763185978,-0.2817838490009308,-0.25193801522254944,0.6557095646858215,0.5,0.47160762548446655,0.5283923745155334,62.0283203125,2158554,
0.12357758730649948,0.0956820696592331,0.0956820696592331,0.0956820696592331,-0.30329424142837524,-0.40745115280151367,0.611991286277771,0.5,0.4114055037498474,0.5885944962501526,66.873046875,2327228,
0.10715382546186447,0.10829292237758636,0.10829292237758636,0.10829292237758636,-0.42595580220222473,-0.25156089663505554,0.5864765644073486,0.5,0.39972877502441406,0.6002712249755859,60.9638671875,2121494,
0.36802786588668823,0.3524278700351715,0.3524278700351715,0.3524278700351715,-0.45873481035232544,-0.8022671341896057,0.2707454562187195,0.5,0.17367786169052124,0.8263221383094788,69.4482421875,2416886,
0.34500768780708313,0.3036496341228485,0.3036496341228485,0.3036496341228485,-0.3900650143623352,-0.8844876289367676,0.18995033204555511,0.5,0.2188429832458496,0.7811570167541504,64.8974609375,2258446,
0.40431347489356995,0.34345316886901855,0.34345316886901855,0.34345316886901855,-0.46058574318885803,-0.8778245449066162,0.09463228285312653,0.5,0.18198782205581665,0.8180121779441833,67.958984375,2365036,
0.08026614040136337,0.09379873424768448,0.09379873424768448,0.09379873424768448,-0.531680703163147,-0.1509668081998825,0.5427252650260925,0.5,0.41314929723739624,0.5868507027626038,60.265625,2097184,
0.06429095566272736,0.05802515521645546,0.05802515521645546,0.05802515521645546,-0.6278122067451477,-0.10240475088357925,0.4885580539703369,0.5,0.44627296924591064,0.5537270307540894,61.02734375,2123704,
0.024927256628870964,-0.07443112134933472,-0.07443112134933472,-0.07443112134933472,-0.4944850504398346,-0.05041053518652916,0.5703877210617065,0.5,0.5689176917076111,0.4310823082923889,62.111328125,2161444,
-0.02665640413761139,-0.013066181913018227,-0.013066181913018227,-0.013066181913018227,-0.06803533434867859,0.3918023407459259,0.7149103879928589,0.5,0.5120983123779297,0.4879016876220703,68.755859375,2392780,
-0.08516453951597214,-0.08729932457208633,-0.08729932457208633,-0.08729932457208633,-0.1737043261528015,0.4902845025062561,0.6435086131095886,0.5,0.5808327198028564,0.41916730999946594,70.34375,2448064,
-0.017367864027619362,-0.030896160751581192,-0.030896160751581192,-0.030896160751581192,-0.03351609781384468,0.5181946754455566,0.6884411573410034,0.5,0.5286076068878174,0.471392422914505,72.6904296875,2529766,
-0.36802786588668823,-0.3180011212825775,-0.3180011212825775,-0.3180011212825775,-0.45873481035232544,0.8022671341896057,0.2707454562187195,0.5,0.7944454550743103,0.2055545300245285,66.51953125,2314920,
-0.4305584728717804,-0.38775089383125305,-0.38775089383125305,-0.38775089383125305,-0.5049550533294678,0.8526669144630432,0.09437157958745956,0.5,0.8590285778045654,0.14097140729427338,69.337890625,2413044,
-0.3055858910083771,-0.3120841085910797,-0.3120841085910797,-0.3120841085910797,-0.3573113679885864,0.8552369475364685,0.2803102135658264,0.5,0.7889667749404907,0.21103323996067047,62.8291015625,2186434,
0.1913849413394928,0.12703360617160797,0.12703360617160797,0.12703360617160797,0.21329160034656525,0.89729243516922,0.4410370886325836,0.5,0.3823763132095337,0.6176236867904663,75.13671875,2614936,
0.23247598111629486,0.1749129295349121,0.1749129295349121,0.1749129295349121,0.2443384975194931,0.9514504671096802,0.24739381670951843,0.5,0.33804357051849365,0.6619564294815063,74.72265625,2600520,
0.27609774470329285,0.16781139373779297,0.16781139373779297,0.16781139373779297,0.3224937319755554,0.8561336398124695,0.5133832097053528,0.5,0.34461909532546997,0.65538090467453,77.884765625,2710612,
0.3148651421070099,0.25536927580833435,0.25536927580833435,0.25536927580833435,1.1723734140396118,0.2685706913471222,0.773457407951355,0.5,0.26354700326919556,0.7364529967308044,141.521484375,4926188,
0.30658191442489624,0.3000754714012146,0.3000754714012146,0.3000754714012146,0.9908434748649597,0.3094150722026825,0.9460943341255188,0.5,0.22215235233306885,0.7778476476669312,133.1533203125,4634842,
0.3036729097366333,0.22178862988948822,0.22178862988948822,0.22178862988948822,1.1569099426269531,0.26248621940612793,0.7080785036087036,0.5,0.29464012384414673,0.7053598761558533,133.4521484375,4645246,
0.13200584053993225,0.10389192402362823,0.10389192402362823,0.10389192402362823,0.7621400356292725,0.1732041835784912,0.968913733959198,0.5,0.4038037657737732,0.5961962342262268,119.6533203125,4164826,
0.042025428265333176,0.023295342922210693,0.023295342922210693,0.023295342922210693,0.7258644700050354,0.05789707228541374,0.9734052419662476,0.5,0.47843021154403687,0.5215697884559631,117.5166015625,4090434,
0.09339862316846848,0.04669088497757912,0.04669088497757912,0.04669088497757912,0.580461859703064,0.16090397536754608,0.9395416975021362,0.5,0.4567676782608032,0.5432323217391968,102.3173828125,3561258,
0.18509787321090698,0.1701255589723587,0.1701255589723587,0.1701255589723587,1.1782244443893433,0.15709899365901947,0.6791240572929382,0.5,0.34247636795043945,0.6575236320495605,138.6533203125,4826330,
0.062420185655355453,0.04205380380153656,0.04205380380153656,0.04205380380153656,1.1849333047866821,0.05267822742462158,0.6598107814788818,0.5,0.4610612988471985,0.5389387011528015,133.86328125,4659560,
0.19781728088855743,0.17697452008724213,0.17697452008724213,0.17697452008724213,1.2004005908966064,0.1647927165031433,0.7420184016227722,0.5,0.336134672164917,0.663865327835083,146.8173828125,5110570,
0.28558221459388733,0.21078181266784668,0.21078181266784668,0.21078181266784668,0.4851554334163666,0.5886406302452087,0.7949545383453369,0.5,0.30483168363571167,0.6951683163642883,90.12109375,3136632,
0.2785877287387848,0.241281658411026,0.241281658411026,0.241281658411026,0.5613282918930054,0.4963008761405945,0.8523072600364685,0.5,0.27659106254577637,0.7234089374542236,99.5986328125,3466602,
0.25926971435546875,0.22828936576843262,0.22828936576843262,0.22828936576843262,0.3937778174877167,0.6584162712097168,0.737522542476654,0.5,0.2886209487915039,0.7113790512084961,89.09765625,3101000,
0.07559920847415924,0.1124669685959816,0.1124669685959816,0.1124669685959816,0.49044567346572876,0.15414389967918396,0.9209940433502197,0.5,0.3958638906478882,0.6041361093521118,101.0185546875,3516038,
0.06719213724136353,0.07025225460529327,0.07025225460529327,0.07025225460529327,0.6143584251403809,0.10936960577964783,0.9508377909660339,0.5,0.4349516034126282,0.5650483965873718,102.9111328125,3581930,
0.02100488357245922,-0.005458779167383909,-0.005458779167383909,-0.005458779167383909,0.4081685245037079,0.05146130174398422,0.9078755378723145,0.5,0.5050544142723083,0.49494558572769165,96.5703125,3361168,
0.3138223886489868,0.25089457631111145,0.25089457631111145,0.25089457631111145,0.37667766213417053,0.8331324458122253,0.5477343201637268,0.5,0.26769018173217773,0.7323098182678223,80.4892578125,2801290,
0.30103248357772827,0.1961258500814438,0.1961258500814438,0.1961258500814438,0.3359327018260956,0.8961095213890076,0.41131722927093506,0.5,0.3184019923210144,0.6815980076789856,78.2138671875,2722070,
0.3923342227935791,0.318509578704834,0.318509578704834,0.318509578704834,0.448172390460968,0.8754091858863831,0.369527667760849,0.5,0.2050837278366089,0.7949162721633911,85.1279296875,2962790,
0.45579129457473755,0.3413061201572418,0.3413061201572418,0.3413061201572418,0.8985587358474731,0.5072470903396606,0.3028756082057953,0.5,0.18397581577301025,0.8160241842269897,102.19921875,3557144,
0.4488148093223572,0.3349250555038452,0.3349250555038452,0.3349250555038452,0.8876355290412903,0.5056295990943909,0.2469431757926941,0.5,0.1898842453956604,0.8101157546043396,98.759765625,3437396,
0.39808449149131775,0.32999587059020996,0.32999587059020996,0.32999587059020996,0.9466551542282104,0.4205169081687927,0.30161595344543457,0.5,0.1944482922554016,0.8055517077445984,98.96875,3444672,
0.43924516439437866,0.35057318210601807,0.35057318210601807,0.35057318210601807,0.8642400503158569,0.5082443952560425,0.085099957883358,0.5,0.1753951907157898,0.8246048092842102,105.4111328125,3668970,
0.43987715244293213,0.31012240052223206,0.31012240052223206,0.31012240052223206,0.8594261407852173,0.5118265748023987,0.028412673622369766,0.5,0.21284961700439453,0.7871503829956055,96.9873046875,3375686,
0.3841325640678406,0.3186783790588379,0.3186783790588379,0.3186783790588379,0.9094692468643188,0.422370046377182,0.08252385258674622,0.5,0.2049274444580078,0.7950725555419922,100.3603515625,3493122,
0.2493143528699875,0.14957931637763977,0.14957931637763977,0.14957931637763977,1.0314218997955322,0.2417190819978714,0.362263023853302,0.5,0.36150062084198,0.63849937915802,113.1650390625,3938930,
0.254232257604599,0.2020503282546997,0.2020503282546997,0.2020503282546997,1.0508261919021606,0.2419355809688568,0.41929078102111816,0.5,0.3129163980484009,0.6870836019515991,111.8125,3891840,
0.3330525755882263,0.2674015760421753,0.2674015760421753,0.2674015760421753,1.0008703470230103,0.3327629566192627,0.35895803570747375,0.5,0.25240594148635864,0.7475940585136414,109.0712890625,3796402,
-0.2356983721256256,-0.20712679624557495,-0.20712679624557495,-0.20712679624557495,-0.24298018217086792,0.9700312614440918,0.0,0.5,0.6917840242385864,0.3082159459590912,73.458984375,2556524,
-0.2679375410079956,-0.26783323287963867,-0.26783323287963867,-0.26783323287963867,-0.28963369131088257,0.925091028213501,0.1931649148464203,0.5,0.7479937076568604,0.25200626254081726,63.3994140625,2206290,
-0.2679375410079956,-0.27719470858573914,-0.27719470858573914,-0.27719470858573914,-0.28963369131088257,0.925091028213501,-0.1931649148464203,0.5,0.7566617727279663,0.24333824217319489,67.25390625,2340488,
-0.18184950947761536,-0.16627445816993713,-0.16627445816993713,-0.16627445816993713,-0.2297828644514084,0.7913971543312073,0.4405149221420288,0.5,0.6539578437805176,0.3460421860218048,67.9677734375,2365342,
-0.1082417368888855,-0.06691338121891022,-0.06691338121891022,-0.06691338121891022,-0.13011567294597626,0.8318885564804077,0.4465293288230896,0.5,0.5619568228721619,0.43804317712783813,68.982421875,2400668,
-0.14498156309127808,-0.10396655648946762,-0.10396655648946762,-0.10396655648946762,-0.2309683859348297,0.6277117133140564,0.5582103729248047,0.5,0.5962653160095215,0.40373465418815613,61.060546875,2124860,
-0.12084143608808517,-0.12875613570213318,-0.12875613570213318,-0.12875613570213318,-0.22457380592823029,0.538092315196991,-0.6033384203910828,0.5,0.619218647480011,0.380781352519989,67.01953125,2332328,
-0.05358777195215225,-0.10255563259124756,-0.10255563259124756,-0.10255563259124756,-0.1214028149843216,0.44140470027923584,-0.6806561946868896,0.5,0.5949589014053345,0.4050410985946655,81.0927734375,2822302,
-0.1660138964653015,-0.1121118888258934,-0.1121118888258934,-0.1121118888258934,-0.23283132910728455,0.7130221724510193,-0.5042828917503357,0.5,0.6038073301315308,0.3961926996707916,66.2666015625,2306114,
-0.3204615116119385,-0.2596514821052551,-0.2596514821052551,-0.2596514821052551,-0.5828382968902588,0.5498291850090027,0.3928180932998657,0.5,0.740418016910553,0.259581983089447,61.1875,2129280,
-0.31513726711273193,-0.2594066858291626,-0.2594066858291626,-0.2594066858291626,-0.5068128108978271,0.6218020915985107,0.40463802218437195,0.5,0.7401913404464722,0.25980862975120544,61.8837890625,2153522,
-0.2584628462791443,-0.22185365855693817,-0.22185365855693817,-0.22185365855693817,-0.5656458139419556,0.4569340944290161,0.44941386580467224,0.5,0.7054200172424316,0.29457995295524597,60.578125,2108064,
-0.12084143608808517,-0.10534647107124329,-0.10534647107124329,-0.10534647107124329,-0.22457380592823029,0.538092315196991,0.6033384203910828,0.5,0.5975430011749268,0.40245696902275085,68.6953125,2390672,
-0.1212451308965683,-0.14593389630317688,-0.14593389630317688,-0.14593389630317688,-0.18544639647006989,0.6538015007972717,0.5643940567970276,0.5,0.6351239681243896,0.36487603187561035,69.7138671875,2426134,
-0.06700526922941208,-0.051677852869033813,-0.051677852869033813,-0.051677852869033813,-0.1295824497938156,0.5170859694480896,0.6519421935081482,0.5,0.5478498935699463,0.4521501362323761,70.46484375,2452280,
-0.08026614040136337,-0.09797797352075577,-0.09797797352075577,-0.09797797352075577,-0.531680703163147,0.1509668081998825,0.5427252650260925,0.5,0.5907202959060669,0.4092796742916107,62.2626953125,2166714,
-0.024927256628870964,-0.020105108618736267,-0.020105108618736267,-0.020105108618736267,-0.4944850504398346,0.05041053518652916,0.5703877210617065,0.5,0.5186158418655396,0.48138415813446045,65.125,2266368,
-0.06429095566272736,-0.045221298933029175,-0.045221298933029175,-0.045221298933029175,-0.6278122067451477,0.10240475088357925,0.4885580539703369,0.5,0.5418715476989746,0.458128422498703,64.04296875,2228696,
0.05136095732450485,-0.008307927288115025,-0.008307927288115025,-0.008307927288115025,0.20045334100723267,0.25622400641441345,-0.8320869207382202,0.5,0.5076925754547119,0.4923074543476105,84.4638671875,2939670,
0.08954117447137833,0.054134245961904526,0.054134245961904526,0.054134245961904526,0.34931519627571106,0.25633347034454346,-0.8735482096672058,0.5,0.44987571239471436,0.5501242876052856,89.025390625,3098484,
0.08898025006055832,0.09358642250299454,0.09358642250299454,0.09358642250299454,0.23117998242378235,0.38489601016044617,-0.8150335550308228,0.5,0.4133458733558655,0.5866541266441345,80.279296875,2793980,
0.07559920847415924,0.05849933624267578,0.05849933624267578,0.05849933624267578,0.49044567346572876,0.15414389967918396,-0.9209940433502197,0.5,0.4458339214324951,0.5541660785675049,97.197265625,3382996,
0.024861618876457214,-0.030286790803074837,-0.030286790803074837,-0.030286790803074837,0.4830877482891083,0.051463980227708817,-0.9259101152420044,0.5,0.5280433297157288,0.47195667028427124,89.0029296875,3097702,
0.1122380942106247,0.1415410339832306,0.1415410339832306,0.1415410339832306,0.671085000038147,0.1672486960887909,-0.9556883573532104,0.5,0.368943452835083,0.631056547164917,112.5,3915776,
0.3138223886489868,0.240523561835289,0.240523561835289,0.240523561835289,0.37667766213417053,0.8331324458122253,-0.5477343201637268,0.5,0.27729296684265137,0.7227070331573486,85.435546875,2973500,
0.3923342227935791,0.294097900390625,0.294097900390625,0.294097900390625,0.448172390460968,0.8754091858863831,-0.369527667760849,0.5,0.22768712043762207,0.7723128795623779,75.3544921875,2622518,
0.23441681265830994,0.14733147621154785,0.14733147621154785,0.14733147621154785,0.2671186029911041,0.8775757551193237,-0.4778686761856079,0.5,0.36358195543289185,0.6364180445671082,78.3271484375,2726014,
-0.2356983721256256,-0.14328056573867798,-0.14328056573867798,-0.14328056573867798,0.24298018217086792,-0.9700312614440918,0.0,0.5,0.6326671838760376,0.3673328161239624,76.3759765625,2658082,
-0.24105940759181976,-0.17921429872512817,-0.17921429872512817,-0.17921429872512817,0.24914483726024628,-0.9675472974777222,0.05934128537774086,0.5,0.6659391522407532,0.3340608477592468,77.150390625,2685044,
-0.24105940759181976,-0.17625011503696442,-0.17625011503696442,-0.17625011503696442,0.24914483726024628,-0.9675472974777222,-0.05934128537774086,0.5,0.6631945371627808,0.33680546283721924,76.0517578125,2646794,
-0.36391451954841614,-0.29506248235702515,-0.29506248235702515,-0.29506248235702515,0.397788405418396,-0.9148444533348083,0.14616893231868744,0.5,0.7732059955596924,0.22679400444030762,78.873046875,2745020,
-0.3295665681362152,-0.20677851140499115,-0.20677851140499115,-0.20677851140499115,0.3544817864894867,-0.9297136664390564,0.1760043054819107,0.5,0.6914615631103516,0.30853840708732605,80.259765625,2793300,
-0.4249342679977417,-0.3619570732116699,-0.3619570732116699,-0.3619570732116699,0.48678651452064514,-0.8729376196861267,0.14605559408664703,0.5,0.8351454138755798,0.16485457122325897,90.87890625,3163016,
-0.45386290550231934,-0.35823866724967957,-0.35823866724967957,-0.35823866724967957,0.5379596948623657,-0.8436745405197144,-0.2321278154850006,0.5,0.831702470779419,0.16829754412174225,81.0458984375,2820670,
-0.4563645124435425,-0.3189118504524231,-0.3189118504524231,-0.3189118504524231,0.5436117649078369,-0.8395044803619385,-0.28959861397743225,0.5,0.7952887415885925,0.20471125841140747,81.142578125,2824036,
-0.45101282000541687,-0.32648926973342896,-0.32648926973342896,-0.32648926973342896,0.5324208736419678,-0.8470982909202576,-0.17466990649700165,0.5,0.8023048639297485,0.19769513607025146,79.7724609375,2776334,
-0.5041040778160095,-0.36979448795318604,-0.36979448795318604,-0.36979448795318604,0.7212379574775696,-0.6989428400993347,0.14365406334400177,0.5,0.8424022793769836,0.15759770572185516,89.8212890625,3126194,
-0.4998120665550232,-0.41186219453811646,-0.41186219453811646,-0.41186219453811646,0.6556440591812134,-0.7623222470283508,0.20165018737316132,0.5,0.8813538551330566,0.11864612996578217,88.1552734375,3068190,
-0.4927503764629364,-0.3772428035736084,-0.3772428035736084,-0.3772428035736084,0.7867699861526489,-0.6262953281402588,0.14262348413467407,0.5,0.849298894405365,0.1507011204957962,95.3896484375,3320062,
-0.45386290550231934,-0.3479711413383484,-0.3479711413383484,-0.3479711413383484,0.5379596948623657,-0.8436745405197144,0.2321278154850006,0.5,0.8221954703330994,0.17780451476573944,86.529296875,3011580,
-0.45101282000541687,-0.3399721086025238,-0.3399721086025238,-0.3399721086025238,0.5324208736419678,-0.8470982909202576,0.17466990649700165,0.5,0.8147889971733093,0.18521101772785187,84.9423828125,2956330,
-0.4563645124435425,-0.36229345202445984,-0.36229345202445984,-0.36229345202445984,0.5436117649078369,-0.8395044803619385,0.28959861397743225,0.5,0.835456907749176,0.16454310715198517,83.7138671875,2913558,
-0.43924516439437866,-0.33438435196876526,-0.33438435196876526,-0.33438435196876526,0.8642400503158569,-0.5082443952560425,0.085099957883358,0.5,0.8096151351928711,0.1903848648071289,94.037109375,3272972,
-0.3843577802181244,-0.25710025429725647,-0.25710025429725647,-0.25710025429725647,0.907189667224884,-0.4236796200275421,0.055483367294073105,0.5,0.7380558252334595,0.2619442045688629,103.15234375,3590328,
-0.4144601821899414,-0.3433414697647095,-0.3433414697647095,-0.3433414697647095,0.8834822177886963,-0.46912112832069397,0.02834300324320793,0.5,0.817908763885498,0.18209125101566315,103.873046875,3615420,
-0.2569824457168579,-0.1823613941669464,-0.1823613941669464,-0.1823613941669464,1.0611714124679565,-0.24216865003108978,-0.44761893153190613,0.5,0.6688531637191772,0.33114686608314514,117.94921875,4105496,
-0.3575036823749542,-0.2656969726085663,-0.2656969726085663,-0.2656969726085663,1.0465543270111084,-0.3416006863117218,-0.5020087957382202,0.5,0.7460156679153442,0.2539843022823334,118.2998046875,4117702,
-0.25166118144989014,-0.18312279880046844,-0.18312279880046844,-0.18312279880046844,1.0409114360809326,-0.24177002906799316,-0.39088764786720276,0.5,0.6695581674575806,0.33044183254241943,108.361328125,3771684,
-0.41578003764152527,-0.3464150130748749,-0.3464150130748749,-0.3464150130748749,1.0524272918701172,-0.3950677216053009,-0.5905303359031677,0.5,0.8207546472549438,0.17924536764621735,122.076171875,4249180,
-0.3346227705478668,-0.2769494354724884,-0.2769494354724884,-0.2769494354724884,1.0958397388458252,-0.3053573966026306,-0.5907838940620422,0.5,0.7564346790313721,0.24356535077095032,126.302734375,4396332,
-0.4552864730358124,-0.4136659801006317,-0.4136659801006317,-0.4136659801006317,1.0344154834747314,-0.44013887643814087,-0.6217365860939026,0.5,0.8830240368843079,0.11697596311569214,124.1357421875,4320886,
-0.15112106502056122,-0.1170717105269432,-0.1170717105269432,-0.1170717105269432,1.036393404006958,-0.14581438899040222,-0.31276530027389526,0.5,0.6083997488021851,0.39160025119781494,116.3837890625,4050994,
-0.14721448719501495,-0.12335102260112762,-0.12335102260112762,-0.12335102260112762,1.0217427015304565,-0.14408175647258759,-0.2573392987251282,0.5,0.6142139434814453,0.3857860863208771,107.533203125,3742852,
-0.05075643211603165,-0.04992779344320297,-0.04992779344320297,-0.04992779344320297,1.0412967205047607,-0.048743486404418945,-0.2950659692287445,0.5,0.5462294816970825,0.45377054810523987,115.732421875,4028316,
0.0,-0.0262734517455101,-0.0262734517455101,-0.0262734517455101,1.0115742683410645,0.0,0.15259619057178497,0.5,0.524327278137207,0.47567275166511536,106.369140625,3702324,
-0.09720735251903534,-0.08296176791191101,-0.08296176791191101,-0.08296176791191101,1.015794277191162,-0.09569590538740158,0.2034749835729599,0.5,0.5768164396286011,0.4231835603713989,110.470703125,3845124,
0.09720735251903534,0.07386929541826248,0.07386929541826248,0.07386929541826248,1.015794277191162,0.09569590538740158,0.2034749835729599,0.5,0.4316025376319885,0.5683974623680115,109.5830078125,3814218,
-0.23639711737632751,-0.17826037108898163,-0.17826037108898163,-0.17826037108898163,0.995125949382782,-0.23755496740341187,0.22284069657325745,0.5,0.6650558710098267,0.33494409918785095,103.267578125,3594340,
-0.2331099957227707,-0.20057274401187897,-0.20057274401187897,-0.20057274401187897,0.9844706654548645,-0.23678714036941528,0.16371122002601624,0.5,0.6857154965400696,0.3142845034599304,107.4375,3739520,
-0.3230995535850525,-0.26622694730758667,-0.26622694730758667,-0.26622694730758667,0.9786009788513184,-0.33016476035118103,0.2749984860420227,0.5,0.7465064525604248,0.2534935772418976,106.404296875,3703548,
0.23639711737632751,0.19000892341136932,0.19000892341136932,0.19000892341136932,0.995125949382782,0.23755496740341187,0.22284069657325745,0.5,0.32406580448150635,0.6759341955184937,107.173828125,3730340,
0.3230995535850525,0.2861257493495941,0.2861257493495941,0.2861257493495941,0.9786009788513184,0.33016476035118103,0.2749984860420227,0.5,0.23506879806518555,0.7649312019348145,111.4814453125,3880314,
0.2331099957227707,0.13887110352516174,0.13887110352516174,0.13887110352516174,0.9844706654548645,0.23678714036941528,0.16371122002601624,0.5,0.3714156150817871,0.6285843849182129,111.4921875,3880688,
-0.2569824457168579,-0.22704999148845673,-0.22704999148845673,-0.22704999148845673,1.0611714124679565,-0.24216865003108978,0.44761893153190613,0.5,0.7102314829826355,0.2897685170173645,109.103515625,3797524,
-0.25166118144989014,-0.23452022671699524,-0.23452022671699524,-0.23452022671699524,1.0409114360809326,-0.24177002906799316,0.39088764786720276,0.5,0.7171483635902405,0.2828516364097595,113.1484375,3938352,
-0.3575036823749542,-0.31583818793296814,-0.31583818793296814,-0.31583818793296814,1.0465543270111084,-0.3416006863117218,0.5020087957382202,0.5,0.7924427390098572,0.20755724608898163,122.2080078125,4253770,
-0.3632175028324127,-0.27477943897247314,-0.27477943897247314,-0.27477943897247314,0.9674362540245056,-0.37544333934783936,0.3018781244754791,0.5,0.7544254064559937,0.24557460844516754,112.453125,3914144,
-0.3205288350582123,-0.26147639751434326,-0.26147639751434326,-0.26147639751434326,0.9721375703811646,-0.3297155201435089,0.2466961294412613,0.5,0.7421077489852905,0.2578922212123871,108.8125,3787392,
-0.3948476016521454,-0.3370334804058075,-0.3370334804058075,-0.3370334804058075,0.9400847554206848,-0.42001277208328247,0.2733168601989746,0.5,0.8120680451393127,0.18793196976184845,103.9599609375,3618446,
-0.41578003764152527,-0.3255906403064728,-0.3255906403064728,-0.3255906403064728,1.0524272918701172,-0.3950677216053009,0.5905303359031677,0.5,0.8014727830886841,0.19852720201015472,120.5078125,4194576,
-0.4552864730358124,-0.3164502680301666,-0.3164502680301666,-0.3164502680301666,1.0344154834747314,-0.44013887643814087,0.6217365860939026,0.5,0.7930095195770264,0.20699051022529602,117.4853515625,4089346,
-0.3346227705478668,-0.2877298593521118,-0.2877298593521118,-0.2877298593521118,1.0958397388458252,-0.3053573966026306,0.5907838940620422,0.5,0.7664165496826172,0.2335834801197052,118.5517578125,4126474,
0.2569824457168579,0.20004262030124664,0.20004262030124664,0.20004262030124664,1.0611714124679565,0.24216865003108978,0.44761893153190613,0.5,0.31477534770965576,0.6852246522903442,111.1689453125,3869434,
0.3510378301143646,0.2905665934085846,0.2905665934085846,0.2905665934085846,1.0370087623596191,0.33851000666618347,0.47256484627723694,0.5,0.23095685243606567,0.7690431475639343,108.81640625,3787528,
0.29925087094306946,0.2275693416595459,0.2275693416595459,0.2275693416595459,1.0354584455490112,0.28900325298309326,0.41652554273605347,0.5,0.28928762674331665,0.7107123732566833,114.9619140625,4001490,
0.17528104782104492,0.18460474908351898,0.18460474908351898,0.18460474908351898,1.1191450357437134,0.15662048757076263,0.5413593649864197,0.5,0.32906967401504517,0.6709303259849548,123.8515625,4310992,
0.16413424909114838,0.09796642512083054,0.09796642512083054,0.09796642512083054,1.09656822681427,0.14967992901802063,0.48434582352638245,0.5,0.4092903733253479,0.5907096266746521,118.6318359375,4129262,
0.05958721041679382,0.06133167818188667,0.06133167818188667,0.06133167818188667,1.1362144947052002,0.05244362726807594,0.5504499077796936,0.5,0.4432113766670227,0.5567886233329773,124.71484375,4341048,
0.3632175028324127,0.32199981808662415,0.32199981808662415,0.32199981808662415,0.9674362540245056,0.37544333934783936,0.3018781244754791,0.5,0.20185202360153198,0.798147976398468,109.8798828125,3824554,
0.3948476016521454,0.30045753717422485,0.30045753717422485,0.30045753717422485,0.9400847554206848,0.42001277208328247,0.2733168601989746,0.5,0.2217985987663269,0.7782014012336731,98.0625,3413120,
0.3205288350582123,0.24233520030975342,0.24233520030975342,0.24233520030975342,0.9721375703811646,0.3297155201435089,0.2466961294412613,0.5,0.2756155729293823,0.7243844270706177,105.9990234375,3689438,
-0.24740548431873322,-0.196214497089386,-0.196214497089386,-0.196214497089386,0.25757038593292236,-0.96053546667099,-0.14754518866539001,0.5,0.6816800832748413,0.3183199167251587,72.3046875,2516336,
-0.3280329704284668,-0.28462642431259155,-0.28462642431259155,-0.28462642431259155,0.35181429982185364,-0.9324037432670593,-0.14678625762462616,0.5,0.7635430097579956,0.23645702004432678,76.3310546875,2656518,
-0.276335746049881,-0.2184865027666092,-0.2184865027666092,-0.2184865027666092,0.2953281104564667,-0.9356906414031982,-0.27689892053604126,0.5,0.7023023366928101,0.29769769310951233,76.9755859375,2678958,
-0.360250860452652,-0.26455071568489075,-0.26455071568489075,-0.26455071568489075,0.3919885456562042,-0.9190341830253601,-0.08771120756864548,0.5,0.7449543476104736,0.25504565238952637,80.2734375,2793776,
-0.28521570563316345,-0.20710502564907074,-0.20710502564907074,-0.20710502564907074,0.29946357011795044,-0.9524220824241638,-0.08865020424127579,0.5,0.6917638778686523,0.30823609232902527,72.7763671875,2532758,
-0.41765955090522766,-0.2794424891471863,-0.2794424891471863,-0.2794424891471863,0.4744844138622284,-0.8802387118339539,-0.029242828488349915,0.5,0.7587430477142334,0.2412569671869278,80.345703125,2796292,
-0.24093858897686005,-0.1912258118391037,-0.1912258118391037,-0.1912258118391037,0.34843000769615173,-0.691497802734375,-0.7064860463142395,0.5,0.6770609617233276,0.32293906807899475,78.2724609375,2724110,
-0.2181330770254135,-0.15350206196308136,-0.15350206196308136,-0.15350206196308136,0.3850010335445404,-0.5665779113769531,-0.78902268409729,0.5,0.642131507396698,0.357868492603302,87.5341796875,3046566,
-0.12652793526649475,-0.07004322856664658,-0.07004322856664658,-0.07004322856664658,0.22581550478935242,-0.5603155493736267,-0.754034161567688,0.5,0.5648548603057861,0.43514513969421387,80.8193359375,2812782,
-0.5182035565376282,-0.4438157081604004,-0.4438157081604004,-0.4438157081604004,0.7447721362113953,-0.6957880854606628,-0.31542086601257324,0.5,0.9109404683113098,0.08905954658985138,95.2607421875,3315574,
-0.5080649256706238,-0.4635486304759979,-0.4635486304759979,-0.4635486304759979,0.6698638200759888,-0.7584599852561951,-0.3162987232208252,0.5,0.9292116761207581,0.07078832387924194,92.712890625,3226868,
-0.5095723271369934,-0.3839525282382965,-0.3839525282382965,-0.3839525282382965,0.7704794406890869,-0.6613704562187195,-0.2554856240749359,0.5,0.8555116057395935,0.1444884091615677,90.603515625,3153428,
-0.44948288798332214,-0.3385786712169647,-0.3385786712169647,-0.3385786712169647,0.5295981764793396,-0.848724365234375,-0.1459551900625229,0.5,0.8134987354278564,0.18650124967098236,84.134765625,2928212,
-0.4279063642024994,-0.35820773243904114,-0.35820773243904114,-0.35820773243904114,0.4924103617668152,-0.8690035939216614,-0.20403063297271729,0.5,0.831673800945282,0.16832618415355682,87.962890625,3061492,
-0.3963053226470947,-0.3051125407218933,-0.3051125407218933,-0.3051125407218933,0.44279760122299194,-0.8950033187866211,-0.14613740146160126,0.5,0.7825115919113159,0.2174883931875229,85.4453125,2973840,
-0.43924516439437866,-0.34259840846061707,-0.34259840846061707,-0.34259840846061707,0.8642400503158569,-0.5082443952560425,-0.085099957883358,0.5,0.8172207474708557,0.18277926743030548,89.5810546875,3117830,
-0.4144601821899414,-0.30854204297065735,-0.30854204297065735,-0.30854204297065735,0.8834822177886963,-0.46912112832069397,-0.02834300324320793,0.5,0.7856870889663696,0.21431294083595276,97.30078125,3386600,
-0.3841325640678406,-0.3006448745727539,-0.3006448745727539,-0.3006448745727539,0.9094692468643188,-0.422370046377182,-0.08252385258674622,0.5,0.7783748507499695,0.22162513434886932,102.1611328125,3555818,
0.06747054308652878,0.04042865335941315,0.04042865335941315,0.04042865335941315,-0.07943248748779297,-0.849407434463501,-0.44751790165901184,0.5,0.462566077709198,0.537433922290802,68.421875,2381152,
-0.02338050864636898,-0.05131855234503746,-0.05131855234503746,-0.05131855234503746,0.028305331245064735,-0.8260107636451721,-0.5125861167907715,0.5,0.5475171804428101,0.45248281955718994,68.74609375,2392440,
0.1467241495847702,0.10021626949310303,0.10021626949310303,0.10021626949310303,-0.180601105093956,-0.8124210834503174,-0.4440966248512268,0.5,0.407207190990448,0.592792809009552,69.1015625,2404816,
-0.08221113681793213,-0.03235330432653427,-0.03235330432653427,-0.03235330432653427,0.168184295296669,-0.4888157546520233,-0.7656803727149963,0.5,0.5299566984176636,0.47004327178001404,83.1259765625,2893090,
-0.14887340366840363,-0.13847219944000244,-0.13847219944000244,-0.13847219944000244,0.2791166305541992,-0.5333734750747681,-0.7794914245605469,0.5,0.628214955329895,0.3717850148677826,81.6416015625,2841410,
-0.06304674595594406,-0.07601005584001541,-0.07601005584001541,-0.07601005584001541,0.18838109076023102,-0.3346766233444214,-0.81416255235672,0.5,0.5703796744346619,0.42962032556533813,80.2001953125,2791226,
0.2685376703739166,0.250301331281662,0.250301331281662,0.250301331281662,-0.30570825934410095,-0.878411591053009,-0.282465398311615,0.5,0.2682395577430725,0.7317604422569275,59.1142578125,2057098,
0.3394959568977356,0.2883327007293701,0.2883327007293701,0.2883327007293701,-0.4093376696109772,-0.8293787240982056,-0.276212602853775,0.5,0.23302531242370605,0.766974687576294,67.9423828125,2364458,
0.2560963034629822,0.23671041429042816,0.23671041429042816,0.23671041429042816,-0.26794788241386414,-0.9557690620422363,-0.09756094217300415,0.5,0.2808237075805664,0.7191762924194336,64.0478515625,2228866,
0.0,0.014899102970957756,0.014899102970957756,0.014899102970957756,1.2346054315567017,0.0,-0.7813646793365479,0.5,0.4862045645713806,0.5137954354286194,151.3125,5267072,
-0.1379266083240509,-0.12154999375343323,-0.12154999375343323,-0.12154999375343323,1.2225611209869385,-0.11281775683164597,-0.7754172682762146,0.5,0.6125463247299194,0.38745370507240295,142.94921875,4975896,
0.1379266083240509,0.11157628148794174,0.11157628148794174,0.11157628148794174,1.2225611209869385,0.11281775683164597,-0.7754172682762146,0.5,0.39668864011764526,0.6033113598823547,150.2333984375,5229502,
-0.29688528180122375,-0.24268163740634918,-0.24268163740634918,-0.24268163740634918,1.147028923034668,-0.258829802274704,-0.6762763857841492,0.5,0.7247052192687988,0.27529481053352356,134.8671875,4694512,
-0.3099597990512848,-0.2742431163787842,-0.2742431163787842,-0.2742431163787842,1.1655747890472412,-0.265928715467453,-0.7406061887741089,0.5,0.7539287805557251,0.2460712045431137,136.5576171875,4753366,
-0.291355699300766,-0.24139684438705444,-0.24139684438705444,-0.24139684438705444,1.1251112222671509,-0.25895723700523376,-0.6201876401901245,0.5,0.7235156297683716,0.2764844000339508,133.7626953125,4656058,
0.41578003764152527,0.38957369327545166,0.38957369327545166,0.38957369327545166,1.0524272918701172,0.3950677216053009,-0.5905303359031677,0.5,0.1392836570739746,0.8607163429260254,124.5869140625,4336594,
0.47876983880996704,0.3352181911468506,0.3352181911468506,0.3352181911468506,0.9986336827278137,0.4794248938560486,-0.5932479500770569,0.5,0.18961280584335327,0.8103871941566467,121.4033203125,4225754,
0.3346227705478668,0.27999258041381836,0.27999258041381836,0.27999258041381836,1.0958397388458252,0.3053573966026306,-0.5907838940620422,0.5,0.2407476305961609,0.7592523694038391,132.890625,4625696,
-0.23196494579315186,-0.21053722500801086,-0.21053722500801086,-0.21053722500801086,0.9802570939064026,-0.23663684725761414,-0.13390491902828217,0.5,0.6949418783187866,0.3050581216812134,106.66796875,3712728,
-0.23460420966148376,-0.195274218916893,-0.195274218916893,-0.195274218916893,0.9894193410873413,-0.23711302876472473,-0.1932862251996994,0.5,0.680809497833252,0.31919053196907043,104.1015625,3623376,
-0.3144495189189911,-0.2563633918762207,-0.2563633918762207,-0.2563633918762207,0.952439546585083,-0.33015167713165283,-0.13492271304130554,0.5,0.7373734712600708,0.2626264989376068,104.8603515625,3649794,
-0.14560620486736298,-0.1521138697862625,-0.1521138697862625,-0.1521138697862625,1.015321135520935,-0.14340901374816895,-0.22934240102767944,0.5,0.6408461332321167,0.3591538369655609,108.923828125,3791268,
-0.0485912449657917,-0.07585997879505157,-0.07585997879505157,-0.07585997879505157,1.014539361000061,-0.047894883900880814,-0.177948996424675,0.5,0.5702407360076904,0.42975929379463196,106.830078125,3718372,
-0.09931629151105881,-0.08786313235759735,-0.08786313235759735,-0.08786313235759735,1.0286691188812256,-0.09654833376407623,-0.2611983120441437,0.5,0.5813547372817993,0.4186452329158783,112.2158203125,3905882,
-0.350995272397995,-0.21565081179141998,-0.21565081179141998,-0.21565081179141998,0.9289183020591736,-0.37785375118255615,-0.08156372606754303,0.5,0.6996766328811646,0.30032333731651306,100.552734375,3499820,
-0.3843577802181244,-0.3416842222213745,-0.3416842222213745,-0.3416842222213745,0.907189667224884,-0.4236796200275421,-0.055483367294073105,0.5,0.8163743019104004,0.183625727891922,98.337890625,3422708,
-0.2763032615184784,-0.17949914932250977,-0.17949914932250977,-0.17949914932250977,0.9578413963317871,-0.2884645164012909,-0.02709893137216568,0.5,0.6662029027938843,0.3337970972061157,106.474609375,3705996,
0.5041040778160095,0.36949819326400757,0.36949819326400757,0.36949819326400757,0.7212379574775696,0.6989428400993347,-0.14365406334400177,0.5,0.15787208080291748,0.8421279191970825,89.849609375,3127180,
0.5062742829322815,0.4260435402393341,0.4260435402393341,0.4260435402393341,0.6928583979606628,0.7307038307189941,-0.2012423872947693,0.5,0.1055152416229248,0.8944847583770752,85.7822265625,2985570,
0.4927503764629364,0.3892301023006439,0.3892301023006439,0.3892301023006439,0.7867699861526489,0.6262953281402588,-0.14262348413467407,0.5,0.13960182666778564,0.8603981733322144,93.396484375,3250668,
0.48222655057907104,0.3790556490421295,0.3790556490421295,0.3790556490421295,0.6047763228416443,0.7973634600639343,-0.08741531521081924,0.5,0.14902251958847046,0.8509774804115295,82.869140625,2884148,
0.4997777044773102,0.4182567596435547,0.4182567596435547,0.4182567596435547,0.6797434687614441,0.7352445721626282,-0.08653268218040466,0.5,0.11272525787353516,0.8872747421264648,87.48046875,3044696,
0.47958216071128845,0.3409646451473236,0.3409646451473236,0.3409646451473236,0.5986350774765015,0.8011260628700256,-0.029150988906621933,0.5,0.1842920184135437,0.8157079815864563,86.57421875,3013144,
0.350995272397995,0.2659364640712738,0.2659364640712738,0.2659364640712738,0.9289183020591736,0.37785375118255615,-0.08156372606754303,0.5,0.25376254320144653,0.7462374567985535,105.943359375,3687500,
0.2763032615184784,0.19704098999500275,0.19704098999500275,0.19704098999500275,0.9578413963317871,0.2884645164012909,-0.02709893137216568,0.5,0.31755465269088745,0.6824453473091125,101.416015625,3529876,
0.4136190712451935,0.2902257740497589,0.2902257740497589,0.2902257740497589,0.8879135847091675,0.46583256125450134,-0.08373475074768066,0.5,0.2312723994255066,0.7687276005744934,93.6953125,3261072,
-0.0,-0.02589457482099533,-0.02589457482099533,-0.02589457482099533,-0.7853487133979797,0.0,-0.3759092390537262,0.5,0.5239764451980591,0.47602352499961853,60.8681640625,2118162,
0.08002565801143646,0.008056949824094772,0.008056949824094772,0.008056949824094772,-0.7716374397277832,-0.10370888561010361,-0.382646381855011,0.5,0.4925398826599121,0.5074601173400879,67.412109375,2345996,
-0.08002565801143646,-0.06581361591815948,-0.06581361591815948,-0.06581361591815948,-0.7716374397277832,0.10370888561010361,-0.382646381855011,0.5,0.5609384775161743,0.4390614926815033,63.9443359375,2225262,
0.22199037671089172,0.1896953284740448,0.1896953284740448,0.1896953284740448,-0.8645176291465759,-0.2567794620990753,-0.25839734077453613,0.5,0.32435619831085205,0.675643801689148,62.42578125,2172392,
0.2829330265522003,0.25864872336387634,0.25864872336387634,0.25864872336387634,-0.940251886844635,-0.30091193318367004,-0.09372089058160782,0.5,0.26051050424575806,0.7394894957542419,63.6787109375,2216014,
0.3015288710594177,0.2419431507587433,0.2419431507587433,0.2419431507587433,-0.8244964480400085,-0.3657127618789673,-0.26193857192993164,0.5,0.27597856521606445,0.7240214347839355,60.7890625,2115408,
-0.22199037671089172,-0.17179270088672638,-0.17179270088672638,-0.17179270088672638,-0.8645176291465759,0.2567794620990753,-0.25839734077453613,0.5,0.6590672731399536,0.340932697057724,60.4453125,2103440,
-0.3015288710594177,-0.24254518747329712,-0.24254518747329712,-0.24254518747329712,-0.8244964480400085,0.3657127618789673,-0.26193857192993164,0.5,0.724578857421875,0.275421142578125,62.12890625,2162056,
-0.24025404453277588,-0.20807497203350067,-0.20807497203350067,-0.20807497203350067,-0.9545720219612122,0.2516877055168152,-0.09338421374559402,0.5,0.6926620006561279,0.3073379695415497,60.5185546875,2105990,
0.07099206000566483,0.06485754996538162,0.06485754996538162,0.06485754996538162,-0.2817838490009308,-0.25193801522254944,-0.6557095646858215,0.5,0.439946711063385,0.560053288936615,63.1884765625,2198946,
0.10715382546186447,0.10297542810440063,0.10297542810440063,0.10297542810440063,-0.42595580220222473,-0.25156089663505554,-0.5864765644073486,0.5,0.40465235710144043,0.5953476428985596,64.599609375,2248076,
0.1309826672077179,0.12202989310026169,0.12202989310026169,0.12202989310026169,-0.3454626798629761,-0.3791514039039612,-0.5995042324066162,0.5,0.3870093822479248,0.6129906177520752,63.2490234375,2201054,
0.3354423940181732,0.28370440006256104,0.28370440006256104,0.28370440006256104,-0.8020580410957336,-0.41822707653045654,-0.2608276605606079,0.5,0.2373107671737671,0.7626892328262329,65.6845703125,2285850,
0.31721463799476624,0.2505144774913788,0.2505144774913788,0.2505144774913788,-0.8817199468612671,-0.3597680330276489,-0.18248815834522247,0.5,0.2680422067642212,0.7319577932357788,65.0771484375,2264702,
0.42199984192848206,0.35733792185783386,0.35733792185783386,0.35733792185783386,-0.8562487959861755,-0.4928472340106964,-0.09379300475120544,0.5,0.1691315770149231,0.8308684229850769,67.1572265625,2337122,
0.36802786588668823,0.3174819052219391,0.3174819052219391,0.3174819052219391,-0.45873481035232544,-0.8022671341896057,-0.2707454562187195,0.5,0.20603525638580322,0.7939647436141968,62.9052734375,2189086,
0.40431347489356995,0.36362525820732117,0.36362525820732117,0.36362525820732117,-0.46058574318885803,-0.8778245449066162,-0.09463228285312653,0.5,0.1633099913597107,0.8366900086402893,65.94921875,2295064,
0.34500768780708313,0.2897060215473175,0.2897060215473175,0.2897060215473175,-0.3900650143623352,-0.8844876289367676,-0.18995033204555511,0.5,0.2317536473274231,0.7682463526725769,68.5625,2386048,
-0.07099206000566483,-0.06884784996509552,-0.06884784996509552,-0.06884784996509552,-0.2817838490009308,0.25193801522254944,-0.6557095646858215,0.5,0.5637480020523071,0.43625199794769287,69.8076171875,2429398,
-0.12357758730649948,-0.15149423480033875,-0.15149423480033875,-0.15149423480033875,-0.30329424142837524,0.40745115280151367,-0.611991286277771,0.5,0.6402724385261536,0.35972756147384644,68.876953125,2396996,
-0.12258684635162354,-0.09955962747335434,-0.09955962747335434,-0.09955962747335434,-0.406858891248703,0.30130064487457275,-0.5870017409324646,0.5,0.592184841632843,0.407815158367157,60.4150390625,2102386,
-0.36802786588668823,-0.28909963369369507,-0.28909963369369507,-0.28909963369369507,-0.45873481035232544,0.8022671341896057,-0.2707454562187195,0.5,0.767684817314148,0.23231516778469086,64.5537109375,2246478,
-0.3055858910083771,-0.279874712228775,-0.279874712228775,-0.279874712228775,-0.3573113679885864,0.8552369475364685,-0.2803102135658264,0.5,0.7591432332992554,0.24085675179958344,63.8349609375,2221454,
-0.4305584728717804,-0.3504134714603424,-0.3504134714603424,-0.3504134714603424,-0.5049550533294678,0.8526669144630432,-0.09437157958745956,0.5,0.8244569301605225,0.17554309964179993,67.91796875,2363608,
-0.3354423940181732,-0.3032228648662567,-0.3032228648662567,-0.3032228648662567,-0.8020580410957336,0.41822707653045654,-0.2608276605606079,0.5,0.7807618975639343,0.21923810243606567,62.4560546875,2173446,
-0.394114226102829,-0.354591429233551,-0.354591429233551,-0.354591429233551,-0.8803948760032654,0.44765621423721313,-0.09406963735818863,0.5,0.8283253908157349,0.17167460918426514,63.0068359375,2192622,
-0.31721463799476624,-0.2697087526321411,-0.2697087526321411,-0.2697087526321411,-0.8817199468612671,0.3597680330276489,-0.18248815834522247,0.5,0.7497303485870361,0.25026968121528625,60.98046875,2122072,
0.2356983721256256,0.1581798940896988,0.1581798940896988,0.1581798940896988,0.9700312614440918,0.24298018217086792,0.0,0.5,0.3535371422767639,0.6464628577232361,95.0810546875,3309318,
0.31481197476387024,0.250285804271698,0.250285804271698,0.250285804271698,0.944153904914856,0.3334329128265381,0.054233044385910034,0.5,0.2682539224624634,0.7317460775375366,108.9423828125,3791914,
0.3157791793346405,0.2147253155708313,0.2147253155708313,0.2147253155708313,0.9425561428070068,0.33502426743507385,-0.027180686593055725,0.5,0.30118024349212646,0.6988197565078735,100.7744140625,3507538,
0.35142451524734497,0.23818381130695343,0.23818381130695343,0.23818381130695343,0.9351307153701782,0.37580254673957825,0.13574740290641785,0.5,0.27945947647094727,0.7205405235290527,101.6796875,3539056,
0.2745320796966553,0.22632631659507751,0.22632631659507751,0.22632631659507751,0.9674766063690186,0.2837609350681305,0.1342722773551941,0.5,0.2904386520385742,0.7095613479614258,101.9970703125,3550106,
0.4175989329814911,0.31122279167175293,0.31122279167175293,0.31122279167175293,0.9020161628723145,0.46296170353889465,0.1908770650625229,0.5,0.211830735206604,0.788169264793396,103.9384765625,3617698,
0.4799572229385376,0.34687069058418274,0.34687069058418274,0.34687069058418274,0.8167763948440552,0.5876237750053406,-0.1423378735780716,0.5,0.17882341146469116,0.8211765885353088,92.123046875,3206332,
0.502583920955658,0.387949675321579,0.387949675321579,0.387949675321579,0.7585194110870361,0.662585437297821,-0.17168420553207397,0.5,0.14078736305236816,0.8592126369476318,94.0576171875,3273686,
0.4834384322166443,0.37380853295326233,0.37380853295326233,0.37380853295326233,0.8241989612579346,0.5865554809570312,-0.1956346482038498,0.5,0.15388095378875732,0.8461190462112427,97.091796875,3379324,
0.5041040778160095,0.44356855750083923,0.44356855750083923,0.44356855750083923,0.7212379574775696,0.6989428400993347,0.14365406334400177,0.5,0.08928841352462769,0.9107115864753723,92.4052734375,3216158,
0.4927503764629364,0.3816646635532379,0.3816646635532379,0.3816646635532379,0.7867699861526489,0.6262953281402588,0.14262348413467407,0.5,0.14660680294036865,0.8533931970596313,89.861328125,3127588,
0.4998120665550232,0.41930335760116577,0.41930335760116577,0.41930335760116577,0.6556440591812134,0.7623222470283508,0.20165018737316132,0.5,0.11175614595413208,0.8882438540458679,91.10546875,3170904,
0.4459242820739746,0.3911953866481781,0.3911953866481781,0.3911953866481781,0.8826913833618164,0.5051870942115784,0.21882891654968262,0.5,0.13778209686279297,0.862217903137207,105.798828125,3682468,
0.38739725947380066,0.33834904432296753,0.33834904432296753,0.33834904432296753,0.9238332509994507,0.4193367660045624,0.19004635512828827,0.5,0.18671387434005737,0.8132861256599426,102.609375,3571424,
0.4224269390106201,0.31603044271469116,0.31603044271469116,0.31603044271469116,0.9118413329124451,0.4632680416107178,0.2456761598587036,0.5,0.20737922191619873,0.7926207780838013,100.953125,3513760,
0.45386290550231934,0.3232198655605316,0.3232198655605316,0.3232198655605316,0.5379596948623657,0.8436745405197144,0.2321278154850006,0.5,0.20072239637374878,0.7992776036262512,83.5302734375,2907166,
0.4301932454109192,0.37139707803726196,0.37139707803726196,0.37139707803726196,0.4976155161857605,0.8645092844963074,0.2615033984184265,0.5,0.15611380338668823,0.8438861966133118,79.8701171875,2779734,
0.45101282000541687,0.346504807472229,0.346504807472229,0.346504807472229,0.5324208736419678,0.8470982909202576,0.17466990649700165,0.5,0.17916220426559448,0.8208377957344055,89.9150390625,3129458,
0.23196494579315186,0.15662884712219238,0.15662884712219238,0.15662884712219238,0.9802570939064026,0.23663684725761414,-0.13390491902828217,0.5,0.35497331619262695,0.645026683807373,105.1025390625,3658226,
0.3144495189189911,0.24973498284816742,0.24973498284816742,0.24973498284816742,0.952439546585083,0.33015167713165283,-0.13492271304130554,0.5,0.2687638998031616,0.7312361001968384,105.818359375,3683148,
0.23460420966148376,0.1362205445766449,0.1362205445766449,0.1362205445766449,0.9894193410873413,0.23711302876472473,-0.1932862251996994,0.5,0.3738698959350586,0.6261301040649414,109.65625,3816768,
0.48570263385772705,0.3339778184890747,0.3339778184890747,0.3339778184890747,0.8283886909484863,0.5863221287727356,-0.22224903106689453,0.5,0.1907612681388855,0.8092387318611145,96.822265625,3369940,
0.4964352548122406,0.42000240087509155,0.42000240087509155,0.42000240087509155,0.7942509055137634,0.62503582239151,-0.19784964621067047,0.5,0.11110889911651611,0.8888911008834839,88.880859375,3093452,
0.5124695897102356,0.3572744131088257,0.3572744131088257,0.3572744131088257,0.7748808860778809,0.6613526940345764,-0.2839616537094116,0.5,0.16919034719467163,0.8308096528053284,94.9296875,3304048,
0.14560620486736298,0.11472855508327484,0.11472855508327484,0.11472855508327484,1.015321135520935,0.14340901374816895,-0.22934240102767944,0.5,0.39376986026763916,0.6062301397323608,109.1298828125,3798442,
0.14906340837478638,0.15508104860782623,0.15508104860782623,0.15508104860782623,1.028759241104126,0.14489629864692688,-0.28508034348487854,0.5,0.35640645027160645,0.6435935497283936,107.595703125,3745028,
0.0485912449657917,0.08816106617450714,0.08816106617450714,0.08816106617450714,1.014539361000061,0.047894883900880814,-0.177948996424675,0.5,0.4183694124221802,0.5816305875778198,112.3623046875,3910982,
0.3148651421070099,0.27831414341926575,0.27831414341926575,0.27831414341926575,1.1723734140396118,0.2685706913471222,-0.773457407951355,0.5,0.24230170249938965,0.7576982975006104,134.623046875,4686012,
0.3036729097366333,0.24603527784347534,0.24603527784347534,0.24603527784347534,1.1569099426269531,0.26248621940612793,-0.7080785036087036,0.5,0.27218955755233765,0.7278104424476624,134.650390625,4686964,
0.30658191442489624,0.25509577989578247,0.25509577989578247,0.25509577989578247,0.9908434748649597,0.3094150722026825,-0.9460943341255188,0.5,0.2638002038002014,0.7361997961997986,132.91796875,4626648,
0.18509787321090698,0.1310991495847702,0.1310991495847702,0.1310991495847702,1.1782244443893433,0.15709899365901947,-0.6791240572929382,0.5,0.37861186265945435,0.6213881373405457,129.4541015625,4506050,
0.19781728088855743,0.1739477664232254,0.1739477664232254,0.1739477664232254,1.2004005908966064,0.1647927165031433,-0.7420184016227722,0.5,0.33893728256225586,0.6610627174377441,142.90625,4974400,
0.06175805255770683,0.039915598928928375,0.039915598928928375,0.039915598928928375,1.1727957725524902,0.05265882983803749,-0.6324355602264404,0.5,0.4630410671234131,0.5369589328765869,125.626953125,4372804,
0.13200584053993225,0.1107110008597374,0.1107110008597374,0.1107110008597374,0.7621400356292725,0.1732041835784912,-0.968913733959198,0.5,0.39748984575271606,0.6025101542472839,114.7275390625,3993330,
0.06719213724136353,0.058718495070934296,0.058718495070934296,0.058718495070934296,0.6143584251403809,0.10936960577964783,-0.9508377909660339,0.5,0.4456310272216797,0.5543689727783203,107.4775390625,3740914,
0.046516478061676025,0.033095572143793106,0.033095572143793106,0.033095572143793106,0.8036673069000244,0.05788026750087738,-0.9844982028007507,0.5,0.4693559408187866,0.5306440591812134,121.62109375,4233336,
0.4766768515110016,0.39672401547431946,0.39672401547431946,0.39672401547431946,0.9332110285758972,0.5107921361923218,-0.44364476203918457,0.5,0.13266295194625854,0.8673370480537415,104.7900390625,3647346,
0.487687885761261,0.43614599108695984,0.43614599108695984,0.43614599108695984,0.9477785229682922,0.5145589113235474,-0.504239022731781,0.5,0.09616118669509888,0.9038388133049011,111.748046875,3889596,
0.4143744707107544,0.3263050317764282,0.3263050317764282,0.3263050317764282,0.9767119884490967,0.42425450682640076,-0.4138452112674713,0.5,0.19786572456359863,0.8021342754364014,111.58203125,3883816,
0.2884022295475006,0.22223491966724396,0.22223491966724396,0.22223491966724396,1.1138168573379517,0.2589314579963684,-0.5923482179641724,0.5,0.2942269444465637,0.7057730555534363,119.939453125,4174788,
0.3837292492389679,0.3329017758369446,0.3329017758369446,0.3329017758369446,1.084656000137329,0.353779673576355,-0.619836151599884,0.5,0.19175761938095093,0.8082423806190491,124.125,4320512,
0.29425084590911865,0.2672506272792816,0.2672506272792816,0.2672506272792816,1.1362491846084595,0.2589668333530426,-0.648210883140564,0.5,0.2525457739830017,0.7474542260169983,131.205078125,4567012,
0.15112106502056122,0.12850022315979004,0.12850022315979004,0.12850022315979004,1.036393404006958,0.14581438899040222,-0.31276530027389526,0.5,0.38101834058761597,0.618981659412384,107.4560546875,3740166,
0.05075643211603165,0.011476612649857998,0.011476612649857998,0.011476612649857998,1.0412967205047607,0.048743486404418945,-0.2950659692287445,0.5,0.48937350511550903,0.510626494884491,108.6806640625,3782802,
0.09931629151105881,0.05374954640865326,0.05374954640865326,0.05374954640865326,1.0286691188812256,0.09654833376407623,-0.2611983120441437,0.5,0.4502319097518921,0.5497680902481079,106.669921875,3712796,
-0.02665640413761139,-0.037245362997055054,-0.037245362997055054,-0.037245362997055054,-0.06803533434867859,0.3918023407459259,-0.7149103879928589,0.5,0.5344864130020142,0.46551358699798584,71.9033203125,2502362,
0.00918308924883604,-0.025838976725935936,-0.025838976725935936,-0.025838976725935936,0.01864803396165371,0.4924427568912506,-0.716280996799469,0.5,0.5239249467849731,0.47607502341270447,70.330078125,2447588,
-0.06700526922941208,-0.09405672550201416,-0.09405672550201416,-0.09405672550201416,-0.1295824497938156,0.5170859694480896,-0.6519421935081482,0.5,0.5870895385742188,0.41291043162345886,70.8486328125,2465642,
0.1913849413394928,0.16497500240802765,0.16497500240802765,0.16497500240802765,0.21329160034656525,0.89729243516922,-0.4410370886325836,0.5,0.34724539518356323,0.6527546048164368,84.1025390625,2927090,
0.30103248357772827,0.22402849793434143,0.22402849793434143,0.22402849793434143,0.3359327018260956,0.8961095213890076,-0.41131722927093506,0.5,0.292566180229187,0.707433819770813,80.2421875,2792688,
0.23247598111629486,0.16817757487297058,0.16817757487297058,0.16817757487297058,0.2443384975194931,0.9514504671096802,-0.24739381670951843,0.5,0.34428006410598755,0.6557199358940125,78.3447265625,2726626,
-0.2685376703739166,-0.20720821619033813,-0.20720821619033813,-0.20720821619033813,-0.30570825934410095,0.878411591053009,-0.282465398311615,0.5,0.6918594837188721,0.3081405460834503,64.716796875,2252156,
-0.2975524961948395,-0.30619996786117554,-0.30619996786117554,-0.30619996786117554,-0.3164420425891876,0.9403064250946045,-0.09773339331150055,0.5,0.7835184931755066,0.2164815217256546,63.4736328125,2208874,
-0.34500768780708313,-0.30512210726737976,-0.30512210726737976,-0.30512210726737976,-0.3900650143623352,0.8844876289367676,-0.18995033204555511,0.5,0.7825204730033875,0.21747954189777374,63.7646484375,2219006,
0.31719663739204407,0.28700247406959534,0.28700247406959534,0.28700247406959534,-0.3368898630142212,-0.9415440559387207,0.0,0.5,0.23425692319869995,0.7657430768013,61.783203125,2150020,
0.2975524961948395,0.26910075545310974,0.26910075545310974,0.26910075545310974,-0.3164420425891876,-0.9403064250946045,0.09773339331150055,0.5,0.2508326768875122,0.7491673231124878,65.4638671875,2278166,
0.2975524961948395,0.25102323293685913,0.25102323293685913,0.25102323293685913,-0.3164420425891876,-0.9403064250946045,-0.09773339331150055,0.5,0.2675710916519165,0.7324289083480835,62.7197265625,2182626,
0.1890956163406372,0.1446441411972046,0.1446441411972046,0.1446441411972046,-0.2202318161725998,-0.8586207628250122,0.3686783015727997,0.5,0.3660702705383301,0.6339297294616699,68.7265625,2391760,
0.1041162759065628,0.07608000189065933,0.07608000189065933,0.07608000189065933,-0.13713790476322174,-0.759208619594574,0.5131015777587891,0.5,0.4295555353164673,0.5704444646835327,69.056640625,2403252,
0.18032871186733246,0.18611229956150055,0.18611229956150055,0.18611229956150055,-0.18880733847618103,-0.9550938010215759,0.19200778007507324,0.5,0.3276737928390503,0.6723262071609497,63.1650390625,2198130,
0.10638230293989182,0.1547718495130539,0.1547718495130539,0.1547718495130539,-0.11911919713020325,-0.8930743932723999,-0.3699752390384674,0.5,0.35669273138046265,0.6433072686195374,67.8544921875,2361398,
0.1082417368888855,0.12311916053295135,0.12311916053295135,0.12311916053295135,-0.13011567294597626,-0.8318885564804077,-0.4465293288230896,0.5,0.38600075244903564,0.6139992475509644,71.796875,2498656,
0.18032871186733246,0.19243760406970978,0.19243760406970978,0.19243760406970978,-0.18880733847618103,-0.9550938010215759,-0.19200778007507324,0.5,0.3218170404434204,0.6781829595565796,70.1015625,2439632,
-0.3982500731945038,-0.3494761288166046,-0.3494761288166046,-0.3494761288166046,1.1104202270507812,-0.35864806175231934,0.7111762166023254,0.5,0.8235889673233032,0.1764110028743744,139.6337890625,4860466,
-0.4088970720767975,-0.30982425808906555,-0.30982425808906555,-0.30982425808906555,1.0864217281341553,-0.37637048959732056,0.8570225238800049,0.5,0.7868742942810059,0.21312570571899414,143.1103515625,4981506,
-0.35372233390808105,-0.2637505829334259,-0.2637505829334259,-0.2637505829334259,1.1353853940963745,-0.31154385209083557,0.7091472148895264,0.5,0.7442134618759155,0.2557865083217621,142.7744140625,4969810,
-0.14537343382835388,-0.14902622997760773,-0.14902622997760773,-0.14902622997760773,0.8402163982391357,-0.17301903665065765,0.9780258536338806,0.5,0.6379872560501099,0.3620127737522125,127.8095703125,4448794,
-0.046516478061676025,-0.0074466983787715435,-0.0074466983787715435,-0.0074466983787715435,0.8036673069000244,-0.05788026750087738,0.9844982028007507,0.5,0.5068950653076172,0.4931049048900604,119.521484375,4160236,
-0.19486184418201447,-0.14224791526794434,-0.14224791526794434,-0.14224791526794434,1.0388740301132202,-0.1875702291727066,0.9789433479309082,0.5,0.6317110061645508,0.36828896403312683,135.1103515625,4702978,
-0.20332486927509308,-0.12521134316921234,-0.12521134316921234,-0.12521134316921234,1.2095903158187866,-0.1680939942598343,0.7741737365722656,0.5,0.6159363985061646,0.38406357169151306,144.0029296875,5012582,
-0.06964567303657532,-0.04023837670683861,-0.04023837670683861,-0.04023837670683861,1.2309849262237549,-0.05657719448208809,0.7779659628868103,0.5,0.5372577905654907,0.46274223923683167,142.6025390625,4963826,
-0.19176197052001953,-0.1609099805355072,-0.1609099805355072,-0.1609099805355072,1.1897251605987549,-0.1611817330121994,0.7103065848350525,0.5,0.6489907503128052,0.3510092794895172,144.43359375,5027576,
-0.0,-0.00476433988660574,-0.00476433988660574,-0.00476433988660574,-0.6500528454780579,0.0,0.4778819978237152,0.5,0.5044113993644714,0.49558860063552856,61.703125,2147232,
0.03698985278606415,0.014020937494933605,0.014020937494933605,0.014020937494933605,-0.7125521898269653,-0.05191177874803543,0.4328935742378235,0.5,0.4870176911354065,0.5129823088645935,60.43359375,2103032,
-0.03698985278606415,-0.05152056738734245,-0.05152056738734245,-0.05152056738734245,-0.7125521898269653,0.05191177874803543,0.4328935742378235,0.5,0.5477042198181152,0.45229578018188477,63.0537109375,2194254,
0.18209104239940643,0.2092665284872055,0.2092665284872055,0.2092665284872055,-0.8774946928024292,-0.20751240849494934,0.2574140429496765,0.5,0.3062347173690796,0.6937652826309204,63.71484375,2217272,
0.24025404453277588,0.20981580018997192,0.20981580018997192,0.20981580018997192,-0.9545720219612122,-0.2516877055168152,0.09338421374559402,0.5,0.3057261109352112,0.6942738890647888,65.009765625,2262356,
0.09203224629163742,0.042310796678066254,0.042310796678066254,0.042310796678066254,-0.8963412642478943,-0.10267545282840729,0.2551392614841461,0.5,0.4608233571052551,0.5391766428947449,62.5419921875,2176438,
-0.1964506059885025,-0.13950994610786438,-0.13950994610786438,-0.13950994610786438,-0.9659647941589355,0.20337243378162384,0.09321588277816772,0.5,0.6291759014129639,0.3708241283893585,64.3359375,2238896,
-0.2829330265522003,-0.2689264416694641,-0.2689264416694641,-0.2689264416694641,-0.940251886844635,0.30091193318367004,0.09372089058160782,0.5,0.749005913734436,0.2509940564632416,59.755859375,2079436,
-0.09203224629163742,-0.10528169572353363,-0.10528169572353363,-0.10528169572353363,-0.8963412642478943,0.10267545282840729,0.2551392614841461,0.5,0.5974830389022827,0.4025169312953949,59.921875,2085216,
0.3308245539665222,0.27728143334388733,0.27728143334388733,0.27728143334388733,0.3569999635219574,0.9266795516014099,0.2052028477191925,0.5,0.24325793981552124,0.7567420601844788,78.1416015625,2719554,
0.276335746049881,0.19964396953582764,0.19964396953582764,0.19964396953582764,0.2953281104564667,0.9356906414031982,0.27689892053604126,0.5,0.31514447927474976,0.6848555207252502,80.681640625,2807988,
0.3295665681362152,0.2747448980808258,0.2747448980808258,0.2747448980808258,0.3544817864894867,0.9297136664390564,0.1760043054819107,0.5,0.24560654163360596,0.754393458366394,80.48828125,2801256,
0.08042340725660324,0.02371267043054104,0.02371267043054104,0.02371267043054104,0.09191954880952835,0.874932587146759,0.4674144983291626,0.5,0.478043794631958,0.521956205368042,69.5625,2420864,
-0.025400925427675247,-0.014160752296447754,-0.014160752296447754,-0.014160752296447754,-0.033127881586551666,0.7667536735534668,0.5483326315879822,0.5,0.5131118297576904,0.48688820004463196,71.6708984375,2494270,
0.11907565593719482,0.09645384550094604,0.09645384550094604,0.09645384550094604,0.12430679053068161,0.9579175710678101,0.28367674350738525,0.5,0.41069090366363525,0.5893090963363647,73.16796875,2546392,
0.24342216551303864,0.163524329662323,0.163524329662323,0.163524329662323,0.25208285450935364,0.9656434655189514,0.08896367996931076,0.5,0.34858858585357666,0.6514114141464233,75.8681640625,2640402,
0.23846834897994995,0.16314570605754852,0.16314570605754852,0.16314570605754852,0.24609345197677612,0.9690154194831848,0.02964816614985466,0.5,0.3489391803741455,0.6510608196258545,70.85546875,2465880,
0.32429763674736023,0.21301041543483734,0.21301041543483734,0.21301041543483734,0.34615054726600647,0.9368687272071838,0.08824558556079865,0.5,0.30276811122894287,0.6972318887710571,79.5859375,2769840,
-0.31719663739204407,-0.29772746562957764,-0.29772746562957764,-0.29772746562957764,-0.9415440559387207,0.3368898630142212,0.0,0.5,0.7756735682487488,0.22432643175125122,64.0146484375,2227710,
-0.24025404453277588,-0.22949808835983276,-0.22949808835983276,-0.22949808835983276,-0.9545720219612122,0.2516877055168152,0.09338421374559402,0.5,0.7124981880187988,0.2875017821788788,60.7353515625,2113538,
-0.2829330265522003,-0.22699850797653198,-0.22699850797653198,-0.22699850797653198,-0.940251886844635,0.30091193318367004,-0.09372089058160782,0.5,0.7101837992668152,0.2898162007331848,61.3603515625,2135298,
-0.14625990390777588,-0.144209086894989,-0.144209086894989,-0.144209086894989,-0.9760296940803528,0.14985190331935883,0.09172973036766052,0.5,0.6335269212722778,0.36647307872772217,64.2470703125,2235802,
-0.1448971927165985,-0.16006633639335632,-0.16006633639335632,-0.16006633639335632,-0.9395412802696228,0.15422120690345764,0.17919223010540009,0.5,0.6482095718383789,0.3517904281616211,63.5234375,2210608,
-0.04813148453831673,-0.023094503208994865,-0.023094503208994865,-0.023094503208994865,-0.951859176158905,0.05056576058268547,0.1764802783727646,0.5,0.5213837623596191,0.47861623764038086,63.240234375,2200748,
-0.04344938322901726,-0.060643166303634644,-0.060643166303634644,-0.060643166303634644,-0.8414801955223083,0.051634468138217926,-0.3221689462661743,0.5,0.5561510920524597,0.4438489079475403,64.1943359375,2233966,
-0.040310729295015335,-0.008749679662287235,-0.008749679662287235,-0.008749679662287235,-0.779230535030365,0.05173145607113838,-0.37992164492607117,0.5,0.5081015825271606,0.49189844727516174,64.822265625,2255828,
-0.1448971927165985,-0.1328447014093399,-0.1328447014093399,-0.1328447014093399,-0.9395412802696228,0.15422120690345764,-0.17919223010540009,0.5,0.6230043172836304,0.37699565291404724,61.1708984375,2128702,
-0.31719663739204407,-0.24749521911144257,-0.24749521911144257,-0.24749521911144257,0.9415440559387207,-0.3368898630142212,0.0,0.5,0.7291622161865234,0.2708377540111542,103.861328125,3615012,
-0.3157791793346405,-0.23717576265335083,-0.23717576265335083,-0.23717576265335083,0.9425561428070068,-0.33502426743507385,0.027180686593055725,0.5,0.7196071743965149,0.2803928256034851,101.4609375,3531440,
-0.3157791793346405,-0.23701442778110504,-0.23701442778110504,-0.23701442778110504,0.9425561428070068,-0.33502426743507385,-0.027180686593055725,0.5,0.719457745552063,0.2805422246456146,105.1669921875,3660470,
-0.3141891658306122,-0.21341325342655182,-0.21341325342655182,-0.21341325342655182,0.949064314365387,-0.3310514986515045,0.10788612067699432,0.5,0.6976048350334167,0.30239516496658325,101.302734375,3525932,
-0.31512874364852905,-0.22103455662727356,-0.22103455662727356,-0.22103455662727356,0.9563620090484619,-0.3295077979564667,0.1617807298898697,0.5,0.7046616077423096,0.29533839225769043,104.25390625,3628680,
-0.23312488198280334,-0.16211463510990143,-0.16211463510990143,-0.16211463510990143,0.972227931022644,-0.23978418111801147,0.053783345967531204,0.5,0.6501061320304871,0.34989386796951294,100.908203125,3512196,
-0.23198142647743225,-0.1789640486240387,-0.1789640486240387,-0.1789640486240387,0.9769327640533447,-0.2374589443206787,-0.10697322338819504,0.5,0.6657074689865112,0.33429256081581116,101.1044921875,3519030,
-0.2745320796966553,-0.22441481053829193,-0.22441481053829193,-0.22441481053829193,0.9674766063690186,-0.2837609350681305,-0.1342722773551941,0.5,0.7077915072441101,0.2922084927558899,109.7763671875,3820950,
-0.23312488198280334,-0.21593765914440155,-0.21593765914440155,-0.21593765914440155,0.972227931022644,-0.23978418111801147,-0.053783345967531204,0.5,0.6999422907829285,0.30005770921707153,105.265625,3663904,
0.0,0.06160830706357956,0.06160830706357956,0.06160830706357956,1.2133089303970337,0.0,0.7223295569419861,0.5,0.44295525550842285,0.5570447444915771,140.083984375,4876140,
-0.06903410702943802,-0.07228398323059082,-0.07228398323059082,-0.07228398323059082,1.2206212282180786,-0.05655653774738312,0.7475414872169495,0.5,0.5669295787811279,0.4330703914165497,145.03515625,5048520,
0.1379266083240509,0.12251482903957367,0.12251482903957367,0.12251482903957367,1.2225611209869385,0.11281775683164597,0.7754172682762146,0.5,0.386560320854187,0.613439679145813,141.5166015625,4926018,
-0.07005790621042252,-0.04581897333264351,-0.04581897333264351,-0.04581897333264351,1.2394263744354248,-0.05652445927262306,0.8084102272987366,0.5,0.5424249768257141,0.4575750231742859,140.982421875,4907420,
-0.1379266083240509,-0.072085440158844,-0.072085440158844,-0.072085440158844,1.2225611209869385,-0.11281775683164597,0.7754172682762146,0.5,0.5667457580566406,0.433254212141037,146.5615234375,5101662,
-0.14275281131267548,-0.16785423457622528,-0.16785423457622528,-0.16785423457622528,1.2359684705734253,-0.11549874395132065,0.8424192070960999,0.5,0.6554206013679504,0.34457939863204956,153.478515625,5342484,
0.2612362205982208,0.23032686114311218,0.23032686114311218,0.23032686114311218,1.1928462982177734,0.21900242567062378,0.7726402878761292,0.5,0.286734402179718,0.713265597820282,135.1796875,4705392,
0.3099597990512848,0.2348828762769699,0.2348828762769699,0.2348828762769699,1.1655747890472412,0.265928715467453,0.7406061887741089,0.5,0.28251582384109497,0.717484176158905,134.6025390625,4685298,
0.19176197052001953,0.10999738425016403,0.10999738425016403,0.10999738425016403,1.1897251605987549,0.1611817330121994,0.7103065848350525,0.5,0.39815056324005127,0.6018494367599487,139.8232421875,4867062,
-0.3982500731945038,-0.3628881871700287,-0.3628881871700287,-0.3628881871700287,1.1104202270507812,-0.35864806175231934,-0.7111762166023254,0.5,0.8360075950622559,0.16399243474006653,126.712890625,4410612,
-0.35372233390808105,-0.32286882400512695,-0.32286882400512695,-0.32286882400512695,1.1353853940963745,-0.31154385209083557,-0.7091472148895264,0.5,0.798952579498291,0.2010473906993866,133.791015625,4657044,
-0.4088970720767975,-0.3229196071624756,-0.3229196071624756,-0.3229196071624756,1.0864217281341553,-0.37637048959732056,-0.8570225238800049,0.5,0.7989996075630188,0.20100037753582,140.9873046875,4907590,
-0.20332486927509308,-0.1721111238002777,-0.1721111238002777,-0.1721111238002777,1.2095903158187866,-0.1680939942598343,-0.7741737365722656,0.5,0.6593621373176575,0.34063786268234253,142.1826171875,4949206,
-0.19176197052001953,-0.15429694950580597,-0.15429694950580597,-0.15429694950580597,1.1897251605987549,-0.1611817330121994,-0.7103065848350525,0.5,0.6428675651550293,0.3571324646472931,131.705078125,4584420,
-0.06903410702943802,-0.032241664826869965,-0.032241664826869965,-0.032241664826869965,1.2206212282180786,-0.05655653774738312,-0.7475414872169495,0.5,0.529853343963623,0.47014662623405457,145.79296875,5074904,
-0.051008716225624084,-0.03278535231947899,-0.03278535231947899,-0.03278535231947899,0.8816512227058411,-0.057855889201164246,-0.9928770065307617,0.5,0.5303568243980408,0.46964317560195923,130.9541015625,4558274,
-0.042025428265333176,0.011015369556844234,0.011015369556844234,0.011015369556844234,0.7258644700050354,-0.05789707228541374,-0.9734052419662476,0.5,0.4898005723953247,0.5101994276046753,115.5556640625,4022162,
-0.19486184418201447,-0.1514098197221756,-0.1514098197221756,-0.1514098197221756,1.0388740301132202,-0.1875702291727066,-0.9789433479309082,0.5,0.640194296836853,0.35980573296546936,142.2392578125,4951178,
0.0,-0.02360646426677704,-0.02360646426677704,-0.02360646426677704,1.022396445274353,0.0,-0.2128807008266449,0.5,0.5218578577041626,0.4781421422958374,106.01171875,3689880,
-0.04890460893511772,-0.019305899739265442,-0.019305899739265442,-0.019305899739265442,1.020195484161377,-0.04793650656938553,-0.20789183676242828,0.5,0.5178757905960083,0.4821241796016693,104.4677734375,3636126,
0.04890460893511772,0.010113992728292942,0.010113992728292942,0.010113992728292942,1.020195484161377,0.04793650656938553,-0.20789183676242828,0.5,0.4906351566314697,0.5093648433685303,114.2783203125,3977690,
-0.19032226502895355,-0.14283616840839386,-0.14283616840839386,-0.14283616840839386,1.000447154045105,-0.19023719429969788,-0.1963040828704834,0.5,0.6322556734085083,0.3677442967891693,107.921875,3756384,
-0.2331099957227707,-0.2015645056962967,-0.2015645056962967,-0.2015645056962967,0.9844706654548645,-0.23678714036941528,-0.16371122002601624,0.5,0.6866337656974792,0.31336623430252075,103.5634765625,3604642,
-0.09599602967500687,-0.1232520341873169,-0.1232520341873169,-0.1232520341873169,1.0056742429733276,-0.0954543948173523,-0.14382386207580566,0.5,0.6141222715377808,0.3858777582645416,104.779296875,3646972,
0.18804600834846497,0.13083907961845398,0.13083907961845398,0.13083907961845398,0.9909670948982239,0.18976008892059326,-0.13679535686969757,0.5,0.3788527250289917,0.6211472749710083,102.1875,3556736,
0.2331099957227707,0.12118084728717804,0.12118084728717804,0.12118084728717804,0.9844706654548645,0.23678714036941528,-0.16371122002601624,0.5,0.38779550790786743,0.6122044920921326,100.4453125,3496080,
0.09599602967500687,0.058095142245292664,0.058095142245292664,0.058095142245292664,1.0056742429733276,0.0954543948173523,-0.14382386207580566,0.5,0.4462081789970398,0.5537918210029602,110.685546875,3852604,
0.0,0.030688591301441193,0.030688591301441193,0.030688591301441193,0.6697620153427124,0.0,-0.965140163898468,0.5,0.47158461809158325,0.5284153819084167,107.1552734375,3729694,
-0.046516478061676025,-0.044448234140872955,-0.044448234140872955,-0.044448234140872955,0.8036673069000244,-0.05788026750087738,-0.9844982028007507,0.5,0.5411557555198669,0.45884424448013306,120.4560546875,4192774,
0.042025428265333176,0.05731697008013725,0.05731697008013725,0.05731697008013725,0.7258644700050354,0.05789707228541374,-0.9734052419662476,0.5,0.4469287395477295,0.5530712604522705,121.61328125,4233064,
-0.06103666126728058,-0.05332644283771515,-0.05332644283771515,-0.05332644283771515,0.9809620380401611,-0.0622212253510952,-0.9979504942893982,0.5,0.5493763089179993,0.45062369108200073,138.73828125,4829288,
-0.1153855100274086,-0.10711033642292023,-0.10711033642292023,-0.10711033642292023,0.959956705570221,-0.12019865959882736,-0.9924357533454895,0.5,0.5991762280464172,0.40082377195358276,133.1025390625,4633074,
-0.14854922890663147,-0.11110538244247437,-0.11110538244247437,-0.11110538244247437,1.1606767177581787,-0.12798501551151276,-0.9647572040557861,0.5,0.6028753519058228,0.39712464809417725,144.306640625,5023156,
0.2957732677459717,0.26203495264053345,0.26203495264053345,0.26203495264053345,1.1352609395980835,0.26053330302238464,-0.9228954911231995,0.5,0.2573750615119934,0.7426249384880066,147.2412109375,5125326,
0.35755908489227295,0.2850879728794098,0.2850879728794098,0.2850879728794098,1.118782639503479,0.3195965588092804,-0.8884243369102478,0.5,0.23602962493896484,0.7639703750610352,137.4443359375,4784238,
0.1153855100274086,0.0884484276175499,0.0884484276175499,0.0884484276175499,0.959956705570221,0.12019865959882736,-0.9924357533454895,0.5,0.41810333728790283,0.5818966627120972,124.3515625,4328400,
0.31719663739204407,0.20758666098117828,0.20758666098117828,0.20758666098117828,0.3368898630142212,0.9415440559387207,0.0,0.5,0.3077901601791382,0.6922098398208618,82.5927734375,2874526,
0.28045326471328735,0.20650041103363037,0.20650041103363037,0.20650041103363037,0.29342523217201233,0.9557912349700928,0.02967933937907219,0.5,0.3087959289550781,0.6912040710449219,74.6611328125,2598378,
0.24105940759181976,0.16586191952228546,0.16586191952228546,0.16586191952228546,0.24914483726024628,0.9675472974777222,-0.05934128537774086,0.5,0.3464241623878479,0.6535758376121521,77.849609375,2709388,
0.19423022866249084,0.1825912743806839,0.1825912743806839,0.1825912743806839,0.19821688532829285,0.9798874258995056,0.02963249944150448,0.5,0.3309340476989746,0.6690659523010254,79.939453125,2782148,
0.24105940759181976,0.15718767046928406,0.15718767046928406,0.15718767046928406,0.24914483726024628,0.9675472974777222,0.05934128537774086,0.5,0.3544558882713318,0.6455441117286682,72.3173828125,2516778,
0.15086300671100616,0.0852164551615715,0.0852164551615715,0.0852164551615715,0.15284982323646545,0.9870014786720276,0.05943329259753227,0.5,0.4210958480834961,0.5789041519165039,71.244140625,2479412,
0.24559907615184784,0.14780984818935394,0.14780984818935394,0.14780984818935394,0.25495579838752747,0.9633005857467651,-0.11825819313526154,0.5,0.3631390333175659,0.6368609666824341,80.6806640625,2807954,
0.3295665681362152,0.24416746199131012,0.24416746199131012,0.24416746199131012,0.3544817864894867,0.9297136664390564,-0.1760043054819107,0.5,0.2739190459251404,0.7260809540748596,77.90234375,2711224,
0.32429763674736023,0.2250443994998932,0.2250443994998932,0.2250443994998932,0.34615054726600647,0.9368687272071838,-0.08824558556079865,0.5,0.2916255593299866,0.7083744406700134,75.2841796875,2620070,
0.3308245539665222,0.24835911393165588,0.24835911393165588,0.24835911393165588,0.3569999635219574,0.9266795516014099,-0.2052028477191925,0.5,0.27003782987594604,0.729962170124054,77.771484375,2706668,
0.2890721559524536,0.23982250690460205,0.23982250690460205,0.23982250690460205,0.3050430119037628,0.9476439356803894,-0.14721281826496124,0.5,0.27794212102890015,0.7220578789710999,79.462890625,2765556,
0.276335746049881,0.1722472608089447,0.1722472608089447,0.1722472608089447,0.2953281104564667,0.9356906414031982,-0.27689892053604126,0.5,0.34051185846328735,0.6594881415367126,70.837890625,2465268,
0.19935837388038635,0.15533171594142914,0.15533171594142914,0.15533171594142914,0.20415227115154266,0.9765180349349976,-0.08885928243398666,0.5,0.3561743497848511,0.6438256502151489,71.880859375,2501580,
0.23846834897994995,0.16343797743320465,0.16343797743320465,0.16343797743320465,0.24609345197677612,0.9690154194831848,-0.02964816614985466,0.5,0.34866857528686523,0.6513314247131348,78.8095703125,2742810,
0.1480734497308731,0.09190437197685242,0.09190437197685242,0.09190437197685242,0.1498112678527832,0.9883999228477478,-0.02978546731173992,0.5,0.4149034023284912,0.5850965976715088,72.173828125,2511780,
-0.013238695450127125,-0.013509492389857769,-0.013509492389857769,-0.013509492389857769,-0.014740189537405968,0.8981360197067261,-0.4025973677635193,0.5,0.5125088095664978,0.4874911904335022,71.67578125,2494440,
-0.025400925427675247,-0.07103130966424942,-0.07103130966424942,-0.07103130966424942,-0.033127881586551666,0.7667536735534668,-0.5483326315879822,0.5,0.5657697319984436,0.4342302680015564,67.96484375,2365240,
0.11907565593719482,0.106338731944561,0.106338731944561,0.106338731944561,0.12430679053068161,0.9579175710678101,-0.28367674350738525,0.5,0.4015381932258606,0.5984618067741394,73.923828125,2572708,
0.38650521636009216,0.34079912304878235,0.34079912304878235,0.34079912304878235,-0.903989315032959,-0.4275550842285156,0.0,0.5,0.18444526195526123,0.8155547380447388,61.02734375,2123704,
0.394114226102829,0.30371329188346863,0.30371329188346863,0.30371329188346863,-0.8803948760032654,-0.44765621423721313,0.09406963735818863,0.5,0.21878403425216675,0.7812159657478333,68.0224609375,2367246,
0.394114226102829,0.35476014018058777,0.35476014018058777,0.35476014018058777,-0.8803948760032654,-0.44765621423721313,-0.09406963735818863,0.5,0.1715184450149536,0.8284815549850464,62.974609375,2191500,
0.32895100116729736,0.2889867424964905,0.2889867424964905,0.2889867424964905,-0.7097659707069397,-0.46346405148506165,0.3334757089614868,0.5,0.2324196696281433,0.7675803303718567,66.6142578125,2318218,
0.2584628462791443,0.22397075593471527,0.22397075593471527,0.22397075593471527,-0.5656458139419556,-0.4569340944290161,0.44941386580467224,0.5,0.29261964559555054,0.7073803544044495,56.3447265625,1960674,
0.4299686551094055,0.31047701835632324,0.31047701835632324,0.31047701835632324,-0.7828169465065002,-0.5492582321166992,0.18140582740306854,0.5,0.21252131462097168,0.7874786853790283,65.31640625,2273032,
0.3607684373855591,0.3201957941055298,0.3201957941055298,0.3201957941055298,-0.6536885499954224,-0.5518965125083923,-0.33296579122543335,0.5,0.2035224437713623,0.7964775562286377,65.4697265625,2278370,
0.2584628462791443,0.21947097778320312,0.21947097778320312,0.21947097778320312,-0.5656458139419556,-0.4569340944290161,-0.44941386580467224,0.5,0.2967861294746399,0.7032138705253601,63.9453125,2225296,
0.4299686551094055,0.40463414788246155,0.40463414788246155,0.40463414788246155,-0.7828169465065002,-0.5492582321166992,-0.18140582740306854,0.5,0.12533873319625854,0.8746612668037415,70.3203125,2447248,
-0.17807206511497498,-0.15966157615184784,-0.15966157615184784,-0.15966157615184784,0.3792046308517456,-0.4695935845375061,0.8280110359191895,0.5,0.6478347778320312,0.35216519236564636,93.892578125,3267940,
-0.2785877287387848,-0.2219286859035492,-0.2219286859035492,-0.2219286859035492,0.5613282918930054,-0.4963008761405945,0.8523072600364685,0.5,0.7054895162582397,0.29451048374176025,103.6044921875,3606070,
-0.2181330770254135,-0.19622960686683655,-0.19622960686683655,-0.19622960686683655,0.3850010335445404,-0.5665779113769531,0.78902268409729,0.5,0.6816940307617188,0.31830593943595886,87.4306640625,3042962,
-0.40723589062690735,-0.29878687858581543,-0.29878687858581543,-0.29878687858581543,0.7668189406394958,-0.5310717821121216,0.8457597494125366,0.5,0.7766544818878174,0.22334548830986023,108.416015625,3773588,
-0.5206055045127869,-0.40419360995292664,-0.40419360995292664,-0.40419360995292664,0.9404930472373962,-0.5535452961921692,0.7043588161468506,0.5,0.8742533326148987,0.12574666738510132,122.423828125,4261284,
-0.4295457899570465,-0.3136405050754547,-0.3136405050754547,-0.3136405050754547,0.6902915835380554,-0.6222671866416931,0.7782114744186401,0.5,0.7904078960418701,0.20959213376045227,108.4150390625,3773554,
-0.45032137632369995,-0.3450421094894409,-0.3450421094894409,-0.3450421094894409,0.543063759803772,-0.8292237520217896,0.42670270800590515,0.5,0.8194833993911743,0.1805165708065033,93.25,3245568,
-0.3923342227935791,-0.2877010405063629,-0.2877010405063629,-0.2877010405063629,0.448172390460968,-0.8754091858863831,0.369527667760849,0.5,0.7663898468017578,0.2336101531982422,83.8173828125,2917162,
-0.473716676235199,-0.3554815649986267,-0.3554815649986267,-0.3554815649986267,0.589106023311615,-0.8041280508041382,0.45669668912887573,0.5,0.829149603843689,0.17085041105747223,90.080078125,3135204,
-0.10176309198141098,-0.09538368880748749,-0.09538368880748749,-0.09538368880748749,0.28499144315719604,-0.35707420110702515,-0.836746871471405,0.5,0.5883182287216187,0.41168177127838135,87.88671875,3058840,
-0.09726861864328384,-0.09482758492231369,-0.09482758492231369,-0.09482758492231369,0.31691503524780273,-0.3069233298301697,-0.8560494184494019,0.5,0.5878033638000488,0.41219666600227356,86.923828125,3025316,
-0.08898025006055832,-0.0824260488152504,-0.0824260488152504,-0.0824260488152504,0.23117998242378235,-0.38489601016044617,-0.8150335550308228,0.5,0.5763204097747803,0.4236795902252197,84.185546875,2929980,
-0.06404593586921692,-0.03538104519248009,-0.03538104519248009,-0.03538104519248009,0.4154523015022278,-0.1541595458984375,-0.903264582157135,0.5,0.5327602028846741,0.4672397971153259,94.857421875,3301532,
-0.02100488357245922,-0.03439343720674515,-0.03439343720674515,-0.03439343720674515,0.4081685245037079,-0.05146130174398422,-0.9078755378723145,0.5,0.5318458080291748,0.4681542217731476,89.236328125,3105828,
-0.04105806350708008,-0.022177204489707947,-0.022177204489707947,-0.022177204489707947,0.26609936356544495,-0.15429598093032837,-0.8636798858642578,0.5,0.5205344557762146,0.4794655442237854,81.2099609375,2826382,
0.005531081464141607,-0.014639319851994514,-0.014639319851994514,-0.014639319851994514,-0.015135284513235092,-0.36544284224510193,-0.7406924962997437,0.5,0.5135549306869507,0.4864450693130493,74.94921875,2608408,
0.017367864027619362,-0.008455750532448292,-0.008455750532448292,-0.008455750532448292,-0.03351609781384468,-0.5181946754455566,-0.6884411573410034,0.5,0.5078294277191162,0.4921706020832062,74.0419921875,2576822,
-0.02868787571787834,-0.016400564461946487,-0.016400564461946487,-0.016400564461946487,0.09212759882211685,-0.3113928437232971,-0.7887527942657471,0.5,0.5151857137680054,0.48481428623199463,77.3515625,2692048,
-0.4012039303779602,-0.26123046875,-0.26123046875,-0.26123046875,0.4532877504825592,-0.8850976824760437,0.2620603144168854,0.5,0.7418800592422485,0.25811994075775146,90.9462890625,3165362,
-0.42323780059814453,-0.29023197293281555,-0.29023197293281555,-0.29023197293281555,0.4962712526321411,-0.8528355956077576,0.3984377086162567,0.5,0.7687332630157471,0.23126670718193054,88.51953125,3080872,
-0.4301932454109192,-0.34671464562416077,-0.34671464562416077,-0.34671464562416077,0.4976155161857605,-0.8645092844963074,0.2615033984184265,0.5,0.8210320472717285,0.1789679378271103,79.8935546875,2780550,
-0.5099937319755554,-0.3966583013534546,-0.3966583013534546,-0.3966583013534546,0.6793075203895569,-0.7507553100585938,0.513152003288269,0.5,0.8672761917114258,0.13272380828857422,92.7578125,3228432,
-0.49372392892837524,-0.3526247441768646,-0.3526247441768646,-0.3526247441768646,0.6345946192741394,-0.7780146598815918,0.4848572611808777,0.5,0.8265043497085571,0.17349562048912048,86.197265625,3000020,
-0.47281211614608765,-0.38750940561294556,-0.38750940561294556,-0.38750940561294556,0.6269930601119995,-0.754094660282135,0.600100040435791,0.5,0.8588050007820129,0.14119501411914825,99.5888671875,3466262,
-0.4957355558872223,-0.3566799759864807,-0.3566799759864807,-0.3566799759864807,0.6300614476203918,-0.7868050932884216,0.3169516921043396,0.5,0.8302592039108276,0.16974078118801117,90.314453125,3143364,
-0.5155810117721558,-0.39185062050819397,-0.39185062050819397,-0.39185062050819397,0.7081183791160583,-0.7281000018119812,0.3157714605331421,0.5,0.8628246188163757,0.13717536628246307,93.619140625,3258420,
-0.49226120114326477,-0.4326368272304535,-0.4326368272304535,-0.4326368272304535,0.6234784126281738,-0.7895401120185852,0.25955930352211,0.5,0.900589644908905,0.09941036254167557,88.0693359375,3065198,
0.06375777721405029,0.052724942564964294,0.052724942564964294,0.052724942564964294,-0.09093467146158218,-0.7011382579803467,0.5750318765640259,0.5,0.4511805772781372,0.5488194227218628,66.6318359375,2318830,
0.025400925427675247,0.055578961968421936,0.055578961968421936,0.055578961968421936,-0.033127881586551666,-0.7667536735534668,0.5483326315879822,0.5,0.44853800535202026,0.5514619946479797,73.0673828125,2542890,
0.1082417368888855,0.1328592300415039,0.1328592300415039,0.1328592300415039,-0.13011567294597626,-0.8318885564804077,0.4465293288230896,0.5,0.3769822120666504,0.6230177879333496,67.607421875,2352796,
-0.1477200984954834,-0.09691638499498367,-0.09691638499498367,-0.09691638499498367,0.16204869747161865,-0.9115784764289856,0.41106778383255005,0.5,0.5897374153137207,0.4102626144886017,76.04296875,2646488,
-0.23247598111629486,-0.18016865849494934,-0.18016865849494934,-0.18016865849494934,0.2443384975194931,-0.9514504671096802,0.24739381670951843,0.5,0.6668227910995483,0.3331771790981293,80.9765625,2818256,
-0.05016016215085983,0.013682116754353046,0.013682116754353046,0.013682116754353046,0.053604792803525925,-0.9357402324676514,0.3463871479034424,0.5,0.4873313903808594,0.5126686096191406,68.90234375,2397880,
0.09656190127134323,0.09036459028720856,0.09036459028720856,0.09036459028720856,-0.1024894267320633,-0.9421645402908325,0.2815746068954468,0.5,0.4163290858268738,0.5836709141731262,70.171875,2442080,
0.11601413041353226,0.12650510668754578,0.12650510668754578,0.12650510668754578,-0.11750739067792892,-0.9872921705245972,0.09591426700353622,0.5,0.38286566734313965,0.6171343326568604,67.509765625,2349396,
0.14380702376365662,0.09691831469535828,0.09691831469535828,0.09691831469535828,-0.15469232201576233,-0.9296325445175171,0.2836867570877075,0.5,0.4102608561515808,0.5897391438484192,64.359375,2239712,
-0.3161884844303131,-0.213966503739357,-0.213966503739357,-0.213966503739357,0.9608620405197144,-0.32906752824783325,0.18866507709026337,0.5,0.6981171369552612,0.30188289284706116,105.26171875,3663768,
-0.2766461670398712,-0.24527707695960999,-0.24527707695960999,-0.24527707695960999,0.9762369990348816,-0.2833801209926605,0.1907816231250763,0.5,0.727108359336853,0.2728916108608246,100.82421875,3509272,
-0.2745320796966553,-0.2360394150018692,-0.2360394150018692,-0.2360394150018692,0.9674766063690186,-0.2837609350681305,0.1342722773551941,0.5,0.7185549736022949,0.2814449965953827,109.5693359375,3813742,
-0.14463061094284058,-0.17432573437690735,-0.17432573437690735,-0.17432573437690735,1.0091603994369507,-0.14331775903701782,0.1994982361793518,0.5,0.6614127159118652,0.33858728408813477,110.94921875,3861784,
-0.0485912449657917,-0.05258091166615486,-0.05258091166615486,-0.05258091166615486,1.014539361000061,-0.047894883900880814,0.177948996424675,0.5,0.5486860275268555,0.45131397247314453,108.6416015625,3781442,
-0.1426561325788498,-0.13748306035995483,-0.13748306035995483,-0.13748306035995483,0.9994395971298218,-0.14273612201213837,0.14022023975849152,0.5,0.6272991299629211,0.37270087003707886,108.2197265625,3766754,
-0.18798427283763885,-0.1458757221698761,-0.1458757221698761,-0.1458757221698761,0.9847622513771057,-0.1908930540084839,0.08021427690982819,0.5,0.6350700855255127,0.3649298846721649,104.3173828125,3630890,
-0.1437157243490219,-0.10318172723054886,-0.10318172723054886,-0.10318172723054886,0.9897552728652954,-0.14520329236984253,0.026732169091701508,0.5,0.5955386161804199,0.4044613838195801,96.0576171875,3343318,
-0.2324315458536148,-0.16686616837978363,-0.16686616837978363,-0.16686616837978363,0.974250316619873,-0.2385747730731964,0.08034750819206238,0.5,0.654505729675293,0.34549427032470703,104.8212890625,3648434,
0.0,-0.021088946610689163,-0.021088946610689163,-0.021088946610689163,0.5174756646156311,0.0,0.9345330595970154,0.5,0.5195268392562866,0.48047319054603577,100.1220703125,3484826,
-0.024861618876457214,-0.07573755830526352,-0.07573755830526352,-0.07573755830526352,0.4830877482891083,-0.051463980227708817,0.9259101152420044,0.5,0.5701273679733276,0.42987263202667236,99.56640625,3465480,
0.024861618876457214,-0.035863541066646576,-0.035863541066646576,-0.035863541066646576,0.4830877482891083,0.051463980227708817,0.9259101152420044,0.5,0.5332069396972656,0.466793030500412,97.71484375,3401016,
-0.07852436602115631,-0.05997144803404808,-0.05997144803404808,-0.05997144803404808,0.38211074471473694,-0.20550158619880676,0.8892514705657959,0.5,0.5555291175842285,0.4444708824157715,93.177734375,3243052,
-0.07041335105895996,-0.07285527884960175,-0.07285527884960175,-0.07285527884960175,0.2746675908565521,-0.25635841488838196,0.853465735912323,0.5,0.5674586296081543,0.4325414001941681,84.5517578125,2942730,
-0.030828893184661865,-0.04820835217833519,-0.04820835217833519,-0.04820835217833519,0.29963475465774536,-0.10288824141025543,0.8769589066505432,0.5,0.5446373224258423,0.4553626477718353,85.6865234375,2982238,
0.04790075495839119,0.014508000575006008,0.014508000575006008,0.014508000575006008,0.2330903857946396,0.20550291240215302,0.8487333655357361,0.5,0.4865666627883911,0.5134333372116089,83.673828125,2912164,
0.09726861864328384,0.08040568977594376,0.08040568977594376,0.08040568977594376,0.31691503524780273,0.3069233298301697,0.8560494184494019,0.5,0.42555028200149536,0.5744497179985046,88.689453125,3086788,
0.030828893184661865,-0.007796622812747955,-0.007796622812747955,-0.007796622812747955,0.29963475465774536,0.10288824141025543,0.8769589066505432,0.5,0.5072190761566162,0.4927808940410614,95.296875,3316832,
0.22050562500953674,0.18773750960826874,0.18773750960826874,0.18773750960826874,-0.4888322949409485,-0.45108646154403687,0.5002613663673401,0.5,0.326168954372406,0.673831045627594,61.6357421875,2144886,
0.31513726711273193,0.26123154163360596,0.26123154163360596,0.26123154163360596,-0.5068128108978271,-0.6218020915985107,0.40463802218437195,0.5,0.2581189274787903,0.7418810725212097,64.298828125,2237604,
0.30968141555786133,0.28654611110687256,0.28654611110687256,0.28654611110687256,-0.6118850708007812,-0.506110429763794,0.3940708339214325,0.5,0.23467952013015747,0.7653204798698425,59.1904296875,2059750,
0.38767966628074646,0.3406250476837158,0.3406250476837158,0.3406250476837158,-0.5009389519691467,-0.7739059925079346,0.26903092861175537,0.5,0.1846064329147339,0.8153935670852661,63.8544921875,2222134,
0.4305584728717804,0.3471295237541199,0.3471295237541199,0.3471295237541199,-0.5049550533294678,-0.8526669144630432,0.09437157958745956,0.5,0.1785838007926941,0.8214161992073059,61.28515625,2132680,
0.4139321744441986,0.3514569401741028,0.3514569401741028,0.3514569401741028,-0.5848117470741272,-0.7078041434288025,0.26476725935935974,0.5,0.17457693815231323,0.8254230618476868,60.8837890625,2118706,
0.41351601481437683,0.3657239079475403,0.3657239079475403,0.3657239079475403,-0.69205641746521,-0.5975177884101868,0.2586946189403534,0.5,0.1613667607307434,0.8386332392692566,58.236328125,2026532,
0.47789475321769714,0.42085808515548706,0.42085808515548706,0.42085808515548706,-0.7704086899757385,-0.620313286781311,0.09222234040498734,0.5,0.11031657457351685,0.8896834254264832,62.5009765625,2175010,
0.4003380239009857,0.3836718499660492,0.3836718499660492,0.3836718499660492,-0.7221614718437195,-0.5543608069419861,0.2610124349594116,0.5,0.14474833011627197,0.855251669883728,64.4296875,2242160,
-0.06375777721405029,-0.07179911434650421,-0.07179911434650421,-0.07179911434650421,-0.09093467146158218,0.7011382579803467,0.5750318765640259,0.5,0.5664806365966797,0.4335193634033203,75.5986328125,2631018,
-0.1041162759065628,-0.11245039105415344,-0.11245039105415344,-0.11245039105415344,-0.13713790476322174,0.759208619594574,0.5131015777587891,0.5,0.6041207313537598,0.39587926864624023,63.353515625,2204692,
-0.02179032564163208,0.011293748393654823,0.011293748393654823,0.011293748393654823,-0.025984831154346466,0.8385787010192871,0.48044902086257935,0.5,0.48954278230667114,0.5104572176933289,73.5458984375,2559550,
-0.23188090324401855,-0.2159958779811859,-0.2159958779811859,-0.2159958779811859,-0.25846269726753235,0.8971542119979858,0.2834295332431793,0.5,0.6999961733818054,0.3000038266181946,70.05859375,2438136,
-0.2560963034629822,-0.24810035526752472,-0.24810035526752472,-0.24810035526752472,-0.26794788241386414,0.9557690620422363,0.09756094217300415,0.5,0.7297224998474121,0.2702774703502655,66.2607421875,2305910,
-0.14380702376365662,-0.1415274739265442,-0.1415274739265442,-0.1415274739265442,-0.15469232201576233,0.9296325445175171,0.2836867570877075,0.5,0.6310439109802246,0.368956059217453,70.7158203125,2461018,
0.0003827071632258594,0.00469547975808382,0.00469547975808382,0.00469547975808382,0.00040500229806639254,0.9449505805969238,0.31243884563446045,0.5,0.49565231800079346,0.5043476819992065,70.29296875,2446296,
0.0860879197716713,0.07520211488008499,0.07520211488008499,0.07520211488008499,0.08732935786247253,0.9857844114303589,0.15572436153888702,0.5,0.43036842346191406,0.5696315765380859,75.42578125,2625000,
0.05016016215085983,-0.03856295719742775,-0.03856295719742775,-0.03856295719742775,0.053604792803525925,0.9357402324676514,0.3463871479034424,0.5,0.5357064008712769,0.46429356932640076,67.5908203125,2352218,
0.46005499362945557,0.34956076741218567,0.34956076741218567,0.34956076741218567,1.0413581132888794,0.4417836666107178,0.6521517634391785,0.5,0.17633259296417236,0.8236674070358276,128.734375,4480992,
0.5044808387756348,0.4172714948654175,0.4172714948654175,0.4172714948654175,0.9794584512710571,0.5150609612464905,0.7429275512695312,0.5,0.11363750696182251,0.8863624930381775,118.490234375,4124332,
0.449821799993515,0.40905287861824036,0.40905287861824036,0.40905287861824036,1.026792049407959,0.43808460235595703,0.5915258526802063,0.5,0.12124735116958618,0.8787526488304138,116.52734375,4055992,
0.331296443939209,0.23582763969898224,0.23582763969898224,0.23582763969898224,0.6532762050628662,0.5071307420730591,0.8578920364379883,0.5,0.2816411256790161,0.7183588743209839,100.94140625,3513352,
0.28412193059921265,0.267475962638855,0.267475962638855,0.267475962638855,0.5230574011802673,0.5431945323944092,0.8247635364532471,0.5,0.25233709812164307,0.7476629018783569,91.8173828125,3195690,
0.4998343586921692,0.4340147376060486,0.4340147376060486,0.4340147376060486,0.8014021515846252,0.6236997842788696,0.7385973334312439,0.5,0.09813451766967773,0.9018654823303223,113.654296875,3955964,
0.49299919605255127,0.434247761964798,0.434247761964798,0.434247761964798,0.9548564553260803,0.5163071155548096,0.5346289873123169,0.5,0.09791874885559082,0.9020812511444092,117.9287109375,4104782,
0.48221510648727417,0.4026055634021759,0.4026055634021759,0.4026055634021759,0.9405224323272705,0.5127098560333252,0.47395962476730347,0.5,0.12721705436706543,0.8727829456329346,122.880859375,4277196,
0.43143436312675476,0.4001850187778473,0.4001850187778473,0.4001850187778473,1.0018961429595947,0.4306178390979767,0.5015496015548706,0.5,0.12945830821990967,0.8705416917800903,111.484375,3880416,
0.10176309198141098,0.05399312824010849,0.05399312824010849,0.05399312824010849,0.28499144315719604,0.35707420110702515,0.836746871471405,0.5,0.450006365776062,0.549993634223938,90.07421875,3135000,
0.07041335105895996,0.06063702329993248,0.06063702329993248,0.06063702329993248,0.2746675908565521,0.25635841488838196,0.853465735912323,0.5,0.4438546299934387,0.5561453700065613,86.515625,3011104,
0.07323122024536133,0.05907939374446869,0.05907939374446869,0.05907939374446869,0.17757976055145264,0.412384957075119,0.792152464389801,0.5,0.4452968239784241,0.5547031760215759,81.92578125,2851304,
0.02958800457417965,0.032958753407001495,0.032958753407001495,0.032958753407001495,0.19197410345077515,0.15412497520446777,0.8420008420944214,0.5,0.4694826602935791,0.5305173397064209,80.1396484375,2789118,
0.04105806350708008,0.030811317265033722,0.030811317265033722,0.030811317265033722,0.26609936356544495,0.15429598093032837,0.8636798858642578,0.5,0.47147101163864136,0.5285289883613586,88.138671875,3067612,
0.009533497504889965,0.025592926889657974,0.025592926889657974,0.025592926889657974,0.18532519042491913,0.05144199728965759,0.846092700958252,0.5,0.4763028621673584,0.5236971378326416,84.1318359375,2928110,
-0.005531081464141607,0.003737806808203459,0.003737806808203459,0.003737806808203459,-0.015135284513235092,0.36544284224510193,0.7406924962997437,0.5,0.49653905630111694,0.5034609436988831,70.705078125,2460644,
0.00918308924883604,-0.01496510487049818,-0.01496510487049818,-0.01496510487049818,0.01864803396165371,0.4924427568912506,0.716280996799469,0.5,0.5138565897941589,0.48614341020584106,73.7568359375,2566894,
0.02868787571787834,0.011279435828328133,0.011279435828328133,0.011279435828328133,0.09212759882211685,0.3113928437232971,0.7887527942657471,0.5,0.48955607414245605,0.510443925857544,78.3046875,2725232,
0.3161884844303131,0.24148757755756378,0.24148757755756378,0.24148757755756378,0.9608620405197144,0.32906752824783325,0.18866507709026337,0.5,0.2764003872871399,0.7235996127128601,107.107421875,3728028,
0.31512874364852905,0.24205566942691803,0.24205566942691803,0.24205566942691803,0.9563620090484619,0.3295077979564667,0.1617807298898697,0.5,0.27587437629699707,0.7241256237030029,98.9951171875,3445590,
0.2766461670398712,0.17744286358356476,0.17744286358356476,0.17744286358356476,0.9762369990348816,0.2833801209926605,0.1907816231250763,0.5,0.335701048374176,0.664298951625824,104.9052734375,3651358,
0.3142482042312622,0.27176642417907715,0.27176642417907715,0.27176642417907715,0.9463638067245483,0.33205854892730713,0.08137217164039612,0.5,0.24836444854736328,0.7516355514526367,99.056640625,3447732,
0.2763032615184784,0.2415248453617096,0.2415248453617096,0.2415248453617096,0.9578413963317871,0.2884645164012909,0.02709893137216568,0.5,0.27636587619781494,0.7236341238021851,98.70703125,3435560,
0.2324315458536148,0.20472362637519836,0.20472362637519836,0.20472362637519836,0.974250316619873,0.2385747730731964,0.08034750819206238,0.5,0.3104410767555237,0.6895589232444763,105.365234375,3667372,
0.048344988375902176,0.06257987767457962,0.06257987767457962,0.06257987767457962,1.0096936225891113,0.04788085073232651,0.14773981273174286,0.5,0.44205570220947266,0.5579442977905273,101.9931640625,3549970,
0.0485912449657917,0.04395417496562004,0.04395417496562004,0.04395417496562004,1.014539361000061,0.047894883900880814,0.177948996424675,0.5,0.4593016505241394,0.5406983494758606,102.248046875,3558844,
0.1426561325788498,0.09421272575855255,0.09421272575855255,0.09421272575855255,0.9994395971298218,0.14273612201213837,0.14022023975849152,0.5,0.4127660393714905,0.5872339606285095,107.640625,3746592,
-0.38650521636009216,-0.3701549768447876,-0.3701549768447876,-0.3701549768447876,-0.4275550842285156,0.903989315032959,0.0,0.5,0.8427360653877258,0.15726391971111298,64.796875,2254944,
-0.40431347489356995,-0.3918539583683014,-0.3918539583683014,-0.3918539583683014,-0.46058574318885803,0.8778245449066162,0.09463228285312653,0.5,0.862827718257904,0.13717228174209595,63.5087890625,2210098,
-0.40431347489356995,-0.342163622379303,-0.342163622379303,-0.342163622379303,-0.46058574318885803,0.8778245449066162,-0.09463228285312653,0.5,0.8168181777000427,0.18318183720111847,62.1845703125,2163994,
-0.3551563322544098,-0.3386313021183014,-0.3386313021183014,-0.3386313021183014,-0.5076601505279541,0.6995946764945984,0.34423235058784485,0.5,0.8135474920272827,0.18645250797271729,62.775390625,2184564,
-0.3197968006134033,-0.3158484995365143,-0.3158484995365143,-0.3158484995365143,-0.545547366142273,0.5861943960189819,0.3992624878883362,0.5,0.792452335357666,0.20754769444465637,63.41015625,2206664,
-0.4428442120552063,-0.36478370428085327,-0.36478370428085327,-0.36478370428085327,-0.571773111820221,0.774510383605957,0.18337339162826538,0.5,0.8377626538276672,0.16223733127117157,62.7451171875,2183510,
-0.3696855306625366,-0.30805858969688416,-0.30805858969688416,-0.30805858969688416,-0.586115300655365,0.6307385563850403,-0.3364068269729614,0.5,0.7852394580841064,0.21476057171821594,61.9150390625,2154610,
-0.2691707909107208,-0.22849339246749878,-0.22849339246749878,-0.22849339246749878,-0.5002027750015259,0.538123369216919,-0.45646560192108154,0.5,0.7115679383277893,0.2884320616722107,68.4296875,2381424,
-0.4428442120552063,-0.3789075016975403,-0.3789075016975403,-0.3789075016975403,-0.571773111820221,0.774510383605957,-0.18337339162826538,0.5,0.8508402705192566,0.1491597294807434,66.474609375,2313356,
-0.1356850117444992,-0.12152434140443802,-0.12152434140443802,-0.12152434140443802,-0.38700565695762634,0.3506021499633789,0.586067795753479,0.5,0.6125224828720093,0.38747748732566833,65.0908203125,2265178,
-0.12357758730649948,-0.086613729596138,-0.086613729596138,-0.086613729596138,-0.30329424142837524,0.40745115280151367,0.611991286277771,0.5,0.5801978707313538,0.41980212926864624,71.572265625,2490836,
-0.10715382546186447,-0.06428647041320801,-0.06428647041320801,-0.06428647041320801,-0.42595580220222473,0.25156089663505554,0.5864765644073486,0.5,0.5595245361328125,0.4404754936695099,64.88671875,2258072,
-0.10060355067253113,-0.13467900454998016,-0.13467900454998016,-0.13467900454998016,-0.21723416447639465,0.4631110727787018,0.634061872959137,0.5,0.6247028112411499,0.3752972185611725,74.166015625,2581140,
-0.05358777195215225,-0.029449380934238434,-0.029449380934238434,-0.029449380934238434,-0.1214028149843216,0.44140470027923584,0.6806561946868896,0.5,0.5272679328918457,0.4727320373058319,74.90234375,2606776,
-0.06100493669509888,-0.08484108746051788,-0.08484108746051788,-0.08484108746051788,-0.19766655564308167,0.3086254894733429,0.6821056008338928,0.5,0.5785565376281738,0.42144346237182617,67.3486328125,2343786,
-0.01778503693640232,-0.05609958991408348,-0.05609958991408348,-0.05609958991408348,-0.3523560166358948,0.0504746250808239,0.6422455310821533,0.5,0.5519440770149231,0.4480559229850769,68.119140625,2370612,
-0.021388979628682137,-0.004007395356893539,-0.004007395356893539,-0.004007395356893539,-0.42389535903930664,0.0504581592977047,0.607380747795105,0.5,0.5037105679512024,0.4962894320487976,68.048828125,2368164,
-0.04829150810837746,-0.059068676084280014,-0.059068676084280014,-0.059068676084280014,-0.318369597196579,0.15168379247188568,0.6517332196235657,0.5,0.5546932220458984,0.44530677795410156,64.623046875,2248892,
0.17807206511497498,0.1410241276025772,0.1410241276025772,0.1410241276025772,0.3792046308517456,0.4695935845375061,-0.8280110359191895,0.5,0.36942213773727417,0.6305778622627258,85.361328125,2970916,
0.22710272669792175,0.15429651737213135,0.15429651737213135,0.15429651737213135,0.4697186052799225,0.48348677158355713,-0.8420153260231018,0.5,0.35713285207748413,0.6428671479225159,86.6591796875,3016102,
0.25926971435546875,0.20577649772167206,0.20577649772167206,0.20577649772167206,0.3937778174877167,0.6584162712097168,-0.737522542476654,0.5,0.3094661831855774,0.6905338168144226,85.5380859375,2977070,
0.40723589062690735,0.3797421157360077,0.3797421157360077,0.3797421157360077,0.7668189406394958,0.5310717821121216,-0.8457597494125366,0.5,0.14838695526123047,0.8516130447387695,110.4462890625,3844274,
0.5044808387756348,0.4402482509613037,0.4402482509613037,0.4402482509613037,0.9794584512710571,0.5150609612464905,-0.7429275512695312,0.5,0.09236276149749756,0.9076372385025024,124.701171875,4340572,
0.4295457899570465,0.3136817216873169,0.3136817216873169,0.3136817216873169,0.6902915835380554,0.6222671866416931,-0.7782114744186401,0.5,0.20955395698547363,0.7904460430145264,104.5908203125,3640410,
0.45032137632369995,0.30478915572166443,0.30478915572166443,0.30478915572166443,0.543063759803772,0.8292237520217896,-0.42670270800590515,0.5,0.21778786182403564,0.7822121381759644,86.1416015625,2998082,
0.42323780059814453,0.2923453152179718,0.2923453152179718,0.2923453152179718,0.4962712526321411,0.8528355956077576,-0.3984377086162567,0.5,0.22930985689163208,0.7706901431083679,85.0830078125,2961226,
0.49372392892837524,0.39523065090179443,0.39523065090179443,0.39523065090179443,0.6345946192741394,0.7780146598815918,-0.4848572611808777,0.5,0.13404572010040283,0.8659542798995972,98.4716796875,3427366,
-0.38650521636009216,-0.2883080840110779,-0.2883080840110779,-0.2883080840110779,0.4275550842285156,-0.903989315032959,0.0,0.5,0.7669519186019897,0.23304808139801025,80.2919921875,2794422,
-0.39072975516319275,-0.2845960259437561,-0.2845960259437561,-0.2845960259437561,0.43377673625946045,-0.9007623791694641,0.0584908165037632,0.5,0.7635148167610168,0.23648516833782196,83.8046875,2916720,
-0.3886655867099762,-0.2672130763530731,-0.2672130763530731,-0.2672130763530731,0.43068474531173706,-0.902436375617981,-0.0292429868131876,0.5,0.7474194765090942,0.2525804936885834,81.0810546875,2821894,
-0.3945787250995636,-0.2588747441768646,-0.2588747441768646,-0.2588747441768646,0.43986549973487854,-0.8970440626144409,0.11690082401037216,0.5,0.7396988272666931,0.2603011727333069,80.8291015625,2813122,
-0.3963053226470947,-0.32741978764533997,-0.32741978764533997,-0.32741978764533997,0.44279760122299194,-0.8950033187866211,0.14613740146160126,0.5,0.8031664490699768,0.196833536028862,78.8408203125,2743898,
-0.4443296492099762,-0.35659757256507874,-0.35659757256507874,-0.35659757256507874,0.520232081413269,-0.854098916053772,0.058397188782691956,0.5,0.8301829099655151,0.16981707513332367,87.4912109375,3045070,
-0.4477759897708893,-0.3321053385734558,-0.3321053385734558,-0.3321053385734558,0.526486337184906,-0.8504987955093384,-0.11671735346317291,0.5,0.8075049519538879,0.19249506294727325,82.640625,2876192,
-0.4249342679977417,-0.34187406301498413,-0.34187406301498413,-0.34187406301498413,0.48678651452064514,-0.8729376196861267,-0.14605559408664703,0.5,0.8165500164031982,0.18344995379447937,80.953125,2817440,
-0.4443296492099762,-0.36463093757629395,-0.36463093757629395,-0.36463093757629395,0.520232081413269,-0.854098916053772,-0.058397188782691956,0.5,0.8376212120056152,0.16237877309322357,84.650390625,2946164,
-0.5127381086349487,-0.41426315903663635,-0.41426315903663635,-0.41426315903663635,0.7363998293876648,-0.6962767839431763,0.2582588493824005,0.5,0.8835769891738892,0.11642301827669144,96.5146484375,3359230,
-0.513143002986908,-0.390580952167511,-0.390580952167511,-0.390580952167511,0.7042359113693237,-0.7286521792411804,0.2871529161930084,0.5,0.8616490364074707,0.1383509784936905,93.9580078125,3270218,
-0.5014845132827759,-0.4206714928150177,-0.4206714928150177,-0.4206714928150177,0.8027001023292542,-0.6247470378875732,0.25292718410491943,0.5,0.8895106315612793,0.1104893758893013,101.10546875,3519064,
-0.5179906487464905,-0.40093204379081726,-0.40093204379081726,-0.40093204379081726,0.7120031714439392,-0.7275117039680481,0.34438806772232056,0.5,0.871233344078064,0.12876664102077484,93.1123046875,3240774,
-0.5080649256706238,-0.38953080773353577,-0.38953080773353577,-0.38953080773353577,0.6698638200759888,-0.7584599852561951,0.3162987232208252,0.5,0.860676646232605,0.13932333886623383,87.998046875,3062716,
-0.5117753148078918,-0.5007179379463196,-0.5007179379463196,-0.5007179379463196,0.6767600178718567,-0.7562138438224792,0.37363582849502563,0.5,0.9636276960372925,0.03637229651212692,98.6396484375,3433214,
-0.47779178619384766,-0.3787309229373932,-0.3787309229373932,-0.3787309229373932,0.8718178272247314,-0.5480408668518066,0.3046826124191284,0.5,0.8506767749786377,0.1493232399225235,101.916015625,3547284,
-0.4488148093223572,-0.3836454749107361,-0.3836454749107361,-0.3836454749107361,0.8876355290412903,-0.5056295990943909,0.2469431757926941,0.5,0.8552272915840149,0.1447727233171463,96.7412109375,3367118,
-0.5078504085540771,-0.38411661982536316,-0.38411661982536316,-0.38411661982536316,0.8121808767318726,-0.6252922415733337,0.30948561429977417,0.5,0.855663537979126,0.14433647692203522,100.244140625,3489076,
-0.419064462184906,-0.362760066986084,-0.362760066986084,-0.362760066986084,0.9849843382835388,-0.42545291781425476,-0.44175493717193604,0.5,0.8358889222145081,0.16411106288433075,107.8603515625,3754242,
-0.487687885761261,-0.39651426672935486,-0.39651426672935486,-0.39651426672935486,0.9477785229682922,-0.5145589113235474,-0.504239022731781,0.5,0.8671427965164185,0.13285717368125916,109.876953125,3824452,
-0.40989312529563904,-0.3159838914871216,-0.3159838914871216,-0.3159838914871216,0.9687002897262573,-0.42313718795776367,-0.38591131567955017,0.5,0.7925776839256287,0.20742233097553253,107.0419921875,3725750,
-0.4438612759113312,-0.37562334537506104,-0.37562334537506104,-0.37562334537506104,1.018730878829956,-0.4357002377510071,-0.5614056587219238,0.5,0.8477993607521057,0.1522006243467331,120.2177734375,4184478,
-0.47876983880996704,-0.3820531964302063,-0.3820531964302063,-0.3820531964302063,0.9986336827278137,-0.4794248938560486,-0.5932479500770569,0.5,0.8537529706954956,0.14624705910682678,119.234375,4150240,
-0.43143436312675476,-0.3371422588825226,-0.3371422588825226,-0.3371422588825226,1.0018961429595947,-0.4306178390979767,-0.5015496015548706,0.5,0.8121687173843384,0.18783125281333923,115.6640625,4025936,
-0.45947614312171936,-0.3726132810115814,-0.3726132810115814,-0.3726132810115814,0.9050270915031433,-0.5076932311058044,-0.331203818321228,0.5,0.8450123071670532,0.15498772263526917,100.7041015625,3505090,
-0.39808449149131775,-0.36929845809936523,-0.36929845809936523,-0.36929845809936523,0.9466551542282104,-0.4205169081687927,-0.30161595344543457,0.5,0.8419430255889893,0.15805700421333313,106.7197265625,3714530,
-0.46770983934402466,-0.34659960865974426,-0.34659960865974426,-0.34659960865974426,0.9186786413192749,-0.5091114640235901,-0.38744568824768066,0.5,0.8209255337715149,0.1790744513273239,107.8232421875,3752950,
0.0,-0.03720557317137718,-0.03720557317137718,-0.03720557317137718,1.0363879203796387,0.0,0.2724078595638275,0.5,0.534449577331543,0.46555039286613464,112.3447265625,3910370,
-0.05075643211603165,-0.06404566019773483,-0.06404566019773483,-0.06404566019773483,1.0412967205047607,-0.048743486404418945,0.2950659692287445,0.5,0.5593015551567078,0.44069844484329224,108.4423828125,3774506,
0.10168416798114777,0.019891642034053802,0.019891642034053802,0.019891642034053802,1.0442496538162231,0.09737534075975418,0.3181629180908203,0.5,0.48158180713653564,0.5184181928634644,105.47265625,3671112,
-0.20248349010944366,-0.15811848640441895,-0.15811848640441895,-0.15811848640441895,1.0441203117370605,-0.1939273476600647,0.3659382164478302,0.5,0.6464059948921204,0.35359400510787964,109.9541015625,3827138,
-0.254232257604599,-0.2084828019142151,-0.2084828019142151,-0.2084828019142151,1.0508261919021606,-0.2419355809688568,0.41929078102111816,0.5,0.6930396556854248,0.3069603741168976,115.9150390625,4034674,
-0.10366395115852356,-0.04498625919222832,-0.04498625919222832,-0.04498625919222832,1.062766671180725,-0.09754159301519394,0.3757650554180145,0.5,0.5416539311408997,0.45834606885910034,111.3427734375,3875486,
0.20662841200828552,0.1090880036354065,0.1090880036354065,0.1090880036354065,1.0639773607254028,0.19420376420021057,0.42293035984039307,0.5,0.3989925980567932,0.6010074019432068,115.35546875,4015192,
0.25166118144989014,0.2354304939508438,0.2354304939508438,0.2354304939508438,1.0409114360809326,0.24177002906799316,0.39088764786720276,0.5,0.2820088267326355,0.7179911732673645,112.6044921875,3919414,
0.10366395115852356,0.04433681070804596,0.04433681070804596,0.04433681070804596,1.062766671180725,0.09754159301519394,0.3757650554180145,0.5,0.45894742012023926,0.5410525798797607,116.0048828125,4037802,
-0.419064462184906,-0.35969221591949463,-0.35969221591949463,-0.35969221591949463,0.9849843382835388,-0.42545291781425476,0.44175493717193604,0.5,0.8330483436584473,0.16695167124271393,116.515625,4055584,
-0.40989312529563904,-0.2626659572124481,-0.2626659572124481,-0.2626659572124481,0.9687002897262573,-0.42313718795776367,0.38591131567955017,0.5,0.7432092428207397,0.25679078698158264,103.2509765625,3593762,
-0.487687885761261,-0.36768001317977905,-0.36768001317977905,-0.36768001317977905,0.9477785229682922,-0.5145589113235474,0.504239022731781,0.5,0.8404444456100464,0.1595555543899536,108.8017578125,3787018,
-0.401670902967453,-0.3273516893386841,-0.3273516893386841,-0.3273516893386841,0.9536819458007812,-0.4211790859699249,0.32988661527633667,0.5,0.8031033873558044,0.19689659774303436,106.484375,3706336,
-0.42902687191963196,-0.3341377377510071,-0.3341377377510071,-0.3341377377510071,0.9237088561058044,-0.46446114778518677,0.3019814193248749,0.5,0.8093867897987366,0.19061322510242462,108.736328125,3784740,
-0.46770983934402466,-0.365062415599823,-0.365062415599823,-0.365062415599823,0.9186786413192749,-0.5091114640235901,0.38744568824768066,0.5,0.8380207419395447,0.16197925806045532,107.7236328125,3749482,
-0.4979116916656494,-0.41296520829200745,-0.41296520829200745,-0.41296520829200745,0.9616535902023315,-0.5177661776542664,0.5650661587715149,0.5,0.882375180721283,0.11762481927871704,108.833984375,3788140,
-0.47876983880996704,-0.4197627007961273,-0.4197627007961273,-0.4197627007961273,0.9986336827278137,-0.4794248938560486,0.5932479500770569,0.5,0.8886691331863403,0.11133084446191788,121.9208984375,4243774,
-0.43143436312675476,-0.36153444647789,-0.36153444647789,-0.36153444647789,1.0018961429595947,-0.4306178390979767,0.5015496015548706,0.5,0.8347541093826294,0.1652458906173706,115.71875,4027840,
0.419064462184906,0.397485613822937,0.397485613822937,0.397485613822937,0.9849843382835388,0.42545291781425476,0.44175493717193604,0.5,0.1319577693939209,0.8680422306060791,110.81640625,3857160,
0.45605579018592834,0.4077981412410736,0.4077981412410736,0.4077981412410736,0.9681078791618347,0.4710795283317566,0.47244834899902344,0.5,0.1224091649055481,0.8775908350944519,105.2080078125,3661898,
0.40989312529563904,0.35200604796409607,0.35200604796409607,0.35200604796409607,0.9687002897262573,0.42313718795776367,0.38591131567955017,0.5,0.17406851053237915,0.8259314894676208,104.546875,3638880,
0.5033156871795654,0.38469600677490234,0.38469600677490234,0.38469600677490234,0.9106680750846863,0.5526884198188782,0.47606414556503296,0.5,0.1438000202178955,0.8561999797821045,113.732421875,3958684,
0.487687885761261,0.4066767394542694,0.4066767394542694,0.4066767394542694,0.9477785229682922,0.5145589113235474,0.504239022731781,0.5,0.1234474778175354,0.8765525221824646,115.23046875,4010840,
0.5232356190681458,0.42527368664741516,0.42527368664741516,0.42527368664741516,0.8843891024589539,0.5916351079940796,0.5094841122627258,0.5,0.1062280535697937,0.8937719464302063,104.3486328125,3631978,
0.45947614312171936,0.34925851225852966,0.34925851225852966,0.34925851225852966,0.9050270915031433,0.5076932311058044,0.331203818321228,0.5,0.17661255598068237,0.8233874440193176,103.2197265625,3592674,
0.42902687191963196,0.33480364084243774,0.33480364084243774,0.33480364084243774,0.9237088561058044,0.46446114778518677,0.3019814193248749,0.5,0.1899966597557068,0.8100033402442932,105.0771484375,3657342,
0.46770983934402466,0.4015673100948334,0.4015673100948334,0.4015673100948334,0.9186786413192749,0.5091114640235901,0.38744568824768066,0.5,0.12817847728729248,0.8718215227127075,109.4658203125,3810138,
-0.4012039303779602,-0.2916557788848877,-0.2916557788848877,-0.2916557788848877,0.4532877504825592,-0.8850976824760437,-0.2620603144168854,0.5,0.7700516581535339,0.22994835674762726,89.134765625,3102292,
-0.4301932454109192,-0.3352876305580139,-0.3352876305580139,-0.3352876305580139,0.4976155161857605,-0.8645092844963074,-0.2615033984184265,0.5,0.8104515075683594,0.18954850733280182,81.3447265625,2831074,
-0.3749310374259949,-0.2807454466819763,-0.2807454466819763,-0.2807454466819763,0.43935081362724304,-0.8533750772476196,-0.4758204519748688,0.5,0.7599494457244873,0.2400505244731903,85.6513671875,2981014,
-0.4957355558872223,-0.3793065547943115,-0.3793065547943115,-0.3793065547943115,0.6300614476203918,-0.7868050932884216,-0.3169516921043396,0.5,0.8512097597122192,0.14879024028778076,86.322265625,3004372,
-0.49226120114326477,-0.3986976742744446,-0.3986976742744446,-0.3986976742744446,0.6234784126281738,-0.7895401120185852,-0.25955930352211,0.5,0.8691644668579102,0.13083550333976746,82.693359375,2878028,
-0.513143002986908,-0.4105362594127655,-0.4105362594127655,-0.4105362594127655,0.7042359113693237,-0.7286521792411804,-0.2871529161930084,0.5,0.8801261186599731,0.11987385153770447,89.611328125,3118884,
-0.33453693985939026,-0.3152124881744385,-0.3152124881744385,-0.3152124881744385,0.4951155483722687,-0.6756744980812073,-0.7357501983642578,0.5,0.7918633818626404,0.20813660323619843,89.234375,3105760,
-0.2739051282405853,-0.1954164355993271,-0.1954164355993271,-0.1954164355993271,0.4390273094177246,-0.6238908767700195,-0.7670964598655701,0.5,0.6809411644935608,0.3190588355064392,93.6591796875,3259814,
-0.47281211614608765,-0.41538605093955994,-0.41538605093955994,-0.41538605093955994,0.6269930601119995,-0.754094660282135,-0.600100040435791,0.5,0.8846166729927063,0.11538330465555191,94.8115234375,3299934,
-0.507927656173706,-0.3712709844112396,-0.3712709844112396,-0.3712709844112396,0.7284733057022095,-0.6972494721412659,-0.20100906491279602,0.5,0.8437694311141968,0.15623058378696442,90.078125,3135136,
-0.4998120665550232,-0.4129488468170166,-0.4129488468170166,-0.4129488468170166,0.6556440591812134,-0.7623222470283508,-0.20165018737316132,0.5,0.88236004114151,0.11763997375965118,87.3740234375,3040990,
-0.4927503764629364,-0.41345539689064026,-0.41345539689064026,-0.41345539689064026,0.7867699861526489,-0.6262953281402588,-0.14262348413467407,0.5,0.8828290700912476,0.11717094480991364,92.25390625,3210888,
-0.47279849648475647,-0.3623335063457489,-0.3623335063457489,-0.3623335063457489,0.5767753720283508,-0.8197272419929504,-0.20276013016700745,0.5,0.8354939818382263,0.16450603306293488,90.767578125,3159140,
-0.45248350501060486,-0.3595101535320282,-0.3595101535320282,-0.3595101535320282,0.5352116823196411,-0.8454290628433228,-0.2034110128879547,0.5,0.8328797817230225,0.16712024807929993,83.251953125,2897476,
-0.4962232708930969,-0.37462401390075684,-0.37462401390075684,-0.37462401390075684,0.6490675806999207,-0.7645171284675598,-0.1443115621805191,0.5,0.8468740582466125,0.15312592685222626,89.953125,3130784,
-0.46108919382095337,-0.33790352940559387,-0.33790352940559387,-0.33790352940559387,0.8332744240760803,-0.5533461570739746,-0.028434421867132187,0.5,0.8128736019134521,0.18712636828422546,92.908203125,3233668,
-0.43987715244293213,-0.36856672167778015,-0.36856672167778015,-0.36856672167778015,0.8594261407852173,-0.5118265748023987,-0.028412673622369766,0.5,0.8412654399871826,0.158734530210495,94.62890625,3293576,
-0.4905242621898651,-0.41827279329299927,-0.41827279329299927,-0.41827279329299927,0.7803212404251099,-0.6286183595657349,-0.08568558841943741,0.5,0.8872895836830139,0.1127103939652443,93.7041015625,3261378,
0.04624230042099953,0.05962279811501503,0.05962279811501503,0.05962279811501503,-0.08510248363018036,-0.5433719158172607,-0.6592629551887512,0.5,0.444793701171875,0.555206298828125,75.7373046875,2635846,
0.011132839135825634,0.03375953063368797,0.03375953063368797,0.03375953063368797,-0.025164538994431496,-0.4424018859863281,-0.7167977094650269,0.5,0.46874117851257324,0.5312588214874268,69.642578125,2423652,
0.08516453951597214,0.061246078461408615,0.061246078461408615,0.061246078461408615,-0.1737043261528015,-0.4902845025062561,-0.6435086131095886,0.5,0.443290650844574,0.556709349155426,65.966796875,2295676,
0.0010423603234812617,0.005314336623996496,0.005314336623996496,0.005314336623996496,-0.0036281668581068516,-0.28729668259620667,-0.7606184482574463,0.5,0.49507927894592285,0.5049207210540771,77.43359375,2694904,
-0.012945170514285564,-0.022213302552700043,-0.022213302552700043,-0.022213302552700043,0.03823813050985336,-0.3385408818721771,-0.7653027772903442,0.5,0.5205678939819336,0.4794321358203888,75.921875,2642272,
-0.01156994141638279,0.0077001056633889675,0.0077001056633889675,0.0077001056633889675,0.0636884942650795,-0.18166454136371613,-0.7985054850578308,0.5,0.4928702712059021,0.5071297287940979,74.6416015625,2597698,
0.06734542548656464,0.03789288550615311,0.03789288550615311,0.03789288550615311,-0.2401191145181656,-0.2804667353630066,-0.6692747473716736,0.5,0.4649140238761902,0.5350859761238098,66.625,2318592,
0.12357758730649948,0.08530911803245544,0.08530911803245544,0.08530911803245544,-0.30329424142837524,-0.40745115280151367,-0.611991286277771,0.5,0.4210100769996643,0.5789899230003357,71.599609375,2491788,
0.052098359912633896,0.03934110328555107,0.03934110328555107,0.03934110328555107,-0.15472854673862457,-0.336708128452301,-0.6940100789070129,0.5,0.46357303857803345,0.5364269614219666,69.431640625,2416308,
0.0,-0.004993378184735775,-0.004993378184735775,-0.004993378184735775,1.1894711256027222,0.0,-0.6659165620803833,0.5,0.504623532295227,0.49537649750709534,136.3935546875,4747654,
-0.12377271801233292,-0.08275171369314194,-0.08275171369314194,-0.08275171369314194,1.1773045063018799,-0.10513228923082352,-0.6550001502037048,0.5,0.576621949672699,0.423378050327301,136.3447265625,4745954,
0.062420185655355453,0.022462304681539536,0.022462304681539536,0.022462304681539536,1.1849333047866821,0.05267822742462158,-0.6598107814788818,0.5,0.4792015552520752,0.5207984447479248,131.1455078125,4564938,
-0.240249365568161,-0.2074955701828003,-0.2074955701828003,-0.2074955701828003,1.152966022491455,-0.20837506651878357,-0.6491681933403015,0.5,0.6921255588531494,0.307874470949173,130.3349609375,4536718,
-0.29425084590911865,-0.21752764284610748,-0.21752764284610748,-0.21752764284610748,1.1362491846084595,-0.2589668333530426,-0.648210883140564,0.5,0.7014144659042358,0.29858553409576416,132.2158203125,4602202,
-0.12098151445388794,-0.1336125135421753,-0.1336125135421753,-0.1336125135421753,1.153143286705017,-0.10491455346345901,-0.6001183986663818,0.5,0.6237152814865112,0.37628471851348877,130.8046875,4553072,
0.23516178131103516,0.14321625232696533,0.14321625232696533,0.14321625232696533,1.1297967433929443,0.20814521610736847,-0.5937392711639404,0.5,0.367392361164093,0.632607638835907,132.7900390625,4622194,
0.291355699300766,0.22415274381637573,0.22415274381637573,0.22415274381637573,1.1251112222671509,0.25895723700523376,-0.6201876401901245,0.5,0.2924511432647705,0.7075488567352295,127.1708984375,4426558,
0.12098151445388794,0.14252397418022156,0.14252397418022156,0.14252397418022156,1.153143286705017,0.10491455346345901,-0.6001183986663818,0.5,0.36803340911865234,0.6319665908813477,134.841796875,4693628,
-0.392002135515213,-0.3712015151977539,-0.3712015151977539,-0.3712015151977539,0.9339503049850464,-0.41972482204437256,-0.24483440816402435,0.5,0.8437050580978394,0.15629491209983826,108.1748046875,3765190,
-0.3948476016521454,-0.3109253942966461,-0.3109253942966461,-0.3109253942966461,0.9400847554206848,-0.42001277208328247,-0.2733168601989746,0.5,0.7878938913345337,0.2121061235666275,108.076171875,3761756,
-0.4488148093223572,-0.3230772018432617,-0.3230772018432617,-0.3230772018432617,0.8876355290412903,-0.5056295990943909,-0.2469431757926941,0.5,0.7991455793380737,0.20085445046424866,101.6005859375,3536302,
-0.4855800271034241,-0.40662747621536255,-0.40662747621536255,-0.40662747621536255,0.8838781714439392,-0.5493744015693665,-0.36094990372657776,0.5,0.8765069246292114,0.12349309027194977,102.0341796875,3551398,
-0.46346336603164673,-0.4306715130805969,-0.4306715130805969,-0.4306715130805969,0.9117504954338074,-0.5083225965499878,-0.3593877851963043,0.5,0.8987699151039124,0.10123009979724884,112.0224609375,3899150,
-0.5107802748680115,-0.3488662838935852,-0.3488662838935852,-0.3488662838935852,0.8661943078041077,-0.5896832346916199,-0.41981959342956543,0.5,0.823024332523346,0.17697568237781525,98.603515625,3431956,
-0.5155601501464844,-0.42875346541404724,-0.42875346541404724,-0.42875346541404724,0.7794166207313538,-0.6614692807197571,-0.31247857213020325,0.5,0.8969939351081848,0.10300606489181519,97.0048828125,3376298,
-0.5014845132827759,-0.4223141074180603,-0.4223141074180603,-0.4223141074180603,0.8027001023292542,-0.6247470378875732,-0.25292718410491943,0.5,0.8910315632820129,0.10896843671798706,97.51171875,3393944,
-0.49521902203559875,-0.36457210779190063,-0.36457210779190063,-0.36457210779190063,0.84297776222229,-0.587463915348053,-0.3068612515926361,0.5,0.8375667333602905,0.16243325173854828,96.6689453125,3364602,
0.5127381086349487,0.37304046750068665,0.37304046750068665,0.37304046750068665,0.7363998293876648,0.6962767839431763,-0.2582588493824005,0.5,0.15459215641021729,0.8454078435897827,94.5634765625,3291298,
0.5080649256706238,0.42805516719818115,0.42805516719818115,0.42805516719818115,0.6698638200759888,0.7584599852561951,-0.3162987232208252,0.5,0.10365265607833862,0.8963473439216614,95.5830078125,3326794,
0.5095723271369934,0.3923092782497406,0.3923092782497406,0.3923092782497406,0.7704794406890869,0.6613704562187195,-0.2554856240749359,0.5,0.1367506980895996,0.8632493019104004,95.751953125,3332676,
0.47597575187683105,0.3708206117153168,0.3708206117153168,0.3708206117153168,0.5828281044960022,0.816665768623352,-0.2601878046989441,0.5,0.15664762258529663,0.8433523774147034,89.3896484375,3111166,
0.4563645124435425,0.3762756586074829,0.3762756586074829,0.3762756586074829,0.5436117649078369,0.8395044803619385,-0.28959861397743225,0.5,0.15159660577774048,0.8484033942222595,85.6689453125,2981626,
0.49226120114326477,0.39957958459854126,0.39957958459854126,0.39957958459854126,0.6234784126281738,0.7895401120185852,-0.25955930352211,0.5,0.13001888990402222,0.8699811100959778,84.84375,2952896,
0.47779178619384766,0.40417423844337463,0.40417423844337463,0.40417423844337463,0.8718178272247314,0.5480408668518066,-0.3046826124191284,0.5,0.1257646083831787,0.8742353916168213,102.63671875,3572376,
0.4224269390106201,0.3277023434638977,0.3277023434638977,0.3277023434638977,0.9118413329124451,0.4632680416107178,-0.2456761598587036,0.5,0.19657188653945923,0.8034281134605408,101.5751953125,3535418,
0.5078504085540771,0.42319515347480774,0.42319515347480774,0.42319515347480774,0.8121808767318726,0.6252922415733337,-0.30948561429977417,0.5,0.10815262794494629,0.8918473720550537,99.275390625,3455348,
-0.0,0.01105370931327343,0.01105370931327343,0.01105370931327343,-0.5095733404159546,0.0,-0.5629526972770691,0.5,0.48976510763168335,0.5102348923683167,67.34765625,2343752,
0.024927256628870964,-0.01313568465411663,-0.01313568465411663,-0.01313568465411663,-0.4944850504398346,-0.05041053518652916,-0.5703877210617065,0.5,0.5121626853942871,0.4878373444080353,68.6533203125,2389210,
-0.04827417805790901,-0.010076483711600304,-0.010076483711600304,-0.010076483711600304,-0.47855180501937866,0.10087555646896362,-0.5764690637588501,0.5,0.5093300342559814,0.49066993594169617,60.8310546875,2116870,
0.08958849310874939,0.09036010503768921,0.09036010503768921,0.09036010503768921,-0.44421064853668213,-0.20168019831180573,-0.5845409631729126,0.5,0.41633325815200806,0.5836667418479919,59.2666015625,2062402,
0.08924342691898346,0.08462801575660706,0.08462801575660706,0.08462801575660706,-0.35429203510284424,-0.2518922686576843,-0.6221050024032593,0.5,0.42164069414138794,0.5783593058586121,68.671875,2389856,
0.03392314538359642,0.08125418424606323,0.08125418424606323,0.08125418424606323,-0.33568769693374634,-0.10105566680431366,-0.6476818323135376,0.5,0.42476463317871094,0.5752353668212891,65.93359375,2294520,
-0.060719963163137436,-0.08566634356975555,-0.08566634356975555,-0.08566634356975555,-0.3004845380783081,0.20207349956035614,-0.6543653011322021,0.5,0.5793206691741943,0.4206793010234833,59.6875,2077056,
-0.10715382546186447,-0.11894194036722183,-0.11894194036722183,-0.11894194036722183,-0.42595580220222473,0.25156089663505554,-0.5864765644073486,0.5,0.6101313829421997,0.3898685872554779,67.248046875,2340284,
-0.03392314538359642,-0.024216333404183388,-0.024216333404183388,-0.024216333404183388,-0.33568769693374634,0.10105566680431366,-0.6476818323135376,0.5,0.5224225521087646,0.47757744789123535,70.2060546875,2443270,
0.22050562500953674,0.2020171731710434,0.2020171731710434,0.2020171731710434,-0.4888322949409485,-0.45108646154403687,-0.5002613663673401,0.5,0.31294703483581543,0.6870529651641846,67.423828125,2346404,
0.30968141555786133,0.24429836869239807,0.24429836869239807,0.24429836869239807,-0.6118850708007812,-0.506110429763794,-0.3940708339214325,0.5,0.27379781007766724,0.7262021899223328,64.9267578125,2259466,
0.31513726711273193,0.2656269371509552,0.2656269371509552,0.2656269371509552,-0.5068128108978271,-0.6218020915985107,-0.40463802218437195,0.5,0.2540491223335266,0.7459508776664734,71.484375,2487776,
0.41351601481437683,0.3407686650753021,0.3407686650753021,0.3407686650753021,-0.69205641746521,-0.5975177884101868,-0.2586946189403534,0.5,0.18447351455688477,0.8155264854431152,68.84765625,2395976,
0.4003380239009857,0.3826637864112854,0.3826637864112854,0.3826637864112854,-0.7221614718437195,-0.5543608069419861,-0.2610124349594116,0.5,0.14568167924880981,0.8543183207511902,63.1279296875,2196838,
0.47789475321769714,0.40726548433303833,0.40726548433303833,0.40726548433303833,-0.7704086899757385,-0.620313286781311,-0.09222234040498734,0.5,0.12290233373641968,0.8770976662635803,63.005859375,2192588,
0.45165640115737915,0.42695948481559753,0.42695948481559753,0.42695948481559753,-0.5467398762702942,-0.8260900974273682,-0.09418770670890808,0.5,0.10466718673706055,0.8953328132629395,64.708984375,2251884,
0.4305584728717804,0.380123108625412,0.380123108625412,0.380123108625412,-0.5049550533294678,-0.8526669144630432,-0.09437157958745956,0.5,0.1480342149734497,0.8519657850265503,59.6455078125,2075594,
0.4139321744441986,0.35087549686431885,0.35087549686431885,0.35087549686431885,-0.5848117470741272,-0.7078041434288025,-0.26476725935935974,0.5,0.17511528730392456,0.8248847126960754,65.791015625,2289556,
-0.22050562500953674,-0.18934090435504913,-0.18934090435504913,-0.18934090435504913,-0.4888322949409485,0.45108646154403687,-0.5002613663673401,0.5,0.6753156185150146,0.32468438148498535,67.375,2344704,
-0.3197968006134033,-0.32287856936454773,-0.32287856936454773,-0.32287856936454773,-0.545547366142273,0.5861943960189819,-0.3992624878883362,0.5,0.7989616394042969,0.20103837549686432,59.935546875,2085692,
-0.29510077834129333,-0.28165555000305176,-0.28165555000305176,-0.28165555000305176,-0.6398395299911499,0.46121060848236084,-0.39395278692245483,0.5,0.7607921361923218,0.23920783400535583,70.9130859375,2467886,
-0.42018017172813416,-0.32418176531791687,-0.32418176531791687,-0.32418176531791687,-0.6242173910140991,0.6731311678886414,-0.26055052876472473,0.5,0.8001682758331299,0.19983170926570892,61.603515625,2143764,
-0.4139321744441986,-0.36630645394325256,-0.36630645394325256,-0.36630645394325256,-0.5848117470741272,0.7078041434288025,-0.26476725935935974,0.5,0.8391726016998291,0.1608273684978485,61.681640625,2146484,
-0.4813477694988251,-0.4271463453769684,-0.4271463453769684,-0.4271463453769684,-0.630029022693634,0.7640088796615601,-0.09236475825309753,0.5,0.8955058455467224,0.1044941395521164,64.44921875,2242840,
-0.44467464089393616,-0.39696601033210754,-0.39696601033210754,-0.39696601033210754,-0.8306421637535095,0.5353384017944336,-0.09370804578065872,0.5,0.8675611019134521,0.13243889808654785,61.8193359375,2151278,
-0.42199984192848206,-0.3838852345943451,-0.3838852345943451,-0.3838852345943451,-0.8562487959861755,0.4928472340106964,-0.09379300475120544,0.5,0.8554492592811584,0.14455072581768036,63.6494140625,2214994,
-0.4003380239009857,-0.35999831557273865,-0.35999831557273865,-0.35999831557273865,-0.7221614718437195,0.5543608069419861,-0.2610124349594116,0.5,0.8333317637443542,0.16666823625564575,62.109375,2161376,
0.38650521636009216,0.2935922145843506,0.2935922145843506,0.2935922145843506,0.903989315032959,0.4275550842285156,0.0,0.5,0.22815537452697754,0.7718446254730225,99.0673828125,3448106,
0.4144601821899414,0.3094347417354584,0.3094347417354584,0.3094347417354584,0.8834822177886963,0.46912112832069397,0.02834300324320793,0.5,0.21348637342453003,0.78651362657547,99.12890625,3450248,
0.4393123984336853,0.3249332904815674,0.3249332904815674,0.3249332904815674,0.8615856766700745,0.509888231754303,-0.05671682581305504,0.5,0.19913583993911743,0.8008641600608826,95.775390625,3333492,
0.47871461510658264,0.34608882665634155,0.34608882665634155,0.34608882665634155,0.8133294582366943,0.5885863304138184,0.11373305320739746,0.5,0.17954736948013306,0.8204526305198669,102.5302734375,3568670,
0.5008241534233093,0.36273714900016785,0.36273714900016785,0.36273714900016785,0.7549132108688354,0.6634194850921631,0.1430904120206833,0.5,0.16413229703903198,0.835867702960968,93.375,3249920,
0.4776659309864044,0.37224236130714417,0.37224236130714417,0.37224236130714417,0.8075272440910339,0.5915167927742004,0.05706603452563286,0.5,0.15533113479614258,0.8446688652038574,91.3984375,3181104,
0.49941909313201904,0.4151057004928589,0.4151057004928589,0.4151057004928589,0.7515531182289124,0.664516031742096,-0.11440529674291611,0.5,0.11564290523529053,0.8843570947647095,91.9189453125,3199226,
0.5008241534233093,0.33518680930137634,0.33518680930137634,0.33518680930137634,0.7549132108688354,0.6634194850921631,-0.1430904120206833,0.5,0.18964189291000366,0.8103581070899963,92.953125,3235232,
0.4776659309864044,0.3751687705516815,0.3751687705516815,0.3751687705516815,0.8075272440910339,0.5915167927742004,-0.05706603452563286,0.5,0.1526215672492981,0.8473784327507019,94.4755859375,3288238,
0.5127381086349487,0.37341880798339844,0.37341880798339844,0.37341880798339844,0.7363998293876648,0.6962767839431763,0.2582588493824005,0.5,0.15424185991287231,0.8457581400871277,91.1015625,3170768,
0.5014845132827759,0.3966362774372101,0.3966362774372101,0.3966362774372101,0.8027001023292542,0.6247470378875732,0.25292718410491943,0.5,0.1327441930770874,0.8672558069229126,94.7841796875,3298982,
0.5080649256706238,0.4065192937850952,0.4065192937850952,0.4065192937850952,0.6698638200759888,0.7584599852561951,0.3162987232208252,0.5,0.123593270778656,0.876406729221344,88.7451171875,3088726,
0.47093257308006287,0.3699466586112976,0.3699466586112976,0.3699466586112976,0.8613260984420776,0.5467529296875,0.24853143095970154,0.5,0.15745681524276733,0.8425431847572327,104.8408203125,3649114,
0.452111154794693,0.33656075596809387,0.33656075596809387,0.33656075596809387,0.892920970916748,0.506328284740448,0.27490270137786865,0.5,0.18836963176727295,0.811630368232727,101.9306640625,3547794,
0.5078504085540771,0.39734143018722534,0.39734143018722534,0.39734143018722534,0.8121808767318726,0.6252922415733337,0.30948561429977417,0.5,0.13209128379821777,0.8679087162017822,95.6044921875,3327542,
0.478730708360672,0.3637254536151886,0.3637254536151886,0.3637254536151886,0.5888120532035828,0.8130450248718262,0.3176230192184448,0.5,0.1632171869277954,0.8367828130722046,87.08984375,3031096,
0.4563645124435425,0.3580430746078491,0.3580430746078491,0.3580430746078491,0.5436117649078369,0.8395044803619385,0.28959861397743225,0.5,0.16847866773605347,0.8315213322639465,86.029296875,2994172,
0.5038937330245972,0.36857056617736816,0.36857056617736816,0.36857056617736816,0.6626989841461182,0.760365903377533,0.2589806616306305,0.5,0.15873098373413086,0.8412690162658691,88.46484375,3078968,
0.392002135515213,0.3028297424316406,0.3028297424316406,0.3028297424316406,0.9339503049850464,0.41972482204437256,-0.24483440816402435,0.5,0.21960210800170898,0.780397891998291,98.068359375,3413324,
0.452111154794693,0.34825247526168823,0.34825247526168823,0.34825247526168823,0.892920970916748,0.506328284740448,-0.27490270137786865,0.5,0.1775439977645874,0.8224560022354126,105.7578125,3681040,
0.39808449149131775,0.31853023171424866,0.31853023171424866,0.31853023171424866,0.9466551542282104,0.4205169081687927,-0.30161595344543457,0.5,0.205064594745636,0.794935405254364,108.0986328125,3762538,
0.4989396035671234,0.3973309099674225,0.3973309099674225,0.3973309099674225,0.8483036160469055,0.5881615877151489,-0.3349074721336365,0.5,0.13210099935531616,0.8678990006446838,93.1259765625,3241250,
0.49521902203559875,0.44506213068962097,0.44506213068962097,0.44506213068962097,0.84297776222229,0.587463915348053,-0.3068612515926361,0.5,0.08790546655654907,0.9120945334434509,98.580078125,3431140,
0.5220120549201965,0.42823290824890137,0.42823290824890137,0.42823290824890137,0.7886775732040405,0.6618826985359192,-0.36912238597869873,0.5,0.10348808765411377,0.8965119123458862,103.4482421875,3600630,
0.47218385338783264,0.3631182909011841,0.3631182909011841,0.3631182909011841,0.9257930517196655,0.5100317597389221,-0.4155280292034149,0.5,0.1637793779373169,0.8362206220626831,111.9052734375,3895070,
0.40989312529563904,0.30393877625465393,0.30393877625465393,0.30393877625465393,0.9687002897262573,0.42313718795776367,-0.38591131567955017,0.5,0.21857517957687378,0.7814248204231262,106.7978515625,3717250,
0.46346336603164673,0.37931910157203674,0.37931910157203674,0.37931910157203674,0.9117504954338074,0.5083225965499878,-0.3593877851963043,0.5,0.14877861738204956,0.8512213826179504,108.36328125,3771752,
0.46005499362945557,0.44407200813293457,0.44407200813293457,0.44407200813293457,1.0413581132888794,0.4417836666107178,-0.6521517634391785,0.5,0.08882224559783936,0.9111777544021606,123.15234375,4286648,
0.4552864730358124,0.40254420042037964,0.40254420042037964,0.40254420042037964,1.0344154834747314,0.44013887643814087,-0.6217365860939026,0.5,0.12727391719818115,0.8727260828018188,125.560546875,4370492,
0.5206055045127869,0.47074729204177856,0.47074729204177856,0.47074729204177856,0.9404930472373962,0.5535452961921692,-0.7043588161468506,0.5,0.06412291526794434,0.9358770847320557,122.8447265625,4275938,
0.49299919605255127,0.40198126435279846,0.40198126435279846,0.40198126435279846,0.9548564553260803,0.5163071155548096,-0.5346289873123169,0.5,0.12779510021209717,0.8722048997879028,109.2275390625,3801842,
0.4377141296863556,0.37698712944984436,0.37698712944984436,0.37698712944984436,1.0103727579116821,0.43322044610977173,-0.5314631462097168,0.5,0.15093785524368286,0.8490621447563171,112.3330078125,3909962,
0.45605579018592834,0.3479301929473877,0.3479301929473877,0.3479301929473877,0.9681078791618347,0.4710795283317566,-0.47244834899902344,0.5,0.17784243822097778,0.8221575617790222,104.6025390625,3640818,
0.5358868837356567,0.4243948459625244,0.4243948459625244,0.4243948459625244,0.8571128249168396,0.6252232789993286,-0.633753776550293,0.5,0.10704183578491211,0.8929581642150879,109.3779296875,3807078,
0.49794700741767883,0.3910950720310211,0.3910950720310211,0.3910950720310211,0.7177708148956299,0.693740963935852,-0.6659562587738037,0.5,0.13787490129470825,0.8621250987052917,104.3818359375,3633134,
0.4998343586921692,0.39757031202316284,0.39757031202316284,0.39757031202316284,0.8014021515846252,0.6236997842788696,-0.7385973334312439,0.5,0.13187932968139648,0.8681206703186035,113.3544921875,3945526,
0.34476765990257263,0.2821771204471588,0.2821771204471588,0.2821771204471588,1.027626872062683,0.3354988694190979,-0.4429960250854492,0.5,0.23872488737106323,0.7612751126289368,115.9228515625,4034946,
0.3575036823749542,0.2692606449127197,0.2692606449127197,0.2692606449127197,1.0465543270111084,0.3416006863117218,-0.5020087957382202,0.5,0.25068461894989014,0.7493153810501099,105.009765625,3654996,
0.25166118144989014,0.23278005421161652,0.23278005421161652,0.23278005421161652,1.0409114360809326,0.24177002906799316,-0.39088764786720276,0.5,0.28446292877197266,0.7155370712280273,111.283203125,3873412,
0.3706136643886566,0.30104756355285645,0.30104756355285645,0.30104756355285645,1.0658403635025024,0.347719669342041,-0.5606635808944702,0.5,0.22125226259231567,0.7787477374076843,124.5712890625,4336050,
0.37728816270828247,0.34067562222480774,0.34067562222480774,0.34067562222480774,1.0753684043884277,0.35084548592567444,-0.5902085900306702,0.5,0.18455958366394043,0.8154404163360596,128.7919921875,4482998,
0.2691068947315216,0.2018367499113083,0.2018367499113083,0.2018367499113083,1.081800103187561,0.24875842034816742,-0.5057013630867004,0.5,0.31311410665512085,0.6868858933448792,122.5107421875,4264310,
0.051662202924489975,0.014559782110154629,0.014559782110154629,0.014559782110154629,1.0590611696243286,0.0487811304628849,-0.3533087372779846,0.5,0.4865186810493469,0.5134813189506531,115.87109375,4033144,
0.051203902810811996,0.05320034176111221,0.05320034176111221,0.05320034176111221,1.0498461723327637,0.048772767186164856,-0.3242332339286804,0.5,0.45074039697647095,0.549259603023529,105.58203125,3674920,
0.1554429531097412,0.1142694279551506,0.1142694279551506,0.1142694279551506,1.0644216537475586,0.14603513479232788,-0.398925244808197,0.5,0.39419496059417725,0.6058050394058228,115.44921875,4018456,
-0.06375777721405029,-0.06524639576673508,-0.06524639576673508,-0.06524639576673508,-0.09093467146158218,0.7011382579803467,-0.5750318765640259,0.5,0.5604133605957031,0.43958666920661926,69.3125,2412160,
-0.02179032564163208,-0.019747357815504074,-0.019747357815504074,-0.019747357815504074,-0.025984831154346466,0.8385787010192871,-0.48044902086257935,0.5,0.5182846188545227,0.4817153811454773,67.498046875,2348988,
-0.1467241495847702,-0.14064128696918488,-0.14064128696918488,-0.14064128696918488,-0.180601105093956,0.8124210834503174,-0.4440966248512268,0.5,0.6302233934402466,0.3697766065597534,72.5478515625,2524802,
0.0003827071632258594,-0.055077459663152695,-0.055077459663152695,-0.055077459663152695,0.00040500229806639254,0.9449505805969238,-0.31243884563446045,0.5,0.5509976148605347,0.44900235533714294,70.9501953125,2469178,
0.05016016215085983,0.032387133687734604,0.032387133687734604,0.032387133687734604,0.053604792803525925,0.9357402324676514,-0.3463871479034424,0.5,0.4700118899345398,0.5299881100654602,72.3974609375,2519566,
0.0860879197716713,0.01059049554169178,0.01059049554169178,0.01059049554169178,0.08732935786247253,0.9857844114303589,-0.15572436153888702,0.5,0.4901939630508423,0.5098060369491577,68.5390625,2385232,
-0.2131790667772293,-0.20891320705413818,-0.20891320705413818,-0.20891320705413818,-0.220143124461174,0.9683657884597778,-0.09757940471172333,0.5,0.6934381723403931,0.3065618574619293,69.3740234375,2414302,
-0.2560963034629822,-0.22302627563476562,-0.22302627563476562,-0.22302627563476562,-0.26794788241386414,0.9557690620422363,-0.09756094217300415,0.5,0.7065057754516602,0.29349419474601746,67.763671875,2358236,
-0.14380702376365662,-0.08838177472352982,-0.08838177472352982,-0.08838177472352982,-0.15469232201576233,0.9296325445175171,-0.2836867570877075,0.5,0.5818349719047546,0.41816502809524536,68.701171875,2390876,
0.49759238958358765,0.4206494688987732,0.4206494688987732,0.4206494688987732,-0.6715589761734009,-0.7409511208534241,0.0,0.5,0.11050975322723389,0.8894902467727661,63.9111328125,2224106,
0.48790544271469116,0.44364041090011597,0.44364041090011597,0.44364041090011597,-0.667201817035675,-0.7312711477279663,0.09258556365966797,0.5,0.08922183513641357,0.9107781648635864,65.2275390625,2269938,
0.48790544271469116,0.4204859137535095,0.4204859137535095,0.4204859137535095,-0.667201817035675,-0.7312711477279663,-0.09258556365966797,0.5,0.11066120862960815,0.8893387913703918,68.1513671875,2371734,
0.4698812663555145,0.40175652503967285,0.40175652503967285,0.40175652503967285,-0.5912110209465027,-0.7947775721549988,0.09262669086456299,0.5,0.12800323963165283,0.8719967603683472,63.0478515625,2194050,
0.4605454206466675,0.40680262446403503,0.40680262446403503,0.40680262446403503,-0.6514103412628174,-0.7069973945617676,0.18018531799316406,0.5,0.12333095073699951,0.8766690492630005,67.3544921875,2343990,
0.4428442120552063,0.40431085228919983,0.40431085228919983,0.40431085228919983,-0.571773111820221,-0.774510383605957,0.18337339162826538,0.5,0.12563806772232056,0.8743619322776794,64.955078125,2260452,
0.4698812663555145,0.3912529945373535,0.3912529945373535,0.3912529945373535,-0.5912110209465027,-0.7947775721549988,-0.09262669086456299,0.5,0.137728750705719,0.862271249294281,64.9765625,2261200,
0.4428442120552063,0.38845929503440857,0.38845929503440857,0.38845929503440857,-0.571773111820221,-0.774510383605957,-0.18337339162826538,0.5,0.14031553268432617,0.8596844673156738,62.5458984375,2176574,
0.4605454206466675,0.3911595642566681,0.3911595642566681,0.3911595642566681,-0.6514103412628174,-0.7069973945617676,-0.18018531799316406,0.5,0.1378151774406433,0.8621848225593567,68.66015625,2389448,
0.1692119538784027,0.1679508090019226,0.1679508090019226,0.1679508090019226,-0.3958664536476135,-0.4274470806121826,0.5601277947425842,0.5,0.3444899916648865,0.6555100083351135,66.5703125,2316688,
0.1309826672077179,0.1384860724210739,0.1384860724210739,0.1384860724210739,-0.3454626798629761,-0.3791514039039612,0.5995042324066162,0.5,0.3717721700668335,0.6282278299331665,65.7490234375,2288094,
0.2521442472934723,0.22516267001628876,0.22516267001628876,0.22516267001628876,-0.418832927942276,-0.602016270160675,0.47344455122947693,0.5,0.2915160655975342,0.7084839344024658,59.7333984375,2078654,
0.04265949875116348,0.05067938193678856,0.05067938193678856,0.05067938193678856,-0.18530872464179993,-0.23020772635936737,0.7002923488616943,0.5,0.4530746340751648,0.5469253659248352,72.9560546875,2539014,
0.009512454271316528,0.03144165873527527,0.03144165873527527,0.03144165873527527,-0.07344638556241989,-0.1295156180858612,0.7547523975372314,0.5,0.47088736295700073,0.5291126370429993,71.041015625,2472340,
0.08050844818353653,0.04681951925158501,0.04681951925158501,0.04681951925158501,-0.20834754407405853,-0.38641420006752014,0.6601375937461853,0.5,0.456648588180542,0.543351411819458,70.2578125,2445072,
0.26101040840148926,0.256888747215271,0.256888747215271,0.256888747215271,-0.32046329975128174,-0.8144782781600952,0.3632473349571228,0.5,0.26214003562927246,0.7378599643707275,65.4287109375,2276942,
0.3055858910083771,0.2607840597629547,0.2607840597629547,0.2607840597629547,-0.3573113679885864,-0.8552369475364685,0.2803102135658264,0.5,0.258533239364624,0.741466760635376,60.7509765625,2114082,
0.21558521687984467,0.1987457275390625,0.1987457275390625,0.1987457275390625,-0.3272024989128113,-0.658873975276947,0.49188438057899475,0.5,0.31597620248794556,0.6840237975120544,64.5859375,2247600,
0.0802871435880661,0.039992813020944595,0.039992813020944595,0.039992813020944595,-0.13588683307170868,-0.5908383131027222,-0.6183408498764038,0.5,0.4629696011543274,0.5370303988456726,70.73046875,2461528,
0.06700526922941208,0.11888911575078964,0.11888911575078964,0.11888911575078964,-0.1295824497938156,-0.5170859694480896,-0.6519421935081482,0.5,0.3899174928665161,0.6100825071334839,68.841796875,2395772,
0.1660138964653015,0.1905251294374466,0.1905251294374466,0.1905251294374466,-0.23283132910728455,-0.7130221724510193,-0.5042828917503357,0.5,0.3235878348350525,0.6764121651649475,69.2900390625,2411378,
0.10060355067253113,0.08389830589294434,0.08389830589294434,0.08389830589294434,-0.21723416447639465,-0.4631110727787018,-0.634061872959137,0.5,0.42231637239456177,0.5776836276054382,66.783203125,2324100,
0.05358777195215225,0.07208400219678879,0.07208400219678879,0.07208400219678879,-0.1214028149843216,-0.44140470027923584,-0.6806561946868896,0.5,0.43325555324554443,0.5667444467544556,72.7470703125,2531738,
0.08050844818353653,0.07824680954217911,0.07824680954217911,0.07824680954217911,-0.20834754407405853,-0.38641420006752014,-0.6601375937461853,0.5,0.42754924297332764,0.5724507570266724,72.7724609375,2532622,
0.3189798891544342,0.29366278648376465,0.29366278648376465,0.29366278648376465,-0.4190574288368225,-0.7611842155456543,-0.3532824218273163,0.5,0.2280900478363037,0.7719099521636963,60.2490234375,2096606,
0.3055858910083771,0.28488394618034363,0.28488394618034363,0.28488394618034363,-0.3573113679885864,-0.8552369475364685,-0.2803102135658264,0.5,0.2362186312675476,0.7637813687324524,64.47265625,2243656,
0.21558521687984467,0.19721363484859467,0.19721363484859467,0.19721363484859467,-0.3272024989128113,-0.658873975276947,-0.49188438057899475,0.5,0.31739479303359985,0.6826052069664001,69.9931640625,2435858,
-0.534013032913208,-0.4258638620376587,-0.4258638620376587,-0.4258638620376587,0.8077366352081299,-0.661122739315033,0.4855555593967438,0.5,0.8943183422088623,0.10568162798881531,103.35546875,3597400,
-0.5315390229225159,-0.4098217487335205,-0.4098217487335205,-0.4098217487335205,0.7706187963485718,-0.6897560954093933,0.5751230120658875,0.5,0.8794645667076111,0.12053543329238892,106.931640625,3721908,
-0.5294121503829956,-0.4320944845676422,-0.4320944845676422,-0.4320944845676422,0.844210147857666,-0.6271094679832458,0.4819764494895935,0.5,0.9000874757766724,0.09991253167390823,101.806640625,3543476,
-0.5358868837356567,-0.40883874893188477,-0.40883874893188477,-0.40883874893188477,0.8571128249168396,-0.6252232789993286,0.633753776550293,0.5,0.8785544037818909,0.12144561856985092,107.5888671875,3744790,
-0.49794700741767883,-0.3691970705986023,-0.3691970705986023,-0.3691970705986023,0.7177708148956299,-0.693740963935852,0.6659562587738037,0.5,0.8418490886688232,0.15815088152885437,95.74609375,3332472,
-0.4998343586921692,-0.41606631875038147,-0.41606631875038147,-0.41606631875038147,0.8014021515846252,-0.6236997842788696,0.7385973334312439,0.5,0.8852465748786926,0.11475342512130737,100.501953125,3498052,
-0.5127409100532532,-0.41923633217811584,-0.41923633217811584,-0.41923633217811584,0.9235484004020691,-0.5551857352256775,0.5371827483177185,0.5,0.8881818056106567,0.11181822419166565,111.0751953125,3866170,
-0.48221510648727417,-0.38807642459869385,-0.38807642459869385,-0.38807642459869385,0.9405224323272705,-0.5127098560333252,0.47395962476730347,0.5,0.8593299984931946,0.14066998660564423,105.7666015625,3681346,
-0.5191324353218079,-0.4180378019809723,-0.4180378019809723,-0.4180378019809723,0.8785409927368164,-0.5909029245376587,0.4787832200527191,0.5,0.8870720267295837,0.11292797327041626,109.576171875,3813980,
-0.12842416763305664,-0.08195967227220535,-0.08195967227220535,-0.08195967227220535,0.3597939908504486,-0.35693806409835815,0.8562586903572083,0.5,0.5758885741233826,0.42411142587661743,92.533203125,3220612,
-0.09726861864328384,-0.07544611394405365,-0.07544611394405365,-0.07544611394405365,0.31691503524780273,-0.3069233298301697,0.8560494184494019,0.5,0.5698575377464294,0.43014246225357056,88.4140625,3077200,
-0.20833958685398102,-0.13844646513462067,-0.13844646513462067,-0.13844646513462067,0.5400263667106628,-0.3857952058315277,0.8883221745491028,0.5,0.6281911134719849,0.37180885672569275,106.9140625,3721296,
-0.06404593586921692,-0.03705139085650444,-0.03705139085650444,-0.03705139085650444,0.4154523015022278,-0.1541595458984375,0.903264582157135,0.5,0.5343068242073059,0.4656931757926941,97.548828125,3395236,
-0.05256085470318794,-0.06217993423342705,-0.06217993423342705,-0.06217993423342705,0.3406294286251068,-0.1543050855398178,0.8841219544410706,0.5,0.5575740337371826,0.44242599606513977,86.9384765625,3025826,
-0.04621254280209541,-0.026876678690314293,-0.026876678690314293,-0.026876678690314293,0.4490615129470825,-0.1029091626405716,0.9154653549194336,0.5,0.5248858332633972,0.4751141667366028,94.8017578125,3299594,
-0.22734226286411285,-0.18285097181797028,-0.18285097181797028,-0.18285097181797028,0.7873082160949707,-0.28875890374183655,0.9503629803657532,0.5,0.6693063974380493,0.3306935727596283,114.8095703125,3996186,
-0.35448920726776123,-0.3078543543815613,-0.3078543543815613,-0.3078543543815613,0.8311986327171326,-0.4264795482158661,0.9043999910354614,0.5,0.7850503325462341,0.21494968235492706,121.943359375,4244556,
-0.16759079694747925,-0.16541644930839539,-0.16541644930839539,-0.16541644930839539,0.6045033931732178,-0.2772371470928192,0.9265975952148438,0.5,0.6531633734703064,0.3468366265296936,106.8076171875,3717590,
-0.389860600233078,-0.3114578425884247,-0.3114578425884247,-0.3114578425884247,1.0934950113296509,-0.35652709007263184,0.6496536135673523,0.5,0.788386881351471,0.21161311864852905,126.2666015625,4395074,
-0.34433308243751526,-0.30256548523902893,-0.30256548523902893,-0.30256548523902893,1.1164333820343018,-0.30842241644859314,0.6483568549156189,0.5,0.780153214931488,0.21984678506851196,125.9404296875,4383718,
-0.3837292492389679,-0.29322734475135803,-0.29322734475135803,-0.29322734475135803,1.084656000137329,-0.353779673576355,0.619836151599884,0.5,0.7715067863464355,0.22849321365356445,121.13671875,4216472,
-0.18334583938121796,-0.17464450001716614,-0.17464450001716614,-0.17464450001716614,1.166643500328064,-0.15715669095516205,0.6514973044395447,0.5,0.661707878112793,0.33829212188720703,133.861328125,4659492,
-0.06175805255770683,-0.037225425243377686,-0.037225425243377686,-0.037225425243377686,1.1727957725524902,-0.05265882983803749,0.6324355602264404,0.5,0.5344679951667786,0.46553200483322144,132.40625,4608832,
-0.1792306751012802,-0.1946292519569397,-0.1946292519569397,-0.1946292519569397,1.1428769826889038,-0.15682411193847656,0.596320390701294,0.5,0.6802122592926025,0.31978774070739746,128.25390625,4464264,
-0.26301446557044983,-0.2134971171617508,-0.2134971171617508,-0.2134971171617508,1.071376919746399,-0.24549201130867004,0.476809024810791,0.5,0.6976824998855591,0.3023175001144409,121.771484375,4238572,
-0.30858394503593445,-0.2697247266769409,-0.2697247266769409,-0.2697247266769409,1.0553284883499146,-0.2924055755138397,0.4742562770843506,0.5,0.7497451305389404,0.25025489926338196,121.5244140625,4229970,
-0.2753768563270569,-0.2586347162723541,-0.2586347162723541,-0.2586347162723541,1.0923893451690674,-0.25208672881126404,0.5345020890235901,0.5,0.7394765615463257,0.26052340865135193,123.310546875,4292156,
-0.0,-0.02793038636445999,-0.02793038636445999,-0.02793038636445999,-0.07497543841600418,0.0,0.759012758731842,0.5,0.5258615016937256,0.4741385281085968,72.9150390625,2537586,
0.019174205139279366,0.02752668783068657,0.02752668783068657,0.02752668783068657,-0.1894356608390808,-0.10121750831604004,0.7113732695579529,0.5,0.47451233863830566,0.5254876613616943,64.8857421875,2258038,
-0.006713699083775282,0.024576393887400627,0.024576393887400627,0.024576393887400627,-0.13260583579540253,0.050628986209630966,0.736305832862854,0.5,0.4772440791130066,0.5227559208869934,74.88671875,2606232,
0.060719963163137436,0.050489723682403564,0.050489723682403564,0.050489723682403564,-0.3004845380783081,-0.20207349956035614,0.6543653011322021,0.5,0.4532502293586731,0.5467497706413269,67.0908203125,2334810,
0.08924342691898346,0.09996352344751358,0.09996352344751358,0.09996352344751358,-0.35429203510284424,-0.2518922686576843,0.6221050024032593,0.5,0.4074411392211914,0.5925588607788086,63.3828125,2205712,
0.03392314538359642,-0.0019557601772248745,-0.0019557601772248745,-0.0019557601772248745,-0.33568769693374634,-0.10105566680431366,0.6476818323135376,0.5,0.5018109083175659,0.49818912148475647,64.265625,2236448,
-0.01414074283093214,-0.03002021834254265,-0.03002021834254265,-0.03002021834254265,-0.2795584499835968,0.05058242008090019,0.6753960847854614,0.5,0.5277965068817139,0.47220349311828613,66.3349609375,2308494,
-0.03392314538359642,-0.04174887761473656,-0.04174887761473656,-0.04174887761473656,-0.33568769693374634,0.10105566680431366,0.6476818323135376,0.5,0.5386563539505005,0.4613436162471771,72.251953125,2514500,
-0.019174205139279366,0.0017019965453073382,0.0017019965453073382,0.0017019965453073382,-0.1894356608390808,0.10121750831604004,0.7113732695579529,0.5,0.49842405319213867,0.5015759468078613,65.33984375,2273848,
0.20951853692531586,0.19040840864181519,0.19040840864181519,0.19040840864181519,-0.5161901712417603,-0.40589407086372375,0.49928951263427734,0.5,0.3236958980560303,0.6763041019439697,66.4794921875,2313526,
0.29510077834129333,0.2834773361682892,0.2834773361682892,0.2834773361682892,-0.6398395299911499,-0.46121060848236084,0.39395278692245483,0.5,0.2375209927558899,0.7624790072441101,64.267578125,2236516,
0.1708848476409912,0.13690651953220367,0.13690651953220367,0.13690651953220367,-0.5565470457077026,-0.30704474449157715,0.5019866228103638,0.5,0.37323474884033203,0.626765251159668,64.3525390625,2239474,
0.3609432578086853,0.27680835127830505,0.27680835127830505,0.27680835127830505,-0.7787060141563416,-0.4635167121887207,0.26093971729278564,0.5,0.24369603395462036,0.7563039660453796,63.7568359375,2218734,
0.3823111057281494,0.36369460821151733,0.36369460821151733,0.36369460821151733,-0.7516087889671326,-0.5086570382118225,0.2618621587753296,0.5,0.16324573755264282,0.8367542624473572,65.3779296875,2275174,
0.38383936882019043,0.3194907605648041,0.3194907605648041,0.3194907605648041,-0.8360617160797119,-0.45910412073135376,0.1826164424419403,0.5,0.20417523384094238,0.7958247661590576,63.8173828125,2220842,
0.15367217361927032,0.1578323096036911,0.1578323096036911,0.1578323096036911,-0.7462469339370728,-0.20592671632766724,0.38929644227027893,0.5,0.35385894775390625,0.6461410522460938,60.8623046875,2117958,
0.10643114894628525,0.08635934442281723,0.08635934442281723,0.08635934442281723,-0.6889330744743347,-0.15448692440986633,0.4415046274662018,0.5,0.4200376868247986,0.5799623131752014,59.28125,2062912,
0.22214651107788086,0.16705310344696045,0.16705310344696045,0.16705310344696045,-0.708329975605011,-0.31362009048461914,0.39430707693099976,0.5,0.3453211784362793,0.6546788215637207,67.9521484375,2364798,
-0.36314281821250916,-0.2825651466846466,-0.2825651466846466,-0.2825651466846466,-0.9015890955924988,0.40278083086013794,0.09410879760980606,0.5,0.761634349822998,0.23836562037467957,60.7275390625,2113266,
-0.394114226102829,-0.3301469087600708,-0.3301469087600708,-0.3301469087600708,-0.8803948760032654,0.44765621423721313,0.09406963735818863,0.5,0.8056915998458862,0.19430842995643616,64.0576171875,2229206,
-0.26275527477264404,-0.2503140866756439,-0.2503140866756439,-0.2503140866756439,-0.8457839488983154,0.3106647729873657,0.26109766960144043,0.5,0.7317723035812378,0.2682276964187622,63.275390625,2201972,
-0.4647674858570099,-0.3740380108356476,-0.3740380108356476,-0.3740380108356476,-0.8002867698669434,0.5807511806488037,0.09238597750663757,0.5,0.8463314771652222,0.15366852283477783,64.255859375,2236108,
-0.48653340339660645,-0.46005716919898987,-0.46005716919898987,-0.46005716919898987,-0.7376821637153625,0.6595433950424194,0.09157241135835648,0.5,0.9259788393974304,0.07402115315198898,64.427734375,2242092,
-0.3823111057281494,-0.31334665417671204,-0.31334665417671204,-0.31334665417671204,-0.7516087889671326,0.5086570382118225,0.2618621587753296,0.5,0.7901358008384705,0.20986421406269073,64.80859375,2255352,
-0.12088555842638016,-0.13674874603748322,-0.13674874603748322,-0.13674874603748322,-0.5944815278053284,0.20334619283676147,0.49832311272621155,0.5,0.6266192197799683,0.3733808100223541,63.2509765625,2201122,
-0.10643114894628525,-0.14026126265525818,-0.14026126265525818,-0.14026126265525818,-0.6889330744743347,0.15448692440986633,0.4415046274662018,0.5,0.6298715472221375,0.37012845277786255,60.0654296875,2090214,
-0.22214651107788086,-0.15332508087158203,-0.15332508087158203,-0.15332508087158203,-0.708329975605011,0.31362009048461914,0.39430707693099976,0.5,0.6419676542282104,0.35803234577178955,59.4765625,2069712,
0.5241502523422241,0.4162079095840454,0.4162079095840454,0.4162079095840454,0.7230141758918762,0.7249515652656555,0.43033143877983093,0.5,0.11462229490280151,0.8853777050971985,94.4609375,3287728,
0.43115827441215515,0.3323740065097809,0.3323740065097809,0.3323740065097809,0.5337961912155151,0.8077207803726196,0.5351306796073914,0.5,0.19224625825881958,0.8077537417411804,87.298828125,3038372,
0.5223795175552368,0.4089660942554474,0.4089660942554474,0.4089660942554474,0.719511866569519,0.7260193228721619,0.40166985988616943,0.5,0.12132769823074341,0.8786723017692566,98.376953125,3424068,
0.33453693985939026,0.2635560631752014,0.2635560631752014,0.2635560631752014,0.4951155483722687,0.6756744980812073,0.7357501983642578,0.5,0.2559666037559509,0.7440333962440491,92.90625,3233600,
0.2739051282405853,0.20284418761730194,0.20284418761730194,0.20284418761730194,0.4390273094177246,0.6238908767700195,0.7670964598655701,0.5,0.312181293964386,0.687818706035614,91.19140625,3173896,
0.47281211614608765,0.35831987857818604,0.35831987857818604,0.35831987857818604,0.6269930601119995,0.754094660282135,0.600100040435791,0.5,0.1682223677635193,0.8317776322364807,89.3505859375,3109806,
0.49721527099609375,0.41378098726272583,0.41378098726272583,0.41378098726272583,0.6331931948661804,0.7852504849433899,0.3456362783908844,0.5,0.11686944961547852,0.8831305503845215,92.0634765625,3204258,
0.5155810117721558,0.36767807602882385,0.36767807602882385,0.36767807602882385,0.7081183791160583,0.7281000018119812,0.3157714605331421,0.5,0.15955734252929688,0.8404426574707031,93.943359375,3269708,
0.5202890038490295,0.3732109069824219,0.3732109069824219,0.3732109069824219,0.7158191800117493,0.7268441915512085,0.37302640080451965,0.5,0.15443438291549683,0.8455656170845032,93.408203125,3251076,
0.11929015815258026,0.10080268234014511,0.10080268234014511,0.10080268234014511,0.27458757162094116,0.4344339370727539,0.8133493661880493,0.5,0.4066641926765442,0.5933358073234558,85.8974609375,2989582,
0.08898025006055832,0.11181219667196274,0.11181219667196274,0.11181219667196274,0.23117998242378235,0.38489601016044617,0.8150335550308228,0.5,0.39647018909454346,0.6035298109054565,86.8994140625,3024466,
0.17967262864112854,0.12136466056108475,0.12136466056108475,0.12136466056108475,0.2859242558479309,0.6283923983573914,0.7351033091545105,0.5,0.3876253366470337,0.6123746633529663,84.7275390625,2948850,
0.05466914921998978,0.023495309054851532,0.023495309054851532,0.023495309054851532,0.12438898533582687,0.4395015239715576,0.7681296467781067,0.5,0.4782450795173645,0.5217549204826355,76.759765625,2671444,
0.06304674595594406,0.040603358298540115,0.040603358298540115,0.040603358298540115,0.18838109076023102,0.3346766233444214,0.81416255235672,0.5,0.4624043107032776,0.5375956892967224,81.7861328125,2846442,
0.03151526674628258,0.016438212245702744,0.016438212245702744,0.016438212245702744,0.08094534277915955,0.3893401026725769,0.7678815126419067,0.5,0.4847794771194458,0.5152205228805542,77.5078125,2697488,
0.16734789311885834,0.14604057371616364,0.14604057371616364,0.14604057371616364,0.19908800721168518,0.8405724167823792,0.5346974730491638,0.5,0.36477726697921753,0.6352227330207825,75.923828125,2642340,
0.23441681265830994,0.2094552367925644,0.2094552367925644,0.2094552367925644,0.2671186029911041,0.8775757551193237,0.4778686761856079,0.5,0.30605995655059814,0.6939400434494019,75.328125,2621600,
0.12114723771810532,0.09211968630552292,0.09211968630552292,0.09211968630552292,0.17800875008106232,0.6805689930915833,0.6769609451293945,0.5,0.41470396518707275,0.5852960348129272,81.1376953125,2823866,
0.39931607246398926,0.32539722323417664,0.32539722323417664,0.32539722323417664,0.44846922159194946,0.8903979659080505,0.20460273325443268,0.5,0.19870632886886597,0.801293671131134,84.7734375,2950448,
0.3979005515575409,0.2714524567127228,0.2714524567127228,0.2714524567127228,0.4456799328327179,0.8927944302558899,0.1753770411014557,0.5,0.24865514039993286,0.7513448596000671,83.6943359375,2912878,
0.4279063642024994,0.3012256920337677,0.3012256920337677,0.3012256920337677,0.4924103617668152,0.8690035939216614,0.20403063297271729,0.5,0.2210872769355774,0.7789127230644226,87.48828125,3044968,
0.39268603920936584,0.27268263697624207,0.27268263697624207,0.27268263697624207,0.43681374192237854,0.8989782333374023,0.08773032575845718,0.5,0.24751609563827515,0.7524839043617249,76.53125,2663488,
0.41765955090522766,0.3256288170814514,0.3256288170814514,0.3256288170814514,0.4744844138622284,0.8802387118339539,0.029242828488349915,0.5,0.1984918713569641,0.8015081286430359,80.9140625,2816080,
0.4460482597351074,0.3722468614578247,0.3722468614578247,0.3722468614578247,0.5233508944511414,0.8522928953170776,0.08756209164857864,0.5,0.15532702207565308,0.8446729779243469,77.6474609375,2702350,
0.5025432705879211,0.4016173481941223,0.4016173481941223,0.4016173481941223,0.6859174966812134,0.7326585054397583,0.14390434324741364,0.5,0.12813210487365723,0.8718678951263428,95.0517578125,3308298,
0.5043017864227295,0.3186795711517334,0.3186795711517334,0.3186795711517334,0.6893157958984375,0.7315976023674011,0.1725916862487793,0.5,0.20492631196975708,0.7950736880302429,90.37890625,3145608,
0.4852055311203003,0.36377090215682983,0.36377090215682983,0.36377090215682983,0.6106923818588257,0.7945170998573303,0.1448093205690384,0.5,0.16317510604858398,0.836824893951416,87.8759765625,3058466,
-0.49759238958358765,-0.4695543646812439,-0.4695543646812439,-0.4695543646812439,-0.7409511208534241,0.6715589761734009,0.0,0.5,0.9347725510597229,0.0652274563908577,58.9365234375,2050910,
-0.47789475321769714,-0.4501146674156189,-0.4501146674156189,-0.4501146674156189,-0.7704086899757385,0.620313286781311,0.09222234040498734,0.5,0.9167728424072266,0.08322717994451523,59.044921875,2054684,
-0.48653340339660645,-0.3966701924800873,-0.3966701924800873,-0.3966701924800873,-0.7376821637153625,0.6595433950424194,-0.09157241135835648,0.5,0.8672872185707092,0.13271279633045197,66.216796875,2304380,
-0.44467464089393616,-0.359062135219574,-0.359062135219574,-0.359062135219574,-0.8306421637535095,0.5353384017944336,0.09370804578065872,0.5,0.8324649333953857,0.16753506660461426,64.0146484375,2227710,
-0.4299686551094055,-0.3510421812534332,-0.3510421812534332,-0.3510421812534332,-0.7828169465065002,0.5492582321166992,0.18140582740306854,0.5,0.8250390291213989,0.17496095597743988,59.1572265625,2058594,
-0.42199984192848206,-0.3416459262371063,-0.3416459262371063,-0.3416459262371063,-0.8562487959861755,0.4928472340106964,0.09379300475120544,0.5,0.8163387775421143,0.18366119265556335,60.421875,2102624,
-0.4647674858570099,-0.3953312337398529,-0.3953312337398529,-0.3953312337398529,-0.8002867698669434,0.5807511806488037,-0.09238597750663757,0.5,0.8660474419593811,0.1339525729417801,62.9501953125,2190650,
-0.4299686551094055,-0.3738159239292145,-0.3738159239292145,-0.3738159239292145,-0.7828169465065002,0.5492582321166992,-0.18140582740306854,0.5,0.8461258411407471,0.15387415885925293,65.7060546875,2286598,
-0.4562950134277344,-0.45765551924705505,-0.45765551924705505,-0.45765551924705505,-0.7205427885055542,0.6332656741142273,-0.17961350083351135,0.5,0.9237551093101501,0.07624490559101105,63.1337890625,2197042,
-0.32141008973121643,-0.26009446382522583,-0.26009446382522583,-0.26009446382522583,-0.9240449070930481,0.34782952070236206,0.09383625537157059,0.5,0.7408281564712524,0.25917181372642517,66.5390625,2315600,
-0.31721463799476624,-0.3048819899559021,-0.3048819899559021,-0.3048819899559021,-0.8817199468612671,0.3597680330276489,0.18248815834522247,0.5,0.7822981476783752,0.21770186722278595,60.681640625,2111668,
-0.23480333387851715,-0.2657909691333771,-0.2657909691333771,-0.2657909691333771,-0.9166053533554077,0.2561662197113037,0.18130595982074738,0.5,0.7461027503013611,0.2538972496986389,61.09765625,2126152,
-0.2072528898715973,-0.168470099568367,-0.168470099568367,-0.168470099568367,-0.7982389330863953,0.25963765382766724,0.3304235339164734,0.5,0.6559908390045166,0.3440091907978058,62.2822265625,2167394,
-0.3015288710594177,-0.23169972002506256,-0.23169972002506256,-0.23169972002506256,-0.8244964480400085,0.3657127618789673,0.26193857192993164,0.5,0.7145367860794067,0.28546324372291565,66.509765625,2314580,
-0.1891792118549347,-0.15934757888317108,-0.15934757888317108,-0.15934757888317108,-0.7281418442726135,0.2598109245300293,0.3925776779651642,0.5,0.6475440263748169,0.3524559438228607,62.0869140625,2160594,
-0.1276535540819168,-0.10433967411518097,-0.10433967411518097,-0.10433967411518097,-0.8257752656936646,0.1545863151550293,0.32659247517585754,0.5,0.5966107845306396,0.40338921546936035,62.50390625,2175112,
-0.08002565801143646,-0.06705906987190247,-0.06705906987190247,-0.06705906987190247,-0.7716374397277832,0.10370888561010361,0.382646381855011,0.5,0.5620917081832886,0.43790826201438904,61.04296875,2124248,
-0.13851629197597504,-0.11856437474489212,-0.11856437474489212,-0.11856437474489212,-0.8875206708908081,0.15607105195522308,0.25719913840293884,0.5,0.6097818613052368,0.39021816849708557,58.900390625,2049652,
-0.028405331075191498,-0.031619179993867874,-0.031619179993867874,-0.031619179993867874,-0.5637269616127014,0.050388455390930176,-0.531109094619751,0.5,0.5292770266532898,0.4707229733467102,60.708984375,2112620,
-0.024927256628870964,-0.018501663580536842,-0.018501663580536842,-0.018501663580536842,-0.4944850504398346,0.05041053518652916,-0.5703877210617065,0.5,0.5171311497688293,0.48286885023117065,66.169921875,2302748,
-0.10643114894628525,-0.11395189166069031,-0.11395189166069031,-0.11395189166069031,-0.6889330744743347,0.15448692440986633,-0.4415046274662018,0.5,0.6055110096931458,0.39448899030685425,71.04296875,2472408,
-0.06979262083768845,-0.10722478479146957,-0.10722478479146957,-0.10722478479146957,-0.46186724305152893,0.1511096954345703,-0.5811719298362732,0.5,0.5992822051048279,0.4007177948951721,65.146484375,2267116,
-0.021388979628682137,-0.05646268650889397,-0.05646268650889397,-0.05646268650889397,-0.42389535903930664,0.0504581592977047,-0.607380747795105,0.5,0.5522802472114563,0.4477197527885437,67.0732421875,2334198,
-0.05918477848172188,-0.046102702617645264,-0.046102702617645264,-0.046102702617645264,-0.390642374753952,0.15150628983974457,-0.6174474358558655,0.5,0.5426876544952393,0.45731231570243835,63.8671875,2222576,
-0.27745091915130615,-0.23625653982162476,-0.23625653982162476,-0.23625653982162476,-0.7582507133483887,0.365909218788147,-0.3328999876976013,0.5,0.7187560796737671,0.2812439501285553,55.7783203125,1940954,
-0.26275527477264404,-0.22574472427368164,-0.22574472427368164,-0.22574472427368164,-0.8457839488983154,0.3106647729873657,-0.26109766960144043,0.5,0.7090228796005249,0.2909771203994751,62.40625,2171712,
-0.16916590929031372,-0.15334320068359375,-0.15334320068359375,-0.15334320068359375,-0.653192937374115,0.2589830756187439,-0.4492686986923218,0.5,0.6419844627380371,0.3580155670642853,58.0166015625,2018882,
-0.49759238958358765,-0.36991289258003235,-0.36991289258003235,-0.36991289258003235,0.7409511208534241,-0.6715589761734009,0.0,0.5,0.8425118923187256,0.15748807787895203,90.3076171875,3143126,
-0.4977424740791321,-0.408853679895401,-0.408853679895401,-0.408853679895401,0.74571692943573,-0.6674683690071106,0.05739009007811546,0.5,0.8785682320594788,0.12143179029226303,92.92578125,3234280,
-0.4974749684333801,-0.3737432062625885,-0.3737432062625885,-0.3737432062625885,0.7431998252868652,-0.6693690419197083,-0.02873270772397518,0.5,0.8460584878921509,0.15394148230552673,89.8525390625,3127282,
-0.49941909313201904,-0.38488316535949707,-0.38488316535949707,-0.38488316535949707,0.7515531182289124,-0.664516031742096,0.11440529674291611,0.5,0.8563733100891113,0.14362671971321106,97.0,3376128,
-0.5008241534233093,-0.4389462172985077,-0.4389462172985077,-0.4389462172985077,0.7549132108688354,-0.6634194850921631,0.1430904120206833,0.5,0.9064316749572754,0.0935683324933052,95.0390625,3307856,
-0.4776659309864044,-0.3777301013469696,-0.3777301013469696,-0.3777301013469696,0.8075272440910339,-0.5915167927742004,0.05706603452563286,0.5,0.8497501015663147,0.1502499133348465,95.1708984375,3312446,
-0.47781386971473694,-0.35761532187461853,-0.35761532187461853,-0.35761532187461853,0.8052246570587158,-0.593392014503479,-0.028663355857133865,0.5,0.8311252593994141,0.16887471079826355,94.029296875,3272700,
-0.4776659309864044,-0.37172263860702515,-0.37172263860702515,-0.37172263860702515,0.8075272440910339,-0.5915167927742004,-0.05706603452563286,0.5,0.8441876173019409,0.15581238269805908,94.5380859375,3290414,
-0.4977424740791321,-0.3928471803665161,-0.3928471803665161,-0.3928471803665161,0.74571692943573,-0.6674683690071106,-0.05739009007811546,0.5,0.8637473583221436,0.13625262677669525,94.8896484375,3302654,
-0.5069054365158081,-0.4023413360118866,-0.4023413360118866,-0.4023413360118866,0.7662315368652344,-0.6615564823150635,0.22692638635635376,0.5,0.8725382685661316,0.1274617463350296,95.259765625,3315540,
-0.5095723271369934,-0.406726211309433,-0.406726211309433,-0.406726211309433,0.7704794406890869,-0.6613704562187195,0.2554856240749359,0.5,0.8765983581542969,0.12340167164802551,96.2939453125,3351546,
-0.4815157353878021,-0.3972264528274536,-0.3972264528274536,-0.3972264528274536,0.8203362822532654,-0.5869736075401306,0.16903606057167053,0.5,0.8678022623062134,0.13219773769378662,94.5283203125,3290074,
-0.488567054271698,-0.3722362518310547,-0.3722362518310547,-0.3722362518310547,0.8330200910568237,-0.5865009427070618,0.2506817579269409,0.5,0.8446632027626038,0.15533681213855743,100.0712890625,3483058,
-0.5124695897102356,-0.396784245967865,-0.396784245967865,-0.396784245967865,0.7748808860778809,-0.6613526940345764,0.2839616537094116,0.5,0.8673927783966064,0.13260719180107117,100.8076171875,3508694,
-0.49174514412879944,-0.4041208028793335,-0.4041208028793335,-0.4041208028793335,0.8378854990005493,-0.5868882536888123,0.27881547808647156,0.5,0.8741859197616577,0.12581408023834229,96.0703125,3343760,
-0.3843142092227936,-0.3002142310142517,-0.3002142310142517,-0.3002142310142517,0.912310004234314,-0.4212539792060852,0.10961878299713135,0.5,0.7779761552810669,0.2220238745212555,99.75390625,3472008,
-0.3841325640678406,-0.3208029270172119,-0.3208029270172119,-0.3208029270172119,0.9094692468643188,-0.422370046377182,0.08252385258674622,0.5,0.7970397472381592,0.20296026766300201,104.23828125,3628136,
-0.4420856237411499,-0.32990843057632446,-0.32990843057632446,-0.32990843057632446,0.8739922046661377,-0.5058233141899109,0.16542282700538635,0.5,0.8054707646369934,0.19452925026416779,105.3291015625,3666114,
-0.3891794979572296,-0.29222676157951355,-0.29222676157951355,-0.29222676157951355,0.9287142157554626,-0.4190519452095032,-0.21686893701553345,0.5,0.7705802917480469,0.22941967844963074,109.564453125,3813572,
-0.4224269390106201,-0.34525957703590393,-0.34525957703590393,-0.34525957703590393,0.9118413329124451,-0.4632680416107178,-0.2456761598587036,0.5,0.8196847438812256,0.18031522631645203,103.138671875,3589852,
-0.385988712310791,-0.28479883074760437,-0.28479883074760437,-0.28479883074760437,0.919463038444519,-0.41979795694351196,-0.16323037445545197,0.5,0.7637026309967041,0.2362973839044571,102.16796875,3556056,
-0.47093257308006287,-0.3676162362098694,-0.3676162362098694,-0.3676162362098694,0.8613260984420776,-0.5467529296875,-0.24853143095970154,0.5,0.840385377407074,0.15961460769176483,97.3916015625,3389762,
-0.452111154794693,-0.3448731005191803,-0.3448731005191803,-0.3448731005191803,0.892920970916748,-0.506328284740448,-0.27490270137786865,0.5,0.8193269371986389,0.18067306280136108,111.2509765625,3872290,
-0.49174514412879944,-0.42319947481155396,-0.42319947481155396,-0.42319947481155396,0.8378854990005493,-0.5868882536888123,-0.27881547808647156,0.5,0.8918513655662537,0.10814864933490753,100.4423828125,3495978,
-0.4397912323474884,-0.36833977699279785,-0.36833977699279785,-0.36833977699279785,0.8670614361763,-0.5072203874588013,-0.11210429668426514,0.5,0.8410553336143494,0.15894466638565063,95.9814453125,3340666,
-0.4136190712451935,-0.32570531964302063,-0.32570531964302063,-0.32570531964302063,0.8879135847091675,-0.46583256125450134,-0.08373475074768066,0.5,0.8015789985656738,0.19842101633548737,106.5654296875,3709158,
-0.4420856237411499,-0.33566489815711975,-0.33566489815711975,-0.33566489815711975,0.8739922046661377,-0.5058233141899109,-0.16542282700538635,0.5,0.8108007907867432,0.18919917941093445,98.8515625,3440592,
0.0,0.035199638456106186,0.035199638456106186,0.035199638456106186,1.11687433719635,0.0,0.5020062923431396,0.5,0.467407763004303,0.532592236995697,121.650390625,4234356,
-0.05893824249505997,-0.04359935224056244,-0.04359935224056244,-0.04359935224056244,1.1242938041687012,-0.052422456443309784,0.5231060981750488,0.5,0.5403697490692139,0.45963022112846375,127.583984375,4440940,
0.05893824249505997,0.04869360849261284,0.04869360849261284,0.04869360849261284,1.1242938041687012,0.052422456443309784,0.5231060981750488,0.5,0.45491331815719604,0.545086681842804,127.7724609375,4447502,
-0.06022567301988602,-0.017873680219054222,-0.017873680219054222,-0.017873680219054222,1.1483252048492432,-0.052446529269218445,0.5777568817138672,0.5,0.5165497064590454,0.4834502637386322,129.68359375,4514040,
-0.1181941106915474,-0.042146895080804825,-0.042146895080804825,-0.042146895080804825,1.1290374994277954,-0.1046857237815857,0.5453163981437683,0.5,0.5390248894691467,0.46097511053085327,133.119140625,4633652,
-0.12098151445388794,-0.13762123882770538,-0.13762123882770538,-0.13762123882770538,1.153143286705017,-0.10491455346345901,0.6001183986663818,0.5,0.6274270415306091,0.37257295846939087,128.79296875,4483032,
0.240249365568161,0.1969781219959259,0.1969781219959259,0.1969781219959259,1.152966022491455,0.20837506651878357,0.6491681933403015,0.5,0.31761282682418823,0.6823871731758118,135.6435546875,4721542,
0.34433308243751526,0.3331175148487091,0.3331175148487091,0.3331175148487091,1.1164333820343018,0.30842241644859314,0.6483568549156189,0.5,0.19155782461166382,0.8084421753883362,126.0966796875,4389158,
0.12098151445388794,0.06315791606903076,0.06315791606903076,0.06315791606903076,1.153143286705017,0.10491455346345901,0.6001183986663818,0.5,0.44152045249938965,0.5584795475006104,128.0791015625,4458178,
-0.06304220855236053,-0.06622228026390076,-0.06622228026390076,-0.06622228026390076,1.1968188285827637,-0.05267481505870819,0.6872442364692688,0.5,0.561316967010498,0.43868306279182434,135.1591796875,4704678,
-0.062420185655355453,-0.06497576087713242,-0.06497576087713242,-0.06497576087713242,1.1849333047866821,-0.05267822742462158,0.6598107814788818,0.5,0.5601627826690674,0.439837247133255,131.857421875,4589724,
-0.130940243601799,-0.16104570031166077,-0.16104570031166077,-0.16104570031166077,1.2012393474578857,-0.10900428891181946,0.7135833501815796,0.5,0.6491163969039917,0.3508836030960083,137.626953125,4790596,
-0.240249365568161,-0.2046118974685669,-0.2046118974685669,-0.2046118974685669,1.152966022491455,-0.20837506651878357,0.6491681933403015,0.5,0.6894554495811462,0.31054455041885376,127.60546875,4441688,
-0.18129926919937134,-0.11399122327566147,-0.11399122327566147,-0.11399122327566147,1.1548142433166504,-0.1569943130016327,0.6238775253295898,0.5,0.6055474281311035,0.3944525718688965,132.0419921875,4596150,
-0.29425084590911865,-0.2582707405090332,-0.2582707405090332,-0.2582707405090332,1.1362491846084595,-0.2589668333530426,0.648210883140564,0.5,0.7391395568847656,0.2608604431152344,123.1025390625,4284914,
-0.24946892261505127,-0.23147955536842346,-0.23147955536842346,-0.23147955536842346,1.174971342086792,-0.21231915056705475,0.7084580659866333,0.5,0.7143329381942749,0.2856670916080475,140.5048828125,4890794,
-0.3036729097366333,-0.2395879477262497,-0.2395879477262497,-0.2395879477262497,1.1569099426269531,-0.26248621940612793,0.7080785036087036,0.5,0.7218407392501831,0.2781592905521393,134.2783203125,4674010,
-0.19781728088855743,-0.1565849632024765,-0.1565849632024765,-0.1565849632024765,1.2004005908966064,-0.1647927165031433,0.7420184016227722,0.5,0.644986093044281,0.355013906955719,141.423828125,4922788,
0.4274584650993347,0.32620590925216675,0.32620590925216675,0.32620590925216675,1.068851113319397,0.39992329478263855,0.6505486369132996,0.5,0.19795751571655273,0.8020424842834473,125.5673828125,4370730,
0.4552864730358124,0.34275609254837036,0.34275609254837036,0.34275609254837036,1.0344154834747314,0.44013887643814087,0.6217365860939026,0.5,0.18263328075408936,0.8173667192459106,121.04296875,4213208,
0.3346227705478668,0.22871504724025726,0.22871504724025726,0.22871504724025726,1.0958397388458252,0.3053573966026306,0.5907838940620422,0.5,0.28822678327560425,0.7117732167243958,126.4111328125,4400106,
0.4438612759113312,0.3612423241138458,0.3612423241138458,0.3612423241138458,1.018730878829956,0.4357002377510071,0.5614056587219238,0.5,0.16551637649536133,0.8344836235046387,122.865234375,4276652,
0.47876983880996704,0.4069015681743622,0.4069015681743622,0.4069015681743622,0.9986336827278137,0.4794248938560486,0.5932479500770569,0.5,0.12323933839797974,0.8767606616020203,112.5830078125,3918666,
0.4377141296863556,0.35431307554244995,0.35431307554244995,0.35431307554244995,1.0103727579116821,0.43322044610977173,0.5314631462097168,0.5,0.17193233966827393,0.8280676603317261,119.4658203125,4158298,
0.21461431682109833,0.15754935145378113,0.15754935145378113,0.15754935145378113,1.085101842880249,0.19778265058994293,0.480048805475235,0.5,0.35412102937698364,0.6458789706230164,126.0185546875,4386438,
0.16961851716041565,0.07551325857639313,0.07551325857639313,0.07551325857639313,1.107735276222229,0.15312188863754272,0.5128692388534546,0.5,0.4300803542137146,0.5699196457862854,121.75390625,4237960,
0.32140207290649414,0.2952042520046234,0.2952042520046234,0.2952042520046234,1.0754863023757935,0.29884347319602966,0.5325272679328918,0.5,0.2266627550125122,0.7733372449874878,116.439453125,4052932,
-0.534013032913208,-0.4366796612739563,-0.4366796612739563,-0.4366796612739563,0.8077366352081299,-0.661122739315033,-0.4855555593967438,0.5,0.9043329954147339,0.09566699713468552,101.279296875,3525116,
-0.5294121503829956,-0.4147685170173645,-0.4147685170173645,-0.4147685170173645,0.844210147857666,-0.6271094679832458,-0.4819764494895935,0.5,0.884044885635376,0.11595509201288223,98.50390625,3428488,
-0.49794700741767883,-0.40930700302124023,-0.40930700302124023,-0.40930700302124023,0.7177708148956299,-0.693740963935852,-0.6659562587738037,0.5,0.8789879679679871,0.12101204693317413,103.21875,3592640,
-0.5127409100532532,-0.37060707807540894,-0.37060707807540894,-0.37060707807540894,0.9235484004020691,-0.5551857352256775,-0.5371827483177185,0.5,0.8431546688079834,0.1568453162908554,104.26171875,3628952,
-0.5191324353218079,-0.392289400100708,-0.392289400100708,-0.392289400100708,0.8785409927368164,-0.5909029245376587,-0.4787832200527191,0.5,0.8632309436798096,0.13676908612251282,100.755859375,3506892,
-0.48221510648727417,-0.36852723360061646,-0.36852723360061646,-0.36852723360061646,0.9405224323272705,-0.5127098560333252,-0.47395962476730347,0.5,0.8412289023399353,0.1587710976600647,111.51953125,3881640,
-0.331296443939209,-0.2576780319213867,-0.2576780319213867,-0.2576780319213867,0.6532762050628662,-0.5071307420730591,-0.8578920364379883,0.5,0.7385907173156738,0.2614092528820038,107.7197265625,3749346,
-0.28412193059921265,-0.16931584477424622,-0.16931584477424622,-0.16931584477424622,0.5230574011802673,-0.5431945323944092,-0.8247635364532471,0.5,0.6567739248275757,0.3432260751724243,91.19140625,3173896,
-0.4998343586921692,-0.42160099744796753,-0.42160099744796753,-0.42160099744796753,0.8014021515846252,-0.6236997842788696,-0.7385973334312439,0.5,0.8903712630271912,0.10962872207164764,112.0556640625,3900306,
-0.389860600233078,-0.37769386172294617,-0.37769386172294617,-0.37769386172294617,1.0934950113296509,-0.35652709007263184,-0.6496536135673523,0.5,0.8497165441513062,0.15028347074985504,125.4033203125,4365018,
-0.3837292492389679,-0.3236711621284485,-0.3236711621284485,-0.3236711621284485,1.084656000137329,-0.353779673576355,-0.619836151599884,0.5,0.7996954917907715,0.20030449330806732,118.443359375,4122700,
-0.34433308243751526,-0.36465439200401306,-0.36465439200401306,-0.36465439200401306,1.1164333820343018,-0.30842241644859314,-0.6483568549156189,0.5,0.8376429080963135,0.16235706210136414,121.015625,4212256,
-0.3641328811645508,-0.3190339207649231,-0.3190339207649231,-0.3190339207649231,1.0562108755111694,-0.3447539508342743,-0.5314795970916748,0.5,0.7954017519950867,0.20459823310375214,124.3310546875,4327686,
-0.30858394503593445,-0.2750633955001831,-0.2750633955001831,-0.2750633955001831,1.0553284883499146,-0.2924055755138397,-0.4742562770843506,0.5,0.7546883225440979,0.2453116774559021,119.2509765625,4150818,
-0.2753768563270569,-0.2162654548883438,-0.2162654548883438,-0.2162654548883438,1.0923893451690674,-0.25208672881126404,-0.5345020890235901,0.5,0.70024573802948,0.29975423216819763,120.111328125,4180772,
-0.17713531851768494,-0.13519169390201569,-0.13519169390201569,-0.13519169390201569,1.1309412717819214,-0.15662644803524017,-0.5687609314918518,0.5,0.6251775026321411,0.3748225271701813,134.228515625,4672276,
-0.05958721041679382,-0.04276404529809952,-0.04276404529809952,-0.04276404529809952,1.1362144947052002,-0.05244362726807594,-0.5504499077796936,0.5,0.5395963191986084,0.4604036808013916,130.0966796875,4528422,
-0.1792306751012802,-0.18447451293468475,-0.18447451293468475,-0.18447451293468475,1.1428769826889038,-0.15682411193847656,-0.596320390701294,0.5,0.6708097457885742,0.3291902542114258,127.7724609375,4447502,
-0.0287303626537323,-0.046915069222450256,-0.046915069222450256,-0.046915069222450256,0.5582739114761353,-0.051462844014167786,-0.942539632320404,0.5,0.5434398651123047,0.4565601348876953,98.8701171875,3441238,
-0.024861618876457214,-0.015656452625989914,-0.015656452625989914,-0.015656452625989914,0.4830877482891083,-0.051463980227708817,-0.9259101152420044,0.5,0.5144967436790466,0.48550325632095337,97.625,3397888,
-0.1122380942106247,-0.10862971097230911,-0.10862971097230911,-0.10862971097230911,0.671085000038147,-0.1672486960887909,-0.9556883573532104,0.5,0.6005830764770508,0.3994169533252716,104.15234375,3625144,
-0.07852436602115631,-0.04236798733472824,-0.04236798733472824,-0.04236798733472824,0.38211074471473694,-0.20550158619880676,-0.8892514705657959,0.5,0.5392296314239502,0.4607703685760498,88.6376953125,3084986,
-0.05256085470318794,-0.02327447198331356,-0.02327447198331356,-0.02327447198331356,0.3406294286251068,-0.1543050855398178,-0.8841219544410706,0.5,0.5215504169464111,0.4784495532512665,90.3427734375,3144350,
-0.08954117447137833,-0.10966411232948303,-0.10966411232948303,-0.10966411232948303,0.34931519627571106,-0.25633347034454346,-0.8735482096672058,0.5,0.6015408039093018,0.39845916628837585,86.599609375,3014028,
-0.29190295934677124,-0.23011480271816254,-0.23011480271816254,-0.23011480271816254,0.7230390906333923,-0.40371671319007874,-0.9090332388877869,0.5,0.7130692601203918,0.28693073987960815,108.099609375,3762572,
-0.3083386719226837,-0.3138195872306824,-0.3138195872306824,-0.3138195872306824,0.8590376973152161,-0.3589349687099457,-0.933285653591156,0.5,0.7905737161636353,0.20942631363868713,118.7216796875,4132390,
-0.16759079694747925,-0.07307708263397217,-0.07307708263397217,-0.07307708263397217,0.6045033931732178,-0.2772371470928192,-0.9265975952148438,0.5,0.5676639676094055,0.4323360323905945,104.05078125,3621608,
0.0,0.01014321856200695,0.01014321856200695,0.01014321856200695,1.0939949750900269,0.0,-0.44611698389053345,0.5,0.4906081557273865,0.5093918442726135,119.9599609375,4175502,
-0.10584805905818939,-0.05887316167354584,-0.05887316167354584,-0.05887316167354584,1.0834370851516724,-0.09769654273986816,-0.4326450228691101,0.5,0.5545122027397156,0.4454877972602844,125.6181640625,4372498,
0.053326744586229324,0.058401498943567276,0.058401498943567276,0.058401498943567276,1.0898374319076538,0.04893091693520546,-0.4389040172100067,0.5,0.4459245204925537,0.5540754795074463,116.298828125,4048036,
-0.20662841200828552,-0.18903738260269165,-0.18903738260269165,-0.18903738260269165,1.0639773607254028,-0.19420376420021057,-0.42293035984039307,0.5,0.6750346422195435,0.32496538758277893,119.083984375,4145004,
-0.254232257604599,-0.20132894814014435,-0.20132894814014435,-0.20132894814014435,1.0508261919021606,-0.2419355809688568,-0.41929078102111816,0.5,0.6864156723022461,0.3135843276977539,110.3642578125,3841418,
-0.10366395115852356,-0.0822490006685257,-0.0822490006685257,-0.0822490006685257,1.062766671180725,-0.09754159301519394,-0.3757650554180145,0.5,0.576156497001648,0.42384353280067444,112.6533203125,3921114,
0.05226140469312668,0.07868124544620514,0.07868124544620514,0.07868124544620514,1.0687147378921509,0.04890117421746254,-0.3817804157733917,0.5,0.4271470308303833,0.5728529691696167,109.70703125,3818536,
0.10366395115852356,0.09909150004386902,0.09909150004386902,0.09909150004386902,1.062766671180725,0.09754159301519394,-0.3757650554180145,0.5,0.4082486629486084,0.5917513370513916,116.7744140625,4064594,
0.10584805905818939,0.06642100214958191,0.06642100214958191,0.06642100214958191,1.0834370851516724,0.09769654273986816,-0.4326450228691101,0.5,0.4384990930557251,0.5615009069442749,115.8212890625,4031410,
-0.3790503442287445,-0.3405989408493042,-0.3405989408493042,-0.3405989408493042,0.9988232851028442,-0.37949690222740173,-0.4140917956829071,0.5,0.8153693675994873,0.1846306174993515,112.734375,3923936,
-0.4143744707107544,-0.2958013415336609,-0.2958013415336609,-0.2958013415336609,0.9767119884490967,-0.42425450682640076,-0.4138452112674713,0.5,0.7738901376724243,0.22610987722873688,111.16015625,3869128,
-0.292550653219223,-0.26974642276763916,-0.26974642276763916,-0.26974642276763916,1.0172033309936523,-0.2876029312610626,-0.36027792096138,0.5,0.749765157699585,0.25023481249809265,116.19140625,4044296,
-0.4056822955608368,-0.3558443784713745,-0.3558443784713745,-0.3558443784713745,0.9609531760215759,-0.4221665561199188,-0.3578455448150635,0.5,0.8294855356216431,0.17051447927951813,104.390625,3633440,
-0.445514053106308,-0.3909474313259125,-0.3909474313259125,-0.3909474313259125,0.9523829817771912,-0.4677887558937073,-0.4143502414226532,0.5,0.861988365650177,0.1380116492509842,116.3583984375,4050110,
-0.4367371201515198,-0.36527663469314575,-0.36527663469314575,-0.36527663469314575,0.9374417662620544,-0.4658818542957306,-0.35831695795059204,0.5,0.8382191061973572,0.16178090870380402,109.6005859375,3814830,
-0.19373920559883118,-0.11943618208169937,-0.11943618208169937,-0.11943618208169937,1.0125868320465088,-0.1913309544324875,-0.2539159953594208,0.5,0.6105890274047852,0.38941094279289246,108.9697265625,3792866,
-0.14906340837478638,-0.08789452165365219,-0.08789452165365219,-0.08789452165365219,1.028759241104126,-0.14489629864692688,-0.28508034348487854,0.5,0.5813838243484497,0.4186161756515503,114.6806640625,3991698,
-0.285908043384552,-0.21190577745437622,-0.21190577745437622,-0.21190577745437622,1.0015175342559814,-0.28547483682632446,-0.3047584593296051,0.5,0.6962090730667114,0.30379095673561096,106.734375,3715040,
0.35740935802459717,0.29287052154541016,0.29287052154541016,0.29287052154541016,0.9543025493621826,0.37452414631843567,-0.245066300034523,0.5,0.22882360219955444,0.7711763978004456,103.6875,3608960,
0.3948476016521454,0.32071396708488464,0.32071396708488464,0.32071396708488464,0.9400847554206848,0.42001277208328247,-0.2733168601989746,0.5,0.20304268598556519,0.7969573140144348,108.1005859375,3762606,
0.2807125449180603,0.21304261684417725,0.21304261684417725,0.21304261684417725,0.9878067374229431,0.28417760133743286,-0.2487032413482666,0.5,0.3027383089065552,0.6972616910934448,115.591796875,4023420,
0.401670902967453,0.3171089291572571,0.3171089291572571,0.3171089291572571,0.9536819458007812,0.4211790859699249,-0.32988661527633667,0.5,0.20638060569763184,0.7936193943023682,105.53125,3673152,
0.42902687191963196,0.354452908039093,0.354452908039093,0.354452908039093,0.9237088561058044,0.46446114778518677,-0.3019814193248749,0.5,0.17180287837982178,0.8281971216201782,106.5595703125,3708954,
0.4367371201515198,0.33163824677467346,0.33163824677467346,0.33163824677467346,0.9374417662620544,0.4658818542957306,-0.35831695795059204,0.5,0.1929275393486023,0.8070724606513977,105.037109375,3655948,
0.19815798103809357,0.1183820366859436,0.1183820366859436,0.1183820366859436,1.026930809020996,0.19296137988567352,-0.3095880150794983,0.5,0.39038699865341187,0.6096130013465881,110.162109375,3834380,
0.14721448719501495,0.13772940635681152,0.13772940635681152,0.13772940635681152,1.0217427015304565,0.14408175647258759,-0.2573392987251282,0.5,0.37247276306152344,0.6275272369384766,116.8955078125,4068810,
0.285908043384552,0.20012103021144867,0.20012103021144867,0.20012103021144867,1.0015175342559814,0.28547483682632446,-0.3047584593296051,0.5,0.31470274925231934,0.6852972507476807,111.10546875,3867224,
0.0,0.045278433710336685,0.045278433710336685,0.045278433710336685,0.072610042989254,0.0,-0.8109784722328186,0.5,0.45807552337646484,0.5419244766235352,79.3388671875,2761238,
-0.005751937627792358,-0.020757576450705528,-0.020757576450705528,-0.020757576450705528,0.11180802434682846,-0.05144476518034935,-0.8230599761009216,0.5,0.5192199945449829,0.4807800352573395,78.8271484375,2743422,
0.015596837736666203,0.017369937151670456,0.017369937151670456,0.017369937151670456,0.1516122817993164,0.10287318378686905,-0.8334213495254517,0.5,0.4839167594909668,0.5160832405090332,92.775390625,3229044,
-0.01333166565746069,0.014920573681592941,0.014920573681592941,0.014920573681592941,0.2591649293899536,-0.051440853625535965,-0.8678950667381287,0.5,0.48618465662002563,0.5138153433799744,84.9716796875,2957350,
-0.015596837736666203,-0.05697688087821007,-0.05697688087821007,-0.05697688087821007,0.1516122817993164,-0.10287318378686905,-0.8334213495254517,0.5,0.5527563691139221,0.4472436308860779,77.166015625,2685588,
-0.030828893184661865,-0.03384624421596527,-0.03384624421596527,-0.03384624421596527,0.29963475465774536,-0.10288824141025543,-0.8769589066505432,0.5,0.531339168548584,0.4686608612537384,85.4794921875,2975030,
0.07852436602115631,0.03907753527164459,0.03907753527164459,0.03907753527164459,0.38211074471473694,0.20550158619880676,-0.8892514705657959,0.5,0.46381711959838867,0.5361828804016113,90.728515625,3157780,
0.07041335105895996,0.024962082505226135,0.024962082505226135,0.024962082505226135,0.2746675908565521,0.25635841488838196,-0.853465735912323,0.5,0.4768869876861572,0.5231130123138428,86.2529296875,3001958,
0.030828893184661865,0.004864395130425692,0.004864395130425692,0.004864395130425692,0.29963475465774536,0.10288824141025543,-0.8769589066505432,0.5,0.49549591541290283,0.5045040845870972,83.291015625,2898836,
-0.03756209835410118,-0.008304320275783539,-0.008304320275783539,-0.008304320275783539,0.6486058235168457,-0.057912059128284454,-0.9601752758026123,0.5,0.5076891779899597,0.4923108220100403,107.6806640625,3747986,
-0.06719213724136353,-0.07084943354129791,-0.07084943354129791,-0.07084943354129791,0.6143584251403809,-0.10936960577964783,-0.9508377909660339,0.5,0.5656013488769531,0.43439868092536926,106.4560546875,3705350,
-0.09060092270374298,-0.0884258896112442,-0.0884258896112442,-0.0884258896112442,0.7827482223510742,-0.11574721336364746,-0.9779751300811768,0.5,0.5818758010864258,0.4181241989135742,119.0712890625,4144562,
-0.1636248379945755,-0.14466765522956848,-0.14466765522956848,-0.14466765522956848,0.728431224822998,-0.2246263474225998,-0.9564554691314697,0.5,0.6339515447616577,0.3660484850406647,106.7255859375,3714734,
-0.09339862316846848,-0.12342512607574463,-0.12342512607574463,-0.12342512607574463,0.580461859703064,-0.16090397536754608,-0.9395416975021362,0.5,0.614282488822937,0.3857174813747406,101.2578125,3524368,
-0.1971459984779358,-0.1513771265745163,-0.1513771265745163,-0.1513771265745163,0.6957709789276123,-0.2833489775657654,-0.9403221607208252,0.5,0.6401640176773071,0.35983598232269287,114.572265625,3987924,
-0.22174088656902313,-0.14998143911361694,-0.14998143911361694,-0.14998143911361694,0.9188156127929688,-0.24133339524269104,-0.9701828360557556,0.5,0.6388716697692871,0.3611283004283905,129.5224609375,4508430,
-0.30658191442489624,-0.27450230717658997,-0.27450230717658997,-0.27450230717658997,0.9908434748649597,-0.3094150722026825,-0.9460943341255188,0.5,0.7541688084602356,0.2458312064409256,133.4208984375,4644158,
-0.17297808825969696,-0.1562623530626297,-0.1562623530626297,-0.1562623530626297,0.9391969442367554,-0.18417659401893616,-0.9825440049171448,0.5,0.6446873545646667,0.35531264543533325,138.3251953125,4814906,
0.4840851128101349,0.4170112907886505,0.4170112907886505,0.4170112907886505,1.0167573690414429,0.47610682249069214,-0.773163378238678,0.5,0.11387842893600464,0.8861215710639954,125.6298828125,4372906,
0.47142478823661804,0.34836113452911377,0.34836113452911377,0.34836113452911377,0.8742574453353882,0.5392287969589233,-0.8159424066543579,0.5,0.17744338512420654,0.8225566148757935,123.5302734375,4299806,
0.3083386719226837,0.21940858662128448,0.21940858662128448,0.21940858662128448,0.8590376973152161,0.3589349687099457,-0.933285653591156,0.5,0.296843945980072,0.703156054019928,127.150390625,4425844,
0.331296443939209,0.258870393037796,0.258870393037796,0.258870393037796,0.6532762050628662,0.5071307420730591,-0.8578920364379883,0.5,0.26030516624450684,0.7396948337554932,106.1259765625,3693858,
0.42001044750213623,0.3726638853549957,0.3726638853549957,0.3726638853549957,0.7288074493408203,0.5762982368469238,-0.8146364688873291,0.5,0.15494084358215332,0.8450591564178467,109.3974609375,3807758,
0.2785877287387848,0.19346071779727936,0.19346071779727936,0.19346071779727936,0.5613282918930054,0.4963008761405945,-0.8523072600364685,0.5,0.3208697438240051,0.6791302561759949,109.1796875,3800176,
0.11601870507001877,0.07608804106712341,0.07608804106712341,0.07608804106712341,0.5470566749572754,0.2120780348777771,-0.926395058631897,0.5,0.42954814434051514,0.5704518556594849,103.55859375,3604472,
0.09339862316846848,0.03214062377810478,0.03214062377810478,0.03214062377810478,0.580461859703064,0.16090397536754608,-0.9395416975021362,0.5,0.47024017572402954,0.5297598242759705,104.5771484375,3639934,
0.2265276461839676,0.2126787155866623,0.2126787155866623,0.2126787155866623,0.6632381677627563,0.34154796600341797,-0.9213476777076721,0.5,0.30307525396347046,0.6969247460365295,106.4892578125,3706506,
0.49759238958358765,0.4232792556285858,0.4232792556285858,0.4232792556285858,0.6715589761734009,0.7409511208534241,0.0,0.5,0.10807478427886963,0.8919252157211304,87.4658203125,3044186,
0.4911920130252838,0.37502312660217285,0.37502312660217285,0.37502312660217285,0.6372287273406982,0.7708252668380737,0.029123589396476746,0.5,0.15275639295578003,0.84724360704422,85.58203125,2978600,
0.4911920130252838,0.3826894164085388,0.3826894164085388,0.3826894164085388,0.6372287273406982,0.7708252668380737,-0.029123589396476746,0.5,0.1456579566001892,0.8543420433998108,83.98046875,2922840,
0.4633525311946869,0.3145163655281067,0.3145163655281067,0.3145163655281067,0.5585903525352478,0.8295032978057861,0.029156936332583427,0.5,0.2087811827659607,0.7912188172340393,83.6552734375,2911518,
0.48083195090293884,0.33329343795776367,0.33329343795776367,0.33329343795776367,0.6016573905944824,0.7991790175437927,0.05826564505696297,0.5,0.19139498472213745,0.8086050152778625,84.138671875,2928348,
0.4443296492099762,0.3483966290950775,0.3483966290950775,0.3483966290950775,0.520232081413269,0.854098916053772,0.058397188782691956,0.5,0.1774105429649353,0.8225894570350647,88.2373046875,3071046,
0.3945787250995636,0.30683743953704834,0.30683743953704834,0.30683743953704834,0.43986549973487854,0.8970440626144409,-0.11690082401037216,0.5,0.21589124202728271,0.7841087579727173,78.7763671875,2741654,
0.3979005515575409,0.2745838165283203,0.2745838165283203,0.2745838165283203,0.4456799328327179,0.8927944302558899,-0.1753770411014557,0.5,0.24575573205947876,0.7542442679405212,78.9501953125,2747706,
0.4443296492099762,0.33723315596580505,0.33723315596580505,0.33723315596580505,0.520232081413269,0.854098916053772,-0.058397188782691956,0.5,0.18774712085723877,0.8122528791427612,86.0048828125,2993322,
0.3559390902519226,0.23498383164405823,0.23498383164405823,0.23498383164405823,0.3858627378940582,0.9224500060081482,0.029238851740956306,0.5,0.28242236375808716,0.7175776362419128,75.6513671875,2632854,
0.3886655867099762,0.2913863956928253,0.2913863956928253,0.2913863956928253,0.43068474531173706,0.902436375617981,0.0292429868131876,0.5,0.23019778728485107,0.7698022127151489,74.22265625,2583112,
0.3220917582511902,0.2665831446647644,0.2665831446647644,0.2665831446647644,0.343124121427536,0.9387032985687256,0.05893822759389877,0.5,0.25316375494003296,0.746836245059967,77.9453125,2712720,
0.3945787250995636,0.3080679476261139,0.3080679476261139,0.3080679476261139,0.43986549973487854,0.8970440626144409,0.11690082401037216,0.5,0.21475189924240112,0.7852481007575989,77.7373046875,2705478,
0.4213985502719879,0.2848404347896576,0.2848404347896576,0.2848404347896576,0.48066332936286926,0.8767021298408508,0.08765165507793427,0.5,0.23625892400741577,0.7637410759925842,80.8115234375,2812510,
0.3963053226470947,0.3015260100364685,0.3015260100364685,0.3015260100364685,0.44279760122299194,0.8950033187866211,0.14613740146160126,0.5,0.22080928087234497,0.779190719127655,82.798828125,2881700,
0.32629141211509705,0.22236405313014984,0.22236405313014984,0.22236405313014984,0.3490595817565918,0.934772789478302,0.11748483777046204,0.5,0.2941073775291443,0.7058926224708557,80.15234375,2789560,
0.3280329704284668,0.2754930257797241,0.2754930257797241,0.2754930257797241,0.35181429982185364,0.9324037432670593,0.14678625762462616,0.5,0.24491387605667114,0.7550861239433289,77.978515625,2713876,
0.28521570563316345,0.1913863569498062,0.1913863569498062,0.1913863569498062,0.29946357011795044,0.9524220824241638,0.08865020424127579,0.5,0.3227904438972473,0.6772095561027527,79.416015625,2763924,
0.40032145380973816,0.3011319637298584,0.3011319637298584,0.3011319637298584,0.45084795355796814,0.8879300951957703,-0.23333261907100677,0.5,0.22117412090301514,0.7788258790969849,82.8154296875,2882278,
0.4301932454109192,0.3600378632545471,0.3600378632545471,0.3600378632545471,0.4976155161857605,0.8645092844963074,-0.2615033984184265,0.5,0.16663163900375366,0.8333683609962463,80.76171875,2810776,
0.45101282000541687,0.35981088876724243,0.35981088876724243,0.35981088876724243,0.5324208736419678,0.8470982909202576,-0.17466990649700165,0.5,0.1668418049812317,0.8331581950187683,79.666015625,2772628,
0.5107426047325134,0.42035412788391113,0.42035412788391113,0.42035412788391113,0.7003737688064575,0.7292429208755493,-0.2585368752479553,0.5,0.11078321933746338,0.8892167806625366,93.783203125,3264132,
0.5038937330245972,0.37942302227020264,0.37942302227020264,0.37942302227020264,0.6626989841461182,0.760365903377533,-0.2589806616306305,0.5,0.14868241548538208,0.8513175845146179,87.33984375,3039800,
0.513143002986908,0.3698258101940155,0.3698258101940155,0.3698258101940155,0.7042359113693237,0.7286521792411804,-0.2871529161930084,0.5,0.15756875276565552,0.8424312472343445,92.2861328125,3212010,
0.5010362863540649,0.38856419920921326,0.38856419920921326,0.38856419920921326,0.6827737092971802,0.7338247895240784,-0.11524681746959686,0.5,0.14021837711334229,0.8597816228866577,93.8701171875,3267158,
0.4933426082134247,0.3574867248535156,0.3574867248535156,0.3574867248535156,0.643033504486084,0.767211377620697,-0.08694470673799515,0.5,0.1689937710762024,0.8310062289237976,92.06640625,3204360,
0.4868614077568054,0.3860223591327667,0.3860223591327667,0.3860223591327667,0.6137553453445435,0.7932499647140503,-0.17347733676433563,0.5,0.14257186651229858,0.8574281334877014,83.8603515625,2918658,
0.5241502523422241,0.43162983655929565,0.43162983655929565,0.43162983655929565,0.7230141758918762,0.7249515652656555,-0.43033143877983093,0.5,0.1003427505493164,0.8996572494506836,93.6708984375,3260222,
0.5223795175552368,0.4330049455165863,0.4330049455165863,0.4330049455165863,0.719511866569519,0.7260193228721619,-0.40166985988616943,0.5,0.09906953573226929,0.9009304642677307,95.4541015625,3322306,
0.473716676235199,0.37023618817329407,0.37023618817329407,0.37023618817329407,0.589106023311615,0.8041280508041382,-0.45669668912887573,0.5,0.15718871355056763,0.8428112864494324,89.337890625,3109364,
0.49721527099609375,0.41683709621429443,0.41683709621429443,0.41683709621429443,0.6331931948661804,0.7852504849433899,-0.3456362783908844,0.5,0.11403971910476685,0.8859602808952332,94.0791015625,3274434,
0.5202890038490295,0.4356110394001007,0.4356110394001007,0.4356110394001007,0.7158191800117493,0.7268441915512085,-0.37302640080451965,0.5,0.0966564416885376,0.9033435583114624,91.693359375,3191372,
0.5155810117721558,0.4129561483860016,0.4129561483860016,0.4129561483860016,0.7081183791160583,0.7281000018119812,-0.3157714605331421,0.5,0.1176331639289856,0.8823668360710144,99.7802734375,3472926,
0.5099937319755554,0.3931010067462921,0.3931010067462921,0.3931010067462921,0.6793075203895569,0.7507553100585938,-0.513152003288269,0.5,0.1360175609588623,0.8639824390411377,93.064453125,3239108,
0.43115827441215515,0.34099453687667847,0.34099453687667847,0.34099453687667847,0.5337961912155151,0.8077207803726196,-0.5351306796073914,0.5,0.18426430225372314,0.8157356977462769,94.36328125,3284328,
0.47281211614608765,0.37167420983314514,0.37167420983314514,0.37167420983314514,0.6269930601119995,0.754094660282135,-0.600100040435791,0.5,0.15585720539093018,0.8441427946090698,100.654296875,3503356,
0.3667939305305481,0.24771620333194733,0.24771620333194733,0.24771620333194733,0.4031979441642761,0.9097117781639099,-0.20459191501140594,0.5,0.27063316106796265,0.7293668389320374,82.8212890625,2882482,
0.3963053226470947,0.2969513535499573,0.2969513535499573,0.2969513535499573,0.44279760122299194,0.8950033187866211,-0.14613740146160126,0.5,0.22504502534866333,0.7749549746513367,82.609375,2875104,
0.3280329704284668,0.2772359549999237,0.2772359549999237,0.2772359549999237,0.35181429982185364,0.9324037432670593,-0.14678625762462616,0.5,0.24330008029937744,0.7566999197006226,72.5849609375,2526094,
0.39268603920936584,0.3153297007083893,0.3153297007083893,0.3153297007083893,0.43681374192237854,0.8989782333374023,-0.08773032575845718,0.5,0.20802801847457886,0.7919719815254211,78.8876953125,2745530,
0.4213985502719879,0.30644160509109497,0.30644160509109497,0.30644160509109497,0.48066332936286926,0.8767021298408508,-0.08765165507793427,0.5,0.21625781059265137,0.7837421894073486,77.451171875,2695516,
0.41765955090522766,0.3241395056247711,0.3241395056247711,0.3241395056247711,0.4744844138622284,0.8802387118339539,-0.029242828488349915,0.5,0.19987082481384277,0.8001291751861572,81.453125,2834848,
0.24342216551303864,0.16373662650585175,0.16373662650585175,0.16373662650585175,0.25208285450935364,0.9656434655189514,-0.08896367996931076,0.5,0.3483920097351074,0.6516079902648926,70.7451171875,2462038,
0.3220917582511902,0.28796541690826416,0.28796541690826416,0.28796541690826416,0.343124121427536,0.9387032985687256,-0.05893822759389877,0.5,0.23336535692214966,0.7666346430778503,78.3798828125,2727850,
0.28045326471328735,0.19395677745342255,0.19395677745342255,0.19395677745342255,0.29342523217201233,0.9557912349700928,-0.02967933937907219,0.5,0.3204103708267212,0.6795896291732788,75.8916015625,2641218,
-0.023669391870498657,-0.050762150436639786,-0.050762150436639786,-0.050762150436639786,-0.039976246654987335,0.5920863747596741,-0.6551758646965027,0.5,0.5470019578933716,0.45299801230430603,73.818359375,2569036,
-0.017367864027619362,-0.07056401669979095,-0.07056401669979095,-0.07056401669979095,-0.03351609781384468,0.5181946754455566,-0.6884411573410034,0.5,0.565337061882019,0.43466293811798096,75.248046875,2618812,
0.05264716222882271,0.039470188319683075,0.039470188319683075,0.039470188319683075,0.0721263661980629,0.729929506778717,-0.6126115918159485,0.5,0.4634535312652588,0.5365464687347412,76.6376953125,2667194,
-0.0010423603234812617,-0.037608154118061066,-0.037608154118061066,-0.037608154118061066,-0.0036281668581068516,0.28729668259620667,-0.7606184482574463,0.5,0.5348223447799683,0.46517765522003174,73.166015625,2546324,
0.003050476312637329,-8.785672252997756e-05,-8.785672252997756e-05,-8.785672252997756e-05,0.023404479026794434,0.13033728301525116,-0.7894467115402222,0.5,0.5000813603401184,0.4999186396598816,78.2314453125,2722682,
0.03151526674628258,0.02029184065759182,0.02029184065759182,0.02029184065759182,0.08094534277915955,0.3893401026725769,-0.7678815126419067,0.5,0.48121124505996704,0.518788754940033,75.935546875,2642748,
0.24366395175457,0.2003745287656784,0.2003745287656784,0.2003745287656784,0.306513249874115,0.7949540615081787,-0.603875994682312,0.5,0.31446802616119385,0.6855319738388062,87.5859375,3048368,
0.27609774470329285,0.16460148990154266,0.16460148990154266,0.16460148990154266,0.3224937319755554,0.8561336398124695,-0.5133832097053528,0.5,0.34759122133255005,0.65240877866745,86.6845703125,3016986,
0.12114723771810532,0.09839969128370285,0.09839969128370285,0.09839969128370285,0.17800875008106232,0.6805689930915833,-0.6769609451293945,0.5,0.40888917446136475,0.5911108255386353,80.779296875,2811388,
0.0490085706114769,0.02725192904472351,0.02725192904472351,0.02725192904472351,-0.9987954497337341,-0.049067676067352295,0.0,0.5,0.47476673126220703,0.525233268737793,66.7880859375,2324270,
0.04892512783408165,0.08452203124761581,0.08452203124761581,0.08452203124761581,-0.9864170551300049,-0.049598824232816696,0.09069570153951645,0.5,0.421738862991333,0.578261137008667,62.7529296875,2183782,
0.04813148453831673,0.02442764863371849,0.02442764863371849,0.02442764863371849,-0.951859176158905,-0.05056576058268547,-0.1764802783727646,0.5,0.4773818254470825,0.5226181745529175,61.0478515625,2124418,
0.14625990390777588,0.1478670984506607,0.1478670984506607,0.1478670984506607,-0.9760296940803528,-0.14985190331935883,0.09172973036766052,0.5,0.3630860447883606,0.6369139552116394,65.111328125,2265892,
0.04813148453831673,0.04613963142037392,0.04613963142037392,0.04613963142037392,-0.951859176158905,-0.05056576058268547,0.1764802783727646,0.5,0.4572780728340149,0.5427219271659851,61.5390625,2141520,
0.1448971927165985,0.12019135802984238,0.12019135802984238,0.12019135802984238,-0.9395412802696228,-0.15422120690345764,0.17919223010540009,0.5,0.38871175050735474,0.6112882494926453,62.4736328125,2174058,
0.1276535540819168,0.11936339735984802,0.11936339735984802,0.11936339735984802,-0.8257752656936646,-0.1545863151550293,-0.32659247517585754,0.5,0.3894783854484558,0.6105216145515442,63.6591796875,2215334,
0.040310729295015335,0.05312870442867279,0.05312870442867279,0.05312870442867279,-0.779230535030365,-0.05173145607113838,-0.37992164492607117,0.5,0.45080673694610596,0.549193263053894,61.658203125,2145668,
0.1448971927165985,0.11341913789510727,0.11341913789510727,0.11341913789510727,-0.9395412802696228,-0.15422120690345764,-0.17919223010540009,0.5,0.3949822783470154,0.6050177216529846,64.8369140625,2256338,
0.32141008973121643,0.30333417654037476,0.30333417654037476,0.30333417654037476,-0.9240449070930481,-0.34782952070236206,0.09383625537157059,0.5,0.21913504600524902,0.780864953994751,60.669921875,2111260,
0.2829330265522003,0.23757728934288025,0.23757728934288025,0.23757728934288025,-0.940251886844635,-0.30091193318367004,0.09372089058160782,0.5,0.280021071434021,0.719978928565979,60.197265625,2094804,
0.31721463799476624,0.28498831391334534,0.28498831391334534,0.28498831391334534,-0.8817199468612671,-0.3597680330276489,0.18248815834522247,0.5,0.23612189292907715,0.7638781070709229,63.4775390625,2209010,
0.1276535540819168,0.13355353474617004,0.13355353474617004,0.13355353474617004,-0.8257752656936646,-0.1545863151550293,0.32659247517585754,0.5,0.376339316368103,0.623660683631897,64.701171875,2251612,
0.13851629197597504,0.11617069691419601,0.11617069691419601,0.11617069691419601,-0.8875206708908081,-0.15607105195522308,0.25719913840293884,0.5,0.3924345374107361,0.6075654625892639,65.986328125,2296356,
0.08002565801143646,0.11492889374494553,0.11492889374494553,0.11492889374494553,-0.7716374397277832,-0.10370888561010361,0.382646381855011,0.5,0.39358437061309814,0.6064156293869019,64.4052734375,2241310,
0.2072528898715973,0.20754460990428925,0.20754460990428925,0.20754460990428925,-0.7982389330863953,-0.25963765382766724,0.3304235339164734,0.5,0.3078290820121765,0.6921709179878235,65.2236328125,2269802,
0.1891792118549347,0.1667538732290268,0.1667538732290268,0.1667538732290268,-0.7281418442726135,-0.2598109245300293,0.3925776779651642,0.5,0.3455982804298401,0.6544017195701599,62.361328125,2170148,
0.3015288710594177,0.24273145198822021,0.24273145198822021,0.24273145198822021,-0.8244964480400085,-0.3657127618789673,0.26193857192993164,0.5,0.275248646736145,0.724751353263855,63.943359375,2225228,
0.1602323055267334,0.14345218241214752,0.14345218241214752,0.14345218241214752,-0.45787230134010315,-0.34994977712631226,-0.5488691329956055,0.5,0.3671739101409912,0.6328260898590088,63.2470703125,2200986,
0.12258684635162354,0.10774151235818863,0.10774151235818863,0.10774151235818863,-0.406858891248703,-0.30130064487457275,-0.5870017409324646,0.5,0.40023934841156006,0.5997606515884399,60.646484375,2110444,
0.2223106026649475,0.1938939094543457,0.1938939094543457,0.1938939094543457,-0.6134969592094421,-0.362366259098053,-0.45014336705207825,0.5,0.32046860456466675,0.6795313954353333,60.38671875,2101400,
0.06979262083768845,0.07618290185928345,0.07618290185928345,0.07618290185928345,-0.46186724305152893,-0.1511096954345703,-0.5811719298362732,0.5,0.4294602870941162,0.5705397129058838,64.4970703125,2244506,
0.05918477848172188,0.0395820289850235,0.0395820289850235,0.0395820289850235,-0.390642374753952,-0.15150628983974457,-0.6174474358558655,0.5,0.46334999799728394,0.5366500020027161,64.5283203125,2245594,
0.04827417805790901,0.0488901287317276,0.0488901287317276,0.0488901287317276,-0.47855180501937866,-0.10087555646896362,-0.5764690637588501,0.5,0.45473140478134155,0.5452685952186584,68.9931640625,2401042,
0.2072528898715973,0.16018332540988922,0.16018332540988922,0.16018332540988922,-0.7982389330863953,-0.25963765382766724,-0.3304235339164734,0.5,0.3516821265220642,0.6483178734779358,60.3828125,2101264,
0.26275527477264404,0.23828518390655518,0.23828518390655518,0.23828518390655518,-0.8457839488983154,-0.3106647729873657,-0.26109766960144043,0.5,0.279365599155426,0.720634400844574,61.181640625,2129076,
0.16916590929031372,0.15998475253582,0.15998475253582,0.15998475253582,-0.653192937374115,-0.2589830756187439,-0.4492686986923218,0.5,0.3518659472465515,0.6481340527534485,62.857421875,2187420,
-0.001992666395381093,0.009568440727889538,0.009568440727889538,0.009568440727889538,0.03873312845826149,-0.05144604668021202,0.7988152503967285,0.5,0.49114030599594116,0.5088596940040588,71.271484375,2480364,
-0.005751937627792358,0.010335824452340603,0.010335824452340603,0.010335824452340603,0.11180802434682846,-0.05144476518034935,0.8230599761009216,0.5,0.4904298186302185,0.5095701813697815,81.8818359375,2849774,
-0.0019351819064468145,-0.03355177491903305,-0.03355177491903305,-0.03355177491903305,0.009257040917873383,-0.20904973149299622,0.7767565846443176,0.5,0.5310664176940918,0.4689335525035858,72.8056640625,2533778,
-0.02958800457417965,-0.0179277453571558,-0.0179277453571558,-0.0179277453571558,0.19197410345077515,-0.15412497520446777,0.8420008420944214,0.5,0.5165997743606567,0.48340022563934326,80.1064453125,2787962,
-0.009533497504889965,0.010260611772537231,0.010260611772537231,0.010260611772537231,0.18532519042491913,-0.05144199728965759,0.846092700958252,0.5,0.4904993772506714,0.5095006227493286,80.4453125,2799760,
-0.04105806350708008,-0.06291324645280838,-0.06291324645280838,-0.06291324645280838,0.26609936356544495,-0.15429598093032837,0.8636798858642578,0.5,0.5582529902458191,0.4417470097541809,85.2421875,2966768,
-0.03315353766083717,-0.049915969371795654,-0.049915969371795654,-0.049915969371795654,0.07111850380897522,-0.4661731719970703,0.7427733540534973,0.5,0.5462185144424438,0.45378151535987854,78.4736328125,2731114,
0.011132839135825634,0.011958403512835503,0.011958403512835503,0.011958403512835503,-0.025164538994431496,-0.4424018859863281,0.7167977094650269,0.5,0.48892736434936523,0.5110726356506348,74.666015625,2598548,
-0.02868787571787834,0.0003341228002682328,0.0003341228002682328,0.0003341228002682328,0.09212759882211685,-0.3113928437232971,0.7887527942657471,0.5,0.49969059228897095,0.500309407711029,77.73828125,2705512,
-0.17623698711395264,-0.14059396088123322,-0.14059396088123322,-0.14059396088123322,0.41802915930747986,-0.4215901792049408,0.8525699973106384,0.5,0.6301795840263367,0.36982041597366333,93.2265625,3244752,
-0.16715842485427856,-0.1311313807964325,-0.1311313807964325,-0.1311313807964325,0.44952985644340515,-0.3718516528606415,0.8736615180969238,0.5,0.6214179396629333,0.37858206033706665,89.15234375,3102904,
-0.22710272669792175,-0.17657017707824707,-0.17657017707824707,-0.17657017707824707,0.4697186052799225,-0.48348677158355713,0.8420153260231018,0.5,0.663490891456604,0.336509108543396,96.001953125,3341380,
-0.2516564130783081,-0.2036309838294983,-0.2036309838294983,-0.2036309838294983,0.6311116814613342,-0.39875102043151855,0.8995891213417053,0.5,0.6885471940040588,0.31145280599594116,106.080078125,3692260,
-0.15476727485656738,-0.13501593470573425,-0.13501593470573425,-0.13501593470573425,0.4816020429134369,-0.321359246969223,0.8928351998329163,0.5,0.6250147819519043,0.3749852478504181,96.515625,3359264,
-0.2265276461839676,-0.2140490710735321,-0.2140490710735321,-0.2140490710735321,0.6632381677627563,-0.34154796600341797,0.9213476777076721,0.5,0.6981935501098633,0.30180642008781433,104.662109375,3642892,
-0.331296443939209,-0.2708719074726105,-0.2708719074726105,-0.2708719074726105,0.6532762050628662,-0.5071307420730591,0.8578920364379883,0.5,0.7508072853088379,0.24919268488883972,98.4423828125,3426346,
-0.42001044750213623,-0.3470914661884308,-0.3470914661884308,-0.3470914661884308,0.7288074493408203,-0.5762982368469238,0.8146364688873291,0.5,0.8213809728622437,0.17861902713775635,113.7294921875,3958582,
-0.28412193059921265,-0.21885564923286438,-0.21885564923286438,-0.21885564923286438,0.5230574011802673,-0.5431945323944092,0.8247635364532471,0.5,0.7026441097259521,0.29735589027404785,93.9638671875,3270422,
-0.31683069467544556,-0.2557656466960907,-0.2557656466960907,-0.2557656466960907,0.3450292944908142,-0.9182718396186829,0.30581000447273254,0.5,0.7368200421333313,0.2631799578666687,85.552734375,2977580,
-0.276335746049881,-0.20445594191551208,-0.20445594191551208,-0.20445594191551208,0.2953281104564667,-0.9356906414031982,0.27689892053604126,0.5,0.6893110275268555,0.31068894267082214,73.49609375,2557816,
-0.27609774470329285,-0.2251967340707779,-0.2251967340707779,-0.2251967340707779,0.3224937319755554,-0.8561336398124695,0.5133832097053528,0.5,0.708515465259552,0.291484534740448,75.263671875,2619356,
-0.08042340725660324,-0.04091842845082283,-0.04091842845082283,-0.04091842845082283,0.09191954880952835,-0.874932587146759,0.4674144983291626,0.5,0.537887454032898,0.46211254596710205,73.2080078125,2547786,
-0.10004738718271255,-0.059296999126672745,-0.059296999126672745,-0.059296999126672745,0.10821546614170074,-0.9245202541351318,0.37945082783699036,0.5,0.554904580116272,0.44509539008140564,72.123046875,2510012,
-0.02338050864636898,-0.020059239119291306,-0.020059239119291306,-0.020059239119291306,0.028305331245064735,-0.8260107636451721,0.5125861167907715,0.5,0.5185733437538147,0.4814266562461853,73.5908203125,2561114,
-0.10165373235940933,-0.10462512820959091,-0.10462512820959091,-0.10462512820959091,0.17330625653266907,-0.5865554809570312,0.7274984121322632,0.5,0.5968751311302185,0.4031248688697815,81.0615234375,2821214,
-0.17967262864112854,-0.17555049061775208,-0.17555049061775208,-0.17555049061775208,0.2859242558479309,-0.6283923983573914,0.7351033091545105,0.5,0.6625467538833618,0.3374532461166382,84.1474609375,2928654,
-0.1432669758796692,-0.08892898261547089,-0.08892898261547089,-0.08892898261547089,0.1867300271987915,-0.7672412395477295,0.6129029989242554,0.5,0.5823416709899902,0.41765832901000977,78.6015625,2735568,
-0.5227980017662048,-0.45265576243400574,-0.45265576243400574,-0.45265576243400574,0.726051926612854,-0.7200559377670288,-0.547717273235321,0.5,0.9191256761550903,0.08087430894374847,99.7978515625,3473538,
-0.5315390229225159,-0.39932048320770264,-0.39932048320770264,-0.39932048320770264,0.7706187963485718,-0.6897560954093933,-0.5751230120658875,0.5,0.8697412014007568,0.13025882840156555,102.1123046875,3554118,
-0.41012921929359436,-0.32129842042922974,-0.32129842042922974,-0.32129842042922974,0.5635638236999512,-0.7277422547340393,-0.6779219508171082,0.5,0.7974985241889954,0.20250147581100464,94.9013671875,3303062,
-0.43274441361427307,-0.32265716791152954,-0.32265716791152954,-0.32265716791152954,0.6524921655654907,-0.6632177829742432,-0.7413122653961182,0.5,0.7987565994262695,0.20124337077140808,103.2216796875,3592742,
-0.5357627868652344,-0.41292962431907654,-0.41292962431907654,-0.41292962431907654,0.8143056631088257,-0.6579381823539734,-0.6060782670974731,0.5,0.8823422193527222,0.11765777319669724,98.4775390625,3427570,
-0.4295457899570465,-0.3307105004787445,-0.3307105004787445,-0.3307105004787445,0.6902915835380554,-0.6222671866416931,-0.7782114744186401,0.5,0.80621337890625,0.1937865912914276,100.501953125,3498052,
-0.5099937319755554,-0.3852040767669678,-0.3852040767669678,-0.3852040767669678,0.6793075203895569,-0.7507553100585938,-0.513152003288269,0.5,0.8566704392433167,0.14332957565784454,92.28125,3211840,
-0.3919718563556671,-0.3328320384025574,-0.3328320384025574,-0.3328320384025574,0.5166856050491333,-0.7586274147033691,-0.643369734287262,0.5,0.8081778287887573,0.19182220101356506,94.5361328125,3290346,
-0.49372392892837524,-0.3924890458583832,-0.3924890458583832,-0.3924890458583832,0.6345946192741394,-0.7780146598815918,-0.4848572611808777,0.5,0.8634157776832581,0.13658423721790314,94.7509765625,3297826,
-0.17623698711395264,-0.14213436841964722,-0.14213436841964722,-0.14213436841964722,0.41802915930747986,-0.4215901792049408,-0.8525699973106384,0.5,0.631605863571167,0.3683941066265106,87.8857421875,3058806,
-0.22710272669792175,-0.17394588887691498,-0.17394588887691498,-0.17394588887691498,0.4697186052799225,-0.48348677158355713,-0.8420153260231018,0.5,0.6610610485076904,0.33893898129463196,93.689453125,3260868,
-0.16715842485427856,-0.18081745505332947,-0.18081745505332947,-0.18081745505332947,0.44952985644340515,-0.3718516528606415,-0.8736615180969238,0.5,0.6674236059188843,0.3325764238834381,93.0,3236864,
-0.40723589062690735,-0.34080955386161804,-0.34080955386161804,-0.34080955386161804,0.7668189406394958,-0.5310717821121216,-0.8457597494125366,0.5,0.8155643939971924,0.18443560600280762,109.0732421875,3796470,
-0.42001044750213623,-0.30596062541007996,-0.30596062541007996,-0.30596062541007996,0.7288074493408203,-0.5762982368469238,-0.8146364688873291,0.5,0.7832968831062317,0.2167031317949295,108.24609375,3767672,
-0.5206055045127869,-0.4110037386417389,-0.4110037386417389,-0.4110037386417389,0.9404930472373962,-0.5535452961921692,-0.7043588161468506,0.5,0.8805590271949768,0.11944099515676498,114.775390625,3994996,
-0.2516564130783081,-0.15296567976474762,-0.15296567976474762,-0.15296567976474762,0.6311116814613342,-0.39875102043151855,-0.8995891213417053,0.5,0.6416348814964294,0.35836511850357056,103.9189453125,3617018,
-0.2265276461839676,-0.18470850586891174,-0.18470850586891174,-0.18470850586891174,0.6632381677627563,-0.34154796600341797,-0.9213476777076721,0.5,0.671026349067688,0.3289736211299896,107.8447265625,3753698,
-0.15476727485656738,-0.13989469408988953,-0.13989469408988953,-0.13989469408988953,0.4816020429134369,-0.321359246969223,-0.8928351998329163,0.5,0.6295320987701416,0.370467871427536,96.564453125,3360964,
0.02474355697631836,0.055089764297008514,0.055089764297008514,0.055089764297008514,-0.03601912781596184,-0.6869560480117798,-0.6051955223083496,0.5,0.44899094104766846,0.5510090589523315,70.603515625,2457108,
0.025400925427675247,0.0466340109705925,0.0466340109705925,0.0466340109705925,-0.033127881586551666,-0.7667536735534668,-0.5483326315879822,0.5,0.45682036876678467,0.5431796312332153,72.572265625,2525652,
-0.042189598083496094,0.010364323854446411,0.010364323854446411,0.010364323854446411,0.06606905907392502,-0.6385681629180908,-0.6686325073242188,0.5,0.49040335416793823,0.5095966458320618,75.2197265625,2617826,
-0.0003827071632258594,0.00680164759978652,0.00680164759978652,0.00680164759978652,0.00040500229806639254,-0.9449505805969238,-0.31243884563446045,0.5,0.4937021732330322,0.5062978267669678,72.9208984375,2537790,
-0.034049566835165024,-0.02033141627907753,-0.02033141627907753,-0.02033141627907753,0.03432667255401611,-0.9919273853302002,-0.125436931848526,0.5,0.5188254117965698,0.4811745882034302,71.6435546875,2493318,
-0.10004738718271255,-0.0426083505153656,-0.0426083505153656,-0.0426083505153656,0.10821546614170074,-0.9245202541351318,-0.37945082783699036,0.5,0.5394521951675415,0.4605478346347809,69.775390625,2428276,
-0.21196669340133667,-0.15737882256507874,-0.15737882256507874,-0.15737882256507874,0.29575520753860474,-0.7166963815689087,-0.6778831481933594,0.5,0.6457211375236511,0.3542788624763489,84.9072265625,2955106,
-0.17967262864112854,-0.1400468349456787,-0.1400468349456787,-0.1400468349456787,0.2859242558479309,-0.6283923983573914,-0.7351033091545105,0.5,0.6296730041503906,0.3703269958496094,88.1337890625,3067442,
-0.1432669758796692,-0.12341462075710297,-0.12341462075710297,-0.12341462075710297,0.1867300271987915,-0.7672412395477295,-0.6129029989242554,0.5,0.6142728328704834,0.385727196931839,78.5869140625,2735058,
-0.052044130861759186,-0.03909076377749443,-0.03909076377749443,-0.03909076377749443,0.05213582515716553,-0.9982412457466125,0.0297998059540987,0.5,0.5361951589584351,0.46380487084388733,70.3232421875,2447350,
-0.034049566835165024,0.04120931029319763,0.04120931029319763,0.04120931029319763,0.03432667255401611,-0.9919273853302002,0.125436931848526,0.5,0.46184325218200684,0.5381567478179932,64.966796875,2260860,
-0.1480734497308731,-0.09027546644210815,-0.09027546644210815,-0.09027546644210815,0.1498112678527832,-0.9883999228477478,0.02978546731173992,0.5,0.5835883617401123,0.4164116084575653,73.6064453125,2561658,
-0.13588400185108185,-0.059559375047683716,-0.059559375047683716,-0.059559375047683716,0.1390724629163742,-0.9770733714103699,0.18537448346614838,0.5,0.5551475286483765,0.44485244154930115,69.0283203125,2402266,
-0.016647426411509514,0.0018322860123589635,0.0018322860123589635,0.0018322860123589635,0.017076585441827774,-0.9748685956001282,0.22053402662277222,0.5,0.4983034133911133,0.5016965866088867,67.033203125,2332804,
-0.11907565593719482,-0.09192430227994919,-0.09192430227994919,-0.09192430227994919,0.12430679053068161,-0.9579175710678101,0.28367674350738525,0.5,0.5851150751113892,0.41488489508628845,74.9208984375,2607422,
-0.24342216551303864,-0.19197878241539001,-0.19197878241539001,-0.19197878241539001,0.25208285450935364,-0.9656434655189514,0.08896367996931076,0.5,0.6777580976486206,0.322241872549057,69.865234375,2431404,
-0.32429763674736023,-0.23832280933856964,-0.23832280933856964,-0.23832280933856964,0.34615054726600647,-0.9368687272071838,0.08824558556079865,0.5,0.7206692695617676,0.2793307602405548,80.8935546875,2815366,
-0.28045326471328735,-0.19837568700313568,-0.19837568700313568,-0.19837568700313568,0.29342523217201233,-0.9557912349700928,0.02967933937907219,0.5,0.6836811900138855,0.3163188099861145,77.27734375,2689464,
-0.3585987687110901,-0.29238656163215637,-0.29238656163215637,-0.29238656163215637,0.4001462459564209,-0.8961692452430725,0.34106868505477905,0.5,0.7707282900810242,0.22927170991897583,77.578125,2699936,
-0.30103248357772827,-0.23499536514282227,-0.23499536514282227,-0.23499536514282227,0.3359327018260956,-0.8961095213890076,0.41131722927093506,0.5,0.7175883054733276,0.28241169452667236,85.720703125,2983428,
-0.3749310374259949,-0.27684852480888367,-0.27684852480888367,-0.27684852480888367,0.43935081362724304,-0.8533750772476196,0.4758204519748688,0.5,0.7563412189483643,0.24365878105163574,84.337890625,2935284,
-0.24366395175457,-0.1822851002216339,-0.1822851002216339,-0.1822851002216339,0.306513249874115,-0.7949540615081787,0.603875994682312,0.5,0.6687824726104736,0.331217497587204,80.4677734375,2800542,
-0.23441681265830994,-0.21372653543949127,-0.21372653543949127,-0.21372653543949127,0.2671186029911041,-0.8775757551193237,0.4778686761856079,0.5,0.6978949308395386,0.3021050691604614,82.2001953125,2860858,
-0.17934836447238922,-0.13333429396152496,-0.13333429396152496,-0.13333429396152496,0.24148984253406525,-0.7426745891571045,0.6461165547370911,0.5,0.623457670211792,0.376542329788208,75.1796875,2616432,
-0.29983916878700256,-0.2732710838317871,-0.2732710838317871,-0.2732710838317871,0.40521493554115295,-0.7399508953094482,0.671139657497406,0.5,0.7530287504196167,0.2469712346792221,87.0029296875,3028070,
-0.25926971435546875,-0.18636295199394226,-0.18636295199394226,-0.18636295199394226,0.3937778174877167,-0.6584162712097168,0.737522542476654,0.5,0.6725583076477051,0.3274417221546173,84.8720703125,2953882,
-0.41012921929359436,-0.30410143733024597,-0.30410143733024597,-0.30410143733024597,0.5635638236999512,-0.7277422547340393,0.6779219508171082,0.5,0.7815753817558289,0.21842460334300995,94.6650390625,3294834,
-0.39931607246398926,-0.30346688628196716,-0.30346688628196716,-0.30346688628196716,0.44846922159194946,-0.8903979659080505,0.20460273325443268,0.5,0.7809878587722778,0.21901215612888336,80.7197265625,2809314,
-0.4279063642024994,-0.3374946713447571,-0.3374946713447571,-0.3374946713447571,0.4924103617668152,-0.8690035939216614,0.20403063297271729,0.5,0.8124950528144836,0.18750494718551636,83.0625,2890880,
-0.3979005515575409,-0.3152920603752136,-0.3152920603752136,-0.3152920603752136,0.4456799328327179,-0.8927944302558899,0.1753770411014557,0.5,0.7919371128082275,0.20806291699409485,76.7646484375,2671614,
-0.4885960519313812,-0.40460261702537537,-0.40460261702537537,-0.40460261702537537,0.6168688535690308,-0.7920582294464111,0.2021775096654892,0.5,0.8746320009231567,0.12536796927452087,87.572265625,3047892,
-0.5043017864227295,-0.39758092164993286,-0.39758092164993286,-0.39758092164993286,0.6893157958984375,-0.7315976023674011,0.1725916862487793,0.5,0.8681304454803467,0.13186952471733093,94.7431640625,3297554,
-0.4852055311203003,-0.34856024384498596,-0.34856024384498596,-0.34856024384498596,0.6106923818588257,-0.7945170998573303,0.1448093205690384,0.5,0.8227409720420837,0.17725904285907745,84.599609375,2944396,
-0.4664018154144287,-0.3285406231880188,-0.3285406231880188,-0.3285406231880188,0.5647863745689392,-0.8258021473884583,0.08746953308582306,0.5,0.8042042851448059,0.19579572975635529,85.06640625,2960648,
-0.47958216071128845,-0.40531137585639954,-0.40531137585639954,-0.40531137585639954,0.5986350774765015,-0.8011260628700256,0.029150988906621933,0.5,0.8752883076667786,0.12471170723438263,86.2216796875,3000870,
-0.4460482597351074,-0.3328380584716797,-0.3328380584716797,-0.3328380584716797,0.5233508944511414,-0.8522928953170776,0.08756209164857864,0.5,0.8081833720207214,0.19181662797927856,85.953125,2991520,
0.0012818450341001153,0.023521222174167633,0.023521222174167633,0.023521222174167633,-0.016236603260040283,-0.07894785702228546,0.7786284685134888,0.5,0.47822105884552,0.52177894115448,71.7744140625,2497874,
-0.003050476312637329,0.016194375231862068,0.016194375231862068,0.016194375231862068,0.023404479026794434,-0.13033728301525116,0.7894467115402222,0.5,0.4850051999092102,0.5149948000907898,73.009765625,2540884,
0.018204668536782265,0.02324524335563183,0.02324524335563183,0.02324524335563183,-0.08743713051080704,-0.20820294320583344,0.7417162656784058,0.5,0.4784766435623169,0.5215233564376831,72.1328125,2510352,
0.0010423603234812617,0.010679963044822216,0.010679963044822216,0.010679963044822216,-0.0036281668581068516,-0.28729668259620667,0.7606184482574463,0.5,0.49011117219924927,0.5098888278007507,71.673828125,2494372,
-0.01156994141638279,-0.025427011772990227,-0.025427011772990227,-0.025427011772990227,0.0636884942650795,-0.18166454136371613,0.7985054850578308,0.5,0.5235434770584106,0.47645649313926697,72.98046875,2539864,
-0.012945170514285564,0.019916819408535957,0.019916819408535957,0.019916819408535957,0.03823813050985336,-0.3385408818721771,0.7653027772903442,0.5,0.48155850172042847,0.5184414982795715,75.7880859375,2637614,
0.040657080709934235,0.057771969586610794,0.057771969586610794,0.057771969586610794,-0.11152956634759903,-0.36454084515571594,0.7049188613891602,0.5,0.44650745391845703,0.553492546081543,69.123046875,2405564,
0.08516453951597214,0.09414232522249222,0.09414232522249222,0.09414232522249222,-0.1737043261528015,-0.4902845025062561,0.6435086131095886,0.5,0.41283118724823,0.58716881275177,65.4072265625,2276194,
0.052098359912633896,0.013239100575447083,0.013239100575447083,0.013239100575447083,-0.15472854673862457,-0.336708128452301,0.6940100789070129,0.5,0.4877415895462036,0.5122584104537964,68.3955078125,2380234,
0.023669391870498657,0.01068669743835926,0.01068669743835926,0.01068669743835926,-0.039976246654987335,-0.5920863747596741,0.6551758646965027,0.5,0.49010491371154785,0.5098950862884521,73.0537109375,2542414,
0.017367864027619362,0.04325501620769501,0.04325501620769501,0.04325501620769501,-0.03351609781384468,-0.5181946754455566,0.6884411573410034,0.5,0.4599490761756897,0.5400509238243103,70.5908203125,2456666,
-0.009610999375581741,0.02958976849913597,0.02958976849913597,0.02958976849913597,0.014490311034023762,-0.6632707715034485,0.637529730796814,0.5,0.47260206937789917,0.5273979306221008,76.75390625,2671240,
-0.05466914921998978,-0.013094167225062847,-0.013094167225062847,-0.013094167225062847,0.12438898533582687,-0.4395015239715576,0.7681296467781067,0.5,0.512124240398407,0.487875759601593,78.962890625,2748148,
-0.03151526674628258,0.008355791680514812,0.008355791680514812,0.008355791680514812,0.08094534277915955,-0.3893401026725769,0.7678815126419067,0.5,0.49226313829421997,0.50773686170578,83.05859375,2890744,
-0.06304674595594406,-0.038273900747299194,-0.038273900747299194,-0.038273900747299194,0.18838109076023102,-0.3346766233444214,0.81416255235672,0.5,0.5354387760162354,0.46456122398376465,78.4189453125,2729210,
-0.07218898832798004,-0.034375742077827454,-0.034375742077827454,-0.034375742077827454,0.11767623573541641,-0.613454282283783,0.6979666352272034,0.5,0.5318293571472168,0.4681706130504608,75.5478515625,2629250,
-0.12114723771810532,-0.06216708570718765,-0.06216708570718765,-0.06216708570718765,0.17800875008106232,-0.6805689930915833,0.6769609451293945,0.5,0.5575621128082275,0.44243788719177246,80.494140625,2801460,
-0.05264716222882271,-0.025662563741207123,-0.025662563741207123,-0.025662563741207123,0.0721263661980629,-0.729929506778717,0.6126115918159485,0.5,0.5237616300582886,0.4762383997440338,70.8544921875,2465846,
0.09494844079017639,0.10095351189374924,0.10095351189374924,0.10095351189374924,-0.13985902070999146,-0.6788867712020874,0.5691860914230347,0.5,0.40652453899383545,0.5934754610061646,67.20703125,2338856,
0.1467241495847702,0.15157653391361237,0.15157653391361237,0.15157653391361237,-0.180601105093956,-0.8124210834503174,0.4440966248512268,0.5,0.3596513867378235,0.6403486132621765,70.9931640625,2470674,
0.1212451308965683,0.15307864546775818,0.15307864546775818,0.15307864546775818,-0.18544639647006989,-0.6538015007972717,0.5643940567970276,0.5,0.3582605719566345,0.6417394280433655,62.8037109375,2185550,
0.23188090324401855,0.2102479785680771,0.2102479785680771,0.2102479785680771,-0.25846269726753235,-0.8971542119979858,0.2834295332431793,0.5,0.3053259253501892,0.6946740746498108,65.0693359375,2264430,
0.18979816138744354,0.14826680719852448,0.14826680719852448,0.14826680719852448,-0.20757052302360535,-0.9143791794776917,0.28420108556747437,0.5,0.3627159595489502,0.6372840404510498,66.220703125,2304516,
0.2679375410079956,0.2597258388996124,0.2597258388996124,0.2597258388996124,-0.28963369131088257,-0.925091028213501,0.1931649148464203,0.5,0.25951308012008667,0.7404869198799133,71.7646484375,2497534,
0.21258120238780975,0.16866013407707214,0.16866013407707214,0.16866013407707214,-0.276950865983963,-0.7675772905349731,0.4375356435775757,0.5,0.3438332676887512,0.6561667323112488,62.1708984375,2163518,
0.2419702410697937,0.19373129308223724,0.19373129308223724,0.19373129308223724,-0.32653114199638367,-0.7410326600074768,0.4325241446495056,0.5,0.3206191658973694,0.6793808341026306,62.6640625,2180688,
0.14498156309127808,0.14990007877349854,0.14990007877349854,0.14990007877349854,-0.2309683859348297,-0.6277117133140564,0.5582103729248047,0.5,0.3612036108970642,0.6387963891029358,65.498046875,2279356,
-0.5284068584442139,-0.40969178080558777,-0.40969178080558777,-0.40969178080558777,0.7978644371032715,-0.6622765064239502,0.4261051118373871,0.5,0.8793442249298096,0.12065577507019043,99.7021484375,3470206,
-0.522314190864563,-0.44687992334365845,-0.44687992334365845,-0.44687992334365845,0.8330878615379333,-0.6269617080688477,0.4227461814880371,0.5,0.9137777090072632,0.08622231334447861,103.6748046875,3608518,
-0.5252645015716553,-0.387869656085968,-0.387869656085968,-0.387869656085968,0.7933143377304077,-0.6621139645576477,0.39758169651031494,0.5,0.859138548374176,0.14086143672466278,94.6357421875,3293814,
-0.4855800271034241,-0.4014572501182556,-0.4014572501182556,-0.4014572501182556,0.8838781714439392,-0.5493744015693665,0.36094990372657776,0.5,0.8717196583747864,0.12828034162521362,105.3408203125,3666522,
-0.5107802748680115,-0.4117222726345062,-0.4117222726345062,-0.4117222726345062,0.8661943078041077,-0.5896832346916199,0.41981959342956543,0.5,0.8812243342399597,0.11877568811178207,107.53125,3742784,
-0.46346336603164673,-0.40217822790145874,-0.40217822790145874,-0.40217822790145874,0.9117504954338074,-0.5083225965499878,0.3593877851963043,0.5,0.8723872303962708,0.12761276960372925,104.1259765625,3624226,
-0.4989396035671234,-0.38383999466896057,-0.38383999466896057,-0.38383999466896057,0.8483036160469055,-0.5881615877151489,0.3349074721336365,0.5,0.8554073572158813,0.14459261298179626,104.3056640625,3630482,
-0.49521902203559875,-0.3691214621067047,-0.3691214621067047,-0.3691214621067047,0.84297776222229,-0.587463915348053,0.3068612515926361,0.5,0.8417791128158569,0.15822088718414307,99.0771484375,3448446,
-0.5220120549201965,-0.4053267538547516,-0.4053267538547516,-0.4053267538547516,0.7886775732040405,-0.6618826985359192,0.36912238597869873,0.5,0.8753025531768799,0.12469746172428131,104.740234375,3645612,
-0.3413504362106323,-0.27594059705734253,-0.27594059705734253,-0.27594059705734253,1.0178266763687134,-0.33537188172340393,0.4145493805408478,0.5,0.7555005550384521,0.24449945986270905,110.744140625,3854644,
-0.29925087094306946,-0.22416606545448303,-0.22416606545448303,-0.22416606545448303,1.0354584455490112,-0.28900325298309326,0.41652554273605347,0.5,0.7075611352920532,0.2924388349056244,115.25,4011520,
-0.3330525755882263,-0.27962788939476013,-0.27962788939476013,-0.27962788939476013,1.0008703470230103,-0.3327629566192627,0.35895803570747375,0.5,0.7589147090911865,0.24108529090881348,107.193359375,3731020,
-0.152470201253891,-0.1570683717727661,-0.1570683717727661,-0.1570683717727661,1.0452252626419067,-0.1458730548620224,0.34184956550598145,0.5,0.6454336643218994,0.3545663356781006,111.09375,3866816,
-0.15385755896568298,-0.06896428018808365,-0.06896428018808365,-0.06896428018808365,1.0545787811279297,-0.14589479565620422,0.37051695585250854,0.5,0.563855767250061,0.4361442029476166,112.1259765625,3902754,
-0.10168416798114777,-0.0752340778708458,-0.0752340778708458,-0.0752340778708458,1.0442496538162231,-0.09737534075975418,0.3181629180908203,0.5,0.5696612000465393,0.4303387999534607,110.2978515625,3839106,
-0.23824581503868103,-0.18237660825252533,-0.18237660825252533,-0.18237660825252533,1.0013381242752075,-0.23792743682861328,0.2511979341506958,0.5,0.6688672304153442,0.33113276958465576,98.84375,3440320,
-0.2807125449180603,-0.23243814706802368,-0.23243814706802368,-0.23243814706802368,0.9878067374229431,-0.28417760133743286,0.2487032413482666,0.5,0.7152205109596252,0.28477948904037476,107.86328125,3754344,
-0.24317993223667145,-0.23485106229782104,-0.23485106229782104,-0.23485106229782104,1.0152771472930908,-0.23952074348926544,0.30682969093322754,0.5,0.7174546718597412,0.2825453281402588,111.7392578125,3889290,
-0.3534919321537018,-0.2875412404537201,-0.2875412404537201,-0.2875412404537201,0.943532407283783,-0.3746473789215088,0.1896580457687378,0.5,0.7662419080734253,0.2337581217288971,103.5322265625,3603554,
-0.3144495189189911,-0.2690308690071106,-0.2690308690071106,-0.2690308690071106,0.952439546585083,-0.33015167713165283,0.13492271304130554,0.5,0.7491026520729065,0.2508973479270935,105.8671875,3684848,
-0.38739725947380066,-0.279716432094574,-0.279716432094574,-0.279716432094574,0.9238332509994507,-0.4193367660045624,0.19004635512828827,0.5,0.7589966654777527,0.24100331962108612,98.0126953125,3411386,
-0.3142482042312622,-0.1870238482952118,-0.1870238482952118,-0.1870238482952118,0.9463638067245483,-0.33205854892730713,0.08137217164039612,0.5,0.6731702089309692,0.32682979106903076,109.7587890625,3820338,
-0.27461594343185425,-0.22904223203659058,-0.22904223203659058,-0.22904223203659058,0.9614554643630981,-0.28562524914741516,0.08077079057693481,0.5,0.7120761275291443,0.2879238724708557,109.0341796875,3795110,
-0.31481197476387024,-0.21753813326358795,-0.21753813326358795,-0.21753813326358795,0.944153904914856,-0.3334329128265381,0.054233044385910034,0.5,0.7014241814613342,0.29857581853866577,100.9150390625,3512434,
-0.3849881887435913,-0.3246324956417084,-0.3246324956417084,-0.3246324956417084,0.9155737161636353,-0.42048847675323486,0.1362541764974594,0.5,0.8005856275558472,0.19941437244415283,101.208984375,3522668,
-0.4148193299770355,-0.28988751769065857,-0.28988751769065857,-0.28988751769065857,0.8939913511276245,-0.4640082120895386,0.1374216377735138,0.5,0.7684143781661987,0.23158563673496246,95.302734375,3317036,
-0.4175989329814911,-0.3279777467250824,-0.3279777467250824,-0.3279777467250824,0.9020161628723145,-0.46296170353889465,0.1908770650625229,0.5,0.8036831021308899,0.1963169127702713,99.3310546875,3457286,
0.0,0.007714434992522001,0.007714434992522001,0.007714434992522001,1.1453921794891357,0.0,0.9842883348464966,0.5,0.4928569793701172,0.5071430206298828,148.4755859375,5168302,
-0.07247431576251984,0.003331804880872369,0.003331804880872369,0.003331804880872369,1.143873691558838,-0.06335867196321487,0.9815413355827332,0.5,0.4969150424003601,0.5030849575996399,142.2861328125,4952810,
0.14854922890663147,0.1359122395515442,0.1359122395515442,0.1359122395515442,1.1606767177581787,0.12798501551151276,0.9647572040557861,0.5,0.37415534257888794,0.6258446574211121,153.5146484375,5343742,
-0.06103666126728058,-0.051789455115795135,-0.051789455115795135,-0.051789455115795135,0.9809620380401611,-0.0622212253510952,0.9979504942893982,0.5,0.5479532480239868,0.45204678177833557,129.0771484375,4492926,
-0.14854922890663147,-0.12673424184322357,-0.12673424184322357,-0.12673424184322357,1.1606767177581787,-0.12798501551151276,0.9647572040557861,0.5,0.6173465251922607,0.38265347480773926,148.90625,5183296,
-0.1153855100274086,-0.09540871530771255,-0.09540871530771255,-0.09540871530771255,0.959956705570221,-0.12019865959882736,0.9924357533454895,0.5,0.5883413553237915,0.4116586148738861,130.4677734375,4541342,
0.22174088656902313,0.21150270104408264,0.21150270104408264,0.21150270104408264,0.9188156127929688,0.24133339524269104,0.9701828360557556,0.5,0.30416417121887207,0.6958358287811279,126.1416015625,4390722,
0.35755908489227295,0.37218883633613586,0.37218883633613586,0.37218883633613586,1.118782639503479,0.3195965588092804,0.8884243369102478,0.5,0.15538066625595093,0.8446193337440491,138.6416015625,4825922,
0.1153855100274086,0.1678391844034195,0.1678391844034195,0.1678391844034195,0.959956705570221,0.12019865959882736,0.9924357533454895,0.5,0.344593346118927,0.655406653881073,131.1025390625,4563442,
-0.03756209835410118,-0.03545710816979408,-0.03545710816979408,-0.03545710816979408,0.6486058235168457,-0.057912059128284454,0.9601752758026123,0.5,0.5328307151794434,0.46716931462287903,108.701171875,3783516,
-0.042025428265333176,-0.05982746556401253,-0.05982746556401253,-0.05982746556401253,0.7258644700050354,-0.05789707228541374,0.9734052419662476,0.5,0.5553958415985107,0.44460418820381165,117.1201171875,4076630,
-0.06719213724136353,-0.03217105567455292,-0.03217105567455292,-0.03217105567455292,0.6143584251403809,-0.10936960577964783,0.9508377909660339,0.5,0.5297880172729492,0.4702119827270508,112.751953125,3924548,
-0.22174088656902313,-0.2022370994091034,-0.2022370994091034,-0.2022370994091034,0.9188156127929688,-0.24133339524269104,0.9701828360557556,0.5,0.6872565746307373,0.3127434253692627,132.74609375,4620664,
-0.17297808825969696,-0.1782539337873459,-0.1782539337873459,-0.1782539337873459,0.9391969442367554,-0.18417659401893616,0.9825440049171448,0.5,0.6650499105453491,0.3349500596523285,126.640625,4408096,
-0.30658191442489624,-0.28161120414733887,-0.28161120414733887,-0.28161120414733887,0.9908434748649597,-0.3094150722026825,0.9460943341255188,0.5,0.7607511281967163,0.23924890160560608,137.4423828125,4784170,
-0.1636248379945755,-0.110219806432724,-0.110219806432724,-0.110219806432724,0.728431224822998,-0.2246263474225998,0.9564554691314697,0.5,0.6020553708076477,0.3979446291923523,115.013671875,4003292,
-0.1971459984779358,-0.15825119614601135,-0.15825119614601135,-0.15825119614601135,0.6957709789276123,-0.2833489775657654,0.9403221607208252,0.5,0.6465288400650024,0.35347113013267517,109.150390625,3799156,
-0.09339862316846848,-0.08004288375377655,-0.08004288375377655,-0.08004288375377655,0.580461859703064,-0.16090397536754608,0.9395416975021362,0.5,0.5741137862205505,0.42588621377944946,97.4306640625,3391122,
0.17623698711395264,0.15636980533599854,0.15636980533599854,0.15636980533599854,0.41802915930747986,0.4215901792049408,0.8525699973106384,0.5,0.3552131652832031,0.6447868347167969,91.513671875,3185116,
0.22710272669792175,0.17385144531726837,0.17385144531726837,0.17385144531726837,0.4697186052799225,0.48348677158355713,0.8420153260231018,0.5,0.33902645111083984,0.6609735488891602,88.466796875,3079036,
0.15476727485656738,0.11270249634981155,0.11270249634981155,0.11270249634981155,0.4816020429134369,0.321359246969223,0.8928351998329163,0.5,0.3956458568572998,0.6043541431427002,92.6845703125,3225882,
0.40723589062690735,0.340169757604599,0.340169757604599,0.340169757604599,0.7668189406394958,0.5310717821121216,0.8457597494125366,0.5,0.18502801656723022,0.8149719834327698,116.1279296875,4042086,
0.42001044750213623,0.38287898898124695,0.38287898898124695,0.38287898898124695,0.7288074493408203,0.5762982368469238,0.8146364688873291,0.5,0.14548248052597046,0.8545175194740295,110.505859375,3846348,
0.47142478823661804,0.4221493899822235,0.4221493899822235,0.4221493899822235,0.8742574453353882,0.5392287969589233,0.8159424066543579,0.5,0.10912096500396729,0.8908790349960327,116.888671875,4068572,
0.1636248379945755,0.15161491930484772,0.15161491930484772,0.15161491930484772,0.728431224822998,0.2246263474225998,0.9564554691314697,0.5,0.35961586236953735,0.6403841376304626,111.1484375,3868720,
0.1122380942106247,0.09251673519611359,0.09251673519611359,0.09251673519611359,0.671085000038147,0.1672486960887909,0.9556883573532104,0.5,0.4143363833427429,0.5856636166572571,108.9501953125,3792186,
0.2265276461839676,0.21210625767707825,0.21210625767707825,0.21210625767707825,0.6632381677627563,0.34154796600341797,0.9213476777076721,0.5,0.303605318069458,0.696394681930542,106.60546875,3710552,
0.002950007328763604,-0.014809704385697842,-0.014809704385697842,-0.014809704385697842,-0.0582541786134243,-0.05064027011394501,0.7644695043563843,0.5,0.5137127041816711,0.48628729581832886,76.55859375,2664440,
0.023373056203126907,0.016938483342528343,0.016938483342528343,0.016938483342528343,-0.12986725568771362,-0.17997652292251587,0.7286569476127625,0.5,0.4843161702156067,0.5156838297843933,72.0234375,2506544,
0.006713699083775282,0.005015856586396694,0.005015856586396694,0.005015856586396694,-0.13260583579540253,-0.050628986209630966,0.736305832862854,0.5,0.49535566568374634,0.5046443343162537,64.275390625,2236788,
0.06734542548656464,0.044330161064863205,0.044330161064863205,0.044330161064863205,-0.2401191145181656,-0.2804667353630066,0.6692747473716736,0.5,0.4589535593986511,0.5410464406013489,71.0322265625,2472034,
0.06100493669509888,0.09289497137069702,0.09289497137069702,0.09289497137069702,-0.19766655564308167,-0.3086254894733429,0.6821056008338928,0.5,0.4139861464500427,0.5860138535499573,67.9189453125,2363642,
0.09684360027313232,0.10003600269556046,0.10003600269556046,0.10003600269556046,-0.29341191053390503,-0.330060213804245,0.6358322501182556,0.5,0.4073740839958191,0.5926259160041809,70.384765625,2449492,
0.037187810987234116,0.022254422307014465,0.022254422307014465,0.022254422307014465,-0.24533073604106903,-0.15158236026763916,0.684160053730011,0.5,0.4793940782546997,0.5206059217453003,62.5107421875,2175350,
0.04829150810837746,0.015770619735121727,0.015770619735121727,0.015770619735121727,-0.318369597196579,-0.15168379247188568,0.6517332196235657,0.5,0.4853975772857666,0.5146024227142334,70.859375,2466016,
0.010444809682667255,0.01932227425277233,0.01932227425277233,0.01932227425277233,-0.20643766224384308,-0.050595466047525406,0.706633448600769,0.5,0.482109010219574,0.517890989780426,68.6025390625,2387442,
0.2203700691461563,0.17641916871070862,0.17641916871070862,0.17641916871070862,-0.4517156481742859,-0.4878512918949127,0.5080609917640686,0.5,0.3366488814353943,0.6633511185646057,60.373046875,2100924,
0.21135005354881287,0.2026497721672058,0.2026497721672058,0.2026497721672058,-0.40953898429870605,-0.5160682201385498,0.5203895568847656,0.5,0.31236129999160767,0.6876387000083923,62.443359375,2173004,
0.2691707909107208,0.21634408831596375,0.21634408831596375,0.21634408831596375,-0.5002027750015259,-0.538123369216919,0.45646560192108154,0.5,0.2996814250946045,0.7003185749053955,58.6806640625,2042002,
0.28926119208335876,0.2480461150407791,0.2480461150407791,0.2480461150407791,-0.42321494221687317,-0.6834853291511536,0.41832277178764343,0.5,0.27032768726348877,0.7296723127365112,63.166015625,2198164,
0.19937047362327576,0.16610339283943176,0.16610339283943176,0.16610339283943176,-0.3663718104362488,-0.5441752672195435,0.5316458940505981,0.5,0.34620052576065063,0.6537994742393494,62.2734375,2167088,
0.2677578330039978,0.2794376015663147,0.2794376015663147,0.2794376015663147,-0.3756187856197357,-0.7128446102142334,0.42601218819618225,0.5,0.24126148223876953,0.7587385177612305,65.451171875,2277724,
0.3551563322544098,0.36611899733543396,0.36611899733543396,0.36611899733543396,-0.5076601505279541,-0.6995946764945984,0.34423235058784485,0.5,0.16100096702575684,0.8389990329742432,68.107421875,2370204,
0.4027770459651947,0.3583119809627533,0.3583119809627533,0.3583119809627533,-0.5428186058998108,-0.7420104146003723,0.26784178614616394,0.5,0.16822969913482666,0.8317703008651733,67.9453125,2364560,
0.3197968006134033,0.27028051018714905,0.27028051018714905,0.27028051018714905,-0.545547366142273,-0.5861943960189819,0.3992624878883362,0.5,0.24974024295806885,0.7502597570419312,65.4052734375,2276126,
0.1602323055267334,0.11962936818599701,0.11962936818599701,0.11962936818599701,-0.45787230134010315,-0.34994977712631226,0.5488691329956055,0.5,0.3892320394515991,0.6107679605484009,65.3837890625,2275378,
0.19154249131679535,0.20304124057292938,0.20304124057292938,0.20304124057292938,-0.5367339253425598,-0.3568667471408844,0.501433253288269,0.5,0.3119988441467285,0.6880011558532715,61.7685546875,2149510,
0.12258684635162354,0.11741465330123901,0.11741465330123901,0.11741465330123901,-0.406858891248703,-0.30130064487457275,0.5870017409324646,0.5,0.39128273725509644,0.6087172627449036,66.146484375,2301932,
0.14803391695022583,0.13402606546878815,0.13402606546878815,0.13402606546878815,-0.5753454566001892,-0.257295697927475,0.5009809732437134,0.5,0.37590181827545166,0.6240981817245483,64.0556640625,2229138,
0.2223106026649475,0.164910688996315,0.164910688996315,0.164910688996315,-0.6134969592094421,-0.362366259098053,0.45014336705207825,0.5,0.34730494022369385,0.6526950597763062,62.17578125,2163688,
0.16916590929031372,0.1434338539838791,0.1434338539838791,0.1434338539838791,-0.653192937374115,-0.2589830756187439,0.4492686986923218,0.5,0.3671908378601074,0.6328091621398926,58.2294921875,2026294,
0.06979262083768845,0.06299719214439392,0.06299719214439392,0.06299719214439392,-0.46186724305152893,-0.1511096954345703,0.5811719298362732,0.5,0.4416692852973938,0.5583307147026062,62.1728515625,2163586,
0.021388979628682137,0.000823186244815588,0.000823186244815588,0.000823186244815588,-0.42389535903930664,-0.0504581592977047,0.607380747795105,0.5,0.4992377758026123,0.5007622241973877,58.1064453125,2022010,
0.05918477848172188,0.04136726260185242,0.04136726260185242,0.04136726260185242,-0.390642374753952,-0.15150628983974457,0.6174474358558655,0.5,0.461696982383728,0.538303017616272,65.7861328125,2289386,
-0.0012818450341001153,0.014030542224645615,0.014030542224645615,0.014030542224645615,-0.016236603260040283,0.07894785702228546,0.7786284685134888,0.5,0.48700881004333496,0.512991189956665,80.5048828125,2801834,
-0.009512454271316528,0.0032334057614207268,0.0032334057614207268,0.0032334057614207268,-0.07344638556241989,0.1295156180858612,0.7547523975372314,0.5,0.49700605869293213,0.5029939413070679,69.1826171875,2407638,
0.003050476312637329,0.04319730028510094,0.04319730028510094,0.04319730028510094,0.023404479026794434,0.13033728301525116,0.7894467115402222,0.5,0.4600025415420532,0.5399974584579468,74.7666015625,2602050,
-0.02869090810418129,-0.08323416113853455,-0.08323416113853455,-0.08323416113853455,-0.10017812997102737,0.28639891743659973,0.725220799446106,0.5,0.5770686864852905,0.42293134331703186,67.87890625,2362248,
-0.023373056203126907,-0.0009678381029516459,-0.0009678381029516459,-0.0009678381029516459,-0.12986725568771362,0.17997652292251587,0.7286569476127625,0.5,0.500896155834198,0.499103844165802,74.076171875,2578012,
-0.052098359912633896,-0.06035955250263214,-0.06035955250263214,-0.06035955250263214,-0.15472854673862457,0.336708128452301,0.6940100789070129,0.5,0.5558884143829346,0.44411155581474304,72.7919921875,2533302,
-0.0010423603234812617,0.036709994077682495,0.036709994077682495,0.036709994077682495,-0.0036281668581068516,0.28729668259620667,0.7606184482574463,0.5,0.46600931882858276,0.5339906811714172,76.9482421875,2678006,
0.012945170514285564,0.01670491136610508,0.01670491136610508,0.01670491136610508,0.03823813050985336,0.3385408818721771,0.7653027772903442,0.5,0.4845324754714966,0.5154675245285034,74.412109375,2589708,
0.01156994141638279,-0.013580920174717903,-0.013580920174717903,-0.013580920174717903,0.0636884942650795,0.18166454136371613,0.7985054850578308,0.5,0.5125749111175537,0.4874250888824463,74.529296875,2593788,
-0.2203700691461563,-0.21285857260227203,-0.21285857260227203,-0.21285857260227203,-0.4517156481742859,0.4878512918949127,0.5080609917640686,0.5,0.6970912218093872,0.3029087483882904,65.7177734375,2287006,
-0.2691707909107208,-0.225710928440094,-0.225710928440094,-0.225710928440094,-0.5002027750015259,0.538123369216919,0.45646560192108154,0.5,0.7089915871620178,0.2910084128379822,64.4208984375,2241854,
-0.19937047362327576,-0.1924758106470108,-0.1924758106470108,-0.1924758106470108,-0.3663718104362488,0.5441752672195435,0.5316458940505981,0.5,0.6782183647155762,0.3217816650867462,64.8125,2255488,
-0.38767966628074646,-0.3385918140411377,-0.3385918140411377,-0.3385918140411377,-0.5009389519691467,0.7739059925079346,0.26903092861175537,0.5,0.8135108947753906,0.186489075422287,67.873046875,2362044,
-0.4027770459651947,-0.36395302414894104,-0.36395302414894104,-0.36395302414894104,-0.5428186058998108,0.7420104146003723,0.26784178614616394,0.5,0.8369935154914856,0.1630064696073532,64.423828125,2241956,
-0.4047830402851105,-0.33260783553123474,-0.33260783553123474,-0.33260783553123474,-0.48561006784439087,0.8335556983947754,0.18596649169921875,0.5,0.8079702258110046,0.19202978909015656,70.109375,2439904,
-0.21258120238780975,-0.23625200986862183,-0.23625200986862183,-0.23625200986862183,-0.276950865983963,0.7675772905349731,0.4375356435775757,0.5,0.718751847743988,0.28124815225601196,66.8369140625,2325970,
-0.1660138964653015,-0.1500573754310608,-0.1500573754310608,-0.1500573754310608,-0.23283132910728455,0.7130221724510193,0.5042828917503357,0.5,0.6389420032501221,0.36105799674987793,66.5078125,2314512,
-0.2677578330039978,-0.21575656533241272,-0.21575656533241272,-0.21575656533241272,-0.3756187856197357,0.7128446102142334,0.42601218819618225,0.5,0.6997746229171753,0.3002254068851471,67.798828125,2359460,
-0.02474355697631836,-0.05659126490354538,-0.05659126490354538,-0.05659126490354538,-0.03601912781596184,0.6869560480117798,0.6051955223083496,0.5,0.5523993372917175,0.44760066270828247,67.2841796875,2341542,
0.02338050864636898,-0.004648076836019754,-0.004648076836019754,-0.004648076836019754,0.028305331245064735,0.8260107636451721,0.5125861167907715,0.5,0.5043038129806519,0.49569621682167053,73.541015625,2559380,
0.009610999375581741,0.020621394738554955,0.020621394738554955,0.020621394738554955,0.014490311034023762,0.6632707715034485,0.637529730796814,0.5,0.48090606927871704,0.519093930721283,76.6376953125,2667194,
0.1477200984954834,0.10417478531599045,0.10417478531599045,0.10417478531599045,0.16204869747161865,0.9115784764289856,0.41106778383255005,0.5,0.4035418629646301,0.5964581370353699,79.23828125,2757736,
0.10004738718271255,0.11375429481267929,0.11375429481267929,0.11375429481267929,0.10821546614170074,0.9245202541351318,0.37945082783699036,0.5,0.3946719765663147,0.6053280234336853,71.2197265625,2478562,
0.2140273004770279,0.1642521619796753,0.1642521619796753,0.1642521619796753,0.22971253097057343,0.9317179918289185,0.3461598753929138,0.5,0.3479146957397461,0.6520853042602539,81.19140625,2825736,
0.10483698546886444,0.08761125057935715,0.08761125057935715,0.08761125057935715,0.1326667219400406,0.7902281880378723,0.5785461664199829,0.5,0.4188784956932068,0.5811215043067932,77.0009765625,2679842,
0.1432669758796692,0.1036466434597969,0.1036466434597969,0.1036466434597969,0.1867300271987915,0.7672412395477295,0.6129029989242554,0.5,0.4040309190750122,0.5959690809249878,79.951171875,2782556,
0.042189598083496094,0.008714757859706879,0.008714757859706879,0.008714757859706879,0.06606905907392502,0.6385681629180908,0.6686325073242188,0.5,0.4919307827949524,0.5080692172050476,76.03515625,2646216,
0.07388363033533096,0.03051925264298916,0.03051925264298916,0.03051925264298916,1.2357674837112427,0.059787649661302567,0.9159721732139587,0.5,0.4717414379119873,0.5282585620880127,150.80859375,5249528,
0.07247431576251984,0.03449954837560654,0.03449954837560654,0.03449954837560654,1.143873691558838,0.06335867196321487,0.9815413355827332,0.5,0.4680560231208801,0.5319439768791199,145.8466796875,5076774,
0.07347841560840607,0.062236908823251724,0.062236908823251724,0.062236908823251724,1.2457098960876465,0.05898517370223999,0.8798784017562866,0.5,0.44237321615219116,0.5576267838478088,149.4052734375,5200670,
0.22350208461284637,0.19243736565113068,0.19243736565113068,0.19243736565113068,1.1572322845458984,0.19313502311706543,0.9448522329330444,0.5,0.3218172788619995,0.6781827211380005,146.9677734375,5115806,
0.06587901711463928,0.08673450350761414,0.08673450350761414,0.08673450350761414,1.0616278648376465,0.06205471605062485,0.9955838918685913,0.5,0.4196903109550476,0.5803096890449524,145.609375,5068512,
0.19486184418201447,0.17332303524017334,0.17332303524017334,0.17332303524017334,1.0388740301132202,0.1875702291727066,0.9789433479309082,0.5,0.33951568603515625,0.6604843139648438,138.90625,4835136,
0.20403388142585754,0.13952292501926422,0.13952292501926422,0.13952292501926422,1.2172257900238037,0.16762204468250275,0.805504322052002,0.5,0.3708121180534363,0.6291878819465637,147.015625,5117472,
0.06964567303657532,0.010937511920928955,0.010937511920928955,0.010937511920928955,1.2309849262237549,0.05657719448208809,0.7779659628868103,0.5,0.48987269401550293,0.5101273059844971,145.5458984375,5066302,
0.07381580024957657,0.11137115955352783,0.11137115955352783,0.11137115955352783,1.2454619407653809,0.059267811477184296,0.8446534872055054,0.5,0.39687854051589966,0.6031214594841003,149.4287109375,5201486,
0.4483199119567871,0.35115236043930054,0.35115236043930054,0.35115236043930054,1.055911898612976,0.42458078265190125,0.8206505179405212,0.5,0.1748589277267456,0.8251410722732544,129.306640625,4500916,
0.4088970720767975,0.28923460841178894,0.28923460841178894,0.28923460841178894,1.0864217281341553,0.37637048959732056,0.8570225238800049,0.5,0.23219019174575806,0.7678098082542419,139.169921875,4844316,
0.40446004271507263,0.3482188582420349,0.3482188582420349,0.3482188582420349,0.9358277916908264,0.43219494819641113,0.8903542757034302,0.5,0.17757517099380493,0.8224248290061951,124.109375,4319968,
0.14537343382835388,0.10333471745252609,0.10333471745252609,0.10333471745252609,0.8402163982391357,0.17301903665065765,0.9780258536338806,0.5,0.404319703578949,0.595680296421051,118.8115234375,4135518,
0.17297808825969696,0.15111596882343292,0.15111596882343292,0.15111596882343292,0.9391969442367554,0.18417659401893616,0.9825440049171448,0.5,0.36007779836654663,0.6399222016334534,130.0712890625,4527538,
0.046516478061676025,0.03552580252289772,0.03552580252289772,0.03552580252289772,0.8036673069000244,0.05788026750087738,0.9844982028007507,0.5,0.4671057462692261,0.5328942537307739,126.1162109375,4389838,
0.22734226286411285,0.13326185941696167,0.13326185941696167,0.13326185941696167,0.7873082160949707,0.28875890374183655,0.9503629803657532,0.5,0.3766093850135803,0.6233906149864197,117.7841796875,4099750,
0.1971459984779358,0.13275079429149628,0.13275079429149628,0.13275079429149628,0.6957709789276123,0.2833489775657654,0.9403221607208252,0.5,0.37708258628845215,0.6229174137115479,108.517578125,3777124,
0.35448920726776123,0.2881683111190796,0.2881683111190796,0.2881683111190796,0.8311986327171326,0.4264795482158661,0.9043999910354614,0.5,0.23317748308181763,0.7668225169181824,118.5107421875,4125046,
0.39244651794433594,0.3107575476169586,0.3107575476169586,0.3107575476169586,1.1029847860336304,0.35580411553382874,0.6782999634742737,0.5,0.21226149797439575,0.7877385020256042,120.9794921875,4210998,
0.29425084590911865,0.2196381688117981,0.2196381688117981,0.2196381688117981,1.1362491846084595,0.2589668333530426,0.648210883140564,0.5,0.2966313362121582,0.7033686637878418,125.9990234375,4385758,
0.35372233390808105,0.2967953085899353,0.2967953085899353,0.2967953085899353,1.1353853940963745,0.31154385209083557,0.7091472148895264,0.5,0.22518956661224365,0.7748104333877563,131.0986328125,4563306,
0.18334583938121796,0.11056837439537048,0.11056837439537048,0.11056837439537048,1.166643500328064,0.15715669095516205,0.6514973044395447,0.5,0.39762192964553833,0.6023780703544617,127.3203125,4431760,
0.18129926919937134,0.16166219115257263,0.16166219115257263,0.16166219115257263,1.1548142433166504,0.1569943130016327,0.6238775253295898,0.5,0.35031282901763916,0.6496871709823608,125.0908203125,4354138,
0.06175805255770683,0.03332815691828728,0.03332815691828728,0.03332815691828728,1.1727957725524902,0.05265882983803749,0.6324355602264404,0.5,0.46914058923721313,0.5308594107627869,134.3759765625,4677410,
0.20332486927509308,0.16105861961841583,0.16105861961841583,0.16105861961841583,1.2095903158187866,0.1680939942598343,0.7741737365722656,0.5,0.3508716821670532,0.6491283178329468,139.291015625,4848532,
0.130940243601799,0.1307726353406906,0.1307726353406906,0.1307726353406906,1.2012393474578857,0.10900428891181946,0.7135833501815796,0.5,0.3789142370223999,0.6210857629776001,143.7431640625,5003538,
0.06903410702943802,0.027623971924185753,0.027623971924185753,0.027623971924185753,1.2206212282180786,0.05655653774738312,0.7475414872169495,0.5,0.47442227602005005,0.52557772397995,138.7509765625,4829730,
0.5227980017662048,0.3906964361667633,0.3906964361667633,0.3906964361667633,0.726051926612854,0.7200559377670288,0.547717273235321,0.5,0.13824403285980225,0.8617559671401978,96.3408203125,3353178,
0.5315390229225159,0.4404374957084656,0.4404374957084656,0.4404374957084656,0.7706187963485718,0.6897560954093933,0.5751230120658875,0.5,0.09218752384185791,0.9078124761581421,104.162109375,3625484,
0.41012921929359436,0.3204154074192047,0.3204154074192047,0.3204154074192047,0.5635638236999512,0.7277422547340393,0.6779219508171082,0.5,0.20331907272338867,0.7966809272766113,98.052734375,3412780,
0.43274441361427307,0.3234761655330658,0.3234761655330658,0.3234761655330658,0.6524921655654907,0.6632177829742432,0.7413122653961182,0.5,0.20048505067825317,0.7995149493217468,102.6962890625,3574450,
0.5357627868652344,0.4547105133533478,0.4547105133533478,0.4547105133533478,0.8143056631088257,0.6579381823539734,0.6060782670974731,0.5,0.0789717435836792,0.9210282564163208,111.5205078125,3881674,
0.4295457899570465,0.3396995961666107,0.3396995961666107,0.3396995961666107,0.6902915835380554,0.6222671866416931,0.7782114744186401,0.5,0.18546336889266968,0.8145366311073303,105.2158203125,3662170,
0.5099937319755554,0.42917776107788086,0.42917776107788086,0.42917776107788086,0.6793075203895569,0.7507553100585938,0.513152003288269,0.5,0.10261321067810059,0.8973867893218994,98.48828125,3427944,
0.3919718563556671,0.2945547103881836,0.2945547103881836,0.2945547103881836,0.5166856050491333,0.7586274147033691,0.643369734287262,0.5,0.2272641658782959,0.7727358341217041,96.1611328125,3346922,
0.49372392892837524,0.35389870405197144,0.35389870405197144,0.35389870405197144,0.6345946192741394,0.7780146598815918,0.4848572611808777,0.5,0.17231601476669312,0.8276839852333069,92.6845703125,3225882,
0.12842416763305664,0.11015202105045319,0.11015202105045319,0.11015202105045319,0.3597939908504486,0.35693806409835815,0.8562586903572083,0.5,0.3980073928833008,0.6019926071166992,83.4873046875,2905670,
0.16715842485427856,0.16701248288154602,0.16701248288154602,0.16701248288154602,0.44952985644340515,0.3718516528606415,0.8736615180969238,0.5,0.34535878896713257,0.6546412110328674,90.2255859375,3140270,
0.08954117447137833,0.09942477941513062,0.09942477941513062,0.09942477941513062,0.34931519627571106,0.25633347034454346,0.8735482096672058,0.5,0.4079400300979614,0.5920599699020386,87.23828125,3036264,
0.1391860395669937,0.11315373331308365,0.11315373331308365,0.11315373331308365,0.514069676399231,0.27075326442718506,0.9099924564361572,0.5,0.3952280282974243,0.6047719717025757,95.326171875,3317852,
0.20833958685398102,0.1669657826423645,0.1669657826423645,0.1669657826423645,0.5400263667106628,0.3857952058315277,0.8883221745491028,0.5,0.3454020619392395,0.6545979380607605,91.0888671875,3170326,
0.16759079694747925,0.1241314709186554,0.1241314709186554,0.1241314709186554,0.6045033931732178,0.2772371470928192,0.9265975952148438,0.5,0.38506340980529785,0.6149365901947021,100.2861328125,3490538,
0.06404593586921692,0.07543149590492249,0.07543149590492249,0.07543149590492249,0.4154523015022278,0.1541595458984375,0.903264582157135,0.5,0.43015599250793457,0.5698440074920654,90.8798828125,3163050,
0.04621254280209541,0.041973140090703964,0.041973140090703964,0.041973140090703964,0.4490615129470825,0.1029091626405716,0.9154653549194336,0.5,0.46113598346710205,0.538864016532898,90.81640625,3160840,
0.05256085470318794,0.08523576706647873,0.08523576706647873,0.08523576706647873,0.3406294286251068,0.1543050855398178,0.8841219544410706,0.5,0.4210779666900635,0.5789220333099365,91.2021484375,3174270,
0.16826149821281433,0.09937185049057007,0.09937185049057007,0.09937185049057007,0.3323737382888794,0.5062418580055237,0.8034955859184265,0.5,0.4079890251159668,0.5920109748840332,80.9140625,2816080,
0.14887340366840363,0.053239841014146805,0.053239841014146805,0.053239841014146805,0.2791166305541992,0.5333734750747681,0.7794914245605469,0.5,0.45070385932922363,0.5492961406707764,80.7353515625,2809858,
0.2181330770254135,0.12766943871974945,0.12766943871974945,0.12766943871974945,0.3850010335445404,0.5665779113769531,0.78902268409729,0.5,0.3817875385284424,0.6182124614715576,96.2578125,3350288,
0.21196669340133667,0.20792049169540405,0.20792049169540405,0.20792049169540405,0.29575520753860474,0.7166963815689087,0.6778831481933594,0.5,0.307481050491333,0.692518949508667,85.0234375,2959152,
0.12652793526649475,0.07969283312559128,0.07969283312559128,0.07969283312559128,0.22581550478935242,0.5603155493736267,0.754034161567688,0.5,0.42621034383773804,0.573789656162262,77.8154296875,2708198,
0.17934836447238922,0.08860952407121658,0.08860952407121658,0.08860952407121658,0.24148984253406525,0.7426745891571045,0.6461165547370911,0.5,0.41795414686203003,0.58204585313797,82.4892578125,2870922,
0.3450336456298828,0.26025062799453735,0.26025062799453735,0.26025062799453735,0.42517000436782837,0.8115192651748657,0.5769990086555481,0.5,0.2590271830558777,0.7409728169441223,87.240234375,3036332,
0.42323780059814453,0.32088741660118103,0.32088741660118103,0.32088741660118103,0.4962712526321411,0.8528355956077576,0.3984377086162567,0.5,0.2028820514678955,0.7971179485321045,89.919921875,3129628,
0.473716676235199,0.32677891850471497,0.32677891850471497,0.32677891850471497,0.589106023311615,0.8041280508041382,0.45669668912887573,0.5,0.1974269151687622,0.8025730848312378,89.7294921875,3122998,
0.5284068584442139,0.38957104086875916,0.38957104086875916,0.38957104086875916,0.7978644371032715,0.6622765064239502,0.4261051118373871,0.5,0.1392861008644104,0.8607138991355896,99.7578125,3472144,
0.5252645015716553,0.42428505420684814,0.42428505420684814,0.42428505420684814,0.7933143377304077,0.6621139645576477,0.39758169651031494,0.5,0.10714346170425415,0.8928565382957458,97.9326171875,3408598,
0.522314190864563,0.4357440769672394,0.4357440769672394,0.4357440769672394,0.8330878615379333,0.6269617080688477,0.4227461814880371,0.5,0.09653323888778687,0.9034667611122131,106.3974609375,3703310,
0.4989396035671234,0.3873867690563202,0.3873867690563202,0.3873867690563202,0.8483036160469055,0.5881615877151489,0.3349074721336365,0.5,0.14130860567092896,0.858691394329071,103.8857421875,3615862,
0.5220120549201965,0.4456663429737091,0.4456663429737091,0.4456663429737091,0.7886775732040405,0.6618826985359192,0.36912238597869873,0.5,0.08734595775604248,0.9126540422439575,96.322265625,3352532,
0.49521902203559875,0.372919499874115,0.372919499874115,0.372919499874115,0.84297776222229,0.587463915348053,0.3068612515926361,0.5,0.15470415353775024,0.8452958464622498,97.330078125,3387620,
0.4855800271034241,0.35680386424064636,0.35680386424064636,0.35680386424064636,0.8838781714439392,0.5493744015693665,0.36094990372657776,0.5,0.1696261167526245,0.8303738832473755,106.185546875,3695932,
0.46346336603164673,0.38926857709884644,0.38926857709884644,0.38926857709884644,0.9117504954338074,0.5083225965499878,0.3593877851963043,0.5,0.13956612348556519,0.8604338765144348,102.09375,3553472,
0.5107802748680115,0.40984153747558594,0.40984153747558594,0.40984153747558594,0.8661943078041077,0.5896832346916199,0.41981959342956543,0.5,0.12051713466644287,0.8794828653335571,108.2490234375,3767774,
0.504684329032898,0.3998120129108429,0.3998120129108429,0.3998120129108429,0.7623798251152039,0.6619853973388672,0.20032158493995667,0.5,0.12980365753173828,0.8701963424682617,98.322265625,3422164,
0.502583920955658,0.3954746127128601,0.3954746127128601,0.3954746127128601,0.7585194110870361,0.662585437297821,0.17168420553207397,0.5,0.1338198184967041,0.8661801815032959,87.4150390625,3042418,
0.4834384322166443,0.3951258957386017,0.3951258957386017,0.3951258957386017,0.8241989612579346,0.5865554809570312,0.1956346482038498,0.5,0.1341426968574524,0.8658573031425476,101.4248046875,3530182,
0.460835337638855,0.38111546635627747,0.38111546635627747,0.38111546635627747,0.8382152318954468,0.5497816205024719,0.08526287227869034,0.5,0.1471152901649475,0.8528847098350525,98.1494140625,3416146,
0.4779711067676544,0.38981255888938904,0.38981255888938904,0.38981255888938904,0.8102178573608398,0.5899291038513184,0.08537700027227402,0.5,0.13906246423721313,0.8609375357627869,97.859375,3406048,
0.4393123984336853,0.34518831968307495,0.34518831968307495,0.34518831968307495,0.8615856766700745,0.509888231754303,0.05671682581305504,0.5,0.180381178855896,0.819618821144104,98.66015625,3433928,
0.3849881887435913,0.2893804609775543,0.2893804609775543,0.2893804609775543,0.9155737161636353,0.42048847675323486,0.1362541764974594,0.5,0.23205512762069702,0.767944872379303,99.4970703125,3463066,
0.385988712310791,0.3501971662044525,0.3501971662044525,0.3501971662044525,0.919463038444519,0.41979795694351196,0.16323037445545197,0.5,0.17574340105056763,0.8242565989494324,101.81640625,3543816,
0.44072088599205017,0.358011394739151,0.358011394739151,0.358011394739151,0.8703346252441406,0.5063809752464294,0.13883048295974731,0.5,0.16850793361663818,0.8314920663833618,97.3203125,3387280,
0.05036144703626633,0.000760755967348814,0.000760755967348814,0.000760755967348814,1.0333961248397827,0.048733923584222794,0.2656075358390808,0.5,0.49929559230804443,0.5007044076919556,106.607421875,3710620,
0.05075643211603165,0.07074354588985443,0.07074354588985443,0.07074354588985443,1.0412967205047607,0.048743486404418945,0.2950659692287445,0.5,0.4344967007637024,0.5655032992362976,107.1875,3730816,
0.14721448719501495,0.11443978548049927,0.11443978548049927,0.11443978548049927,1.0217427015304565,0.14408175647258759,0.2573392987251282,0.5,0.39403724670410156,0.6059627532958984,102.2138671875,3557654,
0.152470201253891,0.1366666853427887,0.1366666853427887,0.1366666853427887,1.0452252626419067,0.1458730548620224,0.34184956550598145,0.5,0.37345677614212036,0.6265432238578796,115.6435546875,4025222,
0.051203902810811996,0.0039013505447655916,0.0039013505447655916,0.0039013505447655916,1.0498461723327637,0.048772767186164856,0.3242332339286804,0.5,0.4963876008987427,0.5036123991012573,111.2109375,3870896,
0.15385755896568298,0.12576071918010712,0.12576071918010712,0.12576071918010712,1.0545787811279297,0.14589479565620422,0.37051695585250854,0.5,0.3835548758506775,0.6164451241493225,108.1953125,3765904,
0.3260584771633148,0.24734501540660858,0.24734501540660858,0.24734501540660858,0.9856095314025879,0.33081912994384766,0.30327174067497253,0.5,0.27097684144973755,0.7290231585502625,103.1904296875,3591654,
0.2807125449180603,0.2313273847103119,0.2313273847103119,0.2313273847103119,0.9878067374229431,0.28417760133743286,0.2487032413482666,0.5,0.2858080267906189,0.7141919732093811,111.6943359375,3887726,
0.24317993223667145,0.16669732332229614,0.16669732332229614,0.16669732332229614,1.0152771472930908,0.23952074348926544,0.30682969093322754,0.5,0.3456506133079529,0.6543493866920471,108.2294921875,3767094,
-0.0490085706114769,-0.06347693502902985,-0.06347693502902985,-0.06347693502902985,-0.049067676067352295,0.9987954497337341,0.0,0.5,0.5587749481201172,0.4412250816822052,65.87109375,2292344,
-0.06674394756555557,-0.047387462109327316,-0.047387462109327316,-0.047387462109327316,-0.0672491267323494,0.992487907409668,0.09556901454925537,0.5,0.5438772439956665,0.4561227262020111,68.9677734375,2400158,
-0.06674394756555557,-0.09218741953372955,-0.09218741953372955,-0.09218741953372955,-0.0672491267323494,0.992487907409668,-0.09556901454925537,0.5,0.585358738899231,0.41464129090309143,64.2841796875,2237094,
-0.16295306384563446,-0.16641442477703094,-0.16641442477703094,-0.16641442477703094,-0.1663142889738083,0.9797899127006531,0.09594148397445679,0.5,0.6540874242782593,0.3459125757217407,66.12890625,2301320,
-0.08344388008117676,-0.1279837042093277,-0.1279837042093277,-0.1279837042093277,-0.0856621190905571,0.9741047620773315,0.1904097944498062,0.5,0.6185034513473511,0.3814965784549713,71.1796875,2477168,
-0.18032871186733246,-0.15183809399604797,-0.15183809399604797,-0.15183809399604797,-0.18880733847618103,0.9550938010215759,0.19200778007507324,0.5,0.6405907869338989,0.3594091832637787,65.48828125,2279016,
-0.16295306384563446,-0.15682195127010345,-0.15682195127010345,-0.15682195127010345,-0.1663142889738083,0.9797899127006531,-0.09594148397445679,0.5,0.6452054977416992,0.3547944724559784,66.865234375,2326956,
-0.18032871186733246,-0.14959579706192017,-0.14959579706192017,-0.14959579706192017,-0.18880733847618103,0.9550938010215759,-0.19200778007507324,0.5,0.6385146379470825,0.36148539185523987,66.28125,2306624,
-0.08344388008117676,-0.11500135064125061,-0.11500135064125061,-0.11500135064125061,-0.0856621190905571,0.9741047620773315,-0.1904097944498062,0.5,0.606482744216919,0.39351728558540344,68.3349609375,2378126,
-0.33482328057289124,-0.22274665534496307,-0.22274665534496307,-0.22274665534496307,-0.36277517676353455,0.9229498505592346,0.0976875051856041,0.5,0.7062469124794006,0.29375308752059937,70.05078125,2437864,
-0.2975524961948395,-0.28882840275764465,-0.28882840275764465,-0.28882840275764465,-0.3164420425891876,0.9403064250946045,0.09773339331150055,0.5,0.7674337029457092,0.23256629705429077,61.615234375,2144172,
-0.34500768780708313,-0.2758900821208954,-0.2758900821208954,-0.2758900821208954,-0.3900650143623352,0.8844876289367676,0.18995033204555511,0.5,0.7554537653923035,0.24454623460769653,64.296875,2237536,
-0.1890956163406372,-0.14404337108135223,-0.14404337108135223,-0.14404337108135223,-0.2202318161725998,0.8586207628250122,0.3686783015727997,0.5,0.633373498916626,0.366626501083374,65.0087890625,2262322,
-0.18979816138744354,-0.1753433793783188,-0.1753433793783188,-0.1753433793783188,-0.20757052302360535,0.9143791794776917,0.28420108556747437,0.5,0.6623549461364746,0.337645024061203,68.478515625,2383124,
-0.1467241495847702,-0.11097180098295212,-0.11097180098295212,-0.11097180098295212,-0.180601105093956,0.8124210834503174,0.4440966248512268,0.5,0.6027516722679138,0.3972483277320862,63.7158203125,2217306,
-0.26101040840148926,-0.21532964706420898,-0.21532964706420898,-0.21532964706420898,-0.32046329975128174,0.8144782781600952,0.3632473349571228,0.5,0.6993793249130249,0.3006207048892975,71.201171875,2477916,
-0.2419702410697937,-0.214532732963562,-0.214532732963562,-0.214532732963562,-0.32653114199638367,0.7410326600074768,0.4325241446495056,0.5,0.6986414194107056,0.30135858058929443,65.70703125,2286632,
-0.3394959568977356,-0.31301048398017883,-0.31301048398017883,-0.31301048398017883,-0.4093376696109772,0.8293787240982056,0.276212602853775,0.5,0.7898244857788086,0.21017548441886902,65.796875,2289760,
-0.1692119538784027,-0.185055673122406,-0.185055673122406,-0.185055673122406,-0.3958664536476135,0.4274470806121826,-0.5601277947425842,0.5,0.6713478565216064,0.32865217328071594,63.1044921875,2196022,
-0.1309826672077179,-0.122490294277668,-0.122490294277668,-0.122490294277668,-0.3454626798629761,0.3791514039039612,-0.5995042324066162,0.5,0.6134169101715088,0.3865830600261688,64.935546875,2259772,
-0.2521442472934723,-0.213869109749794,-0.213869109749794,-0.213869109749794,-0.418832927942276,0.602016270160675,-0.47344455122947693,0.5,0.6980268955230713,0.3019730746746063,64.064453125,2229444,
-0.04265949875116348,-0.026791825890541077,-0.026791825890541077,-0.026791825890541077,-0.18530872464179993,0.23020772635936737,-0.7002923488616943,0.5,0.5248072147369385,0.47519275546073914,68.2041015625,2373570,
-0.009512454271316528,-0.04155459627509117,-0.04155459627509117,-0.04155459627509117,-0.07344638556241989,0.1295156180858612,-0.7547523975372314,0.5,0.5384764671325684,0.46152353286743164,71.1201171875,2475094,
-0.08050844818353653,-0.09597920626401901,-0.09597920626401901,-0.09597920626401901,-0.20834754407405853,0.38641420006752014,-0.6601375937461853,0.5,0.5888696312904358,0.4111303687095642,67.0859375,2334640,
-0.26101040840148926,-0.2340218722820282,-0.2340218722820282,-0.2340218722820282,-0.32046329975128174,0.8144782781600952,-0.3632473349571228,0.5,0.7166869044303894,0.2833130955696106,63.763671875,2218972,
-0.3394959568977356,-0.275262713432312,-0.275262713432312,-0.275262713432312,-0.4093376696109772,0.8293787240982056,-0.276212602853775,0.5,0.7548728585243225,0.2451271265745163,63.255859375,2201292,
-0.21558521687984467,-0.1896904557943344,-0.1896904557943344,-0.1896904557943344,-0.3272024989128113,0.658873975276947,-0.49188438057899475,0.5,0.6756393313407898,0.3243606686592102,67.0302734375,2332702,
-0.48987889289855957,-0.43807515501976013,-0.43807515501976013,-0.43807515501976013,-0.7039834260940552,0.6958670616149902,0.09137874096632004,0.5,0.9056251049041748,0.0943748727440834,61.59765625,2143560,
-0.48790544271469116,-0.4049939215183258,-0.4049939215183258,-0.4049939215183258,-0.667201817035675,0.7312711477279663,0.09258556365966797,0.5,0.8749943375587463,0.12500564754009247,65.9111328125,2293738,
-0.4562950134277344,-0.36493980884552,-0.36493980884552,-0.36493980884552,-0.7205427885055542,0.6332656741142273,0.17961350083351135,0.5,0.8379071950912476,0.16209279000759125,57.4521484375,1999230,
-0.42018017172813416,-0.35778549313545227,-0.35778549313545227,-0.35778549313545227,-0.6242173910140991,0.6731311678886414,0.26055052876472473,0.5,0.8312828540802002,0.1687171459197998,64.3017578125,2237706,
-0.4813477694988251,-0.42880478501319885,-0.42880478501319885,-0.42880478501319885,-0.630029022693634,0.7640088796615601,0.09236475825309753,0.5,0.8970414400100708,0.102958545088768,62.49609375,2174840,
-0.4139321744441986,-0.3783772587776184,-0.3783772587776184,-0.3783772587776184,-0.5848117470741272,0.7078041434288025,0.26476725935935974,0.5,0.8503493070602417,0.1496506929397583,59.6923828125,2077226,
-0.3607684373855591,-0.30107608437538147,-0.30107608437538147,-0.30107608437538147,-0.6536885499954224,0.5518965125083923,0.33296579122543335,0.5,0.7787741422653198,0.22122585773468018,58.0263671875,2019222,
-0.29510077834129333,-0.2544458508491516,-0.2544458508491516,-0.2544458508491516,-0.6398395299911499,0.46121060848236084,0.39395278692245483,0.5,0.7355979681015015,0.26440200209617615,61.8505859375,2152366,
-0.4003380239009857,-0.36919885873794556,-0.36919885873794556,-0.36919885873794556,-0.7221614718437195,0.5543608069419861,0.2610124349594116,0.5,0.841850757598877,0.15814921259880066,65.1064453125,2265722,
-0.1692119538784027,-0.16870206594467163,-0.16870206594467163,-0.16870206594467163,-0.3958664536476135,0.4274470806121826,0.5601277947425842,0.5,0.6562056541442871,0.3437943756580353,67.087890625,2334708,
-0.21135005354881287,-0.18380551040172577,-0.18380551040172577,-0.18380551040172577,-0.40953898429870605,0.5160682201385498,0.5203895568847656,0.5,0.6701903343200684,0.32980969548225403,62.5185546875,2175622,
-0.1309826672077179,-0.12356866151094437,-0.12356866151094437,-0.12356866151094437,-0.3454626798629761,0.3791514039039612,0.5995042324066162,0.5,0.6144154071807861,0.38558459281921387,62.19140625,2164232,
-0.18463771045207977,-0.1567644327878952,-0.1567644327878952,-0.1567644327878952,-0.32304200530052185,0.5715594291687012,0.5416306257247925,0.5,0.6451522707939148,0.3548477292060852,68.595703125,2387204,
-0.2521442472934723,-0.1935328245162964,-0.1935328245162964,-0.1935328245162964,-0.418832927942276,0.602016270160675,0.47344455122947693,0.5,0.6791970729827881,0.3208029568195343,66.041015625,2298260,
-0.21558521687984467,-0.17576299607753754,-0.17576299607753754,-0.17576299607753754,-0.3272024989128113,0.658873975276947,0.49188438057899475,0.5,0.6627435088157654,0.3372564911842346,60.5126953125,2105786,
-0.11351310461759567,-0.06112467870116234,-0.06112467870116234,-0.06112467870116234,-0.2607363760471344,0.4353558421134949,0.6234573125839233,0.5,0.5565969347953796,0.44340306520462036,63.3291015625,2203842,
-0.08050844818353653,-0.04263290762901306,-0.04263290762901306,-0.04263290762901306,-0.20834754407405853,0.38641420006752014,0.6601375937461853,0.5,0.5394749045372009,0.4605250954627991,66.869140625,2327092,
-0.09684360027313232,-0.04176371917128563,-0.04176371917128563,-0.04176371917128563,-0.29341191053390503,0.330060213804245,0.6358322501182556,0.5,0.5386701226234436,0.4613298773765564,69.2802734375,2411038,
-0.1602323055267334,-0.1301000416278839,-0.1301000416278839,-0.1301000416278839,-0.45787230134010315,0.34994977712631226,0.5488691329956055,0.5,0.6204630136489868,0.37953701615333557,64.3984375,2241072,
-0.12258684635162354,-0.1142716258764267,-0.1142716258764267,-0.1142716258764267,-0.406858891248703,0.30130064487457275,0.5870017409324646,0.5,0.6058070659637451,0.3941929340362549,66.615234375,2318252,
-0.19154249131679535,-0.184034526348114,-0.184034526348114,-0.184034526348114,-0.5367339253425598,0.3568667471408844,0.501433253288269,0.5,0.6704022884368896,0.32959768176078796,61.208984375,2130028,
-0.08958849310874939,-0.09398651868104935,-0.09398651868104935,-0.09398651868104935,-0.44421064853668213,0.20168019831180573,0.5845409631729126,0.5,0.5870245695114136,0.4129754602909088,63.29296875,2202584,
-0.08924342691898346,-0.09286878257989883,-0.09286878257989883,-0.09286878257989883,-0.35429203510284424,0.2518922686576843,0.6221050024032593,0.5,0.5859895944595337,0.4140104055404663,67.3134765625,2342562,
-0.05918477848172188,-0.03360532224178314,-0.03360532224178314,-0.03360532224178314,-0.390642374753952,0.15150628983974457,0.6174474358558655,0.5,0.5311160087585449,0.4688839614391327,66.5263671875,2315158,
-0.14803391695022583,-0.09356754273176193,-0.09356754273176193,-0.09356754273176193,-0.5753454566001892,0.257295697927475,0.5009809732437134,0.5,0.5866366028785706,0.41336339712142944,64.8310546875,2256134,
-0.16916590929031372,-0.15964335203170776,-0.15964335203170776,-0.15964335203170776,-0.653192937374115,0.2589830756187439,0.4492686986923218,0.5,0.6478179097175598,0.3521820902824402,58.6796875,2041968,
-0.2223106026649475,-0.175085186958313,-0.175085186958313,-0.175085186958313,-0.6134969592094421,0.362366259098053,0.45014336705207825,0.5,0.6621159315109253,0.3378840982913971,67.0419921875,2333110,
0.001992666395381093,0.030812375247478485,0.030812375247478485,0.030812375247478485,0.03873312845826149,0.05144604668021202,-0.7988152503967285,0.5,0.4714699983596802,0.5285300016403198,79.2763671875,2759062,
0.005751937627792358,0.00646000262349844,0.00646000262349844,0.00646000262349844,0.11180802434682846,0.05144476518034935,-0.8230599761009216,0.5,0.4940184950828552,0.5059815049171448,77.91015625,2711496,
0.01156994141638279,9.596766903996468e-05,9.596766903996468e-05,9.596766903996468e-05,0.0636884942650795,0.18166454136371613,-0.7985054850578308,0.5,0.4999111294746399,0.5000888705253601,68.1162109375,2370510,
0.02958800457417965,0.014644555747509003,0.014644555747509003,0.014644555747509003,0.19197410345077515,0.15412497520446777,-0.8420008420944214,0.5,0.4864402413368225,0.5135597586631775,81.6328125,2841104,
0.009533497504889965,-0.015389560721814632,-0.015389560721814632,-0.015389560721814632,0.18532519042491913,0.05144199728965759,-0.846092700958252,0.5,0.5142495632171631,0.4857504069805145,88.7451171875,3088726,
0.04105806350708008,0.036533813923597336,0.036533813923597336,0.036533813923597336,0.26609936356544495,0.15429598093032837,-0.8636798858642578,0.5,0.46617239713668823,0.5338276028633118,84.2138671875,2930966,
0.0415680967271328,0.03665320947766304,0.03665320947766304,0.03665320947766304,0.146319180727005,0.28409191966056824,-0.8110118508338928,0.5,0.4660618305206299,0.5339381694793701,78.9306640625,2747026,
0.07323122024536133,0.11761046946048737,0.11761046946048737,0.11761046946048737,0.17757976055145264,0.412384957075119,-0.792152464389801,0.5,0.3911014199256897,0.6088985800743103,81.447265625,2834644,
0.02868787571787834,0.01944999024271965,0.01944999024271965,0.01944999024271965,0.09212759882211685,0.3113928437232971,-0.7887527942657471,0.5,0.4819907546043396,0.5180092453956604,78.9638671875,2748182,
0.12842416763305664,0.05134300887584686,0.05134300887584686,0.05134300887584686,0.3597939908504486,0.35693806409835815,-0.8562586903572083,0.5,0.4524601697921753,0.5475398302078247,83.64453125,2911144,
0.09726861864328384,0.10774318873882294,0.10774318873882294,0.10774318873882294,0.31691503524780273,0.3069233298301697,-0.8560494184494019,0.5,0.4002377986907959,0.5997622013092041,92.4912109375,3219150,
0.16715842485427856,0.12503112852573395,0.12503112852573395,0.12503112852573395,0.44952985644340515,0.3718516528606415,-0.8736615180969238,0.5,0.38423043489456177,0.6157695651054382,105.16796875,3660504,
0.06404593586921692,0.03408336266875267,0.03408336266875267,0.03408336266875267,0.4154523015022278,0.1541595458984375,-0.903264582157135,0.5,0.46844130754470825,0.5315586924552917,100.556640625,3499956,
0.05256085470318794,0.00432959757745266,0.00432959757745266,0.00432959757745266,0.3406294286251068,0.1543050855398178,-0.8841219544410706,0.5,0.4959911108016968,0.5040088891983032,93.62109375,3258488,
0.02100488357245922,0.014594361186027527,0.014594361186027527,0.014594361186027527,0.4081685245037079,0.05146130174398422,-0.9078755378723145,0.5,0.48648667335510254,0.5135133266448975,93.533203125,3255428,
0.1391860395669937,0.0836867243051529,0.0836867243051529,0.0836867243051529,0.514069676399231,0.27075326442718506,-0.9099924564361572,0.5,0.4225122928619385,0.5774877071380615,105.001953125,3654724,
0.16759079694747925,0.11962015926837921,0.11962015926837921,0.11962015926837921,0.6045033931732178,0.2772371470928192,-0.9265975952148438,0.5,0.3892406225204468,0.6107593774795532,104.0517578125,3621642,
0.20833958685398102,0.13237857818603516,0.13237857818603516,0.13237857818603516,0.5400263667106628,0.3857952058315277,-0.8883221745491028,0.5,0.37742722034454346,0.6225727796554565,101.1630859375,3521070,
0.16826149821281433,0.16747243702411652,0.16747243702411652,0.16747243702411652,0.3323737382888794,0.5062418580055237,-0.8034955859184265,0.5,0.3449329733848572,0.6550670266151428,80.0546875,2786160,
0.2181330770254135,0.18143810331821442,0.18143810331821442,0.18143810331821442,0.3850010335445404,0.5665779113769531,-0.78902268409729,0.5,0.33200180530548096,0.667998194694519,88.1669921875,3068598,
0.14887340366840363,0.1099715605378151,0.1099715605378151,0.1099715605378151,0.2791166305541992,0.5333734750747681,-0.7794914245605469,0.5,0.3981744647026062,0.6018255352973938,87.4794921875,3044662,
0.29983916878700256,0.2471320778131485,0.2471320778131485,0.2471320778131485,0.40521493554115295,0.7399508953094482,-0.671139657497406,0.5,0.27117401361465454,0.7288259863853455,92.3740234375,3215070,
0.2739051282405853,0.22541262209415436,0.22541262209415436,0.22541262209415436,0.4390273094177246,0.6238908767700195,-0.7670964598655701,0.5,0.29128462076187134,0.7087153792381287,89.3818359375,3110894,
0.41012921929359436,0.3221468925476074,0.3221468925476074,0.3221468925476074,0.5635638236999512,0.7277422547340393,-0.6779219508171082,0.5,0.20171582698822021,0.7982841730117798,97.7685546875,3402886,
0.21196669340133667,0.1749182790517807,0.1749182790517807,0.1749182790517807,0.29575520753860474,0.7166963815689087,-0.6778831481933594,0.5,0.3380386233329773,0.6619613766670227,85.62890625,2980232,
0.17934836447238922,0.11759679019451141,0.11759679019451141,0.11759679019451141,0.24148984253406525,0.7426745891571045,-0.6461165547370911,0.5,0.3911140561103821,0.6088859438896179,76.677734375,2668588,
0.12652793526649475,0.1233469545841217,0.1233469545841217,0.1233469545841217,0.22581550478935242,0.5603155493736267,-0.754034161567688,0.5,0.38578981161117554,0.6142101883888245,78.625,2736384,
-0.0490085706114769,-0.034293033182621,-0.034293033182621,-0.034293033182621,0.049067676067352295,-0.9987954497337341,0.0,0.5,0.5317528247833252,0.4682471752166748,66.927734375,2329132,
-0.10054062306880951,-0.0394006110727787,-0.0394006110727787,-0.0394006110727787,0.10109450668096542,-0.9945211410522461,0.02976362779736519,0.5,0.5364820957183838,0.4635179340839386,72.390625,2519328,
-0.15086300671100616,-0.0950026661157608,-0.0950026661157608,-0.0950026661157608,0.15284982323646545,-0.9870014786720276,-0.05943329259753227,0.5,0.5879654288291931,0.4120345711708069,68.0654296875,2368742,
-0.19423022866249084,-0.18225863575935364,-0.18225863575935364,-0.18225863575935364,0.19821688532829285,-0.9798874258995056,0.02963249944150448,0.5,0.668757975101471,0.33124202489852905,75.8349609375,2639246,
-0.15086300671100616,-0.10747969150543213,-0.10747969150543213,-0.10747969150543213,0.15284982323646545,-0.9870014786720276,0.05943329259753227,0.5,0.5995182394981384,0.4004817605018616,73.63671875,2562712,
-0.23846834897994995,-0.1580907106399536,-0.1580907106399536,-0.1580907106399536,0.24609345197677612,-0.9690154194831848,0.02964816614985466,0.5,0.6463803052902222,0.3536197245121002,73.505859375,2558156,
-0.32629141211509705,-0.26019102334976196,-0.26019102334976196,-0.26019102334976196,0.3490595817565918,-0.934772789478302,-0.11748483777046204,0.5,0.7409175634384155,0.2590824067592621,77.953125,2712992,
-0.2890721559524536,-0.1841002106666565,-0.1841002106666565,-0.1841002106666565,0.3050430119037628,-0.9476439356803894,-0.14721281826496124,0.5,0.6704631447792053,0.3295368552207947,78.828125,2743456,
-0.32429763674736023,-0.21685649454593658,-0.21685649454593658,-0.21685649454593658,0.34615054726600647,-0.9368687272071838,-0.08824558556079865,0.5,0.7007930278778076,0.2992069721221924,75.6669921875,2633398,
-0.3559390902519226,-0.29221874475479126,-0.29221874475479126,-0.29221874475479126,0.3858627378940582,-0.9224500060081482,0.029238851740956306,0.5,0.7705729007720947,0.22942709922790527,81.1826171875,2825430,
-0.3220917582511902,-0.24141442775726318,-0.24141442775726318,-0.24141442775726318,0.343124121427536,-0.9387032985687256,0.05893822759389877,0.5,0.7235318422317505,0.2764681279659271,77.060546875,2681916,
-0.3886655867099762,-0.27085795998573303,-0.27085795998573303,-0.27085795998573303,0.43068474531173706,-0.902436375617981,0.0292429868131876,0.5,0.7507944107055664,0.2492056041955948,84.0078125,2923792,
-0.32629141211509705,-0.24016587436199188,-0.24016587436199188,-0.24016587436199188,0.3490595817565918,-0.934772789478302,0.11748483777046204,0.5,0.7223758101463318,0.2776241898536682,76.6376953125,2667194,
-0.28521570563316345,-0.2182624340057373,-0.2182624340057373,-0.2182624340057373,0.29946357011795044,-0.9524220824241638,0.08865020424127579,0.5,0.7020948529243469,0.2979051470756531,74.6376953125,2597562,
-0.2890721559524536,-0.20827177166938782,-0.20827177166938782,-0.20827177166938782,0.3050430119037628,-0.9476439356803894,0.14721281826496124,0.5,0.6928442120552063,0.3071557879447937,76.5361328125,2663658,
-0.39268603920936584,-0.2885025143623352,-0.2885025143623352,-0.2885025143623352,0.43681374192237854,-0.8989782333374023,0.08773032575845718,0.5,0.7671319246292114,0.2328680455684662,82.3388671875,2865686,
-0.4213985502719879,-0.32904112339019775,-0.32904112339019775,-0.32904112339019775,0.48066332936286926,-0.8767021298408508,0.08765165507793427,0.5,0.8046677112579346,0.19533230364322662,85.4365234375,2973534,
-0.41765955090522766,-0.2921462655067444,-0.2921462655067444,-0.2921462655067444,0.4744844138622284,-0.8802387118339539,0.029242828488349915,0.5,0.7705057859420776,0.22949421405792236,85.669921875,2981660,
-0.5084348917007446,-0.4085640609264374,-0.4085640609264374,-0.4085640609264374,0.6965513825416565,-0.729931652545929,-0.229903906583786,0.5,0.8783000707626343,0.12169995903968811,87.4619140625,3044050,
-0.5038937330245972,-0.38227003812789917,-0.38227003812789917,-0.38227003812789917,0.6626989841461182,-0.760365903377533,-0.2589806616306305,0.5,0.8539537191390991,0.14604628086090088,93.5029296875,3254374,
-0.5062742829322815,-0.40979188680648804,-0.40979188680648804,-0.40979188680648804,0.6928583979606628,-0.7307038307189941,-0.2012423872947693,0.5,0.8794369101524353,0.1205630823969841,90.6787109375,3156046,
-0.47597575187683105,-0.3660363554954529,-0.3660363554954529,-0.3660363554954529,0.5828281044960022,-0.816665768623352,-0.2601878046989441,0.5,0.8389225602149963,0.16107745468616486,90.51171875,3150232,
-0.49405720829963684,-0.38750407099723816,-0.38750407099723816,-0.38750407099723816,0.6268048286437988,-0.7882153987884521,-0.2882404923439026,0.5,0.8588000535964966,0.14119994640350342,90.3115234375,3143262,
-0.4552081227302551,-0.3814722001552582,-0.3814722001552582,-0.3814722001552582,0.5408322215080261,-0.8416808247566223,-0.26087844371795654,0.5,0.8532149791717529,0.14678502082824707,85.7587890625,2984754,
-0.4885960519313812,-0.3774659037590027,-0.3774659037590027,-0.3774659037590027,0.6168688535690308,-0.7920582294464111,-0.2021775096654892,0.5,0.8495054244995117,0.1504945456981659,87.01171875,3028376,
-0.4868614077568054,-0.34328335523605347,-0.34328335523605347,-0.34328335523605347,0.6137553453445435,-0.7932499647140503,-0.17347733676433563,0.5,0.8178549408912659,0.18214505910873413,93.0673828125,3239210,
-0.5043017864227295,-0.4104376435279846,-0.4104376435279846,-0.4104376435279846,0.6893157958984375,-0.7315976023674011,-0.1725916862487793,0.5,0.880034863948822,0.11996515840291977,92.0419921875,3203510,
-0.5001628398895264,-0.3980506956577301,-0.3980506956577301,-0.3980506956577301,0.7094530463218689,-0.7049978375434875,0.028747402131557465,0.5,0.8685654401779175,0.13143455982208252,93.2744140625,3246418,
-0.49879106879234314,-0.41187065839767456,-0.41187065839767456,-0.41187065839767456,0.6769253611564636,-0.7368479371070862,0.05784416198730469,0.5,0.881361722946167,0.1186382919549942,92.8857421875,3232886,
-0.4974749684333801,-0.34568002820014954,-0.34568002820014954,-0.34568002820014954,0.7431998252868652,-0.6693690419197083,0.02873270772397518,0.5,0.8200740814208984,0.17992591857910156,87.263671875,3037148,
-0.5010362863540649,-0.4241732358932495,-0.4241732358932495,-0.4241732358932495,0.6827737092971802,-0.7338247895240784,0.11524681746959686,0.5,0.892753005027771,0.1072470173239708,86.7822265625,3020386,
-0.4933426082134247,-0.29289713501930237,-0.29289713501930237,-0.29289713501930237,0.643033504486084,-0.767211377620697,0.08694470673799515,0.5,0.7712010145187378,0.22879895567893982,90.3818359375,3145710,
-0.4962232708930969,-0.3778035044670105,-0.3778035044670105,-0.3778035044670105,0.6490675806999207,-0.7645171284675598,0.1443115621805191,0.5,0.8498180508613586,0.15018194913864136,95.4111328125,3320810,
-0.4983961284160614,-0.3736877739429474,-0.3736877739429474,-0.3736877739429474,0.7485289573669434,-0.6658341288566589,0.0861101821064949,0.5,0.8460071682929993,0.15399281680583954,94.0302734375,3272734,
-0.4905242621898651,-0.36503884196281433,-0.36503884196281433,-0.36503884196281433,0.7803212404251099,-0.6286183595657349,0.08568558841943741,0.5,0.8379989266395569,0.1620010882616043,90.853515625,3162132,
-0.49000445008277893,-0.3475715219974518,-0.3475715219974518,-0.3475715219974518,0.7751338481903076,-0.632154643535614,0.0286818016320467,0.5,0.8218255043029785,0.17817452549934387,94.5107421875,3289462,
-0.5084348917007446,-0.39927470684051514,-0.39927470684051514,-0.39927470684051514,0.6965513825416565,-0.729931652545929,0.229903906583786,0.5,0.8696987628936768,0.13030120730400085,93.173828125,3242916,
-0.5062742829322815,-0.3978027105331421,-0.3978027105331421,-0.3978027105331421,0.6928583979606628,-0.7307038307189941,0.2012423872947693,0.5,0.8683358430862427,0.13166417181491852,87.876953125,3058500,
-0.5038937330245972,-0.4003992974758148,-0.4003992974758148,-0.4003992974758148,0.6626989841461182,-0.760365903377533,0.2589806616306305,0.5,0.8707400560379028,0.12925992906093597,90.26953125,3141800,
-0.47279849648475647,-0.35184088349342346,-0.35184088349342346,-0.35184088349342346,0.5767753720283508,-0.8197272419929504,0.20276013016700745,0.5,0.825778603553772,0.17422141134738922,80.90625,2815808,
-0.4868614077568054,-0.360251784324646,-0.360251784324646,-0.360251784324646,0.6137553453445435,-0.7932499647140503,0.17347733676433563,0.5,0.833566427230835,0.16643354296684265,91.0126953125,3167674,
-0.45248350501060486,-0.35308322310447693,-0.35308322310447693,-0.35308322310447693,0.5352116823196411,-0.8454290628433228,0.2034110128879547,0.5,0.8269289135932922,0.17307110130786896,81.2255859375,2826926,
-0.47597575187683105,-0.3794393241405487,-0.3794393241405487,-0.3794393241405487,0.5828281044960022,-0.816665768623352,0.2601878046989441,0.5,0.8513326644897461,0.14866730570793152,87.7333984375,3053502,
-0.4552081227302551,-0.3651564121246338,-0.3651564121246338,-0.3651564121246338,0.5408322215080261,-0.8416808247566223,0.26087844371795654,0.5,0.8381077647209167,0.16189222037792206,83.896484375,2919916,
-0.49405720829963684,-0.4007974863052368,-0.4007974863052368,-0.4007974863052368,0.6268048286437988,-0.7882153987884521,0.2882404923439026,0.5,0.8711087703704834,0.1288912296295166,88.5546875,3082096,
-0.504684329032898,-0.38362735509872437,-0.38362735509872437,-0.38362735509872437,0.7623798251152039,-0.6619853973388672,0.20032158493995667,0.5,0.8552104830741882,0.14478950202465057,92.923828125,3234212,
-0.4964352548122406,-0.38881123065948486,-0.38881123065948486,-0.38881123065948486,0.7942509055137634,-0.62503582239151,0.19784964621067047,0.5,0.8600103855133057,0.13998961448669434,99.6142578125,3467146,
-0.502583920955658,-0.3896237909793854,-0.3896237909793854,-0.3896237909793854,0.7585194110870361,-0.662585437297821,0.17168420553207397,0.5,0.8607627749443054,0.13923723995685577,92.791015625,3229588,
-0.4624837636947632,-0.33496204018592834,-0.33496204018592834,-0.33496204018592834,0.8446047902107239,-0.5475741624832153,0.14038637280464172,0.5,0.8101500272750854,0.18984997272491455,94.0849609375,3274638,
-0.4834384322166443,-0.35170090198516846,-0.35170090198516846,-0.35170090198516846,0.8241989612579346,-0.5865554809570312,0.1956346482038498,0.5,0.8256489634513855,0.1743510365486145,97.0185546875,3376774,
-0.44072088599205017,-0.3995931148529053,-0.3995931148529053,-0.3995931148529053,0.8703346252441406,-0.5063809752464294,0.13883048295974731,0.5,0.8699936270713806,0.13000638782978058,98.0126953125,3411386,
-0.460835337638855,-0.3826012909412384,-0.3826012909412384,-0.3826012909412384,0.8382152318954468,-0.5497816205024719,0.08526287227869034,0.5,0.8542604446411133,0.14573955535888672,100.76953125,3507368,
-0.43987715244293213,-0.34779566526412964,-0.34779566526412964,-0.34779566526412964,0.8594261407852173,-0.5118265748023987,0.028412673622369766,0.5,0.8220330476760864,0.17796698212623596,96.693359375,3365452,
-0.4779711067676544,-0.36099690198898315,-0.36099690198898315,-0.36099690198898315,0.8102178573608398,-0.5899291038513184,0.08537700027227402,0.5,0.8342564105987549,0.1657436192035675,99.234375,3453920,
-0.05388351157307625,-0.04879147186875343,-0.04879147186875343,-0.04879147186875343,1.1010905504226685,-0.04893649369478226,-0.4672452509403229,0.5,0.5451772809028625,0.45482271909713745,119.646484375,4164588,
-0.11189421266317368,-0.10795227438211441,-0.10795227438211441,-0.10795227438211441,1.105726718902588,-0.10119517892599106,-0.4895118176937103,0.5,0.5999557971954346,0.40004420280456543,122.5087890625,4264242,
-0.053326744586229324,-0.0017745679942891002,-0.0017745679942891002,-0.0017745679942891002,1.0898374319076538,-0.04893091693520546,-0.4389040172100067,0.5,0.5016430616378784,0.4983569085597992,117.541015625,4091284,
-0.21461431682109833,-0.1983756721019745,-0.1983756721019745,-0.1983756721019745,1.085101842880249,-0.19778265058994293,-0.480048805475235,0.5,0.6836811304092407,0.3163188397884369,122.498046875,4263868,
-0.16961851716041565,-0.1262277364730835,-0.1262277364730835,-0.1262277364730835,1.107735276222229,-0.15312188863754272,-0.5128692388534546,0.5,0.616877555847168,0.3831224739551544,123.0791015625,4284098,
-0.2691068947315216,-0.23687443137168884,-0.23687443137168884,-0.23687443137168884,1.081800103187561,-0.24875842034816742,-0.5057013630867004,0.5,0.7193281650543213,0.2806718349456787,124.3701171875,4329046,
-0.15720413625240326,-0.10449547320604324,-0.10449547320604324,-0.10449547320604324,1.0747666358947754,-0.14626815915107727,-0.4272511303424835,0.5,0.5967550277709961,0.4032449424266815,126.6123046875,4407110,
-0.1554429531097412,-0.1255233734846115,-0.1255233734846115,-0.1255233734846115,1.0644216537475586,-0.14603513479232788,-0.398925244808197,0.5,0.6162253618240356,0.38377463817596436,118.26953125,4116648,
-0.05277399718761444,-0.03840568661689758,-0.03840568661689758,-0.03840568661689758,1.079046368598938,-0.04890799894928932,-0.41046783328056335,0.5,0.5355608463287354,0.46443915367126465,122.294921875,4256796,
-0.3899601995944977,-0.31024476885795593,-0.31024476885795593,-0.31024476885795593,1.0163922309875488,-0.38367098569869995,-0.4716418385505676,0.5,0.7872636318206787,0.2127363383769989,112.359375,3910880,
-0.3510378301143646,-0.2766924202442169,-0.2766924202442169,-0.2766924202442169,1.0370087623596191,-0.33851000666618347,-0.47256484627723694,0.5,0.7561966776847839,0.24380332231521606,112.3056640625,3909010,
-0.4377141296863556,-0.38258785009384155,-0.38258785009384155,-0.38258785009384155,1.0103727579116821,-0.43322044610977173,-0.5314631462097168,0.5,0.8542479872703552,0.14575199782848358,117.392578125,4086116,
-0.3706136643886566,-0.3022006154060364,-0.3022006154060364,-0.3022006154060364,1.0658403635025024,-0.347719669342041,-0.5606635808944702,0.5,0.7798153758049011,0.22018462419509888,119.5234375,4160304,
-0.32140207290649414,-0.25406497716903687,-0.25406497716903687,-0.25406497716903687,1.0754863023757935,-0.29884347319602966,-0.5325272679328918,0.5,0.7352453470230103,0.26475465297698975,125.912109375,4382732,
-0.37728816270828247,-0.3240565359592438,-0.3240565359592438,-0.3240565359592438,1.0753684043884277,-0.35084548592567444,-0.5902085900306702,0.5,0.8000523447990417,0.19994767010211945,127.7939453125,4448250,
-0.42520272731781006,-0.3705664277076721,-0.3705664277076721,-0.3705664277076721,0.993391215801239,-0.4280315041542053,-0.4716682732105255,0.5,0.8431170582771301,0.15688295662403107,119.0615234375,4144222,
-0.4678560495376587,-0.3344525396823883,-0.3344525396823883,-0.3344525396823883,0.9838202595710754,-0.4755503237247467,-0.5326736569404602,0.5,0.8096782565116882,0.19032172858715057,118.1513671875,4112534,
-0.45605579018592834,-0.3474222719669342,-0.3474222719669342,-0.3474222719669342,0.9681078791618347,-0.4710795283317566,-0.47244834899902344,0.5,0.8216872811317444,0.17831271886825562,112.4677734375,3914654,
-0.3413504362106323,-0.2803359031677246,-0.2803359031677246,-0.2803359031677246,1.0178266763687134,-0.33537188172340393,-0.4145493805408478,0.5,0.7595702409744263,0.24042972922325134,108.525390625,3777396,
-0.3370509147644043,-0.260221391916275,-0.260221391916275,-0.260221391916275,1.0091605186462402,-0.3339913785457611,-0.3867717683315277,0.5,0.7409456968307495,0.2590542733669281,116.8173828125,4066090,
-0.29925087094306946,-0.2654050588607788,-0.2654050588607788,-0.2654050588607788,1.0354584455490112,-0.28900325298309326,-0.41652554273605347,0.5,0.7457454204559326,0.2542545795440674,117.8525390625,4102130,
-0.2460232526063919,-0.21868295967578888,-0.21868295967578888,-0.21868295967578888,1.0230791568756104,-0.24047333002090454,-0.3344687521457672,0.5,0.7024841904640198,0.2975158095359802,109.236328125,3802148,
-0.3330525755882263,-0.2394690364599228,-0.2394690364599228,-0.2394690364599228,1.0008703470230103,-0.3327629566192627,-0.35895803570747375,0.5,0.7217305898666382,0.2782694101333618,106.033203125,3690628,
-0.24317993223667145,-0.19835108518600464,-0.19835108518600464,-0.19835108518600464,1.0152771472930908,-0.23952074348926544,-0.30682969093322754,0.5,0.6836583614349365,0.3163416087627411,109.0361328125,3795178,
-0.152470201253891,-0.11362365633249283,-0.11362365633249283,-0.11362365633249283,1.0452252626419067,-0.1458730548620224,-0.34184956550598145,0.5,0.605207085609436,0.39479291439056396,103.6142578125,3606410,
-0.051203902810811996,-0.022942397743463516,-0.022942397743463516,-0.022942397743463516,1.0498461723327637,-0.048772767186164856,-0.3242332339286804,0.5,0.5212429761886597,0.47875702381134033,113.9306640625,3965586,
-0.15385755896568298,-0.17964337766170502,-0.17964337766170502,-0.17964337766170502,1.0545787811279297,-0.14589479565620422,-0.37051695585250854,0.5,0.6663364768028259,0.3336635231971741,117.884765625,4103252,
0.0,0.055342596024274826,0.055342596024274826,0.055342596024274826,1.0004690885543823,0.0,0.030632847920060158,0.5,0.4487568140029907,0.5512431859970093,100.2109375,3487920,
-0.04766738414764404,-0.023149047046899796,-0.023149047046899796,-0.023149047046899796,1.000496506690979,-0.04764372855424881,0.0571884959936142,0.5,0.5214343070983887,0.47856566309928894,104.0380859375,3621166,
0.04766738414764404,0.013242439366877079,0.013242439366877079,0.013242439366877079,1.000496506690979,0.04764372855424881,0.0571884959936142,0.5,0.4877384901046753,0.5122615098953247,105.7099609375,3679374,
-0.04798431321978569,-0.008909877389669418,-0.008909877389669418,-0.008909877389669418,1.0057933330535889,-0.047707926481962204,0.1180206686258316,0.5,0.5082498788833618,0.4917501211166382,109.58984375,3814456,
-0.0951000452041626,-0.08672496676445007,-0.08672496676445007,-0.08672496676445007,0.9989386200904846,-0.09520108997821808,0.08369903266429901,0.5,0.5803009271621704,0.419699102640152,110.46484375,3844920,
-0.09599602967500687,-0.1039544865489006,-0.1039544865489006,-0.1039544865489006,1.0056742429733276,-0.0954543948173523,0.14382386207580566,0.5,0.5962541699409485,0.4037458300590515,106.845703125,3718916,
0.04798431321978569,0.00032761855982244015,0.00032761855982244015,0.00032761855982244015,1.0057933330535889,0.047707926481962204,0.1180206686258316,0.5,0.49969661235809326,0.5003033876419067,103.607421875,3606172,
0.09599602967500687,0.12074755132198334,0.12074755132198334,0.12074755132198334,1.0056742429733276,0.0954543948173523,0.14382386207580566,0.5,0.3881967067718506,0.6118032932281494,108.3955078125,3772874,
0.0951000452041626,0.01187568437308073,0.01187568437308073,0.01187568437308073,0.9989386200904846,0.09520108997821808,0.08369903266429901,0.5,0.4890040159225464,0.5109959840774536,101.3408203125,3527258,
-0.04922852665185928,-0.03901221230626106,-0.03901221230626106,-0.03901221230626106,1.0266772508621216,-0.04794936999678612,0.23779338598251343,0.5,0.5361224412918091,0.4638775885105133,108.7626953125,3785658,
-0.04890460893511772,-0.04291409254074097,-0.04291409254074097,-0.04291409254074097,1.020195484161377,-0.04793650656938553,0.20789183676242828,0.5,0.5397352576255798,0.46026474237442017,104.7646484375,3646462,
-0.09931629151105881,-0.07031739503145218,-0.07031739503145218,-0.07031739503145218,1.0286691188812256,-0.09654833376407623,0.2611983120441437,0.5,0.5651086568832397,0.43489131331443787,105.248046875,3663292,
-0.19032226502895355,-0.20236612856388092,-0.20236612856388092,-0.20236612856388092,1.000447154045105,-0.19023719429969788,0.1963040828704834,0.5,0.6873760223388672,0.3126239776611328,102.78515625,3577544,
-0.14351984858512878,-0.09837701171636581,-0.09837701171636581,-0.09837701171636581,1.003895878791809,-0.14296288788318634,0.16986191272735596,0.5,0.5910898447036743,0.40891018509864807,100.4375,3495808,
-0.23460420966148376,-0.18112193048000336,-0.18112193048000336,-0.18112193048000336,0.9894193410873413,-0.23711302876472473,0.1932862251996994,0.5,0.6677055358886719,0.3322944939136505,110.033203125,3829892,
-0.19373920559883118,-0.1801864504814148,-0.1801864504814148,-0.1801864504814148,1.0125868320465088,-0.1913309544324875,0.2539159953594208,0.5,0.6668393015861511,0.3331606984138489,104.021484375,3620588,
-0.24057435989379883,-0.18179109692573547,-0.18179109692573547,-0.18179109692573547,1.0080370903015137,-0.23865625262260437,0.27913039922714233,0.5,0.6683250665664673,0.3316749036312103,107.1484375,3729456,
-0.14906340837478638,-0.15436358749866486,-0.15436358749866486,-0.15436358749866486,1.028759241104126,-0.14489629864692688,0.28508034348487854,0.5,0.642929196357727,0.35707077383995056,108.7451171875,3785046,
0.04922852665185928,0.0618738979101181,0.0618738979101181,0.0618738979101181,1.0266772508621216,0.04794936999678612,0.23779338598251343,0.5,0.4427093267440796,0.5572906732559204,109.1591796875,3799462,
0.09931629151105881,0.06217309087514877,0.06217309087514877,0.06217309087514877,1.0286691188812256,0.09654833376407623,0.2611983120441437,0.5,0.44243234395980835,0.5575676560401917,111.6259765625,3885346,
0.04890460893511772,0.05767089128494263,0.05767089128494263,0.05767089128494263,1.020195484161377,0.04793650656938553,0.20789183676242828,0.5,0.4466010332107544,0.5533989667892456,115.169921875,4008732,
0.19373920559883118,0.182221919298172,0.182221919298172,0.182221919298172,1.0125868320465088,0.1913309544324875,0.2539159953594208,0.5,0.331275999546051,0.668724000453949,108.7177734375,3784094,
0.14906340837478638,0.11779448390007019,0.11779448390007019,0.11779448390007019,1.028759241104126,0.14489629864692688,0.28508034348487854,0.5,0.39093106985092163,0.6090689301490784,109.7060546875,3818502,
0.24057435989379883,0.1740415096282959,0.1740415096282959,0.1740415096282959,1.0080370903015137,0.23865625262260437,0.27913039922714233,0.5,0.3388504385948181,0.6611495614051819,107.3466796875,3736358,
0.19032226502895355,0.19971521198749542,0.19971521198749542,0.19971521198749542,1.000447154045105,0.19023719429969788,0.1963040828704834,0.5,0.3150785565376282,0.6849214434623718,104.873046875,3650236,
0.23460420966148376,0.1682155579328537,0.1682155579328537,0.1682155579328537,0.9894193410873413,0.23711302876472473,0.1932862251996994,0.5,0.3442448377609253,0.6557551622390747,104.341796875,3631740,
0.14351984858512878,0.0914154052734375,0.0914154052734375,0.0914154052734375,1.003895878791809,0.14296288788318634,0.16986191272735596,0.5,0.4153560996055603,0.5846439003944397,107.7001953125,3748666,
-0.05388351157307625,-0.06722022593021393,-0.06722022593021393,-0.06722022593021393,1.1010905504226685,-0.04893649369478226,0.4672452509403229,0.5,0.5622409582138062,0.43775907158851624,121.46875,4228032,
-0.053326744586229324,-0.0133324870839715,-0.0133324870839715,-0.0133324870839715,1.0898374319076538,-0.04893091693520546,0.4389040172100067,0.5,0.5123448967933655,0.4876551032066345,114.9140625,3999824,
-0.11189421266317368,-0.06820618361234665,-0.06820618361234665,-0.06820618361234665,1.105726718902588,-0.10119517892599106,0.4895118176937103,0.5,0.563153862953186,0.4368461072444916,119.3037109375,4152654,
-0.15720413625240326,-0.10035180300474167,-0.10035180300474167,-0.10035180300474167,1.0747666358947754,-0.14626815915107727,0.4272511303424835,0.5,0.592918336391449,0.407081663608551,115.494140625,4020020,
-0.05277399718761444,-0.0474984310567379,-0.0474984310567379,-0.0474984310567379,1.079046368598938,-0.04890799894928932,0.41046783328056335,0.5,0.5439800024032593,0.45601996779441833,116.6748046875,4061126,
-0.1554429531097412,-0.11736030876636505,-0.11736030876636505,-0.11736030876636505,1.0644216537475586,-0.14603513479232788,0.398925244808197,0.5,0.6086668968200684,0.39133307337760925,113.025390625,3934068,
-0.21461431682109833,-0.12337496131658554,-0.12337496131658554,-0.12337496131658554,1.085101842880249,-0.19778265058994293,0.480048805475235,0.5,0.6142361164093018,0.38576391339302063,120.3798828125,4190122,
-0.2691068947315216,-0.1957985907793045,-0.1957985907793045,-0.1957985907793045,1.081800103187561,-0.24875842034816742,0.5057013630867004,0.5,0.6812949776649475,0.3187050223350525,120.2412109375,4185294,
-0.16961851716041565,-0.1048252284526825,-0.1048252284526825,-0.1048252284526825,1.107735276222229,-0.15312188863754272,0.5128692388534546,0.5,0.5970603823661804,0.4029396176338196,119.4052734375,4156190,
-0.3790503442287445,-0.31231990456581116,-0.31231990456581116,-0.31231990456581116,0.9988232851028442,-0.37949690222740173,0.4140917956829071,0.5,0.789185106754303,0.21081490814685822,111.73828125,3889256,
-0.3370509147644043,-0.27037861943244934,-0.27037861943244934,-0.27037861943244934,1.0091605186462402,-0.3339913785457611,0.3867717683315277,0.5,0.7503505945205688,0.24964943528175354,110.8203125,3857296,
-0.4143744707107544,-0.3081313371658325,-0.3081313371658325,-0.3081313371658325,0.9767119884490967,-0.42425450682640076,0.4138452112674713,0.5,0.7853068113327026,0.21469321846961975,113.9638671875,3966742,
-0.3293765187263489,-0.26522985100746155,-0.26522985100746155,-0.26522985100746155,0.9929503202438354,-0.33171501755714417,0.3309459984302521,0.5,0.745583176612854,0.254416823387146,108.921875,3791200,
-0.292550653219223,-0.20004262030124664,-0.20004262030124664,-0.20004262030124664,1.0172033309936523,-0.2876029312610626,0.36027792096138,0.5,0.6852246522903442,0.31477537751197815,107.2744140625,3733842,
-0.285908043384552,-0.23578189313411713,-0.23578189313411713,-0.23578189313411713,1.0015175342559814,-0.28547483682632446,0.3047584593296051,0.5,0.7183165550231934,0.28168341517448425,111.48046875,3880280,
-0.4056822955608368,-0.3633759915828705,-0.3633759915828705,-0.3633759915828705,0.9609531760215759,-0.4221665561199188,0.3578455448150635,0.5,0.836459219455719,0.1635407656431198,104.3515625,3632080,
-0.4367371201515198,-0.3105960488319397,-0.3105960488319397,-0.3105960488319397,0.9374417662620544,-0.4658818542957306,0.35831695795059204,0.5,0.7875889539718628,0.2124110758304596,107.0791015625,3727042,
-0.445514053106308,-0.3759595453739166,-0.3759595453739166,-0.3759595453739166,0.9523829817771912,-0.4677887558937073,0.4143502414226532,0.5,0.8481106758117676,0.15188932418823242,113.9501953125,3966266,
-0.3899601995944977,-0.3109753131866455,-0.3109753131866455,-0.3109753131866455,1.0163922309875488,-0.38367098569869995,0.4716418385505676,0.5,0.7879400849342346,0.2120599001646042,114.7578125,3994384,
-0.4377141296863556,-0.361002653837204,-0.361002653837204,-0.361002653837204,1.0103727579116821,-0.43322044610977173,0.5314631462097168,0.5,0.8342617154121399,0.1657382994890213,114.3017578125,3978506,
-0.3510378301143646,-0.26570868492126465,-0.26570868492126465,-0.26570868492126465,1.0370087623596191,-0.33851000666618347,0.47256484627723694,0.5,0.7460265159606934,0.25397345423698425,118.7138671875,4132118,
-0.49299919605255127,-0.3733499050140381,-0.3733499050140381,-0.3733499050140381,0.9548564553260803,-0.5163071155548096,0.5346289873123169,0.5,0.845694363117218,0.15430565178394318,109.3984375,3807792,
-0.4678560495376587,-0.42257750034332275,-0.42257750034332275,-0.42257750034332275,0.9838202595710754,-0.4755503237247467,0.5326736569404602,0.5,0.8912754654884338,0.10872454941272736,114.4765625,3984592,
-0.45605579018592834,-0.36668404936790466,-0.36668404936790466,-0.36668404936790466,0.9681078791618347,-0.4710795283317566,0.47244834899902344,0.5,0.8395222425460815,0.16047774255275726,111.41796875,3878104,
-0.3706136643886566,-0.2925877273082733,-0.2925877273082733,-0.2925877273082733,1.0658403635025024,-0.347719669342041,0.5606635808944702,0.5,0.7709145545959473,0.22908544540405273,126.59375,4406464,
-0.37728816270828247,-0.3475336730480194,-0.3475336730480194,-0.3475336730480194,1.0753684043884277,-0.35084548592567444,0.5902085900306702,0.5,0.8217904567718506,0.1782095730304718,121.8271484375,4240510,
-0.32140207290649414,-0.26153358817100525,-0.26153358817100525,-0.26153358817100525,1.0754863023757935,-0.29884347319602966,0.5325272679328918,0.5,0.7421606779098511,0.25783929228782654,116.255859375,4046540,
0.05388351157307625,0.043259911239147186,0.043259911239147186,0.043259911239147186,1.1010905504226685,0.04893649369478226,0.4672452509403229,0.5,0.45994454622268677,0.5400554537773132,121.927734375,4244012,
0.11189421266317368,0.10358112305402756,0.10358112305402756,0.10358112305402756,1.105726718902588,0.10119517892599106,0.4895118176937103,0.5,0.4040915369987488,0.5959084630012512,123.66015625,4304328,
0.053326744586229324,0.06743001192808151,0.06743001192808151,0.06743001192808151,1.0898374319076538,0.04893091693520546,0.4389040172100067,0.5,0.43756479024887085,0.5624352097511292,117.4599609375,4088462,
0.26301446557044983,0.24921055138111115,0.24921055138111115,0.24921055138111115,1.071376919746399,0.24549201130867004,0.476809024810791,0.5,0.26924949884414673,0.7307505011558533,123.2802734375,4291102,
0.2691068947315216,0.24080558121204376,0.24080558121204376,0.24080558121204376,1.081800103187561,0.24875842034816742,0.5057013630867004,0.5,0.27703189849853516,0.7229681015014648,116.1201171875,4041814,
0.3575036823749542,0.2611108422279358,0.2611108422279358,0.2611108422279358,1.0465543270111084,0.3416006863117218,0.5020087957382202,0.5,0.25823068618774414,0.7417693138122559,123.4638671875,4297494,
0.15720413625240326,0.12660737335681915,0.12660737335681915,0.12660737335681915,1.0747666358947754,0.14626815915107727,0.4272511303424835,0.5,0.38277095556259155,0.6172290444374084,109.1337890625,3798578,
0.1554429531097412,0.07734734565019608,0.07734734565019608,0.07734734565019608,1.0644216537475586,0.14603513479232788,0.398925244808197,0.5,0.42838209867477417,0.5716179013252258,115.2041015625,4009922,
0.05277399718761444,0.06053267419338226,0.06053267419338226,0.06053267419338226,1.079046368598938,0.04890799894928932,0.41046783328056335,0.5,0.44395118951797485,0.5560488104820251,117.671875,4095840,
0.389860600233078,0.35919633507728577,0.35919633507728577,0.35919633507728577,1.0934950113296509,0.35652709007263184,0.6496536135673523,0.5,0.16741079092025757,0.8325892090797424,119.5078125,4159760,
0.3837292492389679,0.37009483575820923,0.37009483575820923,0.37009483575820923,1.084656000137329,0.353779673576355,0.619836151599884,0.5,0.15731960535049438,0.8426803946495056,130.5234375,4543280,
0.291355699300766,0.23065656423568726,0.23065656423568726,0.23065656423568726,1.1251112222671509,0.25895723700523376,0.6201876401901245,0.5,0.28642910718917847,0.7135708928108215,125.6806640625,4374674,
0.2817382514476776,0.20941489934921265,0.20941489934921265,0.20941489934921265,1.1030901670455933,0.2554081678390503,0.5632931590080261,0.5,0.3060973286628723,0.6939026713371277,122.4951171875,4263766,
0.37728816270828247,0.3246650993824005,0.3246650993824005,0.3246650993824005,1.0753684043884277,0.35084548592567444,0.5902085900306702,0.5,0.1993841528892517,0.8006158471107483,124.0029296875,4316262,
0.2753768563270569,0.2328294813632965,0.2328294813632965,0.2328294813632965,1.0923893451690674,0.25208672881126404,0.5345020890235901,0.5,0.28441715240478516,0.7155828475952148,123.6259765625,4303138,
0.17713531851768494,0.17205648124217987,0.17205648124217987,0.17205648124217987,1.1309412717819214,0.15662644803524017,0.5687609314918518,0.5,0.34068840742111206,0.6593115925788879,127.46875,4436928,
0.1181941106915474,0.1098586842417717,0.1098586842417717,0.1098586842417717,1.1290374994277954,0.1046857237815857,0.5453163981437683,0.5,0.39827901124954224,0.6017209887504578,134.7236328125,4689514,
0.1792306751012802,0.14431439340114594,0.14431439340114594,0.14431439340114594,1.1428769826889038,0.15682411193847656,0.596320390701294,0.5,0.36637556552886963,0.6336244344711304,129.623046875,4511932,
0.3790503442287445,0.3092572093009949,0.3092572093009949,0.3092572093009949,0.9988232851028442,0.37949690222740173,0.4140917956829071,0.5,0.21365076303482056,0.7863492369651794,115.2021484375,4009854,
0.4143744707107544,0.34911441802978516,0.34911441802978516,0.34911441802978516,0.9767119884490967,0.42425450682640076,0.4138452112674713,0.5,0.1767459511756897,0.8232540488243103,104.0576171875,3621846,
0.3370509147644043,0.26939162611961365,0.26939162611961365,0.26939162611961365,1.0091605186462402,0.3339913785457611,0.3867717683315277,0.5,0.2505633234977722,0.7494366765022278,112.3203125,3909520,
0.4056822955608368,0.31253981590270996,0.31253981590270996,0.31253981590270996,0.9609531760215759,0.4221665561199188,0.3578455448150635,0.5,0.2106112837791443,0.7893887162208557,105.6220703125,3676314,
0.445514053106308,0.3510463833808899,0.3510463833808899,0.3510463833808899,0.9523829817771912,0.4677887558937073,0.4143502414226532,0.5,0.1749570369720459,0.8250429630279541,108.78125,3786304,
0.4367371201515198,0.32360580563545227,0.32360580563545227,0.32360580563545227,0.9374417662620544,0.4658818542957306,0.35831695795059204,0.5,0.20036500692367554,0.7996349930763245,107.5126953125,3742138,
0.3293765187263489,0.2605575919151306,0.2605575919151306,0.2605575919151306,0.9929503202438354,0.33171501755714417,0.3309459984302521,0.5,0.2587429881095886,0.7412570118904114,105.9677734375,3688350,
0.285908043384552,0.2031821608543396,0.2031821608543396,0.2031821608543396,1.0015175342559814,0.28547483682632446,0.3047584593296051,0.5,0.3118683695793152,0.6881316304206848,102.908203125,3581828,
0.292550653219223,0.2177622765302658,0.2177622765302658,0.2177622765302658,1.0172033309936523,0.2876029312610626,0.36027792096138,0.5,0.29836827516555786,0.7016317248344421,113.431640625,3948212,
-0.052044130861759186,-0.004397673066705465,-0.004397673066705465,-0.004397673066705465,0.05213582515716553,-0.9982412457466125,-0.0297998059540987,0.5,0.5040719509124756,0.4959280788898468,68.9443359375,2399342,
-0.10054062306880951,-0.043042391538619995,-0.043042391538619995,-0.043042391538619995,0.10109450668096542,-0.9945211410522461,-0.02976362779736519,0.5,0.5398540496826172,0.4601459205150604,78.2646484375,2723838,
-0.0860879197716713,-0.03921479731798172,-0.03921479731798172,-0.03921479731798172,0.08732935786247253,-0.9857844114303589,-0.15572436153888702,0.5,0.5363099575042725,0.46369001269340515,77.236328125,2688036,
-0.19935837388038635,-0.14318521320819855,-0.14318521320819855,-0.14318521320819855,0.20415227115154266,-0.9765180349349976,-0.08885928243398666,0.5,0.6325788497924805,0.36742112040519714,76.0126953125,2645434,
-0.1480734497308731,-0.056018322706222534,-0.056018322706222534,-0.056018322706222534,0.1498112678527832,-0.9883999228477478,-0.02978546731173992,0.5,0.5518687963485718,0.44813117384910583,70.7275390625,2461426,
-0.23846834897994995,-0.21083538234233856,-0.21083538234233856,-0.21083538234233856,0.24609345197677612,-0.9690154194831848,-0.02964816614985466,0.5,0.6952179670333862,0.30478203296661377,87.234375,3036128,
-0.18678420782089233,-0.11810466647148132,-0.11810466647148132,-0.11810466647148132,0.193571999669075,-0.9649340510368347,-0.21815647184848785,0.5,0.609356164932251,0.390643835067749,70.109375,2439904,
-0.2140273004770279,-0.13943251967430115,-0.13943251967430115,-0.13943251967430115,0.22971253097057343,-0.9317179918289185,-0.3461598753929138,0.5,0.6291041374206543,0.3708958327770233,69.9287109375,2433614,
-0.11907565593719482,-0.04267250746488571,-0.04267250746488571,-0.04267250746488571,0.12430679053068161,-0.9579175710678101,-0.28367674350738525,0.5,0.5395115613937378,0.4604884088039398,72.0888671875,2508822,
-0.3667939305305481,-0.3070727288722992,-0.3070727288722992,-0.3070727288722992,0.4031979441642761,-0.9097117781639099,-0.20459191501140594,0.5,0.7843265533447266,0.21567341685295105,74.0830078125,2578250,
-0.3295665681362152,-0.19900193810462952,-0.19900193810462952,-0.19900193810462952,0.3544817864894867,-0.9297136664390564,-0.1760043054819107,0.5,0.6842610836029053,0.3157389461994171,77.5712890625,2699698,
-0.3979005515575409,-0.30736932158470154,-0.30736932158470154,-0.30736932158470154,0.4456799328327179,-0.8927944302558899,-0.1753770411014557,0.5,0.7846012115478516,0.21539878845214844,82.365234375,2866604,
-0.31969353556632996,-0.21738825738430023,-0.21738825738430023,-0.21738825738430023,0.3400000333786011,-0.9402750134468079,-0.029689161106944084,0.5,0.7012854218482971,0.2987145781517029,74.353515625,2587668,
-0.3220917582511902,-0.2700803279876709,-0.2700803279876709,-0.2700803279876709,0.343124121427536,-0.9387032985687256,-0.05893822759389877,0.5,0.7500743865966797,0.2499256283044815,78.0595703125,2716698,
-0.28045326471328735,-0.2038862258195877,-0.2038862258195877,-0.2038862258195877,0.29342523217201233,-0.9557912349700928,-0.02967933937907219,0.5,0.6887835264205933,0.31121647357940674,70.513671875,2453980,
-0.39268603920936584,-0.31763648986816406,-0.31763648986816406,-0.31763648986816406,0.43681374192237854,-0.8989782333374023,-0.08773032575845718,0.5,0.7941078543663025,0.2058921456336975,81.2646484375,2828286,
-0.39072975516319275,-0.2993660867214203,-0.2993660867214203,-0.2993660867214203,0.43377673625946045,-0.9007623791694641,-0.0584908165037632,0.5,0.7771908044815063,0.22280919551849365,82.740234375,2879660,
-0.4213985502719879,-0.33752286434173584,-0.33752286434173584,-0.33752286434173584,0.48066332936286926,-0.8767021298408508,-0.08765165507793427,0.5,0.8125211596488953,0.18747884035110474,83.0732421875,2891254,
-0.3585987687110901,-0.26320427656173706,-0.26320427656173706,-0.26320427656173706,0.4001462459564209,-0.8961692452430725,-0.34106868505477905,0.5,0.7437076568603516,0.25629234313964844,79.08984375,2752568,
-0.3923342227935791,-0.2907469570636749,-0.2907469570636749,-0.2907469570636749,0.448172390460968,-0.8754091858863831,-0.369527667760849,0.5,0.7692101001739502,0.23078987002372742,81.0859375,2822064,
-0.30103248357772827,-0.26066482067108154,-0.26066482067108154,-0.26066482067108154,0.3359327018260956,-0.8961095213890076,-0.41131722927093506,0.5,0.7413563132286072,0.2586436867713928,79.6083984375,2770622,
-0.3450336456298828,-0.2612171769142151,-0.2612171769142151,-0.2612171769142151,0.42517000436782837,-0.8115192651748657,-0.5769990086555481,0.5,0.7418677806854248,0.2581322491168976,85.98046875,2992472,
-0.42323780059814453,-0.2892761528491974,-0.2892761528491974,-0.2892761528491974,0.4962712526321411,-0.8528355956077576,-0.3984377086162567,0.5,0.7678482532501221,0.23215171694755554,84.3974609375,2937358,
-0.473716676235199,-0.33629855513572693,-0.33629855513572693,-0.33629855513572693,0.589106023311615,-0.8041280508041382,-0.45669668912887573,0.5,0.8113875389099121,0.1886124610900879,93.4990234375,3254238,
-0.24366395175457,-0.1595367044210434,-0.1595367044210434,-0.1595367044210434,0.306513249874115,-0.7949540615081787,-0.603875994682312,0.5,0.647719144821167,0.3522808253765106,83.26953125,2898088,
-0.17934836447238922,-0.1391899138689041,-0.1391899138689041,-0.1391899138689041,0.24148984253406525,-0.7426745891571045,-0.6461165547370911,0.5,0.6288795471191406,0.37112048268318176,73.9521484375,2573694,
-0.23441681265830994,-0.14247268438339233,-0.14247268438339233,-0.14247268438339233,0.2671186029911041,-0.8775757551193237,-0.4778686761856079,0.5,0.6319191455841064,0.36808085441589355,80.6787109375,2807886,
-0.5290061831474304,-0.4025154709815979,-0.4025154709815979,-0.4025154709815979,0.7614379525184631,-0.6947462558746338,-0.4297599494457245,0.5,0.872699499130249,0.12730050086975098,93.943359375,3269708,
-0.5223795175552368,-0.4110332429409027,-0.4110332429409027,-0.4110332429409027,0.719511866569519,-0.7260193228721619,-0.40166985988616943,0.5,0.8805863261222839,0.11941368132829666,96.0927734375,3344542,
-0.5252645015716553,-0.36505481600761414,-0.36505481600761414,-0.36505481600761414,0.7933143377304077,-0.6621139645576477,-0.39758169651031494,0.5,0.8380137085914612,0.16198629140853882,94.236328125,3279908,
-0.5179906487464905,-0.39702078700065613,-0.39702078700065613,-0.39702078700065613,0.7120031714439392,-0.7275117039680481,-0.34438806772232056,0.5,0.867611825466156,0.132388174533844,101.8896484375,3546366,
-0.5117753148078918,-0.41229358315467834,-0.41229358315467834,-0.41229358315467834,0.6767600178718567,-0.7562138438224792,-0.37363582849502563,0.5,0.8817533254623413,0.11824669688940048,90.54296875,3151320,
-0.5155810117721558,-0.43496906757354736,-0.43496906757354736,-0.43496906757354736,0.7081183791160583,-0.7281000018119812,-0.3157714605331421,0.5,0.9027491211891174,0.09725087881088257,87.9267578125,3060234,
-0.5187315344810486,-0.3838600516319275,-0.3838600516319275,-0.3838600516319275,0.7840284705162048,-0.6616233587265015,-0.3406205177307129,0.5,0.8554259538650513,0.14457404613494873,95.595703125,3327236,
-0.5078504085540771,-0.3437117040157318,-0.3437117040157318,-0.3437117040157318,0.8121808767318726,-0.6252922415733337,-0.30948561429977417,0.5,0.8182515501976013,0.1817484349012375,96.6474609375,3363854,
-0.515011727809906,-0.3932364284992218,-0.3932364284992218,-0.3932364284992218,0.8221939206123352,-0.6263871788978577,-0.3659576177597046,0.5,0.8641077876091003,0.13589221239089966,112.6328125,3920400,
-0.4980759620666504,-0.3737017810344696,-0.3737017810344696,-0.3737017810344696,0.6742959022521973,-0.7386608123779297,-0.02911311574280262,0.5,0.8460201621055603,0.1539798527956009,90.5068359375,3150062,
-0.49879106879234314,-0.35826757550239563,-0.35826757550239563,-0.35826757550239563,0.6769253611564636,-0.7368479371070862,-0.05784416198730469,0.5,0.8317292332649231,0.1682707816362381,86.521484375,3011308,
-0.4911920130252838,-0.356192946434021,-0.356192946434021,-0.356192946434021,0.6372287273406982,-0.7708252668380737,-0.029123589396476746,0.5,0.829808235168457,0.17019173502922058,87.02734375,3028920,
-0.4836542308330536,-0.3772437572479248,-0.3772437572479248,-0.3772437572479248,0.6076965928077698,-0.7958810925483704,-0.1161053478717804,0.5,0.8492997884750366,0.15070024132728577,91.904296875,3198716,
-0.4997777044773102,-0.39751678705215454,-0.39751678705215454,-0.39751678705215454,0.6797434687614441,-0.7352445721626282,-0.08653268218040466,0.5,0.8680710792541504,0.1319289207458496,91.232421875,3175324,
-0.4852055311203003,-0.3415849506855011,-0.3415849506855011,-0.3415849506855011,0.6106923818588257,-0.7945170998573303,-0.1448093205690384,0.5,0.816282331943512,0.18371765315532684,85.330078125,2969828,
-0.4664018154144287,-0.3364984691143036,-0.3364984691143036,-0.3364984691143036,0.5647863745689392,-0.8258021473884583,-0.08746953308582306,0.5,0.8115726709365845,0.18842735886573792,96.02734375,3342264,
-0.4460482597351074,-0.35502296686172485,-0.35502296686172485,-0.35502296686172485,0.5233508944511414,-0.8522928953170776,-0.08756209164857864,0.5,0.8287249803543091,0.1712750494480133,82.220703125,2861572,
-0.47958216071128845,-0.3912234902381897,-0.3912234902381897,-0.3912234902381897,0.5986350774765015,-0.8011260628700256,-0.029150988906621933,0.5,0.8622439503669739,0.13775603473186493,83.30078125,2899176,
-0.504684329032898,-0.3802490532398224,-0.3802490532398224,-0.3802490532398224,0.7623798251152039,-0.6619853973388672,-0.20032158493995667,0.5,0.8520824313163757,0.14791755378246307,91.384765625,3180628,
-0.502583920955658,-0.3792032301425934,-0.3792032301425934,-0.3792032301425934,0.7585194110870361,-0.662585437297821,-0.17168420553207397,0.5,0.8511140942573547,0.14888590574264526,91.013671875,3167708,
-0.4964352548122406,-0.3971846401691437,-0.3971846401691437,-0.3971846401691437,0.7942509055137634,-0.62503582239151,-0.19784964621067047,0.5,0.8677635192871094,0.13223646581172943,92.62890625,3223944,
-0.47871461510658264,-0.3534717261791229,-0.3534717261791229,-0.3534717261791229,0.8133294582366943,-0.5885863304138184,-0.11373305320739746,0.5,0.8272886276245117,0.17271137237548828,87.4091796875,3042214,
-0.5008241534233093,-0.3941901922225952,-0.3941901922225952,-0.3941901922225952,0.7549132108688354,-0.6634194850921631,-0.1430904120206833,0.5,0.8649908900260925,0.13500909507274628,91.0029296875,3167334,
-0.4779711067676544,-0.3434275686740875,-0.3434275686740875,-0.3434275686740875,0.8102178573608398,-0.5899291038513184,-0.08537700027227402,0.5,0.8179884552955627,0.18201152980327606,91.390625,3180832,
-0.4624837636947632,-0.30305033922195435,-0.30305033922195435,-0.30305033922195435,0.8446047902107239,-0.5475741624832153,-0.14038637280464172,0.5,0.7806021571159363,0.21939784288406372,101.6650390625,3538546,
-0.44072088599205017,-0.3584335446357727,-0.3584335446357727,-0.3584335446357727,0.8703346252441406,-0.5063809752464294,-0.13883048295974731,0.5,0.831882894039154,0.16811710596084595,92.7978515625,3229826,
-0.4834384322166443,-0.36774665117263794,-0.36774665117263794,-0.36774665117263794,0.8241989612579346,-0.5865554809570312,-0.1956346482038498,0.5,0.8405061364173889,0.1594938486814499,99.8896484375,3476734,
0.01789197139441967,0.04564645513892174,0.04564645513892174,0.04564645513892174,-0.017980849370360374,-0.9950570464134216,-0.0955333560705185,0.5,0.45773476362228394,0.5422652363777161,71.41015625,2485192,
-0.016647426411509514,-0.00692855566740036,-0.00692855566740036,-0.00692855566740036,0.017076585441827774,-0.9748685956001282,-0.22053402662277222,0.5,0.5064153671264648,0.49358466267585754,70.564453125,2455748,
0.06674394756555557,0.06398366391658783,0.06398366391658783,0.06398366391658783,-0.0672491267323494,-0.992487907409668,-0.09556901454925537,0.5,0.44075584411621094,0.5592441558837891,72.4931640625,2522898,
0.013238695450127125,0.07684946060180664,0.07684946060180664,0.07684946060180664,-0.014740189537405968,-0.8981360197067261,-0.4025973677635193,0.5,0.42884308099746704,0.571156919002533,70.892578125,2467172,
-0.05016016215085983,-0.025017959997057915,-0.025017959997057915,-0.025017959997057915,0.053604792803525925,-0.9357402324676514,-0.3463871479034424,0.5,0.5231647491455078,0.4768352210521698,72.4287109375,2520654,
0.02179032564163208,0.015490093268454075,0.015490093268454075,0.015490093268454075,-0.025984831154346466,-0.8385787010192871,-0.48044902086257935,0.5,0.485657274723053,0.514342725276947,71.548828125,2490020,
0.09656190127134323,0.08956240862607956,0.08956240862607956,0.08956240862607956,-0.1024894267320633,-0.9421645402908325,-0.2815746068954468,0.5,0.4170718193054199,0.5829281806945801,71.158203125,2476420,
0.14380702376365662,0.14978787302970886,0.14978787302970886,0.14978787302970886,-0.15469232201576233,-0.9296325445175171,-0.2836867570877075,0.5,0.3613075613975525,0.6386924386024475,66.6494140625,2319442,
0.11601413041353226,0.12457989901304245,0.12457989901304245,0.12457989901304245,-0.11750739067792892,-0.9872921705245972,-0.09591426700353622,0.5,0.38464826345443726,0.6153517365455627,63.884765625,2223188,
0.023669391870498657,0.02668236941099167,0.02668236941099167,0.02668236941099167,-0.039976246654987335,-0.5920863747596741,-0.6551758646965027,0.5,0.4752941131591797,0.5247058868408203,72.6943359375,2529902,
-0.009610999375581741,0.03139348328113556,0.03139348328113556,0.03139348328113556,0.014490311034023762,-0.6632707715034485,-0.637529730796814,0.5,0.4709319472312927,0.5290680527687073,71.1513671875,2476182,
-0.00918308924883604,0.004736126866191626,0.004736126866191626,0.004736126866191626,0.01864803396165371,-0.4924427568912506,-0.716280996799469,0.5,0.4956147074699402,0.5043852925300598,77.6640625,2702928,
-0.07218898832798004,-0.006184481084346771,-0.006184481084346771,-0.006184481084346771,0.11767623573541641,-0.613454282283783,-0.6979666352272034,0.5,0.5057263374328613,0.49427366256713867,71.830078125,2499812,
-0.05264716222882271,-0.041323840618133545,-0.041323840618133545,-0.041323840618133545,0.0721263661980629,-0.729929506778717,-0.6126115918159485,0.5,0.5382628440856934,0.46173718571662903,77.7333984375,2705342,
-0.12114723771810532,-0.0836869329214096,-0.0836869329214096,-0.0836869329214096,0.17800875008106232,-0.6805689930915833,-0.6769609451293945,0.5,0.5774879455566406,0.42251208424568176,83.865234375,2918828,
-0.05466914921998978,-0.07895492017269135,-0.07895492017269135,-0.07895492017269135,0.12438898533582687,-0.4395015239715576,-0.7681296467781067,0.5,0.5731064081192017,0.42689359188079834,76.9169921875,2676918,
-0.07323122024536133,-0.056309379637241364,-0.056309379637241364,-0.056309379637241364,0.17757976055145264,-0.412384957075119,-0.792152464389801,0.5,0.5521383285522461,0.4478617012500763,82.4931640625,2871058,
-0.03151526674628258,-0.020447414368391037,-0.020447414368391037,-0.020447414368391037,0.08094534277915955,-0.3893401026725769,-0.7678815126419067,0.5,0.5189328193664551,0.4810671806335449,76.3076171875,2655702,
0.09494844079017639,0.09452531486749649,0.09452531486749649,0.09452531486749649,-0.13985902070999146,-0.6788867712020874,-0.5691860914230347,0.5,0.4124765396118164,0.5875234603881836,67.189453125,2338244,
0.1212451308965683,0.08322546631097794,0.08322546631097794,0.08322546631097794,-0.18544639647006989,-0.6538015007972717,-0.5643940567970276,0.5,0.42293936014175415,0.5770606398582458,69.3623046875,2413894,
0.1041162759065628,0.13998092710971832,0.13998092710971832,0.13998092710971832,-0.13713790476322174,-0.759208619594574,-0.5131015777587891,0.5,0.3703880310058594,0.6296119689941406,62.9462890625,2190514,
0.21258120238780975,0.24781917035579681,0.24781917035579681,0.24781917035579681,-0.276950865983963,-0.7675772905349731,-0.4375356435775757,0.5,0.270537793636322,0.729462206363678,67.3056640625,2342290,
0.14498156309127808,0.10336538404226303,0.10336538404226303,0.10336538404226303,-0.2309683859348297,-0.6277117133140564,-0.5582103729248047,0.5,0.4042913317680359,0.5957086682319641,66.12890625,2301320,
0.2419702410697937,0.21514123678207397,0.21514123678207397,0.21514123678207397,-0.32653114199638367,-0.7410326600074768,-0.4325241446495056,0.5,0.30079513788223267,0.6992048621177673,61.9248046875,2154950,
0.23188090324401855,0.25005391240119934,0.25005391240119934,0.25005391240119934,-0.25846269726753235,-0.8971542119979858,-0.2834295332431793,0.5,0.26846855878829956,0.7315314412117004,67.0654296875,2333926,
0.2679375410079956,0.21095983684062958,0.21095983684062958,0.21095983684062958,-0.28963369131088257,-0.925091028213501,-0.1931649148464203,0.5,0.30466681718826294,0.6953331828117371,72.173828125,2511780,
0.18979816138744354,0.18891458213329315,0.18891458213329315,0.18891458213329315,-0.20757052302360535,-0.9143791794776917,-0.28420108556747437,0.5,0.325079083442688,0.674920916557312,66.56640625,2316552,
0.0,0.018324581906199455,0.018324581906199455,0.018324581906199455,1.2406260967254639,0.0,-0.9151201248168945,0.5,0.48303282260894775,0.5169671773910522,146.3173828125,5093162,
-0.07347841560840607,-0.1310810148715973,-0.1310810148715973,-0.1310810148715973,1.2457098960876465,-0.05898517370223999,-0.8798784017562866,0.5,0.6213712692260742,0.3786287009716034,147.4658203125,5133146,
0.14275281131267548,0.1672888547182083,0.1672888547182083,0.1672888547182083,1.2359684705734253,0.11549874395132065,-0.8424192070960999,0.5,0.3451029062271118,0.6548970937728882,150.015625,5221920,
-0.07005790621042252,-0.08008621633052826,-0.08008621633052826,-0.08008621633052826,1.2394263744354248,-0.05652445927262306,-0.8084102272987366,0.5,0.5741539001464844,0.4258460998535156,149.5751953125,5206586,
-0.14275281131267548,-0.15266364812850952,-0.15266364812850952,-0.15266364812850952,1.2359684705734253,-0.11549874395132065,-0.8424192070960999,0.5,0.6413552165031433,0.3586447834968567,150.4736328125,5237866,
-0.06964567303657532,-0.05042855441570282,-0.05042855441570282,-0.05042855441570282,1.2309849262237549,-0.05657719448208809,-0.7779659628868103,0.5,0.5466930866241455,0.4533068835735321,147.978515625,5150996,
0.24946892261505127,0.1876107007265091,0.1876107007265091,0.1876107007265091,1.174971342086792,0.21231915056705475,-0.7084580659866333,0.5,0.3262864351272583,0.6737135648727417,132.1552734375,4600094,
0.3099597990512848,0.25046470761299133,0.25046470761299133,0.25046470761299133,1.1655747890472412,0.265928715467453,-0.7406061887741089,0.5,0.2680882215499878,0.7319117784500122,134.107421875,4668060,
0.19176197052001953,0.1683872640132904,0.1683872640132904,0.1683872640132904,1.1897251605987549,0.1611817330121994,-0.7103065848350525,0.5,0.3440858721733093,0.6559141278266907,138.919921875,4835612,
-0.06304220855236053,-0.09010659903287888,-0.09010659903287888,-0.09010659903287888,1.1968188285827637,-0.05267481505870819,-0.6872442364692688,0.5,0.5834320783615112,0.41656795144081116,144.103515625,5016084,
-0.130940243601799,-0.05841321125626564,-0.05841321125626564,-0.05841321125626564,1.2012393474578857,-0.10900428891181946,-0.7135833501815796,0.5,0.5540863275527954,0.445913702249527,130.552734375,4544300,
-0.062420185655355453,-0.05640280246734619,-0.05640280246734619,-0.05640280246734619,1.1849333047866821,-0.05267822742462158,-0.6598107814788818,0.5,0.5522248148918152,0.4477751851081848,132.578125,4614816,
-0.24946892261505127,-0.23157718777656555,-0.23157718777656555,-0.23157718777656555,1.174971342086792,-0.21231915056705475,-0.7084580659866333,0.5,0.7144232988357544,0.2855767011642456,140.6796875,4896880,
-0.19781728088855743,-0.184049591422081,-0.184049591422081,-0.184049591422081,1.2004005908966064,-0.1647927165031433,-0.7420184016227722,0.5,0.6704162955284119,0.32958370447158813,138.2255859375,4811438,
-0.3036729097366333,-0.29944825172424316,-0.29944825172424316,-0.29944825172424316,1.1569099426269531,-0.26248621940612793,-0.7080785036087036,0.5,0.7772668600082397,0.22273311018943787,141.23046875,4916056,
-0.18334583938121796,-0.14394547045230865,-0.14394547045230865,-0.14394547045230865,1.166643500328064,-0.15715669095516205,-0.6514973044395447,0.5,0.6332827806472778,0.3667171895503998,131.4052734375,4573982,
-0.18129926919937134,-0.12566907703876495,-0.12566907703876495,-0.12566907703876495,1.1548142433166504,-0.1569943130016327,-0.6238775253295898,0.5,0.6163602471351624,0.38363975286483765,132.716796875,4619644,
-0.06175805255770683,-0.06191380321979523,-0.06191380321979523,-0.06191380321979523,1.1727957725524902,-0.05265882983803749,-0.6324355602264404,0.5,0.5573275685310364,0.4426724314689636,127.3359375,4432304,
0.3899601995944977,0.3517383635044098,0.3517383635044098,0.3517383635044098,1.0163922309875488,0.38367098569869995,-0.4716418385505676,0.5,0.17431628704071045,0.8256837129592896,112.1630859375,3904046,
0.43143436312675476,0.3260982930660248,0.3260982930660248,0.3260982930660248,1.0018961429595947,0.4306178390979767,-0.5015496015548706,0.5,0.1980571746826172,0.8019428253173828,114.6005859375,3988910,
0.3510378301143646,0.2731155455112457,0.2731155455112457,0.2731155455112457,1.0370087623596191,0.33851000666618347,-0.47256484627723694,0.5,0.24711519479751587,0.7528848052024841,116.2744140625,4047186,
0.4438612759113312,0.34833261370658875,0.34833261370658875,0.34833261370658875,1.018730878829956,0.4357002377510071,-0.5614056587219238,0.5,0.17746984958648682,0.8225301504135132,118.2158203125,4114778,
0.4678560495376587,0.3822025954723358,0.3822025954723358,0.3822025954723358,0.9838202595710754,0.4755503237247467,-0.5326736569404602,0.5,0.1461087465286255,0.8538912534713745,114.541015625,3986836,
0.449821799993515,0.3803599774837494,0.3803599774837494,0.3803599774837494,1.026792049407959,0.43808460235595703,-0.5915258526802063,0.5,0.14781486988067627,0.8521851301193237,123.13671875,4286104,
0.3641328811645508,0.31867900490760803,0.31867900490760803,0.31867900490760803,1.0562108755111694,0.3447539508342743,-0.5314795970916748,0.5,0.20492684841156006,0.7950731515884399,123.1708984375,4287294,
0.32140207290649414,0.24991679191589355,0.24991679191589355,0.24991679191589355,1.0754863023757935,0.29884347319602966,-0.5325272679328918,0.5,0.2685955762863159,0.7314044237136841,127.9111328125,4452330,
0.30858394503593445,0.2157272845506668,0.2157272845506668,0.2157272845506668,1.0553284883499146,0.2924055755138397,-0.4742562770843506,0.5,0.3002525568008423,0.6997474431991577,121.1005859375,4215214,
-0.04759017378091812,-0.028045883402228355,-0.028045883402228355,-0.028045883402228355,0.9992188215255737,-0.04762737825512886,-0.02661326341331005,0.5,0.5259684324264526,0.47403156757354736,98.3916015625,3424578,
-0.04766738414764404,0.013269812799990177,0.013269812799990177,0.013269812799990177,1.000496506690979,-0.04764372855424881,-0.0571884959936142,0.5,0.487713098526001,0.512286901473999,104.638671875,3642076,
-0.09614764153957367,-0.0467289537191391,-0.0467289537191391,-0.0467289537191391,0.9956799149513245,-0.09656480699777603,-0.026643304154276848,0.5,0.543267548084259,0.45673245191574097,104.302734375,3630380,
-0.14208950102329254,-0.11912953853607178,-0.11912953853607178,-0.11912953853607178,0.9957726001739502,-0.1426927149295807,-0.11034265160560608,0.5,0.61030513048172,0.38969486951828003,109.4111328125,3808234,
-0.047820333391427994,-0.04712257161736488,-0.04712257161736488,-0.04712257161736488,1.0026851892471313,-0.04769226908683777,-0.08757679164409637,0.5,0.5436320304870605,0.45636799931526184,105.2685546875,3664006,
-0.1426561325788498,-0.0607006773352623,-0.0607006773352623,-0.0607006773352623,0.9994395971298218,-0.14273612201213837,-0.14022023975849152,0.5,0.5562043190002441,0.44379565119743347,104.763671875,3646428,
-0.18798427283763885,-0.17943163216114044,-0.17943163216114044,-0.17943163216114044,0.9847622513771057,-0.1908930540084839,-0.08021427690982819,0.5,0.6661403775215149,0.3338596224784851,106.6240234375,3711198,
-0.2324315458536148,-0.2019689679145813,-0.2019689679145813,-0.2019689679145813,0.974250316619873,-0.2385747730731964,-0.08034750819206238,0.5,0.687008261680603,0.3129917085170746,108.04296875,3760600,
-0.1437157243490219,-0.10279788076877594,-0.10279788076877594,-0.10279788076877594,0.9897552728652954,-0.14520329236984253,-0.026732169091701508,0.5,0.5951831936836243,0.40481680631637573,103.947265625,3618004,
-0.3183719217777252,-0.24642308056354523,-0.24642308056354523,-0.24642308056354523,0.9661983251571655,-0.3295099139213562,-0.2181733250617981,0.5,0.7281695008277893,0.2718304991722107,109.595703125,3814660,
-0.2766461670398712,-0.24471119046211243,-0.24471119046211243,-0.24471119046211243,0.9762369990348816,-0.2833801209926605,-0.1907816231250763,0.5,0.7265844345092773,0.27341556549072266,104.0419921875,3621302,
-0.3205288350582123,-0.30241841077804565,-0.30241841077804565,-0.30241841077804565,0.9721375703811646,-0.3297155201435089,-0.2466961294412613,0.5,0.7800170183181763,0.21998296678066254,107.4228515625,3739010,
-0.14463061094284058,-0.16050752997398376,-0.16050752997398376,-0.16050752997398376,1.0091603994369507,-0.14331775903701782,-0.1994982361793518,0.5,0.6486181020736694,0.35138192772865295,108.349609375,3771276,
-0.14351984858512878,-0.11873369663953781,-0.11873369663953781,-0.11873369663953781,1.003895878791809,-0.14296288788318634,-0.16986191272735596,0.5,0.6099386215209961,0.3900613784790039,104.005859375,3620044,
-0.09720735251903534,-0.07278048992156982,-0.07278048992156982,-0.07278048992156982,1.015794277191162,-0.09569590538740158,-0.2034749835729599,0.5,0.5673893690109253,0.4326106607913971,106.3330078125,3701066,
-0.23824581503868103,-0.20452933013439178,-0.20452933013439178,-0.20452933013439178,1.0013381242752075,-0.23792743682861328,-0.2511979341506958,0.5,0.6893789768218994,0.3106209933757782,105.6572265625,3677538,
-0.24057435989379883,-0.23918499052524567,-0.23918499052524567,-0.23918499052524567,1.0080370903015137,-0.23865625262260437,-0.27913039922714233,0.5,0.7214675545692444,0.2785324454307556,108.869140625,3789364,
-0.3230995535850525,-0.24734072387218475,-0.24734072387218475,-0.24734072387218475,0.9786009788513184,-0.33016476035118103,-0.2749984860420227,0.5,0.7290191650390625,0.2709808051586151,109.3525390625,3806194,
-0.3534919321537018,-0.2607550024986267,-0.2607550024986267,-0.2607550024986267,0.943532407283783,-0.3746473789215088,-0.1896580457687378,0.5,0.7414398193359375,0.2585601806640625,103.18359375,3591416,
-0.38739725947380066,-0.2990894913673401,-0.2990894913673401,-0.2990894913673401,0.9238332509994507,-0.4193367660045624,-0.19004635512828827,0.5,0.7769346833229065,0.2230653017759323,105.619140625,3676212,
-0.31512874364852905,-0.24313759803771973,-0.24313759803771973,-0.24313759803771973,0.9563620090484619,-0.3295077979564667,-0.1617807298898697,0.5,0.7251273989677429,0.2748726010322571,106.62890625,3711368,
-0.3849881887435913,-0.34193500876426697,-0.34193500876426697,-0.34193500876426697,0.9155737161636353,-0.42048847675323486,-0.1362541764974594,0.5,0.8166064620018005,0.18339352309703827,100.9921875,3515120,
-0.4175989329814911,-0.3285665512084961,-0.3285665512084961,-0.3285665512084961,0.9020161628723145,-0.46296170353889465,-0.1908770650625229,0.5,0.8042283058166504,0.195771723985672,103.533203125,3603588,
-0.4148193299770355,-0.35756757855415344,-0.35756757855415344,-0.35756757855415344,0.8939913511276245,-0.4640082120895386,-0.1374216377735138,0.5,0.8310810923576355,0.1689189225435257,99.673828125,3469220,
-0.3142482042312622,-0.2835812270641327,-0.2835812270641327,-0.2835812270641327,0.9463638067245483,-0.33205854892730713,-0.08137217164039612,0.5,0.7625752091407776,0.2374248057603836,105.501953125,3672132,
-0.31481197476387024,-0.20473510026931763,-0.20473510026931763,-0.20473510026931763,0.944153904914856,-0.3334329128265381,-0.054233044385910034,0.5,0.6895695328712463,0.31043046712875366,99.11328125,3449704,
-0.27461594343185425,-0.27439311146736145,-0.27439311146736145,-0.27439311146736145,0.9614554643630981,-0.28562524914741516,-0.08077079057693481,0.5,0.7540676593780518,0.24593231081962585,102.318359375,3561292,
0.5001628398895264,0.3659229874610901,0.3659229874610901,0.3659229874610901,0.7094530463218689,0.7049978375434875,-0.028747402131557465,0.5,0.16118240356445312,0.8388175964355469,89.60546875,3118680,
0.49879106879234314,0.4048236012458801,0.4048236012458801,0.4048236012458801,0.6769253611564636,0.7368479371070862,-0.05784416198730469,0.5,0.12516337633132935,0.8748366236686707,84.078125,2926240,
0.4974749684333801,0.36647889018058777,0.36647889018058777,0.36647889018058777,0.7431998252868652,0.6693690419197083,-0.02873270772397518,0.5,0.16066771745681763,0.8393322825431824,91.4326171875,3182294,
0.5025432705879211,0.4030955731868744,0.4030955731868744,0.4030955731868744,0.6859174966812134,0.7326585054397583,-0.14390434324741364,0.5,0.12676340341567993,0.8732365965843201,90.666015625,3155604,
0.4962232708930969,0.37061575055122375,0.37061575055122375,0.37061575055122375,0.6490675806999207,0.7645171284675598,-0.1443115621805191,0.5,0.15683722496032715,0.8431627750396729,83.2216796875,2896422,
0.4998120665550232,0.36733388900756836,0.36733388900756836,0.36733388900756836,0.6556440591812134,0.7623222470283508,-0.20165018737316132,0.5,0.1598760485649109,0.8401239514350891,83.84375,2918080,
0.4983961284160614,0.4024680554866791,0.4024680554866791,0.4024680554866791,0.7485289573669434,0.6658341288566589,-0.0861101821064949,0.5,0.12734442949295044,0.8726555705070496,93.9365234375,3269470,
0.4905242621898651,0.39690476655960083,0.39690476655960083,0.39690476655960083,0.7803212404251099,0.6286183595657349,-0.08568558841943741,0.5,0.13249558210372925,0.8675044178962708,97.27734375,3385784,
0.49000445008277893,0.3810788691043854,0.3810788691043854,0.3810788691043854,0.7751338481903076,0.632154643535614,-0.0286818016320467,0.5,0.1471492052078247,0.8528507947921753,88.205078125,3069924,
0.39931607246398926,0.2994818687438965,0.2994818687438965,0.2994818687438965,0.44846922159194946,0.8903979659080505,-0.20460273325443268,0.5,0.22270196676254272,0.7772980332374573,79.05859375,2751480,
0.4279063642024994,0.3077826499938965,0.3077826499938965,0.3077826499938965,0.4924103617668152,0.8690035939216614,-0.20403063297271729,0.5,0.21501606702804565,0.7849839329719543,86.2041015625,3000258,
0.4249342679977417,0.2984294295310974,0.2984294295310974,0.2984294295310974,0.48678651452064514,0.8729376196861267,-0.14605559408664703,0.5,0.22367644309997559,0.7763235569000244,79.6640625,2772560,
0.46959537267684937,0.32111528515815735,0.32111528515815735,0.32111528515815735,0.5708770155906677,0.8225858807563782,-0.1453370302915573,0.5,0.20267099142074585,0.7973290085792542,85.73046875,2983768,
0.45248350501060486,0.32781583070755005,0.32781583070755005,0.32781583070755005,0.5352116823196411,0.8454290628433228,-0.2034110128879547,0.5,0.196466863155365,0.803533136844635,88.3310546875,3074310,
0.4852055311203003,0.4021112322807312,0.4021112322807312,0.4021112322807312,0.6106923818588257,0.7945170998573303,-0.1448093205690384,0.5,0.12767481803894043,0.8723251819610596,86.76953125,3019944,
0.4664018154144287,0.3550124764442444,0.3550124764442444,0.3550124764442444,0.5647863745689392,0.8258021473884583,-0.08746953308582306,0.5,0.1712847352027893,0.8287152647972107,81.6416015625,2841410,
0.48083195090293884,0.4327823519706726,0.4327823519706726,0.4327823519706726,0.6016573905944824,0.7991790175437927,-0.05826564505696297,0.5,0.09927558898925781,0.9007244110107422,89.9677734375,3131294,
0.4460482597351074,0.30252039432525635,0.30252039432525635,0.30252039432525635,0.5233508944511414,0.8522928953170776,-0.08756209164857864,0.5,0.21988850831985474,0.7801114916801453,80.861328125,2814244,
0.3534919321537018,0.28228992223739624,0.28228992223739624,0.28228992223739624,0.943532407283783,0.3746473789215088,-0.1896580457687378,0.5,0.23862046003341675,0.7613795399665833,103.7158203125,3609946,
0.31512874364852905,0.22538577020168304,0.22538577020168304,0.22538577020168304,0.9563620090484619,0.3295077979564667,-0.1617807298898697,0.5,0.2913094758987427,0.7086905241012573,103.6240234375,3606750,
0.4175989329814911,0.3100913465023041,0.3100913465023041,0.3100913465023041,0.9020161628723145,0.46296170353889465,-0.1908770650625229,0.5,0.21287840604782104,0.787121593952179,100.375,3493632,
0.18798427283763885,0.13082939386367798,0.13082939386367798,0.13082939386367798,0.9847622513771057,0.1908930540084839,-0.08021427690982819,0.5,0.378861665725708,0.621138334274292,107.1318359375,3728878,
0.09614764153957367,0.07105091214179993,0.07105091214179993,0.07105091214179993,0.9956799149513245,0.09656480699777603,-0.026643304154276848,0.5,0.4342120885848999,0.5657879114151001,107.0078125,3724560,
0.27461594343185425,0.24627171456813812,0.24627171456813812,0.24627171456813812,0.9614554643630981,0.28562524914741516,-0.08077079057693481,0.5,0.27197062969207764,0.7280293703079224,102.623046875,3571900,
0.4624837636947632,0.3478165566921234,0.3478165566921234,0.3478165566921234,0.8446047902107239,0.5475741624832153,-0.14038637280464172,0.5,0.17794770002365112,0.8220522999763489,91.09375,3170496,
0.4815157353878021,0.358168363571167,0.358168363571167,0.358168363571167,0.8203362822532654,0.5869736075401306,-0.16903606057167053,0.5,0.16836261749267578,0.8316373825073242,100.8369140625,3509714,
0.4148193299770355,0.3373274803161621,0.3373274803161621,0.3373274803161621,0.8939913511276245,0.4640082120895386,-0.1374216377735138,0.5,0.18765974044799805,0.812340259552002,99.85546875,3475544,
-0.0,0.011966458521783352,0.011966458521783352,0.011966458521783352,-0.9877366423606873,0.0,-0.09038794785737991,0.5,0.4889199137687683,0.5110800862312317,66.4267578125,2311690,
0.04892512783408165,0.013735434040427208,0.013735434040427208,0.013735434040427208,-0.9864170551300049,-0.049598824232816696,-0.09069570153951645,0.5,0.48728203773498535,0.5127179622650146,62.0693359375,2159982,
-0.04892512783408165,-0.02849475108087063,-0.02849475108087063,-0.02849475108087063,-0.9864170551300049,0.049598824232816696,-0.09069570153951645,0.5,0.5263840556144714,0.47361594438552856,66.7822265625,2324066,
0.04588887095451355,0.015149912796914577,0.015149912796914577,0.015149912796914577,-0.9031111001968384,-0.05081198737025261,-0.2517085671424866,0.5,0.4859723448753357,0.5140276551246643,63.83984375,2221624,
0.0988519936800003,0.11955954879522324,0.11955954879522324,0.11955954879522324,-0.9823437333106995,-0.10062871873378754,-0.09146975725889206,0.5,0.3892967104911804,0.6107032895088196,61.8662109375,2152910,
0.09203224629163742,0.07187552005052567,0.07187552005052567,0.07187552005052567,-0.8963412642478943,-0.10267545282840729,-0.2551392614841461,0.5,0.4334486126899719,0.5665513873100281,65.0126953125,2262458,
-0.04588887095451355,-0.07139106094837189,-0.07139106094837189,-0.07139106094837189,-0.9031111001968384,0.05081198737025261,-0.2517085671424866,0.5,0.5661028623580933,0.4338971674442291,62.1162109375,2161614,
-0.09203224629163742,-0.10993769019842148,-0.10993769019842148,-0.10993769019842148,-0.8963412642478943,0.10267545282840729,-0.2551392614841461,0.5,0.6017941236495972,0.39820584654808044,60.7099609375,2112654,
-0.0988519936800003,-0.10380719602108002,-0.10380719602108002,-0.10380719602108002,-0.9823437333106995,0.10062871873378754,-0.09146975725889206,0.5,0.5961177945137024,0.4038822054862976,64.1318359375,2231790,
0.03342127427458763,0.025523236021399498,0.025523236021399498,0.025523236021399498,-0.6431154608726501,-0.051967766135931015,-0.48146453499794006,0.5,0.47636735439300537,0.5236326456069946,65.3857421875,2275446,
0.03698985278606415,0.022322984412312508,0.022322984412312508,0.022322984412312508,-0.7125521898269653,-0.05191177874803543,-0.4328935742378235,0.5,0.47933053970336914,0.5206694602966309,65.97265625,2295880,
0.06429095566272736,0.06497696787118912,0.06497696787118912,0.06497696787118912,-0.6278122067451477,-0.10240475088357925,-0.4885580539703369,0.5,0.43983614444732666,0.5601638555526733,65.021484375,2262764,
0.18209104239940643,0.16872213780879974,0.16872213780879974,0.16872213780879974,-0.8774946928024292,-0.20751240849494934,-0.2574140429496765,0.5,0.34377580881118774,0.6562241911888123,58.3681640625,2031122,
0.13851629197597504,0.09514753520488739,0.09514753520488739,0.09514753520488739,-0.8875206708908081,-0.15607105195522308,-0.25719913840293884,0.5,0.4119004011154175,0.5880995988845825,60.8125,2116224,
0.24025404453277588,0.20115578174591064,0.20115578174591064,0.20115578174591064,-0.9545720219612122,-0.2516877055168152,-0.09338421374559402,0.5,0.3137446641921997,0.6862553358078003,62.4248046875,2172358,
0.15367217361927032,0.07142603397369385,0.07142603397369385,0.07142603397369385,-0.7462469339370728,-0.20592671632766724,-0.38929644227027893,0.5,0.4338647723197937,0.5661352276802063,66.5234375,2315056,
0.1891792118549347,0.17601826786994934,0.17601826786994934,0.17601826786994934,-0.7281418442726135,-0.2598109245300293,-0.3925776779651642,0.5,0.3370200991630554,0.6629799008369446,63.90625,2223936,
0.09364558756351471,0.07939565181732178,0.07939565181732178,0.07939565181732178,-0.6115151047706604,-0.1531369984149933,-0.4942035675048828,0.5,0.426485538482666,0.573514461517334,63.087890625,2195444,
-0.03342127427458763,-0.057433050125837326,-0.057433050125837326,-0.057433050125837326,-0.6431154608726501,0.051967766135931015,-0.48146453499794006,0.5,0.5531787276268005,0.44682127237319946,64.5439453125,2246138,
-0.06429095566272736,-0.009215641766786575,-0.009215641766786575,-0.009215641766786575,-0.6278122067451477,0.10240475088357925,-0.4885580539703369,0.5,0.5085330009460449,0.4914669990539551,61.96484375,2156344,
-0.03698985278606415,-0.04061447083950043,-0.04061447083950043,-0.04061447083950043,-0.7125521898269653,0.05191177874803543,-0.4328935742378235,0.5,0.5376060009002686,0.46239399909973145,61.3701171875,2135638,
-0.15367217361927032,-0.15252844989299774,-0.15252844989299774,-0.15252844989299774,-0.7462469339370728,0.20592671632766724,-0.38929644227027893,0.5,0.641230046749115,0.358769953250885,63.8525390625,2222066,
-0.09364558756351471,-0.11275636404752731,-0.11275636404752731,-0.11275636404752731,-0.6115151047706604,0.1531369984149933,-0.4942035675048828,0.5,0.6044040322303772,0.3955959677696228,64.908203125,2258820,
-0.1891792118549347,-0.21302931010723114,-0.21302931010723114,-0.21302931010723114,-0.7281418442726135,0.2598109245300293,-0.3925776779651642,0.5,0.6972493529319763,0.3027506470680237,61.8876953125,2153658,
-0.18209104239940643,-0.1565614491701126,-0.1565614491701126,-0.1565614491701126,-0.8774946928024292,0.20751240849494934,-0.2574140429496765,0.5,0.6449642777442932,0.3550357222557068,62.2744140625,2167122,
-0.23480333387851715,-0.18721359968185425,-0.18721359968185425,-0.18721359968185425,-0.9166053533554077,0.2561662197113037,-0.18130595982074738,0.5,0.6733459234237671,0.3266540765762329,58.85546875,2048088,
-0.13851629197597504,-0.1182236298918724,-0.1182236298918724,-0.1182236298918724,-0.8875206708908081,0.15607105195522308,-0.25719913840293884,0.5,0.6094663143157959,0.3905336856842041,65.6552734375,2284830,
0.002950007328763604,0.007986807264387608,0.007986807264387608,0.007986807264387608,-0.0582541786134243,-0.05064027011394501,-0.7644695043563843,0.5,0.4926048517227173,0.5073951482772827,70.5048828125,2453674,
0.006713699083775282,0.022668374702334404,0.022668374702334404,0.022668374702334404,-0.13260583579540253,-0.050628986209630966,-0.736305832862854,0.5,0.47901076078414917,0.5209892392158508,70.3857421875,2449526,
0.009512454271316528,0.02452310547232628,0.02452310547232628,0.02452310547232628,-0.07344638556241989,-0.1295156180858612,-0.7547523975372314,0.5,0.4772934317588806,0.5227065682411194,81.1826171875,2825430,
0.037187810987234116,0.0406484417617321,0.0406484417617321,0.0406484417617321,-0.24533073604106903,-0.15158236026763916,-0.684160053730011,0.5,0.46236252784729004,0.53763747215271,65.3779296875,2275174,
0.010444809682667255,-0.005024599842727184,-0.005024599842727184,-0.005024599842727184,-0.20643766224384308,-0.050595466047525406,-0.706633448600769,0.5,0.5046523809432983,0.4953475892543793,69.595703125,2422020,
0.04829150810837746,0.03490747511386871,0.03490747511386871,0.03490747511386871,-0.318369597196579,-0.15168379247188568,-0.6517332196235657,0.5,0.4676783084869385,0.5323216915130615,67.02734375,2332600,
0.04265949875116348,0.041207388043403625,0.041207388043403625,0.041207388043403625,-0.18530872464179993,-0.23020772635936737,-0.7002923488616943,0.5,0.4618450403213501,0.5381549596786499,71.056640625,2472884,
0.06100493669509888,0.027453042566776276,0.027453042566776276,0.027453042566776276,-0.19766655564308167,-0.3086254894733429,-0.6821056008338928,0.5,0.47458046674728394,0.5254195332527161,64.0107421875,2227574,
0.018204668536782265,-0.005445306189358234,-0.005445306189358234,-0.005445306189358234,-0.08743713051080704,-0.20820294320583344,-0.7417162656784058,0.5,0.5050419569015503,0.4949580430984497,77.6044921875,2700854,
0.20951853692531586,0.2141587883234024,0.2141587883234024,0.2141587883234024,-0.5161901712417603,-0.40589407086372375,-0.49928951263427734,0.5,0.3017048239707947,0.6982951760292053,68.4755859375,2383022,
0.19154249131679535,0.14022232592105865,0.14022232592105865,0.14022232592105865,-0.5367339253425598,-0.3568667471408844,-0.501433253288269,0.5,0.37016451358795166,0.6298354864120483,57.32421875,1994776,
0.29510077834129333,0.2707248032093048,0.2707248032093048,0.2707248032093048,-0.6398395299911499,-0.46121060848236084,-0.39395278692245483,0.5,0.2493288516998291,0.7506711483001709,70.29296875,2446296,
0.2518173158168793,0.24857033789157867,0.24857033789157867,0.24857033789157867,-0.6871365904808044,-0.3664734661579132,-0.39441075921058655,0.5,0.26984232664108276,0.7301576733589172,62.826171875,2186332,
0.1708848476409912,0.12920551002025604,0.12920551002025604,0.12920551002025604,-0.5565470457077026,-0.30704474449157715,-0.5019866228103638,0.5,0.380365252494812,0.619634747505188,63.0615234375,2194526,
0.22214651107788086,0.2168942391872406,0.2168942391872406,0.2168942391872406,-0.708329975605011,-0.31362009048461914,-0.39430707693099976,0.5,0.299172043800354,0.700827956199646,66.73046875,2322264,
0.3609432578086853,0.3100793957710266,0.3100793957710266,0.3100793957710266,-0.7787060141563416,-0.4635167121887207,-0.26093971729278564,0.5,0.2128894329071045,0.7871105670928955,59.2021484375,2060158,
0.38383936882019043,0.3160404562950134,0.3160404562950134,0.3160404562950134,-0.8360617160797119,-0.45910412073135376,-0.1826164424419403,0.5,0.20736998319625854,0.7926300168037415,65.966796875,2295676,
0.3823111057281494,0.2936040461063385,0.2936040461063385,0.2936040461063385,-0.7516087889671326,-0.5086570382118225,-0.2618621587753296,0.5,0.22814440727233887,0.7718555927276611,62.84375,2186944,
0.2203700691461563,0.2073839157819748,0.2073839157819748,0.2073839157819748,-0.4517156481742859,-0.4878512918949127,-0.5080609917640686,0.5,0.3079778552055359,0.6920221447944641,58.2890625,2028368,
0.2691707909107208,0.2661757469177246,0.2661757469177246,0.2661757469177246,-0.5002027750015259,-0.538123369216919,-0.45646560192108154,0.5,0.2535409927368164,0.7464590072631836,62.5546875,2176880,
0.21135005354881287,0.18338200449943542,0.18338200449943542,0.18338200449943542,-0.40953898429870605,-0.5160682201385498,-0.5203895568847656,0.5,0.3302018642425537,0.6697981357574463,65.91796875,2293976,
0.3551563322544098,0.31598132848739624,0.31598132848739624,0.31598132848739624,-0.5076601505279541,-0.6995946764945984,-0.34423235058784485,0.5,0.20742470026016235,0.7925752997398376,62.8369140625,2186706,
0.3197968006134033,0.3169938921928406,0.3169938921928406,0.3169938921928406,-0.545547366142273,-0.5861943960189819,-0.3992624878883362,0.5,0.20648711919784546,0.7935128808021545,60.337890625,2099700,
0.4027770459651947,0.34568116068840027,0.34568116068840027,0.34568116068840027,-0.5428186058998108,-0.7420104146003723,-0.26784178614616394,0.5,0.17992490530014038,0.8200750946998596,62.6337890625,2179634,
0.28926119208335876,0.2398049682378769,0.2398049682378769,0.2398049682378769,-0.42321494221687317,-0.6834853291511536,-0.41832277178764343,0.5,0.27795833349227905,0.722041666507721,65.8447265625,2291426,
0.2677578330039978,0.22563199698925018,0.22563199698925018,0.22563199698925018,-0.3756187856197357,-0.7128446102142334,-0.42601218819618225,0.5,0.2910814881324768,0.7089185118675232,62.2275390625,2165490,
0.19937047362327576,0.18011146783828735,0.18011146783828735,0.18011146783828735,-0.3663718104362488,-0.5441752672195435,-0.5316458940505981,0.5,0.3332301378250122,0.6667698621749878,65.306640625,2272692,
-0.002950007328763604,-0.018008945509791374,-0.018008945509791374,-0.018008945509791374,-0.0582541786134243,0.05064027011394501,-0.7644695043563843,0.5,0.5166749358177185,0.4833250641822815,70.9775390625,2470130,
-0.023373056203126907,-0.00070158950984478,-0.00070158950984478,-0.00070158950984478,-0.12986725568771362,0.17997652292251587,-0.7286569476127625,0.5,0.500649631023407,0.499350368976593,67.826171875,2360412,
-0.006713699083775282,-0.012666558846831322,-0.012666558846831322,-0.012666558846831322,-0.13260583579540253,0.050628986209630966,-0.736305832862854,0.5,0.5117282867431641,0.48827168345451355,71.8046875,2498928,
-0.06734542548656464,-0.04922470077872276,-0.04922470077872276,-0.04922470077872276,-0.2401191145181656,0.2804667353630066,-0.6692747473716736,0.5,0.5455784201622009,0.4544215798377991,64.62890625,2249096,
-0.06100493669509888,-0.02581135556101799,-0.02581135556101799,-0.02581135556101799,-0.19766655564308167,0.3086254894733429,-0.6821056008338928,0.5,0.5238994359970093,0.4761005938053131,70.9375,2468736,
-0.09684360027313232,-0.10928118228912354,-0.10928118228912354,-0.10928118228912354,-0.29341191053390503,0.330060213804245,-0.6358322501182556,0.5,0.6011862754821777,0.39881372451782227,61.02734375,2123704,
-0.037187810987234116,-0.025941049680113792,-0.025941049680113792,-0.025941049680113792,-0.24533073604106903,0.15158236026763916,-0.684160053730011,0.5,0.5240194797515869,0.4759804904460907,70.1494140625,2441298,
-0.04829150810837746,-0.038760956376791,-0.038760956376791,-0.038760956376791,-0.318369597196579,0.15168379247188568,-0.6517332196235657,0.5,0.535889744758606,0.46411022543907166,69.1572265625,2406754,
-0.010444809682667255,-0.022055376321077347,-0.022055376321077347,-0.022055376321077347,-0.20643766224384308,0.050595466047525406,-0.706633448600769,0.5,0.5204216241836548,0.4795783460140228,65.16796875,2267864,
-0.2203700691461563,-0.17571690678596497,-0.17571690678596497,-0.17571690678596497,-0.4517156481742859,0.4878512918949127,-0.5080609917640686,0.5,0.6627008318901062,0.3372991681098938,62.9970703125,2192282,
-0.21135005354881287,-0.2291509211063385,-0.2291509211063385,-0.2291509211063385,-0.40953898429870605,0.5160682201385498,-0.5203895568847656,0.5,0.7121767997741699,0.28782323002815247,63.658203125,2215300,
-0.31513726711273193,-0.2623499929904938,-0.2623499929904938,-0.2623499929904938,-0.5068128108978271,0.6218020915985107,-0.40463802218437195,0.5,0.7429166436195374,0.25708335638046265,68.7216796875,2391590,
-0.28926119208335876,-0.26980483531951904,-0.26980483531951904,-0.26980483531951904,-0.42321494221687317,0.6834853291511536,-0.41832277178764343,0.5,0.749819278717041,0.250180721282959,62.654296875,2180348,
-0.19937047362327576,-0.17865312099456787,-0.17865312099456787,-0.17865312099456787,-0.3663718104362488,0.5441752672195435,-0.5316458940505981,0.5,0.6654195785522461,0.3345804512500763,64.3798828125,2240426,
-0.2677578330039978,-0.24578547477722168,-0.24578547477722168,-0.24578547477722168,-0.3756187856197357,0.7128446102142334,-0.42601218819618225,0.5,0.7275791168212891,0.27242085337638855,63.8173828125,2220842,
-0.38767966628074646,-0.3496864438056946,-0.3496864438056946,-0.3496864438056946,-0.5009389519691467,0.7739059925079346,-0.26903092861175537,0.5,0.8237837553024292,0.1762162744998932,59.521484375,2071276,
-0.4047830402851105,-0.3576303720474243,-0.3576303720474243,-0.3576303720474243,-0.48561006784439087,0.8335556983947754,-0.18596649169921875,0.5,0.8311392068862915,0.1688607782125473,62.3525390625,2169842,
-0.4027770459651947,-0.3336804509162903,-0.3336804509162903,-0.3336804509162903,-0.5428186058998108,0.7420104146003723,-0.26784178614616394,0.5,0.8089633584022522,0.1910366266965866,66.8740234375,2327262,
-0.20951853692531586,-0.19123166799545288,-0.19123166799545288,-0.19123166799545288,-0.5161901712417603,0.40589407086372375,-0.49928951263427734,0.5,0.6770663261413574,0.3229336440563202,63.5869140625,2212818,
-0.2584628462791443,-0.2283400297164917,-0.2283400297164917,-0.2283400297164917,-0.5656458139419556,0.4569340944290161,-0.44941386580467224,0.5,0.7114259004592896,0.28857406973838806,68.8662109375,2396622,
-0.19154249131679535,-0.10775311291217804,-0.10775311291217804,-0.10775311291217804,-0.5367339253425598,0.3568667471408844,-0.501433253288269,0.5,0.5997713804244995,0.4002286195755005,66.2900390625,2306930,
-0.32895100116729736,-0.28455907106399536,-0.28455907106399536,-0.28455907106399536,-0.7097659707069397,0.46346405148506165,-0.3334757089614868,0.5,0.7634806036949158,0.23651939630508423,63.337890625,2204148,
-0.30968141555786133,-0.28447335958480835,-0.28447335958480835,-0.28447335958480835,-0.6118850708007812,0.506110429763794,-0.3940708339214325,0.5,0.7634012699127197,0.23659874498844147,62.3759765625,2170658,
-0.3823111057281494,-0.3572371304035187,-0.3572371304035187,-0.3572371304035187,-0.7516087889671326,0.5086570382118225,-0.2618621587753296,0.5,0.8307751417160034,0.16922488808631897,60.435546875,2103100,
-0.2518173158168793,-0.22660472989082336,-0.22660472989082336,-0.22660472989082336,-0.6871365904808044,0.3664734661579132,-0.39441075921058655,0.5,0.7098191976547241,0.2901808023452759,60.0703125,2090384,
-0.22214651107788086,-0.1852777600288391,-0.1852777600288391,-0.1852777600288391,-0.708329975605011,0.31362009048461914,-0.39430707693099976,0.5,0.6715534925460815,0.32844653725624084,62.46484375,2173752,
-0.1708848476409912,-0.15941518545150757,-0.15941518545150757,-0.15941518545150757,-0.5565470457077026,0.30704474449157715,-0.5019866228103638,0.5,0.647606611251831,0.35239335894584656,60.2958984375,2098238,
0.0490085706114769,0.02805505506694317,0.02805505506694317,0.02805505506694317,0.9987954497337341,0.049067676067352295,0.0,0.5,0.47402310371398926,0.5259768962860107,104.1298828125,3624362,
0.09614764153957367,0.035603757947683334,0.035603757947683334,0.035603757947683334,0.9956799149513245,0.09656480699777603,0.026643304154276848,0.5,0.4670335650444031,0.5329664349555969,104.9931640625,3654418,
0.1437157243490219,0.12733657658100128,0.12733657658100128,0.12733657658100128,0.9897552728652954,0.14520329236984253,-0.026732169091701508,0.5,0.3820957541465759,0.6179042458534241,101.8154296875,3543782,
0.1899665743112564,0.12596331536769867,0.12596331536769867,0.12596331536769867,0.9814397692680359,0.19355908036231995,0.026761598885059357,0.5,0.38336730003356934,0.6166326999664307,103.38671875,3598488,
0.14254942536354065,0.12274158000946045,0.12274158000946045,0.12274158000946045,0.9910062551498413,0.14384311437606812,0.05332430079579353,0.5,0.3863503932952881,0.6136496067047119,110.03515625,3829960,
0.23312488198280334,0.18063370883464813,0.18063370883464813,0.18063370883464813,0.972227931022644,0.23978418111801147,0.053783345967531204,0.5,0.33274656534194946,0.6672534346580505,98.5986328125,3431786,
0.2341209203004837,0.17935597896575928,0.17935597896575928,0.17935597896575928,0.9708424806594849,0.2411523312330246,-0.027070745825767517,0.5,0.3339296579360962,0.6660703420639038,102.912109375,3581964,
0.31481197476387024,0.27428218722343445,0.27428218722343445,0.27428218722343445,0.944153904914856,0.3334329128265381,-0.054233044385910034,0.5,0.24603503942489624,0.7539649605751038,100.05859375,3482616,
0.23312488198280334,0.19239196181297302,0.19239196181297302,0.19239196181297302,0.972227931022644,0.23978418111801147,-0.053783345967531204,0.5,0.32185930013656616,0.6781406998634338,102.5625,3569792,
0.3522668182849884,0.3242678940296173,0.3242678940296173,0.3242678940296173,0.9249823689460754,0.38083624839782715,0.027207141742110252,0.5,0.19975191354751587,0.8002480864524841,96.3515625,3353552,
0.3157791793346405,0.23396795988082886,0.23396795988082886,0.23396795988082886,0.9425561428070068,0.33502426743507385,0.027180686593055725,0.5,0.2833629846572876,0.7166370153427124,100.4072265625,3494754,
0.3843577802181244,0.2852962017059326,0.2852962017059326,0.2852962017059326,0.907189667224884,0.4236796200275421,0.055483367294073105,0.5,0.23583686351776123,0.7641631364822388,101.0634765625,3517602,
0.3141891658306122,0.2580725848674774,0.2580725848674774,0.2580725848674774,0.949064314365387,0.3310514986515045,0.10788612067699432,0.5,0.2610439658164978,0.7389560341835022,104.2822265625,3629666,
0.27461594343185425,0.22226908802986145,0.22226908802986145,0.22226908802986145,0.9614554643630981,0.28562524914741516,0.08077079057693481,0.5,0.294195294380188,0.705804705619812,104.4130859375,3634222,
0.3144495189189911,0.21537882089614868,0.21537882089614868,0.21537882089614868,0.952439546585083,0.33015167713165283,0.13492271304130554,0.5,0.3005751967430115,0.6994248032569885,101.2734375,3524912,
0.3843142092227936,0.24458038806915283,0.24458038806915283,0.24458038806915283,0.912310004234314,0.4212539792060852,0.10961878299713135,0.5,0.27353668212890625,0.7264633178710938,98.42578125,3425768,
0.4148193299770355,0.33730021119117737,0.33730021119117737,0.33730021119117737,0.8939913511276245,0.4640082120895386,0.1374216377735138,0.5,0.18768495321273804,0.812315046787262,103.763671875,3611612,
0.4136190712451935,0.3501700162887573,0.3501700162887573,0.3501700162887573,0.8879135847091675,0.46583256125450134,0.08373475074768066,0.5,0.17576849460601807,0.8242315053939819,98.052734375,3412780,
0.38502952456474304,0.23792852461338043,0.23792852461338043,0.23792852461338043,0.9054391384124756,0.4252406358718872,-0.028318436816334724,0.5,0.2796958088874817,0.7203041911125183,98.1552734375,3416350,
0.4144601821899414,0.30040740966796875,0.30040740966796875,0.30040740966796875,0.8834822177886963,0.46912112832069397,-0.02834300324320793,0.5,0.22184503078460693,0.7781549692153931,103.9443359375,3617902,
0.3843577802181244,0.2747652232646942,0.2747652232646942,0.2747652232646942,0.907189667224884,0.4236796200275421,-0.055483367294073105,0.5,0.2455877661705017,0.7544122338294983,100.017578125,3481188,
0.460835337638855,0.3687254786491394,0.3687254786491394,0.3687254786491394,0.8382152318954468,0.5497816205024719,-0.08526287227869034,0.5,0.1585875153541565,0.8414124846458435,98.4130859375,3425326,
0.43987715244293213,0.32649579644203186,0.32649579644203186,0.32649579644203186,0.8594261407852173,0.5118265748023987,-0.028412673622369766,0.5,0.19768905639648438,0.8023109436035156,98.9619140625,3444434,
0.4779711067676544,0.3677770495414734,0.3677770495414734,0.3677770495414734,0.8102178573608398,0.5899291038513184,-0.08537700027227402,0.5,0.1594657301902771,0.8405342698097229,89.5634765625,3117218,
0.4397912323474884,0.3258574306964874,0.3258574306964874,0.3258574306964874,0.8670614361763,0.5072203874588013,-0.11210429668426514,0.5,0.19828015565872192,0.8017198443412781,98.7021484375,3435390,
0.44072088599205017,0.30343297123908997,0.30343297123908997,0.30343297123908997,0.8703346252441406,0.5063809752464294,-0.13883048295974731,0.5,0.2190435528755188,0.7809564471244812,99.5888671875,3466262,
0.3841325640678406,0.31832388043403625,0.31832388043403625,0.31832388043403625,0.9094692468643188,0.422370046377182,-0.08252385258674622,0.5,0.2052556276321411,0.7947443723678589,99.8359375,3474864,
0.5001628398895264,0.4082184135913849,0.4082184135913849,0.4082184135913849,0.7094530463218689,0.7049978375434875,0.028747402131557465,0.5,0.1220199465751648,0.8779800534248352,88.9287109375,3095118,
0.4974749684333801,0.38815832138061523,0.38815832138061523,0.38815832138061523,0.7431998252868652,0.6693690419197083,0.02873270772397518,0.5,0.14059418439865112,0.8594058156013489,88.9853515625,3097090,
0.49879106879234314,0.40343233942985535,0.40343233942985535,0.40343233942985535,0.6769253611564636,0.7368479371070862,0.05784416198730469,0.5,0.1264515519142151,0.8735484480857849,91.298828125,3177636,
0.4983961284160614,0.4314245581626892,0.4314245581626892,0.4314245581626892,0.7485289573669434,0.6658341288566589,0.0861101821064949,0.5,0.10053282976150513,0.8994671702384949,93.35546875,3249240,
0.49000445008277893,0.3437461853027344,0.3437461853027344,0.3437461853027344,0.7751338481903076,0.632154643535614,0.0286818016320467,0.5,0.18171650171279907,0.8182834982872009,94.3544921875,3284022,
0.4905242621898651,0.38367709517478943,0.38367709517478943,0.38367709517478943,0.7803212404251099,0.6286183595657349,0.08568558841943741,0.5,0.1447434425354004,0.8552565574645996,93.2041015625,3243970,
0.5010362863540649,0.35405537486076355,0.35405537486076355,0.35405537486076355,0.6827737092971802,0.7338247895240784,0.11524681746959686,0.5,0.1721709966659546,0.8278290033340454,89.9580078125,3130954,
0.4962232708930969,0.42407116293907166,0.42407116293907166,0.42407116293907166,0.6490675806999207,0.7645171284675598,0.1443115621805191,0.5,0.10734158754348755,0.8926584124565125,92.9365234375,3234654,
0.4933426082134247,0.40277963876724243,0.40277963876724243,0.40277963876724243,0.643033504486084,0.767211377620697,0.08694470673799515,0.5,0.12705588340759277,0.8729441165924072,87.5537109375,3047246,
0.5069054365158081,0.37370648980140686,0.37370648980140686,0.37370648980140686,0.7662315368652344,0.6615564823150635,0.22692638635635376,0.5,0.1539754867553711,0.8460245132446289,101.8759765625,3545890,
0.4964352548122406,0.36583998799324036,0.36583998799324036,0.36583998799324036,0.7942509055137634,0.62503582239151,0.19784964621067047,0.5,0.1612592339515686,0.8387407660484314,93.044921875,3238428,
0.5095723271369934,0.42353683710098267,0.42353683710098267,0.42353683710098267,0.7704794406890869,0.6613704562187195,0.2554856240749359,0.5,0.10783630609512329,0.8921636939048767,96.48046875,3358040,
0.46580973267555237,0.4073735773563385,0.4073735773563385,0.4073735773563385,0.8522234559059143,0.5465816855430603,0.19375520944595337,0.5,0.1228022575378418,0.8771977424621582,98.029296875,3411964,
0.4815157353878021,0.3425416946411133,0.3425416946411133,0.3425416946411133,0.8203362822532654,0.5869736075401306,0.16903606057167053,0.5,0.1828317642211914,0.8171682357788086,97.2080078125,3383370,
0.4420856237411499,0.34938845038414,0.34938845038414,0.34938845038414,0.8739922046661377,0.5058233141899109,0.16542282700538635,0.5,0.17649221420288086,0.8235077857971191,101.349609375,3527564,
0.488567054271698,0.42818477749824524,0.42818477749824524,0.42818477749824524,0.8330200910568237,0.5865009427070618,0.2506817579269409,0.5,0.10353261232376099,0.896467387676239,99.6767578125,3469322,
0.49174514412879944,0.36063051223754883,0.36063051223754883,0.36063051223754883,0.8378854990005493,0.5868882536888123,0.27881547808647156,0.5,0.16608285903930664,0.8339171409606934,87.6318359375,3049966,
0.5124695897102356,0.3865167200565338,0.3865167200565338,0.3865167200565338,0.7748808860778809,0.6613526940345764,0.2839616537094116,0.5,0.14211416244506836,0.8578858375549316,89.3486328125,3109738,
0.5084348917007446,0.39997386932373047,0.39997386932373047,0.39997386932373047,0.6965513825416565,0.729931652545929,0.229903906583786,0.5,0.12965381145477295,0.870346188545227,86.4140625,3007568,
0.49226120114326477,0.3665273189544678,0.3665273189544678,0.3665273189544678,0.6234784126281738,0.7895401120185852,0.25955930352211,0.5,0.16062289476394653,0.8393771052360535,90.35546875,3144792,
0.5062742829322815,0.3646133840084076,0.3646133840084076,0.3646133840084076,0.6928583979606628,0.7307038307189941,0.2012423872947693,0.5,0.16239506006240845,0.8376049399375916,91.6376953125,3189434,
0.4957355558872223,0.37462031841278076,0.37462031841278076,0.37462031841278076,0.6300614476203918,0.7868050932884216,0.3169516921043396,0.5,0.15312933921813965,0.8468706607818604,89.89453125,3128744,
0.49405720829963684,0.38833320140838623,0.38833320140838623,0.38833320140838623,0.6268048286437988,0.7882153987884521,0.2882404923439026,0.5,0.1404322385787964,0.8595677614212036,86.228515625,3001108,
0.513143002986908,0.3897240161895752,0.3897240161895752,0.3897240161895752,0.7042359113693237,0.7286521792411804,0.2871529161930084,0.5,0.1391444206237793,0.8608555793762207,93.7353515625,3262466,
0.47279849648475647,0.36235541105270386,0.36235541105270386,0.36235541105270386,0.5767753720283508,0.8197272419929504,0.20276013016700745,0.5,0.16448575258255005,0.83551424741745,80.8720703125,2814618,
0.45248350501060486,0.31168419122695923,0.31168419122695923,0.31168419122695923,0.5352116823196411,0.8454290628433228,0.2034110128879547,0.5,0.21140354871749878,0.7885964512825012,86.5234375,3011376,
0.4868614077568054,0.4007229208946228,0.4007229208946228,0.4007229208946228,0.6137553453445435,0.7932499647140503,0.17347733676433563,0.5,0.1289602518081665,0.8710397481918335,90.994140625,3167028,
0.04759017378091812,0.020355673506855965,0.020355673506855965,0.020355673506855965,0.9992188215255737,0.04762737825512886,-0.02661326341331005,0.5,0.48115211725234985,0.5188478827476501,105.16015625,3660232,
0.14254942536354065,0.09810785204172134,0.09810785204172134,0.09810785204172134,0.9910062551498413,0.14384311437606812,-0.05332430079579353,0.5,0.4091593623161316,0.5908406376838684,108.1015625,3762640,
0.04766738414764404,-0.00279920338653028,-0.00279920338653028,-0.00279920338653028,1.000496506690979,0.04764372855424881,-0.0571884959936142,0.5,0.5025918483734131,0.4974081218242645,107.3095703125,3735066,
0.23198142647743225,0.15645429491996765,0.15645429491996765,0.15645429491996765,0.9769327640533447,0.2374589443206787,-0.10697322338819504,0.5,0.3551349639892578,0.6448650360107422,109.0947265625,3797218,
0.2324315458536148,0.11903060972690582,0.11903060972690582,0.11903060972690582,0.974250316619873,0.2385747730731964,-0.08034750819206238,0.5,0.3897864818572998,0.6102135181427002,107.376953125,3737412,
0.2745320796966553,0.20071466267108917,0.20071466267108917,0.20071466267108917,0.9674766063690186,0.2837609350681305,-0.1342722773551941,0.5,0.31415313482284546,0.6858468651771545,108.20703125,3766312,
0.14208950102329254,0.17278233170509338,0.17278233170509338,0.17278233170509338,0.9957726001739502,0.1426927149295807,-0.11034265160560608,0.5,0.34001636505126953,0.6599836349487305,103.5009765625,3602466,
0.1426561325788498,0.09921019524335861,0.09921019524335861,0.09921019524335861,0.9994395971298218,0.14273612201213837,-0.14022023975849152,0.5,0.4081386923789978,0.5918613076210022,111.3203125,3874704,
0.047820333391427994,0.034937214106321335,0.034937214106321335,0.034937214106321335,1.0026851892471313,0.04769226908683777,-0.08757679164409637,0.5,0.46765071153640747,0.5323492884635925,103.8095703125,3613210,
0.3891794979572296,0.34421101212501526,0.34421101212501526,0.34421101212501526,0.9287142157554626,0.4190519452095032,-0.21686893701553345,0.5,0.18128609657287598,0.818713903427124,104.25390625,3628680,
0.38739725947380066,0.28600576519966125,0.28600576519966125,0.28600576519966125,0.9238332509994507,0.4193367660045624,-0.19004635512828827,0.5,0.2351798415184021,0.7648201584815979,107.32421875,3735576,
0.4488148093223572,0.3686016798019409,0.3686016798019409,0.3686016798019409,0.8876355290412903,0.5056295990943909,-0.2469431757926941,0.5,0.15870213508605957,0.8412978649139404,104.1142578125,3623818,
0.4438672661781311,0.3514958322048187,0.3514958322048187,0.3514958322048187,0.8780595064163208,0.5055093169212341,-0.19205161929130554,0.5,0.1745409369468689,0.8254590630531311,97.7041015625,3400642,
0.385988712310791,0.2810840308666229,0.2810840308666229,0.2810840308666229,0.919463038444519,0.41979795694351196,-0.16323037445545197,0.5,0.23973703384399414,0.7602629661560059,105.9951171875,3689302,
0.4420856237411499,0.3673887550830841,0.3673887550830841,0.3673887550830841,0.8739922046661377,0.5058233141899109,-0.16542282700538635,0.5,0.15982520580291748,0.8401747941970825,102.0537109375,3552078,
0.488567054271698,0.4180627167224884,0.4180627167224884,0.4180627167224884,0.8330200910568237,0.5865009427070618,-0.2506817579269409,0.5,0.11290490627288818,0.8870950937271118,97.4892578125,3393162,
0.5014845132827759,0.4343480169773102,0.4343480169773102,0.4343480169773102,0.8027001023292542,0.6247470378875732,-0.25292718410491943,0.5,0.09782588481903076,0.9021741151809692,93.0400390625,3238258,
0.49174514412879944,0.3636026382446289,0.3636026382446289,0.3636026382446289,0.8378854990005493,0.5868882536888123,-0.27881547808647156,0.5,0.16333091259002686,0.8366690874099731,95.8330078125,3335498,
0.3183719217777252,0.2554088830947876,0.2554088830947876,0.2554088830947876,0.9661983251571655,0.3295099139213562,-0.2181733250617981,0.5,0.2635102868080139,0.7364897131919861,103.7060546875,3609606,
0.3205288350582123,0.2460765838623047,0.2460765838623047,0.2460765838623047,0.9721375703811646,0.3297155201435089,-0.2466961294412613,0.5,0.27215129137039185,0.7278487086296082,105.2138671875,3662102,
0.2766461670398712,0.24127177894115448,0.24127177894115448,0.24127177894115448,0.9762369990348816,0.2833801209926605,-0.1907816231250763,0.5,0.276600182056427,0.723399817943573,106.3486328125,3701610,
0.23824581503868103,0.19277888536453247,0.19277888536453247,0.19277888536453247,1.0013381242752075,0.23792743682861328,-0.2511979341506958,0.5,0.3215010166168213,0.6784989833831787,105.662109375,3677708,
0.3230995535850525,0.2226627767086029,0.2226627767086029,0.2226627767086029,0.9786009788513184,0.33016476035118103,-0.2749984860420227,0.5,0.2938308119773865,0.7061691880226135,108.91796875,3791064,
0.24057435989379883,0.1397390067577362,0.1397390067577362,0.1397390067577362,1.0080370903015137,0.23865625262260437,-0.27913039922714233,0.5,0.37061208486557007,0.6293879151344299,108.8349609375,3788174,
0.14463061094284058,0.08503390848636627,0.08503390848636627,0.08503390848636627,1.0091603994369507,0.14331775903701782,-0.1994982361793518,0.5,0.4212648868560791,0.5787351131439209,106.1396484375,3694334,
0.09720735251903534,0.08213168382644653,0.08213168382644653,0.08213168382644653,1.015794277191162,0.09569590538740158,-0.2034749835729599,0.5,0.4239521622657776,0.5760478377342224,108.1865234375,3765598,
0.14351984858512878,0.11179368942975998,0.11179368942975998,0.11179368942975998,1.003895878791809,0.14296288788318634,-0.16986191272735596,0.5,0.396487295627594,0.603512704372406,110.794921875,3856412,
0.07388363033533096,0.05431852489709854,0.05431852489709854,0.05431852489709854,1.2357674837112427,0.059787649661302567,-0.9159721732139587,0.5,0.4497050642967224,0.5502949357032776,149.3095703125,5197338,
0.07347841560840607,0.06398213654756546,0.06398213654756546,0.06398213654756546,1.2457098960876465,0.05898517370223999,-0.8798784017562866,0.5,0.44075727462768555,0.5592427253723145,149.671875,5209952,
0.07247431576251984,0.04095761477947235,0.04095761477947235,0.04095761477947235,1.143873691558838,0.06335867196321487,-0.9815413355827332,0.5,0.46207624673843384,0.5379237532615662,146.0810546875,5084934,
0.20403388142585754,0.19928723573684692,0.19928723573684692,0.19928723573684692,1.2172257900238037,0.16762204468250275,-0.805504322052002,0.5,0.31547480821609497,0.684525191783905,146.0634765625,5084322,
0.07381580024957657,0.08210128545761108,0.08210128545761108,0.08210128545761108,1.2454619407653809,0.059267811477184296,-0.8446534872055054,0.5,0.4239802956581116,0.5760197043418884,147.2333984375,5125054,
0.06964567303657532,0.033349547535181046,0.033349547535181046,0.033349547535181046,1.2309849262237549,0.05657719448208809,-0.7779659628868103,0.5,0.46912074089050293,0.5308792591094971,144.783203125,5039748,
0.22350208461284637,0.22274792194366455,0.22274792194366455,0.22274792194366455,1.1572322845458984,0.19313502311706543,-0.9448522329330444,0.5,0.29375195503234863,0.7062480449676514,145.7998046875,5075142,
0.19486184418201447,0.16950520873069763,0.16950520873069763,0.16950520873069763,1.0388740301132202,0.1875702291727066,-0.9789433479309082,0.5,0.3430507779121399,0.6569492220878601,130.482421875,4541852,
0.06587901711463928,0.07196622341871262,0.07196622341871262,0.07196622341871262,1.0616278648376465,0.06205471605062485,-0.9955838918685913,0.5,0.4333646297454834,0.5666353702545166,143.7958984375,5005374,
0.39244651794433594,0.3668094277381897,0.3668094277381897,0.3668094277381897,1.1029847860336304,0.35580411553382874,-0.6782999634742737,0.5,0.160361647605896,0.839638352394104,129.8251953125,4518970,
0.35372233390808105,0.337555468082428,0.337555468082428,0.337555468082428,1.1353853940963745,0.31154385209083557,-0.7091472148895264,0.5,0.1874486804008484,0.8125513195991516,134.54296875,4683224,
0.34433308243751526,0.24983841180801392,0.24983841180801392,0.24983841180801392,1.1164333820343018,0.30842241644859314,-0.6483568549156189,0.5,0.26866817474365234,0.7313318252563477,132.18359375,4601080,
0.06841804832220078,0.05907801538705826,0.05907801538705826,0.05907801538705826,1.2093430757522583,0.05657455697655678,-0.7181968688964844,0.5,0.44529813528060913,0.5547018647193909,135.70703125,4723752,
0.130940243601799,0.1050337553024292,0.1050337553024292,0.1050337553024292,1.2012393474578857,0.10900428891181946,-0.7135833501815796,0.5,0.4027464985847473,0.5972535014152527,134.193359375,4671052,
0.06903410702943802,0.06934314221143723,0.06934314221143723,0.06934314221143723,1.2206212282180786,0.05655653774738312,-0.7475414872169495,0.5,0.435793399810791,0.564206600189209,139.1533203125,4843738,
0.18334583938121796,0.15777908265590668,0.15777908265590668,0.15777908265590668,1.166643500328064,0.15715669095516205,-0.6514973044395447,0.5,0.3539082407951355,0.6460917592048645,138.1044921875,4807222,
0.12377271801233292,0.13232973217964172,0.13232973217964172,0.13232973217964172,1.1773045063018799,0.10513228923082352,-0.6550001502037048,0.5,0.377472460269928,0.622527539730072,134.73046875,4689752,
0.18129926919937134,0.17375320196151733,0.17375320196151733,0.17375320196151733,1.1548142433166504,0.1569943130016327,-0.6238775253295898,0.5,0.3391174077987671,0.6608825922012329,134.0322265625,4665442,
0.4483199119567871,0.3944453299045563,0.3944453299045563,0.3944453299045563,1.055911898612976,0.42458078265190125,-0.8206505179405212,0.5,0.13477283716201782,0.8652271628379822,129.439453125,4505540,
0.40446004271507263,0.3615880310535431,0.3615880310535431,0.3615880310535431,0.9358277916908264,0.43219494819641113,-0.8903542757034302,0.5,0.1651962399482727,0.8348037600517273,126.0009765625,4385826,
0.4088970720767975,0.36612996459007263,0.36612996459007263,0.36612996459007263,1.0864217281341553,0.37637048959732056,-0.8570225238800049,0.5,0.16099083423614502,0.839009165763855,138.171875,4809568,
0.22734226286411285,0.19313672184944153,0.19313672184944153,0.19313672184944153,0.7873082160949707,0.28875890374183655,-0.9503629803657532,0.5,0.3211696743965149,0.6788303256034851,116.052734375,4039468,
0.35448920726776123,0.2859936058521271,0.2859936058521271,0.2859936058521271,0.8311986327171326,0.4264795482158661,-0.9043999910354614,0.5,0.23519110679626465,0.7648088932037354,115.623046875,4024508,
0.1971459984779358,0.17680655419826508,0.17680655419826508,0.17680655419826508,0.6957709789276123,0.2833489775657654,-0.9403221607208252,0.5,0.33629024028778076,0.6637097597122192,105.5302734375,3673118,
0.14537343382835388,0.05056753009557724,0.05056753009557724,0.05056753009557724,0.8402163982391357,0.17301903665065765,-0.9780258536338806,0.5,0.4531782269477844,0.5468217730522156,123.99609375,4316024,
0.09060092270374298,0.1032944992184639,0.1032944992184639,0.1032944992184639,0.7827482223510742,0.11574721336364746,-0.9779751300811768,0.5,0.4043569564819336,0.5956430435180664,125.3115234375,4361822,
0.17297808825969696,0.12451375275850296,0.12451375275850296,0.12451375275850296,0.9391969442367554,0.18417659401893616,-0.9825440049171448,0.5,0.3847094774246216,0.6152905225753784,127.6494140625,4443218,
0.5312677025794983,0.405421644449234,0.405421644449234,0.405421644449234,0.8030491471290588,0.6615630984306335,-0.4546312689781189,0.5,0.12460958957672119,0.8753904104232788,98.9775390625,3444978,
0.5294121503829956,0.4125197231769562,0.4125197231769562,0.4125197231769562,0.844210147857666,0.6271094679832458,-0.4819764494895935,0.5,0.11803728342056274,0.8819627165794373,103.3544921875,3597366,
0.522314190864563,0.39855125546455383,0.39855125546455383,0.39855125546455383,0.8330878615379333,0.6269617080688477,-0.4227461814880371,0.5,0.13097107410430908,0.8690289258956909,101.208984375,3522668,
0.5033156871795654,0.43678799271583557,0.43678799271583557,0.43678799271583557,0.9106680750846863,0.5526884198188782,-0.47606414556503296,0.5,0.09556668996810913,0.9044333100318909,106.9990234375,3724254,
0.5232356190681458,0.43375805020332336,0.43375805020332336,0.43375805020332336,0.8843891024589539,0.5916351079940796,-0.5094841122627258,0.5,0.09837216138839722,0.9016278386116028,110.97265625,3862600,
0.48221510648727417,0.3749846816062927,0.3749846816062927,0.3749846816062927,0.9405224323272705,0.5127098560333252,-0.47395962476730347,0.5,0.15279197692871094,0.8472080230712891,114.75,3994112,
0.4939395785331726,0.4065774977207184,0.4065774977207184,0.4065774977207184,0.8971843123435974,0.5505441427230835,-0.4173867702484131,0.5,0.12353932857513428,0.8764606714248657,104.4072265625,3634018,
0.46770983934402466,0.35008347034454346,0.35008347034454346,0.35008347034454346,0.9186786413192749,0.5091114640235901,-0.38744568824768066,0.5,0.17584866285324097,0.824151337146759,105.216796875,3662204,
0.5068207383155823,0.40494149923324585,0.40494149923324585,0.40494149923324585,0.859939455986023,0.5893679261207581,-0.39151644706726074,0.5,0.12505418062210083,0.8749458193778992,108.0458984375,3760702,
0.05831987410783768,0.05226559191942215,0.05226559191942215,0.05226559191942215,1.1125977039337158,0.052417755126953125,-0.49562546610832214,0.5,0.4516059160232544,0.5483940839767456,121.6083984375,4232894,
0.11189421266317368,0.0863305926322937,0.0863305926322937,0.0863305926322937,1.105726718902588,0.10119517892599106,-0.4895118176937103,0.5,0.4200642704963684,0.5799357295036316,123.4111328125,4295658,
0.05893824249505997,0.04666967689990997,0.04666967689990997,0.04666967689990997,1.1242938041687012,0.052422456443309784,-0.5231060981750488,0.5,0.4567873477935791,0.5432126522064209,128.2685546875,4464774,
0.2264413833618164,0.15998852252960205,0.15998852252960205,0.15998852252960205,1.1069636344909668,0.20456081628799438,-0.5374550819396973,0.5,0.35186249017715454,0.6481375098228455,120.7529296875,4203110,
0.16413424909114838,0.13207189738750458,0.13207189738750458,0.13207189738750458,1.09656822681427,0.14967992901802063,-0.48434582352638245,0.5,0.3777111768722534,0.6222888231277466,124.52734375,4334520,
0.2753768563270569,0.2201579064130783,0.2201579064130783,0.2201579064130783,1.0923893451690674,0.25208672881126404,-0.5345020890235901,0.5,0.2961500883102417,0.7038499116897583,124.1064453125,4319866,
0.17713531851768494,0.11820812523365021,0.11820812523365021,0.11820812523365021,1.1309412717819214,0.15662644803524017,-0.5687609314918518,0.5,0.39054805040359497,0.609451949596405,126.5,4403200,
0.1792306751012802,0.20127607882022858,0.20127607882022858,0.20127607882022858,1.1428769826889038,0.15682411193847656,-0.596320390701294,0.5,0.3136332631111145,0.6863667368888855,138.939453125,4836292,
0.05958721041679382,0.06488943845033646,0.06488943845033646,0.06488943845033646,1.1362144947052002,0.05244362726807594,-0.5504499077796936,0.5,0.4399172067642212,0.5600827932357788,128.7734375,4482352,
0.3413504362106323,0.31219711899757385,0.31219711899757385,0.31219711899757385,1.0178266763687134,0.33537188172340393,-0.4145493805408478,0.5,0.2109285593032837,0.7890714406967163,114.8046875,3996016,
0.29925087094306946,0.27197808027267456,0.27197808027267456,0.27197808027267456,1.0354584455490112,0.28900325298309326,-0.41652554273605347,0.5,0.2481684684753418,0.7518315315246582,112.6865234375,3922270,
0.3370509147644043,0.21938784420490265,0.21938784420490265,0.21938784420490265,1.0091605186462402,0.3339913785457611,-0.3867717683315277,0.5,0.2968631386756897,0.7031368613243103,115.943359375,4035660,
0.20248349010944366,0.16839680075645447,0.16839680075645447,0.16839680075645447,1.0441203117370605,0.1939273476600647,-0.3659382164478302,0.5,0.34407705068588257,0.6559229493141174,119.5322265625,4160610,
0.254232257604599,0.2188846468925476,0.2188846468925476,0.2188846468925476,1.0508261919021606,0.2419355809688568,-0.41929078102111816,0.5,0.2973290681838989,0.7026709318161011,125.6572265625,4373858,
0.15385755896568298,0.12258105725049973,0.12258105725049973,0.12258105725049973,1.0545787811279297,0.14589479565620422,-0.37051695585250854,0.5,0.3864990472793579,0.6135009527206421,115.7431640625,4028690,
0.2460232526063919,0.2020520716905594,0.2020520716905594,0.2020520716905594,1.0230791568756104,0.24047333002090454,-0.3344687521457672,0.5,0.31291478872299194,0.6870852112770081,109.4599609375,3809934,
0.24317993223667145,0.18939651548862457,0.18939651548862457,0.18939651548862457,1.0152771472930908,0.23952074348926544,-0.30682969093322754,0.5,0.3246328830718994,0.6753671169281006,107.306640625,3734964,
0.3330525755882263,0.2932053804397583,0.2932053804397583,0.2932053804397583,1.0008703470230103,0.3327629566192627,-0.35895803570747375,0.5,0.22851353883743286,0.7714864611625671,116.0400390625,4039026,
-0.0012818450341001153,-0.004582986235618591,-0.004582986235618591,-0.004582986235618591,-0.016236603260040283,0.07894785702228546,-0.7786284685134888,0.5,0.5042434930801392,0.49575647711753845,74.0654296875,2577638,
0.0019351819064468145,0.0197877399623394,0.0197877399623394,0.0197877399623394,0.009257040917873383,0.20904973149299622,-0.7767565846443176,0.5,0.4816780090332031,0.5183219909667969,70.818359375,2464588,
-0.018204668536782265,-0.05741032212972641,-0.05741032212972641,-0.05741032212972641,-0.08743713051080704,0.20820294320583344,-0.7417162656784058,0.5,0.5531576871871948,0.4468422830104828,69.134765625,2405972,
-0.005531081464141607,-0.012214066460728645,-0.012214066460728645,-0.012214066460728645,-0.015135284513235092,0.36544284224510193,-0.7406924962997437,0.5,0.5113093256950378,0.48869067430496216,71.970703125,2504708,
0.012945170514285564,0.014311615377664566,0.014311615377664566,0.014311615377664566,0.03823813050985336,0.3385408818721771,-0.7653027772903442,0.5,0.48674851655960083,0.5132514834403992,77.72265625,2704968,
-0.011132839135825634,-0.012990893796086311,-0.012990893796086311,-0.012990893796086311,-0.025164538994431496,0.4424018859863281,-0.7167977094650269,0.5,0.5120285749435425,0.48797139525413513,71.009765625,2471252,
-0.040657080709934235,-0.03641956299543381,-0.03641956299543381,-0.03641956299543381,-0.11152956634759903,0.36454084515571594,-0.7049188613891602,0.5,0.5337218046188354,0.46627816557884216,68.365234375,2379180,
-0.08516453951597214,-0.08522560447454453,-0.08522560447454453,-0.08522560447454453,-0.1737043261528015,0.4902845025062561,-0.6435086131095886,0.5,0.578912615776062,0.4210874140262604,69.9609375,2434736,
-0.052098359912633896,-0.08986647427082062,-0.08986647427082062,-0.08986647427082062,-0.15472854673862457,0.336708128452301,-0.6940100789070129,0.5,0.5832096934318542,0.41679030656814575,71.5498046875,2490054,
-0.02474355697631836,-0.05893334373831749,-0.05893334373831749,-0.05893334373831749,-0.03601912781596184,0.6869560480117798,-0.6051955223083496,0.5,0.5545679330825806,0.4454320967197418,69.544921875,2420252,
0.009610999375581741,-0.008086791262030602,-0.008086791262030602,-0.008086791262030602,0.014490311034023762,0.6632707715034485,-0.637529730796814,0.5,0.5074877738952637,0.49251222610473633,80.6982421875,2808566,
0.02338050864636898,0.0130954310297966,0.0130954310297966,0.0130954310297966,0.028305331245064735,0.8260107636451721,-0.5125861167907715,0.5,0.4878745675086975,0.5121254324913025,74.037109375,2576652,
0.10483698546886444,0.05934057757258415,0.05934057757258415,0.05934057757258415,0.1326667219400406,0.7902281880378723,-0.5785461664199829,0.5,0.4450550079345703,0.5549449920654297,78.1806640625,2720914,
0.042189598083496094,0.007189309224486351,0.007189309224486351,0.007189309224486351,0.06606905907392502,0.6385681629180908,-0.6686325073242188,0.5,0.4933432340621948,0.5066567659378052,80.763671875,2810844,
0.1432669758796692,0.10977622121572495,0.10977622121572495,0.10977622121572495,0.1867300271987915,0.7672412395477295,-0.6129029989242554,0.5,0.3983553647994995,0.6016446352005005,75.921875,2642272,
0.1477200984954834,0.11356952041387558,0.11356952041387558,0.11356952041387558,0.16204869747161865,0.9115784764289856,-0.41106778383255005,0.5,0.39484304189682007,0.6051569581031799,71.484375,2487776,
0.2140273004770279,0.1719597578048706,0.1719597578048706,0.1719597578048706,0.22971253097057343,0.9317179918289185,-0.3461598753929138,0.5,0.3407779932022095,0.6592220067977905,79.5830078125,2769738,
0.10004738718271255,0.07413440942764282,0.07413440942764282,0.07413440942764282,0.10821546614170074,0.9245202541351318,-0.37945082783699036,0.5,0.4313570261001587,0.5686429738998413,74.1611328125,2580970,
-0.09494844079017639,-0.09537383913993835,-0.09537383913993835,-0.09537383913993835,-0.13985902070999146,0.6788867712020874,-0.5691860914230347,0.5,0.588309109210968,0.411690890789032,63.4677734375,2208670,
-0.1041162759065628,-0.15926413238048553,-0.15926413238048553,-0.15926413238048553,-0.13713790476322174,0.759208619594574,-0.5131015777587891,0.5,0.647466778755188,0.3525331914424896,63.1513671875,2197654,
-0.1212451308965683,-0.1344132274389267,-0.1344132274389267,-0.1344132274389267,-0.18544639647006989,0.6538015007972717,-0.5643940567970276,0.5,0.6244567036628723,0.3755432963371277,65.8662109375,2292174,
-0.1890956163406372,-0.1763126254081726,-0.1763126254081726,-0.1763126254081726,-0.2202318161725998,0.8586207628250122,-0.3686783015727997,0.5,0.6632524132728577,0.33674758672714233,68.287109375,2376460,
-0.1082417368888855,-0.08189897239208221,-0.08189897239208221,-0.08189897239208221,-0.13011567294597626,0.8318885564804077,-0.4465293288230896,0.5,0.5758323669433594,0.42416760325431824,68.0146484375,2366974,
-0.18979816138744354,-0.1529344767332077,-0.1529344767332077,-0.1529344767332077,-0.20757052302360535,0.9143791794776917,-0.28420108556747437,0.5,0.6416059732437134,0.35839399695396423,68.1943359375,2373230,
-0.21258120238780975,-0.18546386063098907,-0.18546386063098907,-0.18546386063098907,-0.276950865983963,0.7675772905349731,-0.4375356435775757,0.5,0.6717257499694824,0.3282742202281952,64.236328125,2235428,
-0.2419702410697937,-0.24558542668819427,-0.24558542668819427,-0.24558542668819427,-0.32653114199638367,0.7410326600074768,-0.4325241446495056,0.5,0.7273939251899719,0.2726060748100281,65.0205078125,2262730,
-0.14498156309127808,-0.12492385506629944,-0.12492385506629944,-0.12492385506629944,-0.2309683859348297,0.6277117133140564,-0.5582103729248047,0.5,0.6156702041625977,0.38432976603507996,71.6748046875,2494406,
